seed,day,shift_id,random_seed,event,under_steps,over_steps,pf_fail,minimum_voltage_pu,maximum_voltage_pu,line_loss_mwh,load_multiplier,pv_multiplier,mean_r_multiplier,mean_x_multiplier,topology_reconfiguration,observation_delay_steps
42,4,0,2026096037,0,0,0,0,0.9562960269185871,1.000102848012738,1.3249172618953584,0.9949334932774142,0.9937959184534741,1.0021017550347773,0.9994884270672304,none,0
42,4,1,2026096038,0,0,0,0,0.9575472342710366,1.0002738028798919,1.2764394356295183,0.9841835967575754,1.0047182342075218,0.9995045769055387,0.9951229312104793,none,0
42,4,2,2026096039,0,0,0,0,0.95745292013523,1.0001729175805678,1.3071529108783,0.998559773826619,0.9954897380440968,1.0039239343224682,1.003366481728321,none,0
42,4,3,2026096040,0,0,0,0,0.9572077516733802,1.0001458270036583,1.311650696558065,0.9997965580469068,1.0047767465714135,1.0045050013028045,1.0024633798803761,none,0
42,4,4,2026096041,0,0,0,0,0.9570953389901031,1.0000652933641827,1.302794082233052,0.9905184188730606,0.9792354004101249,0.9993286767866212,1.0019242281844574,none,0
42,4,5,2026096042,0,0,0,0,0.9565639701292449,1.0001600101491457,1.3422840877010043,1.0087581050721601,1.006117200337815,1.0023483589403355,1.00780270495947,none,0
42,4,6,2026096043,0,0,0,0,0.9570975514509212,1.0001405151037905,1.3460427454630322,1.0230372235899923,1.0144376305464975,0.9977172530047351,0.9958278895010545,none,0
42,4,7,2026096044,0,0,0,0,0.9576866970948095,1.0001713720697867,1.2664402481735313,0.9910002047614085,0.9898261186748011,0.9973177350877962,1.000278153286591,none,0
42,4,8,2026096045,0,0,0,0,0.9572722330650715,1.0001400013729593,1.3091849491064518,1.00374556676061,0.9960479660217065,0.9990578256211186,1.000083801620917,none,0
42,4,9,2026096046,0,0,0,0,0.9571862301921268,1.0002267328537051,1.2842086867132634,0.9890374721045437,1.003863117141908,1.0026112040501032,0.9953662471075861,none,0
42,4,10,2026096047,0,0,0,0,0.9581871486322978,1.000152734707792,1.2583680150073457,0.9856910507957737,0.9943451744215983,1.0003087501196457,0.9977994536435951,none,0
42,4,11,2026096048,0,0,0,0,0.9565126047311924,1.0001434477030522,1.3529816088513427,1.0174137133660737,1.0085588372081267,1.002269828648215,0.9961738591715614,none,0
42,4,12,2026096049,0,0,0,0,0.9577275816608344,1.0002131137187116,1.270587531406418,0.9892919069527367,1.004382969352164,0.9963077010415112,0.9969373957291383,none,0
42,4,13,2026096050,0,0,0,0,0.956837585977761,1.000137705558903,1.297344317339238,0.9968244666687568,0.992027187578121,1.004521459275118,0.9995182649042015,none,0
42,4,14,2026096051,0,0,0,0,0.9571987612535322,1.0000869136111437,1.3127679852453145,1.0016731648758024,0.9940531433424814,0.9998962908282244,1.0055911670953877,none,0
42,4,15,2026096052,0,0,0,0,0.9580656088028123,1.0001698338946836,1.2395436096269363,0.9772276369999089,0.9810526780602776,1.0031576495060879,0.9938556746855786,none,0
42,4,16,2026096053,0,0,0,0,0.9580305382566482,1.0002045997569946,1.237546790450017,0.9810500226828371,0.9929704160898605,0.9955632271136982,1.0039829576616137,none,0
42,4,17,2026096054,0,0,0,0,0.9567072218564127,1.0000092317843632,1.3472093127939446,1.0158284047244757,0.9901794053865872,1.0047976038697901,0.9981775759769949,none,0
42,4,18,2026096055,0,0,0,0,0.9563019582697943,1.0001484074172855,1.3379563797700549,1.0065925796630124,0.9892512533782515,1.00143003689761,0.9974087190824394,none,0
42,4,19,2026096056,0,0,0,0,0.9570337843970709,1.0001096630741166,1.3127170633276235,1.0023677744649768,1.0050060441016562,0.99542622547546,0.9955017091472979,none,0
42,38,0,2026130343,0,0,0,0,0.9531078969769772,1.0,2.1492440167079847,1.0025192669764553,0.9891965277169232,0.9999738693781739,0.9959412473610283,none,0
42,38,1,2026130344,0,0,0,0,0.9526219771829627,1.0001236872782093,2.199929062847271,1.0072503436306344,0.9946396838841727,0.9998217162036335,0.9994805298156437,none,0
42,38,2,2026130345,0,0,0,0,0.9528220979682206,1.0001344183326601,2.184920671040694,1.0088072276765003,0.9991220872653337,0.9980831607054752,1.0022261049627648,none,0
42,38,3,2026130346,0,0,0,0,0.9530847309634841,1.0001474105388537,2.175877284881924,1.0087015030463469,1.006779786075706,1.0014380501723663,1.0086198148905217,none,0
42,38,4,2026130347,0,0,0,0,0.9532227989003098,1.0002352632561056,2.0792171215565123,0.9903567557934094,1.0069450765493868,0.9961498837410748,1.0031182797910563,none,0
42,38,5,2026130348,0,0,0,0,0.9532462308658057,1.0002057431414058,2.122472870116568,0.9980110660430448,1.0110151464806227,1.0067775628053741,0.9948237546759415,none,0
42,38,6,2026130349,0,0,0,0,0.9529199157350922,1.0002294841484585,2.1267189958687083,0.9980810257083025,1.0054079660880824,0.99632474157436,1.0006305772879975,none,0
42,38,7,2026130350,0,0,0,0,0.951871519741953,1.0001764596695162,2.2153095909854894,1.0050797036130485,1.0030455540892964,1.0074717001664026,1.007455467214329,none,0
42,38,8,2026130351,0,0,0,0,0.9529159191636807,1.0001008639998712,2.1643283807081284,1.0040097201628224,0.9994188022134971,1.0074836802111216,1.004032208003932,none,0
42,38,9,2026130352,0,0,0,0,0.9527095644068779,1.000107227624619,2.1851465667418983,1.0048668709616964,0.9930177789435821,1.0041629707412845,0.9983753333848102,none,0
42,38,10,2026130353,0,0,0,0,0.9527052460642175,1.0000461382864299,2.160087196365142,1.0016293671366001,0.9851666175021929,0.9971712430575945,1.0005983610805853,none,0
42,38,11,2026130354,0,0,0,0,0.952584327802395,1.0001373590807867,2.1794917196253665,1.0033921111843742,1.0029722425832777,1.002443245545134,1.00673184511371,none,0
42,38,12,2026130355,0,0,0,0,0.9533452819930284,1.0001701321814553,2.0291189356552226,0.9829824713647901,0.9965941199203763,1.0003742569465242,0.9998197920431406,none,0
42,38,13,2026130356,0,0,0,0,0.9531020097941376,1.0001696647561589,2.17760443812576,1.0086668784179529,1.0081315868529122,1.0006712974966483,0.9981604577453137,none,0
42,38,14,2026130357,0,0,0,0,0.9527000560193982,1.0002584133251056,2.1425598105177652,0.997761959676503,1.00505624660594,1.0055236837613304,1.0005157096505208,none,0
42,38,15,2026130358,0,0,0,0,0.9532765002641866,1.0002837737074504,2.0736047807090903,0.9886908281362123,1.0104725539041557,1.000245904355232,1.000864285473839,none,0
42,38,16,2026130359,0,0,0,0,0.9523710694217197,1.000107544713548,2.27292328335988,1.0192716502672028,1.0017581248046652,1.0034368142976249,1.0050114475007021,none,0
42,38,17,2026130360,0,0,0,0,0.9524197570468997,1.0,2.186696052300731,1.0058387204402892,0.9870933912826617,1.0020518507427265,0.9990208914178572,none,0
42,38,18,2026130361,0,0,0,0,0.9536037802766507,1.0002068962871762,2.1455801668884367,1.0071088118268778,1.0072782394415263,0.997406343526324,1.0095564486182134,none,0
42,38,19,2026130362,0,0,0,0,0.95256981049422,1.000169875956083,2.0338456154760522,0.9741026549823002,0.9995519228889359,0.9991538102185071,1.0015308120680235,none,0
42,77,0,2026169694,0,0,0,0,0.952387652059935,1.0044969651503448,2.0056713477296433,0.9918513043092092,0.9975085905595463,1.0061324222958963,0.9999834885754803,none,0
42,77,1,2026169695,0,0,0,0,0.9535434469999716,1.0046591643229015,2.0151929665538937,1.0022424520056772,1.0100530301908197,0.9953631594507282,1.0037572072110637,none,0
42,77,2,2026169696,0,0,0,0,0.9523918484253016,1.0044629965528649,2.0786930975788,1.0049161909250188,0.99585837919549,1.0041090274464164,0.9994406039193374,none,0
42,77,3,2026169697,0,0,0,0,0.9524343640048109,1.0046150087606147,2.0624703229870076,1.0037236629885218,0.9967870939126308,0.9965010922301524,1.0020191852007563,none,0
42,77,4,2026169698,0,0,0,0,0.9529032835047371,1.0043256617304346,2.1402518493946894,1.0181712753224392,0.9826814394200273,0.9994550750029179,0.9964337500514322,none,0
42,77,5,2026169699,0,0,0,0,0.9531661040490031,1.0046009109470997,2.0927933784430586,1.0115540995923016,1.0044185519005042,1.0001610329689528,0.9982346366791669,none,0
42,77,6,2026169700,0,0,0,0,0.9529523887086322,1.0044019604261087,2.10987793777733,1.0110174197032236,0.9867755604177152,1.0001140597652167,0.9961692878271056,none,0
42,77,7,2026169701,0,0,0,0,0.9534013817480786,1.0043177818126423,2.092343998800381,1.0125529281774506,0.995127611133535,0.9943579137262959,0.9990541109412421,none,0
42,77,8,2026169702,0,0,0,0,0.9529536110860347,1.0046444930654603,1.9295549701497274,0.983827114168391,0.9997330038673687,0.9890955010057085,0.9961791049143506,none,0
42,77,9,2026169703,0,0,0,0,0.9524558344771857,1.0045761503392021,2.010727459573041,0.9933283375836139,1.0083284623882505,0.9974314360259849,0.9999459227761462,none,0
42,77,10,2026169704,0,0,0,0,0.9526018124354386,1.004645688380064,1.9836730271487584,0.987681033857765,1.0137513583706768,1.0086877309517945,0.998894148352323,none,0
42,77,11,2026169705,0,0,0,0,0.9535148956201942,1.004562061034145,2.045693388752942,1.0066285895256426,1.00425197004286,0.9919910524065056,0.9958299337826204,none,0
42,77,12,2026169706,0,0,0,0,0.9528845230227202,1.0046089143840629,1.8938817930328218,0.9734168139760015,1.000855475201499,1.001936176717716,1.0033850726488647,none,0
42,77,13,2026169707,0,0,0,0,0.9524349071166209,1.0046415424281159,2.0218862186016966,0.9934794987392882,1.007444148337517,1.0021070192885453,1.002506434261832,none,0
42,77,14,2026169708,0,0,0,0,0.9522791987039504,1.004651687246217,2.046543318638313,0.9970115549438515,0.9977268075325937,1.0113632667499917,1.0045896199400606,none,0
42,77,15,2026169709,0,0,0,0,0.952912111715025,1.0044176909413607,1.9970214033528868,0.9933841378148237,0.987457760791794,0.9951274474774208,0.9977819899643826,none,0
42,77,16,2026169710,0,0,0,0,0.9528186355205226,1.0044992905072414,2.0849833463903438,1.0103115235464317,1.0060756746714044,0.9899564787239172,1.0013753136405124,none,0
42,77,17,2026169711,0,0,0,0,0.9518013720395984,1.004142785687243,2.2111625499577614,1.0212296282215765,0.9833186076582496,0.9961092098015977,0.9973969752649678,none,0
42,77,18,2026169712,0,0,0,0,0.9533928602871813,1.0043267767548258,2.0217768492653767,1.0009531976377362,0.9816160566658457,0.9929621399596418,0.9970317462076437,none,0
42,77,19,2026169713,0,0,0,0,0.9529154320293262,1.0045433122408578,2.0613721832913594,1.006178577494889,1.0112726842944626,0.9965728381639178,1.0029620044592429,none,0
42,85,0,2026177766,0,0,0,0,0.9530014415224557,1.0,2.001732728079373,1.0011885486107677,0.9911353908346008,0.9991151559819595,1.007357723195332,none,0
42,85,1,2026177767,0,0,0,0,0.9541875235984287,1.0,1.9040146496943788,0.9889739896369711,1.0089658896646436,0.995395526857543,1.0004348988407195,none,0
42,85,2,2026177768,0,0,0,0,0.9535322012559442,1.0,1.975369575645205,1.0019754158539569,1.013231919535885,0.9900786083270755,1.0037163530208242,none,0
42,85,3,2026177769,0,0,0,0,0.9527348964208936,1.0,2.002969825388994,0.9991436114707039,0.9955917629568275,1.0005893404681374,0.9946144848669697,none,0
42,85,4,2026177770,0,0,0,0,0.9533830863848307,1.0,1.9706454057247245,0.9947519689316657,1.0013301587413763,1.0033014886868863,0.993029701314214,none,0
42,85,5,2026177771,0,0,0,0,0.953212091266031,1.0,1.9941257806129074,1.0026131274652095,1.0018558795899146,0.9980788842511996,0.993850025846805,none,0
42,85,6,2026177772,0,0,0,0,0.9526191319655855,1.0,2.0287965496484643,1.001944487780112,0.9972555557710538,1.0083956211010805,1.0011359713759398,none,0
42,85,7,2026177773,0,0,0,0,0.9532050178949586,1.0,2.019715359823738,1.0090103376209398,0.9985439959767654,1.0048885987268712,0.9950103419427563,none,0
42,85,8,2026177774,0,0,0,0,0.9533619722961161,1.0,1.9055556932538065,0.9867872745253937,1.0080562749312034,0.9977842499982341,0.9965778863053582,none,0
42,85,9,2026177775,0,0,0,0,0.9531109900892776,1.0,2.0108889887814834,1.0066322247062716,0.9945219659705841,0.9962013882975527,1.0018198964886915,none,0
42,85,10,2026177776,0,0,0,0,0.9533901467542424,1.0,1.9550464633582638,0.9932487109527027,0.9867464497808894,1.006467481390275,0.9954406478327334,none,0
42,85,11,2026177777,0,0,0,0,0.9535699822097439,1.0,1.9258150163898993,0.9888442568859448,1.0179837892112593,1.0011938559404392,1.005575666457603,none,0
42,85,12,2026177778,0,0,0,0,0.9527073012309366,1.0,2.01580301278654,1.003384554048269,1.019380888883551,1.0019432150488874,1.001973609668479,none,0
42,85,13,2026177779,0,0,0,0,0.9530280861676341,1.0,1.9844411698292068,0.999884602133431,1.0062888313624394,1.002934279766079,0.9920239492006855,none,0
42,85,14,2026177780,0,0,0,0,0.9527843635796642,1.0,2.0497985009936976,1.0086515074200744,1.0077632414190638,1.000548183607851,0.9955923613268081,none,0
42,85,15,2026177781,0,0,0,0,0.9528600806648257,1.0,2.00272016033134,1.001458572072161,1.0121425293492277,1.0006266367245407,1.0013711613803085,none,0
42,85,16,2026177782,0,0,0,0,0.9531581049725393,1.0,1.974667777261567,0.9989121480277786,0.9850214258628743,0.9938564128828266,0.9938297561472693,none,0
42,85,17,2026177783,0,0,0,0,0.9531134356707827,1.0,1.9697924920296097,0.9965439365857909,1.0060635999858865,0.9999439805884147,1.00101947658589,none,0
42,85,18,2026177784,0,0,0,0,0.9529181498922215,1.0,1.9745763350006886,0.9985411800044783,0.9924968855823532,0.9955250990666993,0.9939494720157283,none,0
42,85,19,2026177785,0,0,0,0,0.9533270847224098,1.0,2.0881356752818765,1.0232768795267677,0.9873030409014483,0.9957661303316061,0.9959821466540688,none,0
42,105,0,2026197946,0,0,0,0,0.9568248523748093,1.0145990362355324,1.3451958128545263,0.9987193247569052,0.9918624803794782,0.9971441707860675,1.001508418555628,none,0
42,105,1,2026197947,0,0,0,0,0.9554064787141301,1.0139323357471512,1.4146293653207411,1.0083306307999307,1.004643725094967,1.0015824822379786,1.000240696212339,none,0
42,105,2,2026197948,0,0,0,0,0.9560412738880024,1.0134109408609344,1.4071220610924882,1.0172123107610467,0.9914582574538526,1.0016074775168404,1.0031025900356874,none,0
42,105,3,2026197949,0,0,0,0,0.9564606052907302,1.0140862112544347,1.3460423380262145,0.9912470914037864,0.9909565773745391,0.991916640642228,0.9985669933285454,none,0
42,105,4,2026197950,0,0,0,0,0.9565851031067205,1.0150577401396195,1.3622710617791405,0.9995944673513428,1.0019171750044669,1.0033631057910775,1.008038663780456,none,0
42,105,5,2026197951,0,0,0,0,0.9562963074989836,1.0136541795252372,1.3533175434967364,0.9922449604897775,0.986982992871178,0.9964187855967218,1.0052958072961864,none,0
42,105,6,2026197952,0,0,0,0,0.9559988116346891,1.0136207803213304,1.3996637872986482,1.0129400330815488,0.998441926108721,0.9972901782707708,1.0084839848750693,none,0
42,105,7,2026197953,0,0,0,0,0.9562480774850087,1.0141484675686374,1.3626292160916575,0.997543712920736,0.9955021410828929,0.9981249637434578,0.9992940157570324,none,0
42,105,8,2026197954,0,0,0,0,0.9564745168069706,1.0147395223797482,1.3809043787285487,1.012683944782376,1.0064918109808203,0.9937902118636378,0.9987087863348221,none,0
42,105,9,2026197955,0,0,0,0,0.9566422880740335,1.0140761625094632,1.3206747133638315,0.9792959764744217,0.9796595290485038,1.0033666371558059,0.9983213630357458,none,0
42,105,10,2026197956,0,0,0,0,0.955862100997317,1.014554372417233,1.3965606520640537,1.0060812123742076,1.0126238849894362,0.9933188341337743,0.9971852949912096,none,0
42,105,11,2026197957,0,0,0,0,0.9562879835332492,1.014654760697621,1.3720910436530105,1.0003868479743507,1.002144224837521,0.9974471238476679,0.9967463470325705,none,0
42,105,12,2026197958,0,0,0,0,0.9557883433195794,1.0133400080254067,1.413442523797759,1.0124251836342422,0.9917719321369316,1.001341999343834,1.0039354691089735,none,0
42,105,13,2026197959,0,0,0,0,0.9561045858054811,1.0136144031589636,1.3970017796614624,1.0078428299160997,0.9968271378963294,0.9997305696196995,1.0017214745432341,none,0
42,105,14,2026197960,0,0,0,0,0.9561495259982584,1.0144535673366262,1.3571002644986592,0.9931385796058475,1.0073015948802428,1.000335507829563,1.0053459428655216,none,0
42,105,15,2026197961,0,0,0,0,0.9560346776552263,1.0142466021576235,1.354071585882781,0.9887507252665305,0.9918209592663331,1.0076568016300262,1.0009305361058605,none,0
42,105,16,2026197962,0,0,0,0,0.9559318903398557,1.0139264857223202,1.3874300649551425,1.0052083781943022,0.9977351422106101,1.004952597235024,1.0059429139715739,none,0
42,105,17,2026197963,0,0,0,0,0.9566177217060948,1.0156022362902777,1.3513893278365914,0.9949105785810525,1.0099136987116772,0.9979117459050694,0.9957625874713498,none,0
42,105,18,2026197964,0,0,0,0,0.9554164451580935,1.0135648546910978,1.4057172047650528,1.0080228422348767,0.9869118474475088,1.0041835087107622,0.9995411149852143,none,0
42,105,19,2026197965,0,0,0,0,0.9564475207580294,1.0145009299468932,1.371560616104078,1.0005801684081286,0.9987494987383064,0.9949485478895468,0.9991267569114378,none,0
42,133,0,2026226198,0,0,0,0,0.9558922521007268,1.0086789319427096,1.4742285325679492,1.0154614331806668,1.0010902445050018,0.9938006814278242,1.0001390686036598,none,0
42,133,1,2026226199,0,0,0,0,0.9570001036899745,1.0086023892790172,1.4040760596636515,0.9912674605213366,0.9899527013158325,0.9999087612795684,1.002959518264353,none,0
42,133,2,2026226200,0,0,0,0,0.957176890579248,1.0090263516811553,1.3987174239910387,0.9931077976721819,0.9990004778400098,0.9952375034910425,1.0023032282498847,none,0
42,133,3,2026226201,0,0,0,0,0.9572016684561352,1.0083835628834552,1.3982481360164591,0.9948285789642358,0.9702337273467541,1.0023237532288234,1.0054766689164691,none,0
42,133,4,2026226202,0,0,0,0,0.9571521325198453,1.0087751253438575,1.434378895425959,1.010186113800767,1.0008383551345614,0.9973781556579634,1.0052615774763236,none,0
42,133,5,2026226203,0,0,0,0,0.9567675439722175,1.0089675193723129,1.4413737920078764,1.0105151394078207,1.0047407488099416,1.0024773341041113,0.9990000150846836,none,0
42,133,6,2026226204,0,0,0,0,0.9564973292758248,1.0087402171610804,1.477728291730198,1.0216079198310557,0.9981331991732568,0.9965706724829294,0.9975710250082851,none,0
42,133,7,2026226205,0,0,0,0,0.955813707966315,1.0087526980965233,1.4655099774535838,1.0078713324357,1.004088019590231,1.0060905343509112,1.0018855946947676,none,0
42,133,8,2026226206,0,0,0,0,0.9562730819699036,1.0085515300560457,1.4472410415299655,1.0053863025990644,0.989410661948056,0.996984425765024,1.0080737449161041,none,0
42,133,9,2026226207,0,0,0,0,0.9575299798430508,1.0090117907378726,1.3885534598134877,0.9925925297858395,1.0043684561108104,0.9965009127316385,0.9997017319674281,none,0
42,133,10,2026226208,0,0,0,0,0.9564688243031315,1.0085182992193116,1.4293167200213355,0.9987067123268933,0.9790547657970976,0.9917349075843879,1.0012846298012044,none,0
42,133,11,2026226209,0,0,0,0,0.955989066422494,1.0086272678137758,1.459628626411548,1.006819959853906,1.0057317670652284,0.9974002680522976,1.007406458881713,none,0
42,133,12,2026226210,0,0,0,0,0.9566773618194443,1.009066561191243,1.3991346137171479,0.9870199207607098,1.006893135919117,1.0035178017419617,0.9925282265792656,none,0
42,133,13,2026226211,0,0,0,0,0.9569795124995046,1.0089301250218619,1.4316683411711568,1.0060941595836503,1.0081028996809376,0.9958911767308667,1.0004878511367694,none,0
42,133,14,2026226212,0,0,0,0,0.9567216536687834,1.0088992922407272,1.4226106615728706,0.9950918044115044,0.9981952450769495,1.0032257348073954,1.0040456556359396,none,0
42,133,15,2026226213,0,0,0,0,0.9576979942380549,1.0089715550344958,1.373708012704754,0.9861850686350878,0.9999870059936744,0.9979475196815941,0.9950738608767377,none,0
42,133,16,2026226214,0,0,0,0,0.956937410068225,1.0089139378086671,1.3968188339088907,0.9917768806153529,0.9892272819824771,0.9968322626975813,1.000843230593747,none,0
42,133,17,2026226215,0,0,0,0,0.9566982929814389,1.0091701594879028,1.423464933079556,0.9997777495169226,1.0147896099807374,1.002590284079,0.9940592271672465,none,0
42,133,18,2026226216,0,0,0,0,0.9572035350067513,1.0090248578313255,1.4369529271057335,1.012768786108542,1.012682406477932,0.9881973969843664,1.000949268248572,none,0
42,133,19,2026226217,0,0,0,0,0.9566289902607216,1.0088433163851933,1.4339494172483882,1.0016050924232032,0.9965384303421998,1.0021725577350795,1.0081837186524203,none,0
42,137,0,2026230234,0,0,0,0,0.9641598139252172,1.0147058841267906,0.9381950865501248,1.0033193378007081,0.9940696756150882,1.0036501826330506,1.007355524225103,none,0
42,137,1,2026230235,0,0,0,0,0.9645662441253101,1.015397318525548,0.9224000166011652,0.9986577552090934,0.9992247180594104,1.004595681949865,0.996965175515459,none,0
42,137,2,2026230236,0,0,0,0,0.964250466526018,1.0158625313219143,0.9402969421807962,1.0016557278409592,1.0172668907886449,1.0004757706244602,1.0032313067000398,none,0
42,137,3,2026230237,0,0,0,0,0.9647135220897803,1.015986668571088,0.913315914320333,0.9883938297526238,1.012843084779607,1.0011479252877529,0.9987763423387135,none,0
42,137,4,2026230238,0,0,0,0,0.964051257888783,1.0156388697143182,0.9455253500341998,1.0033105110890168,1.0089393401045046,1.003043397762278,1.0091010891645469,none,0
42,137,5,2026230239,0,0,0,0,0.9646079599705503,1.0164603407275135,0.9148915855199533,0.9911338286361905,1.01202477810304,1.0092033844996426,1.000676257077746,none,0
42,137,6,2026230240,0,0,0,0,0.9644013295620344,1.01593231698973,0.915879758093638,0.9931021497070541,1.00878477655054,0.9961768708723074,0.9916524645454217,none,0
42,137,7,2026230241,0,0,0,0,0.964519038560782,1.0154688645368284,0.9278362187517102,1.001191107320142,1.0038860226196995,0.9970569535486581,0.9970460045319443,none,0
42,137,8,2026230242,0,0,0,0,0.9651126701306616,1.0162150955323586,0.9043645500375848,0.9903093513709719,0.9998317785369786,1.0033064048832308,0.9968971513895349,none,0
42,137,9,2026230243,0,0,0,0,0.9641554029338225,1.0155468380886339,0.9329308069389035,0.999342680162178,1.0106944032008895,0.9935139799555802,1.0016134131595564,none,0
42,137,10,2026230244,0,0,0,0,0.9644555860557065,1.0156569308328085,0.9291815840502785,1.0008865466620658,1.0140960734000455,0.9995274225576081,1.0017722920157048,none,0
42,137,11,2026230245,0,0,0,0,0.9642928867747071,1.0154474849593713,0.9391964684409537,1.000568606469088,1.0064500221489183,1.004209794802393,0.9984267487113495,none,0
42,137,12,2026230246,0,0,0,0,0.9644185814795966,1.0154639817790119,0.9255019333821622,1.0014170936605522,1.0026966162466624,0.9956565138052943,0.9995179928452681,none,0
42,137,13,2026230247,0,0,0,0,0.9643341437324786,1.0148306026096552,0.9260953722626137,0.9950177228934467,0.9851423242792331,1.0019423971199268,0.9955791365000424,none,0
42,137,14,2026230248,0,0,0,0,0.9641019936060709,1.0154907829585345,0.9350252580254446,0.9967074900706855,1.0038676064195682,1.0071692718285863,1.0057682910301113,none,0
42,137,15,2026230249,0,0,0,0,0.9650649622126598,1.0148286561695705,0.8955396090822803,0.9838511868611226,0.9791076503534331,1.0042172465333368,0.9977862575370369,none,0
42,137,16,2026230250,0,0,0,0,0.9647351510612105,1.0152287009479617,0.9128784528425617,0.9916432660345116,0.9907322460181828,1.0019083506658013,0.9974801735059498,none,0
42,137,17,2026230251,0,0,0,0,0.9642162311706344,1.0139456545004686,0.9284663663671845,1.0034456900545226,0.9762073522977683,0.9963472523509415,0.9984731904505411,none,0
42,137,18,2026230252,0,0,0,0,0.964303581597104,1.0150660447975743,0.9302631855331615,1.0011083956433822,0.995624527105708,0.9977245433534939,0.9984944553564603,none,0
42,137,19,2026230253,0,0,0,0,0.9643399350841784,1.0149800657981398,0.9316640809555163,0.9978436947869558,0.9966955751783272,0.9989376206821645,1.0015601571660209,none,0
42,147,0,2026240324,0,0,0,0,0.9564478890950091,1.0105288621792767,1.4785535167760666,0.9998058598479211,1.000465688109922,0.9985325407824577,0.9987153026265674,none,0
42,147,1,2026240325,0,0,0,0,0.9565092699209808,1.010333743623795,1.4532070990449164,0.9967320851115516,0.9927373432483773,1.0012030020475131,1.0011421792933142,none,0
42,147,2,2026240326,0,0,0,0,0.9560948084646816,1.010119131060918,1.513813071442477,1.0154441490061223,0.998000085507999,0.9993237218547585,1.0042283189262429,none,0
42,147,3,2026240327,0,0,0,0,0.957137892791984,1.010480780105425,1.4247715527600122,0.9907410526225688,0.9914279402361145,1.001402599712728,1.0057501967593843,none,0
42,147,4,2026240328,0,0,0,0,0.9569686792560466,1.010091658752557,1.455877478288923,1.0014890688104983,0.9857593612255496,0.9942616536737958,1.000654526257325,none,0
42,147,5,2026240329,0,0,0,0,0.9569653806644058,1.010856478745932,1.4327631758124422,0.9895114664533576,1.009067447340115,1.0029941832349687,1.0042107259148458,none,0
42,147,6,2026240330,0,0,0,0,0.9571566261278802,1.0105204031617443,1.4390644922167337,1.0020187399800846,0.9991716520915537,0.9957799907490497,0.9995398537055346,none,0
42,147,7,2026240331,0,0,0,0,0.9570626574230137,1.0104848423731265,1.4387177370764233,1.000652157259598,0.9980813794141363,0.9928761760076602,0.9970252366119621,none,0
42,147,8,2026240332,0,0,0,0,0.9573980885140148,1.0106040707181,1.4423299230704612,0.9942551378521814,0.9945158560007058,0.9963986748448999,0.9984696922776558,none,0
42,147,9,2026240333,0,0,0,0,0.9566460844014226,1.0107273685204914,1.4367589676052714,0.9894954422563441,0.9961122881001796,0.9984716821924311,0.999023533520005,none,0
42,147,10,2026240334,0,0,0,0,0.9566350615237057,1.0106387466569597,1.4812561776973452,1.009870716495416,1.0048383060854271,0.9936199341755991,0.9967047143697199,none,0
42,147,11,2026240335,0,0,0,0,0.9577352396503735,1.0113611733547139,1.37673545149967,0.9749221919919311,1.006122770430443,0.996587561501956,0.9965680160519846,none,0
42,147,12,2026240336,0,0,0,0,0.9559237324332923,1.010539128498207,1.5186023893781126,1.0226600766816187,1.0105927130162513,0.9985655026199562,1.0039860291212896,none,0
42,147,13,2026240337,0,0,0,0,0.9571390872653516,1.0105173274634438,1.4036227303089273,0.9818609838569845,0.9841009050578812,1.0016244282058067,1.0024345902081127,none,0
42,147,14,2026240338,0,0,0,0,0.9566194245468375,1.010284481410578,1.471234845722467,1.0025321117626727,0.9939903083368113,0.9952295259781058,0.9977936579129042,none,0
42,147,15,2026240339,0,0,0,0,0.9563523820085316,1.0105831360538011,1.4867442899242729,1.0076142293807213,1.0087152191774338,0.9992292463086809,0.9947227799010381,none,0
42,147,16,2026240340,0,0,0,0,0.9566525339408397,1.0106292372028844,1.4890319709505444,1.0073214785733262,1.0094853783248339,0.9968435781714539,1.0109509878067684,none,0
42,147,17,2026240341,0,0,0,0,0.9558920730924617,1.0104602211901608,1.5100576998787498,1.0146649228053835,1.0010014564514877,0.9964308742049013,0.9991322252016677,none,0
42,147,18,2026240342,0,0,0,0,0.9568556142017948,1.01032297058682,1.4729506566820663,1.0084870514994646,1.0000263450585483,0.9955007718818412,0.9956169358189025,none,0
42,147,19,2026240343,0,0,0,0,0.9568849488489216,1.010429892999774,1.4553494614729914,0.99630440301878,1.0075249733562137,0.9942993580849357,1.008544516309407,none,0
42,159,0,2026252432,0,0,0,0,0.963619371665759,1.012941101343449,0.8262860159861268,0.9908044196021313,0.9995285526757975,0.9989346645489423,0.9982960261357847,none,0
42,159,1,2026252433,0,0,0,0,0.9631353426955311,1.011986437875656,0.8539038535360688,0.9986748743323242,0.9947519325959677,1.0009314304830887,1.0029215025670297,none,0
42,159,2,2026252434,0,0,0,0,0.9626418828436457,1.0122522089210793,0.8596317000425663,1.0023404835602976,1.0068918300247025,1.0003478126802405,1.000959756573949,none,0
42,159,3,2026252435,0,0,0,0,0.9630007550268074,1.0126636967215907,0.8710215399647033,1.014482854863284,1.018751557094912,0.9953232187958495,0.9992294940862774,none,0
42,159,4,2026252436,0,0,0,0,0.9623267154366856,1.0123110273714262,0.8825075082734523,1.0064000824862542,1.0103347061638377,1.0042845892820815,0.9955725821593473,none,0
42,159,5,2026252437,0,0,0,0,0.9629965202363293,1.0115501858388298,0.8620772901622195,1.0082202640749767,0.9932554851544514,0.9947371665228036,0.993934862480007,none,0
42,159,6,2026252438,0,0,0,0,0.9623852361436507,1.0115606721602672,0.8649564438924343,1.0044664031046528,0.9900251338095334,1.0014084403268322,0.9998010854587538,none,0
42,159,7,2026252439,0,0,0,0,0.9630126186826967,1.0138351097751659,0.828205514390932,0.9789177637565548,1.0185266338297365,1.0009367853854902,1.0094159111516403,none,0
42,159,8,2026252440,0,0,0,0,0.9635201751157614,1.0130389810148028,0.8322386482851143,0.9886589591449645,1.0029267859246636,1.0027013213975875,1.0071624264400802,none,0
42,159,9,2026252441,0,0,0,0,0.9624806743329168,1.0119571281233797,0.8608166091989141,1.0014504334126568,0.9890715813943797,1.009511118400543,1.0005422651423395,none,0
42,159,10,2026252442,0,0,0,0,0.9630177131473568,1.0124751723815164,0.850615216242621,1.0013268609360388,1.0064099472151995,0.9951576280973787,1.0010455893360126,none,0
42,159,11,2026252443,0,0,0,0,0.9624606422521904,1.011676269581799,0.8685932192868627,1.0041286727062801,1.0065521107020758,1.0011008028867936,0.9984477092905053,none,0
42,159,12,2026252444,0,0,0,0,0.9624032138749149,1.01294873025273,0.858123005430581,0.9952422530820393,1.0062520366307395,1.0083872644189753,0.9961350613542966,none,0
42,159,13,2026252445,0,0,0,0,0.9634804565529606,1.0131348903007054,0.8351742922681652,0.9906934166906102,1.0079666654880481,0.9921181464579703,0.9989869176046445,none,0
42,159,14,2026252446,0,0,0,0,0.9636878533412531,1.0128859384607591,0.8162784604864539,0.9797769313460268,1.001587426736646,0.9999194567352202,1.0084303165643096,none,0
42,159,15,2026252447,0,0,0,0,0.9621536144358572,1.0115537516428272,0.8756892997148612,1.0063954740294676,0.9944803015587148,1.0055392370902547,0.998027278353464,none,0
42,159,16,2026252448,0,0,0,0,0.9624773842627682,1.0120460389949508,0.8732623232798812,1.008606138540786,1.0023923769591152,1.0006766112082928,0.9932363151411638,none,0
42,159,17,2026252449,0,0,0,0,0.9626197044918378,1.011495416250112,0.86791955219624,1.0107749391915524,0.9947544217583796,0.9985648284391909,0.998672202697588,none,0
42,159,18,2026252450,0,0,0,0,0.9631086835852601,1.0118013235499663,0.8497408047502356,0.9983892431579455,0.9905351681004262,0.9993946163902999,0.9981049218142293,none,0
42,159,19,2026252451,0,0,0,0,0.9634999813719123,1.0129857297122478,0.830582650254276,0.9902490555853517,1.0059339710413853,0.9942484890447834,0.9998401662161388,none,0
42,220,0,2026313981,0,0,0,0,0.9591661090445317,1.006814269498926,1.2917236294863104,0.9938930265812796,1.0003483274149467,1.0020529318251903,1.0052904528411923,none,0
42,220,1,2026313982,0,0,0,0,0.9592493268188907,1.0065694296947503,1.3172286042154542,1.0035706129162272,0.9802293000225825,0.9902930554653804,1.0059173150648344,none,0
42,220,2,2026313983,0,0,0,0,0.958735204683982,1.0067173769817948,1.329015102704775,1.0015605320252463,0.9916127951096524,1.0016875309111213,1.0029905321404085,none,0
42,220,3,2026313984,0,0,0,0,0.9587397842216803,1.006748464077289,1.3190176843392825,0.9997841422667251,0.9890891027633016,1.000420381288478,1.0008645820763034,none,0
42,220,4,2026313985,0,0,0,0,0.9584102645199575,1.006740464812143,1.3683015256339157,1.0134417754800389,1.0046998252985915,1.003595661088402,1.001516822516045,none,0
42,220,5,2026313986,0,0,0,0,0.9592025189451374,1.0069621011401455,1.304495809493086,0.9958080784475761,1.0002741780285531,1.0018840437407275,0.9999854824113175,none,0
42,220,6,2026313987,0,0,0,0,0.9589752883640418,1.0067344192089258,1.307389567259275,0.9979550919115185,1.002922337890227,0.9940962575730496,1.001828280197947,none,0
42,220,7,2026313988,0,0,0,0,0.958905504175936,1.0066522062489691,1.3114731896144,1.0008342278328812,0.9940519568723892,1.0001279473202809,0.9971415124328116,none,0
42,220,8,2026313989,0,0,0,0,0.9588140057471405,1.0071770824978057,1.3304475279102492,1.0049989275316982,1.008529135274521,1.013120660530231,1.0065023785981928,none,0
42,220,9,2026313990,0,0,0,0,0.9596949096284192,1.006943477133104,1.289448178013755,0.9955724951428488,0.999842097564989,1.0019556723214265,1.0015631715789526,none,0
42,220,10,2026313991,0,0,0,0,0.9592994194859028,1.0067735106376017,1.2679995749914084,0.9781356444443713,1.0026152887144548,1.001068956258048,0.9980724757438098,none,0
42,220,11,2026313992,0,0,0,0,0.9586787408356628,1.0065182198451754,1.326850407295754,0.9995920089366457,0.9924214257011604,1.001858882182355,0.9979511792253535,none,0
42,220,12,2026313993,0,0,0,0,0.9593472987241299,1.0069120695414138,1.3131612940404176,0.9987019614697166,0.9915598823903354,1.0047920193530948,1.0010159848359712,none,0
42,220,13,2026313994,0,0,0,0,0.9595919668691375,1.0068059277990822,1.2983994686220965,1.0018615632117107,1.0105183885575482,0.9913491494608508,1.0031932023738577,none,0
42,220,14,2026313995,0,0,0,0,0.9588441270137988,1.0070967666519715,1.332555671252857,1.0051021665973672,1.0019681333174244,1.0028196235322315,0.9946918146238073,none,0
42,220,15,2026313996,0,0,0,0,0.9582800573770102,1.0067151474894391,1.3679561700360625,1.0137850945406761,0.9947760777376322,1.0036228165232715,1.0033230085321934,none,0
42,220,16,2026313997,0,0,0,0,0.959119141379208,1.0069515759006855,1.3110175457786444,1.0008981964439536,1.0122801284772847,1.0004462973467092,0.9977795601672989,none,0
42,220,17,2026313998,0,0,0,0,0.9596872642731938,1.0067987598144856,1.2997916465461885,1.0007505328885442,1.0008840009077071,0.9931545026675084,1.0028604616784538,none,0
42,220,18,2026313999,0,0,0,0,0.9597126838298996,1.0067962620943884,1.3017657715146997,0.9983087075659975,0.9939547363814197,0.9988171766653334,1.0042103228371653,none,0
42,220,19,2026314000,0,0,0,0,0.9591200993946984,1.006723862153894,1.2919258354206984,0.9879973412641317,1.0020306897492535,1.007296659316819,0.9929702018204407,none,0
42,236,0,2026330125,0,0,0,0,0.9640111155021417,1.0180395308103223,0.8147713939454352,1.0048123468351464,1.0101944651601675,0.9947217315885769,0.9970633447656531,none,0
42,236,1,2026330126,0,0,0,0,0.963502564400472,1.0176374716959207,0.8245814975421879,1.0076132125361799,0.9931694261827531,0.9990028449193946,0.9998678595286256,none,0
42,236,2,2026330127,0,0,0,0,0.9644499511870769,1.0187478667917955,0.7941954375731674,0.9880636411112688,1.0048420144196384,0.9976897994874774,0.9962493794630047,none,0
42,236,3,2026330128,0,0,0,0,0.9639039850525514,1.0188764309792333,0.8191920918826222,1.0050360841517738,1.0085104372650073,1.0041333688874032,0.999808717815674,none,0
42,236,4,2026330129,0,0,0,0,0.9639471280120593,1.0187419943493503,0.8335265310011903,1.0128868211379372,1.0183618610776242,1.0002116935632666,0.9992499030793525,none,0
42,236,5,2026330130,0,0,0,0,0.9637332752200183,1.0179173852639356,0.8312361724869021,1.011040992614643,1.0019548153500089,1.0014566689928137,1.0004183232686898,none,0
42,236,6,2026330131,0,0,0,0,0.9651365358251202,1.0187448908102428,0.7769536340629882,0.9803515313869348,1.0070711868898807,0.9896550892779113,0.9998760022337686,none,0
42,236,7,2026330132,0,0,0,0,0.963875337752895,1.0180002583370977,0.816466433022169,1.0060786031410174,1.0067039755166265,0.9983433367609783,0.9978431558432524,none,0
42,236,8,2026330133,0,0,0,0,0.9643812384130006,1.0169582597588278,0.7955570745099956,0.9943004172690064,0.975796548675247,0.9969682814994656,0.9969528322476666,none,0
42,236,9,2026330134,0,0,0,0,0.964461753922983,1.0189692879763228,0.7981845714165449,0.9847280540529847,1.004838495928013,1.0071014802386318,0.9985401329864193,none,0
42,236,10,2026330135,0,0,0,0,0.9636947409721713,1.0176897509242726,0.8320515283256751,1.0134296498189737,0.9965753567129368,0.9984951741614717,1.0035729739620136,none,0
42,236,11,2026330136,0,0,0,0,0.9651466946623308,1.0185339586270015,0.7845130115339712,0.9864834553225676,0.99664737279916,0.9932936226022283,1.010037736205697,none,0
42,236,12,2026330137,0,0,0,0,0.9641393882386738,1.0181341050570551,0.8086496804131988,1.0025050012944543,1.0037458661137275,0.9982983793102836,1.0004111131482056,none,0
42,236,13,2026330138,0,0,0,0,0.9637658919222002,1.018694587334269,0.8106854830968656,0.9978905836737555,1.0022161862468708,0.9972568036466014,1.001331324018986,none,0
42,236,14,2026330139,0,0,0,0,0.9634821364235386,1.0174316980868394,0.8353790991232815,1.015421750123373,0.9957297174573245,1.0033803577415568,0.9996018469003606,none,0
42,236,15,2026330140,0,0,0,0,0.9632795595468037,1.0180072797121305,0.8345483583304172,1.011580374479752,1.0078746562667273,1.0005334905199275,1.0043625686117095,none,0
42,236,16,2026330141,0,0,0,0,0.96385737991754,1.0177550374680884,0.8156049614528977,1.001818186684743,0.996879961426031,0.9986095868503566,0.9983918196148496,none,0
42,236,17,2026330142,0,0,0,0,0.96493203673578,1.0185927539079627,0.7766069483878472,0.97950154169924,0.9962433466486449,0.9981900648796727,1.0023931653845188,none,0
42,236,18,2026330143,0,0,0,0,0.9642618222990867,1.0183225978761412,0.8104282191434268,0.9932218045832446,1.0056475567182952,0.9991838647489957,0.9978299905245667,none,0
42,236,19,2026330144,0,0,0,0,0.9640116571733441,1.0181812900149974,0.8130339662891881,0.9966501183445954,1.0030068224638156,0.9985538384591237,0.9958401334161664,none,0
42,241,0,2026335170,0,0,0,0,0.9578804458095412,1.0035619109631677,1.365563011499905,0.984428733673771,1.0087744725416385,0.997996626931242,1.0004595302897825,none,0
42,241,1,2026335171,0,0,0,0,0.9582582686846347,1.0036425200878918,1.3802553267568733,0.9974626344482661,1.0103734799064277,1.0007930451962632,1.002194877652374,none,0
42,241,2,2026335172,0,0,0,0,0.9585277789816972,1.003602537554803,1.3815692039929728,0.9993519581515377,1.0077726735970403,0.9951846103739405,0.9993892424919424,none,0
42,241,3,2026335173,0,0,0,0,0.9577416376229331,1.003625580312623,1.3906600702872927,1.0012767446180455,0.9995815273920956,0.9984900790677794,0.9984670563961137,none,0
42,241,4,2026335174,0,0,0,0,0.95777201571977,1.003514512567526,1.4028748282629067,1.0034014061304886,1.0042040594070696,1.0032019771238367,1.0012982630949774,none,0
42,241,5,2026335175,0,0,0,0,0.9571672409660539,1.003443069869232,1.416507487131482,1.0035145556011382,0.9959491894839982,1.0066056063244917,0.9940068875275345,none,0
42,241,6,2026335176,0,0,0,0,0.9585776571463912,1.0036345117753096,1.3356591312814285,0.9855008017161608,1.002197847353431,1.0010252025052246,1.0001900939428203,none,0
42,241,7,2026335177,0,0,0,0,0.9580643239697452,1.0037204906408357,1.384494591008903,1.0006978516790013,1.0124320530248645,1.0005546504217468,0.9976585475375904,none,0
42,241,8,2026335178,0,0,0,0,0.9572658252502765,1.003443532138121,1.4216890952577177,1.008958295918297,1.0139263562397398,0.9988765854481316,1.0000924463172929,none,0
42,241,9,2026335179,0,0,0,0,0.9587507012497184,1.0035596717807453,1.3378818776064707,0.9900135431722111,1.0138908324128415,0.9926533166387094,0.9966418155165154,none,0
42,241,10,2026335180,0,0,0,0,0.9584656867929975,1.003462702740102,1.3694436117275752,0.9979065447269244,1.0015858018035817,0.9991408235856714,0.9938281441560969,none,0
42,241,11,2026335181,0,0,0,0,0.958715149792382,1.0035361300471874,1.356741663321033,0.9944136842769282,0.9980308306527247,1.0024721579428628,0.9914478404230701,none,0
42,241,12,2026335182,0,0,0,0,0.9586179517986039,1.0035431577723557,1.3596037612095526,0.9993651076637299,1.0065515488234498,0.9982206885011403,1.0008610450087065,none,0
42,241,13,2026335183,0,0,0,0,0.9585131354292542,1.0034339943147714,1.3726460083289491,0.9982662847228955,0.9909564357935442,0.9981553126903101,1.0078220096122243,none,0
42,241,14,2026335184,0,0,0,0,0.9580318335299581,1.0037122365984097,1.3631253420667102,0.9879913681734266,1.0103657299086537,0.999544860789248,0.9974240715739032,none,0
42,241,15,2026335185,0,0,0,0,0.9586133978834273,1.0036644060287447,1.371968724676683,1.0012710390756563,1.0017011608279842,1.0067769174104764,0.9971184861383827,none,0
42,241,16,2026335186,0,0,0,0,0.9583542584912822,1.0032716953791943,1.4028176172194833,1.0106592968950372,0.9756728057646099,0.9970344619988954,1.0021025554591656,none,0
42,241,17,2026335187,0,0,0,0,0.9586826147534069,1.0034928047860414,1.3379307206588549,0.9814221669556469,0.9868593157003845,0.9999766973525549,0.9992457590724849,none,0
42,241,18,2026335188,0,0,0,0,0.9572271094460627,1.0035984949787835,1.4203502111209152,0.9995026307744865,1.0233749683150528,1.001075467883865,1.0022135981813343,none,0
42,241,19,2026335189,0,0,0,0,0.9573149306278573,1.0033485341721509,1.4590896191482206,1.0205137041421541,0.993737501836208,1.0017979601282445,1.0033065967204293,none,0
42,245,0,2026339206,0,0,0,0,0.955052339196361,1.0067037775863976,1.480082217206218,1.0017388701998589,0.9929720879461029,1.0049783937012327,1.002302405535311,none,0
42,245,1,2026339207,0,0,0,0,0.9549898465922099,1.0067197378840504,1.5279249820111027,1.016690407151674,1.004915201458422,1.0064851628286984,1.0017246387987278,none,0
42,245,2,2026339208,0,0,0,0,0.9558099806504814,1.00672373162619,1.4670581762497277,0.9960922097107409,0.9948931635615015,1.00492519373343,0.9992203089757992,none,0
42,245,3,2026339209,0,0,0,0,0.9561715650261369,1.0068724170872878,1.4558912514396185,0.9943985209483416,0.9922369533409628,1.004212094608005,1.0014349328681817,none,0
42,245,4,2026339210,0,0,0,0,0.9565235777277584,1.006731292188355,1.4241539521965627,0.9933360700648176,0.9916949509331906,0.9960156292784769,1.0024127696578689,none,0
42,245,5,2026339211,0,0,0,0,0.9553836751715635,1.0066812030052001,1.4985768554770431,1.0095559518277573,0.9941029787114986,0.9972178690596099,0.9973608563521819,none,0
42,245,6,2026339212,0,0,0,0,0.9567173052204392,1.006946402029227,1.412670195695675,0.9912211435520516,0.9954192588935591,0.9950169243312365,1.0054573847192294,none,0
42,245,7,2026339213,0,0,0,0,0.9560345711498953,1.0068059731898682,1.4617797327899176,1.0000233812975272,0.9947266025201554,1.0063271753300744,0.9993862263975528,none,0
42,245,8,2026339214,0,0,0,0,0.9562017791759341,1.0068036599546013,1.4495174522749814,0.9948338840436031,1.0034070929921566,0.9907563084336012,0.9949667277381364,none,0
42,245,9,2026339215,0,0,0,0,0.9556875793275179,1.0066957935739387,1.4781287705071853,1.0016510710170452,0.9986662871923746,1.0054950352051444,1.0015658743192435,none,0
42,245,10,2026339216,0,0,0,0,0.9556498843116895,1.0066513393076373,1.4831120970076768,1.005873853971599,0.9959047830678944,0.9995296466346523,0.9976357092223882,none,0
42,245,11,2026339217,0,0,0,0,0.9554958765935142,1.0063707331991254,1.5016731191186197,1.0117588445021277,0.9696524396345185,0.997804171077523,0.9996015989096071,none,0
42,245,12,2026339218,0,0,0,0,0.9553604591997081,1.0066227959199272,1.498001747764854,1.011470008425754,0.9898145262194465,0.9928556712781327,0.99807795183453,none,0
42,245,13,2026339219,0,0,0,0,0.9558391666876295,1.006744811507903,1.4626494655067415,0.9995783460432948,0.9926574636578275,0.9965015230839829,1.0001011745325685,none,0
42,245,14,2026339220,0,0,0,0,0.9557887958862917,1.0067593779423754,1.5055641336601473,1.0146089013262591,1.0024304677168971,1.000078421953003,1.0013716658918315,none,0
42,245,15,2026339221,0,0,0,0,0.9553559201501571,1.0065425991648804,1.5019626024926462,1.0083879170434968,0.9931470077205105,0.996596474240846,1.0030386304445116,none,0
42,245,16,2026339222,0,0,0,0,0.9561319224480016,1.0065709844523918,1.4596968636701868,1.0024886460584033,0.9936874855944632,1.0008245260417652,0.9972651322167774,none,0
42,245,17,2026339223,0,0,0,0,0.9552165835898938,1.006586350318754,1.5260091969918128,1.0159800963278078,0.9884385834863735,1.0013664149521424,1.0015522036477187,none,0
42,245,18,2026339224,0,0,0,0,0.9548937153361985,1.0065138153294402,1.5225381546037178,1.0128215343968314,0.9961684869722479,0.9974643906845369,1.0042016021984312,none,0
42,245,19,2026339225,0,0,0,0,0.9553603696464434,1.0069731194128073,1.4743730334393494,1.000632539773172,1.0216285567613723,1.0068224111727573,1.0021317404649688,none,0
42,257,0,2026351314,0,0,0,0,0.9614710481597468,1.0199300897494181,0.8763651926926745,0.9996526446925812,1.000439472748635,1.0092481507566053,1.0051025038488668,none,0
42,257,1,2026351315,0,0,0,0,0.9615784877325241,1.0195028823034231,0.8744697597848202,1.0089736519181138,0.9991325310573328,0.9996027704415135,1.0042675319028131,none,0
42,257,2,2026351316,0,0,0,0,0.9617936085122802,1.0199778420725978,0.8714508494096325,1.0053582891466049,0.9937042811582965,1.0027288196311042,1.000582330217935,none,0
42,257,3,2026351317,0,0,0,0,0.9626962882984471,1.0196574535146712,0.8272427732567825,0.9892241480075314,0.9859715248102668,0.9916332340214727,1.0058882445282988,none,0
42,257,4,2026351318,0,0,0,0,0.9604318639724727,1.0188701913636975,0.9075155786847725,1.0169006852714884,0.9885632882821046,1.0061979516452895,0.996454803895662,none,0
42,257,5,2026351319,0,0,0,0,0.9618012939650706,1.0196159899385449,0.8643930859305271,1.0006468002518085,0.9932080166372705,1.0032488781090527,0.9991529983573252,none,0
42,257,6,2026351320,0,0,0,0,0.9615231215058098,1.020594325075652,0.8749376277962413,1.0091476281712644,1.013742196022864,0.9974066296274857,1.001601524867846,none,0
42,257,7,2026351321,0,0,0,0,0.9613231950689879,1.0198684315173132,0.8601273017071386,0.9960361294817626,0.9857433151508833,1.0006218891832166,1.0074107653902857,none,0
42,257,8,2026351322,0,0,0,0,0.961228459182122,1.0196177317491122,0.8820371223053799,1.0073892512084022,1.0051221623591156,0.9979545440793706,1.002206273353348,none,0
42,257,9,2026351323,0,0,0,0,0.9619818519814264,1.0198831140759779,0.8725997481105476,1.0125379034260464,1.0037462584438595,0.998822872379924,0.9973597601928409,none,0
42,257,10,2026351324,0,0,0,0,0.9621920221233488,1.0193501286734148,0.8423704841774118,0.985993024039977,0.9770300348187811,0.999750592874005,1.0075694131255497,none,0
42,257,11,2026351325,0,0,0,0,0.9615856238926194,1.0199290908293017,0.877930923387103,1.0148478476945448,1.006244153186623,0.9965224838768609,1.0063305666024567,none,0
42,257,12,2026351326,0,0,0,0,0.9616178091949206,1.0189540850954921,0.8709563396912405,1.0110398539179588,0.9868269249325783,0.997961822841509,1.0000154545953654,none,0
42,257,13,2026351327,0,0,0,0,0.9621389709638661,1.0206982965474536,0.8506486585704097,0.9915736100965078,1.0039840698097815,1.0023515400962877,1.0006994373976958,none,0
42,257,14,2026351328,0,0,0,0,0.960259950473247,1.0181444949870744,0.9249807639868365,1.0305132011267495,0.9816911243917237,1.0039864418181474,1.0068700877714793,none,0
42,257,15,2026351329,0,0,0,0,0.9616401982927606,1.0202320915834389,0.8723361821921313,1.0078829944761178,1.0049915863688161,1.0013076300204495,1.0011600440601858,none,0
42,257,16,2026351330,0,0,0,0,0.9617990968892042,1.0201839226794784,0.8641053901346945,0.9994366859902737,1.004332229555319,0.9990300155442495,1.0005185359126458,none,0
42,257,17,2026351331,0,0,0,0,0.9612673358382494,1.019707527627946,0.8822150201687038,1.010255076008763,0.9941571319927944,1.0018207395272762,0.9848260272797975,none,0
42,257,18,2026351332,0,0,0,0,0.9608892786501356,1.0200198904709907,0.8970227813180963,1.017667399129177,1.0095152486021346,1.0023829979067183,1.0008420809326792,none,0
42,257,19,2026351333,0,0,0,0,0.9627111890517013,1.0197568416116214,0.8332576206102422,0.9888619993076427,0.9868449942015245,0.9985356851079996,1.0058290035408175,none,0
42,282,0,2026376539,0,0,0,0,0.9533378485671714,1.0074876819223282,1.658595117564677,1.0096604352536276,1.001442669840517,0.9910737249270372,1.0061355478410317,none,0
42,282,1,2026376540,0,0,0,0,0.9530866928310704,1.007492120677718,1.6259726392916485,1.0006444393187102,0.9958599017102325,0.9956009964641015,1.0053511187415571,none,0
42,282,2,2026376541,0,0,0,0,0.9535025631612599,1.0077832090028587,1.5555867450680696,0.9796190198038667,0.9905047675748054,1.0019543851654582,0.9913205511667331,none,0
42,282,3,2026376542,0,0,0,0,0.9527313342645508,1.0078686584377015,1.5939118681045261,0.9892433742368018,0.9932439366899405,1.0030036471236394,0.9954612115556817,none,0
42,282,4,2026376543,0,0,0,0,0.9535202787257329,1.0081035641125096,1.554999881797531,0.9793468982532852,1.0001759602359697,1.0016337443090515,0.9942978141573828,none,0
42,282,5,2026376544,0,0,0,0,0.9536882986166415,1.00787209549636,1.551627416961378,0.9775780105976694,1.0150091087887223,0.9974141830332999,1.004093158672412,none,0
42,282,6,2026376545,0,0,0,0,0.9536452982638709,1.0080877760968285,1.7108429109970598,1.0256370955684455,1.0073386921640113,1.0015976188360503,0.9999578050669019,none,0
42,282,7,2026376546,0,0,0,0,0.9528262466498029,1.0078366789328947,1.6247904876831585,1.0014446455456678,1.001248321619123,1.0051984853286866,1.0014498515525243,none,0
42,282,8,2026376547,0,0,0,0,0.9534104977521158,1.0078298146029778,1.607984468174796,0.9982022164159059,0.999900031740968,1.0014410592169736,0.9959409404919601,none,0
42,282,9,2026376548,0,0,0,0,0.9530919307379889,1.0076743233846746,1.6194110924462062,0.9962099530299239,0.9990926654220246,1.002001685263462,0.9976951749801228,none,0
42,282,10,2026376549,0,0,0,0,0.9539419910219326,1.0078109257794146,1.541722255889249,0.9781601496715019,0.996129627150995,0.9974486685756195,0.997698038249635,none,0
42,282,11,2026376550,0,0,0,0,0.9527988324144376,1.0077639985262148,1.6541780758889977,1.0084908113075264,0.9926349399921403,1.0002795389438075,0.9999768145008958,none,0
42,282,12,2026376551,0,0,0,0,0.9529769327671795,1.0080617295599885,1.6601932363614467,1.0056503563294052,1.0086193876979888,1.0043956967011076,1.0005272928005209,none,0
42,282,13,2026376552,0,0,0,0,0.9536681494046102,1.0081279078825305,1.6083094680821348,0.9994372875977936,1.0247502075816004,1.0009791588130805,0.9960141763665841,none,0
42,282,14,2026376553,0,0,0,0,0.9532128597899691,1.0079769203374973,1.6293285472391665,1.002702191583935,1.005668093966749,0.9973064367379931,1.0019774879819794,none,0
42,282,15,2026376554,0,0,0,0,0.9531908596428361,1.0077455099532313,1.6773360004452322,1.0187156443045622,1.0074532641883518,0.9976428255776879,1.0027486963507306,none,0
42,282,16,2026376555,0,0,0,0,0.9534884454929,1.0078540844826687,1.5913434858995263,0.9892794243188876,0.9882807724549982,0.9901995172103608,1.0026796026037474,none,0
42,282,17,2026376556,0,0,0,0,0.9531692587040751,1.0077079688979074,1.657596990913493,1.0107013777353453,0.9997998051715192,0.9995131921707607,0.997316159926801,none,0
42,282,18,2026376557,0,0,0,0,0.9527789061663469,1.0076893068038186,1.6249083943868126,0.9963524707654051,0.9840332976561831,0.9972094352656388,1.007278045756845,none,0
42,282,19,2026376558,0,0,0,0,0.952284344720197,1.0076812911672346,1.6908347829047785,1.008927851523292,0.9884022835320639,1.0093033762129928,1.0012687051716593,none,0
42,295,0,2026389656,0,0,0,0,0.9525984627288241,1.0,2.093133893685839,1.0069704695705766,0.9949255920099702,0.9975109207741397,1.0029655089748375,none,0
42,295,1,2026389657,0,0,0,0,0.9527870486736935,1.0,2.052939902652527,0.9984916795886393,1.0189586114240885,1.0041949171604727,1.0021141404950336,none,0
42,295,2,2026389658,0,0,0,0,0.9526827472343509,1.0,2.075761265807404,1.001840049732318,0.9910720304566641,1.0006749741266387,1.0072008325055328,none,0
42,295,3,2026389659,0,0,0,0,0.9534198262842029,1.0,1.907200520578011,0.9750696176563242,1.0007980601998172,0.9999427015660758,1.0038747095781537,none,0
42,295,4,2026389660,0,0,0,0,0.9530314432148681,1.0,2.0237491008787436,0.9967513986166803,0.9959633619441763,0.9926630305665225,1.0045520020410654,none,0
42,295,5,2026389661,0,0,0,0,0.9520687633216833,1.0,2.098395745713999,1.0023021527567884,1.000352792970908,1.0076777852649346,1.0018527350336317,none,0
42,295,6,2026389662,0,0,0,0,0.9534280469775693,1.0,2.031977115165977,1.0012381951465668,1.0003869875213267,0.9976578545298838,1.0065606243318252,none,0
42,295,7,2026389663,0,0,0,0,0.9526918413403604,1.0,2.0932088387628855,1.0085900983049099,0.9962993962762304,1.007925551252887,1.000035774657162,none,0
42,295,8,2026389664,0,0,0,0,0.9531664469396004,1.0,2.050377678949491,0.9997665619307556,0.996961859628241,0.9993967465467076,1.0039889920347305,none,0
42,295,9,2026389665,0,0,0,0,0.9532975628307169,1.0,2.014767033800098,0.9938643374005502,1.0057257761387786,0.9970108359962353,1.0077307203467734,none,0
42,295,10,2026389666,0,0,0,0,0.9523960259817348,1.0,2.05332079920161,0.9986848461907836,1.0094885629295163,1.0040438865894512,1.002395870104377,none,0
42,295,11,2026389667,0,0,0,0,0.9527563506882087,1.0,2.0597052818763055,1.0018662291213136,1.0009271457280517,0.9967240549603907,1.000617150682355,none,0
42,295,12,2026389668,0,0,0,0,0.9535096607192135,1.0,2.0109706481291916,0.9970111871988144,1.0005989023995079,0.9960469749232874,1.0045462659119324,none,0
42,295,13,2026389669,0,0,0,0,0.9529197613179139,1.0,2.054176530037931,1.002243951013093,1.0038416677547128,1.001439160387378,1.0018230591966437,none,0
42,295,14,2026389670,0,0,0,0,0.9528666747438443,1.0,2.042357195466669,1.0024365513771754,1.0024869413420319,1.004863090338946,1.0000991218047492,none,0
42,295,15,2026389671,0,0,0,0,0.9539784973117853,1.0,1.9703592946509025,0.9930648866157264,1.0088995601068278,0.9884314559327507,0.9938621442093355,none,0
42,295,16,2026389672,0,0,0,0,0.9528143033042938,1.0,2.017103862793737,0.995509882956308,1.0039310053235397,1.0035215923967544,1.0004066031142678,none,0
42,295,17,2026389673,0,0,0,0,0.9528091195949346,1.0,2.0278398443291814,0.9949711247489988,1.0192436575786779,1.0008910374470397,0.9987639007810754,none,0
42,295,18,2026389674,0,0,0,0,0.9517772862380596,1.0,2.0795516469252986,0.9950538206562018,0.9997084612572696,1.0045620245828568,1.0036838425127805,none,0
42,295,19,2026389675,0,0,0,0,0.9529660091248865,1.0,2.0583866962186885,1.0056176986880874,1.0204312976865335,0.9983454922077397,0.9987489306055422,none,0
42,299,0,2026393692,0,0,0,0,0.9575135604018024,1.0,1.2073158526798404,0.9956302615253599,0.994502790039114,1.000870621048102,1.0041249782410029,none,0
42,299,1,2026393693,0,0,0,0,0.9584888709234669,1.0,1.1721884882282045,0.9920113754896895,0.9827866503079671,0.9987788831944868,0.9993222418871729,none,0
42,299,2,2026393694,0,0,0,0,0.9574050492693903,1.0,1.211793011275184,1.0092896032349652,1.0080725373210095,1.0062638460175766,0.9980921706545193,none,0
42,299,3,2026393695,0,0,0,0,0.9576715528684028,1.0,1.2301589148030612,1.0127743657417594,0.9856629254072589,1.0008133831785702,0.998942772074957,none,0
42,299,4,2026393696,0,0,0,0,0.9578159573511892,1.0,1.2033279356524573,0.9991018071684618,1.0037775211512265,0.9987553143984663,1.000553544664969,none,0
42,299,5,2026393697,0,0,0,0,0.9580690396993005,1.0,1.1949257935901982,0.998804223040228,0.9871680460956768,1.0071016520145035,0.9975417165915363,none,0
42,299,6,2026393698,0,0,0,0,0.9583157323718006,1.0,1.2027446888712476,1.0065602044775834,1.0027955175843664,0.9935887334050033,0.9988985098029428,none,0
42,299,7,2026393699,0,0,0,0,0.956803655398321,1.0,1.2779878995075282,1.0263239890948117,0.9898477612690004,0.9988907274447438,1.0035232371639105,none,0
42,299,8,2026393700,0,0,0,0,0.9578511541296277,1.0,1.1844322733538808,0.9930678001503773,1.0015892502279908,1.001076632251952,0.9932356723432005,none,0
42,299,9,2026393701,0,0,0,0,0.9582955319475744,1.0,1.1815366918404278,0.9919850031905897,0.9944658550717391,0.999357400391235,1.001728236772255,none,0
42,299,10,2026393702,0,0,0,0,0.9589227225546856,1.0,1.1606819620591728,0.9971725199508202,0.996016387315532,0.9986359159575373,1.003534700412061,none,0
42,299,11,2026393703,0,0,0,0,0.9581592820970497,1.0,1.194982321104564,1.0030790354387524,1.0104771057942015,0.9995428621389164,0.9991099893011782,none,0
42,299,12,2026393704,0,0,0,0,0.9579661055963271,1.0,1.1994771001281577,1.0002616593241556,1.0085733281203366,1.0021442590641432,1.002048087958792,none,0
42,299,13,2026393705,0,0,0,0,0.9588222259117898,1.0,1.1667126716918916,0.9844364960644014,0.9892627108495626,0.9971181111206352,1.00424750464752,none,0
42,299,14,2026393706,0,0,0,0,0.9584226255586464,1.0,1.1899374021370919,1.0011957122316724,1.001042240332196,0.9983610855937205,1.0042235548989744,none,0
42,299,15,2026393707,0,0,0,0,0.9577034576973258,1.0,1.2034651586451441,1.0011036741495163,1.0087331013026735,0.9993099188788195,0.9984305217840814,none,0
42,299,16,2026393708,0,0,0,0,0.957537986072864,1.0,1.2202831440638031,1.007276110070676,1.0161485336070417,0.9985747980456173,1.000183804608339,none,0
42,299,17,2026393709,0,0,0,0,0.9573320455136289,1.0,1.2198993577713413,0.9957277077904093,1.0099423748594103,0.9986894021633999,0.9981844773694938,none,0
42,299,18,2026393710,0,0,0,0,0.9581099579478505,1.0,1.1894747611747123,0.9990637030784077,1.0004748046472267,1.0004603705353936,1.0007219234057052,none,0
42,299,19,2026393711,0,0,0,0,0.9571726890101382,1.0,1.2356282678505401,1.0101878046083697,1.0000963356493413,1.005097772641502,0.9925057080112288,none,0
43,4,0,2026096037,0,0,0,0,0.9561531671230385,1.0001150152414984,1.324353767656782,0.9949334932774142,0.9937959184534741,1.0021017550347773,0.9994884270672304,none,0
43,4,1,2026096038,0,0,0,0,0.9573839217010032,1.0002861287931752,1.2758876975487536,0.9841835967575754,1.0047182342075218,0.9995045769055387,0.9951229312104793,none,0
43,4,2,2026096039,0,0,0,0,0.9573266713517395,1.0001848082524465,1.3065880562657894,0.998559773826619,0.9954897380440968,1.0039239343224682,1.003366481728321,none,0
43,4,3,2026096040,0,0,0,0,0.9570731345681162,1.0001581338151853,1.3110681876074393,0.9997965580469068,1.0047767465714135,1.0045050013028045,1.0024633798803761,none,0
43,4,4,2026096041,0,0,0,0,0.9569445411160267,1.000076267554716,1.3022303916312858,0.9905184188730606,0.9792354004101249,0.9993286767866212,1.0019242281844574,none,0
43,4,5,2026096042,0,0,0,0,0.9564663510950794,1.0001756526616867,1.341690438604907,1.0087581050721601,1.006117200337815,1.0023483589403355,1.00780270495947,none,0
43,4,6,2026096043,0,0,0,0,0.9570554185921383,1.0001598525194673,1.345438264459413,1.0230372235899923,1.0144376305464975,0.9977172530047351,0.9958278895010545,none,0
43,4,7,2026096044,0,0,0,0,0.9575352945636575,1.0001806446643258,1.2658254331729677,0.9910002047614085,0.9898261186748011,0.9973177350877962,1.000278153286591,none,0
43,4,8,2026096045,0,0,0,0,0.9571594166931149,1.000151829707599,1.3085804834089383,1.00374556676061,0.9960479660217065,0.9990578256211186,1.000083801620917,none,0
43,4,9,2026096046,0,0,0,0,0.9570324539460131,1.000238796325109,1.2836253307630787,0.9890374721045437,1.003863117141908,1.0026112040501032,0.9953662471075861,none,0
43,4,10,2026096047,0,0,0,0,0.9580288616615485,1.0001638989615615,1.2578085710274565,0.9856910507957737,0.9943451744215983,1.0003087501196457,0.9977994536435951,none,0
43,4,11,2026096048,0,0,0,0,0.956443516356599,1.000161463131984,1.3523618962223032,1.0174137133660737,1.0085588372081267,1.002269828648215,0.9961738591715614,none,0
43,4,12,2026096049,0,0,0,0,0.9575749778231676,1.000224189751065,1.2700154881878003,0.9892919069527367,1.004382969352164,0.9963077010415112,0.9969373957291383,none,0
43,4,13,2026096050,0,0,0,0,0.9566947443065756,1.0001483302761287,1.2967316202204902,0.9968244666687568,0.992027187578121,1.004521459275118,0.9995182649042015,none,0
43,4,14,2026096051,0,0,0,0,0.9570815887640742,1.0000988466878016,1.3121928993012,1.0016731648758024,0.9940531433424814,0.9998962908282244,1.0055911670953877,none,0
43,4,15,2026096052,0,0,0,0,0.9578740849568417,1.000180935846486,1.2389483540722168,0.9772276369999089,0.9810526780602776,1.0031576495060879,0.9938556746855786,none,0
43,4,16,2026096053,0,0,0,0,0.9578602694071627,1.0002159479247412,1.236966765955868,0.9810500226828371,0.9929704160898605,0.9955632271136982,1.0039829576616137,none,0
43,4,17,2026096054,0,0,0,0,0.9566324143832946,1.0000252417251658,1.3466018292072695,1.0158284047244757,0.9901794053865872,1.0047976038697901,0.9981775759769949,none,0
43,4,18,2026096055,0,0,0,0,0.9561974759521389,1.0001617621637082,1.3373739707220331,1.0065925796630124,0.9892512533782515,1.00143003689761,0.9974087190824394,none,0
43,4,19,2026096056,0,0,0,0,0.9569149847162179,1.0001222318628507,1.3121142689666419,1.0023677744649768,1.0050060441016562,0.99542622547546,0.9955017091472979,none,0
43,38,0,2026130343,0,0,0,0,0.9530126715848937,1.000010786027723,2.1462660009863175,1.0025192669764553,0.9891965277169232,0.9999738693781739,0.9959412473610283,none,0
43,38,1,2026130344,0,0,0,0,0.9527193111990588,1.0001352633507266,2.1979159254296454,1.0072503436306344,0.9946396838841727,0.9998217162036335,0.9994805298156437,none,0
43,38,2,2026130345,0,0,0,0,0.9528953983678442,1.000144028374964,2.1828817105882394,1.0088072276765003,0.9991220872653337,0.9980831607054752,1.0022261049627648,none,0
43,38,3,2026130346,0,0,0,0,0.953181081885417,1.0001580070370633,2.1736912530900336,1.0087015030463469,1.006779786075706,1.0014380501723663,1.0086198148905217,none,0
43,38,4,2026130347,0,0,0,0,0.953190437567995,1.0002638254450764,2.0758175755599817,0.9903567557934094,1.0069450765493868,0.9961498837410748,1.0031182797910563,none,0
43,38,5,2026130348,0,0,0,0,0.9531209408117437,1.000226609634456,2.1192590349868508,0.9980110660430448,1.0110151464806227,1.0067775628053741,0.9948237546759415,none,0
43,38,6,2026130349,0,0,0,0,0.9527073128762443,1.0002497523652687,2.123648064645952,0.9980810257083025,1.0054079660880824,0.99632474157436,1.0006305772879975,none,0
43,38,7,2026130350,0,0,0,0,0.9519308347444667,1.0001924029751943,2.213060552416714,1.0050797036130485,1.0030455540892964,1.0074717001664026,1.007455467214329,none,0
43,38,8,2026130351,0,0,0,0,0.9528573813314845,1.0001166316836891,2.1614589856469615,1.0040097201628224,0.9994188022134971,1.0074836802111216,1.004032208003932,none,0
43,38,9,2026130352,0,0,0,0,0.9527601185852017,1.0001218436608437,2.182396334904219,1.0048668709616964,0.9930177789435821,1.0041629707412845,0.9983753333848102,none,0
43,38,10,2026130353,0,0,0,0,0.952570451000073,1.000064140387077,2.1570853050169676,1.0016293671366001,0.9851666175021929,0.9971712430575945,1.0005983610805853,none,0
43,38,11,2026130354,0,0,0,0,0.9525097078031963,1.0001538054654007,2.1769018091592827,1.0033921111843742,1.0029722425832777,1.002443245545134,1.00673184511371,none,0
43,38,12,2026130355,0,0,0,0,0.9533054379968111,1.0001958515553928,2.0261120941233486,0.9829824713647901,0.9965941199203763,1.0003742569465242,0.9998197920431406,none,0
43,38,13,2026130356,0,0,0,0,0.9531686261445108,1.0001799822625617,2.175449108566838,1.0086668784179529,1.0081315868529122,1.0006712974966483,0.9981604577453137,none,0
43,38,14,2026130357,0,0,0,0,0.9524814510184653,1.0002798694009902,2.139415359010321,0.997761959676503,1.00505624660594,1.0055236837613304,1.0005157096505208,none,0
43,38,15,2026130358,0,0,0,0,0.9531713401519271,1.0003143394582772,2.07033928268664,0.9886908281362123,1.0104725539041557,1.000245904355232,1.000864285473839,none,0
43,38,16,2026130359,0,0,0,0,0.9523018929675361,1.0001112586504888,2.271090012932308,1.0192716502672028,1.0017581248046652,1.0034368142976249,1.0050114475007021,none,0
43,38,17,2026130360,0,0,0,0,0.9523298631613677,1.0000135488326423,2.1842115350778126,1.0058387204402892,0.9870933912826617,1.0020518507427265,0.9990208914178572,none,0
43,38,18,2026130361,0,0,0,0,0.9536272249442577,1.000218826560047,2.1432892543261786,1.0071088118268778,1.0072782394415263,0.997406343526324,1.0095564486182134,none,0
43,38,19,2026130362,0,0,0,0,0.9524300912930287,1.0001892272858828,2.0316495236327534,0.9741026549823002,0.9995519228889359,0.9991538102185071,1.0015308120680235,none,0
43,77,0,2026169694,0,0,0,0,0.9522981622234551,1.0045599222608563,2.0043015238318205,0.9918513043092092,0.9975085905595463,1.0061324222958963,0.9999834885754803,none,0
43,77,1,2026169695,0,0,0,0,0.9535013917999416,1.0047225689588302,2.012138998804528,1.0022424520056772,1.0100530301908197,0.9953631594507282,1.0037572072110637,none,0
43,77,2,2026169696,0,0,0,0,0.952320253118542,1.0045290231191828,2.0758733217019185,1.0049161909250188,0.99585837919549,1.0041090274464164,0.9994406039193374,none,0
43,77,3,2026169697,0,0,0,0,0.9525063911873493,1.0046807293893587,2.059720237593489,1.0037236629885218,0.9967870939126308,0.9965010922301524,1.0020191852007563,none,0
43,77,4,2026169698,0,0,0,0,0.9529215656985128,1.004380663471936,2.135634477200011,1.0181712753224392,0.9826814394200273,0.9994550750029179,0.9964337500514322,none,0
43,77,5,2026169699,0,0,0,0,0.9531336892439756,1.0046621577308552,2.0902552484238393,1.0115540995923016,1.0044185519005042,1.0001610329689528,0.9982346366791669,none,0
43,77,6,2026169700,0,0,0,0,0.95278423808597,1.0044630365365064,2.1074692695395747,1.0110174197032236,0.9867755604177152,1.0001140597652167,0.9961692878271056,none,0
43,77,7,2026169701,0,0,0,0,0.9534513986019075,1.0043760606697163,2.0895875750318473,1.0125529281774506,0.995127611133535,0.9943579137262959,0.9990541109412421,none,0
43,77,8,2026169702,0,0,0,0,0.9530556100470078,1.0047015255140679,1.9286535576618988,0.983827114168391,0.9997330038673687,0.9890955010057085,0.9961791049143506,none,0
43,77,9,2026169703,0,0,0,0,0.9523824863601598,1.004640288650615,2.0093520745916615,0.9933283375836139,1.0083284623882505,0.9974314360259849,0.9999459227761462,none,0
43,77,10,2026169704,0,0,0,0,0.9525591534322309,1.0047048037040276,1.9826939541056838,0.987681033857765,1.0137513583706768,1.0086877309517945,0.998894148352323,none,0
43,77,11,2026169705,0,0,0,0,0.9531290711688626,1.0046263535595075,2.0428380188031015,1.0066285895256426,1.00425197004286,0.9919910524065056,0.9958299337826204,none,0
43,77,12,2026169706,0,0,0,0,0.9527837588633422,1.0046590945177585,1.893261363540466,0.9734168139760015,1.000855475201499,1.001936176717716,1.0033850726488647,none,0
43,77,13,2026169707,0,0,0,0,0.9521452281018542,1.0047043452296944,2.0206415500967863,0.9934794987392882,1.007444148337517,1.0021070192885453,1.002506434261832,none,0
43,77,14,2026169708,0,0,0,0,0.952104336244991,1.00471618306917,2.0451385948518577,0.9970115549438515,0.9977268075325937,1.0113632667499917,1.0045896199400606,none,0
43,77,15,2026169709,0,0,0,0,0.95282706105078,1.004480030614365,1.9955399721067053,0.9933841378148237,0.987457760791794,0.9951274474774208,0.9977819899643826,none,0
43,77,16,2026169710,0,0,0,0,0.9529565542212373,1.0045609165329925,2.0819903372456166,1.0103115235464317,1.0060756746714044,0.9899564787239172,1.0013753136405124,none,0
43,77,17,2026169711,0,0,0,0,0.9518221588296863,1.0042002337829834,2.2072396036134014,1.0212296282215765,0.9833186076582496,0.9961092098015977,0.9973969752649678,none,0
43,77,18,2026169712,0,0,0,0,0.9530562514963778,1.004389122131793,2.019168055740943,1.0009531976377362,0.9816160566658457,0.9929621399596418,0.9970317462076437,none,0
43,77,19,2026169713,0,0,0,0,0.9529737469743497,1.004607715622875,2.0584142539416472,1.006178577494889,1.0112726842944626,0.9965728381639178,1.0029620044592429,none,0
43,85,0,2026177766,0,0,0,0,0.9529519516653693,1.0,1.9993225314182153,1.0011885486107677,0.9911353908346008,0.9991151559819595,1.007357723195332,none,0
43,85,1,2026177767,0,0,0,0,0.9540945292328697,1.0,1.902426489511592,0.9889739896369711,1.0089658896646436,0.995395526857543,1.0004348988407195,none,0
43,85,2,2026177768,0,0,0,0,0.9534843253664674,1.0,1.9730867116748394,1.0019754158539569,1.013231919535885,0.9900786083270755,1.0037163530208242,none,0
43,85,3,2026177769,0,0,0,0,0.9527134180528899,1.0,2.000702901511388,0.9991436114707039,0.9955917629568275,1.0005893404681374,0.9946144848669697,none,0
43,85,4,2026177770,0,0,0,0,0.9533282675050546,1.0,1.96863767446015,0.9947519689316657,1.0013301587413763,1.0033014886868863,0.993029701314214,none,0
43,85,5,2026177771,0,0,0,0,0.9531493214035565,1.0,1.991688806879507,1.0026131274652095,1.0018558795899146,0.9980788842511996,0.993850025846805,none,0
43,85,6,2026177772,0,0,0,0,0.9525555283460295,1.0,2.026358141317132,1.001944487780112,0.9972555557710538,1.0083956211010805,1.0011359713759398,none,0
43,85,7,2026177773,0,0,0,0,0.9531505712447125,1.0,2.0168065821755827,1.0090103376209398,0.9985439959767654,1.0048885987268712,0.9950103419427563,none,0
43,85,8,2026177774,0,0,0,0,0.9532343765814607,1.0,1.9040093263875937,0.9867872745253937,1.0080562749312034,0.9977842499982341,0.9965778863053582,none,0
43,85,9,2026177775,0,0,0,0,0.9530420959971836,1.0,2.0082492220127572,1.0066322247062716,0.9945219659705841,0.9962013882975527,1.0018198964886915,none,0
43,85,10,2026177776,0,0,0,0,0.953339317318258,1.0,1.9531454761023312,0.9932487109527027,0.9867464497808894,1.006467481390275,0.9954406478327334,none,0
43,85,11,2026177777,0,0,0,0,0.9534723544633626,1.0,1.9242060098596951,0.9888442568859448,1.0179837892112593,1.0011938559404392,1.005575666457603,none,0
43,85,12,2026177778,0,0,0,0,0.9526639261012599,1.0,2.013375484372521,1.003384554048269,1.019380888883551,1.0019432150488874,1.001973609668479,none,0
43,85,13,2026177779,0,0,0,0,0.953017563800908,1.0,1.982184723493877,0.999884602133431,1.0062888313624394,1.002934279766079,0.9920239492006855,none,0
43,85,14,2026177780,0,0,0,0,0.9527007870323849,1.0,2.0470666340195316,1.0086515074200744,1.0077632414190638,1.000548183607851,0.9955923613268081,none,0
43,85,15,2026177781,0,0,0,0,0.9528311988974683,1.0,2.0002961368899874,1.001458572072161,1.0121425293492277,1.0006266367245407,1.0013711613803085,none,0
43,85,16,2026177782,0,0,0,0,0.9531656876782819,1.0,1.9724498927588778,0.9989121480277786,0.9850214258628743,0.9938564128828266,0.9938297561472693,none,0
43,85,17,2026177783,0,0,0,0,0.9530871205739935,1.0,1.967711404174486,0.9965439365857909,1.0060635999858865,0.9999439805884147,1.00101947658589,none,0
43,85,18,2026177784,0,0,0,0,0.9529115990673718,1.0,1.972334350771308,0.9985411800044783,0.9924968855823532,0.9955250990666993,0.9939494720157283,none,0
43,85,19,2026177785,0,0,0,0,0.9531875823196562,1.0,2.083185737154598,1.0232768795267677,0.9873030409014483,0.9957661303316061,0.9959821466540688,none,0
43,105,0,2026197946,0,0,0,0,0.9567459899986733,1.0147177580741475,1.3448437294275437,0.9987193247569052,0.9918624803794782,0.9971441707860675,1.001508418555628,none,0
43,105,1,2026197947,0,0,0,0,0.9553460924963895,1.0140078012286329,1.4142820518476042,1.0083306307999307,1.004643725094967,1.0015824822379786,1.000240696212339,none,0
43,105,2,2026197948,0,0,0,0,0.9559892527473146,1.0134426320411818,1.4067718488498886,1.0172123107610467,0.9914582574538526,1.0016074775168404,1.0031025900356874,none,0
43,105,3,2026197949,0,0,0,0,0.9563554279337477,1.0142528437815386,1.3456921278867626,0.9912470914037864,0.9909565773745391,0.991916640642228,0.9985669933285454,none,0
43,105,4,2026197950,0,0,0,0,0.9565128420182064,1.0151741643092707,1.3619268840730598,0.9995944673513428,1.0019171750044669,1.0033631057910775,1.008038663780456,none,0
43,105,5,2026197951,0,0,0,0,0.9561949375665661,1.0138133164289338,1.352987930565699,0.9922449604897775,0.986982992871178,0.9964187855967218,1.0052958072961864,none,0
43,105,6,2026197952,0,0,0,0,0.9559460889069042,1.013675305183623,1.399327920984196,1.0129400330815488,0.998441926108721,0.9972901782707708,1.0084839848750693,none,0
43,105,7,2026197953,0,0,0,0,0.9561707062609978,1.0142759353629096,1.3622940670828994,0.997543712920736,0.9955021410828929,0.9981249637434578,0.9992940157570324,none,0
43,105,8,2026197954,0,0,0,0,0.956420893517265,1.0148004977003766,1.3805568345144623,1.012683944782376,1.0064918109808203,0.9937902118636378,0.9987087863348221,none,0
43,105,9,2026197955,0,0,0,0,0.9564856156979289,1.014307891979549,1.3203074940672324,0.9792959764744217,0.9796595290485038,1.0033666371558059,0.9983213630357458,none,0
43,105,10,2026197956,0,0,0,0,0.9558009298232228,1.0146415616594648,1.3962202892238802,1.0060812123742076,1.0126238849894362,0.9933188341337743,0.9971852949912096,none,0
43,105,11,2026197957,0,0,0,0,0.956216880723352,1.0147652048736864,1.371730598862526,1.0003868479743507,1.002144224837521,0.9974471238476679,0.9967463470325705,none,0
43,105,12,2026197958,0,0,0,0,0.9557343453065459,1.0133910670121162,1.4130878212638311,1.0124251836342422,0.9917719321369316,1.001341999343834,1.0039354691089735,none,0
43,105,13,2026197959,0,0,0,0,0.9560493155721893,1.0136891015356166,1.3966907842883096,1.0078428299160997,0.9968271378963294,0.9997305696196995,1.0017214745432341,none,0
43,105,14,2026197960,0,0,0,0,0.9560481475750043,1.014611972227652,1.3567511355394533,0.9931385796058475,1.0073015948802428,1.000335507829563,1.0053459428655216,none,0
43,105,15,2026197961,0,0,0,0,0.9559081972543715,1.0144248135612535,1.3537252500052124,0.9887507252665305,0.9918209592663331,1.0076568016300262,1.0009305361058605,none,0
43,105,16,2026197962,0,0,0,0,0.9558679506740577,1.0140141362502348,1.387080489034722,1.0052083781943022,0.9977351422106101,1.004952597235024,1.0059429139715739,none,0
43,105,17,2026197963,0,0,0,0,0.956529175723355,1.0157553062014348,1.351019185133252,0.9949105785810525,1.0099136987116772,0.9979117459050694,0.9957625874713498,none,0
43,105,18,2026197964,0,0,0,0,0.9553570515907938,1.0136358116337372,1.405341053773663,1.0080228422348767,0.9869118474475088,1.0041835087107622,0.9995411149852143,none,0
43,105,19,2026197965,0,0,0,0,0.9563788123007146,1.0146143645995687,1.3712242862316553,1.0005801684081286,0.9987494987383064,0.9949485478895468,0.9991267569114378,none,0
43,133,0,2026226198,0,0,0,0,0.9558383456063033,1.008708991055376,1.473605295727949,1.0154614331806668,1.0010902445050018,0.9938006814278242,1.0001390686036598,none,0
43,133,1,2026226199,0,0,0,0,0.9568640965377453,1.008613629797944,1.4036587889951857,0.9912674605213366,0.9899527013158325,0.9999087612795684,1.002959518264353,none,0
43,133,2,2026226200,0,0,0,0,0.9570490501856519,1.0090401521635601,1.3983097196870256,0.9931077976721819,0.9990004778400098,0.9952375034910425,1.0023032282498847,none,0
43,133,3,2026226201,0,0,0,0,0.957075488952838,1.0083908246087843,1.397770180679332,0.9948285789642358,0.9702337273467541,1.0023237532288234,1.0054766689164691,none,0
43,133,4,2026226202,0,0,0,0,0.9570963647628352,1.0087998422666367,1.4338000848589365,1.010186113800767,1.0008383551345614,0.9973781556579634,1.0052615774763236,none,0
43,133,5,2026226203,0,0,0,0,0.9567116413933697,1.0089938616943561,1.4407832670886727,1.0105151394078207,1.0047407488099416,1.0024773341041113,0.9990000150846836,none,0
43,133,6,2026226204,0,0,0,0,0.9564496159096556,1.0087741267740586,1.4770144768623015,1.0216079198310557,0.9981331991732568,0.9965706724829294,0.9975710250082851,none,0
43,133,7,2026226205,0,0,0,0,0.9557514060873348,1.0087795980354353,1.4649369679430098,1.0078713324357,1.004088019590231,1.0060905343509112,1.0018855946947676,none,0
43,133,8,2026226206,0,0,0,0,0.9561967273521969,1.008570529958306,1.4467128878402606,1.0053863025990644,0.989410661948056,0.996984425765024,1.0080737449161041,none,0
43,133,9,2026226207,0,0,0,0,0.9573944035943264,1.009026280400906,1.3881352458451153,0.9925925297858395,1.0043684561108104,0.9965009127316385,0.9997017319674281,none,0
43,133,10,2026226208,0,0,0,0,0.9563644667815049,1.008530143815949,1.4288745688169455,0.9987067123268933,0.9790547657970976,0.9917349075843879,1.0012846298012044,none,0
43,133,11,2026226209,0,0,0,0,0.9559249655425139,1.0086519435400276,1.459098053847219,1.006819959853906,1.0057317670652284,0.9974002680522976,1.007406458881713,none,0
43,133,12,2026226210,0,0,0,0,0.9565246763164252,1.0090803569018127,1.3987199445005893,0.9870199207607098,1.006893135919117,1.0035178017419617,0.9925282265792656,none,0
43,133,13,2026226211,0,0,0,0,0.9569066389479891,1.0089536446969891,1.4311490462428997,1.0060941595836503,1.0081028996809376,0.9958911767308667,1.0004878511367694,none,0
43,133,14,2026226212,0,0,0,0,0.9566036287918002,1.0089154070437185,1.4221645256388928,0.9950918044115044,0.9981952450769495,1.0032257348073954,1.0040456556359396,none,0
43,133,15,2026226213,0,0,0,0,0.9575391219277953,1.0089837622124114,1.3733192528274274,0.9861850686350878,0.9999870059936744,0.9979475196815941,0.9950738608767377,none,0
43,133,16,2026226214,0,0,0,0,0.956802605559185,1.0089250368324159,1.3963987558886761,0.9917768806153529,0.9892272819824771,0.9968322626975813,1.000843230593747,none,0
43,133,17,2026226215,0,0,0,0,0.9565988342640424,1.0091922301288094,1.4229939161065792,0.9997777495169226,1.0147896099807374,1.002590284079,0.9940592271672465,none,0
43,133,18,2026226216,0,0,0,0,0.9571512454370901,1.0090543876505242,1.436361611923029,1.012768786108542,1.012682406477932,0.9881973969843664,1.000949268248572,none,0
43,133,19,2026226217,0,0,0,0,0.9565383285815005,1.0088622531252318,1.4334468262598807,1.0016050924232032,0.9965384303421998,1.0021725577350795,1.0081837186524203,none,0
43,137,0,2026230234,0,0,0,0,0.9637461934125519,1.015188808948941,0.93802349938137,1.0033193378007081,0.9940696756150882,1.0036501826330506,1.007355524225103,none,0
43,137,1,2026230235,0,0,0,0,0.9641648762963078,1.0158576682713991,0.9222029406155815,0.9986577552090934,0.9992247180594104,1.004595681949865,0.996965175515459,none,0
43,137,2,2026230236,0,0,0,0,0.9638449549660697,1.016343939150469,0.9400933216842198,1.0016557278409592,1.0172668907886449,1.0004757706244602,1.0032313067000398,none,0
43,137,3,2026230237,0,0,0,0,0.9643155524280047,1.01636778484171,0.9131162843391627,0.9883938297526238,1.012843084779607,1.0011479252877529,0.9987763423387135,none,0
43,137,4,2026230238,0,0,0,0,0.9636441345303662,1.016130826012126,0.9453343502358429,1.0033105110890168,1.0089393401045046,1.003043397762278,1.0091010891645469,none,0
43,137,5,2026230239,0,0,0,0,0.9642098673039173,1.0168684452308365,0.9146921266505785,0.9911338286361905,1.01202477810304,1.0092033844996426,1.000676257077746,none,0
43,137,6,2026230240,0,0,0,0,0.9640020949945364,1.0163463502150922,0.9156993209858569,0.9931021497070541,1.00878477655054,0.9961768708723074,0.9916524645454217,none,0
43,137,7,2026230241,0,0,0,0,0.9641147229128932,1.0159452442002375,0.927641938846006,1.001191107320142,1.0038860226196995,0.9970569535486581,0.9970460045319443,none,0
43,137,8,2026230242,0,0,0,0,0.9647173675209986,1.0166163331796398,0.9041981475556781,0.9903093513709719,0.9998317785369786,1.0033064048832308,0.9968971513895349,none,0
43,137,9,2026230243,0,0,0,0,0.9637494663043598,1.0160100721374292,0.9327207074717507,0.999342680162178,1.0106944032008895,0.9935139799555802,1.0016134131595564,none,0
43,137,10,2026230244,0,0,0,0,0.9640523442845937,1.0161199195922401,0.9289877842565348,1.0008865466620658,1.0140960734000455,0.9995274225576081,1.0017722920157048,none,0
43,137,11,2026230245,0,0,0,0,0.9638902553537263,1.0159163439848635,0.9390129004935706,1.000568606469088,1.0064500221489183,1.004209794802393,0.9984267487113495,none,0
43,137,12,2026230246,0,0,0,0,0.9640125083967466,1.0159410186057773,0.925321853208354,1.0014170936605522,1.0026966162466624,0.9956565138052943,0.9995179928452681,none,0
43,137,13,2026230247,0,0,0,0,0.9639332707520862,1.0152742145053435,0.9259125274832162,0.9950177228934467,0.9851423242792331,1.0019423971199268,0.9955791365000424,none,0
43,137,14,2026230248,0,0,0,0,0.9636982179260899,1.0159458097120746,0.9348200596219263,0.9967074900706855,1.0038676064195682,1.0071692718285863,1.0057682910301113,none,0
43,137,15,2026230249,0,0,0,0,0.964669702154662,1.015190437038221,0.8953683556381464,0.9838511868611226,0.9791076503534331,1.0042172465333368,0.9977862575370369,none,0
43,137,16,2026230250,0,0,0,0,0.9643343583782987,1.0156456863938044,0.91269591719753,0.9916432660345116,0.9907322460181828,1.0019083506658013,0.9974801735059498,none,0
43,137,17,2026230251,0,0,0,0,0.9638188138727765,1.0144141680300789,0.9282693012047334,1.0034456900545226,0.9762073522977683,0.9963472523509415,0.9984731904505411,none,0
43,137,18,2026230252,0,0,0,0,0.9639000868286954,1.015541447517737,0.9300771726588929,1.0011083956433822,0.995624527105708,0.9977245433534939,0.9984944553564603,none,0
43,137,19,2026230253,0,0,0,0,0.9639319957374904,1.0154331598753945,0.9314797083826235,0.9978436947869558,0.9966955751783272,0.9989376206821645,1.0015601571660209,none,0
43,147,0,2026240324,0,0,0,0,0.9564276712846158,1.0105992101433166,1.4778293934212092,0.9998058598479211,1.000465688109922,0.9985325407824577,0.9987153026265674,none,0
43,147,1,2026240325,0,0,0,0,0.9564788726175689,1.0103994417711406,1.452508621704158,0.9967320851115516,0.9927373432483773,1.0012030020475131,1.0011421792933142,none,0
43,147,2,2026240326,0,0,0,0,0.9560747232967952,1.0102028016147486,1.5127733265818029,1.0154441490061223,0.998000085507999,0.9993237218547585,1.0042283189262429,none,0
43,147,3,2026240327,0,0,0,0,0.9570873156181481,1.0105388490864964,1.4241621644794542,0.9907410526225688,0.9914279402361145,1.001402599712728,1.0057501967593843,none,0
43,147,4,2026240328,0,0,0,0,0.9569474180222992,1.0101605625030103,1.455116710597634,1.0014890688104983,0.9857593612255496,0.9942616536737958,1.000654526257325,none,0
43,147,5,2026240329,0,0,0,0,0.9569109159044132,1.0106935322312205,1.4321685961976627,0.9895114664533576,1.009067447340115,1.0029941832349687,1.0042107259148458,none,0
43,147,6,2026240330,0,0,0,0,0.9571359122022058,1.0105925290843603,1.4382490027747359,1.0020187399800846,0.9991716520915537,0.9957799907490497,0.9995398537055346,none,0
43,147,7,2026240331,0,0,0,0,0.957040794226972,1.0105536827076937,1.437966455763289,1.000652157259598,0.9980813794141363,0.9928761760076602,0.9970252366119621,none,0
43,147,8,2026240332,0,0,0,0,0.9573607838720058,1.010667668641872,1.4416960415585147,0.9942551378521814,0.9945158560007058,0.9963986748448999,0.9984696922776558,none,0
43,147,9,2026240333,0,0,0,0,0.9565915592015634,1.0107851162195092,1.4361511747604496,0.9894954422563441,0.9961122881001796,0.9984716821924311,0.999023533520005,none,0
43,147,10,2026240334,0,0,0,0,0.9566165358407632,1.0107177651453987,1.4803533888916327,1.009870716495416,1.0048383060854271,0.9936199341755991,0.9967047143697199,none,0
43,147,11,2026240335,0,0,0,0,0.9576228787821348,1.0111995168989434,1.3762743406213882,0.9749221919919311,1.006122770430443,0.996587561501956,0.9965680160519846,none,0
43,147,12,2026240336,0,0,0,0,0.9558735099321002,1.0106247106346167,1.5172502961964847,1.0226600766816187,1.0105927130162513,0.9985655026199562,1.0039860291212896,none,0
43,147,13,2026240337,0,0,0,0,0.9570519611362663,1.0105673306018246,1.4031107531378084,0.9818609838569845,0.9841009050578812,1.0016244282058067,1.0024345902081127,none,0
43,147,14,2026240338,0,0,0,0,0.9565983179977372,1.0103535797057346,1.4704862023029237,1.0025321117626727,0.9939903083368113,0.9952295259781058,0.9977936579129042,none,0
43,147,15,2026240339,0,0,0,0,0.9563320040314338,1.010662549684795,1.4858555275118077,1.0076142293807213,1.0087152191774338,0.9992292463086809,0.9947227799010381,none,0
43,147,16,2026240340,0,0,0,0,0.956635354410023,1.0107083855821233,1.4881656588513401,1.0073214785733262,1.0094853783248339,0.9968435781714539,1.0109509878067684,none,0
43,147,17,2026240341,0,0,0,0,0.9558704521806038,1.0105427226649204,1.509012959746599,1.0146649228053835,1.0010014564514877,0.9964308742049013,0.9991322252016677,none,0
43,147,18,2026240342,0,0,0,0,0.9568369243355156,1.0104009318518092,1.4720301338715416,1.0084870514994646,1.0000263450585483,0.9955007718818412,0.9956169358189025,none,0
43,147,19,2026240343,0,0,0,0,0.9568569781133798,1.0104988114561007,1.4546769261565011,0.99630440301878,1.0075249733562137,0.9942993580849357,1.008544516309407,none,0
43,159,0,2026252432,0,0,0,0,0.9633126242316783,1.0132451498358153,0.8260745139731487,0.9908044196021313,0.9995285526757975,0.9989346645489423,0.9982960261357847,none,0
43,159,1,2026252433,0,0,0,0,0.9628286515069061,1.0123501842161644,0.8536954327940607,0.9986748743323242,0.9947519325959677,1.0009314304830887,1.0029215025670297,none,0
43,159,2,2026252434,0,0,0,0,0.9623410295257332,1.0126286245368048,0.859412456626493,1.0023404835602976,1.0068918300247025,1.0003478126802405,1.000959756573949,none,0
43,159,3,2026252435,0,0,0,0,0.9627232817168949,1.013116070954048,0.8707936710841226,1.014482854863284,1.018751557094912,0.9953232187958495,0.9992294940862774,none,0
43,159,4,2026252436,0,0,0,0,0.9620347939303592,1.0127146830736988,0.8822755980283257,1.0064000824862542,1.0103347061638377,1.0042845892820815,0.9955725821593473,none,0
43,159,5,2026252437,0,0,0,0,0.9627062497305591,1.0119625288634628,0.861855726563453,1.0082202640749767,0.9932554851544514,0.9947371665228036,0.993934862480007,none,0
43,159,6,2026252438,0,0,0,0,0.9620809012703984,1.0119618507187695,0.864729936662466,1.0044664031046528,0.9900251338095334,1.0014084403268322,0.9998010854587538,none,0
43,159,7,2026252439,0,0,0,0,0.9626858707580686,1.0140585033867335,0.8279981751459274,0.9789177637565548,1.0185266338297365,1.0009367853854902,1.0094159111516403,none,0
43,159,8,2026252440,0,0,0,0,0.9632131717253737,1.0133355932046133,0.8320317178987027,0.9886589591449645,1.0029267859246636,1.0027013213975875,1.0071624264400802,none,0
43,159,9,2026252441,0,0,0,0,0.9621729218911166,1.0123389666014617,0.8605881545191213,1.0014504334126568,0.9890715813943797,1.009511118400543,1.0005422651423395,none,0
43,159,10,2026252442,0,0,0,0,0.9627141959655532,1.0128493904777611,0.8503883032253111,1.0013268609360388,1.0064099472151995,0.9951576280973787,1.0010455893360126,none,0
43,159,11,2026252443,0,0,0,0,0.9621620304343194,1.012060940564936,0.8683745959121392,1.0041286727062801,1.0065521107020758,1.0011008028867936,0.9984477092905053,none,0
43,159,12,2026252444,0,0,0,0,0.9620929239531191,1.01328741807422,0.8578985221517834,0.9952422530820393,1.0062520366307395,1.0083872644189753,0.9961350613542966,none,0
43,159,13,2026252445,0,0,0,0,0.9631720811595821,1.0134392431765171,0.8349630140932719,0.9906934166906102,1.0079666654880481,0.9921181464579703,0.9989869176046445,none,0
43,159,14,2026252446,0,0,0,0,0.9633638090533548,1.0131242906276823,0.8160771785886404,0.9797769313460268,1.001587426736646,0.9999194567352202,1.0084303165643096,none,0
43,159,15,2026252447,0,0,0,0,0.9618696736603138,1.0119651981478324,0.875461421844076,1.0063954740294676,0.9944803015587148,1.0055392370902547,0.998027278353464,none,0
43,159,16,2026252448,0,0,0,0,0.9621840727551328,1.0124625040128348,0.8730442441441257,1.008606138540786,1.0023923769591152,1.0006766112082928,0.9932363151411638,none,0
43,159,17,2026252449,0,0,0,0,0.962325119667345,1.0119281158122069,0.8676904790936115,1.0107749391915524,0.9947544217583796,0.9985648284391909,0.998672202697588,none,0
43,159,18,2026252450,0,0,0,0,0.9628063581664201,1.012159272582045,0.8495313054396767,0.9983892431579455,0.9905351681004262,0.9993946163902999,0.9981049218142293,none,0
43,159,19,2026252451,0,0,0,0,0.9631921975973688,1.0132846868582952,0.8303782438593105,0.9902490555853517,1.0059339710413853,0.9942484890447834,0.9998401662161388,none,0
43,220,0,2026313981,0,0,0,0,0.9591391612409571,1.0068119498206038,1.2914207613003594,0.9938930265812796,1.0003483274149467,1.0020529318251903,1.0052904528411923,none,0
43,220,1,2026313982,0,0,0,0,0.9592524012830488,1.0065652239681675,1.3168855578382486,1.0035706129162272,0.9802293000225825,0.9902930554653804,1.0059173150648344,none,0
43,220,2,2026313983,0,0,0,0,0.9587298111359961,1.0067134744125394,1.3286565110534498,1.0015605320252463,0.9916127951096524,1.0016875309111213,1.0029905321404085,none,0
43,220,3,2026313984,0,0,0,0,0.9587282658426571,1.0067450829141475,1.3186901570670042,0.9997841422667251,0.9890891027633016,1.000420381288478,1.0008645820763034,none,0
43,220,4,2026313985,0,0,0,0,0.9583696168891961,1.0067319855598376,1.367905135403428,1.0134417754800389,1.0046998252985915,1.003595661088402,1.001516822516045,none,0
43,220,5,2026313986,0,0,0,0,0.9591812316895687,1.00695978806475,1.3042058887446404,0.9958080784475761,1.0002741780285531,1.0018840437407275,0.9999854824113175,none,0
43,220,6,2026313987,0,0,0,0,0.9589563061699445,1.006730262907774,1.307058742486518,0.9979550919115185,1.002922337890227,0.9940962575730496,1.001828280197947,none,0
43,220,7,2026313988,0,0,0,0,0.958893991501196,1.0066481047023068,1.3111414290480279,1.0008342278328812,0.9940519568723892,1.0001279473202809,0.9971415124328116,none,0
43,220,8,2026313989,0,0,0,0,0.9588150987037328,1.0071699527090436,1.330087888418949,1.0049989275316982,1.008529135274521,1.013120660530231,1.0065023785981928,none,0
43,220,9,2026313990,0,0,0,0,0.9596707941320016,1.0069408276694607,1.2891369673225372,0.9955724951428488,0.999842097564989,1.0019556723214265,1.0015631715789526,none,0
43,220,10,2026313991,0,0,0,0,0.959231812379311,1.0067805299825898,1.2676750735242484,0.9781356444443713,1.0026152887144548,1.001068956258048,0.9980724757438098,none,0
43,220,11,2026313992,0,0,0,0,0.958668032648997,1.0065151803370627,1.326507650795152,0.9995920089366457,0.9924214257011604,1.001858882182355,0.9979511792253535,none,0
43,220,12,2026313993,0,0,0,0,0.9593366811283711,1.0069092414751382,1.3128336241302956,0.9987019614697166,0.9915598823903354,1.0047920193530948,1.0010159848359712,none,0
43,220,13,2026313994,0,0,0,0,0.9595842175112618,1.0067993185651851,1.298060478324987,1.0018615632117107,1.0105183885575482,0.9913491494608508,1.0031932023738577,none,0
43,220,14,2026313995,0,0,0,0,0.9588492843643998,1.0070911795653987,1.3321841057034425,1.0051021665973672,1.0019681333174244,1.0028196235322315,0.9946918146238073,none,0
43,220,15,2026313996,0,0,0,0,0.9583048251139777,1.0067067239375949,1.367566956820436,1.0137850945406761,0.9947760777376322,1.0036228165232715,1.0033230085321934,none,0
43,220,16,2026313997,0,0,0,0,0.9591088660106182,1.0069461388238308,1.31067112594295,1.0008981964439536,1.0122801284772847,1.0004462973467092,0.9977795601672989,none,0
43,220,17,2026313998,0,0,0,0,0.9596766920417854,1.0067939606604097,1.2994651169872034,1.0007505328885442,1.0008840009077071,0.9931545026675084,1.0028604616784538,none,0
43,220,18,2026313999,0,0,0,0,0.9596989752080273,1.0067932974582945,1.3014361000219765,0.9983087075659975,0.9939547363814197,0.9988171766653334,1.0042103228371653,none,0
43,220,19,2026314000,0,0,0,0,0.9590726579470777,1.0067252066110166,1.2916094588731226,0.9879973412641317,1.0020306897492535,1.007296659316819,0.9929702018204407,none,0
43,236,0,2026330125,0,0,0,0,0.9636477689669839,1.0180733249016702,0.8145607564530848,1.0048123468351464,1.0101944651601675,0.9947217315885769,0.9970633447656531,none,0
43,236,1,2026330126,0,0,0,0,0.9631509313560032,1.0177015733831039,0.8243534062666464,1.0076132125361799,0.9931694261827531,0.9990028449193946,0.9998678595286256,none,0
43,236,2,2026330127,0,0,0,0,0.9640482820272617,1.0186726006109303,0.7940149245831679,0.9880636411112688,1.0048420144196384,0.9976897994874774,0.9962493794630047,none,0
43,236,3,2026330128,0,0,0,0,0.9635391818303222,1.0189254882787837,0.818960088313364,1.0050360841517738,1.0085104372650073,1.0041333688874032,0.999808717815674,none,0
43,236,4,2026330129,0,0,0,0,0.9636255079611917,1.0188363145581198,0.8332980759276948,1.0128868211379372,1.0183618610776242,1.0002116935632666,0.9992499030793525,none,0
43,236,5,2026330130,0,0,0,0,0.963399631096829,1.0180002736841558,0.8310128491956565,1.011040992614643,1.0019548153500089,1.0014566689928137,1.0004183232686898,none,0
43,236,6,2026330131,0,0,0,0,0.9647451269716938,1.0186132261221652,0.7767928235459396,0.9803515313869348,1.0070711868898807,0.9896550892779113,0.9998760022337686,none,0
43,236,7,2026330132,0,0,0,0,0.9635164497248531,1.0180463958800305,0.8162497426548041,1.0060786031410174,1.0067039755166265,0.9983433367609783,0.9978431558432524,none,0
43,236,8,2026330133,0,0,0,0,0.9639875745918824,1.0169360919649533,0.7953562051281562,0.9943004172690064,0.975796548675247,0.9969682814994656,0.9969528322476666,none,0
43,236,9,2026330134,0,0,0,0,0.964061998864468,1.0188721924804776,0.7980036889635338,0.9847280540529847,1.004838495928013,1.0071014802386318,0.9985401329864193,none,0
43,236,10,2026330135,0,0,0,0,0.9633725397296335,1.017792465371649,0.8318172716430288,1.0134296498189737,0.9965753567129368,0.9984951741614717,1.0035729739620136,none,0
43,236,11,2026330136,0,0,0,0,0.9647399104938682,1.018454323467973,0.7843327641944013,0.9864834553225676,0.99664737279916,0.9932936226022283,1.010037736205697,none,0
43,236,12,2026330137,0,0,0,0,0.9637649833082736,1.018159961574328,0.8084404098540304,1.0025050012944543,1.0037458661137275,0.9982983793102836,1.0004111131482056,none,0
43,236,13,2026330138,0,0,0,0,0.9633771840489201,1.0186935687900736,0.8104753242628989,0.9978905836737555,1.0022161862468708,0.9972568036466014,1.001331324018986,none,0
43,236,14,2026330139,0,0,0,0,0.9631643983720695,1.017544100122972,0.835151079957387,1.015421750123373,0.9957297174573245,1.0033803577415568,0.9996018469003606,none,0
43,236,15,2026330140,0,0,0,0,0.9629470762408668,1.0180872989193863,0.8343351906354785,1.011580374479752,1.0078746562667273,1.0005334905199275,1.0043625686117095,none,0
43,236,16,2026330141,0,0,0,0,0.963481037330192,1.017773989597715,0.8154046850492936,1.001818186684743,0.996879961426031,0.9986095868503566,0.9983918196148496,none,0
43,236,17,2026330142,0,0,0,0,0.9645341693210978,1.0184617542063232,0.7764438624696401,0.97950154169924,0.9962433466486449,0.9981900648796727,1.0023931653845188,none,0
43,236,18,2026330143,0,0,0,0,0.9638697601992365,1.018282634111867,0.810243910894239,0.9932218045832446,1.0056475567182952,0.9991838647489957,0.9978299905245667,none,0
43,236,19,2026330144,0,0,0,0,0.9636270816592758,1.018167367760784,0.8128416774945214,0.9966501183445954,1.0030068224638156,0.9985538384591237,0.9958401334161664,none,0
43,241,0,2026335170,0,0,0,0,0.9578231293477367,1.003587942307714,1.3652032180990217,0.984428733673771,1.0087744725416385,0.997996626931242,1.0004595302897825,none,0
43,241,1,2026335171,0,0,0,0,0.9582657535399478,1.0036635398562912,1.3799092447820849,0.9974626344482661,1.0103734799064277,1.0007930451962632,1.002194877652374,none,0
43,241,2,2026335172,0,0,0,0,0.9585073180364245,1.0036236742878177,1.381238668522885,0.9993519581515377,1.0077726735970403,0.9951846103739405,0.9993892424919424,none,0
43,241,3,2026335173,0,0,0,0,0.9577513424912575,1.0036457334279554,1.3903139425743718,1.0012767446180455,0.9995815273920956,0.9984900790677794,0.9984670563961137,none,0
43,241,4,2026335174,0,0,0,0,0.9577840493827178,1.0035338912700258,1.4025281658122073,1.0034014061304886,1.0042040594070696,1.0032019771238367,1.0012982630949774,none,0
43,241,5,2026335175,0,0,0,0,0.9571795317226028,1.0034634944201,1.4161567913773172,1.0035145556011382,0.9959491894839982,1.0066056063244917,0.9940068875275345,none,0
43,241,6,2026335176,0,0,0,0,0.9585007429793864,1.0036590550039457,1.3352918066652815,0.9855008017161608,1.002197847353431,1.0010252025052246,1.0001900939428203,none,0
43,241,7,2026335177,0,0,0,0,0.958074017609729,1.003740901530501,1.384140005500002,1.0006978516790013,1.0124320530248645,1.0005546504217468,0.9976585475375904,none,0
43,241,8,2026335178,0,0,0,0,0.9572804558407707,1.0034626179018988,1.4213433755237412,1.008958295918297,1.0139263562397398,0.9988765854481316,1.0000924463172929,none,0
43,241,9,2026335179,0,0,0,0,0.9587185954122255,1.0035812981863452,1.3375219523398412,0.9900135431722111,1.0138908324128415,0.9926533166387094,0.9966418155165154,none,0
43,241,10,2026335180,0,0,0,0,0.9584645692919613,1.0034830566614104,1.3690934126735124,0.9979065447269244,1.0015858018035817,0.9991408235856714,0.9938281441560969,none,0
43,241,11,2026335181,0,0,0,0,0.9587040423767148,1.0035585101105051,1.356379418718576,0.9944136842769282,0.9980308306527247,1.0024721579428628,0.9914478404230701,none,0
43,241,12,2026335182,0,0,0,0,0.9586270223202237,1.003563429221834,1.3592419135183744,0.9993651076637299,1.0065515488234498,0.9982206885011403,1.0008610450087065,none,0
43,241,13,2026335183,0,0,0,0,0.9585224915649121,1.0034563626757893,1.3722892843583148,0.9982662847228955,0.9909564357935442,0.9981553126903101,1.0078220096122243,none,0
43,241,14,2026335184,0,0,0,0,0.9579883708939856,1.0037359727265422,1.3627685844157746,0.9879913681734266,1.0103657299086537,0.999544860789248,0.9974240715739032,none,0
43,241,15,2026335185,0,0,0,0,0.9586250772603375,1.0036839346188158,1.371605453949283,1.0012710390756563,1.0017011608279842,1.0067769174104764,0.9971184861383827,none,0
43,241,16,2026335186,0,0,0,0,0.9583688797671011,1.0032918477901016,1.4024629238134965,1.0106592968950372,0.9756728057646099,0.9970344619988954,1.0021025554591656,none,0
43,241,17,2026335187,0,0,0,0,0.9585944562974946,1.0035208113843663,1.33757798198253,0.9814221669556469,0.9868593157003845,0.9999766973525549,0.9992457590724849,none,0
43,241,18,2026335188,0,0,0,0,0.9572344342570082,1.0036186698685097,1.4200128454495038,0.9995026307744865,1.0233749683150528,1.001075467883865,1.0022135981813343,none,0
43,241,19,2026335189,0,0,0,0,0.957339592028763,1.0033685866974442,1.458746477065931,1.0205137041421541,0.993737501836208,1.0017979601282445,1.0033065967204293,none,0
43,245,0,2026339206,0,0,0,0,0.954996864714011,1.006697249982942,1.4797452700091682,1.0017388701998589,0.9929720879461029,1.0049783937012327,1.002302405535311,none,0
43,245,1,2026339207,0,0,0,0,0.9549306252790352,1.0067240106254964,1.5274778861018565,1.016690407151674,1.004915201458422,1.0064851628286984,1.0017246387987278,none,0
43,245,2,2026339208,0,0,0,0,0.9557525701267098,1.0067147623635906,1.4667480029610604,0.9960922097107409,0.9948931635615015,1.00492519373343,0.9992203089757992,none,0
43,245,3,2026339209,0,0,0,0,0.9561116047265965,1.0068614112348393,1.4555854821774339,0.9943985209483416,0.9922369533409628,1.004212094608005,1.0014349328681817,none,0
43,245,4,2026339210,0,0,0,0,0.956462601597907,1.0067192398741758,1.4238303792372717,0.9933360700648176,0.9916949509331906,0.9960156292784769,1.0024127696578689,none,0
43,245,5,2026339211,0,0,0,0,0.9553323258187875,1.0066794620945407,1.498227329499504,1.0095559518277573,0.9941029787114986,0.9972178690596099,0.9973608563521819,none,0
43,245,6,2026339212,0,0,0,0,0.956654109731163,1.0069326143483526,1.412360298559762,0.9912211435520516,0.9954192588935591,0.9950169243312365,1.0054573847192294,none,0
43,245,7,2026339213,0,0,0,0,0.955982848723904,1.0067982702564795,1.4614583466586473,1.0000233812975272,0.9947266025201554,1.0063271753300744,0.9993862263975528,none,0
43,245,8,2026339214,0,0,0,0,0.9561439850764617,1.0067936501231456,1.4492235295297526,0.9948338840436031,1.0034070929921566,0.9907563084336012,0.9949667277381364,none,0
43,245,9,2026339215,0,0,0,0,0.9556330562160611,1.0066891375855664,1.4777893482326978,1.0016510710170452,0.9986662871923746,1.0054950352051444,1.0015658743192435,none,0
43,245,10,2026339216,0,0,0,0,0.9555985270106788,1.0066466205317983,1.4827802009387065,1.005873853971599,0.9959047830678944,0.9995296466346523,0.9976357092223882,none,0
43,245,11,2026339217,0,0,0,0,0.9554441361293241,1.0063703577002447,1.5012855865449906,1.0117588445021277,0.9696524396345185,0.997804171077523,0.9996015989096071,none,0
43,245,12,2026339218,0,0,0,0,0.9553096764821314,1.0066214238004862,1.4976268259989836,1.011470008425754,0.9898145262194465,0.9928556712781327,0.99807795183453,none,0
43,245,13,2026339219,0,0,0,0,0.9557828409595511,1.0067358791179102,1.4623474983624696,0.9995783460432948,0.9926574636578275,0.9965015230839829,1.0001011745325685,none,0
43,245,14,2026339220,0,0,0,0,0.955736275412024,1.006760529422203,1.5051434605597371,1.0146089013262591,1.0024304677168971,1.000078421953003,1.0013716658918315,none,0
43,245,15,2026339221,0,0,0,0,0.955304075378455,1.0065404941331615,1.5015971128827084,1.0083879170434968,0.9931470077205105,0.996596474240846,1.0030386304445116,none,0
43,245,16,2026339222,0,0,0,0,0.9560805823676704,1.0065639507289619,1.4593616064533377,1.0024886460584033,0.9936874855944632,1.0008245260417652,0.9972651322167774,none,0
43,245,17,2026339223,0,0,0,0,0.9551617460451548,1.0065896149410682,1.5255956572431746,1.0159800963278078,0.9884385834863735,1.0013664149521424,1.0015522036477187,none,0
43,245,18,2026339224,0,0,0,0,0.9548426680180208,1.0065150594696912,1.5221668052169184,1.0128215343968314,0.9961684869722479,0.9974643906845369,1.0042016021984312,none,0
43,245,19,2026339225,0,0,0,0,0.9553065762666245,1.006968150572147,1.474048967719446,1.000632539773172,1.0216285567613723,1.0068224111727573,1.0021317404649688,none,0
43,257,0,2026351314,0,0,0,0,0.9612138916038041,1.019907594081221,0.8761387094033171,0.9996526446925812,1.000439472748635,1.0092481507566053,1.0051025038488668,none,0
43,257,1,2026351315,0,0,0,0,0.9613428398199557,1.0195346441236506,0.8742291922613019,1.0089736519181138,0.9991325310573328,0.9996027704415135,1.0042675319028131,none,0
43,257,2,2026351316,0,0,0,0,0.96154301867656,1.0200032800894951,0.8712003474501953,1.0053582891466049,0.9937042811582965,1.0027288196311042,1.000582330217935,none,0
43,257,3,2026351317,0,0,0,0,0.9624270602592875,1.0195772683993205,0.8270294990680142,0.9892241480075314,0.9859715248102668,0.9916332340214727,1.0058882445282988,none,0
43,257,4,2026351318,0,0,0,0,0.9601836628053476,1.0189517604186495,0.9072528979198566,1.0169006852714884,0.9885632882821046,1.0061979516452895,0.996454803895662,none,0
43,257,5,2026351319,0,0,0,0,0.9615451551041065,1.0196058642051844,0.8641657585131758,1.0006468002518085,0.9932080166372705,1.0032488781090527,0.9991529983573252,none,0
43,257,6,2026351320,0,0,0,0,0.9612759558317981,1.0206399432773974,0.8746860636683281,1.0091476281712644,1.013742196022864,0.9974066296274857,1.001601524867846,none,0
43,257,7,2026351321,0,0,0,0,0.9610592476069278,1.019832402374782,0.8598925585342545,0.9960361294817626,0.9857433151508833,1.0006218891832166,1.0074107653902857,none,0
43,257,8,2026351322,0,0,0,0,0.9609819296341813,1.0196321835399562,0.8818041303441876,1.0073892512084022,1.0051221623591156,0.9979545440793706,1.002206273353348,none,0
43,257,9,2026351323,0,0,0,0,0.9617366114142459,1.01994517354724,0.8723488041407562,1.0125379034260464,1.0037462584438595,0.998822872379924,0.9973597601928409,none,0
43,257,10,2026351324,0,0,0,0,0.9619206757437745,1.0192417555147537,0.8421680908462554,0.985993024039977,0.9770300348187811,0.999750592874005,1.0075694131255497,none,0
43,257,11,2026351325,0,0,0,0,0.9613419663193504,1.0200039785418562,0.8776692843475059,1.0148478476945448,1.006244153186623,0.9965224838768609,1.0063305666024567,none,0
43,257,12,2026351326,0,0,0,0,0.9613942957665982,1.019005585844574,0.8707110074318266,1.0110398539179588,0.9868269249325783,0.997961822841509,1.0000154545953654,none,0
43,257,13,2026351327,0,0,0,0,0.9618712260566863,1.0206353120157778,0.8504267208865985,0.9915736100965078,1.0039840698097815,1.0023515400962877,1.0006994373976958,none,0
43,257,14,2026351328,0,0,0,0,0.959997133418519,1.018316711636541,0.9246958469412171,1.0305132011267495,0.9816911243917237,1.0039864418181474,1.0068700877714793,none,0
43,257,15,2026351329,0,0,0,0,0.9613923958612363,1.0202681435065186,0.8720859035916655,1.0078829944761178,1.0049915863688161,1.0013076300204495,1.0011600440601858,none,0
43,257,16,2026351330,0,0,0,0,0.9615420666821858,1.0201621065560127,0.8638777270761163,0.9994366859902737,1.004332229555319,0.9990300155442495,1.0005185359126458,none,0
43,257,17,2026351331,0,0,0,0,0.961021835551606,1.019751122563435,0.8819606586789394,1.010255076008763,0.9941571319927944,1.0018207395272762,0.9848260272797975,none,0
43,257,18,2026351332,0,0,0,0,0.9606407990077663,1.0201090692113866,0.8967600227093429,1.017667399129177,1.0095152486021346,1.0023829979067183,1.0008420809326792,none,0
43,257,19,2026351333,0,0,0,0,0.9624401794231753,1.019675505715878,0.8330430073129755,0.9888619993076427,0.9868449942015245,0.9985356851079996,1.0058290035408175,none,0
43,282,0,2026376539,0,0,0,0,0.9532415926019566,1.0074926140439524,1.6576895590687768,1.0096604352536276,1.001442669840517,0.9910737249270372,1.0061355478410317,none,0
43,282,1,2026376540,0,0,0,0,0.9530467806787519,1.007492621134795,1.625144320639771,1.0006444393187102,0.9958599017102325,0.9956009964641015,1.0053511187415571,none,0
43,282,2,2026376541,0,0,0,0,0.9532957636586024,1.0077761694115217,1.5549123955772177,0.9796190198038667,0.9905047675748054,1.0019543851654582,0.9913205511667331,none,0
43,282,3,2026376542,0,0,0,0,0.9525927090906009,1.007864057506631,1.5931571969851819,0.9892433742368018,0.9932439366899405,1.0030036471236394,0.9954612115556817,none,0
43,282,4,2026376543,0,0,0,0,0.9533125343167265,1.0080984596225613,1.5543442237022127,0.9793468982532852,1.0001759602359697,1.0016337443090515,0.9942978141573828,none,0
43,282,5,2026376544,0,0,0,0,0.9534698239633063,1.0078685350111283,1.551009270275721,0.9775780105976694,1.0150091087887223,0.9974141830332999,1.004093158672412,none,0
43,282,6,2026376545,0,0,0,0,0.9535531690453516,1.0081018426625517,1.7096106645272757,1.0256370955684455,1.0073386921640113,1.0015976188360503,0.9999578050669019,none,0
43,282,7,2026376546,0,0,0,0,0.95279608234104,1.0078372409796212,1.6238883345033006,1.0014446455456678,1.001248321619123,1.0051984853286866,1.0014498515525243,none,0
43,282,8,2026376547,0,0,0,0,0.9533571470442307,1.007828961127602,1.6071539148631764,0.9982022164159059,0.999900031740968,1.0014410592169736,0.9959409404919601,none,0
43,282,9,2026376548,0,0,0,0,0.9530217176098237,1.0076738877851796,1.6185895429481814,0.9962099530299239,0.9990926654220246,1.002001685263462,0.9976951749801228,none,0
43,282,10,2026376549,0,0,0,0,0.9537283491498428,1.0078038563399214,1.5410670075749893,0.9781601496715019,0.996129627150995,0.9974486685756195,0.997698038249635,none,0
43,282,11,2026376550,0,0,0,0,0.9527146641803345,1.007767465577261,1.6532782876334349,1.0084908113075264,0.9926349399921403,1.0002795389438075,0.9999768145008958,none,0
43,282,12,2026376551,0,0,0,0,0.9529224420023983,1.0080661959145243,1.6592844231440615,1.0056503563294052,1.0086193876979888,1.0043956967011076,1.0005272928005209,none,0
43,282,13,2026376552,0,0,0,0,0.9536257110139773,1.0081308907105553,1.6074614744840896,0.9994372875977936,1.0247502075816004,1.0009791588130805,0.9960141763665841,none,0
43,282,14,2026376553,0,0,0,0,0.953190445704214,1.0079791461212015,1.628491240170143,1.002702191583935,1.005668093966749,0.9973064367379931,1.0019774879819794,none,0
43,282,15,2026376554,0,0,0,0,0.9531029974840339,1.0077547817093835,1.6762475563642438,1.0187156443045622,1.0074532641883518,0.9976428255776879,1.0027486963507306,none,0
43,282,16,2026376555,0,0,0,0,0.9533511288696515,1.0078490273991951,1.590608845170697,0.9892794243188876,0.9882807724549982,0.9901995172103608,1.0026796026037474,none,0
43,282,17,2026376556,0,0,0,0,0.9530768508970955,1.0077128909690067,1.65661943549249,1.0107013777353453,0.9997998051715192,0.9995131921707607,0.997316159926801,none,0
43,282,18,2026376557,0,0,0,0,0.9527113742022835,1.0076855648614353,1.6241005407653926,0.9963524707654051,0.9840332976561831,0.9972094352656388,1.007278045756845,none,0
43,282,19,2026376558,0,0,0,0,0.952189122506324,1.0076856566276502,1.68988070158838,1.008927851523292,0.9884022835320639,1.0093033762129928,1.0012687051716593,none,0
43,295,0,2026389656,0,0,0,0,0.9524708103875417,1.0,2.0883457090426796,1.0069704695705766,0.9949255920099702,0.9975109207741397,1.0029655089748375,none,0
43,295,1,2026389657,0,0,0,0,0.9526361205197305,1.0,2.0491422717860894,0.9984916795886393,1.0189586114240885,1.0041949171604727,1.0021141404950336,none,0
43,295,2,2026389658,0,0,0,0,0.9525622565689565,1.0,2.0712695481485466,1.001840049732318,0.9910720304566641,1.0006749741266387,1.0072008325055328,none,0
43,295,3,2026389659,0,0,0,0,0.9533709109320351,1.0,1.9057672517613806,0.9750696176563242,1.0007980601998172,0.9999427015660758,1.0038747095781537,none,0
43,295,4,2026389660,0,0,0,0,0.9529220967211097,1.0,2.020063389140915,0.9967513986166803,0.9959633619441763,0.9926630305665225,1.0045520020410654,none,0
43,295,5,2026389661,0,0,0,0,0.9518096551938917,1.0,2.0939242031357232,1.0023021527567884,1.000352792970908,1.0076777852649346,1.0018527350336317,none,0
43,295,6,2026389662,0,0,0,0,0.9533062914390147,1.0,2.0275455486020655,1.0012381951465668,1.0003869875213267,0.9976578545298838,1.0065606243318252,none,0
43,295,7,2026389663,0,0,0,0,0.9526382968074485,1.0,2.088128783657701,1.0085900983049099,0.9962993962762304,1.007925551252887,1.000035774657162,none,0
43,295,8,2026389664,0,0,0,0,0.9529322949375353,1.0,2.0463076044252313,0.9997665619307556,0.996961859628241,0.9993967465467076,1.0039889920347305,none,0
43,295,9,2026389665,0,0,0,0,0.9532068421636145,1.0,2.011657429669437,0.9938643374005502,1.0057257761387786,0.9970108359962353,1.0077307203467734,none,0
43,295,10,2026389666,0,0,0,0,0.9522713718445783,1.0,2.049385636106264,0.9986848461907836,1.0094885629295163,1.0040438865894512,1.002395870104377,none,0
43,295,11,2026389667,0,0,0,0,0.9526371671960702,1.0,2.0554410666733958,1.0018662291213136,1.0009271457280517,0.9967240549603907,1.000617150682355,none,0
43,295,12,2026389668,0,0,0,0,0.9533998930337008,1.0,2.007352860511403,0.9970111871988144,1.0005989023995079,0.9960469749232874,1.0045462659119324,none,0
43,295,13,2026389669,0,0,0,0,0.9527991949380734,1.0,2.049647232847244,1.002243951013093,1.0038416677547128,1.001439160387378,1.0018230591966437,none,0
43,295,14,2026389670,0,0,0,0,0.9527490724126854,1.0,2.0378142298173447,1.0024365513771754,1.0024869413420319,1.004863090338946,1.0000991218047492,none,0
43,295,15,2026389671,0,0,0,0,0.9539046316339529,1.0,1.9673548059692987,0.9930648866157264,1.0088995601068278,0.9884314559327507,0.9938621442093355,none,0
43,295,16,2026389672,0,0,0,0,0.9527291057722841,1.0,2.013737935154278,0.995509882956308,1.0039310053235397,1.0035215923967544,1.0004066031142678,none,0
43,295,17,2026389673,0,0,0,0,0.9527188242896325,1.0,2.0244790698715525,0.9949711247489988,1.0192436575786779,1.0008910374470397,0.9987639007810754,none,0
43,295,18,2026389674,0,0,0,0,0.9516654252829617,1.0,2.0760501652799572,0.9950538206562018,0.9997084612572696,1.0045620245828568,1.0036838425127805,none,0
43,295,19,2026389675,0,0,0,0,0.9528189642843033,1.0,2.0537280690465507,1.0056176986880874,1.0204312976865335,0.9983454922077397,0.9987489306055422,none,0
43,299,0,2026393692,0,0,0,0,0.9572624390725966,1.0,1.2067370574726695,0.9956302615253599,0.994502790039114,1.000870621048102,1.0041249782410029,none,0
43,299,1,2026393693,0,0,0,0,0.9581984081795453,1.0,1.171562222384367,0.9920113754896895,0.9827866503079671,0.9987788831944868,0.9993222418871729,none,0
43,299,2,2026393694,0,0,0,0,0.9572214653599904,1.0,1.211116328946187,1.0092896032349652,1.0080725373210095,1.0062638460175766,0.9980921706545193,none,0
43,299,3,2026393695,0,0,0,0,0.9575136677899352,1.0,1.2295429708070704,1.0127743657417594,0.9856629254072589,1.0008133831785702,0.998942772074957,none,0
43,299,4,2026393696,0,0,0,0,0.9575860147404076,1.0,1.2027181216252936,0.9991018071684618,1.0037775211512265,0.9987553143984663,1.000553544664969,none,0
43,299,5,2026393697,0,0,0,0,0.9578162262687117,1.0,1.1942796922179153,0.998804223040228,0.9871680460956768,1.0071016520145035,0.9975417165915363,none,0
43,299,6,2026393698,0,0,0,0,0.9581211735244805,1.0,1.202117822885596,1.0065602044775834,1.0027955175843664,0.9935887334050033,0.9988985098029428,none,0
43,299,7,2026393699,0,0,0,0,0.9566604185980565,1.0,1.2773138870996654,1.0263239890948117,0.9898477612690004,0.9988907274447438,1.0035232371639105,none,0
43,299,8,2026393700,0,0,0,0,0.9575699214213441,1.0,1.1837939939431135,0.9930678001503773,1.0015892502279908,1.001076632251952,0.9932356723432005,none,0
43,299,9,2026393701,0,0,0,0,0.9580241543626722,1.0,1.1809334479006173,0.9919850031905897,0.9944658550717391,0.999357400391235,1.001728236772255,none,0
43,299,10,2026393702,0,0,0,0,0.9586809492620674,1.0,1.1600431802493145,0.9971725199508202,0.996016387315532,0.9986359159575373,1.003534700412061,none,0
43,299,11,2026393703,0,0,0,0,0.9579454531150043,1.0,1.1943512485764636,1.0030790354387524,1.0104771057942015,0.9995428621389164,0.9991099893011782,none,0
43,299,12,2026393704,0,0,0,0,0.9577398557469637,1.0,1.1988296008730086,1.0002616593241556,1.0085733281203366,1.0021442590641432,1.002048087958792,none,0
43,299,13,2026393705,0,0,0,0,0.9585125348484076,1.0,1.1661543831491166,0.9844364960644014,0.9892627108495626,0.9971181111206352,1.00424750464752,none,0
43,299,14,2026393706,0,0,0,0,0.9581827135151718,1.0,1.189278181706923,1.0011957122316724,1.001042240332196,0.9983610855937205,1.0042235548989744,none,0
43,299,15,2026393707,0,0,0,0,0.9574815497309596,1.0,1.2028482106067966,1.0011036741495163,1.0087331013026735,0.9993099188788195,0.9984305217840814,none,0
43,299,16,2026393708,0,0,0,0,0.9573501137338156,1.0,1.219676497208531,1.007276110070676,1.0161485336070417,0.9985747980456173,1.000183804608339,none,0
43,299,17,2026393709,0,0,0,0,0.9570626564969578,1.0,1.2193182499554605,0.9957277077904093,1.0099423748594103,0.9986894021633999,0.9981844773694938,none,0
43,299,18,2026393710,0,0,0,0,0.9578741898345382,1.0,1.1888320027392438,0.9990637030784077,1.0004748046472267,1.0004603705353936,1.0007219234057052,none,0
43,299,19,2026393711,0,0,0,0,0.9569872602083391,1.0,1.2349837234337762,1.0101878046083697,1.0000963356493413,1.005097772641502,0.9925057080112288,none,0
44,4,0,2026096037,0,0,0,0,0.9561183735647655,1.0001861525080271,1.3245278586845257,0.9949334932774142,0.9937959184534741,1.0021017550347773,0.9994884270672304,none,0
44,4,1,2026096038,0,0,0,0,0.9573728267944468,1.0003592154513714,1.2760414134515037,0.9841835967575754,1.0047182342075218,0.9995045769055387,0.9951229312104793,none,0
44,4,2,2026096039,0,0,0,0,0.9572810850836985,1.0002541313944295,1.3067549752076586,0.998559773826619,0.9954897380440968,1.0039239343224682,1.003366481728321,none,0
44,4,3,2026096040,0,0,0,0,0.9570210148219762,1.0002273958952173,1.3112477816617947,0.9997965580469068,1.0047767465714135,1.0045050013028045,1.0024633798803761,none,0
44,4,4,2026096041,0,0,0,0,0.9569190414549427,1.000149827839468,1.3023969312599253,0.9905184188730606,0.9792354004101249,0.9993286767866212,1.0019242281844574,none,0
44,4,5,2026096042,0,0,0,0,0.9563784115914681,1.000242575857146,1.3418703424059293,1.0087581050721601,1.006117200337815,1.0023483589403355,1.00780270495947,none,0
44,4,6,2026096043,0,0,0,0,0.9569111773554771,1.0002167479196864,1.345569033745657,1.0230372235899923,1.0144376305464975,0.9977172530047351,0.9958278895010545,none,0
44,4,7,2026096044,0,0,0,0,0.9575060421134655,1.0002529752097813,1.266005420103008,0.9910002047614085,0.9898261186748011,0.9973177350877962,1.000278153286591,none,0
44,4,8,2026096045,0,0,0,0,0.9570906905152631,1.000218982781068,1.3087605416339312,1.00374556676061,0.9960479660217065,0.9990578256211186,1.000083801620917,none,0
44,4,9,2026096046,0,0,0,0,0.9570088195198593,1.000312002882675,1.283794498721898,0.9890374721045437,1.003863117141908,1.0026112040501032,0.9953662471075861,none,0
44,4,10,2026096047,0,0,0,0,0.9580090552638469,1.0002387681871896,1.2579554041082333,0.9856910507957737,0.9943451744215983,1.0003087501196457,0.9977994536435951,none,0
44,4,11,2026096048,0,0,0,0,0.9563142861754739,1.0002221841371255,1.352529199334742,1.0174137133660737,1.0085588372081267,1.002269828648215,0.9961738591715614,none,0
44,4,12,2026096049,0,0,0,0,0.9575490566050402,1.0002985541343785,1.2701738323038276,0.9892919069527367,1.004382969352164,0.9963077010415112,0.9969373957291383,none,0
44,4,13,2026096050,0,0,0,0,0.9566516197116531,1.0002179761877097,1.2969155476605843,0.9968244666687568,0.992027187578121,1.004521459275118,0.9995182649042015,none,0
44,4,14,2026096051,0,0,0,0,0.9570247631396512,1.0001668370498962,1.3123651899839752,1.0016731648758024,0.9940531433424814,0.9998962908282244,1.0055911670953877,none,0
44,4,15,2026096052,0,0,0,0,0.9578771235373789,1.0002569748525343,1.2390981813242012,0.9772276369999089,0.9810526780602776,1.0031576495060879,0.9938556746855786,none,0
44,4,16,2026096053,0,0,0,0,0.9578503001067478,1.0002927418767298,1.237117916393656,0.9810500226828371,0.9929704160898605,0.9955632271136982,1.0039829576616137,none,0
44,4,17,2026096054,0,0,0,0,0.95650620279295,1.000085869457187,1.3467647583226185,1.0158284047244757,0.9901794053865872,1.0047976038697901,0.9981775759769949,none,0
44,4,18,2026096055,0,0,0,0,0.9561214187860473,1.0002258803643747,1.3375550799616334,1.0065925796630124,0.9892512533782515,1.00143003689761,0.9974087190824394,none,0
44,4,19,2026096056,0,0,0,0,0.9568580496145238,1.0001911591597636,1.3122975099439917,1.0023677744649768,1.0050060441016562,0.99542622547546,0.9955017091472979,none,0
44,38,0,2026130343,0,0,0,0,0.952647608925258,1.0000523311748515,2.143702194328705,1.0025192669764553,0.9891965277169232,0.9999738693781739,0.9959412473610283,none,0
44,38,1,2026130344,0,0,0,0,0.9523345190620445,1.0001773642963476,2.1941858993633363,1.0072503436306344,0.9946396838841727,0.9998217162036335,0.9994805298156437,none,0
44,38,2,2026130345,0,0,0,0,0.952492539892418,1.0001865622293231,2.1791524435822134,1.0088072276765003,0.9991220872653337,0.9980831607054752,1.0022261049627648,none,0
44,38,3,2026130346,0,0,0,0,0.9528370418690508,1.0001996778913171,2.1697312451880544,1.0087015030463469,1.006779786075706,1.0014380501723663,1.0086198148905217,none,0
44,38,4,2026130347,0,0,0,0,0.9528142876662633,1.0003133523304286,2.0749027775907853,0.9903567557934094,1.0069450765493868,0.9961498837410748,1.0031182797910563,none,0
44,38,5,2026130348,0,0,0,0,0.9527826072786074,1.0002704181068405,2.1172419509066547,0.9980110660430448,1.0110151464806227,1.0067775628053741,0.9948237546759415,none,0
44,38,6,2026130349,0,0,0,0,0.9524626301563606,1.0002921982398947,2.1215375791060302,0.9980810257083025,1.0054079660880824,0.99632474157436,1.0006305772879975,none,0
44,38,7,2026130350,0,0,0,0,0.9516621830035861,1.0002335855661766,2.209815347871875,1.0050797036130485,1.0030455540892964,1.0074717001664026,1.007455467214329,none,0
44,38,8,2026130351,0,0,0,0,0.9524941500866917,1.0001573295558674,2.158812741657236,1.0040097201628224,0.9994188022134971,1.0074836802111216,1.004032208003932,none,0
44,38,9,2026130352,0,0,0,0,0.95243603482417,1.0001627408864033,2.1794480137603167,1.0048668709616964,0.9930177789435821,1.0041629707412845,0.9983753333848102,none,0
44,38,10,2026130353,0,0,0,0,0.9522103560904646,1.0001061639039937,2.1545216462199734,1.0016293671366001,0.9851666175021929,0.9971712430575945,1.0005983610805853,none,0
44,38,11,2026130354,0,0,0,0,0.9521361694089149,1.0001950751335855,2.1741928581440773,1.0033921111843742,1.0029722425832777,1.002443245545134,1.00673184511371,none,0
44,38,12,2026130355,0,0,0,0,0.9529288369890446,1.0002522724079381,2.025537935633805,0.9829824713647901,0.9965941199203763,1.0003742569465242,0.9998197920431406,none,0
44,38,13,2026130356,0,0,0,0,0.952823162963668,1.0002197434803206,2.1716660632557723,1.0086668784179529,1.0081315868529122,1.0006712974966483,0.9981604577453137,none,0
44,38,14,2026130357,0,0,0,0,0.9522859785052004,1.0003244344387126,2.1373420064068314,0.997761959676503,1.00505624660594,1.0055236837613304,1.0005157096505208,none,0
44,38,15,2026130358,0,0,0,0,0.9528330654788713,1.0003666071824053,2.0694989792891687,0.9886908281362123,1.0104725539041557,1.000245904355232,1.000864285473839,none,0
44,38,16,2026130359,0,0,0,0,0.9520561487621935,1.0001637144940136,2.2643950196330818,1.0192716502672028,1.0017581248046652,1.0034368142976249,1.0050114475007021,none,0
44,38,17,2026130360,0,0,0,0,0.9519494040858832,1.00005570581149,2.1806683612085727,1.0058387204402892,0.9870933912826617,1.0020518507427265,0.9990208914178572,none,0
44,38,18,2026130361,0,0,0,0,0.9532532454423888,1.000261061067642,2.1400232029266126,1.0071088118268778,1.0072782394415263,0.997406343526324,1.0095564486182134,none,0
44,38,19,2026130362,0,0,0,0,0.9520893501985818,1.0002527615681185,2.0310950503080853,0.9741026549823002,0.9995519228889359,0.9991538102185071,1.0015308120680235,none,0
44,77,0,2026169694,0,0,0,0,0.9520338147659801,1.0045815330660197,2.003077450689348,0.9918513043092092,0.9975085905595463,1.0061324222958963,0.9999834885754803,none,0
44,77,1,2026169695,0,0,0,0,0.95328471821279,1.0047351533375788,2.012692819074318,1.0022424520056772,1.0100530301908197,0.9953631594507282,1.0037572072110637,none,0
44,77,2,2026169696,0,0,0,0,0.9521506508864721,1.004537945187552,2.074818467298042,1.0049161909250188,0.99585837919549,1.0041090274464164,0.9994406039193374,none,0
44,77,3,2026169697,0,0,0,0,0.9522415706920557,1.0046912196165454,2.0595504959464384,1.0037236629885218,0.9967870939126308,0.9965010922301524,1.0020191852007563,none,0
44,77,4,2026169698,0,0,0,0,0.9525175134889653,1.0043894692668984,2.131621330122099,1.0181712753224392,0.9826814394200273,0.9994550750029179,0.9964337500514322,none,0
44,77,5,2026169699,0,0,0,0,0.9528091578287907,1.0046713739028774,2.086931434922083,1.0115540995923016,1.0044185519005042,1.0001610329689528,0.9982346366791669,none,0
44,77,6,2026169700,0,0,0,0,0.9524819960703604,1.0044732253737099,2.1038933795364825,1.0110174197032236,0.9867755604177152,1.0001140597652167,0.9961692878271056,none,0
44,77,7,2026169701,0,0,0,0,0.9532558924448448,1.0043859284389147,2.085896292898924,1.0125529281774506,0.995127611133535,0.9943579137262959,0.9990541109412421,none,0
44,77,8,2026169702,0,0,0,0,0.952772989469651,1.0047320449727877,1.9273555052987625,0.983827114168391,0.9997330038673687,0.9890955010057085,0.9961791049143506,none,0
44,77,9,2026169703,0,0,0,0,0.9521636088911962,1.004661417354938,2.0081241788059687,0.9933283375836139,1.0083284623882505,0.9974314360259849,0.9999459227761462,none,0
44,77,10,2026169704,0,0,0,0,0.9522936475793801,1.0047318324778338,1.9810315447405078,0.987681033857765,1.0137513583706768,1.0086877309517945,0.998894148352323,none,0
44,77,11,2026169705,0,0,0,0,0.9529833275872882,1.0046364651066466,2.0421525510006404,1.0066285895256426,1.00425197004286,0.9919910524065056,0.9958299337826204,none,0
44,77,12,2026169706,0,0,0,0,0.9525504452786899,1.00469423591991,1.8917622589213723,0.9734168139760015,1.000855475201499,1.001936176717716,1.0033850726488647,none,0
44,77,13,2026169707,0,0,0,0,0.95196421856151,1.0047245873025015,2.0192941509902296,0.9934794987392882,1.007444148337517,1.0021070192885453,1.002506434261832,none,0
44,77,14,2026169708,0,0,0,0,0.9519701399554042,1.0047327421856174,2.0443060591000157,0.9970115549438515,0.9977268075325937,1.0113632667499917,1.0045896199400606,none,0
44,77,15,2026169709,0,0,0,0,0.9526015877783325,1.0045001484789926,1.9945788774450985,0.9933841378148237,0.987457760791794,0.9951274474774208,0.9977819899643826,none,0
44,77,16,2026169710,0,0,0,0,0.9527982205459435,1.0045698588953804,2.07948614050492,1.0103115235464317,1.0060756746714044,0.9899564787239172,1.0013753136405124,none,0
44,77,17,2026169711,0,0,0,0,0.9514384365671404,1.0042066478954934,2.2022822380941323,1.0212296282215765,0.9833186076582496,0.9961092098015977,0.9973969752649678,none,0
44,77,18,2026169712,0,0,0,0,0.9528993482304347,1.0044022300092281,2.019113539629537,1.0009531976377362,0.9816160566658457,0.9929621399596418,0.9970317462076437,none,0
44,77,19,2026169713,0,0,0,0,0.9527807590616347,1.0046175977637803,2.057723858241831,1.006178577494889,1.0112726842944626,0.9965728381639178,1.0029620044592429,none,0
44,85,0,2026177766,0,0,0,0,0.952547550427566,1.0,1.9990777396196289,1.0011885486107677,0.9911353908346008,0.9991151559819595,1.007357723195332,none,0
44,85,1,2026177767,0,0,0,0,0.9539130385257681,1.0,1.902560622788347,0.9889739896369711,1.0089658896646436,0.995395526857543,1.0004348988407195,none,0
44,85,2,2026177768,0,0,0,0,0.9531057740806023,1.0,1.9728351747277773,1.0019754158539569,1.013231919535885,0.9900786083270755,1.0037163530208242,none,0
44,85,3,2026177769,0,0,0,0,0.9522857762301372,1.0,2.0005378700334595,0.9991436114707039,0.9955917629568275,1.0005893404681374,0.9946144848669697,none,0
44,85,4,2026177770,0,0,0,0,0.9529414355750004,1.0,1.9686274879764567,0.9947519689316657,1.0013301587413763,1.0033014886868863,0.993029701314214,none,0
44,85,5,2026177771,0,0,0,0,0.9527716831442874,1.0,1.991433828649211,1.0026131274652095,1.0018558795899146,0.9980788842511996,0.993850025846805,none,0
44,85,6,2026177772,0,0,0,0,0.9521698560387756,1.0,2.0261140251157985,1.001944487780112,0.9972555557710538,1.0083956211010805,1.0011359713759398,none,0
44,85,7,2026177773,0,0,0,0,0.9527840639870331,1.0,2.0161656185011814,1.0090103376209398,0.9985439959767654,1.0048885987268712,0.9950103419427563,none,0
44,85,8,2026177774,0,0,0,0,0.9531193330332803,1.0,1.9042050058830335,0.9867872745253937,1.0080562749312034,0.9977842499982341,0.9965778863053582,none,0
44,85,9,2026177775,0,0,0,0,0.9526784797258446,1.0,2.007789749254706,1.0066322247062716,0.9945219659705841,0.9962013882975527,1.0018198964886915,none,0
44,85,10,2026177776,0,0,0,0,0.952991408978984,1.0,1.9531713590954822,0.9932487109527027,0.9867464497808894,1.006467481390275,0.9954406478327334,none,0
44,85,11,2026177777,0,0,0,0,0.9533106855952845,1.0,1.924363874863452,0.9888442568859448,1.0179837892112593,1.0011938559404392,1.005575666457603,none,0
44,85,12,2026177778,0,0,0,0,0.9522894059408542,1.0,2.0130738349084467,1.003384554048269,1.019380888883551,1.0019432150488874,1.001973609668479,none,0
44,85,13,2026177779,0,0,0,0,0.9525779689357805,1.0,1.9820164846261952,0.999884602133431,1.0062888313624394,1.002934279766079,0.9920239492006855,none,0
44,85,14,2026177780,0,0,0,0,0.9523500289587844,1.0,2.046475565212591,1.0086515074200744,1.0077632414190638,1.000548183607851,0.9955923613268081,none,0
44,85,15,2026177781,0,0,0,0,0.9523983582012181,1.0,2.0000407999308525,1.001458572072161,1.0121425293492277,1.0006266367245407,1.0013711613803085,none,0
44,85,16,2026177782,0,0,0,0,0.9527284305645521,1.0,1.9722921875528696,0.9989121480277786,0.9850214258628743,0.9938564128828266,0.9938297561472693,none,0
44,85,17,2026177783,0,0,0,0,0.9526616921641846,1.0,1.9676350406866792,0.9965439365857909,1.0060635999858865,0.9999439805884147,1.00101947658589,none,0
44,85,18,2026177784,0,0,0,0,0.9524826359233194,1.0,1.9722138375712792,0.9985411800044783,0.9924968855823532,0.9955250990666993,0.9939494720157283,none,0
44,85,19,2026177785,0,0,0,0,0.9528567762578184,1.0,2.0835691439712547,1.0232768795267677,0.9873030409014483,0.9957661303316061,0.9959821466540688,none,0
44,105,0,2026197946,0,0,0,0,0.9565985502612808,1.0141419671300045,1.3448658030913676,0.9987193247569052,0.9918624803794782,0.9971441707860675,1.001508418555628,none,0
44,105,1,2026197947,0,0,0,0,0.9551889349577256,1.0134800935385029,1.4143388411382887,1.0083306307999307,1.004643725094967,1.0015824822379786,1.000240696212339,none,0
44,105,2,2026197948,0,0,0,0,0.9558117004607314,1.0129826237882424,1.4067830002060069,1.0172123107610467,0.9914582574538526,1.0016074775168404,1.0031025900356874,none,0
44,105,3,2026197949,0,0,0,0,0.9562546818738585,1.0136614958282495,1.345775121663271,0.9912470914037864,0.9909565773745391,0.991916640642228,0.9985669933285454,none,0
44,105,4,2026197950,0,0,0,0,0.956375395299256,1.0146068438337972,1.3619531085497936,0.9995944673513428,1.0019171750044669,1.0033631057910775,1.008038663780456,none,0
44,105,5,2026197951,0,0,0,0,0.956087405116396,1.0132176564889819,1.353052666194655,0.9922449604897775,0.986982992871178,0.9964187855967218,1.0052958072961864,none,0
44,105,6,2026197952,0,0,0,0,0.9557755607612071,1.0131774886493004,1.3993570568251679,1.0129400330815488,0.998441926108721,0.9972901782707708,1.0084839848750693,none,0
44,105,7,2026197953,0,0,0,0,0.9560376926068365,1.0137015982284314,1.3623490461948953,0.997543712920736,0.9955021410828929,0.9981249637434578,0.9992940157570324,none,0
44,105,8,2026197954,0,0,0,0,0.9562517977008569,1.0142895794851714,1.38055661388695,1.012683944782376,1.0064918109808203,0.9937902118636378,0.9987087863348221,none,0
44,105,9,2026197955,0,0,0,0,0.95643777508316,1.0136969237130646,1.3203957334291077,0.9792959764744217,0.9796595290485038,1.0033666371558059,0.9983213630357458,none,0
44,105,10,2026197956,0,0,0,0,0.9556533919478924,1.0141101273369886,1.3962763254562354,1.0060812123742076,1.0126238849894362,0.9933188341337743,0.9971852949912096,none,0
44,105,11,2026197957,0,0,0,0,0.956077241263513,1.0142016469752173,1.3717927981032725,1.0003868479743507,1.002144224837521,0.9974471238476679,0.9967463470325705,none,0
44,105,12,2026197958,0,0,0,0,0.9555709800831662,1.0129008726761848,1.4131303468268153,1.0124251836342422,0.9917719321369316,1.001341999343834,1.0039354691089735,none,0
44,105,13,2026197959,0,0,0,0,0.9558923578661781,1.0131597721896455,1.3967219527461532,1.0078428299160997,0.9968271378963294,0.9997305696196995,1.0017214745432341,none,0
44,105,14,2026197960,0,0,0,0,0.9559263524228186,1.0140459288630828,1.3568466347712114,0.9931385796058475,1.0073015948802428,1.000335507829563,1.0053459428655216,none,0
44,105,15,2026197961,0,0,0,0,0.9558162324058999,1.013842028625324,1.3538024430942108,0.9887507252665305,0.9918209592663331,1.0076568016300262,1.0009305361058605,none,0
44,105,16,2026197962,0,0,0,0,0.9557165798778569,1.0134629886354236,1.3871396568620562,1.0052083781943022,0.9977351422106101,1.004952597235024,1.0059429139715739,none,0
44,105,17,2026197963,0,0,0,0,0.9564099869880949,1.01518986216615,1.3510729672566164,0.9949105785810525,1.0099136987116772,0.9979117459050694,0.9957625874713498,none,0
44,105,18,2026197964,0,0,0,0,0.9552018329433607,1.0131172692846666,1.4053985313698578,1.0080228422348767,0.9869118474475088,1.0041835087107622,0.9995411149852143,none,0
44,105,19,2026197965,0,0,0,0,0.956239333112454,1.014045538684037,1.3712669950418985,1.0005801684081286,0.9987494987383064,0.9949485478895468,0.9991267569114378,none,0
44,133,0,2026226198,0,0,0,0,0.9557174229201164,1.0087460870630398,1.4736948223914672,1.0154614331806668,1.0010902445050018,0.9938006814278242,1.0001390686036598,none,0
44,133,1,2026226199,0,0,0,0,0.9568418195970907,1.008658461137805,1.4037803435746845,0.9912674605213366,0.9899527013158325,0.9999087612795684,1.002959518264353,none,0
44,133,2,2026226200,0,0,0,0,0.9570186359354628,1.0090847125932152,1.39842536520023,0.9931077976721819,0.9990004778400098,0.9952375034910425,1.0023032282498847,none,0
44,133,3,2026226201,0,0,0,0,0.957037992278826,1.0084318405336095,1.3978647291417428,0.9948285789642358,0.9702337273467541,1.0023237532288234,1.0054766689164691,none,0
44,133,4,2026226202,0,0,0,0,0.9569735460190663,1.0088388225046019,1.433884474939857,1.010186113800767,1.0008383551345614,0.9973781556579634,1.0052615774763236,none,0
44,133,5,2026226203,0,0,0,0,0.9566022705872759,1.0090326202601616,1.4408726005935626,1.0105151394078207,1.0047407488099416,1.0024773341041113,0.9990000150846836,none,0
44,133,6,2026226204,0,0,0,0,0.9563101323404176,1.0088088790381047,1.4770827482091746,1.0216079198310557,0.9981331991732568,0.9965706724829294,0.9975710250082851,none,0
44,133,7,2026226205,0,0,0,0,0.955646470831029,1.0088199699257725,1.4650435740064203,1.0078713324357,1.004088019590231,1.0060905343509112,1.0018855946947676,none,0
44,133,8,2026226206,0,0,0,0,0.9561059465753333,1.00861012572287,1.4468156835983519,1.0053863025990644,0.989410661948056,0.996984425765024,1.0080737449161041,none,0
44,133,9,2026226207,0,0,0,0,0.9573640811910581,1.0090707599887714,1.3882402163716765,0.9925925297858395,1.0043684561108104,0.9965009127316385,0.9997017319674281,none,0
44,133,10,2026226208,0,0,0,0,0.9563063543558502,1.0085702844131035,1.4289872506869474,0.9987067123268933,0.9790547657970976,0.9917349075843879,1.0012846298012044,none,0
44,133,11,2026226209,0,0,0,0,0.95582350895437,1.0086909121731278,1.4592022864158307,1.006819959853906,1.0057317670652284,0.9974002680522976,1.007406458881713,none,0
44,133,12,2026226210,0,0,0,0,0.9565247988905535,1.0091252886231605,1.398834665930051,0.9870199207607098,1.006893135919117,1.0035178017419617,0.9925282265792656,none,0
44,133,13,2026226211,0,0,0,0,0.9568151724009475,1.0089950157307073,1.43123855597451,1.0060941595836503,1.0081028996809376,0.9958911767308667,1.0004878511367694,none,0
44,133,14,2026226212,0,0,0,0,0.9565649524159332,1.0089584426246183,1.4222862230751034,0.9950918044115044,0.9981952450769495,1.0032257348073954,1.0040456556359396,none,0
44,133,15,2026226213,0,0,0,0,0.9575364977413824,1.0090295554823356,1.373430050079662,0.9861850686350878,0.9999870059936744,0.9979475196815941,0.9950738608767377,none,0
44,133,16,2026226214,0,0,0,0,0.9567780782482315,1.0089695255679598,1.3965167792060393,0.9917768806153529,0.9892272819824771,0.9968322626975813,1.000843230593747,none,0
44,133,17,2026226215,0,0,0,0,0.9565367120844784,1.0092347635137542,1.4230955271419679,0.9997777495169226,1.0147896099807374,1.002590284079,0.9940592271672465,none,0
44,133,18,2026226216,0,0,0,0,0.9570355347892843,1.0090938853688793,1.4364424402482974,1.012768786108542,1.012682406477932,0.9881973969843664,1.000949268248572,none,0
44,133,19,2026226217,0,0,0,0,0.9564649527276531,1.0089032871684478,1.433551254060423,1.0016050924232032,0.9965384303421998,1.0021725577350795,1.0081837186524203,none,0
44,137,0,2026230234,0,0,0,0,0.9639223181417735,1.0145480880572524,0.938060720006515,1.0033193378007081,0.9940696756150882,1.0036501826330506,1.007355524225103,none,0
44,137,1,2026230235,0,0,0,0,0.9643245318547295,1.0152254436171133,0.9222335205499304,0.9986577552090934,0.9992247180594104,1.004595681949865,0.996965175515459,none,0
44,137,2,2026230236,0,0,0,0,0.9640153599417923,1.0157092188796066,0.9401528109565099,1.0016557278409592,1.0172668907886449,1.0004757706244602,1.0032313067000398,none,0
44,137,3,2026230237,0,0,0,0,0.9644662192189385,1.0157898887549468,0.9131432332754427,0.9883938297526238,1.012843084779607,1.0011479252877529,0.9987763423387135,none,0
44,137,4,2026230238,0,0,0,0,0.9638177815071788,1.0154869753317974,0.9453831532539618,1.0033105110890168,1.0089393401045046,1.003043397762278,1.0091010891645469,none,0
44,137,5,2026230239,0,0,0,0,0.9643617765838614,1.0162685681979489,0.9147072558212634,0.9911338286361905,1.01202477810304,1.0092033844996426,1.000676257077746,none,0
44,137,6,2026230240,0,0,0,0,0.9641543328617771,1.0157487464447204,0.9157079657640192,0.9931021497070541,1.00878477655054,0.9961768708723074,0.9916524645454217,none,0
44,137,7,2026230241,0,0,0,0,0.9642806041406982,1.0153037664446587,0.9276843963701257,1.001191107320142,1.0038860226196995,0.9970569535486581,0.9970460045319443,none,0
44,137,8,2026230242,0,0,0,0,0.9648649876669817,1.0160202529117583,0.9041598764856602,0.9903093513709719,0.9998317785369786,1.0033064048832308,0.9968971513895349,none,0
44,137,9,2026230243,0,0,0,0,0.9639153472729051,1.0153814302775994,0.9327761494007668,0.999342680162178,1.0106944032008895,0.9935139799555802,1.0016134131595564,none,0
44,137,10,2026230244,0,0,0,0,0.9642162160977286,1.0154972044307748,0.9290350957547802,1.0008865466620658,1.0140960734000455,0.9995274225576081,1.0017722920157048,none,0
44,137,11,2026230245,0,0,0,0,0.9640561803765794,1.0152869867279202,0.9390447030956358,1.000568606469088,1.0064500221489183,1.004209794802393,0.9984267487113495,none,0
44,137,12,2026230246,0,0,0,0,0.9641804128141468,1.0153015827084555,0.9253473084855438,1.0014170936605522,1.0026966162466624,0.9956565138052943,0.9995179928452681,none,0
44,137,13,2026230247,0,0,0,0,0.9640887465188714,1.0146456380113251,0.9259266640658864,0.9950177228934467,0.9851423242792331,1.0019423971199268,0.9955791365000424,none,0
44,137,14,2026230248,0,0,0,0,0.963858446113564,1.0153151049409954,0.9348705285832041,0.9967074900706855,1.0038676064195682,1.0071692718285863,1.0057682910301113,none,0
44,137,15,2026230249,0,0,0,0,0.9648101032573069,1.0146144294651327,0.8953422020883949,0.9838511868611226,0.9791076503534331,1.0042172465333368,0.9977862575370369,none,0
44,137,16,2026230250,0,0,0,0,0.9644865405625872,1.0150372116265116,0.9126927144488727,0.9916432660345116,0.9907322460181828,1.0019083506658013,0.9974801735059498,none,0
44,137,17,2026230251,0,0,0,0,0.963985644409571,1.0137869739875496,0.9283171045088966,1.0034456900545226,0.9762073522977683,0.9963472523509415,0.9984731904505411,none,0
44,137,18,2026230252,0,0,0,0,0.9640662979675866,1.0148997610357882,0.9301088813393398,1.0011083956433822,0.995624527105708,0.9977245433534939,0.9984944553564603,none,0
44,137,19,2026230253,0,0,0,0,0.9640952699600859,1.0148061974723732,0.9315092188358894,0.9978436947869558,0.9966955751783272,0.9989376206821645,1.0015601571660209,none,0
44,147,0,2026240324,0,0,0,0,0.9563384983724057,1.010637847314976,1.4778914422406582,0.9998058598479211,1.000465688109922,0.9985325407824577,0.9987153026265674,none,0
44,147,1,2026240325,0,0,0,0,0.956396166879982,1.0104420475605327,1.4525797444088573,0.9967320851115516,0.9927373432483773,1.0012030020475131,1.0011421792933142,none,0
44,147,2,2026240326,0,0,0,0,0.955940125374317,1.0102331073814328,1.5127977857785897,1.0154441490061223,0.998000085507999,0.9993237218547585,1.0042283189262429,none,0
44,147,3,2026240327,0,0,0,0,0.9570316735878494,1.0105818219007001,1.4242490875158473,0.9907410526225688,0.9914279402361145,1.001402599712728,1.0057501967593843,none,0
44,147,4,2026240328,0,0,0,0,0.9568534127966171,1.010199464893612,1.455166509874642,1.0014890688104983,0.9857593612255496,0.9942616536737958,1.000654526257325,none,0
44,147,5,2026240329,0,0,0,0,0.9568617946767028,1.0107358416371623,1.432265133198181,0.9895114664533576,1.009067447340115,1.0029941832349687,1.0042107259148458,none,0
44,147,6,2026240330,0,0,0,0,0.9570412488860391,1.0106314962264111,1.4382776212098747,1.0020187399800846,0.9991716520915537,0.9957799907490497,0.9995398537055346,none,0
44,147,7,2026240331,0,0,0,0,0.9569492811525193,1.0105928798181807,1.4380031930681707,1.000652157259598,0.9980813794141363,0.9928761760076602,0.9970252366119621,none,0
44,147,8,2026240332,0,0,0,0,0.9572876793827939,1.0107101164303653,1.441772979007744,0.9942551378521814,0.9945158560007058,0.9963986748448999,0.9984696922776558,none,0
44,147,9,2026240333,0,0,0,0,0.9565431275719822,1.0108269478029932,1.4362447531648017,0.9894954422563441,0.9961122881001796,0.9984716821924311,0.999023533520005,none,0
44,147,10,2026240334,0,0,0,0,0.9565025796127015,1.0107517347939792,1.4803804317751477,1.009870716495416,1.0048383060854271,0.9936199341755991,0.9967047143697199,none,0
44,147,11,2026240335,0,0,0,0,0.9576403439546068,1.010898841481333,1.3763994502025512,0.9749221919919311,1.006122770430443,0.996587561501956,0.9965680160519846,none,0
44,147,12,2026240336,0,0,0,0,0.9557448129652082,1.0106510957125443,1.5171944871872376,1.0226600766816187,1.0105927130162513,0.9985655026199562,1.0039860291212896,none,0
44,147,13,2026240337,0,0,0,0,0.957040118795161,1.0106114017697994,1.4032265472168945,0.9818609838569845,0.9841009050578812,1.0016244282058067,1.0024345902081127,none,0
44,147,14,2026240338,0,0,0,0,0.956503615705294,1.010390308657181,1.470548194617338,1.0025321117626727,0.9939903083368113,0.9952295259781058,0.9977936579129042,none,0
44,147,15,2026240339,0,0,0,0,0.956224317048763,1.0106973329230677,1.4859003733012952,1.0076142293807213,1.0087152191774338,0.9992292463086809,0.9947227799010381,none,0
44,147,16,2026240340,0,0,0,0,0.95652655548067,1.0107433950392586,1.4881997021956326,1.0073214785733262,1.0094853783248339,0.9968435781714539,1.0109509878067684,none,0
44,147,17,2026240341,0,0,0,0,0.9557378125039852,1.0105738863548106,1.5090140413221143,1.0146649228053835,1.0010014564514877,0.9964308742049013,0.9991322252016677,none,0
44,147,18,2026240342,0,0,0,0,0.9567251669139153,1.0104357459099966,1.47204929965117,1.0084870514994646,1.0000263450585483,0.9955007718818412,0.9956169358189025,none,0
44,147,19,2026240343,0,0,0,0,0.9567772360422961,1.0105394387554827,1.4547469250875362,0.99630440301878,1.0075249733562137,0.9942993580849357,1.008544516309407,none,0
44,159,0,2026252432,0,0,0,0,0.9634690409384283,1.0127144699431994,0.8260825038443401,0.9908044196021313,0.9995285526757975,0.9989346645489423,0.9982960261357847,none,0
44,159,1,2026252433,0,0,0,0,0.9629882464205103,1.0117858090528231,0.8537211751344967,0.9986748743323242,0.9947519325959677,1.0009314304830887,1.0029215025670297,none,0
44,159,2,2026252434,0,0,0,0,0.9624938939170549,1.0120518884687497,0.8594539031581923,1.0023404835602976,1.0068918300247025,1.0003478126802405,1.000959756573949,none,0
44,159,3,2026252435,0,0,0,0,0.9628666520143546,1.0124848581382895,0.8708228343124231,1.014482854863284,1.018751557094912,0.9953232187958495,0.9992294940862774,none,0
44,159,4,2026252436,0,0,0,0,0.962184332212546,1.0121234076068986,0.8823158266447205,1.0064000824862542,1.0103347061638377,1.0042845892820815,0.9955725821593473,none,0
44,159,5,2026252437,0,0,0,0,0.9628517359434463,1.0113783967216088,0.8618774453109168,1.0082202640749767,0.9932554851544514,0.9947371665228036,0.993934862480007,none,0
44,159,6,2026252438,0,0,0,0,0.9622341874371934,1.0113806326136017,0.8647621627875154,1.0044664031046528,0.9900251338095334,1.0014084403268322,0.9998010854587538,none,0
44,159,7,2026252439,0,0,0,0,0.962849900054771,1.0136097646561513,0.8280363920565942,0.9789177637565548,1.0185266338297365,1.0009367853854902,1.0094159111516403,none,0
44,159,8,2026252440,0,0,0,0,0.9633716987505275,1.0128042956701941,0.8320497140860924,0.9886589591449645,1.0029267859246636,1.0027013213975875,1.0071624264400802,none,0
44,159,9,2026252441,0,0,0,0,0.9623299774953212,1.011770181619121,0.8606120545877759,1.0014504334126568,0.9890715813943797,1.009511118400543,1.0005422651423395,none,0
44,159,10,2026252442,0,0,0,0,0.962869004466497,1.0122708052864169,0.8504265076526107,1.0013268609360388,1.0064099472151995,0.9951576280973787,1.0010455893360126,none,0
44,159,11,2026252443,0,0,0,0,0.9623141363419344,1.0114844800353537,0.8684284073533325,1.0041286727062801,1.0065521107020758,1.0011008028867936,0.9984477092905053,none,0
44,159,12,2026252444,0,0,0,0,0.9622557399885486,1.0127309152628647,0.8579300571233975,0.9952422530820393,1.0062520366307395,1.0083872644189753,0.9961350613542966,none,0
44,159,13,2026252445,0,0,0,0,0.9633312361262317,1.0129022558141059,0.8349818700172658,0.9906934166906102,1.0079666654880481,0.9921181464579703,0.9989869176046445,none,0
44,159,14,2026252446,0,0,0,0,0.9635264239806891,1.0126546043955527,0.8161058803065557,0.9797769313460268,1.001587426736646,0.9999194567352202,1.0084303165643096,none,0
44,159,15,2026252447,0,0,0,0,0.962018984196698,1.0113751760051848,0.8755045849105577,1.0063954740294676,0.9944803015587148,1.0055392370902547,0.998027278353464,none,0
44,159,16,2026252448,0,0,0,0,0.9623329368223149,1.0118674109535644,0.8730730743753696,1.008606138540786,1.0023923769591152,1.0006766112082928,0.9932363151411638,none,0
44,159,17,2026252449,0,0,0,0,0.9624736308452118,1.0113279359265577,0.8677203919062279,1.0107749391915524,0.9947544217583796,0.9985648284391909,0.998672202697588,none,0
44,159,18,2026252450,0,0,0,0,0.9629620294260467,1.0116042937113672,0.8495570432048932,0.9983892431579455,0.9905351681004262,0.9993946163902999,0.9981049218142293,none,0
44,159,19,2026252451,0,0,0,0,0.9633509135605348,1.0127561715195175,0.8303973120781575,0.9902490555853517,1.0059339710413853,0.9942484890447834,0.9998401662161388,none,0
44,220,0,2026313981,0,0,0,0,0.9591317457616024,1.0068404445863546,1.291498944952108,0.9938930265812796,1.0003483274149467,1.0020529318251903,1.0052904528411923,none,0
44,220,1,2026313982,0,0,0,0,0.959261510524655,1.0065982473583042,1.3169753060276737,1.0035706129162272,0.9802293000225825,0.9902930554653804,1.0059173150648344,none,0
44,220,2,2026313983,0,0,0,0,0.9587358194299025,1.006745460386453,1.3287508115572781,1.0015605320252463,0.9916127951096524,1.0016875309111213,1.0029905321404085,none,0
44,220,3,2026313984,0,0,0,0,0.9587305248834324,1.006776355914486,1.3187569623756057,0.9997841422667251,0.9890891027633016,1.000420381288478,1.0008645820763034,none,0
44,220,4,2026313985,0,0,0,0,0.9584588042802472,1.0067699507408279,1.368018992583106,1.0134417754800389,1.0046998252985915,1.003595661088402,1.001516822516045,none,0
44,220,5,2026313986,0,0,0,0,0.9591739446699182,1.0069884366267856,1.304260496771037,0.9958080784475761,1.0002741780285531,1.0018840437407275,0.9999854824113175,none,0
44,220,6,2026313987,0,0,0,0,0.9589554243684292,1.006761770562347,1.307136586121293,0.9979550919115185,1.002922337890227,0.9940962575730496,1.001828280197947,none,0
44,220,7,2026313988,0,0,0,0,0.9588974294747153,1.0066795869581915,1.3112061457449966,1.0008342278328812,0.9940519568723892,1.0001279473202809,0.9971415124328116,none,0
44,220,8,2026313989,0,0,0,0,0.9588308963111376,1.007204650163121,1.3301575868810027,1.0049989275316982,1.008529135274521,1.013120660530231,1.0065023785981928,none,0
44,220,9,2026313990,0,0,0,0,0.9596614812412506,1.0069703800266103,1.2891959245158617,0.9955724951428488,0.999842097564989,1.0019556723214265,1.0015631715789526,none,0
44,220,10,2026313991,0,0,0,0,0.9592282503914373,1.0068020079078577,1.267760802913255,0.9781356444443713,1.0026152887144548,1.001068956258048,0.9980724757438098,none,0
44,220,11,2026313992,0,0,0,0,0.9586713286886502,1.0065464862021953,1.3266017406587962,0.9995920089366457,0.9924214257011604,1.001858882182355,0.9979511792253535,none,0
44,220,12,2026313993,0,0,0,0,0.9593354066772168,1.0069400036549638,1.312904651258484,0.9987019614697166,0.9915598823903354,1.0047920193530948,1.0010159848359712,none,0
44,220,13,2026313994,0,0,0,0,0.9595871178719355,1.006832822954518,1.2981331045247335,1.0018615632117107,1.0105183885575482,0.9913491494608508,1.0031932023738577,none,0
44,220,14,2026313995,0,0,0,0,0.9588629671773334,1.0071256613452277,1.3322768734792478,1.0051021665973672,1.0019681333174244,1.0028196235322315,0.9946918146238073,none,0
44,220,15,2026313996,0,0,0,0,0.9583284616484554,1.0067449421499033,1.367680182320178,1.0137850945406761,0.9947760777376322,1.0036228165232715,1.0033230085321934,none,0
44,220,16,2026313997,0,0,0,0,0.9591111549889495,1.0069787944759632,1.3107509391210947,1.0008981964439536,1.0122801284772847,1.0004462973467092,0.9977795601672989,none,0
44,220,17,2026313998,0,0,0,0,0.9596775451975283,1.0068259226747884,1.29952894999687,1.0007505328885442,1.0008840009077071,0.9931545026675084,1.0028604616784538,none,0
44,220,18,2026313999,0,0,0,0,0.9596953825277813,1.0068232392678595,1.3015107828842138,0.9983087075659975,0.9939547363814197,0.9988171766653334,1.0042103228371653,none,0
44,220,19,2026314000,0,0,0,0,0.9590699942567079,1.0067511943501468,1.291675168672312,0.9879973412641317,1.0020306897492535,1.007296659316819,0.9929702018204407,none,0
44,236,0,2026330125,0,0,0,0,0.963813243051944,1.0178591019813668,0.8145881110302895,1.0048123468351464,1.0101944651601675,0.9947217315885769,0.9970633447656531,none,0
44,236,1,2026330126,0,0,0,0,0.9633182118956617,1.0174365763792483,0.8243784532758792,1.0076132125361799,0.9931694261827531,0.9990028449193946,0.9998678595286256,none,0
44,236,2,2026330127,0,0,0,0,0.9642179740732806,1.0185805783309272,0.7940092139474695,0.9880636411112688,1.0048420144196384,0.9976897994874774,0.9962493794630047,none,0
44,236,3,2026330128,0,0,0,0,0.9637043564657527,1.0186957290483916,0.8189708494302727,1.0050360841517738,1.0085104372650073,1.0041333688874032,0.999808717815674,none,0
44,236,4,2026330129,0,0,0,0,0.9637883419101054,1.0185558664822696,0.8333173447533858,1.0128868211379372,1.0183618610776242,1.0002116935632666,0.9992499030793525,none,0
44,236,5,2026330130,0,0,0,0,0.9635665291995368,1.017720068916566,0.8310281701356413,1.011040992614643,1.0019548153500089,1.0014566689928137,1.0004183232686898,none,0
44,236,6,2026330131,0,0,0,0,0.9649040308649758,1.0185902894493537,0.7767803439982316,0.9803515313869348,1.0070711868898807,0.9896550892779113,0.9998760022337686,none,0
44,236,7,2026330132,0,0,0,0,0.9636837372570308,1.0178133465296773,0.8162739348098732,1.0060786031410174,1.0067039755166265,0.9983433367609783,0.9978431558432524,none,0
44,236,8,2026330133,0,0,0,0,0.9641586209237989,1.0167680948679747,0.7953588841884619,0.9943004172690064,0.975796548675247,0.9969682814994656,0.9969528322476666,none,0
44,236,9,2026330134,0,0,0,0,0.9642294223547445,1.018807041836383,0.797991066790122,0.9847280540529847,1.004838495928013,1.0071014802386318,0.9985401329864193,none,0
44,236,10,2026330135,0,0,0,0,0.9635380604171199,1.01749004895562,0.8318345145674696,1.0134296498189737,0.9965753567129368,0.9984951741614717,1.0035729739620136,none,0
44,236,11,2026330136,0,0,0,0,0.9649092863327656,1.0183607053629722,0.7843189146247169,0.9864834553225676,0.99664737279916,0.9932936226022283,1.010037736205697,none,0
44,236,12,2026330137,0,0,0,0,0.9639297948327782,1.0179506462561283,0.8084568166831676,1.0025050012944543,1.0037458661137275,0.9982983793102836,1.0004111131482056,none,0
44,236,13,2026330138,0,0,0,0,0.9635468293584316,1.0185158143186253,0.8104809316667736,0.9978905836737555,1.0022161862468708,0.9972568036466014,1.001331324018986,none,0
44,236,14,2026330139,0,0,0,0,0.9633295453058175,1.017228990515336,0.8351753776186535,1.015421750123373,0.9957297174573245,1.0033803577415568,0.9996018469003606,none,0
44,236,15,2026330140,0,0,0,0,0.9631145542597728,1.0178147619833509,0.8343579726731026,1.011580374479752,1.0078746562667273,1.0005334905199275,1.0043625686117095,none,0
44,236,16,2026330141,0,0,0,0,0.9636471248800573,1.0175669171128836,0.8154188229934338,1.001818186684743,0.996879961426031,0.9986095868503566,0.9983918196148496,none,0
44,236,17,2026330142,0,0,0,0,0.9646937287843725,1.0184333917871171,0.7764281900949848,0.97950154169924,0.9962433466486449,0.9981900648796727,1.0023931653845188,none,0
44,236,18,2026330143,0,0,0,0,0.9640406577246587,1.0181537368963216,0.8102483628542468,0.9932218045832446,1.0056475567182952,0.9991838647489957,0.9978299905245667,none,0
44,236,19,2026330144,0,0,0,0,0.9637967008152076,1.018006724372423,0.8128514754501478,0.9966501183445954,1.0030068224638156,0.9985538384591237,0.9958401334161664,none,0
44,241,0,2026335170,0,0,0,0,0.9578086742504737,1.0036425254283665,1.3652968823669624,0.984428733673771,1.0087744725416385,0.997996626931242,1.0004595302897825,none,0
44,241,1,2026335171,0,0,0,0,0.9582119115420885,1.0037243797136213,1.3800045319071075,0.9974626344482661,1.0103734799064277,1.0007930451962632,1.002194877652374,none,0
44,241,2,2026335172,0,0,0,0,0.9584769358542405,1.0036863659309563,1.3813261046654952,0.9993519581515377,1.0077726735970403,0.9951846103739405,0.9993892424919424,none,0
44,241,3,2026335173,0,0,0,0,0.9576884403506791,1.0037067348669921,1.3904077325096804,1.0012767446180455,0.9995815273920956,0.9984900790677794,0.9984670563961137,none,0
44,241,4,2026335174,0,0,0,0,0.9577173845779504,1.0035959697543033,1.4026163867694827,1.0034014061304886,1.0042040594070696,1.0032019771238367,1.0012982630949774,none,0
44,241,5,2026335175,0,0,0,0,0.9571128064292189,1.0035251875011617,1.4162559858806616,1.0035145556011382,0.9959491894839982,1.0066056063244917,0.9940068875275345,none,0
44,241,6,2026335176,0,0,0,0,0.9585048292377755,1.003713174446791,1.3353836393307328,0.9855008017161608,1.002197847353431,1.0010252025052246,1.0001900939428203,none,0
44,241,7,2026335177,0,0,0,0,0.9580135448767382,1.0038035855413703,1.3842354770462566,1.0006978516790013,1.0124320530248645,1.0005546504217468,0.9976585475375904,none,0
44,241,8,2026335178,0,0,0,0,0.9572077015074475,1.0035278935005336,1.4214330177599082,1.008958295918297,1.0139263562397398,0.9988765854481316,1.0000924463172929,none,0
44,241,9,2026335179,0,0,0,0,0.9586817408245732,1.0036366217003956,1.3376136096072886,0.9900135431722111,1.0138908324128415,0.9926533166387094,0.9966418155165154,none,0
44,241,10,2026335180,0,0,0,0,0.9584157113481316,1.0035407545530066,1.3691787802832782,0.9979065447269244,1.0015858018035817,0.9991408235856714,0.9938281441560969,none,0
44,241,11,2026335181,0,0,0,0,0.9586580485603056,1.0036171868835861,1.3564674153520326,0.9944136842769282,0.9980308306527247,1.0024721579428628,0.9914478404230701,none,0
44,241,12,2026335182,0,0,0,0,0.9585665613325532,1.0036258678180767,1.359329889904707,0.9993651076637299,1.0065515488234498,0.9982206885011403,1.0008610450087065,none,0
44,241,13,2026335183,0,0,0,0,0.958464778713569,1.003517202377824,1.3723815224195473,0.9982662847228955,0.9909564357935442,0.9981553126903101,1.0078220096122243,none,0
44,241,14,2026335184,0,0,0,0,0.9579620067336699,1.003790490429255,1.362860608059858,0.9879913681734266,1.0103657299086537,0.999544860789248,0.9974240715739032,none,0
44,241,15,2026335185,0,0,0,0,0.958561034455716,1.0037440578187382,1.371695965474468,1.0012710390756563,1.0017011608279842,1.0067769174104764,0.9971184861383827,none,0
44,241,16,2026335186,0,0,0,0,0.9582942804983325,1.0033559834418844,1.4025433173747475,1.0106592968950372,0.9756728057646099,0.9970344619988954,1.0021025554591656,none,0
44,241,17,2026335187,0,0,0,0,0.9586019204299339,1.0035731432573747,1.3376571379282256,0.9814221669556469,0.9868593157003845,0.9999766973525549,0.9992457590724849,none,0
44,241,18,2026335188,0,0,0,0,0.9571787595034765,1.0036796330233952,1.4201106834025308,0.9995026307744865,1.0233749683150528,1.001075467883865,1.0022135981813343,none,0
44,241,19,2026335189,0,0,0,0,0.9572554021502964,1.0034315701594527,1.4588237618352082,1.0205137041421541,0.993737501836208,1.0017979601282445,1.0033065967204293,none,0
44,245,0,2026339206,0,0,0,0,0.9548280505824793,1.0067420470981332,1.4797425442026948,1.0017388701998589,0.9929720879461029,1.0049783937012327,1.002302405535311,none,0
44,245,1,2026339207,0,0,0,0,0.9547341665043385,1.0067671034524404,1.5274583818633984,1.016690407151674,1.004915201458422,1.0064851628286984,1.0017246387987278,none,0
44,245,2,2026339208,0,0,0,0,0.9555980138010121,1.0067605753525013,1.4667398596457097,0.9960922097107409,0.9948931635615015,1.00492519373343,0.9992203089757992,none,0
44,245,3,2026339209,0,0,0,0,0.9559501379262797,1.0069095188959214,1.4555777093797835,0.9943985209483416,0.9922369533409628,1.004212094608005,1.0014349328681817,none,0
44,245,4,2026339210,0,0,0,0,0.9563146853236243,1.0067651252862262,1.4238236046770603,0.9933360700648176,0.9916949509331906,0.9960156292784769,1.0024127696578689,none,0
44,245,5,2026339211,0,0,0,0,0.9551425165881872,1.0067232575194949,1.498205962378039,1.0095559518277573,0.9941029787114986,0.9972178690596099,0.9973608563521819,none,0
44,245,6,2026339212,0,0,0,0,0.9565083610556652,1.0069800067894292,1.4123494288490386,0.9912211435520516,0.9954192588935591,0.9950169243312365,1.0054573847192294,none,0
44,245,7,2026339213,0,0,0,0,0.9558195423606198,1.0068439849944841,1.4614493713445098,1.0000233812975272,0.9947266025201554,1.0063271753300744,0.9993862263975528,none,0
44,245,8,2026339214,0,0,0,0,0.9559929241788243,1.006838640390586,1.4492290244780353,0.9948338840436031,1.0034070929921566,0.9907563084336012,0.9949667277381364,none,0
44,245,9,2026339215,0,0,0,0,0.9554669152629331,1.0067353249436115,1.4777853343438574,1.0016510710170452,0.9986662871923746,1.0054950352051444,1.0015658743192435,none,0
44,245,10,2026339216,0,0,0,0,0.955414591818041,1.0066918029212824,1.4827644170183039,1.005873853971599,0.9959047830678944,0.9995296466346523,0.9976357092223882,none,0
44,245,11,2026339217,0,0,0,0,0.9552532337758626,1.006416849826801,1.5012620569929789,1.0117588445021277,0.9696524396345185,0.997804171077523,0.9996015989096071,none,0
44,245,12,2026339218,0,0,0,0,0.9551206723153638,1.00666615769416,1.4976078325710265,1.011470008425754,0.9898145262194465,0.9928556712781327,0.99807795183453,none,0
44,245,13,2026339219,0,0,0,0,0.9556225570739101,1.0067844022503074,1.4623446825231514,0.9995783460432948,0.9926574636578275,0.9965015230839829,1.0001011745325685,none,0
44,245,14,2026339220,0,0,0,0,0.9555408354935297,1.0068037470343911,1.5051200082720815,1.0146089013262591,1.0024304677168971,1.000078421953003,1.0013716658918315,none,0
44,245,15,2026339221,0,0,0,0,0.9551177582105999,1.0065857077813902,1.5015722445841524,1.0083879170434968,0.9931470077205105,0.996596474240846,1.0030386304445116,none,0
44,245,16,2026339222,0,0,0,0,0.9559100493263627,1.0066085002250509,1.459342561352251,1.0024886460584033,0.9936874855944632,1.0008245260417652,0.9972651322167774,none,0
44,245,17,2026339223,0,0,0,0,0.9549626879290644,1.0066334383455902,1.5255718568642371,1.0159800963278078,0.9884385834863735,1.0013664149521424,1.0015522036477187,none,0
44,245,18,2026339224,0,0,0,0,0.95464881526447,1.0065596925032243,1.5221570723557722,1.0128215343968314,0.9961684869722479,0.9974643906845369,1.0042016021984312,none,0
44,245,19,2026339225,0,0,0,0,0.9551420339381593,1.0070119130330055,1.4740452636590642,1.000632539773172,1.0216285567613723,1.0068224111727573,1.0021317404649688,none,0
44,257,0,2026351314,0,0,0,0,0.9613538991797671,1.019781189404367,0.8761790767270413,0.9996526446925812,1.000439472748635,1.0092481507566053,1.0051025038488668,none,0
44,257,1,2026351315,0,0,0,0,0.9614762556720475,1.019338452155809,0.8742768352328364,1.0089736519181138,0.9991325310573328,0.9996027704415135,1.0042675319028131,none,0
44,257,2,2026351316,0,0,0,0,0.9616792532709371,1.019813234418244,0.871223159169932,1.0053582891466049,0.9937042811582965,1.0027288196311042,1.000582330217935,none,0
44,257,3,2026351317,0,0,0,0,0.9625687276972308,1.0195045949497104,0.827048465374909,0.9892241480075314,0.9859715248102668,0.9916332340214727,1.0058882445282988,none,0
44,257,4,2026351318,0,0,0,0,0.9603273841737067,1.018685713111475,0.9073154573102201,1.0169006852714884,0.9885632882821046,1.0061979516452895,0.996454803895662,none,0
44,257,5,2026351319,0,0,0,0,0.9616828892693824,1.0194592424698146,0.8641978398932181,1.0006468002518085,0.9932080166372705,1.0032488781090527,0.9991529983573252,none,0
44,257,6,2026351320,0,0,0,0,0.9614129518362841,1.020445362898297,0.8747313754440246,1.0091476281712644,1.013742196022864,0.9974066296274857,1.001601524867846,none,0
44,257,7,2026351321,0,0,0,0,0.9612011269067317,1.0197118780794263,0.8599218202576613,0.9960361294817626,0.9857433151508833,1.0006218891832166,1.0074107653902857,none,0
44,257,8,2026351322,0,0,0,0,0.961122648635726,1.0194639992531995,0.8818568188136925,1.0073892512084022,1.0051221623591156,0.9979545440793706,1.002206273353348,none,0
44,257,9,2026351323,0,0,0,0,0.9618728182158457,1.0197159698437472,0.8723832289396785,1.0125379034260464,1.0037462584438595,0.998822872379924,0.9973597601928409,none,0
44,257,10,2026351324,0,0,0,0,0.9620670157341502,1.0191906160402733,0.8421899146365069,0.985993024039977,0.9770300348187811,0.999750592874005,1.0075694131255497,none,0
44,257,11,2026351325,0,0,0,0,0.9614785275832424,1.0197601743865425,0.8777094347253699,1.0148478476945448,1.006244153186623,0.9965224838768609,1.0063305666024567,none,0
44,257,12,2026351326,0,0,0,0,0.9615168988145556,1.0187736865805892,0.8707523116502266,1.0110398539179588,0.9868269249325783,0.997961822841509,1.0000154545953654,none,0
44,257,13,2026351327,0,0,0,0,0.9620128620574467,1.0205675227474218,0.8504466628902738,0.9915736100965078,1.0039840698097815,1.0023515400962877,1.0006994373976958,none,0
44,257,14,2026351328,0,0,0,0,0.9601455435728052,1.0179500299779534,0.9247482957587155,1.0305132011267495,0.9816911243917237,1.0039864418181474,1.0068700877714793,none,0
44,257,15,2026351329,0,0,0,0,0.9615292510753451,1.0200772659564241,0.8721255330650455,1.0078829944761178,1.0049915863688161,1.0013076300204495,1.0011600440601858,none,0
44,257,16,2026351330,0,0,0,0,0.961679646196736,1.0200394907746062,0.8639117926971742,0.9994366859902737,1.004332229555319,0.9990300155442495,1.0005185359126458,none,0
44,257,17,2026351331,0,0,0,0,0.961157464174481,1.0195386982977654,0.8819938614634223,1.010255076008763,0.9941571319927944,1.0018207395272762,0.9848260272797975,none,0
44,257,18,2026351332,0,0,0,0,0.960781720629397,1.019850080004065,0.8968085113641016,1.017667399129177,1.0095152486021346,1.0023829979067183,1.0008420809326792,none,0
44,257,19,2026351333,0,0,0,0,0.96258256778306,1.019606260622605,0.8330625821600774,0.9888619993076427,0.9868449942015245,0.9985356851079996,1.0058290035408175,none,0
44,282,0,2026376539,0,0,0,0,0.9529036714464607,1.0075303205120436,1.6575436536288397,1.0096604352536276,1.001442669840517,0.9910737249270372,1.0061355478410317,none,0
44,282,1,2026376540,0,0,0,0,0.9527784977297166,1.0075333863176623,1.6251315706066136,1.0006444393187102,0.9958599017102325,0.9956009964641015,1.0053511187415571,none,0
44,282,2,2026376541,0,0,0,0,0.9533211715618661,1.0078187641669984,1.5549660549049182,0.9796190198038667,0.9905047675748054,1.0019543851654582,0.9913205511667331,none,0
44,282,3,2026376542,0,0,0,0,0.9525412623461681,1.0079054130772895,1.5932426271683247,0.9892433742368018,0.9932439366899405,1.0030036471236394,0.9954612115556817,none,0
44,282,4,2026376543,0,0,0,0,0.9533380610403296,1.0081417745748793,1.5543901768656574,0.9793468982532852,1.0001759602359697,1.0016337443090515,0.9942978141573828,none,0
44,282,5,2026376544,0,0,0,0,0.9535073858700825,1.0079128886415214,1.5510638796985876,0.9775780105976694,1.0150091087887223,0.9974141830332999,1.004093158672412,none,0
44,282,6,2026376545,0,0,0,0,0.9531650823405288,1.0081366271788335,1.7092209871585828,1.0256370955684455,1.0073386921640113,1.0015976188360503,0.9999578050669019,none,0
44,282,7,2026376546,0,0,0,0,0.9524892825544884,1.0078770393960603,1.6238671820863209,1.0014446455456678,1.001248321619123,1.0051984853286866,1.0014498515525243,none,0
44,282,8,2026376547,0,0,0,0,0.9531226123093686,1.007868634220322,1.6071860411412044,0.9982022164159059,0.999900031740968,1.0014410592169736,0.9959409404919601,none,0
44,282,9,2026376548,0,0,0,0,0.95283118685767,1.0077140707602383,1.6186448521800745,0.9962099530299239,0.9990926654220246,1.002001685263462,0.9976951749801228,none,0
44,282,10,2026376549,0,0,0,0,0.9537643109613694,1.0078471076795328,1.5410932679727243,0.9781601496715019,0.996129627150995,0.9974486685756195,0.997698038249635,none,0
44,282,11,2026376550,0,0,0,0,0.9523911139434581,1.0078063586254429,1.6531624613639928,1.0084908113075264,0.9926349399921403,1.0002795389438075,0.9999768145008958,none,0
44,282,12,2026376551,0,0,0,0,0.9526192873353752,1.0081047836521537,1.6592016938985803,1.0056503563294052,1.0086193876979888,1.0043956967011076,1.0005272928005209,none,0
44,282,13,2026376552,0,0,0,0,0.9533610153333868,1.008170092102939,1.6074655206694548,0.9994372875977936,1.0247502075816004,1.0009791588130805,0.9960141763665841,none,0
44,282,14,2026376553,0,0,0,0,0.9528522994555885,1.008017935654012,1.6284411555059513,1.002702191583935,1.005668093966749,0.9973064367379931,1.0019774879819794,none,0
44,282,15,2026376554,0,0,0,0,0.9527412000140973,1.0077901090178465,1.6759494597943116,1.0187156443045622,1.0074532641883518,0.9976428255776879,1.0027486963507306,none,0
44,282,16,2026376555,0,0,0,0,0.9532971706493274,1.007890969095661,1.5906884005401365,0.9892794243188876,0.9882807724549982,0.9901995172103608,1.0026796026037474,none,0
44,282,17,2026376556,0,0,0,0,0.9527144216404027,1.00775049500702,1.6564768840907864,1.0107013777353453,0.9997998051715192,0.9995131921707607,0.997316159926801,none,0
44,282,18,2026376557,0,0,0,0,0.9525211067750423,1.0077270304242005,1.6241506856297854,0.9963524707654051,0.9840332976561831,0.9972094352656388,1.007278045756845,none,0
44,282,19,2026376558,0,0,0,0,0.9518711948602516,1.0077249744656303,1.6897494428232736,1.008927851523292,0.9884022835320639,1.0093033762129928,1.0012687051716593,none,0
44,295,0,2026389656,0,0,0,0,0.9521093876554003,1.0,2.0883321548429317,1.0069704695705766,0.9949255920099702,0.9975109207741397,1.0029655089748375,none,0
44,295,1,2026389657,0,0,0,0,0.9523026375136137,1.0,2.0489520289182317,0.9984916795886393,1.0189586114240885,1.0041949171604727,1.0021141404950336,none,0
44,295,2,2026389658,0,0,0,0,0.9522372894301031,1.0,2.0711678629416435,1.001840049732318,0.9910720304566641,1.0006749741266387,1.0072008325055328,none,0
44,295,3,2026389659,0,0,0,0,0.9530786578094844,1.0,1.9053872094795898,0.9750696176563242,1.0007980601998172,0.9999427015660758,1.0038747095781537,none,0
44,295,4,2026389660,0,0,0,0,0.9525795627886977,1.0,2.019911176416167,0.9967513986166803,0.9959633619441763,0.9926630305665225,1.0045520020410654,none,0
44,295,5,2026389661,0,0,0,0,0.951553928203214,1.0,2.0938104175337724,1.0023021527567884,1.000352792970908,1.0076777852649346,1.0018527350336317,none,0
44,295,6,2026389662,0,0,0,0,0.9529832987578352,1.0,2.0275152624885178,1.0012381951465668,1.0003869875213267,0.9976578545298838,1.0065606243318252,none,0
44,295,7,2026389663,0,0,0,0,0.9521341626984287,1.0,2.0881850438282132,1.0085900983049099,0.9962993962762304,1.007925551252887,1.000035774657162,none,0
44,295,8,2026389664,0,0,0,0,0.9525953051443656,1.0,2.0461684082967326,0.9997665619307556,0.996961859628241,0.9993967465467076,1.0039889920347305,none,0
44,295,9,2026389665,0,0,0,0,0.9528314933604483,1.0,2.011330992157737,0.9938643374005502,1.0057257761387786,0.9970108359962353,1.0077307203467734,none,0
44,295,10,2026389666,0,0,0,0,0.9519324111926574,1.0,2.0491876238533053,0.9986848461907836,1.0094885629295163,1.0040438865894512,1.002395870104377,none,0
44,295,11,2026389667,0,0,0,0,0.9523121252405181,1.0,2.0552747943591125,1.0018662291213136,1.0009271457280517,0.9967240549603907,1.000617150682355,none,0
44,295,12,2026389668,0,0,0,0,0.9530697162172069,1.0,2.007181339301461,0.9970111871988144,1.0005989023995079,0.9960469749232874,1.0045462659119324,none,0
44,295,13,2026389669,0,0,0,0,0.9524764972384192,1.0,2.0495032975765226,1.002243951013093,1.0038416677547128,1.001439160387378,1.0018230591966437,none,0
44,295,14,2026389670,0,0,0,0,0.9524208171364283,1.0,2.0376698614300923,1.0024365513771754,1.0024869413420319,1.004863090338946,1.0000991218047492,none,0
44,295,15,2026389671,0,0,0,0,0.9535390000343447,1.0,1.9670205869954147,0.9930648866157264,1.0088995601068278,0.9884314559327507,0.9938621442093355,none,0
44,295,16,2026389672,0,0,0,0,0.9524038490833121,1.0,2.0134252311240903,0.995509882956308,1.0039310053235397,1.0035215923967544,1.0004066031142678,none,0
44,295,17,2026389673,0,0,0,0,0.952368864420456,1.0,2.0241993134492557,0.9949711247489988,1.0192436575786779,1.0008910374470397,0.9987639007810754,none,0
44,295,18,2026389674,0,0,0,0,0.9513224612870522,1.0,2.075825386576411,0.9950538206562018,0.9997084612572696,1.0045620245828568,1.0036838425127805,none,0
44,295,19,2026389675,0,0,0,0,0.9525169974463962,1.0,2.053518305430554,1.0056176986880874,1.0204312976865335,0.9983454922077397,0.9987489306055422,none,0
44,299,0,2026393692,0,0,0,0,0.9573128824401984,1.0,1.206810000477423,0.9956302615253599,0.994502790039114,1.000870621048102,1.0041249782410029,none,0
44,299,1,2026393693,0,0,0,0,0.9582733168220343,1.0,1.1716445462432925,0.9920113754896895,0.9827866503079671,0.9987788831944868,0.9993222418871729,none,0
44,299,2,2026393694,0,0,0,0,0.9572203947145946,1.0,1.2111591542348978,1.0092896032349652,1.0080725373210095,1.0062638460175766,0.9980921706545193,none,0
44,299,3,2026393695,0,0,0,0,0.9575044560858149,1.0,1.2295707716273723,1.0127743657417594,0.9856629254072589,1.0008133831785702,0.998942772074957,none,0
44,299,4,2026393696,0,0,0,0,0.9576165294877734,1.0,1.2027789186868934,0.9991018071684618,1.0037775211512265,0.9987553143984663,1.000553544664969,none,0
44,299,5,2026393697,0,0,0,0,0.9578519127809708,1.0,1.1943398465207424,0.998804223040228,0.9871680460956768,1.0071016520145035,0.9975417165915363,none,0
44,299,6,2026393698,0,0,0,0,0.9581288669654777,1.0,1.202154797538011,1.0065602044775834,1.0027955175843664,0.9935887334050033,0.9988985098029428,none,0
44,299,7,2026393699,0,0,0,0,0.9566265784205598,1.0,1.2773468881431032,1.0263239890948117,0.9898477612690004,0.9988907274447438,1.0035232371639105,none,0
44,299,8,2026393700,0,0,0,0,0.9576390482442583,1.0,1.183877231180274,0.9930678001503773,1.0015892502279908,1.001076632251952,0.9932356723432005,none,0
44,299,9,2026393701,0,0,0,0,0.9580942678786946,1.0,1.1810122129846512,0.9919850031905897,0.9944658550717391,0.999357400391235,1.001728236772255,none,0
44,299,10,2026393702,0,0,0,0,0.958719580312117,1.0,1.1601056180957439,0.9971725199508202,0.996016387315532,0.9986359159575373,1.003534700412061,none,0
44,299,11,2026393703,0,0,0,0,0.9579625230995679,1.0,1.1944039065332899,1.0030790354387524,1.0104771057942015,0.9995428621389164,0.9991099893011782,none,0
44,299,12,2026393704,0,0,0,0,0.9577658996456,1.0,1.198889663946236,1.0002616593241556,1.0085733281203366,1.0021442590641432,1.002048087958792,none,0
44,299,13,2026393705,0,0,0,0,0.9586245060497723,1.0,1.1662530706976488,0.9844364960644014,0.9892627108495626,0.9971181111206352,1.00424750464752,none,0
44,299,14,2026393706,0,0,0,0,0.958206517207936,1.0,1.189327602576463,1.0011957122316724,1.001042240332196,0.9983610855937205,1.0042235548989744,none,0
44,299,15,2026393707,0,0,0,0,0.9575067479226159,1.0,1.202914503747458,1.0011036741495163,1.0087331013026735,0.9993099188788195,0.9984305217840814,none,0
44,299,16,2026393708,0,0,0,0,0.9573553379149906,1.0,1.2197161054212413,1.007276110070676,1.0161485336070417,0.9985747980456173,1.000183804608339,none,0
44,299,17,2026393709,0,0,0,0,0.9571188154123582,1.0,1.219390647156313,0.9957277077904093,1.0099423748594103,0.9986894021633999,0.9981844773694938,none,0
44,299,18,2026393710,0,0,0,0,0.9579055381021974,1.0,1.1888846145773422,0.9990637030784077,1.0004748046472267,1.0004603705353936,1.0007219234057052,none,0
44,299,19,2026393711,0,0,0,0,0.956987033033437,1.0,1.2350265992922687,1.0101878046083697,1.0000963356493413,1.005097772641502,0.9925057080112288,none,0
45,4,0,2026096037,0,0,0,0,0.9563164888540536,1.0002190984937986,1.325206493285772,0.9949334932774142,0.9937959184534741,1.0021017550347773,0.9994884270672304,none,0
45,4,1,2026096038,0,0,0,0,0.9575475929896913,1.000388284756941,1.2767080069076753,0.9841835967575754,1.0047182342075218,0.9995045769055387,0.9951229312104793,none,0
45,4,2,2026096039,0,0,0,0,0.9574786610992413,1.0002882671094993,1.307459980975993,0.998559773826619,0.9954897380440968,1.0039239343224682,1.003366481728321,none,0
45,4,3,2026096040,0,0,0,0,0.9572410696404281,1.000262026890801,1.311966007694434,0.9997965580469068,1.0047767465714135,1.0045050013028045,1.0024633798803761,none,0
45,4,4,2026096041,0,0,0,0,0.9571118347443542,1.000182078874424,1.3030767312103306,0.9905184188730606,0.9792354004101249,0.9993286767866212,1.0019242281844574,none,0
45,4,5,2026096042,0,0,0,0,0.9566059096737989,1.0002806878047226,1.3426233237948797,1.0087581050721601,1.006117200337815,1.0023483589403355,1.00780270495947,none,0
45,4,6,2026096043,0,0,0,0,0.957158415286944,1.0002563278771968,1.3464073429018282,1.0230372235899923,1.0144376305464975,0.9977172530047351,0.9958278895010545,none,0
45,4,7,2026096044,0,0,0,0,0.9576933860717112,1.000284065222336,1.266729175535081,0.9910002047614085,0.9898261186748011,0.9973177350877962,1.000278153286591,none,0
45,4,8,2026096045,0,0,0,0,0.9573017424454693,1.0002550734526927,1.3095102683127153,1.00374556676061,0.9960479660217065,0.9990578256211186,1.000083801620917,none,0
45,4,9,2026096046,0,0,0,0,0.9571962816057843,1.0003422115946405,1.2844912287805668,0.9890374721045437,1.003863117141908,1.0026112040501032,0.9953662471075861,none,0
45,4,10,2026096047,0,0,0,0,0.9581884449820499,1.0002685746825917,1.2586392825062165,0.9856910507957737,0.9943451744215983,1.0003087501196457,0.9977994536435951,none,0
45,4,11,2026096048,0,0,0,0,0.9565729775709069,1.0002611692124315,1.3533610562120928,1.0174137133660737,1.0085588372081267,1.002269828648215,0.9961738591715614,none,0
45,4,12,2026096049,0,0,0,0,0.9577352332915242,1.0003294538211898,1.27086013904922,0.9892919069527367,1.004382969352164,0.9963077010415112,0.9969373957291383,none,0
45,4,13,2026096050,0,0,0,0,0.9568601519487461,1.0002512387398041,1.2976417698571903,0.9968244666687568,0.992027187578121,1.004521459275118,0.9995182649042015,none,0
45,4,14,2026096051,0,0,0,0,0.9572295035482219,1.000202448729479,1.3130783370593526,1.0016731648758024,0.9940531433424814,0.9998962908282244,1.0055911670953877,none,0
45,4,15,2026096052,0,0,0,0,0.9580279056897526,1.0002845309189403,1.2398163256152661,0.9772276369999089,0.9810526780602776,1.0031576495060879,0.9938556746855786,none,0
45,4,16,2026096053,0,0,0,0,0.958014927688777,1.000321686865026,1.2378190770008717,0.9810500226828371,0.9929704160898605,0.9955632271136982,1.0039829576616137,none,0
45,4,17,2026096054,0,0,0,0,0.9567662645717191,1.0001250419488708,1.3475672405272596,1.0158284047244757,0.9901794053865872,1.0047976038697901,0.9981775759769949,none,0
45,4,18,2026096055,0,0,0,0,0.956339220782572,1.0002624456187579,1.3382847945051304,1.0065925796630124,0.9892512533782515,1.00143003689761,0.9974087190824394,none,0
45,4,19,2026096056,0,0,0,0,0.9570620111414667,1.000226566363438,1.313038719087785,1.0023677744649768,1.0050060441016562,0.99542622547546,0.9955017091472979,none,0
45,38,0,2026130343,0,0,0,0,0.9530326849061703,1.0001050422978952,2.1531905921577827,1.0025192669764553,0.9891965277169232,0.9999738693781739,0.9959412473610283,none,0
45,38,1,2026130344,0,0,0,0,0.9525482393063694,1.0002599706780153,2.208834448610443,1.0072503436306344,0.9946396838841727,0.9998217162036335,0.9994805298156437,none,0
45,38,2,2026130345,0,0,0,0,0.9527822435821187,1.000289995631417,2.194275115389713,1.0088072276765003,0.9991220872653337,0.9980831607054752,1.0022261049627648,none,0
45,38,3,2026130346,0,0,0,0,0.9530165257606918,1.0002823674414754,2.184594803136498,1.0087015030463469,1.006779786075706,1.0014380501723663,1.0086198148905217,none,0
45,38,4,2026130347,0,0,0,0,0.9534673496010447,1.0003416244434649,2.08001224143773,0.9903567557934094,1.0069450765493868,0.9961498837410748,1.0031182797910563,none,0
45,38,5,2026130348,0,0,0,0,0.9532691840146792,1.000315945972477,2.1245203583047703,0.9980110660430448,1.0110151464806227,1.0067775628053741,0.9948237546759415,none,0
45,38,6,2026130349,0,0,0,0,0.9527078437205483,1.0003363375236092,2.128947750802996,0.9980810257083025,1.0054079660880824,0.99632474157436,1.0006305772879975,none,0
45,38,7,2026130350,0,0,0,0,0.9517938645039443,1.0002991978215345,2.2222666840360623,1.0050797036130485,1.0030455540892964,1.0074717001664026,1.007455467214329,none,0
45,38,8,2026130351,0,0,0,0,0.9527753532136509,1.000215118692378,2.1694374582544356,1.0040097201628224,0.9994188022134971,1.0074836802111216,1.004032208003932,none,0
45,38,9,2026130352,0,0,0,0,0.952547399338876,1.0002236722787545,2.191180144325813,1.0048668709616964,0.9930177789435821,1.0041629707412845,0.9983753333848102,none,0
45,38,10,2026130353,0,0,0,0,0.9526987614180591,1.0001571284693678,2.1638404455523155,1.0016293671366001,0.9851666175021929,0.9971712430575945,1.0005983610805853,none,0
45,38,11,2026130354,0,0,0,0,0.9527475939205409,1.0002531257392697,2.184875080951899,1.0033921111843742,1.0029722425832777,1.002443245545134,1.00673184511371,none,0
45,38,12,2026130355,0,0,0,0,0.9536393388932038,1.0002737304128553,2.0295714087782084,0.9829824713647901,0.9965941199203763,1.0003742569465242,0.9998197920431406,none,0
45,38,13,2026130356,0,0,0,0,0.9530311793806904,1.000299705143643,2.1861721145233837,1.0086668784179529,1.0081315868529122,1.0006712974966483,0.9981604577453137,none,0
45,38,14,2026130357,0,0,0,0,0.9524816221978675,1.000370486779717,2.144833554322496,0.997761959676503,1.00505624660594,1.0055236837613304,1.0005157096505208,none,0
45,38,15,2026130358,0,0,0,0,0.9535089738852452,1.0003933751104586,2.0743333874744407,0.9886908281362123,1.0104725539041557,1.000245904355232,1.000864285473839,none,0
45,38,16,2026130359,0,0,0,0,0.9521021824332301,1.0003930102064296,2.290048135493007,1.0192716502672028,1.0017581248046652,1.0034368142976249,1.0050114475007021,none,0
45,38,17,2026130360,0,0,0,0,0.9524596005217,1.0001220377663302,2.1936676640176564,1.0058387204402892,0.9870933912826617,1.0020518507427265,0.9990208914178572,none,0
45,38,18,2026130361,0,0,0,0,0.9534286642307312,1.0003295088427284,2.152613226704226,1.0071088118268778,1.0072782394415263,0.997406343526324,1.0095564486182134,none,0
45,38,19,2026130362,0,0,0,0,0.9528089476179807,1.0002697881857627,2.034324379499443,0.9741026549823002,0.9995519228889359,0.9991538102185071,1.0015308120680235,none,0
45,77,0,2026169694,0,0,0,0,0.9523031405751243,1.0046180697875595,2.009048512547393,0.9918513043092092,0.9975085905595463,1.0061324222958963,0.9999834885754803,none,0
45,77,1,2026169695,0,0,0,0,0.9534795788600262,1.0047795963134691,2.0207081801229503,1.0022424520056772,1.0100530301908197,0.9953631594507282,1.0037572072110637,none,0
45,77,2,2026169696,0,0,0,0,0.952357949853188,1.0045856609527568,2.086130368713924,1.0049161909250188,0.99585837919549,1.0041090274464164,0.9994406039193374,none,0
45,77,3,2026169697,0,0,0,0,0.9523884862392161,1.0047372074714036,2.069578423330987,1.0037236629885218,0.9967870939126308,0.9965010922301524,1.0020191852007563,none,0
45,77,4,2026169698,0,0,0,0,0.9528329419262028,1.0044467712623806,2.151089932709041,1.0181712753224392,0.9826814394200273,0.9994550750029179,0.9964337500514322,none,0
45,77,5,2026169699,0,0,0,0,0.9531090358972559,1.0047230693735971,2.103258829302027,1.0115540995923016,1.0044185519005042,1.0001610329689528,0.9982346366791669,none,0
45,77,6,2026169700,0,0,0,0,0.952900540858485,1.0045253973112012,2.120370329861253,1.0110174197032236,0.9867755604177152,1.0001140597652167,0.9961692878271056,none,0
45,77,7,2026169701,0,0,0,0,0.9533411900517292,1.0044380322491167,2.102540545222832,1.0125529281774506,0.995127611133535,0.9943579137262959,0.9990541109412421,none,0
45,77,8,2026169702,0,0,0,0,0.9528831633467177,1.0047653319869279,1.932365823268253,0.983827114168391,0.9997330038673687,0.9890955010057085,0.9961791049143506,none,0
45,77,9,2026169703,0,0,0,0,0.9523586812423838,1.0046994520214498,2.0141958646422626,0.9933283375836139,1.0083284623882505,0.9974314360259849,0.9999459227761462,none,0
45,77,10,2026169704,0,0,0,0,0.9525219713576122,1.0047653196668354,1.9872358521892783,0.987681033857765,1.0137513583706768,1.0086877309517945,0.998894148352323,none,0
45,77,11,2026169705,0,0,0,0,0.9534729466542761,1.0046857065569146,2.053438477288196,1.0066285895256426,1.00425197004286,0.9919910524065056,0.9958299337826204,none,0
45,77,12,2026169706,0,0,0,0,0.9527591592247742,1.0047279378340292,1.8948095185757463,0.9734168139760015,1.000855475201499,1.001936176717716,1.0033850726488647,none,0
45,77,13,2026169707,0,0,0,0,0.9523460141566749,1.0047619666602075,2.0256999393695763,0.9934794987392882,1.007444148337517,1.0021070192885453,1.002506434261832,none,0
45,77,14,2026169708,0,0,0,0,0.9521897709409488,1.0047736913543253,2.0511232599157134,0.9970115549438515,0.9977268075325937,1.0113632667499917,1.0045896199400606,none,0
45,77,15,2026169709,0,0,0,0,0.9528164173959179,1.0045394089994315,2.0001980708074907,0.9933841378148237,0.987457760791794,0.9951274474774208,0.9977819899643826,none,0
45,77,16,2026169710,0,0,0,0,0.9527783989094606,1.0046201512023074,2.0944318043190795,1.0103115235464317,1.0060756746714044,0.9899564787239172,1.0013753136405124,none,0
45,77,17,2026169711,0,0,0,0,0.9517520440835548,1.0042680276741245,2.2238648696879535,1.0212296282215765,0.9833186076582496,0.9961092098015977,0.9973969752649678,none,0
45,77,18,2026169712,0,0,0,0,0.9533474634967481,1.0044466348461922,2.026639947394105,1.0009531976377362,0.9816160566658457,0.9929621399596418,0.9970317462076437,none,0
45,77,19,2026169713,0,0,0,0,0.9528805310528602,1.0046643485595466,2.0693954100132035,1.006178577494889,1.0112726842944626,0.9965728381639178,1.0029620044592429,none,0
45,85,0,2026177766,0,0,0,0,0.9533185690404568,1.0,2.0012893984878115,1.0011885486107677,0.9911353908346008,0.9991151559819595,1.007357723195332,none,0
45,85,1,2026177767,0,0,0,0,0.9543932281631015,1.0,1.903893186873768,0.9889739896369711,1.0089658896646436,0.995395526857543,1.0004348988407195,none,0
45,85,2,2026177768,0,0,0,0,0.9538434486003424,1.0,1.9749249433867118,1.0019754158539569,1.013231919535885,0.9900786083270755,1.0037163530208242,none,0
45,85,3,2026177769,0,0,0,0,0.9530694412988193,1.0,2.0025938304045545,0.9991436114707039,0.9955917629568275,1.0005893404681374,0.9946144848669697,none,0
45,85,4,2026177770,0,0,0,0,0.9536369390473309,1.0,1.9703527145427893,0.9947519689316657,1.0013301587413763,1.0033014886868863,0.993029701314214,none,0
45,85,5,2026177771,0,0,0,0,0.9535272719434925,1.0,1.9936895174564457,1.0026131274652095,1.0018558795899146,0.9980788842511996,0.993850025846805,none,0
45,85,6,2026177772,0,0,0,0,0.9529375102214022,1.0,2.0283763925581786,1.001944487780112,0.9972555557710538,1.0083956211010805,1.0011359713759398,none,0
45,85,7,2026177773,0,0,0,0,0.9535687696463737,1.0,2.0193698478411397,1.0090103376209398,0.9985439959767654,1.0048885987268712,0.9950103419427563,none,0
45,85,8,2026177774,0,0,0,0,0.9535308868407807,1.0,1.905485727292983,0.9867872745253937,1.0080562749312034,0.9977842499982341,0.9965778863053582,none,0
45,85,9,2026177775,0,0,0,0,0.9534411451108654,1.0,2.010508906183906,1.0066322247062716,0.9945219659705841,0.9962013882975527,1.0018198964886915,none,0
45,85,10,2026177776,0,0,0,0,0.9536564950399998,1.0,1.9547669620855104,0.9932487109527027,0.9867464497808894,1.006467481390275,0.9954406478327334,none,0
45,85,11,2026177777,0,0,0,0,0.9537505912533623,1.0,1.925705360521711,0.9888442568859448,1.0179837892112593,1.0011938559404392,1.005575666457603,none,0
45,85,12,2026177778,0,0,0,0,0.953052835663258,1.0,2.0154065235169347,1.003384554048269,1.019380888883551,1.0019432150488874,1.001973609668479,none,0
45,85,13,2026177779,0,0,0,0,0.9533792027454122,1.0,1.9840257712582505,0.999884602133431,1.0062888313624394,1.002934279766079,0.9920239492006855,none,0
45,85,14,2026177780,0,0,0,0,0.953115123816875,1.0,2.049527774463196,1.0086515074200744,1.0077632414190638,1.000548183607851,0.9955923613268081,none,0
45,85,15,2026177781,0,0,0,0,0.9532208216939175,1.0,2.002341035607776,1.001458572072161,1.0121425293492277,1.0006266367245407,1.0013711613803085,none,0
45,85,16,2026177782,0,0,0,0,0.9535128321402735,1.0,1.9742581461494937,0.9989121480277786,0.9850214258628743,0.9938564128828266,0.9938297561472693,none,0
45,85,17,2026177783,0,0,0,0,0.9534525614668652,1.0,1.9694924105262999,0.9965439365857909,1.0060635999858865,0.9999439805884147,1.00101947658589,none,0
45,85,18,2026177784,0,0,0,0,0.95327436601801,1.0,1.9741598974876677,0.9985411800044783,0.9924968855823532,0.9955250990666993,0.9939494720157283,none,0
45,85,19,2026177785,0,0,0,0,0.9534994480176135,1.0,2.0870037240540857,1.0232768795267677,0.9873030409014483,0.9957661303316061,0.9959821466540688,none,0
45,105,0,2026197946,0,0,0,0,0.9568883707834058,1.0150399154995386,1.3456064258056075,0.9987193247569052,0.9918624803794782,0.9971441707860675,1.001508418555628,none,0
45,105,1,2026197947,0,0,0,0,0.9554645472226895,1.0143495373729572,1.4150353478379285,1.0083306307999307,1.004643725094967,1.0015824822379786,1.000240696212339,none,0
45,105,2,2026197948,0,0,0,0,0.9560863401425641,1.0137532525200885,1.4075048613032086,1.0172123107610467,0.9914582574538526,1.0016074775168404,1.0031025900356874,none,0
45,105,3,2026197949,0,0,0,0,0.9565177559825595,1.0145752785550248,1.3464171742580653,0.9912470914037864,0.9909565773745391,0.991916640642228,0.9985669933285454,none,0
45,105,4,2026197950,0,0,0,0,0.9566542343097588,1.0155195549855416,1.3626918992822974,0.9995944673513428,1.0019171750044669,1.0033631057910775,1.008038663780456,none,0
45,105,5,2026197951,0,0,0,0,0.9563565677964029,1.0141264581371605,1.3536738414201392,0.9922449604897775,0.986982992871178,0.9964187855967218,1.0052958072961864,none,0
45,105,6,2026197952,0,0,0,0,0.9560486082503401,1.0140046022432365,1.4000482234163822,1.0129400330815488,0.998441926108721,0.9972901782707708,1.0084839848750693,none,0
45,105,7,2026197953,0,0,0,0,0.9563148316206197,1.014604226618613,1.3629961428586213,0.997543712920736,0.9955021410828929,0.9981249637434578,0.9992940157570324,none,0
45,105,8,2026197954,0,0,0,0,0.9565205690722891,1.0151417442460169,1.3813153144056434,1.012683944782376,1.0064918109808203,0.9937902118636378,0.9987087863348221,none,0
45,105,9,2026197955,0,0,0,0,0.9566765682483824,1.0146009307299573,1.3210361049983415,0.9792959764744217,0.9796595290485038,1.0033666371558059,0.9983213630357458,none,0
45,105,10,2026197956,0,0,0,0,0.9559218198978741,1.014996554298722,1.3969554637950534,1.0060812123742076,1.0126238849894362,0.9933188341337743,0.9971852949912096,none,0
45,105,11,2026197957,0,0,0,0,0.9563553486867283,1.0151139900743225,1.3725118629726405,1.0003868479743507,1.002144224837521,0.9974471238476679,0.9967463470325705,none,0
45,105,12,2026197958,0,0,0,0,0.9558395901089688,1.0137092589037584,1.4138721078722924,1.0124251836342422,0.9917719321369316,1.001341999343834,1.0039354691089735,none,0
45,105,13,2026197959,0,0,0,0,0.9561619723622667,1.0140199798357632,1.3973845310126192,1.0078428299160997,0.9968271378963294,0.9997305696196995,1.0017214745432341,none,0
45,105,14,2026197960,0,0,0,0,0.9562107484031636,1.0149640156219308,1.357460639053166,0.9931385796058475,1.0073015948802428,1.000335507829563,1.0053459428655216,none,0
45,105,15,2026197961,0,0,0,0,0.9560942184817729,1.0147447273597554,1.3544287177350833,0.9887507252665305,0.9918209592663331,1.0076568016300262,1.0009305361058605,none,0
45,105,16,2026197962,0,0,0,0,0.9559919106671099,1.014352353389622,1.3878341456480523,1.0052083781943022,0.9977351422106101,1.004952597235024,1.0059429139715739,none,0
45,105,17,2026197963,0,0,0,0,0.9566797551405233,1.0161105961883803,1.3518090616022926,0.9949105785810525,1.0099136987116772,0.9979117459050694,0.9957625874713498,none,0
45,105,18,2026197964,0,0,0,0,0.9554733765729115,1.0139526846334432,1.406191766829375,1.0080228422348767,0.9869118474475088,1.0041835087107622,0.9995411149852143,none,0
45,105,19,2026197965,0,0,0,0,0.9565157852672121,1.0149523939685425,1.3719630188086085,1.0005801684081286,0.9987494987383064,0.9949485478895468,0.9991267569114378,none,0
45,133,0,2026226198,0,0,0,0,0.9559709281872779,1.008791334595667,1.474458309976025,1.0154614331806668,1.0010902445050018,0.9938006814278242,1.0001390686036598,none,0
45,133,1,2026226199,0,0,0,0,0.9570603376921989,1.008708007089833,1.4044577787076216,0.9912674605213366,0.9899527013158325,0.9999087612795684,1.002959518264353,none,0
45,133,2,2026226200,0,0,0,0,0.9572356367740238,1.0091321290396205,1.3990648663720502,0.9931077976721819,0.9990004778400098,0.9952375034910425,1.0023032282498847,none,0
45,133,3,2026226201,0,0,0,0,0.9572587054541329,1.008484294510789,1.3986400597160669,0.9948285789642358,0.9702337273467541,1.0023237532288234,1.0054766689164691,none,0
45,133,4,2026226202,0,0,0,0,0.9572541446796055,1.0088861495945085,1.4346761336211828,1.010186113800767,1.0008383551345614,0.9973781556579634,1.0052615774763236,none,0
45,133,5,2026226203,0,0,0,0,0.9568546708014909,1.0090793151397461,1.4416337296111155,1.0105151394078207,1.0047407488099416,1.0024773341041113,0.9990000150846836,none,0
45,133,6,2026226204,0,0,0,0,0.9565638340438508,1.0088540884622375,1.4778870701664903,1.0216079198310557,0.9981331991732568,0.9965706724829294,0.9975710250082851,none,0
45,133,7,2026226205,0,0,0,0,0.9559080073726225,1.0088683682836785,1.4658182925468086,1.0078713324357,1.004088019590231,1.0060905343509112,1.0018855946947676,none,0
45,133,8,2026226206,0,0,0,0,0.9563594789557025,1.008659687577235,1.447548299630961,1.0053863025990644,0.989410661948056,0.996984425765024,1.0080737449161041,none,0
45,133,9,2026226207,0,0,0,0,0.9575880630871185,1.0091172212180939,1.3889014517443554,0.9925925297858395,1.0043684561108104,0.9965009127316385,0.9997017319674281,none,0
45,133,10,2026226208,0,0,0,0,0.9565406339357618,1.008620321102409,1.4296707714793275,0.9987067123268933,0.9790547657970976,0.9917349075843879,1.0012846298012044,none,0
45,133,11,2026226209,0,0,0,0,0.9560811892968344,1.0087363947439432,1.4599447343048206,1.006819959853906,1.0057317670652284,0.9974002680522976,1.007406458881713,none,0
45,133,12,2026226210,0,0,0,0,0.9567218314808767,1.0091702258225035,1.399505071603871,0.9870199207607098,1.006893135919117,1.0035178017419617,0.9925282265792656,none,0
45,133,13,2026226211,0,0,0,0,0.9570622635915006,1.0090429519435213,1.431932237475047,1.0060941595836503,1.0081028996809376,0.9958911767308667,1.0004878511367694,none,0
45,133,14,2026226212,0,0,0,0,0.9567890847161405,1.009005437324558,1.4230016678094426,0.9950918044115044,0.9981952450769495,1.0032257348073954,1.0040456556359396,none,0
45,133,15,2026226213,0,0,0,0,0.9577510155030033,1.009076331051842,1.3740759314728417,0.9861850686350878,0.9999870059936744,0.9979475196815941,0.9950738608767377,none,0
45,133,16,2026226214,0,0,0,0,0.9569925926140243,1.0090189731696728,1.3971900862917246,0.9917768806153529,0.9892272819824771,0.9968322626975813,1.000843230593747,none,0
45,133,17,2026226215,0,0,0,0,0.9567709213989098,1.0092791595103792,1.4237818535194893,0.9997777495169226,1.0147896099807374,1.002590284079,0.9940592271672465,none,0
45,133,18,2026226216,0,0,0,0,0.9572875853828101,1.0091397507197073,1.4371989596818466,1.012768786108542,1.012682406477932,0.9881973969843664,1.000949268248572,none,0
45,133,19,2026226217,0,0,0,0,0.9567086957213541,1.0089515989608053,1.4342983389489743,1.0016050924232032,0.9965384303421998,1.0021725577350795,1.0081837186524203,none,0
45,137,0,2026230234,0,0,0,0,0.9642646873538829,1.015667992225261,0.9384904760245599,1.0033193378007081,0.9940696756150882,1.0036501826330506,1.007355524225103,none,0
45,137,1,2026230235,0,0,0,0,0.9646594088474613,1.0163576521613376,0.9227125997482905,0.9986577552090934,0.9992247180594104,1.004595681949865,0.996965175515459,none,0
45,137,2,2026230236,0,0,0,0,0.9643540705929845,1.0168615065129987,0.9405739684868202,1.0016557278409592,1.0172668907886449,1.0004757706244602,1.0032313067000398,none,0
45,137,3,2026230237,0,0,0,0,0.9648101509534558,1.0169550933385665,0.9135672126897545,0.9883938297526238,1.012843084779607,1.0011479252877529,0.9987763423387135,none,0
45,137,4,2026230238,0,0,0,0,0.9641561200107303,1.0166272178484899,0.9458187462769059,1.0033105110890168,1.0089393401045046,1.003043397762278,1.0091010891645469,none,0
45,137,5,2026230239,0,0,0,0,0.9647025958546085,1.0174442873584166,0.9151967585724613,0.9911338286361905,1.01202477810304,1.0092033844996426,1.000676257077746,none,0
45,137,6,2026230240,0,0,0,0,0.9644903086052969,1.0168914118909904,0.9161736063868767,0.9931021497070541,1.00878477655054,0.9961768708723074,0.9916524645454217,none,0
45,137,7,2026230241,0,0,0,0,0.964617141983118,1.0164453347709885,0.9281368595998527,1.001191107320142,1.0038860226196995,0.9970569535486581,0.9970460045319443,none,0
45,137,8,2026230242,0,0,0,0,0.9652070066586981,1.0171618397562416,0.9047419010846738,0.9903093513709719,0.9998317785369786,1.0033064048832308,0.9968971513895349,none,0
45,137,9,2026230243,0,0,0,0,0.9642532972016816,1.0165275176733997,0.9331919037472743,0.999342680162178,1.0106944032008895,0.9935139799555802,1.0016134131595564,none,0
45,137,10,2026230244,0,0,0,0,0.9645525533333332,1.016634454917403,0.9294408906313033,1.0008865466620658,1.0140960734000455,0.9995274225576081,1.0017722920157048,none,0
45,137,11,2026230245,0,0,0,0,0.9643916926590781,1.0164128036318523,0.9394966986689519,1.000568606469088,1.0064500221489183,1.004209794802393,0.9984267487113495,none,0
45,137,12,2026230246,0,0,0,0,0.9645161771093683,1.0164329363433173,0.9258137551483525,1.0014170936605522,1.0026966162466624,0.9956565138052943,0.9995179928452681,none,0
45,137,13,2026230247,0,0,0,0,0.9644262717758425,1.0157729723930948,0.9263972575008491,0.9950177228934467,0.9851423242792331,1.0019423971199268,0.9955791365000424,none,0
45,137,14,2026230248,0,0,0,0,0.9641945301751293,1.0164727085641332,0.9352879269600779,0.9967074900706855,1.0038676064195682,1.0071692718285863,1.0057682910301113,none,0
45,137,15,2026230249,0,0,0,0,0.9651720059988768,1.0157530750479276,0.8958573746231225,0.9838511868611226,0.9791076503534331,1.0042172465333368,0.9977862575370369,none,0
45,137,16,2026230250,0,0,0,0,0.9648289893303291,1.0161670157330367,0.913194514269742,0.9916432660345116,0.9907322460181828,1.0019083506658013,0.9974801735059498,none,0
45,137,17,2026230251,0,0,0,0,0.9643143886757489,1.0148679295967316,0.9287647530387082,1.0034456900545226,0.9762073522977683,0.9963472523509415,0.9984731904505411,none,0
45,137,18,2026230252,0,0,0,0,0.9644016632390836,1.0160229283181401,0.9305592812205989,1.0011083956433822,0.995624527105708,0.9977245433534939,0.9984944553564603,none,0
45,137,19,2026230253,0,0,0,0,0.9644348622073611,1.0159310130113384,0.9319491550136703,0.9978436947869558,0.9966955751783272,0.9989376206821645,1.0015601571660209,none,0
45,147,0,2026240324,0,0,0,0,0.9565524824410588,1.0106672091956663,1.4787200667011637,0.9998058598479211,1.000465688109922,0.9985325407824577,0.9987153026265674,none,0
45,147,1,2026240325,0,0,0,0,0.9566104547271056,1.0104718552200052,1.4534332077218988,0.9967320851115516,0.9927373432483773,1.0012030020475131,1.0011421792933142,none,0
45,147,2,2026240326,0,0,0,0,0.9561658269924412,1.0102651858424954,1.5136625474800576,1.0154441490061223,0.998000085507999,0.9993237218547585,1.0042283189262429,none,0
45,147,3,2026240327,0,0,0,0,0.9572305391505608,1.0106131191322456,1.4250274472418338,0.9907410526225688,0.9914279402361145,1.001402599712728,1.0057501967593843,none,0
45,147,4,2026240328,0,0,0,0,0.9570653905809112,1.010231756440296,1.4560015036676526,1.0014890688104983,0.9857593612255496,0.9942616536737958,1.000654526257325,none,0
45,147,5,2026240329,0,0,0,0,0.9570595311669734,1.0108160244916158,1.4330389706378217,0.9895114664533576,1.009067447340115,1.0029941832349687,1.0042107259148458,none,0
45,147,6,2026240330,0,0,0,0,0.9572503261685791,1.0106633753819658,1.4392087941535232,1.0020187399800846,0.9991716520915537,0.9957799907490497,0.9995398537055346,none,0
45,147,7,2026240331,0,0,0,0,0.9571584414213407,1.010623532445635,1.438887892931888,1.000652157259598,0.9980813794141363,0.9928761760076602,0.9970252366119621,none,0
45,147,8,2026240332,0,0,0,0,0.9574962856629837,1.0107405280373123,1.4425430540525757,0.9942551378521814,0.9945158560007058,0.9963986748448999,0.9984696922776558,none,0
45,147,9,2026240333,0,0,0,0,0.9567411116657992,1.010857536848016,1.4370698517096971,0.9894954422563441,0.9961122881001796,0.9984716821924311,0.999023533520005,none,0
45,147,10,2026240334,0,0,0,0,0.9567168264986788,1.0107823092267356,1.481245228726576,1.009870716495416,1.0048383060854271,0.9936199341755991,0.9967047143697199,none,0
45,147,11,2026240335,0,0,0,0,0.9577920879488757,1.011423743906011,1.3770652454659336,0.9749221919919311,1.006122770430443,0.996587561501956,0.9965680160519846,none,0
45,147,12,2026240336,0,0,0,0,0.9559825490600179,1.0106811744743776,1.518274899800165,1.0226600766816187,1.0105927130162513,0.9985655026199562,1.0039860291212896,none,0
45,147,13,2026240337,0,0,0,0,0.9572183649753456,1.010645311669574,1.4039178298418304,0.9818609838569845,0.9841009050578812,1.0016244282058067,1.0024345902081127,none,0
45,147,14,2026240338,0,0,0,0,0.9567140948372641,1.010420274608759,1.4713352316657002,1.0025321117626727,0.9939903083368113,0.9952295259781058,0.9977936579129042,none,0
45,147,15,2026240339,0,0,0,0,0.9564393805455063,1.0107284220956703,1.4867710508950145,1.0076142293807213,1.0087152191774338,0.9992292463086809,0.9947227799010381,none,0
45,147,16,2026240340,0,0,0,0,0.9567451613975797,1.010774636615875,1.4890641789665873,1.0073214785733262,1.0094853783248339,0.9968435781714539,1.0109509878067684,none,0
45,147,17,2026240341,0,0,0,0,0.9559646285223691,1.0106049920708684,1.5099562945123326,1.0146649228053835,1.0010014564514877,0.9964308742049013,0.9991322252016677,none,0
45,147,18,2026240342,0,0,0,0,0.9569379027966909,1.0104673800605912,1.472959726929782,1.0084870514994646,1.0000263450585483,0.9955007718818412,0.9956169358189025,none,0
45,147,19,2026240343,0,0,0,0,0.95698761864061,1.0105684227591631,1.455566477577678,0.99630440301878,1.0075249733562137,0.9942993580849357,1.008544516309407,none,0
45,159,0,2026252432,0,0,0,0,0.9637319343720936,1.013796147693498,0.8266266073780574,0.9908044196021313,0.9995285526757975,0.9989346645489423,0.9982960261357847,none,0
45,159,1,2026252433,0,0,0,0,0.9632299792059993,1.012850859935875,0.8542019483339204,0.9986748743323242,0.9947519325959677,1.0009314304830887,1.0029215025670297,none,0
45,159,2,2026252434,0,0,0,0,0.9627178498561154,1.0131162480989258,0.8598984079938196,1.0023404835602976,1.0068918300247025,1.0003478126802405,1.000959756573949,none,0
45,159,3,2026252435,0,0,0,0,0.9630677981222505,1.01355211992297,0.8713128085185788,1.014482854863284,1.018751557094912,0.9953232187958495,0.9992294940862774,none,0
45,159,4,2026252436,0,0,0,0,0.9624065584098621,1.013178972787563,0.8827766401000348,1.0064000824862542,1.0103347061638377,1.0042845892820815,0.9955725821593473,none,0
45,159,5,2026252437,0,0,0,0,0.963070798472873,1.0123975998110555,0.8623705825007804,1.0082202640749767,0.9932554851544514,0.9947371665228036,0.993934862480007,none,0
45,159,6,2026252438,0,0,0,0,0.9624612056928519,1.012418544869736,0.8652281940830661,1.0044664031046528,0.9900251338095334,1.0014084403268322,0.9998010854587538,none,0
45,159,7,2026252439,0,0,0,0,0.9631426859542819,1.0147214084822715,0.8284646331481618,0.9789177637565548,1.0185266338297365,1.0009367853854902,1.0094159111516403,none,0
45,159,8,2026252440,0,0,0,0,0.9636435452959892,1.0139192745316876,0.8325409662196406,0.9886589591449645,1.0029267859246636,1.0027013213975875,1.0071624264400802,none,0
45,159,9,2026252441,0,0,0,0,0.9625594066821965,1.0128094629784024,0.861130974705206,1.0014504334126568,0.9890715813943797,1.009511118400543,1.0005422651423395,none,0
45,159,10,2026252442,0,0,0,0,0.9630902793162907,1.013347486204719,0.850889475922692,1.0013268609360388,1.0064099472151995,0.9951576280973787,1.0010455893360126,none,0
45,159,11,2026252443,0,0,0,0,0.9625386652424999,1.012533709164803,0.8688218913629558,1.0041286727062801,1.0065521107020758,1.0011008028867936,0.9984477092905053,none,0
45,159,12,2026252444,0,0,0,0,0.9625035155956034,1.0138222911283867,0.858428981928673,0.9952422530820393,1.0062520366307395,1.0083872644189753,0.9961350613542966,none,0
45,159,13,2026252445,0,0,0,0,0.9635981649419525,1.0140126618392802,0.8354816348958614,0.9906934166906102,1.0079666654880481,0.9921181464579703,0.9989869176046445,none,0
45,159,14,2026252446,0,0,0,0,0.9638278152512786,1.0137578442704784,0.8165605481859423,0.9797769313460268,1.001587426736646,0.9999194567352202,1.0084303165643096,none,0
45,159,15,2026252447,0,0,0,0,0.9622246167124135,1.0124177170067015,0.8759458906519555,1.0063954740294676,0.9944803015587148,1.0055392370902547,0.998027278353464,none,0
45,159,16,2026252448,0,0,0,0,0.962551703815351,1.0129071108172885,0.8735362685640684,1.008606138540786,1.0023923769591152,1.0006766112082928,0.9932363151411638,none,0
45,159,17,2026252449,0,0,0,0,0.9626926513432019,1.0123555595122533,0.8682010687909443,1.0107749391915524,0.9947544217583796,0.9985648284391909,0.998672202697588,none,0
45,159,18,2026252450,0,0,0,0,0.9632001338631223,1.0126531721522347,0.8500282395286688,0.9983892431579455,0.9905351681004262,0.9993946163902999,0.9981049218142293,none,0
45,159,19,2026252451,0,0,0,0,0.9636165850442365,1.0138528517324101,0.8308831839193698,0.9902490555853517,1.0059339710413853,0.9942484890447834,0.9998401662161388,none,0
45,220,0,2026313981,0,0,0,0,0.9591124334103693,1.0069121703538928,1.2920982525539877,0.9938930265812796,1.0003483274149467,1.0020529318251903,1.0052904528411923,none,0
45,220,1,2026313982,0,0,0,0,0.9592245065761588,1.0066744706710842,1.3176320339691923,1.0035706129162272,0.9802293000225825,0.9902930554653804,1.0059173150648344,none,0
45,220,2,2026313983,0,0,0,0,0.9587017379532806,1.0068199477932045,1.3294416327946912,1.0015605320252463,0.9916127951096524,1.0016875309111213,1.0029905321404085,none,0
45,220,3,2026313984,0,0,0,0,0.9586947289107405,1.006851409799811,1.3193811526860304,0.9997841422667251,0.9890891027633016,1.000420381288478,1.0008645820763034,none,0
45,220,4,2026313985,0,0,0,0,0.9583877547527674,1.0068427599822156,1.3687022723746198,1.0134417754800389,1.0046998252985915,1.003595661088402,1.001516822516045,none,0
45,220,5,2026313986,0,0,0,0,0.9591493700957436,1.0070592722698748,1.3048512805532229,0.9958080784475761,1.0002741780285531,1.0018840437407275,0.9999854824113175,none,0
45,220,6,2026313987,0,0,0,0,0.9589210888120647,1.006836152483132,1.3077815385096236,0.9979550919115185,1.002922337890227,0.9940962575730496,1.001828280197947,none,0
45,220,7,2026313988,0,0,0,0,0.9588617514782348,1.0067532852419032,1.3118314438856282,1.0008342278328812,0.9940519568723892,1.0001279473202809,0.9971415124328116,none,0
45,220,8,2026313989,0,0,0,0,0.9587942017463236,1.0072782034691898,1.3308306547169744,1.0049989275316982,1.008529135274521,1.013120660530231,1.0065023785981928,none,0
45,220,9,2026313990,0,0,0,0,0.9596409957205767,1.0070438667109902,1.2898374157247323,0.9955724951428488,0.999842097564989,1.0019556723214265,1.0015631715789526,none,0
45,220,10,2026313991,0,0,0,0,0.9592623989149223,1.0068738965713229,1.268437300717112,0.9781356444443713,1.0026152887144548,1.001068956258048,0.9980724757438098,none,0
45,220,11,2026313992,0,0,0,0,0.9586376767662348,1.0066208558669065,1.3272522131805724,0.9995920089366457,0.9924214257011604,1.001858882182355,0.9979511792253535,none,0
45,220,12,2026313993,0,0,0,0,0.9593012551375582,1.0070145941203235,1.3135761793446052,0.9987019614697166,0.9915598823903354,1.0047920193530948,1.0010159848359712,none,0
45,220,13,2026313994,0,0,0,0,0.9595527048020972,1.0069064068839357,1.298792415275417,1.0018615632117107,1.0105183885575482,0.9913491494608508,1.0031932023738577,none,0
45,220,14,2026313995,0,0,0,0,0.958824912524681,1.0071997524157346,1.3329803674770582,1.0051021665973672,1.0019681333174244,1.0028196235322315,0.9946918146238073,none,0
45,220,15,2026313996,0,0,0,0,0.9582947600852432,1.00681932940716,1.368348037843149,1.0137850945406761,0.9947760777376322,1.0036228165232715,1.0033230085321934,none,0
45,220,16,2026313997,0,0,0,0,0.9590781520891486,1.0070509101214618,1.3114223903529516,1.0008981964439536,1.0122801284772847,1.0004462973467092,0.9977795601672989,none,0
45,220,17,2026313998,0,0,0,0,0.9596439341316694,1.006899605233004,1.300170247213844,1.0007505328885442,1.0008840009077071,0.9931545026675084,1.0028604616784538,none,0
45,220,18,2026313999,0,0,0,0,0.9596627474618783,1.0068968745413889,1.3021930143320417,0.9983087075659975,0.9939547363814197,0.9988171766653334,1.0042103228371653,none,0
45,220,19,2026314000,0,0,0,0,0.959073324552678,1.0068238788556616,1.29234167766942,0.9879973412641317,1.0020306897492535,1.007296659316819,0.9929702018204407,none,0
45,236,0,2026330125,0,0,0,0,0.9641365896112152,1.0188988688278677,0.8150196248361776,1.0048123468351464,1.0101944651601675,0.9947217315885769,0.9970633447656531,none,0
45,236,1,2026330126,0,0,0,0,0.9636332325657025,1.0184897165079527,0.8248573548781276,1.0076132125361799,0.9931694261827531,0.9990028449193946,0.9998678595286256,none,0
45,236,2,2026330127,0,0,0,0,0.9645513089560649,1.0195656422547679,0.7944570114063016,0.9880636411112688,1.0048420144196384,0.9976897994874774,0.9962493794630047,none,0
45,236,3,2026330128,0,0,0,0,0.9640296492416097,1.01973223551499,0.8194935199684937,1.0050360841517738,1.0085104372650073,1.0041333688874032,0.999808717815674,none,0
45,236,4,2026330129,0,0,0,0,0.9640848390500659,1.0196381765402152,0.8338073372008731,1.0128868211379372,1.0183618610776242,1.0002116935632666,0.9992499030793525,none,0
45,236,5,2026330130,0,0,0,0,0.9638707837351562,1.0187840971992834,0.8315227667283055,1.011040992614643,1.0019548153500089,1.0014566689928137,1.0004183232686898,none,0
45,236,6,2026330131,0,0,0,0,0.9652469221416629,1.0195387649712429,0.7772037604997146,0.9803515313869348,1.0070711868898807,0.9896550892779113,0.9998760022337686,none,0
45,236,7,2026330132,0,0,0,0,0.9640033506715036,1.0188575223097012,0.8167310979456762,1.0060786031410174,1.0067039755166265,0.9983433367609783,0.9978431558432524,none,0
45,236,8,2026330133,0,0,0,0,0.9644923347522929,1.0177407325119434,0.7958437802989592,0.9943004172690064,0.975796548675247,0.9969682814994656,0.9969528322476666,none,0
45,236,9,2026330134,0,0,0,0,0.9645664707594768,1.0197642098864983,0.7984732440714132,0.9847280540529847,1.004838495928013,1.0071014802386318,0.9985401329864193,none,0
45,236,10,2026330135,0,0,0,0,0.9638342774173487,1.0185546747520404,0.8323531710675691,1.0134296498189737,0.9965753567129368,0.9984951741614717,1.0035729739620136,none,0
45,236,11,2026330136,0,0,0,0,0.9652529375912959,1.0193532387019253,0.7847957100216009,0.9864834553225676,0.99664737279916,0.9932936226022283,1.010037736205697,none,0
45,236,12,2026330137,0,0,0,0,0.9642574186890824,1.0189869993916345,0.8089088435104503,1.0025050012944543,1.0037458661137275,0.9982983793102836,1.0004111131482056,none,0
45,236,13,2026330138,0,0,0,0,0.9638807179378074,1.0195374115880302,0.8109610326743293,0.9978905836737555,1.0022161862468708,0.9972568036466014,1.001331324018986,none,0
45,236,14,2026330139,0,0,0,0,0.9636184281213866,1.0183059408254058,0.8356562712522132,1.015421750123373,0.9957297174573245,1.0033803577415568,0.9996018469003606,none,0
45,236,15,2026330140,0,0,0,0,0.9634138181978698,1.0188822604658099,0.8348030696860687,1.011580374479752,1.0078746562667273,1.0005334905199275,1.0043625686117095,none,0
45,236,16,2026330141,0,0,0,0,0.9639787349528269,1.0185850777071732,0.8158659628572913,1.001818186684743,0.996879961426031,0.9986095868503566,0.9983918196148496,none,0
45,236,17,2026330142,0,0,0,0,0.9650384507908957,1.0193765188594324,0.7768697961773224,0.97950154169924,0.9962433466486449,0.9981900648796727,1.0023931653845188,none,0
45,236,18,2026330143,0,0,0,0,0.9643743662421179,1.019148378292956,0.8106803725974288,0.9932218045832446,1.0056475567182952,0.9991838647489957,0.9978299905245667,none,0
45,236,19,2026330144,0,0,0,0,0.9641276579365228,1.0190130468670016,0.813293719916496,0.9966501183445954,1.0030068224638156,0.9985538384591237,0.9958401334161664,none,0
45,241,0,2026335170,0,0,0,0,0.9578263583566703,1.0036867840402326,1.3659588709752843,0.984428733673771,1.0087744725416385,0.997996626931242,1.0004595302897825,none,0
45,241,1,2026335171,0,0,0,0,0.9582511847496499,1.003765505011588,1.3806746805504866,0.9974626344482661,1.0103734799064277,1.0007930451962632,1.002194877652374,none,0
45,241,2,2026335172,0,0,0,0,0.9585246809032023,1.0037277772323452,1.381946265340832,0.9993519581515377,1.0077726735970403,0.9951846103739405,0.9993892424919424,none,0
45,241,3,2026335173,0,0,0,0,0.9577331352200809,1.0037457397243317,1.3910488804836025,1.0012767446180455,0.9995815273920956,0.9984900790677794,0.9984670563961137,none,0
45,241,4,2026335174,0,0,0,0,0.9577657374085972,1.0036350649487422,1.403248935013112,1.0034014061304886,1.0042040594070696,1.0032019771238367,1.0012982630949774,none,0
45,241,5,2026335175,0,0,0,0,0.9571641992949913,1.003563106319612,1.4169208437786862,1.0035145556011382,0.9959491894839982,1.0066056063244917,0.9940068875275345,none,0
45,241,6,2026335176,0,0,0,0,0.9585200815173319,1.0037556403582468,1.3360790946947216,0.9855008017161608,1.002197847353431,1.0010252025052246,1.0001900939428203,none,0
45,241,7,2026335177,0,0,0,0,0.9580577338215901,1.003844579692756,1.384912269964437,1.0006978516790013,1.0124320530248645,1.0005546504217468,0.9976585475375904,none,0
45,241,8,2026335178,0,0,0,0,0.9572679850130005,1.0035672891791259,1.4220576866536838,1.008958295918297,1.0139263562397398,0.9988765854481316,1.0000924463172929,none,0
45,241,9,2026335179,0,0,0,0,0.9587081232778759,1.0036786830919437,1.3382982056961896,0.9900135431722111,1.0138908324128415,0.9926533166387094,0.9966418155165154,none,0
45,241,10,2026335180,0,0,0,0,0.9584548285053176,1.003579310255387,1.369828628148781,0.9979065447269244,1.0015858018035817,0.9991408235856714,0.9938281441560969,none,0
45,241,11,2026335181,0,0,0,0,0.9586921165547654,1.0036582052548344,1.3571409401332717,0.9944136842769282,0.9980308306527247,1.0024721579428628,0.9914478404230701,none,0
45,241,12,2026335182,0,0,0,0,0.9586064086263505,1.0036669286068165,1.3600130039443503,0.9993651076637299,1.0065515488234498,0.9982206885011403,1.0008610450087065,none,0
45,241,13,2026335183,0,0,0,0,0.9585049082219399,1.0035566739887192,1.3730948188733294,0.9982662847228955,0.9909564357935442,0.9981553126903101,1.0078220096122243,none,0
45,241,14,2026335184,0,0,0,0,0.9579874340725979,1.0038330693356476,1.3635260848561461,0.9879913681734266,1.0103657299086537,0.999544860789248,0.9974240715739032,none,0
45,241,15,2026335185,0,0,0,0,0.9586055128406048,1.0037828973305392,1.3723640089392268,1.0012710390756563,1.0017011608279842,1.0067769174104764,0.9971184861383827,none,0
45,241,16,2026335186,0,0,0,0,0.9583554694025045,1.003392974006552,1.4031724024290417,1.0106592968950372,0.9756728057646099,0.9970344619988954,1.0021025554591656,none,0
45,241,17,2026335187,0,0,0,0,0.9586280405556985,1.0036158504252501,1.3383280375004614,0.9814221669556469,0.9868593157003845,0.9999766973525549,0.9992457590724849,none,0
45,241,18,2026335188,0,0,0,0,0.9572266672770122,1.0037205999369025,1.420743595194371,0.9995026307744865,1.0233749683150528,1.001075467883865,1.0022135981813343,none,0
45,241,19,2026335189,0,0,0,0,0.9573428629675034,1.003465724585206,1.4594662058231929,1.0205137041421541,0.993737501836208,1.0017979601282445,1.0033065967204293,none,0
45,245,0,2026339206,0,0,0,0,0.9551027257397431,1.0067869316539226,1.4805695500098235,1.0017388701998589,0.9929720879461029,1.0049783937012327,1.002302405535311,none,0
45,245,1,2026339207,0,0,0,0,0.9550307387890576,1.0068048689181128,1.5283749029350147,1.016690407151674,1.004915201458422,1.0064851628286984,1.0017246387987278,none,0
45,245,2,2026339208,0,0,0,0,0.9558701570313392,1.006809352201048,1.4675167705096515,0.9960922097107409,0.9948931635615015,1.00492519373343,0.9992203089757992,none,0
45,245,3,2026339209,0,0,0,0,0.9562352343251678,1.006960861739724,1.456333141738099,0.9943985209483416,0.9922369533409628,1.004212094608005,1.0014349328681817,none,0
45,245,4,2026339210,0,0,0,0,0.9565845122537043,1.0068152851602037,1.4246348900359824,0.9933360700648176,0.9916949509331906,0.9960156292784769,1.0024127696578689,none,0
45,245,5,2026339211,0,0,0,0,0.9554296346602188,1.0067636105678779,1.4990335739459797,1.0095559518277573,0.9941029787114986,0.9972178690596099,0.9973608563521819,none,0
45,245,6,2026339212,0,0,0,0,0.9567818643253364,1.0070327386304894,1.413090497181863,0.9912211435520516,0.9954192588935591,0.9950169243312365,1.0054573847192294,none,0
45,245,7,2026339213,0,0,0,0,0.9560864955970848,1.0068907632355995,1.4622617110000227,1.0000233812975272,0.9947266025201554,1.0063271753300744,0.9993862263975528,none,0
45,245,8,2026339214,0,0,0,0,0.9562639821432275,1.006887990520104,1.4499869756670365,0.9948338840436031,1.0034070929921566,0.9907563084336012,0.9949667277381364,none,0
45,245,9,2026339215,0,0,0,0,0.955740238226403,1.0067819471216222,1.4786056004882095,1.0016510710170452,0.9986662871923746,1.0054950352051444,1.0015658743192435,none,0
45,245,10,2026339216,0,0,0,0,0.9556977803563614,1.0067357757350244,1.4835228156495188,1.005873853971599,0.9959047830678944,0.9995296466346523,0.9976357092223882,none,0
45,245,11,2026339217,0,0,0,0,0.9555372121170678,1.0064563183013389,1.5020979816552102,1.0117588445021277,0.9696524396345185,0.997804171077523,0.9996015989096071,none,0
45,245,12,2026339218,0,0,0,0,0.9554023506712943,1.0067063775970777,1.4984001893404384,1.011470008425754,0.9898145262194465,0.9928556712781327,0.99807795183453,none,0
45,245,13,2026339219,0,0,0,0,0.9558909402772424,1.0068335677181115,1.4630594157475527,0.9995783460432948,0.9926574636578275,0.9965015230839829,1.0001011745325685,none,0
45,245,14,2026339220,0,0,0,0,0.9558300337125787,1.0068430389613983,1.5059659410323816,1.0146089013262591,1.0024304677168971,1.000078421953003,1.0013716658918315,none,0
45,245,15,2026339221,0,0,0,0,0.9554032573158688,1.0066279414833852,1.5024124214445314,1.0083879170434968,0.9931470077205105,0.996596474240846,1.0030386304445116,none,0
45,245,16,2026339222,0,0,0,0,0.9561803007780759,1.006653051896084,1.4601742982180101,1.0024886460584033,0.9936874855944632,1.0008245260417652,0.9972651322167774,none,0
45,245,17,2026339223,0,0,0,0,0.9552572319578209,1.0066717520477397,1.5264357398625852,1.0159800963278078,0.9884385834863735,1.0013664149521424,1.0015522036477187,none,0
45,245,18,2026339224,0,0,0,0,0.9549412486745672,1.0065992593445163,1.522931341866372,1.0128215343968314,0.9961684869722479,0.9974643906845369,1.0042016021984312,none,0
45,245,19,2026339225,0,0,0,0,0.9554147663320323,1.0070587162947684,1.4748097270951364,1.000632539773172,1.0216285567613723,1.0068224111727573,1.0021317404649688,none,0
45,257,0,2026351314,0,0,0,0,0.9615640441679284,1.0208434542502547,0.8766285084130496,0.9996526446925812,1.000439472748635,1.0092481507566053,1.0051025038488668,none,0
45,257,1,2026351315,0,0,0,0,0.9616626830668092,1.0204321364032338,0.8747213888106656,1.0089736519181138,0.9991325310573328,0.9996027704415135,1.0042675319028131,none,0
45,257,2,2026351316,0,0,0,0,0.9618861061706383,1.020884221607391,0.871779363226138,1.0053582891466049,0.9937042811582965,1.0027288196311042,1.000582330217935,none,0
45,257,3,2026351317,0,0,0,0,0.9627800971010662,1.0205266232424925,0.8275384642754271,0.9892241480075314,0.9859715248102668,0.9916332340214727,1.0058882445282988,none,0
45,257,4,2026351318,0,0,0,0,0.9605174538312768,1.0198074537455513,0.9077772638276953,1.0169006852714884,0.9885632882821046,1.0061979516452895,0.996454803895662,none,0
45,257,5,2026351319,0,0,0,0,0.9618921045596736,1.0205141632336947,0.8646782489431135,1.0006468002518085,0.9932080166372705,1.0032488781090527,0.9991529983573252,none,0
45,257,6,2026351320,0,0,0,0,0.9616051307027474,1.0215735461414601,0.8752060497577453,1.0091476281712644,1.013742196022864,0.9974066296274857,1.001601524867846,none,0
45,257,7,2026351321,0,0,0,0,0.9614077103794996,1.0207435969780914,0.8604196040279303,0.9960361294817626,0.9857433151508833,1.0006218891832166,1.0074107653902857,none,0
45,257,8,2026351322,0,0,0,0,0.9613154216327819,1.0205500731209207,0.8822727233932831,1.0073892512084022,1.0051221623591156,0.9979545440793706,1.002206273353348,none,0
45,257,9,2026351323,0,0,0,0,0.9620734356396279,1.0208274529474837,0.872890825054139,1.0125379034260464,1.0037462584438595,0.998822872379924,0.9973597601928409,none,0
45,257,10,2026351324,0,0,0,0,0.9622801920430051,1.0201982016648066,0.8426506824098565,0.985993024039977,0.9770300348187811,0.999750592874005,1.0075694131255497,none,0
45,257,11,2026351325,0,0,0,0,0.9616749736894459,1.0208719144041216,0.8782256679502858,1.0148478476945448,1.006244153186623,0.9965224838768609,1.0063305666024567,none,0
45,257,12,2026351326,0,0,0,0,0.9616983264476536,1.0198711913752811,0.8712244232312489,1.0110398539179588,0.9868269249325783,0.997961822841509,1.0000154545953654,none,0
45,257,13,2026351327,0,0,0,0,0.962222861319954,1.0215980827924636,0.850943870377632,0.9915736100965078,1.0039840698097815,1.0023515400962877,1.0006994373976958,none,0
45,257,14,2026351328,0,0,0,0,0.9603272016898156,1.019099618122936,0.9252515524462547,1.0305132011267495,0.9816911243917237,1.0039864418181474,1.0068700877714793,none,0
45,257,15,2026351329,0,0,0,0,0.9617317999814587,1.0211610366997315,0.8726299213057309,1.0078829944761178,1.0049915863688161,1.0013076300204495,1.0011600440601858,none,0
45,257,16,2026351330,0,0,0,0,0.9618882157308019,1.0211087389659654,0.8643834177280806,0.9994366859902737,1.004332229555319,0.9990300155442495,1.0005185359126458,none,0
45,257,17,2026351331,0,0,0,0,0.9613527090175424,1.0206074600006458,0.8825060755243191,1.010255076008763,0.9941571319927944,1.0018207395272762,0.9848260272797975,none,0
45,257,18,2026351332,0,0,0,0,0.960974836315582,1.0209853169788996,0.8972899784032657,1.017667399129177,1.0095152486021346,1.0023829979067183,1.0008420809326792,none,0
45,257,19,2026351333,0,0,0,0,0.9627924343254011,1.0206195122128527,0.8335551036650496,0.9888619993076427,0.9868449942015245,0.9985356851079996,1.0058290035408175,none,0
45,282,0,2026376539,0,0,0,0,0.9535481925593464,1.0075798895570558,1.659078356960618,1.0096604352536276,1.001442669840517,0.9910737249270372,1.0061355478410317,none,0
45,282,1,2026376540,0,0,0,0,0.9533543356672913,1.007588242353326,1.6263429657618422,1.0006444393187102,0.9958599017102325,0.9956009964641015,1.0053511187415571,none,0
45,282,2,2026376541,0,0,0,0,0.9536073039878553,1.0078774380817563,1.5559742828982333,0.9796190198038667,0.9905047675748054,1.0019543851654582,0.9913205511667331,none,0
45,282,3,2026376542,0,0,0,0,0.9528919801622336,1.0079610546739717,1.5942986362530172,0.9892433742368018,0.9932439366899405,1.0030036471236394,0.9954612115556817,none,0
45,282,4,2026376543,0,0,0,0,0.9536245606343408,1.00820159157764,1.5553447859279412,0.9793468982532852,1.0001759602359697,1.0016337443090515,0.9942978141573828,none,0
45,282,5,2026376544,0,0,0,0,0.9537884293787602,1.007969296699708,1.552005982126043,0.9775780105976694,1.0150091087887223,0.9974141830332999,1.004093158672412,none,0
45,282,6,2026376545,0,0,0,0,0.953856521137723,1.0081791121684676,1.711405629748049,1.0256370955684455,1.0073386921640113,1.0015976188360503,0.9999578050669019,none,0
45,282,7,2026376546,0,0,0,0,0.9531501262326094,1.007932761967853,1.6252216338179182,1.0014446455456678,1.001248321619123,1.0051984853286866,1.0014498515525243,none,0
45,282,8,2026376547,0,0,0,0,0.953696540618471,1.0079238264786228,1.6083384982117475,0.9982022164159059,0.999900031740968,1.0014410592169736,0.9959409404919601,none,0
45,282,9,2026376548,0,0,0,0,0.9533547359139158,1.007769310471757,1.6198013038699304,0.9962099530299239,0.9990926654220246,1.002001685263462,0.9976951749801228,none,0
45,282,10,2026376549,0,0,0,0,0.9540364472582942,1.0079086127196804,1.5420605780029375,0.9781601496715019,0.996129627150995,0.9974486685756195,0.997698038249635,none,0
45,282,11,2026376550,0,0,0,0,0.9530118412214352,1.007855910089887,1.654628193324647,1.0084908113075264,0.9926349399921403,1.0002795389438075,0.9999768145008958,none,0
45,282,12,2026376551,0,0,0,0,0.9532170033313022,1.0081595279332198,1.660622586707872,1.0056503563294052,1.0086193876979888,1.0043956967011076,1.0005272928005209,none,0
45,282,13,2026376552,0,0,0,0,0.9539590027963593,1.0082251393621158,1.6087060185926743,0.9994372875977936,1.0247502075816004,1.0009791588130805,0.9960141763665841,none,0
45,282,14,2026376553,0,0,0,0,0.9535433059274381,1.0080733455538402,1.6297694984983975,1.002702191583935,1.005668093966749,0.9973064367379931,1.0019774879819794,none,0
45,282,15,2026376554,0,0,0,0,0.9534723086646978,1.007835320085313,1.6778619114683833,1.0187156443045622,1.0074532641883518,0.9976428255776879,1.0027486963507306,none,0
45,282,16,2026376555,0,0,0,0,0.9536464899668866,1.0079465891306938,1.59169561810059,0.9892794243188876,0.9882807724549982,0.9901995172103608,1.0026796026037474,none,0
45,282,17,2026376556,0,0,0,0,0.9533785096952353,1.00780012276159,1.6580013492829262,1.0107013777353453,0.9997998051715192,0.9995131921707607,0.997316159926801,none,0
45,282,18,2026376557,0,0,0,0,0.9530441261899992,1.0077813091369519,1.6253335824122066,0.9963524707654051,0.9840332976561831,0.9972094352656388,1.007278045756845,none,0
45,282,19,2026376558,0,0,0,0,0.95250134531274,1.007773983508344,1.6913314046344885,1.008927851523292,0.9884022835320639,1.0093033762129928,1.0012687051716593,none,0
45,295,0,2026389656,0,0,0,0,0.9522052516659003,1.0,2.0957421990076566,1.0069704695705766,0.9949255920099702,0.9975109207741397,1.0029655089748375,none,0
45,295,1,2026389657,0,0,0,0,0.9527095680785673,1.0,2.0531025682451105,0.9984916795886393,1.0189586114240885,1.0041949171604727,1.0021141404950336,none,0
45,295,2,2026389658,0,0,0,0,0.9526881740553944,1.0,2.076102179752532,1.001840049732318,0.9910720304566641,1.0006749741266387,1.0072008325055328,none,0
45,295,3,2026389659,0,0,0,0,0.9537176356468834,1.0,1.9076215899503084,0.9750696176563242,1.0007980601998172,0.9999427015660758,1.0038747095781537,none,0
45,295,4,2026389660,0,0,0,0,0.953197883314602,1.0,2.0238080992696657,0.9967513986166803,0.9959633619441763,0.9926630305665225,1.0045520020410654,none,0
45,295,5,2026389661,0,0,0,0,0.9519034733121832,1.0,2.098896283620453,1.0023021527567884,1.000352792970908,1.0076777852649346,1.0018527350336317,none,0
45,295,6,2026389662,0,0,0,0,0.9534087243144442,1.0,2.03206364955606,1.0012381951465668,1.0003869875213267,0.9976578545298838,1.0065606243318252,none,0
45,295,7,2026389663,0,0,0,0,0.9522561004596408,1.0,2.097133805611699,1.0085900983049099,0.9962993962762304,1.007925551252887,1.000035774657162,none,0
45,295,8,2026389664,0,0,0,0,0.9529983039548482,1.0,2.0505250974897566,0.9997665619307556,0.996961859628241,0.9993967465467076,1.0039889920347305,none,0
45,295,9,2026389665,0,0,0,0,0.9533377361516154,1.0,2.0147883185328146,0.9938643374005502,1.0057257761387786,0.9970108359962353,1.0077307203467734,none,0
45,295,10,2026389666,0,0,0,0,0.9525390302945718,1.0,2.053494018642918,0.9986848461907836,1.0094885629295163,1.0040438865894512,1.002395870104377,none,0
45,295,11,2026389667,0,0,0,0,0.9528679967036496,1.0,2.0599156047215548,1.0018662291213136,1.0009271457280517,0.9967240549603907,1.000617150682355,none,0
45,295,12,2026389668,0,0,0,0,0.9536063286645924,1.0,2.0109544776525383,0.9970111871988144,1.0005989023995079,0.9960469749232874,1.0045462659119324,none,0
45,295,13,2026389669,0,0,0,0,0.9529599806658963,1.0,2.0543027978087367,1.002243951013093,1.0038416677547128,1.001439160387378,1.0018230591966437,none,0
45,295,14,2026389670,0,0,0,0,0.9530170259063396,1.0,2.042542923166376,1.0024365513771754,1.0024869413420319,1.004863090338946,1.0000991218047492,none,0
45,295,15,2026389671,0,0,0,0,0.9540505544199539,1.0,1.9702817999615803,0.9930648866157264,1.0088995601068278,0.9884314559327507,0.9938621442093355,none,0
45,295,16,2026389672,0,0,0,0,0.9530159489565208,1.0,2.0171552345029236,0.995509882956308,1.0039310053235397,1.0035215923967544,1.0004066031142678,none,0
45,295,17,2026389673,0,0,0,0,0.9528691819612463,1.0,2.0279038638001476,0.9949711247489988,1.0192436575786779,1.0008910374470397,0.9987639007810754,none,0
45,295,18,2026389674,0,0,0,0,0.9519496785192617,1.0,2.079782566037933,0.9950538206562018,0.9997084612572696,1.0045620245828568,1.0036838425127805,none,0
45,295,19,2026389675,0,0,0,0,0.9529224561534889,1.0,2.05940759789769,1.0056176986880874,1.0204312976865335,0.9983454922077397,0.9987489306055422,none,0
45,299,0,2026393692,0,0,0,0,0.9574445870527247,1.0,1.2074586622623424,0.9956302615253599,0.994502790039114,1.000870621048102,1.0041249782410029,none,0
45,299,1,2026393693,0,0,0,0,0.9584056497018921,1.0,1.1723536496262534,0.9920113754896895,0.9827866503079671,0.9987788831944868,0.9993222418871729,none,0
45,299,2,2026393694,0,0,0,0,0.9573938718896255,1.0,1.211960129465952,1.0092896032349652,1.0080725373210095,1.0062638460175766,0.9980921706545193,none,0
45,299,3,2026393695,0,0,0,0,0.9576763600680902,1.0,1.2303283928559197,1.0127743657417594,0.9856629254072589,1.0008133831785702,0.998942772074957,none,0
45,299,4,2026393696,0,0,0,0,0.9577621577285365,1.0,1.2034829265687412,0.9991018071684618,1.0037775211512265,0.9987553143984663,1.000553544664969,none,0
45,299,5,2026393697,0,0,0,0,0.958005941154489,1.0,1.195078827095506,0.998804223040228,0.9871680460956768,1.0071016520145035,0.9975417165915363,none,0
45,299,6,2026393698,0,0,0,0,0.9582957025428998,1.0,1.202901849415239,1.0065602044775834,1.0027955175843664,0.9935887334050033,0.9988985098029428,none,0
45,299,7,2026393699,0,0,0,0,0.9568335434374525,1.0,1.2782049284612826,1.0263239890948117,0.9898477612690004,0.9988907274447438,1.0035232371639105,none,0
45,299,8,2026393700,0,0,0,0,0.9577674449625475,1.0,1.1845850046337052,0.9930678001503773,1.0015892502279908,1.001076632251952,0.9932356723432005,none,0
45,299,9,2026393701,0,0,0,0,0.958216734616627,1.0,1.1816851069536345,0.9919850031905897,0.9944658550717391,0.999357400391235,1.001728236772255,none,0
45,299,10,2026393702,0,0,0,0,0.9588470055672191,1.0,1.1608372713678243,0.9971725199508202,0.996016387315532,0.9986359159575373,1.003534700412061,none,0
45,299,11,2026393703,0,0,0,0,0.9581177831030948,1.0,1.1951385750291728,1.0030790354387524,1.0104771057942015,0.9995428621389164,0.9991099893011782,none,0
45,299,12,2026393704,0,0,0,0,0.9579131487072978,1.0,1.1996386308782987,1.0002616593241556,1.0085733281203366,1.0021442590641432,1.002048087958792,none,0
45,299,13,2026393705,0,0,0,0,0.9587605098249022,1.0,1.1668831803181436,0.9844364960644014,0.9892627108495626,0.9971181111206352,1.00424750464752,none,0
45,299,14,2026393706,0,0,0,0,0.9583706994903205,1.0,1.190095132179749,1.0011957122316724,1.001042240332196,0.9983610855937205,1.0042235548989744,none,0
45,299,15,2026393707,0,0,0,0,0.9576565814077208,1.0,1.203627170317664,1.0011036741495163,1.0087331013026735,0.9993099188788195,0.9984305217840814,none,0
45,299,16,2026393708,0,0,0,0,0.9575259082213623,1.0,1.2204354120746908,1.007276110070676,1.0161485336070417,0.9985747980456173,1.000183804608339,none,0
45,299,17,2026393709,0,0,0,0,0.9572641567134973,1.0,1.2200420613878025,0.9957277077904093,1.0099423748594103,0.9986894021633999,0.9981844773694938,none,0
45,299,18,2026393710,0,0,0,0,0.9580470360943668,1.0,1.1896124592719637,0.9990637030784077,1.0004748046472267,1.0004603705353936,1.0007219234057052,none,0
45,299,19,2026393711,0,0,0,0,0.9571752839825551,1.0,1.2358005822660347,1.0101878046083697,1.0000963356493413,1.005097772641502,0.9925057080112288,none,0
46,4,0,2026096037,0,0,0,0,0.9561910051976863,1.0000865608351324,1.3245414443025412,0.9949334932774142,0.9937959184534741,1.0021017550347773,0.9994884270672304,none,0
46,4,1,2026096038,0,0,0,0,0.9574170453558233,1.0002625245492154,1.2760467218842966,0.9841835967575754,1.0047182342075218,0.9995045769055387,0.9951229312104793,none,0
46,4,2,2026096039,0,0,0,0,0.9573371983081359,1.0001558919423639,1.306740390498724,0.998559773826619,0.9954897380440968,1.0039239343224682,1.003366481728321,none,0
46,4,3,2026096040,0,0,0,0,0.9570829633916281,1.0001294208182148,1.3112292532521619,0.9997965580469068,1.0047767465714135,1.0045050013028045,1.0024633798803761,none,0
46,4,4,2026096041,0,0,0,0,0.9569739710524859,1.0000487877593616,1.3023981264192073,0.9905184188730606,0.9792354004101249,0.9993286767866212,1.0019242281844574,none,0
46,4,5,2026096042,0,0,0,0,0.956464670713192,1.0001434764958086,1.341857679492203,1.0087581050721601,1.006117200337815,1.0023483589403355,1.00780270495947,none,0
46,4,6,2026096043,0,0,0,0,0.9570009671477455,1.0001273803634516,1.3455525421738364,1.0230372235899923,1.0144376305464975,0.9977172530047351,0.9958278895010545,none,0
46,4,7,2026096044,0,0,0,0,0.9575398732943657,1.0001547367083723,1.2659630341825652,0.9910002047614085,0.9898261186748011,0.9973177350877962,1.000278153286591,none,0
46,4,8,2026096045,0,0,0,0,0.9571523624030501,1.0001223581433683,1.3087280724714845,1.00374556676061,0.9960479660217065,0.9990578256211186,1.000083801620917,none,0
46,4,9,2026096046,0,0,0,0,0.9570589903641087,1.0002132500794256,1.2837992236157567,0.9890374721045437,1.003863117141908,1.0026112040501032,0.9953662471075861,none,0
46,4,10,2026096047,0,0,0,0,0.9580426641937922,1.0001391597919476,1.2579469213014598,0.9856910507957737,0.9943451744215983,1.0003087501196457,0.9977994536435951,none,0
46,4,11,2026096048,0,0,0,0,0.9564172412985361,1.0001295237896937,1.3525054511520256,1.0174137133660737,1.0085588372081267,1.002269828648215,0.9961738591715614,none,0
46,4,12,2026096049,0,0,0,0,0.9575879426779373,1.0001985846577859,1.2701654012898258,0.9892919069527367,1.004382969352164,0.9963077010415112,0.9969373957291383,none,0
46,4,13,2026096050,0,0,0,0,0.9567073173823034,1.0001202355658596,1.2969008020922206,0.9968244666687568,0.992027187578121,1.004521459275118,0.9995182649042015,none,0
46,4,14,2026096051,0,0,0,0,0.9570842072906891,1.00006947130047,1.3123474472501875,1.0016731648758024,0.9940531433424814,0.9998962908282244,1.0055911670953877,none,0
46,4,15,2026096052,0,0,0,0,0.9579019073464682,1.0001592665676766,1.2390906833739583,0.9772276369999089,0.9810526780602776,1.0031576495060879,0.9938556746855786,none,0
46,4,16,2026096053,0,0,0,0,0.9578772232441451,1.0001925876970257,1.2371011056678396,0.9810500226828371,0.9929704160898605,0.9955632271136982,1.0039829576616137,none,0
46,4,17,2026096054,0,0,0,0,0.9566029325469096,1.0,1.3467358198289188,1.0158284047244757,0.9901794053865872,1.0047976038697901,0.9981775759769949,none,0
46,4,18,2026096055,0,0,0,0,0.9562007335301493,1.000130603602807,1.3375313989311686,1.0065925796630124,0.9892512533782515,1.00143003689761,0.9974087190824394,none,0
46,4,19,2026096056,0,0,0,0,0.9569196827037181,1.00009292968069,1.3122724492510538,1.0023677744649768,1.0050060441016562,0.99542622547546,0.9955017091472979,none,0
46,38,0,2026130343,0,0,0,0,0.952372433605247,1.0000243320443964,2.146961878342895,1.0025192669764553,0.9891965277169232,0.9999738693781739,0.9959412473610283,none,0
46,38,1,2026130344,0,0,0,0,0.9521907600562587,1.0001614672900265,2.200775445394213,1.0072503436306344,0.9946396838841727,0.9998217162036335,0.9994805298156437,none,0
46,38,2,2026130345,0,0,0,0,0.9523567971749659,1.0001776065403492,2.186212741019855,1.0088072276765003,0.9991220872653337,0.9980831607054752,1.0022261049627648,none,0
46,38,3,2026130346,0,0,0,0,0.9526167096734214,1.0001863045927073,2.176758294227299,1.0087015030463469,1.006779786075706,1.0014380501723663,1.0086198148905217,none,0
46,38,4,2026130347,0,0,0,0,0.9525236334997456,1.0002786719845904,2.0752556313019186,0.9903567557934094,1.0069450765493868,0.9961498837410748,1.0031182797910563,none,0
46,38,5,2026130348,0,0,0,0,0.9525216801233927,1.000241785222671,2.118606713511054,0.9980110660430448,1.0110151464806227,1.0067775628053741,0.9948237546759415,none,0
46,38,6,2026130349,0,0,0,0,0.9522084966641099,1.000264568583238,2.1231541167397654,0.9980810257083025,1.0054079660880824,0.99632474157436,1.0006305772879975,none,0
46,38,7,2026130350,0,0,0,0,0.9514979807493499,1.0002103229893942,2.2150161028208784,1.0050797036130485,1.0030455540892964,1.0074717001664026,1.007455467214329,none,0
46,38,8,2026130351,0,0,0,0,0.9522446590807558,1.0001312329206853,2.1627028899223575,1.0040097201628224,0.9994188022134971,1.0074836802111216,1.004032208003932,none,0
46,38,9,2026130352,0,0,0,0,0.9522082009302699,1.0001375487627522,2.18410167138924,1.0048668709616964,0.9930177789435821,1.0041629707412845,0.9983753333848102,none,0
46,38,10,2026130353,0,0,0,0,0.9519505639721858,1.0000778071085459,2.157796484631609,1.0016293671366001,0.9851666175021929,0.9971712430575945,1.0005983610805853,none,0
46,38,11,2026130354,0,0,0,0,0.951873105338424,1.0001694431676744,2.1782613596026934,1.0033921111843742,1.0029722425832777,1.002443245545134,1.00673184511371,none,0
46,38,12,2026130355,0,0,0,0,0.9526846459750643,1.0002091122922165,2.025276867137461,0.9829824713647901,0.9965941199203763,1.0003742569465242,0.9998197920431406,none,0
46,38,13,2026130356,0,0,0,0,0.9525918048426321,1.0002067746020293,2.1785402232684463,1.0086668784179529,1.0081315868529122,1.0006712974966483,0.9981604577453137,none,0
46,38,14,2026130357,0,0,0,0,0.9522106599683349,1.0002952791275748,2.1389658212144576,0.997761959676503,1.00505624660594,1.0055236837613304,1.0005157096505208,none,0
46,38,15,2026130358,0,0,0,0,0.952544256920051,1.000329162903108,2.069645422280701,0.9886908281362123,1.0104725539041557,1.000245904355232,1.000864285473839,none,0
46,38,16,2026130359,0,0,0,0,0.9518239550720365,1.0002376928140517,2.2816616677850163,1.0192716502672028,1.0017581248046652,1.0034368142976249,1.0050114475007021,none,0
46,38,17,2026130360,0,0,0,0,0.9517330665421547,1.0000341605335257,2.1862516043245943,1.0058387204402892,0.9870933912826617,1.0020518507427265,0.9990208914178572,none,0
46,38,18,2026130361,0,0,0,0,0.9530163125943631,1.0002400548631745,2.1452670391592843,1.0071088118268778,1.0072782394415263,0.997406343526324,1.0095564486182134,none,0
46,38,19,2026130362,0,0,0,0,0.9518177412752065,1.0002027745605917,2.0311082816993684,0.9741026549823002,0.9995519228889359,0.9991538102185071,1.0015308120680235,none,0
46,77,0,2026169694,0,0,0,0,0.9519994681647609,1.0045589356602342,2.006899695676469,0.9918513043092092,0.9975085905595463,1.0061324222958963,0.9999834885754803,none,0
46,77,1,2026169695,0,0,0,0,0.9530952686344977,1.00472764213887,2.0166345367650047,1.0022424520056772,1.0100530301908197,0.9953631594507282,1.0037572072110637,none,0
46,77,2,2026169696,0,0,0,0,0.9521019832620676,1.0045376835271322,2.0811667369940423,1.0049161909250188,0.99585837919549,1.0041090274464164,0.9994406039193374,none,0
46,77,3,2026169697,0,0,0,0,0.9520338677634741,1.0046883056742801,2.0645034964608757,1.0037236629885218,0.9967870939126308,0.9965010922301524,1.0020191852007563,none,0
46,77,4,2026169698,0,0,0,0,0.9524448358861549,1.0044098220237105,2.1422026021245975,1.0181712753224392,0.9826814394200273,0.9994550750029179,0.9964337500514322,none,0
46,77,5,2026169699,0,0,0,0,0.9527511829029125,1.0046802266905068,2.0961236985424194,1.0115540995923016,1.0044185519005042,1.0001610329689528,0.9982346366791669,none,0
46,77,6,2026169700,0,0,0,0,0.9524543496737745,1.0044824496910458,2.113397754611392,1.0110174197032236,0.9867755604177152,1.0001140597652167,0.9961692878271056,none,0
46,77,7,2026169701,0,0,0,0,0.9530673665270225,1.0043964945794084,2.095415018283726,1.0125529281774506,0.995127611133535,0.9943579137262959,0.9990541109412421,none,0
46,77,8,2026169702,0,0,0,0,0.9525774837147215,1.0046971163468228,1.930121186994654,0.983827114168391,0.9997330038673687,0.9890955010057085,0.9961791049143506,none,0
46,77,9,2026169703,0,0,0,0,0.9520807831303321,1.0046392713334222,2.0121069183601836,0.9933283375836139,1.0083284623882505,0.9974314360259849,0.9999459227761462,none,0
46,77,10,2026169704,0,0,0,0,0.9519506203760947,1.0047006198435096,1.9850564053839392,0.987681033857765,1.0137513583706768,1.0086877309517945,0.998894148352323,none,0
46,77,11,2026169705,0,0,0,0,0.9529611848276105,1.0046372491834266,2.048809555166537,1.0066285895256426,1.00425197004286,0.9919910524065056,0.9958299337826204,none,0
46,77,12,2026169706,0,0,0,0,0.9525190245247129,1.0046558521972475,1.8930642101074444,0.9734168139760015,1.000855475201499,1.001936176717716,1.0033850726488647,none,0
46,77,13,2026169707,0,0,0,0,0.9516471853693138,1.004703875477586,2.023435623785374,0.9934794987392882,1.007444148337517,1.0021070192885453,1.002506434261832,none,0
46,77,14,2026169708,0,0,0,0,0.9518047331844666,1.0047190183430523,2.047951178189062,0.9970115549438515,0.9977268075325937,1.0113632667499917,1.0045896199400606,none,0
46,77,15,2026169709,0,0,0,0,0.9525242877468763,1.004481077243338,1.9982349905131698,0.9933841378148237,0.987457760791794,0.9951274474774208,0.9977819899643826,none,0
46,77,16,2026169710,0,0,0,0,0.9525345687984037,1.0045761314342732,2.0880279130504227,1.0103115235464317,1.0060756746714044,0.9899564787239172,1.0013753136405124,none,0
46,77,17,2026169711,0,0,0,0,0.9514424965921626,1.004234858417294,2.21498173922448,1.0212296282215765,0.9833186076582496,0.9961092098015977,0.9973969752649678,none,0
46,77,18,2026169712,0,0,0,0,0.95264330153204,1.00439622864273,2.0230604595708184,1.0009531976377362,0.9816160566658457,0.9929621399596418,0.9970317462076437,none,0
46,77,19,2026169713,0,0,0,0,0.9525431745708287,1.0046162040232025,2.0644253736075933,1.006178577494889,1.0112726842944626,0.9965728381639178,1.0029620044592429,none,0
46,85,0,2026177766,0,0,0,0,0.9524917846928199,1.0,1.9997515786861155,1.0011885486107677,0.9911353908346008,0.9991151559819595,1.007357723195332,none,0
46,85,1,2026177767,0,0,0,0,0.9539329307350837,1.0,1.902889586745051,0.9889739896369711,1.0089658896646436,0.995395526857543,1.0004348988407195,none,0
46,85,2,2026177768,0,0,0,0,0.9530380098202754,1.0,1.9734261899817613,1.0019754158539569,1.013231919535885,0.9900786083270755,1.0037163530208242,none,0
46,85,3,2026177769,0,0,0,0,0.9523034628204625,1.0,2.0012311927154323,0.9991436114707039,0.9955917629568275,1.0005893404681374,0.9946144848669697,none,0
46,85,4,2026177770,0,0,0,0,0.9530595293758826,1.0,1.9691873179557344,0.9947519689316657,1.0013301587413763,1.0033014886868863,0.993029701314214,none,0
46,85,5,2026177771,0,0,0,0,0.9526721649585703,1.0,1.9920576445663696,1.0026131274652095,1.0018558795899146,0.9980788842511996,0.993850025846805,none,0
46,85,6,2026177772,0,0,0,0,0.9520861179067004,1.0,2.0268211300453625,1.001944487780112,0.9972555557710538,1.0083956211010805,1.0011359713759398,none,0
46,85,7,2026177773,0,0,0,0,0.952480564857132,1.0,2.016940041649619,1.0090103376209398,0.9985439959767654,1.0048885987268712,0.9950103419427563,none,0
46,85,8,2026177774,0,0,0,0,0.95312315994881,1.0,1.9045257507644844,0.9867872745253937,1.0080562749312034,0.9977842499982341,0.9965778863053582,none,0
46,85,9,2026177775,0,0,0,0,0.9524352702825353,1.0,2.008512315231873,1.0066322247062716,0.9945219659705841,0.9962013882975527,1.0018198964886915,none,0
46,85,10,2026177776,0,0,0,0,0.9530846969090074,1.0,1.9536473723156624,0.9932487109527027,0.9867464497808894,1.006467481390275,0.9954406478327334,none,0
46,85,11,2026177777,0,0,0,0,0.9533387936658685,1.0,1.9247106958948763,0.9888442568859448,1.0179837892112593,1.0011938559404392,1.005575666457603,none,0
46,85,12,2026177778,0,0,0,0,0.9521544271708663,1.0,2.0137377056728014,1.003384554048269,1.019380888883551,1.0019432150488874,1.001973609668479,none,0
46,85,13,2026177779,0,0,0,0,0.9525840485151387,1.0,1.982634590399257,0.999884602133431,1.0062888313624394,1.002934279766079,0.9920239492006855,none,0
46,85,14,2026177780,0,0,0,0,0.9520600099414052,1.0,2.04729415709763,1.0086515074200744,1.0077632414190638,1.000548183607851,0.9955923613268081,none,0
46,85,15,2026177781,0,0,0,0,0.9523264872216979,1.0,2.00079223581699,1.001458572072161,1.0121425293492277,1.0006266367245407,1.0013711613803085,none,0
46,85,16,2026177782,0,0,0,0,0.9527562833883996,1.0,1.9728870047003646,0.9989121480277786,0.9850214258628743,0.9938564128828266,0.9938297561472693,none,0
46,85,17,2026177783,0,0,0,0,0.9527556484350691,1.0,1.9682255157513453,0.9965439365857909,1.0060635999858865,0.9999439805884147,1.00101947658589,none,0
46,85,18,2026177784,0,0,0,0,0.9525303388938611,1.0,1.9728089517735832,0.9985411800044783,0.9924968855823532,0.9955250990666993,0.9939494720157283,none,0
46,85,19,2026177785,0,0,0,0,0.9526256955267434,1.0,2.0830383229361127,1.0232768795267677,0.9873030409014483,0.9957661303316061,0.9959821466540688,none,0
46,105,0,2026197946,0,0,0,0,0.956728166566265,1.014904397624816,1.3448632850658213,0.9987193247569052,0.9918624803794782,0.9971441707860675,1.001508418555628,none,0
46,105,1,2026197947,0,0,0,0,0.9553251873617687,1.0142547552368557,1.4143438331985576,1.0083306307999307,1.004643725094967,1.0015824822379786,1.000240696212339,none,0
46,105,2,2026197948,0,0,0,0,0.9559338916314345,1.0137065658838766,1.4067965676926186,1.0172123107610467,0.9914582574538526,1.0016074775168404,1.0031025900356874,none,0
46,105,3,2026197949,0,0,0,0,0.9563690708635093,1.0144290071618434,1.345731745364866,0.9912470914037864,0.9909565773745391,0.991916640642228,0.9985669933285454,none,0
46,105,4,2026197950,0,0,0,0,0.9564997872271022,1.0153763874406692,1.3619596479719132,0.9995944673513428,1.0019171750044669,1.0033631057910775,1.008038663780456,none,0
46,105,5,2026197951,0,0,0,0,0.9562078305294355,1.0139887647384291,1.3530265882879904,0.9922449604897775,0.986982992871178,0.9964187855967218,1.0052958072961864,none,0
46,105,6,2026197952,0,0,0,0,0.9558973722847194,1.0139354410291956,1.399351486837004,1.0129400330815488,0.998441926108721,0.9972901782707708,1.0084839848750693,none,0
46,105,7,2026197953,0,0,0,0,0.956164517723903,1.0144671744735314,1.3623237677777091,0.997543712920736,0.9955021410828929,0.9981249637434578,0.9992940157570324,none,0
46,105,8,2026197954,0,0,0,0,0.9563621764700984,1.0150549190265434,1.3805652894231348,1.012683944782376,1.0064918109808203,0.9937902118636378,0.9987087863348221,none,0
46,105,9,2026197955,0,0,0,0,0.9565340041607042,1.0144393948357238,1.3203639628733852,0.9792959764744217,0.9796595290485038,1.0033666371558059,0.9983213630357458,none,0
46,105,10,2026197956,0,0,0,0,0.9557811915997918,1.0148777288938104,1.3962650570160768,1.0060812123742076,1.0126238849894362,0.9933188341337743,0.9971852949912096,none,0
46,105,11,2026197957,0,0,0,0,0.9562046525135781,1.0149738324014919,1.3717683892361678,1.0003868479743507,1.002144224837521,0.9974471238476679,0.9967463470325705,none,0
46,105,12,2026197958,0,0,0,0,0.955699495848167,1.01364596229359,1.4131363190278516,1.0124251836342422,0.9917719321369316,1.001341999343834,1.0039354691089735,none,0
46,105,13,2026197959,0,0,0,0,0.9560164669969218,1.0139337933999941,1.3967144913946314,1.0078428299160997,0.9968271378963294,0.9997305696196995,1.0017214745432341,none,0
46,105,14,2026197960,0,0,0,0,0.9560606713789739,1.0148084221228806,1.3567904522650078,0.9931385796058475,1.0073015948802428,1.000335507829563,1.0053459428655216,none,0
46,105,15,2026197961,0,0,0,0,0.9559423449305056,1.0145959397713578,1.3537859451755205,0.9887507252665305,0.9918209592663331,1.0076568016300262,1.0009305361058605,none,0
46,105,16,2026197962,0,0,0,0,0.95584350028076,1.01423838027865,1.387114239197396,1.0052083781943022,0.9977351422106101,1.004952597235024,1.0059429139715739,none,0
46,105,17,2026197963,0,0,0,0,0.9565298441654848,1.015955258495816,1.3510645122062663,0.9949105785810525,1.0099136987116772,0.9979117459050694,0.9957625874713498,none,0
46,105,18,2026197964,0,0,0,0,0.9553346758957109,1.0138757722918466,1.4054178798635155,1.0080228422348767,0.9869118474475088,1.0041835087107622,0.9995411149852143,none,0
46,105,19,2026197965,0,0,0,0,0.9563664682529335,1.0148195136140281,1.3712612934923452,1.0005801684081286,0.9987494987383064,0.9949485478895468,0.9991267569114378,none,0
46,133,0,2026226198,0,0,0,0,0.9558023586438584,1.0086630606140612,1.4738239289829245,1.0154614331806668,1.0010902445050018,0.9938006814278242,1.0001390686036598,none,0
46,133,1,2026226199,0,0,0,0,0.9568969194977126,1.0085598637323414,1.4037823552272581,0.9912674605213366,0.9899527013158325,0.9999087612795684,1.002959518264353,none,0
46,133,2,2026226200,0,0,0,0,0.9570710738251113,1.0089848290217003,1.398406817306001,0.9931077976721819,0.9990004778400098,0.9952375034910425,1.0023032282498847,none,0
46,133,3,2026226201,0,0,0,0,0.9570911533931055,1.0083453294351938,1.3979070852676214,0.9948285789642358,0.9702337273467541,1.0023237532288234,1.0054766689164691,none,0
46,133,4,2026226202,0,0,0,0,0.9570506284101943,1.0087506688642816,1.43396437649487,1.010186113800767,1.0008383551345614,0.9973781556579634,1.0052615774763236,none,0
46,133,5,2026226203,0,0,0,0,0.9566775426009982,1.008943597782593,1.4409564798141545,1.0105151394078207,1.0047407488099416,1.0024773341041113,0.9990000150846836,none,0
46,133,6,2026226204,0,0,0,0,0.956391905740943,1.008733509246249,1.4772445781852042,1.0216079198310557,0.9981331991732568,0.9965706724829294,0.9975710250082851,none,0
46,133,7,2026226205,0,0,0,0,0.9557414970624912,1.0087262735249092,1.465150458328759,1.0078713324357,1.004088019590231,1.0060905343509112,1.0018855946947676,none,0
46,133,8,2026226206,0,0,0,0,0.9561889602658791,1.0085231338811824,1.4468944465399864,1.0053863025990644,0.989410661948056,0.996984425765024,1.0080737449161041,none,0
46,133,9,2026226207,0,0,0,0,0.957413126033739,1.0089698647139023,1.3882239966385532,0.9925925297858395,1.0043684561108104,0.9965009127316385,0.9997017319674281,none,0
46,133,10,2026226208,0,0,0,0,0.9563766080514451,1.0084849017658228,1.429020013230773,0.9987067123268933,0.9790547657970976,0.9917349075843879,1.0012846298012044,none,0
46,133,11,2026226209,0,0,0,0,0.9559134233724859,1.0086009400215665,1.4592802285024657,1.006819959853906,1.0057317670652284,0.9974002680522976,1.007406458881713,none,0
46,133,12,2026226210,0,0,0,0,0.9565746660304634,1.0090235040674322,1.3988414950429058,0.9870199207607098,1.006893135919117,1.0035178017419617,0.9925282265792656,none,0
46,133,13,2026226211,0,0,0,0,0.9568869523367513,1.008899763991205,1.4312833952223347,1.0060941595836503,1.0081028996809376,0.9958911767308667,1.0004878511367694,none,0
46,133,14,2026226212,0,0,0,0,0.9566324433956013,1.0088612877012193,1.4223076949381575,0.9950918044115044,0.9981952450769495,1.0032257348073954,1.0040456556359396,none,0
46,133,15,2026226213,0,0,0,0,0.9575770284135527,1.0089265713568025,1.373403571275061,0.9861850686350878,0.9999870059936744,0.9979475196815941,0.9950738608767377,none,0
46,133,16,2026226214,0,0,0,0,0.9568313337382054,1.0088719574068776,1.39651347926819,0.9917768806153529,0.9892272819824771,0.9968322626975813,1.000843230593747,none,0
46,133,17,2026226215,0,0,0,0,0.9566061005292358,1.0091351341317185,1.4231223074333594,0.9997777495169226,1.0147896099807374,1.002590284079,0.9940592271672465,none,0
46,133,18,2026226216,0,0,0,0,0.9571023297393983,1.00900233463746,1.4365145319777266,1.012768786108542,1.012682406477932,0.9881973969843664,1.000949268248572,none,0
46,133,19,2026226217,0,0,0,0,0.9565392987344934,1.0088109159466596,1.4336076965835418,1.0016050924232032,0.9965384303421998,1.0021725577350795,1.0081837186524203,none,0
46,137,0,2026230234,0,0,0,0,0.9639402325229925,1.015456185132621,0.9381080464310287,1.0033193378007081,0.9940696756150882,1.0036501826330506,1.007355524225103,none,0
46,137,1,2026230235,0,0,0,0,0.9643550331656786,1.0161586936260605,0.9222739789085671,0.9986577552090934,0.9992247180594104,1.004595681949865,0.996965175515459,none,0
46,137,2,2026230236,0,0,0,0,0.9640409947224882,1.016702736102626,0.9401629807244242,1.0016557278409592,1.0172668907886449,1.0004757706244602,1.0032313067000398,none,0
46,137,3,2026230237,0,0,0,0,0.964522734100472,1.0167924458820037,0.913173185229309,0.9883938297526238,1.012843084779607,1.0011479252877529,0.9987763423387135,none,0
46,137,4,2026230238,0,0,0,0,0.9638387230432112,1.0164457465988814,0.9454163035414569,1.0033105110890168,1.0089393401045046,1.003043397762278,1.0091010891645469,none,0
46,137,5,2026230239,0,0,0,0,0.9644088026804755,1.017271899938365,0.9147619857504873,0.9911338286361905,1.01202477810304,1.0092033844996426,1.000676257077746,none,0
46,137,6,2026230240,0,0,0,0,0.964199843869377,1.0167151901512288,0.9157754193623941,0.9931021497070541,1.00878477655054,0.9961768708723074,0.9916524645454217,none,0
46,137,7,2026230241,0,0,0,0,0.9643031008488366,1.0162488935813925,0.9277095123952711,1.001191107320142,1.0038860226196995,0.9970569535486581,0.9970460045319443,none,0
46,137,8,2026230242,0,0,0,0,0.9649085149067808,1.0169694199253652,0.9042910424313136,0.9903093513709719,0.9998317785369786,1.0033064048832308,0.9968971513895349,none,0
46,137,9,2026230243,0,0,0,0,0.9639471206357049,1.0163524043267933,0.9327854019730815,0.999342680162178,1.0106944032008895,0.9935139799555802,1.0016134131595564,none,0
46,137,10,2026230244,0,0,0,0,0.9642409617809529,1.016461734259877,0.9290523979126977,1.0008865466620658,1.0140960734000455,0.9995274225576081,1.0017722920157048,none,0
46,137,11,2026230245,0,0,0,0,0.9640842667134029,1.016234533553963,0.9390985544716883,1.000568606469088,1.0064500221489183,1.004209794802393,0.9984267487113495,none,0
46,137,12,2026230246,0,0,0,0,0.9641979136316984,1.0162375069866916,0.9254053191704856,1.0014170936605522,1.0026966162466624,0.9956565138052943,0.9995179928452681,none,0
46,137,13,2026230247,0,0,0,0,0.9641356841763035,1.0155447465168062,0.9259934880931621,0.9950177228934467,0.9851423242792331,1.0019423971199268,0.9955791365000424,none,0
46,137,14,2026230248,0,0,0,0,0.9639037969814325,1.0162830825266926,0.9348858535638027,0.9967074900706855,1.0038676064195682,1.0071692718285863,1.0057682910301113,none,0
46,137,15,2026230249,0,0,0,0,0.9648700449273231,1.0155256821479957,0.895436971664341,0.9838511868611226,0.9791076503534331,1.0042172465333368,0.9977862575370369,none,0
46,137,16,2026230250,0,0,0,0,0.9645326645326097,1.0159558126477395,0.9127735031030526,0.9916432660345116,0.9907322460181828,1.0019083506658013,0.9974801735059498,none,0
46,137,17,2026230251,0,0,0,0,0.9640005235437209,1.0146299560680374,0.9283298420324307,1.0034456900545226,0.9762073522977683,0.9963472523509415,0.9984731904505411,none,0
46,137,18,2026230252,0,0,0,0,0.9640882323072455,1.0158124632438545,0.9301546532491267,1.0011083956433822,0.995624527105708,0.9977245433534939,0.9984944553564603,none,0
46,137,19,2026230253,0,0,0,0,0.9641319803538714,1.0157280196023337,0.9315563097827744,0.9978436947869558,0.9966955751783272,0.9989376206821645,1.0015601571660209,none,0
46,147,0,2026240324,0,0,0,0,0.9563847899824776,1.0105320209932023,1.4779615991798996,0.9998058598479211,1.000465688109922,0.9985325407824577,0.9987153026265674,none,0
46,147,1,2026240325,0,0,0,0,0.9564381213081192,1.0103316918036267,1.4526515946474876,0.9967320851115516,0.9927373432483773,1.0012030020475131,1.0011421792933142,none,0
46,147,2,2026240326,0,0,0,0,0.9559942226919043,1.0101312553929933,1.5129284694974554,1.0154441490061223,0.998000085507999,0.9993237218547585,1.0042283189262429,none,0
46,147,3,2026240327,0,0,0,0,0.9570573982873508,1.010473627549388,1.4242751426490867,0.9907410526225688,0.9914279402361145,1.001402599712728,1.0057501967593843,none,0
46,147,4,2026240328,0,0,0,0,0.9568877501547052,1.0100916461662204,1.4552416844600804,1.0014890688104983,0.9857593612255496,0.9942616536737958,1.000654526257325,none,0
46,147,5,2026240329,0,0,0,0,0.956892554356814,1.0110457703814113,1.4322916450603713,0.9895114664533576,1.009067447340115,1.0029941832349687,1.0042107259148458,none,0
46,147,6,2026240330,0,0,0,0,0.9570683301946872,1.0105231469041045,1.4383706603109327,1.0020187399800846,0.9991716520915537,0.9957799907490497,0.9995398537055346,none,0
46,147,7,2026240331,0,0,0,0,0.9569781092657077,1.0104862874434914,1.4380658731496447,1.000652157259598,0.9980813794141363,0.9928761760076602,0.9970252366119621,none,0
46,147,8,2026240332,0,0,0,0,0.9573232677573335,1.010600973138043,1.4418092857932123,0.9942551378521814,0.9945158560007058,0.9963986748448999,0.9984696922776558,none,0
46,147,9,2026240333,0,0,0,0,0.9565762568152337,1.0107213227364402,1.436275635337605,0.9894954422563441,0.9961122881001796,0.9984716821924311,0.999023533520005,none,0
46,147,10,2026240334,0,0,0,0,0.9565407974634955,1.010647511435131,1.4804851737721472,1.009870716495416,1.0048383060854271,0.9936199341755991,0.9967047143697199,none,0
46,147,11,2026240335,0,0,0,0,0.9576367538499913,1.0115751536054707,1.376355824089892,0.9749221919919311,1.006122770430443,0.996587561501956,0.9965680160519846,none,0
46,147,12,2026240336,0,0,0,0,0.9557910325679009,1.0105539684477975,1.5174355607120098,1.0226600766816187,1.0105927130162513,0.9985655026199562,1.0039860291212896,none,0
46,147,13,2026240337,0,0,0,0,0.9570563590780767,1.0105042574130672,1.4032134177264413,0.9818609838569845,0.9841009050578812,1.0016244282058067,1.0024345902081127,none,0
46,147,14,2026240338,0,0,0,0,0.9565447988001184,1.0102877421467724,1.4706133105183166,1.0025321117626727,0.9939903083368113,0.9952295259781058,0.9977936579129042,none,0
46,147,15,2026240339,0,0,0,0,0.9562681958151268,1.0105923462343112,1.486006864115076,1.0076142293807213,1.0087152191774338,0.9992292463086809,0.9947227799010381,none,0
46,147,16,2026240340,0,0,0,0,0.9565667789624597,1.0106387160073704,1.4883012073581003,1.0073214785733262,1.0094853783248339,0.9968435781714539,1.0109509878067684,none,0
46,147,17,2026240341,0,0,0,0,0.9557924033662852,1.0104720441935824,1.5091798845063535,1.0146649228053835,1.0010014564514877,0.9964308742049013,0.9991322252016677,none,0
46,147,18,2026240342,0,0,0,0,0.9567613732526167,1.0103303292879773,1.4721695249888591,1.0084870514994646,1.0000263450585483,0.9955007718818412,0.9956169358189025,none,0
46,147,19,2026240343,0,0,0,0,0.9568182626495755,1.010431898011309,1.45478356005852,0.99630440301878,1.0075249733562137,0.9942993580849357,1.008544516309407,none,0
46,159,0,2026252432,0,0,0,0,0.9633844467585796,1.0136132131305207,0.8261661750226125,0.9908044196021313,0.9995285526757975,0.9989346645489423,0.9982960261357847,none,0
46,159,1,2026252433,0,0,0,0,0.9629105196746395,1.0126692176405514,0.853785665961561,0.9986748743323242,0.9947519325959677,1.0009314304830887,1.0029215025670297,none,0
46,159,2,2026252434,0,0,0,0,0.9624194108308596,1.0129233519217735,0.8594889054152771,1.0023404835602976,1.0068918300247025,1.0003478126802405,1.000959756573949,none,0
46,159,3,2026252435,0,0,0,0,0.962784874219586,1.0133435273957268,0.8708740598471941,1.014482854863284,1.018751557094912,0.9953232187958495,0.9992294940862774,none,0
46,159,4,2026252436,0,0,0,0,0.9621226341058685,1.0129871200171783,0.8823686578226676,1.0064000824862542,1.0103347061638377,1.0042845892820815,0.9955725821593473,none,0
46,159,5,2026252437,0,0,0,0,0.9627764015489105,1.0122072977031416,0.8619388403171988,1.0082202640749767,0.9932554851544514,0.9947371665228036,0.993934862480007,none,0
46,159,6,2026252438,0,0,0,0,0.9621651969928475,1.0122351800281066,0.8648155455795224,1.0044664031046528,0.9900251338095334,1.0014084403268322,0.9998010854587538,none,0
46,159,7,2026252439,0,0,0,0,0.9627926839005732,1.0145339636308466,0.8280788651973191,0.9789177637565548,1.0185266338297365,1.0009367853854902,1.0094159111516403,none,0
46,159,8,2026252440,0,0,0,0,0.9632898936192744,1.0137323109361192,0.8321206707961957,0.9886589591449645,1.0029267859246636,1.0027013213975875,1.0071624264400802,none,0
46,159,9,2026252441,0,0,0,0,0.9622570048066629,1.0126266490902245,0.8606828566520355,1.0014504334126568,0.9890715813943797,1.009511118400543,1.0005422651423395,none,0
46,159,10,2026252442,0,0,0,0,0.9627894609895932,1.0131544153347982,0.8504619169612908,1.0013268609360388,1.0064099472151995,0.9951576280973787,1.0010455893360126,none,0
46,159,11,2026252443,0,0,0,0,0.9622467580358607,1.0123450164049788,0.8684457184805656,1.0041286727062801,1.0065521107020758,1.0011008028867936,0.9984477092905053,none,0
46,159,12,2026252444,0,0,0,0,0.9621847006937151,1.013636052971484,0.8579970911524093,0.9952422530820393,1.0062520366307395,1.0083872644189753,0.9961350613542966,none,0
46,159,13,2026252445,0,0,0,0,0.9632512945233185,1.0138216403961497,0.835054520792335,0.9906934166906102,1.0079666654880481,0.9921181464579703,0.9989869176046445,none,0
46,159,14,2026252446,0,0,0,0,0.9634599208638889,1.0135829391744475,0.8161555523792633,0.9797769313460268,1.001587426736646,0.9999194567352202,1.0084303165643096,none,0
46,159,15,2026252447,0,0,0,0,0.961957636929368,1.0122296426284325,0.8755436814183346,1.0063954740294676,0.9944803015587148,1.0055392370902547,0.998027278353464,none,0
46,159,16,2026252448,0,0,0,0,0.9622631739292113,1.0127118398144064,0.8731370326123514,1.008606138540786,1.0023923769591152,1.0006766112082928,0.9932363151411638,none,0
46,159,17,2026252449,0,0,0,0,0.9623961158412813,1.0121588727796724,0.8677688981799411,1.0107749391915524,0.9947544217583796,0.9985648284391909,0.998672202697588,none,0
46,159,18,2026252450,0,0,0,0,0.9628862563118493,1.0124720409079966,0.8496155904841755,0.9983892431579455,0.9905351681004262,0.9993946163902999,0.9981049218142293,none,0
46,159,19,2026252451,0,0,0,0,0.9632683010564571,1.013665475893747,0.8304661733956031,0.9902490555853517,1.0059339710413853,0.9942484890447834,0.9998401662161388,none,0
46,220,0,2026313981,0,0,0,0,0.9589295603089585,1.0067721062702772,1.2914619980819837,0.9938930265812796,1.0003483274149467,1.0020529318251903,1.0052904528411923,none,0
46,220,1,2026313982,0,0,0,0,0.959058768865025,1.0065242935483283,1.3169651915526754,1.0035706129162272,0.9802293000225825,0.9902930554653804,1.0059173150648344,none,0
46,220,2,2026313983,0,0,0,0,0.9585430548676305,1.0066720242384217,1.3287586081183314,1.0015605320252463,0.9916127951096524,1.0016875309111213,1.0029905321404085,none,0
46,220,3,2026313984,0,0,0,0,0.958533476864381,1.0067034838816074,1.3187592384628144,0.9997841422667251,0.9890891027633016,1.000420381288478,1.0008645820763034,none,0
46,220,4,2026313985,0,0,0,0,0.9582829674537141,1.006694007868324,1.3680582082536408,1.0134417754800389,1.0046998252985915,1.003595661088402,1.001516822516045,none,0
46,220,5,2026313986,0,0,0,0,0.9589805266166216,1.0069203835034648,1.304252824757639,0.9958080784475761,1.0002741780285531,1.0018840437407275,0.9999854824113175,none,0
46,220,6,2026313987,0,0,0,0,0.958757868028992,1.0066892648730097,1.3071311315079888,0.9979550919115185,1.002922337890227,0.9940962575730496,1.001828280197947,none,0
46,220,7,2026313988,0,0,0,0,0.958698190591911,1.0066073427649829,1.3112089295973381,1.0008342278328812,0.9940519568723892,1.0001279473202809,0.9971415124328116,none,0
46,220,8,2026313989,0,0,0,0,0.9586315090745375,1.0071297739866227,1.3301791846838655,1.0049989275316982,1.008529135274521,1.013120660530231,1.0065023785981928,none,0
46,220,9,2026313990,0,0,0,0,0.9594612006413,1.0069000496276286,1.2891836098276706,0.9955724951428488,0.999842097564989,1.0019556723214265,1.0015631715789526,none,0
46,220,10,2026313991,0,0,0,0,0.9590227254479834,1.0067379332927262,1.2677502445750461,0.9781356444443713,1.0026152887144548,1.001068956258048,0.9980724757438098,none,0
46,220,11,2026313992,0,0,0,0,0.9584788554957782,1.00647380884311,1.3266042431301797,0.9995920089366457,0.9924214257011604,1.001858882182355,0.9979511792253535,none,0
46,220,12,2026313993,0,0,0,0,0.9591337389311275,1.0068676611238574,1.3129072609148482,0.9987019614697166,0.9915598823903354,1.0047920193530948,1.0010159848359712,none,0
46,220,13,2026313994,0,0,0,0,0.959379096869024,1.00675907824207,1.298120108176927,1.0018615632117107,1.0105183885575482,0.9913491494608508,1.0031932023738577,none,0
46,220,14,2026313995,0,0,0,0,0.9586668436844882,1.007050088535439,1.3322970142888284,1.0051021665973672,1.0019681333174244,1.0028196235322315,0.9946918146238073,none,0
46,220,15,2026313996,0,0,0,0,0.9581503950832795,1.006669311236791,1.367707554963893,1.0137850945406761,0.9947760777376322,1.0036228165232715,1.0033230085321934,none,0
46,220,16,2026313997,0,0,0,0,0.9589132587990956,1.0069065243298396,1.3107522962178724,1.0008981964439536,1.0122801284772847,1.0004462973467092,0.9977795601672989,none,0
46,220,17,2026313998,0,0,0,0,0.9594730573075274,1.0067535069498654,1.2995191760487852,1.0007505328885442,1.0008840009077071,0.9931545026675084,1.0028604616784538,none,0
46,220,18,2026313999,0,0,0,0,0.9594944377402754,1.0067525321551851,1.3015014857427443,0.9983087075659975,0.9939547363814197,0.9988171766653334,1.0042103228371653,none,0
46,220,19,2026314000,0,0,0,0,0.9588723437858134,1.006683991842163,1.2916828483854137,0.9879973412641317,1.0020306897492535,1.007296659316819,0.9929702018204407,none,0
46,236,0,2026330125,0,0,0,0,0.9637661876927897,1.0187314448400082,0.8145919334248495,1.0048123468351464,1.0101944651601675,0.9947217315885769,0.9970633447656531,none,0
46,236,1,2026330126,0,0,0,0,0.9632656292068758,1.0183143750403725,0.8244109708600839,1.0076132125361799,0.9931694261827531,0.9990028449193946,0.9998678595286256,none,0
46,236,2,2026330127,0,0,0,0,0.9642189501756664,1.0193669426377583,0.7940331604442474,0.9880636411112688,1.0048420144196384,0.9976897994874774,0.9962493794630047,none,0
46,236,3,2026330128,0,0,0,0,0.9636607862874401,1.019569159327692,0.8190252323928352,1.0050360841517738,1.0085104372650073,1.0041333688874032,0.999808717815674,none,0
46,236,4,2026330129,0,0,0,0,0.9637137978229473,1.0194829574620425,0.8333547312512058,1.0128868211379372,1.0183618610776242,1.0002116935632666,0.9992499030793525,none,0
46,236,5,2026330130,0,0,0,0,0.9634977318837891,1.0186187964282711,0.8310778013274015,1.011040992614643,1.0019548153500089,1.0014566689928137,1.0004183232686898,none,0
46,236,6,2026330131,0,0,0,0,0.9649159253343703,1.0193285390950495,0.7767943450752144,0.9803515313869348,1.0070711868898807,0.9896550892779113,0.9998760022337686,none,0
46,236,7,2026330132,0,0,0,0,0.9636275754875286,1.0186921936788134,0.8162888086425882,1.0060786031410174,1.0067039755166265,0.9983433367609783,0.9978431558432524,none,0
46,236,8,2026330133,0,0,0,0,0.9641408674372538,1.0175692229623534,0.7954049680675899,0.9943004172690064,0.975796548675247,0.9969682814994656,0.9969528322476666,none,0
46,236,9,2026330134,0,0,0,0,0.9642425539276626,1.0195688318957719,0.7980395732855919,0.9847280540529847,1.004838495928013,1.0071014802386318,0.9985401329864193,none,0
46,236,10,2026330135,0,0,0,0,0.963464920382755,1.0183874038391638,0.8318884006897866,1.0134296498189737,0.9965753567129368,0.9984951741614717,1.0035729739620136,none,0
46,236,11,2026330136,0,0,0,0,0.9649092431653535,1.0191478986062759,0.7843623573669629,0.9864834553225676,0.99664737279916,0.9932936226022283,1.010037736205697,none,0
46,236,12,2026330137,0,0,0,0,0.9638913040816595,1.0188155574180593,0.8084801944318838,1.0025050012944543,1.0037458661137275,0.9982983793102836,1.0004111131482056,none,0
46,236,13,2026330138,0,0,0,0,0.963524834494546,1.0193551824670126,0.8105280846883043,0.9978905836737555,1.0022161862468708,0.9972568036466014,1.001331324018986,none,0
46,236,14,2026330139,0,0,0,0,0.9632533056050099,1.0181330995034927,0.8352087963907835,1.015421750123373,0.9957297174573245,1.0033803577415568,0.9996018469003606,none,0
46,236,15,2026330140,0,0,0,0,0.9630481935585757,1.018718128804256,0.8343842050874508,1.011580374479752,1.0078746562667273,1.0005334905199275,1.0043625686117095,none,0
46,236,16,2026330141,0,0,0,0,0.9636167080209378,1.0184087933139643,0.8154429739808096,1.001818186684743,0.996879961426031,0.9986095868503566,0.9983918196148496,none,0
46,236,17,2026330142,0,0,0,0,0.9647116587662268,1.019168067494479,0.7764531660660732,0.97950154169924,0.9962433466486449,0.9981900648796727,1.0023931653845188,none,0
46,236,18,2026330143,0,0,0,0,0.964031029318537,1.0189632194855824,0.8102715975337018,0.9932218045832446,1.0056475567182952,0.9991838647489957,0.9978299905245667,none,0
46,236,19,2026330144,0,0,0,0,0.9637777518716683,1.0188414038793403,0.8128761349740913,0.9966501183445954,1.0030068224638156,0.9985538384591237,0.9958401334161664,none,0
46,241,0,2026335170,0,0,0,0,0.9577053788932479,1.0035596134470361,1.3652644365639095,0.984428733673771,1.0087744725416385,0.997996626931242,1.0004595302897825,none,0
46,241,1,2026335171,0,0,0,0,0.958121434763357,1.003640439076547,1.3799283065596581,0.9974626344482661,1.0103734799064277,1.0007930451962632,1.002194877652374,none,0
46,241,2,2026335172,0,0,0,0,0.9583765211323261,1.0036011023852442,1.381246267187269,0.9993519581515377,1.0077726735970403,0.9951846103739405,0.9993892424919424,none,0
46,241,3,2026335173,0,0,0,0,0.9576063328607111,1.0036245935334285,1.3903274083641775,1.0012767446180455,0.9995815273920956,0.9984900790677794,0.9984670563961137,none,0
46,241,4,2026335174,0,0,0,0,0.9576424597290949,1.0035135852329942,1.4025457980087026,1.0034014061304886,1.0042040594070696,1.0032019771238367,1.0012982630949774,none,0
46,241,5,2026335175,0,0,0,0,0.9570476542005177,1.0034430811429602,1.416202037539041,1.0035145556011382,0.9959491894839982,1.0066056063244917,0.9940068875275345,none,0
46,241,6,2026335176,0,0,0,0,0.9583862548506547,1.003631677607102,1.3353103357386669,0.9855008017161608,1.002197847353431,1.0010252025052246,1.0001900939428203,none,0
46,241,7,2026335177,0,0,0,0,0.9579291167648354,1.003718842092192,1.3841619840907882,1.0006978516790013,1.0124320530248645,1.0005546504217468,0.9976585475375904,none,0
46,241,8,2026335178,0,0,0,0,0.9571505804748007,1.0034435345561423,1.4213845741110238,1.008958295918297,1.0139263562397398,0.9988765854481316,1.0000924463172929,none,0
46,241,9,2026335179,0,0,0,0,0.9585757788293313,1.0035562096713426,1.3375326299622639,0.9900135431722111,1.0138908324128415,0.9926533166387094,0.9966418155165154,none,0
46,241,10,2026335180,0,0,0,0,0.9583207612981364,1.003460978602935,1.3690904738036525,0.9979065447269244,1.0015858018035817,0.9991408235856714,0.9938281441560969,none,0
46,241,11,2026335181,0,0,0,0,0.9585614789765602,1.0035341341987845,1.356381372401727,0.9944136842769282,0.9980308306527247,1.0024721579428628,0.9914478404230701,none,0
46,241,12,2026335182,0,0,0,0,0.9584672648401612,1.0035406726987357,1.3592337424346954,0.9993651076637299,1.0065515488234498,0.9982206885011403,1.0008610450087065,none,0
46,241,13,2026335183,0,0,0,0,0.9583701260894407,1.0034329542866391,1.3722894428208154,0.9982662847228955,0.9909564357935442,0.9981553126903101,1.0078220096122243,none,0
46,241,14,2026335184,0,0,0,0,0.9578630761269082,1.00370968823836,1.362805286842514,0.9879913681734266,1.0103657299086537,0.999544860789248,0.9974240715739032,none,0
46,241,15,2026335185,0,0,0,0,0.9584660936315534,1.0036629982164726,1.3715964850445217,1.0012710390756563,1.0017011608279842,1.0067769174104764,0.9971184861383827,none,0
46,241,16,2026335186,0,0,0,0,0.9582248820469881,1.0032733449229725,1.4024358494250695,1.0106592968950372,0.9756728057646099,0.9970344619988954,1.0021025554591656,none,0
46,241,17,2026335187,0,0,0,0,0.9584640179088976,1.003491538325502,1.3376007318652343,0.9814221669556469,0.9868593157003845,0.9999766973525549,0.9992457590724849,none,0
46,241,18,2026335188,0,0,0,0,0.9571086856283437,1.0035970567484287,1.420082345091559,0.9995026307744865,1.0233749683150528,1.001075467883865,1.0022135981813343,none,0
46,241,19,2026335189,0,0,0,0,0.9572190686010462,1.0033532131597707,1.4587776292347325,1.0205137041421541,0.993737501836208,1.0017979601282445,1.0033065967204293,none,0
46,245,0,2026339206,0,0,0,0,0.9549600119795252,1.00668076573178,1.4798751890278965,1.0017388701998589,0.9929720879461029,1.0049783937012327,1.002302405535311,none,0
46,245,1,2026339207,0,0,0,0,0.954881444090155,1.0067098392722398,1.5276782203995913,1.016690407151674,1.004915201458422,1.0064851628286984,1.0017246387987278,none,0
46,245,2,2026339208,0,0,0,0,0.9557284948699353,1.0066950586356052,1.4668534680334835,0.9960922097107409,0.9948931635615015,1.00492519373343,0.9992203089757992,none,0
46,245,3,2026339209,0,0,0,0,0.9560852700112895,1.0068414404169181,1.4556691185431445,0.9943985209483416,0.9922369533409628,1.004212094608005,1.0014349328681817,none,0
46,245,4,2026339210,0,0,0,0,0.9564298036061868,1.0067001001590086,1.4239001454586249,0.9933360700648176,0.9916949509331906,0.9960156292784769,1.0024127696578689,none,0
46,245,5,2026339211,0,0,0,0,0.9552818325635075,1.0066653508786652,1.4983602176751296,1.0095559518277573,0.9941029787114986,0.9972178690596099,0.9973608563521819,none,0
46,245,6,2026339212,0,0,0,0,0.9566196286294837,1.0069127588618447,1.4123938211046543,0.9912211435520516,0.9954192588935591,0.9950169243312365,1.0054573847192294,none,0
46,245,7,2026339213,0,0,0,0,0.9559381102088615,1.0067805457470564,1.4615455084642226,1.0000233812975272,0.9947266025201554,1.0063271753300744,0.9993862263975528,none,0
46,245,8,2026339214,0,0,0,0,0.9561158865226796,1.0067731649504823,1.4493069595619148,0.9948338840436031,1.0034070929921566,0.9907563084336012,0.9949667277381364,none,0
46,245,9,2026339215,0,0,0,0,0.9555968466120204,1.0066710089274793,1.4779074493079751,1.0016510710170452,0.9986662871923746,1.0054950352051444,1.0015658743192435,none,0
46,245,10,2026339216,0,0,0,0,0.9555515198634971,1.0066314136148735,1.4828750140891291,1.005873853971599,0.9959047830678944,0.9995296466346523,0.9976357092223882,none,0
46,245,11,2026339217,0,0,0,0,0.9553845903136902,1.006359568472014,1.5014059356231062,1.0117588445021277,0.9696524396345185,0.997804171077523,0.9996015989096071,none,0
46,245,12,2026339218,0,0,0,0,0.9552537114406519,1.0066084225494643,1.4977424407900495,1.011470008425754,0.9898145262194465,0.9928556712781327,0.99807795183453,none,0
46,245,13,2026339219,0,0,0,0,0.955746162860232,1.0067176097666042,1.462420506813159,0.9995783460432948,0.9926574636578275,0.9965015230839829,1.0001011745325685,none,0
46,245,14,2026339220,0,0,0,0,0.9556747672690796,1.006746746641156,1.5052755555670503,1.0146089013262591,1.0024304677168971,1.000078421953003,1.0013716658918315,none,0
46,245,15,2026339221,0,0,0,0,0.9552577975279051,1.0065255387050247,1.5017374871197937,1.0083879170434968,0.9931470077205105,0.996596474240846,1.0030386304445116,none,0
46,245,16,2026339222,0,0,0,0,0.9560285368653106,1.0065478385882796,1.4594441730308618,1.0024886460584033,0.9936874855944632,1.0008245260417652,0.9972651322167774,none,0
46,245,17,2026339223,0,0,0,0,0.9551089434283525,1.0065772720903872,1.5257677436653734,1.0159800963278078,0.9884385834863735,1.0013664149521424,1.0015522036477187,none,0
46,245,18,2026339224,0,0,0,0,0.954796779773341,1.006501065264746,1.5223199178438505,1.0128215343968314,0.9961684869722479,0.9974643906845369,1.0042016021984312,none,0
46,245,19,2026339225,0,0,0,0,0.9552740853554879,1.0069456452549692,1.4741588290784973,1.000632539773172,1.0216285567613723,1.0068224111727573,1.0021317404649688,none,0
46,257,0,2026351314,0,0,0,0,0.9612711684671639,1.0206165358266408,0.8761797806306642,0.9996526446925812,1.000439472748635,1.0092481507566053,1.0051025038488668,none,0
46,257,1,2026351315,0,0,0,0,0.9613820459272094,1.0202241274036097,0.8742720901627021,1.0089736519181138,0.9991325310573328,0.9996027704415135,1.0042675319028131,none,0
46,257,2,2026351316,0,0,0,0,0.961585416431478,1.0206750976209225,0.8712734811824703,1.0053582891466049,0.9937042811582965,1.0027288196311042,1.000582330217935,none,0
46,257,3,2026351317,0,0,0,0,0.9624713365969726,1.0202837297222556,0.8270625300671581,0.9892241480075314,0.9859715248102668,0.9916332340214727,1.0058882445282988,none,0
46,257,4,2026351318,0,0,0,0,0.9602352803867228,1.0196262738034712,0.9073150277021739,1.0169006852714884,0.9885632882821046,1.0061979516452895,0.996454803895662,none,0
46,257,5,2026351319,0,0,0,0,0.9615939376175103,1.0202976323695698,0.8642118826097795,1.0006468002518085,0.9932080166372705,1.0032488781090527,0.9991529983573252,none,0
46,257,6,2026351320,0,0,0,0,0.9613109443715561,1.0213349550133997,0.8747243632820025,1.0091476281712644,1.013742196022864,0.9974066296274857,1.001601524867846,none,0
46,257,7,2026351321,0,0,0,0,0.9611182726386852,1.0205198793820875,0.8599514135271603,0.9960361294817626,0.9857433151508833,1.0006218891832166,1.0074107653902857,none,0
46,257,8,2026351322,0,0,0,0,0.9610296001868465,1.0203402216522752,0.8818429123107964,1.0073892512084022,1.0051221623591156,0.9979545440793706,1.002206273353348,none,0
46,257,9,2026351323,0,0,0,0,0.9617632382595532,1.0206206896098748,0.8724004309443161,1.0125379034260464,1.0037462584438595,0.998822872379924,0.9973597601928409,none,0
46,257,10,2026351324,0,0,0,0,0.9619839297414398,1.019955504540795,0.8422052148173489,0.985993024039977,0.9770300348187811,0.999750592874005,1.0075694131255497,none,0
46,257,11,2026351325,0,0,0,0,0.9613677155589799,1.0206729737787963,0.8777230843282173,1.0148478476945448,1.006244153186623,0.9965224838768609,1.0063305666024567,none,0
46,257,12,2026351326,0,0,0,0,0.961424740026619,1.0196723192990593,0.8707579895969139,1.0110398539179588,0.9868269249325783,0.997961822841509,1.0000154545953654,none,0
46,257,13,2026351327,0,0,0,0,0.9619244762919785,1.0213408151331747,0.8504721255379838,0.9915736100965078,1.0039840698097815,1.0023515400962877,1.0006994373976958,none,0
46,257,14,2026351328,0,0,0,0,0.9600383880674951,1.0189500374024005,0.9247789640852646,1.0305132011267495,0.9816911243917237,1.0039864418181474,1.0068700877714793,none,0
46,257,15,2026351329,0,0,0,0,0.9614299547085956,1.020951928809795,0.8721381661401398,1.0078829944761178,1.0049915863688161,1.0013076300204495,1.0011600440601858,none,0
46,257,16,2026351330,0,0,0,0,0.9615898024262609,1.0208679259232423,0.8639193220786033,0.9994366859902737,1.004332229555319,0.9990300155442495,1.0005185359126458,none,0
46,257,17,2026351331,0,0,0,0,0.9610628659822967,1.0204050148891683,0.8820259761490493,1.010255076008763,0.9941571319927944,1.0018207395272762,0.9848260272797975,none,0
46,257,18,2026351332,0,0,0,0,0.9606763204931777,1.0207878104847725,0.8968208108368272,1.017667399129177,1.0095152486021346,1.0023829979067183,1.0008420809326792,none,0
46,257,19,2026351333,0,0,0,0,0.962488792933534,1.02037424412979,0.8330794504007512,0.9888619993076427,0.9868449942015245,0.9985356851079996,1.0058290035408175,none,0
46,282,0,2026376539,0,0,0,0,0.952867460167973,1.0074631897154163,1.6577141644962985,1.0096604352536276,1.001442669840517,0.9910737249270372,1.0061355478410317,none,0
46,282,1,2026376540,0,0,0,0,0.9529153468017364,1.007459803820259,1.6252737727351494,1.0006444393187102,0.9958599017102325,0.9956009964641015,1.0053511187415571,none,0
46,282,2,2026376541,0,0,0,0,0.9532811573288926,1.0077378220328168,1.5550980982220053,0.9796190198038667,0.9905047675748054,1.0019543851654582,0.9913205511667331,none,0
46,282,3,2026376542,0,0,0,0,0.9525765891381183,1.0078288869784666,1.5933540965193504,0.9892433742368018,0.9932439366899405,1.0030036471236394,0.9954612115556817,none,0
46,282,4,2026376543,0,0,0,0,0.9532978487129751,1.008056419797049,1.5545180297020529,0.9793468982532852,1.0001759602359697,1.0016337443090515,0.9942978141573828,none,0
46,282,5,2026376544,0,0,0,0,0.9534565130315349,1.0078237613190055,1.5511675909541183,0.9775780105976694,1.0150091087887223,0.9974141830332999,1.004093158672412,none,0
46,282,6,2026376545,0,0,0,0,0.9528948141939136,1.0080786743805952,1.7093088053321839,1.0256370955684455,1.0073386921640113,1.0015976188360503,0.9999578050669019,none,0
46,282,7,2026376546,0,0,0,0,0.9526301735428865,1.0078035611089922,1.6240323937203356,1.0014446455456678,1.001248321619123,1.0051984853286866,1.0014498515525243,none,0
46,282,8,2026376547,0,0,0,0,0.9532416164962083,1.0077950531653,1.6072887220717404,0.9982022164159059,0.999900031740968,1.0014410592169736,0.9959409404919601,none,0
46,282,9,2026376548,0,0,0,0,0.9529441892727216,1.0076389479672971,1.6187812154108658,0.9962099530299239,0.9990926654220246,1.002001685263462,0.9976951749801228,none,0
46,282,10,2026376549,0,0,0,0,0.9537085356977844,1.0077624763461779,1.5412182702189576,0.9781601496715019,0.996129627150995,0.9974486685756195,0.997698038249635,none,0
46,282,11,2026376550,0,0,0,0,0.9523884420747419,1.0077388425392397,1.6533163179178876,1.0084908113075264,0.9926349399921403,1.0002795389438075,0.9999768145008958,none,0
46,282,12,2026376551,0,0,0,0,0.9526852451944485,1.008031896213737,1.6593850287465788,1.0056503563294052,1.0086193876979888,1.0043956967011076,1.0005272928005209,none,0
46,282,13,2026376552,0,0,0,0,0.9534926256562795,1.0080905707651546,1.6075980459668886,0.9994372875977936,1.0247502075816004,1.0009791588130805,0.9960141763665841,none,0
46,282,14,2026376553,0,0,0,0,0.9529952906800908,1.007945292698131,1.6286024919358346,1.002702191583935,1.005668093966749,0.9973064367379931,1.0019774879819794,none,0
46,282,15,2026376554,0,0,0,0,0.9525054332902188,1.0077287895147264,1.6760474220202841,1.0187156443045622,1.0074532641883518,0.9976428255776879,1.0027486963507306,none,0
46,282,16,2026376555,0,0,0,0,0.9533279632739222,1.007814798803099,1.5907816879317964,0.9892794243188876,0.9882807724549982,0.9901995172103608,1.0026796026037474,none,0
46,282,17,2026376556,0,0,0,0,0.9526597370349024,1.0076842874361112,1.656610763281103,1.0107013777353453,0.9997998051715192,0.9995131921707607,0.997316159926801,none,0
46,282,18,2026376557,0,0,0,0,0.9526304748711781,1.0076554229915116,1.6242874281292894,0.9963524707654051,0.9840332976561831,0.9972094352656388,1.007278045756845,none,0
46,282,19,2026376558,0,0,0,0,0.9518508358528512,1.007657051321466,1.6899749691877592,1.008927851523292,0.9884022835320639,1.0093033762129928,1.0012687051716593,none,0
46,295,0,2026389656,0,0,0,0,0.9520793566631449,1.0,2.0884005842445155,1.0069704695705766,0.9949255920099702,0.9975109207741397,1.0029655089748375,none,0
46,295,1,2026389657,0,0,0,0,0.9520662812242616,1.0,2.0487496442497997,0.9984916795886393,1.0189586114240885,1.0041949171604727,1.0021141404950336,none,0
46,295,2,2026389658,0,0,0,0,0.9520074206829446,1.0,2.0708987651629736,1.001840049732318,0.9910720304566641,1.0006749741266387,1.0072008325055328,none,0
46,295,3,2026389659,0,0,0,0,0.953031633916999,1.0,1.9057383974599056,0.9750696176563242,1.0007980601998172,0.9999427015660758,1.0038747095781537,none,0
46,295,4,2026389660,0,0,0,0,0.9523210532405143,1.0,2.019523271539142,0.9967513986166803,0.9959633619441763,0.9926630305665225,1.0045520020410654,none,0
46,295,5,2026389661,0,0,0,0,0.951519897252333,1.0,2.093728400548522,1.0023021527567884,1.000352792970908,1.0076777852649346,1.0018527350336317,none,0
46,295,6,2026389662,0,0,0,0,0.9527158678875489,1.0,2.0270073083470463,1.0012381951465668,1.0003869875213267,0.9976578545298838,1.0065606243318252,none,0
46,295,7,2026389663,0,0,0,0,0.9521093832658934,1.0,2.088371167362078,1.0085900983049099,0.9962993962762304,1.007925551252887,1.000035774657162,none,0
46,295,8,2026389664,0,0,0,0,0.9524817180468479,1.0,2.0458265001215366,0.9997665619307556,0.996961859628241,0.9993967465467076,1.0039889920347305,none,0
46,295,9,2026389665,0,0,0,0,0.9526352199065133,1.0,2.011029775806483,0.9938643374005502,1.0057257761387786,0.9970108359962353,1.0077307203467734,none,0
46,295,10,2026389666,0,0,0,0,0.9516756941897568,1.0,2.048977175704313,0.9986848461907836,1.0094885629295163,1.0040438865894512,1.002395870104377,none,0
46,295,11,2026389667,0,0,0,0,0.952073501131427,1.0,2.055053514888946,1.0018662291213136,1.0009271457280517,0.9967240549603907,1.000617150682355,none,0
46,295,12,2026389668,0,0,0,0,0.9527877000376958,1.0,2.0067162595751724,0.9970111871988144,1.0005989023995079,0.9960469749232874,1.0045462659119324,none,0
46,295,13,2026389669,0,0,0,0,0.9522387710992513,1.0,2.049331218752817,1.002243951013093,1.0038416677547128,1.001439160387378,1.0018230591966437,none,0
46,295,14,2026389670,0,0,0,0,0.9521750859074536,1.0,2.037303442509395,1.0024365513771754,1.0024869413420319,1.004863090338946,1.0000991218047492,none,0
46,295,15,2026389671,0,0,0,0,0.9534472334177462,1.0,1.9666752221992316,0.9930648866157264,1.0088995601068278,0.9884314559327507,0.9938621442093355,none,0
46,295,16,2026389672,0,0,0,0,0.9521396148475962,1.0,2.0131185304217984,0.995509882956308,1.0039310053235397,1.0035215923967544,1.0004066031142678,none,0
46,295,17,2026389673,0,0,0,0,0.9521154742805543,1.0,2.0240179172455615,0.9949711247489988,1.0192436575786779,1.0008910374470397,0.9987639007810754,none,0
46,295,18,2026389674,0,0,0,0,0.9510820965095351,1.0,2.0757891291166017,0.9950538206562018,0.9997084612572696,1.0045620245828568,1.0036838425127805,none,0
46,295,19,2026389675,0,0,0,0,0.9523287441865914,1.0,2.0534497987392566,1.0056176986880874,1.0204312976865335,0.9983454922077397,0.9987489306055422,none,0
46,299,0,2026393692,0,0,0,0,0.9573371531936742,1.0,1.206929002239807,0.9956302615253599,0.994502790039114,1.000870621048102,1.0041249782410029,none,0
46,299,1,2026393693,0,0,0,0,0.9582569463046282,1.0,1.1717310018134623,0.9920113754896895,0.9827866503079671,0.9987788831944868,0.9993222418871729,none,0
46,299,2,2026393694,0,0,0,0,0.957262556191204,1.0,1.2113050441665758,1.0092896032349652,1.0080725373210095,1.0062638460175766,0.9980921706545193,none,0
46,299,3,2026393695,0,0,0,0,0.9575475317086207,1.0,1.2297221534377383,1.0127743657417594,0.9856629254072589,1.0008133831785702,0.998942772074957,none,0
46,299,4,2026393696,0,0,0,0,0.9576478285822425,1.0,1.2029173325614386,0.9991018071684618,1.0037775211512265,0.9987553143984663,1.000553544664969,none,0
46,299,5,2026393697,0,0,0,0,0.9578737504769007,1.0,1.194467520156281,0.998804223040228,0.9871680460956768,1.0071016520145035,0.9975417165915363,none,0
46,299,6,2026393698,0,0,0,0,0.9581579637125183,1.0,1.202289065725933,1.0065602044775834,1.0027955175843664,0.9935887334050033,0.9988985098029428,none,0
46,299,7,2026393699,0,0,0,0,0.9566961760527074,1.0,1.2775367602112389,1.0263239890948117,0.9898477612690004,0.9988907274447438,1.0035232371639105,none,0
46,299,8,2026393700,0,0,0,0,0.9576383454460475,1.0,1.1839805489487072,0.9930678001503773,1.0015892502279908,1.001076632251952,0.9932356723432005,none,0
46,299,9,2026393701,0,0,0,0,0.9580871809375652,1.0,1.1811086232771681,0.9919850031905897,0.9944658550717391,0.999357400391235,1.001728236772255,none,0
46,299,10,2026393702,0,0,0,0,0.9587118573722612,1.0,1.1601781981982942,0.9971725199508202,0.996016387315532,0.9986359159575373,1.003534700412061,none,0
46,299,11,2026393703,0,0,0,0,0.9579877111714266,1.0,1.1945159343556218,1.0030790354387524,1.0104771057942015,0.9995428621389164,0.9991099893011782,none,0
46,299,12,2026393704,0,0,0,0,0.9577949917040222,1.0,1.1990217853946088,1.0002616593241556,1.0085733281203366,1.0021442590641432,1.002048087958792,none,0
46,299,13,2026393705,0,0,0,0,0.958592989490723,1.0,1.166315258668252,0.9844364960644014,0.9892627108495626,0.9971181111206352,1.00424750464752,none,0
46,299,14,2026393706,0,0,0,0,0.9582274959997444,1.0,1.189455518898231,1.0011957122316724,1.001042240332196,0.9983610855937205,1.0042235548989744,none,0
46,299,15,2026393707,0,0,0,0,0.9575392181731093,1.0,1.2030297643580283,1.0011036741495163,1.0087331013026735,0.9993099188788195,0.9984305217840814,none,0
46,299,16,2026393708,0,0,0,0,0.9574008476878848,1.0,1.2198687260591523,1.007276110070676,1.0161485336070417,0.9985747980456173,1.000183804608339,none,0
46,299,17,2026393709,0,0,0,0,0.9571510577777879,1.0,1.219530927408013,0.9957277077904093,1.0099423748594103,0.9986894021633999,0.9981844773694938,none,0
46,299,18,2026393710,0,0,0,0,0.9579248021923658,1.0,1.1890234989973667,0.9990637030784077,1.0004748046472267,1.0004603705353936,1.0007219234057052,none,0
46,299,19,2026393711,0,0,0,0,0.9570463558554319,1.0,1.2351924622001285,1.0101878046083697,1.0000963356493413,1.005097772641502,0.9925057080112288,none,0
