candidate_id,scenario_index,day_index,t0,pv_s_scale,svc_q_scale,cap_total_mvar,risk,under_risk,over_risk,under_steps,over_steps,pf_fail,daily_loss_mwh,vmin,vmax,raw_vmin,raw_vmax,intervention_steps,intervention_rate,projection_failures,mean_correction_norm,max_correction_norm,power_flow_previews,projection_iterations,steps_within_0_001_of_reporting_limit,steps_within_0_001_of_projection_guard,actor_total_seconds,actor_mean_ms,projection_total_seconds,projection_mean_ms,preview_total_seconds,optimiser_total_seconds,execution_total_seconds,execution_mean_ms,balance_audit_total_seconds,online_path_total_seconds,completed_steps,max_p_balance_residual_mw,max_q_balance_residual_mvar
105,0,2,192,0.45,0.5625,0.0,0,0,0,0,0,0,2.4421776181303128,0.9562571622412479,1.0,0.9562571622412479,1.0,0,0.0,0,0.0,0.0,96,0,0,0,0.019903799999156035,0.2073312499912087,0.46908369997981936,4.886288541456452,0.46608930004003923,0.0,1.093330700037768,11.388861458726751,0.07064879998506512,1.5823182000167435,96,9.491679918600948e-08,9.628010555484678e-08
105,1,3,288,0.45,0.5625,0.0,0,0,0,0,0,0,2.504350754177805,0.9570787176552894,1.0,0.9570787176552894,1.0,0,0.0,0,0.0,0.0,96,0,0,0,0.01862150001397822,0.1939739584789398,0.44226960003288696,4.6069750003425725,0.43957710002723616,0.0,1.0230610999497003,10.656886457809378,0.06497980000131065,1.4839521999965655,96,9.996617110485939e-08,9.856708380051593e-08
105,2,4,384,0.45,0.5625,0.0,0,0,0,0,0,0,2.3450879848359674,0.9575266437882297,1.0,0.9575266437882297,1.0,0,0.0,0,0.0,0.0,96,0,0,0,0.019651199974759948,0.20469999973708278,0.47285230000852607,4.92554479175548,0.4698356999506359,0.0,1.117397799891478,11.639560415536229,0.06982310010062065,1.609901299874764,96,9.955908595801755e-08,9.588612806532559e-08
105,3,5,480,0.45,0.5625,0.0,0,0,0,0,0,0,2.0314450126179135,0.9608566964664866,1.0,0.9608566964664866,1.0,0,0.0,0,0.0,0.0,96,0,0,0,0.019038999984331895,0.19832291650345724,0.46022689998790156,4.794030208207308,0.4574405999883311,0.0,1.0920554000840639,11.375577084208999,0.07084969995776191,1.5713213000562973,96,5.264046052354254e-08,9.915015544703643e-08
105,4,6,576,0.45,0.5625,0.0,0,0,0,0,0,0,1.8861640338076449,0.9626565242955115,1.0,0.9626565242955115,1.0,0,0.0,0,0.0,0.0,96,0,0,0,0.02029080004285788,0.21136250044643626,0.5475509999741917,5.703656249731163,0.5442961999651743,0.0,1.266067499971541,13.188203124703554,0.08116330003394978,1.8339092999885906,96,9.915549304372051e-08,6.825807516430693e-08
105,5,7,672,0.45,0.5625,0.0,0,0,0,0,0,0,1.528731891601688,0.9657635479480906,1.0,0.9657635479480906,1.0,0,0.0,0,0.0,0.0,96,0,0,0,0.019713800007593818,0.2053520834124356,0.504314100027841,5.253271875290011,0.5012059999571647,0.0,1.1756425000203308,12.246276041878446,0.07549319999816362,1.6996704000557656,96,9.951013025741307e-08,5.9371443733580165e-08
105,6,8,768,0.45,0.5625,0.0,0,0,0,0,0,0,2.5976465667940696,0.9558550414177149,1.0,0.9558550414177149,1.0,0,0.0,0,0.0,0.0,96,0,0,0,0.019357700031832792,0.20164270866492492,0.49406549998093396,5.1465156248013955,0.49110049998853356,0.0,1.1207892000020365,11.674887500021214,0.07110140000440879,1.6342124000148033,96,8.724403090590305e-08,9.419169888502665e-08
105,7,10,960,0.45,0.5625,0.0,0,0,0,0,0,0,2.8507949625670337,0.9539780732315246,1.0,0.9539780732315246,1.0,0,0.0,0,0.0,0.0,96,0,0,0,0.019759399983740877,0.20582708316396747,0.5011717999150278,5.220539582448207,0.49815989999478916,0.0,1.1692592000617879,12.179783333976957,0.074665099986305,1.6901903999605565,96,4.8442036415172196e-08,9.117891122678579e-08
105,8,11,1056,0.45,0.5625,0.0,0,0,0,0,0,0,2.628582477689221,0.9555457460505726,1.0,0.9555457460505726,1.0,0,0.0,0,0.0,0.0,96,0,0,0,0.02028140004404122,0.21126458379209603,0.5343606999958865,5.566257291623818,0.5311860999863711,0.0,1.2604850999996415,13.130053124996266,0.08123150001483737,1.8151272000395693,96,4.853392668660583e-08,9.872961628798471e-08
105,9,12,1152,0.45,0.5625,0.0,0,0,0,0,0,0,2.6580271571200242,0.955953707645326,1.0,0.955953707645326,1.0,0,0.0,0,0.0,0.0,96,0,0,0,0.01933510001254035,0.20140729179729533,0.47998529997857986,4.999846874776874,0.47705229998973664,0.0,1.1243732999500935,11.712221874480141,0.07285670000419486,1.6236936999412137,96,4.5765401581257525e-08,9.905522346809192e-08
105,10,13,1248,0.45,0.5625,0.0,0,0,0,0,0,0,1.8129572222769017,0.9635797117646385,1.0,0.9635797117646385,1.0,0,0.0,0,0.0,0.0,96,0,0,0,0.020557999981974717,0.21414583314556998,0.5379819000081625,5.603978125085026,0.5347655000077793,0.0,1.2652831000086735,13.180032291757016,0.08187749997887295,1.8238229999988107,96,9.779867461874592e-08,5.720245943585667e-08
105,11,14,1344,0.45,0.5625,0.0,0,0,0,0,0,0,1.524795076596221,0.9650078895223284,1.0,0.9650078895223284,1.0,0,0.0,0,0.0,0.0,96,0,0,0,0.019163799974194262,0.1996229163978569,0.45805649999238085,4.771421874920634,0.4551836000100593,0.0,1.0458372000066447,10.894137500069215,0.06876729999203235,1.5230574999732198,96,9.38095703634928e-08,6.37667328662328e-08
105,12,16,1536,0.45,0.5625,0.0,0,0,0,0,0,0,2.683402960654061,0.9547353143933047,1.0,0.9547353143933047,1.0,0,0.0,0,0.0,0.0,96,0,0,0,0.02003440001863055,0.2086916668607349,0.4995364000351401,5.203504167032709,0.4964820000313921,0.0,1.1362778000184335,11.83622708352535,0.07233589995303191,1.6558486000722041,96,4.899205457119249e-08,9.671595163629476e-08
105,13,17,1632,0.45,0.5625,0.0,0,0,0,0,0,0,2.70071138665951,0.9550204964829457,1.0,0.9550204964829457,1.0,0,0.0,0,0.0,0.0,96,0,0,0,0.019548499971278943,0.20363020803415566,0.4980303000193089,5.187815625201135,0.4950127999691176,0.0,1.1530953999827034,12.011410416486493,0.07528050003747921,1.6706741999732913,96,5.006876453370057e-08,9.641442422214652e-08
105,14,18,1728,0.45,0.5625,0.0,0,0,0,0,0,0,2.593457137732952,0.9550436659044297,1.0,0.9550436659044297,1.0,0,0.0,0,0.0,0.0,96,0,0,0,0.019146200029354077,0.19943958363910497,0.4592533999893931,4.7838895832228445,0.4564050000553834,0.0,1.0617100999879767,11.059480208208091,0.0669688999914797,1.5401097000067239,96,5.118239685374115e-08,9.900453484812388e-08
105,15,19,1824,0.45,0.5625,0.0,0,0,0,0,0,0,2.4536602961407588,0.9564163734246897,1.0,0.9564163734246897,1.0,0,0.0,0,0.0,0.0,96,0,0,0,0.020504800049820915,0.21359166718563452,0.52595730003668,5.4787218753820826,0.5228098999868962,0.0,1.1974594999774126,12.473536458098048,0.07774080002127448,1.7439216000639135,96,5.020127252265694e-08,9.454557969856836e-08
105,16,20,1920,0.45,0.5625,0.0,0,0,0,0,0,0,1.6991142831689445,0.9631050572664819,1.0010882165016088,0.9631050572664819,1.0010882165016088,0,0.0,0,0.0,0.0,96,0,0,0,0.0185923000171897,0.19366979184572605,0.4437202000117395,4.622085416788953,0.440934400066908,0.0,1.0349644999587326,10.780880207903465,0.06689569999434752,1.4972769999876618,96,9.86819708066744e-08,7.165920315466145e-08
105,17,21,2016,0.45,0.5625,0.0,0,0,0,0,0,0,1.452084292521388,0.9645996655742202,1.0021227234327619,0.9645996655742202,1.0021227234327619,0,0.0,0,0.0,0.0,96,0,0,0,0.018757400030153804,0.19538958364743544,0.4507792999938829,4.695617708269613,0.44806869998865295,0.0,1.0498844999601715,10.93629687458512,0.0668842000013683,1.5194211999842082,96,8.32897205978872e-08,5.632572602776165e-08
105,18,22,2112,0.45,0.5625,0.0,0,0,0,0,0,0,2.6072156220534386,0.9548855281815195,1.0,0.9548855281815195,1.0,0,0.0,0,0.0,0.0,96,0,0,0,0.020033200024045072,0.20867916691713617,0.512824199962779,5.34191874961228,0.5096629000399844,0.0,1.1899243999796454,12.395045833121307,0.07686080001440132,1.7227817999664694,96,9.827986971119862e-08,9.720612093033765e-08
105,19,23,2208,0.45,0.5625,0.0,0,0,0,0,0,0,2.8484564995224995,0.9543860003047341,1.0,0.9543860003047341,1.0,0,0.0,0,0.0,0.0,96,0,0,0,0.019726900027308147,0.20548854195112654,0.5051001000101678,5.261459375105915,0.50197830000252,0.0,1.1684603000612697,12.171461458971558,0.07452339997689705,1.6932873000987456,96,5.273586616005854e-08,9.935611777756037e-08
105,20,24,2304,0.45,0.5625,0.0,0,0,0,0,0,0,2.7635803389721065,0.9547257828017958,1.0,0.9547257828017958,1.0,0,0.0,0,0.0,0.0,96,0,0,0,0.020122999987506773,0.20961458320319556,0.5353971000222373,5.577053125231639,0.5321048999685445,0.0,1.2390720999610494,12.907001041260932,0.07796390002476983,1.7945921999707934,96,4.724425609406446e-08,9.739592396473817e-08
105,21,25,2400,0.45,0.5625,0.0,0,0,0,0,0,0,2.4844761559484647,0.9547760147587434,1.0015047958473324,0.9547760147587434,1.0015047958473324,0,0.0,0,0.0,0.0,96,0,0,0,0.01901209996867692,0.19804270800705126,0.45547150005586445,4.744494792248588,0.45265139999537496,0.0,1.0635807000289788,11.078965625301862,0.06918459998996696,1.5380643000535201,96,5.2126012698924806e-08,9.820894944501113e-08
105,22,26,2496,0.45,0.5625,0.0,0,0,0,0,0,0,2.3502189497898067,0.9561849017481103,1.0028349547524598,0.9561849017481103,1.0028349547524598,0,0.0,0,0.0,0.0,96,0,0,0,0.019293200050015002,0.20097083385432293,0.47682380004698643,4.966914583822775,0.47391829994739965,0.0,1.0994699000220862,11.452811458563398,0.07122500002878951,1.5955869001190877,96,5.0817963396371235e-08,9.567470288240898e-08
105,23,27,2592,0.45,0.5625,0.0,0,0,0,0,0,0,1.640099085936002,0.9631075761340585,1.0038422359595454,0.9631075761340585,1.0038422359595454,0,0.0,0,0.0,0.0,96,0,0,0,0.020095399995625485,0.20932708328776548,0.5170082999902661,5.385503124898605,0.51393999998254,0.0,1.210575999939465,12.610166666036093,0.08012530001724372,1.7476796999253565,96,9.660668943631268e-08,6.673089358866235e-08
105,24,28,2688,0.45,0.5625,0.0,0,0,0,0,0,0,1.3958508268466774,0.965070093616224,1.0022688714333448,0.965070093616224,1.0022688714333448,0,0.0,0,0.0,0.0,96,0,0,0,0.01897189998999238,0.1976239582290873,0.4716692999645602,4.913221874630835,0.4687826000226778,0.0,1.0845393999916269,11.297285416579447,0.07067929996992461,1.5751805999461794,96,9.561432720225915e-08,6.047511699747155e-08
105,25,29,2784,0.45,0.5625,0.0,0,0,0,0,0,0,2.593175823724917,0.9555498484796138,1.0,0.9555498484796138,1.0,0,0.0,0,0.0,0.0,96,0,0,0,0.02016479995654663,0.21004999954736073,0.5282736999870394,5.5028510415316605,0.5251275000337046,0.0,1.2329951000065194,12.843698958401243,0.07966719998512417,1.7814335999501054,96,9.242844022268326e-08,9.984521931460932e-08
105,26,30,2880,0.45,0.5625,0.0,0,0,0,0,0,0,2.632161063360115,0.9564304522034424,1.0,0.9564304522034424,1.0,0,0.0,0,0.0,0.0,96,0,0,0,0.018805600004270673,0.19589166671115285,0.465885800003889,4.852977083373844,0.4630593999972916,0.0,1.0824496999994153,11.275517708327243,0.06776050003099954,1.567141100007575,96,5.2903022830508295e-08,9.969077785498826e-08
105,27,31,2976,0.45,0.5625,0.0,0,0,0,0,0,0,2.5651805285171236,0.9560292888638277,1.0,0.9560292888638277,1.0,0,0.0,0,0.0,0.0,96,0,0,0,0.019083700004557613,0.19878854171414181,0.4776291999951354,4.975304166615994,0.4746692999615334,0.0,1.130361500021536,11.774598958557666,0.07342739999148762,1.627074400021229,96,4.952633168159304e-08,9.655955451881582e-08
105,28,32,3072,0.45,0.5625,0.0,0,0,0,0,0,0,2.4095257938500723,0.9562501386285948,1.0,0.9562501386285948,1.0,0,0.0,0,0.0,0.0,96,0,0,0,0.019488400015688967,0.2030041668300934,0.48792639999010134,5.082566666563555,0.484859799980768,0.0,1.1259512000033283,11.728658333368003,0.07116229998064227,1.6333660000091186,96,4.619210614703606e-08,8.718666733020797e-08
105,29,33,3168,0.45,0.5625,0.0,0,0,0,0,0,0,2.3623277401188436,0.9580798397964105,1.0,0.9580798397964105,1.0,0,0.0,0,0.0,0.0,96,0,0,0,0.019064300024183467,0.19858645858524446,0.4812058000534307,5.012560417223237,0.47830750003049616,0.0,1.1294806000005337,11.765422916672227,0.07357649997720728,1.629750700078148,96,9.838834756463466e-08,9.941919773548413e-08
105,30,34,3264,0.45,0.5625,0.0,0,0,0,0,0,0,1.528018275025023,0.9638550902347518,1.0013551540811105,0.9638550902347518,1.0013551540811105,0,0.0,0,0.0,0.0,96,0,0,0,0.018958600019686855,0.19748541687173807,0.4922473999831709,5.12757708315803,0.48927579999144655,0.0,1.1554177999787498,12.035602083111977,0.0747098000429105,1.6666237999816076,96,9.586627686998528e-08,6.619982367839228e-08
105,31,35,3360,0.45,0.5625,0.0,0,0,0,0,0,0,1.256378787476953,0.9660850332845643,1.0007567345513135,0.9660850332845643,1.0007567345513135,0,0.0,0,0.0,0.0,96,0,0,0,0.019629700014775153,0.20447604182057452,0.4917024000387755,5.121900000403912,0.4886994000262348,0.0,1.1663796000357252,12.149787500372137,0.07554330000129994,1.6777117000892758,96,9.862913252604855e-08,6.011318623433404e-08
105,32,36,3456,0.45,0.5625,0.0,0,0,0,0,0,0,2.34759104378588,0.9571832032073533,1.0,0.9571832032073533,1.0,0,0.0,0,0.0,0.0,96,0,0,0,0.019107199979771394,0.1990333331226187,0.47554319997288985,4.953574999717603,0.4726178000710206,0.0,1.1395971000310965,11.870803125323922,0.07323699998960365,1.6342474999837577,96,9.360242800467156e-08,9.986380389293004e-08
105,33,37,3552,0.45,0.5625,0.0,0,0,0,0,0,0,2.526450190542487,0.9558586795930047,1.0,0.9558586795930047,1.0,0,0.0,0,0.0,0.0,96,0,0,0,0.019376300035219174,0.20183645870019973,0.4754002000190667,4.952085416865278,0.47237929993571015,0.0,1.1395571999892127,11.870387499887633,0.07454609999695094,1.6343337000434985,96,4.8566929687979266e-08,9.750448129453027e-08
105,34,40,3840,0.45,0.5625,0.0,0,0,0,0,0,0,2.4879598479572116,0.9567655271819999,1.0,0.9567655271819999,1.0,0,0.0,0,0.0,0.0,96,0,0,0,0.020395800012920517,0.21245625013458871,0.5295980000300915,5.516645833646787,0.5264233999769203,0.0,1.2472594999708235,12.992286458029412,0.08179890001338208,1.7972533000138355,96,4.749231510663143e-08,9.268835601816683e-08
105,35,42,4032,0.45,0.5625,0.0,0,0,0,0,0,0,1.4043121780071939,0.9653563889173081,1.0000260631028228,0.9653563889173081,1.0000260631028228,0,0.0,0,0.0,0.0,96,0,0,0,0.018670000034035183,0.19447916702119983,0.46094810000795405,4.801542708416188,0.45811050003248965,0.0,1.0760125000670087,11.208463542364674,0.07138669995765667,1.555630600108998,96,9.581815761834644e-08,5.635469521592107e-08
105,36,43,4128,0.45,0.5625,0.0,0,0,0,0,0,0,2.216618259689628,0.9553384147593721,1.0046927309856435,0.9553384147593721,1.0046927309856435,0,0.0,0,0.0,0.0,96,0,0,0,0.019045800050662365,0.19839375052773298,0.48122899997542845,5.012802083077379,0.47832919999200385,0.0,1.108831999998074,11.55033333331327,0.07101459996192716,1.6091068000241648,96,9.948873924345292e-08,9.965933633893087e-08
105,37,44,4224,0.45,0.5625,0.0,0,0,0,0,0,0,2.1524401379143705,0.9567666267194992,1.006915818387017,0.9567666267194992,1.006915818387017,0,0.0,0,0.0,0.0,96,0,0,0,0.01890580000326736,0.19693541670070167,0.44919789995765314,4.6791447912255535,0.4463662000052864,0.0,1.0324078000048758,10.754247916717455,0.0675984999834327,1.5005114999657962,96,9.516232161652094e-08,9.924676053207904e-08
105,38,45,4320,0.45,0.5625,0.0,0,0,0,0,0,0,2.0795995552387163,0.9567273631078559,1.0071730660516645,0.9567273631078559,1.0071730660516645,0,0.0,0,0.0,0.0,96,0,0,0,0.020048700003826525,0.20884062503985965,0.4783773999370169,4.983097916010593,0.4753760999883525,0.0,1.1327465999274864,11.79944374924465,0.0747708000271814,1.6311726998683298,96,9.789849713878751e-08,9.63838141243567e-08
105,39,46,4416,0.45,0.5625,0.0,0,0,0,0,0,0,2.1084564069618277,0.956671587019533,1.0047580039380932,0.956671587019533,1.0047580039380932,0,0.0,0,0.0,0.0,96,0,0,0,0.01995189998706337,0.2078322915319101,0.4907335999814677,5.111808333140289,0.4877214000298409,0.0,1.132587699998112,11.797788541647,0.07278140002017608,1.643273199966643,96,9.682305658620383e-08,9.940964440513511e-08
105,40,47,4512,0.45,0.5625,0.0,0,0,0,0,0,0,2.3243501454586837,0.9581042646857664,1.0,0.9581042646857664,1.0,0,0.0,0,0.0,0.0,96,0,0,0,0.019784900010563433,0.2060927084433691,0.5077865999774076,5.289443749764662,0.5047280000871979,0.0,1.1664392000748194,12.150408334112702,0.07635219998337561,1.6940107000627904,96,9.724278246352192e-08,9.877751075415553e-08
105,41,48,4608,0.45,0.5625,0.0,0,0,0,0,0,0,1.5340652635931828,0.9644776566989552,1.0,0.9644776566989552,1.0,0,0.0,0,0.0,0.0,96,0,0,0,0.01841719999356428,0.1918458332662946,0.4433290999950259,4.6180114582815195,0.44062600006873254,0.0,1.0297285999549786,10.72633958286436,0.06569680000393419,1.4914748999435687,96,9.993610657760277e-08,6.744008476666785e-08
105,42,50,4800,0.45,0.5625,0.0,0,0,0,0,0,0,2.40201071285577,0.9557435207448166,1.0,0.9557435207448166,1.0,0,0.0,0,0.0,0.0,96,0,0,0,0.02016019998700358,0.21000208319795396,0.5268676999985473,5.488205208318202,0.5237886999966577,0.0,1.2529161000493332,13.051209375513887,0.08113909995154245,1.799944000034884,96,9.981237709608126e-08,9.221408164838962e-08
105,43,52,4992,0.45,0.5625,0.0,0,0,0,0,0,0,2.5494442704765143,0.9556369455690847,1.0,0.9556369455690847,1.0,0,0.0,0,0.0,0.0,96,0,0,0,0.018371799968008418,0.19137291633342102,0.45810659998096526,4.771943749801721,0.455162099970039,0.0,1.0772604000376305,11.221462500391985,0.07039119994442444,1.5537387999866041,96,9.412196286251451e-08,9.705396583625792e-08
105,44,53,5088,0.45,0.5625,0.0,0,0,0,0,0,0,2.2899579616562957,0.9562907892879297,1.0,0.9562907892879297,1.0,0,0.0,0,0.0,0.0,96,0,0,0,0.02154859996517189,0.2244645829705405,0.5302373000595253,5.5233052089533885,0.5270273000205634,0.0,1.2366846000077203,12.88213125008042,0.07746889998088591,1.7884705000324175,96,9.088491094259854e-08,9.967875080896249e-08
105,45,54,5184,0.45,0.5625,0.0,0,0,0,0,0,0,2.0306822389319454,0.9592449096209333,1.0020282452775642,0.9592449096209333,1.0020282452775642,0,0.0,0,0.0,0.0,96,0,0,0,0.019275200029369444,0.20078333363926504,0.4613820999657037,4.806063541309413,0.45839809997414704,0.0,1.0405309000125271,10.838863541797158,0.06463060001988197,1.5211882000076002,96,9.444874663616654e-08,9.847639495519367e-08
105,46,55,5280,0.45,0.5625,0.0,0,0,0,0,0,0,1.338941742933141,0.9646931325893165,1.0061281657317298,0.9646931325893165,1.0061281657317298,0,0.0,0,0.0,0.0,96,0,0,0,0.02012040006229654,0.2095875006489223,0.4638831999982358,4.8321166666482895,0.4609855999951833,0.0,1.0905219999840483,11.359604166500503,0.0695698000054108,1.5745256000445806,96,8.531821422096131e-08,5.58751250823164e-08
105,47,58,5568,0.45,0.5625,0.0,0,0,0,0,0,0,2.183437156622701,0.9582332212820205,1.000011141321762,0.9582332212820205,1.000011141321762,0,0.0,0,0.0,0.0,96,0,0,0,0.019971099951362703,0.20803229116002817,0.45323379999172175,4.721185416580435,0.45039550000365125,0.0,1.047042300036992,10.906690625385332,0.06696170000213897,1.5202471999800764,96,5.06671030131578e-08,9.635891431991617e-08
105,48,59,5664,0.45,0.5625,0.0,0,0,0,0,0,0,2.17371674183691,0.9588930024992807,1.0,0.9588930024992807,1.0,0,0.0,0,0.0,0.0,96,0,0,0,0.019506800032104366,0.20319583366775382,0.465021699994395,4.843976041608282,0.46205499998905,0.0,1.068579700011469,11.131038541786134,0.06822549998469185,1.5531082000379683,96,9.911037748312757e-08,9.087598840107347e-08
105,49,61,5856,0.45,0.5625,0.0,0,0,0,0,0,0,1.8362173418781331,0.9604729214883142,1.0045112895749224,0.9604729214883142,1.0045112895749224,0,0.0,0,0.0,0.0,96,0,0,0,0.018702000073972158,0.19481250077054332,0.4502940000020317,4.690562500021163,0.4475197999709053,0.0,1.0712275999612757,11.158620832929955,0.06934339999133954,1.5402236000372795,96,9.870000877362783e-08,9.266523340323296e-08
105,50,62,5952,0.45,0.5625,0.0,0,0,0,0,0,0,1.2030667770248367,0.9663437428773423,1.006162773403255,0.9663437428773423,1.006162773403255,0,0.0,0,0.0,0.0,96,0,0,0,0.01978550001513213,0.2060989584909597,0.46873659999255324,4.8826729165890965,0.46579929999279557,0.0,1.1120141000501462,11.58348020885569,0.07400589996541385,1.6005362000578316,96,9.86163010540525e-08,6.074252406618186e-08
105,51,63,6048,0.45,0.5625,0.0,0,0,0,0,0,0,1.1088481951458435,0.9668001866457476,1.0039519593095914,0.9668001866457476,1.0039519593095914,0,0.0,0,0.0,0.0,96,0,0,0,0.019578600004024338,0.2039437500419202,0.472200900039752,4.9187593754140835,0.46929980001732474,0.0,1.1036690000473754,11.496552083826828,0.07245370000600815,1.5954485000911518,96,8.98130959881005e-08,5.3807728411792155e-08
105,52,64,6144,0.45,0.5625,0.0,0,0,0,0,0,0,2.05342799608952,0.958128771544253,1.0,0.958128771544253,1.0,0,0.0,0,0.0,0.0,96,0,0,0,0.019712300032551866,0.20533645867241526,0.475873599993065,4.957016666594427,0.4730368999953498,0.0,1.0665749000036158,11.110155208370998,0.06857049999234732,1.5621608000292326,96,9.957239754943004e-08,9.761351671411234e-08
105,53,65,6240,0.45,0.5625,0.0,0,0,0,0,0,0,2.236626250220017,0.957722879677146,1.0,0.957722879677146,1.0,0,0.0,0,0.0,0.0,96,0,0,0,0.019439900017459877,0.20249895851520705,0.46179280002979795,4.810341666977062,0.4589534000479034,0.0,1.0728653000478516,11.175680208831787,0.06905260001803981,1.5540980000951095,96,9.866555667967236e-08,9.717895252392417e-08
105,54,66,6336,0.45,0.5625,0.0,0,0,0,0,0,0,2.2389315721744523,0.9568389163419951,1.0002449373513496,0.9568389163419951,1.0002449373513496,0,0.0,0,0.0,0.0,96,0,0,0,0.019782200033660047,0.20606458368395883,0.4921584999829065,5.12665104148861,0.48912790002214024,0.0,1.1726106999558397,12.214694791206663,0.07231290003983304,1.6845513999724062,96,9.779673352389162e-08,9.718928425939133e-08
105,55,67,6432,0.45,0.5625,0.0,0,0,0,0,0,0,2.1896064728508517,0.9577592240720978,1.0,0.9577592240720978,1.0,0,0.0,0,0.0,0.0,96,0,0,0,0.019618999969679862,0.20436458301749857,0.4444270999956643,4.62944895828817,0.44168489999719895,0.0,1.0509972000363632,10.947887500378783,0.06645939998270478,1.5150433000017074,96,9.702773333918058e-08,9.274229925693156e-08
105,56,68,6528,0.45,0.5625,0.0,0,0,0,0,0,0,1.8066288062585847,0.9605173195765283,1.0052899384847434,0.9605173195765283,1.0052899384847434,0,0.0,0,0.0,0.0,96,0,0,0,0.01915759993426036,0.19955833264854542,0.43480419999104924,4.52921041657343,0.43205360000865767,0.0,0.989502199969138,10.307314583011854,0.06162020000920165,1.4434639998944476,96,9.607282276148654e-08,9.420653673819501e-08
105,57,69,6624,0.45,0.5625,0.0,0,0,0,0,0,0,1.2143731518622167,0.9655083637552778,1.0078797392666403,0.9655083637552778,1.0078797392666403,0,0.0,0,0.0,0.0,96,0,0,0,0.019284600020910148,0.20088125021781403,0.45076850008626934,4.695505209231972,0.4477768999786349,0.0,1.0460464000279899,10.896316666958228,0.07009519999701297,1.5160995001351694,96,8.608599307360909e-08,5.562357671684559e-08
105,58,70,6720,0.45,0.5625,0.0,0,0,0,0,0,0,1.0438563200615518,0.9672370425797137,1.0109915106491203,0.9672370425797137,1.0109915106491203,0,0.0,0,0.0,0.0,96,0,0,0,0.018981100001838058,0.1977197916858131,0.450648500052921,4.694255208884594,0.4478999999919324,0.0,1.0756671999042737,11.204866665669519,0.06908130004012492,1.5452967999590328,96,9.159177168441279e-08,9.864542245552332e-08
105,59,73,7008,0.45,0.5625,0.0,0,0,0,0,0,0,1.7778321737917824,0.9594625395647494,1.0059404393631437,0.9594625395647494,1.0059404393631437,0,0.0,0,0.0,0.0,96,0,0,0,0.01905100000294624,0.19844791669735665,0.43111949997546617,4.490828124744439,0.4283624999879976,0.0,1.0141385999595514,10.56394374957866,0.06425720001425361,1.4643090999379638,96,9.439846051541301e-08,9.716620452682179e-08
105,60,74,7104,0.45,0.5625,0.0,0,0,0,0,0,0,1.6743888517643235,0.9603145163922197,1.0096598483703316,0.9603145163922197,1.0096598483703316,0,0.0,0,0.0,0.0,96,0,0,0,0.020322100004705135,0.2116885417156785,0.4859299000672763,5.061769792367461,0.4829408000368858,0.0,1.1356975999369752,11.830183332676825,0.07213770002272213,1.6419496000089566,96,9.424710455639695e-08,9.890105165388796e-08
105,61,75,7200,0.45,0.5625,0.0,0,0,0,0,0,0,1.741406451410752,0.9609541579625631,1.0036667280201548,0.9609541579625631,1.0036667280201548,0,0.0,0,0.0,0.0,96,0,0,0,0.02197369997156784,0.228892708037165,0.5166717000320205,5.381996875333546,0.5134512000295217,0.0,1.2242649999679998,12.75276041633333,0.08005160003085621,1.762910399971588,96,9.906102921460047e-08,9.713013109091673e-08
105,62,76,7296,0.45,0.5625,0.0,0,0,0,0,0,0,1.467625796690782,0.9653521410518512,1.0,0.9653521410518512,1.0,0,0.0,0,0.0,0.0,96,0,0,0,0.020723899950098712,0.21587395781352825,0.5172625000195694,5.388151041870515,0.5140114000023459,0.0,1.207005499949446,12.57297395780673,0.07675830004154705,1.744991899919114,96,9.879945218720099e-08,6.571005489730553e-08
105,63,77,7392,0.45,0.5625,0.0,0,0,0,0,0,0,1.2813685888283322,0.9650553635621546,1.0,0.9650553635621546,1.0,0,0.0,0,0.0,0.0,96,0,0,0,0.022102300012193155,0.23023229179367868,0.5302839999858406,5.523791666519173,0.5268724999914411,0.0,1.244860900042113,12.967301042105342,0.08247659998596646,1.7972472000401467,96,9.624643347062867e-08,6.492153883930207e-08
105,64,78,7488,0.45,0.5625,0.0,0,0,0,0,0,0,1.9481317039291792,0.9582615003284685,1.0001346172497547,0.9582615003284685,1.0001346172497547,0,0.0,0,0.0,0.0,96,0,0,0,0.022912500018719584,0.23867187519499566,0.571304200013401,5.951085416806261,0.5675915999963763,0.0,1.2800074000188033,13.333410416862534,0.07988829995883862,1.8742241000509239,96,9.060784959130652e-08,9.721544846907904e-08
105,65,79,7584,0.45,0.5625,0.0,0,0,0,0,0,0,1.9332624566708971,0.959567027614959,1.0008522402222337,0.959567027614959,1.0008522402222337,0,0.0,0,0.0,0.0,96,0,0,0,0.022113799954240676,0.23035208285667372,0.5434948999609333,5.661405207926388,0.5400956999801565,0.0,1.2371758999724989,12.887248958046863,0.07870550004736288,1.8027845998876728,96,9.292739644624348e-08,9.365890049628511e-08
105,66,80,7680,0.45,0.5625,0.0,0,0,0,0,0,0,1.9085083435214076,0.958974194078116,1.0027792345287194,0.958974194078116,1.0027792345287194,0,0.0,0,0.0,0.0,96,0,0,0,0.02158630006306339,0.22485729232357698,0.5141371000063373,5.35559479173268,0.5109462999898824,0.0,1.1705181999859633,12.192897916520451,0.07807940003840486,1.706241600055364,96,9.803309518330305e-08,9.396467506861406e-08
105,67,81,7776,0.45,0.5625,0.0,0,0,0,0,0,0,1.8279243928680213,0.9597540394544405,1.0037891967558545,0.9597540394544405,1.0037891967558545,0,0.0,0,0.0,0.0,96,0,0,0,0.020690500030468684,0.2155260419840488,0.48155529998621205,5.0162010415230425,0.47850560001825215,0.0,1.1328899999789428,11.800937499780654,0.07379170002241153,1.6351357999956235,96,9.927236451282018e-08,9.767245040537276e-08
105,68,82,7872,0.45,0.5625,0.0,0,0,0,0,0,0,1.6798540493477214,0.9612995489218263,1.005578061392477,0.9612995489218263,1.005578061392477,0,0.0,0,0.0,0.0,96,0,0,0,0.020840299999690615,0.21708645833011056,0.49710400003095856,5.178166666989152,0.49408039999980247,0.0,1.1416376999768545,11.892059374758901,0.07109310002124403,1.6595820000075037,96,9.714309893819884e-08,9.402697634386392e-08
105,69,83,7968,0.45,0.5625,0.0,0,0,0,0,0,0,1.1242847592340106,0.9671852471153224,1.013967208967345,0.9671852471153224,1.013967208967345,0,0.0,0,0.0,0.0,96,0,0,0,0.02293960005044937,0.23895416719218096,0.5478983000357402,5.707273958705628,0.5444951999961631,0.0,1.2590100999514107,13.114688541160527,0.08131290000164881,1.8298480000376003,96,9.892085665787892e-08,9.598475510935733e-08
105,70,84,8064,0.45,0.5625,0.0,0,0,0,0,0,0,0.9583182551058267,0.9687516174512892,1.019355435243319,0.9687516174512892,1.019355435243319,0,0.0,0,0.0,0.0,96,0,0,0,0.02205009998579044,0.2296885415186504,0.5149973000443424,5.364555208795234,0.511799100015196,0.0,1.202493799944932,12.52597708275971,0.07617010005924385,1.739541199975065,96,9.844930685780351e-08,8.30444928448526e-08
105,71,85,8160,0.45,0.5625,0.0,0,0,0,0,0,0,1.5600734483696224,0.9630374888941418,1.0133809279386974,0.9630374888941418,1.0133809279386974,0,0.0,0,0.0,0.0,96,0,0,0,0.02152080000087153,0.22417500000907845,0.495414900011383,5.160571875118573,0.4922775000377442,0.0,1.1787584000339848,12.278733333687342,0.0767327999783447,1.6956941000462393,96,9.959325265526675e-08,9.741820261935374e-08
105,72,86,8256,0.45,0.5625,0.0,0,0,0,0,0,0,1.5842634401571443,0.9627712024700116,1.0118519394039553,0.9627712024700116,1.0118519394039553,0,0.0,0,0.0,0.0,96,0,0,0,0.020585900027072057,0.21443645861533392,0.5044471999935922,5.254658333266586,0.5013214000064181,0.0,1.1558862999954727,12.040482291619506,0.07056690000172239,1.680919400016137,96,9.888395663057437e-08,9.160733584895331e-08
105,73,87,8352,0.45,0.5625,0.0,0,0,0,0,0,0,1.675230354014093,0.9612600371946078,1.0049051658898212,0.9612600371946078,1.0049051658898212,0,0.0,0,0.0,0.0,96,0,0,0,0.021587900024314877,0.2248739585866133,0.53659539999353,5.589535416599271,0.5333535999961896,0.0,1.218576800005394,12.693508333389522,0.07776260001264745,1.776760100023239,96,9.743018146608773e-08,8.903432838214265e-08
105,74,88,8448,0.45,0.5625,0.0,0,0,0,0,0,0,1.5905658891393029,0.9622987248831538,1.0078842098848857,0.9622987248831538,1.0078842098848857,0,0.0,0,0.0,0.0,96,0,0,0,0.020431699995242525,0.2128302082837763,0.45584450000023935,4.748380208335827,0.45300970004609553,0.0,1.0715581999174901,11.162064582473855,0.06826980006007943,1.547834399912972,96,9.950434329795976e-08,8.473481048765219e-08
105,75,89,8544,0.45,0.5625,0.0,0,0,0,0,0,0,1.487447242089407,0.9628234468208414,1.0100633366971106,0.9628234468208414,1.0100633366971106,0,0.0,0,0.0,0.0,96,0,0,0,0.01951520003058249,0.20328333365190096,0.44308859999728156,4.615506249971683,0.4402317999411025,0.0,1.0655634999784525,11.099619791442214,0.07145920002221828,1.5281673000063165,96,9.10372293435463e-08,8.947587171181937e-08
105,76,90,8640,0.45,0.5625,0.0,0,0,0,0,0,0,0.9867581815038907,0.9693092496734447,1.0091512611747455,0.9693092496734447,1.0091512611747455,0,0.0,0,0.0,0.0,96,0,0,0,0.019841100001940504,0.20667812502021357,0.4941525000031106,5.147421875032403,0.4910228999724495,0.0,1.1516034000815125,11.99586875084909,0.07552269995358074,1.6655970000865636,96,9.486824578512632e-08,8.557842825877848e-08
105,77,91,8736,0.45,0.5625,0.0,0,0,0,0,0,0,0.844958863490291,0.9696773091665516,1.0088629342845576,0.9696773091665516,1.0088629342845576,0,0.0,0,0.0,0.0,96,0,0,0,0.0195628999863402,0.20378020819104373,0.486667499957548,5.069453124557792,0.4837355999989086,0.0,1.1143138000115869,11.607435416787363,0.07292109996342333,1.620544199955475,96,9.798644220668229e-08,6.144376765628706e-08
105,78,93,8928,0.45,0.5625,0.0,0,0,0,0,0,0,1.5152364503355207,0.9634254709495934,1.0053550504364992,0.9634254709495934,1.0053550504364992,0,0.0,0,0.0,0.0,96,0,0,0,0.019969700049841776,0.2080177088525185,0.49147520001861267,5.119533333527215,0.48839669993321877,0.0,1.1181251000671182,11.647136459032481,0.07102959993062541,1.6295700001355726,96,8.98630040085252e-08,7.494754053483099e-08
105,79,94,9024,0.45,0.5625,0.0,0,0,0,0,0,0,1.65012856185316,0.9625474905850374,1.005792177769776,0.9625474905850374,1.005792177769776,0,0.0,0,0.0,0.0,96,0,0,0,0.018133600060536992,0.18889166729726034,0.44069119997584494,4.590533333081718,0.4379245999880368,0.0,1.0198181000014301,10.62310520834823,0.0669336000282783,1.478642900037812,96,9.863227921035056e-08,8.164640602492668e-08
105,80,95,9120,0.45,0.5625,0.0,0,0,0,0,0,0,1.6208170851374062,0.962073563451096,1.0053889099899918,0.962073563451096,1.0053889099899918,0,0.0,0,0.0,0.0,96,0,0,0,0.019302599990624003,0.20106874990233337,0.45890380001219455,4.7802479167936935,0.4559718999735196,0.0,1.1038134000264108,11.498056250275113,0.07259170004545012,1.5820198000292294,96,9.837157574632549e-08,9.307361298338535e-08
105,81,96,9216,0.45,0.5625,0.0,0,0,0,0,0,0,1.6343884274221907,0.9616772017177425,1.0033527036389722,0.9616772017177425,1.0033527036389722,0,0.0,0,0.0,0.0,96,0,0,0,0.01871119998395443,0.19490833316619197,0.43649809999624267,4.546855208294194,0.43383330001233844,0.0,0.9778709000675008,10.186155209036466,0.06344629997329321,1.4330802000476979,96,9.41618487869389e-08,8.512071027200196e-08
105,82,97,9312,0.45,0.5625,0.0,0,0,0,0,0,0,1.0180305092765005,0.9692438953169531,1.0076150949155387,0.9692438953169531,1.0076150949155387,0,0.0,0,0.0,0.0,96,0,0,0,0.018713799938268494,0.19493541602363015,0.47036169998318655,4.899601041491526,0.4673912999787717,0.0,1.0867145000229357,11.319942708572247,0.069428800001333,1.5757899999443907,96,9.932974037903108e-08,6.148702103025983e-08
105,83,98,9408,0.45,0.5625,0.0,0,0,0,0,0,0,0.9456112130671446,0.9697603350827491,1.0236274649198824,0.9697603350827491,1.0236274649198824,0,0.0,0,0.0,0.0,96,0,0,0,0.019650300033390522,0.20469062534781793,0.5123485999865807,5.336964583193549,0.509276900003897,0.0,1.177478900004644,12.265405208381708,0.07632890000240877,1.7094778000246151,96,9.193682121155788e-08,9.749546101868456e-08
105,84,99,9504,0.45,0.5625,0.0,0,0,0,0,0,0,1.4833399049865212,0.9639351644448364,1.0078501353748093,0.9639351644448364,1.0078501353748093,0,0.0,0,0.0,0.0,96,0,0,0,0.017749100043147337,0.18488645878278476,0.4192670999618713,4.367365624602826,0.41660670000419486,0.0,0.9955277000481146,10.370080208834528,0.06475209997734055,1.4325439000531333,96,9.435863659867927e-08,7.777005650577706e-08
105,85,100,9600,0.45,0.5625,0.0,0,0,0,0,0,0,1.5460190061395251,0.9625812548042253,1.0064432290399459,0.9625812548042253,1.0064432290399459,0,0.0,0,0.0,0.0,96,0,0,0,0.018497900040529203,0.19268645875551252,0.4628830000074231,4.82169791674399,0.46008019999135286,0.0,1.0775349000032293,11.224321875033638,0.07103400001506088,1.5589158000511816,96,9.704629016192567e-08,8.4690187779346e-08
105,86,101,9696,0.45,0.5625,0.0,0,0,0,0,0,0,1.6428423892367439,0.9626610146006368,1.004935464922284,0.9626610146006368,1.004935464922284,0,0.0,0,0.0,0.0,96,0,0,0,0.018040700000710785,0.18792395834073736,0.4404705999913858,4.588235416576936,0.43778430001839297,0.0,1.0264317999608465,10.691997916258819,0.06584510007087374,1.4849430999529432,96,9.958316842147152e-08,8.51596063805582e-08
105,87,102,9792,0.45,0.5625,0.0,0,0,0,0,0,0,1.5473287172938957,0.9623186022683787,1.0029657381376536,0.9623186022683787,1.0029657381376536,0,0.0,0,0.0,0.0,96,0,0,0,0.01796690002811374,0.18715520862618482,0.4464464000193402,4.650483333534794,0.4437097999762045,0.0,1.0314397000183817,10.744163541858143,0.06606839999585645,1.4958530000658357,96,9.811250231521462e-08,8.68356505451251e-08
105,88,103,9888,0.45,0.5625,0.0,0,0,0,0,0,0,0.868350085719956,0.9702351990784229,1.0060634900591845,0.9702351990784229,1.0060634900591845,0,0.0,0,0.0,0.0,96,0,0,0,0.018924200005130842,0.19712708338677962,0.486850500026776,5.071359375278917,0.4838916000153404,0.0,1.1318709000042873,11.79032187504466,0.07368750000023283,1.637645600036194,96,6.794156805732532e-08,4.4187053044320024e-08
105,89,104,9984,0.45,0.5625,0.0,0,0,0,0,0,0,0.9638392265851844,0.969392301506337,1.0024527463573194,0.969392301506337,1.0024527463573194,0,0.0,0,0.0,0.0,96,0,0,0,0.019631699979072437,0.20449687478200454,0.4819362000198453,5.020168750206722,0.4789886999933515,0.0,1.125464099997771,11.723584374976781,0.0733981000012136,1.6270319999966887,96,9.701227147995706e-08,5.8481181702818574e-08
105,90,105,10080,0.45,0.5625,0.0,0,0,0,0,0,0,0.751804686905899,0.9709191177607925,1.0049034364657277,0.9709191177607925,1.0049034364657277,0,0.0,0,0.0,0.0,96,0,0,0,0.017642600025283173,0.18377708359669973,0.4384867999397102,4.567570832705314,0.4358187000179896,0.0,1.0082307000193396,10.502403125201454,0.06450819997553481,1.464360099984333,96,3.949945240680486e-08,2.9360476203055264e-08
105,91,106,10176,0.45,0.5625,0.0,0,0,0,0,0,0,0.8142850856737548,0.9701174596034003,1.0043440191859714,0.9701174596034003,1.0043440191859714,0,0.0,0,0.0,0.0,96,0,0,0,0.018479399986972567,0.19249374986429757,0.43885789995692903,4.571436457884677,0.43615649999992456,0.0,1.0332635999729973,10.763162499718723,0.06677550002495991,1.490600899916899,96,7.419158038791951e-08,4.710634160520755e-08
105,92,108,10368,0.45,0.5625,0.0,0,0,0,0,0,0,1.5946093475224719,0.9618450701849173,1.0038895193774577,0.9618450701849173,1.0038895193774577,0,0.0,0,0.0,0.0,96,0,0,0,0.01739009997982066,0.18114687478979855,0.4189375000205473,4.363932291880701,0.4163333000105922,0.0,0.967260100034764,10.075626042028793,0.0632264000014402,1.403587700035132,96,9.816041464903724e-08,9.333794334653867e-08
105,93,109,10464,0.45,0.5625,0.0,0,0,0,0,0,0,1.5342791212380855,0.9640065030751135,1.009091193090105,0.9640065030751135,1.009091193090105,0,0.0,0,0.0,0.0,96,0,0,0,0.01920880005491199,0.20009166723866656,0.5022708000251441,5.231987500261918,0.49924830002419185,0.0,1.1717725999842514,12.205964583169285,0.07499160002771532,1.6932522000643075,96,9.855515660517344e-08,9.859243633308923e-08
105,94,110,10560,0.45,0.5625,0.0,0,0,0,0,0,0,1.551303015263745,0.9634416511173474,1.007572306460997,0.9634416511173474,1.007572306460997,0,0.0,0,0.0,0.0,96,0,0,0,0.017911200011440087,0.18657500011916758,0.4392928000597749,4.575966667289322,0.4365506999674835,0.0,1.0214624999498483,10.640234374477586,0.0672459000343224,1.4786665000210633,96,9.863297425333206e-08,8.184866465144047e-08
105,95,111,10656,0.45,0.5625,0.0,0,0,0,0,0,0,1.1304058242479302,0.9680910923304249,1.0033778544590828,0.9680910923304249,1.0033778544590828,0,0.0,0,0.0,0.0,96,0,0,0,0.018008600018220022,0.18758958352312524,0.4414407000367646,4.598340625382964,0.4387157999444753,0.0,1.0467033000022639,10.903159375023582,0.0675705000248854,1.5061526000572485,96,9.245798647528058e-08,6.266430471746354e-08
105,96,112,10752,0.45,0.5625,0.0,0,0,0,0,0,0,0.9107451569612144,0.9694742185708111,1.0065880998795058,0.9694742185708111,1.0065880998795058,0,0.0,0,0.0,0.0,96,0,0,0,0.017762000003131106,0.18502083336594902,0.40640009995695436,4.233334374551608,0.40385059995605843,0.0,0.9798924999995506,10.207213541661986,0.06383520002418663,1.404054599959636,96,9.975281669259706e-08,5.80771657154866e-08
105,97,113,10848,0.45,0.5625,0.0,0,0,0,0,0,0,1.5137665158709832,0.9635326494058126,1.0106257752552719,0.9635326494058126,1.0106257752552719,0,0.0,0,0.0,0.0,96,0,0,0,0.018646799995622132,0.1942374999543972,0.45073959998990176,4.695204166561477,0.4479647000480327,0.0,1.0458958999370225,10.894748957677317,0.06730090002383804,1.5152822999225464,96,9.817978731223309e-08,8.2233149872879e-08
105,98,115,11040,0.45,0.5625,0.0,0,0,0,0,0,0,1.6963271535566395,0.9615532600007956,1.0027816837650638,0.9615532600007956,1.0027816837650638,0,0.0,0,0.0,0.0,96,0,0,0,0.018343499999900814,0.19107812499896681,0.4591618999984348,4.782936458317029,0.4563144999774522,0.0,1.0667567000273266,11.112048958617985,0.06843830000434536,1.5442621000256622,96,9.843522659307158e-08,9.077597486195632e-08
105,99,116,11136,0.45,0.5625,0.0,0,0,0,0,0,0,1.6586944816949394,0.9619058690961475,1.0031543007137944,0.9619058690961475,1.0031543007137944,0,0.0,0,0.0,0.0,96,0,0,0,0.01946230002795346,0.20273229195784856,0.5030412000414799,5.2400125004320826,0.49994670000160113,0.0,1.1653975000226637,12.139557291902747,0.07638439999573166,1.687901000092097,96,9.961981620697224e-08,9.48297047137503e-08
105,100,117,11232,0.45,0.5625,0.0,0,0,0,0,0,0,1.5803981223711427,0.9618362959671835,1.0025437854883852,0.9618362959671835,1.0025437854883852,0,0.0,0,0.0,0.0,96,0,0,0,0.017884699955175165,0.18629895786640796,0.4038387999898987,4.206654166561445,0.40124600003036903,0.0,0.9504146000181208,9.900152083522093,0.06057709996821359,1.3721380999631947,96,9.999322455982174e-08,9.077921282740764e-08
105,101,118,11328,0.45,0.5625,0.0,0,0,0,0,0,0,0.961875044155127,0.9697211953774327,1.0074093087141793,0.9697211953774327,1.0074093087141793,0,0.0,0,0.0,0.0,96,0,0,0,0.01787079999485286,0.18615416661305062,0.44360719995893305,4.620908332905553,0.4408301999574178,0.0,1.0394134999805829,10.827223958131071,0.06697480000002543,1.5008914999343688,96,9.674362400589887e-08,5.678417500099009e-08
105,102,121,11616,0.45,0.5625,0.0,0,0,0,0,0,0,1.6785607324087897,0.9615465178009924,1.0019309166695798,0.9615465178009924,1.0019309166695798,0,0.0,0,0.0,0.0,96,0,0,0,0.018545700011600275,0.1931843751208362,0.4663121000121464,4.857417708459859,0.46314210002310574,0.0,1.083334500050114,11.28473437552202,0.0687553999669035,1.5681923000738607,96,8.428917320189855e-08,5.1556272237518463e-08
105,103,122,11712,0.45,0.5625,0.0,0,0,0,0,0,0,1.6155016872941166,0.9622530691603223,1.0042852236154727,0.9622530691603223,1.0042852236154727,0,0.0,0,0.0,0.0,96,0,0,0,0.018408999967505224,0.19176041632817942,0.4480730999930529,4.667428124927635,0.44531059998553246,0.0,1.0657437000481877,11.101496875501956,0.06937549998838222,1.5322258000087459,96,9.880321662388003e-08,8.907038412386825e-08
105,104,123,11808,0.45,0.5625,0.0,0,0,0,0,0,0,1.8071121889453095,0.961360095991533,1.0012927426886133,0.961360095991533,1.0012927426886133,0,0.0,0,0.0,0.0,96,0,0,0,0.019601199972385075,0.2041791663790112,0.5079478000116069,5.291122916787572,0.504934599986882,0.0,1.1992581000304199,12.492271875316874,0.07552379996923264,1.7268071000144118,96,9.935828055272766e-08,5.783106563073126e-08
105,105,124,11904,0.45,0.5625,0.0,0,0,0,0,0,0,1.62939915887155,0.9619814619018886,1.0011871757641122,0.9619814619018886,1.0011871757641122,0,0.0,0,0.0,0.0,96,0,0,0,0.020335900015197694,0.21183229182497598,0.5156322999755503,5.371169791411982,0.5124279000228853,0.0,1.2194032999759656,12.702117708082975,0.08076489997620229,1.7553714999667136,96,9.824837347328919e-08,7.955269373804974e-08
105,106,125,12000,0.45,0.5625,0.0,0,0,0,0,0,0,0.9739034400195724,0.970213885639811,1.0092900507818197,0.970213885639811,1.0092900507818197,0,0.0,0,0.0,0.0,96,0,0,0,0.018802099955792073,0.1958552078728341,0.4888406000100076,5.09208958343758,0.48593540000729263,0.0,1.1413717000032193,11.889288541700202,0.07455719999416033,1.649014399969019,96,7.16996787462898e-08,9.5280006350007e-08
105,107,126,12096,0.45,0.5625,0.0,0,0,0,0,0,0,0.85630734145264,0.9698235210337047,1.0055495561463983,0.9698235210337047,1.0055495561463983,0,0.0,0,0.0,0.0,96,0,0,0,0.020364899981359486,0.21213437480582797,0.5066853999742307,5.2779729163982365,0.5035839999691234,0.0,1.1886024000195903,12.381275000204065,0.07686749995627906,1.7156526999751804,96,8.872761753618563e-08,5.3528397062074795e-08
105,108,127,12192,0.45,0.5625,0.0,0,0,0,0,0,0,1.7539151049908375,0.96116806433698,1.0,0.96116806433698,1.0,0,0.0,0,0.0,0.0,96,0,0,0,0.018929100035165902,0.1971781253663115,0.4602259999883245,4.794020833211714,0.45739749998028856,0.0,1.08855510000285,11.339115625029686,0.07186899999214802,1.5677102000263403,96,9.668734228182596e-08,5.671508485072252e-08
105,109,128,12288,0.45,0.5625,0.0,0,0,0,0,0,0,1.4265013869349568,0.9640380670016133,1.006005937206225,0.9640380670016133,1.006005937206225,0,0.0,0,0.0,0.0,96,0,0,0,0.01765030002570711,0.18385729193444908,0.41335730000719195,4.305805208408249,0.41078470001230016,0.0,0.9688112000512774,10.091783333867474,0.06453119991783751,1.3998188000841765,96,9.471230639178374e-08,7.167016050080299e-08
105,110,130,12480,0.45,0.5625,0.0,0,0,0,0,0,0,1.415132876332259,0.9646632854755258,1.0116559517828834,0.9646632854755258,1.0116559517828834,0,0.0,0,0.0,0.0,96,0,0,0,0.018609300022944808,0.19384687523900843,0.45284310007991735,4.717115625832473,0.44971610006905394,0.0,1.0642596000107005,11.086037500111464,0.06953550002072006,1.5357120001135627,96,9.045099141902213e-08,8.352184922844064e-08
105,111,131,12576,0.45,0.5625,0.0,0,0,0,0,0,0,1.38700581342859,0.9636840572403842,1.0068756548793814,0.9636840572403842,1.0068756548793814,0,0.0,0,0.0,0.0,96,0,0,0,0.018891999985498842,0.19679166651561295,0.4760909000397078,4.959280208746956,0.4731790000296314,0.0,1.1046098000442726,11.506352083794505,0.07097939996310743,1.5995927000694792,96,9.745343538224149e-08,8.040168045231333e-08
105,112,132,12672,0.45,0.5625,0.0,0,0,0,0,0,0,0.9296312680044726,0.9703414373075119,1.0080797732452331,0.9703414373075119,1.0080797732452331,0,0.0,0,0.0,0.0,96,0,0,0,0.018729900009930134,0.19510312510343888,0.45398339998791926,4.728993749874159,0.45117809997464065,0.0,1.0471174999256618,10.907473957558977,0.06715730002906639,1.5198307999235112,96,6.602304321312591e-08,4.752328669477279e-08
105,113,133,12768,0.45,0.5625,0.0,0,0,0,0,0,0,0.779268221950846,0.9704861050456025,1.0081453756170944,0.9704861050456025,1.0081453756170944,0,0.0,0,0.0,0.0,96,0,0,0,0.01936040000873618,0.2016708334243352,0.44624130002921447,4.648346875304317,0.44348449999961304,0.0,1.038143499979924,10.81399479145754,0.06726240002171835,1.5037452000178746,96,5.586021076253722e-08,4.3867517379031495e-08
105,114,134,12864,0.45,0.5625,0.0,0,0,0,0,0,0,1.3027407645416196,0.964993349546988,1.0093417463996956,0.964993349546988,1.0093417463996956,0,0.0,0,0.0,0.0,96,0,0,0,0.018036399989796337,0.1878791665603785,0.43833610002184287,4.5660010418941965,0.43560939998860704,0.0,1.0184042999826488,10.608378124819259,0.06781569999293424,1.474776799994288,96,9.58194287543207e-08,9.099747877092113e-08
105,115,135,12960,0.45,0.5625,0.0,0,0,0,0,0,0,1.4027637025393833,0.9643710319200048,1.0085259525503454,0.9643710319200048,1.0085259525503454,0,0.0,0,0.0,0.0,96,0,0,0,0.019678499978908803,0.20498437478030004,0.4603579999966314,4.795395833298244,0.4574064999833354,0.0,1.0624531999710598,11.067220833031874,0.06737620000785682,1.5424896999466,96,9.887393145543988e-08,7.804849294634764e-08
105,116,136,13056,0.45,0.5625,0.0,0,0,0,0,0,0,1.4367203500426005,0.9642530962581405,1.0130942332766784,0.9642530962581405,1.0130942332766784,0,0.0,0,0.0,0.0,96,0,0,0,0.018210500020359177,0.1896927085454081,0.4470404999956372,4.656671874954554,0.44436120000318624,0.0,1.0076862000059919,10.496731250062416,0.0653589999928954,1.4729372000219882,96,9.524132511297412e-08,7.720022607293764e-08
105,117,137,13152,0.45,0.5625,0.0,0,0,0,0,0,0,1.4101745874465674,0.9638626221635886,1.008067287667325,0.9638626221635886,1.008067287667325,0,0.0,0,0.0,0.0,96,0,0,0,0.019183100033842493,0.1998239586858593,0.4674464999625343,4.869234374609732,0.46454350001295097,0.0,1.0578424000559608,11.019191667249592,0.06658099995547673,1.5444720000523375,96,9.491475664452631e-08,7.983910574327346e-08
105,118,139,13344,0.45,0.5625,0.0,0,0,0,0,0,0,0.8981263826749585,0.9707448675984832,1.0082249825631464,0.9707448675984832,1.0082249825631464,0,0.0,0,0.0,0.0,96,0,0,0,0.01795840002159821,0.187066666891648,0.44944339999346994,4.681702083265312,0.4466627999499906,0.0,1.037311200008844,10.805325000092125,0.06754240002919687,1.5047130000239122,96,4.9936348376668216e-08,5.4622331744497155e-08
105,119,140,13440,0.45,0.5625,0.0,0,0,0,0,0,0,0.8101445655363223,0.9703627759865329,1.0133571477671868,0.9703627759865329,1.0133571477671868,0,0.0,0,0.0,0.0,96,0,0,0,0.018188500005635433,0.18946354172536908,0.4394072000068263,4.577158333404441,0.43670049997308524,0.0,1.0437977999754366,10.872893749744131,0.06899180003529182,1.5013934999878984,96,6.058340953907226e-08,9.996226598210645e-08
105,120,141,13536,0.45,0.5625,0.0,0,0,0,0,0,0,1.2760006943253743,0.9656618182476947,1.0106470251797839,0.9656618182476947,1.0106470251797839,0,0.0,0,0.0,0.0,96,0,0,0,0.01776460001565283,0.185047916829717,0.44162340001639677,4.6002437501708,0.43888690000312636,0.0,1.0251144999929238,10.678276041592957,0.06749169999238802,1.4845025000249734,96,9.684387535825734e-08,8.412780755015503e-08
105,121,142,13632,0.45,0.5625,0.0,0,0,0,0,0,0,1.3768126611964104,0.9643809422620111,1.0104952542229366,0.9643809422620111,1.0104952542229366,0,0.0,0,0.0,0.0,96,0,0,0,0.018779999991238583,0.19562499990873525,0.4538295000093058,4.727390625096935,0.4509514000164927,0.0,1.0207720000107656,10.633041666778809,0.06521039998187916,1.49338150001131,96,9.139206928569787e-08,9.935788452403171e-08
105,122,144,13824,0.45,0.5625,0.0,0,0,0,0,0,0,0.8118713776291288,0.9708450552706605,1.0136214166413666,0.9708450552706605,1.0136214166413666,0,0.0,0,0.0,0.0,96,0,0,0,0.020807700013392605,0.2167468751395063,0.5342076999731944,5.564663541387442,0.5310756000180845,0.0,1.2614265999436611,13.139860416079804,0.081040800017945,1.8164419999302481,96,4.164745992085023e-08,9.100253460514462e-08
105,123,145,13920,0.45,0.5625,0.0,0,0,0,0,0,0,1.058309953634168,0.9689344685347562,1.0197235708689598,0.9689344685347562,1.0197235708689598,0,0.0,0,0.0,0.0,96,0,0,0,0.018327100027818233,0.19090729195643993,0.44612590007454855,4.647144792443214,0.4433307999934186,0.0,1.027487600047607,10.70299583382924,0.06702259997837245,1.4919406001499738,96,9.191424314367036e-08,9.452519405227233e-08
105,124,146,14016,0.45,0.5625,0.0,0,0,0,0,0,0,0.970511773679374,0.9706753796782975,1.0237115869910434,0.9706753796782975,1.0237115869910434,0,0.0,0,0.0,0.0,96,0,0,0,0.01748080005927477,0.1820916672841122,0.4078450000160956,4.248385416834329,0.40526379999209894,0.0,0.9508308000149555,9.904487500155787,0.061010399978840724,1.3761566000903258,96,6.413668998672684e-08,9.633775789261168e-08
105,125,147,14112,0.45,0.5625,0.0,0,0,0,0,0,0,0.8672810848891188,0.9702582908106921,1.0209738940719841,0.9702582908106921,1.0209738940719841,0,0.0,0,0.0,0.0,96,0,0,0,0.017913100018631667,0.18659479186074654,0.4154537999929744,4.327643749926817,0.41282499997032573,0.0,0.9597900000371737,9.997812500387226,0.061123399951611646,1.3931569000487798,96,6.500125034579474e-08,8.402858651512107e-08
105,126,148,14208,0.45,0.5625,0.0,0,0,0,0,0,0,1.358649848495105,0.9643369497626668,1.01109843464983,0.9643369497626668,1.01109843464983,0,0.0,0,0.0,0.0,96,0,0,0,0.018931399994471576,0.1972020832757456,0.446179500038852,4.647703125404708,0.4433877000337816,0.0,1.0433412000638782,10.868137500665398,0.06734919997688849,1.5084521000972018,96,9.823176267201306e-08,8.825477425256079e-08
105,127,150,14400,0.45,0.5625,0.0,0,0,0,0,0,0,1.3660950684174653,0.9643843144521229,1.008912310954906,0.9643843144521229,1.008912310954906,0,0.0,0,0.0,0.0,96,0,0,0,0.018975799954205286,0.19766458285630506,0.47452429997792933,4.94296145810343,0.47166830001515336,0.0,1.1133781000244198,11.59768854192104,0.07345850002457155,1.6068781999565545,96,9.459788037104178e-08,9.685641410434043e-08
105,128,152,14592,0.45,0.5625,0.0,0,0,0,0,0,0,1.2800954641625497,0.9649936658193637,1.0109638981509097,0.9649936658193637,1.0109638981509097,0,0.0,0,0.0,0.0,96,0,0,0,0.019556899955205154,0.20371770786672036,0.4602351000357885,4.794115625372797,0.45737680001184344,0.0,1.0815696000281605,11.266350000293338,0.07136899998295121,1.5613616000191541,96,9.707740924493058e-08,8.705875008743758e-08
105,129,153,14688,0.45,0.5625,0.0,0,0,0,0,0,0,0.8801562309639045,0.9707943504715156,1.009123683895011,0.9707943504715156,1.009123683895011,0,0.0,0,0.0,0.0,96,0,0,0,0.01997359998495085,0.20805833317657138,0.49555840002722107,5.16206666695022,0.4925061000249116,0.0,1.1370030999241862,11.84378229087694,0.07630350001272745,1.6525350999363582,96,4.688978972895025e-08,8.806539110797762e-08
105,130,154,14784,0.45,0.5625,0.0,0,0,0,0,0,0,0.6827720028797404,0.9716138898854185,1.0066137628539833,0.9716138898854185,1.0066137628539833,0,0.0,0,0.0,0.0,96,0,0,0,0.02113369997823611,0.22014270810662614,0.5419837000081316,5.645663541751371,0.5385952000287944,0.0,1.2764504999940982,13.296359374938524,0.08153290001791902,1.8395678999804659,96,1.9841671465570254e-08,1.6605216437981518e-08
105,131,155,14880,0.45,0.5625,0.0,0,0,0,0,0,0,0.7090348185519875,0.970988968718674,1.0088951875450738,0.970988968718674,1.0088951875450738,0,0.0,0,0.0,0.0,96,0,0,0,0.018272200009960216,0.1903354167704189,0.4387284999829717,4.570088541489288,0.4359466999740107,0.0,0.9943643999940832,10.357962499938367,0.06292950001807185,1.4513650999870151,96,3.524453353730833e-08,6.366979644900628e-08
105,132,156,14976,0.45,0.5625,0.0,0,0,0,0,0,0,1.3529675471749565,0.9627619329041466,1.0034310246701785,0.9627619329041466,1.0034310246701785,0,0.0,0,0.0,0.0,96,0,0,0,0.01754350002738647,0.1827447919519424,0.4125851000135299,4.29776145847427,0.40997040004003793,0.0,0.9554703000394511,9.952815625410949,0.060904100006155204,1.3855989000803675,96,9.999161644513865e-08,8.265472750679237e-08
105,133,157,15072,0.45,0.5625,0.0,0,0,0,0,0,0,1.4148909803361722,0.9629281451886972,1.0070753624507145,0.9629281451886972,1.0070753624507145,0,0.0,0,0.0,0.0,96,0,0,0,0.01964219995716121,0.2046062495537626,0.4930575000398676,5.136015625415287,0.4901285000232747,0.0,1.1350816999547533,11.823767707862013,0.07385190005879849,1.647781399951782,96,9.71735093346221e-08,8.191351902331334e-08
105,134,158,15168,0.45,0.5625,0.0,0,0,0,0,0,0,1.308959340899042,0.9650474057138972,1.0087333806433991,0.9650474057138972,1.0087333806433991,0,0.0,0,0.0,0.0,96,0,0,0,0.01822320002975175,0.1898250003099141,0.4402241999923717,4.585668749920539,0.4373941000085324,0.0,1.0318064999446506,10.747984374423444,0.06975369997235248,1.490253899966774,96,9.713078990419843e-08,8.374620944634481e-08
105,135,159,15264,0.45,0.5625,0.0,0,0,0,0,0,0,1.3027670872155699,0.9650565738691599,1.0068684075898326,0.9650565738691599,1.0068684075898326,0,0.0,0,0.0,0.0,96,0,0,0,0.018962599977385253,0.19752708309776304,0.45995199995377334,4.791166666185139,0.4570342000515666,0.0,1.058374099971843,11.024730208040031,0.06734700002562022,1.5372886999030015,96,8.977692539900717e-08,6.898879148509174e-08
105,136,160,15360,0.45,0.5625,0.0,0,0,0,0,0,0,0.9210361553012706,0.9709221668757856,1.0157738619887888,0.9709221668757856,1.0157738619887888,0,0.0,0,0.0,0.0,96,0,0,0,0.019502800016198307,0.20315416683539902,0.46980850002000807,4.893838541875084,0.4668005999556044,0.0,1.1022102000570158,11.481356250593914,0.07117399998242036,1.5915215000932221,96,4.194344945581546e-08,8.88358741169687e-08
105,137,161,15456,0.45,0.5625,0.0,0,0,0,0,0,0,0.904289826326823,0.9702593674763931,1.0237713694289186,0.9702593674763931,1.0237713694289186,0,0.0,0,0.0,0.0,96,0,0,0,0.01768240005185362,0.18419166720680855,0.4260257999703754,4.43776874969141,0.42334960003063316,0.0,0.9964911999559263,10.380116666207565,0.06348090001847595,1.4401993999781553,96,6.579164503126012e-08,7.548807596808454e-08
105,138,162,15552,0.45,0.5625,0.0,0,0,0,0,0,0,1.3740977697277783,0.96370654235889,1.0074770392303747,0.96370654235889,1.0074770392303747,0,0.0,0,0.0,0.0,96,0,0,0,0.017597700032638386,0.18330937533998318,0.418622899975162,4.360655208074604,0.41602619994955603,0.0,0.9608171000363654,10.00851145871214,0.060584399980143644,1.3970377000441658,96,9.36873185020809e-08,7.792924319738326e-08
105,139,163,15648,0.45,0.5625,0.0,0,0,0,0,0,0,1.3617948111509677,0.9632918103103019,1.0070725483044245,0.9632918103103019,1.0070725483044245,0,0.0,0,0.0,0.0,96,0,0,0,0.018938200002594385,0.1972729166936915,0.45726610000565415,4.763188541725564,0.45443670003442094,0.0,1.0783067000375013,11.232361458723972,0.07072840000910219,1.5545110000457498,96,9.502654611109884e-08,7.76955713654992e-08
105,140,165,15840,0.45,0.5625,0.0,0,0,0,0,0,0,1.0539331708816762,0.9688393638566795,1.017279030022917,0.9688393638566795,1.017279030022917,0,0.0,0,0.0,0.0,96,0,0,0,0.017853700039268006,0.1859760420757084,0.4227659000316635,4.403811458663161,0.42007879996526754,0.0,0.9796555000211811,10.204744791887302,0.06188689995906316,1.4202751000921126,96,9.897655305589337e-08,8.383456776006604e-08
105,141,166,15936,0.45,0.5625,0.0,0,0,0,0,0,0,1.1692134368946705,0.9667258272159689,1.007118973505536,0.9667258272159689,1.007118973505536,0,0.0,0,0.0,0.0,96,0,0,0,0.01939459999994142,0.20202708333272312,0.4947872000047937,5.154033333383268,0.491730199981248,0.0,1.1637217000461533,12.12210104214743,0.07548619998851791,1.6779035000508884,96,9.697201631964081e-08,6.601070703937673e-08
105,142,168,16128,0.45,0.5625,0.0,0,0,0,0,0,0,0.859243103619937,0.9703460790285363,1.0210925388468235,0.9703460790285363,1.0210925388468235,0,0.0,0,0.0,0.0,96,0,0,0,0.018627900019055232,0.194040625198492,0.44941969995124964,4.681455207825517,0.4465904999815393,0.0,1.0563742999438546,11.003898957748484,0.06932970006164396,1.5244218999141594,96,6.242775340073448e-08,8.605947835003264e-08
105,143,169,16224,0.45,0.5625,0.0,0,0,0,0,0,0,1.349842157657586,0.9646131413512797,1.0133376294138852,0.9646131413512797,1.0133376294138852,0,0.0,0,0.0,0.0,96,0,0,0,0.019446700032858644,0.2025697920089442,0.47184240002388833,4.9150250002488365,0.46898139999393607,0.0,1.0966196000372292,11.423120833721137,0.07013859999278793,1.5879087000939762,96,9.903573231460905e-08,9.405604635415177e-08
105,144,170,16320,0.45,0.5625,0.0,0,0,0,0,0,0,1.4237365277628893,0.9640332386784717,1.0109265285593545,0.9640332386784717,1.0109265285593545,0,0.0,0,0.0,0.0,96,0,0,0,0.020362900002510287,0.2121135416928155,0.5072714000416454,5.28407708376714,0.5042331000367994,0.0,1.173329199977161,12.22217916642876,0.07642689999920549,1.7009635000213166,96,9.484956925778776e-08,8.789506608652964e-08
105,145,171,16416,0.45,0.5625,0.0,0,0,0,0,0,0,1.39957088612428,0.9644362381824015,1.0110691266134577,0.9644362381824015,1.0110691266134577,0,0.0,0,0.0,0.0,96,0,0,0,0.018894500040914863,0.19681770875952984,0.47894939997786423,4.989056249769419,0.4760184000551817,0.0,1.1359402000016416,11.832710416683767,0.07618969997565728,1.6337841000204207,96,9.331697863219912e-08,9.575272765655063e-08
105,146,172,16512,0.45,0.5625,0.0,0,0,0,0,0,0,1.496677985398428,0.963327733684425,1.0096976778116293,0.963327733684425,1.0096976778116293,0,0.0,0,0.0,0.0,96,0,0,0,0.019640600025013555,0.2045895835938912,0.46775319996959297,4.872429166349927,0.4648237000074005,0.0,1.0972337999846786,11.429518749840403,0.07233829999313457,1.5846275999792852,96,9.905960400482389e-08,9.201243367923384e-08
105,147,174,16704,0.45,0.5625,0.0,0,0,0,0,0,0,0.9679016811500815,0.9699616049761817,1.0088724414620378,0.9699616049761817,1.0088724414620378,0,0.0,0,0.0,0.0,96,0,0,0,0.018807100030244328,0.19590729198171175,0.44049089999316493,4.588446874928802,0.437763600020844,0.0,1.0023726000436,10.441381250454166,0.06335209999815561,1.4616706000670092,96,6.190416429463497e-08,7.37404118756474e-08
105,148,176,16896,0.45,0.5625,0.0,0,0,0,0,0,0,1.3219056784053234,0.9643343459621023,1.0086303197627073,0.9643343459621023,1.0086303197627073,0,0.0,0,0.0,0.0,96,0,0,0,0.018792800015944522,0.1957583334994221,0.47641750001639593,4.962682291837457,0.4734173000251758,0.0,1.0887518999734311,11.34116562472324,0.07047230002353899,1.5839622000057716,96,9.369781409085398e-08,8.042109641420714e-08
105,149,177,16992,0.45,0.5625,0.0,0,0,0,0,0,0,1.4097338950325167,0.9632917040243707,1.0062784240912934,0.9632917040243707,1.0062784240912934,0,0.0,0,0.0,0.0,96,0,0,0,0.020229800014931243,0.21072708348886712,0.5296771000357694,5.517469792039265,0.5265289999879315,0.0,1.207278000023507,12.575812500244865,0.07778340000368189,1.7571849000742077,96,9.667356028544849e-08,8.020190567226138e-08
105,150,178,17088,0.45,0.5625,0.0,0,0,0,0,0,0,1.4351861847116685,0.9628896223644312,1.0051893531773632,0.9628896223644312,1.0051893531773632,0,0.0,0,0.0,0.0,96,0,0,0,0.01866469998640241,0.19442395819169178,0.45402629997988697,4.729440624790489,0.4512042000060319,0.0,1.0684588000221993,11.12977916689791,0.07090299999254057,1.5411497999884887,96,9.93915708156351e-08,8.380788320272448e-08
105,151,180,17280,0.45,0.5625,0.0,0,0,0,0,0,0,1.373121359225107,0.9628453051655412,1.005975454453222,0.9628453051655412,1.005975454453222,0,0.0,0,0.0,0.0,96,0,0,0,0.019694899987371173,0.20515520820178304,0.4907847000431502,5.112340625449481,0.48780409999744734,0.0,1.1439374000183307,11.916014583524278,0.07449970000016037,1.654417000048852,96,9.756348992584485e-08,8.477166281439796e-08
105,152,181,17376,0.45,0.5625,0.0,0,0,0,0,0,0,0.9496280269386307,0.9693799091550744,1.0039570371994884,0.9693799091550744,1.0039570371994884,0,0.0,0,0.0,0.0,96,0,0,0,0.02085380002245074,0.21722708356719522,0.5223302999875159,5.440940624869957,0.5186470000262489,0.0,1.1928367000145954,12.425382291818702,0.07691549997252878,1.736020800024562,96,5.791056260397165e-08,4.0718281663076894e-08
105,153,183,17568,0.45,0.5625,0.0,0,0,0,0,0,0,1.2803332326544143,0.9652369780678468,1.0098578463160175,0.9652369780678468,1.0098578463160175,0,0.0,0,0.0,0.0,96,0,0,0,0.019206100019800942,0.2000635418729265,0.48919879993627546,5.095820832669536,0.48621840001578676,0.0,1.138411999985692,11.858458333184293,0.07658749999973224,1.6468168999417685,96,9.78916540102931e-08,9.843261126324387e-08
105,154,184,17664,0.45,0.5625,0.0,0,0,0,0,0,0,1.3529903304324034,0.9643472888966045,1.008616139705069,0.9643472888966045,1.008616139705069,0,0.0,0,0.0,0.0,96,0,0,0,0.02009639996686019,0.20933749965479365,0.5002860999738914,5.211313541394702,0.4971610000284272,0.0,1.1805662999977358,12.297565624976414,0.07864449997578049,1.7009487999384874,96,9.926398818367599e-08,7.98275664321002e-08
105,155,185,17760,0.45,0.5625,0.0,0,0,0,0,0,0,1.3924060148763786,0.9642883035954553,1.010134224293686,0.9642883035954553,1.010134224293686,0,0.0,0,0.0,0.0,96,0,0,0,0.01774360000854358,0.1848291667556623,0.4209353000042029,4.3847427083771136,0.41831830000592163,0.0,0.993545700017421,10.349434375181469,0.06385939998290269,1.4322246000301675,96,9.735895297423303e-08,8.977329577636306e-08
105,156,187,17952,0.45,0.5625,0.0,0,0,0,0,0,0,1.4126612580781666,0.9628565797261089,1.0087993838169578,0.9628565797261089,1.0087993838169578,0,0.0,0,0.0,0.0,96,0,0,0,0.01820190002763411,0.1896031252878553,0.44519329995819135,4.637430207897826,0.4424020000078599,0.0,1.0228174000585568,10.654347917276633,0.06538139993062941,1.4862126000443823,96,9.947959716399835e-08,8.833314059375486e-08
105,157,188,18048,0.45,0.5625,0.0,0,0,0,0,0,0,0.9622809265941897,0.9700964806737387,1.0097118423934157,0.9700964806737387,1.0097118423934157,0,0.0,0,0.0,0.0,96,0,0,0,0.01777470004162751,0.18515312543361992,0.42498539998632623,4.426931249857565,0.4223401000126614,0.0,0.9739279999485007,10.145083332796881,0.0621376000563032,1.4166880999764544,96,5.60685590187196e-08,9.44070031351496e-08
105,158,189,18144,0.45,0.5625,0.0,0,0,0,0,0,0,0.8415249533481889,0.9703039279308678,1.014520092041441,0.9703039279308678,1.014520092041441,0,0.0,0,0.0,0.0,96,0,0,0,0.018312000021978747,0.19075000022894528,0.43617720002657734,4.543512500276847,0.4334782000150881,0.0,0.9983550000542891,10.399531250565511,0.06561859996145358,1.4528442001028452,96,6.231376406193312e-08,9.693188152311294e-08
105,159,190,18240,0.45,0.5625,0.0,0,0,0,0,0,0,1.4771623288460423,0.9622692735240893,1.0051025844618529,0.9622692735240893,1.0051025844618529,0,0.0,0,0.0,0.0,96,0,0,0,0.017977100011194125,0.1872614584499388,0.4359132000245154,4.540762500255369,0.4331001000246033,0.0,1.0101934999693185,10.522848958013734,0.06394470002123853,1.464083800005028,96,9.723140155862287e-08,8.282257789316017e-08
105,160,191,18336,0.45,0.5625,0.0,0,0,0,0,0,0,1.4480596478489336,0.9632922323131528,1.006677979065622,0.9632922323131528,1.006677979065622,0,0.0,0,0.0,0.0,96,0,0,0,0.019416800016188063,0.202258333501959,0.4775417000419111,4.974392708769908,0.47454039998410735,0.0,1.1049459999994724,11.509854166661171,0.07046119998267386,1.6019045000575716,96,9.451221499000295e-08,8.256598051092912e-08
105,161,192,18432,0.45,0.5625,0.0,0,0,0,0,0,0,1.6278513211461532,0.9611885650461376,1.000465431887675,0.9611885650461376,1.000465431887675,0,0.0,0,0.0,0.0,96,0,0,0,0.020523999955912586,0.21379166620742276,0.5026263999679941,5.235691666333271,0.49950079995323904,0.0,1.1870052999947802,12.364638541612294,0.07813580003858078,1.7101556999186869,96,9.599835114337818e-08,5.648955719861348e-08
105,162,193,18528,0.45,0.5625,0.0,0,0,0,0,0,0,1.3419792259031404,0.9646618756630798,1.0097047882354862,0.9646618756630798,1.0097047882354862,0,0.0,0,0.0,0.0,96,0,0,0,0.018268700026965234,0.1902989586142212,0.42835130000457866,4.461992708381028,0.42567950002558064,0.0,1.020596900030796,10.631217708654125,0.06559280001238221,1.4672169000623398,96,9.245916324229775e-08,8.794508805226586e-08
105,163,194,18624,0.45,0.5625,0.0,0,0,0,0,0,0,1.3349903443602678,0.9638471280277948,1.0061122645404235,0.9638471280277948,1.0061122645404235,0,0.0,0,0.0,0.0,96,0,0,0,0.019795599961071275,0.20620416626115912,0.4856903000254533,5.059273958598472,0.4826439000389655,0.0,1.1285136000151397,11.755350000157705,0.07130619998497423,1.6339995000016643,96,9.682948299075123e-08,7.17962432561503e-08
105,164,195,18720,0.45,0.5625,0.0,0,0,0,0,0,0,0.8780893825519622,0.970972378856842,1.0071026962781209,0.970972378856842,1.0071026962781209,0,0.0,0,0.0,0.0,96,0,0,0,0.017858099985460285,0.18602187484854463,0.431174400029704,4.491400000309416,0.4284615000215126,0.0,0.9967027000384405,10.382319792067088,0.06451039997773478,1.4457352000536048,96,3.858501955011223e-08,2.8631879991913856e-08
105,165,196,18816,0.45,0.5625,0.0,0,0,0,0,0,0,0.7790379340013112,0.9704603019627714,1.007808766233172,0.9704603019627714,1.007808766233172,0,0.0,0,0.0,0.0,96,0,0,0,0.018544899983680807,0.19317604149667508,0.4731002999978955,4.928128124978078,0.470180399956007,0.0,1.0736241999111371,11.183585415741012,0.0680212000515894,1.5652693998927134,96,5.582386034333475e-08,3.819263079407609e-08
105,166,197,18912,0.45,0.5625,0.0,0,0,0,0,0,0,1.2948261627888198,0.9650268306313367,1.0078996168630678,0.9650268306313367,1.0078996168630678,0,0.0,0,0.0,0.0,96,0,0,0,0.01964769997721305,0.20466354142930263,0.5041409999757889,5.251468749747801,0.5011223000401515,0.0,1.1862884999645757,12.357171874630998,0.0776789999945322,1.7100771999175777,96,9.867366436953906e-08,7.445489183521836e-08
105,167,198,19008,0.45,0.5625,0.0,0,0,0,0,0,0,1.3728851048143953,0.9647456200095106,1.0109517810397577,0.9647456200095106,1.0109517810397577,0,0.0,0,0.0,0.0,96,0,0,0,0.01912509997782763,0.19921979143570448,0.4646202999720117,4.839794791375122,0.46175600004789885,0.0,1.105552900044131,11.516176042126366,0.07278210000367835,1.5892982999939704,96,9.436821705142984e-08,8.396795016241132e-08
105,168,199,19104,0.45,0.5625,0.0,0,0,0,0,0,0,1.4258019146113574,0.9644295032889442,1.0115463439215218,0.9644295032889442,1.0115463439215218,0,0.0,0,0.0,0.0,96,0,0,0,0.018796600044879597,0.19579791713416247,0.4564896999509074,4.755101041155285,0.45355710001604166,0.0,1.0861721000328544,11.314292708675566,0.06939669995335862,1.5614584000286413,96,9.244380458177381e-08,9.810813994537426e-08
105,169,200,19200,0.45,0.5625,0.0,0,0,0,0,0,0,1.4177483005376799,0.9627179713994096,1.0044304153300123,0.9627179713994096,1.0044304153300123,0,0.0,0,0.0,0.0,96,0,0,0,0.018263400022988208,0.1902437502394605,0.4457303000235697,4.643023958578851,0.4430102999685914,0.0,1.0203404999920167,10.628546874916841,0.06459790001099464,1.4843342000385746,96,9.838588164653994e-08,8.286177098637548e-08
105,170,202,19392,0.45,0.5625,0.0,0,0,0,0,0,0,0.9176568272427289,0.9706414261383522,1.0086910595487393,0.9706414261383522,1.0086910595487393,0,0.0,0,0.0,0.0,96,0,0,0,0.017785499963792972,0.18526562462284346,0.42040519998408854,4.379220833167589,0.4177430000054301,0.0,0.9570115999158588,9.968870832456863,0.06027040005574236,1.3952022998637403,96,4.665474195777314e-08,6.631587782385262e-08
105,171,203,19488,0.45,0.5625,0.0,0,0,0,0,0,0,0.7625034439901676,0.9706432884939727,1.007501088254924,0.9706432884939727,1.007501088254924,0,0.0,0,0.0,0.0,96,0,0,0,0.01803170000493992,0.18783020838479084,0.4356202999842935,4.537711458169724,0.43292469999869354,0.0,1.0054630000231555,10.47357291690787,0.06406189998233458,1.459115000012389,96,4.867172113259821e-08,3.457579618448836e-08
105,172,204,19584,0.45,0.5625,0.0,0,0,0,0,0,0,1.3733067164901913,0.963152157405899,1.0015413352327192,0.963152157405899,1.0015413352327192,0,0.0,0,0.0,0.0,96,0,0,0,0.019765299970458727,0.20588854135894508,0.49914960004389286,5.199475000457217,0.4961280999996234,0.0,1.1498687000130303,11.977798958469066,0.07533079999848269,1.668783600027382,96,9.942563144321737e-08,8.434469470075534e-08
105,173,205,19680,0.45,0.5625,0.0,0,0,0,0,0,0,1.5923596599969818,0.9627328792519488,1.0005670874500454,0.9627328792519488,1.0005670874500454,0,0.0,0,0.0,0.0,96,0,0,0,0.018431700016662944,0.19199687517357233,0.46777089999523014,4.872613541616981,0.4649693000174011,0.0,1.069244099977368,11.13795937476425,0.07016219999786699,1.555446699989261,96,9.076904745192182e-08,5.428544794239265e-08
105,174,206,19776,0.45,0.5625,0.0,0,0,0,0,0,0,1.5368785939852523,0.9623645942501025,1.0008433285507554,0.9623645942501025,1.0008433285507554,0,0.0,0,0.0,0.0,96,0,0,0,0.01839530000142986,0.1916177083482277,0.4506659999678959,4.694437499665582,0.44779019999987213,0.0,1.0676232000187156,11.121075000194955,0.0705595000035828,1.5366844999880414,96,9.571313390292768e-08,7.729792625421616e-08
105,175,207,19872,0.45,0.5625,0.0,0,0,0,0,0,0,1.456418878417898,0.9622736226530766,1.0021013204410907,0.9622736226530766,1.0021013204410907,0,0.0,0,0.0,0.0,96,0,0,0,0.01917200000025332,0.19970833333597207,0.4758203000528738,4.956461458884102,0.4728928000185988,0.0,1.099300200068683,11.451043750715447,0.07121629996254342,1.59429250012181,96,9.927657805205992e-08,8.535420731314858e-08
105,176,208,19968,0.45,0.5625,0.0,0,0,0,0,0,0,1.2246204328393844,0.9655501428486856,1.006423345147202,0.9655501428486856,1.006423345147202,0,0.0,0,0.0,0.0,96,0,0,0,0.020641499977500644,0.2150156247656317,0.5158985999514698,5.373943749494477,0.5127015999896685,0.0,1.2137190000503324,12.642906250524296,0.07878169998002704,1.7502590999793028,96,9.80893824671647e-08,6.883849601457825e-08
105,177,210,20160,0.45,0.5625,0.0,0,0,0,0,0,0,0.8092448455961888,0.9705316593600911,1.0154798392314335,0.9705316593600911,1.0154798392314335,0,0.0,0,0.0,0.0,96,0,0,0,0.018425299967930187,0.19193020799927277,0.44902239997463766,4.677316666402476,0.4462927999848034,0.0,1.0395509000591119,10.828655208949082,0.06843949994072318,1.5069986000016797,96,5.327979366726021e-08,8.350290512434272e-08
105,178,211,20256,0.45,0.5625,0.0,0,0,0,0,0,0,1.2552259757964244,0.9658084346748852,1.0091629305375052,0.9658084346748852,1.0091629305375052,0,0.0,0,0.0,0.0,96,0,0,0,0.020397799969941843,0.21247708302022753,0.5084282999960124,5.296128124958462,0.5053147999933572,0.0,1.1889485999927274,12.384881249924243,0.07807370004593395,1.7177746999586816,96,9.967111260465733e-08,9.882670343533406e-08
105,179,212,20352,0.45,0.5625,0.0,0,0,0,0,0,0,1.3592421987947054,0.9647144056043097,1.0081315271910365,0.9647144056043097,1.0081315271910365,0,0.0,0,0.0,0.0,96,0,0,0,0.01809969997702865,0.18853854142738177,0.4343065999855753,4.524027083183076,0.4316147999779787,0.0,1.0215183999680448,10.6408166663338,0.06587980006588623,1.4739246999306488,96,9.24867070775659e-08,7.290913664470544e-08
105,180,213,20448,0.45,0.5625,0.0,0,0,0,0,0,0,1.3417173653625427,0.9647719044968697,1.0078090402569015,0.9647719044968697,1.0078090402569015,0,0.0,0,0.0,0.0,96,0,0,0,0.01844859996344894,0.19217291628592648,0.4470181000069715,4.656438541739287,0.44421439999132417,0.0,1.0616399000646197,11.058748959006456,0.06619359998148866,1.5271066000350402,96,9.510533830955903e-08,6.74048440674202e-08
105,181,214,20544,0.45,0.5625,0.0,0,0,0,0,0,0,1.4523757353422686,0.9623292785830752,1.0041265530362975,0.9623292785830752,1.0041265530362975,0,0.0,0,0.0,0.0,96,0,0,0,0.019434499990893528,0.20244270823847424,0.4884965999808628,5.088506249800655,0.4854889000635012,0.0,1.1540210000021034,12.021052083355244,0.07389059999695746,1.6619520999738597,96,9.950085529814023e-08,8.051263475361559e-08
105,182,215,20640,0.45,0.5625,0.0,0,0,0,0,0,0,1.3110439888849583,0.9634513365868466,1.0060204873010432,0.9634513365868466,1.0060204873010432,0,0.0,0,0.0,0.0,96,0,0,0,0.01898470001469832,0.19775729181977417,0.47063619999971706,4.902460416663719,0.46781120000377996,0.0,1.0979699000235996,11.437186458579163,0.07171460000245133,1.587590800038015,96,9.405880773902253e-08,7.762469125816018e-08
105,183,218,20928,0.45,0.5625,0.0,0,0,0,0,0,0,1.2136706379514282,0.9664776148225083,1.0124684798271775,0.9664776148225083,1.0124684798271775,0,0.0,0,0.0,0.0,96,0,0,0,0.020004899946798105,0.2083843744458136,0.4806324999954086,5.006588541618839,0.4776474999889615,0.0,1.1192117999889888,11.6584562498853,0.07210610003676265,1.6198491999311955,96,9.149675689844317e-08,9.415807317864067e-08
105,184,220,21120,0.45,0.5625,0.0,0,0,0,0,0,0,1.3465401912335615,0.9651631289014001,1.0089953056327177,0.9651631289014001,1.0089953056327177,0,0.0,0,0.0,0.0,96,0,0,0,0.018182300045737065,0.1893989588097611,0.46871300002385397,4.882427083581812,0.4658324000192806,0.0,1.0888088000065181,11.34175833340123,0.07075860000622924,1.5757041000761092,96,9.017037559330698e-08,9.918305298589614e-08
105,185,221,21216,0.45,0.5625,0.0,0,0,0,0,0,0,1.5272135514899403,0.963577158764641,1.0005186919687523,0.963577158764641,1.0005186919687523,0,0.0,0,0.0,0.0,96,0,0,0,0.018826699983037543,0.19611145815664108,0.4619571000293945,4.812053125306193,0.45906909996119794,0.0,1.1151235999568598,11.615870832883957,0.07462999998824671,1.5959073999692919,96,9.920512591965469e-08,7.71868631510575e-08
105,186,222,21312,0.45,0.5625,0.0,0,0,0,0,0,0,1.5893704676468292,0.962701869322049,1.0,0.962701869322049,1.0,0,0.0,0,0.0,0.0,96,0,0,0,0.018312199987121858,0.19075208319918602,0.4382886000457802,4.565506250476877,0.4355739000166068,0.0,1.0485234999287059,10.92211979092402,0.06730150005751057,1.505124299961608,96,9.924760212449979e-08,5.775105560434923e-08
105,187,223,21408,0.45,0.5625,0.0,0,0,0,0,0,0,0.9091698610315982,0.9703642506434327,1.0025457910282372,0.9703642506434327,1.0025457910282372,0,0.0,0,0.0,0.0,96,0,0,0,0.018128799987607636,0.18884166653757953,0.43400469998596236,4.520882291520441,0.4313752000234672,0.0,1.009317199983343,10.513720833159823,0.06568049998168135,1.461450699956913,96,4.994589835032731e-08,3.558072052267658e-08
105,188,224,21504,0.45,0.5625,0.0,0,0,0,0,0,0,0.7238887507214067,0.9708098320738026,1.0078003955707806,0.9708098320738026,1.0078003955707806,0,0.0,0,0.0,0.0,96,0,0,0,0.018405300012091175,0.19172187512594974,0.4538986000334262,4.7281104170148565,0.4511104000193882,0.0,1.066042800048308,11.104612500503208,0.06859099997382145,1.5383467000938253,96,4.2199259191189054e-08,3.1141606862683524e-08
105,189,225,21600,0.45,0.5625,0.0,0,0,0,0,0,0,1.182637915984345,0.966973933210711,1.011462923606412,0.966973933210711,1.011462923606412,0,0.0,0,0.0,0.0,96,0,0,0,0.018914600004791282,0.1970270833832425,0.4587231999830692,4.778366666490304,0.4559118999168277,0.0,1.0997104000125546,11.455316666797444,0.07117229993309593,1.577348200000415,96,9.615073142191233e-08,9.415958289113457e-08
105,190,226,21696,0.45,0.5625,0.0,0,0,0,0,0,0,1.2476735446405653,0.9663942025325357,1.0095003623866066,0.9663942025325357,1.0095003623866066,0,0.0,0,0.0,0.0,96,0,0,0,0.018140699925424997,0.18896562422317706,0.4268172000229242,4.446012500238794,0.42411170001287246,0.0,0.9762600000249222,10.169375000259606,0.06129889998555882,1.4212178999732714,96,9.530812253993881e-08,8.693898082348661e-08
105,191,227,21792,0.45,0.5625,0.0,0,0,0,0,0,0,1.3535175616139303,0.9646298005540576,1.0079105773192967,0.9646298005540576,1.0079105773192967,0,0.0,0,0.0,0.0,96,0,0,0,0.019306999987747986,0.2011145832057082,0.45698899996932596,4.760302083013812,0.45422609998786356,0.0,1.0545186000308604,10.984568750321463,0.06836169997404795,1.5308145999879343,96,9.842590901164294e-08,7.203082810769423e-08
105,192,228,21888,0.45,0.5625,0.0,0,0,0,0,0,0,1.391837229996613,0.9646562198395677,1.0069218889926217,0.9646562198395677,1.0069218889926217,0,0.0,0,0.0,0.0,96,0,0,0,0.020408499985933304,0.2125885415201386,0.5311620000138646,5.532937500144423,0.5279435000848025,0.0,1.2570232000289252,13.093991666967971,0.08449469997140113,1.808593700028723,96,9.68335038629281e-08,7.593140387285313e-08
105,193,229,21984,0.45,0.5625,0.0,0,0,0,0,0,0,1.3627326656702143,0.9635400897056599,1.0054460091280812,0.9635400897056599,1.0054460091280812,0,0.0,0,0.0,0.0,96,0,0,0,0.018771799994283356,0.19553958327378496,0.4455316999956267,4.640955208287778,0.44275040007778443,0.0,1.0449767999743926,10.885174999733257,0.06806609997875057,1.5092802999643027,96,9.847391843793851e-08,7.739712967747003e-08
105,194,230,22080,0.45,0.5625,0.0,0,0,0,0,0,0,0.881824304934704,0.9707063734929828,1.0079023798361304,0.9707063734929828,1.0079023798361304,0,0.0,0,0.0,0.0,96,0,0,0,0.017827999996370636,0.18570833329552747,0.43037830002140254,4.48310729188961,0.4276584999242914,0.0,0.9851333000042359,10.261805208377458,0.06384870002511889,1.433339600022009,96,5.025013002490225e-08,3.912303426535646e-08
105,195,231,22176,0.45,0.5625,0.0,0,0,0,0,0,0,0.7603527182234399,0.9705347077820974,1.0089713850414401,0.9705347077820974,1.0089713850414401,0,0.0,0,0.0,0.0,96,0,0,0,0.018937099986942485,0.19726145819731755,0.4833891000598669,5.035303125623614,0.4804062999828602,0.0,1.1051108999745338,11.511571874734727,0.07284530000470113,1.6074371000213432,96,5.3021001842484816e-08,7.03240524667359e-08
105,196,232,22272,0.45,0.5625,0.0,0,0,0,0,0,0,1.262790564066141,0.9654190210293492,1.0075505921837606,0.9654190210293492,1.0075505921837606,0,0.0,0,0.0,0.0,96,0,0,0,0.01778699995338684,0.18528124951444624,0.426503899951058,4.442748957823521,0.42377879999548895,0.0,0.9981554999467335,10.397453124445141,0.06361450000986224,1.4424463998511783,96,9.90074347506642e-08,6.849863856683847e-08
105,197,235,22560,0.45,0.5625,0.0,0,0,0,0,0,0,1.382256418093629,0.9642060072726185,1.0069342672603838,0.9642060072726185,1.0069342672603838,0,0.0,0,0.0,0.0,96,0,0,0,0.017830600030720234,0.1857354169866691,0.42876119998982176,4.466262499893976,0.4260851999933948,0.0,1.0063695000571897,10.483015625595726,0.06384020004043123,1.4529613000777317,96,9.886448466313313e-08,7.473877419728048e-08
105,198,236,22656,0.45,0.5625,0.0,0,0,0,0,0,0,1.3110400492100864,0.9652732986876561,1.009733873959827,0.9652732986876561,1.009733873959827,0,0.0,0,0.0,0.0,96,0,0,0,0.01768920005997643,0.18426250062475447,0.4376446999667678,4.558798957987165,0.43499800001154654,0.0,1.0042106000328204,10.460527083675212,0.0635459000186529,1.4595445000595646,96,9.704832797628737e-08,9.980417813373887e-08
105,199,237,22752,0.45,0.5625,0.0,0,0,0,0,0,0,0.9066838115373799,0.9703422982585024,1.0093769866827238,0.9703422982585024,1.0093769866827238,0,0.0,0,0.0,0.0,96,0,0,0,0.019054400007007644,0.19848333340632962,0.45751590003055753,4.765790625318307,0.4546637000021292,0.0,1.0729707999998936,11.17677916666556,0.06922170000325423,1.5495411000374588,96,6.309795105678695e-08,9.217262278080063e-08
105,200,238,22848,0.45,0.5625,0.0,0,0,0,0,0,0,0.7838555443963997,0.9703862214161721,1.0089854839347647,0.9703862214161721,1.0089854839347647,0,0.0,0,0.0,0.0,96,0,0,0,0.017318699981842656,0.180403124810861,0.41410440001345705,4.313587500140177,0.411414899986994,0.0,0.9607745999528561,10.008068749508917,0.061472200068237726,1.3921976999481558,96,5.93740310302765e-08,6.74747244969881e-08
105,201,239,22944,0.45,0.5625,0.0,0,0,0,0,0,0,1.3117334290206777,0.9656825609976478,1.0097852945374044,0.9656825609976478,1.0097852945374044,0,0.0,0,0.0,0.0,96,0,0,0,0.019331699979375117,0.20137187478515747,0.4533738000172889,4.722643750180093,0.4505303999976604,0.0,1.0793028999687522,11.242738541341168,0.0695428000180982,1.5520083999654162,96,9.55994843617608e-08,9.421569203624247e-08
105,202,240,23040,0.45,0.5625,0.0,0,0,0,0,0,0,1.402827187335729,0.9651225547004821,1.0111562433271626,0.9651225547004821,1.0111562433271626,0,0.0,0,0.0,0.0,96,0,0,0,0.019336200020916294,0.20141875021787806,0.47041370006627403,4.9001427090236875,0.4675079999942682,0.0,1.0759533000455122,11.207846875474084,0.06817249996674946,1.5657032001327025,96,9.079267259022583e-08,9.386281961745735e-08
105,203,241,23136,0.45,0.5625,0.0,0,0,0,0,0,0,1.4542209836032398,0.9642015003516918,1.0077797598080525,0.9642015003516918,1.0077797598080525,0,0.0,0,0.0,0.0,96,0,0,0,0.01890439995622728,0.1969208328773675,0.4501536999887321,4.689101041549293,0.44738189999043243,0.0,1.037397699910798,10.80622604073748,0.06486020001466386,1.5064557998557575,96,9.051879669430551e-08,7.13539335256419e-08
105,204,243,23328,0.45,0.5625,0.0,0,0,0,0,0,0,1.4053225299527767,0.9635748908766861,1.0014633789098932,0.9635748908766861,1.0014633789098932,0,0.0,0,0.0,0.0,96,0,0,0,0.020067199991899543,0.20903333324895357,0.5271984999781125,5.491651041438672,0.5240907999905176,0.0,1.246250899930601,12.981780207610427,0.08050110006297473,1.793516599900613,96,9.678937993966297e-08,7.65032544258748e-08
105,205,246,23616,0.45,0.5625,0.0,0,0,0,0,0,0,1.3225245391876337,0.9654897227475269,1.0098773170460869,0.9654897227475269,1.0098773170460869,0,0.0,0,0.0,0.0,96,0,0,0,0.019004100016900338,0.1979593751760452,0.4684202000134974,4.879377083473931,0.4655765000206884,0.0,1.0818465999909677,11.26923541657258,0.07004430001688888,1.5692709000213654,96,9.483321153531954e-08,9.538764215999418e-08
105,206,247,23712,0.45,0.5625,0.0,0,0,0,0,0,0,1.445793114152045,0.9646487315171111,1.0075315005495635,0.9646487315171111,1.0075315005495635,0,0.0,0,0.0,0.0,96,0,0,0,0.02011549997405382,0.20953645806306062,0.49529869997058995,5.159361458026979,0.492226499998651,0.0,1.1485496000241255,11.96405833358464,0.07437040001241257,1.6639637999687693,96,9.62181783640409e-08,7.38936832556103e-08
105,207,248,23808,0.45,0.5625,0.0,0,0,0,0,0,0,1.612164349332717,0.9614271492607951,1.0030620268558796,0.9614271492607951,1.0030620268558796,0,0.0,0,0.0,0.0,96,0,0,0,0.01731680002558278,0.18038333359982062,0.41410159994120477,4.313558332720883,0.4115054000139935,0.0,0.9423510000051465,9.81615625005361,0.059744500009401236,1.373769399971934,96,9.946019818504737e-08,8.99326029618619e-08
105,208,249,23904,0.45,0.5625,0.0,0,0,0,0,0,0,1.4885448268760884,0.9630261596836145,1.002971706405968,0.9630261596836145,1.002971706405968,0,0.0,0,0.0,0.0,96,0,0,0,0.01839529996505007,0.19161770796927158,0.44047500003216555,4.588281250335058,0.4377128999767592,0.0,1.0145004999867524,10.56771354152867,0.06465260001277784,1.473370799983968,96,9.948090074797522e-08,8.142513663322859e-08
105,209,250,24000,0.45,0.5625,0.0,0,0,0,0,0,0,1.5922599332099197,0.9618299813091804,1.0012722013615578,0.9618299813091804,1.0012722013615578,0,0.0,0,0.0,0.0,96,0,0,0,0.019876099984685425,0.20704270817380652,0.49241010001424,5.1292718751483335,0.4893603999662446,0.0,1.131465699931141,11.786101040949385,0.07610500005102949,1.6437518999300664,96,9.647019992738148e-08,7.96213990572614e-08
105,210,252,24192,0.45,0.5625,0.0,0,0,0,0,0,0,0.8235060021119572,0.9697101019038793,1.0069047165688285,0.9697101019038793,1.0069047165688285,0,0.0,0,0.0,0.0,96,0,0,0,0.019351200033270288,0.2015750003465655,0.47717560000455705,4.970579166714136,0.47411610002745874,0.0,1.1103246999991825,11.56588229165815,0.07021669997629942,1.6068515000370098,96,9.655786576551195e-08,5.66803617929601e-08
105,211,253,24288,0.45,0.5625,0.0,0,0,0,0,0,0,1.5459945481872746,0.9625412248061112,1.0031758171801224,0.9625412248061112,1.0031758171801224,0,0.0,0,0.0,0.0,96,0,0,0,0.018395199986116495,0.1916166665220468,0.43520419997366844,4.5333770830590465,0.4324505999684334,0.0,1.0206109000573633,10.631363542264202,0.06476209996617399,1.4742103000171483,96,9.853910050774961e-08,8.937599861591483e-08
105,212,254,24384,0.45,0.5625,0.0,0,0,0,0,0,0,1.6057992660777718,0.9618628097856599,1.0030969675593817,0.9618628097856599,1.0030969675593817,0,0.0,0,0.0,0.0,96,0,0,0,0.018098700005793944,0.18852812506035357,0.4603487999920617,4.795299999917309,0.4575550000081421,0.0,1.093101199978264,11.386470833106918,0.07169580000481801,1.5715486999761197,96,9.834982510684154e-08,9.158731863190273e-08
105,213,256,24576,0.45,0.5625,0.0,0,0,0,0,0,0,1.8263987618540254,0.9617532397994337,1.0,0.9617532397994337,1.0,0,0.0,0,0.0,0.0,96,0,0,0,0.01988440007698955,0.20712916746864116,0.4792218000147841,4.991893750154001,0.476209899999958,0.0,1.1225492000157828,11.693220833497739,0.07198239998979261,1.6216554001075565,96,9.991974939289883e-08,7.50865972176662e-08
105,214,257,24672,0.45,0.5625,0.0,0,0,0,0,0,0,1.4755172404538122,0.9634151770402452,1.0052529593403488,0.9634151770402452,1.0052529593403488,0,0.0,0,0.0,0.0,96,0,0,0,0.018634099964401685,0.19410520796251754,0.47070589999930235,4.903186458326066,0.46780359998956556,0.0,1.0995159999947646,11.453291666612131,0.07127360004960792,1.5888559999584686,96,9.041785497404531e-08,7.737258146678361e-08
105,215,258,24768,0.45,0.5625,0.0,0,0,0,0,0,0,0.9901416644439275,0.9690661904985001,1.0047659408191452,0.9690661904985001,1.0047659408191452,0,0.0,0,0.0,0.0,96,0,0,0,0.01826019996224204,0.19021041627335458,0.4543489000207046,4.73280104188234,0.4515745000244351,0.0,1.0347232000058284,10.77836666672738,0.06624120004562428,1.507332299988775,96,9.802550639259611e-08,5.7193204339167636e-08
105,216,259,24864,0.45,0.5625,0.0,0,0,0,0,0,0,0.8437619454686096,0.9693858972241002,1.0084990843276922,0.9693858972241002,1.0084990843276922,0,0.0,0,0.0,0.0,96,0,0,0,0.019332099967869,0.20137604133196874,0.4790229000354884,4.989821875369671,0.47607110000535613,0.0,1.1096482999419095,11.558836457728225,0.07188530002895277,1.608003299945267,96,9.450366511044861e-08,5.5925165054482306e-08
105,217,260,24960,0.45,0.5625,0.0,0,0,0,0,0,0,1.5142210060699781,0.962975832860169,1.004374310432641,0.962975832860169,1.004374310432641,0,0.0,0,0.0,0.0,96,0,0,0,0.018831200002750847,0.19615833336198799,0.47486640005081426,4.9465250005293155,0.4719662000061362,0.0,1.1188483000223641,11.654669791899627,0.07368650000717025,1.6125459000759292,96,9.765783076307044e-08,8.234117561400911e-08
105,218,261,25056,0.45,0.5625,0.0,0,0,0,0,0,0,1.602326908884211,0.9628751738446791,1.0031719675725002,0.9628751738446791,1.0031719675725002,0,0.0,0,0.0,0.0,96,0,0,0,0.01989600004890235,0.20725000050939948,0.5169211999891559,5.384595833220374,0.5137460999758332,0.0,1.1952659000235144,12.450686458578275,0.07631209998362465,1.7320831000615726,96,9.761835707833288e-08,8.192324887912328e-08
105,219,262,25152,0.45,0.5625,0.0,0,0,0,0,0,0,1.6504046894778652,0.9624281474006839,1.0030185265912248,0.9624281474006839,1.0030185265912248,0,0.0,0,0.0,0.0,96,0,0,0,0.01879450005799299,0.19577604227076031,0.47552720002568094,4.953408333600843,0.47269919999234844,0.0,1.1129089000096428,11.592801041767112,0.07267579998006113,1.6072306000933168,96,9.943517407899616e-08,8.154420222394876e-08
105,220,263,25248,0.45,0.5625,0.0,0,0,0,0,0,0,1.5367729373483263,0.9630858037741151,1.0069074731522003,0.9630858037741151,1.0069074731522003,0,0.0,0,0.0,0.0,96,0,0,0,0.018918000045232475,0.1970625004711716,0.47232449999137316,4.920046874910137,0.4694644999835873,0.0,1.0966837999949348,11.423789583280572,0.06994190003024414,1.5879263000315404,96,9.573616393566964e-08,7.835066817563074e-08
105,221,264,25344,0.45,0.5625,0.0,0,0,0,0,0,0,1.492545425231571,0.96354832394826,1.0060021180816467,0.96354832394826,1.0060021180816467,0,0.0,0,0.0,0.0,96,0,0,0,0.018434599973261356,0.19202708305480579,0.46236640001734486,4.816316666847342,0.4594908000071882,0.0,1.0572182999603683,11.01269062458717,0.06887750000896631,1.5380192999509745,96,9.596127310308733e-08,7.659247458491336e-08
105,222,265,25440,0.45,0.5625,0.0,0,0,0,0,0,0,1.0196898209613783,0.9684446153974392,1.0076856309022584,0.9684446153974392,1.0076856309022584,0,0.0,0,0.0,0.0,96,0,0,0,0.01816000004328089,0.18916666711750926,0.4304857000170159,4.4842260418439155,0.42783210000925465,0.0,1.0002098999757436,10.41885312474733,0.06387499995616963,1.4488556000360404,96,8.876648257584441e-08,5.3814715461619755e-08
105,223,266,25536,0.45,0.5625,0.0,0,0,0,0,0,0,0.9052225413544417,0.9688064822121242,1.0054922397926958,0.9688064822121242,1.0054922397926958,0,0.0,0,0.0,0.0,96,0,0,0,0.018781699967803434,0.19564270799795244,0.43406440000399016,4.5215041667082305,0.43137710003065877,0.0,1.0286011000644066,10.71459479233757,0.06870829996478278,1.4814472000362002,96,9.40050394210995e-08,5.560671909043968e-08
105,224,267,25632,0.45,0.5625,0.0,0,0,0,0,0,0,1.6081578377411465,0.9625634894628194,1.0035588217382823,0.9625634894628194,1.0035588217382823,0,0.0,0,0.0,0.0,96,0,0,0,0.018562099961854983,0.1933552079359894,0.4495959000196308,4.683290625204488,0.4468588999588974,0.0,1.0826830001024064,11.2779479177334,0.07032999994407874,1.5508410000838921,96,9.815628504439289e-08,8.643067220259759e-08
105,225,269,25824,0.45,0.5625,0.0,0,0,0,0,0,0,1.654462734715194,0.9617572777067042,1.0056566577827533,0.9617572777067042,1.0056566577827533,0,0.0,0,0.0,0.0,96,0,0,0,0.018208699984825216,0.18967395817526267,0.467626100005873,4.8711052083945106,0.4648011000244878,0.0,1.0950251999747707,11.406512499737195,0.0711771000205772,1.5808599999654689,96,9.58354409198725e-08,8.424328665213032e-08
105,226,270,25920,0.45,0.5625,0.0,0,0,0,0,0,0,1.7130783978549553,0.9615991518023131,1.002769465507358,0.9615991518023131,1.002769465507358,0,0.0,0,0.0,0.0,96,0,0,0,0.019718400028068572,0.20540000029238095,0.4972436999742058,5.1796218747313105,0.49421390001953114,0.0,1.1643064000527374,12.128191667216015,0.07870559998991666,1.6812685000550118,96,9.90243354936221e-08,8.711009732986774e-08
105,227,272,26112,0.45,0.5625,0.0,0,0,0,0,0,0,1.0859335915999422,0.9679150033407758,1.0049355798305457,0.9679150033407758,1.0049355798305457,0,0.0,0,0.0,0.0,96,0,0,0,0.018783100058499258,0.19565729227603393,0.45938010000099894,4.785209375010406,0.4565976999947452,0.0,1.0680615000237594,11.125640625247494,0.06954220000625355,1.5462247000832576,96,9.661642520752967e-08,5.7828985489116747e-08
105,228,273,26208,0.45,0.5625,0.0,0,0,0,0,0,0,0.8685345245103273,0.969393152387281,1.0055840213783924,0.969393152387281,1.0055840213783924,0,0.0,0,0.0,0.0,96,0,0,0,0.018867099977796897,0.19653229143538434,0.4451445000231615,4.636921875241266,0.4424131000050693,0.0,1.0242770000186283,10.669552083527378,0.06633599998895079,1.4882886000195867,96,9.685610250463605e-08,5.675344347255695e-08
105,229,274,26304,0.45,0.5625,0.0,0,0,0,0,0,0,1.4562592895616406,0.9645392260451917,1.0005331308556358,0.9645392260451917,1.0005331308556358,0,0.0,0,0.0,0.0,96,0,0,0,0.0187031999885221,0.19482499988043855,0.45906210005341563,4.781896875556413,0.4560829000620288,0.0,1.0831727998884162,11.283049998837669,0.07028950002859347,1.560938099930354,96,9.927674762127969e-08,7.57389176375689e-08
105,230,275,26400,0.45,0.5625,0.0,0,0,0,0,0,0,1.044612489565516,0.9675944419768886,1.0046092597636418,0.9675944419768886,1.0046092597636418,0,0.0,0,0.0,0.0,96,0,0,0,0.018772699993860442,0.1955489582693796,0.46083649997308385,4.800380208052957,0.4580063000175869,0.0,1.0602625999890734,11.044402083219515,0.06833009998808848,1.5398717999560176,96,9.583094553143601e-08,6.130686458494239e-08
105,231,276,26496,0.45,0.5625,0.0,0,0,0,0,0,0,1.7316791431073104,0.9615531436358435,1.0018924399016274,0.9615531436358435,1.0018924399016274,0,0.0,0,0.0,0.0,96,0,0,0,0.017881800020404626,0.18626875021254818,0.41204649996507214,4.2921510413028345,0.40936869996221503,0.0,0.9690603999770246,10.09437916642734,0.06256310000753729,1.3989886999625014,96,9.655037511678566e-08,8.809508747487094e-08
105,232,278,26688,0.45,0.5625,0.0,0,0,0,0,0,0,1.8232663038229577,0.961111165259731,1.0008819288228037,0.961111165259731,1.0008819288228037,0,0.0,0,0.0,0.0,96,0,0,0,0.018189499984146096,0.1894739581681885,0.460204400071234,4.793795834075354,0.45734550005727215,0.0,1.0711170000067796,11.15746875007062,0.07096679999085609,1.5495109000621596,96,9.017714639250607e-08,8.321617325779407e-08
105,233,280,26880,0.45,0.5625,0.0,0,0,0,0,0,0,1.0116335227762978,0.9677155897775812,1.0023602544280776,0.9677155897775812,1.0023602544280776,0,0.0,0,0.0,0.0,96,0,0,0,0.020118100015679374,0.20956354182999348,0.49398020000808174,5.145627083417518,0.4909907000255771,0.0,1.1444273000233807,11.921117708576881,0.07548780000797706,1.6585256000471418,96,9.961317846973738e-08,5.803176078567063e-08
105,234,281,26976,0.45,0.5625,0.0,0,0,0,0,0,0,1.8112845902153236,0.960643136023688,1.0017906870805782,0.960643136023688,1.0017906870805782,0,0.0,0,0.0,0.0,96,0,0,0,0.017969700020330492,0.18718437521177597,0.44147510002949275,4.59869895864055,0.4387754999916069,0.0,1.0493324999479228,10.930546874457528,0.06818470003054244,1.508777299997746,96,9.355544656683423e-08,9.92058925286532e-08
105,235,283,27168,0.45,0.5625,0.0,0,0,0,0,0,0,1.9538554375017352,0.9596634924459019,1.0007235297392687,0.9596634924459019,1.0007235297392687,0,0.0,0,0.0,0.0,96,0,0,0,0.019826500065391883,0.20652604234783212,0.5040326000162167,5.2503395835022575,0.5009707999342936,0.0,1.1336830999716767,11.8091989580383,0.07212270004674792,1.6575422000532853,96,9.114608783000744e-08,9.387191537979511e-08
105,236,286,27456,0.45,0.5625,0.0,0,0,0,0,0,0,1.1266866436965532,0.9668402006001708,1.0074855116988295,0.9668402006001708,1.0074855116988295,0,0.0,0,0.0,0.0,96,0,0,0,0.018841800068912562,0.1962687507178392,0.45618009992176667,4.751876040851736,0.453329899959499,0.0,1.0748656999930972,11.19651770826143,0.06964500000322005,1.5498875999837765,96,9.81111618293326e-08,6.542627592476258e-08
105,237,288,27648,0.45,0.5625,0.0,0,0,0,0,0,0,1.6483364116868389,0.9609279075622953,1.0070496481804567,0.9609279075622953,1.0070496481804567,0,0.0,0,0.0,0.0,96,0,0,0,0.01891790000081528,0.19706145834182584,0.48646390000067186,5.067332291673665,0.48360040002444293,0.0,1.1403546000437927,11.878693750456174,0.07529189995693741,1.6457364000452799,96,9.993729808109586e-08,9.741837905807849e-08
105,238,290,27840,0.45,0.5625,0.0,0,0,0,0,0,0,1.804302506889389,0.959315192705008,1.0052777841861555,0.959315192705008,1.0052777841861555,0,0.0,0,0.0,0.0,96,0,0,0,0.017839699998148717,0.18583020831404914,0.44622379999782424,4.6481645833106695,0.4434397000222816,0.0,1.036583100030839,10.79774062532124,0.06542669999180362,1.500646600026812,96,9.716235911325088e-08,9.778339429833416e-08
105,239,292,28032,0.45,0.5625,0.0,0,0,0,0,0,0,1.911444922303571,0.9600405001034724,1.0012875829451215,0.9600405001034724,1.0012875829451215,0,0.0,0,0.0,0.0,96,0,0,0,0.018788399967888836,0.19571249966550872,0.47843809999903897,4.983730208323323,0.47556669997720746,0.0,1.1041438000029302,11.50149791669719,0.07148579999193316,1.601370299969858,96,9.774122359564041e-08,9.973384160200105e-08
105,240,294,28224,0.45,0.5625,0.0,0,0,0,0,0,0,1.0871273440013034,0.9673102756273435,1.0006633158844724,0.9673102756273435,1.0006633158844724,0,0.0,0,0.0,0.0,96,0,0,0,0.017339200028800406,0.1806166669666709,0.406620199981262,4.235627083138145,0.4040217000147095,0.0,0.9628129999546218,10.029302082860644,0.0615139000074123,1.3867723999646842,96,9.796705066969502e-08,5.726132498717895e-08
105,241,295,28320,0.45,0.5625,0.0,0,0,0,0,0,0,2.104748471162387,0.9595594126294005,1.0,0.9595594126294005,1.0,0,0.0,0,0.0,0.0,96,0,0,0,0.01790739996067714,0.18653541625705353,0.4338997000158997,4.5197885418322885,0.4311813999520382,0.0,1.0053315999466577,10.472204166111018,0.06363760004023788,1.4571386999232345,96,7.946678167933263e-08,9.771463208019249e-08
105,242,297,28512,0.45,0.5625,0.0,0,0,0,0,0,0,2.0962707161849314,0.9589005374592011,1.0,0.9589005374592011,1.0,0,0.0,0,0.0,0.0,96,0,0,0,0.0182009000054677,0.18959270839028855,0.4353977000064333,4.535392708400347,0.432665399981488,0.0,1.0148607999144588,10.571466665775612,0.06418670005950844,1.4684593999263598,96,8.859318547001227e-08,9.506281983817644e-08
105,243,298,28608,0.45,0.5625,0.0,0,0,0,0,0,0,2.013509398700918,0.9592371392034347,1.0005705477537805,0.9592371392034347,1.0005705477537805,0,0.0,0,0.0,0.0,96,0,0,0,0.019152600012603216,0.1995062501312835,0.465574000030756,4.849729166987042,0.46272270000190474,0.0,1.070367600004829,11.149662500050303,0.06823459999577608,1.5550942000481882,96,9.835831943187656e-08,9.968144046301752e-08
105,244,300,28800,0.45,0.5625,0.0,0,0,0,0,0,0,1.441369940456492,0.9659925707047241,1.0,0.9659925707047241,1.0,0,0.0,0,0.0,0.0,96,0,0,0,0.018081999929563608,0.18835416593295426,0.44812860002275556,4.668006250237037,0.4453034999896772,0.0,1.0699729999978445,11.14555208331088,0.06950890000734944,1.5361835999501636,96,9.798278246923864e-08,6.494169507709202e-08
105,245,302,28992,0.45,0.5625,0.0,0,0,0,0,0,0,1.4709019300669783,0.9636177788491896,1.0032219102335838,0.9636177788491896,1.0032219102335838,0,0.0,0,0.0,0.0,96,0,0,0,0.018401199980871752,0.1916791664674141,0.457220599950233,4.762714582814927,0.45441960001335246,0.0,1.058662299925345,11.027732290889011,0.07111320002150023,1.5342840998564498,96,9.201828062542494e-08,6.570323632382191e-08
105,246,303,29088,0.45,0.5625,0.0,0,0,0,0,0,0,1.1611005950089275,0.9672511441147256,1.00226850742581,0.9672511441147256,1.00226850742581,0,0.0,0,0.0,0.0,96,0,0,0,0.01990229994407855,0.20731562441748488,0.4800343999741017,5.000358333063559,0.4769654000265291,0.0,1.116432800066832,11.6295083340295,0.07404319994384423,1.6163694999850122,96,9.798041028692694e-08,5.7368650940858856e-08
105,247,304,29184,0.45,0.5625,0.0,0,0,0,0,0,0,1.6190992354512617,0.961181599602285,1.0,0.961181599602285,1.0,0,0.0,0,0.0,0.0,96,0,0,0,0.018160600018745754,0.18917291686193494,0.441393799999787,4.597852083331115,0.4387209000560688,0.0,1.0120190999950864,10.541865624948818,0.06683670001802966,1.4715735000136192,96,9.475192712035674e-08,9.567330608306612e-08
105,248,305,29280,0.45,0.5625,0.0,0,0,0,0,0,0,1.9585077968110267,0.9599583400120376,1.0011135920261416,0.9599583400120376,1.0011135920261416,0,0.0,0,0.0,0.0,96,0,0,0,0.018292300053872168,0.19054479222783507,0.4499294999841368,4.6867656248347584,0.44711269997787895,0.0,1.0706358000606997,11.152456250632289,0.07007789994531777,1.5388576000987086,96,8.97458607342777e-08,9.788740581995192e-08
105,249,306,29376,0.45,0.5625,0.0,0,0,0,0,0,0,1.9114545713058388,0.9603321590074901,1.0005311720770191,0.9603321590074901,1.0005311720770191,0,0.0,0,0.0,0.0,96,0,0,0,0.01782950002962025,0.1857239586418776,0.44683650002843933,4.654546875296243,0.4440600000016275,0.0,1.0239769000108936,10.666426041780142,0.06546300000627525,1.4886429000689532,96,9.608280443842987e-08,9.969893063899171e-08
105,250,307,29472,0.45,0.5625,0.0,0,0,0,0,0,0,1.372032791511522,0.9646083398432309,1.0019779163815588,0.9646083398432309,1.0019779163815588,0,0.0,0,0.0,0.0,96,0,0,0,0.019888600043486804,0.20717291711965422,0.49707499999931315,5.177864583326179,0.4940770999819506,0.0,1.1607939999812515,12.09160416647137,0.0757287000233191,1.6777576000240515,96,9.919671560727761e-08,6.431204055412643e-08
105,251,309,29664,0.45,0.5625,0.0,0,0,0,0,0,0,2.0960632623675046,0.9578741682211607,1.0,0.9578741682211607,1.0,0,0.0,0,0.0,0.0,96,0,0,0,0.01903780004067812,0.1983104170903971,0.4728836999711348,4.925871874699321,0.4699725000100443,0.0,1.0879015000464278,11.33230729215029,0.07059759999538073,1.5798230000582407,96,9.734791308127488e-08,9.227855077287295e-08
105,252,310,29760,0.45,0.5625,0.0,0,0,0,0,0,0,2.3153534444663455,0.9570234147381367,1.0,0.9570234147381367,1.0,0,0.0,0,0.0,0.0,96,0,0,0,0.019482100004097447,0.2029385417093484,0.5051306000095792,5.261777083433117,0.5021288999487297,0.0,1.1413689000037266,11.889259375038819,0.07344600005308166,1.6659816000174033,96,9.593018987681667e-08,9.908502088262772e-08
105,253,312,29952,0.45,0.5625,0.0,0,0,0,0,0,0,2.390281535148012,0.9574154841658714,1.0,0.9574154841658714,1.0,0,0.0,0,0.0,0.0,96,0,0,0,0.017676799980108626,0.18413333312613153,0.4221856000222033,4.397766666897951,0.419536599998537,0.0,0.9999136000405997,10.41576666708958,0.06414809998386772,1.4397760000429116,96,9.130365615471481e-08,9.622415128585082e-08
105,254,313,30048,0.45,0.5625,0.0,0,0,0,0,0,0,2.446014146356395,0.9571400154959863,1.0,0.9571400154959863,1.0,0,0.0,0,0.0,0.0,96,0,0,0,0.018322900017665233,0.19086354185067952,0.4410257000490674,4.594017708844452,0.4382508000053349,0.0,1.0421839000482578,10.856082292169352,0.06657839993567904,1.5015325001149904,96,9.494597384349102e-08,9.981234949663076e-08
105,255,314,30144,0.45,0.5625,0.0,0,0,0,0,0,0,1.6643673525969698,0.9641670909533999,1.0,0.9641670909533999,1.0,0,0.0,0,0.0,0.0,96,0,0,0,0.01948479999555275,0.20296666662034113,0.4804266000064672,5.004443750067367,0.4774768000206677,0.0,1.1289304999954766,11.759692708286215,0.0741229000268504,1.6288418999974965,96,9.489025682395125e-08,5.597700102055736e-08
105,256,315,30240,0.45,0.5625,0.0,0,0,0,0,0,0,1.3901985380770725,0.9660272392898328,1.0,0.9660272392898328,1.0,0,0.0,0,0.0,0.0,96,0,0,0,0.01891100002103485,0.19698958355244636,0.4541744000525796,4.730983333881038,0.45132780000858475,0.0,1.0730875000081141,11.177994791751189,0.07056860000739107,1.5461729000817286,96,9.535623200773724e-08,6.517641676362373e-08
105,257,316,30336,0.45,0.5625,0.0,0,0,0,0,0,0,2.2334764254995885,0.957299219588571,1.0,0.957299219588571,1.0,0,0.0,0,0.0,0.0,96,0,0,0,0.01858660000289092,0.1936104166967804,0.456768199976068,4.758002083084041,0.4539145000380813,0.0,1.0768767999397824,11.2174666660394,0.06685740003013052,1.5522315999187413,96,9.613654469720068e-08,9.921083551911458e-08
105,258,317,30432,0.45,0.5625,0.0,0,0,0,0,0,0,2.32371407019632,0.9565409793610574,1.0,0.9565409793610574,1.0,0,0.0,0,0.0,0.0,96,0,0,0,0.01827120000962168,0.19032500010022582,0.43828519999806304,4.565470833313157,0.4355910000522272,0.0,1.0401098001239006,10.834477084623964,0.06711639996501617,1.4966662001315854,96,9.95273150786874e-08,9.564226410851973e-08
105,259,320,30720,0.45,0.5625,0.0,0,0,0,0,0,0,2.3015263502812884,0.9577478204264486,1.0,0.9577478204264486,1.0,0,0.0,0,0.0,0.0,96,0,0,0,0.019232499980716966,0.20033854146580174,0.4845541000177036,5.047438541851079,0.48162739999679616,0.0,1.1281966000169632,11.752047916843367,0.07244730002275901,1.6319832000153838,96,9.976921322950305e-08,9.75810164616231e-08
105,260,321,30816,0.45,0.5625,0.0,0,0,0,0,0,0,1.734750898014114,0.9633999957133669,1.0,0.9633999957133669,1.0,0,0.0,0,0.0,0.0,96,0,0,0,0.019588499984820373,0.2040468748418789,0.48793580003257375,5.082664583672643,0.48493920006148983,0.0,1.1309993000613758,11.781242708972664,0.07389259998308262,1.63852360007877,96,9.57231316434104e-08,5.631436136854795e-08
105,261,322,30912,0.45,0.5625,0.0,0,0,0,0,0,0,1.358720683346393,0.9657018464121333,1.0,0.9657018464121333,1.0,0,0.0,0,0.0,0.0,96,0,0,0,0.021053999953437597,0.21931249951497497,0.5230556000606157,5.4484958339647465,0.5199296000355389,0.0,1.1832833999578725,12.325868749561172,0.07696680002845824,1.7273929999719257,96,9.947669925639002e-08,6.461568557991626e-08
105,262,323,31008,0.45,0.5625,0.0,0,0,0,0,0,0,2.5106438167983587,0.9562050470788819,1.0,0.9562050470788819,1.0,0,0.0,0,0.0,0.0,96,0,0,0,0.019194100001186598,0.19993854167902705,0.46709840000403346,4.865608333375349,0.4642197999928612,0.0,1.0911459999842918,11.36610416650304,0.06988550000096438,1.577438499989512,96,9.372631959610189e-08,9.80021754026783e-08
105,263,324,31104,0.45,0.5625,0.0,0,0,0,0,0,0,2.556965106929093,0.9562049574022846,1.0,0.9562049574022846,1.0,0,0.0,0,0.0,0.0,96,0,0,0,0.02175519998127129,0.22661666647157594,0.5454046999875573,5.681298958203722,0.5421333999693161,0.0,1.2617644999845652,13.143380208172553,0.07929950000107056,1.8289243999533937,96,9.776894927329693e-08,9.691954114265933e-08
105,264,325,31200,0.45,0.5625,0.0,0,0,0,0,0,0,2.299710486913927,0.9561878746826369,1.0001879688819917,0.9561878746826369,1.0001879688819917,0,0.0,0,0.0,0.0,96,0,0,0,0.020644900025217794,0.215051041929352,0.5136627999745542,5.350654166401607,0.5103790999928606,0.0,1.199894100005622,12.498896875058563,0.0782714999950258,1.734201800005394,96,9.561467039995164e-08,9.709299225724166e-08
105,265,326,31296,0.45,0.5625,0.0,0,0,0,0,0,0,2.4194832189681286,0.9549084084086399,1.0,0.9549084084086399,1.0,0,0.0,0,0.0,0.0,96,0,0,0,0.020451399999728892,0.21303541666384262,0.4940867000259459,5.146736458603603,0.4909910000351374,0.0,1.159845900030632,12.081728125319083,0.07656979999592295,1.6743840000563068,96,9.899061924334429e-08,9.694354055622689e-08
105,266,327,31392,0.45,0.5625,0.0,0,0,0,0,0,0,2.3251858276610573,0.9572739437060028,1.0,0.9572739437060028,1.0,0,0.0,0,0.0,0.0,96,0,0,0,0.019654399977298453,0.2047333330968589,0.48538519999419805,5.056095833272896,0.4823025999867241,0.0,1.1248342000617413,11.717022917309805,0.07280839997110888,1.6298738000332378,96,9.622466616045211e-08,9.690645869087078e-08
105,267,328,31488,0.45,0.5625,0.0,0,0,0,0,0,0,1.7273248650401238,0.9635422273059624,1.0,0.9635422273059624,1.0,0,0.0,0,0.0,0.0,96,0,0,0,0.01975589999346994,0.20579062493197853,0.48268320003990084,5.0279500004156334,0.4796925999908126,0.0,1.135368399998697,11.826754166653094,0.07372620002570329,1.6378075000320678,96,9.860221896786092e-08,5.75389848267438e-08
105,268,331,31776,0.45,0.5625,0.0,0,0,0,0,0,0,2.660498814730145,0.9546352999198824,1.0,0.9546352999198824,1.0,0,0.0,0,0.0,0.0,96,0,0,0,0.021062300002085976,0.21939895835506226,0.5229388999941875,5.447280208272787,0.5196945000134292,0.0,1.2110219999958645,12.61481249995692,0.0781911000085529,1.755023199992138,96,9.702817415843668e-08,9.78158705422505e-08
105,269,332,31872,0.45,0.5625,0.0,0,0,0,0,0,0,2.495654125966406,0.9565721001458223,1.0,0.9565721001458223,1.0,0,0.0,0,0.0,0.0,96,0,0,0,0.019308899958559778,0.20113437456833103,0.48011170004610904,5.001163542146969,0.4771369999652961,0.0,1.1004297999606933,11.462810416257222,0.06847269998979755,1.5998503999653622,96,9.812487455386487e-08,9.975578932341911e-08
105,270,333,31968,0.45,0.5625,0.0,0,0,0,0,0,0,2.604531817372263,0.9559934050413013,1.0,0.9559934050413013,1.0,0,0.0,0,0.0,0.0,96,0,0,0,0.020113600003242027,0.20951666670043778,0.48242710000340594,5.025282291702145,0.4793529999733437,0.0,1.1012603000053787,11.471461458389362,0.07057249997160397,1.6038010000120266,96,9.950730971847177e-08,9.578972434698407e-08
105,271,334,32064,0.45,0.5625,0.0,0,0,0,0,0,0,2.4509800264582866,0.9579443746681959,1.0,0.9579443746681959,1.0,0,0.0,0,0.0,0.0,96,0,0,0,0.02083390000188956,0.21701979168634958,0.5281385000344017,5.501442708691684,0.5249457999743754,0.0,1.2111246000276878,12.615881250288416,0.0766265000202111,1.760097000063979,96,9.734909650095658e-08,9.93216482669812e-08
105,272,335,32160,0.45,0.5625,0.0,0,0,0,0,0,0,1.8121909268828886,0.9637850871827568,1.0,0.9637850871827568,1.0,0,0.0,0,0.0,0.0,96,0,0,0,0.020709899981739,0.21572812480978124,0.5228032999584684,5.445867707900713,0.5196518999800901,0.0,1.2082482000769232,12.585918750801284,0.07726239994372008,1.7517614000171307,96,9.841400494883801e-08,5.748975476227436e-08
105,273,336,32256,0.45,0.5625,0.0,0,0,0,0,0,0,1.6418850599044525,0.9644893136723085,1.0,0.9644893136723085,1.0,0,0.0,0,0.0,0.0,96,0,0,0,0.020747100017615594,0.21611562518349578,0.5607987999974284,5.84165416663988,0.5574313000543043,0.0,1.2916600999669754,13.454792707989327,0.08319100001972402,1.8732059999820194,96,9.675389667403167e-08,5.806295277910323e-08
105,274,337,32352,0.45,0.5625,0.0,0,0,0,0,0,0,2.76832349287946,0.9541451045686021,1.0,0.9541451045686021,1.0,0,0.0,0,0.0,0.0,96,0,0,0,0.02178879995335592,0.22696666618079084,0.5492690000028233,5.7215520833627425,0.5459819999960018,0.0,1.292384799948195,13.462341666127031,0.08268090003548423,1.8634425999043742,96,8.992281497546828e-08,9.599316369568456e-08
105,275,338,32448,0.45,0.5625,0.0,0,0,0,0,0,0,2.8247552207434277,0.9533044879713292,1.0,0.9533044879713292,1.0,0,0.0,0,0.0,0.0,96,0,0,0,0.01868429998285137,0.19462812482136846,0.4388134000473656,4.570972917160058,0.43601679998391774,0.0,1.0313998999627074,10.743748957944868,0.06691090001550037,1.4888975999929244,96,5.0693733663967344e-08,9.552942353829863e-08
105,276,339,32544,0.45,0.5625,0.0,0,0,0,0,0,0,2.8210881343571073,0.9543425159512229,1.0,0.9543425159512229,1.0,0,0.0,0,0.0,0.0,96,0,0,0,0.019285799986391794,0.20089374985824784,0.49824019995867275,5.190002082902841,0.4951931999894441,0.0,1.1268194999793195,11.737703124784579,0.07186080003157258,1.644345499924384,96,4.85356487292532e-08,9.135459569376003e-08
105,277,340,32640,0.45,0.5625,0.0,0,0,0,0,0,0,2.57812363836139,0.9532720153572277,1.000070565991475,0.9532720153572277,1.000070565991475,0,0.0,0,0.0,0.0,96,0,0,0,0.01933709996228572,0.2014281246071429,0.486730299948249,5.070107291127594,0.48355160004575737,0.0,1.130653300031554,11.777638541995353,0.07255289998283843,1.6367206999420887,96,5.2253929221784956e-08,9.874101244977673e-08
105,278,343,32928,0.45,0.5625,0.0,0,0,0,0,0,0,1.6431937561749632,0.9642922092031081,1.0,0.9642922092031081,1.0,0,0.0,0,0.0,0.0,96,0,0,0,0.020140599983278662,0.20979791649248605,0.5234834999355371,5.452953124328512,0.5203196000147727,0.0,1.2147136000203318,12.653266666878457,0.07911899995815475,1.7583376999391476,96,9.944278736399859e-08,6.717343042916823e-08
105,279,344,33024,0.45,0.5625,0.0,0,0,0,0,0,0,2.772623712564811,0.9540218129126993,1.0,0.9540218129126993,1.0,0,0.0,0,0.0,0.0,96,0,0,0,0.01789439999993192,0.18639999999929083,0.44744409997656476,4.66087604142255,0.44469640000897925,0.0,1.0411712000059197,10.845533333394997,0.06633550002152333,1.5065096999824164,96,8.641084560563617e-08,9.788854365977429e-08
105,280,345,33120,0.45,0.5625,0.0,0,0,0,0,0,0,2.827818349200326,0.953734907999194,1.0,0.953734907999194,1.0,0,0.0,0,0.0,0.0,96,0,0,0,0.01917300002241973,0.19971875023353883,0.4751322000156506,4.949293750163027,0.4722134000112419,0.0,1.1139960000291467,11.604125000303611,0.0706609999833745,1.608301200067217,96,4.6784883866307636e-08,9.759320018787321e-08
105,281,346,33216,0.45,0.5625,0.0,0,0,0,0,0,0,2.671342742289981,0.952579340728442,1.0,0.952579340728442,1.0,0,0.0,0,0.0,0.0,96,0,0,0,0.021017300030507613,0.21893020865112098,0.5316479000102845,5.537998958440464,0.5283361998954206,0.0,1.2120375999511452,12.625391666157762,0.0791167000279529,1.7647027999919374,96,4.9073968439242166e-08,9.237544590368074e-08
105,282,347,33312,0.45,0.5625,0.0,0,0,0,0,0,0,2.765166934640538,0.9532229783774689,1.0,0.9532229783774689,1.0,0,0.0,0,0.0,0.0,96,0,0,0,0.018834800030163024,0.1961958336475315,0.45522579996759305,4.7419354163290945,0.45243199999822536,0.0,1.0345172999805072,10.776221874796951,0.06588180000107968,1.5085778999782633,96,5.249346621445661e-08,9.890664454115239e-08
105,283,348,33408,0.45,0.5625,0.0,0,0,0,0,0,0,2.4584644475972612,0.9570065663880555,1.0,0.9570065663880555,1.0,0,0.0,0,0.0,0.0,96,0,0,0,0.021264499984681606,0.22150520817376673,0.5179924999538343,5.395755207852441,0.5148004000511719,0.0,1.1985503999749199,12.484899999738749,0.07679949999874225,1.7378073999134358,96,5.1215181635574925e-08,9.644982701395577e-08
105,284,349,33504,0.45,0.5625,0.0,0,0,0,0,0,0,1.8066272920032456,0.9633984997731401,1.0,0.9633984997731401,1.0,0,0.0,0,0.0,0.0,96,0,0,0,0.018792199974996038,0.1957520830728754,0.45847140000842046,4.775743750087713,0.4556669000230613,0.0,1.047304899955634,10.90942604120452,0.067502100027923,1.5245684999390505,96,9.196163245836497e-08,5.4749854094815475e-08
105,285,351,33696,0.45,0.5625,0.0,0,0,0,0,0,0,2.5402315330160112,0.9563354959647095,1.0,0.9563354959647095,1.0,0,0.0,0,0.0,0.0,96,0,0,0,0.02025870002398733,0.21102812524986803,0.5210076999865123,5.42716354152617,0.517813499965996,0.0,1.1745396000042092,12.234787500043845,0.0772181999636814,1.7158060000147088,96,8.505069253039732e-08,9.55716385198091e-08
105,286,352,33792,0.45,0.5625,0.0,0,0,0,0,0,0,2.595689715820726,0.9567755929687564,1.0,0.9567755929687564,1.0,0,0.0,0,0.0,0.0,96,0,0,0,0.019454599969321862,0.20265208301376939,0.47443890001886757,4.942071875196537,0.4715116999868769,0.0,1.1062090000050375,11.52301041671914,0.07194569999410305,1.600102499993227,96,9.959665865470757e-08,9.961272195990745e-08
105,287,353,33888,0.45,0.5625,0.0,0,0,0,0,0,0,2.46688310572904,0.9579007957382998,1.0,0.9579007957382998,1.0,0,0.0,0,0.0,0.0,96,0,0,0,0.019307899972773157,0.20112395804972039,0.4660649999786983,4.854843749778108,0.46315280003182124,0.0,1.0860514000305557,11.313035416984954,0.07083759998204187,1.5714242999820272,96,9.686141455751696e-08,9.493641761615379e-08
105,288,354,33984,0.45,0.5625,0.0,0,0,0,0,0,0,2.361464296355699,0.9591846723373201,1.0,0.9591846723373201,1.0,0,0.0,0,0.0,0.0,96,0,0,0,0.017923000013979618,0.18669791681228767,0.4402985999622615,4.58644374960689,0.4375617999758106,0.0,1.0433253999290173,10.867972915927263,0.06610040007944917,1.5015469999052584,96,9.741728750067846e-08,9.819467905458623e-08
105,289,355,34080,0.45,0.5625,0.0,0,0,0,0,0,0,1.988168673406104,0.9623880799220356,1.0,0.9623880799220356,1.0,0,0.0,0,0.0,0.0,96,0,0,0,0.018636099965078756,0.1941260413029037,0.456300400015607,4.75312916682924,0.45347380002203863,0.0,1.053183399970294,10.970660416357228,0.07035720007843338,1.5281198999509797,96,9.560484980075667e-08,7.093249862477613e-08
105,290,356,34176,0.45,0.5625,0.0,0,0,0,0,0,0,1.4847423523260532,0.9654845083056706,1.0,0.9654845083056706,1.0,0,0.0,0,0.0,0.0,96,0,0,0,0.0195768999910797,0.20392604157374686,0.4980707000067923,5.188236458404087,0.49505469995347084,0.0,1.1550696999474894,12.031976041119682,0.07402350004122127,1.6727172999453614,96,9.740726525722665e-08,5.700979535672168e-08
105,291,357,34272,0.45,0.5625,0.0,0,0,0,0,0,0,1.120680637329689,0.9687754121928447,1.0,0.9687754121928447,1.0,0,0.0,0,0.0,0.0,96,0,0,0,0.01785500001278706,0.18598958346653185,0.4350198000174714,4.531456250181994,0.43232430003990885,0.0,1.009325699917099,10.513809374136448,0.06458440005371813,1.4622004999473575,96,9.830690075353365e-08,5.7474443398986e-08
105,292,358,34368,0.45,0.5625,0.0,0,0,0,0,0,0,1.0395380739978497,0.9695228852050329,1.0,0.9695228852050329,1.0,0,0.0,0,0.0,0.0,96,0,0,0,0.0178896000579698,0.1863500006038521,0.4166807000001427,4.34042395833482,0.4140971000379068,0.0,0.9825881999568082,10.235293749550086,0.06214980001823278,1.4171585000149207,96,9.768248707305027e-08,5.719169721141171e-08
105,293,359,34464,0.45,0.5625,0.0,0,0,0,0,0,0,1.0506281946764218,0.9691129702067255,1.0002402433498077,0.9691129702067255,1.0002402433498077,0,0.0,0,0.0,0.0,96,0,0,0,0.018712199991568923,0.19491874991217628,0.47193660004995763,4.916006250520392,0.4690606999574811,0.0,1.1120113000288256,11.583451041966933,0.0722567999837338,1.6026601000703522,96,9.159997685706522e-08,5.456915960766473e-08
105,294,360,34560,0.45,0.5625,0.0,0,0,0,0,0,0,1.4856913543751924,0.9649620747883063,1.0,0.9649620747883063,1.0,0,0.0,0,0.0,0.0,96,0,0,0,0.018246800034830812,0.1900708336961543,0.44401470003504073,4.625153125365007,0.44130039998708526,0.0,1.0459775000126683,10.895598958465294,0.07057129998429446,1.5082390000825399,96,9.913889044768642e-08,5.7676574766185595e-08
105,295,361,34656,0.45,0.5625,0.0,0,0,0,0,0,0,1.5898360379478582,0.9646926458317837,1.0,0.9646926458317837,1.0,0,0.0,0,0.0,0.0,96,0,0,0,0.01850400003604591,0.1927500003754782,0.4363020999953733,4.544813541618471,0.4336422000124003,0.0,0.9867132000654237,10.278262500681498,0.06410099994536722,1.441519300096843,96,8.984766665907917e-08,5.3696846413764376e-08
105,296,362,34752,0.45,0.5625,0.0,0,0,0,0,0,0,1.4697521574557135,0.9642724705050169,1.0,0.9642724705050169,1.0,0,0.0,0,0.0,0.0,96,0,0,0,0.020642099960241467,0.21502187458584862,0.48725780002132524,5.075602083555471,0.4843003000351018,0.0,1.1245281000301475,11.713834375314036,0.07260329996643122,1.6324280000117142,96,9.898892686446836e-08,6.673491093067696e-08
105,297,363,34848,0.45,0.5625,0.0,0,0,0,0,0,0,1.3328524565517545,0.9668331226527994,1.0,0.9668331226527994,1.0,0,0.0,0,0.0,0.0,96,0,0,0,0.018730899959336966,0.1951135412430934,0.4519616000034148,4.707933333368904,0.4491572999904747,0.0,1.0691546000452945,11.137027083805151,0.07228149998991285,1.5398471000080463,96,9.989778350458917e-08,6.527896015406931e-08
105,298,364,34944,0.45,0.5625,0.0,0,0,0,0,0,0,1.0331577684003819,0.9681114303238053,1.0,0.9681114303238053,1.0,0,0.0,0,0.0,0.0,96,0,0,0,0.019438700015598442,0.20248645849581712,0.46900749996711966,4.885494791324163,0.4660925000280258,0.0,1.0977359999305918,11.434749999276997,0.07212740003160434,1.5861821999133099,96,9.977728744788028e-08,5.792996138342943e-08
