candidate_id,scenario_index,day_index,t0,pv_s_scale,svc_q_scale,cap_total_mvar,risk,under_risk,over_risk,under_steps,over_steps,pf_fail,daily_loss_mwh,vmin,vmax,raw_vmin,raw_vmax,intervention_steps,intervention_rate,projection_failures,mean_correction_norm,max_correction_norm,power_flow_previews,projection_iterations,steps_within_0_001_of_reporting_limit,steps_within_0_001_of_projection_guard,actor_total_seconds,actor_mean_ms,projection_total_seconds,projection_mean_ms,preview_total_seconds,optimiser_total_seconds,execution_total_seconds,execution_mean_ms,balance_audit_total_seconds,online_path_total_seconds,completed_steps,max_p_balance_residual_mw,max_q_balance_residual_mvar
100,0,2,192,0.45,0.375,0.0,0,0,0,0,0,0,2.4058983015223423,0.9529701328846759,1.0,0.9529701328846759,1.0,0,0.0,0,0.0,0.0,0,0,0,0,0.028234800018253736,0.29411250019014307,0.0,0.0,0.0,0.0,1.7482523000362562,18.210961458711,0.11066600001504412,1.77648710005451,96,9.908920743824379e-08,9.578534729270949e-08
100,1,3,288,0.45,0.375,0.0,0,0,0,0,0,0,2.4685242279404447,0.9532605519063477,1.0,0.9532605519063477,1.0,0,0.0,0,0.0,0.0,0,0,0,0,0.024882300014724024,0.25919062515337526,0.0,0.0,0.0,0.0,1.6485299000123632,17.172186458462118,0.1047793999678106,1.6734122000270872,96,8.581466440227281e-08,9.98239733929207e-08
100,2,4,384,0.45,0.375,0.0,0,0,0,0,0,0,2.2988701695828584,0.9535092807990897,1.0,0.9535092807990897,1.0,0,0.0,0,0.0,0.0,0,0,0,0,0.026258399957441725,0.27352499955668463,0.0,0.0,0.0,0.0,1.6541125000512693,17.230338542200723,0.105757099991024,1.680370900008711,96,9.576502829448941e-08,9.885826740552162e-08
100,3,5,480,0.45,0.375,0.0,0,0,0,0,0,0,1.9557221054907563,0.9558100056244162,1.0,0.9558100056244162,1.0,0,0.0,0,0.0,0.0,0,0,0,0,0.025872000041999854,0.2695000004374985,0.0,0.0,0.0,0.0,1.6587562000277103,17.278710416955317,0.10629209999751765,1.6846282000697101,96,9.789378592472975e-08,9.889215238367832e-08
100,4,6,576,0.45,0.375,0.0,0,0,0,0,0,0,1.8003390707484,0.9571691733918789,1.0,0.9571691733918789,1.0,0,0.0,0,0.0,0.0,0,0,0,0,0.027361299995391164,0.28501354161865794,0.0,0.0,0.0,0.0,1.627089999972668,16.94885416638196,0.10457029996905476,1.6544512999680592,96,8.786546623097691e-08,6.886395106930898e-08
100,5,7,672,0.45,0.375,0.0,0,0,0,0,0,0,1.463791640161366,0.9598603899082491,1.0,0.9598603899082491,1.0,0,0.0,0,0.0,0.0,0,0,0,0,0.025785400008317083,0.26859791675330297,0.0,0.0,0.0,0.0,1.6319817000403418,16.999809375420227,0.10267309995833784,1.657767100048659,96,9.96981875788644e-08,7.920601258204485e-08
100,6,8,768,0.45,0.375,0.0,0,0,0,0,0,0,2.5829342554442913,0.9528953413237092,1.0,0.9528953413237092,1.0,0,0.0,0,0.0,0.0,0,0,0,0,0.025457800024014432,0.265185416916817,0.0,0.0,0.0,0.0,1.5734175999605213,16.38976666625543,0.09797200003959006,1.5988753999845358,96,8.577551965580077e-08,8.249052593778394e-08
100,7,10,960,0.45,0.375,0.0,0,0,0,0,0,0,2.868276789585306,0.9510273759587304,1.0,0.9510273759587304,1.0,0,0.0,0,0.0,0.0,0,0,0,0,0.0276630999869667,0.28815729153090314,0.0,0.0,0.0,0.0,1.7349795999689377,18.0727041663431,0.11129349999100668,1.7626426999559044,96,9.996101592302242e-08,8.579866123126223e-08
100,8,11,1056,0.45,0.375,0.0,0,0,0,0,0,0,2.617127968668042,0.952582900032076,1.0,0.952582900032076,1.0,0,0.0,0,0.0,0.0,0,0,0,0,0.025022299974807538,0.2606489580709119,0.0,0.0,0.0,0.0,1.5930282999979681,16.5940447916455,0.10092400001303758,1.6180505999727757,96,9.389310112392635e-08,9.921080776353897e-08
100,9,12,1152,0.45,0.375,0.0,0,0,0,0,0,0,2.6466999670196474,0.9528726896056384,1.0,0.9528726896056384,1.0,0,0.0,0,0.0,0.0,0,0,0,0,0.024053900044236798,0.25056145879413333,0.0,0.0,0.0,0.0,1.5040832000086084,15.667533333423005,0.09622289999970235,1.5281371000528452,96,9.787354311556473e-08,9.677259715790143e-08
100,10,13,1248,0.45,0.375,0.0,0,0,0,0,0,0,1.7272887108590753,0.9579296010029104,1.0,0.9579296010029104,1.0,0,0.0,0,0.0,0.0,0,0,0,0,0.02573090002988465,0.2680302086446318,0.0,0.0,0.0,0.0,1.6494076999879326,17.18133020820763,0.10607959998014849,1.6751386000178172,96,9.978317751062338e-08,9.478077045432798e-08
100,11,14,1344,0.45,0.375,0.0,0,0,0,0,0,0,1.4634676495032002,0.9592697672773425,1.0,0.9592697672773425,1.0,0,0.0,0,0.0,0.0,0,0,0,0,0.025684200030809734,0.26754375032093475,0.0,0.0,0.0,0.0,1.6160765000167885,16.834130208508213,0.10296190002554795,1.6417607000475982,96,9.180099332616043e-08,7.062001206037394e-08
100,12,16,1536,0.45,0.375,0.0,0,0,0,0,0,0,2.6788259585544716,0.9517835166699531,1.0,0.9517835166699531,1.0,0,0.0,0,0.0,0.0,0,0,0,0,0.025591099984012544,0.26657395816679735,0.0,0.0,0.0,0.0,1.6025670999661088,16.693407291313633,0.10108630001923302,1.6281581999501213,96,9.549953122571508e-08,9.924188040799642e-08
100,13,17,1632,0.45,0.375,0.0,0,0,0,0,0,0,2.6968655417060323,0.9520606760789406,1.0,0.9520606760789406,1.0,0,0.0,0,0.0,0.0,0,0,0,0,0.025401100007002242,0.2645947917396067,0.0,0.0,0.0,0.0,1.6049159999893163,16.71787499988871,0.10166779999417486,1.6303170999963186,96,9.92184128172785e-08,9.998959077384129e-08
100,14,18,1728,0.45,0.375,0.0,0,0,0,0,0,0,2.5832515885294187,0.9521060414460593,1.0,0.9521060414460593,1.0,0,0.0,0,0.0,0.0,0,0,0,0,0.025206799982697703,0.2625708331531011,0.0,0.0,0.0,0.0,1.5992018999968423,16.658353124967107,0.10088200000609504,1.62440869997954,96,9.786493068188185e-08,9.75568772987323e-08
100,15,19,1824,0.45,0.375,0.0,0,0,0,0,0,0,2.4228860461984985,0.9529588206865023,1.0,0.9529588206865023,1.0,0,0.0,0,0.0,0.0,0,0,0,0,0.02752409996901406,0.2867093746772298,0.0,0.0,0.0,0.0,1.6713008999358863,17.40938437433215,0.10671449999790639,1.6988249999049003,96,9.665233470339263e-08,9.796488967261929e-08
100,16,20,1920,0.45,0.375,0.0,0,0,0,0,0,0,1.6246631192014225,0.9576611418706494,1.0005194997525446,0.9576611418706494,1.0005194997525446,0,0.0,0,0.0,0.0,0,0,0,0,0.026382500014733523,0.27481770848680753,0.0,0.0,0.0,0.0,1.692783700003929,17.633163541707592,0.10914399998728186,1.7191662000186625,96,9.427339715730593e-08,9.25377044436182e-08
100,17,21,2016,0.45,0.375,0.0,0,0,0,0,0,0,1.4012546559043393,0.9589696326818787,1.0017572534453432,0.9589696326818787,1.0017572534453432,0,0.0,0,0.0,0.0,0,0,0,0,0.024499499981175177,0.2552031248039081,0.0,0.0,0.0,0.0,1.5777076999802375,16.434455208127474,0.10018500002479414,1.6022071999614127,96,9.845887176743173e-08,7.727530983159259e-08
100,18,22,2112,0.45,0.375,0.0,0,0,0,0,0,0,2.612351373302385,0.951938877572834,1.0,0.951938877572834,1.0,0,0.0,0,0.0,0.0,0,0,0,0,0.0258958000340499,0.2697479170213531,0.0,0.0,0.0,0.0,1.6342453999677673,17.023389582997577,0.1041497000187519,1.6601412000018172,96,9.736796028302075e-08,9.263398326186945e-08
100,19,23,2208,0.45,0.375,0.0,0,0,0,0,0,0,2.855978545214771,0.9514763360093158,1.0,0.9514763360093158,1.0,0,0.0,0,0.0,0.0,0,0,0,0,0.026132899984077085,0.27221770816746965,0.0,0.0,0.0,0.0,1.5223484999951324,15.857796874949297,0.09533060003741411,1.5484813999792095,96,9.411082044739894e-08,9.466482583930791e-08
100,20,24,2304,0.45,0.375,0.0,0,0,0,0,0,0,2.766085681137982,0.9517356251815359,1.0,0.9517356251815359,1.0,0,0.0,0,0.0,0.0,0,0,0,0,0.026187599956756458,0.27278749954954645,0.0,0.0,0.0,0.0,1.6655134999746224,17.349098958068982,0.10511790001328336,1.6917010999313788,96,9.829597984525873e-08,9.956695024015971e-08
100,21,25,2400,0.45,0.375,0.0,0,0,0,0,0,0,2.468567976242087,0.9516851631188739,1.000799771654686,0.9516851631188739,1.000799771654686,0,0.0,0,0.0,0.0,0,0,0,0,0.02733529997203732,0.2847427080420554,0.0,0.0,0.0,0.0,1.7422008999128593,18.14792604075895,0.11163630004739389,1.7695361998848966,96,9.300189218568178e-08,9.675837228662054e-08
100,22,26,2496,0.45,0.375,0.0,0,0,0,0,0,0,2.3184268790012683,0.9527917731206264,1.0025196506547753,0.9527917731206264,1.0025196506547753,0,0.0,0,0.0,0.0,0,0,0,0,0.02659179997863248,0.27699791644408833,0.0,0.0,0.0,0.0,1.672437200031709,17.421220833663636,0.10862279998400481,1.6990290000103414,96,9.813410127915145e-08,9.390951558052585e-08
100,23,27,2592,0.45,0.375,0.0,0,0,0,0,0,0,1.5695013713066541,0.957723464461819,1.0035885078723719,0.957723464461819,1.0035885078723719,0,0.0,0,0.0,0.0,0,0,0,0,0.02817799999320414,0.29352083326254313,0.0,0.0,0.0,0.0,1.796013400038646,18.70847291706923,0.11564939995878376,1.8241914000318502,96,9.81052059381704e-08,8.984986775428805e-08
100,24,28,2688,0.45,0.375,0.0,0,0,0,0,0,0,1.3504861929957745,0.9594044267056445,1.00186584483403,0.9594044267056445,1.00186584483403,0,0.0,0,0.0,0.0,0,0,0,0,0.025335799989989027,0.26391458322905237,0.0,0.0,0.0,0.0,1.573194299970055,16.38744062468807,0.10022670002945233,1.598530099960044,96,8.256677344435637e-08,6.753499370848459e-08
100,25,29,2784,0.45,0.375,0.0,0,0,0,0,0,0,2.592002472716569,0.9526339493284335,1.0,0.9526339493284335,1.0,0,0.0,0,0.0,0.0,0,0,0,0,0.025310000011813827,0.26364583345639403,0.0,0.0,0.0,0.0,1.561777400012943,16.268514583468157,0.099910099976114,1.5870874000247568,96,8.955831658739866e-08,8.744168999985646e-08
100,26,30,2880,0.45,0.375,0.0,0,0,0,0,0,0,2.614040949935143,0.9529768233375533,1.0,0.9529768233375533,1.0,0,0.0,0,0.0,0.0,0,0,0,0,0.02646679999452317,0.27569583327628305,0.0,0.0,0.0,0.0,1.6831423000112409,17.53273229178376,0.10494859996833839,1.709609100005764,96,8.659333225295718e-08,9.88867120133019e-08
100,27,31,2976,0.45,0.375,0.0,0,0,0,0,0,0,2.5472321550304464,0.9527179693756541,1.0,0.9527179693756541,1.0,0,0.0,0,0.0,0.0,0,0,0,0,0.02769990003434941,0.2885406253578064,0.0,0.0,0.0,0.0,1.7333512000186602,18.055741666861042,0.11008299999230076,1.7610511000530096,96,9.624864145268974e-08,9.712725485000462e-08
100,28,32,3072,0.45,0.375,0.0,0,0,0,0,0,0,2.3824014403385463,0.9528766024146819,1.0,0.9528766024146819,1.0,0,0.0,0,0.0,0.0,0,0,0,0,0.02610350000031758,0.2719114583366415,0.0,0.0,0.0,0.0,1.6747960999564384,17.445792707879566,0.10729660004290054,1.700899599956756,96,9.275987211850023e-08,9.812051837698732e-08
100,29,33,3168,0.45,0.375,0.0,0,0,0,0,0,0,2.321276401655105,0.9540907120459909,1.0,0.9540907120459909,1.0,0,0.0,0,0.0,0.0,0,0,0,0,0.02712299996346701,0.28253124961944803,0.0,0.0,0.0,0.0,1.7483871000004,18.212365625004168,0.11226639999949839,1.775510099963867,96,9.897193749448807e-08,9.667019032488788e-08
100,30,34,3264,0.45,0.375,0.0,0,0,0,0,0,0,1.4702621238061224,0.9583633434739911,1.0008052122220312,0.9583633434739911,1.0008052122220312,0,0.0,0,0.0,0.0,0,0,0,0,0.027087800015578978,0.28216458349561435,0.0,0.0,0.0,0.0,1.6957729000059771,17.66430104172893,0.10858159996860195,1.7228607000215561,96,9.512990918440767e-08,7.64390750696009e-08
100,31,35,3360,0.45,0.375,0.0,0,0,0,0,0,0,1.2268601882269923,0.9603051746327635,1.000233076881927,0.9603051746327635,1.000233076881927,0,0.0,0,0.0,0.0,0,0,0,0,0.026222799955576193,0.2731541662039187,0.0,0.0,0.0,0.0,1.6405256999787525,17.088809374778673,0.10518469998351065,1.6667484999343287,96,8.936936046234634e-08,7.162771473168128e-08
100,32,36,3456,0.45,0.375,0.0,0,0,0,0,0,0,2.32670474338488,0.9532792867190678,1.0,0.9532792867190678,1.0,0,0.0,0,0.0,0.0,0,0,0,0,0.02786520006338833,0.2902625006602951,0.0,0.0,0.0,0.0,1.7002371999260504,17.71080416589636,0.10879240001668222,1.7281023999894387,96,9.116195008943007e-08,9.72761829420854e-08
100,33,37,3552,0.45,0.375,0.0,0,0,0,0,0,0,2.5125415524392194,0.9526688012065107,1.0,0.9526688012065107,1.0,0,0.0,0,0.0,0.0,0,0,0,0,0.0253853000322124,0.2644302086688792,0.0,0.0,0.0,0.0,1.594242800041684,16.606695833767542,0.10277239999413723,1.6196281000738963,96,9.896848923718338e-08,9.678001705593076e-08
100,34,40,3840,0.45,0.375,0.0,0,0,0,0,0,0,2.466163328286958,0.9533509808945761,1.0,0.9533509808945761,1.0,0,0.0,0,0.0,0.0,0,0,0,0,0.025143199964077212,0.2619083329591376,0.0,0.0,0.0,0.0,1.663194700013264,17.324944791804835,0.10696309998456854,1.6883378999773413,96,8.958439516246197e-08,9.621328331266277e-08
100,35,42,4032,0.45,0.375,0.0,0,0,0,0,0,0,1.358475840676359,0.9596851713802735,1.0,0.9596851713802735,1.0,0,0.0,0,0.0,0.0,0,0,0,0,0.026115100037714,0.27203229205952084,0.0,0.0,0.0,0.0,1.6508965999819338,17.196839583145145,0.10625980003533186,1.6770117000196478,96,9.260200082433778e-08,7.274797632350616e-08
100,36,43,4128,0.45,0.375,0.0,0,0,0,0,0,0,2.1949623820017234,0.9523763869782205,1.0046551017827632,0.9523763869782205,1.0046551017827632,0,0.0,0,0.0,0.0,0,0,0,0,0.022975800013227854,0.23933125013779014,0.0,0.0,0.0,0.0,1.4247078999324003,14.840707290962504,0.09003990001656348,1.4476836999456282,96,8.659375866533481e-08,9.965732655770054e-08
100,37,44,4224,0.45,0.375,0.0,0,0,0,0,0,0,2.114275167846843,0.9535581972945667,1.0071193244777683,0.9535581972945667,1.0071193244777683,0,0.0,0,0.0,0.0,0,0,0,0,0.025459300035436172,0.2652010420357935,0.0,0.0,0.0,0.0,1.5919308000447927,16.582612500466592,0.10085879997495795,1.6173901000802289,96,9.817415110024985e-08,9.836143149977161e-08
100,38,45,4320,0.45,0.375,0.0,0,0,0,0,0,0,2.0388187253357644,0.9534638881598371,1.0074095894710307,0.9534638881598371,1.0074095894710307,0,0.0,0,0.0,0.0,0,0,0,0,0.02691390000109095,0.28035312501136406,0.0,0.0,0.0,0.0,1.704045699982089,17.750476041480095,0.10901210000156425,1.73095959998318,96,9.448379996793155e-08,9.829013720985547e-08
100,39,46,4416,0.45,0.375,0.0,0,0,0,0,0,0,2.0714135401284564,0.95334384156973,1.0047073913453013,0.95334384156973,1.0047073913453013,0,0.0,0,0.0,0.0,0,0,0,0,0.02549410003121011,0.26556354199177196,0.0,0.0,0.0,0.0,1.5577010000051814,16.226052083387305,0.09757200000603916,1.5831951000363915,96,9.883045687386627e-08,9.911897344561105e-08
100,40,47,4512,0.45,0.375,0.0,0,0,0,0,0,0,2.2888902571838914,0.9539896995628948,1.0,0.9539896995628948,1.0,0,0.0,0,0.0,0.0,0,0,0,0,0.025364299945067614,0.264211457761121,0.0,0.0,0.0,0.0,1.635505699989153,17.036517708220345,0.10593259999586735,1.6608699999342207,96,7.749633086293062e-08,9.764552499902379e-08
100,41,48,4608,0.45,0.375,0.0,0,0,0,0,0,0,1.4722829022101143,0.9589093056903807,1.0,0.9589093056903807,1.0,0,0.0,0,0.0,0.0,0,0,0,0,0.02791700001398567,0.2908020834790174,0.0,0.0,0.0,0.0,1.7090244999344577,17.802338540983936,0.1094476000071154,1.7369414999484434,96,8.856550005528763e-08,7.942122910720162e-08
100,42,50,4800,0.45,0.375,0.0,0,0,0,0,0,0,2.3976994803992047,0.952864685920551,1.0,0.952864685920551,1.0,0,0.0,0,0.0,0.0,0,0,0,0,0.02856220002286136,0.29752291690480587,0.0,0.0,0.0,0.0,1.7802128000330413,18.543883333677513,0.1142119000069215,1.8087750000559026,96,9.498839708722839e-08,9.761494473847776e-08
100,43,52,4992,0.45,0.375,0.0,0,0,0,0,0,0,2.5475328249692564,0.9527325238063618,1.0,0.9527325238063618,1.0,0,0.0,0,0.0,0.0,0,0,0,0,0.024940500006778166,0.2597968750706059,0.0,0.0,0.0,0.0,1.583753299950331,16.49743020781595,0.10001830002147472,1.6086937999571091,96,8.297285120258124e-08,9.895117641933737e-08
100,44,53,5088,0.45,0.375,0.0,0,0,0,0,0,0,2.2634284921667556,0.9532424943210858,1.0,0.9532424943210858,1.0,0,0.0,0,0.0,0.0,0,0,0,0,0.02607029999489896,0.27156562494686415,0.0,0.0,0.0,0.0,1.663907200047106,17.332366667157356,0.1061961999948835,1.689977500042005,96,8.577907146742336e-08,9.72639636886985e-08
100,45,54,5184,0.45,0.375,0.0,0,0,0,0,0,0,1.9791151947437235,0.9549422518918883,1.0015834017021197,0.9549422518918883,1.0015834017021197,0,0.0,0,0.0,0.0,0,0,0,0,0.02531570004794048,0.26370520883271337,0.0,0.0,0.0,0.0,1.5211694999961765,15.845515624960171,0.09765669998159865,1.546485200044117,96,9.875788348559511e-08,9.93390481679457e-08
100,46,55,5280,0.45,0.375,0.0,0,0,0,0,0,0,1.2965208948409934,0.9591546664579568,1.0062104348767715,0.9591546664579568,1.0062104348767715,0,0.0,0,0.0,0.0,0,0,0,0,0.026021799982117955,0.27106041648039536,0.0,0.0,0.0,0.0,1.6343231000646483,17.024198959006753,0.10391109991905978,1.6603449000467663,96,9.652909993898562e-08,7.952717727410796e-08
100,47,58,5568,0.45,0.375,0.0,0,0,0,0,0,0,2.1314622863524963,0.9539790734877392,1.0,0.9539790734877392,1.0,0,0.0,0,0.0,0.0,0,0,0,0,0.024143299997376744,0.25149270830600773,0.0,0.0,0.0,0.0,1.5518679000088014,16.165290625091682,0.10014620004949393,1.5760112000061781,96,9.598761225963759e-08,9.390812433229812e-08
100,48,59,5664,0.45,0.375,0.0,0,0,0,0,0,0,2.129447037067459,0.9545097001069583,1.0,0.9545097001069583,1.0,0,0.0,0,0.0,0.0,0,0,0,0,0.025046600014320575,0.260902083482506,0.0,0.0,0.0,0.0,1.5499912000304903,16.145741666984275,0.09929299999930663,1.5750378000448109,96,9.942294138150232e-08,9.28976626179967e-08
100,49,61,5856,0.45,0.375,0.0,0,0,0,0,0,0,1.7840099293997875,0.9555149991453382,1.004376470027102,0.9555149991453382,1.004376470027102,0,0.0,0,0.0,0.0,0,0,0,0,0.025808899976254907,0.2688427080859886,0.0,0.0,0.0,0.0,1.6009471999495872,16.6765333328082,0.10101080004824325,1.6267560999258421,96,9.504587845932111e-08,9.975025819231043e-08
100,50,62,5952,0.45,0.375,0.0,0,0,0,0,0,0,1.1749601747243905,0.9606013676987633,1.0062690823719993,0.9606013676987633,1.0062690823719993,0,0.0,0,0.0,0.0,0,0,0,0,0.026301200079615228,0.2739708341626586,0.0,0.0,0.0,0.0,1.6504332000258728,17.19201250026951,0.1054216999837081,1.676734400105488,96,8.090232395466246e-08,6.420255216355031e-08
100,51,63,6048,0.45,0.375,0.0,0,0,0,0,0,0,1.0949379217951096,0.9609515283452456,1.0037881389248127,0.9609515283452456,1.0037881389248127,0,0.0,0,0.0,0.0,0,0,0,0,0.026552700022875797,0.27659062523828953,0.0,0.0,0.0,0.0,1.677873499931593,17.47784895762076,0.10661650005204137,1.7044261999544688,96,8.110802714351995e-08,6.937952247432211e-08
100,52,64,6144,0.45,0.375,0.0,0,0,0,0,0,0,2.0224563637975113,0.9540389257198296,1.0,0.9540389257198296,1.0,0,0.0,0,0.0,0.0,0,0,0,0,0.025984000007156283,0.27066666674121126,0.0,0.0,0.0,0.0,1.700045899975521,17.708811458078344,0.10942470006557414,1.7260298999826773,96,9.401370668939146e-08,9.761984443024119e-08
100,53,65,6240,0.45,0.375,0.0,0,0,0,0,0,0,2.202427957032616,0.9537045780545359,1.0,0.9537045780545359,1.0,0,0.0,0,0.0,0.0,0,0,0,0,0.025775399975827895,0.2684937497482072,0.0,0.0,0.0,0.0,1.6383837000248604,17.066496875258963,0.10543730000063078,1.6641591000006883,96,7.919562102463862e-08,9.367350825573162e-08
100,54,66,6336,0.45,0.375,0.0,0,0,0,0,0,0,2.2094696766352624,0.9532504031128716,1.0,0.9532504031128716,1.0,0,0.0,0,0.0,0.0,0,0,0,0,0.02735939996637171,0.2849937496497053,0.0,0.0,0.0,0.0,1.6958631000597961,17.665240625622875,0.10840399994776817,1.7232225000261678,96,7.929843120688118e-08,8.84818388002806e-08
100,55,67,6432,0.45,0.375,0.0,0,0,0,0,0,0,2.152807634183755,0.9536381456904897,1.0,0.9536381456904897,1.0,0,0.0,0,0.0,0.0,0,0,0,0,0.026185299997450784,0.27276354164011235,0.0,0.0,0.0,0.0,1.665988999993715,17.354052083267863,0.10684199998650001,1.6921742999911658,96,8.717346017782235e-08,9.048240365294724e-08
100,56,68,6528,0.45,0.375,0.0,0,0,0,0,0,0,1.756468741368314,0.955663516442311,1.0052544586824337,0.955663516442311,1.0052544586824337,0,0.0,0,0.0,0.0,0,0,0,0,0.027198000039788894,0.28331250041446765,0.0,0.0,0.0,0.0,1.7027419999576523,17.736895832892213,0.10962600002676481,1.7299399999974412,96,9.581072043379768e-08,9.694514482849748e-08
100,57,69,6624,0.45,0.375,0.0,0,0,0,0,0,0,1.1856733767038892,0.9598696293999933,1.0082808862849406,0.9598696293999933,1.0082808862849406,0,0.0,0,0.0,0.0,0,0,0,0,0.025899000000208616,0.26978125000217307,0.0,0.0,0.0,0.0,1.615692800063698,16.830133333996855,0.10141879998263903,1.6415918000639067,96,9.030027247648731e-08,6.815619138511586e-08
100,58,70,6720,0.45,0.375,0.0,0,0,0,0,0,0,1.035416903036023,0.9613247515374927,1.0111817234304088,0.9613247515374927,1.0111817234304088,0,0.0,0,0.0,0.0,0,0,0,0,0.027265999982773792,0.28402083315389365,0.0,0.0,0.0,0.0,1.744550699935644,18.172403124329623,0.11285140005929861,1.7718166999184177,96,9.383885374476819e-08,9.826862700304528e-08
100,59,73,7008,0.45,0.375,0.0,0,0,0,0,0,0,1.7352372349917682,0.9548758238794426,1.0059984575940326,0.9548758238794426,1.0059984575940326,0,0.0,0,0.0,0.0,0,0,0,0,0.02663409993692767,0.2774385410096632,0.0,0.0,0.0,0.0,1.6936810000188416,17.642510416862933,0.10835220003355062,1.7203150999557693,96,9.415600556172965e-08,9.483466491266856e-08
100,60,74,7104,0.45,0.375,0.0,0,0,0,0,0,0,1.6279435045364565,0.95550254440476,1.0101465436614134,0.95550254440476,1.0101465436614134,0,0.0,0,0.0,0.0,0,0,0,0,0.027111800030979794,0.2824145836560395,0.0,0.0,0.0,0.0,1.6980452999705449,17.687971874693176,0.1073266000021249,1.7251571000015247,96,9.464142452370039e-08,9.896548955334872e-08
100,61,75,7200,0.45,0.375,0.0,0,0,0,0,0,0,1.6961136512590267,0.955900714872595,1.0034523299729203,0.955900714872595,1.0034523299729203,0,0.0,0,0.0,0.0,0,0,0,0,0.024836599979607854,0.25871458312091516,0.0,0.0,0.0,0.0,1.549077200012107,16.136220833459447,0.09846969997306587,1.5739137999917148,96,9.875924080263165e-08,9.766279382428245e-08
100,62,76,7296,0.45,0.375,0.0,0,0,0,0,0,0,1.4161325511581253,0.9599031144172371,1.0,0.9599031144172371,1.0,0,0.0,0,0.0,0.0,0,0,0,0,0.025641699961852282,0.2671010412692946,0.0,0.0,0.0,0.0,1.5930768999678548,16.594551041331822,0.09880840004916536,1.6187185999297071,96,9.291338523217951e-08,9.229713243685822e-08
100,63,77,7392,0.45,0.375,0.0,0,0,0,0,0,0,1.2547559370194799,0.9593554182165017,1.0,0.9593554182165017,1.0,0,0.0,0,0.0,0.0,0,0,0,0,0.02400539998052409,0.25005624979712593,0.0,0.0,0.0,0.0,1.4618655999511248,15.22776666615755,0.09235569999873405,1.4858709999316488,96,8.741301273096358e-08,6.885512590648624e-08
100,64,78,7488,0.45,0.375,0.0,0,0,0,0,0,0,1.9150046971316022,0.9540404181405999,1.0,0.9540404181405999,1.0,0,0.0,0,0.0,0.0,0,0,0,0,0.026542100000369828,0.27648020833718573,0.0,0.0,0.0,0.0,1.7383277999979327,18.107581249978466,0.11019039998063818,1.7648698999983026,96,9.333255357804604e-08,9.821047794456028e-08
100,65,79,7584,0.45,0.375,0.0,0,0,0,0,0,0,1.8880046831887323,0.9548933602677389,1.0000928260364914,0.9548933602677389,1.0000928260364914,0,0.0,0,0.0,0.0,0,0,0,0,0.02518599991890369,0.26235416582191345,0.0,0.0,0.0,0.0,1.6517955999443075,17.206204166086536,0.10530710004240973,1.6769815998632112,96,7.799388744220148e-08,9.343913018322603e-08
100,66,80,7680,0.45,0.375,0.0,0,0,0,0,0,0,1.8661102490079886,0.9544859507320708,1.002467105750389,0.9544859507320708,1.002467105750389,0,0.0,0,0.0,0.0,0,0,0,0,0.025920999971276615,0.27001041636746476,0.0,0.0,0.0,0.0,1.658380000051693,17.274791667205136,0.10560699995403411,1.6843010000229697,96,9.983557790367581e-08,9.938991858693402e-08
100,67,81,7776,0.45,0.375,0.0,0,0,0,0,0,0,1.7848278613299464,0.9551211592931265,1.0035950086156809,0.9551211592931265,1.0035950086156809,0,0.0,0,0.0,0.0,0,0,0,0,0.024150200020812918,0.25156458355013456,0.0,0.0,0.0,0.0,1.5280916000629077,15.917620833988622,0.09692129999166355,1.5522418000837206,96,9.989644220338711e-08,9.989600549542565e-08
100,68,82,7872,0.45,0.375,0.0,0,0,0,0,0,0,1.6354799235737816,0.9562158919425241,1.0055825549652473,0.9562158919425241,1.0055825549652473,0,0.0,0,0.0,0.0,0,0,0,0,0.02798210001492407,0.2914802084887924,0.0,0.0,0.0,0.0,1.6961332999781007,17.668055208105216,0.10663449997082353,1.7241153999930248,96,9.345657245481143e-08,9.601271458437033e-08
100,69,83,7968,0.45,0.375,0.0,0,0,0,0,0,0,1.1090113687399137,0.9614481552774112,1.0147226339325837,0.9614481552774112,1.0147226339325837,0,0.0,0,0.0,0.0,0,0,0,0,0.025643000022682827,0.26711458356961276,0.0,0.0,0.0,0.0,1.5844890999651398,16.505094791303538,0.09981410000182223,1.6101320999878226,96,9.716889370382786e-08,9.658938445941678e-08
100,70,84,8064,0.45,0.375,0.0,0,0,0,0,0,0,0.9636496847781901,0.9622246007345707,1.019746094383775,0.9622246007345707,1.019746094383775,0,0.0,0,0.0,0.0,0,0,0,0,0.025275900028645992,0.26329062529839575,0.0,0.0,0.0,0.0,1.6080842000446864,16.750877083798816,0.10191239995037904,1.6333601000733324,96,5.215598456592696e-08,8.70490745111252e-08
100,71,85,8160,0.45,0.375,0.0,0,0,0,0,0,0,1.5200824626452016,0.9577714091125908,1.0163204183838668,0.9577714091125908,1.0163204183838668,0,0.0,0,0.0,0.0,0,0,0,0,0.027170400011527818,0.2830250001200814,0.0,0.0,0.0,0.0,1.7149406999596977,17.863965624580185,0.10923610001191264,1.7421110999712255,96,8.514220876075507e-08,9.490058509864507e-08
100,72,86,8256,0.45,0.375,0.0,0,0,0,0,0,0,1.5411027830844652,0.9576052219712413,1.0146339960092925,0.9576052219712413,1.0146339960092925,0,0.0,0,0.0,0.0,0,0,0,0,0.026806600006239023,0.27923541673165647,0.0,0.0,0.0,0.0,1.7110341000152403,17.823271875158753,0.11015570000745356,1.7378407000214793,96,9.700013470399782e-08,9.923065334704884e-08
100,73,87,8352,0.45,0.375,0.0,0,0,0,0,0,0,1.6378287086057564,0.9566068880612815,1.0048390089844108,0.9566068880612815,1.0048390089844108,0,0.0,0,0.0,0.0,0,0,0,0,0.025068900009500794,0.2611343750989666,0.0,0.0,0.0,0.0,1.593367999928887,16.597583332592574,0.10210320002079243,1.6184368999383878,96,9.729741001600345e-08,9.532771801101791e-08
100,74,88,8448,0.45,0.375,0.0,0,0,0,0,0,0,1.551054875152047,0.9574188432615072,1.0081591865282735,0.9574188432615072,1.0081591865282735,0,0.0,0,0.0,0.0,0,0,0,0,0.02567160001490265,0.26741250015523593,0.0,0.0,0.0,0.0,1.6283676999810268,16.962163541469028,0.10301020002225414,1.6540392999959295,96,8.548590010350188e-08,9.374448009524805e-08
100,75,89,8544,0.45,0.375,0.0,0,0,0,0,0,0,1.4486419562406234,0.9578890319966414,1.010611356816858,0.9578890319966414,1.010611356816858,0,0.0,0,0.0,0.0,0,0,0,0,0.025527800025884062,0.265914583602959,0.0,0.0,0.0,0.0,1.5733376999996835,16.388934374996705,0.1006771999745979,1.5988655000255676,96,9.718085671253651e-08,9.970055989128035e-08
100,76,90,8640,0.45,0.375,0.0,0,0,0,0,0,0,0.9877987805076933,0.963057469851936,1.0098481841975262,0.963057469851936,1.0098481841975262,0,0.0,0,0.0,0.0,0,0,0,0,0.027032399986637756,0.28158749986080994,0.0,0.0,0.0,0.0,1.7135777000439703,17.849767708791358,0.10999889997037826,1.740610100030608,96,4.343092421289774e-08,8.648070657160667e-08
100,77,91,8736,0.45,0.375,0.0,0,0,0,0,0,0,0.8611181340784474,0.9627900798429122,1.0095976231192123,0.9627900798429122,1.0095976231192123,0,0.0,0,0.0,0.0,0,0,0,0,0.025896299972373527,0.26975312471222423,0.0,0.0,0.0,0.0,1.6222027000039816,16.89794479170814,0.10344710003846558,1.6480989999763551,96,2.932480108568114e-08,6.47897775924236e-08
100,78,93,8928,0.45,0.375,0.0,0,0,0,0,0,0,1.4771437419772095,0.9583775124929825,1.0053209492771944,0.9583775124929825,1.0053209492771944,0,0.0,0,0.0,0.0,0,0,0,0,0.027555099994060583,0.28703229160479776,0.0,0.0,0.0,0.0,1.7217431999815744,17.934824999808068,0.10957890004647197,1.749298299975635,96,8.790509735054353e-08,9.824180427497886e-08
100,79,94,9024,0.45,0.375,0.0,0,0,0,0,0,0,1.610179481262626,0.9573552197313995,1.0058228507398739,0.9573552197313995,1.0058228507398739,0,0.0,0,0.0,0.0,0,0,0,0,0.02586150003480725,0.2693906253625755,0.0,0.0,0.0,0.0,1.5761658000192256,16.418393750200266,0.09984480001003249,1.6020273000540328,96,8.985230443361858e-08,9.623385796575512e-08
100,80,95,9120,0.45,0.375,0.0,0,0,0,0,0,0,1.5800940036548368,0.9578561710703375,1.005359761040791,0.9578561710703375,1.005359761040791,0,0.0,0,0.0,0.0,0,0,0,0,0.0254264000323019,0.26485833366981143,0.0,0.0,0.0,0.0,1.650520300012431,17.192919791796157,0.104086900006223,1.675946700044733,96,9.923150752488841e-08,9.98828179887834e-08
100,81,96,9216,0.45,0.375,0.0,0,0,0,0,0,0,1.5909692808849176,0.9569453889075691,1.0030432929063702,0.9569453889075691,1.0030432929063702,0,0.0,0,0.0,0.0,0,0,0,0,0.026291599999240134,0.27387083332541806,0.0,0.0,0.0,0.0,1.6744228000170551,17.441904166844324,0.1099523000229965,1.7007144000162953,96,9.279053973972051e-08,9.743593702704612e-08
100,82,97,9312,0.45,0.375,0.0,0,0,0,0,0,0,1.013485023618358,0.9632614995448283,1.0080607869911518,0.9632614995448283,1.0080607869911518,0,0.0,0,0.0,0.0,0,0,0,0,0.024367500001972076,0.25382812502054247,0.0,0.0,0.0,0.0,1.5434153000533115,16.07724270888866,0.09922689993982203,1.5677828000552836,96,4.645222912921798e-08,4.9032275115101775e-08
100,83,98,9408,0.45,0.375,0.0,0,0,0,0,0,0,0.9578007777015233,0.9628051909540075,1.0235684324704595,0.9628051909540075,1.0235684324704595,0,0.0,0,0.0,0.0,0,0,0,0,0.026640599986421876,0.2775062498585612,0.0,0.0,0.0,0.0,1.6907763999988674,17.612254166654868,0.10805820000678068,1.7174169999852893,96,4.1717338750135724e-08,7.109757328011002e-08
100,84,99,9504,0.45,0.375,0.0,0,0,0,0,0,0,1.4492547037167658,0.9585272122192956,1.0081331744166262,0.9585272122192956,1.0081331744166262,0,0.0,0,0.0,0.0,0,0,0,0,0.027142300030391198,0.2827322919832416,0.0,0.0,0.0,0.0,1.7265354999908595,17.984744791571455,0.11105140001745895,1.7536778000212507,96,9.869384865780761e-08,9.880518278548855e-08
100,85,100,9600,0.45,0.375,0.0,0,0,0,0,0,0,1.5060792585715317,0.9585164103473467,1.0065530622384804,0.9585164103473467,1.0065530622384804,0,0.0,0,0.0,0.0,0,0,0,0,0.026338500021665823,0.27435937522568565,0.0,0.0,0.0,0.0,1.6311680999860982,16.99133437485519,0.10355590002291137,1.657506600007764,96,9.144420119559793e-08,9.676898560240232e-08
100,86,101,9696,0.45,0.375,0.0,0,0,0,0,0,0,1.6025889516345504,0.9581170077732045,1.0048382604420032,0.9581170077732045,1.0048382604420032,0,0.0,0,0.0,0.0,0,0,0,0,0.026427099990542047,0.2752822915681463,0.0,0.0,0.0,0.0,1.6464033999945968,17.150035416610383,0.10434569996141363,1.6728304999851389,96,9.750309653416833e-08,9.755150097434662e-08
100,87,102,9792,0.45,0.375,0.0,0,0,0,0,0,0,1.5078662108992777,0.9582770948848887,1.0026149579462604,0.9582770948848887,1.0026149579462604,0,0.0,0,0.0,0.0,0,0,0,0,0.025431899979594164,0.2649156247874392,0.0,0.0,0.0,0.0,1.647222400031751,17.158566666997405,0.10419079998246161,1.6726543000113452,96,9.693959674046682e-08,9.972784140166446e-08
100,88,103,9888,0.45,0.375,0.0,0,0,0,0,0,0,0.8834901978320142,0.9630956361762634,1.0062396959658604,0.9630956361762634,1.0062396959658604,0,0.0,0,0.0,0.0,0,0,0,0,0.024654699984239414,0.2568197915024939,0.0,0.0,0.0,0.0,1.5523641999898246,16.170460416560672,0.09859150001284434,1.577018899974064,96,1.8949157624958968e-08,3.1039136053068184e-08
100,89,104,9984,0.45,0.375,0.0,0,0,0,0,0,0,0.9686269840929099,0.9632018240038125,1.0021222746192102,0.9632018240038125,1.0021222746192102,0,0.0,0,0.0,0.0,0,0,0,0,0.02408549997926457,0.2508906247840059,0.0,0.0,0.0,0.0,1.5433562999387505,16.076628124361985,0.09992510002484778,1.567441799918015,96,3.662171738604003e-08,4.2665396493557495e-08
100,90,105,10080,0.45,0.375,0.0,0,0,0,0,0,0,0.7814488196842052,0.9632087189841291,1.0048857483810643,0.9632087189841291,1.0048857483810643,0,0.0,0,0.0,0.0,0,0,0,0,0.025502800002868753,0.2656541666965495,0.0,0.0,0.0,0.0,1.585999900031311,16.52083229199282,0.10208879999117926,1.6115027000341797,96,1.0084287944620018e-08,2.1941352554288862e-08
100,91,106,10176,0.45,0.375,0.0,0,0,0,0,0,0,0.8343679595982171,0.9628554940807846,1.004199449566614,0.9628554940807846,1.004199449566614,0,0.0,0,0.0,0.0,0,0,0,0,0.02684159996715607,0.27959999965787574,0.0,0.0,0.0,0.0,1.6526620000004186,17.215229166671026,0.10408510005072458,1.6795035999675747,96,2.0826428012710174e-08,3.290161698643601e-08
100,92,108,10368,0.45,0.375,0.0,0,0,0,0,0,0,1.5495176031020856,0.9588290615989326,1.0036586705871198,0.9588290615989326,1.0036586705871198,0,0.0,0,0.0,0.0,0,0,0,0,0.028139100060798228,0.2931156256333149,0.0,0.0,0.0,0.0,1.7592861000739504,18.325896875770315,0.1132850999783841,1.7874252001347486,96,9.373072398094484e-08,9.427137820372522e-08
100,93,109,10464,0.45,0.375,0.0,0,0,0,0,0,0,1.486947495566916,0.9588273047154707,1.0095061076877276,0.9588273047154707,1.0095061076877276,0,0.0,0,0.0,0.0,0,0,0,0,0.026400399961858056,0.27500416626935476,0.0,0.0,0.0,0.0,1.6633337000239408,17.326392708582716,0.1076200999887078,1.6897340999857988,96,9.091703079625035e-08,9.2085648759066e-08
100,94,110,10560,0.45,0.375,0.0,0,0,0,0,0,0,1.5067828242714356,0.959041623807045,1.0078327320679277,0.959041623807045,1.0078327320679277,0,0.0,0,0.0,0.0,0,0,0,0,0.025417500044568442,0.2647656254642546,0.0,0.0,0.0,0.0,1.6511066999955801,17.19902812495396,0.10525940000661649,1.6765242000401486,96,8.513664672554766e-08,8.862486439165096e-08
100,95,111,10656,0.45,0.375,0.0,0,0,0,0,0,0,1.1146262053528095,0.9630652048157265,1.0030885432761214,0.9630652048157265,1.0030885432761214,0,0.0,0,0.0,0.0,0,0,0,0,0.025622800036217086,0.266904167043928,0.0,0.0,0.0,0.0,1.6495386000460712,17.18269375047991,0.10331079998286441,1.6751614000822883,96,6.50737940442736e-08,6.148942466310814e-08
100,96,112,10752,0.45,0.375,0.0,0,0,0,0,0,0,0.9161445307261996,0.9626351641541118,1.0068867411728506,0.9626351641541118,1.0068867411728506,0,0.0,0,0.0,0.0,0,0,0,0,0.025735000002896413,0.26807291669683764,0.0,0.0,0.0,0.0,1.575568700041913,16.412173958769927,0.10069339998153737,1.6013037000448094,96,3.570318233767078e-08,4.353906929432938e-08
100,97,113,10848,0.45,0.375,0.0,0,0,0,0,0,0,1.475098426467332,0.9587409201696387,1.0113348934837219,0.9587409201696387,1.0113348934837219,0,0.0,0,0.0,0.0,0,0,0,0,0.024347600010514725,0.25362083344286174,0.0,0.0,0.0,0.0,1.512276000023121,15.752875000240845,0.09703909998643212,1.5366236000336357,96,9.14246331071289e-08,9.511985470112005e-08
100,98,115,11040,0.45,0.375,0.0,0,0,0,0,0,0,1.652068111888021,0.9578282613386825,1.0024065421288697,0.9578282613386825,1.0024065421288697,0,0.0,0,0.0,0.0,0,0,0,0,0.024513699965609703,0.2553510413084344,0.0,0.0,0.0,0.0,1.5115811000068788,15.745636458404988,0.09571259998483583,1.5360947999724885,96,9.756622681642013e-08,9.825562731491377e-08
100,99,116,11136,0.45,0.375,0.0,0,0,0,0,0,0,1.6148180099314946,0.9585259492110249,1.0028712273620803,0.9585259492110249,1.0028712273620803,0,0.0,0,0.0,0.0,0,0,0,0,0.02551059997495031,0.2657354164057324,0.0,0.0,0.0,0.0,1.646254500039504,17.1484843754115,0.1047294999807491,1.6717651000144542,96,9.390962956053184e-08,9.477776286015427e-08
100,100,117,11232,0.45,0.375,0.0,0,0,0,0,0,0,1.5351096563880455,0.958683889455181,1.002156844087499,0.958683889455181,1.002156844087499,0,0.0,0,0.0,0.0,0,0,0,0,0.02751300004456425,0.28659375046421093,0.0,0.0,0.0,0.0,1.7812405000222498,18.554588541898436,0.11373549998097587,1.808753500066814,96,9.459637030292956e-08,9.670572183317905e-08
100,101,118,11328,0.45,0.375,0.0,0,0,0,0,0,0,0.9611140943791514,0.9630889447496058,1.0078428846629701,0.9630889447496058,1.0078428846629701,0,0.0,0,0.0,0.0,0,0,0,0,0.026792400036356412,0.2790875003787126,0.0,0.0,0.0,0.0,1.7097484999758308,17.80988020808157,0.10956809999333927,1.7365409000121872,96,2.9814019898710686e-08,3.9353460282165464e-08
100,102,121,11616,0.45,0.375,0.0,0,0,0,0,0,0,1.6453977732846163,0.9579113796712878,1.0014518406577946,0.9579113796712878,1.0014518406577946,0,0.0,0,0.0,0.0,0,0,0,0,0.025273400016885716,0.2632645835092262,0.0,0.0,0.0,0.0,1.613268099972629,16.80487604138155,0.10319040003378177,1.6385414999895147,96,9.714485409671736e-08,9.728181211976494e-08
100,103,122,11712,0.45,0.375,0.0,0,0,0,0,0,0,1.5759067680689023,0.958714407265645,1.0041210465544321,0.958714407265645,1.0041210465544321,0,0.0,0,0.0,0.0,0,0,0,0,0.027612599995336495,0.2876312499514218,0.0,0.0,0.0,0.0,1.7471822999505093,18.199815624484472,0.11220750002394198,1.7747948999458458,96,9.884105442101165e-08,9.441051551650759e-08
100,104,123,11808,0.45,0.375,0.0,0,0,0,0,0,0,1.7634562156245057,0.9576936969756609,1.0006543802171428,0.9576936969756609,1.0006543802171428,0,0.0,0,0.0,0.0,0,0,0,0,0.026200499989499804,0.272921874890623,0.0,0.0,0.0,0.0,1.6488200999519904,17.1752093744999,0.10511540000152308,1.6750205999414902,96,8.26573799770497e-08,6.574200878128877e-08
100,105,124,11904,0.45,0.375,0.0,0,0,0,0,0,0,1.585916577962433,0.9575295771236285,1.0005579002663116,0.9575295771236285,1.0005579002663116,0,0.0,0,0.0,0.0,0,0,0,0,0.025770899970666505,0.2684468746944428,0.0,0.0,0.0,0.0,1.621730100021523,16.893021875224196,0.10465579996525776,1.6475009999921895,96,9.579360032638262e-08,9.78148401858947e-08
100,106,125,12000,0.45,0.375,0.0,0,0,0,0,0,0,0.9766115283760333,0.9629300156237943,1.0099961349806552,0.9629300156237943,1.0099961349806552,0,0.0,0,0.0,0.0,0,0,0,0,0.024218699982156977,0.2522781248141352,0.0,0.0,0.0,0.0,1.5665393000963377,16.31811770933685,0.0996751999555272,1.5907580000784947,96,2.3559311983917253e-08,9.556458542905877e-08
100,107,126,12096,0.45,0.375,0.0,0,0,0,0,0,0,0.8701959522374834,0.9627076916301562,1.0056833535490002,0.9627076916301562,1.0056833535490002,0,0.0,0,0.0,0.0,0,0,0,0,0.025844999952823855,0.2692187495085818,0.0,0.0,0.0,0.0,1.614407199966081,16.816741666313344,0.10272620002069743,1.6402521999189048,96,2.5296125168508543e-08,3.715930022019087e-08
100,108,127,12192,0.45,0.375,0.0,0,0,0,0,0,0,1.7174166771107764,0.9579184673269763,1.0,0.9579184673269763,1.0,0,0.0,0,0.0,0.0,0,0,0,0,0.02573939998546848,0.26811874984863,0.0,0.0,0.0,0.0,1.5805555000988534,16.46411979269639,0.0997608999532531,1.6062949000843219,96,9.133151815561569e-08,7.257091559631501e-08
100,109,128,12288,0.45,0.375,0.0,0,0,0,0,0,0,1.3891621366078477,0.959959299117468,1.0060574094108066,0.959959299117468,1.0060574094108066,0,0.0,0,0.0,0.0,0,0,0,0,0.026952099971822463,0.28075104137315066,0.0,0.0,0.0,0.0,1.7000089999492047,17.708427082804217,0.10860909999610158,1.7269610999210272,96,9.137366589057061e-08,9.491513269788143e-08
100,110,130,12480,0.45,0.375,0.0,0,0,0,0,0,0,1.378685514701341,0.9600272017604266,1.014288185668965,0.9600272017604266,1.014288185668965,0,0.0,0,0.0,0.0,0,0,0,0,0.024829200017848052,0.2586375001859172,0.0,0.0,0.0,0.0,1.5813409000693355,16.47230104238891,0.1019595999532612,1.6061701000871835,96,8.347527034185953e-08,8.839817575850839e-08
100,111,131,12576,0.45,0.375,0.0,0,0,0,0,0,0,1.3539053030015742,0.9596014862947181,1.0070255143689388,0.9596014862947181,1.0070255143689388,0,0.0,0,0.0,0.0,0,0,0,0,0.026979400026903022,0.2810354169469065,0.0,0.0,0.0,0.0,1.6780459999790764,17.47964583311538,0.10668459997395985,1.7050254000059795,96,9.364795016710004e-08,9.544519147253183e-08
100,112,132,12672,0.45,0.375,0.0,0,0,0,0,0,0,0.9375873121292512,0.9631128469587248,1.0085764839102724,0.9631128469587248,1.0085764839102724,0,0.0,0,0.0,0.0,0,0,0,0,0.026824000058695674,0.27941666727807996,0.0,0.0,0.0,0.0,1.7109475999313872,17.822370832618617,0.11075710003933636,1.737771599990083,96,2.0039479342419397e-08,4.8879252034783605e-08
100,113,133,12768,0.45,0.375,0.0,0,0,0,0,0,0,0.8015801550339174,0.9629332073176177,1.0086840259009235,0.9629332073176177,1.0086840259009235,0,0.0,0,0.0,0.0,0,0,0,0,0.025868899989291094,0.26946770822178223,0.0,0.0,0.0,0.0,1.649954600026831,17.187027083612822,0.10467040001094574,1.6758235000161221,96,1.4801375021467056e-08,4.6884041605618765e-08
100,114,134,12864,0.45,0.375,0.0,0,0,0,0,0,0,1.2766904748517154,0.9608464260272459,1.0098074881926824,0.9608464260272459,1.0098074881926824,0,0.0,0,0.0,0.0,0,0,0,0,0.02444799998193048,0.2546666664784425,0.0,0.0,0.0,0.0,1.576037799968617,16.417060416339762,0.1021435000366182,1.6004857999505475,96,9.14066130772162e-08,9.999618383327302e-08
100,115,135,12960,0.45,0.375,0.0,0,0,0,0,0,0,1.369060196782023,0.9603878963630968,1.0088591964288447,0.9603878963630968,1.0088591964288447,0,0.0,0,0.0,0.0,0,0,0,0,0.024924600009399,0.2596312500979063,0.0,0.0,0.0,0.0,1.607532900008664,16.74513437509025,0.10226929998316336,1.632457500018063,96,9.113860611510705e-08,9.209877090132768e-08
100,116,136,13056,0.45,0.375,0.0,0,0,0,0,0,0,1.3999094232756937,0.9604138188134148,1.0160366138292547,0.9604138188134148,1.0160366138292547,0,0.0,0,0.0,0.0,0,0,0,0,0.0250669999877573,0.2611145832058052,0.0,0.0,0.0,0.0,1.627157899980375,16.94956145812891,0.10314189999189693,1.6522248999681324,96,8.799182178893805e-08,9.465162729982435e-08
100,117,137,13152,0.45,0.375,0.0,0,0,0,0,0,0,1.3761451317560423,0.9602856497511508,1.008375766242852,0.9602856497511508,1.008375766242852,0,0.0,0,0.0,0.0,0,0,0,0,0.025386199973581824,0.264439583058144,0.0,0.0,0.0,0.0,1.6534016000441625,17.22293333379336,0.10516939999070019,1.6787878000177443,96,8.970320493351114e-08,9.341809957541525e-08
100,118,139,13344,0.45,0.375,0.0,0,0,0,0,0,0,0.9104938395657816,0.9630788475002549,1.0086983567519183,0.9630788475002549,1.0086983567519183,0,0.0,0,0.0,0.0,0,0,0,0,0.026384100048744585,0.2748343755077561,0.0,0.0,0.0,0.0,1.6912381000001915,17.61706354166866,0.10686169999826234,1.717622200048936,96,1.561011616409841e-08,5.536500789077303e-08
100,119,140,13440,0.45,0.375,0.0,0,0,0,0,0,0,0.8308835104876419,0.9628347444274244,1.0132346921161761,0.9628347444274244,1.0132346921161761,0,0.0,0,0.0,0.0,0,0,0,0,0.024538500008929987,0.2556093750930207,0.0,0.0,0.0,0.0,1.5361411999620032,16.00147083293753,0.0984087000033469,1.5606796999709331,96,3.012088189979778e-08,9.34717223760595e-08
100,120,141,13536,0.45,0.375,0.0,0,0,0,0,0,0,1.2519471132179087,0.9612746279615313,1.0116497040593444,0.9612746279615313,1.0116497040593444,0,0.0,0,0.0,0.0,0,0,0,0,0.025868399970931932,0.26946249969720765,0.0,0.0,0.0,0.0,1.5712825999580673,16.367527082896533,0.10342859999946086,1.5971509999289992,96,7.959896004480771e-08,9.229863377063774e-08
100,121,142,13632,0.45,0.375,0.0,0,0,0,0,0,0,1.346156430180306,0.9602925336753413,1.0111183298060584,0.9602925336753413,1.0111183298060584,0,0.0,0,0.0,0.0,0,0,0,0,0.026730199962912593,0.27843958294700616,0.0,0.0,0.0,0.0,1.645083000017621,17.136281250183554,0.10450790001050336,1.6718131999805337,96,8.753987376132477e-08,8.943730728239174e-08
100,122,144,13824,0.45,0.375,0.0,0,0,0,0,0,0,0.8343335618543338,0.9630951234250861,1.0132982254531733,0.9630951234250861,1.0132982254531733,0,0.0,0,0.0,0.0,0,0,0,0,0.024558200006140396,0.2558145833972958,0.0,0.0,0.0,0.0,1.5952135001280112,16.616807293000118,0.10103689994139131,1.6197717001341516,96,2.801845117028634e-08,9.337557577843159e-08
100,123,145,13920,0.45,0.375,0.0,0,0,0,0,0,0,1.057673418916599,0.9633338689925702,1.0216708771604814,0.9633338689925702,1.0216708771604814,0,0.0,0,0.0,0.0,0,0,0,0,0.026847799963434227,0.27966458295243984,0.0,0.0,0.0,0.0,1.6663152999826707,17.357451041486154,0.10592800000449643,1.693163099946105,96,4.61731922141162e-08,9.527638508005642e-08
100,124,146,14016,0.45,0.375,0.0,0,0,0,0,0,0,0.9829723446094105,0.9630403053531079,1.0248968600439357,0.9630403053531079,1.0248968600439357,0,0.0,0,0.0,0.0,0,0,0,0,0.026472500008821953,0.27575520842522866,0.0,0.0,0.0,0.0,1.7177700999600347,17.89343854125036,0.10957310005323961,1.7442425999688567,96,6.219660175776909e-08,9.968633867159238e-08
100,125,147,14112,0.45,0.375,0.0,0,0,0,0,0,0,0.8851879315963649,0.9628144224372355,1.0214373894330955,0.9628144224372355,1.0214373894330955,0,0.0,0,0.0,0.0,0,0,0,0,0.02545109996572137,0.2651156246429309,0.0,0.0,0.0,0.0,1.6168610000531771,16.84230208388726,0.10264569996797945,1.6423121000188985,96,3.289390843042028e-08,8.858825046361568e-08
100,126,148,14208,0.45,0.375,0.0,0,0,0,0,0,0,1.3320873130889987,0.9602851040437523,1.0127332533575988,0.9602851040437523,1.0127332533575988,0,0.0,0,0.0,0.0,0,0,0,0,0.02628069993807003,0.2737572910215628,0.0,0.0,0.0,0.0,1.5798876000044402,16.457162500046252,0.10105909999401774,1.6061682999425102,96,9.433681177374587e-08,9.99837381984725e-08
100,127,150,14400,0.45,0.375,0.0,0,0,0,0,0,0,1.3349907294597416,0.9608339534083233,1.0092870024658216,0.9608339534083233,1.0092870024658216,0,0.0,0,0.0,0.0,0,0,0,0,0.0259245000052033,0.27004687505420105,0.0,0.0,0.0,0.0,1.6259547999725328,16.93702916638055,0.1045703000127105,1.651879299977736,96,9.905859773944037e-08,9.041719803426496e-08
100,128,152,14592,0.45,0.375,0.0,0,0,0,0,0,0,1.2540660123924665,0.9617515746586915,1.0125897252596856,0.9617515746586915,1.0125897252596856,0,0.0,0,0.0,0.0,0,0,0,0,0.025654600009147543,0.26723541676195356,0.0,0.0,0.0,0.0,1.5926749999707681,16.590364583028833,0.0993499999967753,1.6183295999799157,96,9.439196749748413e-08,9.832576190749176e-08
100,129,153,14688,0.45,0.375,0.0,0,0,0,0,0,0,0.8952575375755468,0.9632782476840982,1.009788553255122,0.9632782476840982,1.009788553255122,0,0.0,0,0.0,0.0,0,0,0,0,0.02660840001772158,0.2771708335179331,0.0,0.0,0.0,0.0,1.656123300024774,17.251284375258063,0.10588560000178404,1.6827317000424955,96,1.3310891165338457e-08,8.879920875004554e-08
100,130,154,14784,0.45,0.375,0.0,0,0,0,0,0,0,0.7192818111129776,0.9641802334185688,1.0069723545882259,0.9641802334185688,1.0069723545882259,0,0.0,0,0.0,0.0,0,0,0,0,0.02551280000625411,0.2657583333984803,0.0,0.0,0.0,0.0,1.6443374999871594,17.128515624866242,0.10406939998938469,1.6698502999934135,96,5.385228790677488e-09,1.5036231656474774e-08
100,131,155,14880,0.45,0.375,0.0,0,0,0,0,0,0,0.7391469499074401,0.9632771233497242,1.0096226498762257,0.9632771233497242,1.0096226498762257,0,0.0,0,0.0,0.0,0,0,0,0,0.024809099995763972,0.2584281249558747,0.0,0.0,0.0,0.0,1.5735755000278004,16.391411458622922,0.10199979995377362,1.5983846000235644,96,1.4615439830611976e-08,6.70427412327243e-08
100,132,156,14976,0.45,0.375,0.0,0,0,0,0,0,0,1.332553970033789,0.9607037609337771,1.0031250141035568,0.9607037609337771,1.0031250141035568,0,0.0,0,0.0,0.0,0,0,0,0,0.02371869996568421,0.24706979130921053,0.0,0.0,0.0,0.0,1.5317200999561464,15.955417707876524,0.09684950003429549,1.5554387999218307,96,8.823633878239645e-08,9.129601394319842e-08
100,133,157,15072,0.45,0.375,0.0,0,0,0,0,0,0,1.3864635937203522,0.960270471369161,1.0072773493303475,0.960270471369161,1.0072773493303475,0,0.0,0,0.0,0.0,0,0,0,0,0.02744910003093537,0.28592812532224343,0.0,0.0,0.0,0.0,1.709696600017196,17.809339583512457,0.10910139996849466,1.7371457000481314,96,8.863253516538938e-08,9.210190901609572e-08
100,134,158,15168,0.45,0.375,0.0,0,0,0,0,0,0,1.2806301158602509,0.961367842625758,1.0091154997411216,0.961367842625758,1.0091154997411216,0,0.0,0,0.0,0.0,0,0,0,0,0.028179500019177794,0.293536458533102,0.0,0.0,0.0,0.0,1.741110299990396,18.13656562489996,0.11067219997494249,1.7692898000095738,96,8.605250487007943e-08,9.106385284729512e-08
100,135,159,15264,0.45,0.375,0.0,0,0,0,0,0,0,1.277187280092455,0.9615288202066993,1.0070334280537305,0.9615288202066993,1.0070334280537305,0,0.0,0,0.0,0.0,0,0,0,0,0.026484800029720645,0.2758833336429234,0.0,0.0,0.0,0.0,1.7038500999988173,17.748438541654348,0.10940159996243892,1.730334900028538,96,9.822135454799763e-08,9.62245721297661e-08
100,136,160,15360,0.45,0.375,0.0,0,0,0,0,0,0,0.9343525040488201,0.9631815330701635,1.016349653379732,0.9631815330701635,1.016349653379732,0,0.0,0,0.0,0.0,0,0,0,0,0.026312000016332604,0.27408333350346464,0.0,0.0,0.0,0.0,1.6817612999511766,17.518346874491424,0.10849440001038602,1.7080732999675092,96,2.228874099174938e-08,9.15840497710263e-08
100,137,161,15456,0.45,0.375,0.0,0,0,0,0,0,0,0.9200851065700487,0.9628751144263219,1.0240162232117085,0.9628751144263219,1.0240162232117085,0,0.0,0,0.0,0.0,0,0,0,0,0.025351000040245708,0.2640729170858928,0.0,0.0,0.0,0.0,1.667103399973712,17.36566041639283,0.10665490000974387,1.6924544000139576,96,4.7687625792658395e-08,8.00950954605445e-08
100,138,162,15552,0.45,0.375,0.0,0,0,0,0,0,0,1.347998037783585,0.9605750897287845,1.0077129193865555,0.9605750897287845,1.0077129193865555,0,0.0,0,0.0,0.0,0,0,0,0,0.025919199935742654,0.26999166599731933,0.0,0.0,0.0,0.0,1.6628384000214282,17.321233333556545,0.10556530002941145,1.688757599957171,96,9.866870660790727e-08,9.869328944367428e-08
100,139,163,15648,0.45,0.375,0.0,0,0,0,0,0,0,1.332128904174184,0.9611140148462671,1.007261485369223,0.9611140148462671,1.007261485369223,0,0.0,0,0.0,0.0,0,0,0,0,0.024706199998036027,0.25735624997954193,0.0,0.0,0.0,0.0,1.506517900088511,15.692894792588657,0.0952937999390997,1.531224100086547,96,9.694972598166263e-08,9.845732021340758e-08
100,140,165,15840,0.45,0.375,0.0,0,0,0,0,0,0,1.0500390682446843,0.9634702131040233,1.0184660541099988,0.9634702131040233,1.0184660541099988,0,0.0,0,0.0,0.0,0,0,0,0,0.02601950002281228,0.27103645857096126,0.0,0.0,0.0,0.0,1.668551099995966,17.38074062495798,0.10601250002946472,1.6945706000187784,96,4.055952949368058e-08,8.6854246000162e-08
100,141,166,15936,0.45,0.375,0.0,0,0,0,0,0,0,1.152976520205535,0.9627811414595019,1.0072979410598077,0.9627811414595019,1.0072979410598077,0,0.0,0,0.0,0.0,0,0,0,0,0.0241346000257181,0.25140208360123023,0.0,0.0,0.0,0.0,1.4783057000822737,15.399017709190352,0.09524779998173472,1.5024403001079918,96,7.109956744882906e-08,6.731473586873982e-08
100,142,168,16128,0.45,0.375,0.0,0,0,0,0,0,0,0.8781374942037528,0.9628983004718548,1.0210264745756432,0.9628983004718548,1.0210264745756432,0,0.0,0,0.0,0.0,0,0,0,0,0.02691269996284973,0.280340624613018,0.0,0.0,0.0,0.0,1.6915495999419363,17.620308332728502,0.10739210006431676,1.718462299904786,96,2.9291713082857385e-08,9.014475867586552e-08
100,143,169,16224,0.45,0.375,0.0,0,0,0,0,0,0,1.3227578242473066,0.9608113128060469,1.0163047651458283,0.9608113128060469,1.0163047651458283,0,0.0,0,0.0,0.0,0,0,0,0,0.025040900000021793,0.2608427083335603,0.0,0.0,0.0,0.0,1.5994217999395914,16.660643749370745,0.10253960004774854,1.6244626999396132,96,9.550025815291407e-08,9.666939047858758e-08
100,144,170,16320,0.45,0.375,0.0,0,0,0,0,0,0,1.3892229158600746,0.9605964711253759,1.0121215926289064,0.9605964711253759,1.0121215926289064,0,0.0,0,0.0,0.0,0,0,0,0,0.02338979996420676,0.24364374962715374,0.0,0.0,0.0,0.0,1.4652819000184536,15.263353125192225,0.0923418999882415,1.4886716999826604,96,9.411221042060491e-08,9.490915942045319e-08
100,145,171,16416,0.45,0.375,0.0,0,0,0,0,0,0,1.3641317602644556,0.960991267200631,1.0126947741288344,0.960991267200631,1.0126947741288344,0,0.0,0,0.0,0.0,0,0,0,0,0.024605699967651162,0.25630937466303294,0.0,0.0,0.0,0.0,1.6062829000074998,16.73211354174479,0.10314469998411369,1.630888599975151,96,9.373558639350077e-08,9.035629584819294e-08
100,146,172,16512,0.45,0.375,0.0,0,0,0,0,0,0,1.4585706889791867,0.959597881813772,1.0100399487471245,0.959597881813772,1.0100399487471245,0,0.0,0,0.0,0.0,0,0,0,0,0.024636999958602246,0.25663541623544006,0.0,0.0,0.0,0.0,1.5271867000119528,15.908194791791175,0.09611669999867445,1.551823699970555,96,8.942663274821849e-08,9.756792491988353e-08
100,147,174,16704,0.45,0.375,0.0,0,0,0,0,0,0,0.971647948738747,0.9631792342130502,1.0095157003314492,0.9631792342130502,1.0095157003314492,0,0.0,0,0.0,0.0,0,0,0,0,0.025514399967505597,0.26577499966151663,0.0,0.0,0.0,0.0,1.5889105999958701,16.551152083290315,0.10193379998963792,1.6144249999633757,96,2.1040143108677634e-08,7.555299684491867e-08
100,148,176,16896,0.45,0.375,0.0,0,0,0,0,0,0,1.2953252262063681,0.960974531453141,1.0089725070315876,0.960974531453141,1.0089725070315876,0,0.0,0,0.0,0.0,0,0,0,0,0.026197399987722747,0.27288958320544526,0.0,0.0,0.0,0.0,1.7249284999925294,17.968005208255516,0.1105499999539461,1.7511258999802521,96,8.852106979720387e-08,8.94717968463743e-08
100,149,177,16992,0.45,0.375,0.0,0,0,0,0,0,0,1.3768747159755392,0.9605903165779142,1.006359530293822,0.9605903165779142,1.006359530293822,0,0.0,0,0.0,0.0,0,0,0,0,0.02563539998664055,0.26703541652750573,0.0,0.0,0.0,0.0,1.6347495999725652,17.02864166638089,0.10602100003598025,1.6603849999592057,96,9.657989384799504e-08,9.683043117325596e-08
100,150,178,17088,0.45,0.375,0.0,0,0,0,0,0,0,1.4027492095128953,0.9601477039450417,1.00513632321826,0.9601477039450417,1.00513632321826,0,0.0,0,0.0,0.0,0,0,0,0,0.025029200041899458,0.260720833769786,0.0,0.0,0.0,0.0,1.5790648000183864,16.448591666858192,0.10153609998815227,1.604094000060286,96,9.731110695021528e-08,9.32942770953682e-08
100,151,180,17280,0.45,0.375,0.0,0,0,0,0,0,0,1.3430421964921666,0.959907187067799,1.006003984270335,0.959907187067799,1.006003984270335,0,0.0,0,0.0,0.0,0,0,0,0,0.024276299969642423,0.25287812468377524,0.0,0.0,0.0,0.0,1.49051890004921,15.526238542179271,0.0942330999969272,1.5147952000188525,96,9.362587221348542e-08,9.258986716220718e-08
100,152,181,17376,0.45,0.375,0.0,0,0,0,0,0,0,0.9575109025963442,0.9631753265772833,1.0038157108280144,0.9631753265772833,1.0038157108280144,0,0.0,0,0.0,0.0,0,0,0,0,0.02622419997351244,0.27316874972408794,0.0,0.0,0.0,0.0,1.6439469999750145,17.1244479164064,0.10567529997933889,1.670171199948527,96,2.0683185364064882e-08,2.98783822683113e-08
100,153,183,17568,0.45,0.375,0.0,0,0,0,0,0,0,1.2569632192564864,0.9614925535413007,1.0103511173086062,0.9614925535413007,1.0103511173086062,0,0.0,0,0.0,0.0,0,0,0,0,0.02594680002948735,0.27027916697382653,0.0,0.0,0.0,0.0,1.6145431000259123,16.818157291936586,0.10295789998781402,1.6404899000553996,96,9.621030753331761e-08,9.783142233821263e-08
100,154,184,17664,0.45,0.375,0.0,0,0,0,0,0,0,1.322058841056674,0.9612086584269721,1.0089572864989111,0.9612086584269721,1.0089572864989111,0,0.0,0,0.0,0.0,0,0,0,0,0.023937799989653286,0.24935208322555508,0.0,0.0,0.0,0.0,1.5679591000662185,16.332907292356442,0.10015139993629418,1.5918969000558718,96,9.381928544813234e-08,9.683539810290132e-08
100,155,185,17760,0.45,0.375,0.0,0,0,0,0,0,0,1.358350170725127,0.9606912033988682,1.0106308297423456,0.9606912033988682,1.0106308297423456,0,0.0,0,0.0,0.0,0,0,0,0,0.02459530001942767,0.2562010418690382,0.0,0.0,0.0,0.0,1.5710698999537271,16.365311457851323,0.09965000001102453,1.5956651999731548,96,8.866173199263694e-08,9.676174660133707e-08
100,156,187,17952,0.45,0.375,0.0,0,0,0,0,0,0,1.3771263870699204,0.9598296213848122,1.0091669472628289,0.9598296213848122,1.0091669472628289,0,0.0,0,0.0,0.0,0,0,0,0,0.026031800000055227,0.27116458333390864,0.0,0.0,0.0,0.0,1.600514799960365,16.672029166253804,0.1033179000223754,1.6265465999604203,96,9.784592740311356e-08,9.668125328099464e-08
100,157,188,18048,0.45,0.375,0.0,0,0,0,0,0,0,0.9677842629151074,0.9630441421970567,1.010479075617997,0.9630441421970567,1.010479075617997,0,0.0,0,0.0,0.0,0,0,0,0,0.025664899963885546,0.2673427079571411,0.0,0.0,0.0,0.0,1.6070680999473552,16.74029270778495,0.10198710000986466,1.6327329999112408,96,1.9167298321437487e-08,9.293721360201235e-08
100,158,189,18144,0.45,0.375,0.0,0,0,0,0,0,0,0.8589023786292461,0.9628194917471241,1.014630959105852,0.9628194917471241,1.014630959105852,0,0.0,0,0.0,0.0,0,0,0,0,0.026254699936544057,0.2734864576723339,0.0,0.0,0.0,0.0,1.6985792999985279,17.693534374984665,0.10784919997968245,1.724833999935072,96,2.0251365029366752e-08,8.867113525205805e-08
100,159,190,18240,0.45,0.375,0.0,0,0,0,0,0,0,1.4461903942861694,0.9595996837254595,1.0050244690855845,0.9595996837254595,1.0050244690855845,0,0.0,0,0.0,0.0,0,0,0,0,0.026698500012571458,0.2781093751309527,0.0,0.0,0.0,0.0,1.6529798000483424,17.2185395838369,0.10617599997203797,1.679678300060914,96,9.803484632431043e-08,9.887423463306177e-08
100,160,191,18336,0.45,0.375,0.0,0,0,0,0,0,0,1.413580045060324,0.9598001384846503,1.0068345145224682,0.9598001384846503,1.0068345145224682,0,0.0,0,0.0,0.0,0,0,0,0,0.025136299977020826,0.26183645809396694,0.0,0.0,0.0,0.0,1.6272812999450252,16.950846874427345,0.10380870004883036,1.652417599922046,96,9.384846253422674e-08,9.919373801514642e-08
100,161,192,18432,0.45,0.375,0.0,0,0,0,0,0,0,1.5882552309691171,0.9588597640968309,1.0,0.9588597640968309,1.0,0,0.0,0,0.0,0.0,0,0,0,0,0.02444230002583936,0.25460729193582665,0.0,0.0,0.0,0.0,1.6211258999974234,16.88672812497316,0.10398450000502635,1.6455682000232628,96,9.562185716849303e-08,9.718678375958412e-08
100,162,193,18528,0.45,0.375,0.0,0,0,0,0,0,0,1.3102282976872217,0.9611647128431181,1.0102150731984818,0.9611647128431181,1.0102150731984818,0,0.0,0,0.0,0.0,0,0,0,0,0.024885800004994962,0.2592270833853642,0.0,0.0,0.0,0.0,1.574507200057269,16.40111666726322,0.10087570000177948,1.599393000062264,96,8.53380045708757e-08,9.423643813205596e-08
100,163,194,18624,0.45,0.375,0.0,0,0,0,0,0,0,1.3055949141366705,0.9609112054803391,1.0061940024861629,0.9609112054803391,1.0061940024861629,0,0.0,0,0.0,0.0,0,0,0,0,0.02552639995701611,0.26589999955225113,0.0,0.0,0.0,0.0,1.6065510001062648,16.734906251106924,0.10357069997553481,1.632077400063281,96,8.967431477067966e-08,8.807075277394993e-08
100,164,195,18720,0.45,0.375,0.0,0,0,0,0,0,0,0.8932861488452725,0.9632450447567672,1.0074775297881664,0.9632450447567672,1.0074775297881664,0,0.0,0,0.0,0.0,0,0,0,0,0.026501100037421566,0.276053125389808,0.0,0.0,0.0,0.0,1.5960710999934236,16.625740624931495,0.10087350002868334,1.6225722000308451,96,1.247704403770783e-08,2.4615993471019393e-08
100,165,196,18816,0.45,0.375,0.0,0,0,0,0,0,0,0.8011984527186847,0.962879356886234,1.0083198974833663,0.962879356886234,1.0083198974833663,0,0.0,0,0.0,0.0,0,0,0,0,0.0257372000196483,0.2680958335380031,0.0,0.0,0.0,0.0,1.6469845000101486,17.15608854177238,0.10311720000754576,1.672721700029797,96,1.4721061765421428e-08,3.624735129235945e-08
100,166,197,18912,0.45,0.375,0.0,0,0,0,0,0,0,1.2699532004391276,0.9614965911113873,1.0081744397478298,0.9614965911113873,1.0081744397478298,0,0.0,0,0.0,0.0,0,0,0,0,0.02445319997059414,0.2547208330270223,0.0,0.0,0.0,0.0,1.5699946999375243,16.354111457682546,0.1004378000361612,1.5944478999081184,96,8.681154157509641e-08,9.131874971479714e-08
100,167,198,19008,0.45,0.375,0.0,0,0,0,0,0,0,1.3400182704197272,0.9612089220507332,1.0125157836168077,0.9612089220507332,1.0125157836168077,0,0.0,0,0.0,0.0,0,0,0,0,0.026257699959387537,0.27351770791028684,0.0,0.0,0.0,0.0,1.6794060000247555,17.49381250025787,0.1062859999583452,1.705663699984143,96,9.546980627057888e-08,9.891111943383102e-08
100,168,199,19104,0.45,0.375,0.0,0,0,0,0,0,0,1.388995880007736,0.9606974586834295,1.0143312450895152,0.9606974586834295,1.0143312450895152,0,0.0,0,0.0,0.0,0,0,0,0,0.02608750002400484,0.2717447919167171,0.0,0.0,0.0,0.0,1.6500838999636471,17.188373957954656,0.10683320002863184,1.676171399987652,96,9.180700781194484e-08,9.983834457077956e-08
100,169,200,19200,0.45,0.375,0.0,0,0,0,0,0,0,1.3853785768493392,0.9605217264836536,1.0042706841788303,0.9605217264836536,1.0042706841788303,0,0.0,0,0.0,0.0,0,0,0,0,0.02728070004377514,0.2841739587893244,0.0,0.0,0.0,0.0,1.7174250999742071,17.88984479139799,0.11059900000691414,1.7447058000179823,96,9.647941646984126e-08,9.973721869227514e-08
100,170,202,19392,0.45,0.375,0.0,0,0,0,0,0,0,0.9288839653806658,0.9631871598686014,1.0093129283622375,0.9631871598686014,1.0093129283622375,0,0.0,0,0.0,0.0,0,0,0,0,0.02849440003046766,0.29681666698403814,0.0,0.0,0.0,0.0,1.7565138999998453,18.297019791665054,0.11361330000363523,1.785008300030313,96,1.5190648656494832e-08,6.787565953736419e-08
100,171,203,19488,0.45,0.375,0.0,0,0,0,0,0,0,0.7876896477941069,0.9629709954333635,1.007981814893811,0.9629709954333635,1.007981814893811,0,0.0,0,0.0,0.0,0,0,0,0,0.02679620002163574,0.27912708355870564,0.0,0.0,0.0,0.0,1.6613294000271708,17.30551458361636,0.10524649995932123,1.6881256000488065,96,1.2739605785225261e-08,2.973472557586676e-08
100,172,204,19584,0.45,0.375,0.0,0,0,0,0,0,0,1.3477923051291227,0.9610302427040263,1.0009661280578168,0.9610302427040263,1.0009661280578168,0,0.0,0,0.0,0.0,0,0,0,0,0.025248700003430713,0.2630072917024033,0.0,0.0,0.0,0.0,1.61425310006598,16.815136459020625,0.10245269997540163,1.6395018000694108,96,9.293377118205215e-08,8.843771076572082e-08
100,173,205,19680,0.45,0.375,0.0,0,0,0,0,0,0,1.5553678246243376,0.958430786037853,1.0,0.958430786037853,1.0,0,0.0,0,0.0,0.0,0,0,0,0,0.02503630000137491,0.2607947916809887,0.0,0.0,0.0,0.0,1.5812802000509691,16.471668750530927,0.10033599997404963,1.606316500052344,96,9.938986339670663e-08,9.948742933640897e-08
100,174,206,19776,0.45,0.375,0.0,0,0,0,0,0,0,1.498619156591601,0.9589636789341717,1.0001378554901474,0.9589636789341717,1.0001378554901474,0,0.0,0,0.0,0.0,0,0,0,0,0.026329200038162526,0.2742625003975263,0.0,0.0,0.0,0.0,1.6172685999772511,16.8465479164297,0.10256280002795393,1.6435978000154137,96,9.822299969035331e-08,9.962085614767524e-08
100,175,207,19872,0.45,0.375,0.0,0,0,0,0,0,0,1.42405770922977,0.9605912437522262,1.0016189457861762,0.9605912437522262,1.0016189457861762,0,0.0,0,0.0,0.0,0,0,0,0,0.025120199999946635,0.2616687499994441,0.0,0.0,0.0,0.0,1.6498056000491488,17.185475000511968,0.10509769997588592,1.6749258000490954,96,9.236812787728754e-08,9.575426070107529e-08
100,176,208,19968,0.45,0.375,0.0,0,0,0,0,0,0,1.2037533937970695,0.9616427614186056,1.006513129600186,0.9616427614186056,1.006513129600186,0,0.0,0,0.0,0.0,0,0,0,0,0.02513780003937427,0.26185208374348196,0.0,0.0,0.0,0.0,1.605922599992482,16.728360416588355,0.10331060003954917,1.6310604000318563,96,9.104216266292431e-08,7.289955049338825e-08
100,177,210,20160,0.45,0.375,0.0,0,0,0,0,0,0,0.8312388119978027,0.9629623861975546,1.0158351769964535,0.9629623861975546,1.0158351769964535,0,0.0,0,0.0,0.0,0,0,0,0,0.024410500001977198,0.2542760416872625,0.0,0.0,0.0,0.0,1.5805016000085743,16.46355833342265,0.10038750003150199,1.6049121000105515,96,2.282197097969174e-08,8.683239878428534e-08
100,178,211,20256,0.45,0.375,0.0,0,0,0,0,0,0,1.2324937127268962,0.96167981409105,1.0095788762284568,0.96167981409105,1.0095788762284568,0,0.0,0,0.0,0.0,0,0,0,0,0.02643269996769959,0.2753406246635374,0.0,0.0,0.0,0.0,1.7262592000188306,17.981866666862818,0.11096099998394493,1.7526918999865302,96,9.703425625506856e-08,9.497294391896949e-08
100,179,212,20352,0.45,0.375,0.0,0,0,0,0,0,0,1.3287131783331518,0.960774745108037,1.0084197500346113,0.960774745108037,1.0084197500346113,0,0.0,0,0.0,0.0,0,0,0,0,0.02666399998270208,0.27774999981981335,0.0,0.0,0.0,0.0,1.6968879999767523,17.675916666424502,0.10728130003553815,1.7235519999594544,96,8.657103563528001e-08,8.855551660025274e-08
100,180,213,20448,0.45,0.375,0.0,0,0,0,0,0,0,1.311053159371461,0.9610277855651228,1.0080779161541091,0.9610277855651228,1.0080779161541091,0,0.0,0,0.0,0.0,0,0,0,0,0.024148499986040406,0.25154687485458754,0.0,0.0,0.0,0.0,1.5003279000156908,15.628415625163445,0.09370359994500177,1.5244764000017312,96,8.691913867472922e-08,8.974979405496075e-08
100,181,214,20544,0.45,0.375,0.0,0,0,0,0,0,0,1.4203003498453588,0.9598049100845927,1.0039165953504607,0.9598049100845927,1.0039165953504607,0,0.0,0,0.0,0.0,0,0,0,0,0.024553300048864912,0.25576354217567615,0.0,0.0,0.0,0.0,1.4963545999999042,15.587027083332336,0.09514939996006433,1.520907900048769,96,9.856809613309481e-08,9.947402755672297e-08
100,182,215,20640,0.45,0.375,0.0,0,0,0,0,0,0,1.2846315380192803,0.9604768562792936,1.0060662738181088,0.9604768562792936,1.0060662738181088,0,0.0,0,0.0,0.0,0,0,0,0,0.02479980002681259,0.2583312502792978,0.0,0.0,0.0,0.0,1.5087651999783702,15.716304166441358,0.0949332999807666,1.5335650000051828,96,9.818020344854253e-08,9.99750838365232e-08
100,183,218,20928,0.45,0.375,0.0,0,0,0,0,0,0,1.1945295454990414,0.9618905688576748,1.0147856286850927,0.9618905688576748,1.0147856286850927,0,0.0,0,0.0,0.0,0,0,0,0,0.02573489998030709,0.26807187479486555,0.0,0.0,0.0,0.0,1.6094497000667616,16.7651010423621,0.10188919995562173,1.6351846000470687,96,9.251109826108328e-08,9.486173241021745e-08
100,184,220,21120,0.45,0.375,0.0,0,0,0,0,0,0,1.3151950002999486,0.9605543337463874,1.0093809895383083,0.9605543337463874,1.0093809895383083,0,0.0,0,0.0,0.0,0,0,0,0,0.026513299984799232,0.276180208174992,0.0,0.0,0.0,0.0,1.6969795000040904,17.676869791709276,0.10773819998576073,1.7234927999888896,96,9.707418635639467e-08,9.558112371021998e-08
100,185,221,21216,0.45,0.375,0.0,0,0,0,0,0,0,1.4838576252055378,0.9601754939114626,1.0,0.9601754939114626,1.0,0,0.0,0,0.0,0.0,0,0,0,0,0.024775299993052613,0.25807604159429803,0.0,0.0,0.0,0.0,1.5487814999505645,16.133140624485048,0.09819330000755144,1.573556799943617,96,9.882132857678971e-08,9.903520933884913e-08
100,186,222,21312,0.45,0.375,0.0,0,0,0,0,0,0,1.5420626149942158,0.959201477405422,1.0,0.959201477405422,1.0,0,0.0,0,0.0,0.0,0,0,0,0,0.026323899983253796,0.27420729149222706,0.0,0.0,0.0,0.0,1.6246341999940341,16.92327291660452,0.10421150001639035,1.650958099977288,96,9.844581290137724e-08,9.970699037242792e-08
100,187,223,21408,0.45,0.375,0.0,0,0,0,0,0,0,0.9240682209749526,0.9632068503492053,1.0022553600047375,0.9632068503492053,1.0022553600047375,0,0.0,0,0.0,0.0,0,0,0,0,0.02547559996310156,0.26537083294897457,0.0,0.0,0.0,0.0,1.6250351000999217,16.927448959374185,0.10340489994268864,1.6505107000630233,96,1.4120656666519182e-08,2.5659487937201853e-08
100,188,224,21504,0.45,0.375,0.0,0,0,0,0,0,0,0.7536147911517402,0.963082621901832,1.0083735961816973,0.963082621901832,1.0083735961816973,0,0.0,0,0.0,0.0,0,0,0,0,0.024429100027191453,0.254469791949911,0.0,0.0,0.0,0.0,1.502416900031676,15.650176041996627,0.09582459999364801,1.5268460000588675,96,1.0928125140918787e-08,3.382214159349667e-08
100,189,225,21600,0.45,0.375,0.0,0,0,0,0,0,0,1.1653288129594888,0.9621858982986119,1.0136423430714179,0.9621858982986119,1.0136423430714179,0,0.0,0,0.0,0.0,0,0,0,0,0.023356699988653418,0.24329895821513978,0.0,0.0,0.0,0.0,1.517311300005531,15.805326041724282,0.09666959998139646,1.5406679999941844,96,9.737020714023492e-08,9.818473421449592e-08
100,190,226,21696,0.45,0.375,0.0,0,0,0,0,0,0,1.2230140684937676,0.9616711656378666,1.0100575082429641,0.9616711656378666,1.0100575082429641,0,0.0,0,0.0,0.0,0,0,0,0,0.026672999985748902,0.2778437498515511,0.0,0.0,0.0,0.0,1.678678799959016,17.486237499573082,0.10744590004469501,1.705351799944765,96,9.23063886524439e-08,9.72615323696635e-08
100,191,227,21792,0.45,0.375,0.0,0,0,0,0,0,0,1.3212736424533058,0.959965856235593,1.008185468819184,0.959965856235593,1.008185468819184,0,0.0,0,0.0,0.0,0,0,0,0,0.02859309997438686,0.29784479139986314,0.0,0.0,0.0,0.0,1.7099995999888051,17.81249583321672,0.10944400002335897,1.738592699963192,96,9.456923676445794e-08,8.994913702764507e-08
100,192,228,21888,0.45,0.375,0.0,0,0,0,0,0,0,1.3594705457884015,0.9599952998712085,1.0070842776954962,0.9599952998712085,1.0070842776954962,0,0.0,0,0.0,0.0,0,0,0,0,0.024972600003820844,0.2601312500398005,0.0,0.0,0.0,0.0,1.6185295999821392,16.859683333147284,0.10473549999005627,1.64350219998596,96,9.668787292506364e-08,9.760699380689797e-08
100,193,229,21984,0.45,0.375,0.0,0,0,0,0,0,0,1.3333939083762598,0.9605460601127912,1.0054093295892093,0.9605460601127912,1.0054093295892093,0,0.0,0,0.0,0.0,0,0,0,0,0.025114799980656244,0.26161249979850254,0.0,0.0,0.0,0.0,1.6501417000035872,17.188976041704034,0.10565810000116471,1.6752564999842434,96,9.719021171195052e-08,9.593937914942341e-08
100,194,230,22080,0.45,0.375,0.0,0,0,0,0,0,0,0.8973646094411606,0.9632231103683421,1.0084028723662286,0.9632231103683421,1.0084028723662286,0,0.0,0,0.0,0.0,0,0,0,0,0.025830999977188185,0.2690729164290436,0.0,0.0,0.0,0.0,1.640869900031248,17.092394791992167,0.1033693999852403,1.6667009000084363,96,1.4646604176889177e-08,4.16422879425532e-08
100,195,231,22176,0.45,0.375,0.0,0,0,0,0,0,0,0.7856483871704268,0.9629833332543928,1.0096857872917882,0.9629833332543928,1.0096857872917882,0,0.0,0,0.0,0.0,0,0,0,0,0.023794599968823604,0.24786041634191253,0.0,0.0,0.0,0.0,1.502135199982149,15.64724166648072,0.0956384999662987,1.5259297999509727,96,1.4643701667926834e-08,7.378198906872468e-08
100,196,232,22272,0.45,0.375,0.0,0,0,0,0,0,0,1.2394205618878291,0.9611535714151331,1.007784164366246,0.9611535714151331,1.007784164366246,0,0.0,0,0.0,0.0,0,0,0,0,0.025067499984288588,0.2611197915030061,0.0,0.0,0.0,0.0,1.6885353000106988,17.588909375111445,0.10819650003395509,1.7136027999949874,96,9.56156392581918e-08,9.091161427832173e-08
100,197,235,22560,0.45,0.375,0.0,0,0,0,0,0,0,1.3493045467558393,0.9601762935120117,1.0070959789442226,0.9601762935120117,1.0070959789442226,0,0.0,0,0.0,0.0,0,0,0,0,0.024605199949292,0.25630416613845836,0.0,0.0,0.0,0.0,1.6293700000023819,16.97260416669148,0.10455510001338553,1.6539751999516739,96,9.195011810118892e-08,9.463139709342538e-08
100,198,236,22656,0.45,0.375,0.0,0,0,0,0,0,0,1.2809878625527646,0.9606689936747645,1.0102939839660279,0.9606689936747645,1.0102939839660279,0,0.0,0,0.0,0.0,0,0,0,0,0.027364399953512475,0.2850458328490883,0.0,0.0,0.0,0.0,1.769102899947029,18.428155207781554,0.11414250002417248,1.7964672999005415,96,9.344793812891827e-08,9.015801882839014e-08
100,199,237,22752,0.45,0.375,0.0,0,0,0,0,0,0,0.9193979606837519,0.9631693295114189,1.0101163590647282,0.9631693295114189,1.0101163590647282,0,0.0,0,0.0,0.0,0,0,0,0,0.025393300042196643,0.264513542106215,0.0,0.0,0.0,0.0,1.6386936000271817,17.069725000283142,0.10486700000910787,1.6640869000693783,96,2.0203765882520486e-08,9.410697040211635e-08
100,200,238,22848,0.45,0.375,0.0,0,0,0,0,0,0,0.8075281342253511,0.9629614830457695,1.0097259305571376,0.9629614830457695,1.0097259305571376,0,0.0,0,0.0,0.0,0,0,0,0,0.025697199984278996,0.2676791665029062,0.0,0.0,0.0,0.0,1.6350869999732822,17.03215624972169,0.1049981000032858,1.6607841999575612,96,1.6165302360593437e-08,7.082502869338453e-08
100,201,239,22944,0.45,0.375,0.0,0,0,0,0,0,0,1.2838749224788009,0.9602071659481008,1.0102978509410496,0.9602071659481008,1.0102978509410496,0,0.0,0,0.0,0.0,0,0,0,0,0.027275700005702674,0.28412187505940284,0.0,0.0,0.0,0.0,1.756924099943717,18.301292707747052,0.1119318000273779,1.7841997999494197,96,9.560939963348947e-08,9.379466883729926e-08
100,202,240,23040,0.45,0.375,0.0,0,0,0,0,0,0,1.3674229459529315,0.9595766109982361,1.0131713783925533,0.9595766109982361,1.0131713783925533,0,0.0,0,0.0,0.0,0,0,0,0,0.025394199998117983,0.26452291664706234,0.0,0.0,0.0,0.0,1.6830745999905048,17.532027083234425,0.10797400001320057,1.7084687999886228,96,9.678351426713194e-08,9.453135711712246e-08
100,203,241,23136,0.45,0.375,0.0,0,0,0,0,0,0,1.417818404816625,0.9594432946673899,1.0080378000278434,0.9594432946673899,1.0080378000278434,0,0.0,0,0.0,0.0,0,0,0,0,0.02476409999508178,0.2579593749487685,0.0,0.0,0.0,0.0,1.6135321999900043,16.80762708322921,0.10329740001179744,1.638296299985086,96,9.679092807628187e-08,9.769554804028857e-08
100,204,243,23328,0.45,0.375,0.0,0,0,0,0,0,0,1.3714536654078575,0.9596015195409422,1.0009273358307504,0.9596015195409422,1.0009273358307504,0,0.0,0,0.0,0.0,0,0,0,0,0.025642300039180554,0.26710729207479744,0.0,0.0,0.0,0.0,1.6231752000385313,16.908075000401368,0.10394779998023296,1.6488175000777119,96,9.324506515008546e-08,9.75016858223432e-08
100,205,246,23616,0.45,0.375,0.0,0,0,0,0,0,0,1.2948311506297419,0.9596876831625861,1.010384210059952,0.9596876831625861,1.010384210059952,0,0.0,0,0.0,0.0,0,0,0,0,0.025201499978720676,0.2625156247783404,0.0,0.0,0.0,0.0,1.6289190999159473,16.967907290791118,0.10357870004372671,1.654120599894668,96,8.687772430279739e-08,9.358242708534803e-08
100,206,247,23712,0.45,0.375,0.0,0,0,0,0,0,0,1.4111529482794292,0.958970269912552,1.007758112813507,0.958970269912552,1.007758112813507,0,0.0,0,0.0,0.0,0,0,0,0,0.027777299997978844,0.2893468749789463,0.0,0.0,0.0,0.0,1.7768350999176619,18.508698957475644,0.11468020005122526,1.8046123999156407,96,8.4708514785925e-08,9.646307523591968e-08
100,207,248,23808,0.45,0.375,0.0,0,0,0,0,0,0,1.5763968245890099,0.9578369511934732,1.0027333454352243,0.9578369511934732,1.0027333454352243,0,0.0,0,0.0,0.0,0,0,0,0,0.026152199985517655,0.2724187498491422,0.0,0.0,0.0,0.0,1.7012582000315888,17.721439583662384,0.10849840001174016,1.7274104000171064,96,9.72477916250103e-08,9.851397940463524e-08
100,208,249,23904,0.45,0.375,0.0,0,0,0,0,0,0,1.452589702423148,0.9590184010244512,1.002611552025838,0.9590184010244512,1.002611552025838,0,0.0,0,0.0,0.0,0,0,0,0,0.024488800023391377,0.25509166691032686,0.0,0.0,0.0,0.0,1.5488327999410103,16.133674999385523,0.0982975999941118,1.5733215999644017,96,9.797150921260489e-08,9.861502663077726e-08
100,209,250,24000,0.45,0.375,0.0,0,0,0,0,0,0,1.553623282448984,0.9581820728875747,1.000622024079286,0.9581820728875747,1.000622024079286,0,0.0,0,0.0,0.0,0,0,0,0,0.026204100038739853,0.27295937540354015,0.0,0.0,0.0,0.0,1.6640378999873064,17.333728124867775,0.10572850002063205,1.6902420000260463,96,9.787303001905501e-08,9.849838646103226e-08
100,210,252,24192,0.45,0.375,0.0,0,0,0,0,0,0,0.842359026792312,0.9627378744694022,1.0072629920377636,0.9627378744694022,1.0072629920377636,0,0.0,0,0.0,0.0,0,0,0,0,0.02633909998985473,0.2743656248943201,0.0,0.0,0.0,0.0,1.6993049999509822,17.7010937494894,0.10851120006554993,1.725644099940837,96,2.8608999318863182e-08,3.92939970145223e-08
100,211,253,24288,0.45,0.375,0.0,0,0,0,0,0,0,1.5137473636964573,0.9580922415574038,1.0028512695789567,0.9580922415574038,1.0028512695789567,0,0.0,0,0.0,0.0,0,0,0,0,0.02562219996616477,0.2668979163142164,0.0,0.0,0.0,0.0,1.5868638000101782,16.529831250106024,0.10177929998462787,1.612485999976343,96,8.761261393458453e-08,9.619139436367607e-08
100,212,254,24384,0.45,0.375,0.0,0,0,0,0,0,0,1.5709262345655866,0.9577166706593935,1.0027751004692342,0.9577166706593935,1.0027751004692342,0,0.0,0,0.0,0.0,0,0,0,0,0.025080200008233078,0.26125208341909456,0.0,0.0,0.0,0.0,1.6089289000447025,16.759676042132316,0.10156549996463582,1.6340091000529355,96,9.320315889731201e-08,9.86931643354172e-08
100,213,256,24576,0.45,0.375,0.0,0,0,0,0,0,0,1.783666153454857,0.9569047601060489,1.0,0.9569047601060489,1.0,0,0.0,0,0.0,0.0,0,0,0,0,0.025279300003603566,0.2633260417042038,0.0,0.0,0.0,0.0,1.630177599923627,16.981016665871113,0.10318770000594668,1.6554568999272306,96,8.591873878159573e-08,7.693925052620898e-08
100,214,257,24672,0.45,0.375,0.0,0,0,0,0,0,0,1.4383201765788378,0.9584034260712638,1.005202916659944,0.9584034260712638,1.005202916659944,0,0.0,0,0.0,0.0,0,0,0,0,0.02511990001949016,0.2616656252030225,0.0,0.0,0.0,0.0,1.6187530999886803,16.86201145821542,0.10222029997385107,1.6438730000081705,96,9.03830333579686e-08,9.976219551843801e-08
100,215,258,24768,0.45,0.375,0.0,0,0,0,0,0,0,0.9904914507795536,0.9629363809910247,1.0047470170323127,0.9629363809910247,1.0047470170323127,0,0.0,0,0.0,0.0,0,0,0,0,0.024755799953709356,0.25787291618447244,0.0,0.0,0.0,0.0,1.6537041000337922,17.226084375352002,0.10628559996985132,1.6784598999875016,96,4.983893546993412e-08,5.169383615610812e-08
100,216,259,24864,0.45,0.375,0.0,0,0,0,0,0,0,0.8607368419612781,0.9624133285043859,1.009118820997601,0.9624133285043859,1.009118820997601,0,0.0,0,0.0,0.0,0,0,0,0,0.02581909998843912,0.2689489582129075,0.0,0.0,0.0,0.0,1.648179399984656,17.16853541650683,0.1049353999842424,1.673998499973095,96,3.686745346509479e-08,5.5656739139306466e-08
100,217,260,24960,0.45,0.375,0.0,0,0,0,0,0,0,1.4823001736240453,0.9578575370956217,1.004208471474575,0.9578575370956217,1.004208471474575,0,0.0,0,0.0,0.0,0,0,0,0,0.02427769999485463,0.2528927082797357,0.0,0.0,0.0,0.0,1.5617814999786788,16.26855729144457,0.09838800002762582,1.5860591999735334,96,8.877169033714993e-08,9.270466547195433e-08
100,218,261,25056,0.45,0.375,0.0,0,0,0,0,0,0,1.5639329497135124,0.9573930819952037,1.0028303979096638,0.9573930819952037,1.0028303979096638,0,0.0,0,0.0,0.0,0,0,0,0,0.02562310001667356,0.2669072918403496,0.0,0.0,0.0,0.0,1.5843484999932116,16.50363020826262,0.10109919998649275,1.6099716000098852,96,9.161999804663257e-08,9.886641262613072e-08
100,219,262,25152,0.45,0.375,0.0,0,0,0,0,0,0,1.6100835709614794,0.9573733793608401,1.0026635494462548,0.9573733793608401,1.0026635494462548,0,0.0,0,0.0,0.0,0,0,0,0,0.02727040005265735,0.28406666721518076,0.0,0.0,0.0,0.0,1.7334917999251047,18.057206249219842,0.1089104000639054,1.760762199977762,96,8.994804180997851e-08,9.469776462989188e-08
100,220,263,25248,0.45,0.375,0.0,0,0,0,0,0,0,1.497985559971755,0.9576352790604638,1.0070694576588257,0.9576352790604638,1.0070694576588257,0,0.0,0,0.0,0.0,0,0,0,0,0.025173399932100438,0.2622229159593796,0.0,0.0,0.0,0.0,1.6333286000372027,17.013839583720863,0.1048523999270401,1.6585019999693031,96,9.583402266200025e-08,9.552910365528966e-08
100,221,264,25344,0.45,0.375,0.0,0,0,0,0,0,0,1.4538308593325984,0.9583079292122055,1.0060386647608817,0.9583079292122055,1.0060386647608817,0,0.0,0,0.0,0.0,0,0,0,0,0.024940599971159827,0.2597979163662482,0.0,0.0,0.0,0.0,1.6262318999579293,16.939915624561763,0.10496530001546489,1.651172499929089,96,9.925916016201297e-08,9.311524523658576e-08
100,222,265,25440,0.45,0.375,0.0,0,0,0,0,0,0,1.0157244081226413,0.9626075730520557,1.008136465257112,0.9626075730520557,1.008136465257112,0,0.0,0,0.0,0.0,0,0,0,0,0.02485470000829082,0.2589031250863627,0.0,0.0,0.0,0.0,1.5967861999597517,16.63318958291408,0.10398650001297938,1.6216408999680425,96,7.387698288188749e-08,6.336326734135422e-08
100,223,266,25536,0.45,0.375,0.0,0,0,0,0,0,0,0.9146910842219055,0.9620920848956505,1.0056162682748462,0.9620920848956505,1.0056162682748462,0,0.0,0,0.0,0.0,0,0,0,0,0.025776000002224464,0.2685000000231715,0.0,0.0,0.0,0.0,1.6017993000205024,16.685409375213567,0.10171560002345359,1.6275753000227269,96,5.2619678328133523e-08,5.486785789599047e-08
100,224,267,25632,0.45,0.375,0.0,0,0,0,0,0,0,1.5723164199686621,0.957196062446979,1.0032739133124269,0.957196062446979,1.0032739133124269,0,0.0,0,0.0,0.0,0,0,0,0,0.025091099996643607,0.26136562496503757,0.0,0.0,0.0,0.0,1.6197883000495494,16.872794792182805,0.10339969998312881,1.644879400046193,96,9.796413395768422e-08,9.424319699635753e-08
100,225,269,25824,0.45,0.375,0.0,0,0,0,0,0,0,1.6135127910024576,0.9565932737670116,1.0056577942565075,0.9565932737670116,1.0056577942565075,0,0.0,0,0.0,0.0,0,0,0,0,0.02532100001553772,0.2637604168285179,0.0,0.0,0.0,0.0,1.617226100024709,16.846105208590718,0.10278289996495005,1.6425471000402467,96,9.321045574273157e-08,9.891261636141291e-08
100,226,270,25920,0.45,0.375,0.0,0,0,0,0,0,0,1.6715970095778323,0.9564110250831097,1.0023784695786697,0.9564110250831097,1.0023784695786697,0,0.0,0,0.0,0.0,0,0,0,0,0.024661000003106892,0.25688541669903014,0.0,0.0,0.0,0.0,1.5580469999404158,16.22965624937933,0.09880120003072079,1.5827079999435227,96,9.532624321850758e-08,9.866457727214506e-08
100,227,272,26112,0.45,0.375,0.0,0,0,0,0,0,0,1.0744829448897184,0.9621234627448487,1.0048789091480157,0.9621234627448487,1.0048789091480157,0,0.0,0,0.0,0.0,0,0,0,0,0.024124299983668607,0.251294791496548,0.0,0.0,0.0,0.0,1.6023177999668405,16.690810416321256,0.10258390004310058,1.6264420999505091,96,9.921600994770852e-08,7.519256106647276e-08
100,228,273,26208,0.45,0.375,0.0,0,0,0,0,0,0,0.8837644045244408,0.9622687775694343,1.0057229722212413,0.9622687775694343,1.0057229722212413,0,0.0,0,0.0,0.0,0,0,0,0,0.026358300005085766,0.2745656250529767,0.0,0.0,0.0,0.0,1.705244400029187,17.76296250030403,0.10968099998717662,1.7316027000342729,96,3.618190269095989e-08,4.4876287963457884e-08
100,229,274,26304,0.45,0.375,0.0,0,0,0,0,0,0,1.414695532664675,0.9588390164266329,1.0,0.9588390164266329,1.0,0,0.0,0,0.0,0.0,0,0,0,0,0.024748500014538877,0.2577968751514466,0.0,0.0,0.0,0.0,1.5548457000113558,16.19630937511829,0.10031860000162851,1.5795942000258947,96,9.953335460954199e-08,8.882846111446518e-08
100,230,275,26400,0.45,0.375,0.0,0,0,0,0,0,0,1.0387349948032416,0.961800899539618,1.0045835218950578,0.961800899539618,1.0045835218950578,0,0.0,0,0.0,0.0,0,0,0,0,0.02534240004752064,0.26398333382834,0.0,0.0,0.0,0.0,1.647206800058484,17.158404167275876,0.10636449993035058,1.6725492001060047,96,9.197793185075631e-08,6.918678928380384e-08
100,231,276,26496,0.45,0.375,0.0,0,0,0,0,0,0,1.6922917498377301,0.9564646788513917,1.00139609389677,0.9564646788513917,1.00139609389677,0,0.0,0,0.0,0.0,0,0,0,0,0.024938400041719433,0.2597750004345774,0.0,0.0,0.0,0.0,1.5678258999323589,16.331519790962073,0.10011670002131723,1.5927642999740783,96,9.524847945086012e-08,9.995797939366113e-08
100,232,278,26688,0.45,0.375,0.0,0,0,0,0,0,0,1.7813515619605498,0.9565046318363783,1.0001949499223717,0.9565046318363783,1.0001949499223717,0,0.0,0,0.0,0.0,0,0,0,0,0.025642200031143147,0.26710625032440777,0.0,0.0,0.0,0.0,1.694872499909252,17.654921874054708,0.10974180003540823,1.720514699940395,96,9.866698823420006e-08,9.840840788089e-08
100,233,280,26880,0.45,0.375,0.0,0,0,0,0,0,0,1.0102996127166746,0.9616772004960766,1.0020156519353494,0.9616772004960766,1.0020156519353494,0,0.0,0,0.0,0.0,0,0,0,0,0.02426249997370178,0.2527343747260602,0.0,0.0,0.0,0.0,1.557323799970618,16.222122916360604,0.1001423000197974,1.5815862999443198,96,9.924353534286612e-08,7.411099033072244e-08
100,234,281,26976,0.45,0.375,0.0,0,0,0,0,0,0,1.7705212223565137,0.9555968937097996,1.0012772146008946,0.9555968937097996,1.0012772146008946,0,0.0,0,0.0,0.0,0,0,0,0,0.0245362999921781,0.2555864582518552,0.0,0.0,0.0,0.0,1.5777212999819312,16.434596874811785,0.10141619999922113,1.6022575999741093,96,9.73966900359724e-08,9.8406860993272e-08
100,235,283,27168,0.45,0.375,0.0,0,0,0,0,0,0,1.914562628901785,0.955039304415073,1.0,0.955039304415073,1.0,0,0.0,0,0.0,0.0,0,0,0,0,0.025118999976257328,0.2616562497526805,0.0,0.0,0.0,0.0,1.5938348999479786,16.60244687445811,0.10232690002885647,1.6189538999242359,96,7.065033315323266e-08,9.723345045786758e-08
100,236,286,27456,0.45,0.375,0.0,0,0,0,0,0,0,1.1092042019233168,0.9610643136806145,1.007893363569837,0.9610643136806145,1.007893363569837,0,0.0,0,0.0,0.0,0,0,0,0,0.025523400036036037,0.2658687503753754,0.0,0.0,0.0,0.0,1.5701115000338177,16.35532812535227,0.098633199937467,1.5956349000698538,96,9.945583844331307e-08,7.549234293247054e-08
100,237,288,27648,0.45,0.375,0.0,0,0,0,0,0,0,1.6112175946843739,0.9559815583188429,1.00723588633006,0.9559815583188429,1.00723588633006,0,0.0,0,0.0,0.0,0,0,0,0,0.02643060003174469,0.2753187503306738,0.0,0.0,0.0,0.0,1.6501235999676283,17.188787499662794,0.1050497000105679,1.676554199999373,96,9.676069969571932e-08,9.999168451568785e-08
100,238,290,27840,0.45,0.375,0.0,0,0,0,0,0,0,1.7636239172536625,0.9547334285493841,1.0052305568169733,0.9547334285493841,1.0052305568169733,0,0.0,0,0.0,0.0,0,0,0,0,0.024733500024012756,0.25764062525013287,0.0,0.0,0.0,0.0,1.6716096999371075,17.412601041011538,0.10581570002250373,1.6963431999611203,96,9.622210126770947e-08,9.824913174694139e-08
100,239,292,28032,0.45,0.375,0.0,0,0,0,0,0,0,1.869675828443382,0.9554244267948229,1.0006492852983917,0.9554244267948229,1.0006492852983917,0,0.0,0,0.0,0.0,0,0,0,0,0.02609199999278644,0.2717916665915254,0.0,0.0,0.0,0.0,1.6967325000223354,17.67429687523266,0.1096384999982547,1.7228245000151219,96,9.304953061534116e-08,9.763268346563159e-08
100,240,294,28224,0.45,0.375,0.0,0,0,0,0,0,0,1.0788755104923236,0.9612903731164243,1.000163135781282,0.9612903731164243,1.000163135781282,0,0.0,0,0.0,0.0,0,0,0,0,0.027182899983017705,0.2831552081564344,0.0,0.0,0.0,0.0,1.6939190999983111,17.64499062498241,0.10721789996750886,1.7211019999813288,96,9.045832471965554e-08,6.916020450775662e-08
100,241,295,28320,0.45,0.375,0.0,0,0,0,0,0,0,2.072188728279694,0.954866026558487,1.0,0.954866026558487,1.0,0,0.0,0,0.0,0.0,0,0,0,0,0.02749839998432435,0.28644166650337866,0.0,0.0,0.0,0.0,1.759984100033762,18.33316770868502,0.11272730001655873,1.7874825000180863,96,8.453022580512393e-08,9.676343490361283e-08
100,242,297,28512,0.45,0.375,0.0,0,0,0,0,0,0,2.0615073729408584,0.9544997017311282,1.0,0.9544997017311282,1.0,0,0.0,0,0.0,0.0,0,0,0,0,0.024516199991921894,0.2553770832491864,0.0,0.0,0.0,0.0,1.5807166000086,16.465797916756248,0.09966230001737131,1.6052328000005218,96,7.816345806710423e-08,9.815197529738917e-08
100,243,298,28608,0.45,0.375,0.0,0,0,0,0,0,0,1.969769740710955,0.954712059608953,1.0,0.954712059608953,1.0,0,0.0,0,0.0,0.0,0,0,0,0,0.026243100059218705,0.2733656256168615,0.0,0.0,0.0,0.0,1.7120503000332974,17.833857292013516,0.10777759997290559,1.738293400092516,96,9.996133957038134e-08,9.697204469971688e-08
100,244,300,28800,0.45,0.375,0.0,0,0,0,0,0,0,1.3887654652371741,0.960219627970255,1.0,0.960219627970255,1.0,0,0.0,0,0.0,0.0,0,0,0,0,0.02409730001090793,0.25101354178029095,0.0,0.0,0.0,0.0,1.5731097000680165,16.386559375708504,0.1007564999817987,1.5972070000789245,96,8.860389418691161e-08,7.555107470191835e-08
100,245,302,28992,0.45,0.375,0.0,0,0,0,0,0,0,1.4291487502968339,0.9580289496934548,1.0028834191950897,0.9580289496934548,1.0028834191950897,0,0.0,0,0.0,0.0,0,0,0,0,0.027006699958292302,0.28131979123221146,0.0,0.0,0.0,0.0,1.7627623999069328,18.362108332363885,0.114197300048545,1.7897690998652251,96,9.543830777752893e-08,8.545404203696982e-08
100,246,303,29088,0.45,0.375,0.0,0,0,0,0,0,0,1.1407109364445143,0.9613450397548562,1.0019143059372226,0.9613450397548562,1.0019143059372226,0,0.0,0,0.0,0.0,0,0,0,0,0.022940599963476416,0.23896458295287934,0.0,0.0,0.0,0.0,1.4132523000153014,14.72137812515939,0.09077599995362107,1.4361928999787779,96,9.025410338363293e-08,7.402534051015319e-08
100,247,304,29184,0.45,0.375,0.0,0,0,0,0,0,0,1.5693559254040812,0.9561965410951013,1.0,0.9561965410951013,1.0,0,0.0,0,0.0,0.0,0,0,0,0,0.026444199997058604,0.2754604166360271,0.0,0.0,0.0,0.0,1.6746639000048162,17.44441562505017,0.10794650000025285,1.7011081000018748,96,9.622643934274755e-08,9.741382631101025e-08
100,248,305,29280,0.45,0.375,0.0,0,0,0,0,0,0,1.914755816909083,0.9551421717439772,1.0004448621284547,0.9551421717439772,1.0004448621284547,0,0.0,0,0.0,0.0,0,0,0,0,0.025070299954677466,0.2611489578612236,0.0,0.0,0.0,0.0,1.6135011999504059,16.80730416615006,0.10381930000585271,1.6385714999050833,96,9.537571134775324e-08,9.303305167907006e-08
100,249,306,29376,0.45,0.375,0.0,0,0,0,0,0,0,1.8602812192806117,0.9554102614484278,1.0,0.9554102614484278,1.0,0,0.0,0,0.0,0.0,0,0,0,0,0.0253235999844037,0.2637874998375385,0.0,0.0,0.0,0.0,1.5901071000043885,16.563615625045713,0.10124359996552812,1.6154306999887922,96,9.898548066281099e-08,9.912317279481275e-08
100,250,307,29472,0.45,0.375,0.0,0,0,0,0,0,0,1.331375513565279,0.9589662669819572,1.0015443238045019,0.9589662669819572,1.0015443238045019,0,0.0,0,0.0,0.0,0,0,0,0,0.024322000026586466,0.253354166943609,0.0,0.0,0.0,0.0,1.613273099908838,16.804928124050395,0.102413900072861,1.6375950999354245,96,8.440398571035734e-08,6.680243622159132e-08
100,251,309,29664,0.45,0.375,0.0,0,0,0,0,0,0,2.061991683997476,0.9537706343793089,1.0,0.9537706343793089,1.0,0,0.0,0,0.0,0.0,0,0,0,0,0.02648580000823131,0.2758937500857428,0.0,0.0,0.0,0.0,1.7003148999647237,17.711613541299204,0.10862580004322808,1.726800699972955,96,9.69818359820851e-08,9.184695559660838e-08
100,252,310,29760,0.45,0.375,0.0,0,0,0,0,0,0,2.2846724524376834,0.953320787938148,1.0,0.953320787938148,1.0,0,0.0,0,0.0,0.0,0,0,0,0,0.024170300028345082,0.2517739586285946,0.0,0.0,0.0,0.0,1.5226668000104837,15.861112500109204,0.09685329999774694,1.5468371000388288,96,8.763085308609309e-08,9.630279629302407e-08
100,253,312,29952,0.45,0.375,0.0,0,0,0,0,0,0,2.3566786957537014,0.9534990904143434,1.0,0.9534990904143434,1.0,0,0.0,0,0.0,0.0,0,0,0,0,0.026870699977735057,0.2799031247680735,0.0,0.0,0.0,0.0,1.7183422000452993,17.899397917138533,0.10932789994694758,1.7452129000230343,96,9.984910003847658e-08,9.857572869087505e-08
100,254,313,30048,0.45,0.375,0.0,0,0,0,0,0,0,2.417602337874324,0.953230866692344,1.0,0.953230866692344,1.0,0,0.0,0,0.0,0.0,0,0,0,0,0.025469100000918843,0.26530312500957126,0.0,0.0,0.0,0.0,1.6163763998774812,16.83725416539043,0.1021759000577731,1.6418454998784,96,9.795172009434416e-08,9.648804047412973e-08
100,255,314,30144,0.45,0.375,0.0,0,0,0,0,0,0,1.596035261571502,0.9588799033849879,1.0,0.9588799033849879,1.0,0,0.0,0,0.0,0.0,0,0,0,0,0.026720599991676863,0.278339583246634,0.0,0.0,0.0,0.0,1.7133369000803214,17.847259375836682,0.10914029997366015,1.7400575000719982,96,9.856337238674413e-08,9.201327692831551e-08
100,256,315,30240,0.45,0.375,0.0,0,0,0,0,0,0,1.3444002095716339,0.9600910158980447,1.0,0.9600910158980447,1.0,0,0.0,0,0.0,0.0,0,0,0,0,0.02615070004685549,0.27240312548807805,0.0,0.0,0.0,0.0,1.7062871999805793,17.7738249997977,0.11034989999461686,1.7324379000274348,96,9.879175153285069e-08,7.546520859602612e-08
100,257,316,30336,0.45,0.375,0.0,0,0,0,0,0,0,2.2054399254519574,0.953430007055024,1.0,0.953430007055024,1.0,0,0.0,0,0.0,0.0,0,0,0,0,0.02636459997302154,0.2746312497189744,0.0,0.0,0.0,0.0,1.7040977000506246,17.751017708860672,0.10867829999187961,1.730462300023646,96,9.193057551315498e-08,9.679228488157499e-08
100,258,317,30432,0.45,0.375,0.0,0,0,0,0,0,0,2.2950345973785486,0.9531044875324198,1.0,0.9531044875324198,1.0,0,0.0,0,0.0,0.0,0,0,0,0,0.02635220000956906,0.274502083433011,0.0,0.0,0.0,0.0,1.6955032000551,17.661491667240625,0.10834559995419113,1.721855400064669,96,9.828705211691047e-08,9.727401828474314e-08
100,259,320,30720,0.45,0.375,0.0,0,0,0,0,0,0,2.261377308494137,0.9536552906243654,1.0,0.9536552906243654,1.0,0,0.0,0,0.0,0.0,0,0,0,0,0.025316999992355704,0.2637187499203719,0.0,0.0,0.0,0.0,1.5983781000395538,16.649771875412018,0.1026535999844782,1.6236951000319095,96,8.851756227307161e-08,9.81705097768959e-08
100,260,321,30816,0.45,0.375,0.0,0,0,0,0,0,0,1.6613335290746478,0.9577554189829032,1.0,0.9577554189829032,1.0,0,0.0,0,0.0,0.0,0,0,0,0,0.025740399993082974,0.26812916659461433,0.0,0.0,0.0,0.0,1.648717400006717,17.174139583403303,0.10459460001584375,1.6744577999998,96,9.32082190683442e-08,7.757624986837186e-08
100,261,322,30912,0.45,0.375,0.0,0,0,0,0,0,0,1.3185716226101507,0.9598234248831494,1.0,0.9598234248831494,1.0,0,0.0,0,0.0,0.0,0,0,0,0,0.026162699970882386,0.2725281246966915,0.0,0.0,0.0,0.0,1.6560525999593665,17.250547916243402,0.1045336000242969,1.6822152999302489,96,9.335143578287353e-08,7.31227765837783e-08
100,262,323,31008,0.45,0.375,0.0,0,0,0,0,0,0,2.503866029633558,0.9530810393835092,1.0,0.9530810393835092,1.0,0,0.0,0,0.0,0.0,0,0,0,0,0.024740300010307692,0.25771145844070514,0.0,0.0,0.0,0.0,1.626990599965211,16.947818749637616,0.10233520000474527,1.6517308999755187,96,7.670644224834489e-08,9.997999469990582e-08
100,263,324,31104,0.45,0.375,0.0,0,0,0,0,0,0,2.53300327521053,0.952960663566784,1.0,0.952960663566784,1.0,0,0.0,0,0.0,0.0,0,0,0,0,0.02483300003223121,0.2586770836690751,0.0,0.0,0.0,0.0,1.6276508999508223,16.954696874487734,0.10421599999972386,1.6524838999830536,96,9.493761975350179e-08,9.84939671488938e-08
100,264,325,31200,0.45,0.375,0.0,0,0,0,0,0,0,2.2689500999880945,0.9529415579926522,1.0,0.9529415579926522,1.0,0,0.0,0,0.0,0.0,0,0,0,0,0.02493999999569496,0.2597916666218225,0.0,0.0,0.0,0.0,1.6180344000531477,16.854525000553622,0.10299649993976345,1.6429744000488427,96,7.997614551516485e-08,9.267892647768505e-08
100,265,326,31296,0.45,0.375,0.0,0,0,0,0,0,0,2.4047952450763126,0.9519398537912875,1.0,0.9519398537912875,1.0,0,0.0,0,0.0,0.0,0,0,0,0,0.02630979999230476,0.2740604165865079,0.0,0.0,0.0,0.0,1.6921945000285632,17.6270260419642,0.10918339997442672,1.718504300020868,96,9.086917340979384e-08,9.329746641917325e-08
100,266,327,31392,0.45,0.375,0.0,0,0,0,0,0,0,2.2930321178741844,0.9533130356903051,1.0,0.9533130356903051,1.0,0,0.0,0,0.0,0.0,0,0,0,0,0.0259540999904857,0.27035520823422604,0.0,0.0,0.0,0.0,1.6864755999995396,17.56745416666187,0.10619449996738695,1.7124296999900253,96,8.728130451891858e-08,9.469865169808855e-08
100,267,328,31488,0.45,0.375,0.0,0,0,0,0,0,0,1.6549189700620175,0.9578919715876458,1.0,0.9578919715876458,1.0,0,0.0,0,0.0,0.0,0,0,0,0,0.025982000021031126,0.27064583355240757,0.0,0.0,0.0,0.0,1.6416755000245757,17.10078645858933,0.10534550000011222,1.6676575000456069,96,8.368219997154092e-08,7.253097268622444e-08
100,268,331,31776,0.45,0.375,0.0,0,0,0,0,0,0,2.662987999991521,0.9517619822249563,1.0,0.9517619822249563,1.0,0,0.0,0,0.0,0.0,0,0,0,0,0.026957299996865913,0.2808052083006866,0.0,0.0,0.0,0.0,1.694398000057845,17.64997916726922,0.10773230000631884,1.7213553000547108,96,9.372826046544214e-08,9.918718110735192e-08
100,269,332,31872,0.45,0.375,0.0,0,0,0,0,0,0,2.4704918587159233,0.9532690938053304,1.0,0.9532690938053304,1.0,0,0.0,0,0.0,0.0,0,0,0,0,0.025488800027233083,0.26550833361701126,0.0,0.0,0.0,0.0,1.6430091000147513,17.11467812515366,0.1049376999726519,1.6684979000419844,96,9.582300321275827e-08,9.88659344669518e-08
100,270,333,31968,0.45,0.375,0.0,0,0,0,0,0,0,2.586862934179577,0.9530446617304525,1.0,0.9530446617304525,1.0,0,0.0,0,0.0,0.0,0,0,0,0,0.02793480004038429,0.2909875004206697,0.0,0.0,0.0,0.0,1.7488687999357353,18.21738333266391,0.11324110005080001,1.7768035999761196,96,9.100441554846239e-08,9.976250922583141e-08
100,271,334,32064,0.45,0.375,0.0,0,0,0,0,0,0,2.4123594014787813,0.953926164996293,1.0,0.953926164996293,1.0,0,0.0,0,0.0,0.0,0,0,0,0,0.024690999984159134,0.25719791650165763,0.0,0.0,0.0,0.0,1.6005087000739877,16.671965625770707,0.10354229997028597,1.6251997000581468,96,9.143185325174996e-08,9.496060673908069e-08
100,272,335,32160,0.45,0.375,0.0,0,0,0,0,0,0,1.729236060115781,0.9580967567469918,1.0,0.9580967567469918,1.0,0,0.0,0,0.0,0.0,0,0,0,0,0.02725510000163922,0.2839072916837419,0.0,0.0,0.0,0.0,1.7552920999660273,18.28429270797945,0.11121690002619289,1.7825471999676665,96,9.981933469030424e-08,7.414673354466661e-08
100,273,336,32256,0.45,0.375,0.0,0,0,0,0,0,0,1.5730409504732938,0.9587175077354996,1.0,0.9587175077354996,1.0,0,0.0,0,0.0,0.0,0,0,0,0,0.024898599978769198,0.2593604164455125,0.0,0.0,0.0,0.0,1.5937909999775002,16.60198958309896,0.102102000018931,1.6186895999562694,96,9.773872566322395e-08,8.553183862558544e-08
100,274,337,32352,0.45,0.375,0.0,0,0,0,0,0,0,2.7901275716995504,0.9512832088860059,1.0,0.9512832088860059,1.0,0,0.0,0,0.0,0.0,0,0,0,0,0.026463900023372844,0.2756656252434671,0.0,0.0,0.0,0.0,1.720122899991111,17.917946874907404,0.11031610000645742,1.7465868000144837,96,8.718985895252163e-08,8.779006896442176e-08
100,275,338,32448,0.45,0.375,0.0,0,0,0,0,0,0,2.8429484912416,0.9504007454376112,1.0,0.9504007454376112,1.0,0,0.0,0,0.0,0.0,0,0,0,0,0.02574589996220311,0.26818645793961576,0.0,0.0,0.0,0.0,1.7020588000013959,17.729779166681208,0.11054100000910694,1.727804699963599,96,9.376027146519583e-08,9.614535251278866e-08
100,276,339,32544,0.45,0.375,0.0,0,0,0,0,0,0,2.832591802167221,0.9514598382518817,1.0,0.9514598382518817,1.0,0,0.0,0,0.0,0.0,0,0,0,0,0.025658299957285635,0.26727395788839203,0.0,0.0,0.0,0.0,1.6650354000448715,17.344118750467413,0.10594330001185881,1.6906937000021571,96,9.525986238538564e-08,8.606715368175699e-08
100,277,340,32640,0.45,0.375,0.0,0,0,0,0,0,0,2.5815658244931314,0.9504171756307629,1.0,0.9504171756307629,1.0,0,0.0,0,0.0,0.0,0,0,0,0,0.025333300007332582,0.2638885417430477,0.0,0.0,0.0,0.0,1.7034080000084941,17.743833333421815,0.10873489996447461,1.7287413000158267,96,9.741270701538185e-08,9.386922128484798e-08
100,278,343,32928,0.45,0.375,0.0,0,0,0,0,0,0,1.5765160132590827,0.9585201721269749,1.0,0.9585201721269749,1.0,0,0.0,0,0.0,0.0,0,0,0,0,0.025907099996402394,0.2698656249625249,0.0,0.0,0.0,0.0,1.6693616000120528,17.389183333458885,0.10566579997248482,1.6952687000084552,96,9.253586781381162e-08,8.35982838509608e-08
100,279,344,33024,0.45,0.375,0.0,0,0,0,0,0,0,2.787899550401455,0.9511247701434508,1.0,0.9511247701434508,1.0,0,0.0,0,0.0,0.0,0,0,0,0,0.025311899989901576,0.2636656248948081,0.0,0.0,0.0,0.0,1.6189694999702624,16.864265624690233,0.10129649998270907,1.644281399960164,96,9.54712310943795e-08,9.157398561665531e-08
100,280,345,33120,0.45,0.375,0.0,0,0,0,0,0,0,2.849325637754419,0.9508446480189509,1.0,0.9508446480189509,1.0,0,0.0,0,0.0,0.0,0,0,0,0,0.024781100029940717,0.2581364586452158,0.0,0.0,0.0,0.0,1.6097745000370196,16.768484375385622,0.10152280001784675,1.6345556000669603,96,9.92639729181094e-08,9.967283443046426e-08
100,281,346,33216,0.45,0.375,0.0,1,1,0,3,0,0,2.6860139021039817,0.949616451639415,1.0,0.949616451639415,1.0,0,0.0,0,0.0,0.0,0,0,0,0,0.025372800017066766,0.2643000001777788,0.0,0.0,0.0,0.0,1.6332350999582559,17.012865624565165,0.10429630002181511,1.6586078999753227,96,8.260983007032929e-08,9.46866214601716e-08
100,282,347,33312,0.45,0.375,0.0,0,0,0,0,0,0,2.783278417654857,0.950339529079024,1.0,0.950339529079024,1.0,0,0.0,0,0.0,0.0,0,0,0,0,0.025164900020172354,0.26213437521012867,0.0,0.0,0.0,0.0,1.627236999978777,16.950385416445595,0.10436140001547756,1.6524018999989494,96,9.723500411090713e-08,9.557658733894137e-08
100,283,348,33408,0.45,0.375,0.0,0,0,0,0,0,0,2.4229194680983484,0.9532505934404146,1.0,0.9532505934404146,1.0,0,0.0,0,0.0,0.0,0,0,0,0,0.026429799967445433,0.2753104163275566,0.0,0.0,0.0,0.0,1.749884100012423,18.227959375129405,0.11376699999527773,1.7763138999798684,96,9.298673633167942e-08,9.978149612122067e-08
100,284,349,33504,0.45,0.375,0.0,0,0,0,0,0,0,1.728667584544475,0.9577290257661486,1.0,0.9577290257661486,1.0,0,0.0,0,0.0,0.0,0,0,0,0,0.025570799996785354,0.2663624999665141,0.0,0.0,0.0,0.0,1.656768699955137,17.258007291199345,0.10352350004541222,1.6823394999519223,96,9.693915947739384e-08,9.751706789296044e-08
100,285,351,33696,0.45,0.375,0.0,0,0,0,0,0,0,2.5271572520626777,0.9530742096171436,1.0,0.9530742096171436,1.0,0,0.0,0,0.0,0.0,0,0,0,0,0.024565399988205172,0.25588958321047056,0.0,0.0,0.0,0.0,1.6304841000237502,16.9842093752474,0.10357549995387672,1.6550495000119554,96,9.385595437991223e-08,9.971156469945619e-08
100,286,352,33792,0.45,0.375,0.0,0,0,0,0,0,0,2.570481743313376,0.9533344660130196,1.0,0.9533344660130196,1.0,0,0.0,0,0.0,0.0,0,0,0,0,0.02563810001447564,0.26706354181745456,0.0,0.0,0.0,0.0,1.6424357000287273,17.108705208632575,0.10376989999349462,1.668073800043203,96,9.012495943983012e-08,8.725819719557215e-08
100,287,353,33888,0.45,0.375,0.0,0,0,0,0,0,0,2.4273145235343185,0.953696153684352,1.0,0.953696153684352,1.0,0,0.0,0,0.0,0.0,0,0,0,0,0.024673700019775424,0.2570177085393273,0.0,0.0,0.0,0.0,1.6160570999636548,16.833928124621405,0.10288340002443874,1.6407307999834302,96,9.32533838603894e-08,9.972874775998619e-08
100,288,354,33984,0.45,0.375,0.0,0,0,0,0,0,0,2.3112532816189333,0.9546461191868134,1.0,0.9546461191868134,1.0,0,0.0,0,0.0,0.0,0,0,0,0,0.02442029996018391,0.25437812458524905,0.0,0.0,0.0,0.0,1.6104312000170466,16.77532500017757,0.10548320003726985,1.6348514999772306,96,8.973109861046269e-08,9.969338313209342e-08
100,289,355,34080,0.45,0.375,0.0,0,0,0,0,0,0,1.9242196530735372,0.9570298354663328,1.0,0.9570298354663328,1.0,0,0.0,0,0.0,0.0,0,0,0,0,0.024403500035987236,0.25420312537486706,0.0,0.0,0.0,0.0,1.5858043000116595,16.51879479178812,0.10361430000921246,1.6102078000476467,96,9.244937666103015e-08,7.069474276810706e-08
100,290,356,34176,0.45,0.375,0.0,0,0,0,0,0,0,1.4308401017470196,0.9595713545702627,1.0,0.9595713545702627,1.0,0,0.0,0,0.0,0.0,0,0,0,0,0.024223500011430588,0.2523281251190686,0.0,0.0,0.0,0.0,1.540391099973931,16.04574062472845,0.09816170003614388,1.5646145999853616,96,9.756795891179004e-08,8.086935662787731e-08
100,291,357,34272,0.45,0.375,0.0,0,0,0,0,0,0,1.109762757194005,0.9616567841677733,1.0,0.9616567841677733,1.0,0,0.0,0,0.0,0.0,0,0,0,0,0.025468699976045173,0.2652989580838039,0.0,0.0,0.0,0.0,1.6439297999895643,17.124268749891296,0.10591260000364855,1.6693984999656095,96,5.4916285503400775e-08,5.594181992640834e-08
100,292,358,34368,0.45,0.375,0.0,0,0,0,0,0,0,1.0413981083539094,0.9622631065958753,1.0,0.9622631065958753,1.0,0,0.0,0,0.0,0.0,0,0,0,0,0.026365400008216966,0.27463958341892675,0.0,0.0,0.0,0.0,1.6666100999718765,17.360521874707047,0.10859549997258,1.6929754999800934,96,3.256228020727392e-08,4.2411574183165435e-08
100,293,359,34464,0.45,0.375,0.0,0,0,0,0,0,0,1.0488325307842339,0.9620810590537648,1.0,0.9620810590537648,1.0,0,0.0,0,0.0,0.0,0,0,0,0,0.025414600044314284,0.2647354171282738,0.0,0.0,0.0,0.0,1.6462062999780755,17.147982291438286,0.10657690000516595,1.6716209000223898,96,4.519394697886925e-08,5.076202777565264e-08
100,294,360,34560,0.45,0.375,0.0,0,0,0,0,0,0,1.4340095961927002,0.9591354219617171,1.0,0.9591354219617171,1.0,0,0.0,0,0.0,0.0,0,0,0,0,0.023677000019233674,0.24663541686701745,0.0,0.0,0.0,0.0,1.5795603000515257,16.453753125536725,0.10054139996645972,1.6032373000707594,96,8.658591760246637e-08,7.565487354643796e-08
100,295,361,34656,0.45,0.375,0.0,0,0,0,0,0,0,1.530273813292294,0.9588737998215142,1.0,0.9588737998215142,1.0,0,0.0,0,0.0,0.0,0,0,0,0,0.024734700004046317,0.25765312504214916,0.0,0.0,0.0,0.0,1.6288500999071402,16.96718854069938,0.10352490006334847,1.6535847999111866,96,9.874188984689003e-08,9.796933174432976e-08
100,296,362,34752,0.45,0.375,0.0,0,0,0,0,0,0,1.4220911769923807,0.958652784816215,1.0,0.958652784816215,1.0,0,0.0,0,0.0,0.0,0,0,0,0,0.02408040004229406,0.25083750044056313,0.0,0.0,0.0,0.0,1.5591082000173628,16.24071041684753,0.09889979999570642,1.583188600059657,96,9.249853133441732e-08,7.599141968461787e-08
100,297,363,34848,0.45,0.375,0.0,0,0,0,0,0,0,1.2925834904789995,0.9608118951992074,1.0,0.9608118951992074,1.0,0,0.0,0,0.0,0.0,0,0,0,0,0.02560709998215316,0.2667406248140954,0.0,0.0,0.0,0.0,1.6379560999848763,17.062042708175795,0.10565149995818501,1.6635631999670295,96,8.645641906383783e-08,7.006189177427569e-08
100,298,364,34944,0.45,0.375,0.0,0,0,0,0,0,0,1.0362282770779951,0.9615347648682863,1.0,0.9615347648682863,1.0,0,0.0,0,0.0,0.0,0,0,0,0,0.02428740001778351,0.2529937501852449,0.0,0.0,0.0,0.0,1.5365429000084987,16.00565520842186,0.09572400000615744,1.5608303000262822,96,8.340055211546182e-08,6.93602130591442e-08
101,0,2,192,0.45,0.375,0.25,0,0,0,0,0,0,2.3977563078514703,0.9544047210304741,1.0,0.9544047210304741,1.0,0,0.0,0,0.0,0.0,0,0,0,0,0.02671350000309758,0.27826562503226643,0.0,0.0,0.0,0.0,1.8944814999777009,19.734182291434383,0.11813880000408972,1.9211949999807985,96,8.7876996773123e-08,9.468519843180978e-08
101,1,3,288,0.45,0.375,0.25,0,0,0,0,0,0,2.4638340479110394,0.955202201042808,1.0,0.955202201042808,1.0,0,0.0,0,0.0,0.0,0,0,0,0,0.024702700015041046,0.25731979182334425,0.0,0.0,0.0,0.0,1.6963282999859075,17.670086458186535,0.10258700001577381,1.7210310000009486,96,8.289952472748108e-08,9.883758020357014e-08
101,2,4,384,0.45,0.375,0.25,0,0,0,0,0,0,2.2893340711353805,0.9556234638601585,1.0,0.9556234638601585,1.0,0,0.0,0,0.0,0.0,0,0,0,0,0.026591000008920673,0.276989583426257,0.0,0.0,0.0,0.0,1.7809882000583457,18.551960417274433,0.10917479994532187,1.8075792000672664,96,9.950153248214355e-08,9.782983798056755e-08
101,3,5,480,0.45,0.375,0.25,0,0,0,0,0,0,1.9332176442280293,0.9577986900720058,1.0001214654215411,0.9577986900720058,1.0001214654215411,0,0.0,0,0.0,0.0,0,0,0,0,0.025876800034893677,0.2695500003634758,0.0,0.0,0.0,0.0,1.7203966000379296,17.920797917061766,0.10518210000009276,1.7462734000728233,96,9.842591596788408e-08,9.755084351414922e-08
101,4,6,576,0.45,0.375,0.25,0,0,0,0,0,0,1.7726033143998872,0.9590720965617288,1.0,0.9590720965617288,1.0,0,0.0,0,0.0,0.0,0,0,0,0,0.02589859998988686,0.26977708322798816,0.0,0.0,0.0,0.0,1.7204662000294775,17.921522916973725,0.10426670001470484,1.7463648000193643,96,9.921258125808463e-08,8.563261100213992e-08
101,5,7,672,0.45,0.375,0.25,0,0,0,0,0,0,1.429347909921998,0.9615849104900582,1.0,0.9615849104900582,1.0,0,0.0,0,0.0,0.0,0,0,0,0,0.023134199960622936,0.24098124958982226,0.0,0.0,0.0,0.0,1.6485750000210828,17.172656250219614,0.09934149999025976,1.6717091999817058,96,9.745149197153136e-08,9.122559443963674e-08
101,6,8,768,0.45,0.375,0.25,0,0,0,0,0,0,2.580405894966864,0.9539834000774348,1.0,0.9539834000774348,1.0,0,0.0,0,0.0,0.0,0,0,0,0,0.02376830003777286,0.24758645872680063,0.0,0.0,0.0,0.0,1.62447609994706,16.921626041115207,0.09786570006690454,1.6482443999848329,96,9.155876813660146e-08,8.045352467567213e-08
101,7,10,960,0.45,0.375,0.25,0,0,0,0,0,0,2.863375830482639,0.952002633891456,1.0,0.952002633891456,1.0,0,0.0,0,0.0,0.0,0,0,0,0,0.025145899977360386,0.26193645809750404,0.0,0.0,0.0,0.0,1.7635053000267362,18.3698468752785,0.10800290000042878,1.7886512000040966,96,9.776978485490084e-08,9.884842236407287e-08
101,8,11,1056,0.45,0.375,0.25,0,0,0,0,0,0,2.612465642194893,0.9536154587314589,1.0,0.9536154587314589,1.0,0,0.0,0,0.0,0.0,0,0,0,0,0.025222199968993664,0.26273124967701733,0.0,0.0,0.0,0.0,1.7409857000529882,18.135267708885294,0.10672940002405085,1.766207900021982,96,8.394273554035436e-08,9.82619903500126e-08
101,9,12,1152,0.45,0.375,0.25,0,0,0,0,0,0,2.6413792996257506,0.9540659719600796,1.0,0.9540659719600796,1.0,0,0.0,0,0.0,0.0,0,0,0,0,0.02518829998007277,0.26237812479242467,0.0,0.0,0.0,0.0,1.725059600037639,17.969370833725407,0.10553839999920456,1.7502479000177118,96,9.715492485171118e-08,9.974988751659808e-08
101,10,13,1248,0.45,0.375,0.25,0,0,0,0,0,0,1.6995632536361627,0.9597699605214421,1.0,0.9597699605214421,1.0,0,0.0,0,0.0,0.0,0,0,0,0,0.02451659996586386,0.2553812496444152,0.0,0.0,0.0,0.0,1.676268600007461,17.461131250077717,0.1015138999937335,1.7007851999733248,96,9.986918018262125e-08,9.78131987211528e-08
101,11,14,1344,0.45,0.375,0.25,0,0,0,0,0,0,1.4299717630486342,0.9609868683376562,1.0,0.9609868683376562,1.0,0,0.0,0,0.0,0.0,0,0,0,0,0.02495700000145007,0.2599687500151049,0.0,0.0,0.0,0.0,1.662388699944131,17.316548957751365,0.10205280002264772,1.6873456999455811,96,9.452245405654203e-08,7.803465623679173e-08
101,12,16,1536,0.45,0.375,0.25,0,0,0,0,0,0,2.6742750223315648,0.9527701630937148,1.0,0.9527701630937148,1.0,0,0.0,0,0.0,0.0,0,0,0,0,0.026886799969361164,0.2800708330141788,0.0,0.0,0.0,0.0,1.8747822000295855,19.52898125030818,0.11593709996668622,1.9016689999989467,96,9.329381921510671e-08,9.810363646445275e-08
101,13,17,1632,0.45,0.375,0.25,0,0,0,0,0,0,2.6916438288487248,0.9530480809428388,1.0,0.9530480809428388,1.0,0,0.0,0,0.0,0.0,0,0,0,0,0.024735399980272632,0.25766041646117327,0.0,0.0,0.0,0.0,1.6851693000353407,17.553846875368134,0.10118960000545485,1.7099047000156133,96,9.7839912144293e-08,9.762871483465219e-08
101,14,18,1728,0.45,0.375,0.25,0,0,0,0,0,0,2.5755825522319875,0.9530881466528002,1.0,0.9530881466528002,1.0,0,0.0,0,0.0,0.0,0,0,0,0,0.025077299993427005,0.2612218749315313,0.0,0.0,0.0,0.0,1.7112679999845568,17.825708333172468,0.11822800000663847,1.7363452999779838,96,9.786252980724386e-08,9.702487729912335e-08
101,15,19,1824,0.45,0.375,0.25,0,0,0,0,0,0,2.414072667681217,0.9545142308549928,1.0,0.9545142308549928,1.0,0,0.0,0,0.0,0.0,0,0,0,0,0.025582900016161148,0.26648854183501197,0.0,0.0,0.0,0.0,1.755867899992154,18.29029062491827,0.10431270000844961,1.7814508000083151,96,9.485404087183902e-08,9.80029370156732e-08
101,16,20,1920,0.45,0.375,0.25,0,0,0,0,0,0,1.5980776081005286,0.9594180967826351,1.0021441628083674,0.9594180967826351,1.0021441628083674,0,0.0,0,0.0,0.0,0,0,0,0,0.025906000009854324,0.2698541667693159,0.0,0.0,0.0,0.0,1.7706357000570279,18.44412187559404,0.10697529993922217,1.7965417000668822,96,9.91744186686766e-08,9.526450316099666e-08
101,17,21,2016,0.45,0.375,0.25,0,0,0,0,0,0,1.3676985193217475,0.9606501947107672,1.0034238157679465,0.9606501947107672,1.0034238157679465,0,0.0,0,0.0,0.0,0,0,0,0,0.02677259998745285,0.2788812498693005,0.0,0.0,0.0,0.0,1.8307025000758586,19.069817709123527,0.10973769993870519,1.8574751000633114,96,9.303027205358194e-08,7.992210337981476e-08
101,18,22,2112,0.45,0.375,0.25,0,0,0,0,0,0,2.6053633475794276,0.9529230995703317,1.0,0.9529230995703317,1.0,0,0.0,0,0.0,0.0,0,0,0,0,0.02476830005616648,0.2580031255850675,0.0,0.0,0.0,0.0,1.7145609000726836,17.86000937575712,0.10439639996911865,1.73932920012885,96,9.411670471616562e-08,9.867723180234655e-08
101,19,23,2208,0.45,0.375,0.25,0,0,0,0,0,0,2.8524025592452995,0.9524473212915574,1.0,0.9524473212915574,1.0,0,0.0,0,0.0,0.0,0,0,0,0,0.025675300021248404,0.2674510418880042,0.0,0.0,0.0,0.0,1.7446550000095158,18.173489583432456,0.10704970003280323,1.7703303000307642,96,9.477259248213965e-08,9.480973284237137e-08
101,20,24,2304,0.45,0.375,0.25,0,0,0,0,0,0,2.760469517262322,0.9527261330739079,1.0,0.9527261330739079,1.0,0,0.0,0,0.0,0.0,0,0,0,0,0.025763099969481118,0.26836562468209496,0.0,0.0,0.0,0.0,1.7500923000043258,18.23012812504506,0.10644339997816132,1.775855399973807,96,9.357508625601474e-08,9.691187949356639e-08
101,21,25,2400,0.45,0.375,0.25,0,0,0,0,0,0,2.4586234511200717,0.9526666732143414,1.002324365924841,0.9526666732143414,1.002324365924841,0,0.0,0,0.0,0.0,0,0,0,0,0.025210800078639295,0.2626125008191593,0.0,0.0,0.0,0.0,1.6779544999590144,17.4786927079064,0.10219330003747018,1.7031653000376537,96,9.809906256243173e-08,9.575365472747066e-08
101,22,26,2496,0.45,0.375,0.25,0,0,0,0,0,0,2.306006810792823,0.9542089363006809,1.0040422001804237,0.9542089363006809,1.0040422001804237,0,0.0,0,0.0,0.0,0,0,0,0,0.02664280003227759,0.2775291670028916,0.0,0.0,0.0,0.0,1.7573492999508744,18.305721874488274,0.10777180002332898,1.783992099983152,96,9.710422659535423e-08,9.352533719697576e-08
101,23,27,2592,0.45,0.375,0.25,0,0,0,0,0,0,1.5425809238604515,0.9594318526955214,1.0052152816867548,0.9594318526955214,1.0052152816867548,0,0.0,0,0.0,0.0,0,0,0,0,0.027216099988436326,0.28350104154621175,0.0,0.0,0.0,0.0,1.8447895000572316,19.21655729226283,0.11237759995856322,1.872005600045668,96,9.507867168058459e-08,9.257660818495772e-08
101,24,28,2688,0.45,0.375,0.25,0,0,0,0,0,0,1.3162489103572605,0.9610548155163409,1.0035004718439222,0.9610548155163409,1.0035004718439222,0,0.0,0,0.0,0.0,0,0,0,0,0.02430679996177787,0.25319583293518616,0.0,0.0,0.0,0.0,1.630393100065703,16.98326145901774,0.09948109998367727,1.654699900027481,96,9.009359050460297e-08,7.659087933320485e-08
101,25,29,2784,0.45,0.375,0.25,0,0,0,0,0,0,2.585094525044693,0.9536188451552486,1.0,0.9536188451552486,1.0,0,0.0,0,0.0,0.0,0,0,0,0,0.02497380000568228,0.2601437500591904,0.0,0.0,0.0,0.0,1.6894597999489633,17.598539582801703,0.1010800000076415,1.7144335999546456,96,9.753334593957941e-08,9.902288752861033e-08
101,26,30,2880,0.45,0.375,0.25,0,0,0,0,0,0,2.610440665609868,0.9544999435171883,1.0,0.9544999435171883,1.0,0,0.0,0,0.0,0.0,0,0,0,0,0.026623600046150386,0.27732916714739986,0.0,0.0,0.0,0.0,1.8180630000060773,18.938156250063304,0.112234799998987,1.8446866000522277,96,9.235707482645183e-08,9.993256028240083e-08
101,27,31,2976,0.45,0.375,0.25,0,0,0,0,0,0,2.5431762272145297,0.9540127024965939,1.0,0.9540127024965939,1.0,0,0.0,0,0.0,0.0,0,0,0,0,0.023944700020365417,0.2494239585454731,0.0,0.0,0.0,0.0,1.6168192000113777,16.841866666785183,0.09737660001701443,1.640763900031743,96,9.808115974778431e-08,9.831390951342556e-08
101,28,32,3072,0.45,0.375,0.25,0,0,0,0,0,0,2.374554584851507,0.9543533053825125,1.0002848298471165,0.9543533053825125,1.0002848298471165,0,0.0,0,0.0,0.0,0,0,0,0,0.02561390004848363,0.26681145883837115,0.0,0.0,0.0,0.0,1.740763199981302,18.13294999980523,0.10444409999035997,1.7663771000297857,96,8.527730678727086e-08,9.974397821577163e-08
101,29,33,3168,0.45,0.375,0.25,0,0,0,0,0,0,2.312901336686327,0.9560769286097558,1.0,0.9560769286097558,1.0,0,0.0,0,0.0,0.0,0,0,0,0,0.025343100031022914,0.26399062532315537,0.0,0.0,0.0,0.0,1.6761253000295255,17.459638541974225,0.10180409997701645,1.7014684000605484,96,9.736110318132873e-08,9.939281703230662e-08
101,30,34,3264,0.45,0.375,0.25,0,0,0,0,0,0,1.4399305649336773,0.9600359122055019,1.0024304769537675,0.9600359122055019,1.0024304769537675,0,0.0,0,0.0,0.0,0,0,0,0,0.025260900016292,0.26313437516970833,0.0,0.0,0.0,0.0,1.7805114000148023,18.54699375015419,0.10734270000102697,1.8057723000310943,96,9.744144255363629e-08,7.993135181516564e-08
101,31,35,3360,0.45,0.375,0.25,0,0,0,0,0,0,1.1898577756379711,0.9619894160652949,1.0018650651118368,0.9619894160652949,1.0018650651118368,0,0.0,0,0.0,0.0,0,0,0,0,0.023712199996225536,0.24700208329401602,0.0,0.0,0.0,0.0,1.5938433000264922,16.60253437527596,0.09665529996709665,1.6175555000227178,96,9.965665031912152e-08,8.062484284365734e-08
101,32,36,3456,0.45,0.375,0.25,0,0,0,0,0,0,2.316917967886564,0.9552184626834392,1.0,0.9552184626834392,1.0,0,0.0,0,0.0,0.0,0,0,0,0,0.02678720001131296,0.2790333334511767,0.0,0.0,0.0,0.0,1.7834852000305546,18.57797083365161,0.10921109998889733,1.8102724000418675,96,9.753856183673804e-08,9.682106241748478e-08
101,33,37,3552,0.45,0.375,0.25,0,0,0,0,0,0,2.5070682170788943,0.9538408418244108,1.0,0.9538408418244108,1.0,0,0.0,0,0.0,0.0,0,0,0,0,0.02579199999308912,0.26866666659467836,0.0,0.0,0.0,0.0,1.7466712000095868,18.194491666766528,0.10537059999478515,1.7724632000026759,96,9.919091333888963e-08,9.776009834983057e-08
101,34,40,3840,0.45,0.375,0.25,0,0,0,0,0,0,2.4591472094316864,0.9549883251798671,1.0,0.9549883251798671,1.0,0,0.0,0,0.0,0.0,0,0,0,0,0.025601300003472716,0.26668020836950745,0.0,0.0,0.0,0.0,1.774834199983161,18.487856249824592,0.10649240003112936,1.8004354999866337,96,9.326057862600601e-08,9.395552363899995e-08
101,35,42,4032,0.45,0.375,0.25,0,0,0,0,0,0,1.3244922837495852,0.961327420681814,1.0010229404353803,0.961327420681814,1.0010229404353803,0,0.0,0,0.0,0.0,0,0,0,0,0.0249336999913794,0.25972604157686874,0.0,0.0,0.0,0.0,1.6875171999854501,17.578304166515107,0.10294579999754205,1.7124508999768295,96,9.629814892546384e-08,7.924151571025995e-08
101,36,43,4128,0.45,0.375,0.25,0,0,0,0,0,0,2.1807570839671664,0.9533474372623431,1.0061880828166065,0.9533474372623431,1.0061880828166065,0,0.0,0,0.0,0.0,0,0,0,0,0.025438300021050964,0.2649822918859475,0.0,0.0,0.0,0.0,1.7648270000136108,18.38361458347511,0.10767970000597415,1.7902653000346618,96,9.252434497383777e-08,9.781010792964118e-08
101,37,44,4224,0.45,0.375,0.25,0,0,0,0,0,0,2.0991516371623473,0.9549137681232956,1.008684150264966,0.9549137681232956,1.008684150264966,0,0.0,0,0.0,0.0,0,0,0,0,0.02665359999082284,0.27764166657107126,0.0,0.0,0.0,0.0,1.7951688999382895,18.69967604102385,0.1095098000150756,1.8218224999291124,96,9.85476700243737e-08,9.74312648616138e-08
101,38,45,4320,0.45,0.375,0.25,0,0,0,0,0,0,2.022468813204733,0.9548771277977083,1.0089723873323946,0.9548771277977083,1.0089723873323946,0,0.0,0,0.0,0.0,0,0,0,0,0.024303899983351585,0.253165624826579,0.0,0.0,0.0,0.0,1.6754193000597297,17.452284375622185,0.10276639999210602,1.6997232000430813,96,9.991770212429418e-08,9.807638597092438e-08
101,39,46,4416,0.45,0.375,0.25,0,0,0,0,0,0,2.056649122971579,0.9547631593840147,1.0062785850943998,0.9547631593840147,1.0062785850943998,0,0.0,0,0.0,0.0,0,0,0,0,0.026347699989855755,0.2744552082276641,0.0,0.0,0.0,0.0,1.7942407000009553,18.69000729167662,0.10948699999426026,1.820588399990811,96,9.956730151298998e-08,9.965487129948158e-08
101,40,47,4512,0.45,0.375,0.25,0,0,0,0,0,0,2.2797953483510747,0.9560542926780495,1.0,0.9560542926780495,1.0,0,0.0,0,0.0,0.0,0,0,0,0,0.027255100045294967,0.28390729213848925,0.0,0.0,0.0,0.0,1.8244434999796795,19.004619791454996,0.10992219999752706,1.8516986000249744,96,9.827779968302197e-08,9.418118826487465e-08
101,41,48,4608,0.45,0.375,0.25,0,0,0,0,0,0,1.4405371376245422,0.960527040669779,1.0,0.960527040669779,1.0,0,0.0,0,0.0,0.0,0,0,0,0,0.026638699971954338,0.27748645804119104,0.0,0.0,0.0,0.0,1.857391000019561,19.347822916870427,0.11543689999962226,1.8840296999915154,96,9.64356887400708e-08,8.71337695051988e-08
101,42,50,4800,0.45,0.375,0.25,0,0,0,0,0,0,2.387415498877279,0.9539210974986871,1.0,0.9539210974986871,1.0,0,0.0,0,0.0,0.0,0,0,0,0,0.025517099995340686,0.26580312495146546,0.0,0.0,0.0,0.0,1.672620699966501,17.423132291317717,0.10047780002787476,1.6981377999618417,96,8.455449884529898e-08,9.466735853558284e-08
101,43,52,4992,0.45,0.375,0.25,0,0,0,0,0,0,2.540708146687717,0.953717830156305,1.0,0.953717830156305,1.0,0,0.0,0,0.0,0.0,0,0,0,0,0.023411800037138164,0.24387291705352254,0.0,0.0,0.0,0.0,1.6121485000112443,16.793213541783796,0.09753819995967206,1.6355603000483825,96,9.816659911170145e-08,9.953177365629173e-08
101,44,53,5088,0.45,0.375,0.25,0,0,0,0,0,0,2.251628440833034,0.9544340691817501,1.0,0.9544340691817501,1.0,0,0.0,0,0.0,0.0,0,0,0,0,0.023579700013215188,0.2456218751376582,0.0,0.0,0.0,0.0,1.5410415999722318,16.052516666377414,0.0921044000206166,1.564621299985447,96,8.907838531906076e-08,9.820006446892293e-08
101,45,54,5184,0.45,0.375,0.25,0,0,0,0,0,0,1.961082552670354,0.9569738672537819,1.0031394041286805,0.9569738672537819,1.0031394041286805,0,0.0,0,0.0,0.0,0,0,0,0,0.02714639996702317,0.2827749996564914,0.0,0.0,0.0,0.0,1.8024026999264606,18.775028124233966,0.10882930005027447,1.8295490998934838,96,9.569698975094021e-08,9.954383664578792e-08
101,46,55,5280,0.45,0.375,0.25,0,0,0,0,0,0,1.2627526551497548,0.960741890798723,1.0078850223089226,0.960741890798723,1.0078850223089226,0,0.0,0,0.0,0.0,0,0,0,0,0.02466260001529008,0.256902083492605,0.0,0.0,0.0,0.0,1.7072985999839148,17.784360416499112,0.10259089999453863,1.7319611999992048,96,8.553335732394696e-08,8.180206984009786e-08
101,47,58,5568,0.45,0.375,0.25,0,0,0,0,0,0,2.116527665746134,0.9560531667816047,1.0004445042931485,0.9560531667816047,1.0004445042931485,0,0.0,0,0.0,0.0,0,0,0,0,0.024560900026699528,0.2558427086114534,0.0,0.0,0.0,0.0,1.6706076000118628,17.40216250012357,0.10186189998057671,1.6951685000385623,96,9.508623054731158e-08,8.942652229837478e-08
101,48,59,5664,0.45,0.375,0.25,0,0,0,0,0,0,2.114389085819863,0.9565280283787321,1.000313630200759,0.9565280283787321,1.000313630200759,0,0.0,0,0.0,0.0,0,0,0,0,0.026597299984132405,0.2770552081680459,0.0,0.0,0.0,0.0,1.8209414999437286,18.968140624413838,0.11128530003043124,1.847538799927861,96,9.611241942944493e-08,9.946212797817822e-08
101,49,61,5856,0.45,0.375,0.25,0,0,0,0,0,0,1.7609380053982766,0.9574382117978202,1.0059710584646564,0.9574382117978202,1.0059710584646564,0,0.0,0,0.0,0.0,0,0,0,0,0.024773700002697296,0.25805937502809684,0.0,0.0,0.0,0.0,1.7180796000684495,17.896662500713017,0.10464559993124567,1.7428533000711468,96,9.90750991490541e-08,9.796786423765802e-08
101,50,62,5952,0.45,0.375,0.25,0,0,0,0,0,0,1.1378709316815125,0.9622353605026593,1.007943681598254,0.9622353605026593,1.007943681598254,0,0.0,0,0.0,0.0,0,0,0,0,0.027056899984017946,0.2818427081668536,0.0,0.0,0.0,0.0,1.8402228999766521,19.16898854142346,0.11311449997447198,1.86727979996067,96,9.405559162241339e-08,8.304516664614514e-08
101,51,63,6048,0.45,0.375,0.25,0,0,0,0,0,0,1.05551417540069,0.9626472154561007,1.0054476155647218,0.9626472154561007,1.0054476155647218,0,0.0,0,0.0,0.0,0,0,0,0,0.026657600014004856,0.27768333347921725,0.0,0.0,0.0,0.0,1.757685400043556,18.309222917120376,0.1081018999684602,1.7843430000575609,96,9.106844571851735e-08,7.645517594023765e-08
101,52,64,6144,0.45,0.375,0.25,0,0,0,0,0,0,2.003833724020323,0.9561370934163016,1.0,0.9561370934163016,1.0,0,0.0,0,0.0,0.0,0,0,0,0,0.02575489997252589,0.2682802080471447,0.0,0.0,0.0,0.0,1.7369702000141842,18.093439583481086,0.10435789998882683,1.7627250999867101,96,8.470180739086897e-08,9.82849443498246e-08
101,53,65,6240,0.45,0.375,0.25,0,0,0,0,0,0,2.190188244467333,0.9557896780788476,1.0,0.9557896780788476,1.0,0,0.0,0,0.0,0.0,0,0,0,0,0.027003600014722906,0.2812875001533636,0.0,0.0,0.0,0.0,1.8475168000222766,19.244966666898716,0.11356629996589618,1.8745204000369995,96,9.251104605458027e-08,9.39017849588275e-08
101,54,66,6336,0.45,0.375,0.25,0,0,0,0,0,0,2.1975519339614573,0.9550358681442016,1.0006473159303118,0.9550358681442016,1.0006473159303118,0,0.0,0,0.0,0.0,0,0,0,0,0.02523619998828508,0.26287708321130293,0.0,0.0,0.0,0.0,1.751562600125908,18.24544375131154,0.10623089994624024,1.776798800114193,96,9.500520532605694e-08,9.663796943226721e-08
101,55,67,6432,0.45,0.375,0.25,0,0,0,0,0,0,2.1388811118041624,0.9556892480443107,1.0,0.9556892480443107,1.0,0,0.0,0,0.0,0.0,0,0,0,0,0.025459900018176995,0.2652072918560104,0.0,0.0,0.0,0.0,1.7659013000084087,18.394805208420923,0.10774179998406908,1.7913612000265857,96,9.674088836432448e-08,8.947666163550139e-08
101,56,68,6528,0.45,0.375,0.25,0,0,0,0,0,0,1.7329161667374247,0.9575552365043699,1.0068767112566752,0.9575552365043699,1.0068767112566752,0,0.0,0,0.0,0.0,0,0,0,0,0.024157799969543703,0.2516437496827469,0.0,0.0,0.0,0.0,1.6651637000322808,17.34545520866959,0.10182570001052227,1.6893215000018245,96,9.809426655509046e-08,9.832807602860871e-08
101,57,69,6624,0.45,0.375,0.25,0,0,0,0,0,0,1.1483608619593646,0.9614524691378222,1.0099550374322863,0.9614524691378222,1.0099550374322863,0,0.0,0,0.0,0.0,0,0,0,0,0.02548279998882208,0.2654458332168967,0.0,0.0,0.0,0.0,1.7261479999724543,17.980708333046397,0.10435599999618717,1.7516307999612764,96,7.941782493789407e-08,7.097535850708603e-08
101,58,70,6720,0.45,0.375,0.25,0,0,0,0,0,0,0.9945162272189375,0.9631025595196522,1.01334976041598,0.9631025595196522,1.01334976041598,0,0.0,0,0.0,0.0,0,0,0,0,0.025899199965351727,0.2697833329724138,0.0,0.0,0.0,0.0,1.738492899981793,18.10930104147701,0.10754190000443486,1.7643920999471447,96,9.97546980262276e-08,9.910000177242029e-08
101,59,73,7008,0.45,0.375,0.25,0,0,0,0,0,0,1.7102442025070124,0.9567472974533061,1.007619911131128,0.9567472974533061,1.007619911131128,0,0.0,0,0.0,0.0,0,0,0,0,0.026000600068073254,0.27083958404242975,0.0,0.0,0.0,0.0,1.7037379999601399,17.747270832918122,0.10594750000018394,1.7297386000282131,96,9.535955774152283e-08,9.943431425463167e-08
101,60,74,7104,0.45,0.375,0.25,0,0,0,0,0,0,1.5994372568664108,0.957346476109684,1.01179951033086,0.957346476109684,1.01179951033086,0,0.0,0,0.0,0.0,0,0,0,0,0.025545400043483824,0.26609791711962316,0.0,0.0,0.0,0.0,1.6605873000153224,17.29778437515961,0.09932359997037565,1.6861327000588062,96,8.957317623736749e-08,9.80367036162999e-08
101,61,75,7200,0.45,0.375,0.25,0,0,0,0,0,0,1.6693475270221132,0.9578464705219083,1.0050130692237358,0.9578464705219083,1.0050130692237358,0,0.0,0,0.0,0.0,0,0,0,0,0.025150600020424463,0.2619854168794215,0.0,0.0,0.0,0.0,1.7073147000264726,17.784528125275756,0.10403700001188554,1.732465300046897,96,9.518993954182875e-08,9.852066946980376e-08
101,62,76,7296,0.45,0.375,0.25,0,0,0,0,0,0,1.3821295428389824,0.9615157870406732,1.0003397866817754,0.9615157870406732,1.0003397866817754,0,0.0,0,0.0,0.0,0,0,0,0,0.026392600004328415,0.27492291671175434,0.0,0.0,0.0,0.0,1.8323659999805386,19.08714583313061,0.11254940003709635,1.858758599984867,96,8.584958513177532e-08,9.499887577979482e-08
101,63,77,7392,0.45,0.375,0.25,0,0,0,0,0,0,1.2180843857470534,0.9610007049711344,1.0,0.9610007049711344,1.0,0,0.0,0,0.0,0.0,0,0,0,0,0.025298099957581144,0.2635218745581369,0.0,0.0,0.0,0.0,1.7019773999563768,17.728931249545592,0.10351520001131576,1.727275499913958,96,9.958517382252507e-08,8.445576224480611e-08
101,64,78,7488,0.45,0.375,0.25,0,0,0,0,0,0,1.892231716355183,0.9560232709947192,1.0006047162279197,0.9560232709947192,1.0006047162279197,0,0.0,0,0.0,0.0,0,0,0,0,0.024325400016095955,0.25338958350099955,0.0,0.0,0.0,0.0,1.6350636999486596,17.03191354113187,0.10058100002788706,1.6593890999647556,96,8.317727430429134e-08,9.2343695190511e-08
101,65,79,7584,0.45,0.375,0.25,0,0,0,0,0,0,1.8644831523531806,0.9568419892936822,1.0016371784057396,0.9568419892936822,1.0016371784057396,0,0.0,0,0.0,0.0,0,0,0,0,0.026661400028388016,0.27772291696237517,0.0,0.0,0.0,0.0,1.7663602999527939,18.399586457841604,0.10679720003827242,1.7930216999811819,96,9.22280364232253e-08,9.738112677348809e-08
101,66,80,7680,0.45,0.375,0.25,0,0,0,0,0,0,1.844193595826735,0.9564206455563334,1.004000655870428,0.9564206455563334,1.004000655870428,0,0.0,0,0.0,0.0,0,0,0,0,0.025703899940708652,0.2677489577157151,0.0,0.0,0.0,0.0,1.715003100107424,17.864615626119,0.10407599995232886,1.7407070000481326,96,9.773237501405074e-08,9.990614828481181e-08
101,67,81,7776,0.45,0.375,0.25,0,0,0,0,0,0,1.7606766308938657,0.9570476754735469,1.0051730319569514,0.9570476754735469,1.0051730319569514,0,0.0,0,0.0,0.0,0,0,0,0,0.024561700032791123,0.2558510420082409,0.0,0.0,0.0,0.0,1.7263614000476082,17.98293125049592,0.10469269996974617,1.7509231000803993,96,9.937798416646826e-08,9.996997514527539e-08
101,68,82,7872,0.45,0.375,0.25,0,0,0,0,0,0,1.608225817054573,0.9579872504481625,1.0072093813578014,0.9579872504481625,1.0072093813578014,0,0.0,0,0.0,0.0,0,0,0,0,0.028327800035185646,0.29508125036651717,0.0,0.0,0.0,0.0,1.838912899940624,19.155342707714833,0.11378760000661714,1.8672406999758095,96,9.891745487815296e-08,9.832631944761694e-08
101,69,83,7968,0.45,0.375,0.25,0,0,0,0,0,0,1.0685465629783277,0.9630705959254825,1.0169522596815925,0.9630705959254825,1.0169522596815925,0,0.0,0,0.0,0.0,0,0,0,0,0.02479890004178742,0.2583218754352856,0.0,0.0,0.0,0.0,1.6789178999242722,17.488728124211168,0.10046770003100391,1.7037167999660596,96,8.469932586026296e-08,9.602789738730189e-08
101,70,84,8064,0.45,0.375,0.25,0,0,0,0,0,0,0.9209942399105477,0.9644797264270899,1.021775536912624,0.9644797264270899,1.021775536912624,0,0.0,0,0.0,0.0,0,0,0,0,0.02552950000972487,0.2659322917679674,0.0,0.0,0.0,0.0,1.690658199993777,17.611022916601843,0.1006152000190923,1.716187700003502,96,5.439069554122322e-08,8.451858619223929e-08
101,71,85,8160,0.45,0.375,0.25,0,0,0,0,0,0,1.4867324700984907,0.959364626096818,1.0185900882263752,0.959364626096818,1.0185900882263752,0,0.0,0,0.0,0.0,0,0,0,0,0.024933200031227898,0.2597208336586239,0.0,0.0,0.0,0.0,1.680154199966637,17.50160624965247,0.10362970004644012,1.7050873999978648,96,9.087882440507455e-08,9.889055442580119e-08
101,72,86,8256,0.45,0.375,0.25,0,0,0,0,0,0,1.5089340719815771,0.9593741735951067,1.016905350426043,0.9593741735951067,1.016905350426043,0,0.0,0,0.0,0.0,0,0,0,0,0.025043999979970977,0.26087499979136436,0.0,0.0,0.0,0.0,1.7024593000023742,17.733951041691398,0.10539079999580281,1.7275032999823452,96,7.945192111863397e-08,9.306938851538771e-08
101,73,87,8352,0.45,0.375,0.25,0,0,0,0,0,0,1.6100849099004944,0.9585128927522386,1.0064189398513106,0.9585128927522386,1.0064189398513106,0,0.0,0,0.0,0.0,0,0,0,0,0.024377899972023442,0.25393645804191084,0.0,0.0,0.0,0.0,1.6920189000593382,17.625196875618105,0.10092099999747006,1.7163968000313616,96,9.309014913083669e-08,9.822668241288302e-08
101,74,88,8448,0.45,0.375,0.25,0,0,0,0,0,0,1.5205068881403576,0.9592552629285714,1.0098229350966113,0.9592552629285714,1.0098229350966113,0,0.0,0,0.0,0.0,0,0,0,0,0.02292889997625025,0.2388427080859401,0.0,0.0,0.0,0.0,1.5773359000086202,16.430582291756462,0.09508620003180113,1.6002647999848705,96,8.962420676265903e-08,9.72587165665173e-08
101,75,89,8544,0.45,0.375,0.25,0,0,0,0,0,0,1.4155362692904547,0.9596884218272584,1.0124297403203215,0.9596884218272584,1.0124297403203215,0,0.0,0,0.0,0.0,0,0,0,0,0.025898400002915878,0.26977500003037375,0.0,0.0,0.0,0.0,1.8037512000082643,18.789075000086086,0.1101640000124462,1.8296496000111802,96,9.490646668726399e-08,9.92031947560923e-08
101,76,90,8640,0.45,0.375,0.25,0,0,0,0,0,0,0.9464153485544017,0.9652351015889078,1.0114741742946958,0.9652351015889078,1.0114741742946958,0,0.0,0,0.0,0.0,0,0,0,0,0.02524779996747384,0.26299791632785247,0.0,0.0,0.0,0.0,1.6831383000389906,17.53269062540615,0.1022485000139568,1.7083861000064644,96,4.56854278886587e-08,8.591114092695862e-08
101,77,91,8736,0.45,0.375,0.25,0,0,0,0,0,0,0.8162781164209539,0.9656749786282285,1.0111799656965788,0.9656749786282285,1.0111799656965788,0,0.0,0,0.0,0.0,0,0,0,0,0.026073900029587094,0.2716031253081989,0.0,0.0,0.0,0.0,1.7027483999700053,17.736962499687554,0.10248710006999318,1.7288222999995924,96,3.422282798294651e-08,6.320475729598707e-08
101,78,93,8928,0.45,0.375,0.25,0,0,0,0,0,0,1.4460129566815236,0.9600760525257912,1.006935793684501,0.9600760525257912,1.006935793684501,0,0.0,0,0.0,0.0,0,0,0,0,0.023422600024787243,0.2439854169248671,0.0,0.0,0.0,0.0,1.4280999999609776,14.876041666260184,0.08540060000086669,1.4515225999857648,96,8.081909743003213e-08,8.891553250622852e-08
101,79,94,9024,0.45,0.375,0.25,0,0,0,0,0,0,1.5810995067187879,0.9590876808501967,1.0074479051566048,0.9590876808501967,1.0074479051566048,0,0.0,0,0.0,0.0,0,0,0,0,0.025549399979354348,0.26613958311827446,0.0,0.0,0.0,0.0,1.6911564000474755,17.616212500494537,0.10300499994627899,1.7167058000268298,96,9.253182200498478e-08,9.979486237376989e-08
101,80,95,9120,0.45,0.375,0.25,0,0,0,0,0,0,1.5514737464565789,0.9595983673970325,1.0069794660565317,0.9595983673970325,1.0069794660565317,0,0.0,0,0.0,0.0,0,0,0,0,0.02788860000873683,0.29050625009100867,0.0,0.0,0.0,0.0,1.7432080000580754,18.15841666727162,0.10424559993407456,1.7710966000668122,96,9.544627659410776e-08,9.924918845105601e-08
101,81,96,9216,0.45,0.375,0.25,0,0,0,0,0,0,1.5629847372292127,0.9588125953480383,1.0046522277028123,0.9588125953480383,1.0046522277028123,0,0.0,0,0.0,0.0,0,0,0,0,0.026477200008230284,0.27580416675239877,0.0,0.0,0.0,0.0,1.7242775000122492,17.96122395846093,0.10304240000550635,1.7507547000204795,96,9.438683821506866e-08,9.546386493808345e-08
101,82,97,9312,0.45,0.375,0.25,0,0,0,0,0,0,0.9737471656709655,0.9651485303614191,1.0096778807834488,0.9651485303614191,1.0096778807834488,0,0.0,0,0.0,0.0,0,0,0,0,0.02540849998331396,0.2646718748261871,0.0,0.0,0.0,0.0,1.6335974000321585,17.01663958366832,0.10017090000474127,1.6590059000154724,96,4.811339522972635e-08,5.2736148364873614e-08
101,83,98,9408,0.45,0.375,0.25,0,0,0,0,0,0,0.9132150773967517,0.9657926502454517,1.025689641036107,0.9657926502454517,1.025689641036107,0,0.0,0,0.0,0.0,0,0,0,0,0.02738730001146905,0.2852843751194693,0.0,0.0,0.0,0.0,1.7398967000190169,18.123923958531424,0.10524069996608887,1.767284000030486,96,3.9065673057558925e-08,9.97146989555487e-08
101,84,99,9504,0.45,0.375,0.25,0,0,0,0,0,0,1.4166835284274437,0.9601248092460594,1.009772435285894,0.9601248092460594,1.009772435285894,0,0.0,0,0.0,0.0,0,0,0,0,0.025549999983923044,0.26614583316586504,0.0,0.0,0.0,0.0,1.6450135000850423,17.135557292552523,0.10278660000039963,1.6705635000689654,96,9.847302087466481e-08,9.269525230726217e-08
101,85,100,9600,0.45,0.375,0.25,0,0,0,0,0,0,1.475353961123885,0.960160323559454,1.008202317312154,0.960160323559454,1.008202317312154,0,0.0,0,0.0,0.0,0,0,0,0,0.02298149998387089,0.23939062483198845,0.0,0.0,0.0,0.0,1.4631326000235276,15.240964583578412,0.0894408999447478,1.4861141000073985,96,8.909256983199998e-08,9.463221421757151e-08
101,86,101,9696,0.45,0.375,0.25,0,0,0,0,0,0,1.5734210620234488,0.9597827352088417,1.00644370281065,0.9597827352088417,1.00644370281065,0,0.0,0,0.0,0.0,0,0,0,0,0.025277699969592504,0.26330937468325527,0.0,0.0,0.0,0.0,1.6782210000310442,17.481468750323376,0.10438460001751082,1.7034987000006367,96,9.237370493520025e-08,9.844711892914582e-08
101,87,102,9792,0.45,0.375,0.25,0,0,0,0,0,0,1.477462702279534,0.9599380146443475,1.0042272111789026,0.9599380146443475,1.0042272111789026,0,0.0,0,0.0,0.0,0,0,0,0,0.02408090003154939,0.25084270866197284,0.0,0.0,0.0,0.0,1.6030448000165052,16.698383333505262,0.09755519996542716,1.6271257000480546,96,9.679092675789203e-08,9.851718635323081e-08
101,88,103,9888,0.45,0.375,0.25,0,0,0,0,0,0,0.8384760658987679,0.9663612941500181,1.0078886712903672,0.9663612941500181,1.0078886712903672,0,0.0,0,0.0,0.0,0,0,0,0,0.02225569998699939,0.2318302081979103,0.0,0.0,0.0,0.0,1.4572493998712162,15.179681248658502,0.08955920007429086,1.4795050998582155,96,2.326755484463594e-08,3.364434682240347e-08
101,89,104,9984,0.45,0.375,0.25,0,0,0,0,0,0,0.9279580029268412,0.9656723814841522,1.0037971119019637,0.9656723814841522,1.0037971119019637,0,0.0,0,0.0,0.0,0,0,0,0,0.023453000030713156,0.24430208365326206,0.0,0.0,0.0,0.0,1.5643636000022525,16.29545416669013,0.09400270002515754,1.5878166000329657,96,3.8614201332970444e-08,4.6098773479053e-08
101,90,105,10080,0.45,0.375,0.25,0,0,0,0,0,0,0.7331546161468149,0.966894616478663,1.0065127506404326,0.966894616478663,1.0065127506404326,0,0.0,0,0.0,0.0,0,0,0,0,0.024838700017426163,0.2587364585148559,0.0,0.0,0.0,0.0,1.6286778999710805,16.965394791365423,0.10045170005469117,1.6535165999885066,96,1.367243939592866e-08,2.3553567152223565e-08
101,91,106,10176,0.45,0.375,0.25,0,0,0,0,0,0,0.7883163196861688,0.9663424004453911,1.0058699937190234,0.9663424004453911,1.0058699937190234,0,0.0,0,0.0,0.0,0,0,0,0,0.024872900015907362,0.25909270849903504,0.0,0.0,0.0,0.0,1.7330283999690437,18.052379166344206,0.10617670000647195,1.757901299984951,96,2.547177196596251e-08,3.565590510345995e-08
101,92,108,10368,0.45,0.375,0.25,0,0,0,0,0,0,1.521663999811444,0.9604429999777985,1.0052832130737486,0.9604429999777985,1.0052832130737486,0,0.0,0,0.0,0.0,0,0,0,0,0.022630100014794152,0.23573020848743909,0.0,0.0,0.0,0.0,1.5182580000182497,15.815187500190103,0.09228240000084043,1.5408881000330439,96,9.827380473628744e-08,9.821124018205563e-08
101,93,109,10464,0.45,0.375,0.25,0,0,0,0,0,0,1.4565084380337925,0.9605539397631344,1.0111688760634319,0.9605539397631344,1.0111688760634319,0,0.0,0,0.0,0.0,0,0,0,0,0.026033400019514374,0.2711812502032747,0.0,0.0,0.0,0.0,1.709209600026952,17.804266666947417,0.10516449997521704,1.7352430000464665,96,8.626298873999627e-08,9.457656317823915e-08
101,94,110,10560,0.45,0.375,0.25,0,0,0,0,0,0,1.4762360946631554,0.9604548405804241,1.009472328002436,0.9604548405804241,1.009472328002436,0,0.0,0,0.0,0.0,0,0,0,0,0.024063900018518325,0.2506656251928992,0.0,0.0,0.0,0.0,1.5781400999767357,16.438959374757662,0.09692030000587692,1.602203999995254,96,9.062084214105093e-08,9.177466918364185e-08
101,95,111,10656,0.45,0.375,0.25,0,0,0,0,0,0,1.0785538814174425,0.9644334416228457,1.0047639634321317,0.9644334416228457,1.0047639634321317,0,0.0,0,0.0,0.0,0,0,0,0,0.024061699987214524,0.2506427082001513,0.0,0.0,0.0,0.0,1.5423955000733258,16.066619792430476,0.09410739998565987,1.5664572000605403,96,5.9354352491963747e-08,6.400856823740586e-08
101,96,112,10752,0.45,0.375,0.25,0,0,0,0,0,0,0.8743481021970162,0.9653770434867164,1.0084835667551866,0.9653770434867164,1.0084835667551866,0,0.0,0,0.0,0.0,0,0,0,0,0.021679199977370445,0.22582499976427547,0.0,0.0,0.0,0.0,1.3171837001282256,13.72066354300235,0.08015739995607873,1.338862900105596,96,3.965113407750076e-08,4.719500332206472e-08
101,97,113,10848,0.45,0.375,0.25,0,0,0,0,0,0,1.4419969796799341,0.9604510134355533,1.0137661556276196,0.9604510134355533,1.0137661556276196,0,0.0,0,0.0,0.0,0,0,0,0,0.024522999992768746,0.2554479165913411,0.0,0.0,0.0,0.0,1.5972686999593861,16.63821562457694,0.09423930005141301,1.6217916999521549,96,9.080541998884861e-08,9.877775743183381e-08
101,98,115,11040,0.45,0.375,0.25,0,0,0,0,0,0,1.6250840711380523,0.959478829467285,1.0039954798790773,0.959478829467285,1.0039954798790773,0,0.0,0,0.0,0.0,0,0,0,0,0.024372300009417813,0.2538781250981022,0.0,0.0,0.0,0.0,1.605518899996241,16.724155208294178,0.09975930000655353,1.629891200005659,96,9.777396001338368e-08,9.954226019848189e-08
101,99,116,11136,0.45,0.375,0.25,0,0,0,0,0,0,1.5875013413319032,0.9600990766273669,1.0044270506399358,0.9600990766273669,1.0044270506399358,0,0.0,0,0.0,0.0,0,0,0,0,0.02211019998503616,0.23031458317746,0.0,0.0,0.0,0.0,1.4317588999983855,14.914155208316515,0.08758579997083871,1.4538690999834216,96,9.664121368609113e-08,9.697771245764653e-08
101,100,117,11232,0.45,0.375,0.25,0,0,0,0,0,0,1.5066638036178202,0.9602491696493377,1.003710574562825,0.9602491696493377,1.003710574562825,0,0.0,0,0.0,0.0,0,0,0,0,0.025350599986268207,0.2640687498569605,0.0,0.0,0.0,0.0,1.6340330000239192,17.02117708358249,0.09908850000647362,1.6593836000101874,96,9.813008954029367e-08,9.868925412992446e-08
101,101,118,11328,0.45,0.375,0.25,0,0,0,0,0,0,0.9198142445268699,0.9656138685394441,1.009439061416813,0.9656138685394441,1.009439061416813,0,0.0,0,0.0,0.0,0,0,0,0,0.02419029999146005,0.25198229157770885,0.0,0.0,0.0,0.0,1.5192503999423934,15.825524999399931,0.09195020001061494,1.5434406999338535,96,3.415866817700619e-08,4.269658959721312e-08
101,102,121,11616,0.45,0.375,0.25,0,0,0,0,0,0,1.6162631506696248,0.9594615722385289,1.0030060779796026,0.9594615722385289,1.0030060779796026,0,0.0,0,0.0,0.0,0,0,0,0,0.021959100013191346,0.22874062513740986,0.0,0.0,0.0,0.0,1.4001846000173828,14.58525625018107,0.08530819998850347,1.422143700030574,96,9.472010202224435e-08,9.887276344877627e-08
101,103,122,11712,0.45,0.375,0.25,0,0,0,0,0,0,1.5475252432042965,0.9600542471733786,1.005722018324143,0.9600542471733786,1.005722018324143,0,0.0,0,0.0,0.0,0,0,0,0,0.02403920000506332,0.25040833338607627,0.0,0.0,0.0,0.0,1.5654990999901202,16.30728229156375,0.09854319997975836,1.5895382999951835,96,9.098234428003837e-08,9.7465045686973e-08
101,104,123,11808,0.45,0.375,0.25,0,0,0,0,0,0,1.7363854985416864,0.9593357855785744,1.0022136191738489,0.9593357855785744,1.0022136191738489,0,0.0,0,0.0,0.0,0,0,0,0,0.02489509995939443,0.2593239579103586,0.0,0.0,0.0,0.0,1.6499711000724346,17.187198959087862,0.10013259994593682,1.674866200031829,96,9.488570233348592e-08,7.803759916047426e-08
101,105,124,11904,0.45,0.375,0.25,0,0,0,0,0,0,1.5572737189912897,0.9592683679487654,1.0021402982887717,0.9592683679487654,1.0021402982887717,0,0.0,0,0.0,0.0,0,0,0,0,0.022770300012780353,0.2371906251331287,0.0,0.0,0.0,0.0,1.4680521999616758,15.292210416267457,0.08920950005267514,1.4908224999744562,96,9.359789038439204e-08,9.513489877821524e-08
101,106,125,12000,0.45,0.375,0.25,0,0,0,0,0,0,0.9347345887929938,0.9659334216306552,1.0116449351726786,0.9659334216306552,1.0116449351726786,0,0.0,0,0.0,0.0,0,0,0,0,0.024831899972923566,0.2586656247179538,0.0,0.0,0.0,0.0,1.587785299976531,16.539430208088863,0.09691090000706026,1.6126171999494545,96,2.631975165156425e-08,9.486803594430104e-08
101,107,126,12096,0.45,0.375,0.25,0,0,0,0,0,0,0.8263726512004719,0.9658413925726961,1.0072878308337343,0.9658413925726961,1.0072878308337343,0,0.0,0,0.0,0.0,0,0,0,0,0.024815500008116942,0.25849479175121814,0.0,0.0,0.0,0.0,1.659239499938849,17.283744791029676,0.1028836000332376,1.6840549999469658,96,3.04909468593767e-08,4.024319030793144e-08
101,108,127,12192,0.45,0.375,0.25,0,0,0,0,0,0,1.6880055235577471,0.9593589148893539,1.0,0.9593589148893539,1.0,0,0.0,0,0.0,0.0,0,0,0,0,0.024673899948538747,0.25701979113061196,0.0,0.0,0.0,0.0,1.5624907999808784,16.27594583313415,0.09334430001763394,1.587164699929417,96,8.095950691962284e-08,7.581181030169581e-08
101,109,128,12288,0.45,0.375,0.25,0,0,0,0,0,0,1.3573739368436897,0.9614640674503055,1.0076804513880755,0.9614640674503055,1.0076804513880755,0,0.0,0,0.0,0.0,0,0,0,0,0.023934700002428144,0.24931979169195984,0.0,0.0,0.0,0.0,1.540282199945068,16.04460624942779,0.09381660001236014,1.5642168999474961,96,9.8211198644102e-08,9.625838584548241e-08
101,110,130,12480,0.45,0.375,0.25,0,0,0,0,0,0,1.3441050326433852,0.9611656513990487,1.0165287470510573,0.9611656513990487,1.0165287470510573,0,0.0,0,0.0,0.0,0,0,0,0,0.028219299980264623,0.2939510414610898,0.0,0.0,0.0,0.0,1.9001463999738917,19.793191666394705,0.11553660006029531,1.9283656999541563,96,9.507839274572327e-08,9.224589612999434e-08
101,111,131,12576,0.45,0.375,0.25,0,0,0,0,0,0,1.3209997185160813,0.9610282910790116,1.0086880504013247,0.9610282910790116,1.0086880504013247,0,0.0,0,0.0,0.0,0,0,0,0,0.026469799966434948,0.27572708298369736,0.0,0.0,0.0,0.0,1.7719851999136154,18.458179165766825,0.10698110006342176,1.7984549998800503,96,9.423013030019495e-08,9.676565673744086e-08
101,112,132,12672,0.45,0.375,0.25,0,0,0,0,0,0,0.8953709553179486,0.9662248852137393,1.010211561053949,0.9662248852137393,1.010211561053949,0,0.0,0,0.0,0.0,0,0,0,0,0.031118399987462908,0.3241499998694053,0.0,0.0,0.0,0.0,1.946040599999833,20.27125624999826,0.11747160000231816,1.9771589999872958,96,2.441484563998897e-08,4.982899389979756e-08
101,113,133,12768,0.45,0.375,0.25,0,0,0,0,0,0,0.7559626684883594,0.9667954633854263,1.0102928087438028,0.9667954633854263,1.0102928087438028,0,0.0,0,0.0,0.0,0,0,0,0,0.028070900014427025,0.29240520848361484,0.0,0.0,0.0,0.0,1.850295099982759,19.273907291487074,0.11209710002003703,1.878365999997186,96,1.8747622707732114e-08,4.6350829875640986e-08
101,114,134,12864,0.45,0.375,0.25,0,0,0,0,0,0,1.2414035636366063,0.9619766825541097,1.0114609890992172,0.9619766825541097,1.0114609890992172,0,0.0,0,0.0,0.0,0,0,0,0,0.02706719999696361,0.28194999996837095,0.0,0.0,0.0,0.0,1.7806353999476414,18.548285416121264,0.11018710004282184,1.807702599944605,96,9.865766062606973e-08,9.899032892002335e-08
101,115,135,12960,0.45,0.375,0.25,0,0,0,0,0,0,1.3353963809649065,0.9613929902896524,1.0105099936315525,0.9613929902896524,1.0105099936315525,0,0.0,0,0.0,0.0,0,0,0,0,0.02807300006679725,0.29242708402913803,0.0,0.0,0.0,0.0,1.8975968999584438,19.766634374567122,0.11831890002213186,1.925669900025241,96,8.31958780686537e-08,9.529987334000456e-08
101,116,136,13056,0.45,0.375,0.25,0,0,0,0,0,0,1.36475882591479,0.9613602971613905,1.0183700874359285,0.9613602971613905,1.0183700874359285,0,0.0,0,0.0,0.0,0,0,0,0,0.02637409994349582,0.27473020774474816,0.0,0.0,0.0,0.0,1.76172880003287,18.351341667009063,0.10741050003707642,1.7881028999763657,96,8.952709576286189e-08,9.809092874762948e-08
101,117,137,13152,0.45,0.375,0.25,0,0,0,0,0,0,1.3428274262862459,0.9614536567272347,1.0100097564536563,0.9614536567272347,1.0100097564536563,0,0.0,0,0.0,0.0,0,0,0,0,0.02580429999215994,0.26879479158499936,0.0,0.0,0.0,0.0,1.6625423000004957,17.318148958338497,0.0974837000030675,1.6883465999926557,96,9.704774307089936e-08,9.69361980268646e-08
101,118,139,13344,0.45,0.375,0.25,0,0,0,0,0,0,0.8671597292534843,0.9664901409010489,1.0103740640166428,0.9664901409010489,1.0103740640166428,0,0.0,0,0.0,0.0,0,0,0,0,0.026591599962557666,0.27699583294330904,0.0,0.0,0.0,0.0,1.8127278999672853,18.88258229132589,0.10924180003348738,1.839319499929843,96,1.963547366368168e-08,5.670710411659341e-08
101,119,140,13440,0.45,0.375,0.25,0,0,0,0,0,0,0.78592741424459,0.9665604425357996,1.0154242222654204,0.9665604425357996,1.0154242222654204,0,0.0,0,0.0,0.0,0,0,0,0,0.02706229996692855,0.28189895798883907,0.0,0.0,0.0,0.0,1.813313599974208,18.888683333064666,0.11083460000372725,1.8403758999411366,96,2.8693519643629983e-08,9.016160955419711e-08
101,120,141,13536,0.45,0.375,0.25,0,0,0,0,0,0,1.2158679800638377,0.9624806398312238,1.013889811010897,0.9624806398312238,1.013889811010897,0,0.0,0,0.0,0.0,0,0,0,0,0.027961700026935432,0.29126770861391077,0.0,0.0,0.0,0.0,1.8099690999661107,18.85384479131365,0.11536380001052748,1.837930799993046,96,9.806068060856654e-08,9.722121260824501e-08
101,121,142,13632,0.45,0.375,0.25,0,0,0,0,0,0,1.3111699848295817,0.9613560750561323,1.0134024339649235,0.9613560750561323,1.0134024339649235,0,0.0,0,0.0,0.0,0,0,0,0,0.02688280002621468,0.2800291669397363,0.0,0.0,0.0,0.0,1.8085022000741446,18.838564584105672,0.11221609998028725,1.8353850001003593,96,8.906015915195742e-08,9.10421029190478e-08
101,122,144,13824,0.45,0.375,0.25,0,0,0,0,0,0,0.7884963810179929,0.9666230638146296,1.0154728173082133,0.9666230638146296,1.0154728173082133,0,0.0,0,0.0,0.0,0,0,0,0,0.02644390001660213,0.2754572918396055,0.0,0.0,0.0,0.0,1.7800506000057794,18.542193750060203,0.10924719998729415,1.8064945000223815,96,2.6622018478583698e-08,9.118111401335005e-08
101,123,145,13920,0.45,0.375,0.25,0,0,0,0,0,0,1.0171886846027183,0.9654072912354149,1.0235109089372862,0.9654072912354149,1.0235109089372862,0,0.0,0,0.0,0.0,0,0,0,0,0.028269400019780733,0.294472916872716,0.0,0.0,0.0,0.0,1.8521483000004082,19.293211458337584,0.11223429998062784,1.880417700020189,96,4.3989402398469934e-08,9.417340539330521e-08
101,124,146,14016,0.45,0.375,0.25,0,0,0,0,0,0,0.9387003004354726,0.9667526915998701,1.0267652740951294,0.9667526915998701,1.0267652740951294,0,0.0,0,0.0,0.0,0,0,0,0,0.027593100021476857,0.28742812522371725,0.0,0.0,0.0,0.0,1.8143472000665497,18.899450000693225,0.1122751999864704,1.8419403000880266,96,5.8944178565889516e-08,9.711530531142376e-08
101,125,147,14112,0.45,0.375,0.25,0,0,0,0,0,0,0.8406030805801362,0.9665464351314843,1.0234756878753315,0.9665464351314843,1.0234756878753315,0,0.0,0,0.0,0.0,0,0,0,0,0.026813099975697696,0.279303124746851,0.0,0.0,0.0,0.0,1.7627558999374742,18.36204062434869,0.10971750006137881,1.7895689999131719,96,3.094698886041414e-08,8.590001276693321e-08
101,126,148,14208,0.45,0.375,0.25,0,0,0,0,0,0,1.2965241110376589,0.9612482091974273,1.0151297643712702,0.9612482091974273,1.0151297643712702,0,0.0,0,0.0,0.0,0,0,0,0,0.026197700026386883,0.2728927086081967,0.0,0.0,0.0,0.0,1.719299000040337,17.90936458375351,0.10740179998538224,1.7454967000667239,96,9.647431660833594e-08,9.896376058915468e-08
101,127,150,14400,0.45,0.375,0.25,0,0,0,0,0,0,1.3006544238007867,0.961932177536652,1.0109269801738425,0.961932177536652,1.0109269801738425,0,0.0,0,0.0,0.0,0,0,0,0,0.02737990001332946,0.28520729180551524,0.0,0.0,0.0,0.0,1.8343469998944784,19.107781248900817,0.10945160005212529,1.8617268999078078,96,9.88179714358356e-08,9.194483778507401e-08
101,128,152,14592,0.45,0.375,0.25,0,0,0,0,0,0,1.2184823913737317,0.9631998168940228,1.0148888428910738,0.9631998168940228,1.0148888428910738,0,0.0,0,0.0,0.0,0,0,0,0,0.026061999989906326,0.2714791665615242,0.0,0.0,0.0,0.0,1.7211315000022296,17.928453125023225,0.1047248999675503,1.747193499992136,96,9.888059700029206e-08,8.851370573992323e-08
101,129,153,14688,0.45,0.375,0.25,0,0,0,0,0,0,0.851466449439499,0.9663897999576812,1.0114478631287092,0.9663897999576812,1.0114478631287092,0,0.0,0,0.0,0.0,0,0,0,0,0.025832799990894273,0.2690916665718153,0.0,0.0,0.0,0.0,1.7335791999503272,18.058116666149242,0.1044626000293647,1.7594119999412214,96,1.7490417590811103e-08,8.820179359450564e-08
101,130,154,14784,0.45,0.375,0.25,0,0,0,0,0,0,0.6710693479508377,0.9673774799845634,1.0085468663780974,0.9673774799845634,1.0085468663780974,0,0.0,0,0.0,0.0,0,0,0,0,0.025493100001767743,0.265553125018414,0.0,0.0,0.0,0.0,1.614712199967471,16.819918749661156,0.09714860003441572,1.6402052999692387,96,7.480016844634008e-09,1.509028442567978e-08
101,131,155,14880,0.45,0.375,0.25,0,0,0,0,0,0,0.6927563381257792,0.966765565531026,1.0112072071882925,0.966765565531026,1.0112072071882925,0,0.0,0,0.0,0.0,0,0,0,0,0.02553020005871076,0.26593958394490375,0.0,0.0,0.0,0.0,1.6258214000190492,16.935639583531763,0.10022890002437634,1.65135160007776,96,1.3430820275384114e-08,6.54148738952684e-08
101,132,156,14976,0.45,0.375,0.25,0,0,0,0,0,0,1.3003773099173153,0.9618153278303193,1.00473314526268,0.9618153278303193,1.00473314526268,0,0.0,0,0.0,0.0,0,0,0,0,0.02763960003358079,0.2879125003497999,0.0,0.0,0.0,0.0,1.7476047999880393,18.204216666542077,0.10706309998931829,1.77524440002162,96,8.85310825170238e-08,9.27184073962195e-08
101,133,157,15072,0.45,0.375,0.25,0,0,0,0,0,0,1.354107598482221,0.9611883118588911,1.0089184491445247,0.9611883118588911,1.0089184491445247,0,0.0,0,0.0,0.0,0,0,0,0,0.026660300041839946,0.2777114587691661,0.0,0.0,0.0,0.0,1.755905799989705,18.290685416559427,0.10821409999334719,1.782566100031545,96,9.247878599190351e-08,9.534337944150373e-08
101,134,158,15168,0.45,0.375,0.25,0,0,0,0,0,0,1.246089236089441,0.9624806159888654,1.0107812890850296,0.9624806159888654,1.0107812890850296,0,0.0,0,0.0,0.0,0,0,0,0,0.027458300028229132,0.2860239586273868,0.0,0.0,0.0,0.0,1.7811636000405997,18.553787500422914,0.10919119993923232,1.8086219000688288,96,9.483619281373812e-08,9.221515981372441e-08
101,135,159,15264,0.45,0.375,0.25,0,0,0,0,0,0,1.2436099522819364,0.9624368090093626,1.0086927360255764,0.9624368090093626,1.0086927360255764,0,0.0,0,0.0,0.0,0,0,0,0,0.027160399993590545,0.2829208332665682,0.0,0.0,0.0,0.0,1.7886925999846426,18.63221458317336,0.10844329997780733,1.8158529999782331,96,9.965350497055658e-08,9.753698335113192e-08
101,136,160,15360,0.45,0.375,0.25,0,0,0,0,0,0,0.890288005418474,0.9663353348449301,1.0183676157057346,0.9663353348449301,1.0183676157057346,0,0.0,0,0.0,0.0,0,0,0,0,0.026572800023132004,0.27680000024095835,0.0,0.0,0.0,0.0,1.761834699958854,18.35244479123806,0.10672080002404982,1.788407499981986,96,2.0814044793260322e-08,8.920773163570428e-08
101,137,161,15456,0.45,0.375,0.25,0,0,0,0,0,0,0.875619982069089,0.9665291664553659,1.0261108646654216,0.9665291664553659,1.0261108646654216,0,0.0,0,0.0,0.0,0,0,0,0,0.02551489998586476,0.2657802081860912,0.0,0.0,0.0,0.0,1.6459202999758418,17.145003124748353,0.09910670002864208,1.6714351999617065,96,4.478545395647515e-08,7.768121861474048e-08
101,138,162,15552,0.45,0.375,0.25,0,0,0,0,0,0,1.3148030540965616,0.9615196688812576,1.0093708421903977,0.9615196688812576,1.0093708421903977,0,0.0,0,0.0,0.0,0,0,0,0,0.026637700029823463,0.2774760419773277,0.0,0.0,0.0,0.0,1.77280480000627,18.46671666673198,0.11164060000010068,1.7994425000360934,96,9.26717064891891e-08,8.69654127183539e-08
101,139,163,15648,0.45,0.375,0.25,0,0,0,0,0,0,1.2991324949585308,0.9620977117457086,1.0089238911445593,0.9620977117457086,1.0089238911445593,0,0.0,0,0.0,0.0,0,0,0,0,0.027743799990275875,0.2889979165653737,0.0,0.0,0.0,0.0,1.8427076000516536,19.19487083387139,0.11533679999411106,1.8704514000419294,96,9.248679788166625e-08,9.970873376952127e-08
101,140,165,15840,0.45,0.375,0.25,0,0,0,0,0,0,1.009546252081058,0.9652229774591533,1.0205500347461582,0.9652229774591533,1.0205500347461582,0,0.0,0,0.0,0.0,0,0,0,0,0.02817630001663929,0.29350312517332594,0.0,0.0,0.0,0.0,1.894716899972991,19.73663437471866,0.1162492000075872,1.9228931999896304,96,4.0281203455248826e-08,8.548016506432221e-08
101,141,166,15936,0.45,0.375,0.25,0,0,0,0,0,0,1.1180110138483907,0.9636555003828925,1.008946955886339,0.9636555003828925,1.008946955886339,0,0.0,0,0.0,0.0,0,0,0,0,0.027747899970563594,0.2890406246933708,0.0,0.0,0.0,0.0,1.74933360000432,18.222225000045,0.10271830002602655,1.7770814999748836,96,6.00982075563139e-08,6.91301116351184e-08
101,142,168,16128,0.45,0.375,0.25,0,0,0,0,0,0,0.8332602032068964,0.9666363293163803,1.023139192897614,0.9666363293163803,1.023139192897614,0,0.0,0,0.0,0.0,0,0,0,0,0.026119700007257052,0.2720802084089276,0.0,0.0,0.0,0.0,1.7345473999812384,18.0682020831379,0.10426930004177848,1.7606670999884955,96,2.741194549127357e-08,8.75360754238122e-08
101,143,169,16224,0.45,0.375,0.25,0,0,0,0,0,0,1.2865064433621176,0.9616197324106807,1.01871084764351,0.9616197324106807,1.01871084764351,0,0.0,0,0.0,0.0,0,0,0,0,0.02698359997884836,0.28107916644633707,0.0,0.0,0.0,0.0,1.741218500006653,18.137692708402636,0.10459359999367734,1.7682020999855013,96,9.369843053351479e-08,9.805048661881699e-08
101,144,170,16320,0.45,0.375,0.25,0,0,0,0,0,0,1.354716314569336,0.9614992496850499,1.014552902225246,0.9614992496850499,1.014552902225246,0,0.0,0,0.0,0.0,0,0,0,0,0.026050899956317153,0.271363541211637,0.0,0.0,0.0,0.0,1.6820122999779414,17.520961458103557,0.1030644000202301,1.7080631999342586,96,9.165096045808674e-08,9.666851860656855e-08
101,145,171,16416,0.45,0.375,0.25,0,0,0,0,0,0,1.3296375204161388,0.9619794249155799,1.0151072323405907,0.9619794249155799,1.0151072323405907,0,0.0,0,0.0,0.0,0,0,0,0,0.027238000016950537,0.28372916684323474,0.0,0.0,0.0,0.0,1.7861594999558292,18.605828124539887,0.10890400002972456,1.8133974999727798,96,8.382851135468883e-08,9.251214613814618e-08
101,146,172,16512,0.45,0.375,0.25,0,0,0,0,0,0,1.4262460383796884,0.9604744946645777,1.011658004311657,0.9604744946645777,1.011658004311657,0,0.0,0,0.0,0.0,0,0,0,0,0.02773189997242298,0.2888739580460727,0.0,0.0,0.0,0.0,1.8524187000075472,19.296028125078617,0.11451509997277753,1.8801505999799701,96,8.90581127940826e-08,9.376598525401292e-08
101,147,174,16704,0.45,0.375,0.25,0,0,0,0,0,0,0.9304791851582436,0.9657435383088113,1.0111524468719415,0.9657435383088113,1.0111524468719415,0,0.0,0,0.0,0.0,0,0,0,0,0.02693000001454493,0.280520833484843,0.0,0.0,0.0,0.0,1.7437516000281903,18.164079166960317,0.10748589998547686,1.7706816000427352,96,2.48544086527136e-08,7.513497274000414e-08
101,148,176,16896,0.45,0.375,0.25,0,0,0,0,0,0,1.2610770733666217,0.962358971365349,1.01063016476636,0.962358971365349,1.01063016476636,0,0.0,0,0.0,0.0,0,0,0,0,0.02758480002376018,0.28734166691416857,0.0,0.0,0.0,0.0,1.825533400020504,19.015972916880248,0.1130205000154092,1.853118200044264,96,9.929995237537015e-08,9.740635312227575e-08
101,149,177,16992,0.45,0.375,0.25,0,0,0,0,0,0,1.3445614133666635,0.9617318155697878,1.0080239896468717,0.9617318155697878,1.0080239896468717,0,0.0,0,0.0,0.0,0,0,0,0,0.024964300042483956,0.2600447921092079,0.0,0.0,0.0,0.0,1.6442030000398518,17.127114583748455,0.10159339995880146,1.6691673000823357,96,9.067467028091303e-08,9.992514954371146e-08
101,150,178,17088,0.45,0.375,0.25,0,0,0,0,0,0,1.3710210561090104,0.961494213160058,1.0067491967429627,0.961494213160058,1.0067491967429627,0,0.0,0,0.0,0.0,0,0,0,0,0.029103099965141155,0.3031572913035537,0.0,0.0,0.0,0.0,1.9115800999788917,19.912292708113455,0.11562210000556661,1.9406831999440328,96,8.908647056160568e-08,9.598816012867939e-08
101,151,180,17280,0.45,0.375,0.25,0,0,0,0,0,0,1.3108538271750982,0.9611541242279313,1.0076679920378668,0.9611541242279313,1.0076679920378668,0,0.0,0,0.0,0.0,0,0,0,0,0.025410099973669276,0.2646885413923883,0.0,0.0,0.0,0.0,1.6941165999451187,17.647047916094987,0.1009486999901128,1.719526699918788,96,9.153307485554839e-08,9.438559919749956e-08
101,152,181,17376,0.45,0.375,0.25,0,0,0,0,0,0,0.916957279021627,0.9662488751711333,1.0054669080421101,0.9662488751711333,1.0054669080421101,0,0.0,0,0.0,0.0,0,0,0,0,0.027144599946041126,0.2827562494379284,0.0,0.0,0.0,0.0,1.8091427000326803,18.845236458673753,0.11209079997206572,1.8362872999787214,96,2.3526649109775755e-08,3.259586114912061e-08
101,153,183,17568,0.45,0.375,0.25,0,0,0,0,0,0,1.2217076726495246,0.9622993212402992,1.0120051830567167,0.9622993212402992,1.0120051830567167,0,0.0,0,0.0,0.0,0,0,0,0,0.02817100001266226,0.29344791679856524,0.0,0.0,0.0,0.0,1.8709240999669419,19.488792707988978,0.11383749999367865,1.8990950999796041,96,9.533507049769296e-08,9.479984592469792e-08
101,154,184,17664,0.45,0.375,0.25,0,0,0,0,0,0,1.2878645062917746,0.9622163557041556,1.0106213948117138,0.9622163557041556,1.0106213948117138,0,0.0,0,0.0,0.0,0,0,0,0,0.027103100015665404,0.28232395849651465,0.0,0.0,0.0,0.0,1.801749399950495,18.76822291615099,0.11118650001299102,1.8288524999661604,96,8.976780473471391e-08,9.791617086585269e-08
101,155,185,17760,0.45,0.375,0.25,0,0,0,0,0,0,1.324217441954453,0.9619785873073624,1.0123876017407045,0.9619785873073624,1.0123876017407045,0,0.0,0,0.0,0.0,0,0,0,0,0.025992500013671815,0.2707552084757481,0.0,0.0,0.0,0.0,1.7458243000291986,18.18566979197082,0.1062987999903271,1.7718168000428705,96,9.216339236055304e-08,9.477393161927417e-08
101,156,187,17952,0.45,0.375,0.25,0,0,0,0,0,0,1.3445733632606856,0.9610329813662718,1.0108364502958551,0.9610329813662718,1.0108364502958551,0,0.0,0,0.0,0.0,0,0,0,0,0.026304800034267828,0.2740083336902899,0.0,0.0,0.0,0.0,1.7533270999556407,18.263823957871256,0.1063838000263786,1.7796318999899086,96,9.808195862751837e-08,9.959281503657547e-08
101,157,188,18048,0.45,0.375,0.25,0,0,0,0,0,0,0.9259753800966251,0.9657716525803726,1.0121250912959256,0.9657716525803726,1.0121250912959256,0,0.0,0,0.0,0.0,0,0,0,0,0.026064899961056653,0.27150937459434016,0.0,0.0,0.0,0.0,1.7669929999829037,18.406177083155246,0.10811629999807337,1.7930578999439604,96,2.269468803856034e-08,9.325168900953251e-08
101,158,189,18144,0.45,0.375,0.25,0,0,0,0,0,0,0.8141914447868742,0.9665516976966101,1.0167702908477085,0.9665516976966101,1.0167702908477085,0,0.0,0,0.0,0.0,0,0,0,0,0.02672720001282869,0.27840833346696553,0.0,0.0,0.0,0.0,1.812417400018603,18.87934791686045,0.11149409997597104,1.8391446000314318,96,2.767268136860679e-08,9.728912979487664e-08
101,159,190,18240,0.45,0.375,0.25,0,0,0,0,0,0,1.4142263381172882,0.9608142941544429,1.0066442813943666,0.9608142941544429,1.0066442813943666,0,0.0,0,0.0,0.0,0,0,0,0,0.02670349999971222,0.2781614583303356,0.0,0.0,0.0,0.0,1.7872676000115462,18.617370833453606,0.10779069999261992,1.8139711000112584,96,9.590140317289331e-08,9.588821535400083e-08
101,160,191,18336,0.45,0.375,0.25,0,0,0,0,0,0,1.381736467378974,0.9610478068560305,1.0084676830872312,0.9610478068560305,1.0084676830872312,0,0.0,0,0.0,0.0,0,0,0,0,0.028795699967304245,0.29995520799275255,0.0,0.0,0.0,0.0,1.9354296999808867,20.16072604146757,0.11869060000753962,1.964225399948191,96,8.975080572834471e-08,9.471405833239022e-08
101,161,192,18432,0.45,0.375,0.25,0,0,0,0,0,0,1.5568969484481792,0.9597967435469686,1.0012716274055593,0.9597967435469686,1.0012716274055593,0,0.0,0,0.0,0.0,0,0,0,0,0.02591249997203704,0.26992187470871915,0.0,0.0,0.0,0.0,1.712395699978515,17.83745520810953,0.10418219998246059,1.738308199950552,96,9.809507374794468e-08,9.983430721005604e-08
101,162,193,18528,0.45,0.375,0.25,0,0,0,0,0,0,1.2758175915777856,0.9625289215964312,1.0118691320094655,0.9625289215964312,1.0118691320094655,0,0.0,0,0.0,0.0,0,0,0,0,0.028575199969054665,0.2976583330109861,0.0,0.0,0.0,0.0,1.9004472000524402,19.79632500054625,0.11506089998147218,1.9290224000214948,96,9.195128001029951e-08,9.802341723041952e-08
101,163,194,18624,0.45,0.375,0.25,0,0,0,0,0,0,1.2726525861834217,0.9621805057722524,1.0078125487750456,0.9621805057722524,1.0078125487750456,0,0.0,0,0.0,0.0,0,0,0,0,0.026982299976225477,0.2810656247523487,0.0,0.0,0.0,0.0,1.8478409000454121,19.248342708806376,0.1119472999998834,1.8748232000216376,96,9.905710334455475e-08,9.698596099838586e-08
101,164,195,18720,0.45,0.375,0.25,0,0,0,0,0,0,0.8496919365452411,0.9663658864428623,1.00908464848556,0.9663658864428623,1.00908464848556,0,0.0,0,0.0,0.0,0,0,0,0,0.02756529996986501,0.2871385413527605,0.0,0.0,0.0,0.0,1.827899099997012,19.040615624968876,0.11144469999271678,1.855464399966877,96,1.6161438506911985e-08,2.5307339583321986e-08
101,165,196,18816,0.45,0.375,0.25,0,0,0,0,0,0,0.7557614171913621,0.9666586609914464,1.009908261412792,0.9666586609914464,1.009908261412792,0,0.0,0,0.0,0.0,0,0,0,0,0.02924359997996362,0.304620833124621,0.0,0.0,0.0,0.0,1.8949422000150662,19.73898125015694,0.11695730002247728,1.9241857999950298,96,1.8411729493447715e-08,3.591669033367606e-08
101,166,197,18912,0.45,0.375,0.25,0,0,0,0,0,0,1.2356717373638648,0.9625283629258853,1.0098407451422242,0.9625283629258853,1.0098407451422242,0,0.0,0,0.0,0.0,0,0,0,0,0.02760850000049686,0.2875885416718423,0.0,0.0,0.0,0.0,1.8030465000774711,18.78173437580699,0.10996789995988365,1.830655000077968,96,8.89585898087436e-08,9.243080328902309e-08
101,167,198,19008,0.45,0.375,0.25,0,0,0,0,0,0,1.3049176892822434,0.9620865298210272,1.0148491480180888,0.9620865298210272,1.0148491480180888,0,0.0,0,0.0,0.0,0,0,0,0,0.028033799964759964,0.2920187496329163,0.0,0.0,0.0,0.0,1.8219512000505347,18.978658333859737,0.11005439995642519,1.8499850000152946,96,9.060633378993321e-08,9.809796933102355e-08
101,168,199,19104,0.45,0.375,0.25,0,0,0,0,0,0,1.3542445041852729,0.9615559410811593,1.016782658909127,0.9615559410811593,1.016782658909127,0,0.0,0,0.0,0.0,0,0,0,0,0.026825600012671202,0.279433333465325,0.0,0.0,0.0,0.0,1.7968461000200477,18.71714687520883,0.10909930001071189,1.823671700032719,96,9.793272464676817e-08,9.501450563831337e-08
101,169,200,19200,0.45,0.375,0.25,0,0,0,0,0,0,1.3540470282040777,0.9619069199509175,1.0058727254464555,0.9619069199509175,1.0058727254464555,0,0.0,0,0.0,0.0,0,0,0,0,0.027984400039713364,0.29150416708034754,0.0,0.0,0.0,0.0,1.9034408000006806,19.827508333340422,0.11748910001915647,1.931425200040394,96,9.164973779896002e-08,9.956847978054295e-08
101,170,202,19392,0.45,0.375,0.25,0,0,0,0,0,0,0.8859622196570178,0.9659481087327565,1.0109378119070134,0.9659481087327565,1.0109378119070134,0,0.0,0,0.0,0.0,0,0,0,0,0.02849669999704929,0.29684062496926344,0.0,0.0,0.0,0.0,1.8799294000200462,19.582597916875482,0.11366220001946203,1.9084261000170955,96,1.8905076987381364e-08,6.786911114706196e-08
101,171,203,19488,0.45,0.375,0.25,0,0,0,0,0,0,0.7414727086938555,0.9666768267936316,1.0095526338251857,0.9666768267936316,1.0095526338251857,0,0.0,0,0.0,0.0,0,0,0,0,0.02834460002486594,0.2952562502590202,0.0,0.0,0.0,0.0,1.8425660999928368,19.193396874925384,0.11296899997978471,1.8709107000177028,96,1.6293534629147066e-08,2.9570503910086865e-08
101,172,204,19584,0.45,0.375,0.25,0,0,0,0,0,0,1.314684693227973,0.9621383126963617,1.0025368806669277,0.9621383126963617,1.0025368806669277,0,0.0,0,0.0,0.0,0,0,0,0,0.02664800000638934,0.27758333339988894,0.0,0.0,0.0,0.0,1.7621000000581262,18.355208333938815,0.10641649998433422,1.7887480000645155,96,9.187349932909816e-08,9.0288699503005e-08
101,173,205,19680,0.45,0.375,0.25,0,0,0,0,0,0,1.5221869101596994,0.9599075729143496,1.0013605091733393,0.9599075729143496,1.0013605091733393,0,0.0,0,0.0,0.0,0,0,0,0,0.028254599987121765,0.2943187498658517,0.0,0.0,0.0,0.0,1.8273952999079484,19.035367707374462,0.11101800000324147,1.8556498998950701,96,9.568001607153376e-08,9.985210248919518e-08
101,174,206,19776,0.45,0.375,0.25,0,0,0,0,0,0,1.4667482348710823,0.9604341087899989,1.0017171821667865,0.9604341087899989,1.0017171821667865,0,0.0,0,0.0,0.0,0,0,0,0,0.02732679998734966,0.2846541665348923,0.0,0.0,0.0,0.0,1.773863799920946,18.477747915843185,0.10861030001979088,1.8011905999082956,96,9.436399841210308e-08,9.919958396387152e-08
101,175,207,19872,0.45,0.375,0.25,0,0,0,0,0,0,1.3917965609946805,0.961551143209548,1.0032142118735863,0.961551143209548,1.0032142118735863,0,0.0,0,0.0,0.0,0,0,0,0,0.026440799949341454,0.2754249994723068,0.0,0.0,0.0,0.0,1.7478987000067718,18.20727812507054,0.10563939997518901,1.7743394999561133,96,9.650307138467373e-08,9.945579901304846e-08
101,176,208,19968,0.45,0.375,0.25,0,0,0,0,0,0,1.1692788798753828,0.9631264789966928,1.008172605142477,0.9631264789966928,1.008172605142477,0,0.0,0,0.0,0.0,0,0,0,0,0.028862900027888827,0.30065520862384193,0.0,0.0,0.0,0.0,1.9021187000253121,19.813736458597003,0.1159168000012869,1.930981600053201,96,7.624150746496361e-08,7.454919723204334e-08
101,177,210,20160,0.45,0.375,0.25,0,0,0,0,0,0,0.7857414654721654,0.9667652640947205,1.0179189849954908,0.9667652640947205,1.0179189849954908,0,0.0,0,0.0,0.0,0,0,0,0,0.028456400039431173,0.29642083374407474,0.0,0.0,0.0,0.0,1.8216595000048983,18.97561979171769,0.11253270003362559,1.8501159000443295,96,2.1420477475109223e-08,8.434809295031903e-08
101,178,211,20256,0.45,0.375,0.25,0,0,0,0,0,0,1.196857522227759,0.9626723582456049,1.0112426930594993,0.9626723582456049,1.0112426930594993,0,0.0,0,0.0,0.0,0,0,0,0,0.026362700038589537,0.2746114587353077,0.0,0.0,0.0,0.0,1.7173079999847687,17.88862499984134,0.10353419997409219,1.7436707000233582,96,9.817880525925249e-08,9.868075110525121e-08
101,179,212,20352,0.45,0.375,0.25,0,0,0,0,0,0,1.2943847085353746,0.9617838126214366,1.01008330841544,0.9617838126214366,1.01008330841544,0,0.0,0,0.0,0.0,0,0,0,0,0.02821869996841997,0.293944791337708,0.0,0.0,0.0,0.0,1.8389663000634755,19.155898958994538,0.11419189997832291,1.8671850000318955,96,9.569098831894995e-08,8.989729669006685e-08
101,180,213,20448,0.45,0.375,0.25,0,0,0,0,0,0,1.2767696767494063,0.9623861159718822,1.009735721482997,0.9623861159718822,1.009735721482997,0,0.0,0,0.0,0.0,0,0,0,0,0.027607300027739257,0.28757604195561726,0.0,0.0,0.0,0.0,1.8396855000173673,19.16339062518091,0.11215479995735222,1.8672928000451066,96,9.675062272174184e-08,9.105760617744707e-08
101,181,214,20544,0.45,0.375,0.25,0,0,0,0,0,0,1.3882428571045013,0.9611133826430622,1.005539589162123,0.9611133826430622,1.005539589162123,0,0.0,0,0.0,0.0,0,0,0,0,0.026464899980055634,0.27567604145891283,0.0,0.0,0.0,0.0,1.810692700011714,18.861382291788686,0.11029450000933139,1.8371575999917695,96,9.427071285053601e-08,9.95482776766643e-08
101,182,215,20640,0.45,0.375,0.25,0,0,0,0,0,0,1.2511689452448411,0.9618100213092476,1.0077314983772567,0.9618100213092476,1.0077314983772567,0,0.0,0,0.0,0.0,0,0,0,0,0.026037700052256696,0.27122604221100727,0.0,0.0,0.0,0.0,1.6723706999982824,17.42052812498211,0.10145459997147555,1.698408400050539,96,9.006281481011014e-08,9.561976578587039e-08
101,183,218,20928,0.45,0.375,0.25,0,0,0,0,0,0,1.1571478118176748,0.9630930718393667,1.0168826583532309,0.9630930718393667,1.0168826583532309,0,0.0,0,0.0,0.0,0,0,0,0,0.028281099985179026,0.2945947915122815,0.0,0.0,0.0,0.0,1.873816200022702,19.51891875023648,0.11287150000862312,1.9020973000078811,96,9.732738444172273e-08,9.775102494807841e-08
101,184,220,21120,0.45,0.375,0.25,0,0,0,0,0,0,1.280490999681692,0.9621495670238636,1.0110489202812998,0.9621495670238636,1.0110489202812998,0,0.0,0,0.0,0.0,0,0,0,0,0.02776600005745422,0.28922916726514813,0.0,0.0,0.0,0.0,1.792290099998354,18.66968854164952,0.10878519998368574,1.8200561000558082,96,8.549887890556274e-08,9.873727307985192e-08
101,185,221,21216,0.45,0.375,0.25,0,0,0,0,0,0,1.4506941155214883,0.9614504767323231,1.0013230176764056,0.9614504767323231,1.0013230176764056,0,0.0,0,0.0,0.0,0,0,0,0,0.02839330001734197,0.2957635418473122,0.0,0.0,0.0,0.0,1.859781400031352,19.37272291699325,0.11476319999928819,1.888174700048694,96,9.733098226254872e-08,9.95873120079871e-08
101,186,222,21312,0.45,0.375,0.25,0,0,0,0,0,0,1.508443639965823,0.9602851937872156,1.0,0.9602851937872156,1.0,0,0.0,0,0.0,0.0,0,0,0,0,0.028525500019895844,0.2971406252072484,0.0,0.0,0.0,0.0,1.8574865999689791,19.348818749676866,0.1123629000139772,1.886012099988875,96,9.947373752830502e-08,9.705870065990219e-08
101,187,223,21408,0.45,0.375,0.25,0,0,0,0,0,0,0.8808585658755506,0.9669681377257959,1.0038935432283222,0.9669681377257959,1.0038935432283222,0,0.0,0,0.0,0.0,0,0,0,0,0.02741759999480564,0.2855999999458921,0.0,0.0,0.0,0.0,1.797738599954755,18.7264437495287,0.10863790002622409,1.8251561999495607,96,1.8749671320747452e-08,2.8052704048597832e-08
101,188,224,21504,0.45,0.375,0.25,0,0,0,0,0,0,0.7066303868985578,0.9667822603528481,1.0099359788318292,0.9667822603528481,1.0099359788318292,0,0.0,0,0.0,0.0,0,0,0,0,0.02728130001196405,0.2841802084579588,0.0,0.0,0.0,0.0,1.8196201000973815,18.95437604268106,0.1131735999515513,1.8469014001093456,96,1.4451738920145951e-08,3.339813699036742e-08
101,189,225,21600,0.45,0.375,0.25,0,0,0,0,0,0,1.128084832645904,0.9633278838398764,1.0157495058571915,0.9633278838398764,1.0157495058571915,0,0.0,0,0.0,0.0,0,0,0,0,0.026737800020782743,0.2785187502164869,0.0,0.0,0.0,0.0,1.7634769999713171,18.369552083034552,0.10912210000969935,1.7902147999920999,96,9.969415001864768e-08,9.036369895409901e-08
101,190,226,21696,0.45,0.375,0.25,0,0,0,0,0,0,1.1868075254096937,0.9627968108610727,1.0117395064467793,0.9627968108610727,1.0117395064467793,0,0.0,0,0.0,0.0,0,0,0,0,0.027046500021242537,0.2817343752212764,0.0,0.0,0.0,0.0,1.7750815000399598,18.490432292082915,0.10751920002076076,1.8021280000612023,96,9.898588653606266e-08,9.717493518190956e-08
101,191,227,21792,0.45,0.375,0.25,0,0,0,0,0,0,1.2870518898451253,0.9614736523808567,1.009844119397425,0.9614736523808567,1.009844119397425,0,0.0,0,0.0,0.0,0,0,0,0,0.029807599938067142,0.3104958326881994,0.0,0.0,0.0,0.0,1.8727887000350165,19.508215625364755,0.11595889995078323,1.9025962999730837,96,9.866149903433935e-08,9.966410939588055e-08
101,192,228,21888,0.45,0.375,0.25,0,0,0,0,0,0,1.3260318280228873,0.9613549753410755,1.0087487445932841,0.9613549753410755,1.0087487445932841,0,0.0,0,0.0,0.0,0,0,0,0,0.02648030001000734,0.2758364584375765,0.0,0.0,0.0,0.0,1.7864354999328498,18.60870312430052,0.10885510001389775,1.8129157999428571,96,9.633538970883759e-08,9.899879263586264e-08
101,193,229,21984,0.45,0.375,0.25,0,0,0,0,0,0,1.2997524880511733,0.961925271162751,1.0070407802756707,0.961925271162751,1.0070407802756707,0,0.0,0,0.0,0.0,0,0,0,0,0.027545799923245795,0.2869354158671437,0.0,0.0,0.0,0.0,1.8604996998765273,19.380205207047158,0.11194000006798888,1.888045499799773,96,8.903992371374087e-08,9.92669562521753e-08
101,194,230,22080,0.45,0.375,0.25,0,0,0,0,0,0,0.8533826707611636,0.9665948027174301,1.0100141837367393,0.9665948027174301,1.0100141837367393,0,0.0,0,0.0,0.0,0,0,0,0,0.026505299960263073,0.2760968745860737,0.0,0.0,0.0,0.0,1.8075365999538917,18.828506249519705,0.1096132999737165,1.8340418999141548,96,1.927910797585447e-08,4.2028822635695184e-08
101,195,231,22176,0.45,0.375,0.25,0,0,0,0,0,0,0.7395560189277943,0.9667790433969689,1.0112766214887206,0.9667790433969689,1.0112766214887206,0,0.0,0,0.0,0.0,0,0,0,0,0.027810700034024194,0.28969479202108533,0.0,0.0,0.0,0.0,1.8508810999337584,19.280011457643315,0.11286280000058468,1.8786917999677826,96,1.7688097249911328e-08,7.193684091987007e-08
101,196,232,22272,0.45,0.375,0.25,0,0,0,0,0,0,1.2042554501730085,0.9625388333282879,1.0094356715676835,0.9625388333282879,1.0094356715676835,0,0.0,0,0.0,0.0,0,0,0,0,0.02778339996439172,0.2894104162957471,0.0,0.0,0.0,0.0,1.7791144000730128,18.532441667427218,0.10869199995067902,1.8068978000374045,96,8.164502606107515e-08,9.216807449197173e-08
101,197,235,22560,0.45,0.375,0.25,0,0,0,0,0,0,1.315721238473574,0.961856095648392,1.00875212836595,0.961856095648392,1.00875212836595,0,0.0,0,0.0,0.0,0,0,0,0,0.02793160001601791,0.2909541668335199,0.0,0.0,0.0,0.0,1.83977650005545,19.16433854224427,0.11151809995499207,1.867708100071468,96,9.887195654648823e-08,9.881392697141944e-08
101,198,236,22656,0.45,0.375,0.25,0,0,0,0,0,0,1.2453866027475216,0.9620712172777321,1.011963592775815,0.9620712172777321,1.011963592775815,0,0.0,0,0.0,0.0,0,0,0,0,0.02581600003031781,0.2689166669824772,0.0,0.0,0.0,0.0,1.7186723000413622,17.902836458764188,0.10436319999280386,1.74448830007168,96,9.658491627361279e-08,9.568162338824404e-08
101,199,237,22752,0.45,0.375,0.25,0,0,0,0,0,0,0.8754834316725096,0.9666994700257195,1.0117379583585864,0.9666994700257195,1.0117379583585864,0,0.0,0,0.0,0.0,0,0,0,0,0.02740049997373717,0.2854218747264288,0.0,0.0,0.0,0.0,1.8431236000105855,19.199204166776934,0.11403139998583356,1.8705240999843227,96,2.1499451420547988e-08,9.222608968184609e-08
101,200,238,22848,0.45,0.375,0.25,0,0,0,0,0,0,0.7610480532920494,0.966701253802753,1.01131211718974,0.966701253802753,1.01131211718974,0,0.0,0,0.0,0.0,0,0,0,0,0.026227500035020057,0.27320312536479224,0.0,0.0,0.0,0.0,1.7716151000422542,18.454323958773482,0.10965529999521095,1.7978426000772743,96,2.0165786731446422e-08,6.905942919951946e-08
101,201,239,22944,0.45,0.375,0.25,0,0,0,0,0,0,1.2481022110985593,0.9618616893277064,1.0119522635926264,0.9618616893277064,1.0119522635926264,0,0.0,0,0.0,0.0,0,0,0,0,0.028682699994533323,0.29877812494305545,0.0,0.0,0.0,0.0,1.9059301000088453,19.853438541758806,0.11774979999609059,1.9346128000033787,96,8.508846445140494e-08,9.493055626308422e-08
101,202,240,23040,0.45,0.375,0.25,0,0,0,0,0,0,1.3320066486621451,0.9612225864952724,1.015479767335007,0.9612225864952724,1.015479767335007,0,0.0,0,0.0,0.0,0,0,0,0,0.027104200009489432,0.28233541676551493,0.0,0.0,0.0,0.0,1.8169183000936755,18.926232292642453,0.11002729993924731,1.844022500103165,96,9.045909123324425e-08,9.76467492974642e-08
101,203,241,23136,0.45,0.375,0.25,0,0,0,0,0,0,1.3847816828751391,0.9609663801256209,1.0096952641444787,0.9609663801256209,1.0096952641444787,0,0.0,0,0.0,0.0,0,0,0,0,0.02816229997552,0.29335729141166667,0.0,0.0,0.0,0.0,1.8020333999666036,18.77118124965212,0.11047230003168806,1.8301956999421236,96,9.971483922420477e-08,9.939286477189668e-08
101,204,243,23328,0.45,0.375,0.25,0,0,0,0,0,0,1.338826452162398,0.961188712943992,1.0025494900056087,0.961188712943992,1.0025494900056087,0,0.0,0,0.0,0.0,0,0,0,0,0.027199899981496856,0.2833322914739256,0.0,0.0,0.0,0.0,1.8081858000005013,18.835268750005223,0.11022490001050755,1.8353856999819982,96,9.013755670680967e-08,9.480835901076734e-08
101,205,246,23616,0.45,0.375,0.25,0,0,0,0,0,0,1.2592239580701305,0.9613481561936018,1.012039768852903,0.9613481561936018,1.012039768852903,0,0.0,0,0.0,0.0,0,0,0,0,0.026407000004837755,0.27507291671705997,0.0,0.0,0.0,0.0,1.7512177000317024,18.2418510419969,0.10772159996122355,1.7776247000365402,96,8.83228478375242e-08,9.744561626362502e-08
101,206,247,23712,0.45,0.375,0.25,0,0,0,0,0,0,1.3779214496952912,0.9606839896120031,1.0094208228221466,0.9606839896120031,1.0094208228221466,0,0.0,0,0.0,0.0,0,0,0,0,0.029069799973513,0.3028104163907604,0.0,0.0,0.0,0.0,1.9203249999991385,20.003385416657693,0.11794530002225656,1.9493947999726515,96,9.60093496024661e-08,9.982103768568784e-08
101,207,248,23808,0.45,0.375,0.25,0,0,0,0,0,0,1.5458022665378246,0.9595735148068087,1.0043236836898104,0.9595735148068087,1.0043236836898104,0,0.0,0,0.0,0.0,0,0,0,0,0.027333800026099198,0.2847270836052,0.0,0.0,0.0,0.0,1.829884899983881,19.061301041498762,0.11123220006993506,1.8572187000099802,96,9.715517887594338e-08,9.997046968024392e-08
101,208,249,23904,0.45,0.375,0.25,0,0,0,0,0,0,1.421032905927282,0.9606506912483503,1.0042120460919617,0.9606506912483503,1.0042120460919617,0,0.0,0,0.0,0.0,0,0,0,0,0.02805579997220775,0.2922479163771641,0.0,0.0,0.0,0.0,1.8429866000078619,19.19777708341523,0.11352339993754867,1.8710423999800696,96,8.732807892618266e-08,9.552053870098831e-08
101,209,250,24000,0.45,0.375,0.25,0,0,0,0,0,0,1.5221589227738521,0.959861199557074,1.002177093049262,0.959861199557074,1.002177093049262,0,0.0,0,0.0,0.0,0,0,0,0,0.0274371999912546,0.2858041665755688,0.0,0.0,0.0,0.0,1.7907509001088329,18.653655209467008,0.10952379991067573,1.8181881001000875,96,9.307891307534788e-08,9.770736199288255e-08
101,210,252,24192,0.45,0.375,0.25,0,0,0,0,0,0,0.7967257424151059,0.9657204216111369,1.0088518545492433,0.9657204216111369,1.0088518545492433,0,0.0,0,0.0,0.0,0,0,0,0,0.027571099970373325,0.2871989580247221,0.0,0.0,0.0,0.0,1.7924439999915194,18.671291666578327,0.11081380001996877,1.8200150999618927,96,3.3760989984546463e-08,4.261572608688091e-08
101,211,253,24288,0.45,0.375,0.25,0,0,0,0,0,0,1.4828341625946189,0.95981573572039,1.0044637527771776,0.95981573572039,1.0044637527771776,0,0.0,0,0.0,0.0,0,0,0,0,0.027114799966511782,0.2824458329844977,0.0,0.0,0.0,0.0,1.8395936999950209,19.162434374948134,0.11320459999114973,1.8667084999615327,96,9.093268471538352e-08,9.947206204563575e-08
101,212,254,24384,0.45,0.375,0.25,0,0,0,0,0,0,1.5410728480028586,0.9594717283624861,1.0043699181626646,0.9594717283624861,1.0043699181626646,0,0.0,0,0.0,0.0,0,0,0,0,0.027875300009327475,0.29036770843049453,0.0,0.0,0.0,0.0,1.9269720000374946,20.07262500039057,0.11779489998298232,1.954847300046822,96,9.733730398087115e-08,9.695191427461225e-08
101,213,256,24576,0.45,0.375,0.25,0,0,0,0,0,0,1.7552369138378665,0.9587183862635551,1.0000925251547317,0.9587183862635551,1.0000925251547317,0,0.0,0,0.0,0.0,0,0,0,0,0.027865499978361186,0.29026562477459567,0.0,0.0,0.0,0.0,1.8405353000489413,19.17224270884314,0.11274849997425918,1.8684008000273025,96,8.265634436448177e-08,8.041656895940719e-08
101,214,257,24672,0.45,0.375,0.25,0,0,0,0,0,0,1.4068051138824793,0.9601904708094178,1.00682697297468,0.9601904708094178,1.00682697297468,0,0.0,0,0.0,0.0,0,0,0,0,0.028616900017368607,0.29809270851425634,0.0,0.0,0.0,0.0,1.8570181999748456,19.343939583071307,0.11368020001100376,1.8856350999922142,96,9.292975891410371e-08,9.732873368362149e-08
101,215,258,24768,0.45,0.375,0.25,0,0,0,0,0,0,0.9497882845761885,0.9648920660376361,1.0063866977279003,0.9648920660376361,1.0063866977279003,0,0.0,0,0.0,0.0,0,0,0,0,0.03076500004681293,0.3204687504876347,0.0,0.0,0.0,0.0,1.9806996000988875,20.632287501030078,0.12115739994624164,2.0114646001457004,96,5.12947736716618e-08,5.545835214670891e-08
101,216,259,24864,0.45,0.375,0.25,0,0,0,0,0,0,0.8152762518586627,0.965240226902172,1.0107154763058177,0.965240226902172,1.0107154763058177,0,0.0,0,0.0,0.0,0,0,0,0,0.028123899995989632,0.292957291624892,0.0,0.0,0.0,0.0,1.8590833000343991,19.36545104202499,0.1181316999864066,1.8872072000303888,96,4.2090156689850167e-08,5.465472254460868e-08
101,217,260,24960,0.45,0.375,0.25,0,0,0,0,0,0,1.450651738956075,0.9595572770463077,1.0058319361457402,0.9595572770463077,1.0058319361457402,0,0.0,0,0.0,0.0,0,0,0,0,0.028177899956062902,0.2935197912089886,0.0,0.0,0.0,0.0,1.9016198000317672,19.808539583664242,0.11836040001071524,1.9297976999878301,96,8.790145669505811e-08,9.596022490510059e-08
101,218,261,25056,0.45,0.375,0.25,0,0,0,0,0,0,1.5337427953748985,0.959142898980058,1.0044370335235737,0.959142898980058,1.0044370335235737,0,0.0,0,0.0,0.0,0,0,0,0,0.027770400010922458,0.2892750001137756,0.0,0.0,0.0,0.0,1.8745976000645896,19.527058334006142,0.11574649994872743,1.902368000075512,96,9.146107305540996e-08,9.485933136210711e-08
101,219,262,25152,0.45,0.375,0.25,0,0,0,0,0,0,1.5803147109102897,0.9592016966853437,1.0042636055087337,0.9592016966853437,1.0042636055087337,0,0.0,0,0.0,0.0,0,0,0,0,0.0291672999956063,0.30382604162089893,0.0,0.0,0.0,0.0,1.9089309998889803,19.884697915510213,0.11697010008356301,1.9380982998845866,96,9.375092438479449e-08,9.81894172913389e-08
101,220,263,25248,0.45,0.375,0.25,0,0,0,0,0,0,1.4664685997560216,0.9593508190600893,1.0087336671765708,0.9593508190600893,1.0087336671765708,0,0.0,0,0.0,0.0,0,0,0,0,0.02694319999864092,0.2806583333191763,0.0,0.0,0.0,0.0,1.8189198000109172,18.947081250113722,0.11115209996933118,1.8458630000095582,96,9.054300673799753e-08,9.898420277876241e-08
101,221,264,25344,0.45,0.375,0.25,0,0,0,0,0,0,1.4219786400444911,0.9600510564991909,1.007691596651159,0.9600510564991909,1.007691596651159,0,0.0,0,0.0,0.0,0,0,0,0,0.026308799999242183,0.27404999999210605,0.0,0.0,0.0,0.0,1.770532699963951,18.443048957957824,0.10912889998871833,1.7968414999631932,96,8.838809066602504e-08,9.876444231893267e-08
101,222,265,25440,0.45,0.375,0.25,0,0,0,0,0,0,0.9752001792531917,0.9643341471670384,1.0097560485149586,0.9643341471670384,1.0097560485149586,0,0.0,0,0.0,0.0,0,0,0,0,0.026891899957263377,0.2801239578881602,0.0,0.0,0.0,0.0,1.7963787000189768,18.712278125197674,0.11065009998856112,1.8232705999762402,96,6.770297248173685e-08,6.620213051367063e-08
101,223,266,25536,0.45,0.375,0.25,0,0,0,0,0,0,0.8707169243055322,0.9646198902967348,1.0072314183705369,0.9646198902967348,1.0072314183705369,0,0.0,0,0.0,0.0,0,0,0,0,0.028622399993764702,0.298149999935049,0.0,0.0,0.0,0.0,1.8928927000015392,19.7176322916827,0.11497720001352718,1.921515099995304,96,5.586266043494659e-08,5.890228749194648e-08
101,224,267,25632,0.45,0.375,0.25,0,0,0,0,0,0,1.5417381338953797,0.9590098187323054,1.004883262637895,0.9590098187323054,1.004883262637895,0,0.0,0,0.0,0.0,0,0,0,0,0.027038299980631564,0.2816489581315788,0.0,0.0,0.0,0.0,1.8244297999772243,19.004477083096088,0.11308370000915602,1.8514680999578559,96,9.046252288057166e-08,9.732567828046879e-08
101,225,269,25824,0.45,0.375,0.25,0,0,0,0,0,0,1.5844132399239939,0.9583534692226787,1.007283137218507,0.9583534692226787,1.007283137218507,0,0.0,0,0.0,0.0,0,0,0,0,0.028501899956609122,0.2968947912146784,0.0,0.0,0.0,0.0,1.8967853000722243,19.75818020908567,0.11613939995731926,1.9252872000288335,96,9.27692783529721e-08,9.476577175759893e-08
101,226,270,25920,0.45,0.375,0.25,0,0,0,0,0,0,1.6431034780996514,0.958262590075104,1.003978556323117,0.958262590075104,1.003978556323117,0,0.0,0,0.0,0.0,0,0,0,0,0.02684979998593917,0.2796854165201997,0.0,0.0,0.0,0.0,1.8496536999664386,19.26722604131707,0.11233190002531046,1.8765034999523778,96,9.524104779140563e-08,9.903042150205543e-08
101,227,272,26112,0.45,0.375,0.25,0,0,0,0,0,0,1.0357383907125222,0.963827582836753,1.006541769400371,0.963827582836753,1.006541769400371,0,0.0,0,0.0,0.0,0,0,0,0,0.028772299978299998,0.29971145810729166,0.0,0.0,0.0,0.0,1.860508400015533,19.380295833495136,0.1146778000111226,1.889280699993833,96,9.134628550094837e-08,7.8606330819464e-08
101,228,273,26208,0.45,0.375,0.25,0,0,0,0,0,0,0.8381454052612559,0.9651864373131869,1.007313554631238,0.9651864373131869,1.007313554631238,0,0.0,0,0.0,0.0,0,0,0,0,0.029074599988234695,0.3028604165441114,0.0,0.0,0.0,0.0,1.9508939999868744,20.321812499863274,0.12135889998171479,1.979968599975109,96,4.1663915035031196e-08,4.865889947913704e-08
101,229,274,26304,0.45,0.375,0.25,0,0,0,0,0,0,1.3811183871163257,0.9605543794774178,1.001398343772217,0.9605543794774178,1.001398343772217,0,0.0,0,0.0,0.0,0,0,0,0,0.026198699968517758,0.27290312467205996,0.0,0.0,0.0,0.0,1.7728980999454507,18.467688541098443,0.10960180003166897,1.7990967999139684,96,9.824727389279309e-08,9.295048362945035e-08
101,230,275,26400,0.45,0.375,0.25,0,0,0,0,0,0,0.9977491897416226,0.9635032393414205,1.0062140271335174,0.9635032393414205,1.0062140271335174,0,0.0,0,0.0,0.0,0,0,0,0,0.026534500015259255,0.27640104182561726,0.0,0.0,0.0,0.0,1.8189433999868925,18.947327083196797,0.11080739999306388,1.8454779000021517,96,9.73465343837715e-08,8.099555685869841e-08
101,231,276,26496,0.45,0.375,0.25,0,0,0,0,0,0,1.6636025732070956,0.9582466659538097,1.0029649730531618,0.9582466659538097,1.0029649730531618,0,0.0,0,0.0,0.0,0,0,0,0,0.028570100010256283,0.29760520844016963,0.0,0.0,0.0,0.0,1.880029900043155,19.5836447921162,0.11445079997065477,1.9086000000534113,96,9.60388005233348e-08,9.819585235215644e-08
101,232,278,26688,0.45,0.375,0.25,0,0,0,0,0,0,1.7544036580519047,0.9583341078265031,1.0017714754969138,0.9583341078265031,1.0017714754969138,0,0.0,0,0.0,0.0,0,0,0,0,0.028037499971105717,0.29205729136568453,0.0,0.0,0.0,0.0,1.8351970000076108,19.116635416745947,0.11254159995587543,1.8632344999787165,96,9.664674979585619e-08,9.985271900991854e-08
101,233,280,26880,0.45,0.375,0.25,0,0,0,0,0,0,0.9685068547482599,0.9635978689267748,1.0036720400869823,0.9635978689267748,1.0036720400869823,0,0.0,0,0.0,0.0,0,0,0,0,0.02824439998221351,0.294212499814724,0.0,0.0,0.0,0.0,1.866401200015389,19.44167916682697,0.11336769998888485,1.8946455999976024,96,9.521467937874395e-08,8.179570729072161e-08
101,234,281,26976,0.45,0.375,0.25,0,0,0,0,0,0,1.7434565110913731,0.9575406293078794,1.00284902088703,0.9575406293078794,1.00284902088703,0,0.0,0,0.0,0.0,0,0,0,0,0.026901200006250292,0.28022083339844056,0.0,0.0,0.0,0.0,1.8347765000071377,19.112255208407685,0.11234070001955843,1.861677700013388,96,9.44553380649582e-08,9.938214140525758e-08
101,235,283,27168,0.45,0.375,0.25,0,0,0,0,0,0,1.8914070208832579,0.956928606402442,1.0014259271390873,0.956928606402442,1.0014259271390873,0,0.0,0,0.0,0.0,0,0,0,0,0.027730300011171494,0.2888572917830364,0.0,0.0,0.0,0.0,1.895591799991962,19.74574791658294,0.11642160001065349,1.9233221000031335,96,9.424683177113036e-08,9.20014479877107e-08
101,236,286,27456,0.45,0.375,0.25,0,0,0,0,0,0,1.0706197188491255,0.9627143680247886,1.0095165954474665,0.9627143680247886,1.0095165954474665,0,0.0,0,0.0,0.0,0,0,0,0,0.026082899952598382,0.27169687450623314,0.0,0.0,0.0,0.0,1.7660915999731515,18.39678749972033,0.10790199999610195,1.7921744999257498,96,8.801724249614395e-08,7.786575682844354e-08
101,237,288,27648,0.45,0.375,0.25,0,0,0,0,0,0,1.5820886221167314,0.9578131229056455,1.0088937267222313,0.9578131229056455,1.0088937267222313,0,0.0,0,0.0,0.0,0,0,0,0,0.027691400071489625,0.2884520840780169,0.0,0.0,0.0,0.0,1.8626868000428658,19.402987500446518,0.11352579997765133,1.8903782001143554,96,9.44078713989438e-08,9.251201797677577e-08
101,238,290,27840,0.45,0.375,0.25,0,0,0,0,0,0,1.738964957514465,0.9566257144600326,1.0068562700207533,0.9566257144600326,1.0068562700207533,0,0.0,0,0.0,0.0,0,0,0,0,0.02888340000936296,0.30086875009753083,0.0,0.0,0.0,0.0,1.9226650000346126,20.027760417027213,0.11824829996476183,1.9515484000439756,96,9.199481036323287e-08,9.526660495196015e-08
101,239,292,28032,0.45,0.375,0.25,0,0,0,0,0,0,1.8457200028552125,0.9574513714519768,1.0022089062568649,0.9574513714519768,1.0022089062568649,0,0.0,0,0.0,0.0,0,0,0,0,0.027367400005459785,0.2850770833902061,0.0,0.0,0.0,0.0,1.812650699961523,18.881778124599197,0.11003220004204195,1.8400180999669828,96,9.599797070984628e-08,9.708384693385419e-08
101,240,294,28224,0.45,0.375,0.25,0,0,0,0,0,0,1.0382373900438309,0.9631958113447268,1.0017806979408395,0.9631958113447268,1.0017806979408395,0,0.0,0,0.0,0.0,0,0,0,0,0.027312899983371608,0.28450937482678756,0.0,0.0,0.0,0.0,1.830595999970683,19.068708333027946,0.11296830003266223,1.8579088999540545,96,9.989292650003367e-08,8.535378265284166e-08
101,241,295,28320,0.45,0.375,0.25,0,0,0,0,0,0,2.054118102434689,0.9568808876266144,1.0,0.9568808876266144,1.0,0,0.0,0,0.0,0.0,0,0,0,0,0.027225699996051844,0.28360104162554006,0.0,0.0,0.0,0.0,1.8415290000120876,19.182593750125914,0.11201459998846985,1.8687547000081395,96,9.713159099082602e-08,9.88886504627029e-08
101,242,297,28512,0.45,0.375,0.25,0,0,0,0,0,0,2.043542568762939,0.9564065765737376,1.0004412086244245,0.9564065765737376,1.0004412086244245,0,0.0,0,0.0,0.0,0,0,0,0,0.02892280002561165,0.3012791669334547,0.0,0.0,0.0,0.0,1.9441535999940243,20.251599999937753,0.12006679996557068,1.973076400019636,96,8.959138983639925e-08,9.843642470586111e-08
101,243,298,28608,0.45,0.375,0.25,0,0,0,0,0,0,1.9485519320823743,0.9566403918534839,1.0013367069671129,0.9566403918534839,1.0013367069671129,0,0.0,0,0.0,0.0,0,0,0,0,0.027715700030967128,0.2887052086559076,0.0,0.0,0.0,0.0,1.8469032999928459,19.238576041592143,0.11006709998036968,1.874619000023813,96,8.814907700473162e-08,9.875783038570951e-08
101,244,300,28800,0.45,0.375,0.25,0,0,0,0,0,0,1.3543772751026522,0.9618678484359477,1.0,0.9618678484359477,1.0,0,0.0,0,0.0,0.0,0,0,0,0,0.029032000005827285,0.30241666672736756,0.0,0.0,0.0,0.0,1.8891024999902584,19.67815104156519,0.11441710003418848,1.9181344999960857,96,9.517582620459375e-08,8.363261111421494e-08
101,245,302,28992,0.45,0.375,0.25,0,0,0,0,0,0,1.396380191122945,0.9597590593145059,1.004494706251593,0.9597590593145059,1.004494706251593,0,0.0,0,0.0,0.0,0,0,0,0,0.026245500004733913,0.2733906250493116,0.0,0.0,0.0,0.0,1.7152960000239545,17.867666666916193,0.10418819996993989,1.7415415000286885,96,9.974785932995167e-08,9.224350089320765e-08
101,246,303,29088,0.45,0.375,0.25,0,0,0,0,0,0,1.1015843886527457,0.9631180718004358,1.0035901970287884,0.9631180718004358,1.0035901970287884,0,0.0,0,0.0,0.0,0,0,0,0,0.030066800012718886,0.31319583346582175,0.0,0.0,0.0,0.0,1.9146775999543024,19.944558332857316,0.11643540002114605,1.9447443999670213,96,9.735958417939061e-08,8.113347313432051e-08
101,247,304,29184,0.45,0.375,0.25,0,0,0,0,0,0,1.5374861464451317,0.9580510927239391,1.0002539560142831,0.9580510927239391,1.0002539560142831,0,0.0,0,0.0,0.0,0,0,0,0,0.029360400010773446,0.3058375001122234,0.0,0.0,0.0,0.0,1.9320170000792132,20.12517708415847,0.11855179998383392,1.9613774000899866,96,9.213069403733731e-08,9.987011148626657e-08
101,248,305,29280,0.45,0.375,0.25,0,0,0,0,0,0,1.8910252055881662,0.9571460299557563,1.0020053712560977,0.9571460299557563,1.0020053712560977,0,0.0,0,0.0,0.0,0,0,0,0,0.029237600036140066,0.30455833370979235,0.0,0.0,0.0,0.0,1.8597143000661163,19.372023959022044,0.11194649998651585,1.8889519001022563,96,8.921030104740157e-08,8.963420089491692e-08
101,249,306,29376,0.45,0.375,0.25,0,0,0,0,0,0,1.8346471168165008,0.9573665395930115,1.0012941075689816,0.9573665395930115,1.0012941075689816,0,0.0,0,0.0,0.0,0,0,0,0,0.03032910002366407,0.3159281252465007,0.0,0.0,0.0,0.0,1.9166557000062312,19.965163541731574,0.11551490001875209,1.9469848000298953,96,9.243322879673443e-08,9.704461748083482e-08
101,250,307,29472,0.45,0.375,0.25,0,0,0,0,0,0,1.2973565543653596,0.9606437231195306,1.0031511003482327,0.9606437231195306,1.0031511003482327,0,0.0,0,0.0,0.0,0,0,0,0,0.02992219999578083,0.3116895832893836,0.0,0.0,0.0,0.0,1.8953448999964166,19.74317604162934,0.11672419996466488,1.9252670999921975,96,9.360697090718406e-08,8.240609784826436e-08
101,251,309,29664,0.45,0.375,0.25,0,0,0,0,0,0,2.044337995108509,0.9559296818080033,1.0,0.9559296818080033,1.0,0,0.0,0,0.0,0.0,0,0,0,0,0.029307199991308153,0.3052833332427933,0.0,0.0,0.0,0.0,1.8879298000465496,19.66593541715156,0.11631989999295911,1.9172370000378578,96,9.312337827076245e-08,8.6345688654621e-08
101,252,310,29760,0.45,0.375,0.25,0,0,0,0,0,0,2.274878993573267,0.9551869174628372,1.0,0.9551869174628372,1.0,0,0.0,0,0.0,0.0,0,0,0,0,0.02967069998703664,0.30906979153163167,0.0,0.0,0.0,0.0,1.8782381999553763,19.56498124953517,0.114607400035311,1.907908899942413,96,8.216884551243142e-08,9.258432825953733e-08
101,253,312,29952,0.45,0.375,0.25,0,0,0,0,0,0,2.349355081244666,0.9555477227551774,1.0,0.9555477227551774,1.0,0,0.0,0,0.0,0.0,0,0,0,0,0.028410400002030656,0.29594166668781935,0.0,0.0,0.0,0.0,1.8766084999224404,19.54800520752542,0.11596880001889076,1.905018899924471,96,8.833088889666219e-08,9.854855168023313e-08
101,254,313,30048,0.45,0.375,0.25,0,0,0,0,0,0,2.4104904252620845,0.9552415976420321,1.0,0.9552415976420321,1.0,0,0.0,0,0.0,0.0,0,0,0,0,0.02842379997309763,0.29608124971976696,0.0,0.0,0.0,0.0,1.9058281000106945,19.85237604177807,0.11576489999424666,1.934251899983792,96,9.673737831616958e-08,9.471820952566823e-08
101,255,314,30144,0.45,0.375,0.25,0,0,0,0,0,0,1.5630710609952845,0.9606273415967778,1.0,0.9606273415967778,1.0,0,0.0,0,0.0,0.0,0,0,0,0,0.029706899986194912,0.309446874856197,0.0,0.0,0.0,0.0,1.9541995999388746,20.35624583269661,0.11896850007906323,1.9839064999250695,96,9.683233348836695e-08,9.97827012683139e-08
101,256,315,30240,0.45,0.375,0.25,0,0,0,0,0,0,1.3089048910406964,0.9618249585777754,1.0,0.9618249585777754,1.0,0,0.0,0,0.0,0.0,0,0,0,0,0.028450499979953747,0.29635937479118485,0.0,0.0,0.0,0.0,1.8759060000083991,19.54068750008749,0.112420600016776,1.9043564999883529,96,9.123240075729899e-08,7.797734090375652e-08
101,257,316,30336,0.45,0.375,0.25,0,0,0,0,0,0,2.192834476112865,0.955363942426159,1.0,0.955363942426159,1.0,0,0.0,0,0.0,0.0,0,0,0,0,0.03064419997826917,0.31921041644030385,0.0,0.0,0.0,0.0,1.9854746000710293,20.682027084073223,0.12048279995360645,2.0161188000492984,96,8.250940642523519e-08,9.680220139363094e-08
101,258,317,30432,0.45,0.375,0.25,0,0,0,0,0,0,2.285529984547142,0.9546806523414109,1.0,0.9546806523414109,1.0,0,0.0,0,0.0,0.0,0,0,0,0,0.02813099997729296,0.29303124976346834,0.0,0.0,0.0,0.0,1.833369399959338,19.097597916243103,0.11318130000290694,1.8615003999366309,96,8.731144153159565e-08,9.816175372545644e-08
101,259,320,30720,0.45,0.375,0.25,0,0,0,0,0,0,2.2513492923516587,0.955802750289291,1.0,0.955802750289291,1.0,0,0.0,0,0.0,0.0,0,0,0,0,0.027552899991860613,0.2870093749152147,0.0,0.0,0.0,0.0,1.862734200010891,19.403481250113447,0.11421849999896949,1.8902871000027517,96,8.470243484035023e-08,9.258575531245761e-08
101,260,321,30816,0.45,0.375,0.25,0,0,0,0,0,0,1.6304588616299096,0.9595733769036239,1.0,0.9595733769036239,1.0,0,0.0,0,0.0,0.0,0,0,0,0,0.027309300043270923,0.28447187545073876,0.0,0.0,0.0,0.0,1.7606388999556657,18.33998854120485,0.10691089999454562,1.7879481999989366,96,9.999104587507177e-08,9.903613130968214e-08
101,261,322,30912,0.45,0.375,0.25,0,0,0,0,0,0,1.283316921771873,0.9615303992884594,1.0,0.9615303992884594,1.0,0,0.0,0,0.0,0.0,0,0,0,0,0.027378899983887095,0.2851968748321572,0.0,0.0,0.0,0.0,1.7647995000443188,18.383328125461656,0.10785490002308507,1.792178400028206,96,8.2849406415203e-08,7.563333043192344e-08
101,262,323,31008,0.45,0.375,0.25,0,0,0,0,0,0,2.496491710437713,0.9543293080128471,1.0,0.9543293080128471,1.0,0,0.0,0,0.0,0.0,0,0,0,0,0.027119699989270885,0.2824968748882384,0.0,0.0,0.0,0.0,1.7747643000402604,18.487128125419378,0.10625019996950869,1.8018840000295313,96,9.057719074778703e-08,9.765426467467364e-08
101,263,324,31104,0.45,0.375,0.25,0,0,0,0,0,0,2.5287191897864245,0.9542982568753764,1.0,0.9542982568753764,1.0,0,0.0,0,0.0,0.0,0,0,0,0,0.029410099989036098,0.30635520821912604,0.0,0.0,0.0,0.0,1.9303689000662416,20.108009375690017,0.11799629995948635,1.9597790000552777,96,8.681956547781922e-08,9.664868155789819e-08
101,264,325,31200,0.45,0.375,0.25,0,0,0,0,0,0,2.257001701355595,0.9542666282163124,1.000738877455245,0.9542666282163124,1.000738877455245,0,0.0,0,0.0,0.0,0,0,0,0,0.028485700036981143,0.2967260420518869,0.0,0.0,0.0,0.0,1.850897700060159,19.280184375626657,0.11354849997587735,1.8793834000971401,96,9.778239288583956e-08,9.42580537233173e-08
101,265,326,31296,0.45,0.375,0.25,0,0,0,0,0,0,2.396579886551163,0.9529242141047541,1.0,0.9529242141047541,1.0,0,0.0,0,0.0,0.0,0,0,0,0,0.027138499986904208,0.28269270819691883,0.0,0.0,0.0,0.0,1.8021765999437775,18.772672916081017,0.10735430000931956,1.8293150999306818,96,8.314940675227533e-08,9.357422087186151e-08
101,266,327,31392,0.45,0.375,0.25,0,0,0,0,0,0,2.2839300767672395,0.9553661652309965,1.0,0.9553661652309965,1.0,0,0.0,0,0.0,0.0,0,0,0,0,0.027581999995163642,0.28731249994962127,0.0,0.0,0.0,0.0,1.8464741999778198,19.234106249768956,0.11356729996623471,1.8740561999729834,96,9.46726038970197e-08,9.954383983767912e-08
101,267,328,31488,0.45,0.375,0.25,0,0,0,0,0,0,1.6229760682730778,0.9597325907205527,1.0,0.9597325907205527,1.0,0,0.0,0,0.0,0.0,0,0,0,0,0.02877969999826746,0.2997885416486194,0.0,0.0,0.0,0.0,1.8344134999861126,19.10847395818867,0.11255070003244327,1.86319319998438,96,9.92692973482423e-08,8.749663153728715e-08
101,268,331,31776,0.45,0.375,0.25,0,0,0,0,0,0,2.657222839722142,0.9527378218013581,1.0,0.9527378218013581,1.0,0,0.0,0,0.0,0.0,0,0,0,0,0.028446600073948503,0.2963187507702969,0.0,0.0,0.0,0.0,1.8505758000246715,19.276831250256993,0.11206210000818828,1.87902240009862,96,9.003437755755739e-08,9.672662004689414e-08
101,269,332,31872,0.45,0.375,0.25,0,0,0,0,0,0,2.4667380499837455,0.9547709398709342,1.0,0.9547709398709342,1.0,0,0.0,0,0.0,0.0,0,0,0,0,0.02688929998112144,0.28009687480334833,0.0,0.0,0.0,0.0,1.7891485999789438,18.636964583113997,0.10914920001232531,1.8160378999600653,96,9.514448583158863e-08,9.863736258330924e-08
101,270,333,31968,0.45,0.375,0.25,0,0,0,0,0,0,2.584230182659379,0.9541620355745044,1.0,0.9541620355745044,1.0,0,0.0,0,0.0,0.0,0,0,0,0,0.02908209994347999,0.30293854107791657,0.0,0.0,0.0,0.0,1.8977960999618517,19.768709374602622,0.1161966000290704,1.9268781999053317,96,8.73788287298477e-08,9.951625981607926e-08
101,271,334,32064,0.45,0.375,0.25,0,0,0,0,0,0,2.407908848212876,0.956095733066833,1.0,0.956095733066833,1.0,0,0.0,0,0.0,0.0,0,0,0,0,0.027894299986655824,0.2905656248609982,0.0,0.0,0.0,0.0,1.8559072000425658,19.332366667110062,0.11269159994117217,1.8838015000292216,96,8.94909449582898e-08,9.946423476514532e-08
101,272,335,32160,0.45,0.375,0.25,0,0,0,0,0,0,1.700583448551029,0.9599066740942299,1.0,0.9599066740942299,1.0,0,0.0,0,0.0,0.0,0,0,0,0,0.027009600002202205,0.28135000002293964,0.0,0.0,0.0,0.0,1.7948659999747179,18.69652083306998,0.10747590005485108,1.82187559997692,96,9.998884459988533e-08,9.920381287276125e-08
101,273,336,32256,0.45,0.375,0.25,0,0,0,0,0,0,1.5391585313337108,0.9604884976621444,1.0,0.9604884976621444,1.0,0,0.0,0,0.0,0.0,0,0,0,0,0.027510900006745942,0.2865718750702702,0.0,0.0,0.0,0.0,1.8179059000394773,18.93651979207789,0.1087486000105855,1.8454168000462232,96,8.895072040049357e-08,8.76103767311065e-08
101,274,337,32352,0.45,0.375,0.25,0,0,0,0,0,0,2.7839435506379866,0.9522326921224167,1.0,0.9522326921224167,1.0,0,0.0,0,0.0,0.0,0,0,0,0,0.029550299994298257,0.3078156249406068,0.0,0.0,0.0,0.0,1.9276716000022134,20.079912500023056,0.11789669997961028,1.9572218999965116,96,9.986675524736865e-08,8.642445217810213e-08
101,275,338,32448,0.45,0.375,0.25,0,0,0,0,0,0,2.8375311400233687,0.9513217970229324,1.0,0.9513217970229324,1.0,0,0.0,0,0.0,0.0,0,0,0,0,0.028682999982265756,0.29878124981526827,0.0,0.0,0.0,0.0,1.9250615999553702,20.052724999535105,0.11856050004280405,1.953744599937636,96,9.031744668992758e-08,9.69501458281119e-08
101,276,339,32544,0.45,0.375,0.25,0,0,0,0,0,0,2.828613566667573,0.9524216553662292,1.0,0.9524216553662292,1.0,0,0.0,0,0.0,0.0,0,0,0,0,0.029022400012763683,0.3023166667996217,0.0,0.0,0.0,0.0,1.861548099986976,19.391126041531,0.11203919999388745,1.8905704999997397,96,9.583292181515601e-08,8.517661242990471e-08
101,277,340,32640,0.45,0.375,0.25,0,0,0,0,0,0,2.572246490130899,0.9513218026376881,1.0003979343448486,0.9513218026376881,1.0003979343448486,0,0.0,0,0.0,0.0,0,0,0,0,0.028359899974020664,0.29541562472938193,0.0,0.0,0.0,0.0,1.8980447000358254,19.771298958706513,0.11407969996071188,1.926404600009846,96,9.966405675569667e-08,9.408550730172216e-08
101,278,343,32928,0.45,0.375,0.25,0,0,0,0,0,0,1.5424243680696668,0.9603315528902657,1.0,0.9603315528902657,1.0,0,0.0,0,0.0,0.0,0,0,0,0,0.027883900023880415,0.29045729191542097,0.0,0.0,0.0,0.0,1.8556603000179166,19.3297947918533,0.1135237999696983,1.883544200041797,96,9.234058324214924e-08,9.427657064742245e-08
101,279,344,33024,0.45,0.375,0.25,0,0,0,0,0,0,2.782373273248171,0.9520766395578741,1.0,0.9520766395578741,1.0,0,0.0,0,0.0,0.0,0,0,0,0,0.029155200012610294,0.30370000013135723,0.0,0.0,0.0,0.0,1.905064200014749,19.844418750153636,0.11652129996946314,1.9342194000273594,96,9.432675634503396e-08,9.031126915748366e-08
101,280,345,33120,0.45,0.375,0.25,0,0,0,0,0,0,2.8438652417475163,0.9517848168891124,1.0,0.9517848168891124,1.0,0,0.0,0,0.0,0.0,0,0,0,0,0.025741700039361604,0.26814270874335006,0.0,0.0,0.0,0.0,1.7642377000011038,18.377476041678165,0.10907330002373783,1.7899794000404654,96,9.66848690085037e-08,9.775092207897629e-08
101,281,346,33216,0.45,0.375,0.25,0,0,0,0,0,0,2.6764180949412117,0.9505217560795707,1.0,0.9505217560795707,1.0,0,0.0,0,0.0,0.0,0,0,0,0,0.02608620000683004,0.27173125007114624,0.0,0.0,0.0,0.0,1.6970872000456438,17.677991667142123,0.1021984999824781,1.7231734000524739,96,9.610575442235703e-08,9.237196313405249e-08
101,282,347,33312,0.45,0.375,0.25,0,0,0,0,0,0,2.7766701387458985,0.9512526466865459,1.0,0.9512526466865459,1.0,0,0.0,0,0.0,0.0,0,0,0,0,0.02866819997143466,0.29862708303577773,0.0,0.0,0.0,0.0,1.855520399978559,19.328337499776655,0.11301559999992605,1.8841885999499937,96,9.533509049038102e-08,9.907582892987321e-08
101,283,348,33408,0.45,0.375,0.25,0,0,0,0,0,0,2.418122751248089,0.9551354147509112,1.0,0.9551354147509112,1.0,0,0.0,0,0.0,0.0,0,0,0,0,0.02667599995038472,0.2778749994831742,0.0,0.0,0.0,0.0,1.7842499999969732,18.58593749996847,0.10761950000596698,1.810925999947358,96,9.769927765239383e-08,9.767118308579015e-08
101,284,349,33504,0.45,0.375,0.25,0,0,0,0,0,0,1.6988243697483005,0.959605105695314,1.0,0.959605105695314,1.0,0,0.0,0,0.0,0.0,0,0,0,0,0.027560699993046,0.2870906249275625,0.0,0.0,0.0,0.0,1.8887024000141537,19.673983333480766,0.11563049998221686,1.9162631000071997,96,9.410405302332121e-08,9.995246935678992e-08
101,285,351,33696,0.45,0.375,0.25,0,0,0,0,0,0,2.5223941797249716,0.9544710254973987,1.0,0.9544710254973987,1.0,0,0.0,0,0.0,0.0,0,0,0,0,0.02744150000216905,0.2858489583559276,0.0,0.0,0.0,0.0,1.7907985999554512,18.654152082869285,0.10891220001212787,1.8182400999576203,96,9.378341696980597e-08,9.789073843191609e-08
101,286,352,33792,0.45,0.375,0.25,0,0,0,0,0,0,2.569648921199411,0.9549647795799491,1.0,0.9549647795799491,1.0,0,0.0,0,0.0,0.0,0,0,0,0,0.02721229995950125,0.28346145791147137,0.0,0.0,0.0,0.0,1.8343033000128344,19.10732604180036,0.11079480000626063,1.8615155999723356,96,9.390519748950221e-08,8.662074779675066e-08
101,287,353,33888,0.45,0.375,0.25,0,0,0,0,0,0,2.422807807717783,0.9560054921182451,1.0,0.9560054921182451,1.0,0,0.0,0,0.0,0.0,0,0,0,0,0.027761599980294704,0.2891833331280698,0.0,0.0,0.0,0.0,1.8067180000507506,18.819979167195317,0.1107405999355251,1.8344796000310453,96,8.469546309078368e-08,9.712749021728584e-08
101,288,354,33984,0.45,0.375,0.25,0,0,0,0,0,0,2.30097529712802,0.9567244090965212,1.0,0.9567244090965212,1.0,0,0.0,0,0.0,0.0,0,0,0,0,0.030107499995210674,0.31361979161677783,0.0,0.0,0.0,0.0,1.9959371999866562,20.791012499861,0.12353110001276946,2.026044699981867,96,8.000471417302091e-08,9.971891479221284e-08
101,289,355,34080,0.45,0.375,0.25,0,0,0,0,0,0,1.8976396434859133,0.9589561724060301,1.0,0.9589561724060301,1.0,0,0.0,0,0.0,0.0,0,0,0,0,0.028295800009800587,0.2947479167687561,0.0,0.0,0.0,0.0,1.9097535999389947,19.893266666031195,0.11826680005469825,1.9380493999487953,96,9.874964890070614e-08,8.133114036412703e-08
101,290,356,34176,0.45,0.375,0.25,0,0,0,0,0,0,1.3944184232825962,0.9613152012888564,1.0,0.9613152012888564,1.0,0,0.0,0,0.0,0.0,0,0,0,0,0.028378400034853257,0.2956083336963881,0.0,0.0,0.0,0.0,1.9084380999775021,19.879563541432315,0.11717650003993185,1.9368165000123554,96,9.515779796943902e-08,8.381408705959714e-08
101,291,357,34272,0.45,0.375,0.25,0,0,0,0,0,0,1.0674000057058222,0.964567523971077,1.0,0.964567523971077,1.0,0,0.0,0,0.0,0.0,0,0,0,0,0.029045299968856853,0.30255520800892555,0.0,0.0,0.0,0.0,1.8965341000148328,19.755563541821175,0.11711249999643769,1.9255793999836897,96,5.8294307879111495e-08,6.000349703216834e-08
101,292,358,34368,0.45,0.375,0.25,0,0,0,0,0,0,0.9957088097961712,0.9654059379945654,1.0,0.9654059379945654,1.0,0,0.0,0,0.0,0.0,0,0,0,0,0.02895729996089358,0.3016385412593081,0.0,0.0,0.0,0.0,1.858278700048686,19.357069792173814,0.11456529999122722,1.8872360000095796,96,3.830656613093564e-08,4.5961770708813354e-08
101,293,359,34464,0.45,0.375,0.25,0,0,0,0,0,0,1.0051432151724642,0.9649212040568117,1.001279105224987,0.9649212040568117,1.001279105224987,0,0.0,0,0.0,0.0,0,0,0,0,0.02839909995236667,0.2958239578371528,0.0,0.0,0.0,0.0,1.8582686999652651,19.35696562463818,0.11510530005034525,1.8866677999176318,96,5.057279527445613e-08,5.490272514396821e-08
101,294,360,34560,0.45,0.375,0.25,0,0,0,0,0,0,1.3984241585850998,0.960877893746436,1.0,0.960877893746436,1.0,0,0.0,0,0.0,0.0,0,0,0,0,0.02695579999999609,0.28078958333329257,0.0,0.0,0.0,0.0,1.7789444999652915,18.530671874638454,0.10937950004154118,1.8059002999652876,96,9.620901856438602e-08,8.537916693085457e-08
101,295,361,34656,0.45,0.375,0.25,0,0,0,0,0,0,1.4957667098355185,0.9606431061880135,1.0,0.9606431061880135,1.0,0,0.0,0,0.0,0.0,0,0,0,0,0.026296899981389288,0.2739260414728051,0.0,0.0,0.0,0.0,1.7807927000321797,18.54992395866854,0.10981690001790412,1.807089600013569,96,9.741496385592963e-08,9.671461249916025e-08
101,296,362,34752,0.45,0.375,0.25,0,0,0,0,0,0,1.388348071709077,0.9603655840752278,1.0008614695558227,0.9603655840752278,1.0008614695558227,0,0.0,0,0.0,0.0,0,0,0,0,0.027447099979326595,0.2859072914513187,0.0,0.0,0.0,0.0,1.843497700014268,19.20310104181529,0.11411509997560643,1.8709447999935946,96,8.925184220159865e-08,7.805552017237094e-08
101,297,363,34848,0.45,0.375,0.25,0,0,0,0,0,0,1.2553326169291699,0.9625968718979006,1.0,0.9625968718979006,1.0,0,0.0,0,0.0,0.0,0,0,0,0,0.028050500004610512,0.2921927083813595,0.0,0.0,0.0,0.0,1.8462254000478424,19.231514583831693,0.11217360001319321,1.874275900052453,96,9.68978713673102e-08,8.298748355173302e-08
101,298,364,34944,0.45,0.375,0.25,0,0,0,0,0,0,0.9912554039119349,0.963963757725228,1.0,0.963963757725228,1.0,0,0.0,0,0.0,0.0,0,0,0,0,0.027775199981988408,0.28932499981237925,0.0,0.0,0.0,0.0,1.7992877999786288,18.742581249777384,0.10987340002611745,1.8270629999606172,96,8.020857819937555e-08,7.295977808019494e-08
