candidate_id,scenario_index,mismatch_id,mismatch_seed,pv_s_scale,svc_q_scale,cap_total_mvar,r_std,x_std,load_std,pv_std,topology_reconfiguration,mean_r_multiplier,mean_x_multiplier,load_multiplier,pv_multiplier,risk,under_steps,over_steps,pf_fail,projection_failures,intervention_rate,daily_loss_mwh,actual_vmin,actual_vmax
100,0,0,2026091801,0.45,0.375,0.0,0.05,0.05,0.02,0.02,tie32_open18,0.9944983796109041,1.0181997350459902,1.0006832773490344,0.9770020934144493,0,0,0,0,0,0.0,1.0350445067083327,0.9588770160605069,1.0
100,0,1,2026091802,0.45,0.375,0.0,0.05,0.05,0.02,0.02,tie32_open18,0.9981403524007517,0.9881192024082343,1.037203266330266,1.0133432898542822,0,0,0,0,0,0.0,1.153922910602599,0.9579694261701891,1.0
100,0,2,2026091803,0.45,0.375,0.0,0.05,0.05,0.02,0.02,tie32_open18,1.0030444185692058,0.9865222687075532,1.0070023940238444,0.9940370241431968,0,0,0,0,0,0.0,1.0375587183451576,0.9597227442117506,1.0
100,0,3,2026091804,0.45,0.375,0.0,0.05,0.05,0.02,0.02,tie32_open18,1.0016723280970987,1.000548070985382,0.9921989954734654,1.0220051353645878,0,0,0,0,0,0.0,1.0554528623424826,0.9583653492358715,1.0
100,0,4,2026091805,0.45,0.375,0.0,0.05,0.05,0.02,0.02,tie32_open18,1.0034610573289142,1.0013256294030122,1.033215056883856,0.9757652184360371,0,0,0,0,0,0.0,1.1210928297139309,0.9583309794360572,1.0
100,0,5,2026091806,0.45,0.375,0.0,0.05,0.05,0.02,0.02,tie32_open18,1.003809070876833,0.9986403757439685,1.0177324801605734,0.9866134325007735,0,0,0,0,0,0.0,1.1021039260916252,0.9586301080267714,1.0
100,0,6,2026091807,0.45,0.375,0.0,0.05,0.05,0.02,0.02,tie32_open18,1.0140538339123772,1.000968184574253,0.985451838204882,1.0487219955294957,0,0,0,0,0,0.0,1.035358267731448,0.9583757688618284,1.0
100,0,7,2026091808,0.45,0.375,0.0,0.05,0.05,0.02,0.02,tie32_open18,1.0061559307595396,1.0073521880748664,1.012197351174701,0.9871797390789411,0,0,0,0,0,0.0,1.1367166346162967,0.956685833390941,1.0
100,0,8,2026091809,0.45,0.375,0.0,0.05,0.05,0.02,0.02,tie32_open18,1.0002381216389282,0.9966179661030902,0.9833478771264003,1.00719430109165,0,0,0,0,0,0.0,1.0045802712408316,0.959654992311854,1.0
100,0,9,2026091810,0.45,0.375,0.0,0.05,0.05,0.02,0.02,tie32_open18,0.9989186063031844,0.99611028320958,1.024338084470035,0.9917386583910391,0,0,0,0,0,0.0,1.0785223817256053,0.9596369236313913,1.0
100,0,10,2026091811,0.45,0.375,0.0,0.05,0.05,0.02,0.02,tie32_open18,0.9951669051284123,1.0018610457202572,1.0093993244452277,1.0013805077332611,0,0,0,0,0,0.0,1.0767680159979254,0.9581979603152964,1.0
100,0,11,2026091812,0.45,0.375,0.0,0.05,0.05,0.02,0.02,tie32_open18,0.9978498020858735,1.0061517120139745,1.0036949651511775,1.0401795844251158,0,0,0,0,0,0.0,1.0620975512257014,0.9590988669196634,1.0
100,0,12,2026091813,0.45,0.375,0.0,0.05,0.05,0.02,0.02,tie32_open18,0.9951944538578277,1.0098699514487417,0.9932302524311339,0.9987803370454591,0,0,0,0,0,0.0,1.0060956731959598,0.9600746807812381,1.0
100,0,13,2026091814,0.45,0.375,0.0,0.05,0.05,0.02,0.02,tie32_open18,1.0029257686268382,0.9996899970360476,1.0051534964106925,1.0069857195117413,0,0,0,0,0,0.0,1.0848585289869526,0.9577713612042851,1.0
100,0,14,2026091815,0.45,0.375,0.0,0.05,0.05,0.02,0.02,tie32_open18,0.991516650455196,1.0001148838783993,1.0114745954530289,0.969972597729818,0,0,0,0,0,0.0,1.0626982084746697,0.9592246567099404,1.0
100,0,15,2026091816,0.45,0.375,0.0,0.05,0.05,0.02,0.02,tie32_open18,0.9939253183011192,1.011799252161803,1.0417450013860865,0.9940275403885758,0,0,0,0,0,0.0,1.1186693792448237,0.9591311562517905,1.0
100,0,16,2026091817,0.45,0.375,0.0,0.05,0.05,0.02,0.02,tie32_open18,0.9901005616251357,1.0023524038102103,1.0132541849807566,1.008998722048354,0,0,0,0,0,0.0,1.0960720072457835,0.9581919047421693,1.0
100,0,17,2026091818,0.45,0.375,0.0,0.05,0.05,0.02,0.02,tie32_open18,0.9995997883699422,1.0001583668679708,1.0139557551743235,0.9720610353890508,0,0,0,0,0,0.0,1.0736809111563728,0.9589578169385486,1.0
100,0,18,2026091819,0.45,0.375,0.0,0.05,0.05,0.02,0.02,tie32_open18,1.0050311196038386,1.0012558496566866,0.9946145530871653,0.9970258055183804,0,0,0,0,0,0.0,1.0297129612549478,0.9593296055496037,1.0
100,0,19,2026091820,0.45,0.375,0.0,0.05,0.05,0.02,0.02,tie32_open18,1.0005752167549515,1.0120983114420203,0.9740886985596835,1.0113868117013274,0,0,0,0,0,0.0,0.9986786619185753,0.9588376885158361,1.0
100,1,0,2026092810,0.45,0.375,0.0,0.05,0.05,0.02,0.02,tie32_open18,0.9875350510333647,0.9956907705408181,0.9857527763630243,0.9899835579158016,1,7,0,0,0,0.0,2.937442339230198,0.9490416747433769,1.0
100,1,1,2026092811,0.45,0.375,0.0,0.05,0.05,0.02,0.02,tie32_open18,0.9977717430539033,1.0137361524460193,1.0095479212080014,0.983608061541426,1,28,0,0,0,0.0,3.142001321461917,0.9470149569110808,1.0
100,1,2,2026092812,0.45,0.375,0.0,0.05,0.05,0.02,0.02,tie32_open18,0.991087668745918,1.0048496572886096,1.0276337351836444,1.0069251605176368,1,36,0,0,0,0.0,3.1841573426781853,0.9465206899520298,1.0
100,1,3,2026092813,0.45,0.375,0.0,0.05,0.05,0.02,0.02,tie32_open18,0.9946455589439711,1.017988235267134,1.0057006822407732,1.0110486466989386,1,43,0,0,0,0.0,3.1253296236208348,0.9461066672497714,1.0
100,1,4,2026092814,0.45,0.375,0.0,0.05,0.05,0.02,0.02,tie32_open18,1.0031069353227557,0.985234359199755,1.0094275601028124,0.9655731015163505,1,53,0,0,0,0.0,3.2560461493722492,0.9448429870877809,1.0
100,1,5,2026092815,0.45,0.375,0.0,0.05,0.05,0.02,0.02,tie32_open18,1.0016418270057172,1.0034847585391733,0.9979269592591663,1.0021152930104495,1,12,0,0,0,0.0,3.0156771048590345,0.9482159665081439,1.0
100,1,6,2026092816,0.45,0.375,0.0,0.05,0.05,0.02,0.02,tie32_open18,1.0078720533851844,0.999230251802299,1.0074581196711787,1.0003846522543527,1,49,0,0,0,0.0,3.2151652495709877,0.945609813691538,1.0
100,1,7,2026092817,0.45,0.375,0.0,0.05,0.05,0.02,0.02,tie32_open18,0.9787261013537187,1.0009752097070812,0.972375587698613,1.014960937100447,1,11,0,0,0,0.0,2.858922636491627,0.9486152803393316,1.0
100,1,8,2026092818,0.45,0.375,0.0,0.05,0.05,0.02,0.02,tie32_open18,1.0150517117014202,0.9954120285712879,0.9864893191137932,0.9652703570718706,1,17,0,0,0,0.0,3.0444494393241084,0.9476966952085698,1.0
100,1,9,2026092819,0.45,0.375,0.0,0.05,0.05,0.02,0.02,tie32_open18,0.9823477924851745,1.0041850713309057,1.0325975920539492,0.9894432619221474,1,50,0,0,0,0.0,3.3186135050965215,0.9457496240601555,1.0
100,1,10,2026092820,0.45,0.375,0.0,0.05,0.05,0.02,0.02,tie32_open18,1.0050651157428394,0.9960740672133954,1.0215232059440076,1.0113001415617753,1,56,0,0,0,0.0,3.3049669701972606,0.9439801812196191,1.0
100,1,11,2026092821,0.45,0.375,0.0,0.05,0.05,0.02,0.02,tie32_open18,1.0018471161855282,0.986769912071329,1.0019322525842533,0.9812636038980292,1,30,0,0,0,0.0,3.1486898514068136,0.9468712091632995,1.0
100,1,12,2026092822,0.45,0.375,0.0,0.05,0.05,0.02,0.02,tie32_open18,1.0013375766471035,1.0090186077692573,1.0181377267970428,1.001250392969033,1,55,0,0,0,0.0,3.3131274495291634,0.9442370284573238,1.0
100,1,13,2026092823,0.45,0.375,0.0,0.05,0.05,0.02,0.02,tie32_open18,1.0116215050134723,1.0072458494561782,1.0192861389121097,1.0219309873288531,1,55,0,0,0,0.0,3.262801738833846,0.9445479418365953,1.0
100,1,14,2026092824,0.45,0.375,0.0,0.05,0.05,0.02,0.02,tie32_open18,1.0025254860907487,0.9921299534359417,1.0177099587734475,1.0057736681241585,1,30,0,0,0,0.0,3.1880924337470966,0.9468381872980091,1.0
100,1,15,2026092825,0.45,0.375,0.0,0.05,0.05,0.02,0.02,tie32_open18,1.002967975469354,0.989838927334358,0.9613982572995843,1.0122195542952928,1,15,0,0,0,0.0,2.8800418753089585,0.9484069691936661,1.0
100,1,16,2026092826,0.45,0.375,0.0,0.05,0.05,0.02,0.02,tie32_open18,1.0077612555756097,1.0141909619089542,0.9688091216287718,1.0106913567414981,1,9,0,0,0,0.0,2.8766762134884036,0.9489758046999294,1.0
100,1,17,2026092827,0.45,0.375,0.0,0.05,0.05,0.02,0.02,tie32_open18,1.010837424512761,1.0012555835049453,1.0328561384613721,1.0043620282481946,1,57,0,0,0,0.0,3.4192595322452033,0.943024756944905,1.0
100,1,18,2026092828,0.45,0.375,0.0,0.05,0.05,0.02,0.02,tie32_open18,1.0075361732081614,0.9985920542824771,1.0045738996032283,0.9881181034446634,1,52,0,0,0,0.0,3.1808628318574574,0.9455449081226419,1.0
100,1,19,2026092829,0.45,0.375,0.0,0.05,0.05,0.02,0.02,tie32_open18,1.0089253128408913,0.9853327685107099,1.0300785007127082,1.0061310203798222,1,56,0,0,0,0.0,3.3942934150645105,0.9436602464788438,1.0
100,2,0,2026093819,0.45,0.375,0.0,0.05,0.05,0.02,0.02,tie32_open18,1.0034188036900993,1.0019604666624427,1.0119071831375661,0.9804691130393909,0,0,0,0,0,0.0,1.7705398152196081,0.9537668404920088,1.0
100,2,1,2026093820,0.45,0.375,0.0,0.05,0.05,0.02,0.02,tie32_open18,1.0190895679541323,0.9996340096314579,0.9799433324197927,0.9620247708941188,0,0,0,0,0,0.0,1.6471421514476774,0.9555664216128092,1.0
100,2,2,2026093821,0.45,0.375,0.0,0.05,0.05,0.02,0.02,tie32_open18,0.9819554996615452,0.9981662580629153,1.0088240459228104,1.0458453970362889,0,0,0,0,0,0.0,1.696790187191362,0.9552150615534076,1.0
100,2,3,2026093822,0.45,0.375,0.0,0.05,0.05,0.02,0.02,tie32_open18,0.9983315839976888,0.9984948754981489,1.0183424518788808,0.9820306590039758,0,0,0,0,0,0.0,1.8544254803740616,0.9524045187630953,1.0
100,2,4,2026093823,0.45,0.375,0.0,0.05,0.05,0.02,0.02,tie32_open18,0.9919049576024869,1.008683188944691,1.0013794374537057,1.0424966907205873,0,0,0,0,0,0.0,1.7769444885221417,0.9532097943622527,1.0
100,2,5,2026093824,0.45,0.375,0.0,0.05,0.05,0.02,0.02,tie32_open18,1.0055714007483374,0.9887992491706578,0.9754633970309806,1.0266074463210715,0,0,0,0,0,0.0,1.6500001078967292,0.9546835266226389,1.0
100,2,6,2026093825,0.45,0.375,0.0,0.05,0.05,0.02,0.02,tie32_open18,1.0004258987069097,1.0017834461165687,1.0209016125981638,0.9697753759979226,0,0,0,0,0,0.0,1.848513533081593,0.953574661971467,1.0
100,2,7,2026093826,0.45,0.375,0.0,0.05,0.05,0.02,0.02,tie32_open18,1.0078801361551435,0.9965750835883482,0.9863073950177798,0.989270834435385,0,0,0,0,0,0.0,1.6897375412006788,0.9544553420752383,1.0
100,2,8,2026093827,0.45,0.375,0.0,0.05,0.05,0.02,0.02,tie32_open18,0.9940814812578974,0.9962796796416227,1.0224920004023137,0.9912391326588206,0,0,0,0,0,0.0,1.8209806876601857,0.9534707794171274,1.0
100,2,9,2026093828,0.45,0.375,0.0,0.05,0.05,0.02,0.02,tie32_open18,1.0083910455735143,1.0087638194552446,1.052838009518991,0.9965714565626078,0,0,0,0,0,0.0,1.9549116792720997,0.9526159706148111,1.0
100,2,10,2026093829,0.45,0.375,0.0,0.05,0.05,0.02,0.02,tie32_open18,0.9997201424382277,0.994770147875359,0.9804831176045877,0.9930650129428378,0,0,0,0,0,0.0,1.6863075078593137,0.9541741055494779,1.0
100,2,11,2026093830,0.45,0.375,0.0,0.05,0.05,0.02,0.02,tie32_open18,1.0087176629534036,0.9926952453869046,1.0412426351759463,0.9555709507044066,0,0,0,0,0,0.0,1.9592349448349293,0.9519497826958231,1.0
100,2,12,2026093831,0.45,0.375,0.0,0.05,0.05,0.02,0.02,tie32_open18,0.9857510558346864,0.9899282498957241,1.0112141833582284,0.9740536699046008,0,0,0,0,0,0.0,1.7283994558819171,0.9551745522820083,1.0
100,2,13,2026093832,0.45,0.375,0.0,0.05,0.05,0.02,0.02,tie32_open18,1.0005648369318956,1.0075726454852816,1.0281001272470014,1.0203264303011987,0,0,0,0,0,0.0,1.8735109697059464,0.9523453515459172,1.0
100,2,14,2026093833,0.45,0.375,0.0,0.05,0.05,0.02,0.02,tie32_open18,1.0023039001079153,0.9961353802307085,1.0239341245143603,1.0340692339164055,0,0,0,0,0,0.0,1.897337898590154,0.9513788693854432,1.0
100,2,15,2026093834,0.45,0.375,0.0,0.05,0.05,0.02,0.02,tie32_open18,0.9998574571153409,0.9930756553702728,0.9569043049978004,1.018661167817375,0,0,0,0,0,0.0,1.577360334172091,0.955223181165297,1.0
100,2,16,2026093835,0.45,0.375,0.0,0.05,0.05,0.02,0.02,tie32_open18,0.9987474901259638,0.986503390872167,1.0581264148234675,1.0020123600684268,0,0,0,0,0,0.0,1.9981476657891613,0.9520867409658906,1.0
100,2,17,2026093836,0.45,0.375,0.0,0.05,0.05,0.02,0.02,tie32_open18,0.9995112238644668,1.0112055417900332,1.0206858980898732,0.9932901313654495,0,0,0,0,0,0.0,1.8497049239051064,0.952847205450614,1.0
100,2,18,2026093837,0.45,0.375,0.0,0.05,0.05,0.02,0.02,tie32_open18,1.014822305035977,0.9901380512218934,1.0025403335993683,0.9783325110801658,0,0,0,0,0,0.0,1.7657044481643542,0.954478014503733,1.0
100,2,19,2026093838,0.45,0.375,0.0,0.05,0.05,0.02,0.02,tie32_open18,1.002981753448945,1.0051016755150193,0.9937565987261376,1.0022569520337141,0,0,0,0,0,0.0,1.707697432145102,0.9546905996886854,1.0
100,3,0,2026094828,0.45,0.375,0.0,0.05,0.05,0.02,0.02,tie32_open18,0.9919881993136036,0.9964582416041591,0.9947028701465572,0.9928248126298453,1,3,0,0,0,0.0,2.657811665577493,0.9497418672743825,1.0
100,3,1,2026094829,0.45,0.375,0.0,0.05,0.05,0.02,0.02,tie32_open18,1.0139766143207412,0.9968494842303467,1.0311455548934179,0.9964145802862185,1,29,0,0,0,0.0,2.9366640299914835,0.9470803479610199,1.0
100,3,2,2026094830,0.45,0.375,0.0,0.05,0.05,0.02,0.02,tie32_open18,1.0085744341487808,1.004338372007387,1.018533776906526,1.0136815445501326,1,15,0,0,0,0.0,2.757752096444562,0.9483200880444936,1.0
100,3,3,2026094831,0.45,0.375,0.0,0.05,0.05,0.02,0.02,tie32_open18,1.0046058703795981,1.0054346533422476,0.9903341433778061,1.0308465520938717,0,0,0,0,0,0.0,2.5794957165934616,0.9501599412135594,1.0
100,3,4,2026094832,0.45,0.375,0.0,0.05,0.05,0.02,0.02,tie32_open18,0.9930224013576958,1.0061152873312973,1.0203788648481946,0.9620138412829402,1,13,0,0,0,0.0,2.8043645774747636,0.9484258976400511,1.0
100,3,5,2026094833,0.45,0.375,0.0,0.05,0.05,0.02,0.02,tie32_open18,1.0025158972328212,1.0077613427396923,1.0096417463308902,0.9992942432282951,1,18,0,0,0,0.0,2.788255757618107,0.948040003187587,1.0
100,3,6,2026094834,0.45,0.375,0.0,0.05,0.05,0.02,0.02,tie32_open18,1.0144246337286653,1.0040844282960124,0.991321752457172,1.0107988760431066,1,5,0,0,0,0.0,2.6565930547057146,0.9494596764279748,1.0
100,3,7,2026094835,0.45,0.375,0.0,0.05,0.05,0.02,0.02,tie32_open18,1.0004324309881798,0.9907188181945303,1.0254331823785885,1.0288826222821075,1,34,0,0,0,0.0,2.9317208192124617,0.9456627380621022,1.0
100,3,8,2026094836,0.45,0.375,0.0,0.05,0.05,0.02,0.02,tie32_open18,1.004334972585795,1.0004654864792897,0.9964020863675026,1.0054534730388884,1,7,0,0,0,0.0,2.7022065908616493,0.9490761730188807,1.0
100,3,9,2026094837,0.45,0.375,0.0,0.05,0.05,0.02,0.02,tie32_open18,1.0129411188381916,1.0100638444855778,1.0181190840816348,0.989663112472456,1,29,0,0,0,0.0,2.873133068007703,0.9470684104278808,1.0
100,3,10,2026094838,0.45,0.375,0.0,0.05,0.05,0.02,0.02,tie32_open18,0.9886646694451179,0.9897950717815125,0.9743519252376561,1.0020634498160894,0,0,0,0,0,0.0,2.402738316358314,0.9513971333553985,1.0
100,3,11,2026094839,0.45,0.375,0.0,0.05,0.05,0.02,0.02,tie32_open18,1.0037297483255778,1.0112404512686162,1.0329265861103876,1.0113486976476276,1,22,0,0,0,0.0,2.8552682163297107,0.9476809762708461,1.0
100,3,12,2026094840,0.45,0.375,0.0,0.05,0.05,0.02,0.02,tie32_open18,1.0066978356503098,1.0003285567556657,1.0083770588923235,0.9750377234405548,1,13,0,0,0,0.0,2.7400655382157932,0.9484750018347652,1.0
100,3,13,2026094841,0.45,0.375,0.0,0.05,0.05,0.02,0.02,tie32_open18,1.004448011356188,0.9966368193657034,1.0020984132889774,0.9799937089002729,1,19,0,0,0,0.0,2.7400569264756096,0.9480401464141384,1.0
100,3,14,2026094842,0.45,0.375,0.0,0.05,0.05,0.02,0.02,tie32_open18,1.008204800946232,0.9961455177303186,0.9817710832001798,1.0250117290086787,0,0,0,0,0,0.0,2.528866504101713,0.9511548352990113,1.0
100,3,15,2026094843,0.45,0.375,0.0,0.05,0.05,0.02,0.02,tie32_open18,1.0045513745062713,1.0041820281497937,1.0221513823374564,1.0029868045169712,1,8,0,0,0,0.0,2.8024006514503847,0.9487751673217284,1.0
100,3,16,2026094844,0.45,0.375,0.0,0.05,0.05,0.02,0.02,tie32_open18,1.0057239257458637,0.9948472679329543,0.9661480045571615,0.9987206685890527,1,3,0,0,0,0.0,2.5001861698666272,0.9498901768419492,1.0
100,3,17,2026094845,0.45,0.375,0.0,0.05,0.05,0.02,0.02,tie32_open18,0.995143852762095,0.9889599716016759,1.0236079782510383,0.9860297167702108,1,13,0,0,0,0.0,2.785812384181703,0.9484293672733678,1.0
100,3,18,2026094846,0.45,0.375,0.0,0.05,0.05,0.02,0.02,tie32_open18,0.987137830571025,0.9876614924001438,0.9990823410744923,1.005250316388803,0,0,0,0,0,0.0,2.573608781161733,0.9514922973784178,1.0
100,3,19,2026094847,0.45,0.375,0.0,0.05,0.05,0.02,0.02,tie32_open18,0.9975202363917849,0.9978755918862732,1.030118076081549,1.0505350597644916,1,17,0,0,0,0.0,2.8617078653493,0.9478810252123426,1.0
100,4,0,2026095837,0.45,0.375,0.0,0.05,0.05,0.02,0.02,tie32_open18,1.0036568534988637,0.9912937943185024,1.005708695170136,0.986634463987403,0,0,0,0,0,0.0,1.7586784971014962,0.9515380866109683,1.013084996878757
100,4,1,2026095838,0.45,0.375,0.0,0.05,0.05,0.02,0.02,tie32_open18,1.0023821245462397,1.0150443780138003,0.9808285375056053,0.9751663309887283,0,0,0,0,0,0.0,1.7433659614254111,0.9505445122976612,1.013107904216777
100,4,2,2026095839,0.45,0.375,0.0,0.05,0.05,0.02,0.02,tie32_open18,0.9978690741205112,0.9935476812250943,0.9683573132622485,1.0060390916433424,0,0,0,0,0,0.0,1.5991709654148636,0.9537782658935873,1.0157759526581822
100,4,3,2026095840,0.45,0.375,0.0,0.05,0.05,0.02,0.02,tie32_open18,0.9925386773800814,0.9956338316832243,1.0229162333469393,0.9753366673660058,0,0,0,0,0,0.0,1.8732744719642973,0.9503068469182739,1.0119467503089565
100,4,4,2026095841,0.45,0.375,0.0,0.05,0.05,0.02,0.02,tie32_open18,1.0202421077832597,1.0111496127497321,0.9760455073814366,1.0079140773580293,0,0,0,0,0,0.0,1.7299600257760963,0.9501642631441836,1.0153421129410507
100,4,5,2026095842,0.45,0.375,0.0,0.05,0.05,0.02,0.02,tie32_open18,0.9955030133438177,0.989141755591004,1.019733368834931,0.9765624078870505,0,0,0,0,0,0.0,1.880269918211365,0.9501783332085235,1.0120388855015812
100,4,6,2026095843,0.45,0.375,0.0,0.05,0.05,0.02,0.02,tie32_open18,1.0111256770934836,0.999892843154797,0.9903395634528896,1.008349888200473,0,0,0,0,0,0.0,1.7893122039979839,0.950057956586625,1.0152873572012806
100,4,7,2026095844,0.45,0.375,0.0,0.05,0.05,0.02,0.02,tie32_open18,0.9821623837113628,1.0127711594959832,0.9980890135457606,1.0100644926153255,0,0,0,0,0,0.0,1.7165153274482448,0.952063115568702,1.0140333125449834
100,4,8,2026095845,0.45,0.375,0.0,0.05,0.05,0.02,0.02,tie32_open18,0.9925792598507017,1.0015945366804972,0.9921705317906236,0.967576751580524,0,0,0,0,0,0.0,1.7017955724815323,0.9523096639294565,1.0123705093699824
100,4,9,2026095846,0.45,0.375,0.0,0.05,0.05,0.02,0.02,tie32_open18,1.0158451402114188,0.9988745784629137,0.9933060012982653,0.9766094393084889,0,0,0,0,0,0.0,1.7204137873319718,0.9520147869082697,1.0133024554100167
100,4,10,2026095847,0.45,0.375,0.0,0.05,0.05,0.02,0.02,tie32_open18,0.980557923118604,1.011728950168431,1.0300913027180532,1.032222557964556,1,1,0,0,0,0.0,1.8756038255566092,0.9499033529197696,1.0146859944055717
100,4,11,2026095848,0.45,0.375,0.0,0.05,0.05,0.02,0.02,tie32_open18,0.9981956260907278,0.994034540691298,0.9745821670037388,1.01275197029688,0,0,0,0,0,0.0,1.648337357384762,0.95177093468412,1.0150796019403743
100,4,12,2026095849,0.45,0.375,0.0,0.05,0.05,0.02,0.02,tie32_open18,0.9946319114391711,0.9954063552903616,1.0074380125909173,1.0295102700772008,0,0,0,0,0,0.0,1.758319098362379,0.9522204000224581,1.0164347368817312
100,4,13,2026095850,0.45,0.375,0.0,0.05,0.05,0.02,0.02,tie32_open18,0.9966882104541341,1.0112891690852976,0.9662554519056608,1.0162913918384822,0,0,0,0,0,0.0,1.5918763370498272,0.9532386580233132,1.0160131611026686
100,4,14,2026095851,0.45,0.375,0.0,0.05,0.05,0.02,0.02,tie32_open18,1.0023408715446158,0.9867809225577813,1.0155956140685491,0.9799015360594561,0,0,0,0,0,0.0,1.822204192429225,0.9506141247816815,1.012449428269182
100,4,15,2026095852,0.45,0.375,0.0,0.05,0.05,0.02,0.02,tie32_open18,0.9974273344610151,1.0175627965329503,0.9632186521932571,0.9705161480107927,0,0,0,0,0,0.0,1.6533596140742817,0.9513633961315745,1.0128994005470264
100,4,16,2026095853,0.45,0.375,0.0,0.05,0.05,0.02,0.02,tie32_open18,1.0038886569574021,1.0005605374690247,1.0024607529459608,0.9756302776806877,1,3,0,0,0,0.0,1.829847208363865,0.9494508357251119,1.0120785351337431
100,4,17,2026095854,0.45,0.375,0.0,0.05,0.05,0.02,0.02,tie32_open18,0.9948402333334914,0.9941331833650153,0.9786633114710517,0.9797244567760476,0,0,0,0,0,0.0,1.6618802134420778,0.9526341099886494,1.0128829027064643
100,4,18,2026095855,0.45,0.375,0.0,0.05,0.05,0.02,0.02,tie32_open18,0.9985369016124792,0.9932346273312636,1.0046660152431,1.021766320193237,0,0,0,0,0,0.0,1.801997633545372,0.9504101024993267,1.0153738785094113
100,4,19,2026095856,0.45,0.375,0.0,0.05,0.05,0.02,0.02,tie32_open18,0.9988951857983192,0.9910162125800654,1.0220284536638473,1.027791166123531,0,0,0,0,0,0.0,1.820620552618618,0.9512965421392743,1.0153980885201013
100,5,0,2026096846,0.45,0.375,0.0,0.05,0.05,0.02,0.02,tie32_open18,0.9985284065772588,0.9951765554526428,0.9646434934802355,0.9834180351999633,0,0,0,0,0,0.0,0.8459364937517376,0.9595544686868499,1.0045732933811495
100,5,1,2026096847,0.45,0.375,0.0,0.05,0.05,0.02,0.02,tie32_open18,1.0115217325505463,0.9952275631342072,0.9870635884400022,0.9972487846668465,0,0,0,0,0,0.0,0.938922472810152,0.9577922161198811,1.0036472866931965
100,5,2,2026096848,0.45,0.375,0.0,0.05,0.05,0.02,0.02,tie32_open18,1.0094363722553588,0.9964323164550035,0.9634965946497962,0.9832046984215794,0,0,0,0,0,0.0,0.8647516800040057,0.9592334400120216,1.0042400662629383
100,5,3,2026096849,0.45,0.375,0.0,0.05,0.05,0.02,0.02,tie32_open18,0.9969716055015241,0.9988905247755174,0.999402058369295,0.990723361106492,0,0,0,0,0,0.0,0.8853490440611993,0.96014709584868,1.003732172370535
100,5,4,2026096850,0.45,0.375,0.0,0.05,0.05,0.02,0.02,tie32_open18,0.9963786532017759,0.9977682602735098,1.004850851538567,1.017307003372187,0,0,0,0,0,0.0,0.9387704465757329,0.9586293201214211,1.0049351597473466
100,5,5,2026096851,0.45,0.375,0.0,0.05,0.05,0.02,0.02,tie32_open18,1.0008880165718048,1.0101579389341475,0.9745659873251484,1.0208822023554156,0,0,0,0,0,0.0,0.8703765469652018,0.9597310239881072,1.0055440511728686
100,5,6,2026096852,0.45,0.375,0.0,0.05,0.05,0.02,0.02,tie32_open18,1.0094706632295596,1.0074013125096073,1.0529821905226422,0.988955755833031,0,0,0,0,0,0.0,1.0128571036265803,0.9598486611825292,1.001598804557623
100,5,7,2026096853,0.45,0.375,0.0,0.05,0.05,0.02,0.02,tie32_open18,1.0097580889406903,0.9858630557763632,1.0174060079646259,0.9701313137245208,0,0,0,0,0,0.0,0.9531090111540382,0.9594709255304871,1.0022994343031266
100,5,8,2026096854,0.45,0.375,0.0,0.05,0.05,0.02,0.02,tie32_open18,1.0139148860821445,0.9951818701470198,1.002876221620887,0.9978128472656487,0,0,0,0,0,0.0,0.9356210499389354,0.9593575277432341,1.0041695773657684
100,5,9,2026096855,0.45,0.375,0.0,0.05,0.05,0.02,0.02,tie32_open18,1.0049935957082106,0.9925263058907998,1.0402695365372625,1.0311578922656353,0,0,0,0,0,0.0,0.992309477220553,0.959330938038376,1.004289619499602
100,5,10,2026096856,0.45,0.375,0.0,0.05,0.05,0.02,0.02,tie32_open18,0.9957107985754137,0.9898698987823036,1.03029746899541,1.0165995521239959,0,0,0,0,0,0.0,0.9855237545046842,0.9589706305720161,1.003096662243045
100,5,11,2026096857,0.45,0.375,0.0,0.05,0.05,0.02,0.02,tie32_open18,0.9961627877463213,0.9970141840454729,0.9884720273357781,0.9805345817288278,0,0,0,0,0,0.0,0.8787854097234233,0.9599135596499393,1.0040393779095755
100,5,12,2026096858,0.45,0.375,0.0,0.05,0.05,0.02,0.02,tie32_open18,1.0013166483948142,0.9949112038791362,0.9785521788129277,0.979918367904149,0,0,0,0,0,0.0,0.8892213936228358,0.9588897185366577,1.0033504396766593
100,5,13,2026096859,0.45,0.375,0.0,0.05,0.05,0.02,0.02,tie32_open18,0.9940469258933723,1.0018823625018065,0.9800680825774908,1.0004404865274446,0,0,0,0,0,0.0,0.8617764550775037,0.9592061079891976,1.005312147343432
100,5,14,2026096860,0.45,0.375,0.0,0.05,0.05,0.02,0.02,tie32_open18,1.0037317096624072,0.993836602407532,0.9982829546681832,1.0019942623246265,0,0,0,0,0,0.0,0.9272030914421532,0.9584059720382396,1.0036835984853665
100,5,15,2026096861,0.45,0.375,0.0,0.05,0.05,0.02,0.02,tie32_open18,0.988884077632202,1.001555709058716,0.9900115037088477,1.0023797812682627,0,0,0,0,0,0.0,0.9111369208493453,0.9586771162242272,1.003741133082726
100,5,16,2026096862,0.45,0.375,0.0,0.05,0.05,0.02,0.02,tie32_open18,0.998396633155691,1.003365977077769,1.0019627354532017,0.986610443400023,0,0,0,0,0,0.0,0.9206705214870401,0.95947509199925,1.0029428823592552
100,5,17,2026096863,0.45,0.375,0.0,0.05,0.05,0.02,0.02,tie32_open18,1.0061367542861321,0.9836096981582598,1.0104762231557656,1.0292689546203801,0,0,0,0,0,0.0,0.9304951135322223,0.9594856579050985,1.00516872881439
100,5,18,2026096864,0.45,0.375,0.0,0.05,0.05,0.02,0.02,tie32_open18,0.9965931671336182,0.9954892229078256,1.023784457010476,1.0031640976718428,0,0,0,0,0,0.0,0.9459835634385451,0.960493082552107,1.0038443621272426
100,5,19,2026096865,0.45,0.375,0.0,0.05,0.05,0.02,0.02,tie32_open18,1.0222289537844573,0.9893359424863535,1.0119696099976874,0.9679701104824558,0,0,0,0,0,0.0,0.9696166459421653,0.9590444599043796,1.0020630586556707
100,6,0,2026097855,0.45,0.375,0.0,0.05,0.05,0.02,0.02,tie32_open18,0.9868202597742268,0.9992802414922142,1.004452873639194,0.9703169790477391,0,0,0,0,0,0.0,1.4086912850205975,0.9586281305786138,1.0061004093511747
100,6,1,2026097856,0.45,0.375,0.0,0.05,0.05,0.02,0.02,tie32_open18,0.9991366711946607,0.9981363276238503,0.9943023329595665,0.9812539398385637,0,0,0,0,0,0.0,1.420488459544156,0.9579513703887284,1.0066427370574371
100,6,2,2026097857,0.45,0.375,0.0,0.05,0.05,0.02,0.02,tie32_open18,1.0092417104121598,0.998940690473128,0.9676183939169413,0.9737675356122879,0,0,0,0,0,0.0,1.306103573261239,0.9588881346282142,1.007143074930451
100,6,3,2026097858,0.45,0.375,0.0,0.05,0.05,0.02,0.02,tie32_open18,1.0038328222700166,0.9946624955527712,0.9775979403777428,0.9828847177327595,0,0,0,0,0,0.0,1.3547768726484428,0.9585151433737039,1.0075461762559728
100,6,4,2026097859,0.45,0.375,0.0,0.05,0.05,0.02,0.02,tie32_open18,0.9974580797487604,0.9967926763153349,0.9665184323940967,0.9811088641196289,0,0,0,0,0,0.0,1.3591385147892714,0.9573817029183129,1.006186290620944
100,6,5,2026097860,0.45,0.375,0.0,0.05,0.05,0.02,0.02,tie32_open18,0.9901027255342069,0.997204677343681,1.0142695742494214,0.9958744719555556,0,0,0,0,0,0.0,1.470550203684213,0.9573919680350362,1.0065978174849337
100,6,6,2026097861,0.45,0.375,0.0,0.05,0.05,0.02,0.02,tie32_open18,0.989266796504109,1.0016786201435397,0.9960275579530116,1.0009567641511383,0,0,0,0,0,0.0,1.3808280571828324,0.9585771286118028,1.0079254274310572
100,6,7,2026097862,0.45,0.375,0.0,0.05,0.05,0.02,0.02,tie32_open18,1.0023159262834271,1.0001458286060974,0.9857064882637524,0.9964320736758681,0,0,0,0,0,0.0,1.376754144766532,0.9582554657457159,1.0077906605833455
100,6,8,2026097863,0.45,0.375,0.0,0.05,0.05,0.02,0.02,tie32_open18,1.0014426969977572,1.006120044247193,0.9860175960681731,0.9944437389264696,0,0,0,0,0,0.0,1.3884532942022458,0.9576838037621289,1.0068044231214655
100,6,9,2026097864,0.45,0.375,0.0,0.05,0.05,0.02,0.02,tie32_open18,0.9876879948086689,1.0113767716353994,1.006630785480051,1.031575267512693,0,0,0,0,0,0.0,1.4331459766791936,0.9572350279222439,1.0090886079794918
100,6,10,2026097865,0.45,0.375,0.0,0.05,0.05,0.02,0.02,tie32_open18,0.9939991610249016,0.9982582427996812,1.0020479590691258,1.027228107355158,0,0,0,0,0,0.0,1.4158222726100977,0.9577404716281387,1.0084905450663721
100,6,11,2026097866,0.45,0.375,0.0,0.05,0.05,0.02,0.02,tie32_open18,1.0038696506721028,0.9848734791492865,0.9778067540776447,1.0106648596081202,0,0,0,0,0,0.0,1.3722041956428943,0.9578192114474207,1.0081184041219606
100,6,12,2026097867,0.45,0.375,0.0,0.05,0.05,0.02,0.02,tie32_open18,0.9891874677545497,1.0008892670132008,0.9996374550428392,0.9813067107103403,0,0,0,0,0,0.0,1.4231966729125163,0.9581132118895354,1.0063031029724614
100,6,13,2026097868,0.45,0.375,0.0,0.05,0.05,0.02,0.02,tie32_open18,0.994951374055017,1.000538834901111,1.033194330561477,1.033247707505014,0,0,0,0,0,0.0,1.549908495424065,0.9559224849538523,1.0076862591222717
100,6,14,2026097869,0.45,0.375,0.0,0.05,0.05,0.02,0.02,tie32_open18,1.0010491358645652,1.000996364111972,0.9919446175258899,0.9865699696501001,0,0,0,0,0,0.0,1.3725020432514805,0.9584091819337341,1.0068487020653536
100,6,15,2026097870,0.45,0.375,0.0,0.05,0.05,0.02,0.02,tie32_open18,1.0080803803555214,1.0069586629155765,0.9864470761188593,1.0173195842439218,0,0,0,0,0,0.0,1.3871326122847263,0.9575905429899599,1.008685300780993
100,6,16,2026097871,0.45,0.375,0.0,0.05,0.05,0.02,0.02,tie32_open18,1.0022327144009713,0.995020233637998,0.966036093293689,0.972098168118632,0,0,0,0,0,0.0,1.320401369211284,0.9587655220884786,1.0065335000650684
100,6,17,2026097872,0.45,0.375,0.0,0.05,0.05,0.02,0.02,tie32_open18,1.0032996289768514,1.0074189438799392,0.9912057241202821,0.9824578515195471,0,0,0,0,0,0.0,1.4164564592336935,0.9572899098762395,1.006295089847441
100,6,18,2026097873,0.45,0.375,0.0,0.05,0.05,0.02,0.02,tie32_open18,1.006506227183612,0.9900965865451364,0.9808693054707042,1.011956518919333,0,0,0,0,0,0.0,1.3821449511219417,0.9579479716049427,1.0085496043472473
100,6,19,2026097874,0.45,0.375,0.0,0.05,0.05,0.02,0.02,tie32_open18,0.9949895609799484,0.998709456988799,1.0395675544892062,0.982327369915384,0,0,0,0,0,0.0,1.5928934462845121,0.9561380685629564,1.0051427995541837
100,7,0,2026098864,0.45,0.375,0.0,0.05,0.05,0.02,0.02,tie32_open18,0.9913068670864984,1.0077857077893386,1.001848482141611,0.9978684121710119,0,0,0,0,0,0.0,0.8698712262055265,0.9594094848312799,1.0
100,7,1,2026098865,0.45,0.375,0.0,0.05,0.05,0.02,0.02,tie32_open18,1.0086904029545352,1.0059803342034004,1.0173763018198718,0.9900220394445834,0,0,0,0,0,0.0,0.9234473477001942,0.9585950023686076,1.0
100,7,2,2026098866,0.45,0.375,0.0,0.05,0.05,0.02,0.02,tie32_open18,1.0068244197243623,0.9993355213759785,0.9769539367868231,0.9918866019862906,0,0,0,0,0,0.0,0.8384197783575769,0.9587873244736429,1.0
100,7,3,2026098867,0.45,0.375,0.0,0.05,0.05,0.02,0.02,tie32_open18,0.9989692657520147,1.0161271317556464,0.9969480183351154,1.0004917304914853,0,0,0,0,0,0.0,0.8672986679060393,0.9590643281101016,1.0
100,7,4,2026098868,0.45,0.375,0.0,0.05,0.05,0.02,0.02,tie32_open18,1.0094716947938274,0.9925495320622975,0.9961701839028726,1.0280160415479305,0,0,0,0,0,0.0,0.8680029334238222,0.9591833425108772,1.00049588511856
100,7,5,2026098869,0.45,0.375,0.0,0.05,0.05,0.02,0.02,tie32_open18,0.9990729119755591,1.00698381713946,0.987172034850577,0.9729947459154543,0,0,0,0,0,0.0,0.8525788804467558,0.9588408562804351,1.0
100,7,6,2026098870,0.45,0.375,0.0,0.05,0.05,0.02,0.02,tie32_open18,0.9962783092579738,1.008684526683816,0.9862576205784608,1.0174663592060018,0,0,0,0,0,0.0,0.8735900907692075,0.9587788905311911,1.0
100,7,7,2026098871,0.45,0.375,0.0,0.05,0.05,0.02,0.02,tie32_open18,1.005201394649498,1.0147457594980689,0.9738308000238578,1.0171696158339434,0,0,0,0,0,0.0,0.8210821861921885,0.9596210662585325,1.0006747963762246
100,7,8,2026098872,0.45,0.375,0.0,0.05,0.05,0.02,0.02,tie32_open18,1.006119747181998,1.0036583623644244,1.0069084335214986,1.0214182036308666,0,0,0,0,0,0.0,0.8895535921555886,0.9586466717835984,1.0002858178796208
100,7,9,2026098873,0.45,0.375,0.0,0.05,0.05,0.02,0.02,tie32_open18,0.9963552186967788,1.005070857281023,0.9903130760057761,1.0414075832313963,0,0,0,0,0,0.0,0.8521124962180894,0.9594661429273788,1.0011287954408907
100,7,10,2026098874,0.45,0.375,0.0,0.05,0.05,0.02,0.02,tie32_open18,0.9948494988425904,1.0060671280787012,0.9575069448147736,1.0026813921492057,0,0,0,0,0,0.0,0.8098503060754418,0.9589590626943816,1.0
100,7,11,2026098875,0.45,0.375,0.0,0.05,0.05,0.02,0.02,tie32_open18,1.0000737233713028,0.9996883293022488,0.9871052999658637,0.993694782994305,0,0,0,0,0,0.0,0.8401435715502668,0.9597582038024911,1.0
100,7,12,2026098876,0.45,0.375,0.0,0.05,0.05,0.02,0.02,tie32_open18,1.003490819014836,1.0119158722629031,1.0103910843969148,1.0063016140858652,0,0,0,0,0,0.0,0.9121694491723339,0.9580890730606578,1.0
100,7,13,2026098877,0.45,0.375,0.0,0.05,0.05,0.02,0.02,tie32_open18,0.9824203788307818,0.9970505581480975,0.9995277871238114,1.0094927020609954,0,0,0,0,0,0.0,0.8514103464401258,0.9599038831890778,1.0
100,7,14,2026098878,0.45,0.375,0.0,0.05,0.05,0.02,0.02,tie32_open18,0.997855531562221,0.9998533020889424,1.0064926403277097,0.9861499096870984,0,0,0,0,0,0.0,0.9040790555747099,0.9586225234729494,1.0
100,7,15,2026098879,0.45,0.375,0.0,0.05,0.05,0.02,0.02,tie32_open18,0.992756911747707,0.9869329032172521,0.9882041644139172,0.9980893541458362,0,0,0,0,0,0.0,0.8615567534236004,0.9592874475192575,1.0
100,7,16,2026098880,0.45,0.375,0.0,0.05,0.05,0.02,0.02,tie32_open18,1.00559868478427,0.989278517762318,0.9928740647777796,0.9417492203824022,0,0,0,0,0,0.0,0.8911227342805178,0.9587258878673701,1.0
100,7,17,2026098881,0.45,0.375,0.0,0.05,0.05,0.02,0.02,tie32_open18,0.99061685828883,1.004890800220964,0.9876793036787787,1.0072349891669525,0,0,0,0,0,0.0,0.8542138701310081,0.9595680624300268,1.0
100,7,18,2026098882,0.45,0.375,0.0,0.05,0.05,0.02,0.02,tie32_open18,1.0030358596149676,1.0079684335331687,0.9786115092151751,1.032307872797317,0,0,0,0,0,0.0,0.8351589096290989,0.9590554352295849,1.0008994477857058
100,7,19,2026098883,0.45,0.375,0.0,0.05,0.05,0.02,0.02,tie32_open18,0.9910256232536312,1.0160135219294184,0.9781691670548026,1.007660263406165,0,0,0,0,0,0.0,0.8660146578568828,0.9582497502742168,1.0
100,8,0,2026099873,0.45,0.375,0.0,0.05,0.05,0.02,0.02,tie32_open18,1.0161379603725123,0.9939090951528415,1.0117496258827379,1.0567001423477411,0,0,0,0,0,0.0,1.3234758193950382,0.9590464566426511,1.0268596920626913
100,8,1,2026099874,0.45,0.375,0.0,0.05,0.05,0.02,0.02,tie32_open18,0.9845732742617117,1.0064293609610118,1.0221516251629,1.006363434759448,0,0,0,0,0,0.0,1.3179043238495298,0.958745798954139,1.0217201827690765
100,8,2,2026099875,0.45,0.375,0.0,0.05,0.05,0.02,0.02,tie32_open18,0.991192076588569,1.0013819381924012,1.006073286733549,1.0014328915085382,0,0,0,0,0,0.0,1.2848493168522352,0.9591685095680524,1.022542385076704
100,8,3,2026099876,0.45,0.375,0.0,0.05,0.05,0.02,0.02,tie32_open18,1.0078006110651938,1.0150064146401758,1.013708042457214,0.9425432983520019,0,0,0,0,0,0.0,1.35181341912929,0.9579893826048917,1.0172947782323383
100,8,4,2026099877,0.45,0.375,0.0,0.05,0.05,0.02,0.02,tie32_open18,1.0068358967985058,1.0102858958264938,1.0171935126516591,0.9857305922735741,0,0,0,0,0,0.0,1.3434769749250397,0.9577619240125878,1.0212598943990274
100,8,5,2026099878,0.45,0.375,0.0,0.05,0.05,0.02,0.02,tie32_open18,1.0016745843684582,1.009137316630954,1.0078287622198892,0.9845453085218873,0,0,0,0,0,0.0,1.263958649264839,0.9595509092079582,1.0213583125653456
100,8,6,2026099879,0.45,0.375,0.0,0.05,0.05,0.02,0.02,tie32_open18,0.990696620983362,0.9927010979897094,1.0399488891394013,0.9923804559922975,0,0,0,0,0,0.0,1.3928278359418833,0.9579673251114503,1.0198943023801526
100,8,7,2026099880,0.45,0.375,0.0,0.05,0.05,0.02,0.02,tie32_open18,0.9862089345661036,0.9909206167741181,1.008412492839833,0.9932383737334665,0,0,0,0,0,0.0,1.3109568413930908,0.9589489425245489,1.0210898173011815
100,8,8,2026099881,0.45,0.375,0.0,0.05,0.05,0.02,0.02,tie32_open18,0.9935878597193332,0.9923119904235772,0.9916791562316032,1.0253142210704178,0,0,0,0,0,0.0,1.2577153806632129,0.9592092184611729,1.0235964590818145
100,8,9,2026099882,0.45,0.375,0.0,0.05,0.05,0.02,0.02,tie32_open18,1.0006550730312787,0.9996451702185094,0.9904607045218238,1.022399209993527,0,0,0,0,0,0.0,1.2944838596945027,0.9582438049950398,1.0235919381535508
100,8,10,2026099883,0.45,0.375,0.0,0.05,0.05,0.02,0.02,tie32_open18,0.9959495602106572,1.0158754360611788,0.9775929599806006,0.9795759763621882,0,0,0,0,0,0.0,1.2183172357156606,0.9592190260115128,1.021188323334056
100,8,11,2026099884,0.45,0.375,0.0,0.05,0.05,0.02,0.02,tie32_open18,0.9986639940794938,1.0121285178512123,0.9868003279361314,1.0187320120348042,0,0,0,0,0,0.0,1.2548700260365258,0.9591567425947807,1.0242306320457844
100,8,12,2026099885,0.45,0.375,0.0,0.05,0.05,0.02,0.02,tie32_open18,1.0180911179441905,1.004864673277073,1.03500289748538,0.997852857007313,0,0,0,0,0,0.0,1.4256665004149076,0.9567277510517455,1.0208321518895636
100,8,13,2026099886,0.45,0.375,0.0,0.05,0.05,0.02,0.02,tie32_open18,1.012180376136796,1.0007578737905862,1.0047642442481164,0.9965650523209072,0,0,0,0,0,0.0,1.3425383198140544,0.9572235672980718,1.0218043773506271
100,8,14,2026099887,0.45,0.375,0.0,0.05,0.05,0.02,0.02,tie32_open18,0.9901446238124283,0.9863155808660435,0.966575305234069,1.0078420715421161,0,0,0,0,0,0.0,1.2148158553057653,0.9588629763799502,1.0227324054438114
100,8,15,2026099888,0.45,0.375,0.0,0.05,0.05,0.02,0.02,tie32_open18,1.0080837872398105,0.9944307447358635,1.0534911335568893,0.97219065092902,0,0,0,0,0,0.0,1.4372407388551467,0.9574296120378087,1.0190125899903932
100,8,16,2026099889,0.45,0.375,0.0,0.05,0.05,0.02,0.02,tie32_open18,0.9909865141415787,0.9909643158786362,1.0090817983813762,1.0067980493405573,0,0,0,0,0,0.0,1.301793004879301,0.9586644619995922,1.021258378361776
100,8,17,2026099890,0.45,0.375,0.0,0.05,0.05,0.02,0.02,tie32_open18,0.9957178162082537,1.0055473906553172,0.9985917247882149,0.9808244635614423,0,0,0,0,0,0.0,1.3047063423191412,0.9575543082512138,1.019980579617377
100,8,18,2026099891,0.45,0.375,0.0,0.05,0.05,0.02,0.02,tie32_open18,0.9832216586887267,0.9848164146694895,0.9969111051023618,0.9669090275753205,0,0,0,0,0,0.0,1.2380502908935451,0.9596170819982569,1.0199369668974996
100,8,19,2026099892,0.45,0.375,0.0,0.05,0.05,0.02,0.02,tie32_open18,0.9896648885110529,1.0027186125193475,0.9973517723802101,1.0068722769335414,0,0,0,0,0,0.0,1.2338794751178261,0.9595738343475927,1.02181122507453
100,9,0,2026100882,0.45,0.375,0.0,0.05,0.05,0.02,0.02,tie32_open18,0.9951137398557041,1.0054977062676804,1.0152803040210792,1.0303059941554846,0,0,0,0,0,0.0,0.9454295816437677,0.9596906017051412,1.0182632933082818
100,9,1,2026100883,0.45,0.375,0.0,0.05,0.05,0.02,0.02,tie32_open18,0.9965236747614815,1.0033370242496518,1.0032368079835599,1.0128831045756255,0,0,0,0,0,0.0,0.9368036221516796,0.9590546669208736,1.0169677711334895
100,9,2,2026100884,0.45,0.375,0.0,0.05,0.05,0.02,0.02,tie32_open18,1.0081968138389539,0.9962930128574033,1.00971722769342,0.9929984029588271,0,0,0,0,0,0.0,0.9448555347903629,0.9595062356441904,1.016595739977895
100,9,3,2026100885,0.45,0.375,0.0,0.05,0.05,0.02,0.02,tie32_open18,1.0023095840536136,0.9975666851817274,0.9889828395397714,1.031735871051913,0,0,0,0,0,0.0,0.8996939696757129,0.9598140295446826,1.0190990592225175
100,9,4,2026100886,0.45,0.375,0.0,0.05,0.05,0.02,0.02,tie32_open18,1.0022239543117857,0.9872320274652789,1.0128520270107462,0.9864196295308704,0,0,0,0,0,0.0,0.9616563645597138,0.9587861223694035,1.0154145399297951
100,9,5,2026100887,0.45,0.375,0.0,0.05,0.05,0.02,0.02,tie32_open18,1.0087068741935699,1.007040086450337,0.9814713141524944,1.0259200689586427,0,0,0,0,0,0.0,0.8756450261707116,0.9599414191327755,1.0199334366781356
100,9,6,2026100888,0.45,0.375,0.0,0.05,0.05,0.02,0.02,tie32_open18,1.0077772369774176,1.013369742336873,0.9622550484925351,0.965614744480395,0,0,0,0,0,0.0,0.8785692440118461,0.9593416333981125,1.0161302957350262
100,9,7,2026100889,0.45,0.375,0.0,0.05,0.05,0.02,0.02,tie32_open18,1.0071305870471907,0.9896964994840545,1.0170289764979552,0.9901248444560968,0,0,0,0,0,0.0,0.9619490509154689,0.9592753462835669,1.0162576340526184
100,9,8,2026100890,0.45,0.375,0.0,0.05,0.05,0.02,0.02,tie32_open18,0.9949722177931177,0.9908246027770747,1.0091694706683487,1.0008706655563888,0,0,0,0,0,0.0,0.9210841526728091,0.9600650395041375,1.0160545695770293
100,9,9,2026100891,0.45,0.375,0.0,0.05,0.05,0.02,0.02,tie32_open18,1.0052732090517238,0.9931258984347837,1.0114838565759237,0.9789551839451943,0,0,0,0,0,0.0,0.9492066266558201,0.958757853587998,1.0155309316320347
100,9,10,2026100892,0.45,0.375,0.0,0.05,0.05,0.02,0.02,tie32_open18,0.9922409382392982,1.0132469280324465,1.014538681174148,1.0286129878646597,0,0,0,0,0,0.0,0.934598950264549,0.9594223388979018,1.0183128160576145
100,9,11,2026100893,0.45,0.375,0.0,0.05,0.05,0.02,0.02,tie32_open18,0.9882230758146875,1.002048004795431,1.0055459438403582,0.9842451815598151,0,0,0,0,0,0.0,0.9031530921253881,0.9606620000940803,1.0150903886328864
100,9,12,2026100894,0.45,0.375,0.0,0.05,0.05,0.02,0.02,tie32_open18,1.0139674434605233,1.0113045456183951,1.0112596377949241,0.9886164891114967,0,0,0,0,0,0.0,0.947017250709711,0.9591206958175693,1.0159717701001718
100,9,13,2026100895,0.45,0.375,0.0,0.05,0.05,0.02,0.02,tie32_open18,1.0007339517805067,1.0000749243598706,1.0338438381074049,1.0025523868168675,0,0,0,0,0,0.0,0.9856279860905068,0.9595807278693593,1.0160146559570118
100,9,14,2026100896,0.45,0.375,0.0,0.05,0.05,0.02,0.02,tie32_open18,1.0012277385348338,1.0053022869383983,1.0185342313207804,1.0128000453677628,0,0,0,0,0,0.0,0.979183804421665,0.958847447301851,1.0167280858522239
100,9,15,2026100897,0.45,0.375,0.0,0.05,0.05,0.02,0.02,tie32_open18,1.0023378102809426,1.0055687578440413,1.022076543296618,0.9933319903636456,0,0,0,0,0,0.0,0.9785815982682545,0.9589452162468373,1.0156474929156767
100,9,16,2026100898,0.45,0.375,0.0,0.05,0.05,0.02,0.02,tie32_open18,0.9944657465014909,0.995997377081602,1.0086751710209692,1.00188251056079,0,0,0,0,0,0.0,0.9307355248328963,0.9594006288194048,1.017155704821432
100,9,17,2026100899,0.45,0.375,0.0,0.05,0.05,0.02,0.02,tie32_open18,1.005366159981962,0.9979319705236536,1.0206415303489862,0.9956494620954505,0,0,0,0,0,0.0,0.9421236701138626,0.959890100222839,1.0161708901863618
100,9,18,2026100900,0.45,0.375,0.0,0.05,0.05,0.02,0.02,tie32_open18,1.0095088736293414,1.0030509525943239,0.9938075304503349,1.0307756885275825,0,0,0,0,0,0.0,0.9094417771865885,0.9595015726676125,1.0191392833040958
100,9,19,2026100901,0.45,0.375,0.0,0.05,0.05,0.02,0.02,tie32_open18,0.996334359312604,1.002989802545237,1.0156220280068797,1.0326501569139532,0,0,0,0,0,0.0,0.9501940303639719,0.958886360655468,1.0183715931622537
100,10,0,2026101891,0.45,0.375,0.0,0.05,0.05,0.02,0.02,tie32_open18,1.0036874930067656,1.0165587868049262,0.9937942795865604,0.9831896938434771,0,0,0,0,0,0.0,0.9146269276880028,0.9588178991686741,1.0074702810053915
100,10,1,2026101892,0.45,0.375,0.0,0.05,0.05,0.02,0.02,tie32_open18,0.9968824247612101,1.0005747856310359,0.9857362650313909,1.0101309248987336,0,0,0,0,0,0.0,0.9030436528027532,0.9581030849603546,1.0096386637294357
100,10,2,2026101893,0.45,0.375,0.0,0.05,0.05,0.02,0.02,tie32_open18,1.0092971919638543,0.9892888817837193,0.9837016232404645,0.9912457908298418,0,0,0,0,0,0.0,0.8666514578040591,0.9603349009409524,1.0091126390479965
100,10,3,2026101894,0.45,0.375,0.0,0.05,0.05,0.02,0.02,tie32_open18,1.0213879278627496,0.9882905292730069,0.9976246860247886,0.9972812087157554,0,0,0,0,0,0.0,0.8994823765044326,0.9591986074247801,1.009080643189021
100,10,4,2026101895,0.45,0.375,0.0,0.05,0.05,0.02,0.02,tie32_open18,1.0032209255383162,0.9912249177119795,0.9881187724295448,1.005838281733129,0,0,0,0,0,0.0,0.8913056891444479,0.959403343665731,1.0097717099982724
100,10,5,2026101896,0.45,0.375,0.0,0.05,0.05,0.02,0.02,tie32_open18,1.009118215280733,0.9956995605595311,1.0223764700817182,1.0205541737229256,0,0,0,0,0,0.0,0.9604059060754339,0.9586813535561673,1.0086734411330667
100,10,6,2026101897,0.45,0.375,0.0,0.05,0.05,0.02,0.02,tie32_open18,1.0123654931951682,0.9945201007425407,0.9930727842462665,1.007529522583662,0,0,0,0,0,0.0,0.8834976116233394,0.9595153819525039,1.0100869094513096
100,10,7,2026101898,0.45,0.375,0.0,0.05,0.05,0.02,0.02,tie32_open18,0.9924159936572888,0.9957121158680854,1.0152858929400206,0.9887541008312171,0,0,0,0,0,0.0,0.918407989808241,0.9601430851646178,1.007803056264113
100,10,8,2026101899,0.45,0.375,0.0,0.05,0.05,0.02,0.02,tie32_open18,0.9998100343640801,0.9865026287916125,0.9951831356109709,0.9920706443334868,0,0,0,0,0,0.0,0.8780779351362131,0.9598149497175218,1.0081693853800573
100,10,9,2026101900,0.45,0.375,0.0,0.05,0.05,0.02,0.02,tie32_open18,0.990986987369025,1.0029820475193827,1.036353174469976,0.977504031735264,0,0,0,0,0,0.0,0.9657146440397673,0.959604175894946,1.0061800972317467
100,10,10,2026101901,0.45,0.375,0.0,0.05,0.05,0.02,0.02,tie32_open18,0.9931971107659004,1.0105024605323978,1.0163305989734068,0.9901989311046058,0,0,0,0,0,0.0,0.9226252890440796,0.959596535155571,1.0080179563633178
100,10,11,2026101902,0.45,0.375,0.0,0.05,0.05,0.02,0.02,tie32_open18,1.0008185949436128,0.995962822493346,0.985103522636588,1.0146255015195595,0,0,0,0,0,0.0,0.8740626705864487,0.9602483462701475,1.0093332438117613
100,10,12,2026101903,0.45,0.375,0.0,0.05,0.05,0.02,0.02,tie32_open18,0.9972870315632084,1.0044040888436094,0.981017788743927,1.0226324821860968,0,0,0,0,0,0.0,0.8627261149111111,0.9596368460910426,1.0105672614612593
100,10,13,2026101904,0.45,0.375,0.0,0.05,0.05,0.02,0.02,tie32_open18,0.999668215720791,0.9997211098955874,1.024502138245788,1.0076410190164333,0,0,0,0,0,0.0,0.9372249004020549,0.9596452300100416,1.008327566899014
100,10,14,2026101905,0.45,0.375,0.0,0.05,0.05,0.02,0.02,tie32_open18,1.0076328050123495,0.9986513877293494,1.0025484656805965,1.0119398750554305,0,0,0,0,0,0.0,0.8986440329141603,0.9597116857001572,1.0091364640647484
100,10,15,2026101906,0.45,0.375,0.0,0.05,0.05,0.02,0.02,tie32_open18,1.0079364634598706,0.9974960640880555,1.0082387902562762,1.0221242693756283,0,0,0,0,0,0.0,0.9115520083223378,0.9591613908636318,1.0099309170934998
100,10,16,2026101907,0.45,0.375,0.0,0.05,0.05,0.02,0.02,tie32_open18,0.9926456533937443,0.9926448930281764,0.9903252979893947,0.9890571793463732,0,0,0,0,0,0.0,0.8620035273997972,0.9602843359705499,1.0085182400346293
100,10,17,2026101908,0.45,0.375,0.0,0.05,0.05,0.02,0.02,tie32_open18,1.0048002059510952,1.0098331676099648,1.0164354783985845,0.9769248877685394,0,0,0,0,0,0.0,0.9277048243791028,0.9594332241842476,1.0069864503716712
100,10,18,2026101909,0.45,0.375,0.0,0.05,0.05,0.02,0.02,tie32_open18,0.985993789554908,0.9967741483161818,1.0062850534838186,1.0079141579422646,0,0,0,0,0,0.0,0.8882261555168878,0.9600169737666722,1.0086991839707278
100,10,19,2026101910,0.45,0.375,0.0,0.05,0.05,0.02,0.02,tie32_open18,0.9959066327469233,0.9999740761017479,1.0081539914880693,0.9194117588306847,0,0,0,0,0,0.0,0.9102587379722037,0.9596660071038193,1.0045120261311076
100,11,0,2026102900,0.45,0.375,0.0,0.05,0.05,0.02,0.02,tie32_open18,0.9861703137935893,1.022529421164886,1.0378252675802555,1.0454509345590592,0,0,0,0,0,0.0,1.4801569460477841,0.9550298585551811,1.0280922571929543
100,11,1,2026102901,0.45,0.375,0.0,0.05,0.05,0.02,0.02,tie32_open18,0.9898694391694599,1.0109142083859755,0.9526871332153954,0.9659681637143575,0,0,0,0,0,0.0,1.2126448761689672,0.9592693386963252,1.0256097432015876
100,11,2,2026102902,0.45,0.375,0.0,0.05,0.05,0.02,0.02,tie32_open18,1.0101351785392927,0.9972275809123019,0.9775517963137196,0.9760317318863069,0,0,0,0,0,0.0,1.3220959559545211,0.9567175134974442,1.026559433546638
100,11,3,2026102903,0.45,0.375,0.0,0.05,0.05,0.02,0.02,tie32_open18,0.9931488423536087,1.0028918028146334,0.9719835305084952,1.0076150537958752,0,0,0,0,0,0.0,1.255260865939188,0.9593560336071264,1.0274671578429808
100,11,4,2026102904,0.45,0.375,0.0,0.05,0.05,0.02,0.02,tie32_open18,0.9901619326941344,0.9986013922036652,1.0171070279726175,1.0373463006172363,0,0,0,0,0,0.0,1.3939835879532088,0.9572955229664281,1.0281115087778294
100,11,5,2026102905,0.45,0.375,0.0,0.05,0.05,0.02,0.02,tie32_open18,1.0011170165912446,1.0042903109375547,1.0010510082761936,1.0211985707793034,0,0,0,0,0,0.0,1.3710714927286447,0.957622581914598,1.0288336522325034
100,11,6,2026102906,0.45,0.375,0.0,0.05,0.05,0.02,0.02,tie32_open18,0.9968035949597785,1.0047695107566856,0.9765645412674685,0.9995788250502708,0,0,0,0,0,0.0,1.2937081249698412,0.9582389153177098,1.0266599611749545
100,11,7,2026102907,0.45,0.375,0.0,0.05,0.05,0.02,0.02,tie32_open18,0.9973947561769965,1.005457166114983,0.99957376239012,1.0033164232530634,0,0,0,0,0,0.0,1.3542191002148718,0.9570714764728575,1.0255193526412993
100,11,8,2026102908,0.45,0.375,0.0,0.05,0.05,0.02,0.02,tie32_open18,1.0092818310448093,1.0048369819421736,0.9906020822173213,1.042660189455438,0,0,0,0,0,0.0,1.4003138547909841,0.9553336681016978,1.029832120202997
100,11,9,2026102909,0.45,0.375,0.0,0.05,0.05,0.02,0.02,tie32_open18,0.9957760609908493,0.9943463875908489,1.0098040240571784,1.0160661435027842,0,0,0,0,0,0.0,1.3932142495081772,0.9566614606580678,1.027182595670836
100,11,10,2026102910,0.45,0.375,0.0,0.05,0.05,0.02,0.02,tie32_open18,0.989025887109354,1.014920106685028,0.9910400780764618,0.9772441994095225,0,0,0,0,0,0.0,1.365670318736306,0.9561449160548272,1.0241322614787582
100,11,11,2026102911,0.45,0.375,0.0,0.05,0.05,0.02,0.02,tie32_open18,1.003169015877149,0.9832858385655241,1.0031392824971597,1.0213310214299307,0,0,0,0,0,0.0,1.3754370921835566,0.9575680214416514,1.0282460244191651
100,11,12,2026102912,0.45,0.375,0.0,0.05,0.05,0.02,0.02,tie32_open18,0.9939316641873707,0.9926691191379702,0.9753475817034187,0.9786739290867499,0,0,0,0,0,0.0,1.2836757556598393,0.9583033561635727,1.0256434927603817
100,11,13,2026102913,0.45,0.375,0.0,0.05,0.05,0.02,0.02,tie32_open18,1.0087433098047103,1.0060138596251706,1.0064108021174503,1.0210740223723553,0,0,0,0,0,0.0,1.3940390753361294,0.9568789921403925,1.0273507776123254
100,11,14,2026102914,0.45,0.375,0.0,0.05,0.05,0.02,0.02,tie32_open18,0.9904375723546179,0.9981471337965775,1.0001772644547289,0.989046963892657,0,0,0,0,0,0.0,1.3384864074047107,0.9577818855043359,1.0255387885095084
100,11,15,2026102915,0.45,0.375,0.0,0.05,0.05,0.02,0.02,tie32_open18,0.9908305286438569,0.9722499755045235,0.9729566488029917,0.9770315267789885,0,0,0,0,0,0.0,1.2706735477552824,0.9589293552673372,1.0256210941069457
100,11,16,2026102916,0.45,0.375,0.0,0.05,0.05,0.02,0.02,tie32_open18,0.985794185527222,1.0005470583903981,1.009352851318997,1.0025703025550405,0,0,0,0,0,0.0,1.37043039188097,0.9571988058669558,1.025912389724377
100,11,17,2026102917,0.45,0.375,0.0,0.05,0.05,0.02,0.02,tie32_open18,0.9999916210496511,0.9970184210528328,1.015121574840229,1.0216594534661352,0,0,0,0,0,0.0,1.4481091612006265,0.9551584327328508,1.0270626934299656
100,11,18,2026102918,0.45,0.375,0.0,0.05,0.05,0.02,0.02,tie32_open18,0.9910575300733253,0.9907318177845825,1.0258602423719985,1.0229239243557529,0,0,0,0,0,0.0,1.4408038057996038,0.9555957330275969,1.0265868750278313
100,11,19,2026102919,0.45,0.375,0.0,0.05,0.05,0.02,0.02,tie32_open18,1.0129991119835056,1.0007486405622252,1.0422268500995955,0.9731873701622961,0,0,0,0,0,0.0,1.5095301534230179,0.9549049768700777,1.0237317356120905
100,12,0,2026103909,0.45,0.375,0.0,0.05,0.05,0.02,0.02,tie32_open18,1.0015091002932912,0.987116391857261,1.0352262265107408,1.0006264237141704,0,0,0,0,0,0.0,1.8358441825702947,0.9523233115471847,1.0
100,12,1,2026103910,0.45,0.375,0.0,0.05,0.05,0.02,0.02,tie32_open18,1.009401046112759,0.9948791614489815,1.0038007738176995,0.9823373283855185,0,0,0,0,0,0.0,1.7523469503612594,0.9526581435654279,1.0
100,12,2,2026103911,0.45,0.375,0.0,0.05,0.05,0.02,0.02,tie32_open18,0.9983624400332007,1.0065580436180392,1.0053909564874373,1.0005936662847184,0,0,0,0,0,0.0,1.7506313227286425,0.9530024072537054,1.0
100,12,3,2026103912,0.45,0.375,0.0,0.05,0.05,0.02,0.02,tie32_open18,1.0019690270632418,0.9917064451654158,0.9987311354424233,1.012641119485289,0,0,0,0,0,0.0,1.7390156592938135,0.9524819015018964,1.0
100,12,4,2026103913,0.45,0.375,0.0,0.05,0.05,0.02,0.02,tie32_open18,1.005655020131946,0.9984531770445926,1.011516069481007,1.0125882399974966,0,0,0,0,0,0.0,1.7289940193121214,0.9538328025511138,1.0
100,12,5,2026103914,0.45,0.375,0.0,0.05,0.05,0.02,0.02,tie32_open18,0.9915024353800874,0.9898018133737938,0.9796075507509142,0.9927744743700527,0,0,0,0,0,0.0,1.6653224284731556,0.9531024909996831,1.0
100,12,6,2026103915,0.45,0.375,0.0,0.05,0.05,0.02,0.02,tie32_open18,0.9963304617492867,0.9986304674124018,0.9674668245969863,1.022851676511764,0,0,0,0,0,0.0,1.5520798304863432,0.9547733623799388,1.0003683554806948
100,12,7,2026103916,0.45,0.375,0.0,0.05,0.05,0.02,0.02,tie32_open18,1.0011482327295185,1.022785794506023,0.9933611768450469,1.0196994035207152,0,0,0,0,0,0.0,1.7096134550865885,0.9530770899800971,1.0001138045384586
100,12,8,2026103917,0.45,0.375,0.0,0.05,0.05,0.02,0.02,tie32_open18,1.00883522798818,0.9977478922572987,1.01851295943767,0.9692266627659506,0,0,0,0,0,0.0,1.7999067510296654,0.952825683933592,1.0
100,12,9,2026103918,0.45,0.375,0.0,0.05,0.05,0.02,0.02,tie32_open18,1.0049539307319801,1.0115870204146735,0.9853351948646991,0.971531759431363,0,0,0,0,0,0.0,1.6411487277351944,0.9542331904366521,1.0
100,12,10,2026103919,0.45,0.375,0.0,0.05,0.05,0.02,0.02,tie32_open18,1.0085412010167532,0.996313138372247,1.0102650078522435,0.9851139217135654,0,0,0,0,0,0.0,1.803507563836759,0.9517918815756351,1.0
100,12,11,2026103920,0.45,0.375,0.0,0.05,0.05,0.02,0.02,tie32_open18,1.0115213158071914,1.0026560669478757,0.9807302379798313,0.9674510765886002,0,0,0,0,0,0.0,1.6734013365022196,0.953650098719528,1.0
100,12,12,2026103921,0.45,0.375,0.0,0.05,0.05,0.02,0.02,tie32_open18,0.995572311961477,0.9936891628477421,0.9771618052300654,0.9750259604137812,0,0,0,0,0,0.0,1.6284594677718445,0.9541046460981709,1.0
100,12,13,2026103922,0.45,0.375,0.0,0.05,0.05,0.02,0.02,tie32_open18,0.9824083871341737,1.010980735990985,0.9888906037786153,1.0216275827139787,0,0,0,0,0,0.0,1.6228300855147826,0.9547877400115035,1.0004470620273513
100,12,14,2026103923,0.45,0.375,0.0,0.05,0.05,0.02,0.02,tie32_open18,0.9973205443288445,1.0118988650566785,0.9805427911601955,0.9986874279431608,0,0,0,0,0,0.0,1.6254938782345738,0.9541493933202938,1.0
100,12,15,2026103924,0.45,0.375,0.0,0.05,0.05,0.02,0.02,tie32_open18,1.0004960292366307,0.9987413665466881,1.0276397025944808,1.0339340164279611,0,0,0,0,0,0.0,1.8973285482461946,0.9501955651875483,1.0
100,12,16,2026103925,0.45,0.375,0.0,0.05,0.05,0.02,0.02,tie32_open18,1.0049241607736876,1.0103151771133643,0.9659072301429145,0.9918697680475949,0,0,0,0,0,0.0,1.6364868075201042,0.9528233323089791,1.0
100,12,17,2026103926,0.45,0.375,0.0,0.05,0.05,0.02,0.02,tie32_open18,0.9894099202758553,0.9851852165107976,0.9964049789639358,1.0049170435433816,0,0,0,0,0,0.0,1.6806987739312218,0.9536946040657146,1.0
100,12,18,2026103927,0.45,0.375,0.0,0.05,0.05,0.02,0.02,tie32_open18,1.0034425069383945,0.9932278747047739,0.9805648928696454,0.9943819741186772,0,0,0,0,0,0.0,1.6990221024556496,0.9520815084983397,1.0
100,12,19,2026103928,0.45,0.375,0.0,0.05,0.05,0.02,0.02,tie32_open18,0.9983988075787128,0.9908037131769437,0.9669841889813563,1.0044437518774676,0,0,0,0,0,0.0,1.5542453813426766,0.9552398133110088,1.0004415910099815
100,13,0,2026104918,0.45,0.375,0.0,0.05,0.05,0.02,0.02,tie32_open18,1.0092561305003616,1.0024766320951417,0.9844365367379516,0.9498595867487302,0,0,0,0,0,0.0,2.0308995697985486,0.9503570141809357,1.0
100,13,1,2026104919,0.45,0.375,0.0,0.05,0.05,0.02,0.02,tie32_open18,0.9986017809614962,1.0118818071614941,1.0196950586143807,0.9793763844813193,0,0,0,0,0,0.0,2.1385318744434403,0.951104375143132,1.0
100,13,2,2026104920,0.45,0.375,0.0,0.05,0.05,0.02,0.02,tie32_open18,0.9871300271474742,0.9953110537763463,0.9772885312073059,0.9888037932365691,0,0,0,0,0,0.0,1.9311597427990221,0.9517962541866085,1.0
100,13,3,2026104921,0.45,0.375,0.0,0.05,0.05,0.02,0.02,tie32_open18,0.9933832305322775,0.9994932183138253,1.006820058173424,1.011012531073591,0,0,0,0,0,0.0,2.0937055863314247,0.9507611509418868,1.0
100,13,4,2026104922,0.45,0.375,0.0,0.05,0.05,0.02,0.02,tie32_open18,1.0159469321371204,0.9914128944107417,1.0052407856402585,1.0180848158973628,1,7,0,0,0,0.0,2.1497172241990516,0.9491663168922277,1.0
100,13,5,2026104923,0.45,0.375,0.0,0.05,0.05,0.02,0.02,tie32_open18,0.9828115089676625,1.0016659495542481,0.9572828723180768,0.955940354990925,0,0,0,0,0,0.0,1.826795064977424,0.953302361387396,1.0
100,13,6,2026104924,0.45,0.375,0.0,0.05,0.05,0.02,0.02,tie32_open18,1.0007571728600169,1.0069842768847586,0.9811904251625733,0.9960510426065968,0,0,0,0,0,0.0,1.968565641514334,0.9517701977055963,1.0
100,13,7,2026104925,0.45,0.375,0.0,0.05,0.05,0.02,0.02,tie32_open18,0.9979776152678003,0.9887658141872875,0.9844898616110233,0.9899550667620596,0,0,0,0,0,0.0,1.980138011504114,0.9512321723147044,1.0
100,13,8,2026104926,0.45,0.375,0.0,0.05,0.05,0.02,0.02,tie32_open18,1.003954691919784,1.0016775200238477,0.9843336995849785,1.016478009795546,0,0,0,0,0,0.0,1.9458169921108892,0.9520530664414939,1.0
100,13,9,2026104927,0.45,0.375,0.0,0.05,0.05,0.02,0.02,tie32_open18,0.9987135594451306,0.9974298593850035,0.9791186096500738,1.0140969891855367,0,0,0,0,0,0.0,1.9436995066969902,0.9516877810565295,1.0
100,13,10,2026104928,0.45,0.375,0.0,0.05,0.05,0.02,0.02,tie32_open18,1.0031921242052257,0.9908986930864743,1.0080643360509107,0.9894953815370635,0,0,0,0,0,0.0,2.045946359030157,0.9513066100899006,1.0
100,13,11,2026104929,0.45,0.375,0.0,0.05,0.05,0.02,0.02,tie32_open18,0.987804293013151,0.9993963834979225,1.0095120053614641,0.9915100753586426,0,0,0,0,0,0.0,2.0825478605949477,0.9509087498212844,1.0
100,13,12,2026104930,0.45,0.375,0.0,0.05,0.05,0.02,0.02,tie32_open18,1.0054984641472817,0.9988268779175529,1.0230329016377198,0.9987903273801735,0,0,0,0,0,0.0,2.1379043457539133,0.9508783098741334,1.0
100,13,13,2026104931,0.45,0.375,0.0,0.05,0.05,0.02,0.02,tie32_open18,1.0189384408753395,0.9896278833137918,0.9925849881018276,0.9737936676594517,0,0,0,0,0,0.0,2.0012436119881905,0.9522371009577989,1.0
100,13,14,2026104932,0.45,0.375,0.0,0.05,0.05,0.02,0.02,tie32_open18,0.9858790117930717,0.9959704510691075,0.966747253190573,1.0213039484059911,0,0,0,0,0,0.0,1.8077906205731078,0.9532708486760321,1.0
100,13,15,2026104933,0.45,0.375,0.0,0.05,0.05,0.02,0.02,tie32_open18,0.9899776860904163,0.9998823354608715,1.017215342267307,1.0346069452685898,0,0,0,0,0,0.0,2.072902072470969,0.950900240744218,1.0
100,13,16,2026104934,0.45,0.375,0.0,0.05,0.05,0.02,0.02,tie32_open18,0.9883321526630457,1.0072852518216695,0.9806765970146673,0.9957094991199802,0,0,0,0,0,0.0,1.8900229690433124,0.9534547608337988,1.0
100,13,17,2026104935,0.45,0.375,0.0,0.05,0.05,0.02,0.02,tie32_open18,0.9928915158402053,0.9942331738152521,0.9815575793321598,0.9804878649091593,0,0,0,0,0,0.0,1.9361138397970712,0.9525675852495848,1.0
100,13,18,2026104936,0.45,0.375,0.0,0.05,0.05,0.02,0.02,tie32_open18,0.9937621629376571,1.0086837586012496,0.9794112481868162,1.0114498312826035,0,0,0,0,0,0.0,1.8523750776868597,0.9538365262295392,1.0
100,13,19,2026104937,0.45,0.375,0.0,0.05,0.05,0.02,0.02,tie32_open18,0.9912129349269073,1.003803638975209,1.0378844064841573,0.9873483747882079,0,0,0,0,0,0.0,2.182193751824784,0.9512530429578154,1.0
100,14,0,2026105927,0.45,0.375,0.0,0.05,0.05,0.02,0.02,tie32_open18,0.9971314426023502,1.005634825195728,1.0127976303774804,1.021687907894727,0,0,0,0,0,0.0,1.9827046002688808,0.9505024639847723,1.0
100,14,1,2026105928,0.45,0.375,0.0,0.05,0.05,0.02,0.02,tie32_open18,1.0041681870548114,0.983559629405924,1.0245430577346686,1.0136391873159358,0,0,0,0,0,0.0,2.0337735025544412,0.9507499129632109,1.0
100,14,2,2026105929,0.45,0.375,0.0,0.05,0.05,0.02,0.02,tie32_open18,0.9918896175949499,0.9926583812138474,0.9816599049699014,0.9920419247186062,0,0,0,0,0,0.0,1.870463159080177,0.9508704295106133,1.0
100,14,3,2026105930,0.45,0.375,0.0,0.05,0.05,0.02,0.02,tie32_open18,0.9890676081208941,0.997841661365122,1.0081473766695617,1.0099321823323015,0,0,0,0,0,0.0,1.9529977493141761,0.9515857872138909,1.0
100,14,4,2026105931,0.45,0.375,0.0,0.05,0.05,0.02,0.02,tie32_open18,0.9978370600362364,0.9996204220546514,1.0516817983836204,0.9873763203941407,1,9,0,0,0,0.0,2.222954205891092,0.9481633692205256,1.0
100,14,5,2026105932,0.45,0.375,0.0,0.05,0.05,0.02,0.02,tie32_open18,0.991969764722641,1.006333880016042,1.0435705547193348,1.0026180752174194,1,4,0,0,0,0.0,2.1775558712680603,0.9487470298210625,1.0
100,14,6,2026105933,0.45,0.375,0.0,0.05,0.05,0.02,0.02,tie32_open18,0.9919588807101155,1.0066021955544637,0.9667435617958156,0.9836345814000325,0,0,0,0,0,0.0,1.8127805587347003,0.9515512619836008,1.0
100,14,7,2026105934,0.45,0.375,0.0,0.05,0.05,0.02,0.02,tie32_open18,1.0056580425652653,0.9978627746852317,0.9723761235857453,0.9920703346983135,0,0,0,0,0,0.0,1.8032666556647698,0.9519065374395214,1.0
100,14,8,2026105935,0.45,0.375,0.0,0.05,0.05,0.02,0.02,tie32_open18,0.9840427967445852,0.9985778849331655,1.0015724383891904,0.9774375146927314,0,0,0,0,0,0.0,1.8783212827130116,0.9526193873592584,1.0
100,14,9,2026105936,0.45,0.375,0.0,0.05,0.05,0.02,0.02,tie32_open18,1.0075992361968353,1.002159531829418,1.0194153692328893,1.0218065358127335,1,2,0,0,0,0.0,2.0445001126350126,0.9498189797195946,1.0
100,14,10,2026105937,0.45,0.375,0.0,0.05,0.05,0.02,0.02,tie32_open18,0.9948362172431185,1.005456359020723,1.0172113961748606,1.0109905165619097,0,0,0,0,0,0.0,2.0098910633459632,0.9505432593417757,1.0
100,14,11,2026105938,0.45,0.375,0.0,0.05,0.05,0.02,0.02,tie32_open18,1.0052202776916186,1.0031387925709634,0.9804130295747409,1.0022044592453734,0,0,0,0,0,0.0,1.850975228852386,0.9514743560442402,1.0
100,14,12,2026105939,0.45,0.375,0.0,0.05,0.05,0.02,0.02,tie32_open18,0.9841753658927995,0.9901132462088182,1.0059339520432737,1.0095744717097983,0,0,0,0,0,0.0,1.9829334786107988,0.9504622994448835,1.0
100,14,13,2026105940,0.45,0.375,0.0,0.05,0.05,0.02,0.02,tie32_open18,1.0036167173261228,0.9910943799662727,1.0230586062332931,1.030040014299418,0,0,0,0,0,0.0,2.018698493593419,0.9504440029485979,1.0
100,14,14,2026105941,0.45,0.375,0.0,0.05,0.05,0.02,0.02,tie32_open18,1.001437019630897,0.9879355776373784,1.0319689939452215,1.0156842616694106,1,1,0,0,0,0.0,2.0928410266363024,0.9499504307695975,1.0
100,14,15,2026105942,0.45,0.375,0.0,0.05,0.05,0.02,0.02,tie32_open18,1.0007728356153371,0.9810052434102522,0.9990791996176861,1.019032426947101,0,0,0,0,0,0.0,1.9090742577315813,0.9510576575504387,1.0
100,14,16,2026105943,0.45,0.375,0.0,0.05,0.05,0.02,0.02,tie32_open18,0.9925811990372001,0.9960168757034058,1.0126734292735355,0.9777915171253682,0,0,0,0,0,0.0,1.977052110604862,0.9511603099641129,1.0
100,14,17,2026105944,0.45,0.375,0.0,0.05,0.05,0.02,0.02,tie32_open18,0.98746976061689,1.0097662678346004,0.9767680816700136,1.0341466705840352,0,0,0,0,0,0.0,1.781751371131843,0.952196382428653,1.0005866146866442
100,14,18,2026105945,0.45,0.375,0.0,0.05,0.05,0.02,0.02,tie32_open18,0.9989175098798853,0.9897442623932267,1.0145140681813916,1.0250667268191305,1,2,0,0,0,0.0,2.0113328923139764,0.9497653254800106,1.0
100,14,19,2026105946,0.45,0.375,0.0,0.05,0.05,0.02,0.02,tie32_open18,0.9942133231453227,1.0043289619626088,0.9989541830930038,1.014897892164882,0,0,0,0,0,0.0,1.8913238355518394,0.9522129720493716,1.0
100,15,0,2026106936,0.45,0.375,0.0,0.05,0.05,0.02,0.02,tie32_open18,1.000867472423476,1.0047416661422568,1.0026426602311425,0.9736890091949163,1,3,0,0,0,0.0,2.4194860993123672,0.9493724902889099,1.0
100,15,1,2026106937,0.45,0.375,0.0,0.05,0.05,0.02,0.02,tie32_open18,0.9903433689841744,0.9971953037169182,0.9823672746364936,0.996300040477043,0,0,0,0,0,0.0,2.2651991300907777,0.9506057299755983,1.0
100,15,2,2026106938,0.45,0.375,0.0,0.05,0.05,0.02,0.02,tie32_open18,1.0004987173136513,0.9978265596364762,0.9967098462123576,0.9953169503541011,0,0,0,0,0,0.0,2.3909271030533548,0.9504034369220662,1.0
100,15,3,2026106939,0.45,0.375,0.0,0.05,0.05,0.02,0.02,tie32_open18,1.0005194167055882,1.004304566811782,1.0436610269051372,0.9953772561320374,1,3,0,0,0,0.0,2.5760614114426694,0.9490844822311865,1.0
100,15,4,2026106940,0.45,0.375,0.0,0.05,0.05,0.02,0.02,tie32_open18,1.00120385997749,1.0041092682142065,1.0164512706986977,1.0102806836870601,1,2,0,0,0,0.0,2.4641318308323736,0.9496977482852884,1.0
100,15,5,2026106941,0.45,0.375,0.0,0.05,0.05,0.02,0.02,tie32_open18,0.9876840723640167,1.0033139678307004,0.9867576417814867,1.0341293429939635,1,2,0,0,0,0.0,2.334359539210613,0.9495964670896526,1.0
100,15,6,2026106942,0.45,0.375,0.0,0.05,0.05,0.02,0.02,tie32_open18,0.9941429619484191,0.9988172066518315,1.024264808955971,0.990243967080462,1,4,0,0,0,0.0,2.486374171344316,0.9491087310777301,1.0
100,15,7,2026106943,0.45,0.375,0.0,0.05,0.05,0.02,0.02,tie32_open18,0.9996568702778826,0.995773397572136,1.0483259557537918,1.0449921096921053,1,20,0,0,0,0.0,2.7171774459438547,0.9463154212803369,1.0
100,15,8,2026106944,0.45,0.375,0.0,0.05,0.05,0.02,0.02,tie32_open18,1.0041100875920281,0.9984757927209913,1.0296409456320557,0.9780143780746986,1,10,0,0,0,0.0,2.5881817076561826,0.9481119693799256,1.0
100,15,9,2026106945,0.45,0.375,0.0,0.05,0.05,0.02,0.02,tie32_open18,0.9862605644471554,1.0073121443887618,0.9783844275588697,1.0148049772084855,0,0,0,0,0,0.0,2.198752239423057,0.9513817816705589,1.0
100,15,10,2026106946,0.45,0.375,0.0,0.05,0.05,0.02,0.02,tie32_open18,0.9939681132623784,1.0150949652470587,1.0012158805116085,0.9921722843734158,0,0,0,0,0,0.0,2.3613549890533436,0.9508110049167778,1.0
100,15,11,2026106947,0.45,0.375,0.0,0.05,0.05,0.02,0.02,tie32_open18,0.9770678204083836,1.0084355580070474,1.0464009608571667,0.9547168162403636,1,11,0,0,0,0.0,2.6612435185421806,0.9476993874790953,1.0
100,15,12,2026106948,0.45,0.375,0.0,0.05,0.05,0.02,0.02,tie32_open18,1.0017674532091896,0.9938683390121839,1.0316247952133188,0.972290476966328,1,9,0,0,0,0.0,2.583816487239142,0.9481904441589114,1.0
100,15,13,2026106949,0.45,0.375,0.0,0.05,0.05,0.02,0.02,tie32_open18,0.9930706992159549,1.003466922244146,1.003451628256251,1.0312850634980462,0,0,0,0,0,0.0,2.311820190974265,0.9513416644833096,1.0
100,15,14,2026106950,0.45,0.375,0.0,0.05,0.05,0.02,0.02,tie32_open18,1.0050365852018859,0.9990797435566984,0.980729487838452,1.0441154824074044,0,0,0,0,0,0.0,2.2502566718836716,0.9507693024367284,1.0
100,15,15,2026106951,0.45,0.375,0.0,0.05,0.05,0.02,0.02,tie32_open18,1.004359305258192,0.9958254973288094,0.9984590756532717,1.0233808640283701,0,0,0,0,0,0.0,2.3854052734140785,0.9502339063996668,1.0
100,15,16,2026106952,0.45,0.375,0.0,0.05,0.05,0.02,0.02,tie32_open18,0.9977393474533277,1.0043783322316255,1.0077852968868173,0.9803007189233075,0,0,0,0,0,0.0,2.3821902050784383,0.950831058421978,1.0
100,15,17,2026106953,0.45,0.375,0.0,0.05,0.05,0.02,0.02,tie32_open18,0.9945892042171359,0.9940223399412725,1.0306275311059887,0.9527977363239762,0,0,0,0,0,0.0,2.536215160960888,0.9502167706398341,1.0
100,15,18,2026106954,0.45,0.375,0.0,0.05,0.05,0.02,0.02,tie32_open18,1.008273190752821,1.011408453616387,0.9740297060244414,0.996508432826756,0,0,0,0,0,0.0,2.1967528907443072,0.9513800587578237,1.0
100,15,19,2026106955,0.45,0.375,0.0,0.05,0.05,0.02,0.02,tie32_open18,1.0228031631915797,0.9899370878470629,0.9882252400577728,1.0177215323249877,1,3,0,0,0,0.0,2.3519304370283836,0.9493449602426185,1.0
100,16,0,2026107945,0.45,0.375,0.0,0.05,0.05,0.02,0.02,tie32_open18,1.0000548974820556,0.999462266244173,0.9956607524757977,1.0131330612992422,0,0,0,0,0,0.0,1.7677105059477671,0.9549541071244532,1.0
100,16,1,2026107946,0.45,0.375,0.0,0.05,0.05,0.02,0.02,tie32_open18,0.9868532672761379,1.0140797617443418,0.9845539157275675,1.0170591065933348,0,0,0,0,0,0.0,1.6876182374422823,0.9560959736624958,1.0
100,16,2,2026107947,0.45,0.375,0.0,0.05,0.05,0.02,0.02,tie32_open18,0.9925797983121959,0.9997501041935106,0.9894577118446022,1.0237274176370104,0,0,0,0,0,0.0,1.7065633060545835,0.9556529599840992,1.0
100,16,3,2026107948,0.45,0.375,0.0,0.05,0.05,0.02,0.02,tie32_open18,0.9985399569392828,0.9979849642140498,1.0123306958239007,1.001715841597753,0,0,0,0,0,0.0,1.8164897232071853,0.9554895129669384,1.0
100,16,4,2026107949,0.45,0.375,0.0,0.05,0.05,0.02,0.02,tie32_open18,1.0097863995215839,0.9952911204441961,0.9837400377809967,1.053674017013254,0,0,0,0,0,0.0,1.710092070176109,0.9552063112915035,1.0
100,16,5,2026107950,0.45,0.375,0.0,0.05,0.05,0.02,0.02,tie32_open18,0.9838347352247904,0.9986691308609732,0.9840760291395652,1.0249658153948458,0,0,0,0,0,0.0,1.6475151785344109,0.9564375616086183,1.0
100,16,6,2026107951,0.45,0.375,0.0,0.05,0.05,0.02,0.02,tie32_open18,0.9938534377810444,1.008098445689802,1.001963854145048,1.0302955016406479,0,0,0,0,0,0.0,1.780639966841803,0.9547324032918382,1.0
100,16,7,2026107952,0.45,0.375,0.0,0.05,0.05,0.02,0.02,tie32_open18,0.9911261980356489,1.0105877080453676,0.9840260132871484,1.0223918020032932,0,0,0,0,0,0.0,1.7388233411818725,0.9548825653989826,1.0
100,16,8,2026107953,0.45,0.375,0.0,0.05,0.05,0.02,0.02,tie32_open18,0.9896545067945429,0.992200824555121,0.9832432630390839,1.0370232578001322,0,0,0,0,0,0.0,1.612470796162604,0.9578859676018265,1.0
100,16,9,2026107954,0.45,0.375,0.0,0.05,0.05,0.02,0.02,tie32_open18,1.0051709685744545,1.0091182323844063,1.0146844431931605,1.005641064017804,0,0,0,0,0,0.0,1.8734565570972177,0.9539955375711819,1.0
100,16,10,2026107955,0.45,0.375,0.0,0.05,0.05,0.02,0.02,tie32_open18,0.9917075658574546,1.0093056473784863,1.0151054736873912,0.9947086130873598,0,0,0,0,0,0.0,1.7734159141381132,0.9557661041836056,1.0
100,16,11,2026107956,0.45,0.375,0.0,0.05,0.05,0.02,0.02,tie32_open18,1.0005416471180846,1.0054217431268158,0.9741798952568408,0.9828846956237377,0,0,0,0,0,0.0,1.6341184104911963,0.9570933154335866,1.0
100,16,12,2026107957,0.45,0.375,0.0,0.05,0.05,0.02,0.02,tie32_open18,1.00630783318672,0.9991015736384565,1.004684846916764,1.001265235841931,0,0,0,0,0,0.0,1.793171849303603,0.955113815418978,1.0
100,16,13,2026107958,0.45,0.375,0.0,0.05,0.05,0.02,0.02,tie32_open18,1.0052944063727758,1.0140441125804505,1.0016385616180687,1.0216632205757876,0,0,0,0,0,0.0,1.8547266665219002,0.9536835699344273,1.0
100,16,14,2026107959,0.45,0.375,0.0,0.05,0.05,0.02,0.02,tie32_open18,0.991285482199602,1.0104611008212827,1.0075941885157387,1.005228507211017,0,0,0,0,0,0.0,1.749139360326229,0.9561089840194176,1.0
100,16,15,2026107960,0.45,0.375,0.0,0.05,0.05,0.02,0.02,tie32_open18,0.9931937240259483,1.0023789976668898,1.0310131425382827,0.9993788002616658,0,0,0,0,0,0.0,1.8908059840861995,0.9547815288498199,1.0
100,16,16,2026107961,0.45,0.375,0.0,0.05,0.05,0.02,0.02,tie32_open18,1.006615272314145,0.992597582854883,0.9819631492498948,0.9713054541887735,0,0,0,0,0,0.0,1.77389302810663,0.9548395811477903,1.0
100,16,17,2026107962,0.45,0.375,0.0,0.05,0.05,0.02,0.02,tie32_open18,0.9926305102435219,1.0012958678037525,0.9984382508795812,0.975122273848426,0,0,0,0,0,0.0,1.7343954613020383,0.9555574415296761,1.0
100,16,18,2026107963,0.45,0.375,0.0,0.05,0.05,0.02,0.02,tie32_open18,0.9968743964833324,0.9838322060261456,0.9954438477399008,0.9854047573148664,0,0,0,0,0,0.0,1.7580733924923753,0.9554198185246695,1.0
100,16,19,2026107964,0.45,0.375,0.0,0.05,0.05,0.02,0.02,tie32_open18,1.0173616110629116,0.9938178801101403,1.0067263225193372,0.9898848188366831,0,0,0,0,0,0.0,1.7824652056585863,0.9556746503329654,1.0
105,0,0,2026091801,0.45,0.5625,0.0,0.05,0.05,0.02,0.02,tie32_open18,0.9944983796109041,1.0181997350459902,1.0006832773490344,0.9770020934144493,0,0,0,0,0,0.0,1.006758900836493,0.9597885339458077,1.0
105,0,1,2026091802,0.45,0.5625,0.0,0.05,0.05,0.02,0.02,tie32_open18,0.9981403524007517,0.9881192024082343,1.037203266330266,1.0133432898542822,0,0,0,0,0,0.0,1.125643187942396,0.9584997142288463,1.0
105,0,2,2026091803,0.45,0.5625,0.0,0.05,0.05,0.02,0.02,tie32_open18,1.0030444185692058,0.9865222687075532,1.0070023940238444,0.9940370241431968,0,0,0,0,0,0.0,1.009630426333988,0.9605895480628606,1.0
105,0,3,2026091804,0.45,0.5625,0.0,0.05,0.05,0.02,0.02,tie32_open18,1.0016723280970987,1.000548070985382,0.9921989954734654,1.0220051353645878,0,0,0,0,0,0.0,1.0258355656682139,0.959419625098454,1.0
105,0,4,2026091805,0.45,0.5625,0.0,0.05,0.05,0.02,0.02,tie32_open18,1.0034610573289142,1.0013256294030122,1.033215056883856,0.9757652184360371,0,0,0,0,0,0.0,1.0943091486136154,0.9588842350267822,1.0
105,0,5,2026091806,0.45,0.5625,0.0,0.05,0.05,0.02,0.02,tie32_open18,1.003809070876833,0.9986403757439685,1.0177324801605734,0.9866134325007735,0,0,0,0,0,0.0,1.0736110977304616,0.9593664333918679,1.0
105,0,6,2026091807,0.45,0.5625,0.0,0.05,0.05,0.02,0.02,tie32_open18,1.0140538339123772,1.000968184574253,0.985451838204882,1.0487219955294957,0,0,0,0,0,0.0,1.0063585189270703,0.959481242475358,1.0
105,0,7,2026091808,0.45,0.5625,0.0,0.05,0.05,0.02,0.02,tie32_open18,1.0061559307595396,1.0073521880748664,1.012197351174701,0.9871797390789411,0,0,0,0,0,0.0,1.1061543371651297,0.95770396060943,1.0
105,0,8,2026091809,0.45,0.5625,0.0,0.05,0.05,0.02,0.02,tie32_open18,1.0002381216389282,0.9966179661030902,0.9833478771264003,1.00719430109165,0,0,0,0,0,0.0,0.9763105516893977,0.9607385858886807,1.0
105,0,9,2026091810,0.45,0.5625,0.0,0.05,0.05,0.02,0.02,tie32_open18,0.9989186063031844,0.99611028320958,1.024338084470035,0.9917386583910391,0,0,0,0,0,0.0,1.0512258362459628,0.9603147002323389,1.0
105,0,10,2026091811,0.45,0.5625,0.0,0.05,0.05,0.02,0.02,tie32_open18,0.9951669051284123,1.0018610457202572,1.0093993244452277,1.0013805077332611,0,0,0,0,0,0.0,1.0484206332073,0.9590360080657352,1.0
105,0,11,2026091812,0.45,0.5625,0.0,0.05,0.05,0.02,0.02,tie32_open18,0.9978498020858735,1.0061517120139745,1.0036949651511775,1.0401795844251158,0,0,0,0,0,0.0,1.0330289985986956,0.9598901188375506,1.0
105,0,12,2026091813,0.45,0.5625,0.0,0.05,0.05,0.02,0.02,tie32_open18,0.9951944538578277,1.0098699514487417,0.9932302524311339,0.9987803370454591,0,0,0,0,0,0.0,0.9778141268705186,0.9609987784826649,1.0
105,0,13,2026091814,0.45,0.5625,0.0,0.05,0.05,0.02,0.02,tie32_open18,1.0029257686268382,0.9996899970360476,1.0051534964106925,1.0069857195117413,0,0,0,0,0,0.0,1.0555326664720879,0.9587073400648606,1.0
105,0,14,2026091815,0.45,0.5625,0.0,0.05,0.05,0.02,0.02,tie32_open18,0.991516650455196,1.0001148838783993,1.0114745954530289,0.969972597729818,0,0,0,0,0,0.0,1.0346529819423975,0.9599895961648163,1.0
105,0,15,2026091816,0.45,0.5625,0.0,0.05,0.05,0.02,0.02,tie32_open18,0.9939253183011192,1.011799252161803,1.0417450013860865,0.9940275403885758,0,0,0,0,0,0.0,1.0930263070974684,0.9597969889953336,1.0
105,0,16,2026091817,0.45,0.5625,0.0,0.05,0.05,0.02,0.02,tie32_open18,0.9901005616251357,1.0023524038102103,1.0132541849807566,1.008998722048354,0,0,0,0,0,0.0,1.0668593630262422,0.9589288898252851,1.0
105,0,17,2026091818,0.45,0.5625,0.0,0.05,0.05,0.02,0.02,tie32_open18,0.9995997883699422,1.0001583668679708,1.0139557551743235,0.9720610353890508,0,0,0,0,0,0.0,1.0451355623562282,0.9597086499094694,1.0
105,0,18,2026091819,0.45,0.5625,0.0,0.05,0.05,0.02,0.02,tie32_open18,1.0050311196038386,1.0012558496566866,0.9946145530871653,0.9970258055183804,0,0,0,0,0,0.0,1.0011308239046028,0.9602818973220851,1.0
105,0,19,2026091820,0.45,0.5625,0.0,0.05,0.05,0.02,0.02,tie32_open18,1.0005752167549515,1.0120983114420203,0.9740886985596835,1.0113868117013274,0,0,0,0,0,0.0,0.9694345274620141,0.9600262242985501,1.0
105,1,0,2026092810,0.45,0.5625,0.0,0.05,0.05,0.02,0.02,tie32_open18,0.9875350510333647,0.9956907705408181,0.9857527763630243,0.9899835579158016,0,0,0,0,0,0.0,2.940540840104084,0.9506157327005621,1.0
105,1,1,2026092811,0.45,0.5625,0.0,0.05,0.05,0.02,0.02,tie32_open18,0.9977717430539033,1.0137361524460193,1.0095479212080014,0.983608061541426,1,7,0,0,0,0.0,3.144647471070938,0.9492748673888548,1.0
105,1,2,2026092812,0.45,0.5625,0.0,0.05,0.05,0.02,0.02,tie32_open18,0.991087668745918,1.0048496572886096,1.0276337351836444,1.0069251605176368,1,8,0,0,0,0.0,3.1832672024079125,0.9489966481194764,1.0
105,1,3,2026092813,0.45,0.5625,0.0,0.05,0.05,0.02,0.02,tie32_open18,0.9946455589439711,1.017988235267134,1.0057006822407732,1.0110486466989386,1,16,0,0,0,0.0,3.1280778769769615,0.9483654754241778,1.0
105,1,4,2026092814,0.45,0.5625,0.0,0.05,0.05,0.02,0.02,tie32_open18,1.0031069353227557,0.985234359199755,1.0094275601028124,0.9655731015163505,1,36,0,0,0,0.0,3.258762490470834,0.9472034374648691,1.0
105,1,5,2026092815,0.45,0.5625,0.0,0.05,0.05,0.02,0.02,tie32_open18,1.0016418270057172,1.0034847585391733,0.9979269592591663,1.0021152930104495,0,0,0,0,0,0.0,3.021080932629461,0.950237467010228,1.0
105,1,6,2026092816,0.45,0.5625,0.0,0.05,0.05,0.02,0.02,tie32_open18,1.0078720533851844,0.999230251802299,1.0074581196711787,1.0003846522543527,1,22,0,0,0,0.0,3.2170179230311216,0.9479862703623888,1.0
105,1,7,2026092817,0.45,0.5625,0.0,0.05,0.05,0.02,0.02,tie32_open18,0.9787261013537187,1.0009752097070812,0.972375587698613,1.014960937100447,1,2,0,0,0,0.0,2.8605496438279756,0.9498827643933533,1.0
105,1,8,2026092818,0.45,0.5625,0.0,0.05,0.05,0.02,0.02,tie32_open18,1.0150517117014202,0.9954120285712879,0.9864893191137932,0.9652703570718706,1,4,0,0,0,0.0,3.047839127169358,0.9493482178029371,1.0
105,1,9,2026092819,0.45,0.5625,0.0,0.05,0.05,0.02,0.02,tie32_open18,0.9823477924851745,1.0041850713309057,1.0325975920539492,0.9894432619221474,1,15,0,0,0,0.0,3.3155275022185537,0.9482651610185123,1.0
105,1,10,2026092820,0.45,0.5625,0.0,0.05,0.05,0.02,0.02,tie32_open18,1.0050651157428394,0.9960740672133954,1.0215232059440076,1.0113001415617753,1,46,0,0,0,0.0,3.3047818379854514,0.9464751100559743,1.0
105,1,11,2026092821,0.45,0.5625,0.0,0.05,0.05,0.02,0.02,tie32_open18,1.0018471161855282,0.986769912071329,1.0019322525842533,0.9812636038980292,1,10,0,0,0,0.0,3.149403893903022,0.9490589051444511,1.0
105,1,12,2026092822,0.45,0.5625,0.0,0.05,0.05,0.02,0.02,tie32_open18,1.0013375766471035,1.0090186077692573,1.0181377267970428,1.001250392969033,1,40,0,0,0,0.0,3.31388645165265,0.9467367977580063,1.0
105,1,13,2026092823,0.45,0.5625,0.0,0.05,0.05,0.02,0.02,tie32_open18,1.0116215050134723,1.0072458494561782,1.0192861389121097,1.0219309873288531,1,38,0,0,0,0.0,3.263785609793557,0.9469995191320295,1.0
105,1,14,2026092824,0.45,0.5625,0.0,0.05,0.05,0.02,0.02,tie32_open18,1.0025254860907487,0.9921299534359417,1.0177099587734475,1.0057736681241585,1,8,0,0,0,0.0,3.1902060654960507,0.9491992248620397,1.0
105,1,15,2026092825,0.45,0.5625,0.0,0.05,0.05,0.02,0.02,tie32_open18,1.002967975469354,0.989838927334358,0.9613982572995843,1.0122195542952928,1,4,0,0,0,0.0,2.882275265254887,0.9493938372770391,1.0
105,1,16,2026092826,0.45,0.5625,0.0,0.05,0.05,0.02,0.02,tie32_open18,1.0077612555756097,1.0141909619089542,0.9688091216287718,1.0106913567414981,0,0,0,0,0,0.0,2.8787096644251378,0.9501484803521258,1.0
105,1,17,2026092827,0.45,0.5625,0.0,0.05,0.05,0.02,0.02,tie32_open18,1.010837424512761,1.0012555835049453,1.0328561384613721,1.0043620282481946,1,53,0,0,0,0.0,3.4147929176028464,0.9455883805706304,1.0
105,1,18,2026092828,0.45,0.5625,0.0,0.05,0.05,0.02,0.02,tie32_open18,1.0075361732081614,0.9985920542824771,1.0045738996032283,0.9881181034446634,1,24,0,0,0,0.0,3.1831064967145153,0.9478598148985499,1.0
105,1,19,2026092829,0.45,0.5625,0.0,0.05,0.05,0.02,0.02,tie32_open18,1.0089253128408913,0.9853327685107099,1.0300785007127082,1.0061310203798222,1,50,0,0,0,0.0,3.3909019335911506,0.9461563694345609,1.0
105,2,0,2026093819,0.45,0.5625,0.0,0.05,0.05,0.02,0.02,tie32_open18,1.0034188036900993,1.0019604666624427,1.0119071831375661,0.9804691130393909,0,0,0,0,0,0.0,1.7668685033112528,0.9548262919758047,1.0
105,2,1,2026093820,0.45,0.5625,0.0,0.05,0.05,0.02,0.02,tie32_open18,1.0190895679541323,0.9996340096314579,0.9799433324197927,0.9620247708941188,0,0,0,0,0,0.0,1.6411221410053225,0.9566107747549094,1.0
105,2,2,2026093821,0.45,0.5625,0.0,0.05,0.05,0.02,0.02,tie32_open18,0.9819554996615452,0.9981662580629153,1.0088240459228104,1.0458453970362889,0,0,0,0,0,0.0,1.6934091208036053,0.9562850997899681,1.0
105,2,3,2026093822,0.45,0.5625,0.0,0.05,0.05,0.02,0.02,tie32_open18,0.9983315839976888,0.9984948754981489,1.0183424518788808,0.9820306590039758,0,0,0,0,0,0.0,1.8510513195482032,0.9534822193535797,1.0
105,2,4,2026093823,0.45,0.5625,0.0,0.05,0.05,0.02,0.02,tie32_open18,0.9919049576024869,1.008683188944691,1.0013794374537057,1.0424966907205873,0,0,0,0,0,0.0,1.7725580658734073,0.9541924915279579,1.0
105,2,5,2026093824,0.45,0.5625,0.0,0.05,0.05,0.02,0.02,tie32_open18,1.0055714007483374,0.9887992491706578,0.9754633970309806,1.0266074463210715,0,0,0,0,0,0.0,1.6434527875581837,0.9556689947554268,1.0
105,2,6,2026093825,0.45,0.5625,0.0,0.05,0.05,0.02,0.02,tie32_open18,1.0004258987069097,1.0017834461165687,1.0209016125981638,0.9697753759979226,0,0,0,0,0,0.0,1.84640472857534,0.9546805257393227,1.0
105,2,7,2026093826,0.45,0.5625,0.0,0.05,0.05,0.02,0.02,tie32_open18,1.0078801361551435,0.9965750835883482,0.9863073950177798,0.989270834435385,0,0,0,0,0,0.0,1.6842441605583618,0.9554759434088009,1.0
105,2,8,2026093827,0.45,0.5625,0.0,0.05,0.05,0.02,0.02,tie32_open18,0.9940814812578974,0.9962796796416227,1.0224920004023137,0.9912391326588206,0,0,0,0,0,0.0,1.8190481873676525,0.954543360719654,1.0
105,2,9,2026093828,0.45,0.5625,0.0,0.05,0.05,0.02,0.02,tie32_open18,1.0083910455735143,1.0087638194552446,1.052838009518991,0.9965714565626078,0,0,0,0,0,0.0,1.9544585000041739,0.9537619754603053,1.0
105,2,10,2026093829,0.45,0.5625,0.0,0.05,0.05,0.02,0.02,tie32_open18,0.9997201424382277,0.994770147875359,0.9804831176045877,0.9930650129428378,0,0,0,0,0,0.0,1.6795425298353823,0.9552196062094851,1.0
105,2,11,2026093830,0.45,0.5625,0.0,0.05,0.05,0.02,0.02,tie32_open18,1.0087176629534036,0.9926952453869046,1.0412426351759463,0.9555709507044066,0,0,0,0,0,0.0,1.957046566935412,0.9530421007283958,1.0
105,2,12,2026093831,0.45,0.5625,0.0,0.05,0.05,0.02,0.02,tie32_open18,0.9857510558346864,0.9899282498957241,1.0112141833582284,0.9740536699046008,0,0,0,0,0,0.0,1.7252565520730054,0.9562404623759153,1.0
105,2,13,2026093832,0.45,0.5625,0.0,0.05,0.05,0.02,0.02,tie32_open18,1.0005648369318956,1.0075726454852816,1.0281001272470014,1.0203264303011987,0,0,0,0,0,0.0,1.8717382622765202,0.9534588350295968,1.0
105,2,14,2026093833,0.45,0.5625,0.0,0.05,0.05,0.02,0.02,tie32_open18,1.0023039001079153,0.9961353802307085,1.0239341245143603,1.0340692339164055,0,0,0,0,0,0.0,1.8945870902803295,0.9524089345991308,1.0
105,2,15,2026093834,0.45,0.5625,0.0,0.05,0.05,0.02,0.02,tie32_open18,0.9998574571153409,0.9930756553702728,0.9569043049978004,1.018661167817375,0,0,0,0,0,0.0,1.5688831056533934,0.9562789427175143,1.0
105,2,16,2026093835,0.45,0.5625,0.0,0.05,0.05,0.02,0.02,tie32_open18,0.9987474901259638,0.986503390872167,1.0581264148234675,1.0020123600684268,0,0,0,0,0,0.0,1.9973272675051783,0.9532146613805944,1.0
105,2,17,2026093836,0.45,0.5625,0.0,0.05,0.05,0.02,0.02,tie32_open18,0.9995112238644668,1.0112055417900332,1.0206858980898732,0.9932901313654495,0,0,0,0,0,0.0,1.8469169170295563,0.95393288169423,1.0
105,2,18,2026093837,0.45,0.5625,0.0,0.05,0.05,0.02,0.02,tie32_open18,1.014822305035977,0.9901380512218934,1.0025403335993683,0.9783325110801658,0,0,0,0,0,0.0,1.7623703415714584,0.9554733924483997,1.0
105,2,19,2026093838,0.45,0.5625,0.0,0.05,0.05,0.02,0.02,tie32_open18,1.002981753448945,1.0051016755150193,0.9937565987261376,1.0022569520337141,0,0,0,0,0,0.0,1.7027916283483058,0.9557630283282461,1.0
105,3,0,2026094828,0.45,0.5625,0.0,0.05,0.05,0.02,0.02,tie32_open18,0.9919881993136036,0.9964582416041591,0.9947028701465572,0.9928248126298453,0,0,0,0,0,0.0,2.661420080901481,0.9506813866113957,1.0
105,3,1,2026094829,0.45,0.5625,0.0,0.05,0.05,0.02,0.02,tie32_open18,1.0139766143207412,0.9968494842303467,1.0311455548934179,0.9964145802862185,1,9,0,0,0,0.0,2.9417409366953278,0.9491382710724033,1.0
105,3,2,2026094830,0.45,0.5625,0.0,0.05,0.05,0.02,0.02,tie32_open18,1.0085744341487808,1.004338372007387,1.018533776906526,1.0136815445501326,1,3,0,0,0,0.0,2.7628847955253484,0.9498538810561228,1.0
105,3,3,2026094831,0.45,0.5625,0.0,0.05,0.05,0.02,0.02,tie32_open18,1.0046058703795981,1.0054346533422476,0.9903341433778061,1.0308465520938717,0,0,0,0,0,0.0,2.5825796955287497,0.951048077712762,1.0
105,3,4,2026094832,0.45,0.5625,0.0,0.05,0.05,0.02,0.02,tie32_open18,0.9930224013576958,1.0061152873312973,1.0203788648481946,0.9620138412829402,0,0,0,0,0,0.0,2.8093494084164563,0.950065354028875,1.0
105,3,5,2026094833,0.45,0.5625,0.0,0.05,0.05,0.02,0.02,tie32_open18,1.0025158972328212,1.0077613427396923,1.0096417463308902,0.9992942432282951,1,5,0,0,0,0.0,2.7930980882616656,0.9494724956771724,1.0
105,3,6,2026094834,0.45,0.5625,0.0,0.05,0.05,0.02,0.02,tie32_open18,1.0144246337286653,1.0040844282960124,0.991321752457172,1.0107988760431066,0,0,0,0,0,0.0,2.6596053016198518,0.9503319041840462,1.0
105,3,7,2026094835,0.45,0.5625,0.0,0.05,0.05,0.02,0.02,tie32_open18,1.0004324309881798,0.9907188181945303,1.0254331823785885,1.0288826222821075,1,23,0,0,0,0.0,2.9381718042789,0.9475782774556174,1.0
105,3,8,2026094836,0.45,0.5625,0.0,0.05,0.05,0.02,0.02,tie32_open18,1.004334972585795,1.0004654864792897,0.9964020863675026,1.0054534730388884,0,0,0,0,0,0.0,2.705698400944931,0.9501230739570341,1.0
105,3,9,2026094837,0.45,0.5625,0.0,0.05,0.05,0.02,0.02,tie32_open18,1.0129411188381916,1.0100638444855778,1.0181190840816348,0.989663112472456,1,12,0,0,0,0.0,2.8795110761162173,0.948746767977603,1.0
105,3,10,2026094838,0.45,0.5625,0.0,0.05,0.05,0.02,0.02,tie32_open18,0.9886646694451179,0.9897950717815125,0.9743519252376561,1.0020634498160894,0,0,0,0,0,0.0,2.404872986305754,0.9525684759998436,1.0
105,3,11,2026094839,0.45,0.5625,0.0,0.05,0.05,0.02,0.02,tie32_open18,1.0037297483255778,1.0112404512686162,1.0329265861103876,1.0113486976476276,1,5,0,0,0,0.0,2.8601868472940506,0.9496178212963795,1.0
105,3,12,2026094840,0.45,0.5625,0.0,0.05,0.05,0.02,0.02,tie32_open18,1.0066978356503098,1.0003285567556657,1.0083770588923235,0.9750377234405548,1,4,0,0,0,0.0,2.7450313729117717,0.9497619977550654,1.0
105,3,13,2026094841,0.45,0.5625,0.0,0.05,0.05,0.02,0.02,tie32_open18,1.004448011356188,0.9966368193657034,1.0020984132889774,0.9799937089002729,1,7,0,0,0,0.0,2.7451679798509154,0.9491759108324064,1.0
105,3,14,2026094842,0.45,0.5625,0.0,0.05,0.05,0.02,0.02,tie32_open18,1.008204800946232,0.9961455177303186,0.9817710832001798,1.0250117290086787,0,0,0,0,0,0.0,2.53213047246241,0.9520837970133912,1.0
105,3,15,2026094843,0.45,0.5625,0.0,0.05,0.05,0.02,0.02,tie32_open18,1.0045513745062713,1.0041820281497937,1.0221513823374564,1.0029868045169712,0,0,0,0,0,0.0,2.8079352389359653,0.9503981765325932,1.0
105,3,16,2026094844,0.45,0.5625,0.0,0.05,0.05,0.02,0.02,tie32_open18,1.0057239257458637,0.9948472679329543,0.9661480045571615,0.9987206685890527,0,0,0,0,0,0.0,2.5022528603783605,0.9509662158854766,1.0
105,3,17,2026094845,0.45,0.5625,0.0,0.05,0.05,0.02,0.02,tie32_open18,0.995143852762095,0.9889599716016759,1.0236079782510383,0.9860297167702108,0,0,0,0,0,0.0,2.790319274427359,0.9500748068560855,1.0
105,3,18,2026094846,0.45,0.5625,0.0,0.05,0.05,0.02,0.02,tie32_open18,0.987137830571025,0.9876614924001438,0.9990823410744923,1.005250316388803,0,0,0,0,0,0.0,2.577790742854728,0.9524358623882269,1.0
105,3,19,2026094847,0.45,0.5625,0.0,0.05,0.05,0.02,0.02,tie32_open18,0.9975202363917849,0.9978755918862732,1.030118076081549,1.0505350597644916,1,3,0,0,0,0.0,2.8672101570095108,0.9498761453689107,1.0
105,4,0,2026095837,0.45,0.5625,0.0,0.05,0.05,0.02,0.02,tie32_open18,1.0036568534988637,0.9912937943185024,1.005708695170136,0.986634463987403,0,0,0,0,0,0.0,1.7535419820892422,0.9527189272522067,1.01331946515744
105,4,1,2026095838,0.45,0.5625,0.0,0.05,0.05,0.02,0.02,tie32_open18,1.0023821245462397,1.0150443780138003,0.9808285375056053,0.9751663309887283,0,0,0,0,0,0.0,1.737002985188256,0.9517178920394539,1.013283785172196
105,4,2,2026095839,0.45,0.5625,0.0,0.05,0.05,0.02,0.02,tie32_open18,0.9978690741205112,0.9935476812250943,0.9683573132622485,1.0060390916433424,0,0,0,0,0,0.0,1.5931347136600695,0.9549788703765479,1.015897726606374
105,4,3,2026095840,0.45,0.5625,0.0,0.05,0.05,0.02,0.02,tie32_open18,0.9925386773800814,0.9956338316832243,1.0229162333469393,0.9753366673660058,0,0,0,0,0,0.0,1.868698036717821,0.9512852846754507,1.0121297172837669
105,4,4,2026095841,0.45,0.5625,0.0,0.05,0.05,0.02,0.02,tie32_open18,1.0202421077832597,1.0111496127497321,0.9760455073814366,1.0079140773580293,0,0,0,0,0,0.0,1.7233406081955873,0.9513158011825212,1.0155040650072755
105,4,5,2026095842,0.45,0.5625,0.0,0.05,0.05,0.02,0.02,tie32_open18,0.9955030133438177,0.989141755591004,1.019733368834931,0.9765624078870505,0,0,0,0,0,0.0,1.8762572778464397,0.9510500091189057,1.0122289085501526
105,4,6,2026095843,0.45,0.5625,0.0,0.05,0.05,0.02,0.02,tie32_open18,1.0111256770934836,0.999892843154797,0.9903395634528896,1.008349888200473,0,0,0,0,0,0.0,1.7835141510375978,0.9511366337775596,1.0155067797625705
105,4,7,2026095844,0.45,0.5625,0.0,0.05,0.05,0.02,0.02,tie32_open18,0.9821623837113628,1.0127711594959832,0.9980890135457606,1.0100644926153255,0,0,0,0,0,0.0,1.711603746368628,0.9532517380958938,1.014304383992407
105,4,8,2026095845,0.45,0.5625,0.0,0.05,0.05,0.02,0.02,tie32_open18,0.9925792598507017,1.0015945366804972,0.9921705317906236,0.967576751580524,0,0,0,0,0,0.0,1.6967296214734684,0.9534795428542383,1.0125831743462763
105,4,9,2026095846,0.45,0.5625,0.0,0.05,0.05,0.02,0.02,tie32_open18,1.0158451402114188,0.9988745784629137,0.9933060012982653,0.9766094393084889,0,0,0,0,0,0.0,1.7149484156170072,0.9531609012842353,1.0135270818770163
105,4,10,2026095847,0.45,0.5625,0.0,0.05,0.05,0.02,0.02,tie32_open18,0.980557923118604,1.011728950168431,1.0300913027180532,1.032222557964556,0,0,0,0,0,0.0,1.8711749062580918,0.9508486021491723,1.014824091297267
105,4,11,2026095848,0.45,0.5625,0.0,0.05,0.05,0.02,0.02,tie32_open18,0.9981956260907278,0.994034540691298,0.9745821670037388,1.01275197029688,0,0,0,0,0,0.0,1.641395602443157,0.9529765300433501,1.0152295492051902
105,4,12,2026095849,0.45,0.5625,0.0,0.05,0.05,0.02,0.02,tie32_open18,0.9946319114391711,0.9954063552903616,1.0074380125909173,1.0295102700772008,0,0,0,0,0,0.0,1.7533495910049297,0.9533280641045628,1.0166511595038425
105,4,13,2026095850,0.45,0.5625,0.0,0.05,0.05,0.02,0.02,tie32_open18,0.9966882104541341,1.0112891690852976,0.9662554519056608,1.0162913918384822,0,0,0,0,0,0.0,1.5849915488767339,0.9544286079078904,1.0161401682352103
105,4,14,2026095851,0.45,0.5625,0.0,0.05,0.05,0.02,0.02,tie32_open18,1.0023408715446158,0.9867809225577813,1.0155956140685491,0.9799015360594561,0,0,0,0,0,0.0,1.817555607877944,0.9516836039112272,1.012656947194981
105,4,15,2026095852,0.45,0.5625,0.0,0.05,0.05,0.02,0.02,tie32_open18,0.9974273344610151,1.0175627965329503,0.9632186521932571,0.9705161480107927,0,0,0,0,0,0.0,1.6463251641182606,0.9525606918424778,1.0130198772520203
105,4,16,2026095853,0.45,0.5625,0.0,0.05,0.05,0.02,0.02,tie32_open18,1.0038886569574021,1.0005605374690247,1.0024607529459608,0.9756302776806877,0,0,0,0,0,0.0,1.8239855342495246,0.9505412292877266,1.0123292054454098
105,4,17,2026095854,0.45,0.5625,0.0,0.05,0.05,0.02,0.02,tie32_open18,0.9948402333334914,0.9941331833650153,0.9786633114710517,0.9797244567760476,0,0,0,0,0,0.0,1.6559553938382714,0.9538511218988479,1.0130414648626154
105,4,18,2026095855,0.45,0.5625,0.0,0.05,0.05,0.02,0.02,tie32_open18,0.9985369016124792,0.9932346273312636,1.0046660152431,1.021766320193237,0,0,0,0,0,0.0,1.7964277381650262,0.9514748605028456,1.0156000285648878
105,4,19,2026095856,0.45,0.5625,0.0,0.05,0.05,0.02,0.02,tie32_open18,0.9988951857983192,0.9910162125800654,1.0220284536638473,1.027791166123531,0,0,0,0,0,0.0,1.8166141040766242,0.9523322263243285,1.0155252225385174
105,5,0,2026096846,0.45,0.5625,0.0,0.05,0.05,0.02,0.02,tie32_open18,0.9985284065772588,0.9951765554526428,0.9646434934802355,0.9834180351999633,0,0,0,0,0,0.0,0.8266416897632682,0.961730183651898,1.0048195031858949
105,5,1,2026096847,0.45,0.5625,0.0,0.05,0.05,0.02,0.02,tie32_open18,1.0115217325505463,0.9952275631342072,0.9870635884400022,0.9972487846668465,0,0,0,0,0,0.0,0.9197751086709195,0.9594050594816071,1.0039138144575488
105,5,2,2026096848,0.45,0.5625,0.0,0.05,0.05,0.02,0.02,tie32_open18,1.0094363722553588,0.9964323164550035,0.9634965946497962,0.9832046984215794,0,0,0,0,0,0.0,0.8454038046970502,0.9613723979514647,1.0044866719669165
105,5,3,2026096849,0.45,0.5625,0.0,0.05,0.05,0.02,0.02,tie32_open18,0.9969716055015241,0.9988905247755174,0.999402058369295,0.990723361106492,0,0,0,0,0,0.0,0.8682756654879498,0.9617845905931223,1.0040471112037772
105,5,4,2026096850,0.45,0.5625,0.0,0.05,0.05,0.02,0.02,tie32_open18,0.9963786532017759,0.9977682602735098,1.004850851538567,1.017307003372187,0,0,0,0,0,0.0,0.9209347699180118,0.9599233932495655,1.0052305975913396
105,5,5,2026096851,0.45,0.5625,0.0,0.05,0.05,0.02,0.02,tie32_open18,1.0008880165718048,1.0101579389341475,0.9745659873251484,1.0208822023554156,0,0,0,0,0,0.0,0.8517347607093408,0.9617236402437062,1.005791927684407
105,5,6,2026096852,0.45,0.5625,0.0,0.05,0.05,0.02,0.02,tie32_open18,1.0094706632295596,1.0074013125096073,1.0529821905226422,0.988955755833031,0,0,0,0,0,0.0,0.9967072318138535,0.9605027262881319,1.0019438611007696
105,5,7,2026096853,0.45,0.5625,0.0,0.05,0.05,0.02,0.02,tie32_open18,1.0097580889406903,0.9858630557763632,1.0174060079646259,0.9701313137245208,0,0,0,0,0,0.0,0.9354630688673725,0.9605504435249197,1.0026657313833713
105,5,8,2026096854,0.45,0.5625,0.0,0.05,0.05,0.02,0.02,tie32_open18,1.0139148860821445,0.9951818701470198,1.002876221620887,0.9978128472656487,0,0,0,0,0,0.0,0.9179413349352238,0.960743063406845,1.0044749005252833
105,5,9,2026096855,0.45,0.5625,0.0,0.05,0.05,0.02,0.02,tie32_open18,1.0049935957082106,0.9925263058907998,1.0402695365372625,1.0311578922656353,0,0,0,0,0,0.0,0.9763655372701652,0.960147847511823,1.0046475429675863
105,5,10,2026096856,0.45,0.5625,0.0,0.05,0.05,0.02,0.02,tie32_open18,0.9957107985754137,0.9898698987823036,1.03029746899541,1.0165995521239959,0,0,0,0,0,0.0,0.9685606549139169,0.9598336924257093,1.003462492794972
105,5,11,2026096857,0.45,0.5625,0.0,0.05,0.05,0.02,0.02,tie32_open18,0.9961627877463213,0.9970141840454729,0.9884720273357781,0.9805345817288278,0,0,0,0,0,0.0,0.8606797112168596,0.9616807684148164,1.0043141161841223
105,5,12,2026096858,0.45,0.5625,0.0,0.05,0.05,0.02,0.02,tie32_open18,1.0013166483948142,0.9949112038791362,0.9785521788129277,0.979918367904149,0,0,0,0,0,0.0,0.869613488670441,0.9607598378748325,1.0036144811688663
105,5,13,2026096859,0.45,0.5625,0.0,0.05,0.05,0.02,0.02,tie32_open18,0.9940469258933723,1.0018823625018065,0.9800680825774908,1.0004404865274446,0,0,0,0,0,0.0,0.8436922523593969,0.9610885180671189,1.0055781948127034
105,5,14,2026096860,0.45,0.5625,0.0,0.05,0.05,0.02,0.02,tie32_open18,1.0037317096624072,0.993836602407532,0.9982829546681832,1.0019942623246265,0,0,0,0,0,0.0,0.909629628184723,0.9598757325896731,1.0039804096214766
105,5,15,2026096861,0.45,0.5625,0.0,0.05,0.05,0.02,0.02,tie32_open18,0.988884077632202,1.001555709058716,0.9900115037088477,1.0023797812682627,0,0,0,0,0,0.0,0.892009366765509,0.9603263775505757,1.0040282507580467
105,5,16,2026096862,0.45,0.5625,0.0,0.05,0.05,0.02,0.02,tie32_open18,0.998396633155691,1.003365977077769,1.0019627354532017,0.986610443400023,0,0,0,0,0,0.0,0.9027962075558857,0.9609726368350731,1.0032703843943147
105,5,17,2026096863,0.45,0.5625,0.0,0.05,0.05,0.02,0.02,tie32_open18,1.0061367542861321,0.9836096981582598,1.0104762231557656,1.0292689546203801,0,0,0,0,0,0.0,0.9135300644927791,0.960724369143205,1.005475903534076
105,5,18,2026096864,0.45,0.5625,0.0,0.05,0.05,0.02,0.02,tie32_open18,0.9965931671336182,0.9954892229078256,1.023784457010476,1.0031640976718428,0,0,0,0,0,0.0,0.9291724264132317,0.961414710462093,1.0041984942520374
105,5,19,2026096865,0.45,0.5625,0.0,0.05,0.05,0.02,0.02,tie32_open18,1.0222289537844573,0.9893359424863535,1.0119696099976874,0.9679701104824558,0,0,0,0,0,0.0,0.9520446850156997,0.9601265780074915,1.0024105338003906
105,6,0,2026097855,0.45,0.5625,0.0,0.05,0.05,0.02,0.02,tie32_open18,0.9868202597742268,0.9992802414922142,1.004452873639194,0.9703169790477391,0,0,0,0,0,0.0,1.40078691880438,0.9593251970156499,1.0063699970974291
105,6,1,2026097856,0.45,0.5625,0.0,0.05,0.05,0.02,0.02,tie32_open18,0.9991366711946607,0.9981363276238503,0.9943023329595665,0.9812539398385637,0,0,0,0,0,0.0,1.4124879999474442,0.9586941612411878,1.0069726204909817
105,6,2,2026097857,0.45,0.5625,0.0,0.05,0.05,0.02,0.02,tie32_open18,1.0092417104121598,0.998940690473128,0.9676183939169413,0.9737675356122879,0,0,0,0,0,0.0,1.296171190501091,0.9593218759974608,1.0073547554911444
105,6,3,2026097858,0.45,0.5625,0.0,0.05,0.05,0.02,0.02,tie32_open18,1.0038328222700166,0.9946624955527712,0.9775979403777428,0.9828847177327595,0,0,0,0,0,0.0,1.345755149477837,0.9592067363492073,1.0078243902604513
105,6,4,2026097859,0.45,0.5625,0.0,0.05,0.05,0.02,0.02,tie32_open18,0.9974580797487604,0.9967926763153349,0.9665184323940967,0.9811088641196289,0,0,0,0,0,0.0,1.3490094279247054,0.9581318907482628,1.00639949844808
105,6,5,2026097860,0.45,0.5625,0.0,0.05,0.05,0.02,0.02,tie32_open18,0.9901027255342069,0.997204677343681,1.0142695742494214,0.9958744719555556,0,0,0,0,0,0.0,1.463468048719766,0.9581615519361487,1.0067912198191302
105,6,6,2026097861,0.45,0.5625,0.0,0.05,0.05,0.02,0.02,tie32_open18,0.989266796504109,1.0016786201435397,0.9960275579530116,1.0009567641511383,0,0,0,0,0,0.0,1.3725064965322067,0.9593479324590485,1.0082588416625955
105,6,7,2026097862,0.45,0.5625,0.0,0.05,0.05,0.02,0.02,tie32_open18,1.0023159262834271,1.0001458286060974,0.9857064882637524,0.9964320736758681,0,0,0,0,0,0.0,1.3673850971078771,0.9589887530610549,1.0081057215510305
105,6,8,2026097863,0.45,0.5625,0.0,0.05,0.05,0.02,0.02,tie32_open18,1.0014426969977572,1.006120044247193,0.9860175960681731,0.9944437389264696,0,0,0,0,0,0.0,1.3791771651712281,0.9584217806713998,1.0071319348588972
105,6,9,2026097864,0.45,0.5625,0.0,0.05,0.05,0.02,0.02,tie32_open18,0.9876879948086689,1.0113767716353994,1.006630785480051,1.031575267512693,0,0,0,0,0,0.0,1.424441338669729,0.9580327997825102,1.0093436199467078
105,6,10,2026097865,0.45,0.5625,0.0,0.05,0.05,0.02,0.02,tie32_open18,0.9939991610249016,0.9982582427996812,1.0020479590691258,1.027228107355158,0,0,0,0,0,0.0,1.407725340745772,0.9585514096176677,1.0087792986224435
105,6,11,2026097866,0.45,0.5625,0.0,0.05,0.05,0.02,0.02,tie32_open18,1.0038696506721028,0.9848734791492865,0.9778067540776447,1.0106648596081202,0,0,0,0,0,0.0,1.362664714588493,0.9585318217067615,1.0083891299481096
105,6,12,2026097867,0.45,0.5625,0.0,0.05,0.05,0.02,0.02,tie32_open18,0.9891874677545497,1.0008892670132008,0.9996374550428392,0.9813067107103403,0,0,0,0,0,0.0,1.4149197740753512,0.9587424171989389,1.006609950024757
105,6,13,2026097868,0.45,0.5625,0.0,0.05,0.05,0.02,0.02,tie32_open18,0.994951374055017,1.000538834901111,1.033194330561477,1.033247707505014,0,0,0,0,0,0.0,1.5439853453226768,0.956741527203452,1.0077747547900409
105,6,14,2026097869,0.45,0.5625,0.0,0.05,0.05,0.02,0.02,tie32_open18,1.0010491358645652,1.000996364111972,0.9919446175258899,0.9865699696501001,0,0,0,0,0,0.0,1.3637177254065074,0.9591200855072002,1.0071916331581892
105,6,15,2026097870,0.45,0.5625,0.0,0.05,0.05,0.02,0.02,tie32_open18,1.0080803803555214,1.0069586629155765,0.9864470761188593,1.0173195842439218,0,0,0,0,0,0.0,1.3776775750429404,0.958295713808868,1.0090133906383312
105,6,16,2026097871,0.45,0.5625,0.0,0.05,0.05,0.02,0.02,tie32_open18,1.0022327144009713,0.995020233637998,0.966036093293689,0.972098168118632,0,0,0,0,0,0.0,1.310103395498598,0.9592982436321246,1.0067338180850816
105,6,17,2026097872,0.45,0.5625,0.0,0.05,0.05,0.02,0.02,tie32_open18,1.0032996289768514,1.0074189438799392,0.9912057241202821,0.9824578515195471,0,0,0,0,0,0.0,1.4079989383642457,0.9580501584936373,1.0066419828990696
105,6,18,2026097873,0.45,0.5625,0.0,0.05,0.05,0.02,0.02,tie32_open18,1.006506227183612,0.9900965865451364,0.9808693054707042,1.011956518919333,0,0,0,0,0,0.0,1.3728287518251931,0.9585431564257831,1.0088375165443604
105,6,19,2026097874,0.45,0.5625,0.0,0.05,0.05,0.02,0.02,tie32_open18,0.9949895609799484,0.998709456988799,1.0395675544892062,0.982327369915384,0,0,0,0,0,0.0,1.5879021167729546,0.956826051779907,1.0051725242881124
105,7,0,2026098864,0.45,0.5625,0.0,0.05,0.05,0.02,0.02,tie32_open18,0.9913068670864984,1.0077857077893386,1.001848482141611,0.9978684121710119,0,0,0,0,0,0.0,0.8513690358302612,0.9614195149908382,1.0
105,7,1,2026098865,0.45,0.5625,0.0,0.05,0.05,0.02,0.02,tie32_open18,1.0086904029545352,1.0059803342034004,1.0173763018198718,0.9900220394445834,0,0,0,0,0,0.0,0.9047280414895129,0.9602609952107872,1.0
105,7,2,2026098866,0.45,0.5625,0.0,0.05,0.05,0.02,0.02,tie32_open18,1.0068244197243623,0.9993355213759785,0.9769539367868231,0.9918866019862906,0,0,0,0,0,0.0,0.8189201725697921,0.9610928495161881,1.0
105,7,3,2026098867,0.45,0.5625,0.0,0.05,0.05,0.02,0.02,tie32_open18,0.9989692657520147,1.0161271317556464,0.9969480183351154,1.0004917304914853,0,0,0,0,0,0.0,0.8484173017946706,0.9611576081606337,1.0
105,7,4,2026098868,0.45,0.5625,0.0,0.05,0.05,0.02,0.02,tie32_open18,1.0094716947938274,0.9925495320622975,0.9961701839028726,1.0280160415479305,0,0,0,0,0,0.0,0.849518870484238,0.9611151088277489,1.000714233318111
105,7,5,2026098869,0.45,0.5625,0.0,0.05,0.05,0.02,0.02,tie32_open18,0.9990729119755591,1.00698381713946,0.987172034850577,0.9729947459154543,0,0,0,0,0,0.0,0.8334370394192897,0.9610089444781458,1.0
105,7,6,2026098870,0.45,0.5625,0.0,0.05,0.05,0.02,0.02,tie32_open18,0.9962783092579738,1.008684526683816,0.9862576205784608,1.0174663592060018,0,0,0,0,0,0.0,0.8540002686047823,0.9608464623119543,1.0
105,7,7,2026098871,0.45,0.5625,0.0,0.05,0.05,0.02,0.02,tie32_open18,1.005201394649498,1.0147457594980689,0.9738308000238578,1.0171696158339434,0,0,0,0,0,0.0,0.8012365716710435,0.9619347232048894,1.000824302777788
105,7,8,2026098872,0.45,0.5625,0.0,0.05,0.05,0.02,0.02,tie32_open18,1.006119747181998,1.0036583623644244,1.0069084335214986,1.0214182036308666,0,0,0,0,0,0.0,0.8713933982588307,0.9604487124674342,1.0005205019808987
105,7,9,2026098873,0.45,0.5625,0.0,0.05,0.05,0.02,0.02,tie32_open18,0.9963552186967788,1.005070857281023,0.9903130760057761,1.0414075832313963,0,0,0,0,0,0.0,0.8331702878741354,0.9615407337407174,1.0013297140273771
105,7,10,2026098874,0.45,0.5625,0.0,0.05,0.05,0.02,0.02,tie32_open18,0.9948494988425904,1.0060671280787012,0.9575069448147736,1.0026813921492057,0,0,0,0,0,0.0,0.7891494194007149,0.9612296843792547,1.000112000998503
105,7,11,2026098875,0.45,0.5625,0.0,0.05,0.05,0.02,0.02,tie32_open18,1.0000737233713028,0.9996883293022488,0.9871052999658637,0.993694782994305,0,0,0,0,0,0.0,0.8209730477811874,0.9619424719544448,1.0
105,7,12,2026098876,0.45,0.5625,0.0,0.05,0.05,0.02,0.02,tie32_open18,1.003490819014836,1.0119158722629031,1.0103910843969148,1.0063016140858652,0,0,0,0,0,0.0,0.8935634732468615,0.9599595152422168,1.0
105,7,13,2026098877,0.45,0.5625,0.0,0.05,0.05,0.02,0.02,tie32_open18,0.9824203788307818,0.9970505581480975,0.9995277871238114,1.0094927020609954,0,0,0,0,0,0.0,0.8326626980491548,0.9619049040223255,1.0
105,7,14,2026098878,0.45,0.5625,0.0,0.05,0.05,0.02,0.02,tie32_open18,0.997855531562221,0.9998533020889424,1.0064926403277097,0.9861499096870984,0,0,0,0,0,0.0,0.8855491272645548,0.9605477643328225,1.0
105,7,15,2026098879,0.45,0.5625,0.0,0.05,0.05,0.02,0.02,tie32_open18,0.992756911747707,0.9869329032172521,0.9882041644139172,0.9980893541458362,0,0,0,0,0,0.0,0.8420551615595777,0.9612117975496024,1.0
105,7,16,2026098880,0.45,0.5625,0.0,0.05,0.05,0.02,0.02,tie32_open18,1.00559868478427,0.989278517762318,0.9928740647777796,0.9417492203824022,0,0,0,0,0,0.0,0.8716657227348211,0.9606844932552224,1.0
105,7,17,2026098881,0.45,0.5625,0.0,0.05,0.05,0.02,0.02,tie32_open18,0.99061685828883,1.004890800220964,0.9876793036787787,1.0072349891669525,0,0,0,0,0,0.0,0.8346715176052318,0.9616136207677469,1.0
105,7,18,2026098882,0.45,0.5625,0.0,0.05,0.05,0.02,0.02,tie32_open18,1.0030358596149676,1.0079684335331687,0.9786115092151751,1.032307872797317,0,0,0,0,0,0.0,0.8152981353299548,0.9612773570602191,1.001057674598581
105,7,19,2026098883,0.45,0.5625,0.0,0.05,0.05,0.02,0.02,tie32_open18,0.9910256232536312,1.0160135219294184,0.9781691670548026,1.007660263406165,0,0,0,0,0,0.0,0.845438021559365,0.960491183086102,1.0
105,8,0,2026099873,0.45,0.5625,0.0,0.05,0.05,0.02,0.02,tie32_open18,1.0161379603725123,0.9939090951528415,1.0117496258827379,1.0567001423477411,0,0,0,0,0,0.0,1.3144959713466844,0.9600584836330428,1.0269348628597244
105,8,1,2026099874,0.45,0.5625,0.0,0.05,0.05,0.02,0.02,tie32_open18,0.9845732742617117,1.0064293609610118,1.0221516251629,1.006363434759448,0,0,0,0,0,0.0,1.3088980085633777,0.9599308301576376,1.0218824303755545
105,8,2,2026099875,0.45,0.5625,0.0,0.05,0.05,0.02,0.02,tie32_open18,0.991192076588569,1.0013819381924012,1.006073286733549,1.0014328915085382,0,0,0,0,0,0.0,1.2751675930798645,0.960075260976443,1.0226304822728514
105,8,3,2026099876,0.45,0.5625,0.0,0.05,0.05,0.02,0.02,tie32_open18,1.0078006110651938,1.0150064146401758,1.013708042457214,0.9425432983520019,0,0,0,0,0,0.0,1.3421001776991694,0.9589110644223285,1.0174293190948887
105,8,4,2026099877,0.45,0.5625,0.0,0.05,0.05,0.02,0.02,tie32_open18,1.0068358967985058,1.0102858958264938,1.0171935126516591,0.9857305922735741,0,0,0,0,0,0.0,1.3345644481032817,0.9589064495745521,1.0214084605849136
105,8,5,2026099878,0.45,0.5625,0.0,0.05,0.05,0.02,0.02,tie32_open18,1.0016745843684582,1.009137316630954,1.0078287622198892,0.9845453085218873,0,0,0,0,0,0.0,1.2548801587019076,0.9606226713415728,1.021467361869409
105,8,6,2026099879,0.45,0.5625,0.0,0.05,0.05,0.02,0.02,tie32_open18,0.990696620983362,0.9927010979897094,1.0399488891394013,0.9923804559922975,0,0,0,0,0,0.0,1.3846432859404747,0.9587326073914778,1.020149828651409
105,8,7,2026099880,0.45,0.5625,0.0,0.05,0.05,0.02,0.02,tie32_open18,0.9862089345661036,0.9909206167741181,1.008412492839833,0.9932383737334665,0,0,0,0,0,0.0,1.3015439821704045,0.9598907920242479,1.0211924737018772
105,8,8,2026099881,0.45,0.5625,0.0,0.05,0.05,0.02,0.02,tie32_open18,0.9935878597193332,0.9923119904235772,0.9916791562316032,1.0253142210704178,0,0,0,0,0,0.0,1.2473112005147242,0.9601517840098468,1.0236498985551428
105,8,9,2026099882,0.45,0.5625,0.0,0.05,0.05,0.02,0.02,tie32_open18,1.0006550730312787,0.9996451702185094,0.9904607045218238,1.022399209993527,0,0,0,0,0,0.0,1.2836244599287605,0.9591028283088855,1.0236411352764776
105,8,10,2026099883,0.45,0.5625,0.0,0.05,0.05,0.02,0.02,tie32_open18,0.9959495602106572,1.0158754360611788,0.9775929599806006,0.9795759763621882,0,0,0,0,0,0.0,1.2072735070972123,0.960103441152375,1.0212391372843725
105,8,11,2026099884,0.45,0.5625,0.0,0.05,0.05,0.02,0.02,tie32_open18,0.9986639940794938,1.0121285178512123,0.9868003279361314,1.0187320120348042,0,0,0,0,0,0.0,1.2440178973023452,0.9601956375091234,1.0242810557408732
105,8,12,2026099885,0.45,0.5625,0.0,0.05,0.05,0.02,0.02,tie32_open18,1.0180911179441905,1.004864673277073,1.03500289748538,0.997852857007313,0,0,0,0,0,0.0,1.418249043426037,0.9575112715802568,1.0210666830423374
105,8,13,2026099886,0.45,0.5625,0.0,0.05,0.05,0.02,0.02,tie32_open18,1.012180376136796,1.0007578737905862,1.0047642442481164,0.9965650523209072,0,0,0,0,0,0.0,1.3317067161417042,0.9580646894873082,1.0218979010175597
105,8,14,2026099887,0.45,0.5625,0.0,0.05,0.05,0.02,0.02,tie32_open18,0.9901446238124283,0.9863155808660435,0.966575305234069,1.0078420715421161,0,0,0,0,0,0.0,1.2031735349874102,0.9595883785868191,1.0227881277549313
105,8,15,2026099888,0.45,0.5625,0.0,0.05,0.05,0.02,0.02,tie32_open18,1.0080837872398105,0.9944307447358635,1.0534911335568893,0.97219065092902,0,0,0,0,0,0.0,1.4303700858473565,0.9582238110318146,1.0192609692898669
105,8,16,2026099889,0.45,0.5625,0.0,0.05,0.05,0.02,0.02,tie32_open18,0.9909865141415787,0.9909643158786362,1.0090817983813762,1.0067980493405573,0,0,0,0,0,0.0,1.2923886432748182,0.9595073474646789,1.021350370288026
105,8,17,2026099890,0.45,0.5625,0.0,0.05,0.05,0.02,0.02,tie32_open18,0.9957178162082537,1.0055473906553172,0.9985917247882149,0.9808244635614423,0,0,0,0,0,0.0,1.2946423084041985,0.9585592525323051,1.0200712051687302
105,8,18,2026099891,0.45,0.5625,0.0,0.05,0.05,0.02,0.02,tie32_open18,0.9832216586887267,0.9848164146694895,0.9969111051023618,0.9669090275753205,0,0,0,0,0,0.0,1.227861556184637,0.9605765515907503,1.0200287307565719
105,8,19,2026099892,0.45,0.5625,0.0,0.05,0.05,0.02,0.02,tie32_open18,0.9896648885110529,1.0027186125193475,0.9973517723802101,1.0068722769335414,0,0,0,0,0,0.0,1.2242636960827422,0.9607429633944694,1.0218812012994494
105,9,0,2026100882,0.45,0.5625,0.0,0.05,0.05,0.02,0.02,tie32_open18,0.9951137398557041,1.0054977062676804,1.0152803040210792,1.0303059941554846,0,0,0,0,0,0.0,0.9269775152980851,0.9615360984249061,1.018387631515502
105,9,1,2026100883,0.45,0.5625,0.0,0.05,0.05,0.02,0.02,tie32_open18,0.9965236747614815,1.0033370242496518,1.0032368079835599,1.0128831045756255,0,0,0,0,0,0.0,0.9170684192993405,0.9610027034358535,1.0171113757361947
105,9,2,2026100884,0.45,0.5625,0.0,0.05,0.05,0.02,0.02,tie32_open18,1.0081968138389539,0.9962930128574033,1.00971722769342,0.9929984029588271,0,0,0,0,0,0.0,0.9262287913286351,0.9613528702681803,1.0167154526558624
105,9,3,2026100885,0.45,0.5625,0.0,0.05,0.05,0.02,0.02,tie32_open18,1.0023095840536136,0.9975666851817274,0.9889828395397714,1.031735871051913,0,0,0,0,0,0.0,0.881184839821857,0.9619461174991887,1.0192549549126722
105,9,4,2026100886,0.45,0.5625,0.0,0.05,0.05,0.02,0.02,tie32_open18,1.0022239543117857,0.9872320274652789,1.0128520270107462,0.9864196295308704,0,0,0,0,0,0.0,0.9420873732251382,0.9606443744495057,1.0155425191358625
105,9,5,2026100887,0.45,0.5625,0.0,0.05,0.05,0.02,0.02,tie32_open18,1.0087068741935699,1.007040086450337,0.9814713141524944,1.0259200689586427,0,0,0,0,0,0.0,0.8570320013023128,0.962072635353822,1.0200948150002322
105,9,6,2026100888,0.45,0.5625,0.0,0.05,0.05,0.02,0.02,tie32_open18,1.0077772369774176,1.013369742336873,0.9622550484925351,0.965614744480395,0,0,0,0,0,0.0,0.8588185163607972,0.9616236455019661,1.016311315905504
105,9,7,2026100889,0.45,0.5625,0.0,0.05,0.05,0.02,0.02,tie32_open18,1.0071305870471907,0.9896964994840545,1.0170289764979552,0.9901248444560968,0,0,0,0,0,0.0,0.943523785985055,0.9610942969030919,1.0163788629047903
105,9,8,2026100890,0.45,0.5625,0.0,0.05,0.05,0.02,0.02,tie32_open18,0.9949722177931177,0.9908246027770747,1.0091694706683487,1.0008706655563888,0,0,0,0,0,0.0,0.9023101239786733,0.9619845193889142,1.016183165336367
105,9,9,2026100891,0.45,0.5625,0.0,0.05,0.05,0.02,0.02,tie32_open18,1.0052732090517238,0.9931258984347837,1.0114838565759237,0.9789551839451943,0,0,0,0,0,0.0,0.9304819804396823,0.9606942961489819,1.0156570540982681
105,9,10,2026100892,0.45,0.5625,0.0,0.05,0.05,0.02,0.02,tie32_open18,0.9922409382392982,1.0132469280324465,1.014538681174148,1.0286129878646597,0,0,0,0,0,0.0,0.9163948916495728,0.9612256794253285,1.0184399315398724
105,9,11,2026100893,0.45,0.5625,0.0,0.05,0.05,0.02,0.02,tie32_open18,0.9882230758146875,1.002048004795431,1.0055459438403582,0.9842451815598151,0,0,0,0,0,0.0,0.8844077824697298,0.9625295337148332,1.015229177035029
105,9,12,2026100894,0.45,0.5625,0.0,0.05,0.05,0.02,0.02,tie32_open18,1.0139674434605233,1.0113045456183951,1.0112596377949241,0.9886164891114967,0,0,0,0,0,0.0,0.9283477116740892,0.9609635748893685,1.0161093926096683
105,9,13,2026100895,0.45,0.5625,0.0,0.05,0.05,0.02,0.02,tie32_open18,1.0007339517805067,1.0000749243598706,1.0338438381074049,1.0025523868168675,0,0,0,0,0,0.0,0.967167887178381,0.9610286796599447,1.0161080839548553
105,9,14,2026100896,0.45,0.5625,0.0,0.05,0.05,0.02,0.02,tie32_open18,1.0012277385348338,1.0053022869383983,1.0185342313207804,1.0128000453677628,0,0,0,0,0,0.0,0.9601480521136225,0.9606142218960372,1.0168439695492557
105,9,15,2026100897,0.45,0.5625,0.0,0.05,0.05,0.02,0.02,tie32_open18,1.0023378102809426,1.0055687578440413,1.022076543296618,0.9933319903636456,0,0,0,0,0,0.0,0.9599053278965642,0.9606772136582491,1.01575824221958
105,9,16,2026100898,0.45,0.5625,0.0,0.05,0.05,0.02,0.02,tie32_open18,0.9944657465014909,0.995997377081602,1.0086751710209692,1.00188251056079,0,0,0,0,0,0.0,0.9120589838217951,0.9613372079447068,1.0172833275637436
105,9,17,2026100899,0.45,0.5625,0.0,0.05,0.05,0.02,0.02,tie32_open18,1.005366159981962,0.9979319705236536,1.0206415303489862,0.9956494620954505,0,0,0,0,0,0.0,0.92460246037988,0.9616688755685359,1.0162898627972854
105,9,18,2026100900,0.45,0.5625,0.0,0.05,0.05,0.02,0.02,tie32_open18,1.0095088736293414,1.0030509525943239,0.9938075304503349,1.0307756885275825,0,0,0,0,0,0.0,0.8905655373165886,0.9616017460826012,1.0192927914548744
105,9,19,2026100901,0.45,0.5625,0.0,0.05,0.05,0.02,0.02,tie32_open18,0.996334359312604,1.002989802545237,1.0156220280068797,1.0326501569139532,0,0,0,0,0,0.0,0.9316003607206862,0.9607240665579708,1.0184981213208137
105,10,0,2026101891,0.45,0.5625,0.0,0.05,0.05,0.02,0.02,tie32_open18,1.0036874930067656,1.0165587868049262,0.9937942795865604,0.9831896938434771,0,0,0,0,0,0.0,0.8946897034762457,0.9606258641215204,1.0076512118714973
105,10,1,2026101892,0.45,0.5625,0.0,0.05,0.05,0.02,0.02,tie32_open18,0.9968824247612101,1.0005747856310359,0.9857362650313909,1.0101309248987336,0,0,0,0,0,0.0,0.8824183318181219,0.9602034267799654,1.0097575404077923
105,10,2,2026101893,0.45,0.5625,0.0,0.05,0.05,0.02,0.02,tie32_open18,1.0092971919638543,0.9892888817837193,0.9837016232404645,0.9912457908298418,0,0,0,0,0,0.0,0.8474879853185977,0.962246853452139,1.0092263349193453
105,10,3,2026101894,0.45,0.5625,0.0,0.05,0.05,0.02,0.02,tie32_open18,1.0213879278627496,0.9882905292730069,0.9976246860247886,0.9972812087157554,0,0,0,0,0,0.0,0.8804353579957656,0.9611066498251349,1.0092511428322473
105,10,4,2026101895,0.45,0.5625,0.0,0.05,0.05,0.02,0.02,tie32_open18,1.0032209255383162,0.9912249177119795,0.9881187724295448,1.005838281733129,0,0,0,0,0,0.0,0.8716661293326008,0.9613988820962079,1.0098942397132682
105,10,5,2026101896,0.45,0.5625,0.0,0.05,0.05,0.02,0.02,tie32_open18,1.009118215280733,0.9956995605595311,1.0223764700817182,1.0205541737229256,0,0,0,0,0,0.0,0.9419156152810209,0.9602297410311718,1.0088871580856635
105,10,6,2026101897,0.45,0.5625,0.0,0.05,0.05,0.02,0.02,tie32_open18,1.0123654931951682,0.9945201007425407,0.9930727842462665,1.007529522583662,0,0,0,0,0,0.0,0.8643921912965661,0.9613861032398912,1.0102285068886716
105,10,7,2026101898,0.45,0.5625,0.0,0.05,0.05,0.02,0.02,tie32_open18,0.9924159936572888,0.9957121158680854,1.0152858929400206,0.9887541008312171,0,0,0,0,0,0.0,0.8998498933014134,0.961731959792938,1.0080244642809502
105,10,8,2026101899,0.45,0.5625,0.0,0.05,0.05,0.02,0.02,tie32_open18,0.9998100343640801,0.9865026287916125,0.9951831356109709,0.9920706443334868,0,0,0,0,0,0.0,0.859280095700083,0.9616360100877053,1.0083377714494308
105,10,9,2026101900,0.45,0.5625,0.0,0.05,0.05,0.02,0.02,tie32_open18,0.990986987369025,1.0029820475193827,1.036353174469976,0.977504031735264,0,0,0,0,0,0.0,0.9470230938994593,0.9608943587286283,1.0063447282952198
105,10,10,2026101901,0.45,0.5625,0.0,0.05,0.05,0.02,0.02,tie32_open18,0.9931971107659004,1.0105024605323978,1.0163305989734068,0.9901989311046058,0,0,0,0,0,0.0,0.9035523163069962,0.9611330705890417,1.0082412809590704
105,10,11,2026101902,0.45,0.5625,0.0,0.05,0.05,0.02,0.02,tie32_open18,1.0008185949436128,0.995962822493346,0.985103522636588,1.0146255015195595,0,0,0,0,0,0.0,0.8544354762861013,0.9621608635225555,1.0094603507764042
105,10,12,2026101903,0.45,0.5625,0.0,0.05,0.05,0.02,0.02,tie32_open18,0.9972870315632084,1.0044040888436094,0.981017788743927,1.0226324821860968,0,0,0,0,0,0.0,0.8438259552865933,0.9616632004786251,1.0107001363065935
105,10,13,2026101904,0.45,0.5625,0.0,0.05,0.05,0.02,0.02,tie32_open18,0.999668215720791,0.9997211098955874,1.024502138245788,1.0076410190164333,0,0,0,0,0,0.0,0.9191764625656895,0.9610914031679659,1.0085374462899879
105,10,14,2026101905,0.45,0.5625,0.0,0.05,0.05,0.02,0.02,tie32_open18,1.0076328050123495,0.9986513877293494,1.0025484656805965,1.0119398750554305,0,0,0,0,0,0.0,0.8789302739390186,0.9615013259095473,1.0093073484893162
105,10,15,2026101906,0.45,0.5625,0.0,0.05,0.05,0.02,0.02,tie32_open18,1.0079364634598706,0.9974960640880555,1.0082387902562762,1.0221242693756283,0,0,0,0,0,0.0,0.892848073396604,0.9609949461055256,1.0101248691748759
105,10,16,2026101907,0.45,0.5625,0.0,0.05,0.05,0.02,0.02,tie32_open18,0.9926456533937443,0.9926448930281764,0.9903252979893947,0.9890571793463732,0,0,0,0,0,0.0,0.8435523370072526,0.9621530879753689,1.0086641524145799
105,10,17,2026101908,0.45,0.5625,0.0,0.05,0.05,0.02,0.02,tie32_open18,1.0048002059510952,1.0098331676099648,1.0164354783985845,0.9769248877685394,0,0,0,0,0,0.0,0.9093400220240085,0.9610344249490798,1.0072098695611664
105,10,18,2026101909,0.45,0.5625,0.0,0.05,0.05,0.02,0.02,tie32_open18,0.985993789554908,0.9967741483161818,1.0062850534838186,1.0079141579422646,0,0,0,0,0,0.0,0.869663272875455,0.9617039450703785,1.0089018584771574
105,10,19,2026101910,0.45,0.5625,0.0,0.05,0.05,0.02,0.02,tie32_open18,0.9959066327469233,0.9999740761017479,1.0081539914880693,0.9194117588306847,0,0,0,0,0,0.0,0.8915650609296504,0.961342113583601,1.0047400477513246
105,11,0,2026102900,0.45,0.5625,0.0,0.05,0.05,0.02,0.02,tie32_open18,0.9861703137935893,1.022529421164886,1.0378252675802555,1.0454509345590592,0,0,0,0,0,0.0,1.4710431933343076,0.9561673841795143,1.0281937925007323
105,11,1,2026102901,0.45,0.5625,0.0,0.05,0.05,0.02,0.02,tie32_open18,0.9898694391694599,1.0109142083859755,0.9526871332153954,0.9659681637143575,0,0,0,0,0,0.0,1.2018355829361858,0.9604210759527617,1.0256765276349677
105,11,2,2026102902,0.45,0.5625,0.0,0.05,0.05,0.02,0.02,tie32_open18,1.0101351785392927,0.9972275809123019,0.9775517963137196,0.9760317318863069,0,0,0,0,0,0.0,1.3116119110169422,0.9574606809972547,1.0266222874335125
105,11,3,2026102903,0.45,0.5625,0.0,0.05,0.05,0.02,0.02,tie32_open18,0.9931488423536087,1.0028918028146334,0.9719835305084952,1.0076150537958752,0,0,0,0,0,0.0,1.244574989401522,0.9603944321802474,1.0275276374529492
105,11,4,2026102904,0.45,0.5625,0.0,0.05,0.05,0.02,0.02,tie32_open18,0.9901619326941344,0.9986013922036652,1.0171070279726175,1.0373463006172363,0,0,0,0,0,0.0,1.3850887138590606,0.9583442926159417,1.0281545725622434
105,11,5,2026102905,0.45,0.5625,0.0,0.05,0.05,0.02,0.02,tie32_open18,1.0011170165912446,1.0042903109375547,1.0010510082761936,1.0211985707793034,0,0,0,0,0,0.0,1.3615663236312625,0.9585994689925228,1.028881287378586
105,11,6,2026102906,0.45,0.5625,0.0,0.05,0.05,0.02,0.02,tie32_open18,0.9968035949597785,1.0047695107566856,0.9765645412674685,0.9995788250502708,0,0,0,0,0,0.0,1.2827638800461205,0.9592819409074969,1.0267258546848288
105,11,7,2026102907,0.45,0.5625,0.0,0.05,0.05,0.02,0.02,tie32_open18,0.9973947561769965,1.005457166114983,0.99957376239012,1.0033164232530634,0,0,0,0,0,0.0,1.3441614472320067,0.9580793768179132,1.0255670467873976
105,11,8,2026102908,0.45,0.5625,0.0,0.05,0.05,0.02,0.02,tie32_open18,1.0092818310448093,1.0048369819421736,0.9906020822173213,1.042660189455438,0,0,0,0,0,0.0,1.3893354714054078,0.956359815693049,1.0298877488660028
105,11,9,2026102909,0.45,0.5625,0.0,0.05,0.05,0.02,0.02,tie32_open18,0.9957760609908493,0.9943463875908489,1.0098040240571784,1.0160661435027842,0,0,0,0,0,0.0,1.383914780949792,0.9576699770532302,1.0272189822822126
105,11,10,2026102910,0.45,0.5625,0.0,0.05,0.05,0.02,0.02,tie32_open18,0.989025887109354,1.014920106685028,0.9910400780764618,0.9772441994095225,0,0,0,0,0,0.0,1.3554969696465693,0.9571447342644388,1.0241886108371965
105,11,11,2026102911,0.45,0.5625,0.0,0.05,0.05,0.02,0.02,tie32_open18,1.003169015877149,0.9832858385655241,1.0031392824971597,1.0213310214299307,0,0,0,0,0,0.0,1.366114190911886,0.9584325817070244,1.0282887585884557
105,11,12,2026102912,0.45,0.5625,0.0,0.05,0.05,0.02,0.02,tie32_open18,0.9939316641873707,0.9926691191379702,0.9753475817034187,0.9786739290867499,0,0,0,0,0,0.0,1.2733103781940351,0.9593834702398449,1.0257086883579734
105,11,13,2026102913,0.45,0.5625,0.0,0.05,0.05,0.02,0.02,tie32_open18,1.0087433098047103,1.0060138596251706,1.0064108021174503,1.0210740223723553,0,0,0,0,0,0.0,1.3846528280108312,0.9578203685790911,1.027390520188533
105,11,14,2026102914,0.45,0.5625,0.0,0.05,0.05,0.02,0.02,tie32_open18,0.9904375723546179,0.9981471337965775,1.0001772644547289,0.989046963892657,0,0,0,0,0,0.0,1.3288391411591576,0.9588168040989127,1.025588835562086
105,11,15,2026102915,0.45,0.5625,0.0,0.05,0.05,0.02,0.02,tie32_open18,0.9908305286438569,0.9722499755045235,0.9729566488029917,0.9770315267789885,0,0,0,0,0,0.0,1.2601333516338424,0.9599229066968704,1.025684323313424
105,11,16,2026102916,0.45,0.5625,0.0,0.05,0.05,0.02,0.02,tie32_open18,0.985794185527222,1.0005470583903981,1.009352851318997,1.0025703025550405,0,0,0,0,0,0.0,1.3609844219363372,0.9582231536804952,1.025955316909032
105,11,17,2026102917,0.45,0.5625,0.0,0.05,0.05,0.02,0.02,tie32_open18,0.9999916210496511,0.9970184210528328,1.015121574840229,1.0216594534661352,0,0,0,0,0,0.0,1.4384893562437044,0.9561728247485644,1.0271022934496203
105,11,18,2026102918,0.45,0.5625,0.0,0.05,0.05,0.02,0.02,tie32_open18,0.9910575300733253,0.9907318177845825,1.0258602423719985,1.0229239243557529,0,0,0,0,0,0.0,1.4318939411798708,0.9567032132982964,1.0266477021113927
105,11,19,2026102919,0.45,0.5625,0.0,0.05,0.05,0.02,0.02,tie32_open18,1.0129991119835056,1.0007486405622252,1.0422268500995955,0.9731873701622961,0,0,0,0,0,0.0,1.5015456116964174,0.9559886553646648,1.0239025023517827
105,12,0,2026103909,0.45,0.5625,0.0,0.05,0.05,0.02,0.02,tie32_open18,1.0015091002932912,0.987116391857261,1.0352262265107408,1.0006264237141704,0,0,0,0,0,0.0,1.832406759701639,0.9534135870338912,1.0
105,12,1,2026103910,0.45,0.5625,0.0,0.05,0.05,0.02,0.02,tie32_open18,1.009401046112759,0.9948791614489815,1.0038007738176995,0.9823373283855185,0,0,0,0,0,0.0,1.7464717023964687,0.9537527157171386,1.0
105,12,2,2026103911,0.45,0.5625,0.0,0.05,0.05,0.02,0.02,tie32_open18,0.9983624400332007,1.0065580436180392,1.0053909564874373,1.0005936662847184,0,0,0,0,0,0.0,1.7448784649579288,0.954111320447117,1.0
105,12,3,2026103912,0.45,0.5625,0.0,0.05,0.05,0.02,0.02,tie32_open18,1.0019690270632418,0.9917064451654158,0.9987311354424233,1.012641119485289,0,0,0,0,0,0.0,1.7321051183807878,0.953535224866928,1.0
105,12,4,2026103913,0.45,0.5625,0.0,0.05,0.05,0.02,0.02,tie32_open18,1.005655020131946,0.9984531770445926,1.011516069481007,1.0125882399974966,0,0,0,0,0,0.0,1.7237943086501188,0.9549751503388199,1.0000554328349431
105,12,5,2026103914,0.45,0.5625,0.0,0.05,0.05,0.02,0.02,tie32_open18,0.9915024353800874,0.9898018133737938,0.9796075507509142,0.9927744743700527,0,0,0,0,0,0.0,1.6570191751085432,0.9541578937097456,1.0
105,12,6,2026103915,0.45,0.5625,0.0,0.05,0.05,0.02,0.02,tie32_open18,0.9963304617492867,0.9986304674124018,0.9674668245969863,1.022851676511764,0,0,0,0,0,0.0,1.5437530236025603,0.9558367121926458,1.000512633303288
105,12,7,2026103916,0.45,0.5625,0.0,0.05,0.05,0.02,0.02,tie32_open18,1.0011482327295185,1.022785794506023,0.9933611768450469,1.0196994035207152,0,0,0,0,0,0.0,1.7028285332308515,0.954163470661321,1.0002192849759894
105,12,8,2026103917,0.45,0.5625,0.0,0.05,0.05,0.02,0.02,tie32_open18,1.00883522798818,0.9977478922572987,1.01851295943767,0.9692266627659506,0,0,0,0,0,0.0,1.7954799033161275,0.9539481671278071,1.0
105,12,9,2026103918,0.45,0.5625,0.0,0.05,0.05,0.02,0.02,tie32_open18,1.0049539307319801,1.0115870204146735,0.9853351948646991,0.971531759431363,0,0,0,0,0,0.0,1.634556985414603,0.9553855003715233,1.0
105,12,10,2026103919,0.45,0.5625,0.0,0.05,0.05,0.02,0.02,tie32_open18,1.0085412010167532,0.996313138372247,1.0102650078522435,0.9851139217135654,0,0,0,0,0,0.0,1.797803615864958,0.9528938239695892,1.0
105,12,11,2026103920,0.45,0.5625,0.0,0.05,0.05,0.02,0.02,tie32_open18,1.0115213158071914,1.0026560669478757,0.9807302379798313,0.9674510765886002,0,0,0,0,0,0.0,1.6653045459746008,0.9547526442531088,1.0
105,12,12,2026103921,0.45,0.5625,0.0,0.05,0.05,0.02,0.02,tie32_open18,0.995572311961477,0.9936891628477421,0.9771618052300654,0.9750259604137812,0,0,0,0,0,0.0,1.6203154693368553,0.95517474017216,1.0
105,12,13,2026103922,0.45,0.5625,0.0,0.05,0.05,0.02,0.02,tie32_open18,0.9824083871341737,1.010980735990985,0.9888906037786153,1.0216275827139787,0,0,0,0,0,0.0,1.6157118780288993,0.9558802896469809,1.0005544587746635
105,12,14,2026103923,0.45,0.5625,0.0,0.05,0.05,0.02,0.02,tie32_open18,0.9973205443288445,1.0118988650566785,0.9805427911601955,0.9986874279431608,0,0,0,0,0,0.0,1.6174428383546935,0.9552029701278474,1.0
105,12,15,2026103924,0.45,0.5625,0.0,0.05,0.05,0.02,0.02,tie32_open18,1.0004960292366307,0.9987413665466881,1.0276397025944808,1.0339340164279611,0,0,0,0,0,0.0,1.892707181584584,0.9512259896403593,1.0
105,12,16,2026103925,0.45,0.5625,0.0,0.05,0.05,0.02,0.02,tie32_open18,1.0049241607736876,1.0103151771133643,0.9659072301429145,0.9918697680475949,0,0,0,0,0,0.0,1.6273490686783352,0.9538762065010308,1.0
105,12,17,2026103926,0.45,0.5625,0.0,0.05,0.05,0.02,0.02,tie32_open18,0.9894099202758553,0.9851852165107976,0.9964049789639358,1.0049170435433816,0,0,0,0,0,0.0,1.6735759603426152,0.9547978794605594,1.0
105,12,18,2026103927,0.45,0.5625,0.0,0.05,0.05,0.02,0.02,tie32_open18,1.0034425069383945,0.9932278747047739,0.9805648928696454,0.9943819741186772,0,0,0,0,0,0.0,1.6907504854740645,0.9531434539081466,1.0
105,12,19,2026103928,0.45,0.5625,0.0,0.05,0.05,0.02,0.02,tie32_open18,0.9983988075787128,0.9908037131769437,0.9669841889813563,1.0044437518774676,0,0,0,0,0,0.0,1.546065808991362,0.9562746779072002,1.000554523740286
105,13,0,2026104918,0.45,0.5625,0.0,0.05,0.05,0.02,0.02,tie32_open18,1.0092561305003616,1.0024766320951417,0.9844365367379516,0.9498595867487302,0,0,0,0,0,0.0,2.026716127529911,0.9514777803387775,1.0
105,13,1,2026104919,0.45,0.5625,0.0,0.05,0.05,0.02,0.02,tie32_open18,0.9986017809614962,1.0118818071614941,1.0196950586143807,0.9793763844813193,0,0,0,0,0,0.0,2.1381341773027365,0.9521024688335089,1.0
105,13,2,2026104920,0.45,0.5625,0.0,0.05,0.05,0.02,0.02,tie32_open18,0.9871300271474742,0.9953110537763463,0.9772885312073059,0.9888037932365691,0,0,0,0,0,0.0,1.926180689362706,0.9528714313581903,1.0
105,13,3,2026104921,0.45,0.5625,0.0,0.05,0.05,0.02,0.02,tie32_open18,0.9933832305322775,0.9994932183138253,1.006820058173424,1.011012531073591,0,0,0,0,0,0.0,2.091773823558906,0.9517860157309844,1.0
105,13,4,2026104922,0.45,0.5625,0.0,0.05,0.05,0.02,0.02,tie32_open18,1.0159469321371204,0.9914128944107417,1.0052407856402585,1.0180848158973628,0,0,0,0,0,0.0,2.147674268029536,0.9501295507494345,1.0
105,13,5,2026104923,0.45,0.5625,0.0,0.05,0.05,0.02,0.02,tie32_open18,0.9828115089676625,1.0016659495542481,0.9572828723180768,0.955940354990925,0,0,0,0,0,0.0,1.8199310835508187,0.9544103584401236,1.0
105,13,6,2026104924,0.45,0.5625,0.0,0.05,0.05,0.02,0.02,tie32_open18,1.0007571728600169,1.0069842768847586,0.9811904251625733,0.9960510426065968,0,0,0,0,0,0.0,1.964451015324982,0.9528535803153422,1.0
105,13,7,2026104925,0.45,0.5625,0.0,0.05,0.05,0.02,0.02,tie32_open18,0.9979776152678003,0.9887658141872875,0.9844898616110233,0.9899550667620596,0,0,0,0,0,0.0,1.9760590263920847,0.9523263170918882,1.0
105,13,8,2026104926,0.45,0.5625,0.0,0.05,0.05,0.02,0.02,tie32_open18,1.003954691919784,1.0016775200238477,0.9843336995849785,1.016478009795546,0,0,0,0,0,0.0,1.94220287965923,0.9531539240791663,1.0
105,13,9,2026104927,0.45,0.5625,0.0,0.05,0.05,0.02,0.02,tie32_open18,0.9987135594451306,0.9974298593850035,0.9791186096500738,1.0140969891855367,0,0,0,0,0,0.0,1.939316571507598,0.9527712432656124,1.0
105,13,10,2026104928,0.45,0.5625,0.0,0.05,0.05,0.02,0.02,tie32_open18,1.0031921242052257,0.9908986930864743,1.0080643360509107,0.9894953815370635,0,0,0,0,0,0.0,2.0442485674410324,0.9523743043312684,1.0
105,13,11,2026104929,0.45,0.5625,0.0,0.05,0.05,0.02,0.02,tie32_open18,0.987804293013151,0.9993963834979225,1.0095120053614641,0.9915100753586426,0,0,0,0,0,0.0,2.080879450407754,0.9519208458384234,1.0
105,13,12,2026104930,0.45,0.5625,0.0,0.05,0.05,0.02,0.02,tie32_open18,1.0054984641472817,0.9988268779175529,1.0230329016377198,0.9987903273801735,0,0,0,0,0,0.0,2.1378073833443185,0.9518735472659342,1.0
105,13,13,2026104931,0.45,0.5625,0.0,0.05,0.05,0.02,0.02,tie32_open18,1.0189384408753395,0.9896278833137918,0.9925849881018276,0.9737936676594517,0,0,0,0,0,0.0,1.99905173431602,0.9533271466508746,1.0
105,13,14,2026104932,0.45,0.5625,0.0,0.05,0.05,0.02,0.02,tie32_open18,0.9858790117930717,0.9959704510691075,0.966747253190573,1.0213039484059911,0,0,0,0,0,0.0,1.8012602610733044,0.9543714501425782,1.0
105,13,15,2026104933,0.45,0.5625,0.0,0.05,0.05,0.02,0.02,tie32_open18,0.9899776860904163,0.9998823354608715,1.017215342267307,1.0346069452685898,0,0,0,0,0,0.0,2.0710075270914867,0.9518787417226038,1.0
105,13,16,2026104934,0.45,0.5625,0.0,0.05,0.05,0.02,0.02,tie32_open18,0.9883321526630457,1.0072852518216695,0.9806765970146673,0.9957094991199802,0,0,0,0,0,0.0,1.8858099248955245,0.9545935065695546,1.0
105,13,17,2026104935,0.45,0.5625,0.0,0.05,0.05,0.02,0.02,tie32_open18,0.9928915158402053,0.9942331738152521,0.9815575793321598,0.9804878649091593,0,0,0,0,0,0.0,1.931553347154316,0.9536573878675397,1.0
105,13,18,2026104936,0.45,0.5625,0.0,0.05,0.05,0.02,0.02,tie32_open18,0.9937621629376571,1.0086837586012496,0.9794112481868162,1.0114498312826035,0,0,0,0,0,0.0,1.8484342748565443,0.9549936090530282,1.0
105,13,19,2026104937,0.45,0.5625,0.0,0.05,0.05,0.02,0.02,tie32_open18,0.9912129349269073,1.003803638975209,1.0378844064841573,0.9873483747882079,0,0,0,0,0,0.0,2.1821830443973362,0.9521661566171772,1.0
105,14,0,2026105927,0.45,0.5625,0.0,0.05,0.05,0.02,0.02,tie32_open18,0.9971314426023502,1.005634825195728,1.0127976303774804,1.021687907894727,0,0,0,0,0,0.0,1.9807368371377925,0.9515836070168121,1.0
105,14,1,2026105928,0.45,0.5625,0.0,0.05,0.05,0.02,0.02,tie32_open18,1.0041681870548114,0.983559629405924,1.0245430577346686,1.0136391873159358,0,0,0,0,0,0.0,2.032091851762392,0.9516832557906321,1.0
105,14,2,2026105929,0.45,0.5625,0.0,0.05,0.05,0.02,0.02,tie32_open18,0.9918896175949499,0.9926583812138474,0.9816599049699014,0.9920419247186062,0,0,0,0,0,0.0,1.8652691178787895,0.9519591276809106,1.0
105,14,3,2026105930,0.45,0.5625,0.0,0.05,0.05,0.02,0.02,tie32_open18,0.9890676081208941,0.997841661365122,1.0081473766695617,1.0099321823323015,0,0,0,0,0,0.0,1.9510316336747222,0.9526625143203892,1.0
105,14,4,2026105931,0.45,0.5625,0.0,0.05,0.05,0.02,0.02,tie32_open18,0.9978370600362364,0.9996204220546514,1.0516817983836204,0.9873763203941407,1,2,0,0,0,0.0,2.2222218027851017,0.9493926772955931,1.0
105,14,5,2026105932,0.45,0.5625,0.0,0.05,0.05,0.02,0.02,tie32_open18,0.991969764722641,1.006333880016042,1.0435705547193348,1.0026180752174194,1,2,0,0,0,0.0,2.176722247281156,0.9498199121738697,1.0
105,14,6,2026105933,0.45,0.5625,0.0,0.05,0.05,0.02,0.02,tie32_open18,0.9919588807101155,1.0066021955544637,0.9667435617958156,0.9836345814000325,0,0,0,0,0,0.0,1.8068713028482317,0.9526225937846554,1.0
105,14,7,2026105934,0.45,0.5625,0.0,0.05,0.05,0.02,0.02,tie32_open18,1.0056580425652653,0.9978627746852317,0.9723761235857453,0.9920703346983135,0,0,0,0,0,0.0,1.7980225427935128,0.9530232704070156,1.0
105,14,8,2026105935,0.45,0.5625,0.0,0.05,0.05,0.02,0.02,tie32_open18,0.9840427967445852,0.9985778849331655,1.0015724383891904,0.9774375146927314,0,0,0,0,0,0.0,1.8754595079241745,0.9536969786011887,1.0
105,14,9,2026105936,0.45,0.5625,0.0,0.05,0.05,0.02,0.02,tie32_open18,1.0075992361968353,1.002159531829418,1.0194153692328893,1.0218065358127335,0,0,0,0,0,0.0,2.0422445194847976,0.9508102058587237,1.0
105,14,10,2026105937,0.45,0.5625,0.0,0.05,0.05,0.02,0.02,tie32_open18,0.9948362172431185,1.005456359020723,1.0172113961748606,1.0109905165619097,0,0,0,0,0,0.0,2.008428585495992,0.951618859979145,1.0
105,14,11,2026105938,0.45,0.5625,0.0,0.05,0.05,0.02,0.02,tie32_open18,1.0052202776916186,1.0031387925709634,0.9804130295747409,1.0022044592453734,0,0,0,0,0,0.0,1.8464004179637215,0.9525907884758218,1.0
105,14,12,2026105939,0.45,0.5625,0.0,0.05,0.05,0.02,0.02,tie32_open18,0.9841753658927995,0.9901132462088182,1.0059339520432737,1.0095744717097983,0,0,0,0,0,0.0,1.9800768321424398,0.9515028255772706,1.0
105,14,13,2026105940,0.45,0.5625,0.0,0.05,0.05,0.02,0.02,tie32_open18,1.0036167173261228,0.9910943799662727,1.0230586062332931,1.030040014299418,0,0,0,0,0,0.0,2.017225278466796,0.95142531763868,1.0
105,14,14,2026105941,0.45,0.5625,0.0,0.05,0.05,0.02,0.02,tie32_open18,1.001437019630897,0.9879355776373784,1.0319689939452215,1.0156842616694106,0,0,0,0,0,0.0,2.091955002796343,0.950878518453048,1.0
105,14,15,2026105942,0.45,0.5625,0.0,0.05,0.05,0.02,0.02,tie32_open18,1.0007728356153371,0.9810052434102522,0.9990791996176861,1.019032426947101,0,0,0,0,0,0.0,1.9060357450210488,0.9521309415211507,1.0
105,14,16,2026105943,0.45,0.5625,0.0,0.05,0.05,0.02,0.02,tie32_open18,0.9925811990372001,0.9960168757034058,1.0126734292735355,0.9777915171253682,0,0,0,0,0,0.0,1.9751090095786192,0.9522183008207866,1.0
105,14,17,2026105944,0.45,0.5625,0.0,0.05,0.05,0.02,0.02,tie32_open18,0.98746976061689,1.0097662678346004,0.9767680816700136,1.0341466705840352,0,0,0,0,0,0.0,1.777046862545487,0.9533232874156935,1.0007442158225055
105,14,18,2026105945,0.45,0.5625,0.0,0.05,0.05,0.02,0.02,tie32_open18,0.9989175098798853,0.9897442623932267,1.0145140681813916,1.0250667268191305,0,0,0,0,0,0.0,2.0085289155130712,0.9507610661896075,1.0
105,14,19,2026105946,0.45,0.5625,0.0,0.05,0.05,0.02,0.02,tie32_open18,0.9942133231453227,1.0043289619626088,0.9989541830930038,1.014897892164882,0,0,0,0,0,0.0,1.8889827833887394,0.9532854434838172,1.0
105,15,0,2026106936,0.45,0.5625,0.0,0.05,0.05,0.02,0.02,tie32_open18,1.000867472423476,1.0047416661422568,1.0026426602311425,0.9736890091949163,0,0,0,0,0,0.0,2.41935871245731,0.9503553671286395,1.0
105,15,1,2026106937,0.45,0.5625,0.0,0.05,0.05,0.02,0.02,tie32_open18,0.9903433689841744,0.9971953037169182,0.9823672746364936,0.996300040477043,0,0,0,0,0,0.0,2.264289825115278,0.9517871981893937,1.0
105,15,2,2026106938,0.45,0.5625,0.0,0.05,0.05,0.02,0.02,tie32_open18,1.0004987173136513,0.9978265596364762,0.9967098462123576,0.9953169503541011,0,0,0,0,0,0.0,2.3909712286440756,0.9513901054394717,1.0
105,15,3,2026106939,0.45,0.5625,0.0,0.05,0.05,0.02,0.02,tie32_open18,1.0005194167055882,1.004304566811782,1.0436610269051372,0.9953772561320374,0,0,0,0,0,0.0,2.577357716700664,0.9506295892967527,1.0
105,15,4,2026106940,0.45,0.5625,0.0,0.05,0.05,0.02,0.02,tie32_open18,1.00120385997749,1.0041092682142065,1.0164512706986977,1.0102806836870601,0,0,0,0,0,0.0,2.464748189901766,0.9505703035300027,1.0
105,15,5,2026106941,0.45,0.5625,0.0,0.05,0.05,0.02,0.02,tie32_open18,0.9876840723640167,1.0033139678307004,0.9867576417814867,1.0341293429939635,0,0,0,0,0,0.0,2.333017358306712,0.9507006439001794,1.0
105,15,6,2026106942,0.45,0.5625,0.0,0.05,0.05,0.02,0.02,tie32_open18,0.9941429619484191,0.9988172066518315,1.024264808955971,0.990243967080462,0,0,0,0,0,0.0,2.4865536698891515,0.9501249501573208,1.0
105,15,7,2026106943,0.45,0.5625,0.0,0.05,0.05,0.02,0.02,tie32_open18,0.9996568702778826,0.995773397572136,1.0483259557537918,1.0449921096921053,1,14,0,0,0,0.0,2.7189083917963006,0.9481161161409863,1.0
105,15,8,2026106944,0.45,0.5625,0.0,0.05,0.05,0.02,0.02,tie32_open18,1.0041100875920281,0.9984757927209913,1.0296409456320557,0.9780143780746986,1,3,0,0,0,0.0,2.5891836715524623,0.9493795401174681,1.0
105,15,9,2026106945,0.45,0.5625,0.0,0.05,0.05,0.02,0.02,tie32_open18,0.9862605644471554,1.0073121443887618,0.9783844275588697,1.0148049772084855,0,0,0,0,0,0.0,2.197076161650571,0.9525668710758229,1.0
105,15,10,2026106946,0.45,0.5625,0.0,0.05,0.05,0.02,0.02,tie32_open18,0.9939681132623784,1.0150949652470587,1.0012158805116085,0.9921722843734158,0,0,0,0,0,0.0,2.361481023113673,0.9515843542955508,1.0
105,15,11,2026106947,0.45,0.5625,0.0,0.05,0.05,0.02,0.02,tie32_open18,0.9770678204083836,1.0084355580070474,1.0464009608571667,0.9547168162403636,1,2,0,0,0,0.0,2.6625477605907024,0.9494138180293379,1.0
105,15,12,2026106948,0.45,0.5625,0.0,0.05,0.05,0.02,0.02,tie32_open18,1.0017674532091896,0.9938683390121839,1.0316247952133188,0.972290476966328,1,2,0,0,0,0.0,2.5847835627947653,0.9495083035801201,1.0
105,15,13,2026106949,0.45,0.5625,0.0,0.05,0.05,0.02,0.02,tie32_open18,0.9930706992159549,1.003466922244146,1.003451628256251,1.0312850634980462,0,0,0,0,0,0.0,2.311436387019565,0.9524385102600937,1.0
105,15,14,2026106950,0.45,0.5625,0.0,0.05,0.05,0.02,0.02,tie32_open18,1.0050365852018859,0.9990797435566984,0.980729487838452,1.0441154824074044,0,0,0,0,0,0.0,2.2482446622823287,0.9519363512017455,1.0
105,15,15,2026106951,0.45,0.5625,0.0,0.05,0.05,0.02,0.02,tie32_open18,1.004359305258192,0.9958254973288094,0.9984590756532717,1.0233808640283701,0,0,0,0,0,0.0,2.3861941841400163,0.9512532066088393,1.0
105,15,16,2026106952,0.45,0.5625,0.0,0.05,0.05,0.02,0.02,tie32_open18,0.9977393474533277,1.0043783322316255,1.0077852968868173,0.9803007189233075,0,0,0,0,0,0.0,2.382948866006909,0.9518555903247775,1.0
105,15,17,2026106953,0.45,0.5625,0.0,0.05,0.05,0.02,0.02,tie32_open18,0.9945892042171359,0.9940223399412725,1.0306275311059887,0.9527977363239762,0,0,0,0,0,0.0,2.537251640378539,0.9514159197088605,1.0
105,15,18,2026106954,0.45,0.5625,0.0,0.05,0.05,0.02,0.02,tie32_open18,1.008273190752821,1.011408453616387,0.9740297060244414,0.996508432826756,0,0,0,0,0,0.0,2.1950580868115703,0.9525898943367259,1.0
105,15,19,2026106955,0.45,0.5625,0.0,0.05,0.05,0.02,0.02,tie32_open18,1.0228031631915797,0.9899370878470629,0.9882252400577728,1.0177215323249877,0,0,0,0,0,0.0,2.351416218337493,0.950437346605386,1.0
105,16,0,2026107945,0.45,0.5625,0.0,0.05,0.05,0.02,0.02,tie32_open18,1.0000548974820556,0.999462266244173,0.9956607524757977,1.0131330612992422,0,0,0,0,0,0.0,1.7547391263265582,0.9560542660553811,1.0
105,16,1,2026107946,0.45,0.5625,0.0,0.05,0.05,0.02,0.02,tie32_open18,0.9868532672761379,1.0140797617443418,0.9845539157275675,1.0170591065933348,0,0,0,0,0,0.0,1.6745913135374082,0.9572111421949806,1.0
105,16,2,2026107947,0.45,0.5625,0.0,0.05,0.05,0.02,0.02,tie32_open18,0.9925797983121959,0.9997501041935106,0.9894577118446022,1.0237274176370104,0,0,0,0,0,0.0,1.6936271174809145,0.9567921848200538,1.0
105,16,3,2026107948,0.45,0.5625,0.0,0.05,0.05,0.02,0.02,tie32_open18,0.9985399569392828,0.9979849642140498,1.0123306958239007,1.001715841597753,0,0,0,0,0,0.0,1.8058752697708613,0.9566432784861054,1.0
105,16,4,2026107949,0.45,0.5625,0.0,0.05,0.05,0.02,0.02,tie32_open18,1.0097863995215839,0.9952911204441961,0.9837400377809967,1.053674017013254,0,0,0,0,0,0.0,1.696773372016672,0.9562706588375857,1.0
105,16,5,2026107950,0.45,0.5625,0.0,0.05,0.05,0.02,0.02,tie32_open18,0.9838347352247904,0.9986691308609732,0.9840760291395652,1.0249658153948458,0,0,0,0,0,0.0,1.6345771682234105,0.9575944941748442,1.0
105,16,6,2026107951,0.45,0.5625,0.0,0.05,0.05,0.02,0.02,tie32_open18,0.9938534377810444,1.008098445689802,1.001963854145048,1.0302955016406479,0,0,0,0,0,0.0,1.768441955564548,0.9558699135622919,1.0
105,16,7,2026107952,0.45,0.5625,0.0,0.05,0.05,0.02,0.02,tie32_open18,0.9911261980356489,1.0105877080453676,0.9840260132871484,1.0223918020032932,0,0,0,0,0,0.0,1.7262725772837475,0.9559688354100307,1.0
105,16,8,2026107953,0.45,0.5625,0.0,0.05,0.05,0.02,0.02,tie32_open18,0.9896545067945429,0.992200824555121,0.9832432630390839,1.0370232578001322,0,0,0,0,0,0.0,1.6003139528096038,0.958995221320041,1.0
105,16,9,2026107954,0.45,0.5625,0.0,0.05,0.05,0.02,0.02,tie32_open18,1.0051709685744545,1.0091182323844063,1.0146844431931605,1.005641064017804,0,0,0,0,0,0.0,1.8619480391367669,0.9551617763610126,1.0
105,16,10,2026107955,0.45,0.5625,0.0,0.05,0.05,0.02,0.02,tie32_open18,0.9917075658574546,1.0093056473784863,1.0151054736873912,0.9947086130873598,0,0,0,0,0,0.0,1.7623865998627226,0.9569524558940304,1.0
105,16,11,2026107956,0.45,0.5625,0.0,0.05,0.05,0.02,0.02,tie32_open18,1.0005416471180846,1.0054217431268158,0.9741798952568408,0.9828846956237377,0,0,0,0,0,0.0,1.621132314310103,0.9581616454255166,1.0
105,16,12,2026107957,0.45,0.5625,0.0,0.05,0.05,0.02,0.02,tie32_open18,1.00630783318672,0.9991015736384565,1.004684846916764,1.001265235841931,0,0,0,0,0,0.0,1.7818071224626635,0.9563013557927641,1.0
105,16,13,2026107958,0.45,0.5625,0.0,0.05,0.05,0.02,0.02,tie32_open18,1.0052944063727758,1.0140441125804505,1.0016385616180687,1.0216632205757876,0,0,0,0,0,0.0,1.8428525062703243,0.9548248542395784,1.0
105,16,14,2026107959,0.45,0.5625,0.0,0.05,0.05,0.02,0.02,tie32_open18,0.991285482199602,1.0104611008212827,1.0075941885157387,1.005228507211017,0,0,0,0,0,0.0,1.7380480110855836,0.9573145901364877,1.0
105,16,15,2026107960,0.45,0.5625,0.0,0.05,0.05,0.02,0.02,tie32_open18,0.9931937240259483,1.0023789976668898,1.0310131425382827,0.9993788002616658,0,0,0,0,0,0.0,1.8810783066643226,0.9559816776301949,1.0
105,16,16,2026107961,0.45,0.5625,0.0,0.05,0.05,0.02,0.02,tie32_open18,1.006615272314145,0.992597582854883,0.9819631492498948,0.9713054541887735,0,0,0,0,0,0.0,1.760725316854295,0.9559046833811466,1.0
105,16,17,2026107962,0.45,0.5625,0.0,0.05,0.05,0.02,0.02,tie32_open18,0.9926305102435219,1.0012958678037525,0.9984382508795812,0.975122273848426,0,0,0,0,0,0.0,1.722600538155517,0.9567345363271853,1.0
105,16,18,2026107963,0.45,0.5625,0.0,0.05,0.05,0.02,0.02,tie32_open18,0.9968743964833324,0.9838322060261456,0.9954438477399008,0.9854047573148664,0,0,0,0,0,0.0,1.7452985720824084,0.9565918217049604,1.0
105,16,19,2026107964,0.45,0.5625,0.0,0.05,0.05,0.02,0.02,tie32_open18,1.0173616110629116,0.9938178801101403,1.0067263225193372,0.9898848188366831,0,0,0,0,0,0.0,1.771235865585541,0.9568014004378801,1.0
267,0,0,2026091801,0.9,1.5,0.5,0.05,0.05,0.02,0.02,tie32_open18,0.9944983796109041,1.0181997350459902,1.0006832773490344,0.9770020934144493,0,0,0,0,0,0.0,0.9619543380807646,0.9659706750523611,1.0
267,0,1,2026091802,0.9,1.5,0.5,0.05,0.05,0.02,0.02,tie32_open18,0.9981403524007517,0.9881192024082343,1.037203266330266,1.0133432898542822,0,0,0,0,0,0.0,1.0795984074812381,0.9645178208670951,1.0
267,0,2,2026091803,0.9,1.5,0.5,0.05,0.05,0.02,0.02,tie32_open18,1.0030444185692058,0.9865222687075532,1.0070023940238444,0.9940370241431968,0,0,0,0,0,0.0,0.965984513923944,0.9664653870571057,1.0
267,0,3,2026091804,0.9,1.5,0.5,0.05,0.05,0.02,0.02,tie32_open18,1.0016723280970987,1.000548070985382,0.9921989954734654,1.0220051353645878,0,0,0,0,0,0.0,0.9781128064777194,0.9652182725453632,1.0
267,0,4,2026091805,0.9,1.5,0.5,0.05,0.05,0.02,0.02,tie32_open18,1.0034610573289142,1.0013256294030122,1.033215056883856,0.9757652184360371,0,0,0,0,0,0.0,1.048730539010157,0.9651428417738008,1.0
267,0,5,2026091806,0.9,1.5,0.5,0.05,0.05,0.02,0.02,tie32_open18,1.003809070876833,0.9986403757439685,1.0177324801605734,0.9866134325007735,0,0,0,0,0,0.0,1.0280755221687379,0.9652321783464514,1.0
267,0,6,2026091807,0.9,1.5,0.5,0.05,0.05,0.02,0.02,tie32_open18,1.0140538339123772,1.000968184574253,0.985451838204882,1.0487219955294957,0,0,0,0,0,0.0,0.9588814246721612,0.9654110130918091,1.0
267,0,7,2026091808,0.9,1.5,0.5,0.05,0.05,0.02,0.02,tie32_open18,1.0061559307595396,1.0073521880748664,1.012197351174701,0.9871797390789411,0,0,0,0,0,0.0,1.0581561858966835,0.9637210813880217,1.0
267,0,8,2026091809,0.9,1.5,0.5,0.05,0.05,0.02,0.02,tie32_open18,1.0002381216389282,0.9966179661030902,0.9833478771264003,1.00719430109165,0,0,0,0,0,0.0,0.9299718464185055,0.9666669063257695,1.0
267,0,9,2026091810,0.9,1.5,0.5,0.05,0.05,0.02,0.02,tie32_open18,0.9989186063031844,0.99611028320958,1.024338084470035,0.9917386583910391,0,0,0,0,0,0.0,1.0069044127874573,0.9660238265501763,1.0
267,0,10,2026091811,0.9,1.5,0.5,0.05,0.05,0.02,0.02,tie32_open18,0.9951669051284123,1.0018610457202572,1.0093993244452277,1.0013805077332611,0,0,0,0,0,0.0,1.0024442845771295,0.9652437700316029,1.0
267,0,11,2026091812,0.9,1.5,0.5,0.05,0.05,0.02,0.02,tie32_open18,0.9978498020858735,1.0061517120139745,1.0036949651511775,1.0401795844251158,0,0,0,0,0,0.0,0.9842852452763003,0.9661337931708291,1.0
267,0,12,2026091813,0.9,1.5,0.5,0.05,0.05,0.02,0.02,tie32_open18,0.9951944538578277,1.0098699514487417,0.9932302524311339,0.9987803370454591,0,0,0,0,0,0.0,0.9340816191377139,0.9670285950446044,1.0
267,0,13,2026091814,0.9,1.5,0.5,0.05,0.05,0.02,0.02,tie32_open18,1.0029257686268382,0.9996899970360476,1.0051534964106925,1.0069857195117413,0,0,0,0,0,0.0,1.0074392908339314,0.9648525670355237,1.0
267,0,14,2026091815,0.9,1.5,0.5,0.05,0.05,0.02,0.02,tie32_open18,0.991516650455196,1.0001148838783993,1.0114745954530289,0.969972597729818,0,0,0,0,0,0.0,0.9898713962938643,0.966072656596735,1.0
267,0,15,2026091816,0.9,1.5,0.5,0.05,0.05,0.02,0.02,tie32_open18,0.9939253183011192,1.011799252161803,1.0417450013860865,0.9940275403885758,0,0,0,0,0,0.0,1.049733790362041,0.9658792003058851,1.0
267,0,16,2026091817,0.9,1.5,0.5,0.05,0.05,0.02,0.02,tie32_open18,0.9901005616251357,1.0023524038102103,1.0132541849807566,1.008998722048354,0,0,0,0,0,0.0,1.0193567927784497,0.965218064996561,1.0
267,0,17,2026091818,0.9,1.5,0.5,0.05,0.05,0.02,0.02,tie32_open18,0.9995997883699422,1.0001583668679708,1.0139557551743235,0.9720610353890508,0,0,0,0,0,0.0,0.9994931864396001,0.9657689996757798,1.0
267,0,18,2026091819,0.9,1.5,0.5,0.05,0.05,0.02,0.02,tie32_open18,1.0050311196038386,1.0012558496566866,0.9946145530871653,0.9970258055183804,0,0,0,0,0,0.0,0.9549449389450816,0.9662350603775197,1.0
267,0,19,2026091820,0.9,1.5,0.5,0.05,0.05,0.02,0.02,tie32_open18,1.0005752167549515,1.0120983114420203,0.9740886985596835,1.0113868117013274,0,0,0,0,0,0.0,0.922099242179247,0.966009377064227,1.0
267,1,0,2026092810,0.9,1.5,0.5,0.05,0.05,0.02,0.02,tie32_open18,0.9875350510333647,0.9956907705408181,0.9857527763630243,0.9899835579158016,0,0,0,0,0,0.0,2.91165070599615,0.9551051769388279,1.0
267,1,1,2026092811,0.9,1.5,0.5,0.05,0.05,0.02,0.02,tie32_open18,0.9977717430539033,1.0137361524460193,1.0095479212080014,0.983608061541426,0,0,0,0,0,0.0,3.1185976178243258,0.9537648240317282,1.0
267,1,2,2026092812,0.9,1.5,0.5,0.05,0.05,0.02,0.02,tie32_open18,0.991087668745918,1.0048496572886096,1.0276337351836444,1.0069251605176368,0,0,0,0,0,0.0,3.1707545139313553,0.9532862139854078,1.0
267,1,3,2026092813,0.9,1.5,0.5,0.05,0.05,0.02,0.02,tie32_open18,0.9946455589439711,1.017988235267134,1.0057006822407732,1.0110486466989386,0,0,0,0,0,0.0,3.101512314293058,0.9529062338949951,1.0
267,1,4,2026092814,0.9,1.5,0.5,0.05,0.05,0.02,0.02,tie32_open18,1.0031069353227557,0.985234359199755,1.0094275601028124,0.9655731015163505,0,0,0,0,0,0.0,3.2444718375201265,0.951467448512577,1.0
267,1,5,2026092815,0.9,1.5,0.5,0.05,0.05,0.02,0.02,tie32_open18,1.0016418270057172,1.0034847585391733,0.9979269592591663,1.0021152930104495,0,0,0,0,0,0.0,2.9967777038605017,0.9546561624917296,1.0
267,1,6,2026092816,0.9,1.5,0.5,0.05,0.05,0.02,0.02,tie32_open18,1.0078720533851844,0.999230251802299,1.0074581196711787,1.0003846522543527,0,0,0,0,0,0.0,3.2019359391692968,0.952190950964694,1.0
267,1,7,2026092817,0.9,1.5,0.5,0.05,0.05,0.02,0.02,tie32_open18,0.9787261013537187,1.0009752097070812,0.972375587698613,1.014960937100447,0,0,0,0,0,0.0,2.8208231824985686,0.9544053362124741,1.0
267,1,8,2026092818,0.9,1.5,0.5,0.05,0.05,0.02,0.02,tie32_open18,1.0150517117014202,0.9954120285712879,0.9864893191137932,0.9652703570718706,0,0,0,0,0,0.0,3.0139084685553135,0.9538209248028373,1.0
267,1,9,2026092819,0.9,1.5,0.5,0.05,0.05,0.02,0.02,tie32_open18,0.9823477924851745,1.0041850713309057,1.0325975920539492,0.9894432619221474,0,0,0,0,0,0.0,3.302620407376029,0.9526077465816654,1.0
267,1,10,2026092820,0.9,1.5,0.5,0.05,0.05,0.02,0.02,tie32_open18,1.0050651157428394,0.9960740672133954,1.0215232059440076,1.0113001415617753,0,0,0,0,0,0.0,3.2985538434703527,0.9508298734813525,1.0
267,1,11,2026092821,0.9,1.5,0.5,0.05,0.05,0.02,0.02,tie32_open18,1.0018471161855282,0.986769912071329,1.0019322525842533,0.9812636038980292,0,0,0,0,0,0.0,3.1301669428367007,0.9534062689240199,1.0
267,1,12,2026092822,0.9,1.5,0.5,0.05,0.05,0.02,0.02,tie32_open18,1.0013375766471035,1.0090186077692573,1.0181377267970428,1.001250392969033,0,0,0,0,0,0.0,3.3020112392426477,0.9509762637906146,1.0
267,1,13,2026092823,0.9,1.5,0.5,0.05,0.05,0.02,0.02,tie32_open18,1.0116215050134723,1.0072458494561782,1.0192861389121097,1.0219309873288531,0,0,0,0,0,0.0,3.2485335083666462,0.9513251815201791,1.0
267,1,14,2026092824,0.9,1.5,0.5,0.05,0.05,0.02,0.02,tie32_open18,1.0025254860907487,0.9921299534359417,1.0177099587734475,1.0057736681241585,0,0,0,0,0,0.0,3.1751289198606454,0.9535757837784347,1.0
267,1,15,2026092825,0.9,1.5,0.5,0.05,0.05,0.02,0.02,tie32_open18,1.002967975469354,0.989838927334358,0.9613982572995843,1.0122195542952928,0,0,0,0,0,0.0,2.843617732484067,0.9535904198254341,1.0
267,1,16,2026092826,0.9,1.5,0.5,0.05,0.05,0.02,0.02,tie32_open18,1.0077612555756097,1.0141909619089542,0.9688091216287718,1.0106913567414981,0,0,0,0,0,0.0,2.840373503502375,0.9546080146583398,1.0
267,1,17,2026092827,0.9,1.5,0.5,0.05,0.05,0.02,0.02,tie32_open18,1.010837424512761,1.0012555835049453,1.0328561384613721,1.0043620282481946,1,1,0,0,0,0.0,3.410641203139423,0.9499852741536534,1.0
267,1,18,2026092828,0.9,1.5,0.5,0.05,0.05,0.02,0.02,tie32_open18,1.0075361732081614,0.9985920542824771,1.0045738996032283,0.9881181034446634,0,0,0,0,0,0.0,3.1594304359612284,0.9522351696585891,1.0
267,1,19,2026092829,0.9,1.5,0.5,0.05,0.05,0.02,0.02,tie32_open18,1.0089253128408913,0.9853327685107099,1.0300785007127082,1.0061310203798222,0,0,0,0,0,0.0,3.3843275332310068,0.9503934792180414,1.0
267,2,0,2026093819,0.9,1.5,0.5,0.05,0.05,0.02,0.02,tie32_open18,1.0034188036900993,1.0019604666624427,1.0119071831375661,0.9804691130393909,0,0,0,0,0,0.0,1.7204267371519506,0.9583160958928733,1.0
267,2,1,2026093820,0.9,1.5,0.5,0.05,0.05,0.02,0.02,tie32_open18,1.0190895679541323,0.9996340096314579,0.9799433324197927,0.9620247708941188,0,0,0,0,0,0.0,1.5966794722359718,0.9601796289104929,1.0
267,2,2,2026093821,0.9,1.5,0.5,0.05,0.05,0.02,0.02,tie32_open18,0.9819554996615452,0.9981662580629153,1.0088240459228104,1.0458453970362889,0,0,0,0,0,0.0,1.6486017645868212,0.959840756371248,1.0
267,2,3,2026093822,0.9,1.5,0.5,0.05,0.05,0.02,0.02,tie32_open18,0.9983315839976888,0.9984948754981489,1.0183424518788808,0.9820306590039758,0,0,0,0,0,0.0,1.8047319101432928,0.956952440123487,1.0
267,2,4,2026093823,0.9,1.5,0.5,0.05,0.05,0.02,0.02,tie32_open18,0.9919049576024869,1.008683188944691,1.0013794374537057,1.0424966907205873,0,0,0,0,0,0.0,1.725504886972455,0.9577521261872953,1.0
267,2,5,2026093824,0.9,1.5,0.5,0.05,0.05,0.02,0.02,tie32_open18,1.0055714007483374,0.9887992491706578,0.9754633970309806,1.0266074463210715,0,0,0,0,0,0.0,1.5984123361960632,0.9591670124790177,1.0
267,2,6,2026093825,0.9,1.5,0.5,0.05,0.05,0.02,0.02,tie32_open18,1.0004258987069097,1.0017834461165687,1.0209016125981638,0.9697753759979226,0,0,0,0,0,0.0,1.7964868057428842,0.9584944029130337,1.0
267,2,7,2026093826,0.9,1.5,0.5,0.05,0.05,0.02,0.02,tie32_open18,1.0078801361551435,0.9965750835883482,0.9863073950177798,0.989270834435385,0,0,0,0,0,0.0,1.6403134206096837,0.9589154860840032,1.0
267,2,8,2026093827,0.9,1.5,0.5,0.05,0.05,0.02,0.02,tie32_open18,0.9940814812578974,0.9962796796416227,1.0224920004023137,0.9912391326588206,0,0,0,0,0,0.0,1.7708339320579423,0.9581038449899435,1.0
267,2,9,2026093828,0.9,1.5,0.5,0.05,0.05,0.02,0.02,tie32_open18,1.0083910455735143,1.0087638194552446,1.052838009518991,0.9965714565626078,0,0,0,0,0,0.0,1.9033948787456085,0.9573843607541033,1.0
267,2,10,2026093829,0.9,1.5,0.5,0.05,0.05,0.02,0.02,tie32_open18,0.9997201424382277,0.994770147875359,0.9804831176045877,0.9930650129428378,0,0,0,0,0,0.0,1.6346720757869313,0.9587575428701424,1.0
267,2,11,2026093830,0.9,1.5,0.5,0.05,0.05,0.02,0.02,tie32_open18,1.0087176629534036,0.9926952453869046,1.0412426351759463,0.9555709507044066,0,0,0,0,0,0.0,1.9078855262329824,0.9565277095398437,1.0
267,2,12,2026093831,0.9,1.5,0.5,0.05,0.05,0.02,0.02,tie32_open18,0.9857510558346864,0.9899282498957241,1.0112141833582284,0.9740536699046008,0,0,0,0,0,0.0,1.6783305184941109,0.959858544622161,1.0
267,2,13,2026093832,0.9,1.5,0.5,0.05,0.05,0.02,0.02,tie32_open18,1.0005648369318956,1.0075726454852816,1.0281001272470014,1.0203264303011987,0,0,0,0,0,0.0,1.8197319486039307,0.9570916103142874,1.0
267,2,14,2026093833,0.9,1.5,0.5,0.05,0.05,0.02,0.02,tie32_open18,1.0023039001079153,0.9961353802307085,1.0239341245143603,1.0340692339164055,0,0,0,0,0,0.0,1.8450941550850355,0.955961340973003,1.0
267,2,15,2026093834,0.9,1.5,0.5,0.05,0.05,0.02,0.02,tie32_open18,0.9998574571153409,0.9930756553702728,0.9569043049978004,1.018661167817375,0,0,0,0,0,0.0,1.5256009962078256,0.9597460897469707,1.0
267,2,16,2026093835,0.9,1.5,0.5,0.05,0.05,0.02,0.02,tie32_open18,0.9987474901259638,0.986503390872167,1.0581264148234675,1.0020123600684268,0,0,0,0,0,0.0,1.9462946737019575,0.9567338126721127,1.0
267,2,17,2026093836,0.9,1.5,0.5,0.05,0.05,0.02,0.02,tie32_open18,0.9995112238644668,1.0112055417900332,1.0206858980898732,0.9932901313654495,0,0,0,0,0,0.0,1.799529668232191,0.9574995842194652,1.0
267,2,18,2026093837,0.9,1.5,0.5,0.05,0.05,0.02,0.02,tie32_open18,1.014822305035977,0.9901380512218934,1.0025403335993683,0.9783325110801658,0,0,0,0,0,0.0,1.714804934572194,0.9588905992877468,1.0
267,2,19,2026093838,0.9,1.5,0.5,0.05,0.05,0.02,0.02,tie32_open18,1.002981753448945,1.0051016755150193,0.9937565987261376,1.0022569520337141,0,0,0,0,0,0.0,1.6566800034702351,0.9593614387426842,1.0
267,3,0,2026094828,0.9,1.5,0.5,0.05,0.05,0.02,0.02,tie32_open18,0.9919881993136036,0.9964582416041591,0.9947028701465572,0.9928248126298453,0,0,0,0,0,0.0,2.620784804430041,0.9549830266269743,1.0
267,3,1,2026094829,0.9,1.5,0.5,0.05,0.05,0.02,0.02,tie32_open18,1.0139766143207412,0.9968494842303467,1.0311455548934179,0.9964145802862185,0,0,0,0,0,0.0,2.921265458484261,0.9534167797326902,1.0
267,3,2,2026094830,0.9,1.5,0.5,0.05,0.05,0.02,0.02,tie32_open18,1.0085744341487808,1.004338372007387,1.018533776906526,1.0136815445501326,0,0,0,0,0,0.0,2.7323175807860838,0.9543772649421941,1.0
267,3,3,2026094831,0.9,1.5,0.5,0.05,0.05,0.02,0.02,tie32_open18,1.0046058703795981,1.0054346533422476,0.9903341433778061,1.0308465520938717,0,0,0,0,0,0.0,2.5427471232352,0.9553193859271394,1.0
267,3,4,2026094832,0.9,1.5,0.5,0.05,0.05,0.02,0.02,tie32_open18,0.9930224013576958,1.0061152873312973,1.0203788648481946,0.9620138412829402,0,0,0,0,0,0.0,2.7825279516416055,0.9544604318476625,1.0
267,3,5,2026094833,0.9,1.5,0.5,0.05,0.05,0.02,0.02,tie32_open18,1.0025158972328212,1.0077613427396923,1.0096417463308902,0.9992942432282951,0,0,0,0,0,0.0,2.760259755034209,0.9539253305407931,1.0
267,3,6,2026094834,0.9,1.5,0.5,0.05,0.05,0.02,0.02,tie32_open18,1.0144246337286653,1.0040844282960124,0.991321752457172,1.0107988760431066,0,0,0,0,0,0.0,2.6201201280090234,0.9545559754480096,1.0
267,3,7,2026094835,0.9,1.5,0.5,0.05,0.05,0.02,0.02,tie32_open18,1.0004324309881798,0.9907188181945303,1.0254331823785885,1.0288826222821075,0,0,0,0,0,0.0,2.9148091730980137,0.9518735978255333,1.0
267,3,8,2026094836,0.9,1.5,0.5,0.05,0.05,0.02,0.02,tie32_open18,1.004334972585795,1.0004654864792897,0.9964020863675026,1.0054534730388884,0,0,0,0,0,0.0,2.668640594219884,0.9544984433552275,1.0
267,3,9,2026094837,0.9,1.5,0.5,0.05,0.05,0.02,0.02,tie32_open18,1.0129411188381916,1.0100638444855778,1.0181190840816348,0.989663112472456,0,0,0,0,0,0.0,2.8477175974401634,0.9532015195201219,1.0
267,3,10,2026094838,0.9,1.5,0.5,0.05,0.05,0.02,0.02,tie32_open18,0.9886646694451179,0.9897950717815125,0.9743519252376561,1.0020634498160894,0,0,0,0,0,0.0,2.35664141128013,0.9565206977288643,1.0
267,3,11,2026094839,0.9,1.5,0.5,0.05,0.05,0.02,0.02,tie32_open18,1.0037297483255778,1.0112404512686162,1.0329265861103876,1.0113486976476276,0,0,0,0,0,0.0,2.831574191940476,0.9540093530694947,1.0
267,3,12,2026094840,0.9,1.5,0.5,0.05,0.05,0.02,0.02,tie32_open18,1.0066978356503098,1.0003285567556657,1.0083770588923235,0.9750377234405548,0,0,0,0,0,0.0,2.7108735192416957,0.9542443940472733,1.0
267,3,13,2026094841,0.9,1.5,0.5,0.05,0.05,0.02,0.02,tie32_open18,1.004448011356188,0.9966368193657034,1.0020984132889774,0.9799937089002729,0,0,0,0,0,0.0,2.70786049448093,0.953538308214091,1.0
267,3,14,2026094842,0.9,1.5,0.5,0.05,0.05,0.02,0.02,tie32_open18,1.008204800946232,0.9961455177303186,0.9817710832001798,1.0250117290086787,0,0,0,0,0,0.0,2.492840210417744,0.9561438725010156,1.0
267,3,15,2026094843,0.9,1.5,0.5,0.05,0.05,0.02,0.02,tie32_open18,1.0045513745062713,1.0041820281497937,1.0221513823374564,1.0029868045169712,0,0,0,0,0,0.0,2.779994541912979,0.9546514843691829,1.0
267,3,16,2026094844,0.9,1.5,0.5,0.05,0.05,0.02,0.02,tie32_open18,1.0057239257458637,0.9948472679329543,0.9661480045571615,0.9987206685890527,0,0,0,0,0,0.0,2.451495398777188,0.9548065932199696,1.0
267,3,17,2026094845,0.9,1.5,0.5,0.05,0.05,0.02,0.02,tie32_open18,0.995143852762095,0.9889599716016759,1.0236079782510383,0.9860297167702108,0,0,0,0,0,0.0,2.760453602487688,0.9545693406787417,1.0
267,3,18,2026094846,0.9,1.5,0.5,0.05,0.05,0.02,0.02,tie32_open18,0.987137830571025,0.9876614924001438,0.9990823410744923,1.005250316388803,0,0,0,0,0,0.0,2.535642217131028,0.9568284490877351,1.0
267,3,19,2026094847,0.9,1.5,0.5,0.05,0.05,0.02,0.02,tie32_open18,0.9975202363917849,0.9978755918862732,1.030118076081549,1.0505350597644916,0,0,0,0,0,0.0,2.8453036557516467,0.9542996138590234,1.0
267,4,0,2026095837,0.9,1.5,0.5,0.05,0.05,0.02,0.02,tie32_open18,1.0036568534988637,0.9912937943185024,1.005708695170136,0.986634463987403,0,0,0,0,0,0.0,1.7031125186883511,0.9566193989325673,1.0210834814790488
267,4,1,2026095838,0.9,1.5,0.5,0.05,0.05,0.02,0.02,tie32_open18,1.0023821245462397,1.0150443780138003,0.9808285375056053,0.9751663309887283,0,0,0,0,0,0.0,1.682802582976909,0.9554836614276407,1.0209262963973897
267,4,2,2026095839,0.9,1.5,0.5,0.05,0.05,0.02,0.02,tie32_open18,0.9978690741205112,0.9935476812250943,0.9683573132622485,1.0060390916433424,0,0,0,0,0,0.0,1.538710184007189,0.9585342290746246,1.023281915360775
267,4,3,2026095840,0.9,1.5,0.5,0.05,0.05,0.02,0.02,tie32_open18,0.9925386773800814,0.9956338316832243,1.0229162333469393,0.9753366673660058,0,0,0,0,0,0.0,1.8216054958078312,0.9552770514760041,1.019994059177303
267,4,4,2026095841,0.9,1.5,0.5,0.05,0.05,0.02,0.02,tie32_open18,1.0202421077832597,1.0111496127497321,0.9760455073814366,1.0079140773580293,0,0,0,0,0,0.0,1.6682389654831635,0.9550227009073281,1.0232421996619485
267,4,5,2026095842,0.9,1.5,0.5,0.05,0.05,0.02,0.02,tie32_open18,0.9955030133438177,0.989141755591004,1.019733368834931,0.9765624078870505,0,0,0,0,0,0.0,1.8285509841489764,0.9549643332571146,1.0198134467522373
267,4,6,2026095843,0.9,1.5,0.5,0.05,0.05,0.02,0.02,tie32_open18,1.0111256770934836,0.999892843154797,0.9903395634528896,1.008349888200473,0,0,0,0,0,0.0,1.7280131940086243,0.9548071810905892,1.0228688742035354
267,4,7,2026095844,0.9,1.5,0.5,0.05,0.05,0.02,0.02,tie32_open18,0.9821623837113628,1.0127711594959832,0.9980890135457606,1.0100644926153255,0,0,0,0,0,0.0,1.6605337085651366,0.957211615870039,1.0222602007932666
267,4,8,2026095845,0.9,1.5,0.5,0.05,0.05,0.02,0.02,tie32_open18,0.9925792598507017,1.0015945366804972,0.9921705317906236,0.967576751580524,0,0,0,0,0,0.0,1.6443042397153302,0.9571980861838959,1.0202885600374265
267,4,9,2026095846,0.9,1.5,0.5,0.05,0.05,0.02,0.02,tie32_open18,1.0158451402114188,0.9988745784629137,0.9933060012982653,0.9766094393084889,0,0,0,0,0,0.0,1.6639929340500403,0.9568879862376746,1.0212279301850928
267,4,10,2026095847,0.9,1.5,0.5,0.05,0.05,0.02,0.02,tie32_open18,0.980557923118604,1.011728950168431,1.0300913027180532,1.032222557964556,0,0,0,0,0,0.0,1.8222612957524256,0.9548305860311741,1.0228237355053504
267,4,11,2026095848,0.9,1.5,0.5,0.05,0.05,0.02,0.02,tie32_open18,0.9981956260907278,0.994034540691298,0.9745821670037388,1.01275197029688,0,0,0,0,0,0.0,1.5873670049910897,0.9567230886593581,1.022952013046422
267,4,12,2026095849,0.9,1.5,0.5,0.05,0.05,0.02,0.02,tie32_open18,0.9946319114391711,0.9954063552903616,1.0074380125909173,1.0295102700772008,0,0,0,0,0,0.0,1.7002762329081116,0.9570465864892381,1.024244584280666
267,4,13,2026095850,0.9,1.5,0.5,0.05,0.05,0.02,0.02,tie32_open18,0.9966882104541341,1.0112891690852976,0.9662554519056608,1.0162913918384822,0,0,0,0,0,0.0,1.532573406777799,0.9580886805449788,1.0238449008983375
267,4,14,2026095851,0.9,1.5,0.5,0.05,0.05,0.02,0.02,tie32_open18,1.0023408715446158,0.9867809225577813,1.0155956140685491,0.9799015360594561,0,0,0,0,0,0.0,1.767639036216769,0.9555929841736109,1.020428391743513
267,4,15,2026095852,0.9,1.5,0.5,0.05,0.05,0.02,0.02,tie32_open18,0.9974273344610151,1.0175627965329503,0.9632186521932571,0.9705161480107927,0,0,0,0,0,0.0,1.5894293439724259,0.9563930333572902,1.0208500450817037
267,4,16,2026095853,0.9,1.5,0.5,0.05,0.05,0.02,0.02,tie32_open18,1.0038886569574021,1.0005605374690247,1.0024607529459608,0.9756302776806877,0,0,0,0,0,0.0,1.7704372453403003,0.9543491567147485,1.0202394695765982
267,4,17,2026095854,0.9,1.5,0.5,0.05,0.05,0.02,0.02,tie32_open18,0.9948402333334914,0.9941331833650153,0.9786633114710517,0.9797244567760476,0,0,0,0,0,0.0,1.6038736376310883,0.957517894126398,1.0206868684339465
267,4,18,2026095855,0.9,1.5,0.5,0.05,0.05,0.02,0.02,tie32_open18,0.9985369016124792,0.9932346273312636,1.0046660152431,1.021766320193237,0,0,0,0,0,0.0,1.7442870462259346,0.9551467644637919,1.0233355322056703
267,4,19,2026095856,0.9,1.5,0.5,0.05,0.05,0.02,0.02,tie32_open18,0.9988951857983192,0.9910162125800654,1.0220284536638473,1.027791166123531,0,0,0,0,0,0.0,1.7654910052477466,0.9561756072008831,1.0230753722371784
267,5,0,2026096846,0.9,1.5,0.5,0.05,0.05,0.02,0.02,tie32_open18,0.9985284065772588,0.9951765554526428,0.9646434934802355,0.9834180351999633,0,0,0,0,0,0.0,0.779845165205783,0.9685662130086691,1.0122524434574565
267,5,1,2026096847,0.9,1.5,0.5,0.05,0.05,0.02,0.02,tie32_open18,1.0115217325505463,0.9952275631342072,0.9870635884400022,0.9972487846668465,0,0,0,0,0,0.0,0.8696153080824917,0.9653011913431977,1.011319487270437
267,5,2,2026096848,0.9,1.5,0.5,0.05,0.05,0.02,0.02,tie32_open18,1.0094363722553588,0.9964323164550035,0.9634965946497962,0.9832046984215794,0,0,0,0,0,0.0,0.7971863964700584,0.967868558572291,1.012097931883924
267,5,3,2026096849,0.9,1.5,0.5,0.05,0.05,0.02,0.02,tie32_open18,0.9969716055015241,0.9988905247755174,0.999402058369295,0.990723361106492,0,0,0,0,0,0.0,0.8244030376911905,0.9683536390711607,1.0116158328153009
267,5,4,2026096850,0.9,1.5,0.5,0.05,0.05,0.02,0.02,tie32_open18,0.9963786532017759,0.9977682602735098,1.004850851538567,1.017307003372187,0,0,0,0,0,0.0,0.8733196114858206,0.9661512149741036,1.0124825964233608
267,5,5,2026096851,0.9,1.5,0.5,0.05,0.05,0.02,0.02,tie32_open18,1.0008880165718048,1.0101579389341475,0.9745659873251484,1.0208822023554156,0,0,0,0,0,0.0,0.8022932553698597,0.9678601730676603,1.0130810725324895
267,5,6,2026096852,0.9,1.5,0.5,0.05,0.05,0.02,0.02,tie32_open18,1.0094706632295596,1.0074013125096073,1.0529821905226422,0.988955755833031,0,0,0,0,0,0.0,0.9482363084316213,0.9649658680554402,1.0097225204657656
267,5,7,2026096853,0.9,1.5,0.5,0.05,0.05,0.02,0.02,tie32_open18,1.0097580889406903,0.9858630557763632,1.0174060079646259,0.9701313137245208,0,0,0,0,0,0.0,0.8889278156358154,0.9661112075814939,1.0100544102953208
267,5,8,2026096854,0.9,1.5,0.5,0.05,0.05,0.02,0.02,tie32_open18,1.0139148860821445,0.9951818701470198,1.002876221620887,0.9978128472656487,0,0,0,0,0,0.0,0.8700520962932542,0.9662468264214293,1.0117825279416826
267,5,9,2026096855,0.9,1.5,0.5,0.05,0.05,0.02,0.02,tie32_open18,1.0049935957082106,0.9925263058907998,1.0402695365372625,1.0311578922656353,0,0,0,0,0,0.0,0.9290451178009848,0.9655461527330957,1.0121114805681561
267,5,10,2026096856,0.9,1.5,0.5,0.05,0.05,0.02,0.02,tie32_open18,0.9957107985754137,0.9898698987823036,1.03029746899541,1.0165995521239959,0,0,0,0,0,0.0,0.9188245347259982,0.9652187495173109,1.0110051288157613
267,5,11,2026096857,0.9,1.5,0.5,0.05,0.05,0.02,0.02,tie32_open18,0.9961627877463213,0.9970141840454729,0.9884720273357781,0.9805345817288278,0,0,0,0,0,0.0,0.8157115896913945,0.9681100923652489,1.0115285746432217
267,5,12,2026096858,0.9,1.5,0.5,0.05,0.05,0.02,0.02,tie32_open18,1.0013166483948142,0.9949112038791362,0.9785521788129277,0.979918367904149,0,0,0,0,0,0.0,0.81972210098905,0.9669616892761256,1.0109454370556608
267,5,13,2026096859,0.9,1.5,0.5,0.05,0.05,0.02,0.02,tie32_open18,0.9940469258933723,1.0018823625018065,0.9800680825774908,1.0004404865274446,0,0,0,0,0,0.0,0.7976391700477626,0.9679319955952672,1.0130147730738828
267,5,14,2026096860,0.9,1.5,0.5,0.05,0.05,0.02,0.02,tie32_open18,1.0037317096624072,0.993836602407532,0.9982829546681832,1.0019942623246265,0,0,0,0,0,0.0,0.8620611370805986,0.9665148023892672,1.0115321534971327
267,5,15,2026096861,0.9,1.5,0.5,0.05,0.05,0.02,0.02,tie32_open18,0.988884077632202,1.001555709058716,0.9900115037088477,1.0023797812682627,0,0,0,0,0,0.0,0.8428786975703904,0.9665567465605652,1.0116297331310937
267,5,16,2026096862,0.9,1.5,0.5,0.05,0.05,0.02,0.02,tie32_open18,0.998396633155691,1.003365977077769,1.0019627354532017,0.986610443400023,0,0,0,0,0,0.0,0.8541187238656833,0.9665616587034684,1.0107692680052816
267,5,17,2026096863,0.9,1.5,0.5,0.05,0.05,0.02,0.02,tie32_open18,1.0061367542861321,0.9836096981582598,1.0104762231557656,1.0292689546203801,0,0,0,0,0,0.0,0.8674141779321748,0.9666347640178888,1.0128509420117748
267,5,18,2026096864,0.9,1.5,0.5,0.05,0.05,0.02,0.02,tie32_open18,0.9965931671336182,0.9954892229078256,1.023784457010476,1.0031640976718428,0,0,0,0,0,0.0,0.8835483220838721,0.9662012681884493,1.0111454956252075
267,5,19,2026096865,0.9,1.5,0.5,0.05,0.05,0.02,0.02,tie32_open18,1.0222289537844573,0.9893359424863535,1.0119696099976874,0.9679701104824558,0,0,0,0,0,0.0,0.9035718169671126,0.9650342746377557,1.009697555843294
267,6,0,2026097855,0.9,1.5,0.5,0.05,0.05,0.02,0.02,tie32_open18,0.9868202597742268,0.9992802414922142,1.004452873639194,0.9703169790477391,0,0,0,0,0,0.0,1.3581898654618043,0.9628193995488038,1.0142737573343612
267,6,1,2026097856,0.9,1.5,0.5,0.05,0.05,0.02,0.02,tie32_open18,0.9991366711946607,0.9981363276238503,0.9943023329595665,0.9812539398385637,0,0,0,0,0,0.0,1.3681512121202517,0.9621633402755739,1.0146535080902037
267,6,2,2026097857,0.9,1.5,0.5,0.05,0.05,0.02,0.02,tie32_open18,1.0092417104121598,0.998940690473128,0.9676183939169413,0.9737675356122879,0,0,0,0,0,0.0,1.2535727390028475,0.9632432959799734,1.0149378998215184
267,6,3,2026097858,0.9,1.5,0.5,0.05,0.05,0.02,0.02,tie32_open18,1.0038328222700166,0.9946624955527712,0.9775979403777428,0.9828847177327595,0,0,0,0,0,0.0,1.3010332425914255,0.9625497211737367,1.0155635405351935
267,6,4,2026097859,0.9,1.5,0.5,0.05,0.05,0.02,0.02,tie32_open18,0.9974580797487604,0.9967926763153349,0.9665184323940967,0.9811088641196289,0,0,0,0,0,0.0,1.3019184736971532,0.9616317040027718,1.0142439721105223
267,6,5,2026097860,0.9,1.5,0.5,0.05,0.05,0.02,0.02,tie32_open18,0.9901027255342069,0.997204677343681,1.0142695742494214,0.9958744719555556,0,0,0,0,0,0.0,1.4187230345682738,0.9616910741424431,1.0146541742133341
267,6,6,2026097861,0.9,1.5,0.5,0.05,0.05,0.02,0.02,tie32_open18,0.989266796504109,1.0016786201435397,0.9960275579530116,1.0009567641511383,0,0,0,0,0,0.0,1.3290417267274823,0.9629239116163104,1.0162456550897647
267,6,7,2026097862,0.9,1.5,0.5,0.05,0.05,0.02,0.02,tie32_open18,1.0023159262834271,1.0001458286060974,0.9857064882637524,0.9964320736758681,0,0,0,0,0,0.0,1.3239105704000513,0.9621993440722335,1.0158813377326528
267,6,8,2026097863,0.9,1.5,0.5,0.05,0.05,0.02,0.02,tie32_open18,1.0014426969977572,1.006120044247193,0.9860175960681731,0.9944437389264696,0,0,0,0,0,0.0,1.332403346800243,0.9619057844761574,1.01504435485819
267,6,9,2026097864,0.9,1.5,0.5,0.05,0.05,0.02,0.02,tie32_open18,0.9876879948086689,1.0113767716353994,1.006630785480051,1.031575267512693,0,0,0,0,0,0.0,1.3804874291539626,0.9614872283917324,1.0172219516539276
267,6,10,2026097865,0.9,1.5,0.5,0.05,0.05,0.02,0.02,tie32_open18,0.9939991610249016,0.9982582427996812,1.0020479590691258,1.027228107355158,0,0,0,0,0,0.0,1.3631937077674217,0.9620501869181146,1.0166878809448958
267,6,11,2026097866,0.9,1.5,0.5,0.05,0.05,0.02,0.02,tie32_open18,1.0038696506721028,0.9848734791492865,0.9778067540776447,1.0106648596081202,0,0,0,0,0,0.0,1.3166280916172,0.9618796551840231,1.0159934954947016
267,6,12,2026097867,0.9,1.5,0.5,0.05,0.05,0.02,0.02,tie32_open18,0.9891874677545497,1.0008892670132008,0.9996374550428392,0.9813067107103403,0,0,0,0,0,0.0,1.3714725097631042,0.9622299722943548,1.0143552005465324
267,6,13,2026097868,0.9,1.5,0.5,0.05,0.05,0.02,0.02,tie32_open18,0.994951374055017,1.000538834901111,1.033194330561477,1.033247707505014,0,0,0,0,0,0.0,1.4989134655474934,0.9603027846163146,1.0159802081459597
267,6,14,2026097869,0.9,1.5,0.5,0.05,0.05,0.02,0.02,tie32_open18,1.0010491358645652,1.000996364111972,0.9919446175258899,0.9865699696501001,0,0,0,0,0,0.0,1.3191981477407728,0.9625649583937307,1.0150252165028373
267,6,15,2026097870,0.9,1.5,0.5,0.05,0.05,0.02,0.02,tie32_open18,1.0080803803555214,1.0069586629155765,0.9864470761188593,1.0173195842439218,0,0,0,0,0,0.0,1.332179750869399,0.9618445709259683,1.0168180798061703
267,6,16,2026097871,0.9,1.5,0.5,0.05,0.05,0.02,0.02,tie32_open18,1.0022327144009713,0.995020233637998,0.966036093293689,0.972098168118632,0,0,0,0,0,0.0,1.2682088848747428,0.962826380671841,1.0144513922959972
267,6,17,2026097872,0.9,1.5,0.5,0.05,0.05,0.02,0.02,tie32_open18,1.0032996289768514,1.0074189438799392,0.9912057241202821,0.9824578515195471,0,0,0,0,0,0.0,1.3620263888923168,0.9615717591311533,1.0144275185352687
267,6,18,2026097873,0.9,1.5,0.5,0.05,0.05,0.02,0.02,tie32_open18,1.006506227183612,0.9900965865451364,0.9808693054707042,1.011956518919333,0,0,0,0,0,0.0,1.3304420759630355,0.9618387313585596,1.016361161691772
267,6,19,2026097874,0.9,1.5,0.5,0.05,0.05,0.02,0.02,tie32_open18,0.9949895609799484,0.998709456988799,1.0395675544892062,0.982327369915384,0,0,0,0,0,0.0,1.542948269216529,0.9603049872204568,1.0133079831214735
267,7,0,2026098864,0.9,1.5,0.5,0.05,0.05,0.02,0.02,tie32_open18,0.9913068670864984,1.0077857077893386,1.001848482141611,0.9978684121710119,0,0,0,0,0,0.0,0.8041041898369132,0.9677744164899585,1.0070748374470662
267,7,1,2026098865,0.9,1.5,0.5,0.05,0.05,0.02,0.02,tie32_open18,1.0086904029545352,1.0059803342034004,1.0173763018198718,0.9900220394445834,0,0,0,0,0,0.0,0.8563223615197078,0.9662363233690892,1.0059203176210676
267,7,2,2026098866,0.9,1.5,0.5,0.05,0.05,0.02,0.02,tie32_open18,1.0068244197243623,0.9993355213759785,0.9769539367868231,0.9918866019862906,0,0,0,0,0,0.0,0.7697067901923136,0.9678271809838322,1.0071459635150404
267,7,3,2026098867,0.9,1.5,0.5,0.05,0.05,0.02,0.02,tie32_open18,0.9989692657520147,1.0161271317556464,0.9969480183351154,1.0004917304914853,0,0,0,0,0,0.0,0.8011062603136483,0.9676270831911108,1.0068132185158412
267,7,4,2026098868,0.9,1.5,0.5,0.05,0.05,0.02,0.02,tie32_open18,1.0094716947938274,0.9925495320622975,0.9961701839028726,1.0280160415479305,0,0,0,0,0,0.0,0.8013185997652533,0.9674432975527055,1.00791870088562
267,7,5,2026098869,0.9,1.5,0.5,0.05,0.05,0.02,0.02,tie32_open18,0.9990729119755591,1.00698381713946,0.987172034850577,0.9729947459154543,0,0,0,0,0,0.0,0.7861034955940926,0.9680314854039874,1.006258024442037
267,7,6,2026098870,0.9,1.5,0.5,0.05,0.05,0.02,0.02,tie32_open18,0.9962783092579738,1.008684526683816,0.9862576205784608,1.0174663592060018,0,0,0,0,0,0.0,0.8050115688677251,0.967016978829187,1.0072505469143411
267,7,7,2026098871,0.9,1.5,0.5,0.05,0.05,0.02,0.02,tie32_open18,1.005201394649498,1.0147457594980689,0.9738308000238578,1.0171696158339434,0,0,0,0,0,0.0,0.7538509641297703,0.9683172506908774,1.008370213195074
267,7,8,2026098872,0.9,1.5,0.5,0.05,0.05,0.02,0.02,tie32_open18,1.006119747181998,1.0036583623644244,1.0069084335214986,1.0214182036308666,0,0,0,0,0,0.0,0.8245627659594007,0.9667709821425601,1.0076599088156648
267,7,9,2026098873,0.9,1.5,0.5,0.05,0.05,0.02,0.02,tie32_open18,0.9963552186967788,1.005070857281023,0.9903130760057761,1.0414075832313963,0,0,0,0,0,0.0,0.7842501723009815,0.9677299335080874,1.0088749766509129
267,7,10,2026098874,0.9,1.5,0.5,0.05,0.05,0.02,0.02,tie32_open18,0.9948494988425904,1.0060671280787012,0.9575069448147736,1.0026813921492057,0,0,0,0,0,0.0,0.7403376167861939,0.9682011062877903,1.0076187138690365
267,7,11,2026098875,0.9,1.5,0.5,0.05,0.05,0.02,0.02,tie32_open18,1.0000737233713028,0.9996883293022488,0.9871052999658637,0.993694782994305,0,0,0,0,0,0.0,0.7746540575990565,0.9682328680803539,1.007133290398008
267,7,12,2026098876,0.9,1.5,0.5,0.05,0.05,0.02,0.02,tie32_open18,1.003490819014836,1.0119158722629031,1.0103910843969148,1.0063016140858652,0,0,0,0,0,0.0,0.8443194760970314,0.9664432110272291,1.0064948392639876
267,7,13,2026098877,0.9,1.5,0.5,0.05,0.05,0.02,0.02,tie32_open18,0.9824203788307818,0.9970505581480975,0.9995277871238114,1.0094927020609954,0,0,0,0,0,0.0,0.7851944224995169,0.9682815328196914,1.0074114239834364
267,7,14,2026098878,0.9,1.5,0.5,0.05,0.05,0.02,0.02,tie32_open18,0.997855531562221,0.9998533020889424,1.0064926403277097,0.9861499096870984,0,0,0,0,0,0.0,0.8384265848853891,0.9669634597584026,1.0057037968177367
267,7,15,2026098879,0.9,1.5,0.5,0.05,0.05,0.02,0.02,tie32_open18,0.992756911747707,0.9869329032172521,0.9882041644139172,0.9980893541458362,0,0,0,0,0,0.0,0.793198359443898,0.9676646459269761,1.006851279458767
267,7,16,2026098880,0.9,1.5,0.5,0.05,0.05,0.02,0.02,tie32_open18,1.00559868478427,0.989278517762318,0.9928740647777796,0.9417492203824022,0,0,0,0,0,0.0,0.8226718094031733,0.9671240227532845,1.004697165590979
267,7,17,2026098881,0.9,1.5,0.5,0.05,0.05,0.02,0.02,tie32_open18,0.99061685828883,1.004890800220964,0.9876793036787787,1.0072349891669525,0,0,0,0,0,0.0,0.7855837884923913,0.9675385528827114,1.0070271974446048
267,7,18,2026098882,0.9,1.5,0.5,0.05,0.05,0.02,0.02,tie32_open18,1.0030358596149676,1.0079684335331687,0.9786115092151751,1.032307872797317,0,0,0,0,0,0.0,0.7668043223955993,0.9681092230162495,1.0085569037501878
267,7,19,2026098883,0.9,1.5,0.5,0.05,0.05,0.02,0.02,tie32_open18,0.9910256232536312,1.0160135219294184,0.9781691670548026,1.007660263406165,0,0,0,0,0,0.0,0.7935039056345915,0.9670763867274016,1.0072150897960792
267,8,0,2026099873,0.9,1.5,0.5,0.05,0.05,0.02,0.02,tie32_open18,1.0161379603725123,0.9939090951528415,1.0117496258827379,1.0567001423477411,0,0,0,0,0,0.0,1.266730184947645,0.9638900491467911,1.0343153489678505
267,8,1,2026099874,0.9,1.5,0.5,0.05,0.05,0.02,0.02,tie32_open18,0.9845732742617117,1.0064293609610118,1.0221516251629,1.006363434759448,0,0,0,0,0,0.0,1.2607015638760821,0.963798118064319,1.0296213853041207
267,8,2,2026099875,0.9,1.5,0.5,0.05,0.05,0.02,0.02,tie32_open18,0.991192076588569,1.0013819381924012,1.006073286733549,1.0014328915085382,0,0,0,0,0,0.0,1.227380873122013,0.9639406996674268,1.0299303883989002
267,8,3,2026099876,0.9,1.5,0.5,0.05,0.05,0.02,0.02,tie32_open18,1.0078006110651938,1.0150064146401758,1.013708042457214,0.9425432983520019,0,0,0,0,0,0.0,1.2941571492482973,0.962231976172114,1.0249338600715494
267,8,4,2026099877,0.9,1.5,0.5,0.05,0.05,0.02,0.02,tie32_open18,1.0068358967985058,1.0102858958264938,1.0171935126516591,0.9857305922735741,0,0,0,0,0,0.0,1.285218448710361,0.9630158023017061,1.0291604083667056
267,8,5,2026099878,0.9,1.5,0.5,0.05,0.05,0.02,0.02,tie32_open18,1.0016745843684582,1.009137316630954,1.0078287622198892,0.9845453085218873,0,0,0,0,0,0.0,1.2096570103394197,0.9649599445072665,1.0290244227032066
267,8,6,2026099879,0.9,1.5,0.5,0.05,0.05,0.02,0.02,tie32_open18,0.990696620983362,0.9927010979897094,1.0399488891394013,0.9923804559922975,0,0,0,0,0,0.0,1.3351825108189102,0.9621212890302977,1.0279364449692305
267,8,7,2026099880,0.9,1.5,0.5,0.05,0.05,0.02,0.02,tie32_open18,0.9862089345661036,0.9909206167741181,1.008412492839833,0.9932383737334665,0,0,0,0,0,0.0,1.2540897376438083,0.963305316439995,1.02840286204863
267,8,8,2026099881,0.9,1.5,0.5,0.05,0.05,0.02,0.02,tie32_open18,0.9935878597193332,0.9923119904235772,0.9916791562316032,1.0253142210704178,0,0,0,0,0,0.0,1.1987345122003608,0.9640185610613331,1.0313858703819148
267,8,9,2026099882,0.9,1.5,0.5,0.05,0.05,0.02,0.02,tie32_open18,1.0006550730312787,0.9996451702185094,0.9904607045218238,1.022399209993527,0,0,0,0,0,0.0,1.2329944332817522,0.9628594215351443,1.0312163022697296
267,8,10,2026099883,0.9,1.5,0.5,0.05,0.05,0.02,0.02,tie32_open18,0.9959495602106572,1.0158754360611788,0.9775929599806006,0.9795759763621882,0,0,0,0,0,0.0,1.1587327406550791,0.9645328785810554,1.0288865171986672
267,8,11,2026099884,0.9,1.5,0.5,0.05,0.05,0.02,0.02,tie32_open18,0.9986639940794938,1.0121285178512123,0.9868003279361314,1.0187320120348042,0,0,0,0,0,0.0,1.1929317925968792,0.9638411789247475,1.0316673198432136
267,8,12,2026099885,0.9,1.5,0.5,0.05,0.05,0.02,0.02,tie32_open18,1.0180911179441905,1.004864673277073,1.03500289748538,0.997852857007313,0,0,0,0,0,0.0,1.3680956820852102,0.9608268188902171,1.0287374912388698
267,8,13,2026099886,0.9,1.5,0.5,0.05,0.05,0.02,0.02,tie32_open18,1.012180376136796,1.0007578737905862,1.0047642442481164,0.9965650523209072,0,0,0,0,0,0.0,1.2810965497804963,0.9619447943688312,1.0294411515948132
267,8,14,2026099887,0.9,1.5,0.5,0.05,0.05,0.02,0.02,tie32_open18,0.9901446238124283,0.9863155808660435,0.966575305234069,1.0078420715421161,0,0,0,0,0,0.0,1.1517977035314542,0.9637630527568146,1.0299962116477694
267,8,15,2026099888,0.9,1.5,0.5,0.05,0.05,0.02,0.02,tie32_open18,1.0080837872398105,0.9944307447358635,1.0534911335568893,0.97219065092902,0,0,0,0,0,0.0,1.3826703865188081,0.9618138323717846,1.0270497464431296
267,8,16,2026099889,0.9,1.5,0.5,0.05,0.05,0.02,0.02,tie32_open18,0.9909865141415787,0.9909643158786362,1.0090817983813762,1.0067980493405573,0,0,0,0,0,0.0,1.2440320281003827,0.9634793412569129,1.0289043028092812
267,8,17,2026099890,0.9,1.5,0.5,0.05,0.05,0.02,0.02,tie32_open18,0.9957178162082537,1.0055473906553172,0.9985917247882149,0.9808244635614423,0,0,0,0,0,0.0,1.2450158829209768,0.9627164183255542,1.0276416594837052
267,8,18,2026099891,0.9,1.5,0.5,0.05,0.05,0.02,0.02,tie32_open18,0.9832216586887267,0.9848164146694895,0.9969111051023618,0.9669090275753205,0,0,0,0,0,0.0,1.1818569853905216,0.964712752513131,1.027252551695947
267,8,19,2026099892,0.9,1.5,0.5,0.05,0.05,0.02,0.02,tie32_open18,0.9896648885110529,1.0027186125193475,0.9973517723802101,1.0068722769335414,0,0,0,0,0,0.0,1.1767444163558851,0.9652837883180428,1.0294600966076648
267,9,0,2026100882,0.9,1.5,0.5,0.05,0.05,0.02,0.02,tie32_open18,0.9951137398557041,1.0054977062676804,1.0152803040210792,1.0303059941554846,0,0,0,0,0,0.0,0.8760299557160703,0.9669956808760883,1.0257356759416336
267,9,1,2026100883,0.9,1.5,0.5,0.05,0.05,0.02,0.02,tie32_open18,0.9965236747614815,1.0033370242496518,1.0032368079835599,1.0128831045756255,0,0,0,0,0,0.0,0.8648898466045589,0.9667091933240651,1.0246531679721562
267,9,2,2026100884,0.9,1.5,0.5,0.05,0.05,0.02,0.02,tie32_open18,1.0081968138389539,0.9962930128574033,1.00971722769342,0.9929984029588271,0,0,0,0,0,0.0,0.8763206752080909,0.9668357467241808,1.0241080700032117
267,9,3,2026100885,0.9,1.5,0.5,0.05,0.05,0.02,0.02,tie32_open18,1.0023095840536136,0.9975666851817274,0.9889828395397714,1.031735871051913,0,0,0,0,0,0.0,0.8314497781367102,0.9675997892578301,1.026741822521433
267,9,4,2026100886,0.9,1.5,0.5,0.05,0.05,0.02,0.02,tie32_open18,1.0022239543117857,0.9872320274652789,1.0128520270107462,0.9864196295308704,0,0,0,0,0,0.0,0.8908318999354096,0.9662654196642545,1.0230697985244355
267,9,5,2026100887,0.9,1.5,0.5,0.05,0.05,0.02,0.02,tie32_open18,1.0087068741935699,1.007040086450337,0.9814713141524944,1.0259200689586427,0,0,0,0,0,0.0,0.8084904331129674,0.9677700930861678,1.0275956198967486
267,9,6,2026100888,0.9,1.5,0.5,0.05,0.05,0.02,0.02,tie32_open18,1.0077772369774176,1.013369742336873,0.9622550484925351,0.965614744480395,0,0,0,0,0,0.0,0.8070989453271821,0.9673396964625032,1.0237092953523634
267,9,7,2026100889,0.9,1.5,0.5,0.05,0.05,0.02,0.02,tie32_open18,1.0071305870471907,0.9896964994840545,1.0170289764979552,0.9901248444560968,0,0,0,0,0,0.0,0.8928533069505284,0.9665951890156878,1.023766196128611
267,9,8,2026100890,0.9,1.5,0.5,0.05,0.05,0.02,0.02,tie32_open18,0.9949722177931177,0.9908246027770747,1.0091694706683487,1.0008706655563888,0,0,0,0,0,0.0,0.8517744461463317,0.9676035874153005,1.023587258864955
267,9,9,2026100891,0.9,1.5,0.5,0.05,0.05,0.02,0.02,tie32_open18,1.0052732090517238,0.9931258984347837,1.0114838565759237,0.9789551839451943,0,0,0,0,0,0.0,0.8796250510709477,0.966436098186782,1.0231704227693452
267,9,10,2026100892,0.9,1.5,0.5,0.05,0.05,0.02,0.02,tie32_open18,0.9922409382392982,1.0132469280324465,1.014538681174148,1.0286129878646597,0,0,0,0,0,0.0,0.866528602744231,0.9669793174086853,1.0261305053583407
267,9,11,2026100893,0.9,1.5,0.5,0.05,0.05,0.02,0.02,tie32_open18,0.9882230758146875,1.002048004795431,1.0055459438403582,0.9842451815598151,0,0,0,0,0,0.0,0.8369135695961125,0.9681506640158355,1.0226421217653416
267,9,12,2026100894,0.9,1.5,0.5,0.05,0.05,0.02,0.02,tie32_open18,1.0139674434605233,1.0113045456183951,1.0112596377949241,0.9886164891114967,0,0,0,0,0,0.0,0.8771572048684473,0.9667764631272712,1.0237888331271197
267,9,13,2026100895,0.9,1.5,0.5,0.05,0.05,0.02,0.02,tie32_open18,1.0007339517805067,1.0000749243598706,1.0338438381074049,1.0025523868168675,0,0,0,0,0,0.0,0.9166926615621007,0.9666109054287166,1.0235736416090773
267,9,14,2026100896,0.9,1.5,0.5,0.05,0.05,0.02,0.02,tie32_open18,1.0012277385348338,1.0053022869383983,1.0185342313207804,1.0128000453677628,0,0,0,0,0,0.0,0.9068298027138768,0.9661763982445685,1.0242445040926806
267,9,15,2026100897,0.9,1.5,0.5,0.05,0.05,0.02,0.02,tie32_open18,1.0023378102809426,1.0055687578440413,1.022076543296618,0.9933319903636456,0,0,0,0,0,0.0,0.9086899189227622,0.9662091607228104,1.0231358857010515
267,9,16,2026100898,0.9,1.5,0.5,0.05,0.05,0.02,0.02,tie32_open18,0.9944657465014909,0.995997377081602,1.0086751710209692,1.00188251056079,0,0,0,0,0,0.0,0.8623056853256064,0.9670003591699585,1.0247768653376463
267,9,17,2026100899,0.9,1.5,0.5,0.05,0.05,0.02,0.02,tie32_open18,1.005366159981962,0.9979319705236536,1.0206415303489862,0.9956494620954505,0,0,0,0,0,0.0,0.8764382698286631,0.967289984898276,1.0237063759037779
267,9,18,2026100900,0.9,1.5,0.5,0.05,0.05,0.02,0.02,tie32_open18,1.0095088736293414,1.0030509525943239,0.9938075304503349,1.0307756885275825,0,0,0,0,0,0.0,0.8403842302254106,0.9672551293750513,1.026799395353171
267,9,19,2026100901,0.9,1.5,0.5,0.05,0.05,0.02,0.02,tie32_open18,0.996334359312604,1.002989802545237,1.0156220280068797,1.0326501569139532,0,0,0,0,0,0.0,0.8814461200140192,0.9665803963276728,1.026172378155315
267,10,0,2026101891,0.9,1.5,0.5,0.05,0.05,0.02,0.02,tie32_open18,1.0036874930067656,1.0165587868049262,0.9937942795865604,0.9831896938434771,0,0,0,0,0,0.0,0.842673865416335,0.9664082860252379,1.0153113770097886
267,10,1,2026101892,0.9,1.5,0.5,0.05,0.05,0.02,0.02,tie32_open18,0.9968824247612101,1.0005747856310359,0.9857362650313909,1.0101309248987336,0,0,0,0,0,0.0,0.828844541466247,0.9658116638484995,1.0171603378659306
267,10,2,2026101893,0.9,1.5,0.5,0.05,0.05,0.02,0.02,tie32_open18,1.0092971919638543,0.9892888817837193,0.9837016232404645,0.9912457908298418,0,0,0,0,0,0.0,0.7986443379906975,0.9676279983686948,1.016447571174399
267,10,3,2026101894,0.9,1.5,0.5,0.05,0.05,0.02,0.02,tie32_open18,1.0213879278627496,0.9882905292730069,0.9976246860247886,0.9972812087157554,0,0,0,0,0,0.0,0.8307692591617594,0.9666662594455209,1.0165965893946822
267,10,4,2026101895,0.9,1.5,0.5,0.05,0.05,0.02,0.02,tie32_open18,1.0032209255383162,0.9912249177119795,0.9881187724295448,1.005838281733129,0,0,0,0,0,0.0,0.8206623648613953,0.9668669099840848,1.017172846673892
267,10,5,2026101896,0.9,1.5,0.5,0.05,0.05,0.02,0.02,tie32_open18,1.009118215280733,0.9956995605595311,1.0223764700817182,1.0205541737229256,0,0,0,0,0,0.0,0.8905830129477059,0.9660417854246454,1.0164012326139935
267,10,6,2026101897,0.9,1.5,0.5,0.05,0.05,0.02,0.02,tie32_open18,1.0123654931951682,0.9945201007425407,0.9930727842462665,1.007529522583662,0,0,0,0,0,0.0,0.8153341874103764,0.9670209785005136,1.0177237949829216
267,10,7,2026101898,0.9,1.5,0.5,0.05,0.05,0.02,0.02,tie32_open18,0.9924159936572888,0.9957121158680854,1.0152858929400206,0.9887541008312171,0,0,0,0,0,0.0,0.8493828385798172,0.9674431814406023,1.0155199440334244
267,10,8,2026101899,0.9,1.5,0.5,0.05,0.05,0.02,0.02,tie32_open18,0.9998100343640801,0.9865026287916125,0.9951831356109709,0.9920706443334868,0,0,0,0,0,0.0,0.8105284622611482,0.9675861287103434,1.0160961440487921
267,10,9,2026101900,0.9,1.5,0.5,0.05,0.05,0.02,0.02,tie32_open18,0.990986987369025,1.0029820475193827,1.036353174469976,0.977504031735264,0,0,0,0,0,0.0,0.8963187935961106,0.9666843695357867,1.0138289576082915
267,10,10,2026101901,0.9,1.5,0.5,0.05,0.05,0.02,0.02,tie32_open18,0.9931971107659004,1.0105024605323978,1.0163305989734068,0.9901989311046058,0,0,0,0,0,0.0,0.853969837560641,0.9667328931126348,1.0156176009597078
267,10,11,2026101902,0.9,1.5,0.5,0.05,0.05,0.02,0.02,tie32_open18,1.0008185949436128,0.995962822493346,0.985103522636588,1.0146255015195595,0,0,0,0,0,0.0,0.8042177853281003,0.9677832686091662,1.0169107589777704
267,10,12,2026101903,0.9,1.5,0.5,0.05,0.05,0.02,0.02,tie32_open18,0.9972870315632084,1.0044040888436094,0.981017788743927,1.0226324821860968,0,0,0,0,0,0.0,0.7942080532684549,0.9673926564182643,1.0182340327302324
267,10,13,2026101904,0.9,1.5,0.5,0.05,0.05,0.02,0.02,tie32_open18,0.999668215720791,0.9997211098955874,1.024502138245788,1.0076410190164333,0,0,0,0,0,0.0,0.8697114551371166,0.966786350556119,1.0160459709515093
267,10,14,2026101905,0.9,1.5,0.5,0.05,0.05,0.02,0.02,tie32_open18,1.0076328050123495,0.9986513877293494,1.0025484656805965,1.0119398750554305,0,0,0,0,0,0.0,0.8296209794983036,0.9669731851913541,1.0165305007842718
267,10,15,2026101906,0.9,1.5,0.5,0.05,0.05,0.02,0.02,tie32_open18,1.0079364634598706,0.9974960640880555,1.0082387902562762,1.0221242693756283,0,0,0,0,0,0.0,0.8425799725987595,0.9667735317470383,1.0176516720193147
267,10,16,2026101907,0.9,1.5,0.5,0.05,0.05,0.02,0.02,tie32_open18,0.9926456533937443,0.9926448930281764,0.9903252979893947,0.9890571793463732,0,0,0,0,0,0.0,0.7953054657510181,0.9677725442325659,1.0160929091216822
267,10,17,2026101908,0.9,1.5,0.5,0.05,0.05,0.02,0.02,tie32_open18,1.0048002059510952,1.0098331676099648,1.0164354783985845,0.9769248877685394,0,0,0,0,0,0.0,0.8602699277281287,0.9666116558776726,1.014584026463892
267,10,18,2026101909,0.9,1.5,0.5,0.05,0.05,0.02,0.02,tie32_open18,0.985993789554908,0.9967741483161818,1.0062850534838186,1.0079141579422646,0,0,0,0,0,0.0,0.8220033909200051,0.9675551688177526,1.016537894666197
267,10,19,2026101910,0.9,1.5,0.5,0.05,0.05,0.02,0.02,tie32_open18,0.9959066327469233,0.9999740761017479,1.0081539914880693,0.9194117588306847,0,0,0,0,0,0.0,0.8416413604645032,0.9669139498106942,1.0121798324158355
267,11,0,2026102900,0.9,1.5,0.5,0.05,0.05,0.02,0.02,tie32_open18,0.9861703137935893,1.022529421164886,1.0378252675802555,1.0454509345590592,0,0,0,0,0,0.0,1.4150765390691704,0.9599190019946792,1.0357538515595086
267,11,1,2026102901,0.9,1.5,0.5,0.05,0.05,0.02,0.02,tie32_open18,0.9898694391694599,1.0109142083859755,0.9526871332153954,0.9659681637143575,0,0,0,0,0,0.0,1.15101156258622,0.9644328435672959,1.0331408502042172
267,11,2,2026102902,0.9,1.5,0.5,0.05,0.05,0.02,0.02,tie32_open18,1.0101351785392927,0.9972275809123019,0.9775517963137196,0.9760317318863069,0,0,0,0,0,0.0,1.2596664479384418,0.9622459207407231,1.0340766084214625
267,11,3,2026102903,0.9,1.5,0.5,0.05,0.05,0.02,0.02,tie32_open18,0.9931488423536087,1.0028918028146334,0.9719835305084952,1.0076150537958752,0,0,0,0,0,0.0,1.193534928703176,0.9637184569143037,1.034968660208653
267,11,4,2026102904,0.9,1.5,0.5,0.05,0.05,0.02,0.02,tie32_open18,0.9901619326941344,0.9986013922036652,1.0171070279726175,1.0373463006172363,0,0,0,0,0,0.0,1.3311939365059797,0.9618979033392813,1.0358028531301928
267,11,5,2026102905,0.9,1.5,0.5,0.05,0.05,0.02,0.02,tie32_open18,1.0011170165912446,1.0042903109375547,1.0010510082761936,1.0211985707793034,0,0,0,0,0,0.0,1.3083541635777487,0.9623086692232059,1.0362999706355893
267,11,6,2026102906,0.9,1.5,0.5,0.05,0.05,0.02,0.02,tie32_open18,0.9968035949597785,1.0047695107566856,0.9765645412674685,0.9995788250502708,0,0,0,0,0,0.0,1.2295102868507994,0.9626273614764868,1.0340838664601764
267,11,7,2026102907,0.9,1.5,0.5,0.05,0.05,0.02,0.02,tie32_open18,0.9973947561769965,1.005457166114983,0.99957376239012,1.0033164232530634,0,0,0,0,0,0.0,1.2914252636542465,0.9616381208789266,1.033131023953701
267,11,8,2026102908,0.9,1.5,0.5,0.05,0.05,0.02,0.02,tie32_open18,1.0092818310448093,1.0048369819421736,0.9906020822173213,1.042660189455438,0,0,0,0,0,0.0,1.3331585080701256,0.9599203522755962,1.0372790858619683
267,11,9,2026102909,0.9,1.5,0.5,0.05,0.05,0.02,0.02,tie32_open18,0.9957760609908493,0.9943463875908489,1.0098040240571784,1.0160661435027842,0,0,0,0,0,0.0,1.328773592782401,0.9611552745791191,1.0347368355795417
267,11,10,2026102910,0.9,1.5,0.5,0.05,0.05,0.02,0.02,tie32_open18,0.989025887109354,1.014920106685028,0.9910400780764618,0.9772441994095225,0,0,0,0,0,0.0,1.300937461108749,0.9605672728371394,1.0315299107726026
267,11,11,2026102911,0.9,1.5,0.5,0.05,0.05,0.02,0.02,tie32_open18,1.003169015877149,0.9832858385655241,1.0031392824971597,1.0213310214299307,0,0,0,0,0,0.0,1.3157237726125761,0.9618731589414645,1.0354639725528356
267,11,12,2026102912,0.9,1.5,0.5,0.05,0.05,0.02,0.02,tie32_open18,0.9939316641873707,0.9926691191379702,0.9753475817034187,0.9786739290867499,0,0,0,0,0,0.0,1.2215095996953267,0.9630394319185914,1.0331991819360058
267,11,13,2026102913,0.9,1.5,0.5,0.05,0.05,0.02,0.02,tie32_open18,1.0087433098047103,1.0060138596251706,1.0064108021174503,1.0210740223723553,0,0,0,0,0,0.0,1.3320205736704402,0.9613312090949574,1.034838707404445
267,11,14,2026102914,0.9,1.5,0.5,0.05,0.05,0.02,0.02,tie32_open18,0.9904375723546179,0.9981471337965775,1.0001772644547289,0.989046963892657,0,0,0,0,0,0.0,1.2773053247039823,0.9624149924183337,1.0333461909013681
267,11,15,2026102915,0.9,1.5,0.5,0.05,0.05,0.02,0.02,tie32_open18,0.9908305286438569,0.9722499755045235,0.9729566488029917,0.9770315267789885,0,0,0,0,0,0.0,1.2098458372569516,0.9631568892127991,1.0327126886663365
267,11,16,2026102916,0.9,1.5,0.5,0.05,0.05,0.02,0.02,tie32_open18,0.985794185527222,1.0005470583903981,1.009352851318997,1.0025703025550405,0,0,0,0,0,0.0,1.3060194433170333,0.9618530651204953,1.0334385980817837
267,11,17,2026102917,0.9,1.5,0.5,0.05,0.05,0.02,0.02,tie32_open18,0.9999916210496511,0.9970184210528328,1.015121574840229,1.0216594534661352,0,0,0,0,0,0.0,1.3835497429417594,0.9595711198247497,1.0343453269152412
267,11,18,2026102918,0.9,1.5,0.5,0.05,0.05,0.02,0.02,tie32_open18,0.9910575300733253,0.9907318177845825,1.0258602423719985,1.0229239243557529,0,0,0,0,0,0.0,1.375981737297502,0.9602826070787315,1.0341321081105048
267,11,19,2026102919,0.9,1.5,0.5,0.05,0.05,0.02,0.02,tie32_open18,1.0129991119835056,1.0007486405622252,1.0422268500995955,0.9731873701622961,0,0,0,0,0,0.0,1.4477218729096009,0.95957198439257,1.0315262043777618
267,12,0,2026103909,0.9,1.5,0.5,0.05,0.05,0.02,0.02,tie32_open18,1.0015091002932912,0.987116391857261,1.0352262265107408,1.0006264237141704,0,0,0,0,0,0.0,1.784608299106952,0.9570386505773366,1.006700058712475
267,12,1,2026103910,0.9,1.5,0.5,0.05,0.05,0.02,0.02,tie32_open18,1.009401046112759,0.9948791614489815,1.0038007738176995,0.9823373283855185,0,0,0,0,0,0.0,1.6963733263037033,0.9574190234248516,1.0063190851382728
267,12,2,2026103911,0.9,1.5,0.5,0.05,0.05,0.02,0.02,tie32_open18,0.9983624400332007,1.0065580436180392,1.0053909564874373,1.0005936662847184,0,0,0,0,0,0.0,1.6958342427853081,0.9577332880110837,1.0074544244050916
267,12,3,2026103912,0.9,1.5,0.5,0.05,0.05,0.02,0.02,tie32_open18,1.0019690270632418,0.9917064451654158,0.9987311354424233,1.012641119485289,0,0,0,0,0,0.0,1.6815492176837838,0.9569961070217562,1.0073744023911435
267,12,4,2026103913,0.9,1.5,0.5,0.05,0.05,0.02,0.02,tie32_open18,1.005655020131946,0.9984531770445926,1.011516069481007,1.0125882399974966,0,0,0,0,0,0.0,1.678338165311698,0.9585298655981052,1.0075629210444188
267,12,5,2026103914,0.9,1.5,0.5,0.05,0.05,0.02,0.02,tie32_open18,0.9915024353800874,0.9898018133737938,0.9796075507509142,0.9927744743700527,0,0,0,0,0,0.0,1.6081570833349796,0.9577859471419522,1.0057887487209705
267,12,6,2026103915,0.9,1.5,0.5,0.05,0.05,0.02,0.02,tie32_open18,0.9963304617492867,0.9986304674124018,0.9674668245969863,1.022851676511764,0,0,0,0,0,0.0,1.4937444013849486,0.9594539387803667,1.0080930794028422
267,12,7,2026103916,0.9,1.5,0.5,0.05,0.05,0.02,0.02,tie32_open18,1.0011482327295185,1.022785794506023,0.9933611768450469,1.0196994035207152,0,0,0,0,0,0.0,1.6523880719599109,0.9577974469122531,1.007899517080009
267,12,8,2026103917,0.9,1.5,0.5,0.05,0.05,0.02,0.02,tie32_open18,1.00883522798818,0.9977478922572987,1.01851295943767,0.9692266627659506,0,0,0,0,0,0.0,1.7461130924799455,0.957576134003442,1.00583731111588
267,12,9,2026103918,0.9,1.5,0.5,0.05,0.05,0.02,0.02,tie32_open18,1.0049539307319801,1.0115870204146735,0.9853351948646991,0.971531759431363,0,0,0,0,0,0.0,1.5845235841214453,0.9590313915074911,1.0064132213488408
267,12,10,2026103919,0.9,1.5,0.5,0.05,0.05,0.02,0.02,tie32_open18,1.0085412010167532,0.996313138372247,1.0102650078522435,0.9851139217135654,0,0,0,0,0,0.0,1.7481024881277818,0.9566170783080469,1.0062102553662764
267,12,11,2026103920,0.9,1.5,0.5,0.05,0.05,0.02,0.02,tie32_open18,1.0115213158071914,1.0026560669478757,0.9807302379798313,0.9674510765886002,0,0,0,0,0,0.0,1.615892297485854,0.958293901267469,1.0061762760938062
267,12,12,2026103921,0.9,1.5,0.5,0.05,0.05,0.02,0.02,tie32_open18,0.995572311961477,0.9936891628477421,0.9771618052300654,0.9750259604137812,0,0,0,0,0,0.0,1.5729655089899985,0.9587720563345514,1.0057298264639503
267,12,13,2026103922,0.9,1.5,0.5,0.05,0.05,0.02,0.02,tie32_open18,0.9824083871341737,1.010980735990985,0.9888906037786153,1.0216275827139787,0,0,0,0,0,0.0,1.5679124178602168,0.9594553663549981,1.008190212053068
267,12,14,2026103923,0.9,1.5,0.5,0.05,0.05,0.02,0.02,tie32_open18,0.9973205443288445,1.0118988650566785,0.9805427911601955,0.9986874279431608,0,0,0,0,0,0.0,1.5690880180959148,0.958723129746627,1.0070223030500915
267,12,15,2026103924,0.9,1.5,0.5,0.05,0.05,0.02,0.02,tie32_open18,1.0004960292366307,0.9987413665466881,1.0276397025944808,1.0339340164279611,0,0,0,0,0,0.0,1.844793322455263,0.9547994005533269,1.0069204245055892
267,12,16,2026103925,0.9,1.5,0.5,0.05,0.05,0.02,0.02,tie32_open18,1.0049241607736876,1.0103151771133643,0.9659072301429145,0.9918697680475949,0,0,0,0,0,0.0,1.5760436139925849,0.9575629537895237,1.0064708278594685
267,12,17,2026103926,0.9,1.5,0.5,0.05,0.05,0.02,0.02,tie32_open18,0.9894099202758553,0.9851852165107976,0.9964049789639358,1.0049170435433816,0,0,0,0,0,0.0,1.6263602833954176,0.9582846434926123,1.0066978892470042
267,12,18,2026103927,0.9,1.5,0.5,0.05,0.05,0.02,0.02,tie32_open18,1.0034425069383945,0.9932278747047739,0.9805648928696454,0.9943819741186772,0,0,0,0,0,0.0,1.638575144223633,0.9566667047478896,1.0061960329153434
267,12,19,2026103928,0.9,1.5,0.5,0.05,0.05,0.02,0.02,tie32_open18,0.9983988075787128,0.9908037131769437,0.9669841889813563,1.0044437518774676,0,0,0,0,0,0.0,1.4966883452276643,0.9597666690540837,1.0078843664516703
267,13,0,2026104918,0.9,1.5,0.5,0.05,0.05,0.02,0.02,tie32_open18,1.0092561305003616,1.0024766320951417,0.9844365367379516,0.9498595867487302,0,0,0,0,0,0.0,1.9819609704242322,0.9551821010806856,1.0
267,13,1,2026104919,0.9,1.5,0.5,0.05,0.05,0.02,0.02,tie32_open18,0.9986017809614962,1.0118818071614941,1.0196950586143807,0.9793763844813193,0,0,0,0,0,0.0,2.098108357932608,0.955947128319519,1.0
267,13,2,2026104920,0.9,1.5,0.5,0.05,0.05,0.02,0.02,tie32_open18,0.9871300271474742,0.9953110537763463,0.9772885312073059,0.9888037932365691,0,0,0,0,0,0.0,1.8800331593872492,0.9564266791636655,1.0
267,13,3,2026104921,0.9,1.5,0.5,0.05,0.05,0.02,0.02,tie32_open18,0.9933832305322775,0.9994932183138253,1.006820058173424,1.011012531073591,0,0,0,0,0,0.0,2.0461724504328944,0.9553786985631887,1.0
267,13,4,2026104922,0.9,1.5,0.5,0.05,0.05,0.02,0.02,tie32_open18,1.0159469321371204,0.9914128944107417,1.0052407856402585,1.0180848158973628,0,0,0,0,0,0.0,2.1015047034717846,0.953744035644971,1.0
267,13,5,2026104923,0.9,1.5,0.5,0.05,0.05,0.02,0.02,tie32_open18,0.9828115089676625,1.0016659495542481,0.9572828723180768,0.955940354990925,0,0,0,0,0,0.0,1.7712896293799874,0.9579209054380041,1.0
267,13,6,2026104924,0.9,1.5,0.5,0.05,0.05,0.02,0.02,tie32_open18,1.0007571728600169,1.0069842768847586,0.9811904251625733,0.9960510426065968,0,0,0,0,0,0.0,1.9157610588694733,0.9566220863556013,1.0
267,13,7,2026104925,0.9,1.5,0.5,0.05,0.05,0.02,0.02,tie32_open18,0.9979776152678003,0.9887658141872875,0.9844898616110233,0.9899550667620596,0,0,0,0,0,0.0,1.928250909266341,0.9558014716182667,1.0
267,13,8,2026104926,0.9,1.5,0.5,0.05,0.05,0.02,0.02,tie32_open18,1.003954691919784,1.0016775200238477,0.9843336995849785,1.016478009795546,0,0,0,0,0,0.0,1.8971997223138515,0.9566623695615685,1.0
267,13,9,2026104927,0.9,1.5,0.5,0.05,0.05,0.02,0.02,tie32_open18,0.9987135594451306,0.9974298593850035,0.9791186096500738,1.0140969891855367,0,0,0,0,0,0.0,1.8941264591899867,0.9562403328489885,1.0
267,13,10,2026104928,0.9,1.5,0.5,0.05,0.05,0.02,0.02,tie32_open18,1.0031921242052257,0.9908986930864743,1.0080643360509107,0.9894953815370635,0,0,0,0,0,0.0,2.0006256503876276,0.9560511493659188,1.0
267,13,11,2026104929,0.9,1.5,0.5,0.05,0.05,0.02,0.02,tie32_open18,0.987804293013151,0.9993963834979225,1.0095120053614641,0.9915100753586426,0,0,0,0,0,0.0,2.033216370513039,0.95563499297733,1.0
267,13,12,2026104930,0.9,1.5,0.5,0.05,0.05,0.02,0.02,tie32_open18,1.0054984641472817,0.9988268779175529,1.0230329016377198,0.9987903273801735,0,0,0,0,0,0.0,2.097576343123579,0.9557777120877001,1.0
267,13,13,2026104931,0.9,1.5,0.5,0.05,0.05,0.02,0.02,tie32_open18,1.0189384408753395,0.9896278833137918,0.9925849881018276,0.9737936676594517,0,0,0,0,0,0.0,1.949676139786847,0.9569814972549479,1.0
267,13,14,2026104932,0.9,1.5,0.5,0.05,0.05,0.02,0.02,tie32_open18,0.9858790117930717,0.9959704510691075,0.966747253190573,1.0213039484059911,0,0,0,0,0,0.0,1.754775756648832,0.9580989581465327,1.0
267,13,15,2026104933,0.9,1.5,0.5,0.05,0.05,0.02,0.02,tie32_open18,0.9899776860904163,0.9998823354608715,1.017215342267307,1.0346069452685898,0,0,0,0,0,0.0,2.02693182652247,0.9557219511037263,1.0
267,13,16,2026104934,0.9,1.5,0.5,0.05,0.05,0.02,0.02,tie32_open18,0.9883321526630457,1.0072852518216695,0.9806765970146673,0.9957094991199802,0,0,0,0,0,0.0,1.8404239946749215,0.9582606146992008,1.0
267,13,17,2026104935,0.9,1.5,0.5,0.05,0.05,0.02,0.02,tie32_open18,0.9928915158402053,0.9942331738152521,0.9815575793321598,0.9804878649091593,0,0,0,0,0,0.0,1.8837496651841015,0.9572613515382818,1.0
267,13,18,2026104936,0.9,1.5,0.5,0.05,0.05,0.02,0.02,tie32_open18,0.9937621629376571,1.0086837586012496,0.9794112481868162,1.0114498312826035,0,0,0,0,0,0.0,1.8018476445696403,0.9586217782090721,1.0
267,13,19,2026104937,0.9,1.5,0.5,0.05,0.05,0.02,0.02,tie32_open18,0.9912129349269073,1.003803638975209,1.0378844064841573,0.9873483747882079,0,0,0,0,0,0.0,2.1419314973893746,0.9561949146515445,1.0
267,14,0,2026105927,0.9,1.5,0.5,0.05,0.05,0.02,0.02,tie32_open18,0.9971314426023502,1.005634825195728,1.0127976303774804,1.021687907894727,0,0,0,0,0,0.0,1.9331800489350492,0.9554489005212901,1.0071503952394483
267,14,1,2026105928,0.9,1.5,0.5,0.05,0.05,0.02,0.02,tie32_open18,1.0041681870548114,0.983559629405924,1.0245430577346686,1.0136391873159358,0,0,0,0,0,0.0,1.9884561180051992,0.9554272590711955,1.0072539902996924
267,14,2,2026105929,0.9,1.5,0.5,0.05,0.05,0.02,0.02,tie32_open18,0.9918896175949499,0.9926583812138474,0.9816599049699014,0.9920419247186062,0,0,0,0,0,0.0,1.813646210730287,0.9556170164571092,1.0062009234053289
267,14,3,2026105930,0.9,1.5,0.5,0.05,0.05,0.02,0.02,tie32_open18,0.9890676081208941,0.997841661365122,1.0081473766695617,1.0099321823323015,0,0,0,0,0,0.0,1.9010495087694015,0.9564028421071341,1.0070423810175937
267,14,4,2026105931,0.9,1.5,0.5,0.05,0.05,0.02,0.02,tie32_open18,0.9978370600362364,0.9996204220546514,1.0516817983836204,0.9873763203941407,0,0,0,0,0,0.0,2.1827864867279496,0.9537275193762825,1.0053381614420083
267,14,5,2026105932,0.9,1.5,0.5,0.05,0.05,0.02,0.02,tie32_open18,0.991969764722641,1.006333880016042,1.0435705547193348,1.0026180752174194,0,0,0,0,0,0.0,2.1330584013595373,0.9539221958314921,1.0059801414905705
267,14,6,2026105933,0.9,1.5,0.5,0.05,0.05,0.02,0.02,tie32_open18,0.9919588807101155,1.0066021955544637,0.9667435617958156,0.9836345814000325,0,0,0,0,0,0.0,1.755112973921756,0.9562598383769821,1.0056877284484547
267,14,7,2026105934,0.9,1.5,0.5,0.05,0.05,0.02,0.02,tie32_open18,1.0056580425652653,0.9978627746852317,0.9723761235857453,0.9920703346983135,0,0,0,0,0,0.0,1.7440336917238086,0.9567994269031267,1.0068852368120078
267,14,8,2026105935,0.9,1.5,0.5,0.05,0.05,0.02,0.02,tie32_open18,0.9840427967445852,0.9985778849331655,1.0015724383891904,0.9774375146927314,0,0,0,0,0,0.0,1.8253587038046943,0.9573872526465458,1.0061952908122738
267,14,9,2026105936,0.9,1.5,0.5,0.05,0.05,0.02,0.02,tie32_open18,1.0075992361968353,1.002159531829418,1.0194153692328893,1.0218065358127335,0,0,0,0,0,0.0,1.9984915550575815,0.9545568858524701,1.007081920015599
267,14,10,2026105937,0.9,1.5,0.5,0.05,0.05,0.02,0.02,tie32_open18,0.9948362172431185,1.005456359020723,1.0172113961748606,1.0109905165619097,0,0,0,0,0,0.0,1.9622470981519649,0.9555096301910354,1.0070513321102377
267,14,11,2026105938,0.9,1.5,0.5,0.05,0.05,0.02,0.02,tie32_open18,1.0052202776916186,1.0031387925709634,0.9804130295747409,1.0022044592453734,0,0,0,0,0,0.0,1.7935183422028769,0.9563969006155209,1.0070303792361077
267,14,12,2026105939,0.9,1.5,0.5,0.05,0.05,0.02,0.02,tie32_open18,0.9841753658927995,0.9901132462088182,1.0059339520432737,1.0095744717097983,0,0,0,0,0,0.0,1.931976422366913,0.9552313043482084,1.0063758118194515
267,14,13,2026105940,0.9,1.5,0.5,0.05,0.05,0.02,0.02,tie32_open18,1.0036167173261228,0.9910943799662727,1.0230586062332931,1.030040014299418,0,0,0,0,0,0.0,1.9738274577142962,0.9552739778827652,1.007450134232571
267,14,14,2026105941,0.9,1.5,0.5,0.05,0.05,0.02,0.02,tie32_open18,1.001437019630897,0.9879355776373784,1.0319689939452215,1.0156842616694106,0,0,0,0,0,0.0,2.049557241876071,0.9547920632809648,1.0070093362599737
267,14,15,2026105942,0.9,1.5,0.5,0.05,0.05,0.02,0.02,tie32_open18,1.0007728356153371,0.9810052434102522,0.9990791996176861,1.019032426947101,0,0,0,0,0,0.0,1.8571916618619433,0.9558447603557956,1.0071861270473614
267,14,16,2026105943,0.9,1.5,0.5,0.05,0.05,0.02,0.02,tie32_open18,0.9925811990372001,0.9960168757034058,1.0126734292735355,0.9777915171253682,0,0,0,0,0,0.0,1.9258400641394422,0.9560005340025921,1.0054897064781494
267,14,17,2026105944,0.9,1.5,0.5,0.05,0.05,0.02,0.02,tie32_open18,0.98746976061689,1.0097662678346004,0.9767680816700136,1.0341466705840352,0,0,0,0,0,0.0,1.725434438860504,0.9570835110751683,1.0083034020892978
267,14,18,2026105945,0.9,1.5,0.5,0.05,0.05,0.02,0.02,tie32_open18,0.9989175098798853,0.9897442623932267,1.0145140681813916,1.0250667268191305,0,0,0,0,0,0.0,1.9598861992100838,0.954641253654554,1.0070442509777726
267,14,19,2026105946,0.9,1.5,0.5,0.05,0.05,0.02,0.02,tie32_open18,0.9942133231453227,1.0043289619626088,0.9989541830930038,1.014897892164882,0,0,0,0,0,0.0,1.8420966555556084,0.9570958755352738,1.007385541974066
267,15,0,2026106936,0.9,1.5,0.5,0.05,0.05,0.02,0.02,tie32_open18,1.000867472423476,1.0047416661422568,1.0026426602311425,0.9736890091949163,0,0,0,0,0,0.0,2.3694559860625706,0.9542400646522016,1.0
267,15,1,2026106937,0.9,1.5,0.5,0.05,0.05,0.02,0.02,tie32_open18,0.9903433689841744,0.9971953037169182,0.9823672746364936,0.996300040477043,0,0,0,0,0,0.0,2.211054046750867,0.955580256929479,1.0
267,15,2,2026106938,0.9,1.5,0.5,0.05,0.05,0.02,0.02,tie32_open18,1.0004987173136513,0.9978265596364762,0.9967098462123576,0.9953169503541011,0,0,0,0,0,0.0,2.340197229143822,0.9554711757647215,1.0
267,15,3,2026106939,0.9,1.5,0.5,0.05,0.05,0.02,0.02,tie32_open18,1.0005194167055882,1.004304566811782,1.0436610269051372,0.9953772561320374,0,0,0,0,0,0.0,2.545266080435056,0.9551244295882059,1.0
267,15,4,2026106940,0.9,1.5,0.5,0.05,0.05,0.02,0.02,tie32_open18,1.00120385997749,1.0041092682142065,1.0164512706986977,1.0102806836870601,0,0,0,0,0,0.0,2.42331057074837,0.9548730795772258,1.0
267,15,5,2026106941,0.9,1.5,0.5,0.05,0.05,0.02,0.02,tie32_open18,0.9876840723640167,1.0033139678307004,0.9867576417814867,1.0341293429939635,0,0,0,0,0,0.0,2.2836378151806764,0.9544634722594325,1.0
267,15,6,2026106942,0.9,1.5,0.5,0.05,0.05,0.02,0.02,tie32_open18,0.9941429619484191,0.9988172066518315,1.024264808955971,0.990243967080462,0,0,0,0,0,0.0,2.4455772245930247,0.9545267176183677,1.0
267,15,7,2026106943,0.9,1.5,0.5,0.05,0.05,0.02,0.02,tie32_open18,0.9996568702778826,0.995773397572136,1.0483259557537918,1.0449921096921053,0,0,0,0,0,0.0,2.6837555203423786,0.9524763429183396,1.0
267,15,8,2026106944,0.9,1.5,0.5,0.05,0.05,0.02,0.02,tie32_open18,1.0041100875920281,0.9984757927209913,1.0296409456320557,0.9780143780746986,0,0,0,0,0,0.0,2.5524467198812,0.9538725851949409,1.0
267,15,9,2026106945,0.9,1.5,0.5,0.05,0.05,0.02,0.02,tie32_open18,0.9862605644471554,1.0073121443887618,0.9783844275588697,1.0148049772084855,0,0,0,0,0,0.0,2.1481970208014536,0.9562370692523421,1.0
267,15,10,2026106946,0.9,1.5,0.5,0.05,0.05,0.02,0.02,tie32_open18,0.9939681132623784,1.0150949652470587,1.0012158805116085,0.9921722843734158,0,0,0,0,0,0.0,2.3150627204404657,0.9559782778338848,1.0
267,15,11,2026106947,0.9,1.5,0.5,0.05,0.05,0.02,0.02,tie32_open18,0.9770678204083836,1.0084355580070474,1.0464009608571667,0.9547168162403636,0,0,0,0,0,0.0,2.637691578795391,0.9539985928833193,1.0
267,15,12,2026106948,0.9,1.5,0.5,0.05,0.05,0.02,0.02,tie32_open18,1.0017674532091896,0.9938683390121839,1.0316247952133188,0.972290476966328,0,0,0,0,0,0.0,2.549225803095644,0.9540215884518878,1.0
267,15,13,2026106949,0.9,1.5,0.5,0.05,0.05,0.02,0.02,tie32_open18,0.9930706992159549,1.003466922244146,1.003451628256251,1.0312850634980462,0,0,0,0,0,0.0,2.266305224223229,0.9563997354812407,1.0
267,15,14,2026106950,0.9,1.5,0.5,0.05,0.05,0.02,0.02,tie32_open18,1.0050365852018859,0.9990797435566984,0.980729487838452,1.0441154824074044,0,0,0,0,0,0.0,2.198458492876139,0.955765247051814,1.0
267,15,15,2026106951,0.9,1.5,0.5,0.05,0.05,0.02,0.02,tie32_open18,1.004359305258192,0.9958254973288094,0.9984590756532717,1.0233808640283701,0,0,0,0,0,0.0,2.3403319933592805,0.9550954857414828,1.0
267,15,16,2026106952,0.9,1.5,0.5,0.05,0.05,0.02,0.02,tie32_open18,0.9977393474533277,1.0043783322316255,1.0077852968868173,0.9803007189233075,0,0,0,0,0,0.0,2.3354378948332473,0.955900711883637,1.0
267,15,17,2026106953,0.9,1.5,0.5,0.05,0.05,0.02,0.02,tie32_open18,0.9945892042171359,0.9940223399412725,1.0306275311059887,0.9527977363239762,0,0,0,0,0,0.0,2.4976003022104374,0.9555522011737133,1.0
267,15,18,2026106954,0.9,1.5,0.5,0.05,0.05,0.02,0.02,tie32_open18,1.008273190752821,1.011408453616387,0.9740297060244414,0.996508432826756,0,0,0,0,0,0.0,2.1394126628001637,0.9562287894725022,1.0
267,15,19,2026106955,0.9,1.5,0.5,0.05,0.05,0.02,0.02,tie32_open18,1.0228031631915797,0.9899370878470629,0.9882252400577728,1.0177215323249877,0,0,0,0,0,0.0,2.2988855287445986,0.9541536384528179,1.0
267,16,0,2026107945,0.9,1.5,0.5,0.05,0.05,0.02,0.02,tie32_open18,1.0000548974820556,0.999462266244173,0.9956607524757977,1.0131330612992422,0,0,0,0,0,0.0,1.7028464988481937,0.9595416835815597,1.0
267,16,1,2026107946,0.9,1.5,0.5,0.05,0.05,0.02,0.02,tie32_open18,0.9868532672761379,1.0140797617443418,0.9845539157275675,1.0170591065933348,0,0,0,0,0,0.0,1.6243559800087306,0.960761193806134,1.0
267,16,2,2026107947,0.9,1.5,0.5,0.05,0.05,0.02,0.02,tie32_open18,0.9925797983121959,0.9997501041935106,0.9894577118446022,1.0237274176370104,0,0,0,0,0,0.0,1.6426825579916973,0.9603676846203812,1.0
267,16,3,2026107948,0.9,1.5,0.5,0.05,0.05,0.02,0.02,tie32_open18,0.9985399569392828,0.9979849642140498,1.0123306958239007,1.001715841597753,0,0,0,0,0,0.0,1.7546818123712886,0.9599877171581086,1.0
267,16,4,2026107949,0.9,1.5,0.5,0.05,0.05,0.02,0.02,tie32_open18,1.0097863995215839,0.9952911204441961,0.9837400377809967,1.053674017013254,0,0,0,0,0,0.0,1.6471008558234361,0.9596811081950543,1.0
267,16,5,2026107950,0.9,1.5,0.5,0.05,0.05,0.02,0.02,tie32_open18,0.9838347352247904,0.9986691308609732,0.9840760291395652,1.0249658153948458,0,0,0,0,0,0.0,1.5844939155143014,0.961200483710118,1.0
267,16,6,2026107951,0.9,1.5,0.5,0.05,0.05,0.02,0.02,tie32_open18,0.9938534377810444,1.008098445689802,1.001963854145048,1.0302955016406479,0,0,0,0,0,0.0,1.7151289029311891,0.9594663693546873,1.0
267,16,7,2026107952,0.9,1.5,0.5,0.05,0.05,0.02,0.02,tie32_open18,0.9911261980356489,1.0105877080453676,0.9840260132871484,1.0223918020032932,0,0,0,0,0,0.0,1.676751753498397,0.9593653654388314,1.0
267,16,8,2026107953,0.9,1.5,0.5,0.05,0.05,0.02,0.02,tie32_open18,0.9896545067945429,0.992200824555121,0.9832432630390839,1.0370232578001322,0,0,0,0,0,0.0,1.552445455381033,0.962605133920101,1.0
267,16,9,2026107954,0.9,1.5,0.5,0.05,0.05,0.02,0.02,tie32_open18,1.0051709685744545,1.0091182323844063,1.0146844431931605,1.005641064017804,0,0,0,0,0,0.0,1.809334844811292,0.9587355820718266,1.0
267,16,10,2026107955,0.9,1.5,0.5,0.05,0.05,0.02,0.02,tie32_open18,0.9917075658574546,1.0093056473784863,1.0151054736873912,0.9947086130873598,0,0,0,0,0,0.0,1.7097593464323837,0.9605172867657293,1.0
267,16,11,2026107956,0.9,1.5,0.5,0.05,0.05,0.02,0.02,tie32_open18,1.0005416471180846,1.0054217431268158,0.9741798952568408,0.9828846956237377,0,0,0,0,0,0.0,1.5743311361057144,0.9615821751784779,1.0
267,16,12,2026107957,0.9,1.5,0.5,0.05,0.05,0.02,0.02,tie32_open18,1.00630783318672,0.9991015736384565,1.004684846916764,1.001265235841931,0,0,0,0,0,0.0,1.7287547249464836,0.9599848687468913,1.0
267,16,13,2026107958,0.9,1.5,0.5,0.05,0.05,0.02,0.02,tie32_open18,1.0052944063727758,1.0140441125804505,1.0016385616180687,1.0216632205757876,0,0,0,0,0,0.0,1.7915268532280522,0.9584746588812006,1.0
267,16,14,2026107959,0.9,1.5,0.5,0.05,0.05,0.02,0.02,tie32_open18,0.991285482199602,1.0104611008212827,1.0075941885157387,1.005228507211017,0,0,0,0,0,0.0,1.686921282315927,0.9609430856686622,1.0
267,16,15,2026107960,0.9,1.5,0.5,0.05,0.05,0.02,0.02,tie32_open18,0.9931937240259483,1.0023789976668898,1.0310131425382827,0.9993788002616658,0,0,0,0,0,0.0,1.8288300983782129,0.9594642269883379,1.0
267,16,16,2026107961,0.9,1.5,0.5,0.05,0.05,0.02,0.02,tie32_open18,1.006615272314145,0.992597582854883,0.9819631492498948,0.9713054541887735,0,0,0,0,0,0.0,1.7122001561260225,0.9592678103218192,1.0
267,16,17,2026107962,0.9,1.5,0.5,0.05,0.05,0.02,0.02,tie32_open18,0.9926305102435219,1.0012958678037525,0.9984382508795812,0.975122273848426,0,0,0,0,0,0.0,1.669592082165117,0.9603130240989256,1.0
267,16,18,2026107963,0.9,1.5,0.5,0.05,0.05,0.02,0.02,tie32_open18,0.9968743964833324,0.9838322060261456,0.9954438477399008,0.9854047573148664,0,0,0,0,0,0.0,1.695404787219696,0.9601563942037439,1.0
267,16,19,2026107964,0.9,1.5,0.5,0.05,0.05,0.02,0.02,tie32_open18,1.0173616110629116,0.9938178801101403,1.0067263225193372,0.9898848188366831,0,0,0,0,0,0.0,1.7224555186733341,0.9601464531647167,1.0
