seed,day,pilot_line_loss_mwh,vmod_line_loss_mwh,pilot_reactive_throughput_mvarh,vmod_reactive_throughput_mvarh,line_loss_reduction_mwh,reactive_throughput_reduction_mvarh
42,0,3.0323016725155987,1.7420676821770826,74.3703948357394,32.358731144297415,1.290233990338516,42.01166369144199
43,0,3.0323016725155987,1.741327027708524,74.3703948357394,32.266679289194585,1.2909746448070747,42.10371554654482
44,0,3.0323016725155987,1.7412190845092854,74.3703948357394,32.34036198307837,1.2910825880063133,42.03003285266104
45,0,3.0323016725155987,1.7426390953273574,74.3703948357394,32.530660959265376,1.2896625771882413,41.83973387647403
46,0,3.0323016725155987,1.741228924938006,74.3703948357394,32.18364415045829,1.2910727475775927,42.18675068528111
42,1,3.64358016021981,2.0726002960948904,82.46200442960489,35.78092041146287,1.5709798641249195,46.681084018142016
43,1,3.64358016021981,2.0697343223165827,82.46200442960489,35.62445669743304,1.5738458379032272,46.83754773217185
44,1,3.64358016021981,2.068337057538354,82.46200442960489,35.62394160969216,1.5752431026814557,46.83806281991273
45,1,3.64358016021981,2.073708892464109,82.46200442960489,35.96484202671991,1.5698712677557007,46.49716240288498
46,1,3.64358016021981,2.0690633785274586,82.46200442960489,35.47537509337923,1.5745167816923513,46.98662933622566
42,2,3.5944705849129144,2.048653066165293,81.8872458244677,35.318986428475405,1.5458175187476213,46.56825939599229
43,2,3.5944705849129144,2.046523767449914,81.8872458244677,35.12999852073868,1.5479468174630004,46.75724730372902
44,2,3.5944705849129144,2.046408358160692,81.8872458244677,35.241500300020405,1.5480622267522222,46.64574552444729
45,2,3.5944705849129144,2.048900655152836,81.8872458244677,35.4553037281381,1.5455699297600782,46.4319420963296
46,2,3.5944705849129144,2.046027666121292,81.8872458244677,35.063753839828685,1.5484429187916224,46.82349198463901
42,3,3.3479305726870923,1.90617607076682,79.25469945951616,34.23724657786182,1.4417545019202722,45.01745288165434
43,3,3.3479305726870923,1.9048126192950063,79.25469945951616,34.09421249682961,1.443117953392086,45.16048696268655
44,3,3.3479305726870923,1.905029229214096,79.25469945951616,34.22328472647269,1.4429013434729963,45.03141473304347
45,3,3.3479305726870923,1.906343519689132,79.25469945951616,34.35178505396379,1.4415870529979602,44.90291440555237
46,3,3.3479305726870923,1.905080329436308,79.25469945951616,34.06851706925776,1.4428502432507844,45.1861823902584
42,5,2.131998858731373,1.2661094451772266,61.8856021088114,27.307612436840223,0.8658894135541464,34.577989671971174
43,5,2.131998858731373,1.2654025284035582,61.8856021088114,27.161258390997425,0.8665963303278148,34.72434371781397
44,5,2.131998858731373,1.2654347785939193,61.8856021088114,27.21078960056836,0.8665640801374537,34.674812508243036
45,5,2.131998858731373,1.2662708093371942,61.8856021088114,27.46752832059776,0.8657280493941788,34.41807378821363
46,5,2.131998858731373,1.2656087592430678,61.8856021088114,27.13288406889801,0.8663900994883051,34.75271803991339
42,6,3.815479951707133,2.2011825500986237,84.96278681305891,38.76371977733782,1.6142974016085092,46.19906703572109
43,6,3.815479951707133,2.196036182919475,84.96278681305891,38.66002760206281,1.619443768787658,46.3027592109961
44,6,3.815479951707133,2.1943567484204496,84.96278681305891,38.53398575077599,1.6211232032866834,46.42880106228292
45,6,3.815479951707133,2.2231003912794254,84.96278681305891,39.35988423093608,1.5923795604277076,45.60290258212283
46,6,3.815479951707133,2.207242239251041,84.96278681305891,38.68435465805313,1.6082377124560918,46.27843215500578
42,7,3.9269467883379496,2.247607280540088,86.73399859186463,39.07633417806103,1.6793395077978617,47.6576644138036
43,7,3.9269467883379496,2.245825235769276,86.73399859186463,39.07055635352305,1.6811215525686736,47.66344223834158
44,7,3.9269467883379496,2.2404948430057288,86.73399859186463,38.86637005792564,1.6864519453322209,47.86762853393899
45,7,3.9269467883379496,2.266139144622673,86.73399859186463,39.70887486677186,1.6608076437152768,47.025123725092776
46,7,3.9269467883379496,2.2581556593311336,86.73399859186463,39.26630913314733,1.668791129006816,47.4676894587173
42,8,3.567048385868448,2.0144928832152367,82.70772067041719,35.97296235647661,1.5525555026532114,46.73475831394058
43,8,3.567048385868448,2.011971765022071,82.70772067041719,35.834795075655606,1.555076620846377,46.87292559476158
44,8,3.567048385868448,2.0107881092914264,82.70772067041719,35.83789282472814,1.5562602765770217,46.86982784568905
45,8,3.567048385868448,2.0163033257834475,82.70772067041719,36.14439986454394,1.5507450600850006,46.563320805873246
46,8,3.567048385868448,2.0108981662744325,82.70772067041719,35.67245181030208,1.5561502195940156,47.03526886011511
42,9,3.729906842457878,2.1126324308537683,84.06770724420802,36.39918975891441,1.6172744116041096,47.66851748529361
43,9,3.729906842457878,2.109460453275355,84.06770724420802,36.30312619104156,1.620446389182523,47.76458105316647
44,9,3.729906842457878,2.1076172637675685,84.06770724420802,36.25231798002443,1.6222895786903093,47.815389264183594
45,9,3.729906842457878,2.1139596710788164,84.06770724420802,36.60201165951987,1.6159471713790614,47.465695584688156
46,9,3.729906842457878,2.1084635253342467,84.06770724420802,36.116648480801054,1.621443317123631,47.95105876340697
42,10,3.7167200380988703,2.116671638572742,83.42002098601499,36.12902130479613,1.6000483995261283,47.29099968121886
43,10,3.7167200380988703,2.1120759212258027,83.42002098601499,35.90682404075447,1.6046441168730676,47.51319694526052
44,10,3.7167200380988703,2.1129159562299904,83.42002098601499,35.938908658540065,1.60380408186888,47.481112327474925
45,10,3.7167200380988703,2.11647287280768,83.42002098601499,36.31583570945288,1.6002471652911905,47.10418527656211
46,10,3.7167200380988703,2.110662097163013,83.42002098601499,35.698955840020304,1.6060579409358575,47.721065145994686
42,11,2.689490673664046,1.567589794484971,70.3070311360323,30.513494122422,1.121900879179075,39.79353701361029
43,11,2.689490673664046,1.566824562407987,70.3070311360323,30.417065406578796,1.122666111256059,39.88996572945349
44,11,2.689490673664046,1.5669240639891833,70.3070311360323,30.52611441398391,1.1225666096748628,39.78091672204839
45,11,2.689490673664046,1.5677192190182492,70.3070311360323,30.67334579639187,1.1217714546457969,39.63368533964042
46,11,2.689490673664046,1.5668417760142248,70.3070311360323,30.357461620289403,1.1226488976498212,39.949569515742894
42,12,2.191167574427917,1.2871561629241663,63.43078329258268,28.06234678691964,0.9040114115037505,35.36843650566304
43,12,2.191167574427917,1.2865550581151013,63.43078329258268,27.975370315268957,0.9046125163128156,35.45541297731373
44,12,2.191167574427917,1.2866367938566896,63.43078329258268,28.05943007932944,0.9045307805712273,35.37135321325324
45,12,2.191167574427917,1.2873924401465122,63.43078329258268,28.25543147534014,0.9037751342814047,35.17535181724254
46,12,2.191167574427917,1.2867323505183932,63.43078329258268,27.94185110300243,0.9044352239095237,35.488932189580254
42,13,4.054928906848204,2.3778429305665383,87.86853505725017,41.67280385531618,1.6770859762816657,46.19573120193399
43,13,4.054928906848204,2.376684387000591,87.86853505725017,41.62460604750843,1.6782445198476128,46.24392900974174
44,13,4.054928906848204,2.3705955972186827,87.86853505725017,41.32370054116886,1.6843333096295212,46.54483451608131
45,13,4.054928906848204,2.457446320298005,87.86853505725017,43.76166488177379,1.597482586550199,44.10687017547638
46,13,4.054928906848204,2.415485065544108,87.86853505725017,42.418519055745215,1.6394438413040961,45.450016001504956
42,14,4.274431970436753,2.54946692726251,90.18156098631272,44.55560945122149,1.724965043174243,45.625951535091225
43,14,4.274431970436753,2.5653252455440034,90.18156098631272,45.261178422342766,1.7091067248927496,44.92038256396995
44,14,4.274431970436753,2.5376804527816725,90.18156098631272,44.2304738167236,1.7367515176550805,45.951087169589115
45,14,4.274431970436753,2.635595582733674,90.18156098631272,46.596792439554086,1.638836387703079,43.58476854675863
46,14,4.274431970436753,2.615788819614514,90.18156098631272,46.16867354398735,1.6586431508222392,44.012887442325365
42,15,4.348820881755739,2.654766443925999,90.99677605620047,46.66154404485739,1.6940544378297404,44.33523201134308
43,15,4.348820881755739,2.666234846813172,90.99677605620047,47.17651393655972,1.6825860349425676,43.82026211964075
44,15,4.348820881755739,2.6439943126780734,90.99677605620047,46.37247776248301,1.704826569077666,44.624298293717466
45,15,4.348820881755739,2.7580177471581138,90.99677605620047,48.65693933417516,1.5908031345976257,42.33983672202531
46,15,4.348820881755739,2.722728165915069,90.99677605620047,48.038414872081376,1.6260927158406706,42.9583611841191
42,16,4.321679435732996,2.628688560669389,90.58276253196894,45.91810992173812,1.692990875063607,44.66465261023082
43,16,4.321679435732996,2.6360620106898587,90.58276253196894,46.28089440822127,1.6856174250431373,44.30186812374767
44,16,4.321679435732996,2.614160621804436,90.58276253196894,45.53493091927961,1.70751881392856,45.04783161268933
45,16,4.321679435732996,2.725535700367076,90.58276253196894,47.8936720764841,1.5961437353659198,42.68909045548484
46,16,4.321679435732996,2.6796556406612115,90.58276253196894,47.02605004229501,1.6420237950717844,43.55671248967393
42,17,3.736777157696609,2.111462789158175,84.56105225942385,36.59310431896122,1.625314368538434,47.96794794046263
43,17,3.736777157696609,2.1076001157099893,84.56105225942385,36.4512846407869,1.6291770419866198,48.109767618636944
44,17,3.736777157696609,2.107111563761801,84.56105225942385,36.42253709187567,1.6296655939348081,48.13851516754818
45,17,3.736777157696609,2.112041555826296,84.56105225942385,36.757461350334005,1.624735601870313,47.80359090908984
46,17,3.736777157696609,2.106602840468774,84.56105225942385,36.25098842638523,1.630174317227835,48.31006383303862
42,18,2.692116917654916,1.5670884726729106,70.68244415028943,30.636982861273204,1.1250284449820054,40.045461289016224
43,18,2.692116917654916,1.566177055362822,70.68244415028943,30.49674761094184,1.125939862292094,40.18569653934759
44,18,2.692116917654916,1.5664094761283467,70.68244415028943,30.636576351351827,1.1257074415265693,40.0458677989376
45,18,2.692116917654916,1.5671706250033623,70.68244415028943,30.788939430722817,1.1249462926515537,39.89350471956661
46,18,2.692116917654916,1.5663059208244683,70.68244415028943,30.46793366354815,1.1258109968304477,40.214510486741275
42,19,2.218144458628018,1.3092474922641049,63.5298717869755,27.87892108565625,0.908896966363913,35.650950701319246
43,19,2.218144458628018,1.3085715523426174,63.5298717869755,27.750766228418343,0.9095729062854006,35.779105558557156
44,19,2.218144458628018,1.30873152980401,63.5298717869755,27.85045786929291,0.9094129288240078,35.67941391768259
45,19,2.218144458628018,1.3094672159511382,63.5298717869755,28.057193448195928,0.9086772426768797,35.47267833877957
46,19,2.218144458628018,1.3087347344798093,63.5298717869755,27.71251897915447,0.9094097241482086,35.817352807821024
42,20,3.897197929106614,2.228275684045887,85.21371236082673,37.85239884283391,1.668922245060727,47.361313517992826
43,20,3.897197929106614,2.222747528389524,85.21371236082673,37.69506842134251,1.67445040071709,47.51864393948422
44,20,3.897197929106614,2.2215295064154024,85.21371236082673,37.54568474184109,1.6756684226912117,47.66802761898564
45,20,3.897197929106614,2.2485408391743418,85.21371236082673,38.74589588072286,1.6486570899322723,46.46781648010387
46,20,3.897197929106614,2.231834565647055,85.21371236082673,37.91485776328648,1.665363363459559,47.298854597540256
42,21,3.968364115339296,2.267376616545306,86.74002764708635,38.72478366067261,1.7009874987939901,48.01524398641374
43,21,3.968364115339296,2.2609764282910483,86.74002764708635,38.44502784256167,1.7073876870482478,48.29499980452468
44,21,3.968364115339296,2.265580966672284,86.74002764708635,38.50980189259808,1.7027831486670122,48.23022575448827
45,21,3.968364115339296,2.2957490162006566,86.74002764708635,39.74797555613318,1.6726150991386395,46.99205209095317
46,21,3.968364115339296,2.27129653518274,86.74002764708635,38.518584175568776,1.6970675801565562,48.221443471517574
42,22,3.893953203926704,2.242987623595384,86.69685095565688,39.65745956809005,1.6509655803313201,47.03939138756684
43,22,3.893953203926704,2.242409306436817,86.69685095565688,39.7548992441854,1.651543897489887,46.94195171147148
44,22,3.893953203926704,2.236607899412946,86.69685095565688,39.54737667483543,1.657345304513758,47.14947428082146
45,22,3.893953203926704,2.268939439921604,86.69685095565688,40.38858052624511,1.6250137640051001,46.30827042941178
46,22,3.893953203926704,2.255691845437378,86.69685095565688,39.93681153882391,1.6382613584893262,46.760039416832974
42,23,3.76856663180013,2.131541719526769,84.8680371735598,37.085450746528366,1.6370249122733607,47.78258642703143
43,23,3.76856663180013,2.129056217306148,84.8680371735598,37.03992400695495,1.6395104144939818,47.82811316660485
44,23,3.76856663180013,2.1258203109256675,84.8680371735598,36.907513754348805,1.6427463208744624,47.96052341921099
45,23,3.76856663180013,2.1354323204664944,84.8680371735598,37.34019518260894,1.6331343113336354,47.52784199095086
46,23,3.76856663180013,2.1294461791588963,84.8680371735598,36.90047067223841,1.6391204526412335,47.967566501321386
42,24,3.5177077062331485,1.9886964503092592,81.7656159506763,35.26119343341106,1.5290112559238893,46.50442251726525
43,24,3.5177077062331485,1.986542841222692,81.7656159506763,35.18795021062164,1.5311648650104566,46.57766574005466
44,24,3.5177077062331485,1.9859747615223575,81.7656159506763,35.23986951158342,1.531732944710791,46.525746439092885
45,24,3.5177077062331485,1.9890957195486243,81.7656159506763,35.47083447346553,1.5286119866845242,46.294781477210776
46,24,3.5177077062331485,1.9857386745141428,81.7656159506763,35.0673469167591,1.5319690317190058,46.69826903391721
42,25,2.4986222282932418,1.4533222462121291,68.18043040899474,29.72616184780379,1.0452999820811126,38.45426856119094
43,25,2.4986222282932418,1.4526126254451692,68.18043040899474,29.61471953721265,1.0460096028480725,38.56571087178209
44,25,2.4986222282932418,1.4527499261954708,68.18043040899474,29.738958399634463,1.045872302097771,38.441472009360275
45,25,2.4986222282932418,1.45363054052518,68.18043040899474,29.92594062832869,1.0449916877680618,38.25448978066605
46,25,2.4986222282932418,1.452752508386832,68.18043040899474,29.568121217667528,1.0458697199064098,38.61230919132721
42,26,2.18016870705397,1.2869538546175587,63.06614892518976,27.761854680554155,0.8932148524364114,35.3042942446356
43,26,2.18016870705397,1.2863505298371742,63.06614892518976,27.644710958839017,0.8938181772167959,35.42143796635074
44,26,2.18016870705397,1.2864603096807803,63.06614892518976,27.7362693457389,0.8937083973731899,35.32987957945086
45,26,2.18016870705397,1.287202542717378,63.06614892518976,27.94621896613236,0.892966164336592,35.1199299590574
46,26,2.18016870705397,1.286531673554526,63.06614892518976,27.618409099433546,0.8936370334994441,35.447739825756216
42,27,3.879160487664591,2.233956020078035,85.43411613558284,39.02986347507177,1.6452044675865563,46.40425266051107
43,27,3.879160487664591,2.229879698347676,85.43411613558284,38.98268080260949,1.649280789316915,46.451435332973354
44,27,3.879160487664591,2.2260522054814857,85.43411613558284,38.71136629696621,1.6531082821831053,46.72274983861663
45,27,3.879160487664591,2.262791371036738,85.43411613558284,39.98125259437949,1.6163691166278529,45.45286354120335
46,27,3.879160487664591,2.246445994518812,85.43411613558284,39.232715959931,1.6327144931457789,46.20140017565184
42,28,3.692708184675111,2.0774711768430545,84.78747962342189,37.07399081855003,1.6152370078320564,47.71348880487186
43,28,3.692708184675111,2.0770043169936394,84.78747962342189,37.12124234798783,1.6157038676814715,47.66623727543406
44,28,3.692708184675111,2.0734105584794253,84.78747962342189,37.03921873079975,1.6192976261956855,47.748260892622135
45,28,3.692708184675111,2.083009073741438,84.78747962342189,37.397254462217546,1.609699110933673,47.39022516120434
46,28,3.692708184675111,2.078245885347837,84.78747962342189,37.03938481420014,1.6144622993272737,47.74809480922175
42,29,4.070396272586623,2.3653331522019663,88.25784119471972,41.604750112446766,1.705063120384657,46.65309108227295
43,29,4.070396272586623,2.36882610832296,88.25784119471972,41.862678297420274,1.7015701642636634,46.39516289729944
44,29,4.070396272586623,2.352336405029336,88.25784119471972,41.12799464598676,1.7180598675572871,47.12984654873296
45,29,4.070396272586623,2.438649436024292,88.25784119471972,43.87241771366109,1.631746836562331,44.38542348105862
46,29,4.070396272586623,2.4141076855945385,88.25784119471972,42.94429130222622,1.6562885869920847,45.3135498924935
42,30,3.9738245745208,2.2634645033271146,87.43517496190262,39.28549178610846,1.7103600711936853,48.14968317579416
43,30,3.9738245745208,2.258858663151753,87.43517496190262,39.0728101061616,1.7149659113690467,48.36236485574102
44,30,3.9738245745208,2.2611041616755503,87.43517496190262,39.051143539312086,1.7127204128452496,48.38403142259053
45,30,3.9738245745208,2.30719900365166,87.43517496190262,40.78117597785322,1.6666255708691398,46.653998984049394
46,30,3.9738245745208,2.269195932094624,87.43517496190262,39.10986153975441,1.7046286424261758,48.325313422148206
42,31,3.671750422331331,2.0668771210595214,84.22351892307003,36.43568786753388,1.6048733012718097,47.78783105553615
43,31,3.671750422331331,2.0632134739645163,84.22351892307003,36.31322073704387,1.6085369483668148,47.91029818602616
44,31,3.671750422331331,2.062877682962704,84.22351892307003,36.28832691610333,1.608872739368627,47.9351920069667
45,31,3.671750422331331,2.067748733374468,84.22351892307003,36.60131665504093,1.604001688956863,47.6222022680291
46,31,3.671750422331331,2.062623735999985,84.22351892307003,36.13300232162159,1.6091266863313463,48.09051660144844
42,32,2.5232115433910014,1.4685963402292284,68.65096277516797,29.8822455877722,1.054615203161773,38.768717187395765
43,32,2.5232115433910014,1.4677594929105406,68.65096277516797,29.734614629756685,1.0554520504804608,38.916348145411284
44,32,2.5232115433910014,1.4679651999246817,68.65096277516797,29.874234776905,1.0552463434663197,38.77672799826297
45,32,2.5232115433910014,1.4688369739024547,68.65096277516797,30.06942727145182,1.0543745694885467,38.581535503716154
46,32,2.5232115433910014,1.467965968193317,68.65096277516797,29.712329616665983,1.0552455751976844,38.938633158501986
42,33,2.1966858518344394,1.2921760512108191,63.466366957883714,27.93985649041488,0.9045098006236203,35.52651046746884
43,33,2.1966858518344394,1.291546893642972,63.466366957883714,27.82324081236662,0.9051389581914675,35.643126145517094
44,33,2.1966858518344394,1.2916839956302817,63.466366957883714,27.916605578007637,0.9050018562041577,35.549761379876074
45,33,2.1966858518344394,1.292392955332615,63.466366957883714,28.122801431045573,0.9042928965018244,35.34356552683814
46,33,2.1966858518344394,1.2917300056264849,63.466366957883714,27.793642082530926,0.9049558462079546,35.672724875352785
42,34,3.568750715712192,2.001107529948229,83.21708687576539,36.27204057354271,1.5676431857639628,46.94504630222268
43,34,3.568750715712192,2.0009012748600457,83.21708687576539,36.29384195821696,1.5678494408521462,46.92324491754843
44,34,3.568750715712192,1.997463863273637,83.21708687576539,36.245816463530645,1.5712868524385548,46.971270412234745
45,34,3.568750715712192,2.004291474863064,83.21708687576539,36.52497248974053,1.564459240849128,46.69211438602486
46,34,3.568750715712192,2.001238862038755,83.21708687576539,36.229586516806144,1.567511853673437,46.987500358959245
42,35,3.5941196921666827,2.017934112821749,84.2245515603736,36.84719317403499,1.5761855793449335,47.37735838633861
43,35,3.5941196921666827,2.018144055973147,84.2245515603736,36.85745307770686,1.5759756361935358,47.36709848266674
44,35,3.5941196921666827,2.01468283174703,84.2245515603736,36.842688213715455,1.5794368604196527,47.38186334665814
45,35,3.5941196921666827,2.021213990560591,84.2245515603736,37.08922067595098,1.5729057016060919,47.135330884422615
46,35,3.5941196921666827,2.017782019903277,84.2245515603736,36.77451562455688,1.5763376722634055,47.45003593581672
42,36,3.779129419803539,2.131186123264245,86.18476468767668,37.98551522913088,1.6479432965392937,48.19924945854579
43,36,3.779129419803539,2.1301049301260675,86.18476468767668,37.98853816928767,1.6490244896774713,48.196226518389004
44,36,3.779129419803539,2.127641250452597,86.18476468767668,37.943413943794376,1.6514881693509418,48.2413507438823
45,36,3.779129419803539,2.140251325325236,86.18476468767668,38.37936516925035,1.6388780944783026,47.80539951842633
46,36,3.779129419803539,2.135728230416886,86.18476468767668,38.04407974831645,1.643401189386653,48.14068493936023
42,37,3.776391072459537,2.1228852861305003,86.08244694820192,37.6394380285732,1.6535057863290366,48.44300891962872
43,37,3.776391072459537,2.1214437067278085,86.08244694820192,37.62140912757233,1.6549473657317284,48.46103782062959
44,37,3.776391072459537,2.1188677661992834,86.08244694820192,37.55467229415517,1.6575233062602535,48.52777465404675
45,37,3.776391072459537,2.1284329332481438,86.08244694820192,37.94464833674232,1.6479581392113931,48.1377986114596
46,37,3.776391072459537,2.123730551204673,86.08244694820192,37.58402423746021,1.6526605212548637,48.49842271074171
42,39,2.700097693943191,1.5644134443186213,71.2758854705852,30.8987583435248,1.1356842496245696,40.37712712706039
43,39,2.700097693943191,1.5635369841319289,71.2758854705852,30.7570998031029,1.136560709811262,40.51878566748229
44,39,2.700097693943191,1.5637309373456787,71.2758854705852,30.89554898805217,1.1363667565975122,40.380336482533025
45,39,2.700097693943191,1.564583761997579,71.2758854705852,31.06749710754353,1.1355139319456118,40.208388363041664
46,39,2.700097693943191,1.563664697221275,71.2758854705852,30.7203336461188,1.1364329967219158,40.55555182446639
42,40,2.297655017530508,1.3439313935036006,65.26466772263203,28.59944132475828,0.9537236240269074,36.665226397873745
43,40,2.297655017530508,1.3433149142159753,65.26466772263203,28.48228804432009,0.9543401033145327,36.78237967831194
44,40,2.297655017530508,1.3434874087383342,65.26466772263203,28.60180659104081,0.9541676087921738,36.662861131591214
45,40,2.297655017530508,1.344218659430664,65.26466772263203,28.804646191231548,0.953436358099844,36.46002153140048
46,40,2.297655017530508,1.34349690275078,65.26466772263203,28.459338708968225,0.954158114779728,36.8053290136638
42,41,3.5254577095171413,1.97596099962206,82.64233282072375,35.73760635867945,1.5494967098950814,46.9047264620443
43,41,3.5254577095171413,1.9736508558752452,82.64233282072375,35.63967317045979,1.551806853641896,47.002659650263965
44,41,3.5254577095171413,1.972631003756215,82.64233282072375,35.6858880801011,1.5528267057609264,46.95644474062265
45,41,3.5254577095171413,1.976516774881701,82.64233282072375,35.89822815379649,1.5489409346354404,46.744104666927264
46,41,3.5254577095171413,1.973265130731607,82.64233282072375,35.53311855586042,1.5521925787855344,47.10921426486333
42,42,3.3195353385888997,1.8695720185617,81.22299347865794,35.80544148969953,1.4499633200271997,45.41755198895841
43,42,3.3195353385888997,1.867951889627926,81.22299347865794,35.69348071237437,1.4515834489609738,45.529512766283574
44,42,3.3195353385888997,1.867076511259239,81.22299347865794,35.756790331243415,1.4524588273296608,45.466203147414525
45,42,3.3195353385888997,1.870577265046592,81.22299347865794,35.95519988187363,1.4489580735423078,45.26779359678431
46,42,3.3195353385888997,1.8674505232733,81.22299347865794,35.623219943449044,1.4520848153155996,45.5997735352089
42,43,3.4219871280208096,1.9374240772512128,82.63130354430649,36.98383639111495,1.4845630507695968,45.64746715319154
43,43,3.4219871280208096,1.9378958236850627,82.63130354430649,37.01816491767429,1.4840913043357469,45.6131386266322
44,43,3.4219871280208096,1.9346679337271668,82.63130354430649,36.995403577785225,1.4873191942936428,45.635899966521265
45,43,3.4219871280208096,1.944640182353179,82.63130354430649,37.34572478904099,1.4773469456676307,45.2855787552655
46,43,3.4219871280208096,1.9404587277881695,82.63130354430649,37.05108777625328,1.48152840023264,45.58021576805321
42,44,4.140639850526039,2.36978793593687,89.4744759502442,41.07786239844174,1.7708519145891692,48.39661355180246
43,44,4.140639850526039,2.372231531186945,89.4744759502442,41.31607386823294,1.7684083193390943,48.15840208201126
44,44,4.140639850526039,2.357928921816096,89.4744759502442,40.57647179606559,1.782710928709943,48.89800415417861
45,44,4.140639850526039,2.428698173597651,89.4744759502442,43.206941685269285,1.711941676928388,46.26753426497491
46,44,4.140639850526039,2.406109609558698,89.4744759502442,42.30227718229092,1.734530240967341,47.172198767953276
42,45,3.4359762199193886,1.9248778627818344,82.45138730371616,35.81032238100829,1.5110983571375542,46.64106492270787
43,45,3.4359762199193886,1.9228845784381845,82.45138730371616,35.70499619170206,1.5130916414812041,46.7463911120141
44,45,3.4359762199193886,1.922295991510956,82.45138730371616,35.814603595210386,1.5136802284084325,46.636783708505774
45,45,3.4359762199193886,1.9253950701972191,82.45138730371616,35.99698611965336,1.5105811497221695,46.4544011840628
46,45,3.4359762199193886,1.922229232500584,82.45138730371616,35.62839236850105,1.5137469874188045,46.82299493521511
42,46,2.5958331339958542,1.5011513012621582,70.17690355984033,30.52435380093731,1.094681832733696,39.65254975890302
43,46,2.5958331339958542,1.500326128044039,70.17690355984033,30.37872039439056,1.0955070059518153,39.79818316544977
44,46,2.5958331339958542,1.500522032854479,70.17690355984033,30.50999816635857,1.0953111011413752,39.666905393481755
45,46,2.5958331339958542,1.5014200649081055,70.17690355984033,30.72295998129844,1.0944130690877487,39.45394357854188
46,46,2.5958331339958542,1.5005209711269043,70.17690355984033,30.354589227171008,1.09531216286895,39.82231433266932
42,47,2.0515083696614327,1.2022631097370078,62.020672476007945,27.803870207636173,0.8492452599244249,34.21680226837177
43,47,2.0515083696614327,1.201779704024249,62.020672476007945,27.73166976549277,0.8497286656371836,34.28900271051518
44,47,2.0515083696614327,1.201946011738564,62.020672476007945,27.85261470116505,0.8495623579228686,34.16805777484289
45,47,2.0515083696614327,1.2025414517457698,62.020672476007945,28.03481369721284,0.8489669179156629,33.985858778795105
46,47,2.0515083696614327,1.2019471297627584,62.020672476007945,27.73208027282045,0.8495612398986743,34.28859220318749
42,48,3.45723900610363,1.9341554761541235,82.07832231997092,35.693890004884985,1.5230835299495065,46.38443231508594
43,48,3.45723900610363,1.9328454827697323,82.07832231997092,35.59567698599231,1.5243935233338977,46.48264533397861
44,48,3.45723900610363,1.9310227136879343,82.07832231997092,35.63589621261401,1.5262162924156957,46.442426107356916
45,48,3.45723900610363,1.935279655292246,82.07832231997092,35.819526583932486,1.521959350811384,46.25879573603844
46,48,3.45723900610363,1.9321305415256556,82.07832231997092,35.50115317220624,1.5251084645779744,46.577169147764685
42,49,3.538711147907593,1.9819634520148,83.53054119645665,36.39040598410725,1.556747695892793,47.140135212349406
43,49,3.538711147907593,1.9812010554110744,83.53054119645665,36.32009626893056,1.5575100924965186,47.21044492752609
44,49,3.538711147907593,1.9789792079768416,83.53054119645665,36.36060881956536,1.5597319399307514,47.169932376891296
45,49,3.538711147907593,1.9835518455421772,83.53054119645665,36.53244732534066,1.5551593023654158,46.99809387111599
46,49,3.538711147907593,1.9807276067332027,83.53054119645665,36.247506078051714,1.5579835411743903,47.28303511840494
42,50,3.378178612283608,1.895053768548404,81.97745221635343,36.04716918303879,1.483124843735204,45.93028303331464
43,50,3.378178612283608,1.8938810881519867,81.97745221635343,35.94542150184802,1.4842975241316212,46.03203071450541
44,50,3.378178612283608,1.892289827992437,81.97745221635343,36.02302850294393,1.485888784291171,45.9544237134095
45,50,3.378178612283608,1.896323766969587,81.97745221635343,36.17783620899064,1.481854845314021,45.799616007362786
46,50,3.378178612283608,1.8931728171099476,81.97745221635343,35.86780499948012,1.4850057951736604,46.109647216873306
42,51,3.439672851471691,1.92854470910842,82.80249799864991,36.436266520631,1.5111281423632712,46.36623147801891
43,51,3.439672851471691,1.92822119333682,82.80249799864991,36.376733394358055,1.5114516581348711,46.42576460429186
44,51,3.439672851471691,1.9260024315721287,82.80249799864991,36.44713859711041,1.5136704198995625,46.3553594015395
45,51,3.439672851471691,1.932028173480912,82.80249799864991,36.63708315648076,1.5076446779907793,46.16541484216915
46,51,3.439672851471691,1.9288112395311248,82.80249799864991,36.36133725607051,1.5108616119405665,46.4411607425794
42,52,3.3283469131148045,1.8680186141521709,81.63882157399553,35.941265095233014,1.4603282989626336,45.697556478762515
43,52,3.3283469131148045,1.866360486908594,81.63882157399553,35.85118254341955,1.4619864262062106,45.78763903057598
44,52,3.3283469131148045,1.8650569156489551,81.63882157399553,35.930473080656355,1.4632899974658493,45.70834849333917
45,52,3.3283469131148045,1.8688777103016136,81.63882157399553,36.10793235610886,1.4594692028131908,45.53088921788667
46,52,3.3283469131148045,1.8658945279996304,81.63882157399553,35.79310919138754,1.462452385115174,45.845712382607985
42,53,2.377972523928233,1.3794198126451642,68.06655861198554,30.66692436550156,0.9985527112830688,37.399634246483984
43,53,2.377972523928233,1.3787867387332056,68.06655861198554,30.625775513180265,0.9991857851950274,37.44078309880528
44,53,2.377972523928233,1.3788785839970623,68.06655861198554,30.674219952899836,0.9990939399311707,37.39233865908571
45,53,2.377972523928233,1.3796835058120789,68.06655861198554,30.93758681365524,0.9982890181161541,37.1289717983303
46,53,2.377972523928233,1.3790018554152617,68.06655861198554,30.6345779228728,0.9989706685129713,37.43198068911274
42,54,2.05339810843531,1.2170600262772011,61.76284046507275,28.590317596973943,0.836338082158109,33.17252286809881
43,54,2.05339810843531,1.2165258757113957,61.76284046507275,28.604300211767345,0.8368722327239144,33.158540253305404
44,54,2.05339810843531,1.2166363801371065,61.76284046507275,28.647680331151054,0.8367617282982036,33.11516013392169
45,54,2.05339810843531,1.2172973320244225,61.76284046507275,28.90391160157189,0.8361007764108876,32.85892886350086
46,54,2.05339810843531,1.2167021545580168,61.76284046507275,28.597831266155204,0.8366959538772933,33.165009198917545
42,55,3.7572701830584903,2.153072393954804,86.51021707932608,39.52721801743347,1.604197789103686,46.98299906189261
43,55,3.7572701830584903,2.1514804926477726,86.51021707932608,39.51835484826737,1.6057896904107176,46.99186223105871
44,55,3.7572701830584903,2.1480146081961013,86.51021707932608,39.557191440425576,1.609255574862389,46.953025638900506
45,55,3.7572701830584903,2.1781904066091937,86.51021707932608,40.114935027653566,1.5790797764492965,46.39528205167252
46,55,3.7572701830584903,2.1596919640831342,86.51021707932608,39.60462123902184,1.597578218975356,46.905595840304244
42,56,3.864125087451067,2.2036627766155816,88.35061364017018,40.35719727188342,1.6604623108354852,47.99341636828676
43,56,3.864125087451067,2.199428087475354,88.35061364017018,40.30890357659576,1.664696999975713,48.04171006357442
44,56,3.864125087451067,2.1941290269322185,88.35061364017018,40.268643770218574,1.6699960605188484,48.08196986995161
45,56,3.864125087451067,2.222574338671892,88.35061364017018,40.896283126178055,1.6415507487791747,47.454330513992126
46,56,3.864125087451067,2.210154232194023,88.35061364017018,40.50928124054267,1.653970855257044,47.84133239962751
42,57,3.904866436299942,2.2636167116076567,88.92174929710559,41.566554394079446,1.6412497246922855,47.355194903026145
43,57,3.904866436299942,2.2598401024736448,88.92174929710559,41.50251131787246,1.6450263338262974,47.41923797923313
44,57,3.904866436299942,2.2570019160360624,88.92174929710559,41.50186226226312,1.6478645202638798,47.419887034842475
45,57,3.904866436299942,2.2968198197313416,88.92174929710559,42.26913592378756,1.6080466165686005,46.65261337331803
46,57,3.904866436299942,2.268856778135712,88.92174929710559,41.62817143043998,1.6360096581642303,47.293577866665615
42,58,3.80386686772504,2.1715350468738253,87.71611791691826,40.15812151295475,1.6323318208512148,47.557996403963514
43,58,3.80386686772504,2.168009824661421,87.71611791691826,40.16320486785408,1.635857043063619,47.55291304906419
44,58,3.80386686772504,2.16429373915995,87.71611791691826,40.13958675287949,1.63957312856509,47.57653116403878
45,58,3.80386686772504,2.186690258685541,87.71611791691826,40.63352991569027,1.617176609039499,47.082588001228
46,58,3.80386686772504,2.1771263777252425,87.71611791691826,40.29805526589115,1.6267404899997975,47.418062651027114
42,59,3.750466688900469,2.1096306124816366,87.0987897757312,38.84654021604025,1.6408360764188323,48.25224955969095
43,59,3.750466688900469,2.106694789063989,87.0987897757312,38.84460374614672,1.64377189983648,48.25418602958449
44,59,3.750466688900469,2.102467372233856,87.0987897757312,38.82182248712303,1.647999316666613,48.276967288608176
45,59,3.750466688900469,2.115226848068561,87.0987897757312,39.21073803794681,1.635239840831908,47.888051737784394
46,59,3.750466688900469,2.1131600645562734,87.0987897757312,38.98765416126477,1.6373066243441956,48.111135614466434
42,60,2.626214061308312,1.5065341518231783,71.77433630836241,31.680735357324007,1.1196799094851335,40.0936009510384
43,60,2.626214061308312,1.505400057104351,71.77433630836241,31.584317209307027,1.1208140042039607,40.19001909905538
44,60,2.626214061308312,1.505535698304182,71.77433630836241,31.660899150492902,1.1206783630041297,40.113437157869505
45,60,2.626214061308312,1.5064060955422034,71.77433630836241,31.88720966601168,1.1198079657661084,39.88712664235072
46,60,2.626214061308312,1.505974384877277,71.77433630836241,31.615179301948004,1.1202396764310347,40.159157006414404
42,61,2.029969920226747,1.1986105345567135,61.62848018137002,28.228528627993946,0.8313593856700336,33.39995155337608
43,61,2.029969920226747,1.1980887777171585,61.62848018137002,28.19917234474801,0.8318811425095887,33.429307836622016
44,61,2.029969920226747,1.1982288992032772,61.62848018137002,28.280674202083503,0.8317410210234699,33.34780597928652
45,61,2.029969920226747,1.1988697316927963,61.62848018137002,28.512077556842957,0.8311001885339508,33.11640262452707
46,61,2.029969920226747,1.19829768579239,61.62848018137002,28.20938379671132,0.8316722344343572,33.4190963846587
42,62,3.078347239301216,1.7285324496273538,78.1210334887544,34.494245177346464,1.3498147896738624,43.62678831140794
43,62,3.078347239301216,1.7273812966289106,78.1210334887544,34.377110265481804,1.3509659426723055,43.7439232232726
44,62,3.078347239301216,1.7270709546373066,78.1210334887544,34.46669237151511,1.3512762846639095,43.6543411172393
45,62,3.078347239301216,1.7291222693435069,78.1210334887544,34.64116723466537,1.3492249699577092,43.47986625408904
46,62,3.078347239301216,1.7270691521111992,78.1210334887544,34.3294868029456,1.351278087190017,43.791546685808804
42,63,3.2734678404381734,1.8334155436294093,80.5278937435675,35.170231284882455,1.4400522968087641,45.35766245868505
43,63,3.2734678404381734,1.8322172422000795,80.5278937435675,35.025240706622654,1.4412505982380939,45.50265303694485
44,63,3.2734678404381734,1.831763016337819,80.5278937435675,35.14902707931807,1.4417048241003545,45.378866664249436
45,63,3.2734678404381734,1.8341934438882888,80.5278937435675,35.27789029236149,1.4392743965498846,45.25000345120601
46,63,3.2734678404381734,1.8316692698491264,80.5278937435675,34.949054079201254,1.441798570589047,45.57883966436625
42,64,3.5282056786725806,1.9760540225385264,83.09116684130004,36.20411497363678,1.5521516561340543,46.88705186766326
43,64,3.5282056786725806,1.975092707758754,83.09116684130004,36.10299334624512,1.5531129709138267,46.988173495054916
44,64,3.5282056786725806,1.9739315139542613,83.09116684130004,36.15539304996098,1.5542741647183194,46.93577379133906
45,64,3.5282056786725806,1.9780661604130951,83.09116684130004,36.32150210041053,1.5501395182594855,46.76966474088951
46,64,3.5282056786725806,1.9756252649376504,83.09116684130004,36.05543695374905,1.5525804137349302,47.035729887550985
42,65,3.404691152495411,1.9015109459164876,82.49099905864061,36.19986256457161,1.5031802065789235,46.291136494069
43,65,3.404691152495411,1.900615332104215,82.49099905864061,36.12345572008952,1.5040758203911961,46.367543338551094
44,65,3.404691152495411,1.8991065404920773,82.49099905864061,36.24503768670672,1.5055846120033338,46.24596137193389
45,65,3.404691152495411,1.903344083387744,82.49099905864061,36.36652198485789,1.5013470691076671,46.12447707378272
46,65,3.404691152495411,1.900910930647721,82.49099905864061,36.10219024926536,1.5037802218476901,46.38880880937525
42,66,3.401029024124734,1.897729525337425,82.13414329311637,35.533822501203474,1.5032994987873092,46.60032079191289
43,66,3.401029024124734,1.89588697713636,82.13414329311637,35.42898364664417,1.505142046988374,46.7051596464722
44,66,3.401029024124734,1.8954515967388263,82.13414329311637,35.54786251305276,1.5055774273859077,46.5862807800636
45,66,3.401029024124734,1.897863980754218,82.13414329311637,35.69432821513449,1.5031650433705162,46.439815077981876
46,66,3.401029024124734,1.895736256057262,82.13414329311637,35.38262905756439,1.5052927680674721,46.75151423555198
42,67,2.2694898766435774,1.3161390554320498,65.82828728424755,29.087723794313323,0.9533508212115276,36.74056348993423
43,67,2.2694898766435774,1.3155748589623524,65.82828728424755,28.998461484294925,0.953915017681225,36.82982579995263
44,67,2.2694898766435774,1.315714027017132,65.82828728424755,29.112626534416805,0.9537758496264455,36.71566074983075
45,67,2.2694898766435774,1.316512755447349,65.82828728424755,29.34808581232884,0.9529771211962283,36.48020147191871
46,67,2.2694898766435774,1.3158027416777889,65.82828728424755,28.990525241886527,0.9536871349657885,36.83776204236102
42,68,1.7119843575140328,1.0201851722983055,56.55831198382461,26.17654187911635,0.6917991852157273,30.38177010470826
43,68,1.7119843575140328,1.0197761491439057,56.55831198382461,26.08928729276524,0.6922082083701271,30.46902469105937
44,68,1.7119843575140328,1.0197669478532638,56.55831198382461,26.1159838426125,0.692217409660769,30.44232814121211
45,68,1.7119843575140328,1.020464061017206,56.55831198382461,26.414487533850256,0.6915202964968268,30.143824449974353
46,68,1.7119843575140328,1.0199395650081442,56.55831198382461,26.10370259517077,0.6920447925058886,30.45460938865384
42,69,3.303821698543306,1.852756652840548,79.6378459803393,34.58772935714801,1.451065045702758,45.0501166231913
43,69,3.303821698543306,1.8514434414232883,79.6378459803393,34.51620597604829,1.4523782571200177,45.12164000429102
44,69,3.303821698543306,1.8507024468268831,79.6378459803393,34.546531221736274,1.4531192517164229,45.09131475860303
45,69,3.303821698543306,1.853292746504389,79.6378459803393,34.68886990640264,1.450528952038917,44.94897607393667
46,69,3.303821698543306,1.851070348764223,79.6378459803393,34.38591026137177,1.452751349779083,45.25193571896754
42,70,3.576741955658582,2.00101083337935,83.51225986499504,36.238589616314606,1.5757311222792323,47.27367024868044
43,70,3.576741955658582,2.000162855460832,83.51225986499504,36.25063802241714,1.5765791001977503,47.2616218425779
44,70,3.576741955658582,1.9986544261784431,83.51225986499504,36.23750087224913,1.578087529480139,47.274758992745916
45,70,3.576741955658582,2.003205212279969,83.51225986499504,36.40600631741798,1.5735367433786132,47.10625354757706
46,70,3.576741955658582,2.000935556820981,83.51225986499504,36.16351272090881,1.5758063988376012,47.34874714408623
42,71,3.3090244325045357,1.846578569020888,80.85543300078778,35.148558413715186,1.4624458634836477,45.7068745870726
43,71,3.3090244325045357,1.8452154988774687,80.85543300078778,34.98961602784703,1.463808933627067,45.865816972940756
44,71,3.3090244325045357,1.8448475929520511,80.85543300078778,35.081731959789714,1.4641768395524846,45.77370104099807
45,71,3.3090244325045357,1.8469663228413569,80.85543300078778,35.22664489991399,1.4620581096631788,45.62878810087379
46,71,3.3090244325045357,1.84486047366826,80.85543300078778,34.91799563848732,1.4641639588362758,45.937437362300464
42,72,3.34944086458378,1.874021751814665,82.04319897989971,36.180852813336585,1.4754191127691152,45.86234616656313
43,72,3.34944086458378,1.873393528584782,82.04319897989971,36.15709214563407,1.476047335998998,45.88610683426565
44,72,3.34944086458378,1.8721500331382908,82.04319897989971,36.27000477034158,1.4772908314454893,45.773194209558135
45,72,3.34944086458378,1.8756804161699896,82.04319897989971,36.37674316089225,1.4737604484137905,45.66645581900747
46,72,3.34944086458378,1.873688673813904,82.04319897989971,36.1372426427941,1.475752190769876,45.905956337105614
42,73,3.6405324201035127,2.034487336877746,84.34341824919574,36.43266961492374,1.6060450832257667,47.910748634272
43,73,3.6405324201035127,2.031804864457172,84.34341824919574,36.30525023689391,1.608727555646341,48.038168012301824
44,73,3.6405324201035127,2.0305580354040806,84.34341824919574,36.29386308013789,1.609974384699432,48.04955516905785
45,73,3.6405324201035127,2.03458055230317,84.34341824919574,36.558923045059686,1.6059518678003428,47.78449520413605
46,73,3.6405324201035127,2.031612643161734,84.34341824919574,36.17322655693786,1.6089197769417787,48.17019169225787
42,74,2.833140344999392,1.612528360373157,74.25080136373599,32.26192933086522,1.2206119846262349,41.988872032870766
43,74,2.833140344999392,1.6117460115098434,74.25080136373599,32.16549356680002,1.2213943334895485,42.085307796935965
44,74,2.833140344999392,1.6117745342638137,74.25080136373599,32.24760416923843,1.2213658107355783,42.00319719449756
45,74,2.833140344999392,1.61276099735005,74.25080136373599,32.4472993572847,1.2203793476493419,41.80350200645129
46,74,2.833140344999392,1.6118565055384777,74.25080136373599,32.103998189215304,1.2212838394609142,42.146803174520684
42,75,2.33796930476236,1.3494809389473386,67.36172586790944,30.0047993230902,0.9884883658150214,37.356926544819245
43,75,2.33796930476236,1.3487957013415244,67.36172586790944,29.91339042596185,0.9891736034208356,37.44833544194759
44,75,2.33796930476236,1.3489482072054335,67.36172586790944,30.03058264043148,0.9890210975569265,37.331143227477966
45,75,2.33796930476236,1.349735439702603,67.36172586790944,30.274983710811963,0.9882338650597571,37.086742157097476
46,75,2.33796930476236,1.3491033333083753,67.36172586790944,29.95382389942988,0.9888659714539847,37.407901968479564
42,76,3.3542679410722718,1.874866157197531,82.3529937889773,36.48896584019914,1.4794017838747409,45.86402794877816
43,76,3.3542679410722718,1.8747779044773212,82.3529937889773,36.486097756841325,1.4794900365949506,45.866896032135976
44,76,3.3542679410722718,1.872759423915078,82.3529937889773,36.57217757984749,1.4815085171571938,45.78081620912981
45,76,3.3542679410722718,1.87906265460612,82.3529937889773,36.76114285515182,1.4752052864661518,45.591850933825484
46,76,3.3542679410722718,1.8766390926736176,82.3529937889773,36.508657176300645,1.4776288483986542,45.844336612676656
42,78,3.3759673348442103,1.8954317004135557,82.90975501053806,36.90835407701315,1.4805356344306546,46.00140093352491
43,78,3.3759673348442103,1.8940616592161696,82.90975501053806,36.88121257623367,1.4819056756280407,46.02854243430439
44,78,3.3759673348442103,1.893240173619872,82.90975501053806,36.96517949860807,1.4827271612243382,45.94457551192999
45,78,3.3759673348442103,1.897765299829306,82.90975501053806,37.12704494604251,1.4782020350149043,45.782710064495554
46,78,3.3759673348442103,1.895248464143842,82.90975501053806,36.91250894342591,1.4807188707003682,45.99724606711215
42,79,3.8226889563125495,2.13918037336792,86.94438253651273,37.95713900301806,1.6835085829446292,48.98724353349468
43,79,3.8226889563125495,2.133847189705906,86.94438253651273,37.76528467190348,1.6888417666066435,49.179097864609254
44,79,3.8226889563125495,2.1324679051807656,86.94438253651273,37.715631740514205,1.690221051131784,49.22875079599853
45,79,3.8226889563125495,2.141251332000186,86.94438253651273,38.105119442434535,1.6814376243123634,48.8392630940782
46,79,3.8226889563125495,2.1384105423045305,86.94438253651273,37.79414083614023,1.684278414008019,49.150241700372504
42,80,3.5950305860895964,2.012308917648714,83.72059049205049,36.015730900855445,1.5827216684408825,47.704859591195046
43,80,3.5950305860895964,2.0097576476584287,83.72059049205049,35.894249538703484,1.5852729384311677,47.82634095334701
44,80,3.5950305860895964,2.0093891207072385,83.72059049205049,35.955861207702874,1.5856414653823578,47.76472928434762
45,80,3.5950305860895964,2.01195904938587,83.72059049205049,36.13020150520588,1.5830715367037262,47.59038898684461
46,80,3.5950305860895964,2.009906514096452,83.72059049205049,35.81645333802666,1.5851240719931443,47.90413715402383
42,81,2.00940294897816,1.1922597473692504,62.08066751465993,28.869892142992025,0.8171432016089097,33.21077537166791
43,81,2.00940294897816,1.191702265039882,62.08066751465993,28.8552573399199,0.8177006839382781,33.225410174740034
44,81,2.00940294897816,1.191882821004466,62.08066751465993,28.904398422434525,0.8175201279736941,33.176269092225404
45,81,2.00940294897816,1.1924732219921337,62.08066751465993,29.185488422340853,0.8169297269860265,32.895179092319076
46,81,2.00940294897816,1.1919582837182707,62.08066751465993,28.88376263989571,0.8174446652598895,33.196904874764215
42,82,1.6739032807136722,1.0187897026562311,53.978324111204266,26.24839808736066,0.6551135780574411,27.729926023843607
43,82,1.6739032807136722,1.0184402698913362,53.978324111204266,26.26823255108875,0.655463010822336,27.710091560115515
44,82,1.6739032807136722,1.0185639807158622,53.978324111204266,26.242962628477432,0.65533929999781,27.735361482726834
45,82,1.6739032807136722,1.0190082015722222,53.978324111204266,26.56535044004774,0.6548950791414501,27.412973671156525
46,82,1.6739032807136722,1.0185122437249252,53.978324111204266,26.283259525160886,0.655391036988747,27.69506458604338
42,83,3.176839322894134,1.7716006537986455,79.0669296293967,34.36101431539442,1.4052386690954883,44.705915314002276
43,83,3.176839322894134,1.7704815248174526,79.0669296293967,34.254699722703705,1.4063577980766813,44.81222990669299
44,83,3.176839322894134,1.7705140922667977,79.0669296293967,34.37767326457659,1.4063252306273362,44.6892563648201
45,83,3.176839322894134,1.771648894304188,79.0669296293967,34.46293958014788,1.405190428589946,44.603990049248814
46,83,3.176839322894134,1.770733150096296,79.0669296293967,34.20026835496764,1.406106172797838,44.866661274429056
42,84,2.9828732796553363,1.6711128897384542,77.33150028813154,34.16352745408542,1.3117603899168822,43.16797283404612
43,84,2.9828732796553363,1.67020303761974,77.33150028813154,34.04269457057044,1.3126702420355962,43.2888057175611
44,84,2.9828732796553363,1.670425434961089,77.33150028813154,34.17472939320222,1.3124478446942474,43.156770894929316
45,84,2.9828732796553363,1.6714088342150728,77.33150028813154,34.28952620068045,1.3114644454402635,43.04197408745109
46,84,2.9828732796553363,1.6705389446336107,77.33150028813154,34.0425199673193,1.3123343350217256,43.288980320812236
42,86,3.0167389781657,1.6859852409428733,77.72800870111894,34.02651985625068,1.3307537372228269,43.70148884486826
43,86,3.0167389781657,1.685057315071398,77.72800870111894,33.93141366831655,1.331681663094302,43.79659503280239
44,86,3.0167389781657,1.6850642756165453,77.72800870111894,34.07018349053706,1.3316747025491549,43.657825210581876
45,86,3.0167389781657,1.6860851639084884,77.72800870111894,34.15210733581353,1.3306538142572117,43.575901365305405
46,86,3.0167389781657,1.6853617551407778,77.72800870111894,33.91351272328508,1.3313772230249223,43.81449597783386
42,87,1.6377567040315502,0.9986576527426132,54.78436028610602,26.309759354575405,0.639099051288937,28.474600931530617
43,87,1.6377567040315502,0.9984368356110948,54.78436028610602,26.359266591085635,0.6393198684204554,28.425093695020387
44,87,1.6377567040315502,0.9985425704001584,54.78436028610602,26.36454116025546,0.6392141336313918,28.419819125850562
45,87,1.6377567040315502,0.9990072467407408,54.78436028610602,26.64691522013622,0.6387494572908093,28.137445065969803
46,87,1.6377567040315502,0.9984870192386788,54.78436028610602,26.34068663731608,0.6392696847928714,28.443673648789943
42,88,1.7608802752525323,1.0430089369380997,57.839016144131726,26.41245034720658,0.7178713383144326,31.426565796925146
43,88,1.7608802752525323,1.0427125574639644,57.839016144131726,26.336818985765,0.7181677177885679,31.502197158366727
44,88,1.7608802752525323,1.042719500501686,57.839016144131726,26.412284458572383,0.7181607747508463,31.426731685559343
45,88,1.7608802752525323,1.0433491446037766,57.839016144131726,26.64617768330529,0.7175311306487557,31.192838460826437
46,88,1.7608802752525323,1.042844459183363,57.839016144131726,26.344249883411592,0.7180358160691693,31.494766260720134
42,89,1.4654959361727409,0.8897058566317348,52.12454023262824,24.454136557707244,0.575790079541006,27.670403674920998
43,89,1.4654959361727409,0.8894214355207464,52.12454023262824,24.371390920255624,0.5760745006519945,27.753149312372617
44,89,1.4654959361727409,0.8893421453183099,52.12454023262824,24.376465358001752,0.576153790854431,27.74807487462649
45,89,1.4654959361727409,0.8900538854154219,52.12454023262824,24.679584986322308,0.575442050757319,27.444955246305934
46,89,1.4654959361727409,0.8895243448039499,52.12454023262824,24.3302504979365,0.575971591368791,27.79428973469174
42,90,1.3874045669471982,0.875153547304157,49.194644006206296,24.47364868951093,0.5122510196430412,24.720995316695365
43,90,1.3874045669471982,0.8749146769230359,49.194644006206296,24.44803217531209,0.5124898900241622,24.746611830894206
44,90,1.3874045669471982,0.8748598510201353,49.194644006206296,24.425317324852102,0.5125447159270629,24.769326681354194
45,90,1.3874045669471982,0.8754396167378821,49.194644006206296,24.776938645560943,0.5119649502093161,24.417705360645353
46,90,1.3874045669471982,0.8749669376682466,49.194644006206296,24.460027565485376,0.5124376292789515,24.73461644072092
42,91,2.613409746960456,1.4882075199770133,72.17987182945309,32.57995539453905,1.1252022269834427,39.59991643491404
43,91,2.613409746960456,1.487656564779395,72.17987182945309,32.535201737632725,1.1257531821810611,39.644670091820366
44,91,2.613409746960456,1.4876378369950074,72.17987182945309,32.55161934024401,1.1257719099654486,39.62825248920908
45,91,2.613409746960456,1.4885519571416586,72.17987182945309,32.757442718346496,1.1248577898187975,39.422429111106595
46,91,2.613409746960456,1.48781382177497,72.17987182945309,32.5067150327905,1.1255959251854861,39.67315679666259
42,92,2.7540028937480194,1.5507236338137378,74.48092168223222,33.29872566498711,1.2032792599342816,41.18219601724511
43,92,2.7540028937480194,1.5500841179851998,74.48092168223222,33.232883523598865,1.2039187757628196,41.248038158633356
44,92,2.7540028937480194,1.5500617921870103,74.48092168223222,33.30599594128889,1.203941101561009,41.17492574094333
45,92,2.7540028937480194,1.5510147084063877,74.48092168223222,33.46881793162163,1.2029881853416318,41.01210375061059
46,92,2.7540028937480194,1.5503426217881815,74.48092168223222,33.226060980884505,1.203660271959838,41.25486070134772
42,93,3.1367974354835444,1.7352590631084692,79.50407965057407,34.60358353266534,1.4015383723750752,44.90049611790873
43,93,3.1367974354835444,1.734210890059812,79.50407965057407,34.47492454529835,1.4025865454237323,45.02915510527572
44,93,3.1367974354835444,1.734256893000233,79.50407965057407,34.686153752424495,1.4025405424833115,44.817925898149575
45,93,3.1367974354835444,1.735271838101899,79.50407965057407,34.7318860473543,1.4015255973816454,44.77219360321977
46,93,3.1367974354835444,1.734468024689177,79.50407965057407,34.49254633983711,1.4023294107943673,45.01153331073696
42,94,2.536988452145041,1.4978003271270406,70.19525176556724,32.79654663181597,1.0391881250180004,37.398705133751264
43,94,2.536988452145041,1.4971453772557812,70.19525176556724,32.82817693771716,1.0398430748892598,37.367074827850075
44,94,2.536988452145041,1.4972370016931424,70.19525176556724,32.8253821727877,1.0397514504518985,37.36986959277954
45,94,2.536988452145041,1.4980833809805418,70.19525176556724,33.05540752468972,1.0389050711644991,37.139844240877515
46,94,2.536988452145041,1.4972984656644202,70.19525176556724,32.839916009168086,1.0396899864806208,37.35533575639915
42,95,1.7512707902705218,1.1011979621961914,55.627803038727485,27.45992699844092,0.6500728280743304,28.167876040286565
43,95,1.7512707902705218,1.1009066381302692,55.627803038727485,27.47747897945001,0.6503641521402526,28.150324059277477
44,95,1.7512707902705218,1.1010448225099032,55.627803038727485,27.426764608902484,0.6502259677606186,28.201038429825
45,95,1.7512707902705218,1.1014615399257188,55.627803038727485,27.851565340929728,0.649809250344803,27.776237697797757
46,95,1.7512707902705218,1.100931506480207,55.627803038727485,27.591546977919517,0.6503392837903148,28.03625606080797
42,96,1.405822481694842,0.9158475671944264,48.16352513077519,24.706427097742115,0.4899749145004155,23.457098033033077
43,96,1.405822481694842,0.9156423462878808,48.16352513077519,24.68829127562225,0.49018013540696115,23.47523385515294
44,96,1.405822481694842,0.9155948530553896,48.16352513077519,24.61372731845212,0.49022762863945235,23.54979781232307
45,96,1.405822481694842,0.9160407617098572,48.16352513077519,25.06857727269361,0.48978171998498476,23.094947858081582
46,96,1.405822481694842,0.915582496084926,48.16352513077519,24.795750922919687,0.4902399856099159,23.367774207855504
42,97,2.4385948903863146,1.391317982387551,69.88807153507074,31.7083598224264,1.0472769079987636,38.179711712644334
43,97,2.4385948903863146,1.3909574478961138,69.88807153507074,31.68140625875847,1.0476374424902009,38.206665276312265
44,97,2.4385948903863146,1.3908848645770042,69.88807153507074,31.64762396739606,1.0477100258093104,38.24044756767468
45,97,2.4385948903863146,1.3917059542387935,69.88807153507074,31.89832805829115,1.046888936147521,37.98974347677959
46,97,2.4385948903863146,1.3910344989333596,69.88807153507074,31.63985980817621,1.047560391452955,38.248211726894525
42,98,2.686189531550791,1.5220946202917236,73.51052298510649,33.19471153747698,1.1640949112590675,40.315811447629514
43,98,2.686189531550791,1.5215328466664366,73.51052298510649,33.14258990568242,1.1646566848843545,40.36793307942407
44,98,2.686189531550791,1.5215843028846596,73.51052298510649,33.18341757898919,1.1646052286661315,40.3271054061173
45,98,2.686189531550791,1.5224620285724038,73.51052298510649,33.363204720997345,1.1637275029783873,40.147318264109146
46,98,2.686189531550791,1.5216985590765375,73.51052298510649,33.13422519666774,1.1644909724742536,40.37629778843875
42,99,2.795269132217044,1.5705612974655814,75.2650291738983,33.704017022285925,1.2247078347514628,41.561012151612374
43,99,2.795269132217044,1.569738326126746,75.2650291738983,33.631178650671885,1.2255308060902983,41.633850523226414
44,99,2.795269132217044,1.5697605720949863,75.2650291738983,33.7179566637284,1.2255085601220579,41.5470725101699
45,99,2.795269132217044,1.5706927948106,75.2650291738983,33.860987316741166,1.2245763374064442,41.40404185715713
46,99,2.795269132217044,1.5700584722977409,75.2650291738983,33.636561826972674,1.2252106599193033,41.628467346925625
42,100,2.760540878489249,1.5506407034576213,74.75450576430286,33.427136315040144,1.2099001750316278,41.32736944926272
43,100,2.760540878489249,1.550069340446101,74.75450576430286,33.36000510695613,1.210471538043148,41.39450065734673
44,100,2.760540878489249,1.550074956678449,74.75450576430286,33.443722891769895,1.2104659218108,41.31078287253297
45,100,2.760540878489249,1.5509684482695465,74.75450576430286,33.58251777896483,1.2095724302197026,41.171987985338035
46,100,2.760540878489249,1.55029672060764,74.75450576430286,33.3500881570852,1.2102441578816092,41.40441760721766
42,101,2.9213267870395354,1.628459000376821,76.18997451374737,33.29025074671281,1.2928677866627145,42.899723767034565
43,101,2.9213267870395354,1.6278856454670143,76.18997451374737,33.20234915039413,1.293441141572521,42.987625363353246
44,101,2.9213267870395354,1.627881231388259,76.18997451374737,33.322559762790135,1.2934455556512765,42.86741475095724
45,101,2.9213267870395354,1.628694347734596,76.18997451374737,33.418473688579574,1.2926324393049393,42.7715008251678
46,101,2.9213267870395354,1.6280194331719189,76.18997451374737,33.151937963102505,1.2933073538676165,43.03803655064487
42,102,1.6700057627608524,1.0071522100870527,56.31121077452893,26.91460063150945,0.6628535526737998,29.39661014301948
43,102,1.6700057627608524,1.0069525749801265,56.31121077452893,26.978446926035076,0.663053187780726,29.332763848493855
44,102,1.6700057627608524,1.0069890453745542,56.31121077452893,26.98073906029844,0.6630167173862982,29.33047171423049
45,102,1.6700057627608524,1.0075053220674517,56.31121077452893,27.26826547760636,0.6625004406934007,29.04294529692257
46,102,1.6700057627608524,1.0070034704342468,56.31121077452893,26.95123367246456,0.6630022923266057,29.35997710206437
42,103,1.3162277174462855,0.8245269864826542,48.63599174186903,24.116844752932035,0.4917007309636313,24.519146988936992
43,103,1.3162277174462855,0.8243092263352143,48.63599174186903,24.103278715853644,0.4919184911110712,24.532713026015383
44,103,1.3162277174462855,0.8242902335280978,48.63599174186903,24.095056975783205,0.4919374839181877,24.540934766085822
45,103,1.3162277174462855,0.8248456796104451,48.63599174186903,24.42800470831441,0.49138203783584045,24.207987033554616
46,103,1.3162277174462855,0.8243942035567673,48.63599174186903,24.08416947581507,0.49183351388951824,24.551822266053957
42,104,2.5534461800821817,1.441661708318449,71.11195338358168,31.62898857335848,1.1117844717637326,39.482964810223194
43,104,2.5534461800821817,1.4413564560746013,71.11195338358168,31.595162829074905,1.1120897240075804,39.51679055450677
44,104,2.5534461800821817,1.4413183741805238,71.11195338358168,31.64062919100443,1.112127805901658,39.47132419257725
45,104,2.5534461800821817,1.4421058538253275,71.11195338358168,31.807134735218188,1.1113403262568542,39.304818648363494
46,104,2.5534461800821817,1.441387976768599,71.11195338358168,31.51167871754313,1.1120582033135826,39.600274666038544
42,106,2.3178104405647324,1.3707143109176216,67.2579802083638,31.66378809863363,0.9470961296471108,35.59419210973017
43,106,2.3178104405647324,1.3703010049786857,67.2579802083638,31.741715603232088,0.9475094355860467,35.51626460513172
44,106,2.3178104405647324,1.370391234068007,67.2579802083638,31.678181894605306,0.9474192064967255,35.5797983137585
45,106,2.3178104405647324,1.3710953356166613,67.2579802083638,31.91752331780758,0.9467151049480711,35.340456890556226
46,106,2.3178104405647324,1.3703545265487909,67.2579802083638,31.69591826441857,0.9474559140159415,35.56206194394524
42,107,2.343489832303747,1.3827521971855825,67.80906875361958,31.85236123030924,0.9607376351181647,35.95670752331034
43,107,2.343489832303747,1.3823097302481622,67.80906875361958,31.919416370027605,0.961180102055585,35.88965238359198
44,107,2.343489832303747,1.3823915424069355,67.80906875361958,31.86676545594045,0.9610982898968117,35.94230329767913
45,107,2.343489832303747,1.3831426340960848,67.80906875361958,32.09398136253317,0.9603471982076623,35.71508739108641
46,107,2.343489832303747,1.3823708490957858,67.80906875361958,31.87859289541116,0.9611189832079614,35.930475858208425
42,108,2.277195470684637,1.346150700434097,66.88933107847974,31.4519772401375,0.93104477025054,35.43735383834225
43,108,2.277195470684637,1.3456854984806377,66.88933107847974,31.502257976583437,0.9315099722039992,35.387073101896306
44,108,2.277195470684637,1.345840617203701,66.88933107847974,31.47014065422224,0.9313548534809359,35.4191904242575
45,108,2.277195470684637,1.346447656421307,66.88933107847974,31.693411723995588,0.9307478142633299,35.195919354484154
46,108,2.277195470684637,1.3457334360655,66.88933107847974,31.4688305368038,0.9314620346191369,35.42050054167594
42,109,1.556707036217625,0.9876181666372762,52.55073214044528,26.32062443355538,0.5690888695803488,26.230107706889896
43,109,1.556707036217625,0.9873956603288347,52.55073214044528,26.36537445900265,0.5693113758887902,26.18535768144263
44,109,1.556707036217625,0.9874905754024949,52.55073214044528,26.290650922474843,0.5692164608151301,26.260081217970434
45,109,1.556707036217625,0.9878796436075932,52.55073214044528,26.696214638478416,0.5688273926100318,25.85451750196686
46,109,1.556707036217625,0.9873991593019418,52.55073214044528,26.442081872703906,0.5693078769156832,26.10865026774137
42,110,1.3068547176540235,0.8586788615370791,46.33081473427943,24.03641994440966,0.44817585611694444,22.29439478986977
43,110,1.3068547176540235,0.8585341040944622,46.33081473427943,24.013618842319524,0.4483206135595613,22.317195891959905
44,110,1.3068547176540235,0.858539056508861,46.33081473427943,23.997701613089117,0.4483156611451625,22.333113121190312
45,110,1.3068547176540235,0.8589134317776767,46.33081473427943,24.404752882759126,0.44794128587634685,21.926061851520302
46,110,1.3068547176540235,0.8584705004098779,46.33081473427943,24.108726240563435,0.44838421724414557,22.222088493715994
42,111,2.456073011767716,1.3891739246126718,70.35401437646317,31.754771519418977,1.0668990871550443,38.59924285704419
43,111,2.456073011767716,1.388849566044532,70.35401437646317,31.715624022545235,1.0672234457231842,38.638390353917934
44,111,2.456073011767716,1.3888408500887308,70.35401437646317,31.726181881313103,1.0672321616789853,38.62783249515007
45,111,2.456073011767716,1.3896109374542225,70.35401437646317,31.92395617865573,1.0664620743134936,38.43005819780744
46,111,2.456073011767716,1.388944268047246,70.35401437646317,31.6668333871428,1.0671287437204702,38.68718098932037
42,112,2.5474512460050582,1.43224353965774,71.97882696835428,32.31752463176916,1.1152077063473183,39.66130233658512
43,112,2.5474512460050582,1.431841796162698,71.97882696835428,32.28927268982825,1.1156094498423603,39.68955427852603
44,112,2.5474512460050582,1.431860366580991,71.97882696835428,32.360043174406414,1.1155908794240672,39.61878379394787
45,112,2.5474512460050582,1.4326914404968862,71.97882696835428,32.502140541879186,1.114759805508172,39.4766864264751
46,112,2.5474512460050582,1.43202221183197,71.97882696835428,32.252148081861144,1.1154290341730881,39.72667888649314
42,113,2.687598492024652,1.5018015950362391,74.02735672538638,32.98093900979365,1.185796896988413,41.04641771559273
43,113,2.687598492024652,1.5012453868776812,74.02735672538638,32.93325727082806,1.186353105146971,41.094099454558325
44,113,2.687598492024652,1.501246737132299,74.02735672538638,33.06866530113592,1.186351754892353,40.95869142425046
45,113,2.687598492024652,1.5021261562557773,74.02735672538638,33.151016550047515,1.1854723357688748,40.87634017533887
46,113,2.687598492024652,1.501500934018116,74.02735672538638,32.90980291775176,1.186097558006536,41.11755380763462
42,114,2.6919402424984207,1.5040940011824444,74.04985477576471,33.01458211926949,1.1878462413159763,41.03527265649522
43,114,2.6919402424984207,1.503623273318755,74.04985477576471,32.95362784711963,1.1883169691796658,41.09622692864509
44,114,2.6919402424984207,1.5036510510222372,74.04985477576471,33.07334905924384,1.1882891914761835,40.976505716520876
45,114,2.6919402424984207,1.504476852130156,74.04985477576471,33.17307385578528,1.1874633903682648,40.87678091997943
46,114,2.6919402424984207,1.5038551453462397,74.04985477576471,32.93487370418689,1.188085097152181,41.11498107157782
42,115,2.308025857279828,1.351517977622278,67.59303773004775,31.62310003884429,0.9565078796575497,35.96993769120347
43,115,2.308025857279828,1.3510914846685096,67.59303773004775,31.66148700806371,0.9569343726113182,35.931550721984046
44,115,2.308025857279828,1.351221536738072,67.59303773004775,31.62429372787131,0.9568043205417558,35.96874400217644
45,115,2.308025857279828,1.351839628969718,67.59303773004775,31.855789109902823,0.9561862283101097,35.73724862014493
46,115,2.308025857279828,1.351155062526248,67.59303773004775,31.631070284243872,0.9568707947535797,35.96196744580388
42,116,1.58586714195358,0.9716878558948115,54.61402589379423,26.602334406774634,0.6141792860587684,28.011691487019593
43,116,1.58586714195358,0.9714656699812536,54.61402589379423,26.671976760226915,0.6144014719723263,27.942049133567313
44,116,1.58586714195358,0.9715041948866748,54.61402589379423,26.64456491325197,0.6143629470669051,27.96946098054226
45,116,1.58586714195358,0.9719788715547494,54.61402589379423,26.957927220329843,0.6138882703988305,27.656098673464385
46,116,1.58586714195358,0.9715275549738293,54.61402589379423,26.661348229107418,0.6143395869797507,27.95267766468681
42,117,1.2772801167275036,0.8256902595585718,46.864489947848696,24.081050569164123,0.45158985716893185,22.783439378684573
43,117,1.2772801167275036,0.8254882954718052,46.864489947848696,24.086083358375515,0.4517918212556984,22.77840658947318
44,117,1.2772801167275036,0.8255050797200706,46.864489947848696,24.0376777204436,0.45177503700743304,22.826812227405096
45,117,1.2772801167275036,0.8259456955166762,46.864489947848696,24.43311831456209,0.45133442121082745,22.431371633286606
46,117,1.2772801167275036,0.8255186005797417,46.864489947848696,24.123460173343663,0.45176151614776194,22.741029774505034
42,118,1.9737255125911268,1.1485837269817405,62.77880171524504,29.085510866200615,0.8251417856093863,33.69329084904442
43,118,1.9737255125911268,1.148291765869441,62.77880171524504,29.09875780797616,0.8254337467216859,33.68004390726888
44,118,1.9737255125911268,1.148303963543573,62.77880171524504,29.056680493822466,0.8254215490475538,33.72212122142257
45,118,1.9737255125911268,1.1489918242940258,62.77880171524504,29.380668553678237,0.824733688297101,33.398133161566804
46,118,1.9737255125911268,1.1483724299861608,62.77880171524504,29.052920095818735,0.825353082604966,33.7258816194263
42,119,1.409572143247958,0.86641797081257,51.28576732916586,25.095855218871808,0.543154172435388,26.18991211029405
43,119,1.409572143247958,0.8662005750245217,51.28576732916586,25.089865327611346,0.5433715682234362,26.19590200155451
44,119,1.409572143247958,0.8661072947849325,51.28576732916586,25.044916135791308,0.5434648484630255,26.24085119337455
45,119,1.409572143247958,0.8667349373789615,51.28576732916586,25.412937875766204,0.5428372058689965,25.872829453399653
46,119,1.409572143247958,0.8662959244569249,51.28576732916586,25.096511594660992,0.543276218791033,26.189255734504865
42,120,2.4438141848751296,1.3874705861474688,70.33947807516165,31.969596012778165,1.0563435987276608,38.36988206238348
43,120,2.4438141848751296,1.3870555181060955,70.33947807516165,31.91889973215115,1.056758666769034,38.420578343010504
44,120,2.4438141848751296,1.387045733964776,70.33947807516165,31.907658298515777,1.0567684509103537,38.431819776645874
45,120,2.4438141848751296,1.387851901076548,70.33947807516165,32.136230389788224,1.0559622837985816,38.20324768537343
46,120,2.4438141848751296,1.3871755307098566,70.33947807516165,31.88465754269981,1.056638654165273,38.45482053246184
42,121,2.524271173282319,1.430745950825589,71.67514959467778,32.563280959065004,1.0935252224567298,39.11186863561277
43,121,2.524271173282319,1.4303036939163818,71.67514959467778,32.525248275695326,1.093967479365937,39.14990131898245
44,121,2.524271173282319,1.4303875066779377,71.67514959467778,32.54770965946388,1.0938836666043812,39.1274399352139
45,121,2.524271173282319,1.43108958555112,71.67514959467778,32.73541124130783,1.0931815877311988,38.93973835336995
46,121,2.524271173282319,1.4304530932944075,71.67514959467778,32.51437507547961,1.0938180799879114,39.16077451919816
42,122,2.355644792427999,1.3649980460576363,68.80364197258002,31.928317785504134,0.9906467463703628,36.87532418707589
43,122,2.355644792427999,1.364520279707833,68.80364197258002,31.93362732890367,0.991124512720166,36.870014643676356
44,122,2.355644792427999,1.3646645375315412,68.80364197258002,31.92163779231455,0.9909802548964579,36.882004180265476
45,122,2.355644792427999,1.365283237213981,68.80364197258002,32.12958927764476,0.9903615552140181,36.67405269493526
46,122,2.355644792427999,1.3646052072393806,68.80364197258002,31.91723362088749,0.9910395851886185,36.88640835169254
42,123,1.5757051270043745,1.0033871714192422,52.87737071093679,26.599250269290923,0.5723179555851323,26.278120441645864
43,123,1.5757051270043745,1.0031783182238607,52.87737071093679,26.64198746959224,0.5725268087805138,26.235383241344547
44,123,1.5757051270043745,1.0032881573594918,52.87737071093679,26.566736232451515,0.5724169696448826,26.310634478485273
45,123,1.5757051270043745,1.0036367640066706,52.87737071093679,26.9901219296232,0.5720683629977039,25.887248781313588
46,123,1.5757051270043745,1.0031684615639975,52.87737071093679,26.74420501322326,0.572536665440377,26.133165697713526
42,124,1.374056395950699,0.9266933646697456,46.08217733323799,24.483217959491995,0.44736303128095345,21.598959373746
43,124,1.374056395950699,0.9265593504545224,46.08217733323799,24.478837000734632,0.44749704549617664,21.60334033250336
44,124,1.374056395950699,0.9265219866933566,46.08217733323799,24.41102265012694,0.44753440925734245,21.67115468311105
45,124,1.374056395950699,0.9268111856844526,46.08217733323799,24.95588908283501,0.4472452102662464,21.126288250402983
46,124,1.374056395950699,0.9263663886147064,46.08217733323799,24.67984320266913,0.4476900073359926,21.402334130568864
42,125,2.3109685984445423,1.3743263119751317,67.40935576623323,31.92191988532636,0.9366422864694106,35.48743588090687
43,125,2.3109685984445423,1.373739033632683,67.40935576623323,31.97444532596024,0.9372295648118594,35.43491044027299
44,125,2.3109685984445423,1.373841690277534,67.40935576623323,31.916584380926224,0.9371269081670084,35.49277138530701
45,125,2.3109685984445423,1.374687674488036,67.40935576623323,32.159398583100774,0.9362809239565062,35.24995718313246
46,125,2.3109685984445423,1.373870941786965,67.40935576623323,31.952238983390828,0.9370976566575773,35.457116782842405
42,126,2.4271492534221504,1.4313869573209688,69.34241657514768,32.610066129841606,0.9957622961011816,36.732350445306075
43,126,2.4271492534221504,1.4307643427119714,69.34241657514768,32.651243774527835,0.996384910710179,36.691172800619846
44,126,2.4271492534221504,1.4308759250770782,69.34241657514768,32.634350421817345,0.9962733283450722,36.708066153330336
45,126,2.4271492534221504,1.4317429991480113,69.34241657514768,32.84209585726402,0.9954062542741391,36.50032071788366
46,126,2.4271492534221504,1.4308896455155335,69.34241657514768,32.64951312019761,0.9962596079066168,36.69290345495007
42,127,2.377856880986588,1.3771919688211105,69.34514663990794,32.20140176423233,1.0006649121654776,37.14374487567561
43,127,2.377856880986588,1.376708030778368,69.34514663990794,32.19916067960837,1.0011488502082202,37.14598596029957
44,127,2.377856880986588,1.3768171384362955,69.34514663990794,32.20365132585911,1.0010397425502926,37.141495314048825
45,127,2.377856880986588,1.37750582866547,69.34514663990794,32.39776697721452,1.000351052321118,36.947379662693415
46,127,2.377856880986588,1.376749064400741,69.34514663990794,32.20343345096804,1.0011078165858471,37.141713188939896
42,128,1.4920548976784764,0.9046545946833368,53.10654836257253,25.67478863051923,0.5874003029951397,27.4317597320533
43,128,1.4920548976784764,0.9044526070958108,53.10654836257253,25.70159733209617,0.5876022905826657,27.40495103047636
44,128,1.4920548976784764,0.9043865617689406,53.10654836257253,25.683523013991135,0.5876683359095358,27.423025348581398
45,128,1.4920548976784764,0.9049943773796552,53.10654836257253,26.0055050615719,0.5870605202988213,27.101043301000633
46,128,1.4920548976784764,0.9045382566933944,53.10654836257253,25.686433452362284,0.587516640985082,27.42011491021025
42,129,1.8695170021696248,1.0986503670129044,60.9162383856041,28.542858486162885,0.7708666351567204,32.37337989944122
43,129,1.8695170021696248,1.0983767094429644,60.9162383856041,28.58811597177948,0.7711402927266604,32.32812241382462
44,129,1.8695170021696248,1.0983959571622377,60.9162383856041,28.547075796419968,0.7711210450073871,32.369162589184135
45,129,1.8695170021696248,1.09901240115628,60.9162383856041,28.887274706357967,0.7705046010133447,32.02896367924613
46,129,1.8695170021696248,1.098456291351951,60.9162383856041,28.55027176877875,0.7710607108176737,32.365966616825354
42,130,1.4884011184949513,0.9348688897550383,52.15007110860759,26.051154430238743,0.5535322287399129,26.098916678368848
43,130,1.4884011184949513,0.934613068935208,52.15007110860759,26.09569134721092,0.5537880495597433,26.05437976139667
44,130,1.4884011184949513,0.934623375257134,52.15007110860759,25.998180533108908,0.5537777432378173,26.151890575498683
45,130,1.4884011184949513,0.9351124999126836,52.15007110860759,26.41462406385312,0.5532886185822676,25.735447044754473
46,130,1.4884011184949513,0.934686278451626,52.15007110860759,26.1388644492602,0.5537148400433253,26.01120665934739
42,131,1.3292626817298696,0.8423776578277623,48.46156979844522,24.47411430995376,0.4868850239021073,23.98745548849146
43,131,1.3292626817298696,0.8421411255880477,48.46156979844522,24.48065092255789,0.48712155614182195,23.98091887588733
44,131,1.3292626817298696,0.8422024551731097,48.46156979844522,24.446553574799708,0.48706022655675996,24.01501622364551
45,131,1.3292626817298696,0.8426391029489525,48.46156979844522,24.811243527712872,0.4866235787809171,23.650326270732347
46,131,1.3292626817298696,0.8422147988290231,48.46156979844522,24.490882259514173,0.48704788290084655,23.970687538931045
42,132,2.4465138535777005,1.3917234567961654,70.66932037306164,32.24843820120858,1.054790396781535,38.42088217185306
43,132,2.4465138535777005,1.3912109241024653,70.66932037306164,32.203228584858806,1.0553029294752352,38.46609178820283
44,132,2.4465138535777005,1.391277397282487,70.66932037306164,32.21807894101761,1.0552364562952135,38.45124143204403
45,132,2.4465138535777005,1.392036278601502,70.66932037306164,32.4089848456226,1.0544775749761985,38.26033552743904
46,132,2.4465138535777005,1.391345487579957,70.66932037306164,32.185753479925026,1.0551683659977436,38.48356689313661
42,134,2.73931598005649,1.5240076860377323,74.55946411061286,32.94592323661011,1.2153082940187578,41.61354087400275
43,134,2.73931598005649,1.523613333310132,74.55946411061286,32.85974996319931,1.215702646746358,41.69971414741355
44,134,2.73931598005649,1.5237289520919004,74.55946411061286,33.01992394578663,1.2155870279645897,41.539540164826235
45,134,2.73931598005649,1.5244124796069307,74.55946411061286,33.06983850412496,1.2149035004495594,41.489625606487905
46,134,2.73931598005649,1.52375980537239,74.55946411061286,32.823715309142244,1.2155561746841002,41.73574880147062
42,135,2.6657895798823468,1.48880576586845,73.90462419627596,33.0500751449371,1.1769838140138968,40.854549051338864
43,135,2.6657895798823468,1.488292550444199,73.90462419627596,32.98485811937594,1.1774970294381477,40.91976607690002
44,135,2.6657895798823468,1.4883235102282943,73.90462419627596,33.076922716695485,1.1774660696540524,40.827701479580476
45,135,2.6657895798823468,1.489112673213402,73.90462419627596,33.21002220600683,1.1766769066689449,40.69460199026913
46,135,2.6657895798823468,1.4885336863154663,73.90462419627596,32.977873242306444,1.1772558935668804,40.92675095396952
42,136,2.432107218471148,1.3779210987505044,70.40635356461694,32.07058734936965,1.0541861197206437,38.33576621524728
43,136,2.432107218471148,1.3774622957232083,70.40635356461694,32.035856170060065,1.0546449227479398,38.37049739455687
44,136,2.432107218471148,1.3775725629439404,70.40635356461694,32.07044546610211,1.0545346555272077,38.33590809851483
45,136,2.432107218471148,1.3781846513647829,70.40635356461694,32.2503221008348,1.0539225671063652,38.156031463782135
46,136,2.432107218471148,1.37759795296376,70.40635356461694,32.01508380821806,1.054509265507388,38.39126975639888
42,138,1.1347830077372838,0.7515075833987683,43.404611727534906,23.05354956004915,0.38327542433851547,20.351062167485757
43,138,1.1347830077372838,0.7514157985112957,43.404611727534906,23.05118110038056,0.3833672092259881,20.353430627154346
44,138,1.1347830077372838,0.7513918109813356,43.404611727534906,23.028129455780626,0.38339119675594824,20.37648227175428
45,138,1.1347830077372838,0.7517468760889797,43.404611727534906,23.38808028821288,0.3830361316483041,20.016531439322026
46,138,1.1347830077372838,0.7513650700054609,43.404611727534906,23.09326956890333,0.38341793773182287,20.311342158631575
42,139,1.2919564176351968,0.8765803450331913,44.71410576753048,23.98182200671701,0.4153760726020055,20.732283760813466
43,139,1.2919564176351968,0.8765139344129423,44.71410576753048,23.9613618212326,0.4154424832222544,20.752743946297876
44,139,1.2919564176351968,0.8764414344734205,44.71410576753048,23.915333213445592,0.41551498316177626,20.798772554084884
45,139,1.2919564176351968,0.8766974273974395,44.71410576753048,24.432682470079307,0.41525899023775725,20.28142329745117
46,139,1.2919564176351968,0.8762993062427765,44.71410576753048,24.15410652017757,0.41565711139242023,20.559999247352906
42,140,2.305249364621075,1.3391011708262952,68.09255553906485,31.659989044374782,0.9661481937947798,36.432566494690064
43,140,2.305249364621075,1.3386170334284075,68.09255553906485,31.644669000140446,0.9666323311926674,36.4478865389244
44,140,2.305249364621075,1.3386871412280477,68.09255553906485,31.61952170561776,0.9665622233930273,36.47303383344709
45,140,2.305249364621075,1.3394504047633384,68.09255553906485,31.854469242885425,0.9657989598577366,36.23808629617942
46,140,2.305249364621075,1.338720412573316,68.09255553906485,31.638716294421855,0.9665289520477589,36.45383924464299
42,141,2.520858825975269,1.4270540127346476,71.9489708357324,32.728858691461085,1.0938048132406215,39.22011214427131
43,141,2.520858825975269,1.4265099238197032,71.9489708357324,32.684292577071446,1.094348902155566,39.26467825866095
44,141,2.520858825975269,1.426597061358398,71.9489708357324,32.72640325215611,1.094261764616871,39.222567583576286
45,141,2.520858825975269,1.4273298254763476,71.9489708357324,32.895266447588526,1.0935290004989215,39.05370438814387
46,141,2.520858825975269,1.4266576789863703,71.9489708357324,32.67887273407161,1.0942011469888988,39.270098101660786
42,142,2.652888198322425,1.478648840475687,73.82448546303348,32.91172674394069,1.174239357846738,40.91275871909279
43,142,2.652888198322425,1.4780894545053715,73.82448546303348,32.84624985638117,1.1747987438170535,40.97823560665231
44,142,2.652888198322425,1.4781380092995815,73.82448546303348,32.967209417370945,1.1747501890228436,40.85727604566254
45,142,2.652888198322425,1.4789746628541358,73.82448546303348,33.0712008021641,1.1739135354682892,40.75328466086938
46,142,2.652888198322425,1.478349285762733,73.82448546303348,32.82959683566806,1.1745389125596921,40.99488862736542
42,143,2.3404853156803203,1.3414852089002678,69.19012216931675,31.92518758919339,0.9990001067800525,37.26493458012337
43,143,2.3404853156803203,1.3409795565217613,69.19012216931675,31.90765359065133,0.999505759158559,37.28246857866542
44,143,2.3404853156803203,1.341085729022038,69.19012216931675,31.91668002071245,0.9993995866582823,37.2734421486043
45,143,2.3404853156803203,1.3417480747290609,69.19012216931675,32.1213683397653,0.9987372409512594,37.068753829551454
46,143,2.3404853156803203,1.341043380843438,69.19012216931675,31.906594770214408,0.9994419348368822,37.28352739910234
42,144,1.5729109598060569,0.9915444774452112,53.61159424101759,26.85918224421616,0.5813664823608456,26.75241199680143
43,144,1.5729109598060569,0.9913321778133508,53.61159424101759,26.91449172983504,0.5815787819927061,26.697102511182553
44,144,1.5729109598060569,0.9914327525985936,53.61159424101759,26.83845469119979,0.5814782072074632,26.773139549817802
45,144,1.5729109598060569,0.991807028649782,53.61159424101759,27.245307099678183,0.5811039311562749,26.36628714133941
46,144,1.5729109598060569,0.9913675843157912,53.61159424101759,26.98595421418636,0.5815433754902657,26.62564002683123
42,145,1.329689755247713,0.8445773194306373,48.51454054360028,24.62836940217372,0.48511243581707564,23.886171141426562
43,145,1.329689755247713,0.844350610941584,48.51454054360028,24.651647466695707,0.4853391443061289,23.862893076904577
44,145,1.329689755247713,0.8444138886715437,48.51454054360028,24.59463710756421,0.4852758665761693,23.919903436036073
45,145,1.329689755247713,0.8448169748528105,48.51454054360028,24.97671705939098,0.48487278039490245,23.5378234842093
46,145,1.329689755247713,0.8444163402037604,48.51454054360028,24.66851659490132,0.4852734150439525,23.846023948698964
42,146,2.3762124656552843,1.3826560442418665,69.35996266884572,32.341586556333176,0.9935564214134178,37.01837611251255
43,146,2.3762124656552843,1.3820668502941076,69.35996266884572,32.32560553352268,0.9941456153611767,37.03435713532304
44,146,2.3762124656552843,1.3821662500925425,69.35996266884572,32.34084699098723,0.9940462155627419,37.019115677858494
45,146,2.3762124656552843,1.3829551623536596,69.35996266884572,32.53512111782072,0.9932573033016248,36.824841551025
46,146,2.3762124656552843,1.382177401421047,69.35996266884572,32.34852119245079,0.9940350642342373,37.011441476394936
42,148,2.392387718036775,1.372232856973473,69.94290229182741,32.31254339180904,1.0201548610633022,37.63035890001837
43,148,2.392387718036775,1.3717323007346296,69.94290229182741,32.28530264704233,1.0206554173021456,37.65759964478508
44,148,2.392387718036775,1.3718404973199505,69.94290229182741,32.30071584590479,1.0205472207168247,37.64218644592262
45,148,2.392387718036775,1.3725262445554718,69.94290229182741,32.490753589999585,1.0198614734813034,37.452148701827824
46,148,2.392387718036775,1.3718141338613594,69.94290229182741,32.29773405502534,1.0205735841754158,37.64516823680207
42,149,1.7224753015002183,1.0532109622300805,57.02540206000797,27.76254251001291,0.6692643392701378,29.26285954999506
43,149,1.7224753015002183,1.052958256175696,57.02540206000797,27.819821512640303,0.6695170453245223,29.205580547367667
44,149,1.7224753015002183,1.0531262995868422,57.02540206000797,27.812690992435986,0.6693490019133761,29.212711067571984
45,149,1.7224753015002183,1.0535120138583884,57.02540206000797,28.139437997143677,0.6689632876418299,28.885964062864293
46,149,1.7224753015002183,1.0530183639864084,57.02540206000797,27.8488352308409,0.66945693751381,29.17656682916707
42,150,2.059803850958833,1.1876272366786238,64.55411254868967,29.820448739973724,0.872176614280209,34.733663808715946
43,150,2.059803850958833,1.1873293942640692,64.55411254868967,29.8326644991414,0.8724744566947635,34.72144804954827
44,150,2.059803850958833,1.1874016479619969,64.55411254868967,29.80490991906092,0.8724022029968359,34.749202629628755
45,150,2.059803850958833,1.188058897175038,64.55411254868967,30.10448582118229,0.8717449537837947,34.44962672750738
46,150,2.059803850958833,1.187430785954018,64.55411254868967,29.791520918015223,0.8723730650048147,34.76259163067445
42,151,1.5129362795997303,0.9048280773850614,54.441662881922326,26.151133503408463,0.6081082022146689,28.290529378513863
43,151,1.5129362795997303,0.9046648562507708,54.441662881922326,26.17384712183108,0.6082714233489596,28.267815760091246
44,151,1.5129362795997303,0.904587138610589,54.441662881922326,26.174155298605445,0.6083491409891413,28.26750758331688
45,151,1.5129362795997303,0.9051821978853164,54.441662881922326,26.481675844272075,0.6077540817144139,27.95998703765025
46,151,1.5129362795997303,0.9047588008810716,54.441662881922326,26.18053124767841,0.6081774787186587,28.261131634243917
42,152,1.250614153302844,0.7950974063954361,47.2541646635114,24.18593341404121,0.45551674690740795,23.068231249470195
43,152,1.250614153302844,0.7949097703212361,47.2541646635114,24.197048644307987,0.455704382981608,23.057116019203416
44,152,1.250614153302844,0.7949161876247928,47.2541646635114,24.17031424304973,0.4556979656780513,23.083850420461673
45,152,1.250614153302844,0.7953630482855281,47.2541646635114,24.527867107156904,0.455251105017316,22.7262975563545
46,152,1.250614153302844,0.7949766289725826,47.2541646635114,24.20553699556562,0.4556375243302615,23.048627667945784
42,153,2.2843000677448173,1.3157339042772944,68.37280770828924,31.74434756011242,0.9685661634675229,36.62846014817683
43,153,2.2843000677448173,1.3152435838690697,68.37280770828924,31.7155292310484,0.9690564838757476,36.657278477240844
44,153,2.2843000677448173,1.3153158651057968,68.37280770828924,31.681609419548224,0.9689842026390205,36.69119828874102
45,153,2.2843000677448173,1.3160359859424595,68.37280770828924,31.92519497769768,0.9682640818023578,36.447612730591565
46,153,2.2843000677448173,1.315351165861961,68.37280770828924,31.71462567130372,0.9689489018828563,36.65818203698552
42,154,2.4883552089213747,1.4125265356171353,71.56936519151725,32.71594286242858,1.0758286733042395,38.85342232908867
43,154,2.4883552089213747,1.4119169706399088,71.56936519151725,32.665410126848016,1.076438238281466,38.90395506466923
44,154,2.4883552089213747,1.4120153816323164,71.56936519151725,32.72413295008257,1.0763398272890583,38.84523224143468
45,154,2.4883552089213747,1.4127177161696869,71.56936519151725,32.877074039869946,1.0756374927516879,38.692291151647304
46,154,2.4883552089213747,1.412083555297628,71.56936519151725,32.677135441043575,1.0762716536237467,38.892229750473675
42,155,2.4683030270535005,1.4301595186255152,70.82173878194553,32.91843826572808,1.0381435084279853,37.90330051621745
43,155,2.4683030270535005,1.429493379823021,70.82173878194553,32.90053466649856,1.0388096472304795,37.92120411544697
44,155,2.4683030270535005,1.429601828078569,70.82173878194553,32.942875424101274,1.0387011989749315,37.87886335784425
45,155,2.4683030270535005,1.4304108890702407,70.82173878194553,33.11967924450886,1.0378921379832597,37.70205953743667
46,155,2.4683030270535005,1.4295817884934814,70.82173878194553,32.942855687472864,1.038721238560019,37.87888309447266
42,156,2.5609072554318737,1.4531276987320294,72.57241229542157,33.122282538197624,1.1077795566998443,39.45012975722395
43,156,2.5609072554318737,1.4524229782182732,72.57241229542157,33.06617217717016,1.1084842772136005,39.50624011825141
44,156,2.5609072554318737,1.452500698286195,72.57241229542157,33.128777155044034,1.1084065571456787,39.44363514037754
45,156,2.5609072554318737,1.453294525800139,72.57241229542157,33.28737722441297,1.1076127296317346,39.2850350710086
46,156,2.5609072554318737,1.4525711482892565,72.57241229542157,33.100839668919754,1.1083361071426172,39.47157262650182
42,157,2.450407614235024,1.3925052797883997,71.01183824469823,32.45934097609782,1.0579023344466243,38.552497268600405
43,157,2.450407614235024,1.3918379749849954,71.01183824469823,32.416686681702785,1.0585696392500286,38.59515156299544
44,157,2.450407614235024,1.3919181481032137,71.01183824469823,32.4555625786435,1.0584894661318103,38.556275666054724
45,157,2.450407614235024,1.3926412222290023,71.01183824469823,32.640002886204364,1.0577663920060216,38.37183535849386
46,157,2.450407614235024,1.391977288699029,71.01183824469823,32.430691042448764,1.058430325535995,38.58114720224946
42,158,1.661605750959411,1.004805468260306,56.55450141610055,27.333970945954917,0.6568002826991051,29.220530470145633
43,158,1.661605750959411,1.0046042091485323,56.55450141610055,27.391710543085864,0.6570015418108788,29.162790873014686
44,158,1.661605750959411,1.0046685194491494,56.55450141610055,27.39174141026807,0.6569372315102617,29.162760005832478
45,158,1.661605750959411,1.0051282733567288,56.55450141610055,27.700017896506168,0.6564774776026823,28.854483519594382
46,158,1.661605750959411,1.0046845327087497,56.55450141610055,27.402796962505708,0.6569212182506614,29.151704453594842
42,160,2.566395523206211,1.4429665760266202,72.56893544196672,32.74304490445535,1.1234289471795906,39.82589053751136
43,160,2.566395523206211,1.442339317924218,72.56893544196672,32.67186425089572,1.1240562052819927,39.89707119107099
44,160,2.566395523206211,1.4424384582481522,72.56893544196672,32.75377752378758,1.1239570649580586,39.81515791817913
45,160,2.566395523206211,1.443194403720089,72.56893544196672,32.884539189088294,1.1232011194861218,39.68439625287842
46,160,2.566395523206211,1.4425865367922,72.56893544196672,32.66084531345372,1.1238089864140108,39.908090128512995
42,161,2.748587198058816,1.5270954918117925,74.71632772949025,33.01059658966573,1.2214917062470236,41.705731139824515
43,161,2.748587198058816,1.5266624382641771,74.71632772949025,32.91922439986452,1.221924759794639,41.79710332962573
44,161,2.748587198058816,1.526751877672487,74.71632772949025,33.0697046654581,1.221835320386329,41.64662306403215
45,161,2.748587198058816,1.5274515442911785,74.71632772949025,33.1343317597086,1.2211356537676377,41.581995969781644
46,161,2.748587198058816,1.526824875473505,74.71632772949025,32.88480210846902,1.2217623225853111,41.83152562102123
42,162,2.861645885875985,1.5893910568058056,75.57914655152469,33.018323419721405,1.2722548290701792,42.56082313180328
43,162,2.861645885875985,1.5889645942363435,75.57914655152469,32.916360003683714,1.2726812916396413,42.66278654784097
44,162,2.861645885875985,1.5889723285931578,75.57914655152469,33.01405206485113,1.272673557282827,42.56509448667356
45,162,2.861645885875985,1.5896304845783424,75.57914655152469,33.10648150133334,1.2720154012976423,42.472665050191345
46,162,2.861645885875985,1.5890180151329365,75.57914655152469,32.845618395523864,1.2726278707430483,42.73352815600082
42,163,2.4828770999284195,1.404283613429502,71.51248819256847,32.60033868585169,1.0785934864989175,38.91214950671678
43,163,2.4828770999284195,1.4037856233874138,71.51248819256847,32.550652969065695,1.0790914765410058,38.961835223502774
44,163,2.4828770999284195,1.403932251998794,71.51248819256847,32.59262688420658,1.0789448479296255,38.91986130836189
45,163,2.4828770999284195,1.40461426045459,71.51248819256847,32.76041458172106,1.0782628394738296,38.75207361084741
46,163,2.4828770999284195,1.403974948271936,71.51248819256847,32.546174872242496,1.0789021516564836,38.96631332032597
42,164,2.379767038846836,1.3468904521446563,70.0425666404841,31.96956647762019,1.0328765867021799,38.073000162863906
43,164,2.379767038846836,1.346383292232151,70.0425666404841,31.93917410021873,1.0333837466146851,38.10339254026537
44,164,2.379767038846836,1.3464955275432142,70.0425666404841,31.9689381692867,1.033271511303622,38.073628471197395
45,164,2.379767038846836,1.3471635943593483,70.0425666404841,32.157347746473,1.0326034444874879,37.885218894011096
46,164,2.379767038846836,1.3465128204651902,70.0425666404841,31.918701032406982,1.033254218381646,38.12386560807711
42,165,1.5272475380845552,0.9323778521581164,54.14576609320574,26.55016045086897,0.5948696859264387,27.595605642336768
43,165,1.5272475380845552,0.9321894467826196,54.14576609320574,26.633292887890114,0.5950580913019355,27.512473205315622
44,165,1.5272475380845552,0.9321588947564085,54.14576609320574,26.58623673998113,0.5950886433281467,27.559529353224608
45,165,1.5272475380845552,0.932670685717272,54.14576609320574,26.921136005558765,0.5945768523672832,27.224630087646972
46,165,1.5272475380845552,0.93226313645245,54.14576609320574,26.622485860608503,0.5949844016321052,27.523280232597234
42,166,1.2896716883836723,0.8019964455213069,48.9694934236294,24.511427442989135,0.4876752428623654,24.458065980640267
43,166,1.2896716883836723,0.8018166141279499,48.9694934236294,24.54421606108692,0.4878550742557224,24.42527736254248
44,166,1.2896716883836723,0.8018040873877766,48.9694934236294,24.52416388645296,0.48786760099589566,24.44532953717644
45,166,1.2896716883836723,0.8023093320751588,48.9694934236294,24.86006372181976,0.48736235630851354,24.109429701809642
46,166,1.2896716883836723,0.8018974392162235,48.9694934236294,24.514797394014188,0.4877742491674488,24.454696029615214
42,167,2.5048794345842187,1.4031293717368083,71.91686403596565,32.404745347875995,1.1017500628474104,39.51211868808965
43,167,2.5048794345842187,1.4025282227621167,71.91686403596565,32.343588609451054,1.102351211822102,39.57327542651459
44,167,2.5048794345842187,1.4025729069511237,71.91686403596565,32.42200770750386,1.102306527633095,39.494856328461786
45,167,2.5048794345842187,1.4033865870896984,71.91686403596565,32.557142868180065,1.1014928474945203,39.35972116778558
46,167,2.5048794345842187,1.402805128621785,71.91686403596565,32.32182284659519,1.1020743059624336,39.595041189370455
42,168,2.7107315407899923,1.4995459293396287,74.98647668994,33.28103887787376,1.2111856114503636,41.70543781206624
43,168,2.7107315407899923,1.498842677510132,74.98647668994,33.20746914535916,1.2118888632798603,41.77900754458084
44,168,2.7107315407899923,1.498883290969499,74.98647668994,33.39532683975812,1.2118482498204934,41.591149850181885
45,168,2.7107315407899923,1.4997253748457473,74.98647668994,33.43016945513872,1.211006165944245,41.55630723480129
46,168,2.7107315407899923,1.4991949578749566,74.98647668994,33.202495794805046,1.2115365829150357,41.78398089513496
42,169,2.5482298030267585,1.4450459286569426,72.68893600853463,33.2553005917298,1.103183874369816,39.433635416804826
43,169,2.5482298030267585,1.4442030534724508,72.68893600853463,33.211113740972024,1.1040267495543077,39.4778222675626
44,169,2.5482298030267585,1.4442583707979175,72.68893600853463,33.276008656173985,1.103971432228841,39.41292735236064
45,169,2.5482298030267585,1.4450560540655613,72.68893600853463,33.433965165541174,1.1031737489611972,39.25497084299345
46,169,2.5482298030267585,1.4443914367401411,72.68893600853463,33.25294757644263,1.1038383662866174,39.435988432091996
42,170,2.6217915489834733,1.4582420043811275,74.08855402257251,33.2138482802251,1.1635495446023458,40.87470574234741
43,170,2.6217915489834733,1.4572067519323857,74.08855402257251,33.173410671971645,1.1645847970510876,40.915143350600864
44,170,2.6217915489834733,1.4571418695685598,74.08855402257251,33.3084763045066,1.1646496794149135,40.78007771806591
45,170,2.6217915489834733,1.4580823922853268,74.08855402257251,33.40458512791438,1.1637091566981466,40.68396889465813
46,170,2.6217915489834733,1.4575835539868838,74.08855402257251,33.186350622747206,1.1642079949965896,40.902203399825304
42,171,2.445054805862679,1.3666358215782686,71.14898420583152,32.054999976989805,1.0784189842844105,39.09398422884172
43,171,2.445054805862679,1.3661931574670414,71.14898420583152,31.992500136679464,1.0788616483956377,39.15648406915206
44,171,2.445054805862679,1.366303857004395,71.14898420583152,32.08707657181444,1.078750948858284,39.06190763401708
45,171,2.445054805862679,1.3670379250347802,71.14898420583152,32.22658418843824,1.078016880827899,38.92240001739329
46,171,2.445054805862679,1.3663828517176753,71.14898420583152,31.97549414219168,1.0786719541450038,39.173490063639846
42,172,1.5601298060796325,0.9252635514039468,55.48143262702997,26.42906000374548,0.6348662546756857,29.052372623284487
43,172,1.5601298060796325,0.9251346572753154,55.48143262702997,26.457858588665005,0.6349951488043171,29.023574038364963
44,172,1.5601298060796325,0.9250694307368792,55.48143262702997,26.46767512743668,0.6350603753427533,29.013757499593286
45,172,1.5601298060796325,0.9256336412157776,55.48143262702997,26.761584899989497,0.6344961648638549,28.71984772704047
46,172,1.5601298060796325,0.9252188450819636,55.48143262702997,26.46737767150452,0.6349109609976689,29.01405495552545
42,173,1.3143025044281558,0.8019205901452626,49.80000304906241,24.29949800832102,0.5123819142828931,25.50050504074139
43,173,1.3143025044281558,0.8017555745131291,49.80000304906241,24.27868503539788,0.5125469299150267,25.52131801366453
44,173,1.3143025044281558,0.8017087831489771,49.80000304906241,24.30091331835525,0.5125937212791787,25.499089730707162
45,173,1.3143025044281558,0.8022953381002885,49.80000304906241,24.594793285099406,0.5120071663278672,25.205209763963005
46,173,1.3143025044281558,0.8018329419001446,49.80000304906241,24.234544688587764,0.5124695625280111,25.565458360474647
42,174,2.450732089013174,1.3777727938382072,70.8536180305321,32.00868739108857,1.072959295174967,38.84493063944353
43,174,2.450732089013174,1.3773410563083626,70.8536180305321,31.941505652854023,1.0733910327048115,38.912112377678085
44,174,2.450732089013174,1.377376753924023,70.8536180305321,31.984839385651995,1.0733553350891512,38.86877864488011
45,174,2.450732089013174,1.3780807399043329,70.8536180305321,32.155175986246746,1.0726513491088412,38.69844204428536
46,174,2.450732089013174,1.3774852216231206,70.8536180305321,31.907936745014837,1.0732468673900535,38.94568128551727
42,175,2.4872240804072856,1.394889980124981,71.7360974411382,32.432265468465566,1.0923341002823046,39.30383197267263
43,175,2.4872240804072856,1.394416584601489,71.7360974411382,32.36766518075335,1.0928074958057965,39.36843226038485
44,175,2.4872240804072856,1.394517756335754,71.7360974411382,32.43804047161926,1.0927063240715316,39.29805696951894
45,175,2.4872240804072856,1.3951947262588087,71.7360974411382,32.58563740145532,1.092029354148477,39.150460039682876
46,175,2.4872240804072856,1.3945970677257424,71.7360974411382,32.35416728305037,1.0926270126815432,39.381930158087826
42,176,2.3671207664660283,1.3558406055302257,69.90383369285163,32.28639515471201,1.0112801609358026,37.61743853813962
43,176,2.3671207664660283,1.35518375894567,69.90383369285163,32.26803327921774,1.0119370075203584,37.635800413633895
44,176,2.3671207664660283,1.355259139899599,69.90383369285163,32.28583334441009,1.0118616265664293,37.61800034844155
45,176,2.3671207664660283,1.3559812250397687,69.90383369285163,32.49153388489721,1.0111395414262596,37.412299807954426
46,176,2.3671207664660283,1.3552498128757484,69.90383369285163,32.295276664148915,1.01187095359028,37.60855702870272
42,177,2.605484619644239,1.4544442691907016,73.36394120172686,32.85428569758415,1.1510403504535376,40.50965550414271
43,177,2.605484619644239,1.4538041510274449,73.36394120172686,32.78672651318025,1.1516804686167943,40.57721468854661
44,177,2.605484619644239,1.453932804127016,73.36394120172686,32.904536683947,1.151551815517223,40.45940451777986
45,177,2.605484619644239,1.4546922507755342,73.36394120172686,33.008664889371246,1.150792368868705,40.35527631235561
46,177,2.605484619644239,1.4540950266305075,73.36394120172686,32.7768314947153,1.1513895930137317,40.58710970701156
42,178,2.3257663611200936,1.3389272736914462,68.94284978783813,31.932228098299348,0.9868390874286475,37.01062168953878
43,178,2.3257663611200936,1.338424311022165,68.94284978783813,31.920734191380525,0.9873420500979286,37.0221155964576
44,178,2.3257663611200936,1.3385238610423913,68.94284978783813,31.94157236852495,0.9872425000777023,37.001277419313176
45,178,2.3257663611200936,1.3392127973406465,68.94284978783813,32.13240670381191,0.9865535637794471,36.81044308402622
46,178,2.3257663611200936,1.3384768830561455,68.94284978783813,31.91588264368157,0.9872894780639481,37.02696714415656
42,179,1.515702123926068,0.967846956066628,52.297318699173765,26.576100340595023,0.54785516785944,25.721218358578742
43,179,1.515702123926068,0.9676402718237472,52.297318699173765,26.64097919907944,0.5480618521023207,25.656339500094326
44,179,1.515702123926068,0.9677012676030028,52.297318699173765,26.518152942114558,0.5480008563230652,25.779165757059207
45,179,1.515702123926068,0.9680929162697202,52.297318699173765,26.97409134449441,0.5476092076563478,25.323227354679354
46,179,1.515702123926068,0.9676540088920612,52.297318699173765,26.72166305084741,0.5480481150340067,25.575655648326354
42,180,1.32069602238676,0.8914933596704746,45.63580451379313,24.44674281873337,0.4292026627162855,21.189061695059763
43,180,1.32069602238676,0.8913892742421217,45.63580451379313,24.42273010664877,0.42930674814463843,21.21307440714436
44,180,1.32069602238676,0.8913470608074049,45.63580451379313,24.355349741865105,0.4293489615793552,21.280454771928028
45,180,1.32069602238676,0.8916149507999205,45.63580451379313,24.887134853270474,0.4290810715868396,20.74866966052266
46,180,1.32069602238676,0.8912028877462244,45.63580451379313,24.63149281814035,0.42949313464053573,21.00431169565278
42,181,2.231714878054542,1.3295858076390783,66.72678674341859,31.74379530742462,0.9021290704154639,34.982991435993966
43,181,2.231714878054542,1.3289538431748056,66.72678674341859,31.774030195294227,0.9027610348797366,34.952756548124356
44,181,2.231714878054542,1.3290670496700416,66.72678674341859,31.73818992825965,0.9026478283845005,34.988596815158935
45,181,2.231714878054542,1.3298776547790798,66.72678674341859,31.973405850324337,0.9018372232754623,34.753380893094246
46,181,2.231714878054542,1.32906446730108,66.72678674341859,31.7779865218513,0.9026504107534621,34.94880022156728
42,182,2.409283522035766,1.3984921688757783,70.11124857800667,32.698036179468794,1.0107913531599877,37.41321239853787
43,182,2.409283522035766,1.3977918401188285,70.11124857800667,32.68508655833574,1.0114916819169375,37.426162019670926
44,182,2.409283522035766,1.3979086213768337,70.11124857800667,32.718766105614456,1.0113749006589323,37.39248247239221
45,182,2.409283522035766,1.3986633286286363,70.11124857800667,32.90029600549615,1.0106201934071297,37.210952572510514
46,182,2.409283522035766,1.397867169855941,70.11124857800667,32.72909369205686,1.011416352179825,37.38215488594981
42,183,2.5309519350860823,1.4299635472017214,72.46092274997417,32.97270623387467,1.100988387884361,39.488216516099506
43,183,2.5309519350860823,1.4291616991288585,72.46092274997417,32.91403521826344,1.1017902359572238,39.54688753171073
44,183,2.5309519350860823,1.4292465278432702,72.46092274997417,32.979768852849475,1.101705407242812,39.4811538971247
45,183,2.5309519350860823,1.430036488296823,72.46092274997417,33.1415394083714,1.1009154467892592,39.31938334160277
46,183,2.5309519350860823,1.4293472355254568,72.46092274997417,32.94558308023298,1.1016046995606255,39.515339669741195
42,184,2.642989429939463,1.4740888773646177,74.02188457218858,33.14486629376418,1.1689005525748455,40.8770182784244
43,184,2.642989429939463,1.4733035297562826,74.02188457218858,33.07838976322085,1.1696859001831805,40.943494808967735
44,184,2.642989429939463,1.4733730269238337,74.02188457218858,33.199719876905704,1.1696164030156295,40.82216469528288
45,184,2.642989429939463,1.4742174061103532,74.02188457218858,33.3111421490092,1.16877202382911,40.71074242317938
46,184,2.642989429939463,1.4736419026502068,74.02188457218858,33.08337807278202,1.1693475272892564,40.938506499406564
42,185,2.547327566781839,1.4284516540991457,72.1406276258982,32.39533143016336,1.1188759126826933,39.745296195734845
43,185,2.547327566781839,1.4278947592690197,72.1406276258982,32.3437402317065,1.1194328075128193,39.79688739419171
44,185,2.547327566781839,1.4279510752270987,72.1406276258982,32.43023385710094,1.1193764915547402,39.71039376879727
45,185,2.547327566781839,1.428661363610222,72.1406276258982,32.58295831178864,1.118666203171617,39.55766931410957
46,185,2.547327566781839,1.428095174001113,72.1406276258982,32.3365686632098,1.119232392780726,39.8040589626884
42,186,1.4997829409940815,0.9535148793593424,52.09336334836379,26.394041835629334,0.5462680616347391,25.699321512734453
43,186,1.4997829409940815,0.9533280910380694,52.09336334836379,26.470322704906497,0.5464548499560121,25.62304064345729
44,186,1.4997829409940815,0.9533822893009456,52.09336334836379,26.35831124480452,0.5464006516931359,25.73505210355927
45,186,1.4997829409940815,0.95377396623057,52.09336334836379,26.787366970607504,0.5460089747635115,25.305996377756284
46,186,1.4997829409940815,0.953342029347708,52.09336334836379,26.536324283895397,0.5464409116463735,25.55703906446839
42,187,1.2620579288976557,0.8352308407791024,45.64470066034002,24.102065734007184,0.4268270881185533,21.542634926332838
43,187,1.2620579288976557,0.8350897945396526,45.64470066034002,24.086959964450507,0.42696813435800307,21.557740695889514
44,187,1.2620579288976557,0.8350708907091069,45.64470066034002,24.037625874610143,0.4269870381885488,21.60707478572988
45,187,1.2620579288976557,0.8354257827683681,45.64470066034002,24.475606286694376,0.42663214612928757,21.169094373645645
46,187,1.2620579288976557,0.8350246547261507,45.64470066034002,24.20273624551173,0.42703327417150494,21.44196441482829
42,188,2.272018252890041,1.3004423193799326,68.17309897920147,31.424944070901,0.9715759335101084,36.74815490830047
43,188,2.272018252890041,1.2999783050353035,68.17309897920147,31.383310129292514,0.9720399478547375,36.78978884990896
44,188,2.272018252890041,1.3000688103203362,68.17309897920147,31.357715564150283,0.9719494425697048,36.81538341505119
45,188,2.272018252890041,1.300741084423358,68.17309897920147,31.59835139155429,0.971277168466683,36.57474758764718
46,188,2.272018252890041,1.3000984549662629,68.17309897920147,31.36377151313964,0.9719197979237781,36.80932746606183
42,189,2.509086333496753,1.4023242724704932,71.31083964613892,31.746872009756284,1.1067620610262596,39.56396763638263
43,189,2.509086333496753,1.4019609186452984,71.31083964613892,31.687377906354847,1.1071254148514544,39.62346173978407
44,189,2.509086333496753,1.402033999400978,71.31083964613892,31.792875586315752,1.1070523340957747,39.517964059823164
45,189,2.509086333496753,1.4027041787791144,71.31083964613892,31.900513355385662,1.1063821547176385,39.410326290753254
46,189,2.509086333496753,1.4020099837364557,71.31083964613892,31.625281709581262,1.1070763497602971,39.68555793655766
42,190,2.42861129387474,1.3608719676753738,70.33099863014283,31.480819100073088,1.0677393261993664,38.85017953006974
43,190,2.42861129387474,1.3605233402103731,70.33099863014283,31.431022237392163,1.068087953664367,38.899976392750666
44,190,2.42861129387474,1.3606309866660145,70.33099863014283,31.513237250923165,1.0679803072087257,38.81776137921966
45,190,2.42861129387474,1.361316152178539,70.33099863014283,31.641712808942035,1.067295141696201,38.6892858212008
46,190,2.42861129387474,1.3606068919405665,70.33099863014283,31.367092534090663,1.0680044019341737,38.96390609605217
42,191,2.320178541125574,1.315111280131167,68.84515926708478,31.333047077617167,1.005067260994407,37.512112189467615
43,191,2.320178541125574,1.3147251530916415,68.84515926708478,31.291106513114205,1.0054533880339325,37.55405275397058
44,191,2.320178541125574,1.314839596853095,68.84515926708478,31.30459218575255,1.005338944272479,37.54056708133223
45,191,2.320178541125574,1.3154991627024717,68.84515926708478,31.515180350995823,1.0046793784231023,37.32997891608896
46,191,2.320178541125574,1.314826485092588,68.84515926708478,31.258119324934373,1.005352056032986,37.58703994215041
42,192,2.133212786949348,1.248635309545434,65.60110082948236,30.85508128172948,0.8845774774039139,34.74601954775288
43,192,2.133212786949348,1.248267999634322,65.60110082948236,30.8764010083169,0.8849447873150258,34.72469982116546
44,192,2.133212786949348,1.24840887297981,65.60110082948236,30.83919023992999,0.8848039139695378,34.76191058955237
45,192,2.133212786949348,1.2490528377899708,65.60110082948236,31.08958375342685,0.884159949159377,34.51151707605551
46,192,2.133212786949348,1.2483344149936653,65.60110082948236,30.85210889025224,0.8848783719556825,34.74899193923012
42,193,1.3771354896629902,0.8664006295308068,50.54353696897341,25.490574332624107,0.5107348601321834,25.052962636349307
43,193,1.3771354896629902,0.86621541276084,50.54353696897341,25.567582193764157,0.5109200769021501,24.975954775209257
44,193,1.3771354896629902,0.8661660207887993,50.54353696897341,25.446774496481456,0.5109694688741908,25.096762472491957
45,193,1.3771354896629902,0.8666667631417305,50.54353696897341,25.862771831408622,0.5104687265212596,24.68076513756479
46,193,1.3771354896629902,0.8662553074115922,50.54353696897341,25.569098833295893,0.510880182251398,24.97443813567752
42,194,1.1763854377812624,0.7736516867643355,44.55702161126317,23.45294085030429,0.4027337510169269,21.104080760958876
43,194,1.1763854377812624,0.7735127166568236,44.55702161126317,23.455994758936317,0.4028727211244387,21.10102685232685
44,194,1.1763854377812624,0.7735159845238821,44.55702161126317,23.417146989298743,0.4028694532573802,21.139874621964424
45,194,1.1763854377812624,0.7738760100343162,44.55702161126317,23.799893146914933,0.4025094277469462,20.757128464348234
46,194,1.1763854377812624,0.7735048898738613,44.55702161126317,23.50236813123944,0.402880547907401,21.054653480023727
42,195,2.073666303653006,1.2147679742883937,64.56480565837919,30.382051760305675,0.8588983293646124,34.182753898073514
43,195,2.073666303653006,1.21436789535679,64.56480565837919,30.38845148939316,0.8592984082962161,34.17635416898602
44,195,2.073666303653006,1.2144821606933296,64.56480565837919,30.31727615533929,0.8591841429596765,34.2475295030399
45,195,2.073666303653006,1.2151282427906442,64.56480565837919,30.612773034860155,0.8585380608623618,33.95203262351903
46,195,2.073666303653006,1.2144507391226425,64.56480565837919,30.347878986891075,0.8592155645303636,34.21692667148811
42,196,2.2086912083898453,1.279573985313136,66.96878285834096,31.18114565165191,0.9291172230767093,35.78763720668905
43,196,2.2086912083898453,1.2791545761336538,66.96878285834096,31.177981958311847,0.9295366322561915,35.79080090002911
44,196,2.2086912083898453,1.2792949184705356,66.96878285834096,31.15167256015749,0.9293962899193098,35.817110298183465
45,196,2.2086912083898453,1.2799275823113312,66.96878285834096,31.38992013222952,0.9287636260785141,35.57886272611144
46,196,2.2086912083898453,1.2792284007338008,66.96878285834096,31.16267507324245,0.9294628076560445,35.806107785098504
42,197,2.208591088498432,1.284694838762712,66.8752725755187,31.28909551256531,0.9238962497357199,35.58617706295338
43,197,2.208591088498432,1.2842773722366505,66.8752725755187,31.302689592773344,0.9243137162617814,35.572582982745345
44,197,2.208591088498432,1.2844295280494102,66.8752725755187,31.269076717957063,0.9241615604490216,35.60619585756163
45,197,2.208591088498432,1.2850416656441126,66.8752725755187,31.504913309531304,0.9235494228543193,35.37035926598739
46,197,2.208591088498432,1.2843504366678715,66.8752725755187,31.282351638442847,0.9242406518305604,35.592920937075846
42,198,2.1587135037147647,1.2662315549653225,65.88073765284089,31.04192995390898,0.8924819487494422,34.838807698931916
43,198,2.1587135037147647,1.265805675668009,65.88073765284089,31.0721879699198,0.8929078280467557,34.8085496829211
44,198,2.1587135037147647,1.2659772116112258,65.88073765284089,31.0194007471267,0.8927362921035389,34.8613369057142
45,198,2.1587135037147647,1.2666024484954657,65.88073765284089,31.271977011160715,0.892111055219299,34.60876064168018
46,198,2.1587135037147647,1.265890804739864,65.88073765284089,31.044983537883247,0.8928226989749006,34.835754114957645
42,199,2.066426937708055,1.2121995836462842,64.5012661545222,30.37143708249769,0.8542273540617709,34.129829072024506
43,199,2.066426937708055,1.2118766673512589,64.5012661545222,30.402538264511342,0.8545502703567962,34.098727890010856
44,199,2.066426937708055,1.212000353493896,64.5012661545222,30.347197322343213,0.8544265842141592,34.154068832178986
45,199,2.066426937708055,1.2126302484599785,64.5012661545222,30.621627235051548,0.8537966892480766,33.87963891947065
46,199,2.066426937708055,1.211950028618983,64.5012661545222,30.369592804745835,0.854476909089072,34.131673349776364
42,200,1.4892947846008142,0.8884831254012959,53.78222401234618,25.559505253444417,0.6008116591995183,28.22271875890176
43,200,1.4892947846008142,0.8882969741055509,53.78222401234618,25.517280685739024,0.6009978104952634,28.264943326607153
44,200,1.4892947846008142,0.8881836118910699,53.78222401234618,25.52740910745969,0.6011111727097443,28.254814904886487
45,200,1.4892947846008142,0.8888204607884588,53.78222401234618,25.840023939293147,0.6004743238123554,27.94220007305303
46,200,1.4892947846008142,0.8884049551703069,53.78222401234618,25.538701347426517,0.6008898294305073,28.24352266491966
42,201,1.262238572710859,0.779272859701038,48.439100727877445,23.894965558477917,0.48296571300982094,24.544135169399528
43,201,1.262238572710859,0.7791134705075675,48.439100727877445,23.88292603697248,0.4831251022032914,24.556174690904964
44,201,1.262238572710859,0.7790801961978144,48.439100727877445,23.907617725214408,0.4831583765130445,24.531483002663037
45,201,1.262238572710859,0.7796557492524001,48.439100727877445,24.20318198216181,0.4825828234584588,24.235918745715637
46,201,1.262238572710859,0.7792017858981721,48.439100727877445,23.843145196913845,0.4830367868126868,24.5959555309636
42,202,2.203574424431794,1.27730843915897,66.74268223140763,31.048498457019,0.9262659852728239,35.69418377438863
43,202,2.203574424431794,1.2768666312568124,66.74268223140763,31.035524662805045,0.9267077931749814,35.70715756860258
44,202,2.203574424431794,1.276948119870359,66.74268223140763,30.985227230304645,0.9266263045614349,35.75745500110298
45,202,2.203574424431794,1.277616352888939,66.74268223140763,31.24450474981445,0.9259580715428548,35.498177481593174
46,202,2.203574424431794,1.2769359360469923,66.74268223140763,31.00396351308789,0.9266384883848016,35.73871871831974
42,203,2.286985088458953,1.3364482570093217,67.88715430230839,31.790509176077265,0.9505368314496314,36.096645126231124
43,203,2.286985088458953,1.3359174400721066,67.88715430230839,31.80153629306528,0.9510676483868465,36.085618009243106
44,203,2.286985088458953,1.336094745349342,67.88715430230839,31.784042966887483,0.9508903431096112,36.103111335420905
45,203,2.286985088458953,1.336759243038529,67.88715430230839,32.00119940162329,0.950225845420424,35.8859549006851
46,203,2.286985088458953,1.33603173133154,67.88715430230839,31.797416456216236,0.9509533571274131,36.08973784609215
42,204,2.3997235488272377,1.377706907845358,70.03721501947376,32.270641006658074,1.0220166409818796,37.76657401281569
43,204,2.3997235488272377,1.3771403709833738,70.03721501947376,32.24718939374404,1.0225831778438639,37.790025625729726
44,204,2.3997235488272377,1.3772484044735496,70.03721501947376,32.27053842739241,1.0224751443536881,37.76667659208135
45,204,2.3997235488272377,1.3779573213706535,70.03721501947376,32.466216151310604,1.0217662274565842,37.57099886816316
46,204,2.3997235488272377,1.3772227200998095,70.03721501947376,32.264412705488844,1.0225008287274282,37.77280231398492
42,205,2.3866519015155254,1.3818260676747671,69.60241716870057,32.311050144796816,1.0048258338407583,37.29136702390375
43,205,2.3866519015155254,1.3812568624244943,69.60241716870057,32.29989166789175,1.0053950390910311,37.30252550080882
44,205,2.3866519015155254,1.381388538200169,69.60241716870057,32.31386491999496,1.0052633633153565,37.28855224870561
45,205,2.3866519015155254,1.3821180853662696,69.60241716870057,32.51378720362046,1.0045338161492559,37.08862996508011
46,205,2.3866519015155254,1.3813555432657425,69.60241716870057,32.31756450371801,1.005296358249783,37.28485266498256
42,206,2.315972442822932,1.3356640509419766,68.6496892806695,31.80532177958773,0.9803083918809554,36.84436750108178
43,206,2.315972442822932,1.3351770541031052,68.6496892806695,31.79279115325881,0.9807953887198269,36.856898127410695
44,206,2.315972442822932,1.3353142499473971,68.6496892806695,31.791676963360963,0.9806581928755349,36.85801231730854
45,206,2.315972442822932,1.3359773952540184,68.6496892806695,32.00663336459729,0.9799950475689136,36.643055916072214
46,206,2.315972442822932,1.3352546523192197,68.6496892806695,31.790657946982925,0.9807177905037123,36.85903133368658
42,207,1.6093550612892795,0.9653041642535732,55.87305125657032,26.776576930351357,0.6440508970357063,29.096474326218964
43,207,1.6093550612892795,0.9651305574535572,55.87305125657032,26.848339329688844,0.6442245038357223,29.024711926881476
44,207,1.6093550612892795,0.9651472882465268,55.87305125657032,26.84903415047401,0.6442077730427527,29.02401710609631
45,207,1.6093550612892795,0.9656406337961068,55.87305125657032,27.13661656966404,0.6437144274931728,28.736434686906282
46,207,1.6093550612892795,0.9652030809904532,55.87305125657032,26.84048930161989,0.6441519802988264,29.03256195495043
42,208,1.288084566615164,0.8300813347513828,47.03214029000622,24.21074848460883,0.4580032318637811,22.82139180539739
43,208,1.288084566615164,0.8298757960389589,47.03214029000622,24.20126726029052,0.458208770576205,22.830873029715697
44,208,1.288084566615164,0.8299067428642296,47.03214029000622,24.17746213936795,0.4581778237509343,22.854678150638268
45,208,1.288084566615164,0.8303163612721369,47.03214029000622,24.54954422435444,0.457768205343027,22.482596065651776
46,208,1.288084566615164,0.8299089718652255,47.03214029000622,24.247553749919028,0.4581755947499384,22.78458654008719
42,209,2.216792637887024,1.2895821419471898,66.90662559983622,31.18529042146227,0.9272104959398342,35.72133517837395
43,209,2.216792637887024,1.2890808079963147,66.90662559983622,31.1729917474905,0.9277118298907092,35.73363385234572
44,209,2.216792637887024,1.2892083881209166,66.90662559983622,31.131964607557716,0.9275842497661073,35.7746609922785
45,209,2.216792637887024,1.2898946000648652,66.90662559983622,31.393787694988102,0.9268980378221587,35.51283790484811
46,209,2.216792637887024,1.2892122397489565,66.90662559983622,31.16210914984714,0.9275803981380675,35.74451644998908
42,210,2.35948113716381,1.3577838053888,69.31440296775402,32.003650721845666,1.0016973317750097,37.310752245908354
43,210,2.35948113716381,1.3572587883649303,69.31440296775402,31.97656625112081,1.0022223487988795,37.337836716633205
44,210,2.35948113716381,1.3574084508217692,69.31440296775402,31.986537793150596,1.0020726863420406,37.327865174603424
45,210,2.35948113716381,1.3580861698926283,69.31440296775402,32.19517546506794,1.0013949672711815,37.11922750268608
46,210,2.35948113716381,1.3573774940874976,69.31440296775402,31.98655923265884,1.0021036430763122,37.32784373509518
42,211,2.382985622116901,1.355533471009534,69.6977684766602,31.834431317769877,1.0274521511073669,37.863337158890324
43,211,2.382985622116901,1.3550353950348148,69.6977684766602,31.798563555299697,1.027950227082086,37.89920492136051
44,211,2.382985622116901,1.355173937642178,69.6977684766602,31.80516870913609,1.0278116844747227,37.89259976752411
45,211,2.382985622116901,1.3558489453928153,69.6977684766602,32.03905980836478,1.0271366767240855,37.65870866829542
46,211,2.382985622116901,1.3551761964324396,69.6977684766602,31.79350198972332,1.0278094256844612,37.904266486936876
42,212,2.3904409899663746,1.3707343767030378,69.69283295549201,32.01987482771453,1.0197066132633368,37.67295812777748
43,212,2.3904409899663746,1.3702234305488574,69.69283295549201,31.99169021069796,1.0202175594175171,37.70114274479405
44,212,2.3904409899663746,1.3703807353453552,69.69283295549201,32.00028321127235,1.0200602546210193,37.69254974421966
45,212,2.3904409899663746,1.3710222983310711,69.69283295549201,32.203497309149114,1.0194186916353034,37.489335646342894
46,212,2.3904409899663746,1.3703437545861807,69.69283295549201,31.981332493716867,1.0200972353801938,37.711500461775145
42,213,2.2590520119032247,1.3161438443496567,67.45592047213432,31.444477211222228,0.942908167553568,36.011443260912095
43,213,2.2590520119032247,1.315641267907005,67.45592047213432,31.450214526406786,0.9434107439962196,36.00570594572754
44,213,2.2590520119032247,1.315826589966395,67.45592047213432,31.43451406526635,0.9432254219368297,36.021406406867975
45,213,2.2590520119032247,1.316491796401502,67.45592047213432,31.66946407991843,0.9425602155017228,35.7864563922159
46,213,2.2590520119032247,1.3157350900374252,67.45592047213432,31.43679560550639,0.9433169218657995,36.019124866627934
42,214,1.620391116695702,0.9857621136098628,55.60873534331388,26.96202724675896,0.6346290030858391,28.64670809655492
43,214,1.620391116695702,0.9855633421702212,55.60873534331388,27.03257620989992,0.6348277745254807,28.576159133413963
44,214,1.620391116695702,0.9856049083688682,55.60873534331388,27.016810334693854,0.6347862083268337,28.591925008620027
45,214,1.620391116695702,0.9860830450934,55.60873534331388,27.32865790702221,0.634308071602302,28.28007743629167
46,214,1.620391116695702,0.9856245869182346,55.60873534331388,27.031567275433915,0.6347665297774673,28.577168067879967
42,215,1.311276384650155,0.8359536460919794,47.84821395607217,24.40246839891329,0.47532273855817553,23.445745557158883
43,215,1.311276384650155,0.8357475716379339,47.84821395607217,24.393346092770557,0.47552881301222105,23.454867863301615
44,215,1.311276384650155,0.8357401952112898,47.84821395607217,24.36816160480029,0.4755361894388651,23.480052351271883
45,215,1.311276384650155,0.8362089522433104,47.84821395607217,24.740506985937987,0.47506743240684457,23.107706970134185
46,215,1.311276384650155,0.8357984337533683,47.84821395607217,24.43595722752421,0.4754779508967867,23.412256728547963
42,216,2.1939222548524944,1.295821151949413,65.96071289983985,31.100856884501603,0.8981011029030814,34.859856015338245
43,216,2.1939222548524944,1.295330842466587,65.96071289983985,31.132744691790755,0.8985914123859073,34.82796820804909
44,216,2.1939222548524944,1.2954491174556173,65.96071289983985,31.05176148821718,0.8984731373968771,34.90895141162267
45,216,2.1939222548524944,1.2961586240883065,65.96071289983985,31.3287051865424,0.8977636307641879,34.63200771329745
46,216,2.1939222548524944,1.29545586570127,65.96071289983985,31.099461029487102,0.8984663891512243,34.861251870352746
42,217,2.395689487097417,1.372148844557414,69.80453010815602,32.01129677438318,1.023540642540003,37.79323333377283
43,217,2.395689487097417,1.3716580031860344,69.80453010815602,31.97846659570667,1.0240314839113827,37.826063512449345
44,217,2.395689487097417,1.3718089723019995,69.80453010815602,31.995463150864477,1.0238805147954175,37.809066957291535
45,217,2.395689487097417,1.3724961399181614,69.80453010815602,32.199743481219215,1.0231933471792556,37.6047866269368
46,217,2.395689487097417,1.3717739397331192,69.80453010815602,31.978456949718808,1.0239155473642978,37.82607315843721
42,218,2.5377843534073814,1.4311693385671178,72.09408371507122,32.534539928625044,1.1066150148402636,39.55954378644618
43,218,2.5377843534073814,1.4306121525239863,72.09408371507122,32.46551190450379,1.107172200883395,39.62857181056743
44,218,2.5377843534073814,1.4307259568664914,72.09408371507122,32.5306212583785,1.10705839654089,39.56346245669272
45,218,2.5377843534073814,1.431446425659563,72.09408371507122,32.69530782982639,1.1063379277478185,39.39877588524483
46,218,2.5377843534073814,1.4308298507861998,72.09408371507122,32.464089755050445,1.1069545026211816,39.62999396002078
42,219,2.452497097573062,1.4008393705531903,70.44808488966173,32.14494917482968,1.0516577270198715,38.30313571483205
43,219,2.452497097573062,1.400363350699648,70.44808488966173,32.1086103995431,1.0521337468734138,38.339474490118626
44,219,2.452497097573062,1.400521160292067,70.44808488966173,32.12642290063764,1.0519759372809947,38.321661989024086
45,219,2.452497097573062,1.4012220369074735,70.44808488966173,32.33448179524696,1.0512750606655883,38.11360309441477
46,219,2.452497097573062,1.400503677497537,70.44808488966173,32.10271111821851,1.0519934200755248,38.34537377144322
42,221,1.4255160615294806,0.8813633419814519,51.73162759151463,25.546833908371266,0.5441527195480287,26.184793683143365
43,221,1.4255160615294806,0.8811640742573634,51.73162759151463,25.61488928089273,0.5443519872721172,26.1167383106219
44,221,1.4255160615294806,0.8810874256435014,51.73162759151463,25.536891520622277,0.5444286358859792,26.194736070892354
45,221,1.4255160615294806,0.88166719047968,51.73162759151463,25.90765943748588,0.5438488710498006,25.82396815402875
46,221,1.4255160615294806,0.8812221577947049,51.73162759151463,25.59460582110442,0.5442939037347757,26.13702177041021
42,222,1.199835570338009,0.8001654233062615,43.88698185068008,23.26512910513194,0.3996701470317475,20.62185274554814
43,222,1.199835570338009,0.8000729396022108,43.88698185068008,23.242201648563544,0.3997626307357982,20.644780202116536
44,222,1.199835570338009,0.8000065116719085,43.88698185068008,23.22169597439793,0.3998290586661005,20.665285876282148
45,222,1.199835570338009,0.8003815572543563,43.88698185068008,23.616151716246783,0.3994540130836527,20.270830134433297
46,222,1.199835570338009,0.7999854556937204,43.88698185068008,23.32393490404159,0.39985011464428866,20.56304694663849
42,223,2.2953603681913424,1.304163191916762,67.85771678960184,30.574234477158704,0.9911971762745804,37.283482312443134
43,223,2.2953603681913424,1.3037453395544976,67.85771678960184,30.52138507780637,0.9916150286368448,37.33633171179547
44,223,2.2953603681913424,1.303822638243669,67.85771678960184,30.54250713723261,0.9915377299476733,37.31520965236923
45,223,2.2953603681913424,1.304549394454788,67.85771678960184,30.771057637694387,0.9908109737365545,37.086659151907455
46,223,2.2953603681913424,1.3038608354510834,67.85771678960184,30.46684622194042,0.9914995327402589,37.39087056766142
42,224,2.3289850346946803,1.319462836049563,68.58918477552571,30.91160101793079,1.0095221986451173,37.67758375759492
43,224,2.3289850346946803,1.319061348285803,68.58918477552571,30.885537046732125,1.0099236864088774,37.703647728793584
44,224,2.3289850346946803,1.3191791463150613,68.58918477552571,30.92719649303188,1.009805888379619,37.66198828249383
45,224,2.3289850346946803,1.319890695166202,68.58918477552571,31.135179113235218,1.0090943395284784,37.45400566229049
46,224,2.3289850346946803,1.3191980819180626,68.58918477552571,30.84717181573934,1.0097869527766177,37.742012959786365
42,225,2.143940639224481,1.229341514809118,65.64262892219095,29.897374756076356,0.9145991244153631,35.74525416611459
43,225,2.143940639224481,1.2289722036016997,65.64262892219095,29.90637040247904,0.9149684356227814,35.73625851971191
44,225,2.143940639224481,1.2290730763607056,65.64262892219095,29.911480564686265,0.9148675628637755,35.731148357504686
45,225,2.143940639224481,1.2297664266385715,65.64262892219095,30.20057485824453,0.9141742125859096,35.44205406394642
46,225,2.143940639224481,1.2290976447094528,65.64262892219095,29.875605653452094,0.9148429945150283,35.76702326873885
42,226,2.1891168197975794,1.2898151584280582,65.89994628331742,30.93742796910479,0.8993016613695213,34.96251831421263
43,226,2.1891168197975794,1.2893277529124874,65.89994628331742,30.969392435438632,0.8997890668850921,34.930553847878784
44,226,2.1891168197975794,1.2895215652911536,65.89994628331742,30.912717518242296,0.8995952545064259,34.98722876507512
45,226,2.1891168197975794,1.2901570494650658,65.89994628331742,31.17550393851499,0.8989597703325136,34.724442344802426
46,226,2.1891168197975794,1.2894536040605793,65.89994628331742,30.93842077363613,0.8996632157370001,34.961525509681294
42,227,2.1767569235403195,1.2606922140092578,66.12800466654808,30.571575186639095,0.9160647095310617,35.556429479908985
43,227,2.1767569235403195,1.2603008647890404,66.12800466654808,30.57661865446592,0.9164560587512791,35.55138601208216
44,227,2.1767569235403195,1.2604673756092264,66.12800466654808,30.559180330551715,0.9162895479310931,35.56882433599637
45,227,2.1767569235403195,1.2610815403112732,66.12800466654808,30.81921812818909,0.9156753832290463,35.30878653835899
46,227,2.1767569235403195,1.2603803477414417,66.12800466654808,30.54130726371525,0.9163765757988778,35.586697402832826
42,228,1.5741449697566376,0.9685048873741492,54.2046118040509,26.454024227710267,0.6056400823824885,27.75058757634063
43,228,1.5741449697566376,0.968294007089696,54.2046118040509,26.52860152507221,0.6058509626669416,27.676010278978687
44,228,1.5741449697566376,0.9683353696409362,54.2046118040509,26.4833901974343,0.6058096001157014,27.7212216066166
45,228,1.5741449697566376,0.9687953929736336,54.2046118040509,26.81226361305413,0.605349576783004,27.392348190996767
46,228,1.5741449697566376,0.9683435647708082,54.2046118040509,26.528685159014167,0.6058014049858295,27.675926645036732
42,229,1.3377605683428329,0.8635188749261926,47.59872546178232,24.373885207364907,0.47424169341664024,23.224840254417416
43,229,1.3377605683428329,0.8633147162003237,47.59872546178232,24.356205554625568,0.4744458521425091,23.242519907156755
44,229,1.3377605683428329,0.8633043615714703,47.59872546178232,24.32671340339533,0.4744562067713626,23.27201205838699
45,229,1.3377605683428329,0.8637530568883384,47.59872546178232,24.71646233207523,0.4740075114544945,22.88226312970709
46,229,1.3377605683428329,0.8633179359039059,47.59872546178232,24.4216961828936,0.4744426324389269,23.17702927888872
42,230,2.382171337150564,1.3503704706130248,69.39671256700268,31.32465169403265,1.031800866537539,38.07206087297003
43,230,2.382171337150564,1.3499758011211769,69.39671256700268,31.28558957158392,1.032195536029387,38.11112299541876
44,230,2.382171337150564,1.3500264556640635,69.39671256700268,31.304617838057663,1.0321448814865004,38.092094728945014
45,230,2.382171337150564,1.3508011369834605,69.39671256700268,31.51350833738442,1.0313702001671035,37.88320422961826
46,230,2.382171337150564,1.3501106471662712,69.39671256700268,31.241508197342988,1.0320606899842928,38.15520436965969
42,231,2.361754254217196,1.3522305726011972,69.03262516912733,31.546044116214816,1.009523681615999,37.48658105291251
43,231,2.361754254217196,1.351812516033222,69.03262516912733,31.526160113660875,1.0099417381839741,37.50646505546645
44,231,2.361754254217196,1.3519347279560825,69.03262516912733,31.51896469559578,1.0098195262611136,37.513660473531544
45,231,2.361754254217196,1.3525509779624552,69.03262516912733,31.74085207816277,1.009203276254741,37.291773090964554
46,231,2.361754254217196,1.3518985146095144,69.03262516912733,31.4981142437058,1.0098557396076817,37.53451092542153
42,232,2.425261964608669,1.3997851577196467,69.84851726104239,32.17573105847831,1.025476806889022,37.672786202564076
43,232,2.425261964608669,1.3993057880319528,69.84851726104239,32.161525699965026,1.025956176576716,37.68699156107736
44,232,2.425261964608669,1.399407397094206,69.84851726104239,32.168907481984775,1.0258545675144628,37.679609779057614
45,232,2.425261964608669,1.4001377574892049,69.84851726104239,32.368325636890795,1.025124207119464,37.480191624151594
46,232,2.425261964608669,1.3993815557070193,69.84851726104239,32.157318935515,1.0258804089016496,37.69119832552739
42,233,2.6005573076943658,1.4669240552939675,72.71784730678112,32.711354552847766,1.1336332524003983,40.00649275393336
43,233,2.6005573076943658,1.4664034651936066,72.71784730678112,32.64966451016379,1.1341538425007591,40.068182796617336
44,233,2.6005573076943658,1.4664964845294566,72.71784730678112,32.71940553809959,1.1340608231649092,39.99844176868153
45,233,2.6005573076943658,1.4672723979001407,72.71784730678112,32.87047523458759,1.133284909794225,39.84737207219354
46,233,2.6005573076943658,1.466601803276438,72.71784730678112,32.63703715186418,1.1339555044179277,40.080810154916946
42,234,2.6048624966552656,1.462031454435132,72.05574282292886,31.912262033803493,1.1428310422201335,40.14348078912537
43,234,2.6048624966552656,1.4616019405280432,72.05574282292886,31.84963063552093,1.1432605561272224,40.20611218740793
44,234,2.6048624966552656,1.4616862922339944,72.05574282292886,31.95318579190932,1.1431762044212712,40.10255703101954
45,234,2.6048624966552656,1.462328543829521,72.05574282292886,32.0652196905262,1.1425339528257445,39.990523132402664
46,234,2.6048624966552656,1.461698482139644,72.05574282292886,31.79836287819796,1.1431640145156217,40.2573799447309
42,235,1.662251640301006,0.9818423126530365,56.6571526958536,26.176519226466255,0.6804093276479695,30.480633469387342
43,235,1.662251640301006,0.981613633872429,56.6571526958536,26.123276669225508,0.680638006428577,30.53387602662809
44,235,1.662251640301006,0.9815841476986258,56.6571526958536,26.187791948008886,0.6806674926023801,30.46936074784471
45,235,1.662251640301006,0.9822055271855148,56.6571526958536,26.44308163125441,0.6800461131154911,30.214071064599185
46,235,1.662251640301006,0.9817369477291964,56.6571526958536,26.137698048224696,0.6805146925718095,30.5194546476289
42,237,2.628498602645186,1.475070074886963,72.61215058238699,32.233372835807096,1.1534285277582232,40.37877774657989
43,237,2.628498602645186,1.4746473167720089,72.61215058238699,32.16397507769338,1.1538512858731773,40.44817550469361
44,237,2.628498602645186,1.4746078329425132,72.61215058238699,32.275992008188915,1.153890769702673,40.33615857419807
45,237,2.628498602645186,1.4754586759034156,72.61215058238699,32.379068527086424,1.1530399267417706,40.233082055300564
46,237,2.628498602645186,1.474781880620919,72.61215058238699,32.115248620752226,1.1537167220242672,40.49690196163476
42,238,2.424186522419809,1.3827970962499654,69.86843807040945,31.79351806346449,1.0413894261698435,38.074920006944964
43,238,2.424186522419809,1.382404170795568,69.86843807040945,31.7799361969003,1.0417823516242408,38.08850187350915
44,238,2.424186522419809,1.3824829845730633,69.86843807040945,31.77393954231649,1.0417035378467456,38.09449852809296
45,238,2.424186522419809,1.383160005737626,69.86843807040945,31.993676400622828,1.0410265166821828,37.87476166978662
46,238,2.424186522419809,1.382502025113908,69.86843807040945,31.749857851620064,1.041684497305901,38.11858021878939
42,239,2.479584961697436,1.422059569501665,70.53176194748347,32.19545361884115,1.057525392195771,38.336308328642325
43,239,2.479584961697436,1.421631471698778,70.53176194748347,32.1740156887609,1.057953489998658,38.35774625872257
44,239,2.479584961697436,1.421685664512096,70.53176194748347,32.18515756337671,1.0578992971853398,38.34660438410676
45,239,2.479584961697436,1.4224413649381844,70.53176194748347,32.37856742398322,1.0571435967592515,38.153194523500254
46,239,2.479584961697436,1.4216930673274553,70.53176194748347,32.15518893314697,1.0578918943699807,38.37657301433651
42,240,2.843660610869042,1.5928842821241216,74.78340147624696,32.72981367566513,1.2507763287449203,42.05358780058184
43,240,2.843660610869042,1.592458972199012,74.78340147624696,32.65950358064976,1.25120163867003,42.1238978955972
44,240,2.843660610869042,1.5924880327770623,74.78340147624696,32.756800879237765,1.2511725780919796,42.0266005970092
45,240,2.843660610869042,1.5931692401826325,74.78340147624696,32.854826605758994,1.2504913706864094,41.92857487048797
46,240,2.843660610869042,1.5924921259320424,74.78340147624696,32.58059256188496,1.2511684849369995,42.202808914362
42,242,1.5749929638591258,0.942468402973449,55.01371400511242,25.94271010675631,0.6325245608856768,29.07100389835611
43,242,1.5749929638591258,0.9422611709992664,55.01371400511242,25.921996364655183,0.6327317928598594,29.091717640457237
44,242,1.5749929638591258,0.9422027004907324,55.01371400511242,25.94242362716656,0.6327902633683934,29.07129037794586
45,242,1.5749929638591258,0.9428195148659682,55.01371400511242,26.22625129481256,0.6321734489931576,28.78746271029986
46,242,1.5749929638591258,0.942339228969574,55.01371400511242,25.9192751449237,0.6326537348895518,29.09443886018872
42,243,1.452422828885751,0.8796392458034809,51.99255609478378,24.39774898002454,0.5727835830822702,27.594807114759238
43,243,1.452422828885751,0.8793644344451716,51.99255609478378,24.296341729657254,0.5730583944405794,27.696214365126526
44,243,1.452422828885751,0.8793137530306436,51.99255609478378,24.31199746712852,0.5731090758551074,27.68055862765526
45,243,1.452422828885751,0.8799924332274539,51.99255609478378,24.63334765688711,0.5724303956582971,27.35920843789667
46,243,1.452422828885751,0.8794947136660102,51.99255609478378,24.28052199973814,0.5729281152197409,27.712034095045638
42,244,2.653368186552487,1.4940422941416232,72.33632448146032,31.966291298735342,1.159325892410864,40.37003318272498
43,244,2.653368186552487,1.4937126897541684,72.33632448146032,31.89674542362766,1.1596554967983188,40.43957905783266
44,244,2.653368186552487,1.493648669716785,72.33632448146032,31.96850477871048,1.1597195168357022,40.36781970274984
45,244,2.653368186552487,1.4944633195582195,72.33632448146032,32.10703679680272,1.1589048669942676,40.229287684657606
46,244,2.653368186552487,1.4937202582661733,72.33632448146032,31.8194630149695,1.159647928286314,40.51686146649082
42,246,2.481246020075188,1.419294268180611,70.46569997292254,32.07387034728786,1.0619517518945767,38.39182962563468
43,246,2.481246020075188,1.418938348712696,70.46569997292254,32.06699374679476,1.0623076713624917,38.39870622612778
44,246,2.481246020075188,1.418947192266848,70.46569997292254,32.06280451111784,1.0622988278083398,38.4028954618047
45,246,2.481246020075188,1.41971121210566,70.46569997292254,32.275022505594286,1.0615348079695277,38.19067746732825
46,246,2.481246020075188,1.4189984155040196,70.46569997292254,32.035135354634185,1.0622476045711682,38.43056461828835
42,247,2.617351921940342,1.4799230810991562,72.49613333939118,32.488119083090574,1.137428840841186,40.008014256300605
43,247,2.617351921940342,1.4795255874224214,72.49613333939118,32.45319147189067,1.1378263345179207,40.04294186750051
44,247,2.617351921940342,1.4795024937508012,72.49613333939118,32.49960045342568,1.1378494281895408,39.9965328859655
45,247,2.617351921940342,1.4803538843793655,72.49613333939118,32.66904815812946,1.1369980375609765,39.827085181261715
46,247,2.617351921940342,1.4796285906924989,72.49613333939118,32.414721710992616,1.1377233312478432,40.08141162839856
42,248,2.632835563978212,1.4818795447228743,72.24128776635709,31.96761952319341,1.1509560192553379,40.273668243163684
43,248,2.632835563978212,1.4814678957723038,72.24128776635709,31.91611300146514,1.1513676682059084,40.325174764891955
44,248,2.632835563978212,1.4815331243129808,72.24128776635709,32.00573329502528,1.1513024396652314,40.23555447133181
45,248,2.632835563978212,1.482224979944064,72.24128776635709,32.133878289569665,1.150610584034148,40.107409476787424
46,248,2.632835563978212,1.4815508405008042,72.24128776635709,31.85742369882072,1.151284723477408,40.383864067536365
42,249,1.6245719573034607,0.9931788761474772,55.055123774653,26.566547062930493,0.6313930811559835,28.488576711722505
43,249,1.6245719573034607,0.9929402373650414,55.055123774653,26.635364641947877,0.6316317199384193,28.41975913270512
44,249,1.6245719573034607,0.992959595743809,55.055123774653,26.605115782280404,0.6316123615596517,28.450007992372594
45,249,1.6245719573034607,0.9934846636442716,55.055123774653,26.917661091637868,0.6310872936591891,28.13746268301513
46,249,1.6245719573034607,0.9929990393254796,55.055123774653,26.6131270016584,0.6315729179779811,28.4419967729946
42,250,1.351754081379786,0.8539421914752268,48.69300453510333,24.282140420992523,0.49781188990455916,24.410864114110804
43,250,1.351754081379786,0.8537154975481727,48.69300453510333,24.260947654394148,0.49803858383161326,24.43205688070918
44,250,1.351754081379786,0.8537329553092149,48.69300453510333,24.257528153234905,0.49802112607057103,24.435476381868423
45,250,1.351754081379786,0.8542462424414222,48.69300453510333,24.599375312928988,0.4975078389383637,24.09362922217434
46,250,1.351754081379786,0.8537736376700846,48.69300453510333,24.263136443078167,0.4979804437097013,24.42986809202516
42,251,2.518431510522922,1.4277961965722072,70.92126766558607,31.866908899329143,1.0906353139507146,39.054358766256925
43,251,2.518431510522922,1.4274342263024662,70.92126766558607,31.830961345260647,1.0909972842204556,39.090306320325425
44,251,2.518431510522922,1.4273705197886672,70.92126766558607,31.847726420622596,1.0910609907342546,39.07354124496348
45,251,2.518431510522922,1.4282434616713853,70.92126766558607,32.044694983022445,1.0901880488515365,38.876572682563626
46,251,2.518431510522922,1.427524790683051,70.92126766558607,31.78103280844624,1.0909067198398708,39.14023485713983
42,252,2.671062708838872,1.5139206036578643,73.2807518975709,33.0079908188297,1.1571421051810078,40.2727610787412
43,252,2.671062708838872,1.5132664858413196,73.2807518975709,32.97324795276468,1.1577962229975525,40.307503944806214
44,252,2.671062708838872,1.5132434192352269,73.2807518975709,33.03905298974795,1.1578192896036452,40.24169890782294
45,252,2.671062708838872,1.514174763091291,73.2807518975709,33.18835592029036,1.1568879457475811,40.09239597728053
46,252,2.671062708838872,1.513444640580854,73.2807518975709,32.953663744382006,1.1576180682580182,40.32708815318889
42,253,2.636193868338612,1.4909596617072487,72.81628275120767,32.73703256581318,1.1452342066313634,40.079250185394486
43,253,2.636193868338612,1.4904504837313657,72.81628275120767,32.69660004230956,1.1457433846072465,40.119682708898104
44,253,2.636193868338612,1.490421855279292,72.81628275120767,32.75109892928085,1.14577201305932,40.065183821926816
45,253,2.636193868338612,1.4913348443496413,72.81628275120767,32.91909070534933,1.1448590239889709,39.89719204585833
46,253,2.636193868338612,1.4906266469229046,72.81628275120767,32.67653513746228,1.1455672214157075,40.139747613745385
42,254,2.8081556044714397,1.5763243544789327,74.3674562494267,32.67432516588147,1.231831249992507,41.693131083545225
43,254,2.8081556044714397,1.575968250838923,74.3674562494267,32.607291969275025,1.2321873536325167,41.76016428015167
44,254,2.8081556044714397,1.5759197388746562,74.3674562494267,32.71584111006357,1.2322358655967836,41.65161513936312
45,254,2.8081556044714397,1.57674311337685,74.3674562494267,32.81522053799324,1.2314124910945898,41.552235711433454
46,254,2.8081556044714397,1.5759501130059188,74.3674562494267,32.53254182087641,1.232205491465521,41.834914428550285
42,255,2.584846038206726,1.4608443566716596,71.46555412333602,31.77567338854842,1.1240016815350664,39.6898807347876
43,255,2.584846038206726,1.4604915693144136,71.46555412333602,31.74788210271639,1.1243544688923124,39.71767202061963
44,255,2.584846038206726,1.4605233716306616,71.46555412333602,31.825225097667133,1.1243226665760644,39.64032902566889
45,255,2.584846038206726,1.4612685658098954,71.46555412333602,31.97588850994865,1.1235774723968306,39.48966561338737
46,255,2.584846038206726,1.4605578761258984,71.46555412333602,31.69045781560053,1.1242881620808276,39.77509630773549
42,256,1.638390922625759,0.9821520217164882,55.941050856680064,26.38222198310393,0.6562389009092707,29.558828873576136
43,256,1.638390922625759,0.9819316650138534,55.941050856680064,26.392475094226363,0.6564592576119055,29.5485757624537
44,256,1.638390922625759,0.9818862668401912,55.941050856680064,26.39163607034333,0.6565046557855677,29.549414786336733
45,256,1.638390922625759,0.9825001220841844,55.941050856680064,26.6825168337037,0.6558908005415746,29.258534022976363
46,256,1.638390922625759,0.9819994471173028,55.941050856680064,26.377558855351133,0.6563914755084561,29.56349200132893
42,258,2.4016146685723623,1.3858772544299989,68.91861359855518,31.57246428388898,1.0157374141423634,37.34614931466621
43,258,2.4016146685723623,1.3855014156016623,68.91861359855518,31.561619324622413,1.0161132529707,37.35699427393277
44,258,2.4016146685723623,1.3854104862676608,68.91861359855518,31.515953392119297,1.0162041823047014,37.40266020643588
45,258,2.4016146685723623,1.3862524246462231,68.91861359855518,31.767012620402333,1.0153622439261392,37.15160097815285
46,258,2.4016146685723623,1.3855381865689915,68.91861359855518,31.517702502508435,1.0160764820033708,37.40091109604675
42,259,2.7751857271013947,1.5770868021101423,74.42291493296328,33.64185473073086,1.1980989249912524,40.78106020223242
43,259,2.7751857271013947,1.5761505894596486,74.42291493296328,33.5692153198266,1.199035137641746,40.85369961313668
44,259,2.7751857271013947,1.5758896747771256,74.42291493296328,33.612950764151584,1.199296052324269,40.809964168811696
45,259,2.7751857271013947,1.577581132512662,74.42291493296328,33.795630725731016,1.1976045945887326,40.627284207232265
46,259,2.7751857271013947,1.5759181679669023,74.42291493296328,33.55418726653421,1.1992675591344923,40.86872766642907
42,260,2.78529438626009,1.57366087248399,74.7262891755341,33.49733691862384,1.2116335137761,41.22895225691027
43,260,2.78529438626009,1.572843710975883,74.7262891755341,33.41519234606106,1.212450675284207,41.311096829473044
44,260,2.78529438626009,1.572965234265845,74.7262891755341,33.50450189273775,1.2123291519942452,41.221787282796356
45,260,2.78529438626009,1.573934309324386,74.7262891755341,33.648403348694764,1.211360076935704,41.07788582683934
46,260,2.78529438626009,1.5731064291622034,74.7262891755341,33.415995087193515,1.2121879570978866,41.31029408834059
42,261,2.7593712243430417,1.5588136891314657,74.47383379444271,33.389853453583875,1.200557535211576,41.08398034085884
43,261,2.7593712243430417,1.558070111009743,74.47383379444271,33.324201269021295,1.2013011133332987,41.14963252542142
44,261,2.7593712243430417,1.5580826231699298,74.47383379444271,33.400852180128545,1.2012886011731119,41.072981614314166
45,261,2.7593712243430417,1.5590916174452936,74.47383379444271,33.557322859028055,1.2002796068977482,40.91651093541466
46,261,2.7593712243430417,1.5583182464611116,74.47383379444271,33.31880565235347,1.20105297788193,41.15502814208924
42,262,3.0475562715068727,1.6963287795114594,77.76165162927525,33.83791205360377,1.3512274919954133,43.923739575671476
43,262,3.0475562715068727,1.6953081453943033,77.76165162927525,33.74773812212548,1.3522481261125694,44.013913507149766
44,262,3.0475562715068727,1.6951680853595532,77.76165162927525,33.94281212483172,1.3523881861473195,43.81883950444353
45,262,3.0475562715068727,1.6962024640831943,77.76165162927525,33.99741104407602,1.3513538074236784,43.76424058519923
46,262,3.0475562715068727,1.6955906201289308,77.76165162927525,33.74453492885789,1.351965651377942,44.01711670041736
42,263,1.8555674687215675,1.0912237740605686,59.712699167266095,27.455897059339087,0.7643436946609989,32.25680210792701
43,263,1.8555674687215675,1.0909265380562496,59.712699167266095,27.44183364527975,0.7646409306653179,32.270865521986345
44,263,1.8555674687215675,1.0910033747119232,59.712699167266095,27.505652401415507,0.7645640940096443,32.20704676585059
45,263,1.8555674687215675,1.0916037212091694,59.712699167266095,27.76075073713409,0.7639637475123982,31.951948430132006
46,263,1.8555674687215675,1.0910330311368066,59.712699167266095,27.442423220799387,0.7645344375847609,32.27027594646671
42,264,1.7017363539992258,1.0215816727864688,55.870656539407975,25.41794456070664,0.680154681212757,30.452711978701334
43,264,1.7017363539992258,1.021202538898922,55.870656539407975,25.322388582611584,0.6805338151003038,30.54826795679639
44,264,1.7017363539992258,1.0212649962918636,55.870656539407975,25.381626526210724,0.6804713577073622,30.48903001319725
45,264,1.7017363539992258,1.021869280084852,55.870656539407975,25.61869143557436,0.679867073914374,30.251965103833616
46,264,1.7017363539992258,1.0213307232535638,55.870656539407975,25.28339721061951,0.6804056307456621,30.587259328788466
42,265,2.7284156033313782,1.5365427334199735,73.80409666715514,32.88494023846976,1.1918728699114047,40.919156428685376
43,265,2.7284156033313782,1.5358723410053967,73.80409666715514,32.82331055957402,1.1925432623259815,40.98078610758112
44,265,2.7284156033313782,1.5358666228109954,73.80409666715514,32.92924645125109,1.1925489805203828,40.87485021590405
45,265,2.7284156033313782,1.536913116239899,73.80409666715514,33.053978974946446,1.1915024870914792,40.75011769220869
46,265,2.7284156033313782,1.536130448115215,73.80409666715514,32.79792070744271,1.1922851552161633,41.00617595971243
42,266,2.5705433032664207,1.4693480707339122,71.4762546616619,32.431922604091405,1.1011952325325085,39.04433205757049
43,266,2.5705433032664207,1.4688583930790382,71.4762546616619,32.413054624991325,1.1016849101873825,39.06320003667057
44,266,2.5705433032664207,1.4688536710818376,71.4762546616619,32.40912890490809,1.101689632184583,39.06712575675381
45,266,2.5705433032664207,1.4697337936555053,71.4762546616619,32.635833628533305,1.1008095096109154,38.84042103312859
46,266,2.5705433032664207,1.4689848340556115,71.4762546616619,32.391441176190376,1.1015584692108091,39.08481348547152
42,267,2.824537730955316,1.595692228100941,75.09588302746627,33.62852203278679,1.2288455028543752,41.46736099467948
43,267,2.824537730955316,1.5948396922689028,75.09588302746627,33.54420832506085,1.2296980386864134,41.55167470240542
44,267,2.824537730955316,1.5949573845918894,75.09588302746627,33.62829552332684,1.2295803463634267,41.46758750413943
45,267,2.824537730955316,1.5959753933933225,75.09588302746627,33.7777782269781,1.2285623375619936,41.31810480048817
46,267,2.824537730955316,1.5950960783269583,75.09588302746627,33.538721060033964,1.2294416526283578,41.55716196743231
42,268,2.6903783310671656,1.533228170459349,72.96854473945378,32.98362303614468,1.1571501606078167,39.9849217033091
43,268,2.6903783310671656,1.5325832775887256,72.96854473945378,32.939186013048115,1.15779505347844,40.02935872640566
44,268,2.6903783310671656,1.5326443728093813,72.96854473945378,32.96521010952698,1.1577339582577844,40.0033346299268
45,268,2.6903783310671656,1.5336078825793276,72.96854473945378,33.16785681478181,1.156770448487838,39.80068792467197
46,268,2.6903783310671656,1.532763457080532,72.96854473945378,32.930378018393725,1.1576148739866337,40.03816672106005
42,269,2.7614207507440094,1.5545903290291538,74.10740821815533,32.933685115048675,1.2068304217148556,41.17372310310665
43,269,2.7614207507440094,1.5539760032406331,74.10740821815533,32.86064958464421,1.2074447475033763,41.24675863351112
44,269,2.7614207507440094,1.554001826924833,74.10740821815533,32.955208382200425,1.2074189238191764,41.1521998359549
45,269,2.7614207507440094,1.5549174529855594,74.10740821815533,33.094226578540564,1.20650329775845,41.013181639614764
46,269,2.7614207507440094,1.5542071741738663,74.10740821815533,32.84099832198237,1.207213576570143,41.26640989617296
42,270,1.7545618419254032,1.0644854530030594,57.00133306798946,27.12149205023701,0.6900763889223438,29.879841017752447
43,270,1.7545618419254032,1.0641652605995842,57.00133306798946,27.165060662505912,0.690396581325819,29.836272405483545
44,270,1.7545618419254032,1.0642696262172249,57.00133306798946,27.168189069699476,0.6902922157081783,29.83314399828998
45,270,1.7545618419254032,1.0647938587709491,57.00133306798946,27.460862601664054,0.6897679831544541,29.540470466325402
46,270,1.7545618419254032,1.0642436558975907,57.00133306798946,27.151169626734752,0.6903181860278125,29.850163441254704
42,271,1.4788482076152685,0.9300755113689358,50.77907770463966,25.01812339667488,0.5487726962463326,25.76095430796478
43,271,1.4788482076152685,0.9297977295095944,50.77907770463966,25.01284603077716,0.5490504781056741,25.766231673862503
44,271,1.4788482076152685,0.929789724556906,50.77907770463966,24.965687868663423,0.5490584830583625,25.81338983597624
45,271,1.4788482076152685,0.9303533588510222,50.77907770463966,25.327390683894382,0.5484948487642463,25.45168702074528
46,271,1.4788482076152685,0.9298463894843942,50.77907770463966,25.01880524897416,0.5490018181308742,25.7602724556655
42,272,2.9298849120536588,1.6481061960162129,75.55099081006688,33.084317199522744,1.2817787160374459,42.466673610544134
43,272,2.9298849120536588,1.6474449977428849,75.55099081006688,32.97750388579239,1.2824399143107739,42.57348692427449
44,272,2.9298849120536588,1.6474052210444885,75.55099081006688,33.06916739916529,1.2824796910091703,42.48182341090159
45,272,2.9298849120536588,1.6484478733042829,75.55099081006688,33.19647739754246,1.2814370387493759,42.35451341252442
46,272,2.9298849120536588,1.6474889476529828,75.55099081006688,32.9083829451389,1.282395964400676,42.64260786492798
42,273,3.234446340026795,1.812601225628136,79.07398805334739,34.23507482184316,1.4218451143986588,44.83891323150423
43,273,3.234446340026795,1.8116519789784984,79.07398805334739,34.13458097755907,1.4227943610482965,44.939407075788324
44,273,3.234446340026795,1.8118025105982087,79.07398805334739,34.25081471000646,1.4226438294285861,44.82317334334093
45,273,3.234446340026795,1.8128504221876447,79.07398805334739,34.32918916419225,1.4215959178391502,44.74479888915514
46,273,3.234446340026795,1.8120418498374031,79.07398805334739,34.09771635856621,1.4224044901893917,44.97627169478118
42,274,1.906552488165936,1.1198112912703029,60.184646545984855,27.349689750314585,0.786741196895633,32.834956795670266
43,274,1.906552488165936,1.1194768160430508,60.184646545984855,27.294242666375105,0.7870756721228851,32.89040387960975
44,274,1.906552488165936,1.1195896208087197,60.184646545984855,27.402879844290798,0.7869628673572162,32.78176670169405
45,274,1.906552488165936,1.1201869691930406,60.184646545984855,27.616531883064244,0.7863655189728953,32.56811466292061
46,274,1.906552488165936,1.119614157149516,60.184646545984855,27.306572131370352,0.78693833101642,32.8780744146145
42,275,2.64342138518183,1.498755036491238,72.17427141780166,32.14472198372267,1.144666348690592,40.029549434078994
43,275,2.64342138518183,1.4983070865482209,72.17427141780166,32.109269417293284,1.1451142986336091,40.06500200050838
44,275,2.64342138518183,1.498194631792823,72.17427141780166,32.15185037193341,1.145226753389007,40.02242104586825
45,275,2.64342138518183,1.4991912908616405,72.17427141780166,32.34519759087977,1.1442300943201895,39.82907382692189
46,275,2.64342138518183,1.49840842797775,72.17427141780166,32.06088937710734,1.14501295720408,40.113382040694326
42,276,2.481847181141839,1.4314120986751224,69.70136700721969,31.765901182340123,1.0504350824667166,37.935465824879564
43,276,2.481847181141839,1.4309878202436317,69.70136700721969,31.76731730309602,1.0508593608982073,37.934049704123666
44,276,2.481847181141839,1.4309819174893033,69.70136700721969,31.75821364974,1.0508652636525357,37.94315335747969
45,276,2.481847181141839,1.4317748646771196,69.70136700721969,31.985681308817988,1.0500723164647194,37.7156856984017
46,276,2.481847181141839,1.4310545337515714,69.70136700721969,31.72739926585517,1.0507926473902676,37.97396774136452
42,277,1.7623952885273992,1.0549355202957666,57.605813311619706,26.91365095536772,0.7074597682316326,30.692162356251984
43,277,1.7623952885273992,1.0546247040976515,57.605813311619706,26.921843541572212,0.7077705844297477,30.683969770047494
44,277,1.7623952885273992,1.054663243965942,57.605813311619706,26.95320983537488,0.7077320445614572,30.652603476244824
45,277,1.7623952885273992,1.0552753046049703,57.605813311619706,27.22139814647445,0.7071199839224289,30.384415165145256
46,277,1.7623952885273992,1.054719854929091,57.605813311619706,26.90642534608935,0.7076754335983082,30.699387965530356
42,278,1.5319773213288248,0.9277881631584808,53.27860763829924,25.02800002977379,0.604189158170344,28.250607608525453
43,278,1.5319773213288248,0.9275158754426196,53.27860763829924,24.965058365321603,0.6044614458862052,28.31354927297764
44,278,1.5319773213288248,0.9275106476948872,53.27860763829924,24.99889184488091,0.6044666736339376,28.279715793418333
45,278,1.5319773213288248,0.9281529154236304,53.27860763829924,25.28373832418715,0.6038244059051944,27.99486931411209
46,278,1.5319773213288248,0.9276002367926542,53.27860763829924,24.929513345352746,0.6043770845361706,28.349094292946496
42,279,2.726895134706467,1.5449335459694074,73.18412948535943,32.620821959782575,1.1819615887370598,40.56330752557686
43,279,2.726895134706467,1.544278412994008,73.18412948535943,32.54744492520092,1.1826167217124592,40.636684560158514
44,279,2.726895134706467,1.5443287607014335,73.18412948535943,32.607666684259414,1.1825663740050336,40.57646280110002
45,279,2.726895134706467,1.5453071104270488,73.18412948535943,32.779936603935646,1.1815880242794183,40.40419288142379
46,279,2.726895134706467,1.5444671595877877,73.18412948535943,32.51623460321369,1.1824279751186795,40.667894882145745
42,280,2.8422614702399542,1.6021210890005702,74.85367733771982,33.12880443336904,1.240140381239384,41.724872904350775
43,280,2.8422614702399542,1.6014717175681632,74.85367733771982,33.051880790761345,1.240789752671791,41.80179654695847
44,280,2.8422614702399542,1.6014946472125065,74.85367733771982,33.14686771891415,1.2407668230274478,41.706809618805664
45,280,2.8422614702399542,1.6025522428473444,74.85367733771982,33.28553295322701,1.2397092273926098,41.568144384492804
46,280,2.8422614702399542,1.6016462104080973,74.85367733771982,33.01999550397943,1.240615259831857,41.833681833740386
42,281,2.748364927634408,1.5619943396906837,73.49262377399509,32.93609340298151,1.1863705879437243,40.55653037101358
43,281,2.748364927634408,1.561367240220685,73.49262377399509,32.88075199454465,1.186997687413723,40.61187177945044
44,281,2.748364927634408,1.5613339958022172,73.49262377399509,32.90878067067211,1.1870309318321908,40.583843103322984
45,281,2.748364927634408,1.5624528396643649,73.49262377399509,33.12028904169541,1.185912087970043,40.372334732299684
46,281,2.748364927634408,1.5614737966517434,73.49262377399509,32.85837362450739,1.1868911309826646,40.634250149487706
42,283,2.6683706709195354,1.5213690489926188,72.33039785160075,32.535577933778754,1.1470016219269166,39.794819917822
43,283,2.6683706709195354,1.5207235956538856,72.33039785160075,32.4950452050652,1.1476470752656498,39.83535264653555
44,283,2.6683706709195354,1.5207760769243006,72.33039785160075,32.52227643985199,1.1475945939952348,39.80812141174876
45,283,2.6683706709195354,1.5216824772172877,72.33039785160075,32.730852551263446,1.1466881937022477,39.599545300337304
46,283,2.6683706709195354,1.520910111274196,72.33039785160075,32.47502099312021,1.1474605596453393,39.85537685848054
42,284,1.7482410687519998,1.054765315739496,57.09336999306497,26.88806641535814,0.6934757530125037,30.20530357770683
43,284,1.7482410687519998,1.0544427194204973,57.09336999306497,26.915882044351054,0.6937983493315025,30.177487948713914
44,284,1.7482410687519998,1.0544749140706398,57.09336999306497,26.92019948014894,0.69376615468136,30.173170512916027
45,284,1.7482410687519998,1.0550870674016326,57.09336999306497,27.20789641752622,0.6931540013503672,29.885473575538747
46,284,1.7482410687519998,1.0545240799222004,57.09336999306497,26.88825331455272,0.6937169888297994,30.205116678512248
42,285,1.494747850380943,0.928428158532912,51.610060072402966,25.007324564098703,0.566319691848031,26.602735508304264
43,285,1.494747850380943,0.928128572737823,51.610060072402966,24.99543032724192,0.56661927764312,26.614629745161047
44,285,1.494747850380943,0.928133097045717,51.610060072402966,24.969385709254368,0.566614753335226,26.640674363148598
45,285,1.494747850380943,0.9287335326508656,51.610060072402966,25.306131531471777,0.5660143177300775,26.30392854093119
46,285,1.494747850380943,0.9281993110833212,51.610060072402966,24.96620610547653,0.5665485392976218,26.643853966926436
42,286,2.596851698124818,1.4834579401131291,71.22403290335183,32.005100422266175,1.1133937580116888,39.21893248108565
43,286,2.596851698124818,1.4828913907683847,71.22403290335183,31.967302036972843,1.1139603073564333,39.25673086637899
44,286,2.596851698124818,1.482840534514967,71.22403290335183,31.965180379349544,1.114011163609851,39.25885252400228
45,286,2.596851698124818,1.483855070210791,71.22403290335183,32.19794092356176,1.1129966279140269,39.02609197979007
46,286,2.596851698124818,1.483022588833282,71.22403290335183,31.924783929700315,1.113829109291536,39.299248973651515
42,287,2.758152981406067,1.5621444785176255,73.5407115023791,32.67223345760324,1.1960085028884415,40.868478044775856
43,287,2.758152981406067,1.5615046820782754,73.5407115023791,32.618603748908384,1.1966482993277916,40.92210775347071
44,287,2.758152981406067,1.5615239900580766,73.5407115023791,32.679433556905515,1.1966289913479904,40.86127794547358
45,287,2.758152981406067,1.562589270835093,73.5407115023791,32.86065011375744,1.195563710570974,40.68006138862166
46,287,2.758152981406067,1.561661384334181,73.5407115023791,32.58173409007236,1.1964915970718861,40.95897741230674
42,288,2.7347796359627434,1.5530201977749742,73.29353979082681,32.66098604631023,1.1817594381877692,40.632553744516585
43,288,2.7347796359627434,1.552362866991135,73.29353979082681,32.60315774281484,1.1824167689716085,40.690382048011976
44,288,2.7347796359627434,1.5523831606815344,73.29353979082681,32.65492541779977,1.182396475281209,40.638614373027046
45,288,2.7347796359627434,1.5534429478272969,73.29353979082681,32.84958030245728,1.1813366881354466,40.443959488369536
46,288,2.7347796359627434,1.5525373265707414,73.29353979082681,32.575196256579524,1.182242309392002,40.71834353424729
42,289,2.9585668137107173,1.664184602190762,76.11012760299857,33.37627771661534,1.2943822115199553,42.73384988638323
43,289,2.9585668137107173,1.663402143669522,76.11012760299857,33.271562423148865,1.2951646700411952,42.83856517984971
44,289,2.9585668137107173,1.6634852609099493,76.11012760299857,33.408025504575704,1.295081552800768,42.70210209842287
45,289,2.9585668137107173,1.6645835322152047,76.11012760299857,33.51449422043835,1.2939832814955126,42.59563338256022
46,289,2.9585668137107173,1.6635770765044886,76.11012760299857,33.23693066091087,1.2949897372062287,42.8731969420877
42,290,2.765824053362566,1.5664919313787509,73.35596277641419,32.33973962484464,1.1993321219838153,41.01622315156955
43,290,2.765824053362566,1.5658584547824923,73.35596277641419,32.289907208534856,1.199965598580074,41.06605556787933
44,290,2.765824053362566,1.5659023791757258,73.35596277641419,32.37481491492315,1.1999216741868404,40.98114786149104
45,290,2.765824053362566,1.5668205704968254,73.35596277641419,32.53892298276331,1.1990034828657408,40.81703979365088
46,290,2.765824053362566,1.566014275712277,73.35596277641419,32.24536448950599,1.1998097776502892,41.1105982869082
42,291,1.9659056620905475,1.1569408216200614,61.04977106066767,27.68342900119976,0.8089648404704861,33.36634205946791
43,291,1.9659056620905475,1.1565531078746951,61.04977106066767,27.64017788480732,0.8093525542158524,33.40959317586035
44,291,1.9659056620905475,1.1566961994509437,61.04977106066767,27.74215099331125,0.8092094626396038,33.307620067356424
45,291,1.9659056620905475,1.157307226133497,61.04977106066767,27.954942351140264,0.8085984359570506,33.094828709527405
46,291,1.9659056620905475,1.156668240210848,61.04977106066767,27.63283615924394,0.8092374218796996,33.41693490142373
42,292,1.6801266286805667,1.0137344272959754,55.67176304816688,26.02585897646269,0.6663922013845913,29.64590407170419
43,292,1.6801266286805667,1.013398441170493,55.67176304816688,26.00190389822227,0.6667281875100737,29.66985914994461
44,292,1.6801266286805667,1.013404998651493,55.67176304816688,26.021369300988034,0.6667216300290737,29.650393747178846
45,292,1.6801266286805667,1.0140648429694064,55.67176304816688,26.295084259991143,0.6660617857111604,29.376678788175738
46,292,1.6801266286805667,1.0134757152987766,55.67176304816688,25.95909552079861,0.6666509133817902,29.71266752736827
42,293,3.1674092805063587,1.7739006460630748,78.7231241018672,34.3655486954127,1.3935086344432839,44.3575754064545
43,293,3.1674092805063587,1.77285876575607,78.7231241018672,34.21585268065343,1.3945505147502888,44.50727142121377
44,293,3.1674092805063587,1.772533633413195,78.7231241018672,34.36483898496532,1.3948756470931638,44.35828511690188
45,293,3.1674092805063587,1.7744041954366985,78.7231241018672,34.472827799873784,1.3930050850696603,44.250296301993416
46,293,3.1674092805063587,1.7724902835117855,78.7231241018672,34.16115026383449,1.3949189969945732,44.561973838032706
42,294,3.8670186225323855,2.1903088418733723,85.79139486042418,37.88809985497842,1.6767097806590132,47.903295005445756
43,294,3.8670186225323855,2.183645138034757,85.79139486042418,37.61421873672449,1.6833734844976287,48.17717612369969
44,294,3.8670186225323855,2.1834478155414296,85.79139486042418,37.54772203205214,1.6835708069909558,48.243672828372034
45,294,3.8670186225323855,2.208371718323969,85.79139486042418,38.73362212100297,1.6586469042084167,47.0577727394212
46,294,3.8670186225323855,2.192727005547341,85.79139486042418,37.795885592079145,1.6742916169850446,47.99550926834503
42,296,3.570971761731464,2.007826216877008,82.56314914150869,35.6434061807476,1.5631455448544558,46.91974296076109
43,296,3.570971761731464,2.004370157387989,82.56314914150869,35.49312999519889,1.5666016043434747,47.0700191463098
44,296,3.570971761731464,2.004168378844803,82.56314914150869,35.508210872031924,1.5668033828866608,47.054938269476764
45,296,3.570971761731464,2.007675688082927,82.56314914150869,35.82379833734293,1.5632960736485368,46.73935080416576
46,296,3.570971761731464,2.003741516740482,82.56314914150869,35.3392721211499,1.5672302449909816,47.22387702035879
42,297,3.241028469330531,1.8228953893802184,78.89669847509896,34.2182208117611,1.4181330799503125,44.67847766333786
43,297,3.241028469330531,1.821761320062597,78.89669847509896,34.058367248710624,1.4192671492679338,44.838331226388334
44,297,3.241028469330531,1.8216268054946017,78.89669847509896,34.16001842630966,1.4194016638359293,44.736680048789296
45,297,3.241028469330531,1.8232261027691383,78.89669847509896,34.308181976093174,1.4178023665613926,44.588516499005785
46,297,3.241028469330531,1.8218862240732687,78.89669847509896,34.01679488710584,1.4191422452572622,44.87990358799312
42,298,2.2904945386492104,1.3367448346098867,65.37224209362878,28.711164214402164,0.9537497040393237,36.661077879226625
43,298,2.2904945386492104,1.336127140640781,65.37224209362878,28.59994267746088,0.9543673980084293,36.772299416167904
44,298,2.2904945386492104,1.3363095973413026,65.37224209362878,28.715799127817164,0.9541849413079078,36.65644296581162
45,298,2.2904945386492104,1.3370584084009465,65.37224209362878,28.92201264786584,0.9534361302482639,36.45022944576294
46,298,2.2904945386492104,1.336264212679535,65.37224209362878,28.564378719889,0.9542303259696754,36.807863373739785
42,300,3.7770310562945824,2.154590340770166,83.82984375438899,37.08888926664648,1.6224407155244163,46.740954487742506
43,300,3.7770310562945824,2.1467961261877604,83.82984375438899,36.81133823380642,1.630234930106822,47.01850552058257
44,300,3.7770310562945824,2.1501716352651994,83.82984375438899,36.86294377655641,1.626859421029383,46.966899977832576
45,300,3.7770310562945824,2.163594583395437,83.82984375438899,37.55450131267569,1.6134364728991453,46.2753424417133
46,300,3.7770310562945824,2.153369179659496,83.82984375438899,36.84317470269327,1.6236618766350865,46.98666905169572
42,301,3.602988732981256,2.031248786861823,83.32043947111427,36.30599955166476,1.571739946119433,47.01443991944951
43,301,3.602988732981256,2.031500583022395,83.32043947111427,36.28425515641212,1.5714881499588609,47.03618431470215
44,301,3.602988732981256,2.0285386434291497,83.32043947111427,36.23167614653183,1.5744500895521063,47.08876332458244
45,301,3.602988732981256,2.0348102129352004,83.32043947111427,36.47742788722528,1.5681785200460556,46.84301158388899
46,301,3.602988732981256,2.032433828002163,83.32043947111427,36.2396679302984,1.570554904979093,47.08077154081587
42,302,2.840132309445266,1.614998578561553,74.39620685628651,32.65888831190606,1.225133730883713,41.73731854438045
43,302,2.840132309445266,1.6143430301028363,74.39620685628651,32.595281931419755,1.2257892793424296,41.800924924866756
44,302,2.840132309445266,1.6142418748308645,74.39620685628651,32.67225882133396,1.2258904346144015,41.72394803495255
45,302,2.840132309445266,1.6153680515895126,74.39620685628651,32.84514282647791,1.2247642578557534,41.5510640298086
46,302,2.840132309445266,1.6144803394029217,74.39620685628651,32.553808704834275,1.2256519700423443,41.84239815145224
42,303,2.406646688745834,1.3941095042960054,67.26319135637496,29.52065024477615,1.0125371844498285,37.74254111159881
43,303,2.406646688745834,1.393526344028234,67.26319135637496,29.4336440977092,1.0131203447176,37.829547258665755
44,303,2.406646688745834,1.393615861935683,67.26319135637496,29.543759027449337,1.0130308268101509,37.71943232892562
45,303,2.406646688745834,1.394492299965405,67.26319135637496,29.758348733408997,1.012154388780429,37.50484262296597
46,303,2.406646688745834,1.3936737826163177,67.26319135637496,29.39184705901185,1.0129729061295163,37.87134429736311
42,304,2.752469350404702,1.5698487037851792,72.458485049032,31.69086183459136,1.182620646619523,40.76762321444065
43,304,2.752469350404702,1.5693059727404028,72.458485049032,31.652560492632844,1.1831633776642994,40.80592455639916
44,304,2.752469350404702,1.5691594419754,72.458485049032,31.714846605935957,1.1833099084293022,40.743638443096046
45,304,2.752469350404702,1.5701869930566614,72.458485049032,31.88997646906948,1.1822823573480408,40.568508579962526
46,304,2.752469350404702,1.5692948401304243,72.458485049032,31.562256230564525,1.183174510274278,40.89622881846748
42,305,2.105703326011638,1.2337181131206312,62.85722545118496,27.998566793993398,0.8719852128910066,34.85865865719156
43,305,2.105703326011638,1.2332414067482116,62.85722545118496,27.93163535661112,0.8724619192634262,34.925590094573835
44,305,2.105703326011638,1.2333982702430744,62.85722545118496,28.052897341161547,0.8723050557685634,34.80432811002341
45,305,2.105703326011638,1.2340455895793527,62.85722545118496,28.24233232475989,0.8716577364322851,34.61489312642507
46,305,2.105703326011638,1.2334000408933148,62.85722545118496,27.917717053222237,0.872303285118323,34.939508397962726
42,306,1.8803621274955613,1.1311066228612907,58.13286889588767,25.937083580851223,0.7492555046342706,32.195785315036446
43,306,1.8803621274955613,1.1306016307519928,58.13286889588767,25.816441994066263,0.7497604967435685,32.3164269018214
44,306,1.8803621274955613,1.1306424869424287,58.13286889588767,25.86286754477348,0.7497196405531326,32.27000135111419
45,306,1.8803621274955613,1.1313381931595212,58.13286889588767,26.098908497689152,0.7490239343360401,32.033960398198516
46,306,1.8803621274955613,1.130730557429558,58.13286889588767,25.77194267429017,0.7496315700660032,32.360926221597495
42,307,3.2404002310583477,1.8304194976365624,78.38142683204342,34.10687411131988,1.4099807334217853,44.274552720723534
43,307,3.2404002310583477,1.829073070083021,78.38142683204342,34.01086927125746,1.4113271609753268,44.370557560785954
44,307,3.2404002310583477,1.8284866128620547,78.38142683204342,34.03996576672336,1.411913618196293,44.341461065320054
45,307,3.2404002310583477,1.8309522635328883,78.38142683204342,34.23696836872499,1.4094479675254594,44.14445846331843
46,307,3.2404002310583477,1.828350649456747,78.38142683204342,33.87240632033302,1.4120495816016008,44.509020511710396
42,308,3.2435617503813527,1.8253475158101435,79.44927419537974,34.71517141525648,1.4182142345712092,44.734102780123266
43,308,3.2435617503813527,1.8238827973815863,79.44927419537974,34.57058168968937,1.4196789529997664,44.878692505690374
44,308,3.2435617503813527,1.8234447750716407,79.44927419537974,34.66378723527579,1.420116975309712,44.78548696010395
45,308,3.2435617503813527,1.8261572279054727,79.44927419537974,34.852304449652124,1.41740452247588,44.59696974572762
46,308,3.2435617503813527,1.8231788711492696,79.44927419537974,34.48745869991733,1.4203828792320832,44.96181549546241
42,309,3.3174254651273314,1.8686159499932529,80.39091216522495,35.44439836271071,1.4488095151340785,44.94651380251424
43,309,3.3174254651273314,1.86811451989613,80.39091216522495,35.3496595260799,1.4493109452312014,45.04125263914505
44,309,3.3174254651273314,1.8654993914750573,80.39091216522495,35.36705182531001,1.451926073652274,45.02386033991494
45,309,3.3174254651273314,1.8707782914271769,80.39091216522495,35.58060928469576,1.4466471737001545,44.810302880529186
46,309,3.3174254651273314,1.867224642201998,80.39091216522495,35.262008770652855,1.4502008229253334,45.12890339457209
42,310,3.427247010013197,1.931309630282096,81.09608087797125,35.147350642510474,1.4959373797311009,45.94873023546077
43,310,3.427247010013197,1.9295151348261053,81.09608087797125,34.98868665369668,1.4977318751870916,46.107394224274564
44,310,3.427247010013197,1.9291865506243169,81.09608087797125,35.06547939771095,1.49806045938888,46.030601480260295
45,310,3.427247010013197,1.9318096818524235,81.09608087797125,35.258585387754785,1.4954373281607733,45.83749549021646
46,310,3.427247010013197,1.9287982190265036,81.09608087797125,34.89541000589369,1.4984487909866933,46.20067087207756
42,311,3.408929002211849,1.9250879233950695,80.57220105368052,34.82131057540065,1.4838410788167795,45.750890478279864
43,311,3.408929002211849,1.9237632330997816,80.57220105368052,34.65481244187933,1.4851657691120674,45.91738861180119
44,311,3.408929002211849,1.9235420483117915,80.57220105368052,34.7601435812889,1.4853869539000575,45.812057472391615
45,311,3.408929002211849,1.9254533108957927,80.57220105368052,34.90856900627351,1.4834756913160563,45.663632047407006
46,311,3.408929002211849,1.9238304141110196,80.57220105368052,34.618012909419896,1.4850985881008294,45.95418814426062
42,312,2.4413403358033654,1.4169966534767346,67.47636921138722,29.537438536868244,1.0243436823266308,37.93893067451898
43,312,2.4413403358033654,1.4163924575873317,67.47636921138722,29.452289328388783,1.0249478782160337,38.024079882998436
44,312,2.4413403358033654,1.4164737764081958,67.47636921138722,29.55651235702892,1.0248665593951696,37.9198568543583
45,312,2.4413403358033654,1.4173756821612278,67.47636921138722,29.759810830481587,1.0239646536421376,37.71655838090564
46,312,2.4413403358033654,1.416503014725368,67.47636921138722,29.394990564033275,1.0248373210779973,38.081378647353944
42,313,1.9395920394375048,1.1530096973294246,59.51165034728404,26.68773573374637,0.7865823421080802,32.82391461353767
43,313,1.9395920394375048,1.152447236382262,59.51165034728404,26.587836563363503,0.7871448030552428,32.92381378392054
44,313,1.9395920394375048,1.152504967598704,59.51165034728404,26.63942321296976,0.7870870718388008,32.87222713431428
45,313,1.9395920394375048,1.1531959642173817,59.51165034728404,26.868319173067043,0.7863960752201231,32.643331174216996
46,313,1.9395920394375048,1.1526170459098537,59.51165034728404,26.551922739963647,0.7869749935276511,32.95972760732039
42,314,3.349303767833786,1.89088552949522,79.63568759924651,34.700474967303904,1.4584182383385658,44.935212631942605
43,314,3.349303767833786,1.8890925591036765,79.63568759924651,34.58927590223274,1.4602112087301093,45.04641169701377
44,314,3.349303767833786,1.8884261269085,79.63568759924651,34.616391973953284,1.4608776409252857,45.019295625293225
45,314,3.349303767833786,1.891889854072496,79.63568759924651,34.820248776127514,1.4574139137612898,44.815438823118996
46,314,3.349303767833786,1.8883979585254709,79.63568759924651,34.44490639696343,1.460905809308315,45.19078120228308
42,315,3.744533530662536,2.1278015360467597,83.99274734664529,36.85637945098874,1.616731994615776,47.13636789565655
43,315,3.744533530662536,2.1262139040925314,83.99274734664529,36.80845368826007,1.6183196265700044,47.184293658385215
44,315,3.744533530662536,2.1223098654668013,83.99274734664529,36.6791703237766,1.6222236651957345,47.313577022868685
45,315,3.744533530662536,2.1341655343704637,83.99274734664529,37.21846929633358,1.610367996292072,46.77427805031171
46,315,3.744533530662536,2.130626067851863,83.99274734664529,36.80216886001551,1.6139074628106727,47.190578486629775
42,316,3.560977658754893,2.006518749344394,82.89446058193059,36.19134779952831,1.5544589094104992,46.70311278240228
43,316,3.560977658754893,2.006486763026748,82.89446058193059,36.14183969948493,1.554490895728145,46.752620882445655
44,316,3.560977658754893,2.003144486193443,82.89446058193059,36.08406399878609,1.55783317256145,46.810396583144495
45,316,3.560977658754893,2.0098749147932296,82.89446058193059,36.38220923409125,1.5511027439616636,46.51225134783934
46,316,3.560977658754893,2.0062800825986,82.89446058193059,36.06195001891241,1.5546975761562933,46.832510563018175
42,317,3.651423731704771,2.0595783819958164,83.84957852523073,36.606247225414805,1.5918453497089544,47.24333129981592
43,317,3.651423731704771,2.059879299859244,83.84957852523073,36.63814853294246,1.5915444318455267,47.21142999228827
44,317,3.651423731704771,2.055735917811464,83.84957852523073,36.53635935602353,1.5956878138933068,47.313219169207194
45,317,3.651423731704771,2.0656140239213343,83.84957852523073,36.921604491975465,1.5858097077834366,46.92797403325526
46,317,3.651423731704771,2.06192494547926,83.84957852523073,36.62819251373949,1.5894987862255108,47.221386011491234
42,318,3.454331072001519,1.9431814218542616,82.24888151949472,35.974876014727315,1.5111496501472572,46.2740055047674
43,318,3.454331072001519,1.9412262067723485,82.24888151949472,35.885380978281304,1.5131048652291703,46.36350054121341
44,318,3.454331072001519,1.9392900889490272,82.24888151949472,35.929327347837365,1.5150409830524916,46.31955417165735
45,318,3.454331072001519,1.944804779473629,82.24888151949472,36.17701982046175,1.5095262925278898,46.071861699032965
46,318,3.454331072001519,1.9400645238926788,82.24888151949472,35.74662208338535,1.51426654810884,46.50225943610937
42,319,2.553067200900011,1.4691947291277925,69.97162374150253,31.000618814354947,1.0838724717722183,38.971004927147575
43,319,2.553067200900011,1.4685290385903005,69.97162374150253,30.950910173422557,1.0845381623097103,39.02071356807997
44,319,2.553067200900011,1.4684674134214617,69.97162374150253,31.01221529749249,1.0845997874785491,38.95940844401004
45,319,2.553067200900011,1.4695261641719737,69.97162374150253,31.265926426087592,1.0835410367280371,38.70569731541494
46,319,2.553067200900011,1.4687027906540353,69.97162374150253,30.93433246929803,1.0843644102459755,39.0372912722045
42,320,2.0007404283411456,1.180030601274212,61.01415352524369,27.52504397741705,0.8207098270669335,33.489109547826644
43,320,2.0007404283411456,1.1795089708178597,61.01415352524369,27.454296500037124,0.821231457523286,33.55985702520657
44,320,2.0007404283411456,1.1796422446455277,61.01415352524369,27.55331439203632,0.8210981836956179,33.46083913320737
45,320,2.0007404283411456,1.180268686357176,61.01415352524369,27.75304676633785,0.8204717419839695,33.26110675890584
46,320,2.0007404283411456,1.1796912304399454,61.01415352524369,27.457912906594174,0.8210491979012002,33.55624061864952
42,321,4.070375227823758,2.4018801582230767,87.32119675634891,41.92804484233729,1.6684950696006817,45.39315191401162
43,321,4.070375227823758,2.403892970039497,87.32119675634891,42.0843500205365,1.6664822577842613,45.236846735812414
44,321,4.070375227823758,2.393136220051426,87.32119675634891,41.60876013664768,1.6772390077723323,45.71243661970123
45,321,4.070375227823758,2.476587275636733,87.32119675634891,43.72925157029819,1.5937879521870255,43.59194518605072
46,321,4.070375227823758,2.453623697398835,87.32119675634891,42.99616790823183,1.6167515304249234,44.32502884811708
42,322,4.23995434952611,2.5132379067844632,89.84337784205054,44.0093837876206,1.726716442741647,45.833994054429944
43,322,4.23995434952611,2.5268528319559924,89.84337784205054,44.661121727073,1.7131015175701179,45.18225611497754
44,322,4.23995434952611,2.500364138163497,89.84337784205054,43.64538462538856,1.7395902113626134,46.197993216661985
45,322,4.23995434952611,2.5938656744075392,89.84337784205054,46.04750640393982,1.646088675118571,43.79587143811072
46,322,4.23995434952611,2.5794459354320898,89.84337784205054,45.67227015705387,1.6605084140940205,44.17110768499667
42,323,4.17244356688107,2.430878049697776,88.98185784234306,41.65090505905045,1.7415655171832944,47.33095278329261
43,323,4.17244356688107,2.4355703482247475,88.98185784234306,41.970130386019896,1.736873218656323,47.011727456323165
44,323,4.17244356688107,2.419969155769194,88.98185784234306,41.2507412992743,1.7524744111118764,47.73111654306876
45,323,4.17244356688107,2.494029200932979,88.98185784234306,43.46264143939228,1.6784143659480915,45.51921640295078
46,323,4.17244356688107,2.4716739819014943,88.98185784234306,42.733978121356095,1.700769584979576,46.247879720986965
42,324,4.115523393089769,2.359101446716908,88.63086877826755,40.13768783096978,1.7564219463728614,48.49318094729777
43,324,4.115523393089769,2.3596467859125325,88.63086877826755,40.24346090025045,1.7558766071772367,48.38740787801711
44,324,4.115523393089769,2.352879998915812,88.63086877826755,39.81023044152575,1.7626433941739572,48.8206383367418
45,324,4.115523393089769,2.407552029924021,88.63086877826755,41.89096493355809,1.7079713631657483,46.73990384470947
46,324,4.115523393089769,2.382775807340147,88.63086877826755,40.81404710166273,1.7327475857496224,47.816821676604825
42,325,3.7527822203927066,2.131189051613953,84.79173026339573,37.224351778886565,1.6215931687787535,47.56737848450917
43,325,3.7527822203927066,2.124915263636657,84.79173026339573,37.021662683628136,1.6278669567560495,47.7700675797676
44,325,3.7527822203927066,2.1272516540762747,84.79173026339573,37.08875376755682,1.625530566316432,47.70297649583892
45,325,3.7527822203927066,2.134624389391669,84.79173026339573,37.47402486685554,1.6181578310010374,47.3177053965402
46,325,3.7527822203927066,2.13109817618038,84.79173026339573,36.9938856428328,1.6216840442123264,47.797844620562934
42,326,2.704020300700032,1.574403277315832,70.87378672410506,30.704398108600344,1.1296170233841998,40.169388615504715
43,326,2.704020300700032,1.573447640810716,70.87378672410506,30.555194996292823,1.1305726598893158,40.31859172781223
44,326,2.704020300700032,1.573667001821586,70.87378672410506,30.696322835869715,1.130353298878446,40.177463888235344
45,326,2.704020300700032,1.574492695493105,70.87378672410506,30.85405011782257,1.1295276052069267,40.01973660628249
46,326,2.704020300700032,1.5735607872061366,70.87378672410506,30.525278471370417,1.1304595134938953,40.348508252734646
42,327,2.290104083103223,1.346954548108707,64.70889548895053,28.344485813525026,0.9431495349945158,36.364409675425506
43,327,2.290104083103223,1.3462688215998846,64.70889548895053,28.22068594691656,0.9438352615033383,36.48820954203397
44,327,2.290104083103223,1.3464877645053048,64.70889548895053,28.348993247593537,0.9436163185979181,36.35990224135699
45,327,2.290104083103223,1.3471967033974157,64.70889548895053,28.53136033223304,0.9429073797058072,36.1775351567175
46,327,2.290104083103223,1.3464493149123062,64.70889548895053,28.190122475480127,0.9436547681909166,36.51877301347041
42,328,3.9707015437011903,2.278455486925101,86.03738294367484,38.74314417570904,1.6922460567760895,47.2942387679658
43,328,3.9707015437011903,2.277065121672828,86.03738294367484,38.73978220451111,1.6936364220283622,47.297600739163734
44,328,3.9707015437011903,2.2700927535064483,86.03738294367484,38.3731021863622,1.700608790194742,47.66428075731264
45,328,3.9707015437011903,2.31707434440975,86.03738294367484,40.17920350172636,1.6536271992914404,45.85817944194848
46,328,3.9707015437011903,2.300119573012127,86.03738294367484,39.43835615387455,1.6705819706890632,46.59902678980029
42,329,4.071260894566776,2.334372272130862,87.90954215139162,39.41380501268168,1.736888622435914,48.49573713870994
43,329,4.071260894566776,2.329607841624057,87.90954215139162,39.20206908835437,1.741653052942719,48.70747306303725
44,329,4.071260894566776,2.3360660281799728,87.90954215139162,39.33263500115701,1.735194866386803,48.57690715023461
45,329,4.071260894566776,2.3556549791498367,87.90954215139162,40.0941952182561,1.7156059154169392,47.81534693313552
46,329,4.071260894566776,2.3437274909384365,87.90954215139162,39.367115100573166,1.7275334036283394,48.54242705081845
42,330,4.353470871936339,2.660706971540432,91.71444906315966,46.4291075358414,1.692763900395907,45.28534152731826
43,330,4.353470871936339,2.6638407682551453,91.71444906315966,46.71073577400667,1.6896301036811936,45.00371328915299
44,330,4.353470871936339,2.6579922227133297,91.71444906315966,46.18384205021538,1.6954786492230092,45.53060701294428
45,330,4.353470871936339,2.790725198828299,91.71444906315966,49.08001527651327,1.56274567310804,42.63443378664639
46,330,4.353470871936339,2.709564840397999,91.71444906315966,47.5972587218978,1.6439060315383398,44.11719034126186
42,331,4.328099488981721,2.60251594579772,91.35491307921932,45.383102433628906,1.7255835431840008,45.97181064559041
43,331,4.328099488981721,2.6050322578283382,91.35491307921932,45.57039206955126,1.7230672311533826,45.784521009668055
44,331,4.328099488981721,2.591978201246398,91.35491307921932,44.92391806691756,1.736121287735323,46.43099501230176
45,331,4.328099488981721,2.717954664327003,91.35491307921932,47.962779805831104,1.6101448246547179,43.39213327338821
46,331,4.328099488981721,2.660969507025897,91.35491307921932,46.7901444471865,1.6671299819558238,44.564768632032816
42,332,4.172222332906522,2.4236050844095423,88.90727566250898,41.2821779593258,1.7486172484969793,47.62509770318318
43,332,4.172222332906522,2.430620953590363,88.90727566250898,41.60018527290693,1.7416013793161587,47.30709038960205
44,332,4.172222332906522,2.4188174844000296,88.90727566250898,41.10484515245444,1.753404848506492,47.80243051005454
45,332,4.172222332906522,2.47033764093819,88.90727566250898,42.72393093674848,1.7018846919683317,46.1833447257605
46,332,4.172222332906522,2.4629746421457592,88.90727566250898,42.36053153285469,1.7092476907607623,46.54674412965429
42,333,2.7882374054044328,1.611044581101801,72.43041098317482,31.386882441396192,1.1771928243026317,41.04352854177863
43,333,2.7882374054044328,1.6101701918946902,72.43041098317482,31.25985536686941,1.1780672135097425,41.170555616305414
44,333,2.7882374054044328,1.6102324742601088,72.43041098317482,31.378448600988325,1.178004931144324,41.0519623821865
45,333,2.7882374054044328,1.6112255799233588,72.43041098317482,31.562155867237355,1.177011825481074,40.86825511593747
46,333,2.7882374054044328,1.6102728460365396,72.43041098317482,31.21863352838728,1.1779645593678931,41.211777454787544
42,334,2.451088781514724,1.4431915661906682,66.61908374094276,29.01252414706683,1.0078972153240557,37.60655959387593
43,334,2.451088781514724,1.4422828912289885,66.61908374094276,28.88661668776707,1.0088058902857355,37.73246705317568
44,334,2.451088781514724,1.442603370430331,66.61908374094276,29.025516149530787,1.008485411084393,37.59356759141197
45,334,2.451088781514724,1.4433530846315117,66.61908374094276,29.17901505080578,1.0077356968832123,37.440068690136975
46,334,2.451088781514724,1.442431766343966,66.61908374094276,28.8408844134126,1.008657015170758,37.77819932753016
42,335,4.04245890519167,2.350483450681078,86.89126226388547,40.92207178738152,1.691975454510592,45.96919047650395
43,335,4.04245890519167,2.3620395569402586,86.89126226388547,41.59622604044923,1.6804193482514114,45.295036223436234
44,335,4.04245890519167,2.333841441004352,86.89126226388547,40.34048651244964,1.7086174641873177,46.55077575143583
45,335,4.04245890519167,2.413721726571743,86.89126226388547,42.90225654690541,1.628737178619927,43.98900571698005
46,335,4.04245890519167,2.4022515942758407,86.89126226388547,42.52850494764066,1.6402073109158293,44.3627573162448
42,336,4.03753573295603,2.3364133617323275,87.85100286730469,40.4709168902445,1.7011223712237027,47.38008597706018
43,336,4.03753573295603,2.334560092490009,87.85100286730469,40.40649239146988,1.702975640466021,47.444510475834804
44,336,4.03753573295603,2.329216676033296,87.85100286730469,40.16086740477712,1.708319056922734,47.690135462527564
45,336,4.03753573295603,2.3751701159817604,87.85100286730469,41.41592546000267,1.6623656169742698,46.43507740730202
46,336,4.03753573295603,2.3545080403083665,87.85100286730469,40.64455624840544,1.6830276926476637,47.20644661889924
42,337,4.083579237692448,2.346914211694913,88.71529072238198,40.423241342776485,1.7366650259975351,48.292049379605494
43,337,4.083579237692448,2.346105234256,88.71529072238198,40.46194985378345,1.7374740034364482,48.25334086859853
44,337,4.083579237692448,2.3376330100062845,88.71529072238198,40.12870704593424,1.7459462276861637,48.58658367644774
45,337,4.083579237692448,2.375899844360532,88.71529072238198,41.20167174913236,1.707679393331916,47.51361897324962
46,337,4.083579237692448,2.3673217155571464,88.71529072238198,40.79754118947061,1.7162575221353018,47.91774953291137
42,338,4.279963480904272,2.5393067291598905,89.83073318347141,43.64442809602889,1.7406567517443818,46.18630508744252
43,338,4.279963480904272,2.5525951916653407,89.83073318347141,44.27632139554715,1.7273682892389317,45.55441178792426
44,338,4.279963480904272,2.52481242630039,89.83073318347141,43.17908861057977,1.7551510546038824,46.65164457289164
45,338,4.279963480904272,2.627236065914407,89.83073318347141,45.84668862769484,1.6527274149898652,43.98404455577657
46,338,4.279963480904272,2.607753334547834,89.83073318347141,45.41921067837597,1.6722101463564383,44.41152250509544
42,339,4.155412699576445,2.447885949430213,88.35705600106654,42.285538186098414,1.707526750146232,46.071517814968125
43,339,4.155412699576445,2.4570038420779525,88.35705600106654,42.66302359332922,1.6984088574984924,45.69403240773732
44,339,4.155412699576445,2.437778658746668,88.35705600106654,41.98043379112649,1.7176340408297768,46.37662220994005
45,339,4.155412699576445,2.513157248759241,88.35705600106654,44.01304925319708,1.642255450817204,44.34400674786946
46,339,4.155412699576445,2.502975241380996,88.35705600106654,43.667058702625226,1.652437458195449,44.68999729844131
42,340,3.004930422749978,1.7311905844381534,74.9972506793173,32.397045349037555,1.2737398383118246,42.60020533027975
43,340,3.004930422749978,1.7304673305267506,74.9972506793173,32.314264267021194,1.2744630922232274,42.68298641229611
44,340,3.004930422749978,1.7304327973095903,74.9972506793173,32.42158337920711,1.2744976254403877,42.5756673001102
45,340,3.004930422749978,1.7314705200437943,74.9972506793173,32.57330372123517,1.2734599027061837,42.423946958082134
46,340,3.004930422749978,1.730532745164944,74.9972506793173,32.26095901034071,1.274397677585034,42.73629166897659
42,341,2.5438632160356955,1.4890275260718575,68.14659779217727,29.614717056496985,1.054835689963838,38.53188073568029
43,341,2.5438632160356955,1.4881276495419635,68.14659779217727,29.494418597766305,1.055735566493732,38.65217919441097
44,341,2.5438632160356955,1.4883743499478814,68.14659779217727,29.626676141312565,1.0554888660878141,38.51992165086471
45,341,2.5438632160356955,1.489206726117309,68.14659779217727,29.783778497240224,1.0546564899183866,38.362819294937054
46,341,2.5438632160356955,1.4882648352304189,68.14659779217727,29.441769727530563,1.0555983808052767,38.70482806464671
42,342,4.32446059079769,2.6511445253442965,90.60985284819095,46.87121166342636,1.6733160654533936,43.738641184764596
43,342,4.32446059079769,2.6636987474551344,90.60985284819095,47.41986622277862,1.6607618433425557,43.18998662541233
44,342,4.32446059079769,2.6411862382294657,90.60985284819095,46.60861489575939,1.6832743525682243,44.001237952431566
45,342,4.32446059079769,2.766839326002879,90.60985284819095,49.01231209205301,1.5576212647948111,41.597540756137946
46,342,4.32446059079769,2.714856779461753,90.60985284819095,48.13328809916201,1.609603811335937,42.476564749028945
42,343,4.298246105490858,2.5404759614190078,90.53431100829604,43.98230890551888,1.7577701440718498,46.552002102777166
43,343,4.298246105490858,2.5542796159196395,90.53431100829604,44.665993417456434,1.7439664895712181,45.86831759083961
44,343,4.298246105490858,2.5269975085109007,90.53431100829604,43.57403255669557,1.771248596979957,46.96027845160047
45,343,4.298246105490858,2.618711378613221,90.53431100829604,46.007912146036496,1.6795347268776366,44.52639886225955
46,343,4.298246105490858,2.6059666497146723,90.53431100829604,45.70917701515483,1.6922794557761853,44.825133993141215
42,344,4.167777255553895,2.3989564898175413,89.12602101358368,40.61241042543266,1.7688207657363542,48.513610588151025
43,344,4.167777255553895,2.4004530193528044,89.12602101358368,40.74725660029858,1.767324236201091,48.378764413285104
44,344,4.167777255553895,2.3921988067608897,89.12602101358368,40.30326966873075,1.7755784487930057,48.82275134485293
45,344,4.167777255553895,2.4509237541623223,89.12602101358368,42.38535132316249,1.7168535013915731,46.74066969042119
46,344,4.167777255553895,2.4245815163126854,89.12602101358368,41.346243009626754,1.74319573924121,47.77977800395693
42,345,4.262410076400022,2.4837367564804103,90.291278985738,42.286927614907455,1.778673319919612,48.00435137083055
43,345,4.262410076400022,2.4832271433641275,90.291278985738,42.363289506498006,1.7791829330358948,47.92798947924
44,345,4.262410076400022,2.4718364274766844,90.291278985738,41.8331032040164,1.790573648923338,48.4581757817216
45,345,4.262410076400022,2.5589676562302,90.291278985738,44.489615871052,1.7034424201698224,45.801663114686
46,345,4.262410076400022,2.5281875609239792,90.291278985738,43.60876085700502,1.7342225154760431,46.68251812873299
42,346,4.224637675568246,2.474530269331941,89.3943484598311,42.11961142476799,1.7501074062363053,47.274737035063104
43,346,4.224637675568246,2.481677141410891,89.3943484598311,42.42615835704797,1.7429605341573553,46.968190102783126
44,346,4.224637675568246,2.464580851841256,89.3943484598311,41.77615718811777,1.7600568237269902,47.61819127171332
45,346,4.224637675568246,2.5289832779595898,89.3943484598311,43.65359128724148,1.6956543976086564,45.74075717258961
46,346,4.224637675568246,2.5201583284514784,89.3943484598311,43.37846483784698,1.7044793471167679,46.015883621984116
42,347,3.105077056055029,1.7947376390485277,76.04349824340049,32.80951532874886,1.3103394170065015,43.233982914651634
43,347,3.105077056055029,1.793926767837007,76.04349824340049,32.7266012662917,1.3111502882180222,43.31689697710879
44,347,3.105077056055029,1.7939381107115644,76.04349824340049,32.82765433282707,1.3111389453434648,43.21584391057342
45,347,3.105077056055029,1.7949508824496858,76.04349824340049,32.96517163344889,1.3101261736053433,43.0783266099516
46,347,3.105077056055029,1.7939550882621604,76.04349824340049,32.66862257948124,1.3111219677928687,43.374875663919255
42,348,2.714240119603651,1.5839567692174088,70.49421616146121,30.523294338004355,1.1302833503862424,39.970921823456855
43,348,2.714240119603651,1.5830137402422422,70.49421616146121,30.403644591839072,1.131226379361409,40.09057156962214
44,348,2.714240119603651,1.583216754837639,70.49421616146121,30.523291079909367,1.1310233647660122,39.97092508155184
45,348,2.714240119603651,1.58405634790072,70.49421616146121,30.67895353157949,1.1301837717029313,39.815262629881715
46,348,2.714240119603651,1.5831417388295546,70.49421616146121,30.36179619794749,1.1310983807740966,40.13241996351372
42,349,3.959177809896988,2.2615082971609484,86.20905559856317,38.22464270949317,1.6976695127360397,47.98441288907
43,349,3.959177809896988,2.254571297542588,86.20905559856317,37.93054780097462,1.7046065123544003,48.278507797588546
44,349,3.959177809896988,2.258807950577398,86.20905559856317,38.01721668186974,1.70036985931959,48.19183891669343
45,349,3.959177809896988,2.289343026394965,86.20905559856317,39.38141264973793,1.669834783502023,46.827642948825236
46,349,3.959177809896988,2.2643231010289124,86.20905559856317,38.13139270016502,1.6948547088680757,48.077662898398145
42,350,3.9752050777632912,2.275706602663319,87.25659351981442,39.30872099883408,1.6994984750999724,47.94787252098033
43,350,3.9752050777632912,2.272608598604121,87.25659351981442,39.19591045969914,1.7025964791591703,48.060683060115274
44,350,3.9752050777632912,2.266554532979997,87.25659351981442,38.94720997432455,1.708650544783294,48.309383545489865
45,350,3.9752050777632912,2.292639353818265,87.25659351981442,39.832545079259305,1.6825657239450265,47.42404844055511
46,350,3.9752050777632912,2.2860880408836826,87.25659351981442,39.33381346070379,1.6891170368796087,47.92278005911063
42,351,4.210047566668578,2.4728338127298577,89.02129188854336,42.31242184126933,1.7372137539387205,46.70887004727403
43,351,4.210047566668578,2.484060531563613,89.02129188854336,42.82315387345391,1.725987035104965,46.19813801508945
44,351,4.210047566668578,2.4620707563048234,89.02129188854336,41.95709838546424,1.7479768103637547,47.06419350307912
45,351,4.210047566668578,2.533934023254417,89.02129188854336,44.05663971792902,1.6761135434141612,44.964652170614336
46,351,4.210047566668578,2.526859983464555,89.02129188854336,43.845368204580815,1.683187583204023,45.175923683962544
42,352,3.798965657369705,2.1622809916410506,84.6290643839635,36.95504140015444,1.6366846657286542,47.67402298380905
43,352,3.798965657369705,2.1566060331673254,84.6290643839635,36.743837942723104,1.6423596242023795,47.88522644124039
44,352,3.798965657369705,2.1544383027367675,84.6290643839635,36.63330070031144,1.6445273546329373,47.99576368365206
45,352,3.798965657369705,2.162604949854091,84.6290643839635,37.14404614901904,1.636360707515614,47.485018234944455
46,352,3.798965657369705,2.1564432220089813,84.6290643839635,36.57216003598697,1.6425224353607235,48.05690434797653
42,353,3.4436144070375363,1.9728106813368929,79.7210649933156,34.43577151239798,1.4708037257006434,45.285293480917616
43,353,3.4436144070375363,1.9710298777469952,79.7210649933156,34.23490342868299,1.472584529290541,45.4861615646326
44,353,3.4436144070375363,1.971355697007788,79.7210649933156,34.371863804533355,1.4722587100297484,45.34920118878224
45,353,3.4436144070375363,1.9732715595782968,79.7210649933156,34.57665994065408,1.4703428474592395,45.14440505266151
46,353,3.4436144070375363,1.9710749989799996,79.7210649933156,34.213840421889,1.4725394080575367,45.50722457142659
42,354,2.4059975244859446,1.4151460839495418,65.98371446302764,28.81369815381769,0.9908514405364028,37.17001630920995
43,354,2.4059975244859446,1.4143284823288178,65.98371446302764,28.697491769044376,0.9916690421571268,37.28622269398326
44,354,2.4059975244859446,1.414597569167113,65.98371446302764,28.827665931871586,0.9913999553188315,37.15604853115605
45,354,2.4059975244859446,1.41535043207892,65.98371446302764,28.982970778335822,0.9906470924070245,37.00074368469181
46,354,2.4059975244859446,1.4144477225958436,65.98371446302764,28.6437454724369,0.991549801890101,37.339968990590734
42,355,1.987614654662148,1.1966344466621206,59.283105753842165,26.255078811092392,0.7909802080000274,33.028026942749776
43,355,1.987614654662148,1.196013158190979,59.283105753842165,26.113241614181003,0.7916014964711691,33.16986413966116
44,355,1.987614654662148,1.1960790306416262,59.283105753842165,26.167425340848258,0.7915356240205218,33.11568041299391
45,355,1.987614654662148,1.196889788969841,59.283105753842165,26.42098265329118,0.7907248656923069,32.86212310055099
46,355,1.987614654662148,1.196119760001629,59.283105753842165,26.061355100993197,0.7914948946605191,33.22175065284897
42,356,1.8941542433890275,1.141814668841812,58.24304780145909,25.925273339823665,0.7523395745472155,32.31777446163542
43,356,1.8941542433890275,1.14132292703408,58.24304780145909,25.8006249670741,0.7528313163549476,32.44242283438499
44,356,1.8941542433890275,1.1413668281092142,58.24304780145909,25.860995102115385,0.7527874152798133,32.3820526993437
45,356,1.8941542433890275,1.1420922563685474,58.24304780145909,26.102730874905717,0.7520619870204801,32.140316926553375
46,356,1.8941542433890275,1.141432831178678,58.24304780145909,25.748864707449897,0.7527214122103494,32.494183094009195
42,357,1.7642205650661218,1.0706972563800254,56.00916543857806,25.130155314844284,0.6935233086860964,30.879010123733774
43,357,1.7642205650661218,1.0702389335484508,56.00916543857806,25.009803194048587,0.693981631517671,30.999362244529472
44,357,1.7642205650661218,1.0702775070622212,56.00916543857806,25.06115485813877,0.6939430580039005,30.948010580439288
45,357,1.7642205650661218,1.070944633186227,56.00916543857806,25.29298177731601,0.6932759318798949,30.716183661262047
46,357,1.7642205650661218,1.0703437656805117,56.00916543857806,24.95265385908627,0.6938767993856101,31.05651157949179
42,358,1.8612175126271815,1.1197499982596812,57.82803414504766,25.837243670609386,0.7414675143675002,31.990790474438274
43,358,1.8612175126271815,1.1192784476773598,57.82803414504766,25.73199365577287,0.7419390649498216,32.096040489274785
44,358,1.8612175126271815,1.1193217176015435,57.82803414504766,25.782990632591986,0.741895795025638,32.04504351245568
45,358,1.8612175126271815,1.1200091570152964,57.82803414504766,26.0054426934393,0.7412083556118851,31.82259145160836
46,358,1.8612175126271815,1.1193889533375354,57.82803414504766,25.67899090755537,0.7418285592896461,32.14904323749229
42,359,2.4515074125388336,1.4300972776385712,67.25789197412135,29.406911865126744,1.0214101349002624,37.850980108994605
43,359,2.4515074125388336,1.4293376542673728,67.25789197412135,29.2923883030944,1.0221697582714608,37.96550367102695
44,359,2.4515074125388336,1.429426524116121,67.25789197412135,29.386534087798783,1.0220808884227126,37.87135788632257
45,359,2.4515074125388336,1.430373216049396,67.25789197412135,29.59612842101792,1.0211341964894376,37.66176355310343
46,359,2.4515074125388336,1.429478561004314,67.25789197412135,29.23148566769493,1.0220288515345197,38.02640630642642
42,360,2.433485411361945,1.4200693649440552,67.0632125801131,29.304553512254277,1.0134160464178898,37.75865906785883
43,360,2.433485411361945,1.419312082873037,67.0632125801131,29.18596426127039,1.014173328488908,37.87724831884272
44,360,2.433485411361945,1.4194781389472098,67.0632125801131,29.300999833806436,1.0140072724147353,37.762212746306666
45,360,2.433485411361945,1.4203484457738336,67.0632125801131,29.49903482131725,1.0131369655881115,37.56417775879585
46,360,2.433485411361945,1.4194872784356367,67.0632125801131,29.13878725162532,1.0139981329263084,37.924425328487786
42,361,2.3594202864166607,1.3927797560019433,65.25648621272245,28.51791436397668,0.9666405304147174,36.73857184874577
43,361,2.3594202864166607,1.3919535181483986,65.25648621272245,28.389040194012303,0.9674667682682621,36.86744601871015
44,361,2.3594202864166607,1.3922184630832009,65.25648621272245,28.518912240892217,0.9672018233334598,36.73757397183023
45,361,2.3594202864166607,1.3930005767054852,65.25648621272245,28.68752602833388,0.9664197097111755,36.56896018438857
46,361,2.3594202864166607,1.3921280736869592,65.25648621272245,28.348534963039693,0.9672922127297015,36.90795124968275
42,362,1.928722092739835,1.162653755925237,58.58071688534815,26.00210210151603,0.766068336814598,32.57861478383212
43,362,1.928722092739835,1.1621299582919242,58.58071688534815,25.88126102551029,0.7665921344479107,32.69945585983786
44,362,1.928722092739835,1.1621578922885318,58.58071688534815,25.939144162590534,0.7665642004513031,32.641572722757616
45,362,1.928722092739835,1.162938523973485,58.58071688534815,26.175621076970668,0.7657835687663499,32.40509580837748
46,362,1.928722092739835,1.1622471429002414,58.58071688534815,25.83472903958992,0.7664749498395935,32.745987845758236
42,363,2.015307153379122,1.2124627496867704,59.84358962596323,26.43177153815892,0.8028444036923514,33.41181808780431
43,363,2.015307153379122,1.211822599155002,59.84358962596323,26.289755322373317,0.8034845542241198,33.553834303589916
44,363,2.015307153379122,1.2119111248675476,59.84358962596323,26.35930275211106,0.8033960285115742,33.48428687385217
45,363,2.015307153379122,1.2127034807072576,59.84358962596323,26.60011891001413,0.8026036726718642,33.2434707159491
46,363,2.015307153379122,1.2119478856057828,59.84358962596323,26.242086039060247,0.803359267773339,33.601503586902986
42,364,1.8151257249570083,1.1029368249177425,56.32823635973145,25.199098253599043,0.7121889000392658,31.129138106132405
43,364,1.8151257249570083,1.1023775823307205,56.32823635973145,25.059429101342023,0.7127481426262878,31.268807258389426
44,364,1.8151257249570083,1.102446543914142,56.32823635973145,25.11494948995877,0.7126791810428663,31.213286869772677
45,364,1.8151257249570083,1.1031821145421865,56.32823635973145,25.359515281851277,0.7119436104148218,30.968721077880172
46,364,1.8151257249570083,1.1024939244840946,56.32823635973145,25.00433674532024,0.7126318004729137,31.323899614411207
42,365,3.057256427247982,1.7451619163742895,75.54445455554146,32.81297958007571,1.3120945108736926,42.73147497546575
43,365,3.057256427247982,1.744552756294782,75.54445455554146,32.758588023025354,1.3127036709532,42.78586653251611
44,365,3.057256427247982,1.7439108522779867,75.54445455554146,32.79569796783186,1.3133455749699954,42.7487565877096
45,365,3.057256427247982,1.7458858907519073,75.54445455554146,32.99408120126872,1.3113705364960748,42.55037335427274
46,365,3.057256427247982,1.744054564694514,75.54445455554146,32.639014757762055,1.313201862553468,42.90543979777941
