candidate_id,scenario_index,mismatch_id,mismatch_seed,pv_s_scale,svc_q_scale,cap_total_mvar,r_std,x_std,load_std,pv_std,topology_reconfiguration,mean_r_multiplier,mean_x_multiplier,load_multiplier,pv_multiplier,risk,under_steps,over_steps,pf_fail,projection_failures,intervention_rate,daily_loss_mwh,actual_vmin,actual_vmax
100,0,0,2026091801,0.45,0.375,0.0,0.025,0.025,0.01,0.01,none,0.997249189805452,1.009099867522995,1.0003416386745172,0.9885010467072247,0,0,0,0,0,0.0,0.9075349780210753,0.9629364220116127,1.0017729371409994
100,0,1,2026091802,0.45,0.375,0.0,0.025,0.025,0.01,0.01,none,0.9990701762003759,0.9940596012041173,1.018601633165133,1.0066716449271411,0,0,0,0,0,0.0,0.958789958343511,0.9624155546939341,1.0018057667873286
100,0,2,2026091803,0.45,0.375,0.0,0.025,0.025,0.01,0.01,none,1.001522209284603,0.9932611343537766,1.0035011970119223,0.9970185120715984,0,0,0,0,0,0.0,0.909363975002939,0.9633358414656197,1.0019186086221321
100,0,3,2026091804,0.45,0.375,0.0,0.025,0.025,0.01,0.01,none,1.0008361640485495,1.000274035492691,0.9960994977367327,1.0110025676822938,0,0,0,0,0,0.0,0.9159934528749671,0.9626971760048154,1.001909454879476
100,0,4,2026091805,0.45,0.375,0.0,0.025,0.025,0.01,0.01,none,1.0017305286644569,1.000662814701506,1.016607528441928,0.9878826092180186,0,0,0,0,0,0.0,0.9440428675613273,0.962760733226633,1.001722051736747
100,0,5,2026091806,0.45,0.375,0.0,0.025,0.025,0.01,0.01,none,1.0019045354384162,0.9993201878719842,1.0088662400802868,0.9933067162503867,0,0,0,0,0,0.0,0.9366583486973581,0.9628489323833249,1.0017764516098582
100,0,6,2026091807,0.45,0.375,0.0,0.025,0.025,0.01,0.01,none,1.0070269169561887,1.0004840922871268,0.992725919102441,1.0243609977647479,0,0,0,0,0,0.0,0.9089293878029997,0.9626292283382437,1.0020451580422824
100,0,7,2026091808,0.45,0.375,0.0,0.025,0.025,0.01,0.01,none,1.00307796537977,1.0036760940374332,1.0060986755873504,0.9935898695394706,0,0,0,0,0,0.0,0.9504439583300759,0.9619686327266064,1.0018032154331358
100,0,8,2026091809,0.45,0.375,0.0,0.025,0.025,0.01,0.01,none,1.0001190608194641,0.998308983051545,0.9916739385632001,1.003597150545825,0,0,0,0,0,0.0,0.8955705932034345,0.9631968653885814,1.0019497627320728
100,0,9,2026091810,0.45,0.375,0.0,0.025,0.025,0.01,0.01,none,0.9994593031515923,0.9980551416047898,1.0121690422350176,0.9958693291955195,0,0,0,0,0,0.0,0.9271499722164428,0.9632755379415665,1.001827296652318
100,0,10,2026091811,0.45,0.375,0.0,0.025,0.025,0.01,0.01,none,0.9975834525642061,1.0009305228601284,1.0046996622226139,1.0006902538666307,0,0,0,0,0,0.0,0.9255428395678764,0.9626505773251195,1.0018341500682748
100,0,11,2026091812,0.45,0.375,0.0,0.025,0.025,0.01,0.01,none,0.9989249010429365,1.003075856006987,1.0018474825755888,1.0200897922125578,0,0,0,0,0,0.0,0.92125570469888,0.9628463880878859,1.001968415636824
100,0,12,2026091813,0.45,0.375,0.0,0.025,0.025,0.01,0.01,none,0.9975972269289138,1.0049349757243706,0.9966151262155669,0.9993901685227295,0,0,0,0,0,0.0,0.8964734543424726,0.9634355599060853,1.001807463326406
100,0,13,2026091814,0.45,0.375,0.0,0.025,0.025,0.01,0.01,none,1.0014628843134192,0.9998449985180237,1.0025767482053463,1.0034928597558705,0,0,0,0,0,0.0,0.9286317603545904,0.9624663350913253,1.0018984741563677
100,0,14,2026091815,0.45,0.375,0.0,0.025,0.025,0.01,0.01,none,0.9957583252275979,1.0000574419392,1.0057372977265144,0.9849862988649091,0,0,0,0,0,0.0,0.9199310091904167,0.9631046795052349,1.0017563124825621
100,0,15,2026091816,0.45,0.375,0.0,0.025,0.025,0.01,0.01,none,0.9969626591505597,1.0058996260809014,1.0208725006930432,0.9970137701942879,0,0,0,0,0,0.0,0.9446325796870074,0.9630451239357445,1.0018001822118665
100,0,16,2026091817,0.45,0.375,0.0,0.025,0.025,0.01,0.01,none,0.9950502808125681,1.0011762019051051,1.0066270924903782,1.004499361024177,0,0,0,0,0,0.0,0.9341893560905193,0.9626559685808495,1.0018295173735694
100,0,17,2026091818,0.45,0.375,0.0,0.025,0.025,0.01,0.01,none,0.9997998941849713,1.0000791834339855,1.0069778775871616,0.9860305176945254,0,0,0,0,0,0.0,0.9248377655516566,0.9629960385483097,1.001794262828824
100,0,18,2026091819,0.45,0.375,0.0,0.025,0.025,0.01,0.01,none,1.0025155598019193,1.0006279248283434,0.9973072765435826,0.9985129027591902,0,0,0,0,0,0.0,0.9059175573252688,0.9631512757519157,1.0018778960892223
100,0,19,2026091820,0.45,0.375,0.0,0.025,0.025,0.01,0.01,none,1.0002876083774759,1.00604915572101,0.9870443492798417,1.0056934058506637,0,0,0,0,0,0.0,0.8912314105558334,0.9628539522969244,1.0019523821929146
100,1,0,2026092810,0.45,0.375,0.0,0.025,0.025,0.01,0.01,none,0.9937675255166825,0.997845385270409,0.9928763881815121,0.9949917789579008,0,0,0,0,0,0.0,2.618122631918571,0.953165531225511,1.0
100,1,1,2026092811,0.45,0.375,0.0,0.025,0.025,0.01,0.01,none,0.9988858715269515,1.0068680762230096,1.0047739606040007,0.991804030770713,0,0,0,0,0,0.0,2.713110538803618,0.9523025925517579,1.0
100,1,2,2026092812,0.45,0.375,0.0,0.025,0.025,0.01,0.01,none,0.9955438343729591,1.002424828644305,1.0138168675918222,1.0034625802588184,0,0,0,0,0,0.0,2.7337590703240426,0.9520247589886239,1.0
100,1,3,2026092813,0.45,0.375,0.0,0.025,0.025,0.01,0.01,none,0.9973227794719858,1.0089941176335666,1.0028503411203866,1.0055243233494693,0,0,0,0,0,0.0,2.704179998415947,0.9519022866838759,1.0
100,1,4,2026092814,0.45,0.375,0.0,0.025,0.025,0.01,0.01,none,1.0015534676613778,0.9926171795998776,1.0047137800514063,0.9827865507581752,0,0,0,0,0,0.0,2.7577934624252722,0.9513004794866141,1.0
100,1,5,2026092815,0.45,0.375,0.0,0.025,0.025,0.01,0.01,none,1.0008209135028585,1.0017423792695865,0.9989634796295831,1.0010576465052248,0,0,0,0,0,0.0,2.6553924498016563,0.9528552178461999,1.0
100,1,6,2026092816,0.45,0.375,0.0,0.025,0.025,0.01,0.01,none,1.003936026692592,0.9996151259011494,1.0037290598355895,1.0001923261271763,0,0,0,0,0,0.0,2.7408733757123582,0.951643948132166,1.0
100,1,7,2026092817,0.45,0.375,0.0,0.025,0.025,0.01,0.01,none,0.9893630506768593,1.0004876048535407,0.9861877938493065,1.0074804685502237,0,0,0,0,0,0.0,2.581754121213183,0.9527493461580726,1.0
100,1,8,2026092818,0.45,0.375,0.0,0.025,0.025,0.01,0.01,none,1.0075258558507099,0.9977060142856441,0.9932446595568966,0.9826351785359353,0,0,0,0,0,0.0,2.6669960710179166,0.952639011314532,1.0
100,1,9,2026092819,0.45,0.375,0.0,0.025,0.025,0.01,0.01,none,0.9911738962425869,1.0020925356654526,1.0162987960269745,0.9947216309610737,0,0,0,0,0,0.0,2.793198673178233,0.9517050961518095,1.0
100,1,10,2026092820,0.45,0.375,0.0,0.025,0.025,0.01,0.01,none,1.0025325578714197,0.9980370336066976,1.0107616029720037,1.0056500707808878,0,0,0,0,0,0.0,2.7826955759671863,0.9509176171435603,1.0
100,1,11,2026092821,0.45,0.375,0.0,0.025,0.025,0.01,0.01,none,1.0009235580927638,0.9933849560356643,1.0009661262921266,0.9906318019490146,0,0,0,0,0,0.0,2.714438108299155,0.9522224666169425,1.0
100,1,12,2026092822,0.45,0.375,0.0,0.025,0.025,0.01,0.01,none,1.0006687883235514,1.0045093038846287,1.0090688633985214,1.0006251964845165,0,0,0,0,0,0.0,2.786333144315777,0.9510015330045254,1.0
100,1,13,2026092823,0.45,0.375,0.0,0.025,0.025,0.01,0.01,none,1.005810752506736,1.0036229247280892,1.0096430694560548,1.0109654936644266,0,0,0,0,0,0.0,2.767461705422208,0.9511085435946682,1.0
100,1,14,2026092824,0.45,0.375,0.0,0.025,0.025,0.01,0.01,none,1.0012627430453747,0.9960649767179707,1.0088549793867239,1.0028868340620793,0,0,0,0,0,0.0,2.735636034036596,0.9521676048972708,1.0
100,1,15,2026092825,0.45,0.375,0.0,0.025,0.025,0.01,0.01,none,1.001483987734677,0.9949194636671788,0.9806991286497921,1.0061097771476464,0,0,0,0,0,0.0,2.5896211441515526,0.9525380732556304,1.0
100,1,16,2026092826,0.45,0.375,0.0,0.025,0.025,0.01,0.01,none,1.0038806277878052,1.007095480954477,0.9844045608143859,1.005345678370749,0,0,0,0,0,0.0,2.588522310286213,0.9528669861537994,1.0
100,1,17,2026092827,0.45,0.375,0.0,0.025,0.025,0.01,0.01,none,1.0054187122563805,1.0006277917524724,1.0164280692306862,1.0021810141240972,0,0,0,0,0,0.0,2.8305877296727986,0.9504779322791469,1.0
100,1,18,2026092828,0.45,0.375,0.0,0.025,0.025,0.01,0.01,none,1.0037680866040808,0.9992960271412388,1.002286949801614,0.9940590517223317,0,0,0,0,0,0.0,2.726903857043549,0.9516113813868311,1.0
100,1,19,2026092829,0.45,0.375,0.0,0.025,0.025,0.01,0.01,none,1.0044626564204457,0.9926663842553549,1.0150392503563541,1.003065510189911,0,0,0,0,0,0.0,2.823082918072349,0.950716513266612,1.0
100,2,0,2026093819,0.45,0.375,0.0,0.025,0.025,0.01,0.01,none,1.0017094018450496,1.0009802333312212,1.0059535915687832,0.9902345565196954,0,0,0,0,0,0.0,1.5552446554869108,0.9576953867257882,1.0012202253280555
100,2,1,2026093820,0.45,0.375,0.0,0.025,0.025,0.01,0.01,none,1.009544783977066,0.9998170048157289,0.9899716662098963,0.9810123854470594,0,0,0,0,0,0.0,1.499386504857835,0.9585247420955534,1.001193710371192
100,2,2,2026093821,0.45,0.375,0.0,0.025,0.025,0.01,0.01,none,0.9909777498307725,0.9990831290314577,1.0044120229614053,1.0229226985181443,0,0,0,0,0,0.0,1.5237501348369729,0.9583991869208209,1.0013928573251176
100,2,3,2026093822,0.45,0.375,0.0,0.025,0.025,0.01,0.01,none,0.9991657919988445,0.9992474377490744,1.0091712259394405,0.9910153295019879,0,0,0,0,0,0.0,1.590111977993157,0.9570915371394589,1.0011481025910884
100,2,4,2026093823,0.45,0.375,0.0,0.025,0.025,0.01,0.01,none,0.9959524788012436,1.0043415944723455,1.0006897187268529,1.0212483453602936,0,0,0,0,0,0.0,1.5572985449499852,0.9574582852880339,1.00137604778697
100,2,5,2026093824,0.45,0.375,0.0,0.025,0.025,0.01,0.01,none,1.0027857003741685,0.9943996245853289,0.9877316985154904,1.0133037231605357,0,0,0,0,0,0.0,1.5027691180452276,0.9581499338724435,1.0015599441768546
100,2,6,2026093825,0.45,0.375,0.0,0.025,0.025,0.01,0.01,none,1.0002129493534548,1.0008917230582843,1.010450806299082,0.9848876879989613,0,0,0,0,0,0.0,1.587368790427578,0.9577106833819764,1.0011255254342928
100,2,7,2026093826,0.45,0.375,0.0,0.025,0.025,0.01,0.01,none,1.0039400680775719,0.9982875417941741,0.9931536975088898,0.9946354172176924,0,0,0,0,0,0.0,1.5192835363860087,0.9579931107694477,1.001295858478334
100,2,8,2026093827,0.45,0.375,0.0,0.025,0.025,0.01,0.01,none,0.9970407406289489,0.998139839820811,1.0112460002011567,0.9956195663294103,0,0,0,0,0,0.0,1.5784500062377433,0.9575941381301758,1.0011846113700114
100,2,9,2026093828,0.45,0.375,0.0,0.025,0.025,0.01,0.01,none,1.0041955227867572,1.0043819097276223,1.0264190047594957,0.9982857282813039,0,0,0,0,0,0.0,1.6330973341746617,0.9572339354470698,1.0011196112958185
100,2,10,2026093829,0.45,0.375,0.0,0.025,0.025,0.01,0.01,none,0.9998600712191138,0.9973850739376794,0.9902415588022939,0.9965325064714189,0,0,0,0,0,0.0,1.5168102000161487,0.9579099854698736,1.001233295983882
100,2,11,2026093830,0.45,0.375,0.0,0.025,0.025,0.01,0.01,none,1.0043588314767016,0.9963476226934523,1.020621317587973,0.9777854753522033,0,0,0,0,0,0.0,1.635452672381968,0.9568846392056028,1.000952660127635
100,2,12,2026093831,0.45,0.375,0.0,0.025,0.025,0.01,0.01,none,0.9928755279173435,0.9949641249478618,1.0056070916791142,0.9870268349523005,0,0,0,0,0,0.0,1.5368022291713337,0.9583928826395927,1.0011419731761901
100,2,13,2026093832,0.45,0.375,0.0,0.025,0.025,0.01,0.01,none,1.0002824184659478,1.003786322742641,1.0140500636235008,1.0101632151505993,0,0,0,0,0,0.0,1.6001855354849708,0.9571039054386985,1.0012272175444026
100,2,14,2026093833,0.45,0.375,0.0,0.025,0.025,0.01,0.01,none,1.001151950053957,0.998067690115354,1.0119670622571801,1.0170346169582027,0,0,0,0,0,0.0,1.6103042371680656,0.956664496504428,1.0012198568812989
100,2,15,2026093834,0.45,0.375,0.0,0.025,0.025,0.01,0.01,none,0.9999287285576702,0.9965378276851363,0.9784521524989002,1.0093305839086875,0,0,0,0,0,0.0,1.4673798547758032,0.9583788921121817,1.0014521588364966
100,2,16,2026093835,0.45,0.375,0.0,0.025,0.025,0.01,0.01,none,0.9993737450629819,0.9932516954360837,1.0290632074117338,1.0010061800342134,0,0,0,0,0,0.0,1.651125617324172,0.9569835789735797,1.001173379166378
100,2,17,2026093836,0.45,0.375,0.0,0.025,0.025,0.01,0.01,none,0.9997556119322334,1.0056027708950162,1.0103429490449365,0.9966450656827247,0,0,0,0,0,0.0,1.588416577687911,0.957317304347985,1.0012052193981995
100,2,18,2026093837,0.45,0.375,0.0,0.025,0.025,0.01,0.01,none,1.0074111525179887,0.9950690256109469,1.0012701667996842,0.989166255540083,0,0,0,0,0,0.0,1.5540471685875024,0.9580368263242619,1.0011771427083382
100,2,19,2026093838,0.45,0.375,0.0,0.025,0.025,0.01,0.01,none,1.0014908767244726,1.0025508377575094,0.9968782993630688,1.001128476016857,0,0,0,0,0,0.0,1.5281067307982035,0.9581263288687408,1.0012184761812852
100,3,0,2026094828,0.45,0.375,0.0,0.025,0.025,0.01,0.01,none,0.995994099656802,0.9982291208020795,0.9973514350732786,0.9964124063149227,0,0,0,0,0,0.0,2.346997409221475,0.953821193317421,1.0
100,3,1,2026094829,0.45,0.375,0.0,0.025,0.025,0.01,0.01,none,1.0069883071603705,0.998424742115173,1.015572777446709,0.9982072901431093,0,0,0,0,0,0.0,2.472322188108277,0.9531398802116607,1.0
100,3,2,2026094830,0.45,0.375,0.0,0.025,0.025,0.01,0.01,none,1.0042872170743904,1.0021691860036934,1.009266888453263,1.0068407722750663,0,0,0,0,0,0.0,2.398590413379592,0.9534120742256211,1.0
100,3,3,2026094831,0.45,0.375,0.0,0.025,0.025,0.01,0.01,none,1.002302935189799,1.0027173266711236,0.9951670716889031,1.0154232760469357,0,0,0,0,0,0.0,2.3150944851256647,0.9538925237346055,1.0
100,3,4,2026094832,0.45,0.375,0.0,0.025,0.025,0.01,0.01,none,0.9965112006788482,1.0030576436656489,1.0101894324240972,0.9810069206414701,0,0,0,0,0,0.0,2.4130418637203555,0.9535236511215852,1.0
100,3,5,2026094833,0.45,0.375,0.0,0.025,0.025,0.01,0.01,none,1.0012579486164106,1.003880671369846,1.004820873165445,0.9996471216141476,0,0,0,0,0,0.0,2.4054766358532027,0.9532826567958441,1.0
100,3,6,2026094834,0.45,0.375,0.0,0.025,0.025,0.01,0.01,none,1.0072123168643325,1.002042214148006,0.995660876228586,1.0053994380215532,0,0,0,0,0,0.0,2.349066527606617,0.9536003429660044,1.0
100,3,7,2026094835,0.45,0.375,0.0,0.025,0.025,0.01,0.01,none,1.0002162154940895,0.9953594090972654,1.0127165911892941,1.0144413111410537,0,0,0,0,0,0.0,2.469162779523621,0.952454152011656,1.0
100,3,8,2026094836,0.45,0.375,0.0,0.025,0.025,0.01,0.01,none,1.0021674862928973,1.000232743239645,0.9982010431837514,1.0027267365194443,0,0,0,0,0,0.0,2.3678883898827765,0.9535490742732002,1.0
100,3,9,2026094837,0.45,0.375,0.0,0.025,0.025,0.01,0.01,none,1.006470559419096,1.0050319222427888,1.0090595420408173,0.994831556236228,0,0,0,0,0,0.0,2.4446479251476743,0.9529342993847367,1.0
100,3,10,2026094838,0.45,0.375,0.0,0.025,0.025,0.01,0.01,none,0.9943323347225586,0.9948975358907564,0.9871759626188281,1.0010317249080447,0,0,0,0,0,0.0,2.235370650060454,0.9544539031740414,1.0
100,3,11,2026094839,0.45,0.375,0.0,0.025,0.025,0.01,0.01,none,1.0018648741627885,1.0056202256343079,1.0164632930551938,1.0056743488238138,0,0,0,0,0,0.0,2.441039212873595,0.9533332573834586,1.0
100,3,12,2026094840,0.45,0.375,0.0,0.025,0.025,0.01,0.01,none,1.003348917825155,1.000164278377833,1.0041885294461617,0.9875188617202774,0,0,0,0,0,0.0,2.386163380399911,0.9533951182969505,1.0
100,3,13,2026094841,0.45,0.375,0.0,0.025,0.025,0.01,0.01,none,1.0022240056780942,0.998318409682852,1.0010492066444887,0.9899968544501364,0,0,0,0,0,0.0,2.38766999906536,0.9531109801815232,1.0
100,3,14,2026094842,0.45,0.375,0.0,0.025,0.025,0.01,0.01,none,1.0041024004731163,0.9980727588651596,0.9908855416000899,1.0125058645043392,0,0,0,0,0,0.0,2.2924708176668447,0.9543688062859762,1.0
100,3,15,2026094843,0.45,0.375,0.0,0.025,0.025,0.01,0.01,none,1.002275687253136,1.0020910140748969,1.0110756911687282,1.0014934022584856,0,0,0,0,0,0.0,2.415305025779684,0.9536865030278843,1.0
100,3,16,2026094844,0.45,0.375,0.0,0.025,0.025,0.01,0.01,none,1.002861962872932,0.9974236339664773,0.9830740022785808,0.9993603342945264,0,0,0,0,0,0.0,2.2768329787658668,0.9537563310227659,1.0
100,3,17,2026094845,0.45,0.375,0.0,0.025,0.025,0.01,0.01,none,0.9975719263810476,0.9944799858008382,1.011803989125519,0.9930148583851054,0,0,0,0,0,0.0,2.4086295318480953,0.9535683296777641,1.0
100,3,18,2026094846,0.45,0.375,0.0,0.025,0.025,0.01,0.01,none,0.9935689152855124,0.9938307462000718,0.9995411705372461,1.0026251581944015,0,0,0,0,0,0.0,2.3131656693898126,0.9545826961173001,1.0
100,3,19,2026094847,0.45,0.375,0.0,0.025,0.025,0.01,0.01,none,0.9987601181958926,0.9989377959431365,1.0150590380407745,1.0252675298822458,0,0,0,0,0,0.0,2.4415620909293714,0.9534674355160228,1.0
100,4,0,2026095837,0.45,0.375,0.0,0.025,0.025,0.01,0.01,none,1.0018284267494315,0.9956468971592514,1.002854347585068,0.9933172319937015,0,0,0,0,0,0.0,1.6409942518007938,0.9553128935990455,1.0088512485263639
100,4,1,2026095838,0.45,0.375,0.0,0.025,0.025,0.01,0.01,none,1.0011910622731197,1.0075221890069002,0.9904142687528026,0.9875831654943642,0,0,0,0,0,0.0,1.6308044401912316,0.9548899416187652,1.0086372971420172
100,4,2,2026095839,0.45,0.375,0.0,0.025,0.025,0.01,0.01,none,0.998934537060256,0.9967738406125469,0.9841786566311242,1.0030195458216713,0,0,0,0,0,0.0,1.5643770581441125,0.9563424914614248,1.009181519427869
100,4,3,2026095840,0.45,0.375,0.0,0.025,0.025,0.01,0.01,none,0.9962693386900409,0.9978169158416121,1.0114581166734697,0.9876683336830029,0,0,0,0,0,0.0,1.6919413762080153,0.9547792060270878,1.008679748183666
100,4,4,2026095841,0.45,0.375,0.0,0.025,0.025,0.01,0.01,none,1.0101210538916299,1.005574806374866,0.9880227536907182,1.0039570386790146,0,0,0,0,0,0.0,1.6258542745089177,0.9546755011118785,1.0096467916753924
100,4,5,2026095842,0.45,0.375,0.0,0.025,0.025,0.01,0.01,none,0.9977515066719089,0.994570877795502,1.0098666844174655,0.9882812039435253,0,0,0,0,0,0.0,1.6926217309722227,0.9547112260552729,1.0086380332262552
100,4,6,2026095843,0.45,0.375,0.0,0.025,0.025,0.01,0.01,none,1.0055628385467417,0.9999464215773983,0.9951697817264448,1.0041749441002366,0,0,0,0,0,0.0,1.654477953821585,0.9546488601633422,1.0089924935080603
100,4,7,2026095844,0.45,0.375,0.0,0.025,0.025,0.01,0.01,none,0.9910811918556813,1.0063855797479917,0.9990445067728804,1.0050322463076629,0,0,0,0,0,0.0,1.6215271376618814,0.9555949242754557,1.0089573560266754
100,4,8,2026095845,0.45,0.375,0.0,0.025,0.025,0.01,0.01,none,0.9962896299253511,1.0007972683402488,0.9960852658953118,0.983788375790262,0,0,0,0,0,0.0,1.6114403223739056,0.95567177916827,1.0086879880028676
100,4,9,2026095846,0.45,0.375,0.0,0.025,0.025,0.01,0.01,none,1.0079225701057093,0.9994372892314566,0.9966530006491326,0.9883047196542445,0,0,0,0,0,0.0,1.6219024206501644,0.9555389882833317,1.0091028814645782
100,4,10,2026095847,0.45,0.375,0.0,0.025,0.025,0.01,0.01,none,0.9902789615593022,1.0058644750842156,1.0150456513590265,1.016111278982278,0,0,0,0,0,0.0,1.694357103533782,0.9545413760940729,1.0090463799228873
100,4,11,2026095848,0.45,0.375,0.0,0.025,0.025,0.01,0.01,none,0.9990978130453638,0.9970172703456489,0.9872910835018694,1.00637598514844,0,0,0,0,0,0.0,1.5884447835581175,0.9554416018083556,1.009303755836986
100,4,12,2026095849,0.45,0.375,0.0,0.025,0.025,0.01,0.01,none,0.9973159557195856,0.9977031776451812,1.0037190062954586,1.0147551350386004,0,0,0,0,0,0.0,1.6391115765554714,0.9556190923753388,1.0091070366604369
100,4,13,2026095850,0.45,0.375,0.0,0.025,0.025,0.01,0.01,none,0.9983441052270671,1.0056445845426487,0.9831277259528304,1.0081456959192412,0,0,0,0,0,0.0,1.5610369776788178,0.9561109923123131,1.009440198585987
100,4,14,2026095851,0.45,0.375,0.0,0.025,0.025,0.01,0.01,none,1.0011704357723081,0.9933904612788906,1.0077978070342746,0.989950768029728,0,0,0,0,0,0.0,1.6672470776489101,0.9548939925653593,1.0087579156319693
100,4,15,2026095852,0.45,0.375,0.0,0.025,0.025,0.01,0.01,none,0.9987136672305076,1.0087813982664753,0.9816093260966285,0.9852580740053963,0,0,0,0,0,0.0,1.5883898909483873,0.9552806035823567,1.0087885636839604
100,4,16,2026095853,0.45,0.375,0.0,0.025,0.025,0.01,0.01,none,1.0019443284787009,1.0002802687345123,1.0012303764729804,0.9878151388403439,0,0,0,0,0,0.0,1.6701898236941564,0.9543725857290628,1.0086787681101952
100,4,17,2026095854,0.45,0.375,0.0,0.025,0.025,0.01,0.01,none,0.9974201166667459,0.9970665916825076,0.9893316557355258,0.9898622283880238,0,0,0,0,0,0.0,1.5930853250504227,0.9558523511302952,1.0089548613245782
100,4,18,2026095855,0.45,0.375,0.0,0.025,0.025,0.01,0.01,none,0.9992684508062397,0.9966173136656317,1.00233300762155,1.0108831600966184,0,0,0,0,0,0.0,1.6598677150155896,0.9547804859023993,1.0092503062731626
100,4,19,2026095856,0.45,0.375,0.0,0.025,0.025,0.01,0.01,none,0.9994475928991596,0.9955081062900325,1.0110142268319235,1.0138955830617655,0,0,0,0,0,0.0,1.670987948732393,0.9552077910719564,1.0093302571781144
100,5,0,2026096846,0.45,0.375,0.0,0.025,0.025,0.01,0.01,none,0.9992642032886292,0.9975882777263215,0.9823217467401177,0.9917090175999816,0,0,0,0,0,0.0,0.8306946309752146,0.9630669717968477,1.0066768812166316
100,5,1,2026096847,0.45,0.375,0.0,0.025,0.025,0.01,0.01,none,1.0057608662752733,0.9976137815671035,0.993531794220001,0.9986243923334233,0,0,0,0,0,0.0,0.8754068374906124,0.9622324329477445,1.0064118684992889
100,5,2,2026096848,0.45,0.375,0.0,0.025,0.025,0.01,0.01,none,1.0047181861276795,0.9982161582275019,0.9817482973248981,0.9916023492107897,0,0,0,0,0,0.0,0.8408943524870459,0.9629202877291676,1.0067161971436298
100,5,3,2026096849,0.45,0.375,0.0,0.025,0.025,0.01,0.01,none,0.998485802750762,0.9994452623877587,0.9997010291846475,0.995361680553246,0,0,0,0,0,0.0,0.8488941246514984,0.9633641366412612,1.0063112309560727
100,5,4,2026096850,0.45,0.375,0.0,0.025,0.025,0.01,0.01,none,0.9981893266008879,0.9988841301367549,1.0024254257692835,1.0086535016860936,0,0,0,0,0,0.0,0.8748064565983962,0.9626520665112364,1.0066881087959865
100,5,5,2026096851,0.45,0.375,0.0,0.025,0.025,0.01,0.01,none,1.0004440082859027,1.0050789694670743,0.9872829936625742,1.010441101177708,0,0,0,0,0,0.0,0.8436420522806767,0.963138712719667,1.0067613927727674
100,5,6,2026096852,0.45,0.375,0.0,0.025,0.025,0.01,0.01,none,1.0047353316147798,1.0037006562548036,1.026491095261321,0.9944778779165155,0,0,0,0,0,0.0,0.9074502066270331,0.9628495017823773,1.006374128125459
100,5,7,2026096853,0.45,0.375,0.0,0.025,0.025,0.01,0.01,none,1.004879044470345,0.9929315278881814,1.0087030039823128,0.9850656568622604,0,0,0,0,0,0.0,0.8805937701911429,0.9630007234117921,1.006354291966408
100,5,8,2026096854,0.45,0.375,0.0,0.025,0.025,0.01,0.01,none,1.006957443041072,0.9975909350735098,1.0014381108104435,0.9989064236328243,0,0,0,0,0,0.0,0.8735810815906713,0.9629529385669988,1.0066263333380516
100,5,9,2026096855,0.45,0.375,0.0,0.025,0.025,0.01,0.01,none,1.0024967978541055,0.9962631529453998,1.0201347682686313,1.0155789461328175,0,0,0,0,0,0.0,0.8991046547258341,0.9629244196480278,1.0065180070569197
100,5,10,2026096856,0.45,0.375,0.0,0.025,0.025,0.01,0.01,none,0.9978553992877071,0.9949349493911518,1.015148734497705,1.0082997760619978,0,0,0,0,0,0.0,0.8968359716487113,0.9627196894889202,1.0067058341215989
100,5,11,2026096857,0.45,0.375,0.0,0.025,0.025,0.01,0.01,none,0.9980813938731606,0.9985070920227365,0.994236013667889,0.9902672908644139,0,0,0,0,0,0.0,0.8464808713718297,0.9632452065541881,1.0063678936098879
100,5,12,2026096858,0.45,0.375,0.0,0.025,0.025,0.01,0.01,none,1.0006583241974072,0.997455601939568,0.9892760894064638,0.9899591839520745,0,0,0,0,0,0.0,0.8510830028029653,0.9627780533105585,1.006502087000732
100,5,13,2026096859,0.45,0.375,0.0,0.025,0.025,0.01,0.01,none,0.9970234629466862,1.0009411812509033,0.9900340412887454,1.0002202432637222,0,0,0,0,0,0.0,0.8376437800808029,0.9629531220034341,1.0064483200146546
100,5,14,2026096860,0.45,0.375,0.0,0.025,0.025,0.01,0.01,none,1.0018658548312038,0.9969183012037661,0.9991414773340915,1.0009971311623134,0,0,0,0,0,0.0,0.8688353760482556,0.9625831324827833,1.0065718326822797
100,5,15,2026096861,0.45,0.375,0.0,0.025,0.025,0.01,0.01,none,0.994442038816101,1.0007778545293582,0.9950057518544239,1.0011898906341312,0,0,0,0,0,0.0,0.8616629761626895,0.9627276357599246,1.0064963934112707
100,5,16,2026096862,0.45,0.375,0.0,0.025,0.025,0.01,0.01,none,0.9991983165778456,1.0016829885388845,1.0009813677266008,0.9933052217000115,0,0,0,0,0,0.0,0.8668365856151805,0.9629432224254469,1.006525336957791
100,5,17,2026096863,0.45,0.375,0.0,0.025,0.025,0.01,0.01,none,1.0030683771430662,0.9918048490791301,1.0052381115778828,1.01463447731019,0,0,0,0,0,0.0,0.8710915153229064,0.9630361181366733,1.0064580239914804
100,5,18,2026096864,0.45,0.375,0.0,0.025,0.025,0.01,0.01,none,0.9982965835668093,0.9977446114539127,1.0118922285052379,1.0015820488359215,0,0,0,0,0,0.0,0.8771861193301103,0.9631470555645476,1.0064663059678025
100,5,19,2026096865,0.45,0.375,0.0,0.025,0.025,0.01,0.01,none,1.0111144768922289,0.9946679712431766,1.0059848049988438,0.9839850552412279,0,0,0,0,0,0.0,0.8881514876878547,0.9624828025348956,1.0063863834600175
100,6,0,2026097855,0.45,0.375,0.0,0.025,0.025,0.01,0.01,none,0.9934101298871133,0.9996401207461071,1.002226436819597,0.9851584895238695,0,0,0,0,0,0.0,1.3800563158627495,0.9610092170237764,1.0067681301205118
100,6,1,2026097856,0.45,0.375,0.0,0.025,0.025,0.01,0.01,none,0.9995683355973305,0.9990681638119252,0.9971511664797832,0.9906269699192819,0,0,0,0,0,0.0,1.3869853726015395,0.9607010062264458,1.0068741107801842
100,6,2,2026097857,0.45,0.375,0.0,0.025,0.025,0.01,0.01,none,1.0046208552060798,0.9994703452365641,0.9838091969584706,0.986883767806144,0,0,0,0,0,0.0,1.3307437655801235,0.9612654381728154,1.0070738982247467
100,6,3,2026097858,0.45,0.375,0.0,0.025,0.025,0.01,0.01,none,1.0019164111350083,0.9973312477763854,0.9887989701888714,0.9914423588663798,0,0,0,0,0,0.0,1.3557470058689545,0.9609402028259693,1.0069583296504703
100,6,4,2026097859,0.45,0.375,0.0,0.025,0.025,0.01,0.01,none,0.9987290398743806,0.9983963381576676,0.9832592161970484,0.9905544320598145,0,0,0,0,0,0.0,1.3587405210769639,0.960415109507322,1.0070746376859927
100,6,5,2026097860,0.45,0.375,0.0,0.025,0.025,0.01,0.01,none,0.9950513627671033,0.9986023386718405,1.0071347871247107,0.9979372359777777,0,0,0,0,0,0.0,1.4119944341200974,0.9604624788687358,1.006934591329588
100,6,6,2026097861,0.45,0.375,0.0,0.025,0.025,0.01,0.01,none,0.9946333982520547,1.0008393100717698,0.9980137789765058,1.0004783820755692,0,0,0,0,0,0.0,1.370110821560463,0.9610404308070818,1.0070841687472085
100,6,7,2026097862,0.45,0.375,0.0,0.025,0.025,0.01,0.01,none,1.0011579631417136,1.0000729143030491,0.9928532441318763,0.998216036837934,0,0,0,0,0,0.0,1.3664478098589656,0.9608181627256694,1.0072367178600814
100,6,8,2026097863,0.45,0.375,0.0,0.025,0.025,0.01,0.01,none,1.0007213484988784,1.0030600221235964,0.9930087980340865,0.9972218694632349,0,0,0,0,0,0.0,1.371783475124111,0.9605857255256326,1.007101946993359
100,6,9,2026097864,0.45,0.375,0.0,0.025,0.025,0.01,0.01,none,0.9938439974043347,1.0056883858176995,1.0033153927400256,1.0157876337563465,0,0,0,0,0,0.0,1.3946427025878336,0.9603674154728511,1.007199932501724
100,6,10,2026097865,0.45,0.375,0.0,0.025,0.025,0.01,0.01,none,0.9969995805124509,0.9991291213998408,1.0010239795345628,1.0136140536775788,0,0,0,0,0,0.0,1.387539793595329,0.9606447028990859,1.0071934270862508
100,6,11,2026097866,0.45,0.375,0.0,0.025,0.025,0.01,0.01,none,1.0019348253360512,0.9924367395746432,0.9889033770388224,1.00533242980406,0,0,0,0,0,0.0,1.3647534706544178,0.9606129013466921,1.0069819770176034
100,6,12,2026097867,0.45,0.375,0.0,0.025,0.025,0.01,0.01,none,0.9945937338772748,1.0004446335066004,0.9998187275214195,0.9906533553551702,0,0,0,0,0,0.0,1.3876937768762923,0.9607852604086948,1.006694010075414
100,6,13,2026097868,0.45,0.375,0.0,0.025,0.025,0.01,0.01,none,0.9974756870275083,1.0002694174505555,1.0165971652807384,1.016623853752507,0,0,0,0,0,0.0,1.449713785598681,0.9598105425302315,1.0070038656384261
100,6,14,2026097869,0.45,0.375,0.0,0.025,0.025,0.01,0.01,none,1.0005245679322825,1.000498182055986,0.995972308762945,0.99328498482505,0,0,0,0,0,0.0,1.3641714553890054,0.9609215631125272,1.006865660917424
100,6,15,2026097870,0.45,0.375,0.0,0.025,0.025,0.01,0.01,none,1.0040401901777607,1.0034793314577881,0.9932235380594296,1.0086597921219609,0,0,0,0,0,0.0,1.3713350815412615,0.9605732447968792,1.0070499258740133
100,6,16,2026097871,0.45,0.375,0.0,0.025,0.025,0.01,0.01,none,1.0011163572004855,0.997510116818999,0.9830180466468446,0.986049084059316,0,0,0,0,0,0.0,1.3365463442811543,0.9610427274399206,1.0070251058985227
100,6,17,2026097872,0.45,0.375,0.0,0.025,0.025,0.01,0.01,none,1.0016498144884258,1.0037094719399695,0.995602862060141,0.9912289257597735,0,0,0,0,0,0.0,1.3869478363997363,0.9603937759935585,1.007030480110621
100,6,18,2026097873,0.45,0.375,0.0,0.025,0.025,0.01,0.01,none,1.0032531135918061,0.995048293272568,0.9904346527353521,1.0059782594596665,0,0,0,0,0,0.0,1.3676963311588342,0.960657467306214,1.0071068522412294
100,6,19,2026097874,0.45,0.375,0.0,0.025,0.025,0.01,0.01,none,0.9974947804899739,0.9993547284943997,1.0197837772446032,0.991163684957692,0,0,0,0,0,0.0,1.4688992225941149,0.959856219375819,1.0066331140639124
100,7,0,2026098864,0.45,0.375,0.0,0.025,0.025,0.01,0.01,none,0.9956534335432492,1.003892853894669,1.0009242410708055,0.998934206085506,0,0,0,0,0,0.0,0.8354684866123424,0.9629734648783619,1.0050862787075994
100,7,1,2026098865,0.45,0.375,0.0,0.025,0.025,0.01,0.01,none,1.0043452014772678,1.0029901671017,1.008688150909936,0.9950110197222918,0,0,0,0,0,0.0,0.859130891628666,0.9626128918631792,1.0049998294214586
100,7,2,2026098866,0.45,0.375,0.0,0.025,0.025,0.01,0.01,none,1.0034122098621814,0.9996677606879892,0.9884769683934115,0.9959433009931453,0,0,0,0,0,0.0,0.8200748034416566,0.9626868012844381,1.005168027464086
100,7,3,2026098867,0.45,0.375,0.0,0.025,0.025,0.01,0.01,none,0.9994846328760072,1.0080635658778232,0.9984740091675577,1.0002458652457427,0,0,0,0,0,0.0,0.8338100380411537,0.9628571317672302,1.0050744561773188
100,7,4,2026098868,0.45,0.375,0.0,0.025,0.025,0.01,0.01,none,1.0047358473969135,0.9962747660311483,0.9980850919514362,1.0140080207739652,0,0,0,0,0,0.0,0.8345681212306008,0.9628649802705163,1.005283301696293
100,7,5,2026098869,0.45,0.375,0.0,0.025,0.025,0.01,0.01,none,0.9995364559877797,1.0034919085697305,0.9935860174252885,0.9864973729577272,0,0,0,0,0,0.0,0.8256158563933608,0.962751240929969,1.0051782016502586
100,7,6,2026098870,0.45,0.375,0.0,0.025,0.025,0.01,0.01,none,0.9981391546289868,1.0043422633419081,0.9931288102892304,1.0087331796030008,0,0,0,0,0,0.0,0.8378802437297241,0.9626670750838587,1.0052404573190064
100,7,7,2026098871,0.45,0.375,0.0,0.025,0.025,0.01,0.01,none,1.0026006973247494,1.0073728797490347,0.9869154000119289,1.0085848079169717,0,0,0,0,0,0.0,0.812036005274473,0.9630792501409688,1.0052946113087085
100,7,8,2026098872,0.45,0.375,0.0,0.025,0.025,0.01,0.01,none,1.0030598735909988,1.0018291811822122,1.0034542167607492,1.0107091018154333,0,0,0,0,0,0.0,0.8449332245799014,0.9626509809012048,1.005324195352946
100,7,9,2026098873,0.45,0.375,0.0,0.025,0.025,0.01,0.01,none,0.9981776093483895,1.0025354286405115,0.9951565380028881,1.020703791615698,0,0,0,0,0,0.0,0.8283914998763694,0.963043433079656,1.0054604773486984
100,7,10,2026098874,0.45,0.375,0.0,0.025,0.025,0.01,0.01,none,0.997424749421295,1.0030335640393504,0.9787534724073867,1.0013406960746027,0,0,0,0,0,0.0,0.8059060599049531,0.962771679894695,1.0052511290458779
100,7,11,2026098875,0.45,0.375,0.0,0.025,0.025,0.01,0.01,none,1.0000368616856512,0.9998441646511248,0.9935526499829319,0.9968473914971525,0,0,0,0,0,0.0,0.8207520975591746,0.9631658843019975,1.0051665291055745
100,7,12,2026098876,0.45,0.375,0.0,0.025,0.025,0.01,0.01,none,1.0017454095074179,1.0059579361314517,1.0051955421984573,1.0031508070429327,0,0,0,0,0,0.0,0.8548338600020063,0.9624137489788991,1.0051729594725465
100,7,13,2026098877,0.45,0.375,0.0,0.025,0.025,0.01,0.01,none,0.991210189415391,0.9985252790740489,0.9997638935619056,1.0047463510304977,0,0,0,0,0,0.0,0.8263353940451834,0.963244130622722,1.0050501265184288
100,7,14,2026098878,0.45,0.375,0.0,0.025,0.025,0.01,0.01,none,0.9989277657811102,0.9999266510444713,1.0032463201638548,0.9930749548435492,0,0,0,0,0,0.0,0.8499354306639453,0.9625806074906297,1.0048264944930065
100,7,15,2026098879,0.45,0.375,0.0,0.025,0.025,0.01,0.01,none,0.9963784558738534,0.993466451608626,0.9941020822069586,0.9990446770729181,0,0,0,0,0,0.0,0.8317763271461363,0.962921752471585,1.0051792038684282
100,7,16,2026098880,0.45,0.375,0.0,0.025,0.025,0.01,0.01,none,1.0027993423921349,0.9946392588811588,0.9964370323888898,0.970874610191201,0,0,0,0,0,0.0,0.8433699209631719,0.9626707201950383,1.0048474506501073
100,7,17,2026098881,0.45,0.375,0.0,0.025,0.025,0.01,0.01,none,0.9953084291444151,1.002445400110482,0.9938396518393894,1.0036174945834762,0,0,0,0,0,0.0,0.8275422956799847,0.9630518050251686,1.0051778863690803
100,7,18,2026098882,0.45,0.375,0.0,0.025,0.025,0.01,0.01,none,1.0015179298074837,1.0039842167665844,0.9893057546075875,1.0161539363986585,0,0,0,0,0,0.0,0.8203232829156848,0.9628013510731652,1.005656002331744
100,7,19,2026098883,0.45,0.375,0.0,0.025,0.025,0.01,0.01,none,0.9955128116268159,1.0080067609647092,0.9890845835274013,1.0038301317030824,0,0,0,0,0,0.0,0.8353782993808707,0.962428947736832,1.005204554948023
100,8,0,2026099873,0.45,0.375,0.0,0.025,0.025,0.01,0.01,none,1.0080689801862563,0.9969545475764205,1.0058748129413688,1.0283500711738707,0,0,0,0,0,0.0,1.2769480481712585,0.9616910599333178,1.0137363836292796
100,8,1,2026099874,0.45,0.375,0.0,0.025,0.025,0.01,0.01,none,0.9922866371308556,1.003214680480506,1.01107581258145,1.003181717379724,0,0,0,0,0,0.0,1.2765978841161716,0.9614986997523353,1.0116273835288332
100,8,2,2026099875,0.45,0.375,0.0,0.025,0.025,0.01,0.01,none,0.9955960382942842,1.0006909690962005,1.0030366433667743,1.0007164457542692,0,0,0,0,0,0.0,1.2582669065379362,0.9616577082107604,1.0118212647397042
100,8,3,2026099876,0.45,0.375,0.0,0.025,0.025,0.01,0.01,none,1.003900305532597,1.0075032073200882,1.006854021228607,0.971271649176001,0,0,0,0,0,0.0,1.2914429178108122,0.9608311599300752,1.0104397496637982
100,8,4,2026099877,0.45,0.375,0.0,0.025,0.025,0.01,0.01,none,1.0034179483992531,1.005142947913247,1.0085967563258296,0.992865296136787,0,0,0,0,0,0.0,1.2873267453191448,0.9610675893221728,1.0113253207762165
100,8,5,2026099878,0.45,0.375,0.0,0.025,0.025,0.01,0.01,none,1.000837292184229,1.004568658315477,1.0039143811099447,0.9922726542609436,0,0,0,0,0,0.0,1.2478869324434834,0.9621101578417924,1.011562755622581
100,8,6,2026099879,0.45,0.375,0.0,0.025,0.025,0.01,0.01,none,0.9953483104916808,0.9963505489948545,1.0199744445697008,0.9961902279961488,0,0,0,0,0,0.0,1.312039239772039,0.960813108526241,1.0107751417777602
100,8,7,2026099880,0.45,0.375,0.0,0.025,0.025,0.01,0.01,none,0.9931044672830517,0.9954603083870591,1.0042062464199164,0.9966191868667332,0,0,0,0,0,0.0,1.2718108349795316,0.9614241313416629,1.0111260909801287
100,8,8,2026099881,0.45,0.375,0.0,0.025,0.025,0.01,0.01,none,0.9967939298596664,0.9961559952117888,0.9958395781158016,1.012657110535209,0,0,0,0,0,0.0,1.2445136697827817,0.9616293735781454,1.0120045193313207
100,8,9,2026099882,0.45,0.375,0.0,0.025,0.025,0.01,0.01,none,1.0003275365156397,0.9998225851092549,0.9952303522609119,1.0111996049967635,0,0,0,0,0,0.0,1.2637513700605911,0.9611902608661144,1.0119428740901033
100,8,10,2026099883,0.45,0.375,0.0,0.025,0.025,0.01,0.01,none,0.9979747801053286,1.0079377180305893,0.9887964799903003,0.989787988181094,0,0,0,0,0,0.0,1.226735672959538,0.9618469400452296,1.0112329863046317
100,8,11,2026099884,0.45,0.375,0.0,0.025,0.025,0.01,0.01,none,0.9993319970397468,1.0060642589256061,0.9934001639680657,1.0093660060174021,0,0,0,0,0,0.0,1.2462447843260969,0.9616075387405719,1.0124173090175244
100,8,12,2026099885,0.45,0.375,0.0,0.025,0.025,0.01,0.01,none,1.0090455589720952,1.0024323366385364,1.0175014487426899,0.9989264285036565,0,0,0,0,0,0.0,1.3298630667196316,0.9602138539553532,1.0110397817321892
100,8,13,2026099886,0.45,0.375,0.0,0.025,0.025,0.01,0.01,none,1.0060901880683981,1.0003789368952931,1.0023821221240583,0.9982825261604535,0,0,0,0,0,0.0,1.2889368088599082,0.9607015959866925,1.0112403304275843
100,8,14,2026099887,0.45,0.375,0.0,0.025,0.025,0.01,0.01,none,0.9950723119062144,0.9931577904330217,0.9832876526170344,1.003921035771058,0,0,0,0,0,0.0,1.2258263609570528,0.9616307925920511,1.0115721674013927
100,8,15,2026099888,0.45,0.375,0.0,0.025,0.025,0.01,0.01,none,1.0040418936199054,0.9972153723679317,1.0267455667784446,0.9860953254645101,0,0,0,0,0,0.0,1.3342102879649465,0.9605107604860754,1.0108536518283036
100,8,16,2026099889,0.45,0.375,0.0,0.025,0.025,0.01,0.01,none,0.9954932570707893,0.9954821579393179,1.0045408991906881,1.0033990246702786,0,0,0,0,0,0.0,1.2696867274732957,0.9615471948987765,1.0113398168458283
100,8,17,2026099890,0.45,0.375,0.0,0.025,0.025,0.01,0.01,none,0.9978589081041267,1.0027736953276587,0.9992958623941075,0.9904122317807211,0,0,0,0,0,0.0,1.269424972740982,0.9610498604570189,1.0108680952806737
100,8,18,2026099891,0.45,0.375,0.0,0.025,0.025,0.01,0.01,none,0.9916108293443632,0.9924082073347449,0.9984555525511809,0.9834545137876602,0,0,0,0,0,0.0,1.2366712468737946,0.9620581204001579,1.0108745516724076
100,8,19,2026099892,0.45,0.375,0.0,0.025,0.025,0.01,0.01,none,0.9948324442555265,1.0013593062596742,0.998675886190105,1.0034361384667707,0,0,0,0,0,0.0,1.2369221137633328,0.962182837856781,1.0116352824694461
100,9,0,2026100882,0.45,0.375,0.0,0.025,0.025,0.01,0.01,none,0.9975568699278522,1.0027488531338404,1.0076401520105396,1.0151529970777422,0,0,0,0,0,0.0,0.9002447738316512,0.9633483425779897,1.0099335403691287
100,9,1,2026100883,0.45,0.375,0.0,0.025,0.025,0.01,0.01,none,0.9982618373807407,1.0016685121248257,1.00161840399178,1.0064415522878127,0,0,0,0,0,0.0,0.8961177795368279,0.9630567103158029,1.0097920096868214
100,9,2,2026100884,0.45,0.375,0.0,0.025,0.025,0.01,0.01,none,1.004098406919477,0.9981465064287015,1.00485861384671,0.9964992014794136,0,0,0,0,0,0.0,0.9011924485949964,0.9632194383505966,1.0098654502313735
100,9,3,2026100885,0.45,0.375,0.0,0.025,0.025,0.01,0.01,none,1.0011547920268071,0.9987833425908638,0.9944914197698858,1.0158679355259563,0,0,0,0,0,0.0,0.8779047123631268,0.9634640272247612,1.01035992623386
100,9,4,2026100886,0.45,0.375,0.0,0.025,0.025,0.01,0.01,none,1.0011119771558932,0.9936160137326393,1.006426013505373,0.9932098147654352,0,0,0,0,0,0.0,0.9085202383370017,0.9629290850150841,1.0097162557407466
100,9,5,2026100887,0.45,0.375,0.0,0.025,0.025,0.01,0.01,none,1.0043534370967848,1.003520043225168,0.9907356570762472,1.0129600344793213,0,0,0,0,0,0.0,0.8666843248142772,0.9635058572386542,1.0102975143017983
100,9,6,2026100888,0.45,0.375,0.0,0.025,0.025,0.01,0.01,none,1.0038886184887093,1.0066848711684364,0.9811275242462676,0.9828073722401974,0,0,0,0,0,0.0,0.8682366713574763,0.9632844225408946,1.0098430077624525
100,9,7,2026100889,0.45,0.375,0.0,0.025,0.025,0.01,0.01,none,1.0035652935235952,0.994848249742027,1.0085144882489776,0.9950624222280484,0,0,0,0,0,0.0,0.9088942594373296,0.9631449675610245,1.009700173178648
100,9,8,2026100890,0.45,0.375,0.0,0.025,0.025,0.01,0.01,none,0.9974861088965586,0.9954123013885376,1.0045847353341744,1.0004353327781945,0,0,0,0,0,0.0,0.8892735601750841,0.9634990128580326,1.0096331593475616
100,9,9,2026100891,0.45,0.375,0.0,0.025,0.025,0.01,0.01,none,1.002636604525862,0.9965629492173917,1.0057419282879618,0.9894775919725971,0,0,0,0,0,0.0,0.903591796594786,0.9628956959189043,1.0095326511151383
100,9,10,2026100892,0.45,0.375,0.0,0.025,0.025,0.01,0.01,none,0.9961204691196489,1.0066234640162233,1.007269340587074,1.0143064939323299,0,0,0,0,0,0.0,0.8960152536506969,0.963215286175569,1.0103196904394618
100,9,11,2026100893,0.45,0.375,0.0,0.025,0.025,0.01,0.01,none,0.994111537907344,1.0010240023977155,1.0027729719201792,0.9921225907799076,0,0,0,0,0,0.0,0.8784152871945937,0.9638214737075834,1.0094188404988624
100,9,12,2026100894,0.45,0.375,0.0,0.025,0.025,0.01,0.01,none,1.0069837217302617,1.0056522728091977,1.0056298188974622,0.9943082445557484,0,0,0,0,0,0.0,0.9018562678976693,0.963059736047184,1.0097975122010485
100,9,13,2026100895,0.45,0.375,0.0,0.025,0.025,0.01,0.01,none,1.0003669758902534,1.000037462179935,1.0169219190537024,1.0012761934084338,0,0,0,0,0,0.0,0.9206105560641795,0.9632575331482315,1.009788547860855
100,9,14,2026100896,0.45,0.375,0.0,0.025,0.025,0.01,0.01,none,1.0006138692674171,1.0026511434691994,1.0092671156603903,1.0064000226838814,0,0,0,0,0,0.0,0.9178623202355689,0.9629269922083676,1.0097167555635675
100,9,15,2026100897,0.45,0.375,0.0,0.025,0.025,0.01,0.01,none,1.0011689051404717,1.0027843789220205,1.011038271648309,0.9966659951818228,0,0,0,0,0,0.0,0.9166555515437579,0.9629625046391572,1.009915484926163
100,9,16,2026100898,0.45,0.375,0.0,0.025,0.025,0.01,0.01,none,0.9972328732507453,0.9979986885408008,1.0043375855104846,1.0009412552803951,0,0,0,0,0,0.0,0.8930851574501201,0.9632180931689117,1.009513880225919
100,9,17,2026100899,0.45,0.375,0.0,0.025,0.025,0.01,0.01,none,1.002683079990981,0.9989659852618268,1.010320765174493,0.9978247310477252,0,0,0,0,0,0.0,0.8994592599129292,0.9634132374121588,1.0099553216234816
100,9,18,2026100900,0.45,0.375,0.0,0.025,0.025,0.01,0.01,none,1.004754436814671,1.001525476297162,0.9969037652251674,1.0153878442637914,0,0,0,0,0,0.0,0.8824559015234007,0.9633129599335387,1.010102711496155
100,9,19,2026100901,0.45,0.375,0.0,0.025,0.025,0.01,0.01,none,0.9981671796563019,1.0014949012726189,1.0078110140034398,1.0163250784569766,0,0,0,0,0,0.0,0.901887633246452,0.9630057143179193,1.009903984149406
100,10,0,2026101891,0.45,0.375,0.0,0.025,0.025,0.01,0.01,none,1.001843746503383,1.008279393402463,0.9968971397932802,0.9915948469217385,0,0,0,0,0,0.0,0.8734881602675445,0.9629927987053983,1.0077363182233066
100,10,1,2026101892,0.45,0.375,0.0,0.025,0.025,0.01,0.01,none,0.9984412123806049,1.0002873928155178,0.9928681325156955,1.005065462449367,0,0,0,0,0,0.0,0.8677854687877128,0.9626910667719402,1.0075224870416883
100,10,2,2026101893,0.45,0.375,0.0,0.025,0.025,0.01,0.01,none,1.004648595981927,0.9946444408918599,0.9918508116202323,0.9956228954149209,0,0,0,0,0,0.0,0.8498194839091109,0.9637320962689431,1.0078560877131197
100,10,3,2026101894,0.45,0.375,0.0,0.025,0.025,0.01,0.01,none,1.0106939639313748,0.9941452646365032,0.9988123430123943,0.9986406043578777,0,0,0,0,0,0.0,0.8658167204053611,0.9631468911391816,1.0078599107756476
100,10,4,2026101895,0.45,0.375,0.0,0.025,0.025,0.01,0.01,none,1.0016104627691582,0.9956124588559897,0.9940593862147724,1.0029191408665645,0,0,0,0,0,0.0,0.8627708052136043,0.9632546421322861,1.0076781218979702
100,10,5,2026101896,0.45,0.375,0.0,0.025,0.025,0.01,0.01,none,1.0045591076403664,0.9978497802797656,1.011188235040859,1.0102770868614628,0,0,0,0,0,0.0,0.8949917721689241,0.9629208808562391,1.0078789947337994
100,10,6,2026101897,0.45,0.375,0.0,0.025,0.025,0.01,0.01,none,1.0061827465975843,0.9972600503712701,0.9965363921231333,1.003764761291831,0,0,0,0,0,0.0,0.8583086955258732,0.9633313902743078,1.0076633058173834
100,10,7,2026101898,0.45,0.375,0.0,0.025,0.025,0.01,0.01,none,0.9962079968286446,0.9978560579340428,1.0076429464700103,0.9943770504156085,0,0,0,0,0,0.0,0.8754403468364663,0.9635839007897605,1.0074772292637082
100,10,8,2026101899,0.45,0.375,0.0,0.025,0.025,0.01,0.01,none,0.9999050171820398,0.9932513143958059,0.9975915678054854,0.9960353221667434,0,0,0,0,0,0.0,0.8555021603565692,0.9634803778790196,1.0076345670477982
100,10,9,2026101900,0.45,0.375,0.0,0.025,0.025,0.01,0.01,none,0.9954934936845125,1.0014910237596915,1.018176587234988,0.988752015867632,0,0,0,0,0,0.0,0.8975566565151518,0.9632627809127171,1.0073462394712704
100,10,10,2026101901,0.45,0.375,0.0,0.025,0.025,0.01,0.01,none,0.9965985553829502,1.0052512302661991,1.0081652994867034,0.9950994655523029,0,0,0,0,0,0.0,0.8760363724939217,0.9633249996669351,1.007431643663459
100,10,11,2026101902,0.45,0.375,0.0,0.025,0.025,0.01,0.01,none,1.0004092974718062,0.9979814112466731,0.9925517613182939,1.0073127507597797,0,0,0,0,0,0.0,0.8540061909017488,0.9637204117098638,1.0080301068885216
100,10,12,2026101903,0.45,0.375,0.0,0.025,0.025,0.01,0.01,none,0.9986435157816043,1.0022020444218047,0.9905088943719635,1.0113162410930483,0,0,0,0,0,0.0,0.8488442916789067,0.9634137279051309,1.008061307343396
100,10,13,2026101904,0.45,0.375,0.0,0.025,0.025,0.01,0.01,none,0.9998341078603954,0.9998605549477938,1.012251069122894,1.0038205095082167,0,0,0,0,0,0.0,0.8843431021796596,0.9633515411520562,1.0078098013412493
100,10,14,2026101905,0.45,0.375,0.0,0.025,0.025,0.01,0.01,none,1.003816402506175,0.9993256938646748,1.0012742328402982,1.0059699375277151,0,0,0,0,0,0.0,0.8663974520623222,0.9633846694134561,1.0077467882294255
100,10,15,2026101906,0.45,0.375,0.0,0.025,0.025,0.01,0.01,none,1.0039682317299354,0.9987480320440277,1.004119395128138,1.0110621346878141,0,0,0,0,0,0.0,0.8733154692171533,0.963101518124529,1.0079359088164108
100,10,16,2026101907,0.45,0.375,0.0,0.025,0.025,0.01,0.01,none,0.9963228266968723,0.9963224465140883,0.9951626489946973,0.9945285896731866,0,0,0,0,0,0.0,0.8480966918792343,0.9636943501861759,1.0078398403843247
100,10,17,2026101908,0.45,0.375,0.0,0.025,0.025,0.01,0.01,none,1.0024001029755474,1.004916583804982,1.0082177391992924,0.9884624438842696,0,0,0,0,0,0.0,0.8783724875386328,0.9632189959392674,1.0072264217812374
100,10,18,2026101909,0.45,0.375,0.0,0.025,0.025,0.01,0.01,none,0.9929968947774543,0.9983870741580908,1.0031425267419092,1.0039570789711323,0,0,0,0,0,0.0,0.858960858012449,0.9635512864653405,1.0076265061574587
100,10,19,2026101910,0.45,0.375,0.0,0.025,0.025,0.01,0.01,none,0.9979533163734617,0.9999870380508737,1.0040769957440348,0.9597058794153424,0,0,0,0,0,0.0,0.8700377666979189,0.9633493345166706,1.0069801688774065
100,11,0,2026102900,0.45,0.375,0.0,0.025,0.025,0.01,0.01,none,0.9930851568967949,1.011264710582443,1.0189126337901278,1.0227254672795296,0,0,0,0,0,0.0,1.3603540618742382,0.9596473327287851,1.0154261610953492
100,11,1,2026102901,0.45,0.375,0.0,0.025,0.025,0.01,0.01,none,0.9949347195847299,1.0054571041929878,0.9763435666076977,0.9829840818571787,0,0,0,0,0,0.0,1.2281459730577333,0.9618256643334676,1.0147914499430901
100,11,2,2026102902,0.45,0.375,0.0,0.025,0.025,0.01,0.01,none,1.0050675892696463,0.9986137904561508,0.9887758981568597,0.9880158659431535,0,0,0,0,0,0.0,1.2814426368623837,0.9608528223389702,1.0148528016557878
100,11,3,2026102903,0.45,0.375,0.0,0.025,0.025,0.01,0.01,none,0.9965744211768045,1.0014459014073167,0.9859917652542476,1.0038075268979376,0,0,0,0,0,0.0,1.252052304649825,0.9614974653652923,1.0157371618572875
100,11,4,2026102904,0.45,0.375,0.0,0.025,0.025,0.01,0.01,none,0.9950809663470673,0.9993006961018323,1.0085535139863089,1.0186731503086182,0,0,0,0,0,0.0,1.3199480547219151,0.9606559060992969,1.0155301540175001
100,11,5,2026102905,0.45,0.375,0.0,0.025,0.025,0.01,0.01,none,1.0005585082956223,1.0021451554687772,1.0005255041380967,1.0105992853896517,0,0,0,0,0,0.0,1.3041022321622473,0.9608439658939801,1.015948933337164
100,11,6,2026102906,0.45,0.375,0.0,0.025,0.025,0.01,0.01,none,0.9984017974798892,1.002384755378343,0.9882822706337342,0.9997894125251354,0,0,0,0,0,0.0,1.269493314450214,0.9610199747081466,1.014933772018012
100,11,7,2026102907,0.45,0.375,0.0,0.025,0.025,0.01,0.01,none,0.9986973780884982,1.0027285830574915,0.99978688119506,1.0016582116265318,0,0,0,0,0,0.0,1.299006382044586,0.9605401937708073,1.0144201843437806
100,11,8,2026102908,0.45,0.375,0.0,0.025,0.025,0.01,0.01,none,1.0046409155224048,1.0024184909710867,0.9953010411086607,1.021330094727719,0,0,0,0,0,0.0,1.3210808678711747,0.959714265755454,1.0159530522883216
100,11,9,2026102909,0.45,0.375,0.0,0.025,0.025,0.01,0.01,none,0.9978880304954247,0.9971731937954245,1.0049020120285892,1.0080330717513921,0,0,0,0,0,0.0,1.3196112861883078,0.960367992292222,1.0152048032499674
100,11,10,2026102910,0.45,0.375,0.0,0.025,0.025,0.01,0.01,none,0.9945129435546768,1.007460053342514,0.9955200390382309,0.9886220997047612,0,0,0,0,0,0.0,1.3071116255682518,0.9600891494131347,1.0136817130554228
100,11,11,2026102911,0.45,0.375,0.0,0.025,0.025,0.01,0.01,none,1.0015845079385746,0.991642919282762,1.00156964124858,1.0106655107149654,0,0,0,0,0,0.0,1.3076265582459303,0.9607499405617401,1.0155179214147287
100,11,12,2026102912,0.45,0.375,0.0,0.025,0.025,0.01,0.01,none,0.9969658320936853,0.9963345595689851,0.9876737908517094,0.9893369645433749,0,0,0,0,0,0.0,1.2664243581243388,0.961177350022757,1.0146325864612966
100,11,13,2026102913,0.45,0.375,0.0,0.025,0.025,0.01,0.01,none,1.004371654902355,1.0030069298125852,1.003205401058725,1.0105370111861776,0,0,0,0,0,0.0,1.319357510056879,0.9604433839436397,1.0152305295954442
100,11,14,2026102914,0.45,0.375,0.0,0.025,0.025,0.01,0.01,none,0.9952187861773091,0.9990735668982887,1.0000886322273645,0.9945234819463284,0,0,0,0,0,0.0,1.2910450662325794,0.9608452577268501,1.014620894511556
100,11,15,2026102915,0.45,0.375,0.0,0.025,0.025,0.01,0.01,none,0.9954152643219285,0.9861249877522617,0.9864783244014959,0.9885157633894943,0,0,0,0,0,0.0,1.2588428404403837,0.9613109944791942,1.0146029194888662
100,11,16,2026102916,0.45,0.375,0.0,0.025,0.025,0.01,0.01,none,0.992897092763611,1.0002735291951992,1.0046764256594987,1.0012851512775203,0,0,0,0,0,0.0,1.310488943489494,0.9606069809806126,1.0148411588307233
100,11,17,2026102917,0.45,0.375,0.0,0.025,0.025,0.01,0.01,none,0.9999958105248254,0.9985092105264165,1.0075607874201145,1.0108297267330677,0,0,0,0,0,0.0,1.345904281705312,0.9596472644846397,1.0148654435252908
100,11,18,2026102918,0.45,0.375,0.0,0.025,0.025,0.01,0.01,none,0.9955287650366627,0.9953659088922915,1.0129301211859991,1.0114619621778764,0,0,0,0,0,0.0,1.3427993503523967,0.9598596936073469,1.014988027738355
100,11,19,2026102919,0.45,0.375,0.0,0.025,0.025,0.01,0.01,none,1.0064995559917527,1.0003743202811124,1.0211134250497977,0.9865936850811481,0,0,0,0,0,0.0,1.372858815627526,0.9595775980876511,1.0136553325585052
100,12,0,2026103909,0.45,0.375,0.0,0.025,0.025,0.01,0.01,none,1.0007545501466457,0.9935581959286305,1.0176131132553705,1.0003132118570852,0,0,0,0,0,0.0,1.6362070001365603,0.9565598751981073,1.0046165617943983
100,12,1,2026103910,0.45,0.375,0.0,0.025,0.025,0.01,0.01,none,1.0047005230563795,0.9974395807244907,1.0019003869088499,0.9911686641927593,0,0,0,0,0,0.0,1.5970700588013007,0.9567037269431548,1.0046025300172903
100,12,2,2026103911,0.45,0.375,0.0,0.025,0.025,0.01,0.01,none,0.9991812200166,1.003279021809019,1.0026954782437185,1.0002968331423592,0,0,0,0,0,0.0,1.5982988589196765,0.9568338422272764,1.0047551562224977
100,12,3,2026103912,0.45,0.375,0.0,0.025,0.025,0.01,0.01,none,1.000984513531621,0.995853222582708,0.9993655677212117,1.0063205597426443,0,0,0,0,0,0.0,1.593028196159402,0.956588411666501,1.0048666129463
100,12,4,2026103913,0.45,0.375,0.0,0.025,0.025,0.01,0.01,none,1.0028275100659727,0.999226588522296,1.0057580347405035,1.0062941199987483,0,0,0,0,0,0.0,1.588742624543381,0.9571909832427014,1.0048116484666405
100,12,5,2026103914,0.45,0.375,0.0,0.025,0.025,0.01,0.01,none,0.9957512176900438,0.9949009066868968,0.989803775375457,0.9963872371850264,0,0,0,0,0,0.0,1.5569196634064388,0.9569070558382669,1.0047525283496086
100,12,6,2026103915,0.45,0.375,0.0,0.025,0.025,0.01,0.01,none,0.9981652308746436,0.9993152337062009,0.9837334122984931,1.011425838255882,0,0,0,0,0,0.0,1.5053501491904655,0.957673343051041,1.0049102219506292
100,12,7,2026103916,0.45,0.375,0.0,0.025,0.025,0.01,0.01,none,1.0005741163647592,1.0113928972530115,0.9966805884225234,1.0098497017603576,0,0,0,0,0,0.0,1.5796854806536966,0.9568957185553932,1.0047695753654795
100,12,8,2026103917,0.45,0.375,0.0,0.025,0.025,0.01,0.01,none,1.0044176139940895,0.998873946128649,1.009256479718835,0.9846133313829754,0,0,0,0,0,0.0,1.618813033576457,0.9567775023752364,1.0044332043221642
100,12,9,2026103918,0.45,0.375,0.0,0.025,0.025,0.01,0.01,none,1.00247696536599,1.0057935102073368,0.9926675974323496,0.9857658797156815,0,0,0,0,0,0.0,1.5453190304924556,0.957394566804914,1.0045782278507334
100,12,10,2026103919,0.45,0.375,0.0,0.025,0.025,0.01,0.01,none,1.0042706005083764,0.9981565691861236,1.0051325039261219,0.9925569608567827,0,0,0,0,0,0.0,1.6197608631340703,0.9563242744571226,1.00447343816881
100,12,11,2026103920,0.45,0.375,0.0,0.025,0.025,0.01,0.01,none,1.0057606579035958,1.0013280334739374,0.9903651189899156,0.9837255382943001,0,0,0,0,0,0.0,1.5598857533931076,0.9571244473236814,1.0045326395254142
100,12,12,2026103921,0.45,0.375,0.0,0.025,0.025,0.01,0.01,none,0.9977861559807387,0.9968445814238712,0.9885809026150326,0.9875129802068906,0,0,0,0,0,0.0,1.5388258775309067,0.9573817037834743,1.0046618487679337
100,12,13,2026103922,0.45,0.375,0.0,0.025,0.025,0.01,0.01,none,0.9912041935670868,1.0054903679954923,0.9944453018893077,1.0108137913569895,0,0,0,0,0,0.0,1.5376638349954852,0.9576697251312859,1.0048697191271612
100,12,14,2026103923,0.45,0.375,0.0,0.025,0.025,0.01,0.01,none,0.9986602721644223,1.0059494325283396,0.9902713955800978,0.9993437139715804,0,0,0,0,0,0.0,1.5383133987223945,0.9573901978089805,1.004789631095276
100,12,15,2026103924,0.45,0.375,0.0,0.025,0.025,0.01,0.01,none,1.0002480146183153,0.9993706832733438,1.0138198512972405,1.0169670082139806,0,0,0,0,0,0.0,1.6636441739865477,0.955574365729001,1.0046381983896855
100,12,16,2026103925,0.45,0.375,0.0,0.025,0.025,0.01,0.01,none,1.0024620803868438,1.005157588556682,0.9829536150714572,0.9959348840237974,0,0,0,0,0,0.0,1.543057201311306,0.9567832934040436,1.004776772529014
100,12,17,2026103926,0.45,0.375,0.0,0.025,0.025,0.01,0.01,none,0.9947049601379276,0.9925926082553986,0.9982024894819679,1.0024585217716908,0,0,0,0,0,0.0,1.565417367154273,0.957132589056676,1.0048190952176768
100,12,18,2026103927,0.45,0.375,0.0,0.025,0.025,0.01,0.01,none,1.001721253469197,0.9966139373523872,0.9902824464348227,0.9971909870593386,0,0,0,0,0,0.0,1.5724019234860052,0.9563979782653794,1.0045959427382618
100,12,19,2026103928,0.45,0.375,0.0,0.025,0.025,0.01,0.01,none,0.9991994037893563,0.995401856588472,0.9834920944906782,1.0022218759387338,0,0,0,0,0,0.0,1.504968997874626,0.9578897216909485,1.0048080875684744
100,13,0,2026104918,0.45,0.375,0.0,0.025,0.025,0.01,0.01,none,1.0046280652501811,1.0012383160475709,0.9922182683689758,0.9749297933743651,0,0,0,0,0,0.0,1.8370086383960924,0.9549570276829034,1.0011939093325728
100,13,1,2026104919,0.45,0.375,0.0,0.025,0.025,0.01,0.01,none,0.9993008904807481,1.005940903580747,1.0098475293071902,0.9896881922406596,0,0,0,0,0,0.0,1.8893773703006242,0.9553300627213359,1.0011415901320655
100,13,2,2026104920,0.45,0.375,0.0,0.025,0.025,0.01,0.01,none,0.9935650135737373,0.9976555268881732,0.9886442656036529,0.9944018966182845,0,0,0,0,0,0.0,1.7956771285140611,0.9556135408303437,1.0013296555530475
100,13,3,2026104921,0.45,0.375,0.0,0.025,0.025,0.01,0.01,none,0.9966916152661387,0.9997466091569125,1.003410029086712,1.0055062655367955,0,0,0,0,0,0.0,1.8689814879747035,0.9551228689338079,1.001402832631279
100,13,4,2026104922,0.45,0.375,0.0,0.025,0.025,0.01,0.01,none,1.0079734660685602,0.995706447205371,1.0026203928201292,1.0090424079486813,0,0,0,0,0,0.0,1.8951654548241368,0.9543962791877286,1.0014738868074085
100,13,5,2026104923,0.45,0.375,0.0,0.025,0.025,0.01,0.01,none,0.9914057544838311,1.0008329747771239,0.9786414361590384,0.9779701774954626,0,0,0,0,0,0.0,1.7462319286348327,0.9562881475113267,1.001259083698747
100,13,6,2026104924,0.45,0.375,0.0,0.025,0.025,0.01,0.01,none,1.0003785864300083,1.0034921384423792,0.9905952125812867,0.9980255213032985,0,0,0,0,0,0.0,1.8120986616407464,0.9556564386449266,1.0013447906786204
100,13,7,2026104925,0.45,0.375,0.0,0.025,0.025,0.01,0.01,none,0.9989888076339,0.9943829070936437,0.9922449308055116,0.9949775333810298,0,0,0,0,0,0.0,1.8179010690645436,0.9553306233509878,1.0013832028371876
100,13,8,2026104926,0.45,0.375,0.0,0.025,0.025,0.01,0.01,none,1.001977345959892,1.000838760011924,0.9921668497924893,1.008239004897773,0,0,0,0,0,0.0,1.8044257004176372,0.9557038946897773,1.001441125354533
100,13,9,2026104927,0.45,0.375,0.0,0.025,0.025,0.01,0.01,none,0.9993567797225651,0.9987149296925019,0.989559304825037,1.0070484945927685,0,0,0,0,0,0.0,1.8020703785498207,0.9555293239844709,1.0013718459703482
100,13,10,2026104928,0.45,0.375,0.0,0.025,0.025,0.01,0.01,none,1.001596062102613,0.9954493465432374,1.0040321680254554,0.9947476907685318,0,0,0,0,0,0.0,1.8481063430023805,0.9553723207159975,1.001229595422576
100,13,11,2026104929,0.45,0.375,0.0,0.025,0.025,0.01,0.01,none,0.9939021465065757,0.9996981917489612,1.004756002680732,0.9957550376793213,0,0,0,0,0,0.0,1.8640895143737168,0.955230046983573,1.0011847492661383
100,13,12,2026104930,0.45,0.375,0.0,0.025,0.025,0.01,0.01,none,1.0027492320736409,0.9994134389587767,1.0115164508188599,0.9993951636900867,0,0,0,0,0,0.0,1.8893747810620363,0.9552049437394139,1.001223625036493
100,13,13,2026104931,0.45,0.375,0.0,0.025,0.025,0.01,0.01,none,1.0094692204376696,0.9948139416568962,0.9962924940509138,0.9868968338297259,0,0,0,0,0,0.0,1.8269834320073488,0.9558193287134273,1.0013090797231403
100,13,14,2026104932,0.45,0.375,0.0,0.025,0.025,0.01,0.01,none,0.9929395058965358,0.9979852255345539,0.9833736265952865,1.0106519742029956,0,0,0,0,0,0.0,1.7389351369522703,0.9563619706159587,1.0015481236714487
100,13,15,2026104933,0.45,0.375,0.0,0.025,0.025,0.01,0.01,none,0.9949888430452082,0.9999411677304356,1.0086076711336536,1.0173034726342949,0,0,0,0,0,0.0,1.863121123299979,0.955242943500884,1.001470140068909
100,13,16,2026104934,0.45,0.375,0.0,0.025,0.025,0.01,0.01,none,0.9941660763315228,1.0036426259108349,0.9903382985073336,0.9978547495599901,0,0,0,0,0,0.0,1.7765782632454035,0.9564195461413555,1.001408847473757
100,13,17,2026104935,0.45,0.375,0.0,0.025,0.025,0.01,0.01,none,0.9964457579201028,0.9971165869076257,0.9907787896660799,0.9902439324545796,0,0,0,0,0,0.0,1.7979332255431504,0.9559652475338194,1.001359964469036
100,13,18,2026104936,0.45,0.375,0.0,0.025,0.025,0.01,0.01,none,0.9968810814688285,1.0043418793006247,0.9897056240934081,1.0057249156413017,0,0,0,0,0,0.0,1.7608298448136002,0.9565675575040262,1.0014389710224108
100,13,19,2026104937,0.45,0.375,0.0,0.025,0.025,0.01,0.01,none,0.9956064674634536,1.0019018194876046,1.0189422032420785,0.993674187394104,0,0,0,0,0,0.0,1.907763393993245,0.9553445581477658,1.0011292817392117
100,14,0,2026105927,0.45,0.375,0.0,0.025,0.025,0.01,0.01,none,0.9985657213011749,1.0028174125978644,1.0063988151887402,1.0108439539473635,0,0,0,0,0,0.0,1.784860693600256,0.9548484383051146,1.0045500700406478
100,14,1,2026105928,0.45,0.375,0.0,0.025,0.025,0.01,0.01,none,1.0020840935274056,0.9917798147029618,1.0122715288673343,1.0068195936579678,0,0,0,0,0,0.0,1.806874310840778,0.9549620273360341,1.0046759930721239
100,14,2,2026105929,0.45,0.375,0.0,0.025,0.025,0.01,0.01,none,0.9959448087974752,0.9963291906069235,0.9908299524849506,0.9960209623593032,0,0,0,0,0,0.0,1.7329110020699434,0.9550314567547801,1.004464844468043
100,14,3,2026105930,0.45,0.375,0.0,0.025,0.025,0.01,0.01,none,0.994533804060447,0.9989208306825609,1.0040736883347807,1.0049660911661507,0,0,0,0,0,0.0,1.7710196833945289,0.955387810634121,1.004586686986906
100,14,4,2026105931,0.45,0.375,0.0,0.025,0.025,0.01,0.01,none,0.9989185300181181,0.9998102110273258,1.0258408991918102,0.9936881601970703,0,0,0,0,0,0.0,1.8881892095579722,0.9540020309888574,1.0042832916159095
100,14,5,2026105932,0.45,0.375,0.0,0.025,0.025,0.01,0.01,none,0.9959848823613205,1.0031669400080212,1.0217852773596674,1.0013090376087097,0,0,0,0,0,0.0,1.8699578349584092,0.9541474894281523,1.0043365889512696
100,14,6,2026105933,0.45,0.375,0.0,0.025,0.025,0.01,0.01,none,0.9959794403550577,1.0033010977772319,0.9833717808979078,0.9918172907000162,0,0,0,0,0,0.0,1.7039601645865774,0.9553527826481076,1.0047452933067558
100,14,7,2026105934,0.45,0.375,0.0,0.025,0.025,0.01,0.01,none,1.0028290212826325,0.9989313873426159,0.9861880617928727,0.9960351673491568,0,0,0,0,0,0.0,1.7017661129371473,0.9555041813609713,1.00450550369219
100,14,8,2026105935,0.45,0.375,0.0,0.025,0.025,0.01,0.01,none,0.9920213983722926,0.9992889424665826,1.0007862191945953,0.9887187573463657,0,0,0,0,0,0.0,1.7381809014821816,0.9558679498703061,1.0043402677078852
100,14,9,2026105936,0.45,0.375,0.0,0.025,0.025,0.01,0.01,none,1.0037996180984177,1.0010797659147095,1.0097076846164446,1.0109032679063668,0,0,0,0,0,0.0,1.8135648263641744,0.954517534312707,1.0047309755759015
100,14,10,2026105937,0.45,0.375,0.0,0.025,0.025,0.01,0.01,none,0.9974181086215592,1.0027281795103613,1.0086056980874303,1.0054952582809549,0,0,0,0,0,0.0,1.797415747194165,0.9548729848584128,1.0045970401823716
100,14,11,2026105938,0.45,0.375,0.0,0.025,0.025,0.01,0.01,none,1.0026101388458095,1.0015693962854813,0.9902065147873704,1.0011022296226868,0,0,0,0,0,0.0,1.72415793962457,0.9553360689831407,1.004722525677256
100,14,12,2026105939,0.45,0.375,0.0,0.025,0.025,0.01,0.01,none,0.9920876829463996,0.9950566231044093,1.0029669760216369,1.004787235854899,0,0,0,0,0,0.0,1.782089139729082,0.9548732462709517,1.0045393208906026
100,14,13,2026105940,0.45,0.375,0.0,0.025,0.025,0.01,0.01,none,1.0018083586630613,0.9955471899831363,1.0115293031166466,1.015020007149709,0,0,0,0,0,0.0,1.801864770429664,0.9548470018868533,1.0047112691112365
100,14,14,2026105941,0.45,0.375,0.0,0.025,0.025,0.01,0.01,none,1.0007185098154485,0.9939677888186893,1.0159844969726108,1.0078421308347054,0,0,0,0,0,0.0,1.8334638974676924,0.9546031546933117,1.0044895499390007
100,14,15,2026105942,0.45,0.375,0.0,0.025,0.025,0.01,0.01,none,1.0003864178076685,0.9905026217051258,0.999539599808843,1.0095162134735505,0,0,0,0,0,0.0,1.7523045881123571,0.9551111424294377,1.0047503604357175
100,14,16,2026105943,0.45,0.375,0.0,0.025,0.025,0.01,0.01,none,0.9962905995186004,0.998008437851703,1.0063367146367677,0.9888957585626841,0,0,0,0,0,0.0,1.7802655714085958,0.9551670326559044,1.0043709968444299
100,14,17,2026105944,0.45,0.375,0.0,0.025,0.025,0.01,0.01,none,0.9937348803084447,1.0048831339173003,0.9883840408350069,1.0170733352920176,0,0,0,0,0,0.0,1.6927482115689574,0.9556686301299573,1.0048308435903488
100,14,18,2026105945,0.45,0.375,0.0,0.025,0.025,0.01,0.01,none,0.9994587549399425,0.9948721311966132,1.007257034090696,1.0125333634095652,0,0,0,0,0,0.0,1.7978961193346583,0.9545422133891884,1.0045959048920794
100,14,19,2026105946,0.45,0.375,0.0,0.025,0.025,0.01,0.01,none,0.9971066615726614,1.0021644809813046,0.9994770915465019,1.007448946082441,0,0,0,0,0,0.0,1.7430286866124904,0.9556982394839346,1.0046504324921792
100,15,0,2026106936,0.45,0.375,0.0,0.025,0.025,0.01,0.01,none,1.000433736211738,1.0023708330711283,1.0013213301155712,0.9868445045974582,0,0,0,0,0,0.0,2.108336674395575,0.9538744686957116,1.0
100,15,1,2026106937,0.45,0.375,0.0,0.025,0.025,0.01,0.01,none,0.995171684492087,0.9985976518584592,0.9911836373182469,0.9981500202385215,0,0,0,0,0,0.0,2.041723256596781,0.9544465222796013,1.0
100,15,2,2026106938,0.45,0.375,0.0,0.025,0.025,0.01,0.01,none,1.0002493586568255,0.9989132798182381,0.9983549231061788,0.9976584751770505,0,0,0,0,0,0.0,2.096849829174921,0.954380340370516,1.0
100,15,3,2026106939,0.45,0.375,0.0,0.025,0.025,0.01,0.01,none,1.0002597083527942,1.002152283405891,1.0218305134525687,0.9976886280660188,0,0,0,0,0,0.0,2.183516141165873,0.9539687600077625,1.0
100,15,4,2026106940,0.45,0.375,0.0,0.025,0.025,0.01,0.01,none,1.0006019299887452,1.0020546341071033,1.0082256353493488,1.00514034184353,0,0,0,0,0,0.0,2.1281184184416904,0.9539779949321422,1.0
100,15,5,2026106941,0.45,0.375,0.0,0.025,0.025,0.01,0.01,none,0.9938420361820087,1.0016569839153502,0.9933788208907434,1.0170646714969818,0,0,0,0,0,0.0,2.073898340105381,0.9539715999585644,1.0
100,15,6,2026106942,0.45,0.375,0.0,0.025,0.025,0.01,0.01,none,0.9970714809742095,0.9994086033259155,1.0121324044779856,0.995121983540231,0,0,0,0,0,0.0,2.142254345485161,0.9537872412735576,1.0
100,15,7,2026106943,0.45,0.375,0.0,0.025,0.025,0.01,0.01,none,0.9998284351389413,0.9978866987860681,1.024162977876896,1.0224960548460527,0,0,0,0,0,0.0,2.240797976784653,0.9529361820733894,1.0
100,15,8,2026106944,0.45,0.375,0.0,0.025,0.025,0.01,0.01,none,1.0020550437960138,0.999237896360496,1.0148204728160277,0.9890071890373493,0,0,0,0,0,0.0,2.183074955437493,0.9534601102725434,1.0
100,15,9,2026106945,0.45,0.375,0.0,0.025,0.025,0.01,0.01,none,0.9931302822235775,1.0036560721943808,0.9891922137794349,1.0074024886042428,0,0,0,0,0,0.0,2.010215266900875,0.9548059556330943,1.0
100,15,10,2026106946,0.45,0.375,0.0,0.025,0.025,0.01,0.01,none,0.9969840566311889,1.0075474826235296,1.0006079402558044,0.9960861421867079,0,0,0,0,0,0.0,2.0821408360785343,0.9545712781569575,1.0
100,15,11,2026106947,0.45,0.375,0.0,0.025,0.025,0.01,0.01,none,0.988533910204192,1.0042177790035236,1.0232004804285835,0.9773584081201818,0,0,0,0,0,0.0,2.2137004544852235,0.9534633035292944,1.0
100,15,12,2026106948,0.45,0.375,0.0,0.025,0.025,0.01,0.01,none,1.0008837266045951,0.9969341695060918,1.0158123976066593,0.9861452384831639,0,0,0,0,0,0.0,2.181637787215454,0.9535082615917208,1.0
100,15,13,2026106949,0.45,0.375,0.0,0.025,0.025,0.01,0.01,none,0.9965353496079772,1.0017334611220732,1.0017258141281256,1.015642531749023,0,0,0,0,0,0.0,2.066937013621549,0.9547482324881335,1.0
100,15,14,2026106950,0.45,0.375,0.0,0.025,0.025,0.01,0.01,none,1.0025182926009428,0.9995398717783494,0.990364743919226,1.0220577412037022,0,0,0,0,0,0.0,2.0366342859582476,0.95454282321158,1.0
100,15,15,2026106951,0.45,0.375,0.0,0.025,0.025,0.01,0.01,none,1.0021796526290963,0.9979127486644048,0.9992295378266358,1.011690432014185,0,0,0,0,0,0.0,2.095443069099298,0.9542834958393482,1.0
100,15,16,2026106952,0.45,0.375,0.0,0.025,0.025,0.01,0.01,none,0.998869673726664,1.002189166115813,1.0038926484434088,0.9901503594616538,0,0,0,0,0,0.0,2.096121951945463,0.9544933418334662,1.0
100,15,17,2026106953,0.45,0.375,0.0,0.025,0.025,0.01,0.01,none,0.9972946021085678,0.9970111699706363,1.0153137655529942,0.9763988681619881,0,0,0,0,0,0.0,2.1630951776885396,0.9543391344156955,1.0
100,15,18,2026106954,0.45,0.375,0.0,0.025,0.025,0.01,0.01,none,1.0041365953764105,1.0057042268081937,0.9870148530122207,0.998254216413378,0,0,0,0,0,0.0,2.0119366824243614,0.9547702101416666,1.0
100,15,19,2026106955,0.45,0.375,0.0,0.025,0.025,0.01,0.01,none,1.0114015815957897,0.9949685439235315,0.9941126200288865,1.008860766162494,0,0,0,0,0,0.0,2.081265179605227,0.9538500852847948,1.0
100,16,0,2026107945,0.45,0.375,0.0,0.025,0.025,0.01,0.01,none,1.000027448741028,0.9997311331220867,0.9978303762378988,1.0065665306496212,0,0,0,0,0,0.0,1.5078155450137214,0.9588197830940649,1.0
100,16,1,2026107946,0.45,0.375,0.0,0.025,0.025,0.01,0.01,none,0.993426633638069,1.0070398808721708,0.9922769578637838,1.0085295532966674,0,0,0,0,0,0.0,1.472740319164901,0.959355789318907,1.0
100,16,2,2026107947,0.45,0.375,0.0,0.025,0.025,0.01,0.01,none,0.9962898991560983,0.9998750520967553,0.9947288559223011,1.0118637088185052,0,0,0,0,0,0.0,1.4837406227858492,0.9591228722273223,1.0
100,16,3,2026107948,0.45,0.375,0.0,0.025,0.025,0.01,0.01,none,0.9992699784696415,0.9989924821070252,1.0061653479119503,1.0008579207988766,0,0,0,0,0,0.0,1.5296555285777358,0.9590607185793486,1.0
100,16,4,2026107949,0.45,0.375,0.0,0.025,0.025,0.01,0.01,none,1.004893199760792,0.9976455602220979,0.9918700188904983,1.026837008506627,0,0,0,0,0,0.0,1.4859410481551778,0.9588951141514314,1.0
100,16,5,2026107950,0.45,0.375,0.0,0.025,0.025,0.01,0.01,none,0.991917367612395,0.9993345654304867,0.9920380145697826,1.0124829076974229,0,0,0,0,0,0.0,1.4580559423328858,0.9594756028093858,1.0
100,16,6,2026107951,0.45,0.375,0.0,0.025,0.025,0.01,0.01,none,0.9969267188905222,1.004049222844901,1.000981927072524,1.015147750820324,0,0,0,0,0,0.0,1.5135002053952833,0.9587509179582935,1.0
100,16,7,2026107952,0.45,0.375,0.0,0.025,0.025,0.01,0.01,none,0.9955630990178248,1.005293854022684,0.9920130066435742,1.0111959010016467,0,0,0,0,0,0.0,1.4945549019277964,0.9587386202664239,1.0
100,16,8,2026107953,0.45,0.375,0.0,0.025,0.025,0.01,0.01,none,0.9948272533972715,0.9961004122775605,0.991621631519542,1.0185116289000662,0,0,0,0,0,0.0,1.4421935223950437,0.9601658986027373,1.0
100,16,9,2026107954,0.45,0.375,0.0,0.025,0.025,0.01,0.01,none,1.002585484287227,1.0045591161922032,1.0073422215965802,1.002820532008902,0,0,0,0,0,0.0,1.5528567864566005,0.9584182295658986,1.0
100,16,10,2026107955,0.45,0.375,0.0,0.025,0.025,0.01,0.01,none,0.9958537829287272,1.0046528236892436,1.0075527368436956,0.9973543065436798,0,0,0,0,0,0.0,1.5105670659727912,0.9592187274854422,1.0
100,16,11,2026107956,0.45,0.375,0.0,0.025,0.025,0.01,0.01,none,1.0002708235590425,1.0027108715634079,0.9870899476284204,0.9914423478118688,0,0,0,0,0,0.0,1.4496728470180442,0.959771340518046,1.0
100,16,12,2026107957,0.45,0.375,0.0,0.025,0.025,0.01,0.01,none,1.0031539165933598,0.9995507868192285,1.002342423458382,1.0006326179209655,0,0,0,0,0,0.0,1.5208421356310287,0.9589039806186771,1.0
100,16,13,2026107958,0.45,0.375,0.0,0.025,0.025,0.01,0.01,none,1.002647203186388,1.007022056290225,1.0008192808090344,1.0108316102878938,0,0,0,0,0,0.0,1.5442519952604306,0.9582962768147368,1.0
100,16,14,2026107959,0.45,0.375,0.0,0.025,0.025,0.01,0.01,none,0.9956427410998007,1.0052305504106411,1.0037970942578693,1.0026142536055085,0,0,0,0,0,0.0,1.501444155706357,0.9593474365536713,1.0
100,16,15,2026107960,0.45,0.375,0.0,0.025,0.025,0.01,0.01,none,0.9965968620129744,1.001189498833445,1.0155065712691413,0.9996894001308329,0,0,0,0,0,0.0,1.560886490677168,0.9587612413525024,1.0
100,16,16,2026107961,0.45,0.375,0.0,0.025,0.025,0.01,0.01,none,1.0033076361570725,0.9962987914274414,0.9909815746249474,0.9856527270943868,0,0,0,0,0,0.0,1.5092806199373106,0.9587329068121165,1.0
100,16,17,2026107962,0.45,0.375,0.0,0.025,0.025,0.01,0.01,none,0.996315255121761,1.0006479339018763,0.9992191254397906,0.987561136924213,0,0,0,0,0,0.0,1.49575649025363,0.9590961690139819,1.0
100,16,18,2026107963,0.45,0.375,0.0,0.025,0.025,0.01,0.01,none,0.9984371982416662,0.9919161030130729,0.9977219238699504,0.9927023786574332,0,0,0,0,0,0.0,1.5048621429183797,0.9590305377732927,1.0
100,16,19,2026107964,0.45,0.375,0.0,0.025,0.025,0.01,0.01,none,1.0086808055314558,0.9969089400550699,1.0033631612596687,0.9949424094183416,0,0,0,0,0,0.0,1.515041224119553,0.9591339798730733,1.0
105,0,0,2026091801,0.45,0.5625,0.0,0.025,0.025,0.01,0.01,none,0.997249189805452,1.009099867522995,1.0003416386745172,0.9885010467072247,0,0,0,0,0,0.0,0.8828903505419704,0.9644089830467977,1.001810141306561
105,0,1,2026091802,0.45,0.5625,0.0,0.025,0.025,0.01,0.01,none,0.9990701762003759,0.9940596012041173,1.018601633165133,1.0066716449271411,0,0,0,0,0,0.0,0.9333801092434746,0.9638918492068291,1.0018584300421443
105,0,2,2026091803,0.45,0.5625,0.0,0.025,0.025,0.01,0.01,none,1.001522209284603,0.9932611343537766,1.0035011970119223,0.9970185120715984,0,0,0,0,0,0.0,0.8848480695286668,0.9647688942581784,1.0019594465379196
105,0,3,2026091804,0.45,0.5625,0.0,0.025,0.025,0.01,0.01,none,1.0008361640485495,1.000274035492691,0.9960994977367327,1.0110025676822938,0,0,0,0,0,0.0,0.8907277115700547,0.96424778123483,1.0019484488814816
105,0,4,2026091805,0.45,0.5625,0.0,0.025,0.025,0.01,0.01,none,1.0017305286644569,1.000662814701506,1.016607528441928,0.9878826092180186,0,0,0,0,0,0.0,0.9196184747713713,0.9640881676642604,1.0017714898479608
105,0,5,2026091806,0.45,0.5625,0.0,0.025,0.025,0.01,0.01,none,1.0019045354384162,0.9993201878719842,1.0088662400802868,0.9933067162503867,0,0,0,0,0,0.0,0.9116945184559078,0.9642492465984226,1.0018231544117737
105,0,6,2026091807,0.45,0.5625,0.0,0.025,0.025,0.01,0.01,none,1.0070269169561887,1.0004840922871268,0.992725919102441,1.0243609977647479,0,0,0,0,0,0.0,0.8840002126392171,0.9642117551199433,1.0020851040728913
105,0,7,2026091808,0.45,0.5625,0.0,0.025,0.025,0.01,0.01,none,1.00307796537977,1.0036760940374332,1.0060986755873504,0.9935898695394706,0,0,0,0,0,0.0,0.924403914580915,0.9635099568243652,1.0018476451541336
105,0,8,2026091809,0.45,0.5625,0.0,0.025,0.025,0.01,0.01,none,1.0001190608194641,0.998308983051545,0.9916739385632001,1.003597150545825,0,0,0,0,0,0.0,0.8709830152723625,0.9647629308487001,1.0019825973062877
105,0,9,2026091810,0.45,0.5625,0.0,0.025,0.025,0.01,0.01,none,0.9994593031515923,0.9980551416047898,1.0121690422350176,0.9958693291955195,0,0,0,0,0,0.0,0.9026916742585139,0.9646450791235319,1.0018748776007722
105,0,10,2026091811,0.45,0.5625,0.0,0.025,0.025,0.01,0.01,none,0.9975834525642061,1.0009305228601284,1.0046996622226139,1.0006902538666307,0,0,0,0,0,0.0,0.9007668274845326,0.9640925022725891,1.0018788672306769
105,0,11,2026091812,0.45,0.5625,0.0,0.025,0.025,0.01,0.01,none,0.9989249010429365,1.003075856006987,1.0018474825755888,1.0200897922125578,0,0,0,0,0,0.0,0.896144939396055,0.9644677896032384,1.0020147615549944
105,0,12,2026091813,0.45,0.5625,0.0,0.025,0.025,0.01,0.01,none,0.9975972269289138,1.0049349757243706,0.9966151262155669,0.9993901685227295,0,0,0,0,0,0.0,0.8717991788396987,0.9649070514866837,1.0018433232485968
105,0,13,2026091814,0.45,0.5625,0.0,0.025,0.025,0.01,0.01,none,1.0014628843134192,0.9998449985180237,1.0025767482053463,1.0034928597558705,0,0,0,0,0,0.0,0.9034545723185914,0.9639593734960419,1.0019418264995064
105,0,14,2026091815,0.45,0.5625,0.0,0.025,0.025,0.01,0.01,none,0.9957583252275979,1.0000574419392,1.0057372977265144,0.9849862988649091,0,0,0,0,0,0.0,0.895279702447629,0.9645085394936084,1.0017961118693781
105,0,15,2026091816,0.45,0.5625,0.0,0.025,0.025,0.01,0.01,none,0.9969626591505597,1.0058996260809014,1.0208725006930432,0.9970137701942879,0,0,0,0,0,0.0,0.9205727168941301,0.9644636110780137,1.0018524221717473
105,0,16,2026091817,0.45,0.5625,0.0,0.025,0.025,0.01,0.01,none,0.9950502808125681,1.0011762019051051,1.0066270924903782,1.004499361024177,0,0,0,0,0,0.0,0.9089450216063717,0.9640544771797794,1.0018754102630294
105,0,17,2026091818,0.45,0.5625,0.0,0.025,0.025,0.01,0.01,none,0.9997998941849713,1.0000791834339855,1.0069778775871616,0.9860305176945254,0,0,0,0,0,0.0,0.8999515764151705,0.964386853711286,1.0018351934675842
105,0,18,2026091819,0.45,0.5625,0.0,0.025,0.025,0.01,0.01,none,1.0025155598019193,1.0006279248283434,0.9973072765435826,0.9985129027591902,0,0,0,0,0,0.0,0.8811491656477766,0.9646258986853078,1.001914365876538
105,0,19,2026091820,0.45,0.5625,0.0,0.025,0.025,0.01,0.01,none,1.0002876083774759,1.00604915572101,0.9870443492798417,1.0056934058506637,0,0,0,0,0,0.0,0.8662527610827909,0.9644886941483001,1.0019830535315388
105,1,0,2026092810,0.45,0.5625,0.0,0.025,0.025,0.01,0.01,none,0.9937675255166825,0.997845385270409,0.9928763881815121,0.9949917789579008,0,0,0,0,0,0.0,2.625535564293939,0.9543655930505095,1.0
105,1,1,2026092811,0.45,0.5625,0.0,0.025,0.025,0.01,0.01,none,0.9988858715269515,1.0068680762230096,1.0047739606040007,0.991804030770713,0,0,0,0,0,0.0,2.720185815807251,0.9538017237446305,1.0
105,1,2,2026092812,0.45,0.5625,0.0,0.025,0.025,0.01,0.01,none,0.9955438343729591,1.002424828644305,1.0138168675918222,1.0034625802588184,0,0,0,0,0,0.0,2.73957210548553,0.9537858245287408,1.0
105,1,3,2026092813,0.45,0.5625,0.0,0.025,0.025,0.01,0.01,none,0.9973227794719858,1.0089941176335666,1.0028503411203866,1.0055243233494693,0,0,0,0,0,0.0,2.7112135518687643,0.9533653191158941,1.0
105,1,4,2026092814,0.45,0.5625,0.0,0.025,0.025,0.01,0.01,none,1.0015534676613778,0.9926171795998776,1.0047137800514063,0.9827865507581752,0,0,0,0,0,0.0,2.764732461549577,0.9528685732255133,1.0
105,1,5,2026092815,0.45,0.5625,0.0,0.025,0.025,0.01,0.01,none,1.0008209135028585,1.0017423792695865,0.9989634796295831,1.0010576465052248,0,0,0,0,0,0.0,2.6638091236694965,0.9541710658590256,1.0
105,1,6,2026092816,0.45,0.5625,0.0,0.025,0.025,0.01,0.01,none,1.003936026692592,0.9996151259011494,1.0037290598355895,1.0001923261271763,0,0,0,0,0,0.0,2.7475212486649565,0.9531923766958913,1.0
105,1,7,2026092817,0.45,0.5625,0.0,0.025,0.025,0.01,0.01,none,0.9893630506768593,1.0004876048535407,0.9861877938493065,1.0074804685502237,0,0,0,0,0,0.0,2.5893537534229356,0.954027620800781,1.0
105,1,8,2026092818,0.45,0.5625,0.0,0.025,0.025,0.01,0.01,none,1.0075258558507099,0.9977060142856441,0.9932446595568966,0.9826351785359353,0,0,0,0,0,0.0,2.6744707029241694,0.953804098404386,1.0
105,1,9,2026092819,0.45,0.5625,0.0,0.025,0.025,0.01,0.01,none,0.9911738962425869,1.0020925356654526,1.0162987960269745,0.9947216309610737,0,0,0,0,0,0.0,2.7985173862617074,0.9535860624603388,1.0
105,1,10,2026092820,0.45,0.5625,0.0,0.025,0.025,0.01,0.01,none,1.0025325578714197,0.9980370336066976,1.0107616029720037,1.0056500707808878,0,0,0,0,0,0.0,2.7887168728283824,0.9526769347951163,1.0
105,1,11,2026092821,0.45,0.5625,0.0,0.025,0.025,0.01,0.01,none,1.0009235580927638,0.9933849560356643,1.0009661262921266,0.9906318019490146,0,0,0,0,0,0.0,2.7205435543519267,0.9536508363408714,1.0
105,1,12,2026092822,0.45,0.5625,0.0,0.025,0.025,0.01,0.01,none,1.0006687883235514,1.0045093038846287,1.0090688633985214,1.0006251964845165,0,0,0,0,0,0.0,2.7927183359485026,0.95272183840514,1.0
105,1,13,2026092823,0.45,0.5625,0.0,0.025,0.025,0.01,0.01,none,1.005810752506736,1.0036229247280892,1.0096430694560548,1.0109654936644266,0,0,0,0,0,0.0,2.773797661474692,0.9528005793737839,1.0
105,1,14,2026092824,0.45,0.5625,0.0,0.025,0.025,0.01,0.01,none,1.0012627430453747,0.9960649767179707,1.0088549793867239,1.0028868340620793,0,0,0,0,0,0.0,2.742436057592244,0.9537830552740172,1.0
105,1,15,2026092825,0.45,0.5625,0.0,0.025,0.025,0.01,0.01,none,1.001483987734677,0.9949194636671788,0.9806991286497921,1.0061097771476464,0,0,0,0,0,0.0,2.598341430452609,0.9537695802075582,1.0
105,1,16,2026092826,0.45,0.5625,0.0,0.025,0.025,0.01,0.01,none,1.0038806277878052,1.007095480954477,0.9844045608143859,1.005345678370749,0,0,0,0,0,0.0,2.596731204036792,0.9541484407867229,1.0
105,1,17,2026092827,0.45,0.5625,0.0,0.025,0.025,0.01,0.01,none,1.0054187122563805,1.0006277917524724,1.0164280692306862,1.0021810141240972,0,0,0,0,0,0.0,2.8356068867227933,0.9524167695134349,1.0
105,1,18,2026092828,0.45,0.5625,0.0,0.025,0.025,0.01,0.01,none,1.0037680866040808,0.9992960271412388,1.002286949801614,0.9940590517223317,0,0,0,0,0,0.0,2.7336559000060303,0.9531040625797936,1.0
105,1,19,2026092829,0.45,0.5625,0.0,0.025,0.025,0.01,0.01,none,1.0044626564204457,0.9926663842553549,1.0150392503563541,1.003065510189911,0,0,0,0,0,0.0,2.8282484749270846,0.9526099675229495,1.0
105,2,0,2026093819,0.45,0.5625,0.0,0.025,0.025,0.01,0.01,none,1.0017094018450496,1.0009802333312212,1.0059535915687832,0.9902345565196954,0,0,0,0,0,0.0,1.5525178267507278,0.9590562883022854,1.0012458083008764
105,2,1,2026093820,0.45,0.5625,0.0,0.025,0.025,0.01,0.01,none,1.009544783977066,0.9998170048157289,0.9899716662098963,0.9810123854470594,0,0,0,0,0,0.0,1.4955022318070261,0.9598719662803755,1.001216517879646
105,2,2,2026093821,0.45,0.5625,0.0,0.025,0.025,0.01,0.01,none,0.9909777498307725,0.9990831290314577,1.0044120229614053,1.0229226985181443,0,0,0,0,0,0.0,1.5212900440031898,0.9597720842425981,1.0014174085587737
105,2,3,2026093822,0.45,0.5625,0.0,0.025,0.025,0.01,0.01,none,0.9991657919988445,0.9992474377490744,1.0091712259394405,0.9910153295019879,0,0,0,0,0,0.0,1.5876166694294367,0.9584684123713529,1.0011736591531621
105,2,4,2026093823,0.45,0.5625,0.0,0.025,0.025,0.01,0.01,none,0.9959524788012436,1.0043415944723455,1.0006897187268529,1.0212483453602936,0,0,0,0,0,0.0,1.5541104045032117,0.9588311189946003,1.0013998740954062
105,2,5,2026093824,0.45,0.5625,0.0,0.025,0.025,0.01,0.01,none,1.0027857003741685,0.9943996245853289,0.9877316985154904,1.0133037231605357,0,0,0,0,0,0.0,1.498588716609471,0.9594618038899863,1.001583929189356
105,2,6,2026093825,0.45,0.5625,0.0,0.025,0.025,0.01,0.01,none,1.0002129493534548,1.0008917230582843,1.010450806299082,0.9848876879989613,0,0,0,0,0,0.0,1.5858443711741952,0.9590964704522613,1.0011506779419124
105,2,7,2026093826,0.45,0.5625,0.0,0.025,0.025,0.01,0.01,none,1.0039400680775719,0.9982875417941741,0.9931536975088898,0.9946354172176924,0,0,0,0,0,0.0,1.515605172363243,0.9593357605396575,1.001318344126474
105,2,8,2026093827,0.45,0.5625,0.0,0.025,0.025,0.01,0.01,none,0.9970407406289489,0.998139839820811,1.0112460002011567,0.9956195663294103,0,0,0,0,0,0.0,1.5769330045849945,0.9589557177620303,1.0012101342392428
105,2,9,2026093828,0.45,0.5625,0.0,0.025,0.025,0.01,0.01,none,1.0041955227867572,1.0043819097276223,1.0264190047594957,0.9982857282813039,0,0,0,0,0,0.0,1.63339013716412,0.9586254641514375,1.0011413800880489
105,2,10,2026093829,0.45,0.5625,0.0,0.025,0.025,0.01,0.01,none,0.9998600712191138,0.9973850739376794,0.9902415588022939,0.9965325064714189,0,0,0,0,0,0.0,1.5124606248301609,0.9592687904651065,1.0012564266001596
105,2,11,2026093830,0.45,0.5625,0.0,0.025,0.025,0.01,0.01,none,1.0043588314767016,0.9963476226934523,1.020621317587973,0.9777854753522033,0,0,0,0,0,0.0,1.6343472556740877,0.9582497457285621,1.0009760209103802
105,2,12,2026093831,0.45,0.5625,0.0,0.025,0.025,0.01,0.01,none,0.9928755279173435,0.9949641249478618,1.0056070916791142,0.9870268349523005,0,0,0,0,0,0.0,1.534466621246529,0.9597554928400805,1.0011661667882634
105,2,13,2026093832,0.45,0.5625,0.0,0.025,0.025,0.01,0.01,none,1.0002824184659478,1.003786322742641,1.0140500636235008,1.0101632151505993,0,0,0,0,0,0.0,1.5989703252286553,0.9584984119354903,1.0012528579276474
105,2,14,2026093833,0.45,0.5625,0.0,0.025,0.025,0.01,0.01,none,1.001151950053957,0.998067690115354,1.0119670622571801,1.0170346169582027,0,0,0,0,0,0.0,1.6083234893030742,0.9580162217514052,1.0012463963101665
105,2,15,2026093834,0.45,0.5625,0.0,0.025,0.025,0.01,0.01,none,0.9999287285576702,0.9965378276851363,0.9784521524989002,1.0093305839086875,0,0,0,0,0,0.0,1.4621778021587748,0.9597220353633745,1.0014735875450174
105,2,16,2026093835,0.45,0.5625,0.0,0.025,0.025,0.01,0.01,none,0.9993737450629819,0.9932516954360837,1.0290632074117338,1.0010061800342134,0,0,0,0,0,0.0,1.6513892280091578,0.9583712197879299,1.001193780813455
105,2,17,2026093836,0.45,0.5625,0.0,0.025,0.025,0.01,0.01,none,0.9997556119322334,1.0056027708950162,1.0103429490449365,0.9966450656827247,0,0,0,0,0,0.0,1.5863904607379806,0.9586969951340166,1.001230864122373
105,2,18,2026093837,0.45,0.5625,0.0,0.025,0.025,0.01,0.01,none,1.0074111525179887,0.9950690256109469,1.0012701667996842,0.989166255540083,0,0,0,0,0,0.0,1.5516447441957182,0.9593648579950125,1.001202232772498
105,2,19,2026093838,0.45,0.5625,0.0,0.025,0.025,0.01,0.01,none,1.0014908767244726,1.0025508377575094,0.9968782993630688,1.001128476016857,0,0,0,0,0,0.0,1.5248073083564448,0.9595040202660119,1.0012418348524124
105,3,0,2026094828,0.45,0.5625,0.0,0.025,0.025,0.01,0.01,none,0.995994099656802,0.9982291208020795,0.9973514350732786,0.9964124063149227,0,0,0,0,0,0.0,2.3557187232738768,0.9551733242510975,1.0
105,3,1,2026094829,0.45,0.5625,0.0,0.025,0.025,0.01,0.01,none,1.0069883071603705,0.998424742115173,1.015572777446709,0.9982072901431093,0,0,0,0,0,0.0,2.481032043991601,0.9543006710066156,1.0
105,3,2,2026094830,0.45,0.5625,0.0,0.025,0.025,0.01,0.01,none,1.0042872170743904,1.0021691860036934,1.009266888453263,1.0068407722750663,0,0,0,0,0,0.0,2.4073242495850224,0.9546415068566516,1.0
105,3,3,2026094831,0.45,0.5625,0.0,0.025,0.025,0.01,0.01,none,1.002302935189799,1.0027173266711236,0.9951670716889031,1.0154232760469357,0,0,0,0,0,0.0,2.3237683971594443,0.9553151044015352,1.0
105,3,4,2026094832,0.45,0.5625,0.0,0.025,0.025,0.01,0.01,none,0.9965112006788482,1.0030576436656489,1.0101894324240972,0.9810069206414701,0,0,0,0,0,0.0,2.4217446267771003,0.9547505575333671,1.0
105,3,5,2026094833,0.45,0.5625,0.0,0.025,0.025,0.01,0.01,none,1.0012579486164106,1.003880671369846,1.004820873165445,0.9996471216141476,0,0,0,0,0,0.0,2.414092562286142,0.9545442330354097,1.0
105,3,6,2026094834,0.45,0.5625,0.0,0.025,0.025,0.01,0.01,none,1.0072123168643325,1.002042214148006,0.995660876228586,1.0053994380215532,0,0,0,0,0,0.0,2.3575127890236187,0.9549708300433841,1.0
105,3,7,2026094835,0.45,0.5625,0.0,0.025,0.025,0.01,0.01,none,1.0002162154940895,0.9953594090972654,1.0127165911892941,1.0144413111410537,0,0,0,0,0,0.0,2.4781411745790054,0.9535943051751673,1.0
105,3,8,2026094836,0.45,0.5625,0.0,0.025,0.025,0.01,0.01,none,1.0021674862928973,1.000232743239645,0.9982010431837514,1.0027267365194443,0,0,0,0,0,0.0,2.3763013624149396,0.9548795312879604,1.0
105,3,9,2026094837,0.45,0.5625,0.0,0.025,0.025,0.01,0.01,none,1.006470559419096,1.0050319222427888,1.0090595420408173,0.994831556236228,0,0,0,0,0,0.0,2.453911638501739,0.9541544453063975,1.0
105,3,10,2026094838,0.45,0.5625,0.0,0.025,0.025,0.01,0.01,none,0.9943323347225586,0.9948975358907564,0.9871759626188281,1.0010317249080447,0,0,0,0,0,0.0,2.2435520750490556,0.9559807279697292,1.0
105,3,11,2026094839,0.45,0.5625,0.0,0.025,0.025,0.01,0.01,none,1.0018648741627885,1.0056202256343079,1.0164632930551938,1.0056743488238138,0,0,0,0,0,0.0,2.449675141329354,0.9544983504292209,1.0
105,3,12,2026094840,0.45,0.5625,0.0,0.025,0.025,0.01,0.01,none,1.003348917825155,1.000164278377833,1.0041885294461617,0.9875188617202774,0,0,0,0,0,0.0,2.39496810729448,0.9546687910435977,1.0
105,3,13,2026094841,0.45,0.5625,0.0,0.025,0.025,0.01,0.01,none,1.0022240056780942,0.998318409682852,1.0010492066444887,0.9899968544501364,0,0,0,0,0,0.0,2.396622333370427,0.9543857163236004,1.0
105,3,14,2026094842,0.45,0.5625,0.0,0.025,0.025,0.01,0.01,none,1.0041024004731163,0.9980727588651596,0.9908855416000899,1.0125058645043392,0,0,0,0,0,0.0,2.3012516562623393,0.9557859219526121,1.0
105,3,15,2026094843,0.45,0.5625,0.0,0.025,0.025,0.01,0.01,none,1.002275687253136,1.0020910140748969,1.0110756911687282,1.0014934022584856,0,0,0,0,0,0.0,2.424209561546996,0.9548748395383381,1.0
105,3,16,2026094844,0.45,0.5625,0.0,0.025,0.025,0.01,0.01,none,1.002861962872932,0.9974236339664773,0.9830740022785808,0.9993603342945264,0,0,0,0,0,0.0,2.2851097215446643,0.9552494376297831,1.0
105,3,17,2026094845,0.45,0.5625,0.0,0.025,0.025,0.01,0.01,none,0.9975719263810476,0.9944799858008382,1.011803989125519,0.9930148583851054,0,0,0,0,0,0.0,2.417095746859912,0.9547728328506334,1.0
105,3,18,2026094846,0.45,0.5625,0.0,0.025,0.025,0.01,0.01,none,0.9935689152855124,0.9938307462000718,0.9995411705372461,1.0026251581944015,0,0,0,0,0,0.0,2.3221675464592475,0.9559613872376255,1.0
105,3,19,2026094847,0.45,0.5625,0.0,0.025,0.025,0.01,0.01,none,0.9987601181958926,0.9989377959431365,1.0150590380407745,1.0252675298822458,0,0,0,0,0,0.0,2.450322429521155,0.9546452398332332,1.0
105,4,0,2026095837,0.45,0.5625,0.0,0.025,0.025,0.01,0.01,none,1.0018284267494315,0.9956468971592514,1.002854347585068,0.9933172319937015,0,0,0,0,0,0.0,1.6390604088462708,0.9568646701646796,1.008808139531883
105,4,1,2026095838,0.45,0.5625,0.0,0.025,0.025,0.01,0.01,none,1.0011910622731197,1.0075221890069002,0.9904142687528026,0.9875831654943642,0,0,0,0,0,0.0,1.6281885109966012,0.9564331980035099,1.0086224795979386
105,4,2,2026095839,0.45,0.5625,0.0,0.025,0.025,0.01,0.01,none,0.998934537060256,0.9967738406125469,0.9841786566311242,1.0030195458216713,0,0,0,0,0,0.0,1.561862964562577,0.9578873415202142,1.009172236011742
105,4,3,2026095840,0.45,0.5625,0.0,0.025,0.025,0.01,0.01,none,0.9962693386900409,0.9978169158416121,1.0114581166734697,0.9876683336830029,0,0,0,0,0,0.0,1.6904195433545572,0.9562416857007211,1.008614401525799
105,4,4,2026095841,0.45,0.5625,0.0,0.025,0.025,0.01,0.01,none,1.0101210538916299,1.005574806374866,0.9880227536907182,1.0039570386790146,0,0,0,0,0,0.0,1.6230432786880415,0.9562036724427113,1.0096343097956233
105,4,5,2026095842,0.45,0.5625,0.0,0.025,0.025,0.01,0.01,none,0.9977515066719089,0.994570877795502,1.0098666844174655,0.9882812039435253,0,0,0,0,0,0.0,1.691479985650377,0.9561863423155077,1.008579092651245
105,4,6,2026095843,0.45,0.5625,0.0,0.025,0.025,0.01,0.01,none,1.0055628385467417,0.9999464215773983,0.9951697817264448,1.0041749441002366,0,0,0,0,0,0.0,1.6521884621047744,0.9561387273286779,1.0089638149017515
105,4,7,2026095844,0.45,0.5625,0.0,0.025,0.025,0.01,0.01,none,0.9910811918556813,1.0063855797479917,0.9990445067728804,1.0050322463076629,0,0,0,0,0,0.0,1.6196614753698702,0.9571363060923546,1.0089181773716311
105,4,8,2026095845,0.45,0.5625,0.0,0.025,0.025,0.01,0.01,none,0.9962896299253511,1.0007972683402488,0.9960852658953118,0.983788375790262,0,0,0,0,0,0.0,1.609463431894224,0.9571971790103354,1.0086684998743927
105,4,9,2026095846,0.45,0.5625,0.0,0.025,0.025,0.01,0.01,none,1.0079225701057093,0.9994372892314566,0.9966530006491326,0.9883047196542445,0,0,0,0,0,0.0,1.6197426892034075,0.9570536258224959,1.0090819631416112
105,4,10,2026095847,0.45,0.5625,0.0,0.025,0.025,0.01,0.01,none,0.9902789615593022,1.0058644750842156,1.0150456513590265,1.016111278982278,0,0,0,0,0,0.0,1.6929594526857519,0.9560279468096252,1.0089522138429339
105,4,11,2026095848,0.45,0.5625,0.0,0.025,0.025,0.01,0.01,none,0.9990978130453638,0.9970172703456489,0.9872910835018694,1.00637598514844,0,0,0,0,0,0.0,1.5854396814620424,0.9569888662665176,1.009292454690303
105,4,12,2026095849,0.45,0.5625,0.0,0.025,0.025,0.01,0.01,none,0.9973159557195856,0.9977031776451812,1.0037190062954586,1.0147551350386004,0,0,0,0,0,0.0,1.6372709046233465,0.9571282378974098,1.009049936405308
105,4,13,2026095850,0.45,0.5625,0.0,0.025,0.025,0.01,0.01,none,0.9983441052270671,1.0056445845426487,0.9831277259528304,1.0081456959192412,0,0,0,0,0,0.0,1.5580110240898488,0.9576491367401644,1.0094325631577397
105,4,14,2026095851,0.45,0.5625,0.0,0.025,0.025,0.01,0.01,none,1.0011704357723081,0.9933904612788906,1.0077978070342746,0.989950768029728,0,0,0,0,0,0.0,1.665601749352979,0.9563940485752583,1.0087039755477551
105,4,15,2026095852,0.45,0.5625,0.0,0.025,0.025,0.01,0.01,none,0.9987136672305076,1.0087813982664753,0.9816093260966285,0.9852580740053963,0,0,0,0,0,0.0,1.5853775467101683,0.9568370468101526,1.0087801568616366
105,4,16,2026095853,0.45,0.5625,0.0,0.025,0.025,0.01,0.01,none,1.0019443284787009,1.0002802687345123,1.0012303764729804,0.9878151388403439,0,0,0,0,0,0.0,1.6679072561454351,0.9558892017223807,1.008641918391
105,4,17,2026095854,0.45,0.5625,0.0,0.025,0.025,0.01,0.01,none,0.9974201166667459,0.9970665916825076,0.9893316557355258,0.9898622283880238,0,0,0,0,0,0.0,1.5907087553753676,0.957409074905986,1.008941284669431
105,4,18,2026095855,0.45,0.5625,0.0,0.025,0.025,0.01,0.01,none,0.9992684508062397,0.9966173136656317,1.00233300762155,1.0108831600966184,0,0,0,0,0,0.0,1.6577089284475393,0.9562749055902665,1.0091956166840008
105,4,19,2026095856,0.45,0.5625,0.0,0.025,0.025,0.01,0.01,none,0.9994475928991596,0.9955081062900325,1.0110142268319235,1.0138955830617655,0,0,0,0,0,0.0,1.6697411785048775,0.9566860038114421,1.0092517240674361
105,5,0,2026096846,0.45,0.5625,0.0,0.025,0.025,0.01,0.01,none,0.9992642032886292,0.9975882777263215,0.9823217467401177,0.9917090175999816,0,0,0,0,0,0.0,0.8138989274291204,0.9656390479307237,1.006702802976216
105,5,1,2026096847,0.45,0.5625,0.0,0.025,0.025,0.01,0.01,none,1.0057608662752733,0.9976137815671035,0.993531794220001,0.9986243923334233,0,0,0,0,0,0.0,0.858606472724116,0.9645865375597521,1.0064384928662446
105,5,2,2026096848,0.45,0.5625,0.0,0.025,0.025,0.01,0.01,none,1.0047181861276795,0.9982161582275019,0.9817482973248981,0.9916023492107897,0,0,0,0,0,0.0,0.824051611844406,0.9654901566383493,1.0067415317373785
105,5,3,2026096849,0.45,0.5625,0.0,0.025,0.025,0.01,0.01,none,0.998485802750762,0.9994452623877587,0.9997010291846475,0.995361680553246,0,0,0,0,0,0.0,0.8331914645254628,0.9657220096585609,1.0063382097395377
105,5,4,2026096850,0.45,0.5625,0.0,0.025,0.025,0.01,0.01,none,0.9981893266008879,0.9988841301367549,1.0024254257692835,1.0086535016860936,0,0,0,0,0,0.0,0.8587533792062005,0.9648755528012775,1.0067148381454127
105,5,5,2026096851,0.45,0.5625,0.0,0.025,0.025,0.01,0.01,none,1.0004440082859027,1.0050789694670743,0.9872829936625742,1.010441101177708,0,0,0,0,0,0.0,0.8271922701254958,0.9656176033787455,1.006789713812325
105,5,6,2026096852,0.45,0.5625,0.0,0.025,0.025,0.01,0.01,none,1.0047353316147798,1.0037006562548036,1.026491095261321,0.9944778779165155,0,0,0,0,0,0.0,0.8926687723145018,0.965320111625671,1.006390595478556
105,5,7,2026096853,0.45,0.5625,0.0,0.025,0.025,0.01,0.01,none,1.004879044470345,0.9929315278881814,1.0087030039823128,0.9850656568622604,0,0,0,0,0,0.0,0.864569758463159,0.9651609169485789,1.0063787262539423
105,5,8,2026096854,0.45,0.5625,0.0,0.025,0.025,0.01,0.01,none,1.006957443041072,0.9975909350735098,1.0014381108104435,0.9989064236328243,0,0,0,0,0,0.0,0.8575874451418302,0.9652200343363172,1.0066524039812306
105,5,9,2026096855,0.45,0.5625,0.0,0.025,0.025,0.01,0.01,none,1.0024967978541055,0.9962631529453998,1.0201347682686313,1.0155789461328175,0,0,0,0,0,0.0,0.8842466443831213,0.9650320343172406,1.0065382978086903
105,5,10,2026096856,0.45,0.5625,0.0,0.025,0.025,0.01,0.01,none,0.9978553992877071,0.9949349493911518,1.015148734497705,1.0082997760619978,0,0,0,0,0,0.0,0.8813149423526769,0.9649125335985499,1.0067262278714026
105,5,11,2026096857,0.45,0.5625,0.0,0.025,0.025,0.01,0.01,none,0.9980813938731606,0.9985070920227365,0.994236013667889,0.9902672908644139,0,0,0,0,0,0.0,0.8302421156062757,0.9656165303168587,1.0063934398703387
105,5,12,2026096858,0.45,0.5625,0.0,0.025,0.025,0.01,0.01,none,1.0006583241974072,0.997455601939568,0.9892760894064638,0.9899591839520745,0,0,0,0,0,0.0,0.834105778389346,0.9652197563593614,1.006529214802865
105,5,13,2026096859,0.45,0.5625,0.0,0.025,0.025,0.01,0.01,none,0.9970234629466862,1.0009411812509033,0.9900340412887454,1.0002202432637222,0,0,0,0,0,0.0,0.8214604049977527,0.9653586903201641,1.0064761852703834
105,5,14,2026096860,0.45,0.5625,0.0,0.025,0.025,0.01,0.01,none,1.0018658548312038,0.9969183012037661,0.9991414773340915,1.0009971311623134,0,0,0,0,0,0.0,0.8528949645854909,0.9648466960257022,1.0065981665718584
105,5,15,2026096861,0.45,0.5625,0.0,0.025,0.025,0.01,0.01,none,0.994442038816101,1.0007778545293582,0.9950057518544239,1.0011898906341312,0,0,0,0,0,0.0,0.8448984007905318,0.965060300050173,1.0065233123648138
105,5,16,2026096862,0.45,0.5625,0.0,0.025,0.025,0.01,0.01,none,0.9991983165778456,1.0016829885388845,1.0009813677266008,0.9933052217000115,0,0,0,0,0,0.0,0.8507170360607889,0.9653168614652671,1.0065528063431117
105,5,17,2026096863,0.45,0.5625,0.0,0.025,0.025,0.01,0.01,none,1.0030683771430662,0.9918048490791301,1.0052381115778828,1.01463447731019,0,0,0,0,0,0.0,0.8554542600436923,0.965213497557877,1.0064851096520897
105,5,18,2026096864,0.45,0.5625,0.0,0.025,0.025,0.01,0.01,none,0.9982965835668093,0.9977446114539127,1.0118922285052379,1.0015820488359215,0,0,0,0,0,0.0,0.8616470159121642,0.9655695814386401,1.006489759103371
105,5,19,2026096865,0.45,0.5625,0.0,0.025,0.025,0.01,0.01,none,1.0111144768922289,0.9946679712431766,1.0059848049988438,0.9839850552412279,0,0,0,0,0,0.0,0.8721816319798714,0.9649681681395076,1.006411823368514
105,6,0,2026097855,0.45,0.5625,0.0,0.025,0.025,0.01,0.01,none,0.9934101298871133,0.9996401207461071,1.002226436819597,0.9851584895238695,0,0,0,0,0,0.0,1.3735254599331659,0.9617396465604582,1.0067508128566214
105,6,1,2026097856,0.45,0.5625,0.0,0.025,0.025,0.01,0.01,none,0.9995683355973305,0.9990681638119252,0.9971511664797832,0.9906269699192819,0,0,0,0,0,0.0,1.3804681381581339,0.9614311589313259,1.0068596091209743
105,6,2,2026097857,0.45,0.5625,0.0,0.025,0.025,0.01,0.01,none,1.0046208552060798,0.9994703452365641,0.9838091969584706,0.986883767806144,0,0,0,0,0,0.0,1.3232387782080983,0.9619678851449641,1.0070674106916504
105,6,3,2026097858,0.45,0.5625,0.0,0.025,0.025,0.01,0.01,none,1.0019164111350083,0.9973312477763854,0.9887989701888714,0.9914423588663798,0,0,0,0,0,0.0,1.3487244692917897,0.9616379950394378,1.0069513237613426
105,6,4,2026097859,0.45,0.5625,0.0,0.025,0.025,0.01,0.01,none,0.9987290398743806,0.9983963381576676,0.9832592161970484,0.9905544320598145,0,0,0,0,0,0.0,1.3510970151303645,0.9611349139890659,1.0070678418872303
105,6,5,2026097860,0.45,0.5625,0.0,0.025,0.025,0.01,0.01,none,0.9950513627671033,0.9986023386718405,1.0071347871247107,0.9979372359777777,0,0,0,0,0,0.0,1.4057947048684178,0.9612104624272234,1.0069037906193836
105,6,6,2026097861,0.45,0.5625,0.0,0.025,0.025,0.01,0.01,none,0.9946333982520547,1.0008393100717698,0.9980137789765058,1.0004783820755692,0,0,0,0,0,0.0,1.3634365395226953,0.9617619700477557,1.0070675065725712
105,6,7,2026097862,0.45,0.5625,0.0,0.025,0.025,0.01,0.01,none,1.0011579631417136,1.0000729143030491,0.9928532441318763,0.998216036837934,0,0,0,0,0,0.0,1.3592429441408345,0.9615299743158545,1.0072250632398347
105,6,8,2026097863,0.45,0.5625,0.0,0.025,0.025,0.01,0.01,none,1.0007213484988784,1.0030600221235964,0.9930087980340865,0.9972218694632349,0,0,0,0,0,0.0,1.3645960131218977,0.9612989538147172,1.0070901898983635
105,6,9,2026097864,0.45,0.5625,0.0,0.025,0.025,0.01,0.01,none,0.9938439974043347,1.0056883858176995,1.0033153927400256,1.0157876337563465,0,0,0,0,0,0.0,1.3875731544575398,0.9610992188951512,1.0071731634561303
105,6,10,2026097865,0.45,0.5625,0.0,0.025,0.025,0.01,0.01,none,0.9969995805124509,0.9991291213998408,1.0010239795345628,1.0136140536775788,0,0,0,0,0,0.0,1.3808936422852593,0.9613683972449593,1.0071693811468847
105,6,11,2026097866,0.45,0.5625,0.0,0.025,0.025,0.01,0.01,none,1.0019348253360512,0.9924367395746432,0.9889033770388224,1.00533242980406,0,0,0,0,0,0.0,1.3574294865471368,0.9613077533375187,1.0069728979464654
105,6,12,2026097867,0.45,0.5625,0.0,0.025,0.025,0.01,0.01,none,0.9945937338772748,1.0004446335066004,0.9998187275214195,0.9906533553551702,0,0,0,0,0,0.0,1.3809731189440435,0.9614947456606081,1.0066758440154724
105,6,13,2026097868,0.45,0.5625,0.0,0.025,0.025,0.01,0.01,none,0.9974756870275083,1.0002694174505555,1.0165971652807384,1.016623853752507,0,0,0,0,0,0.0,1.4438041586653474,0.9605620676248648,1.0069221752471469
105,6,14,2026097869,0.45,0.5625,0.0,0.025,0.025,0.01,0.01,none,1.0005245679322825,1.000498182055986,0.995972308762945,0.99328498482505,0,0,0,0,0,0.0,1.357263652343711,0.9616308307513987,1.0068518277059815
105,6,15,2026097870,0.45,0.5625,0.0,0.025,0.025,0.01,0.01,none,1.0040401901777607,1.0034793314577881,0.9932235380594296,1.0086597921219609,0,0,0,0,0,0.0,1.3640879768269059,0.9612877919036694,1.0070357419434852
105,6,16,2026097871,0.45,0.5625,0.0,0.025,0.025,0.01,0.01,none,1.0011163572004855,0.997510116818999,0.9830180466468446,0.986049084059316,0,0,0,0,0,0.0,1.3288346108253268,0.9617538522619185,1.0070178365911506
105,6,17,2026097872,0.45,0.5625,0.0,0.025,0.025,0.01,0.01,none,1.0016498144884258,1.0037094719399695,0.995602862060141,0.9912289257597735,0,0,0,0,0,0.0,1.380195291011497,0.9611269075723106,1.0070177832190401
105,6,18,2026097873,0.45,0.5625,0.0,0.025,0.025,0.01,0.01,none,1.0032531135918061,0.995048293272568,0.9904346527353521,1.0059782594596665,0,0,0,0,0,0.0,1.3604748031309652,0.9613394211008298,1.0070961012233295
105,6,19,2026097874,0.45,0.5625,0.0,0.025,0.025,0.01,0.01,none,0.9974947804899739,0.9993547284943997,1.0197837772446032,0.991163684957692,0,0,0,0,0,0.0,1.4634292897924217,0.9606091836882492,1.0065606061842438
105,7,0,2026098864,0.45,0.5625,0.0,0.025,0.025,0.01,0.01,none,0.9956534335432492,1.003892853894669,1.0009242410708055,0.998934206085506,0,0,0,0,0,0.0,0.818624402121491,0.9655541171466616,1.005088527579374
105,7,1,2026098865,0.45,0.5625,0.0,0.025,0.025,0.01,0.01,none,1.0043452014772678,1.0029901671017,1.008688150909936,0.9950110197222918,0,0,0,0,0,0.0,0.842074978280539,0.9650631835327144,1.0050023134771522
105,7,2,2026098866,0.45,0.5625,0.0,0.025,0.025,0.01,0.01,none,1.0034122098621814,0.9996677606879892,0.9884769683934115,0.9959433009931453,0,0,0,0,0,0.0,0.8028371356892884,0.9653680426027119,1.0051738421856
105,7,3,2026098867,0.45,0.5625,0.0,0.025,0.025,0.01,0.01,none,0.9994846328760072,1.0080635658778232,0.9984740091675577,1.0002458652457427,0,0,0,0,0,0.0,0.8167633181265009,0.965460853516734,1.0050780584371826
105,7,4,2026098868,0.45,0.5625,0.0,0.025,0.025,0.01,0.01,none,1.0047358473969135,0.9962747660311483,0.9980850919514362,1.0140080207739652,0,0,0,0,0,0.0,0.8177806618039893,0.9653835226766454,1.0052893723544585
105,7,5,2026098869,0.45,0.5625,0.0,0.025,0.025,0.01,0.01,none,0.9995364559877797,1.0034919085697305,0.9935860174252885,0.9864973729577272,0,0,0,0,0,0.0,0.8085249996615663,0.9653857072789833,1.005180393258264
105,7,6,2026098870,0.45,0.5625,0.0,0.025,0.025,0.01,0.01,none,0.9981391546289868,1.0043422633419081,0.9931288102892304,1.0087331796030008,0,0,0,0,0,0.0,0.8204968234387543,0.9652653810863897,1.0052468920461655
105,7,7,2026098871,0.45,0.5625,0.0,0.025,0.025,0.01,0.01,none,1.0026006973247494,1.0073728797490347,0.9869154000119289,1.0085848079169717,0,0,0,0,0,0.0,0.7945633674525171,0.9657529060558351,1.0053010231580095
105,7,8,2026098872,0.45,0.5625,0.0,0.025,0.025,0.01,0.01,none,1.0030598735909988,1.0018291811822122,1.0034542167607492,1.0107091018154333,0,0,0,0,0,0.0,0.8282407137098005,0.9650856900496679,1.0053291855571662
105,7,9,2026098873,0.45,0.5625,0.0,0.025,0.025,0.01,0.01,none,0.9981776093483895,1.0025354286405115,0.9951565380028881,1.020703791615698,0,0,0,0,0,0.0,0.8113566313476996,0.9656052806044809,1.005467036304916
105,7,10,2026098874,0.45,0.5625,0.0,0.025,0.025,0.01,0.01,none,0.997424749421295,1.0030335640393504,0.9787534724073867,1.0013406960746027,0,0,0,0,0,0.0,0.7880271890809849,0.9653969035144231,1.0052576634655888
105,7,11,2026098875,0.45,0.5625,0.0,0.025,0.025,0.01,0.01,none,1.0000368616856512,0.9998441646511248,0.9935526499829319,0.9968473914971525,0,0,0,0,0,0.0,0.80358793348608,0.96579613297495,1.0051721685795714
105,7,12,2026098876,0.45,0.5625,0.0,0.025,0.025,0.01,0.01,none,1.0017454095074179,1.0059579361314517,1.0051955421984573,1.0031508070429327,0,0,0,0,0,0.0,0.8378806374153298,0.964913759912479,1.0051747530567707
105,7,13,2026098877,0.45,0.5625,0.0,0.025,0.025,0.01,0.01,none,0.991210189415391,0.9985252790740489,0.9997638935619056,1.0047463510304977,0,0,0,0,0,0.0,0.8093962711736856,0.9657968373613082,1.005055294702469
105,7,14,2026098878,0.45,0.5625,0.0,0.025,0.025,0.01,0.01,none,0.9989277657811102,0.9999266510444713,1.0032463201638548,0.9930749548435492,0,0,0,0,0,0.0,0.8330363071262574,0.9651518084339892,1.0048283652955472
105,7,15,2026098879,0.45,0.5625,0.0,0.025,0.025,0.01,0.01,none,0.9963784558738534,0.993466451608626,0.9941020822069586,0.9990446770729181,0,0,0,0,0,0.0,0.8145013676800266,0.9654118609754468,1.0051845419003476
105,7,16,2026098880,0.45,0.5625,0.0,0.025,0.025,0.01,0.01,none,1.0027993423921349,0.9946392588811588,0.9964370323888898,0.970874610191201,0,0,0,0,0,0.0,0.8260981609264874,0.9651856921598073,1.0048493307001636
105,7,17,2026098881,0.45,0.5625,0.0,0.025,0.025,0.01,0.01,none,0.9953084291444151,1.002445400110482,0.9938396518393894,1.0036174945834762,0,0,0,0,0,0.0,0.810238863775804,0.9656262242822412,1.0051834452101185
105,7,18,2026098882,0.45,0.5625,0.0,0.025,0.025,0.01,0.01,none,1.0015179298074837,1.0039842167665844,0.9893057546075875,1.0161539363986585,0,0,0,0,0,0.0,0.8028538253856535,0.9654405949492023,1.0056631677500447
105,7,19,2026098883,0.45,0.5625,0.0,0.025,0.025,0.01,0.01,none,0.9955128116268159,1.0080067609647092,0.9890845835274013,1.0038301317030824,0,0,0,0,0,0.0,0.8175126150238607,0.9650962196473583,1.0052106003299692
105,8,0,2026099873,0.45,0.5625,0.0,0.025,0.025,0.01,0.01,none,1.0080689801862563,0.9969545475764205,1.0058748129413688,1.0283500711738707,0,0,0,0,0,0.0,1.2688467415062679,0.9628492844081057,1.013823969294481
105,8,1,2026099874,0.45,0.5625,0.0,0.025,0.025,0.01,0.01,none,0.9922866371308556,1.003214680480506,1.01107581258145,1.003181717379724,0,0,0,0,0,0.0,1.2684027770991706,0.9627065225421853,1.0117714012604142
105,8,2,2026099875,0.45,0.5625,0.0,0.025,0.025,0.01,0.01,none,0.9955960382942842,1.0006909690962005,1.0030366433667743,1.0007164457542692,0,0,0,0,0,0.0,1.2499010245959101,0.9628543905709562,1.0119241875316731
105,8,3,2026099876,0.45,0.5625,0.0,0.025,0.025,0.01,0.01,none,1.003900305532597,1.0075032073200882,1.006854021228607,0.971271649176001,0,0,0,0,0,0.0,1.2829279207604312,0.9620313635660553,1.0104328781127376
105,8,4,2026099877,0.45,0.5625,0.0,0.025,0.025,0.01,0.01,none,1.0034179483992531,1.005142947913247,1.0085967563258296,0.992865296136787,0,0,0,0,0,0.0,1.279222622346385,0.9623008388233437,1.0114673621441483
105,8,5,2026099878,0.45,0.5625,0.0,0.025,0.025,0.01,0.01,none,1.000837292184229,1.004568658315477,1.0039143811099447,0.9922726542609436,0,0,0,0,0,0.0,1.2398395153355286,0.9633014187224832,1.0116774904531405
105,8,6,2026099879,0.45,0.5625,0.0,0.025,0.025,0.01,0.01,none,0.9953483104916808,0.9963505489948545,1.0199744445697008,0.9961902279961488,0,0,0,0,0,0.0,1.3039826152285987,0.9620060445658607,1.010818237241461
105,8,7,2026099880,0.45,0.5625,0.0,0.025,0.025,0.01,0.01,none,0.9931044672830517,0.9954603083870591,1.0042062464199164,0.9966191868667332,0,0,0,0,0,0.0,1.263565248854104,0.9625916603576988,1.0112391558432337
105,8,8,2026099881,0.45,0.5625,0.0,0.025,0.025,0.01,0.01,none,0.9967939298596664,0.9961559952117888,0.9958395781158016,1.012657110535209,0,0,0,0,0,0.0,1.2358216052123245,0.9628120443559145,1.0120792678889001
105,8,9,2026099882,0.45,0.5625,0.0,0.025,0.025,0.01,0.01,none,1.0003275365156397,0.9998225851092549,0.9952303522609119,1.0111996049967635,0,0,0,0,0,0.0,1.2547867477600527,0.9623500948395068,1.0120163441458983
105,8,10,2026099883,0.45,0.5625,0.0,0.025,0.025,0.01,0.01,none,0.9979747801053286,1.0079377180305893,0.9887964799903003,0.989787988181094,0,0,0,0,0,0.0,1.2177655340750992,0.96302120025414,1.0113082714500665
105,8,11,2026099884,0.45,0.5625,0.0,0.025,0.025,0.01,0.01,none,0.9993319970397468,1.0060642589256061,0.9934001639680657,1.0093660060174021,0,0,0,0,0,0.0,1.2373469986674883,0.9627839685480679,1.0124889398377657
105,8,12,2026099885,0.45,0.5625,0.0,0.025,0.025,0.01,0.01,none,1.0090455589720952,1.0024323366385364,1.0175014487426899,0.9989264285036565,0,0,0,0,0,0.0,1.3221984024780582,0.9614215281986339,1.0110810463297848
105,8,13,2026099886,0.45,0.5625,0.0,0.025,0.025,0.01,0.01,none,1.0060901880683981,1.0003789368952931,1.0023821221240583,0.9982825261604535,0,0,0,0,0,0.0,1.2799265469806207,0.9618992633331048,1.011256745334664
105,8,14,2026099887,0.45,0.5625,0.0,0.025,0.025,0.01,0.01,none,0.9950723119062144,0.9931577904330217,0.9832876526170344,1.003921035771058,0,0,0,0,0,0.0,1.216584603623205,0.9627716033923871,1.0116301873064508
105,8,15,2026099888,0.45,0.5625,0.0,0.025,0.025,0.01,0.01,none,1.0040418936199054,0.9972153723679317,1.0267455667784446,0.9860953254645101,0,0,0,0,0,0.0,1.3266900379954845,0.9617319634882205,1.0108492069952202
105,8,16,2026099889,0.45,0.5625,0.0,0.025,0.025,0.01,0.01,none,0.9954932570707893,0.9954821579393179,1.0045408991906881,1.0033990246702786,0,0,0,0,0,0.0,1.261464526740482,0.9627300492265666,1.011336134562218
105,8,17,2026099890,0.45,0.5625,0.0,0.025,0.025,0.01,0.01,none,0.9978589081041267,1.0027736953276587,0.9992958623941075,0.9904122317807211,0,0,0,0,0,0.0,1.2608602490568084,0.9622352683814919,1.0108630051515024
105,8,18,2026099891,0.45,0.5625,0.0,0.025,0.025,0.01,0.01,none,0.9916108293443632,0.9924082073347449,0.9984555525511809,0.9834545137876602,0,0,0,0,0,0.0,1.2281155526899565,0.9632524017297539,1.0108695992044583
105,8,19,2026099892,0.45,0.5625,0.0,0.025,0.025,0.01,0.01,none,0.9948324442555265,1.0013593062596742,0.998675886190105,1.0034361384667707,0,0,0,0,0,0.0,1.2286399006140913,0.9633796186409083,1.0117214529613772
105,9,0,2026100882,0.45,0.5625,0.0,0.025,0.025,0.01,0.01,none,0.9975568699278522,1.0027488531338404,1.0076401520105396,1.0151529970777422,0,0,0,0,0,0.0,0.8841372718040338,0.9656063482818589,1.0099428033208535
105,9,1,2026100883,0.45,0.5625,0.0,0.025,0.025,0.01,0.01,none,0.9982618373807407,1.0016685121248257,1.00161840399178,1.0064415522878127,0,0,0,0,0,0.0,0.8794333098179402,0.9653589512241444,1.009800915565961
105,9,2,2026100884,0.45,0.5625,0.0,0.025,0.025,0.01,0.01,none,1.004098406919477,0.9981465064287015,1.00485861384671,0.9964992014794136,0,0,0,0,0,0.0,0.8849601819704365,0.9654829252212938,1.0098769965109566
105,9,3,2026100885,0.45,0.5625,0.0,0.025,0.025,0.01,0.01,none,1.0011547920268071,0.9987833425908638,0.9944914197698858,1.0158679355259563,0,0,0,0,0,0.0,0.8618220707770585,0.9657535478722725,1.0103674560459495
105,9,4,2026100886,0.45,0.5625,0.0,0.025,0.025,0.01,0.01,none,1.0011119771558932,0.9936160137326393,1.006426013505373,0.9932098147654352,0,0,0,0,0,0.0,0.891826368329602,0.9652162335229462,1.0097284545911627
105,9,5,2026100887,0.45,0.5625,0.0,0.025,0.025,0.01,0.01,none,1.0043534370967848,1.003520043225168,0.9907356570762472,1.0129600344793213,0,0,0,0,0,0.0,0.8505260965797395,0.9657511138835161,1.0103055358551354
105,9,6,2026100888,0.45,0.5625,0.0,0.025,0.025,0.01,0.01,none,1.0038886184887093,1.0066848711684364,0.9811275242462676,0.9828073722401974,0,0,0,0,0,0.0,0.8515658153741815,0.9655818337071309,1.0098532548712644
105,9,7,2026100889,0.45,0.5625,0.0,0.025,0.025,0.01,0.01,none,1.0035652935235952,0.994848249742027,1.0085144882489776,0.9950624222280484,0,0,0,0,0,0.0,0.8927434060606438,0.9654158225917118,1.0097130412599529
105,9,8,2026100890,0.45,0.5625,0.0,0.025,0.025,0.01,0.01,none,0.9974861088965586,0.9954123013885376,1.0045847353341744,1.0004353327781945,0,0,0,0,0,0.0,0.8730323446364794,0.9657828758840228,1.0096438620049542
105,9,9,2026100891,0.45,0.5625,0.0,0.025,0.025,0.01,0.01,none,1.002636604525862,0.9965629492173917,1.0057419282879618,0.9894775919725971,0,0,0,0,0,0.0,0.8873028249553316,0.9652097988697662,1.009545150855585
105,9,10,2026100892,0.45,0.5625,0.0,0.025,0.025,0.01,0.01,none,0.9961204691196489,1.0066234640162233,1.007269340587074,1.0143064939323299,0,0,0,0,0,0.0,0.880046675811807,0.9654737207629771,1.0103293302359437
105,9,11,2026100893,0.45,0.5625,0.0,0.025,0.025,0.01,0.01,none,0.994111537907344,1.0010240023977155,1.0027729719201792,0.9921225907799076,0,0,0,0,0,0.0,0.8621772137879252,0.9660602155567775,1.0094302642646134
105,9,12,2026100894,0.45,0.5625,0.0,0.025,0.025,0.01,0.01,none,1.0069837217302617,1.0056522728091977,1.0056298188974622,0.9943082445557484,0,0,0,0,0,0.0,0.8856267594207348,0.9653425385276956,1.00981000723009
105,9,13,2026100895,0.45,0.5625,0.0,0.025,0.025,0.01,0.01,none,1.0003669758902534,1.000037462179935,1.0169219190537024,1.0012761934084338,0,0,0,0,0,0.0,0.9043378524839035,0.9654201772322104,1.0098023701517662
105,9,14,2026100896,0.45,0.5625,0.0,0.025,0.025,0.01,0.01,none,1.0006138692674171,1.0026511434691994,1.0092671156603903,1.0064000226838814,0,0,0,0,0,0.0,0.90140621803103,0.9651924209813969,1.0097280946991452
105,9,15,2026100897,0.45,0.5625,0.0,0.025,0.025,0.01,0.01,none,1.0011689051404717,1.0027843789220205,1.011038271648309,0.9966659951818228,0,0,0,0,0,0.0,0.9003618400608829,0.9652097788829065,1.0099284063238374
105,9,16,2026100898,0.45,0.5625,0.0,0.025,0.025,0.01,0.01,none,0.9972328732507453,0.9979986885408008,1.0043375855104846,1.0009412552803951,0,0,0,0,0,0.0,0.8768848247628742,0.9655161666832763,1.009524599617391
105,9,17,2026100899,0.45,0.5625,0.0,0.025,0.025,0.01,0.01,none,1.002683079990981,0.9989659852618268,1.010320765174493,0.9978247310477252,0,0,0,0,0,0.0,0.8837438372458751,0.9656601513568466,1.0099681916425167
105,9,18,2026100900,0.45,0.5625,0.0,0.025,0.025,0.01,0.01,none,1.004754436814671,1.001525476297162,0.9969037652251674,1.0153878442637914,0,0,0,0,0,0.0,0.8661950337464639,0.9656202841006709,1.0101094272669684
105,9,19,2026100901,0.45,0.5625,0.0,0.025,0.025,0.01,0.01,none,0.9981671796563019,1.0014949012726189,1.0078110140034398,1.0163250784569766,0,0,0,0,0,0.0,0.8857170241483033,0.965291268146894,1.0099132114449685
105,10,0,2026101891,0.45,0.5625,0.0,0.025,0.025,0.01,0.01,none,1.001843746503383,1.008279393402463,0.9968971397932802,0.9915948469217385,0,0,0,0,0,0.0,0.8564694427041034,0.9651380050265632,1.0077415116144464
105,10,1,2026101892,0.45,0.5625,0.0,0.025,0.025,0.01,0.01,none,0.9984412123806049,1.0002873928155178,0.9928681325156955,1.005065462449367,0,0,0,0,0,0.0,0.8505014648186359,0.9649250335478889,1.0075298068964518
105,10,2,2026101893,0.45,0.5625,0.0,0.025,0.025,0.01,0.01,none,1.004648595981927,0.9946444408918599,0.9918508116202323,0.9956228954149209,0,0,0,0,0,0.0,0.8332217208414231,0.9658499671004482,1.0078642926711179
105,10,3,2026101894,0.45,0.5625,0.0,0.025,0.025,0.01,0.01,none,1.0106939639313748,0.9941452646365032,0.9988123430123943,0.9986406043578777,0,0,0,0,0,0.0,0.8492472369823566,0.9653267107508879,1.0078640584215424
105,10,4,2026101895,0.45,0.5625,0.0,0.025,0.025,0.01,0.01,none,1.0016104627691582,0.9956124588559897,0.9940593862147724,1.0029191408665645,0,0,0,0,0,0.0,0.8459309591419637,0.9654304622913699,1.0076852961088145
105,10,5,2026101896,0.45,0.5625,0.0,0.025,0.025,0.01,0.01,none,1.0045591076403664,0.9978497802797656,1.011188235040859,1.0102770868614628,0,0,0,0,0,0.0,0.8786110311608682,0.9650327225803252,1.0078771323914308
105,10,6,2026101897,0.45,0.5625,0.0,0.025,0.025,0.01,0.01,none,1.0061827465975843,0.9972600503712701,0.9965363921231333,1.003764761291831,0,0,0,0,0,0.0,0.8417040336502659,0.9654686444338546,1.0076692064844794
105,10,7,2026101898,0.45,0.5625,0.0,0.025,0.025,0.01,0.01,none,0.9962079968286446,0.9978560579340428,1.0076429464700103,0.9943770504156085,0,0,0,0,0,0.0,0.8590617950896835,0.9656595294615816,1.0074769678063593
105,10,8,2026101899,0.45,0.5625,0.0,0.025,0.025,0.01,0.01,none,0.9999050171820398,0.9932513143958059,0.9975915678054854,0.9960353221667434,0,0,0,0,0,0.0,0.8390468759580246,0.9656004082718154,1.0076396899560136
105,10,9,2026101900,0.45,0.5625,0.0,0.025,0.025,0.01,0.01,none,0.9954934936845125,1.0014910237596915,1.018176587234988,0.988752015867632,0,0,0,0,0,0.0,0.8809699247061501,0.9653137688512512,1.007341638872244
105,10,10,2026101901,0.45,0.5625,0.0,0.025,0.025,0.01,0.01,none,0.9965985553829502,1.0052512302661991,1.0081652994867034,0.9950994655523029,0,0,0,0,0,0.0,0.8594005616595197,0.9653873810351298,1.0074311548946981
105,10,11,2026101902,0.45,0.5625,0.0,0.025,0.025,0.01,0.01,none,1.0004092974718062,0.9979814112466731,0.9925517613182939,1.0073127507597797,0,0,0,0,0,0.0,0.8371684480181947,0.9658387926810079,1.0080380110679679
105,10,12,2026101903,0.45,0.5625,0.0,0.025,0.025,0.01,0.01,none,0.9986435157816043,1.0022020444218047,0.9905088943719635,1.0113162410930483,0,0,0,0,0,0.0,0.8323582689976657,0.9655679434419806,1.0080705399524366
105,10,13,2026101904,0.45,0.5625,0.0,0.025,0.025,0.01,0.01,none,0.9998341078603954,0.9998605549477938,1.012251069122894,1.0038205095082167,0,0,0,0,0,0.0,0.868170473915724,0.9654003491823154,1.0078075806738038
105,10,14,2026101905,0.45,0.5625,0.0,0.025,0.025,0.01,0.01,none,1.003816402506175,0.9993256938646748,1.0012742328402982,1.0059699375277151,0,0,0,0,0,0.0,0.8494684301437875,0.9655155496063965,1.0077501644855134
105,10,15,2026101906,0.45,0.5625,0.0,0.025,0.025,0.01,0.01,none,1.0039682317299354,0.9987480320440277,1.004119395128138,1.0110621346878141,0,0,0,0,0,0.0,0.856867064748592,0.9652763785788073,1.007937426693719
105,10,16,2026101907,0.45,0.5625,0.0,0.025,0.025,0.01,0.01,none,0.9963228266968723,0.9963224465140883,0.9951626489946973,0.9945285896731866,0,0,0,0,0,0.0,0.8318252472118295,0.9658060995938129,1.0078465358817763
105,10,17,2026101908,0.45,0.5625,0.0,0.025,0.025,0.01,0.01,none,1.0024001029755474,1.004916583804982,1.0082177391992924,0.9884624438842696,0,0,0,0,0,0.0,0.8620745470600477,0.9653171680005709,1.0072258114965447
105,10,18,2026101909,0.45,0.5625,0.0,0.025,0.025,0.01,0.01,none,0.9929968947774543,0.9983870741580908,1.0031425267419092,1.0039570789711323,0,0,0,0,0,0.0,0.8426248373425134,0.9656494148453066,1.0076289128205773
105,10,19,2026101910,0.45,0.5625,0.0,0.025,0.025,0.01,0.01,none,0.9979533163734617,0.9999870380508737,1.0040769957440348,0.9597058794153424,0,0,0,0,0,0.0,0.8536099281701592,0.965444506645296,1.006981307500051
105,11,0,2026102900,0.45,0.5625,0.0,0.025,0.025,0.01,0.01,none,0.9930851568967949,1.011264710582443,1.0189126337901278,1.0227254672795296,0,0,0,0,0,0.0,1.3527523983508676,0.9609332022540334,1.0154883850935836
105,11,1,2026102901,0.45,0.5625,0.0,0.025,0.025,0.01,0.01,none,0.9949347195847299,1.0054571041929878,0.9763435666076977,0.9829840818571787,0,0,0,0,0,0.0,1.219789430101032,0.9630954501334319,1.0148649602336477
105,11,2,2026102902,0.45,0.5625,0.0,0.025,0.025,0.01,0.01,none,1.0050675892696463,0.9986137904561508,0.9887758981568597,0.9880158659431535,0,0,0,0,0,0.0,1.273309239268412,0.96209502266581,1.0149043440828032
105,11,3,2026102903,0.45,0.5625,0.0,0.025,0.025,0.01,0.01,none,0.9965744211768045,1.0014459014073167,0.9859917652542476,1.0038075268979376,0,0,0,0,0,0.0,1.2437379794075099,0.9627559179489855,1.0157937143357412
105,11,4,2026102904,0.45,0.5625,0.0,0.025,0.025,0.01,0.01,none,0.9950809663470673,0.9993006961018323,1.0085535139863089,1.0186731503086182,0,0,0,0,0,0.0,1.3125260068409799,0.96189895211595,1.0155755739087835
105,11,5,2026102905,0.45,0.5625,0.0,0.025,0.025,0.01,0.01,none,1.0005585082956223,1.0021451554687772,1.0005255041380967,1.0105992853896517,0,0,0,0,0,0.0,1.2964038699983083,0.9620973214687975,1.0159834764411093
105,11,6,2026102906,0.45,0.5625,0.0,0.025,0.025,0.01,0.01,none,0.9984017974798892,1.002384755378343,0.9882822706337342,0.9997894125251354,0,0,0,0,0,0.0,1.2611110615072885,0.9622871600664878,1.0149872066271355
105,11,7,2026102907,0.45,0.5625,0.0,0.025,0.025,0.01,0.01,none,0.9986973780884982,1.0027285830574915,0.99978688119506,1.0016582116265318,0,0,0,0,0,0.0,1.291024809896214,0.961772425175804,1.0144545398839746
105,11,8,2026102908,0.45,0.5625,0.0,0.025,0.025,0.01,0.01,none,1.0046409155224048,1.0024184909710867,0.9953010411086607,1.021330094727719,0,0,0,0,0,0.0,1.3125932097922937,0.9609589812133286,1.0160033107008752
105,11,9,2026102909,0.45,0.5625,0.0,0.025,0.025,0.01,0.01,none,0.9978880304954247,0.9971731937954245,1.0049020120285892,1.0080330717513921,0,0,0,0,0,0.0,1.312012184493553,0.9615935118965533,1.015245306513652
105,11,10,2026102910,0.45,0.5625,0.0,0.025,0.025,0.01,0.01,none,0.9945129435546768,1.007460053342514,0.9955200390382309,0.9886220997047612,0,0,0,0,0,0.0,1.299092438733468,0.9613170702701905,1.0137185050122441
105,11,11,2026102911,0.45,0.5625,0.0,0.025,0.025,0.01,0.01,none,1.0015845079385746,0.991642919282762,1.00156964124858,1.0106655107149654,0,0,0,0,0,0.0,1.300011497658107,0.9619478305263733,1.0155525977389337
105,11,12,2026102912,0.45,0.5625,0.0,0.025,0.025,0.01,0.01,none,0.9969658320936853,0.9963345595689851,0.9876737908517094,0.9893369645433749,0,0,0,0,0,0.0,1.2583265502049326,0.9624283521285079,1.0146891890645213
105,11,13,2026102913,0.45,0.5625,0.0,0.025,0.025,0.01,0.01,none,1.004371654902355,1.0030069298125852,1.003205401058725,1.0105370111861776,0,0,0,0,0,0.0,1.3116881175428166,0.9616673366467154,1.0152671682140078
105,11,14,2026102914,0.45,0.5625,0.0,0.025,0.025,0.01,0.01,none,0.9952187861773091,0.9990735668982887,1.0000886322273645,0.9945234819463284,0,0,0,0,0,0.0,1.2832595970646608,0.9620937547947023,1.014657494153028
105,11,15,2026102915,0.45,0.5625,0.0,0.025,0.025,0.01,0.01,none,0.9954152643219285,0.9861249877522617,0.9864783244014959,0.9885157633894943,0,0,0,0,0,0.0,1.250649727052392,0.9625466821353093,1.0146603449298688
105,11,16,2026102916,0.45,0.5625,0.0,0.025,0.025,0.01,0.01,none,0.992897092763611,1.0002735291951992,1.0046764256594987,1.0012851512775203,0,0,0,0,0,0.0,1.3027751446200762,0.9618400221828258,1.0148832615505496
105,11,17,2026102917,0.45,0.5625,0.0,0.025,0.025,0.01,0.01,none,0.9999958105248254,0.9985092105264165,1.0075607874201145,1.0108297267330677,0,0,0,0,0,0.0,1.3380306201058323,0.9608692787772307,1.014910281280369
105,11,18,2026102918,0.45,0.5625,0.0,0.025,0.025,0.01,0.01,none,0.9955287650366627,0.9953659088922915,1.0129301211859991,1.0114619621778764,0,0,0,0,0,0.0,1.335300828912188,0.9611289676005327,1.0150448809822057
105,11,19,2026102919,0.45,0.5625,0.0,0.025,0.025,0.01,0.01,none,1.0064995559917527,1.0003743202811124,1.0211134250497977,0.9865936850811481,0,0,0,0,0,0.0,1.3658493594337404,0.9608367093002749,1.0137201532854734
105,12,0,2026103909,0.45,0.5625,0.0,0.025,0.025,0.01,0.01,none,1.0007545501466457,0.9935581959286305,1.0176131132553705,1.0003132118570852,0,0,0,0,0,0.0,1.6337607269322172,0.9579973181178975,1.0046198667611417
105,12,1,2026103910,0.45,0.5625,0.0,0.025,0.025,0.01,0.01,none,1.0047005230563795,0.9974395807244907,1.0019003869088499,0.9911686641927593,0,0,0,0,0,0.0,1.5934190544081979,0.9581239704067083,1.0046066970317642
105,12,2,2026103911,0.45,0.5625,0.0,0.025,0.025,0.01,0.01,none,0.9991812200166,1.003279021809019,1.0026954782437185,1.0002968331423592,0,0,0,0,0,0.0,1.5946792092126574,0.9582578271208624,1.004759053588894
105,12,3,2026103912,0.45,0.5625,0.0,0.025,0.025,0.01,0.01,none,1.000984513531621,0.995853222582708,0.9993655677212117,1.0063205597426443,0,0,0,0,0,0.0,1.588838813751472,0.9579828136195404,1.004870109630013
105,12,4,2026103913,0.45,0.5625,0.0,0.025,0.025,0.01,0.01,none,1.0028275100659727,0.999226588522296,1.0057580347405035,1.0062941199987483,0,0,0,0,0,0.0,1.5854034401216726,0.9586354436089828,1.0048155654157598
105,12,5,2026103914,0.45,0.5625,0.0,0.025,0.025,0.01,0.01,none,0.9957512176900438,0.9949009066868968,0.989803775375457,0.9963872371850264,0,0,0,0,0,0.0,1.5521029674977576,0.9582990349605168,1.0047533681676948
105,12,6,2026103915,0.45,0.5625,0.0,0.025,0.025,0.01,0.01,none,0.9981652308746436,0.9993152337062009,0.9837334122984931,1.011425838255882,0,0,0,0,0,0.0,1.5004875806484064,0.959052834257164,1.0049058838126692
105,12,7,2026103916,0.45,0.5625,0.0,0.025,0.025,0.01,0.01,none,1.0005741163647592,1.0113928972530115,0.9966805884225234,1.0098497017603576,0,0,0,0,0,0.0,1.5756345092827493,0.9583081556636787,1.0047721492848771
105,12,8,2026103917,0.45,0.5625,0.0,0.025,0.025,0.01,0.01,none,1.0044176139940895,0.998873946128649,1.009256479718835,0.9846133313829754,0,0,0,0,0,0.0,1.6159141947076154,0.9582174919762686,1.0044389788547161
105,12,9,2026103918,0.45,0.5625,0.0,0.025,0.025,0.01,0.01,none,1.00247696536599,1.0057935102073368,0.9926675974323496,0.9857658797156815,0,0,0,0,0,0.0,1.541420767027617,0.9588359795232465,1.0045817802871067
105,12,10,2026103919,0.45,0.5625,0.0,0.025,0.025,0.01,0.01,none,1.0042706005083764,0.9981565691861236,1.0051325039261219,0.9925569608567827,0,0,0,0,0,0.0,1.616169970002464,0.9577579993945339,1.004477872529261
105,12,11,2026103920,0.45,0.5625,0.0,0.025,0.025,0.01,0.01,none,1.0057606579035958,1.0013280334739374,0.9903651189899156,0.9837255382943001,0,0,0,0,0,0.0,1.5552360172796942,0.9585425259034277,1.004535243466418
105,12,12,2026103921,0.45,0.5625,0.0,0.025,0.025,0.01,0.01,none,0.9977861559807387,0.9968445814238712,0.9885809026150326,0.9875129802068906,0,0,0,0,0,0.0,1.534143864524978,0.9587760841145335,1.0046631826176466
105,12,13,2026103922,0.45,0.5625,0.0,0.025,0.025,0.01,0.01,none,0.9912041935670868,1.0054903679954923,0.9944453018893077,1.0108137913569895,0,0,0,0,0,0.0,1.533431897528196,0.9590745961611116,1.0048707254261133
105,12,14,2026103923,0.45,0.5625,0.0,0.025,0.025,0.01,0.01,none,0.9986602721644223,1.0059494325283396,0.9902713955800978,0.9993437139715804,0,0,0,0,0,0.0,1.533665075539729,0.9587747875923709,1.0047900028279406
105,12,15,2026103924,0.45,0.5625,0.0,0.025,0.025,0.01,0.01,none,1.0002480146183153,0.9993706832733438,1.0138198512972405,1.0169670082139806,0,0,0,0,0,0.0,1.660488768716363,0.9569898528928426,1.0046418104774062
105,12,16,2026103925,0.45,0.5625,0.0,0.025,0.025,0.01,0.01,none,1.0024620803868438,1.005157588556682,0.9829536150714572,0.9959348840237974,0,0,0,0,0,0.0,1.5377963287252283,0.9581729549375564,1.0047754217658806
105,12,17,2026103926,0.45,0.5625,0.0,0.025,0.025,0.01,0.01,none,0.9947049601379276,0.9925926082553986,0.9982024894819679,1.0024585217716908,0,0,0,0,0,0.0,1.5611255122534535,0.9585492174433317,1.0048228631959473
105,12,18,2026103927,0.45,0.5625,0.0,0.025,0.025,0.01,0.01,none,1.001721253469197,0.9966139373523872,0.9902824464348227,0.9971909870593386,0,0,0,0,0,0.0,1.5676121696428655,0.9577998513496359,1.0045971522342643
105,12,19,2026103928,0.45,0.5625,0.0,0.025,0.025,0.01,0.01,none,0.9991994037893563,0.995401856588472,0.9834920944906782,1.0022218759387338,0,0,0,0,0,0.0,1.5002301924610755,0.959251817878182,1.0048051758693428
105,13,0,2026104918,0.45,0.5625,0.0,0.025,0.025,0.01,0.01,none,1.0046280652501811,1.0012383160475709,0.9922182683689758,0.9749297933743651,0,0,0,0,0,0.0,1.8367825025259463,0.9564423933369656,1.0011703992721577
105,13,1,2026104919,0.45,0.5625,0.0,0.025,0.025,0.01,0.01,none,0.9993008904807481,1.005940903580747,1.0098475293071902,0.9896881922406596,0,0,0,0,0,0.0,1.891484318786,0.9567636431910762,1.0011108072462653
105,13,2,2026104920,0.45,0.5625,0.0,0.025,0.025,0.01,0.01,none,0.9935650135737373,0.9976555268881732,0.9886442656036529,0.9944018966182845,0,0,0,0,0,0.0,1.7950532135132315,0.9570559854179073,1.001315653861813
105,13,3,2026104921,0.45,0.5625,0.0,0.025,0.025,0.01,0.01,none,0.9966916152661387,0.9997466091569125,1.003410029086712,1.0055062655367955,0,0,0,0,0,0.0,1.8701234720865956,0.9565684631077921,1.0013745435587325
105,13,4,2026104922,0.45,0.5625,0.0,0.025,0.025,0.01,0.01,none,1.0079734660685602,0.995706447205371,1.0026203928201292,1.0090424079486813,0,0,0,0,0,0.0,1.8962347208030097,0.9558120558555732,1.0014458988357766
105,13,5,2026104923,0.45,0.5625,0.0,0.025,0.025,0.01,0.01,none,0.9914057544838311,1.0008329747771239,0.9786414361590384,0.9779701774954626,0,0,0,0,0,0.0,1.7445713186903054,0.9577458182071815,1.001256322771039
105,13,6,2026104924,0.45,0.5625,0.0,0.025,0.025,0.01,0.01,none,1.0003785864300083,1.0034921384423792,0.9905952125812867,0.9980255213032985,0,0,0,0,0,0.0,1.8119381089010418,0.9571093918723854,1.0013277028117333
105,13,7,2026104925,0.45,0.5625,0.0,0.025,0.025,0.01,0.01,none,0.9989888076339,0.9943829070936437,0.9922449308055116,0.9949775333810298,0,0,0,0,0,0.0,1.8177587770172003,0.9567885258710791,1.0013620049395637
105,13,8,2026104926,0.45,0.5625,0.0,0.025,0.025,0.01,0.01,none,1.001977345959892,1.000838760011924,0.9921668497924893,1.008239004897773,0,0,0,0,0,0.0,1.8045300535478945,0.957159399108223,1.001424259483325
105,13,9,2026104927,0.45,0.5625,0.0,0.025,0.025,0.01,0.01,none,0.9993567797225651,0.9987149296925019,0.989559304825037,1.0070484945927685,0,0,0,0,0,0.0,1.8017108224551257,0.9569765408178883,1.001359133704234
105,13,10,2026104928,0.45,0.5625,0.0,0.025,0.025,0.01,0.01,none,1.001596062102613,0.9954493465432374,1.0040321680254554,0.9947476907685318,0,0,0,0,0,0.0,1.8493126987521138,0.9568284556192065,1.001196927261034
105,13,11,2026104929,0.45,0.5625,0.0,0.025,0.025,0.01,0.01,none,0.9939021465065757,0.9996981917489612,1.004756002680732,0.9957550376793213,0,0,0,0,0,0.0,1.8653720271144734,0.9566587398624148,1.001152507859736
105,13,12,2026104930,0.45,0.5625,0.0,0.025,0.025,0.01,0.01,none,1.0027492320736409,0.9994134389587767,1.0115164508188599,0.9993951636900867,0,0,0,0,0,0.0,1.8916930647435748,0.9566436429514616,1.0011928330272075
105,13,13,2026104931,0.45,0.5625,0.0,0.025,0.025,0.01,0.01,none,1.0094692204376696,0.9948139416568962,0.9962924940509138,0.9868968338297259,0,0,0,0,0,0.0,1.8278892996950857,0.9572754097890981,1.0012830367830963
105,13,14,2026104932,0.45,0.5625,0.0,0.025,0.025,0.01,0.01,none,0.9929395058965358,0.9979852255345539,0.9833736265952865,1.0106519742029956,0,0,0,0,0,0.0,1.7374430399531426,0.9578116486465815,1.0015462849294283
105,13,15,2026104933,0.45,0.5625,0.0,0.025,0.025,0.01,0.01,none,0.9949888430452082,0.9999411677304356,1.0086076711336536,1.0173034726342949,0,0,0,0,0,0.0,1.8642857181029913,0.9566558423291953,1.001437886391491
105,13,16,2026104934,0.45,0.5625,0.0,0.025,0.025,0.01,0.01,none,0.9941660763315228,1.0036426259108349,0.9903382985073336,0.9978547495599901,0,0,0,0,0,0.0,1.776407524086022,0.9578947881644,1.0013945045498462
105,13,17,2026104935,0.45,0.5625,0.0,0.025,0.025,0.01,0.01,none,0.9964457579201028,0.9971165869076257,0.9907787896660799,0.9902439324545796,0,0,0,0,0,0.0,1.797483509525935,0.9574138150466591,1.0013426115709363
105,13,18,2026104936,0.45,0.5625,0.0,0.025,0.025,0.01,0.01,none,0.9968810814688285,1.0043418793006247,0.9897056240934081,1.0057249156413017,0,0,0,0,0,0.0,1.7607876219983145,0.9580450732450224,1.0014283169608968
105,13,19,2026104937,0.45,0.5625,0.0,0.025,0.025,0.01,0.01,none,0.9956064674634536,1.0019018194876046,1.0189422032420785,0.993674187394104,0,0,0,0,0,0.0,1.9105996374553715,0.9567740411197043,1.0011013255876768
105,14,0,2026105927,0.45,0.5625,0.0,0.025,0.025,0.01,0.01,none,0.9985657213011749,1.0028174125978644,1.0063988151887402,1.0108439539473635,0,0,0,0,0,0.0,1.7858434621153967,0.9563134064052572,1.004554514290575
105,14,1,2026105928,0.45,0.5625,0.0,0.025,0.025,0.01,0.01,none,1.0020840935274056,0.9917798147029618,1.0122715288673343,1.0068195936579678,0,0,0,0,0,0.0,1.8084091601227914,0.9563735538424405,1.0046806784988398
105,14,2,2026105929,0.45,0.5625,0.0,0.025,0.025,0.01,0.01,none,0.9959448087974752,0.9963291906069235,0.9908299524849506,0.9960209623593032,0,0,0,0,0,0.0,1.7319516282998741,0.9564839120429991,1.0044653361145501
105,14,3,2026105930,0.45,0.5625,0.0,0.025,0.025,0.01,0.01,none,0.994533804060447,0.9989208306825609,1.0040736883347807,1.0049660911661507,0,0,0,0,0,0.0,1.7720591430096881,0.9568427415416545,1.0045910489039163
105,14,4,2026105931,0.45,0.5625,0.0,0.025,0.025,0.01,0.01,none,0.9989185300181181,0.9998102110273258,1.0258408991918102,0.9936881601970703,0,0,0,0,0,0.0,1.8906294192475086,0.955411180977342,1.0042920082624038
105,14,5,2026105932,0.45,0.5625,0.0,0.025,0.025,0.01,0.01,none,0.9959848823613205,1.0031669400080212,1.0217852773596674,1.0013090376087097,0,0,0,0,0,0.0,1.8723376348587955,0.9555701040479722,1.0043439227308626
105,14,6,2026105933,0.45,0.5625,0.0,0.025,0.025,0.01,0.01,none,0.9959794403550577,1.0033010977772319,0.9833717808979078,0.9918172907000162,0,0,0,0,0,0.0,1.7025504139289502,0.9567984639303665,1.0047436431365195
105,14,7,2026105934,0.45,0.5625,0.0,0.025,0.025,0.01,0.01,none,1.0028290212826325,0.9989313873426159,0.9861880617928727,0.9960351673491568,0,0,0,0,0,0.0,1.70069589340628,0.9569695193617692,1.0045046082403974
105,14,8,2026105935,0.45,0.5625,0.0,0.025,0.025,0.01,0.01,none,0.9920213983722926,0.9992889424665826,1.0007862191945953,0.9887187573463657,0,0,0,0,0,0.0,1.7386171250846645,0.9573027300528308,1.0043459465239823
105,14,9,2026105936,0.45,0.5625,0.0,0.025,0.025,0.01,0.01,none,1.0037996180984177,1.0010797659147095,1.0097076846164446,1.0109032679063668,0,0,0,0,0,0.0,1.8145468330904342,0.9559449495218353,1.0047352758728514
105,14,10,2026105937,0.45,0.5625,0.0,0.025,0.025,0.01,0.01,none,0.9974181086215592,1.0027281795103613,1.0086056980874303,1.0054952582809549,0,0,0,0,0,0.0,1.7988482119977947,0.956341502262037,1.00460152441268
105,14,11,2026105938,0.45,0.5625,0.0,0.025,0.025,0.01,0.01,none,1.0026101388458095,1.0015693962854813,0.9902065147873704,1.0011022296226868,0,0,0,0,0,0.0,1.7235623910297402,0.9568040092063013,1.0047228642394181
105,14,12,2026105939,0.45,0.5625,0.0,0.025,0.025,0.01,0.01,none,0.9920876829463996,0.9950566231044093,1.0029669760216369,1.004787235854899,0,0,0,0,0,0.0,1.7825848924936583,0.9563212569814324,1.0045434537292628
105,14,13,2026105940,0.45,0.5625,0.0,0.025,0.025,0.01,0.01,none,1.0018083586630613,0.9955471899831363,1.0115293031166466,1.015020007149709,0,0,0,0,0,0.0,1.8034301962854187,0.956272753738139,1.0047157199458292
105,14,14,2026105941,0.45,0.5625,0.0,0.025,0.025,0.01,0.01,none,1.0007185098154485,0.9939677888186893,1.0159844969726108,1.0078421308347054,0,0,0,0,0,0.0,1.8357096929017098,0.9560251499854285,1.0044944093086297
105,14,15,2026105942,0.45,0.5625,0.0,0.025,0.025,0.01,0.01,none,1.0003864178076685,0.9905026217051258,0.999539599808843,1.0095162134735505,0,0,0,0,0,0.0,1.7525621011319366,0.9565576187529087,1.0047535149354778
105,14,16,2026105943,0.45,0.5625,0.0,0.025,0.025,0.01,0.01,none,0.9962905995186004,0.998008437851703,1.0063367146367677,0.9888957585626841,0,0,0,0,0,0.0,1.7813088452576231,0.9566135650811814,1.0043773456851655
105,14,17,2026105944,0.45,0.5625,0.0,0.025,0.025,0.01,0.01,none,0.9937348803084447,1.0048831339173003,0.9883840408350069,1.0170733352920176,0,0,0,0,0,0.0,1.6920491240312872,0.9571369119341188,1.00482708380837
105,14,18,2026105945,0.45,0.5625,0.0,0.025,0.025,0.01,0.01,none,0.9994587549399425,0.9948721311966132,1.007257034090696,1.0125333634095652,0,0,0,0,0,0.0,1.7984643438071364,0.9559638526495865,1.0046003795916822
105,14,19,2026105946,0.45,0.5625,0.0,0.025,0.025,0.01,0.01,none,0.9971066615726614,1.0021644809813046,0.9994770915465019,1.007448946082441,0,0,0,0,0,0.0,1.743741636421583,0.9571409618956839,1.0046537810720662
105,15,0,2026106936,0.45,0.5625,0.0,0.025,0.025,0.01,0.01,none,1.000433736211738,1.0023708330711283,1.0013213301155712,0.9868445045974582,0,0,0,0,0,0.0,2.1134158623871078,0.955385337037975,1.0
105,15,1,2026106937,0.45,0.5625,0.0,0.025,0.025,0.01,0.01,none,0.995171684492087,0.9985976518584592,0.9911836373182469,0.9981500202385215,0,0,0,0,0,0.0,2.0458225913006918,0.9560189536264635,1.0
105,15,2,2026106938,0.45,0.5625,0.0,0.025,0.025,0.01,0.01,none,1.0002493586568255,0.9989132798182381,0.9983549231061788,0.9976584751770505,0,0,0,0,0,0.0,2.101794629444543,0.9559321532249907,1.0
105,15,3,2026106939,0.45,0.5625,0.0,0.025,0.025,0.01,0.01,none,1.0002597083527942,1.002152283405891,1.0218305134525687,0.9976886280660188,0,0,0,0,0,0.0,2.1890968347892423,0.9553947954460792,1.0
105,15,4,2026106940,0.45,0.5625,0.0,0.025,0.025,0.01,0.01,none,1.0006019299887452,1.0020546341071033,1.0082256353493488,1.00514034184353,0,0,0,0,0,0.0,2.133886955088097,0.9555034551088787,1.0
105,15,5,2026106941,0.45,0.5625,0.0,0.025,0.025,0.01,0.01,none,0.9938420361820087,1.0016569839153502,0.9933788208907434,1.0170646714969818,0,0,0,0,0,0.0,2.077709270776326,0.9555064186481681,1.0
105,15,6,2026106942,0.45,0.5625,0.0,0.025,0.025,0.01,0.01,none,0.9970714809742095,0.9994086033259155,1.0121324044779856,0.995121983540231,0,0,0,0,0,0.0,2.147731278998233,0.9552722690360578,1.0
105,15,7,2026106943,0.45,0.5625,0.0,0.025,0.025,0.01,0.01,none,0.9998284351389413,0.9978866987860681,1.024162977876896,1.0224960548460527,0,0,0,0,0,0.0,2.246039803604235,0.9542506756632338,1.0
105,15,8,2026106944,0.45,0.5625,0.0,0.025,0.025,0.01,0.01,none,1.0020550437960138,0.999237896360496,1.0148204728160277,0.9890071890373493,0,0,0,0,0,0.0,2.188745805762484,0.9549166660931968,1.0
105,15,9,2026106945,0.45,0.5625,0.0,0.025,0.025,0.01,0.01,none,0.9931302822235775,1.0036560721943808,0.9891922137794349,1.0074024886042428,0,0,0,0,0,0.0,2.013822544010436,0.9563715083921493,1.0
105,15,10,2026106946,0.45,0.5625,0.0,0.025,0.025,0.01,0.01,none,0.9969840566311889,1.0075474826235296,1.0006079402558044,0.9960861421867079,0,0,0,0,0,0.0,2.087157246882489,0.9561396470113824,1.0
105,15,11,2026106947,0.45,0.5625,0.0,0.025,0.025,0.01,0.01,none,0.988533910204192,1.0042177790035236,1.0232004804285835,0.9773584081201818,0,0,0,0,0,0.0,2.219064743844352,0.9548713676096483,1.0
105,15,12,2026106948,0.45,0.5625,0.0,0.025,0.025,0.01,0.01,none,1.0008837266045951,0.9969341695060918,1.0158123976066593,0.9861452384831639,0,0,0,0,0,0.0,2.187332674299626,0.9549813992036186,1.0
105,15,13,2026106949,0.45,0.5625,0.0,0.025,0.025,0.01,0.01,none,0.9965353496079772,1.0017334611220732,1.0017258141281256,1.015642531749023,0,0,0,0,0,0.0,2.0714688767066507,0.9562874537036744,1.0
105,15,14,2026106950,0.45,0.5625,0.0,0.025,0.025,0.01,0.01,none,1.0025182926009428,0.9995398717783494,0.990364743919226,1.0220577412037022,0,0,0,0,0,0.0,2.0400492194279063,0.9561049435784451,1.0
105,15,15,2026106951,0.45,0.5625,0.0,0.025,0.025,0.01,0.01,none,1.0021796526290963,0.9979127486644048,0.9992295378266358,1.011690432014185,0,0,0,0,0,0.0,2.1008532406517886,0.9557932019902305,1.0
105,15,16,2026106952,0.45,0.5625,0.0,0.025,0.025,0.01,0.01,none,0.998869673726664,1.002189166115813,1.0038926484434088,0.9901503594616538,0,0,0,0,0,0.0,2.1016012845369185,0.9560292921543266,1.0
105,15,17,2026106953,0.45,0.5625,0.0,0.025,0.025,0.01,0.01,none,0.9972946021085678,0.9970111699706363,1.0153137655529942,0.9763988681619881,0,0,0,0,0,0.0,2.1689861387634517,0.9557941767835927,1.0
105,15,18,2026106954,0.45,0.5625,0.0,0.025,0.025,0.01,0.01,none,1.0041365953764105,1.0057042268081937,0.9870148530122207,0.998254216413378,0,0,0,0,0,0.0,2.015548404675796,0.9563430666786955,1.0
105,15,19,2026106955,0.45,0.5625,0.0,0.025,0.025,0.01,0.01,none,1.0114015815957897,0.9949685439235315,0.9941126200288865,1.008860766162494,0,0,0,0,0,0.0,2.0856516189015877,0.9553781085389752,1.0
105,16,0,2026107945,0.45,0.5625,0.0,0.025,0.025,0.01,0.01,none,1.000027448741028,0.9997311331220867,0.9978303762378988,1.0065665306496212,0,0,0,0,0,0.0,1.4988413057826375,0.9601929777722165,1.0
105,16,1,2026107946,0.45,0.5625,0.0,0.025,0.025,0.01,0.01,none,0.993426633638069,1.0070398808721708,0.9922769578637838,1.0085295532966674,0,0,0,0,0,0.0,1.4637673240002753,0.9607479401011171,1.0
105,16,2,2026107947,0.45,0.5625,0.0,0.025,0.025,0.01,0.01,none,0.9962898991560983,0.9998750520967553,0.9947288559223011,1.0118637088185052,0,0,0,0,0,0.0,1.4747440970952843,0.9605214683787034,1.0
105,16,3,2026107948,0.45,0.5625,0.0,0.025,0.025,0.01,0.01,none,0.9992699784696415,0.9989924821070252,1.0061653479119503,1.0008579207988766,0,0,0,0,0,0.0,1.5220115716155191,0.9604465098721496,1.0
105,16,4,2026107949,0.45,0.5625,0.0,0.025,0.025,0.01,0.01,none,1.004893199760792,0.9976455602220979,0.9918700188904983,1.026837008506627,0,0,0,0,0,0.0,1.4767035296319855,0.9602495755351389,1.0
105,16,5,2026107950,0.45,0.5625,0.0,0.025,0.025,0.01,0.01,none,0.991917367612395,0.9993345654304867,0.9920380145697826,1.0124829076974229,0,0,0,0,0,0.0,1.4490733605702146,0.9608934615887393,1.0
105,16,6,2026107951,0.45,0.5625,0.0,0.025,0.025,0.01,0.01,none,0.9969267188905222,1.004049222844901,1.000981927072524,1.015147750820324,0,0,0,0,0,0.0,1.504998486866959,0.9601430810844798,1.0
105,16,7,2026107952,0.45,0.5625,0.0,0.025,0.025,0.01,0.01,none,0.9955630990178248,1.005293854022684,0.9920130066435742,1.0111959010016467,0,0,0,0,0,0.0,1.4857711967787726,0.9601112558804505,1.0
105,16,8,2026107953,0.45,0.5625,0.0,0.025,0.025,0.01,0.01,none,0.9948272533972715,0.9961004122775605,0.991621631519542,1.0185116289000662,0,0,0,0,0,0.0,1.4336254865597728,0.9615566150158488,1.0
105,16,9,2026107954,0.45,0.5625,0.0,0.025,0.025,0.01,0.01,none,1.002585484287227,1.0045591161922032,1.0073422215965802,1.002820532008902,0,0,0,0,0,0.0,1.5447085990758609,0.9598150995252044,1.0
105,16,10,2026107955,0.45,0.5625,0.0,0.025,0.025,0.01,0.01,none,0.9958537829287272,1.0046528236892436,1.0075527368436956,0.9973543065436798,0,0,0,0,0,0.0,1.5026930645538472,0.9606278594485297,1.0
105,16,11,2026107956,0.45,0.5625,0.0,0.025,0.025,0.01,0.01,none,1.0002708235590425,1.0027108715634079,0.9870899476284204,0.9914423478118688,0,0,0,0,0,0.0,1.4406650077963987,0.9611412261379855,1.0
105,16,12,2026107957,0.45,0.5625,0.0,0.025,0.025,0.01,0.01,none,1.0031539165933598,0.9995507868192285,1.002342423458382,1.0006326179209655,0,0,0,0,0,0.0,1.5127407517348521,0.9603215554931785,1.0
105,16,13,2026107958,0.45,0.5625,0.0,0.025,0.025,0.01,0.01,none,1.002647203186388,1.007022056290225,1.0008192808090344,1.0108316102878938,0,0,0,0,0,0.0,1.5359548523347542,0.9596897243242067,1.0
105,16,14,2026107959,0.45,0.5625,0.0,0.025,0.025,0.01,0.01,none,0.9956427410998007,1.0052305504106411,1.0037970942578693,1.0026142536055085,0,0,0,0,0,0.0,1.493502912263138,0.9607752214958003,1.0
105,16,15,2026107960,0.45,0.5625,0.0,0.025,0.025,0.01,0.01,none,0.9965968620129744,1.001189498833445,1.0155065712691413,0.9996894001308329,0,0,0,0,0,0.0,1.553552443183047,0.9601737438756006,1.0
105,16,16,2026107961,0.45,0.5625,0.0,0.025,0.025,0.01,0.01,none,1.0033076361570725,0.9962987914274414,0.9909815746249474,0.9856527270943868,0,0,0,0,0,0.0,1.5001449526724122,0.9600909966889865,1.0
105,16,17,2026107962,0.45,0.5625,0.0,0.025,0.025,0.01,0.01,none,0.996315255121761,1.0006479339018763,0.9992191254397906,0.987561136924213,0,0,0,0,0,0.0,1.4874445764625281,0.96051073220545,1.0
105,16,18,2026107963,0.45,0.5625,0.0,0.025,0.025,0.01,0.01,none,0.9984371982416662,0.9919161030130729,0.9977219238699504,0.9927023786574332,0,0,0,0,0,0.0,1.4959969629937278,0.9604449232726583,1.0
105,16,19,2026107964,0.45,0.5625,0.0,0.025,0.025,0.01,0.01,none,1.0086808055314558,0.9969089400550699,1.0033631612596687,0.9949424094183416,0,0,0,0,0,0.0,1.5070494785813282,0.9605107235741817,1.0
267,0,0,2026091801,0.9,1.5,0.5,0.025,0.025,0.01,0.01,none,0.997249189805452,1.009099867522995,1.0003416386745172,0.9885010467072247,0,0,0,0,0,0.0,0.853185631633904,0.9668512370182772,1.0052101045978978
267,0,1,2026091802,0.9,1.5,0.5,0.025,0.025,0.01,0.01,none,0.9990701762003759,0.9940596012041173,1.018601633165133,1.0066716449271411,0,0,0,0,0,0.0,0.9040645130374794,0.9662854482231347,1.0051337322427267
267,0,2,2026091803,0.9,1.5,0.5,0.025,0.025,0.01,0.01,none,1.001522209284603,0.9932611343537766,1.0035011970119223,0.9970185120715984,0,0,0,0,0,0.0,0.8558634515231869,0.9671184654323675,1.0052305578752632
267,0,3,2026091804,0.9,1.5,0.5,0.025,0.025,0.01,0.01,none,1.0008361640485495,1.000274035492691,0.9960994977367327,1.0110025676822938,0,0,0,0,0,0.0,0.8594491161294926,0.9665171589759696,1.00519782347283
267,0,4,2026091805,0.9,1.5,0.5,0.025,0.025,0.01,0.01,none,1.0017305286644569,1.000662814701506,1.016607528441928,0.9878826092180186,0,0,0,0,0,0.0,0.8902330896586447,0.9665505671924609,1.0050031352744908
267,0,5,2026091806,0.9,1.5,0.5,0.025,0.025,0.01,0.01,none,1.0019045354384162,0.9993201878719842,1.0088662400802868,0.9933067162503867,0,0,0,0,0,0.0,0.8821572301560969,0.966611639914127,1.005119011668217
267,0,6,2026091807,0.9,1.5,0.5,0.025,0.025,0.01,0.01,none,1.0070269169561887,1.0004840922871268,0.992725919102441,1.0243609977647479,0,0,0,0,0,0.0,0.8531648507703562,0.9665295145882168,1.0053963623591102
267,0,7,2026091808,0.9,1.5,0.5,0.025,0.025,0.01,0.01,none,1.00307796537977,1.0036760940374332,1.0060986755873504,0.9935898695394706,0,0,0,0,0,0.0,0.8935242212610803,0.9658930640488054,1.0049867128863514
267,0,8,2026091809,0.9,1.5,0.5,0.025,0.025,0.01,0.01,none,1.0001190608194641,0.998308983051545,0.9916739385632001,1.003597150545825,0,0,0,0,0,0.0,0.8405627300030214,0.9671008646536292,1.005240228825546
267,0,9,2026091810,0.9,1.5,0.5,0.025,0.025,0.01,0.01,none,0.9994593031515923,0.9980551416047898,1.0121690422350176,0.9958693291955195,0,0,0,0,0,0.0,0.8736783299570474,0.966977688056572,1.0051543595736392
267,0,10,2026091811,0.9,1.5,0.5,0.025,0.025,0.01,0.01,none,0.9975834525642061,1.0009305228601284,1.0046996622226139,1.0006902538666307,0,0,0,0,0,0.0,0.8710211653736245,0.966522120127661,1.0051992894394144
267,0,11,2026091812,0.9,1.5,0.5,0.025,0.025,0.01,0.01,none,0.9989249010429365,1.003075856006987,1.0018474825755888,1.0200897922125578,0,0,0,0,0,0.0,0.8654264105104821,0.966926632767325,1.0053261413380952
267,0,12,2026091813,0.9,1.5,0.5,0.025,0.025,0.01,0.01,none,0.9975972269289138,1.0049349757243706,0.9966151262155669,0.9993901685227295,0,0,0,0,0,0.0,0.8420432574173131,0.9672795152904033,1.0051712260246832
267,0,13,2026091814,0.9,1.5,0.5,0.025,0.025,0.01,0.01,none,1.0014628843134192,0.9998449985180237,1.0025767482053463,1.0034928597558705,0,0,0,0,0,0.0,0.8727157115268629,0.9663848201273507,1.005307306526272
267,0,14,2026091815,0.9,1.5,0.5,0.025,0.025,0.01,0.01,none,0.9957583252275979,1.0000574419392,1.0057372977265144,0.9849862988649091,0,0,0,0,0,0.0,0.8658363173721486,0.9669010110863276,1.0049494825458312
267,0,15,2026091816,0.9,1.5,0.5,0.025,0.025,0.01,0.01,none,0.9969626591505597,1.0058996260809014,1.0208725006930432,0.9970137701942879,0,0,0,0,0,0.0,0.8925199737395798,0.9669009239392723,1.0050625954705397
267,0,16,2026091817,0.9,1.5,0.5,0.025,0.025,0.01,0.01,none,0.9950502808125681,1.0011762019051051,1.0066270924903782,1.004499361024177,0,0,0,0,0,0.0,0.8785546719164853,0.9665234419555186,1.0050922537773588
267,0,17,2026091818,0.9,1.5,0.5,0.025,0.025,0.01,0.01,none,0.9997998941849713,1.0000791834339855,1.0069778775871616,0.9860305176945254,0,0,0,0,0,0.0,0.8706170074938074,0.9667954797517987,1.005046813865623
267,0,18,2026091819,0.9,1.5,0.5,0.025,0.025,0.01,0.01,none,1.0025155598019193,1.0006279248283434,0.9973072765435826,0.9985129027591902,0,0,0,0,0,0.0,0.8511544684651056,0.9669904302680872,1.0052398876099786
267,0,19,2026091820,0.9,1.5,0.5,0.025,0.025,0.01,0.01,none,1.0002876083774759,1.00604915572101,0.9870443492798417,1.0056934058506637,0,0,0,0,0,0.0,0.8348505962579993,0.966794168025611,1.0053259548445885
267,1,0,2026092810,0.9,1.5,0.5,0.025,0.025,0.01,0.01,none,0.9937675255166825,0.997845385270409,0.9928763881815121,0.9949917789579008,0,0,0,0,0,0.0,2.581916757916114,0.9569357350052776,1.0
267,1,1,2026092811,0.9,1.5,0.5,0.025,0.025,0.01,0.01,none,0.9988858715269515,1.0068680762230096,1.0047739606040007,0.991804030770713,0,0,0,0,0,0.0,2.677799603786729,0.9564070128545277,1.0
267,1,2,2026092812,0.9,1.5,0.5,0.025,0.025,0.01,0.01,none,0.9955438343729591,1.002424828644305,1.0138168675918222,1.0034625802588184,0,0,0,0,0,0.0,2.7020882808976223,0.956300440175928,1.0
267,1,3,2026092813,0.9,1.5,0.5,0.025,0.025,0.01,0.01,none,0.9973227794719858,1.0089941176335666,1.0028503411203866,1.0055243233494693,0,0,0,0,0,0.0,2.6688580131423945,0.9559890438047214,1.0
267,1,4,2026092814,0.9,1.5,0.5,0.025,0.025,0.01,0.01,none,1.0015534676613778,0.9926171795998776,1.0047137800514063,0.9827865507581752,0,0,0,0,0,0.0,2.7261000672949036,0.9554014878333631,1.0
267,1,5,2026092815,0.9,1.5,0.5,0.025,0.025,0.01,0.01,none,1.0008209135028585,1.0017423792695865,0.9989634796295831,1.0010576465052248,0,0,0,0,0,0.0,2.622092677903909,0.956754255883092,1.0
267,1,6,2026092816,0.9,1.5,0.5,0.025,0.025,0.01,0.01,none,1.003936026692592,0.9996151259011494,1.0037290598355895,1.0001923261271763,0,0,0,0,0,0.0,2.707731873612093,0.9557236182694863,1.0
267,1,7,2026092817,0.9,1.5,0.5,0.025,0.025,0.01,0.01,none,0.9893630506768593,1.0004876048535407,0.9861877938493065,1.0074804685502237,0,0,0,0,0,0.0,2.5425647050162676,0.9565652649376327,1.0
267,1,8,2026092818,0.9,1.5,0.5,0.025,0.025,0.01,0.01,none,1.0075258558507099,0.9977060142856441,0.9932446595568966,0.9826351785359353,0,0,0,0,0,0.0,2.629088261099375,0.9563688793427157,1.0
267,1,9,2026092819,0.9,1.5,0.5,0.025,0.025,0.01,0.01,none,0.9911738962425869,1.0020925356654526,1.0162987960269745,0.9947216309610737,0,0,0,0,0,0.0,2.7627122102212196,0.9560632394931803,1.0
267,1,10,2026092820,0.9,1.5,0.5,0.025,0.025,0.01,0.01,none,1.0025325578714197,0.9980370336066976,1.0107616029720037,1.0056500707808878,0,0,0,0,0,0.0,2.753280293598854,0.9551921561359028,1.0
267,1,11,2026092821,0.9,1.5,0.5,0.025,0.025,0.01,0.01,none,1.0009235580927638,0.9933849560356643,1.0009661262921266,0.9906318019490146,0,0,0,0,0,0.0,2.679598232449488,0.9562085757094764,1.0
267,1,12,2026092822,0.9,1.5,0.5,0.025,0.025,0.01,0.01,none,1.0006687883235514,1.0045093038846287,1.0090688633985214,1.0006251964845165,0,0,0,0,0,0.0,2.755028265364982,0.9552263377628426,1.0
267,1,13,2026092823,0.9,1.5,0.5,0.025,0.025,0.01,0.01,none,1.005810752506736,1.0036229247280892,1.0096430694560548,1.0109654936644266,0,0,0,0,0,0.0,2.7350460484797017,0.9553366704244594,1.0
267,1,14,2026092824,0.9,1.5,0.5,0.025,0.025,0.01,0.01,none,1.0012627430453747,0.9960649767179707,1.0088549793867239,1.0028868340620793,0,0,0,0,0,0.0,2.7037052141464666,0.9563381073278306,1.0
267,1,15,2026092825,0.9,1.5,0.5,0.025,0.025,0.01,0.01,none,1.001483987734677,0.9949194636671788,0.9806991286497921,1.0061097771476464,0,0,0,0,0,0.0,2.551092982927622,0.9561852383352692,1.0
267,1,16,2026092826,0.9,1.5,0.5,0.025,0.025,0.01,0.01,none,1.0038806277878052,1.007095480954477,0.9844045608143859,1.005345678370749,0,0,0,0,0,0.0,2.5494632065234253,0.9566576862743321,1.0
267,1,17,2026092827,0.9,1.5,0.5,0.025,0.025,0.01,0.01,none,1.0054187122563805,1.0006277917524724,1.0164280692306862,1.0021810141240972,0,0,0,0,0,0.0,2.8029755542233326,0.954885723555578,1.0
267,1,18,2026092828,0.9,1.5,0.5,0.025,0.025,0.01,0.01,none,1.0037680866040808,0.9992960271412388,1.002286949801614,0.9940590517223317,0,0,0,0,0,0.0,2.6919533392461785,0.9556825476536401,1.0
267,1,19,2026092829,0.9,1.5,0.5,0.025,0.025,0.01,0.01,none,1.0044626564204457,0.9926663842553549,1.0150392503563541,1.003065510189911,0,0,0,0,0,0.0,2.7929088954300503,0.9550356418360563,1.0
267,2,0,2026093819,0.9,1.5,0.5,0.025,0.025,0.01,0.01,none,1.0017094018450496,1.0009802333312212,1.0059535915687832,0.9902345565196954,0,0,0,0,0,0.0,1.5188249388474182,0.9605633703309938,1.004522234609044
267,2,1,2026093820,0.9,1.5,0.5,0.025,0.025,0.01,0.01,none,1.009544783977066,0.9998170048157289,0.9899716662098963,0.9810123854470594,0,0,0,0,0,0.0,1.4630811801199743,0.9613530848045363,1.0044049567913864
267,2,2,2026093821,0.9,1.5,0.5,0.025,0.025,0.01,0.01,none,0.9909777498307725,0.9990831290314577,1.0044120229614053,1.0229226985181443,0,0,0,0,0,0.0,1.4884167896001235,0.9612878885525732,1.0046529797623516
267,2,3,2026093822,0.9,1.5,0.5,0.025,0.025,0.01,0.01,none,0.9991657919988445,0.9992474377490744,1.0091712259394405,0.9910153295019879,0,0,0,0,0,0.0,1.5535913542419144,0.9599840685227665,1.004447424454352
267,2,4,2026093823,0.9,1.5,0.5,0.025,0.025,0.01,0.01,none,0.9959524788012436,1.0043415944723455,1.0006897187268529,1.0212483453602936,0,0,0,0,0,0.0,1.520495421719518,0.9603257351650523,1.004525258834582
267,2,5,2026093824,0.9,1.5,0.5,0.025,0.025,0.01,0.01,none,1.0027857003741685,0.9943996245853289,0.9877316985154904,1.0133037231605357,0,0,0,0,0,0.0,1.4667189157980303,0.9609156915011986,1.0047441284828509
267,2,6,2026093825,0.9,1.5,0.5,0.025,0.025,0.01,0.01,none,1.0002129493534548,1.0008917230582843,1.010450806299082,0.9848876879989613,0,0,0,0,0,0.0,1.5506374114405883,0.960679465586753,1.0043424024440064
267,2,7,2026093826,0.9,1.5,0.5,0.025,0.025,0.01,0.01,none,1.0039400680775719,0.9982875417941741,0.9931536975088898,0.9946354172176924,0,0,0,0,0,0.0,1.4835406121464023,0.9608011232692563,1.0045075901583014
267,2,8,2026093827,0.9,1.5,0.5,0.025,0.025,0.01,0.01,none,0.9970407406289489,0.998139839820811,1.0112460002011567,0.9956195663294103,0,0,0,0,0,0.0,1.542454045260059,0.960492210036085,1.004463397144445
267,2,9,2026093828,0.9,1.5,0.5,0.025,0.025,0.01,0.01,none,1.0041955227867572,1.0043819097276223,1.0264190047594957,0.9982857282813039,0,0,0,0,0,0.0,1.5963068252504553,0.9602203663549617,1.0044100282253445
267,2,10,2026093829,0.9,1.5,0.5,0.025,0.025,0.01,0.01,none,0.9998600712191138,0.9973850739376794,0.9902415588022939,0.9965325064714189,0,0,0,0,0,0.0,1.480340821135723,0.960743794055963,1.0044707162539555
267,2,11,2026093830,0.9,1.5,0.5,0.025,0.025,0.01,0.01,none,1.0043588314767016,0.9963476226934523,1.020621317587973,0.9777854753522033,0,0,0,0,0,0.0,1.598266067259705,0.9597979284806984,1.004254467371865
267,2,12,2026093831,0.9,1.5,0.5,0.025,0.025,0.01,0.01,none,0.9928755279173435,0.9949641249478618,1.0056070916791142,0.9870268349523005,0,0,0,0,0,0.0,1.5007409709576296,0.9612823292389818,1.0042974957099118
267,2,13,2026093832,0.9,1.5,0.5,0.025,0.025,0.01,0.01,none,1.0002824184659478,1.003786322742641,1.0140500636235008,1.0101632151505993,0,0,0,0,0,0.0,1.562753806966988,0.96006610145736,1.004450585184461
267,2,14,2026093833,0.9,1.5,0.5,0.025,0.025,0.01,0.01,none,1.001151950053957,0.998067690115354,1.0119670622571801,1.0170346169582027,0,0,0,0,0,0.0,1.5726873664910668,0.9595523586129758,1.0045023860728097
267,2,15,2026093834,0.9,1.5,0.5,0.025,0.025,0.01,0.01,none,0.9999287285576702,0.9965378276851363,0.9784521524989002,1.0093305839086875,0,0,0,0,0,0.0,1.4312647884882888,0.9611529501726196,1.0045891797515507
267,2,16,2026093835,0.9,1.5,0.5,0.025,0.025,0.01,0.01,none,0.9993737450629819,0.9932516954360837,1.0290632074117338,1.0010061800342134,0,0,0,0,0,0.0,1.613979695093049,0.9599487782879293,1.0043986977708332
267,2,17,2026093836,0.9,1.5,0.5,0.025,0.025,0.01,0.01,none,0.9997556119322334,1.0056027708950162,1.0103429490449365,0.9966450656827247,0,0,0,0,0,0.0,1.5517815604653733,0.9602361017187346,1.004464371530918
267,2,18,2026093837,0.9,1.5,0.5,0.025,0.025,0.01,0.01,none,1.0074111525179887,0.9950690256109469,1.0012701667996842,0.989166255540083,0,0,0,0,0,0.0,1.5177389463384856,0.9608405063441028,1.0045282283810728
267,2,19,2026093838,0.9,1.5,0.5,0.025,0.025,0.01,0.01,none,1.0014908767244726,1.0025508377575094,0.9968782993630688,1.001128476016857,0,0,0,0,0,0.0,1.4916352576541583,0.9610092359001416,1.0044978298001215
267,3,0,2026094828,0.9,1.5,0.5,0.025,0.025,0.01,0.01,none,0.995994099656802,0.9982291208020795,0.9973514350732786,0.9964124063149227,0,0,0,0,0,0.0,2.308825388568506,0.9573405684239413,1.0
267,3,1,2026094829,0.9,1.5,0.5,0.025,0.025,0.01,0.01,none,1.0069883071603705,0.998424742115173,1.015572777446709,0.9982072901431093,0,0,0,0,0,0.0,2.4409486307324513,0.9567083218704773,1.0
267,3,2,2026094830,0.9,1.5,0.5,0.025,0.025,0.01,0.01,none,1.0042872170743904,1.0021691860036934,1.009266888453263,1.0068407722750663,0,0,0,0,0,0.0,2.364236413738063,0.9570189741685462,1.0
267,3,3,2026094831,0.9,1.5,0.5,0.025,0.025,0.01,0.01,none,1.002302935189799,1.0027173266711236,0.9951670716889031,1.0154232760469357,0,0,0,0,0,0.0,2.277060050881088,0.9574586789996478,1.0000982252234936
267,3,4,2026094832,0.9,1.5,0.5,0.025,0.025,0.01,0.01,none,0.9965112006788482,1.0030576436656489,1.0101894324240972,0.9810069206414701,0,0,0,0,0,0.0,2.379954148187167,0.9571124587092662,1.0
267,3,5,2026094833,0.9,1.5,0.5,0.025,0.025,0.01,0.01,none,1.0012579486164106,1.003880671369846,1.004820873165445,0.9996471216141476,0,0,0,0,0,0.0,2.369453295431468,0.9568539852544745,1.0
267,3,6,2026094834,0.9,1.5,0.5,0.025,0.025,0.01,0.01,none,1.0072123168643325,1.002042214148006,0.995660876228586,1.0053994380215532,0,0,0,0,0,0.0,2.310800165527242,0.9571046666743761,1.0
267,3,7,2026094835,0.9,1.5,0.5,0.025,0.025,0.01,0.01,none,1.0002162154940895,0.9953594090972654,1.0127165911892941,1.0144413111410537,0,0,0,0,0,0.0,2.436952334097157,0.9559757036043512,1.0
267,3,8,2026094836,0.9,1.5,0.5,0.025,0.025,0.01,0.01,none,1.0021674862928973,1.000232743239645,0.9982010431837514,1.0027267365194443,0,0,0,0,0,0.0,2.330081653784662,0.9570744745215737,1.0
267,3,9,2026094837,0.9,1.5,0.5,0.025,0.025,0.01,0.01,none,1.006470559419096,1.0050319222427888,1.0090595420408173,0.994831556236228,0,0,0,0,0,0.0,2.4100846154771736,0.9565257047796154,1.0
267,3,10,2026094838,0.9,1.5,0.5,0.025,0.025,0.01,0.01,none,0.9943323347225586,0.9948975358907564,0.9871759626188281,1.0010317249080447,0,0,0,0,0,0.0,2.1946341159155502,0.9580046432188284,1.0000347236850713
267,3,11,2026094839,0.9,1.5,0.5,0.025,0.025,0.01,0.01,none,1.0018648741627885,1.0056202256343079,1.0164632930551938,1.0056743488238138,0,0,0,0,0,0.0,2.407612329273062,0.956933305321112,1.0
267,3,12,2026094840,0.9,1.5,0.5,0.025,0.025,0.01,0.01,none,1.003348917825155,1.000164278377833,1.0041885294461617,0.9875188617202774,0,0,0,0,0,0.0,2.350228878539312,0.9569685033305887,1.0
267,3,13,2026094841,0.9,1.5,0.5,0.025,0.025,0.01,0.01,none,1.0022240056780942,0.998318409682852,1.0010492066444887,0.9899968544501364,0,0,0,0,0,0.0,2.3508819273428365,0.9566151263125834,1.0
267,3,14,2026094842,0.9,1.5,0.5,0.025,0.025,0.01,0.01,none,1.0041024004731163,0.9980727588651596,0.9908855416000899,1.0125058645043392,0,0,0,0,0,0.0,2.2555738260248677,0.9578484997236008,1.0000554223628995
267,3,15,2026094843,0.9,1.5,0.5,0.025,0.025,0.01,0.01,none,1.002275687253136,1.0020910140748969,1.0110756911687282,1.0014934022584856,0,0,0,0,0,0.0,2.3818492502048247,0.9572097198793863,1.0
267,3,16,2026094844,0.9,1.5,0.5,0.025,0.025,0.01,0.01,none,1.002861962872932,0.9974236339664773,0.9830740022785808,0.9993603342945264,0,0,0,0,0,0.0,2.2343676154540533,0.9572035478351796,1.0001083423321862
267,3,17,2026094845,0.9,1.5,0.5,0.025,0.025,0.01,0.01,none,0.9975719263810476,0.9944799858008382,1.011803989125519,0.9930148583851054,0,0,0,0,0,0.0,2.374688266922266,0.9571659079402188,1.0
267,3,18,2026094846,0.9,1.5,0.5,0.025,0.025,0.01,0.01,none,0.9935689152855124,0.9938307462000718,0.9995411705372461,1.0026251581944015,0,0,0,0,0,0.0,2.274785897589952,0.9581617096228707,1.0
267,3,19,2026094847,0.9,1.5,0.5,0.025,0.025,0.01,0.01,none,0.9987601181958926,0.9989377959431365,1.0150590380407745,1.0252675298822458,0,0,0,0,0,0.0,2.410254800954872,0.9570728483546623,1.0
267,4,0,2026095837,0.9,1.5,0.5,0.025,0.025,0.01,0.01,none,1.0018284267494315,0.9956468971592514,1.002854347585068,0.9933172319937015,0,0,0,0,0,0.0,1.5971263805621916,0.958652001439226,1.012063139339068
267,4,1,2026095838,0.9,1.5,0.5,0.025,0.025,0.01,0.01,none,1.0011910622731197,1.0075221890069002,0.9904142687528026,0.9875831654943642,0,0,0,0,0,0.0,1.5857039134865902,0.9581543563704311,1.0118166811579261
267,4,2,2026095839,0.9,1.5,0.5,0.025,0.025,0.01,0.01,none,0.998934537060256,0.9967738406125469,0.9841786566311242,1.0030195458216713,0,0,0,0,0,0.0,1.5196743765555172,0.9595394238257263,1.0124416299762788
267,4,3,2026095840,0.9,1.5,0.5,0.025,0.025,0.01,0.01,none,0.9962693386900409,0.9978169158416121,1.0114581166734697,0.9876683336830029,0,0,0,0,0,0.0,1.6483135181296333,0.9580456716078353,1.0118490907281397
267,4,4,2026095841,0.9,1.5,0.5,0.025,0.025,0.01,0.01,none,1.0101210538916299,1.005574806374866,0.9880227536907182,1.0039570386790146,0,0,0,0,0,0.0,1.5803681720509952,0.957898648943167,1.012843640636905
267,4,5,2026095842,0.9,1.5,0.5,0.025,0.025,0.01,0.01,none,0.9977515066719089,0.994570877795502,1.0098666844174655,0.9882812039435253,0,0,0,0,0,0.0,1.6486942387268355,0.9579516821555594,1.0117818065154682
267,4,6,2026095843,0.9,1.5,0.5,0.025,0.025,0.01,0.01,none,1.0055628385467417,0.9999464215773983,0.9951697817264448,1.0041749441002366,0,0,0,0,0,0.0,1.608653226768949,0.957845783008032,1.0122974820164146
267,4,7,2026095844,0.9,1.5,0.5,0.025,0.025,0.01,0.01,none,0.9910811918556813,1.0063855797479917,0.9990445067728804,1.0050322463076629,0,0,0,0,0,0.0,1.5783434666041882,0.9589258395001151,1.01217339759249
267,4,8,2026095845,0.9,1.5,0.5,0.025,0.025,0.01,0.01,none,0.9962896299253511,1.0007972683402488,0.9960852658953118,0.983788375790262,0,0,0,0,0,0.0,1.5673773812677652,0.958923226179705,1.011888620601552
267,4,9,2026095846,0.9,1.5,0.5,0.025,0.025,0.01,0.01,none,1.0079225701057093,0.9994372892314566,0.9966530006491326,0.9883047196542445,0,0,0,0,0,0.0,1.5781404783788382,0.958784176255783,1.0122621713078952
267,4,10,2026095847,0.9,1.5,0.5,0.025,0.025,0.01,0.01,none,0.9902789615593022,1.0058644750842156,1.0150456513590265,1.016111278982278,0,0,0,0,0,0.0,1.6501862487246215,0.9578627696308624,1.0121953662506757
267,4,11,2026095848,0.9,1.5,0.5,0.025,0.025,0.01,0.01,none,0.9990978130453638,0.9970172703456489,0.9872910835018694,1.00637598514844,0,0,0,0,0,0.0,1.5434088126358079,0.9586902269359028,1.0124682221562693
267,4,12,2026095849,0.9,1.5,0.5,0.025,0.025,0.01,0.01,none,0.9973159557195856,0.9977031776451812,1.0037190062954586,1.0147551350386004,0,0,0,0,0,0.0,1.5943362360985796,0.9588819000398148,1.0122350063872114
267,4,13,2026095850,0.9,1.5,0.5,0.025,0.025,0.01,0.01,none,0.9983441052270671,1.0056445845426487,0.9831277259528304,1.0081456959192412,0,0,0,0,0,0.0,1.5167974268062567,0.9593185321379529,1.012552788353277
267,4,14,2026095851,0.9,1.5,0.5,0.025,0.025,0.01,0.01,none,1.0011704357723081,0.9933904612788906,1.0077978070342746,0.989950768029728,0,0,0,0,0,0.0,1.6230522276271842,0.9581932855535492,1.0119480961387617
267,4,15,2026095852,0.9,1.5,0.5,0.025,0.025,0.01,0.01,none,0.9987136672305076,1.0087813982664753,0.9816093260966285,0.9852580740053963,0,0,0,0,0,0.0,1.5425646539200246,0.9585357786813035,1.012090181754519
267,4,16,2026095853,0.9,1.5,0.5,0.025,0.025,0.01,0.01,none,1.0019443284787009,1.0002802687345123,1.0012303764729804,0.9878151388403439,0,0,0,0,0,0.0,1.62461675920458,0.9576474781219355,1.011839750089829
267,4,17,2026095854,0.9,1.5,0.5,0.025,0.025,0.01,0.01,none,0.9974201166667459,0.9970665916825076,0.9893316557355258,0.9898622283880238,0,0,0,0,0,0.0,1.5492502621293027,0.9591057442223121,1.0121106378265583
267,4,18,2026095855,0.9,1.5,0.5,0.025,0.025,0.01,0.01,none,0.9992684508062397,0.9966173136656317,1.00233300762155,1.0108831600966184,0,0,0,0,0,0.0,1.6149659078439782,0.9580096709776061,1.0124962911987525
267,4,19,2026095856,0.9,1.5,0.5,0.025,0.025,0.01,0.01,none,0.9994475928991596,0.9955081062900325,1.0110142268319235,1.0138955830617655,0,0,0,0,0,0.0,1.626648184732607,0.9584700439853924,1.0124818779108395
267,5,0,2026096846,0.9,1.5,0.5,0.025,0.025,0.01,0.01,none,0.9992642032886292,0.9975882777263215,0.9823217467401177,0.9917090175999816,0,0,0,0,0,0.0,0.781248567497948,0.9684865512081517,1.0098823617588033
267,5,1,2026096847,0.9,1.5,0.5,0.025,0.025,0.01,0.01,none,1.0057608662752733,0.9976137815671035,0.993531794220001,0.9986243923334233,0,0,0,0,0,0.0,0.8248683038122544,0.9669853208676086,1.0097164499672424
267,5,2,2026096848,0.9,1.5,0.5,0.025,0.025,0.01,0.01,none,1.0047181861276795,0.9982161582275019,0.9817482973248981,0.9916023492107897,0,0,0,0,0,0.0,0.7912130654229064,0.9681317981585622,1.0098705771826304
267,5,3,2026096849,0.9,1.5,0.5,0.025,0.025,0.01,0.01,none,0.998485802750762,0.9994452623877587,0.9997010291846475,0.995361680553246,0,0,0,0,0,0.0,0.8014821115980284,0.9683740666323052,1.00951413929159
267,5,4,2026096850,0.9,1.5,0.5,0.025,0.025,0.01,0.01,none,0.9981893266008879,0.9988841301367549,1.0024254257692835,1.0086535016860936,0,0,0,0,0,0.0,0.826307137824798,0.9674272775102976,1.009992441770965
267,5,5,2026096851,0.9,1.5,0.5,0.025,0.025,0.01,0.01,none,1.0004440082859027,1.0050789694670743,0.9872829936625742,1.010441101177708,0,0,0,0,0,0.0,0.7939322398745919,0.9681958695912046,1.0101969044698227
267,5,6,2026096852,0.9,1.5,0.5,0.025,0.025,0.01,0.01,none,1.0047353316147798,1.0037006562548036,1.026491095261321,0.9944778779165155,0,0,0,0,0,0.0,0.8606618475460956,0.9668368248379786,1.0094978187934898
267,5,7,2026096853,0.9,1.5,0.5,0.025,0.025,0.01,0.01,none,1.004879044470345,0.9929315278881814,1.0087030039823128,0.9850656568622604,0,0,0,0,0,0.0,0.8324816655718852,0.967348501459736,1.0095740717854425
267,5,8,2026096854,0.9,1.5,0.5,0.025,0.025,0.01,0.01,none,1.006957443041072,0.9975909350735098,1.0014381108104435,0.9989064236328243,0,0,0,0,0,0.0,0.8249837590557273,0.9674376959654543,1.009841226896958
267,5,9,2026096855,0.9,1.5,0.5,0.025,0.025,0.01,0.01,none,1.0024967978541055,0.9962631529453998,1.0201347682686313,1.0155789461328175,0,0,0,0,0,0.0,0.8520917962597171,0.9670838410880869,1.009757774985285
267,5,10,2026096856,0.9,1.5,0.5,0.025,0.025,0.01,0.01,none,0.9978553992877071,0.9949349493911518,1.015148734497705,1.0082997760619978,0,0,0,0,0,0.0,0.848786431845135,0.966970989550888,1.0099031418036781
267,5,11,2026096857,0.9,1.5,0.5,0.025,0.025,0.01,0.01,none,0.9980813938731606,0.9985070920227365,0.994236013667889,0.9902672908644139,0,0,0,0,0,0.0,0.7983833232338325,0.9683024296892985,1.0095824392641355
267,5,12,2026096858,0.9,1.5,0.5,0.025,0.025,0.01,0.01,none,1.0006583241974072,0.997455601939568,0.9892760894064638,0.9899591839520745,0,0,0,0,0,0.0,0.8003770778932512,0.9677775701064004,1.009864981852448
267,5,13,2026096859,0.9,1.5,0.5,0.025,0.025,0.01,0.01,none,0.9970234629466862,1.0009411812509033,0.9900340412887454,1.0002202432637222,0,0,0,0,0,0.0,0.7886604266604583,0.9685807375158937,1.0096954438124766
267,5,14,2026096860,0.9,1.5,0.5,0.025,0.025,0.01,0.01,none,1.0018658548312038,0.9969183012037661,0.9991414773340915,1.0009971311623134,0,0,0,0,0,0.0,0.8201234979402011,0.9676288860181566,1.0097917035692539
267,5,15,2026096861,0.9,1.5,0.5,0.025,0.025,0.01,0.01,none,0.994442038816101,1.0007778545293582,0.9950057518544239,1.0011898906341312,0,0,0,0,0,0.0,0.8115290843898095,0.9675560303733268,1.0097880959424308
267,5,16,2026096862,0.9,1.5,0.5,0.025,0.025,0.01,0.01,none,0.9991983165778456,1.0016829885388845,1.0009813677266008,0.9933052217000115,0,0,0,0,0,0.0,0.8180073790877181,0.967542836343128,1.0098234203405578
267,5,17,2026096863,0.9,1.5,0.5,0.025,0.025,0.01,0.01,none,1.0030683771430662,0.9918048490791301,1.0052381115778828,1.01463447731019,0,0,0,0,0,0.0,0.8230802094771511,0.9676008033295088,1.0096963801029517
267,5,18,2026096864,0.9,1.5,0.5,0.025,0.025,0.01,0.01,none,0.9982965835668093,0.9977446114539127,1.0118922285052379,1.0015820488359215,0,0,0,0,0,0.0,0.8297172311130732,0.9674193148305708,1.0096342673373084
267,5,19,2026096865,0.9,1.5,0.5,0.025,0.025,0.01,0.01,none,1.0111144768922289,0.9946679712431766,1.0059848049988438,0.9839850552412279,0,0,0,0,0,0.0,0.839488563908833,0.9668907398701038,1.0096285853164841
267,6,0,2026097855,0.9,1.5,0.5,0.025,0.025,0.01,0.01,none,0.9934101298871133,0.9996401207461071,1.002226436819597,0.9851584895238695,0,0,0,0,0,0.0,1.3447732180533742,0.9630933811293223,1.0098539048064106
267,6,1,2026097856,0.9,1.5,0.5,0.025,0.025,0.01,0.01,none,0.9995683355973305,0.9990681638119252,0.9971511664797832,0.9906269699192819,0,0,0,0,0,0.0,1.351524049001366,0.9627590723560417,1.0100708057096888
267,6,2,2026097857,0.9,1.5,0.5,0.025,0.025,0.01,0.01,none,1.0046208552060798,0.9994703452365641,0.9838091969584706,0.986883767806144,0,0,0,0,0,0.0,1.2957165289692105,0.9632432580918536,1.0102162609148406
267,6,3,2026097858,0.9,1.5,0.5,0.025,0.025,0.01,0.01,none,1.0019164111350083,0.9973312477763854,0.9887989701888714,0.9914423588663798,0,0,0,0,0,0.0,1.3201247137695382,0.9629228150260226,1.0101538376173105
267,6,4,2026097859,0.9,1.5,0.5,0.025,0.025,0.01,0.01,none,0.9987290398743806,0.9983963381576676,0.9832592161970484,0.9905544320598145,0,0,0,0,0,0.0,1.3222308131865315,0.9624416205527647,1.010290181092373
267,6,5,2026097860,0.9,1.5,0.5,0.025,0.025,0.01,0.01,none,0.9950513627671033,0.9986023386718405,1.0071347871247107,0.9979372359777777,0,0,0,0,0,0.0,1.3763327023410035,0.9625963968797336,1.0101238419869278
267,6,6,2026097861,0.9,1.5,0.5,0.025,0.025,0.01,0.01,none,0.9946333982520547,1.0008393100717698,0.9980137789765058,1.0004783820755692,0,0,0,0,0,0.0,1.3348865429461256,0.9631078400757109,1.0102683671935506
267,6,7,2026097862,0.9,1.5,0.5,0.025,0.025,0.01,0.01,none,1.0011579631417136,1.0000729143030491,0.9928532441318763,0.998216036837934,0,0,0,0,0,0.0,1.330797084139259,0.9627930129373939,1.0103804805919174
267,6,8,2026097863,0.9,1.5,0.5,0.025,0.025,0.01,0.01,none,1.0007213484988784,1.0030600221235964,0.9930087980340865,0.9972218694632349,0,0,0,0,0,0.0,1.3350099481485231,0.9626171908273298,1.0102806877475567
267,6,9,2026097864,0.9,1.5,0.5,0.025,0.025,0.01,0.01,none,0.9938439974043347,1.0056883858176995,1.0033153927400256,1.0157876337563465,0,0,0,0,0,0.0,1.358342361764594,0.9624493981558756,1.010388303566467
267,6,10,2026097865,0.9,1.5,0.5,0.025,0.025,0.01,0.01,none,0.9969995805124509,0.9991291213998408,1.0010239795345628,1.0136140536775788,0,0,0,0,0,0.0,1.3518490918324453,0.9627090844906335,1.010464904002851
267,6,11,2026097866,0.9,1.5,0.5,0.025,0.025,0.01,0.01,none,1.0019348253360512,0.9924367395746432,0.9889033770388224,1.00533242980406,0,0,0,0,0,0.0,1.328218837230254,0.9625974459847465,1.0101154277928133
267,6,12,2026097867,0.9,1.5,0.5,0.025,0.025,0.01,0.01,none,0.9945937338772748,1.0004446335066004,0.9998187275214195,0.9906533553551702,0,0,0,0,0,0.0,1.3523522611556438,0.9628246976878452,1.0099157589676326
267,6,13,2026097868,0.9,1.5,0.5,0.025,0.025,0.01,0.01,none,0.9974756870275083,1.0002694174505555,1.0165971652807384,1.016623853752507,0,0,0,0,0,0.0,1.4134162248892568,0.9619888699955214,1.0101006629721558
267,6,14,2026097869,0.9,1.5,0.5,0.025,0.025,0.01,0.01,none,1.0005245679322825,1.000498182055986,0.995972308762945,0.99328498482505,0,0,0,0,0,0.0,1.3284330528718775,0.9629416466418814,1.0100375574114269
267,6,15,2026097870,0.9,1.5,0.5,0.025,0.025,0.01,0.01,none,1.0040401901777607,1.0034793314577881,0.9932235380594296,1.0086597921219609,0,0,0,0,0,0.0,1.3348445113779321,0.9625989575941319,1.0103594309035364
267,6,16,2026097871,0.9,1.5,0.5,0.025,0.025,0.01,0.01,none,1.0011163572004855,0.997510116818999,0.9830180466468446,0.986049084059316,0,0,0,0,0,0.0,1.3012325812163505,0.9630316358908116,1.0103640973329224
267,6,17,2026097872,0.9,1.5,0.5,0.025,0.025,0.01,0.01,none,1.0016498144884258,1.0037094719399695,0.995602862060141,0.9912289257597735,0,0,0,0,0,0.0,1.3509576450922904,0.9624572106502707,1.0101659179799147
267,6,18,2026097873,0.9,1.5,0.5,0.025,0.025,0.01,0.01,none,1.0032531135918061,0.995048293272568,0.9904346527353521,1.0059782594596665,0,0,0,0,0,0.0,1.3323370920397473,0.962604232203685,1.0103043848806137
267,6,19,2026097874,0.9,1.5,0.5,0.025,0.025,0.01,0.01,none,0.9974947804899739,0.9993547284943997,1.0197837772446032,0.991163684957692,0,0,0,0,0,0.0,1.4332794955605475,0.962037179412825,1.0098303393741195
267,7,0,2026098864,0.9,1.5,0.5,0.025,0.025,0.01,0.01,none,0.9956534335432492,1.003892853894669,1.0009242410708055,0.998934206085506,0,0,0,0,0,0.0,0.7866435117276968,0.9683337990119115,1.008303904961457
267,7,1,2026098865,0.9,1.5,0.5,0.025,0.025,0.01,0.01,none,1.0043452014772678,1.0029901671017,1.008688150909936,0.9950110197222918,0,0,0,0,0,0.0,0.809258097344804,0.9677316754330364,1.008205504045577
267,7,2,2026098866,0.9,1.5,0.5,0.025,0.025,0.01,0.01,none,1.0034122098621814,0.9996677606879892,0.9884769683934115,0.9959433009931453,0,0,0,0,0,0.0,0.7697310606915295,0.9682660658256097,1.0084556014710866
267,7,3,2026098867,0.9,1.5,0.5,0.025,0.025,0.01,0.01,none,0.9994846328760072,1.0080635658778232,0.9984740091675577,1.0002458652457427,0,0,0,0,0,0.0,0.7842287187775163,0.968297942980783,1.0083819628698532
267,7,4,2026098868,0.9,1.5,0.5,0.025,0.025,0.01,0.01,none,1.0047358473969135,0.9962747660311483,0.9980850919514362,1.0140080207739652,0,0,0,0,0,0.0,0.7848446457641719,0.9682780296556999,1.0085723106400721
267,7,5,2026098869,0.9,1.5,0.5,0.025,0.025,0.01,0.01,none,0.9995364559877797,1.0034919085697305,0.9935860174252885,0.9864973729577272,0,0,0,0,0,0.0,0.7761137497202639,0.9683007242830247,1.008432020637691
267,7,6,2026098870,0.9,1.5,0.5,0.025,0.025,0.01,0.01,none,0.9981391546289868,1.0043422633419081,0.9931288102892304,1.0087331796030008,0,0,0,0,0,0.0,0.7874863035184115,0.9680267479469137,1.0084466754186023
267,7,7,2026098871,0.9,1.5,0.5,0.025,0.025,0.01,0.01,none,1.0026006973247494,1.0073728797490347,0.9869154000119289,1.0085848079169717,0,0,0,0,0,0.0,0.761756322532802,0.9685638168871084,1.0085818039730359
267,7,8,2026098872,0.9,1.5,0.5,0.025,0.025,0.01,0.01,none,1.0030598735909988,1.0018291811822122,1.0034542167607492,1.0107091018154333,0,0,0,0,0,0.0,0.7962361407155935,0.9679450402330263,1.0084375443765918
267,7,9,2026098873,0.9,1.5,0.5,0.025,0.025,0.01,0.01,none,0.9981776093483895,1.0025354286405115,0.9951565380028881,1.020703791615698,0,0,0,0,0,0.0,0.7786200797549342,0.9683810984278495,1.0085745608406682
267,7,10,2026098874,0.9,1.5,0.5,0.025,0.025,0.01,0.01,none,0.997424749421295,1.0030335640393504,0.9787534724073867,1.0013406960746027,0,0,0,0,0,0.0,0.7541307284192154,0.9685193767975411,1.008395515058359
267,7,11,2026098875,0.9,1.5,0.5,0.025,0.025,0.01,0.01,none,1.0000368616856512,0.9998441646511248,0.9935526499829319,0.9968473914971525,0,0,0,0,0,0.0,0.7713154441711162,0.9685918795494193,1.0083244683361765
267,7,12,2026098876,0.9,1.5,0.5,0.025,0.025,0.01,0.01,none,1.0017454095074179,1.0059579361314517,1.0051955421984573,1.0031508070429327,0,0,0,0,0,0.0,0.805022787444794,0.9677982189232146,1.008383873409284
267,7,13,2026098877,0.9,1.5,0.5,0.025,0.025,0.01,0.01,none,0.991210189415391,0.9985252790740489,0.9997638935619056,1.0047463510304977,0,0,0,0,0,0.0,0.776810832574618,0.9686059998276721,1.008170310316708
267,7,14,2026098878,0.9,1.5,0.5,0.025,0.025,0.01,0.01,none,0.9989277657811102,0.9999266510444713,1.0032463201638548,0.9930749548435492,0,0,0,0,0,0.0,0.800433366583118,0.9679393043913572,1.0080269382653608
267,7,15,2026098879,0.9,1.5,0.5,0.025,0.025,0.01,0.01,none,0.9963784558738534,0.993466451608626,0.9941020822069586,0.9990446770729181,0,0,0,0,0,0.0,0.7818335633071359,0.9682997580713262,1.0083926555139795
267,7,16,2026098880,0.9,1.5,0.5,0.025,0.025,0.01,0.01,none,1.0027993423921349,0.9946392588811588,0.9964370323888898,0.970874610191201,0,0,0,0,0,0.0,0.7931603181135338,0.9680861515168228,1.0080612562201794
267,7,17,2026098881,0.9,1.5,0.5,0.025,0.025,0.01,0.01,none,0.9953084291444151,1.002445400110482,0.9938396518393894,1.0036174945834762,0,0,0,0,0,0.0,0.7768877725522493,0.9683308003573571,1.0084708071050634
267,7,18,2026098882,0.9,1.5,0.5,0.025,0.025,0.01,0.01,none,1.0015179298074837,1.0039842167665844,0.9893057546075875,1.0161539363986585,0,0,0,0,0,0.0,0.7704934903731342,0.9683517268432308,1.0088700931585648
267,7,19,2026098883,0.9,1.5,0.5,0.025,0.025,0.01,0.01,none,0.9955128116268159,1.0080067609647092,0.9890845835274013,1.0038301317030824,0,0,0,0,0,0.0,0.7838783259343515,0.9680595944099596,1.0084126049048376
267,8,0,2026099873,0.9,1.5,0.5,0.025,0.025,0.01,0.01,none,1.0080689801862563,0.9969545475764205,1.0058748129413688,1.0283500711738707,0,0,0,0,0,0.0,1.238983426872228,0.9642742519203807,1.0178773869192537
267,8,1,2026099874,0.9,1.5,0.5,0.025,0.025,0.01,0.01,none,0.9922866371308556,1.003214680480506,1.01107581258145,1.003181717379724,0,0,0,0,0,0.0,1.2386004676854296,0.964156939485595,1.0159289001710687
267,8,2,2026099875,0.9,1.5,0.5,0.025,0.025,0.01,0.01,none,0.9955960382942842,1.0006909690962005,1.0030366433667743,1.0007164457542692,0,0,0,0,0,0.0,1.2196601188250262,0.9642716384437959,1.01596682049068
267,8,3,2026099876,0.9,1.5,0.5,0.025,0.025,0.01,0.01,none,1.003900305532597,1.0075032073200882,1.006854021228607,0.971271649176001,0,0,0,0,0,0.0,1.2529410005298094,0.9634250169988959,1.013829703523726
267,8,4,2026099877,0.9,1.5,0.5,0.025,0.025,0.01,0.01,none,1.0034179483992531,1.005142947913247,1.0085967563258296,0.992865296136787,0,0,0,0,0,0.0,1.2487888552777882,0.9637661581073241,1.0156496985944217
267,8,5,2026099878,0.9,1.5,0.5,0.025,0.025,0.01,0.01,none,1.000837292184229,1.004568658315477,1.0039143811099447,0.9922726542609436,0,0,0,0,0,0.0,1.2106671438104246,0.9647260431989432,1.0157895534276504
267,8,6,2026099879,0.9,1.5,0.5,0.025,0.025,0.01,0.01,none,0.9953483104916808,0.9963505489948545,1.0199744445697008,0.9961902279961488,0,0,0,0,0,0.0,1.273175664006231,0.9634006491602309,1.0150542091818266
267,8,7,2026099880,0.9,1.5,0.5,0.025,0.025,0.01,0.01,none,0.9931044672830517,0.9954603083870591,1.0042062464199164,0.9966191868667332,0,0,0,0,0,0.0,1.2337816367819547,0.9640053691934354,1.0152520099069293
267,8,8,2026099881,0.9,1.5,0.5,0.025,0.025,0.01,0.01,none,0.9967939298596664,0.9961559952117888,0.9958395781158016,1.012657110535209,0,0,0,0,0,0.0,1.2054386287813708,0.9642985274334587,1.0162180604138633
267,8,9,2026099882,0.9,1.5,0.5,0.025,0.025,0.01,0.01,none,1.0003275365156397,0.9998225851092549,0.9952303522609119,1.0111996049967635,0,0,0,0,0,0.0,1.2239828786096618,0.9638125154961826,1.0161108766683034
267,8,10,2026099883,0.9,1.5,0.5,0.025,0.025,0.01,0.01,none,0.9979747801053286,1.0079377180305893,0.9887964799903003,0.989787988181094,0,0,0,0,0,0.0,1.1880368752722807,0.96452568084938,1.015413853494948
267,8,11,2026099884,0.9,1.5,0.5,0.025,0.025,0.01,0.01,none,0.9993319970397468,1.0060642589256061,0.9934001639680657,1.0093660060174021,0,0,0,0,0,0.0,1.206557475699399,0.9642548058663757,1.0165245119026007
267,8,12,2026099885,0.9,1.5,0.5,0.025,0.025,0.01,0.01,none,1.0090455589720952,1.0024323366385364,1.0175014487426899,0.9989264285036565,0,0,0,0,0,0.0,1.2915847223539316,0.9627968371469493,1.0152518490701272
267,8,13,2026099886,0.9,1.5,0.5,0.025,0.025,0.01,0.01,none,1.0060901880683981,1.0003789368952931,1.0023821221240583,0.9982825261604535,0,0,0,0,0,0.0,1.2491531253955022,0.9633461330439351,1.0153499501187857
267,8,14,2026099887,0.9,1.5,0.5,0.025,0.025,0.01,0.01,none,0.9950723119062144,0.9931577904330217,0.9832876526170344,1.003921035771058,0,0,0,0,0,0.0,1.1860923243206174,0.9642610447198863,1.0155870927853334
267,8,15,2026099888,0.9,1.5,0.5,0.025,0.025,0.01,0.01,none,1.0040418936199054,0.9972153723679317,1.0267455667784446,0.9860953254645101,0,0,0,0,0,0.0,1.2968426624611498,0.9631523974518766,1.0148734383474105
267,8,16,2026099889,0.9,1.5,0.5,0.025,0.025,0.01,0.01,none,0.9954932570707893,0.9954821579393179,1.0045408991906881,1.0033990246702786,0,0,0,0,0,0.0,1.2319059675376451,0.9641326365284144,1.0153319461304997
267,8,17,2026099890,0.9,1.5,0.5,0.025,0.025,0.01,0.01,none,0.9978589081041267,1.0027736953276587,0.9992958623941075,0.9904122317807211,0,0,0,0,0,0.0,1.2306553605260355,0.9636970716740461,1.0146807093318144
267,8,18,2026099891,0.9,1.5,0.5,0.025,0.025,0.01,0.01,none,0.9916108293443632,0.9924082073347449,0.9984555525511809,0.9834545137876602,0,0,0,0,0,0.0,1.1989583458646136,0.9646569869805561,1.014884632540213
267,8,19,2026099892,0.9,1.5,0.5,0.025,0.025,0.01,0.01,none,0.9948324442555265,1.0013593062596742,0.998675886190105,1.0034361384667707,0,0,0,0,0,0.0,1.1994957000210174,0.9648723906592511,1.0158314644148643
267,9,0,2026100882,0.9,1.5,0.5,0.025,0.025,0.01,0.01,none,0.9975568699278522,1.0027488531338404,1.0076401520105396,1.0151529970777422,0,0,0,0,0,0.0,0.8500149228906476,0.9676016836879953,1.0132692813951891
267,9,1,2026100883,0.9,1.5,0.5,0.025,0.025,0.01,0.01,none,0.9982618373807407,1.0016685121248257,1.00161840399178,1.0064415522878127,0,0,0,0,0,0.0,0.8447080133546228,0.9674797087587147,1.0131054555549484
267,9,2,2026100884,0.9,1.5,0.5,0.025,0.025,0.01,0.01,none,1.004098406919477,0.9981465064287015,1.00485861384671,0.9964992014794136,0,0,0,0,0,0.0,0.8516743862328228,0.9675174590360706,1.0130511732267307
267,9,3,2026100885,0.9,1.5,0.5,0.025,0.025,0.01,0.01,none,1.0011547920268071,0.9987833425908638,0.9944914197698858,1.0158679355259563,0,0,0,0,0,0.0,0.8280672206924392,0.9678882190303394,1.013750444227221
267,9,4,2026100886,0.9,1.5,0.5,0.025,0.025,0.01,0.01,none,1.0011119771558932,0.9936160137326393,1.006426013505373,0.9932098147654352,0,0,0,0,0,0.0,0.8578632625991268,0.9672671701873552,1.0129440288976133
267,9,5,2026100887,0.9,1.5,0.5,0.025,0.025,0.01,0.01,none,1.0043534370967848,1.003520043225168,0.9907356570762472,1.0129600344793213,0,0,0,0,0,0.0,0.8172360506667278,0.9679159113084183,1.013630264775425
267,9,6,2026100888,0.9,1.5,0.5,0.025,0.025,0.01,0.01,none,1.0038886184887093,1.0066848711684364,0.9811275242462676,0.9828073722401974,0,0,0,0,0,0.0,0.816685593923651,0.9677301372761083,1.0131397056669829
267,9,7,2026100889,0.9,1.5,0.5,0.025,0.025,0.01,0.01,none,1.0035652935235952,0.994848249742027,1.0085144882489776,0.9950624222280484,0,0,0,0,0,0.0,0.8591340021455672,0.9674314027706507,1.012948760942686
267,9,8,2026100890,0.9,1.5,0.5,0.025,0.025,0.01,0.01,none,0.9974861088965586,0.9954123013885376,1.0045847353341744,1.0004353327781945,0,0,0,0,0,0.0,0.8391699070738933,0.9678907328905886,1.0128039852798498
267,9,9,2026100891,0.9,1.5,0.5,0.025,0.025,0.01,0.01,none,1.002636604525862,0.9965629492173917,1.0057419282879618,0.9894775919725971,0,0,0,0,0,0.0,0.8537941450572473,0.9673362794721232,1.0127940028700266
267,9,10,2026100892,0.9,1.5,0.5,0.025,0.025,0.01,0.01,none,0.9961204691196489,1.0066234640162233,1.007269340587074,1.0143064939323299,0,0,0,0,0,0.0,0.8468990400090934,0.9675755294555258,1.0135857488350608
267,9,11,2026100893,0.9,1.5,0.5,0.025,0.025,0.01,0.01,none,0.994111537907344,1.0010240023977155,1.0027729719201792,0.9921225907799076,0,0,0,0,0,0.0,0.8287580528167232,0.9681501082739475,1.012663863581322
267,9,12,2026100894,0.9,1.5,0.5,0.025,0.025,0.01,0.01,none,1.0069837217302617,1.0056522728091977,1.0056298188974622,0.9943082445557484,0,0,0,0,0,0.0,0.8519484169017254,0.9674569124176949,1.0130473420456712
267,9,13,2026100895,0.9,1.5,0.5,0.025,0.025,0.01,0.01,none,1.0003669758902534,1.000037462179935,1.0169219190537024,1.0012761934084338,0,0,0,0,0,0.0,0.8710270352192732,0.9674230301383155,1.0131239021490521
267,9,14,2026100896,0.9,1.5,0.5,0.025,0.025,0.01,0.01,none,1.0006138692674171,1.0026511434691994,1.0092671156603903,1.0064000226838814,0,0,0,0,0,0.0,0.8669341648749924,0.9672368386835135,1.013006141693416
267,9,15,2026100897,0.9,1.5,0.5,0.025,0.025,0.01,0.01,none,1.0011689051404717,1.0027843789220205,1.011038271648309,0.9966659951818228,0,0,0,0,0,0.0,0.8666262693205572,0.967260425931109,1.0130857508333024
267,9,16,2026100898,0.9,1.5,0.5,0.025,0.025,0.01,0.01,none,0.9972328732507453,0.9979986885408008,1.0043375855104846,1.0009412552803951,0,0,0,0,0,0.0,0.8430950840312138,0.9676037467416231,1.0127813905569436
267,9,17,2026100899,0.9,1.5,0.5,0.025,0.025,0.01,0.01,none,1.002683079990981,0.9989659852618268,1.010320765174493,0.9978247310477252,0,0,0,0,0,0.0,0.8511497645257035,0.967745975513212,1.0132465672034476
267,9,18,2026100900,0.9,1.5,0.5,0.025,0.025,0.01,0.01,none,1.004754436814671,1.001525476297162,0.9969037652251674,1.0153878442637914,0,0,0,0,0,0.0,0.8321771711888066,0.967724129881921,1.0134071741126043
267,9,19,2026100901,0.9,1.5,0.5,0.025,0.025,0.01,0.01,none,0.9981671796563019,1.0014949012726189,1.0078110140034398,1.0163250784569766,0,0,0,0,0,0.0,0.8517935188188128,0.9674080725840469,1.0132584026171831
267,10,0,2026101891,0.9,1.5,0.5,0.025,0.025,0.01,0.01,none,1.001843746503383,1.008279393402463,0.9968971397932802,0.9915948469217385,0,0,0,0,0,0.0,0.822277128211864,0.967184236071533,1.0110817817811177
267,10,1,2026101892,0.9,1.5,0.5,0.025,0.025,0.01,0.01,none,0.9984412123806049,1.0002873928155178,0.9928681325156955,1.005065462449367,0,0,0,0,0,0.0,0.8150523241203964,0.9669902609285995,1.0107849565783642
267,10,2,2026101893,0.9,1.5,0.5,0.025,0.025,0.01,0.01,none,1.004648595981927,0.9946444408918599,0.9918508116202323,0.9956228954149209,0,0,0,0,0,0.0,0.7996668631513151,0.9678425053486969,1.0110646835847144
267,10,3,2026101894,0.9,1.5,0.5,0.025,0.025,0.01,0.01,none,1.0106939639313748,0.9941452646365032,0.9988123430123943,0.9986406043578777,0,0,0,0,0,0.0,0.8156871301635628,0.9673697128966673,1.0110292568600026
267,10,4,2026101895,0.9,1.5,0.5,0.025,0.025,0.01,0.01,none,1.0016104627691582,0.9956124588559897,0.9940593862147724,1.0029191408665645,0,0,0,0,0,0.0,0.8118075509276587,0.9674740637049359,1.010997818855531
267,10,5,2026101896,0.9,1.5,0.5,0.025,0.025,0.01,0.01,none,1.0045591076403664,0.9978497802797656,1.011188235040859,1.0102770868614628,0,0,0,0,0,0.0,0.8448602469911424,0.9671075423609679,1.0110793451557254
267,10,6,2026101897,0.9,1.5,0.5,0.025,0.025,0.01,0.01,none,1.0061827465975843,0.9972600503712701,0.9965363921231333,1.003764761291831,0,0,0,0,0,0.0,0.8081538952956331,0.9675173373600723,1.0109515160638254
267,10,7,2026101898,0.9,1.5,0.5,0.025,0.025,0.01,0.01,none,0.9962079968286446,0.9978560579340428,1.0076429464700103,0.9943770504156085,0,0,0,0,0,0.0,0.8258147205796009,0.9677398354091464,1.010681942959966
267,10,8,2026101899,0.9,1.5,0.5,0.025,0.025,0.01,0.01,none,0.9999050171820398,0.9932513143958059,0.9975915678054854,0.9960353221667434,0,0,0,0,0,0.0,0.8056327398684678,0.967764845219561,1.0108946667448415
267,10,9,2026101900,0.9,1.5,0.5,0.025,0.025,0.01,0.01,none,0.9954934936845125,1.0014910237596915,1.018176587234988,0.988752015867632,0,0,0,0,0,0.0,0.8479000042416823,0.9674000923981193,1.0105447284934446
267,10,10,2026101901,0.9,1.5,0.5,0.025,0.025,0.01,0.01,none,0.9965985553829502,1.0052512302661991,1.0081652994867034,0.9950994655523029,0,0,0,0,0,0.0,0.8258795122638944,0.9674095445895827,1.0107059707107418
267,10,11,2026101902,0.9,1.5,0.5,0.025,0.025,0.01,0.01,none,1.0004092974718062,0.9979814112466731,0.9925517613182939,1.0073127507597797,0,0,0,0,0,0.0,0.8032516778496392,0.9679045431401004,1.0112492278255905
267,10,12,2026101903,0.9,1.5,0.5,0.025,0.025,0.01,0.01,none,0.9986435157816043,1.0022020444218047,0.9905088943719635,1.0113162410930483,0,0,0,0,0,0.0,0.7987875101526362,0.9676895242331591,1.0113552242354504
267,10,13,2026101904,0.9,1.5,0.5,0.025,0.025,0.01,0.01,none,0.9998341078603954,0.9998605549477938,1.012251069122894,1.0038205095082167,0,0,0,0,0,0.0,0.8353477878856094,0.9674478695863288,1.0110805931967983
267,10,14,2026101905,0.9,1.5,0.5,0.025,0.025,0.01,0.01,none,1.003816402506175,0.9993256938646748,1.0012742328402982,1.0059699375277151,0,0,0,0,0,0.0,0.8162360761720429,0.9675406293032527,1.0110072839539335
267,10,15,2026101906,0.9,1.5,0.5,0.025,0.025,0.01,0.01,none,1.0039682317299354,0.9987480320440277,1.004119395128138,1.0110621346878141,0,0,0,0,0,0.0,0.8237140049307955,0.9673986872339921,1.0112279576413503
267,10,16,2026101907,0.9,1.5,0.5,0.025,0.025,0.01,0.01,none,0.9963228266968723,0.9963224465140883,0.9951626489946973,0.9945285896731866,0,0,0,0,0,0.0,0.7988942867388352,0.9678781311850442,1.0110480640419284
267,10,17,2026101908,0.9,1.5,0.5,0.025,0.025,0.01,0.01,none,1.0024001029755474,1.004916583804982,1.0082177391992924,0.9884624438842696,0,0,0,0,0,0.0,0.828765041646993,0.9673435458823675,1.0105180106188874
267,10,18,2026101909,0.9,1.5,0.5,0.025,0.025,0.01,0.01,none,0.9929968947774543,0.9983870741580908,1.0031425267419092,1.0039570789711323,0,0,0,0,0,0.0,0.8093076480389082,0.9677667264519213,1.0108974552403138
267,10,19,2026101910,0.9,1.5,0.5,0.025,0.025,0.01,0.01,none,0.9979533163734617,0.9999870380508737,1.0040769957440348,0.9597058794153424,0,0,0,0,0,0.0,0.8206015461934307,0.967459177460373,1.0103068290763586
267,11,0,2026102900,0.9,1.5,0.5,0.025,0.025,0.01,0.01,none,0.9930851568967949,1.011264710582443,1.0189126337901278,1.0227254672795296,0,0,0,0,0,0.0,1.316025323567028,0.9624062874742333,1.0194589651512365
267,11,1,2026102901,0.9,1.5,0.5,0.025,0.025,0.01,0.01,none,0.9949347195847299,1.0054571041929878,0.9763435666076977,0.9829840818571787,0,0,0,0,0,0.0,1.1861117131101244,0.9644240234808474,1.0187738067676881
267,11,2,2026102902,0.9,1.5,0.5,0.025,0.025,0.01,0.01,none,1.0050675892696463,0.9986137904561508,0.9887758981568597,0.9880158659431535,0,0,0,0,0,0.0,1.2388078991503053,0.9634370294287095,1.018835931876919
267,11,3,2026102903,0.9,1.5,0.5,0.025,0.025,0.01,0.01,none,0.9965744211768045,1.0014459014073167,0.9859917652542476,1.0038075268979376,0,0,0,0,0,0.0,1.2101933822952526,0.9640829587717001,1.0197158612620267
267,11,4,2026102904,0.9,1.5,0.5,0.025,0.025,0.01,0.01,none,0.9950809663470673,0.9993006961018323,1.0085535139863089,1.0186731503086182,0,0,0,0,0,0.0,1.2769433872005214,0.9632962556464311,1.0195987000318323
267,11,5,2026102905,0.9,1.5,0.5,0.025,0.025,0.01,0.01,none,1.0005585082956223,1.0021451554687772,1.0005255041380967,1.0105992853896517,0,0,0,0,0,0.0,1.2609112137672722,0.9634646041772832,1.0199289716487883
267,11,6,2026102906,0.9,1.5,0.5,0.025,0.025,0.01,0.01,none,0.9984017974798892,1.002384755378343,0.9882822706337342,0.9997894125251354,0,0,0,0,0,0.0,1.2264753661830303,0.9636235524211153,1.018880422509779
267,11,7,2026102907,0.9,1.5,0.5,0.025,0.025,0.01,0.01,none,0.9986973780884982,1.0027285830574915,0.99978688119506,1.0016582116265318,0,0,0,0,0,0.0,1.2561947567340044,0.9631543527825511,1.0184485785094026
267,11,8,2026102908,0.9,1.5,0.5,0.025,0.025,0.01,0.01,none,1.0046409155224048,1.0024184909710867,0.9953010411086607,1.021330094727719,0,0,0,0,0,0.0,1.276861322303246,0.9623318698058303,1.0198630051981958
267,11,9,2026102909,0.9,1.5,0.5,0.025,0.025,0.01,0.01,none,0.9978880304954247,0.9971731937954245,1.0049020120285892,1.0080330717513921,0,0,0,0,0,0.0,1.2765191091617376,0.9629730899246184,1.019236001019935
267,11,10,2026102910,0.9,1.5,0.5,0.025,0.025,0.01,0.01,none,0.9945129435546768,1.007460053342514,0.9955200390382309,0.9886220997047612,0,0,0,0,0,0.0,1.2639907405539752,0.9626723232131268,1.017645426914247
267,11,11,2026102911,0.9,1.5,0.5,0.025,0.025,0.01,0.01,none,1.0015845079385746,0.991642919282762,1.00156964124858,1.0106655107149654,0,0,0,0,0,0.0,1.2657133503993228,0.963290673369743,1.0194254969989074
267,11,12,2026102912,0.9,1.5,0.5,0.025,0.025,0.01,0.01,none,0.9969658320936853,0.9963345595689851,0.9876737908517094,0.9893369645433749,0,0,0,0,0,0.0,1.2242915073577978,0.9637766678961203,1.0186308922347282
267,11,13,2026102913,0.9,1.5,0.5,0.025,0.025,0.01,0.01,none,1.004371654902355,1.0030069298125852,1.003205401058725,1.0105370111861776,0,0,0,0,0,0.0,1.2772254304833743,0.963031073938815,1.0192014896671766
267,11,14,2026102914,0.9,1.5,0.5,0.025,0.025,0.01,0.01,none,0.9952187861773091,0.9990735668982887,1.0000886322273645,0.9945234819463284,0,0,0,0,0,0.0,1.2485168428086841,0.9634832460472109,1.0187178538088475
267,11,15,2026102915,0.9,1.5,0.5,0.025,0.025,0.01,0.01,none,0.9954152643219285,0.9861249877522617,0.9864783244014959,0.9885157633894943,0,0,0,0,0,0.0,1.2169476397470596,0.9638550916380952,1.0184964725365317
267,11,16,2026102916,0.9,1.5,0.5,0.025,0.025,0.01,0.01,none,0.992897092763611,1.0002735291951992,1.0046764256594987,1.0012851512775203,0,0,0,0,0,0.0,1.2672509014448525,0.9632413951300081,1.018844176336686
267,11,17,2026102917,0.9,1.5,0.5,0.025,0.025,0.01,0.01,none,0.9999958105248254,0.9985092105264165,1.0075607874201145,1.0108297267330677,0,0,0,0,0,0.0,1.3021766574597737,0.9622395935887489,1.018811925817547
267,11,18,2026102918,0.9,1.5,0.5,0.025,0.025,0.01,0.01,none,0.9955287650366627,0.9953659088922915,1.0129301211859991,1.0114619621778764,0,0,0,0,0,0.0,1.298774062582839,0.962550656982668,1.0190107777597732
267,11,19,2026102919,0.9,1.5,0.5,0.025,0.025,0.01,0.01,none,1.0064995559917527,1.0003743202811124,1.0211134250497977,0.9865936850811481,0,0,0,0,0,0.0,1.3292793067475368,0.9622761775079488,1.0178159308011923
267,12,0,2026103909,0.9,1.5,0.5,0.025,0.025,0.01,0.01,none,1.0007545501466457,0.9935581959286305,1.0176131132553705,1.0003132118570852,0,0,0,0,0,0.0,1.5943268458303812,0.9595941323558664,1.0077119982414882
267,12,1,2026103910,0.9,1.5,0.5,0.025,0.025,0.01,0.01,none,1.0047005230563795,0.9974395807244907,1.0019003869088499,0.9911686641927593,0,0,0,0,0,0.0,1.5543497748423485,0.9597240188869601,1.0078104949155002
267,12,2,2026103911,0.9,1.5,0.5,0.025,0.025,0.01,0.01,none,0.9991812200166,1.003279021809019,1.0026954782437185,1.0002968331423592,0,0,0,0,0,0.0,1.5558934227865593,0.9598517889395045,1.0078462083058581
267,12,3,2026103912,0.9,1.5,0.5,0.025,0.025,0.01,0.01,none,1.000984513531621,0.995853222582708,0.9993655677212117,1.0063205597426443,0,0,0,0,0,0.0,1.5498608326486683,0.9595405289677914,1.0080185296764288
267,12,4,2026103913,0.9,1.5,0.5,0.025,0.025,0.01,0.01,none,1.0028275100659727,0.999226588522296,1.0057580347405035,1.0062941199987483,0,0,0,0,0,0.0,1.547644367979589,0.9602208799935692,1.0081305974977472
267,12,5,2026103914,0.9,1.5,0.5,0.025,0.025,0.01,0.01,none,0.9957512176900438,0.9949009066868968,0.989803775375457,0.9963872371850264,0,0,0,0,0,0.0,1.514212130875166,0.959875220147432,1.0078985417234976
267,12,6,2026103915,0.9,1.5,0.5,0.025,0.025,0.01,0.01,none,0.9981652308746436,0.9993152337062009,0.9837334122984931,1.011425838255882,0,0,0,0,0,0.0,1.4626579101640098,0.9606162921180394,1.0081813354445992
267,12,7,2026103916,0.9,1.5,0.5,0.025,0.025,0.01,0.01,none,1.0005741163647592,1.0113928972530115,0.9966805884225234,1.0098497017603576,0,0,0,0,0,0.0,1.5370199970764762,0.9599005693824813,1.0079519941826163
267,12,8,2026103917,0.9,1.5,0.5,0.025,0.025,0.01,0.01,none,1.0044176139940895,0.998873946128649,1.009256479718835,0.9846133313829754,0,0,0,0,0,0.0,1.5761936118741566,0.9598172332690609,1.0076191651315396
267,12,9,2026103918,0.9,1.5,0.5,0.025,0.025,0.01,0.01,none,1.00247696536599,1.0057935102073368,0.9926675974323496,0.9857658797156815,0,0,0,0,0,0.0,1.50291125178772,0.9604325141771484,1.0077101312718344
267,12,10,2026103919,0.9,1.5,0.5,0.025,0.025,0.01,0.01,none,1.0042706005083764,0.9981565691861236,1.0051325039261219,0.9925569608567827,0,0,0,0,0,0.0,1.5767050392174358,0.9593744093484935,1.007622470005331
267,12,11,2026103920,0.9,1.5,0.5,0.025,0.025,0.01,0.01,none,1.0057606579035958,1.0013280334739374,0.9903651189899156,0.9837255382943001,0,0,0,0,0,0.0,1.5164399341415218,0.96010904309534,1.0077145216925487
267,12,12,2026103921,0.9,1.5,0.5,0.025,0.025,0.01,0.01,none,0.9977861559807387,0.9968445814238712,0.9885809026150326,0.9875129802068906,0,0,0,0,0,0.0,1.4969323189951504,0.9603470107824097,1.0078645369254555
267,12,13,2026103922,0.9,1.5,0.5,0.025,0.025,0.01,0.01,none,0.9912041935670868,1.0054903679954923,0.9944453018893077,1.0108137913569895,0,0,0,0,0,0.0,1.4954372113469017,0.9606547942190512,1.008048465221335
267,12,14,2026103923,0.9,1.5,0.5,0.025,0.025,0.01,0.01,none,0.9986602721644223,1.0059494325283396,0.9902713955800978,0.9993437139715804,0,0,0,0,0,0.0,1.4959925120487256,0.9603325465253509,1.0080291130047283
267,12,15,2026103924,0.9,1.5,0.5,0.025,0.025,0.01,0.01,none,1.0002480146183153,0.9993706832733438,1.0138198512972405,1.0169670082139806,0,0,0,0,0,0.0,1.6207731320205627,0.9585713426299954,1.0079004940429295
267,12,16,2026103925,0.9,1.5,0.5,0.025,0.025,0.01,0.01,none,1.0024620803868438,1.005157588556682,0.9829536150714572,0.9959348840237974,0,0,0,0,0,0.0,1.499447578511413,0.9597481734596782,1.0080713033123252
267,12,17,2026103926,0.9,1.5,0.5,0.025,0.025,0.01,0.01,none,0.9947049601379276,0.9925926082553986,0.9982024894819679,1.0024585217716908,0,0,0,0,0,0.0,1.5235365972539825,0.9601199363380067,1.0080234158244252
267,12,18,2026103927,0.9,1.5,0.5,0.025,0.025,0.01,0.01,none,1.001721253469197,0.9966139373523872,0.9902824464348227,0.9971909870593386,0,0,0,0,0,0.0,1.5278120431903717,0.9593647930440568,1.00776000701187
267,12,19,2026103928,0.9,1.5,0.5,0.025,0.025,0.01,0.01,none,0.9991994037893563,0.995401856588472,0.9834920944906782,1.0022218759387338,0,0,0,0,0,0.0,1.462188258711203,0.9607869991699878,1.0079322281198895
267,13,0,2026104918,0.9,1.5,0.5,0.025,0.025,0.01,0.01,none,1.0046280652501811,1.0012383160475709,0.9922182683689758,0.9749297933743651,0,0,0,0,0,0.0,1.797123659887196,0.958103524807229,1.0042623147631355
267,13,1,2026104919,0.9,1.5,0.5,0.025,0.025,0.01,0.01,none,0.9993008904807481,1.005940903580747,1.0098475293071902,0.9896881922406596,0,0,0,0,0,0.0,1.851782652695387,0.9585032236395026,1.0043192910676864
267,13,2,2026104920,0.9,1.5,0.5,0.025,0.025,0.01,0.01,none,0.9935650135737373,0.9976555268881732,0.9886442656036529,0.9944018966182845,0,0,0,0,0,0.0,1.7547596309605653,0.9586727546610356,1.0045176990066909
267,13,3,2026104921,0.9,1.5,0.5,0.025,0.025,0.01,0.01,none,0.9966916152661387,0.9997466091569125,1.003410029086712,1.0055062655367955,0,0,0,0,0,0.0,1.8288887517549985,0.958241938834173,1.0044309928328101
267,13,4,2026104922,0.9,1.5,0.5,0.025,0.025,0.01,0.01,none,1.0079734660685602,0.995706447205371,1.0026203928201292,1.0090424079486813,0,0,0,0,0,0.0,1.8544276694842763,0.9574806354021914,1.0045645477382155
267,13,5,2026104923,0.9,1.5,0.5,0.025,0.025,0.01,0.01,none,0.9914057544838311,1.0008329747771239,0.9786414361590384,0.9779701774954626,0,0,0,0,0,0.0,1.70420229094038,0.9593388447186952,1.0044243371552453
267,13,6,2026104924,0.9,1.5,0.5,0.025,0.025,0.01,0.01,none,1.0003785864300083,1.0034921384423792,0.9905952125812867,0.9980255213032985,0,0,0,0,0,0.0,1.7707171752177646,0.958772740385932,1.0045068262287808
267,13,7,2026104925,0.9,1.5,0.5,0.025,0.025,0.01,0.01,none,0.9989888076339,0.9943829070936437,0.9922449308055116,0.9949775333810298,0,0,0,0,0,0.0,1.776760070774283,0.9584032241308885,1.004569903519753
267,13,8,2026104926,0.9,1.5,0.5,0.025,0.025,0.01,0.01,none,1.001977345959892,1.000838760011924,0.9921668497924893,1.008239004897773,0,0,0,0,0,0.0,1.7647845922853256,0.9587786513780666,1.0046125610250995
267,13,9,2026104927,0.9,1.5,0.5,0.025,0.025,0.01,0.01,none,0.9993567797225651,0.9987149296925019,0.989559304825037,1.0070484945927685,0,0,0,0,0,0.0,1.7622918072777112,0.9585799400749533,1.0045677884777362
267,13,10,2026104928,0.9,1.5,0.5,0.025,0.025,0.01,0.01,none,1.001596062102613,0.9954493465432374,1.0040321680254554,0.9947476907685318,0,0,0,0,0,0.0,1.8092192798934288,0.9585178104686197,1.0043723358483163
267,13,11,2026104929,0.9,1.5,0.5,0.025,0.025,0.01,0.01,none,0.9939021465065757,0.9996981917489612,1.004756002680732,0.9957550376793213,0,0,0,0,0,0.0,1.8235324326911513,0.9583565414420195,1.0043424389934283
267,13,12,2026104930,0.9,1.5,0.5,0.025,0.025,0.01,0.01,none,1.0027492320736409,0.9994134389587767,1.0115164508188599,0.9993951636900867,0,0,0,0,0,0.0,1.851362966574605,0.9583940798680702,1.004454868997722
267,13,13,2026104931,0.9,1.5,0.5,0.025,0.025,0.01,0.01,none,1.0094692204376696,0.9948139416568962,0.9962924940509138,0.9868968338297259,0,0,0,0,0,0.0,1.7854847629254273,0.9589340520778913,1.0043888664757583
267,13,14,2026104932,0.9,1.5,0.5,0.025,0.025,0.01,0.01,none,0.9929395058965358,0.9979852255345539,0.9833736265952865,1.0106519742029956,0,0,0,0,0,0.0,1.698176040056931,0.9594511721241533,1.0047185652554547
267,13,15,2026104933,0.9,1.5,0.5,0.025,0.025,0.01,0.01,none,0.9949888430452082,0.9999411677304356,1.0086076711336536,1.0173034726342949,0,0,0,0,0,0.0,1.8233475911282755,0.9583868372938851,1.0046637186441711
267,13,16,2026104934,0.9,1.5,0.5,0.025,0.025,0.01,0.01,none,0.9941660763315228,1.0036426259108349,0.9903382985073336,0.9978547495599901,0,0,0,0,0,0.0,1.7366453524227923,0.9595492464597757,1.0045192565299763
267,13,17,2026104935,0.9,1.5,0.5,0.025,0.025,0.01,0.01,none,0.9964457579201028,0.9971165869076257,0.9907787896660799,0.9902439324545796,0,0,0,0,0,0.0,1.7562868564725196,0.9590485796484702,1.0044567616411058
267,13,18,2026104936,0.9,1.5,0.5,0.025,0.025,0.01,0.01,none,0.9968810814688285,1.0043418793006247,0.9897056240934081,1.0057249156413017,0,0,0,0,0,0.0,1.7209630946122307,0.9596875229062147,1.0045596775394185
267,13,19,2026104937,0.9,1.5,0.5,0.025,0.025,0.01,0.01,none,0.9956064674634536,1.0019018194876046,1.0189422032420785,0.993674187394104,0,0,0,0,0,0.0,1.8692230286223936,0.958554199593404,1.0043100908867695
267,14,0,2026105927,0.9,1.5,0.5,0.025,0.025,0.01,0.01,none,0.9985657213011749,1.0028174125978644,1.0063988151887402,1.0108439539473635,0,0,0,0,0,0.0,1.7433417267248672,0.9580918046567132,1.0076477117358638
267,14,1,2026105928,0.9,1.5,0.5,0.025,0.025,0.01,0.01,none,1.0020840935274056,0.9917798147029618,1.0122715288673343,1.0068195936579678,0,0,0,0,0,0.0,1.7652221293725847,0.9581373378139747,1.0078654614796303
267,14,2,2026105929,0.9,1.5,0.5,0.025,0.025,0.01,0.01,none,0.9959448087974752,0.9963291906069235,0.9908299524849506,0.9960209623593032,0,0,0,0,0,0.0,1.6887715347903474,0.9581730754852517,1.007549488593478
267,14,3,2026105930,0.9,1.5,0.5,0.025,0.025,0.01,0.01,none,0.994533804060447,0.9989208306825609,1.0040736883347807,1.0049660911661507,0,0,0,0,0,0.0,1.7285135431799343,0.9585857071691889,1.0077212024905426
267,14,4,2026105931,0.9,1.5,0.5,0.025,0.025,0.01,0.01,none,0.9989185300181181,0.9998102110273258,1.0258408991918102,0.9936881601970703,0,0,0,0,0,0.0,1.848609372008394,0.957338424798431,1.0074426187851724
267,14,5,2026105932,0.9,1.5,0.5,0.025,0.025,0.01,0.01,none,0.9959848823613205,1.0031669400080212,1.0217852773596674,1.0013090376087097,0,0,0,0,0,0.0,1.8291000107572468,0.9574471433414503,1.0075170339936583
267,14,6,2026105933,0.9,1.5,0.5,0.025,0.025,0.01,0.01,none,0.9959794403550577,1.0033010977772319,0.9833717808979078,0.9918172907000162,0,0,0,0,0,0.0,1.6600794437009072,0.958465295319223,1.007948977369103
267,14,7,2026105934,0.9,1.5,0.5,0.025,0.025,0.01,0.01,none,1.0028290212826325,0.9989313873426159,0.9861880617928727,0.9960351673491568,0,0,0,0,0,0.0,1.6571856250232615,0.958676220912198,1.0076909040252962
267,14,8,2026105935,0.9,1.5,0.5,0.025,0.025,0.01,0.01,none,0.9920213983722926,0.9992889424665826,1.0007862191945953,0.9887187573463657,0,0,0,0,0,0.0,1.6959169048763987,0.9590195703187747,1.007531740885392
267,14,9,2026105936,0.9,1.5,0.5,0.025,0.025,0.01,0.01,none,1.0037996180984177,1.0010797659147095,1.0097076846164446,1.0109032679063668,0,0,0,0,0,0.0,1.7725182819157141,0.9576995769109957,1.007804149457276
267,14,10,2026105937,0.9,1.5,0.5,0.025,0.025,0.01,0.01,none,0.9974181086215592,1.0027281795103613,1.0086056980874303,1.0054952582809549,0,0,0,0,0,0.0,1.755809269587049,0.9581319102894239,1.007743467197661
267,14,11,2026105938,0.9,1.5,0.5,0.025,0.025,0.01,0.01,none,1.0026101388458095,1.0015693962854813,0.9902065147873704,1.0011022296226868,0,0,0,0,0,0.0,1.67976330461428,0.9585210684184633,1.0079600268735878
267,14,12,2026105939,0.9,1.5,0.5,0.025,0.025,0.01,0.01,none,0.9920876829463996,0.9950566231044093,1.0029669760216369,1.004787235854899,0,0,0,0,0,0.0,1.7393545518408062,0.9580561039782739,1.0076086386134555
267,14,13,2026105940,0.9,1.5,0.5,0.025,0.025,0.01,0.01,none,1.0018083586630613,0.9955471899831363,1.0115293031166466,1.015020007149709,0,0,0,0,0,0.0,1.761264220805829,0.9580584717817857,1.0078133073490851
267,14,14,2026105941,0.9,1.5,0.5,0.025,0.025,0.01,0.01,none,1.0007185098154485,0.9939677888186893,1.0159844969726108,1.0078421308347054,0,0,0,0,0,0.0,1.7931587039064334,0.9578421934365636,1.0076660199496967
267,14,15,2026105942,0.9,1.5,0.5,0.025,0.025,0.01,0.01,none,1.0003864178076685,0.9905026217051258,0.999539599808843,1.0095162134735505,0,0,0,0,0,0.0,1.7099206273252188,0.9582748813916122,1.0078184770263783
267,14,16,2026105943,0.9,1.5,0.5,0.025,0.025,0.01,0.01,none,0.9962905995186004,0.998008437851703,1.0063367146367677,0.9888957585626841,0,0,0,0,0,0.0,1.737582553406019,0.9583748303573988,1.0075121627857662
267,14,17,2026105944,0.9,1.5,0.5,0.025,0.025,0.01,0.01,none,0.9937348803084447,1.0048831339173003,0.9883840408350069,1.0170733352920176,0,0,0,0,0,0.0,1.649582456445306,0.9588411792614259,1.0079806112686518
267,14,18,2026105945,0.9,1.5,0.5,0.025,0.025,0.01,0.01,none,0.9994587549399425,0.9948721311966132,1.007257034090696,1.0125333634095652,0,0,0,0,0,0.0,1.754758856859862,0.9577369319223511,1.0077871088726384
267,14,19,2026105946,0.9,1.5,0.5,0.025,0.025,0.01,0.01,none,0.9971066615726614,1.0021644809813046,0.9994770915465019,1.007448946082441,0,0,0,0,0,0.0,1.7019971423448614,0.9588766321933003,1.0078158417227359
267,15,0,2026106936,0.9,1.5,0.5,0.025,0.025,0.01,0.01,none,1.000433736211738,1.0023708330711283,1.0013213301155712,0.9868445045974582,0,0,0,0,0,0.0,2.060741941074187,0.9572660933839953,1.0006318409158406
267,15,1,2026106937,0.9,1.5,0.5,0.025,0.025,0.01,0.01,none,0.995171684492087,0.9985976518584592,0.9911836373182469,0.9981500202385215,0,0,0,0,0,0.0,1.993649990937384,0.9578439151243754,1.0006728402384408
267,15,2,2026106938,0.9,1.5,0.5,0.025,0.025,0.01,0.01,none,1.0002493586568255,0.9989132798182381,0.9983549231061788,0.9976584751770505,0,0,0,0,0,0.0,2.049324496418379,0.9577952799747693,1.000654386221644
267,15,3,2026106939,0.9,1.5,0.5,0.025,0.025,0.01,0.01,none,1.0002597083527942,1.002152283405891,1.0218305134525687,0.9976886280660188,0,0,0,0,0,0.0,2.142110339391856,0.9575295445319185,1.0004136782668611
267,15,4,2026106940,0.9,1.5,0.5,0.025,0.025,0.01,0.01,none,1.0006019299887452,1.0020546341071033,1.0082256353493488,1.00514034184353,0,0,0,0,0,0.0,2.083430779062668,0.9575088502908969,1.0005007131185024
267,15,5,2026106941,0.9,1.5,0.5,0.025,0.025,0.01,0.01,none,0.9938420361820087,1.0016569839153502,0.9933788208907434,1.0170646714969818,0,0,0,0,0,0.0,2.026761686027267,0.9573242197820022,1.0007725209177194
267,15,6,2026106942,0.9,1.5,0.5,0.025,0.025,0.01,0.01,none,0.9970714809742095,0.9994086033259155,1.0121324044779856,0.995121983540231,0,0,0,0,0,0.0,2.0974281177155825,0.9572965783822455,1.0005498107267692
267,15,7,2026106943,0.9,1.5,0.5,0.025,0.025,0.01,0.01,none,0.9998284351389413,0.9978866987860681,1.024162977876896,1.0224960548460527,0,0,0,0,0,0.0,2.197054258944186,0.9564069217956429,1.0006019870188694
267,15,8,2026106944,0.9,1.5,0.5,0.025,0.025,0.01,0.01,none,1.0020550437960138,0.999237896360496,1.0148204728160277,0.9890071890373493,0,0,0,0,0,0.0,2.139968883050042,0.9569714301149836,1.0004573697666679
267,15,9,2026106945,0.9,1.5,0.5,0.025,0.025,0.01,0.01,none,0.9931302822235775,1.0036560721943808,0.9891922137794349,1.0074024886042428,0,0,0,0,0,0.0,1.963846369518532,0.9581615919478538,1.0007648001980702
267,15,10,2026106946,0.9,1.5,0.5,0.025,0.025,0.01,0.01,none,0.9969840566311889,1.0075474826235296,1.0006079402558044,0.9960861421867079,0,0,0,0,0,0.0,2.036856772571688,0.9580494424141422,1.0006768495712768
267,15,11,2026106947,0.9,1.5,0.5,0.025,0.025,0.01,0.01,none,0.988533910204192,1.0042177790035236,1.0232004804285835,0.9773584081201818,0,0,0,0,0,0.0,2.173686898259137,0.9570497146136302,1.000370829896997
267,15,12,2026106948,0.9,1.5,0.5,0.025,0.025,0.01,0.01,none,1.0008837266045951,0.9969341695060918,1.0158123976066593,0.9861452384831639,0,0,0,0,0,0.0,2.1393756451930455,0.9570557088552017,1.0004255828758948
267,15,13,2026106949,0.9,1.5,0.5,0.025,0.025,0.01,0.01,none,0.9965353496079772,1.0017334611220732,1.0017258141281256,1.015642531749023,0,0,0,0,0,0.0,2.0218924215871628,0.958185128791315,1.0007453949424718
267,15,14,2026106950,0.9,1.5,0.5,0.025,0.025,0.01,0.01,none,1.0025182926009428,0.9995398717783494,0.990364743919226,1.0220577412037022,0,0,0,0,0,0.0,1.989298758048992,0.9579321006231738,1.0009449679041929
267,15,15,2026106951,0.9,1.5,0.5,0.025,0.025,0.01,0.01,none,1.0021796526290963,0.9979127486644048,0.9992295378266358,1.011690432014185,0,0,0,0,0,0.0,2.049919576031983,0.9576382830133758,1.0007138590647477
267,15,16,2026106952,0.9,1.5,0.5,0.025,0.025,0.01,0.01,none,0.998869673726664,1.002189166115813,1.0038926484434088,0.9901503594616538,0,0,0,0,0,0.0,2.050618921159474,0.9579719593712116,1.0005176171230106
267,15,17,2026106953,0.9,1.5,0.5,0.025,0.025,0.01,0.01,none,0.9972946021085678,0.9970111699706363,1.0153137655529942,0.9763988681619881,0,0,0,0,0,0.0,2.1191703833582785,0.9577771414211453,1.0003699882791222
267,15,18,2026106954,0.9,1.5,0.5,0.025,0.025,0.01,0.01,none,1.0041365953764105,1.0057042268081937,0.9870148530122207,0.998254216413378,0,0,0,0,0,0.0,1.9625524166348027,0.9581250929024477,1.000789444976144
267,15,19,2026106955,0.9,1.5,0.5,0.025,0.025,0.01,0.01,none,1.0114015815957897,0.9949685439235315,0.9941126200288865,1.008860766162494,0,0,0,0,0,0.0,2.0329303694202174,0.9571814607045293,1.0008428220525818
267,16,0,2026107945,0.9,1.5,0.5,0.025,0.025,0.01,0.01,none,1.000027448741028,0.9997311331220867,0.9978303762378988,1.0065665306496212,0,0,0,0,0,0.0,1.461345229688295,0.9616484769655781,1.0
267,16,1,2026107946,0.9,1.5,0.5,0.025,0.025,0.01,0.01,none,0.993426633638069,1.0070398808721708,0.9922769578637838,1.0085295532966674,0,0,0,0,0,0.0,1.4277440215892867,0.9622071080792125,1.0
267,16,2,2026107947,0.9,1.5,0.5,0.025,0.025,0.01,0.01,none,0.9962898991560983,0.9998750520967553,0.9947288559223011,1.0118637088185052,0,0,0,0,0,0.0,1.4381985546223242,0.9619904774676663,1.0
267,16,3,2026107948,0.9,1.5,0.5,0.025,0.025,0.01,0.01,none,0.9992699784696415,0.9989924821070252,1.0061653479119503,1.0008579207988766,0,0,0,0,0,0.0,1.4840124876085556,0.9618889544711946,1.0
267,16,4,2026107949,0.9,1.5,0.5,0.025,0.025,0.01,0.01,none,1.004893199760792,0.9976455602220979,0.9918700188904983,1.026837008506627,0,0,0,0,0,0.0,1.4408282047466534,0.9616781297543859,1.0
267,16,5,2026107950,0.9,1.5,0.5,0.025,0.025,0.01,0.01,none,0.991917367612395,0.9993345654304867,0.9920380145697826,1.0124829076974229,0,0,0,0,0,0.0,1.4134390816710973,0.9623678888233503,1.0
267,16,6,2026107951,0.9,1.5,0.5,0.025,0.025,0.01,0.01,none,0.9969267188905222,1.004049222844901,1.000981927072524,1.015147750820324,0,0,0,0,0,0.0,1.4671532663600368,0.9616249445110807,1.0
267,16,7,2026107952,0.9,1.5,0.5,0.025,0.025,0.01,0.01,none,0.9955630990178248,1.005293854022684,0.9920130066435742,1.0111959010016467,0,0,0,0,0,0.0,1.4495597556782371,0.961541166405171,1.0
267,16,8,2026107953,0.9,1.5,0.5,0.025,0.025,0.01,0.01,none,0.9948272533972715,0.9961004122775605,0.991621631519542,1.0185116289000662,0,0,0,0,0,0.0,1.3983016579920697,0.9630282834674769,1.0
267,16,9,2026107954,0.9,1.5,0.5,0.025,0.025,0.01,0.01,none,1.002585484287227,1.0045591161922032,1.0073422215965802,1.002820532008902,0,0,0,0,0,0.0,1.5061473993490895,0.961297239150954,1.0
267,16,10,2026107955,0.9,1.5,0.5,0.025,0.025,0.01,0.01,none,0.9958537829287272,1.0046528236892436,1.0075527368436956,0.9973543065436798,0,0,0,0,0,0.0,1.4643246519186768,0.9621133533422221,1.0
267,16,11,2026107956,0.9,1.5,0.5,0.025,0.025,0.01,0.01,none,1.0002708235590425,1.0027108715634079,0.9870899476284204,0.9914423478118688,0,0,0,0,0,0.0,1.4063518100935541,0.9625677417280694,1.0
267,16,12,2026107957,0.9,1.5,0.5,0.025,0.025,0.01,0.01,none,1.0031539165933598,0.9995507868192285,1.002342423458382,1.0006326179209655,0,0,0,0,0,0.0,1.474758106403543,0.9618209424584925,1.0
267,16,13,2026107958,0.9,1.5,0.5,0.025,0.025,0.01,0.01,none,1.002647203186388,1.007022056290225,1.0008192808090344,1.0108316102878938,0,0,0,0,0,0.0,1.4987731637524535,0.9611766303340673,1.0
267,16,14,2026107959,0.9,1.5,0.5,0.025,0.025,0.01,0.01,none,0.9956427410998007,1.0052305504106411,1.0037970942578693,1.0026142536055085,0,0,0,0,0,0.0,1.4559608674697355,0.9622698970383504,1.0
267,16,15,2026107960,0.9,1.5,0.5,0.025,0.025,0.01,0.01,none,0.9965968620129744,1.001189498833445,1.0155065712691413,0.9996894001308329,0,0,0,0,0,0.0,1.514766909156571,0.9616502831266013,1.0
267,16,16,2026107961,0.9,1.5,0.5,0.025,0.025,0.01,0.01,none,1.0033076361570725,0.9962987914274414,0.9909815746249474,0.9856527270943868,0,0,0,0,0,0.0,1.4645029880938985,0.961513254230586,1.0
267,16,17,2026107962,0.9,1.5,0.5,0.025,0.025,0.01,0.01,none,0.996315255121761,1.0006479339018763,0.9992191254397906,0.987561136924213,0,0,0,0,0,0.0,1.4499952132174216,0.9619883489238931,1.0
267,16,18,2026107963,0.9,1.5,0.5,0.025,0.025,0.01,0.01,none,0.9984371982416662,0.9919161030130729,0.9977219238699504,0.9927023786574332,0,0,0,0,0,0.0,1.4597860762551986,0.9619140570035619,1.0
267,16,19,2026107964,0.9,1.5,0.5,0.025,0.025,0.01,0.01,none,1.0086808055314558,0.9969089400550699,1.0033631612596687,0.9949424094183416,0,0,0,0,0,0.0,1.470328027438115,0.9619483280578344,1.0
