candidate_id,scenario_index,day_index,t0,pv_s_scale,svc_q_scale,cap_total_mvar,risk,under_risk,over_risk,under_steps,over_steps,pf_fail,daily_loss_mwh,vmin,vmax,raw_vmin,raw_vmax,intervention_steps,intervention_rate,projection_failures,mean_correction_norm,max_correction_norm,power_flow_previews,projection_iterations,steps_within_0_001_of_reporting_limit,steps_within_0_001_of_projection_guard,actor_total_seconds,actor_mean_ms,projection_total_seconds,projection_mean_ms,preview_total_seconds,optimiser_total_seconds,execution_total_seconds,execution_mean_ms,balance_audit_total_seconds,online_path_total_seconds,completed_steps,max_p_balance_residual_mw,max_q_balance_residual_mvar
105,0,2,192,0.45,0.5625,0.0,0,0,0,0,0,0,2.252935114965392,0.9530505252849348,1.0,0.9530505252849348,1.0,0,0.0,0,0.0,0.0,96,0,0,0,0.0257254999523866,0.2679739578373604,0.5597873999722651,5.831118749711095,0.5562534000710002,0.0,1.2812455999373924,13.34630833268117,0.08009820005099755,1.8667584998620441,96,8.30903017744189e-08,9.856292976229142e-08
105,1,3,288,0.45,0.5625,0.0,0,0,0,0,0,0,2.3106581694047885,0.9536550303505423,1.0,0.9536550303505423,1.0,0,0.0,0,0.0,0.0,96,0,0,0,0.022043099961592816,0.22961562459992516,0.5143398999862256,5.357707291523184,0.5111749999341555,0.0,1.1773524999807705,12.264088541466359,0.07716590003838064,1.713735499928589,96,9.977565609657624e-08,8.999940299958542e-08
105,2,4,384,0.45,0.5625,0.0,0,0,0,0,0,0,2.161158133686349,0.953976820947803,1.0,0.953976820947803,1.0,0,0.0,0,0.0,0.0,96,0,0,0,0.025787699974898715,0.2686218747385283,0.5713453000353184,5.951513542034566,0.5677700000451296,0.0,1.2811435000257916,13.345244791935329,0.08027279999078019,1.8782765000360087,96,9.429222210324828e-08,8.483319435814707e-08
105,3,5,480,0.45,0.5625,0.0,0,0,0,0,0,0,1.8721501803572231,0.9562036755786395,1.000959046444811,0.9562036755786395,1.000959046444811,0,0.0,0,0.0,0.0,96,0,0,0,0.021821499984071124,0.2273072915007409,0.49243560002651066,5.129537500276153,0.48937549999391194,0.0,1.161202900002536,12.095863541693083,0.07652000001689885,1.6754600000131177,96,9.70831702615943e-08,9.502298836672196e-08
105,4,6,576,0.45,0.5625,0.0,0,0,0,0,0,0,1.7335492705103897,0.9575336815441512,1.0,0.9575336815441512,1.0,0,0.0,0,0.0,0.0,96,0,0,0,0.02216910004062811,0.23092812542320948,0.5330239000468282,5.5523322921544604,0.5297769000026165,0.0,1.2413702000194462,12.930939583535897,0.0798489999724552,1.7965632001069025,96,9.952534600274343e-08,9.693574845592856e-08
105,5,7,672,0.45,0.5625,0.0,0,0,0,0,0,0,1.4264271831701243,0.9602299341037432,1.0,0.9602299341037432,1.0,0,0.0,0,0.0,0.0,96,0,0,0,0.022332499975163955,0.23263020807462453,0.5240164000060759,5.4585041667299565,0.5207754999937606,0.0,1.2424264000437688,12.941941667122592,0.08125299998937408,1.7887753000250086,96,9.62592149305469e-08,8.623514256844711e-08
105,6,8,768,0.45,0.5625,0.0,0,0,0,0,0,0,2.4064061969039994,0.9527665047649908,1.0,0.9527665047649908,1.0,0,0.0,0,0.0,0.0,96,0,0,0,0.02129999997850973,0.22187499977614303,0.5018496999691706,5.227601041345527,0.49871319995145313,0.0,1.1793447000090964,12.284840625094754,0.07673340000474127,1.7024943999567768,96,9.46342880621398e-08,9.87456358347849e-08
105,7,10,960,0.45,0.5625,0.0,0,0,0,0,0,0,2.660389686156777,0.9513979481582343,1.0,0.9513979481582343,1.0,0,0.0,0,0.0,0.0,96,0,0,2,0.02198940001107985,0.2290562501154151,0.5232816000061575,5.450850000064141,0.5200901000207523,0.0,1.2122983000299428,12.628107291978571,0.07701049996830989,1.7575693000471801,96,9.208903862557849e-08,9.939668421665715e-08
105,8,11,1056,0.45,0.5625,0.0,0,0,0,0,0,0,2.4372916768820745,0.9525642679330515,1.0,0.9525642679330515,1.0,0,0.0,0,0.0,0.0,96,0,0,0,0.021131800014700275,0.22012291681979454,0.49480280001444044,5.1541958334837545,0.491673299948161,0.0,1.1641393000318203,12.126451041998129,0.07469609996041982,1.680073900060961,96,9.847932265667769e-08,9.969127870435024e-08
105,9,12,1152,0.45,0.5625,0.0,0,0,0,0,0,0,2.4643660124004505,0.9528230908396185,1.0,0.9528230908396185,1.0,0,0.0,0,0.0,0.0,96,0,0,0,0.02239910000207601,0.23332395835495845,0.5326331999895046,5.548262499890673,0.5292767999926582,0.0,1.2197594999961439,12.705828124959831,0.07821339999645716,1.7747917999877245,96,9.988848614569945e-08,9.728605587788763e-08
105,10,13,1248,0.45,0.5625,0.0,0,0,0,0,0,0,1.672583875122181,0.958307606989469,1.0,0.958307606989469,1.0,0,0.0,0,0.0,0.0,96,0,0,0,0.02144570001109969,0.2233927084489551,0.5080804000390344,5.292504167073275,0.5049456000051578,0.0,1.1883389999638894,12.378531249623848,0.07723680001072353,1.7178651000140235,96,9.794574442299753e-08,9.64599722319548e-08
105,11,14,1344,0.45,0.5625,0.0,0,0,0,0,0,0,1.4262623847710765,0.959615066491629,1.0,0.959615066491629,1.0,0,0.0,0,0.0,0.0,96,0,0,0,0.022135499988507945,0.23057812488029109,0.4915043999790214,5.119837499781473,0.4883539999646018,0.0,1.1483874000405194,11.962368750422078,0.07438610000099288,1.6620273000080488,96,9.425969596001116e-08,8.539598604639931e-08
105,12,16,1536,0.45,0.5625,0.0,0,0,0,0,0,0,2.489576700418634,0.9519756923783007,1.0,0.9519756923783007,1.0,0,0.0,0,0.0,0.0,96,0,0,0,0.021045500056061428,0.21922395891730653,0.48943479999434203,5.098279166607729,0.4864298999818857,0.0,1.1499658999964595,11.978811458296454,0.07662470000650501,1.660446200046863,96,9.948303238485612e-08,9.987277616030354e-08
105,13,17,1632,0.45,0.5625,0.0,0,0,0,0,0,0,2.5051891497401857,0.9521922051869223,1.0,0.9521922051869223,1.0,0,0.0,0,0.0,0.0,96,0,0,0,0.019993200010503642,0.20826250010941294,0.45778639998752624,4.768608333203399,0.45496140004252084,0.0,1.0905589000103646,11.359988541774632,0.06901040000957437,1.5683385000083945,96,9.922525864326792e-08,9.968857128672681e-08
105,14,18,1728,0.45,0.5625,0.0,0,0,0,0,0,0,2.4075918322572374,0.9522116948126313,1.0005062285429203,0.9522116948126313,1.0005062285429203,0,0.0,0,0.0,0.0,96,0,0,0,0.019995099974039476,0.20828229139624455,0.4537581999684335,4.726647916337849,0.4508993000490591,0.0,1.0707306000840617,11.153443750875644,0.06976319997920655,1.5444839000265347,96,9.897813282519485e-08,9.794185462652649e-08
105,15,19,1824,0.45,0.5625,0.0,0,0,0,0,0,0,2.270351000943986,0.9531585050816969,1.0005958406631636,0.9531585050816969,1.0005958406631636,0,0.0,0,0.0,0.0,96,0,0,0,0.02048699997976655,0.21340624978923492,0.4792594000318786,4.992285416998736,0.4762876000459073,0.0,1.1118033000238938,11.581284375248893,0.0731365000247024,1.611549700035539,96,9.309656678370415e-08,9.905228803841482e-08
105,16,20,1920,0.45,0.5625,0.0,0,0,0,0,0,0,1.582365071231074,0.9579315955602806,1.0026146131295042,0.9579315955602806,1.0026146131295042,0,0.0,0,0.0,0.0,96,0,0,0,0.02602980005030986,0.27114375052406103,0.6172776999956113,6.429976041620951,0.6134622000099625,0.0,1.4042869999975665,14.627989583307984,0.09233590000803815,2.0475945000434876,96,9.954844014219144e-08,9.426283781310829e-08
105,17,21,2016,0.45,0.5625,0.0,0,0,0,0,0,0,1.3636344449279838,0.9592637635439121,1.0036065988066736,0.9592637635439121,1.0036065988066736,0,0.0,0,0.0,0.0,96,0,0,0,0.025039400003151968,0.26082708336616633,0.6286985000479035,6.548942708832328,0.6247184000458219,0.0,1.4804223999599344,15.421066666249317,0.10172250004688976,2.13416030001099,96,9.962905342733586e-08,8.90017790716735e-08
105,18,22,2112,0.45,0.5625,0.0,0,0,0,0,0,0,2.4299639817011807,0.9520943956455927,1.0,0.9520943956455927,1.0,0,0.0,0,0.0,0.0,96,0,0,0,0.027908000018214807,0.2907083335230709,0.681023000019195,7.093989583533282,0.6768629000289366,0.0,1.5389944000417017,16.03119166710106,0.09963869997591246,2.2479254000791116,96,9.708561841612062e-08,9.706164164069442e-08
105,19,23,2208,0.45,0.5625,0.0,0,0,0,0,0,0,2.6496684303597102,0.9516949050291655,1.0,0.9516949050291655,1.0,0,0.0,0,0.0,0.0,96,0,0,0,0.026553800016699824,0.2766020835072898,0.6201331999764079,6.459720833087583,0.6162411000186694,0.0,1.4591212000814267,15.199179167514862,0.0948238999772002,2.1058082000745344,96,9.895537111948016e-08,9.912040049853132e-08
105,20,24,2304,0.45,0.5625,0.0,0,0,0,0,0,0,2.5675332023611985,0.9519685863788252,1.0,0.9519685863788252,1.0,0,0.0,0,0.0,0.0,96,0,0,0,0.025241700001060963,0.2629343750110517,0.6196047000194085,6.454215625202171,0.6157989000130328,0.0,1.4652264000105788,15.262775000110196,0.09628419997898163,2.1100728000310482,96,9.364468480169141e-08,9.960886337978536e-08
105,21,25,2400,0.45,0.5625,0.0,0,0,0,0,0,0,2.3135009091377725,0.951991314977202,1.0030462089689132,0.951991314977202,1.0030462089689132,0,0.0,0,0.0,0.0,96,0,0,0,0.024602599994977936,0.25627708328102017,0.6094153000012739,6.348076041679936,0.6057125999432174,0.0,1.3673415999801364,14.243141666459755,0.08874440000363393,2.001359499976388,96,9.135336873251909e-08,9.807200093692181e-08
105,22,26,2496,0.45,0.5625,0.0,0,0,0,0,0,0,2.1864106353205304,0.952979298739784,1.0044914377657947,0.952979298739784,1.0044914377657947,0,0.0,0,0.0,0.0,96,0,0,0,0.025725600062287413,0.26797500064882723,0.6375776999993832,6.641434374993575,0.6336102999921422,0.0,1.4764647000047262,15.379840625049232,0.096154499995464,2.139768000066397,96,9.166299185826843e-08,9.926030469786795e-08
105,23,27,2592,0.45,0.5625,0.0,0,0,0,0,0,0,1.5306216537691066,0.9579501627678743,1.0053552489172242,0.9579501627678743,1.0053552489172242,0,0.0,0,0.0,0.0,96,0,0,0,0.02499680004257243,0.2603833337767962,0.5945364999643061,6.1930885412948555,0.5907348000109778,0.0,1.4172675999507192,14.763204166153324,0.09274530004768167,2.0368008999575977,96,9.235878129128239e-08,8.818632053764208e-08
105,24,28,2688,0.45,0.5625,0.0,0,0,0,0,0,0,1.317351451319223,0.9596659157348354,1.0037813521160133,0.9596659157348354,1.0037813521160133,0,0.0,0,0.0,0.0,96,0,0,0,0.024915100082580466,0.25953229252687987,0.570587800037174,5.943622917053896,0.5668956000299659,0.0,1.3798423999469378,14.373358332780603,0.09133710004243767,1.9753453000666923,96,9.841358674170242e-08,8.804863324551881e-08
105,25,29,2784,0.45,0.5625,0.0,0,0,0,0,0,0,2.411205067360182,0.9525565229646847,1.0,0.9525565229646847,1.0,0,0.0,0,0.0,0.0,96,0,0,0,0.022966000011365395,0.2392291667850562,0.5201616000122158,5.418350000127248,0.5168102000534418,0.0,1.2661484000345808,13.18904583369355,0.0825693999795476,1.809276000058162,96,9.140676732882769e-08,9.914938217669977e-08
105,26,30,2880,0.45,0.5625,0.0,0,0,0,0,0,0,2.43706769998459,0.9531651486456684,1.0,0.9531651486456684,1.0,0,0.0,0,0.0,0.0,96,0,0,0,0.025636400016082916,0.2670458335008637,0.6075238000266836,6.328372916944621,0.6037245000188705,0.0,1.3947514000101364,14.528660416772254,0.09091589996387484,2.027911600052903,96,9.770370536926754e-08,9.796258582106532e-08
105,27,31,2976,0.45,0.5625,0.0,0,0,0,0,0,0,2.3749720921674373,0.9528665744926332,1.0,0.9528665744926332,1.0,0,0.0,0,0.0,0.0,96,0,0,0,0.024258299970824737,0.252690624696091,0.5662246000210871,5.898172916886324,0.5627797999550239,0.0,1.3006557999688084,13.548497916341754,0.08417160000681179,1.8911386999607203,96,9.382093988860585e-08,9.84985365493074e-08
105,28,32,3072,0.45,0.5625,0.0,0,0,0,0,0,0,2.234315630794966,0.9530477427553272,1.0013377735054507,0.9530477427553272,1.0013377735054507,0,0.0,0,0.0,0.0,96,0,0,0,0.02466659997298848,0.25694374971863,0.5636058000163757,5.8708937501705805,0.5601326999967569,0.0,1.3018852999593946,13.56130520791036,0.08365470005082898,1.8901576999487588,96,9.149444269926366e-08,9.229029790391863e-08
105,29,33,3168,0.45,0.5625,0.0,0,0,0,0,0,0,2.1801319576798575,0.9544222434565912,1.0,0.9544222434565912,1.0,0,0.0,0,0.0,0.0,96,0,0,0,0.02444500004639849,0.2546354171499843,0.595983500003058,6.208161458365187,0.5922825000234297,0.0,1.3889989999806858,14.468739583132143,0.08922789998177905,2.0094275000301423,96,9.153630027569637e-08,8.407955671974054e-08
105,30,34,3264,0.45,0.5625,0.0,0,0,0,0,0,0,1.4370195448562464,0.9586360035725592,1.0028814683849563,0.9586360035725592,1.0028814683849563,0,0.0,0,0.0,0.0,96,0,0,0,0.025080299979890697,0.2612531247905281,0.6126759999970091,6.382041666635511,0.6089273999677971,0.0,1.427874300032272,14.873690625336167,0.09336089996213559,2.0656306000091718,96,9.680661224899245e-08,9.08954480433044e-08
105,31,35,3360,0.45,0.5625,0.0,0,0,0,0,0,0,1.1966472076888754,0.9607053502075391,1.0022786392655536,0.9607053502075391,1.0022786392655536,0,0.0,0,0.0,0.0,96,0,0,0,0.025458100004470907,0.26518854171323863,0.6112016999977641,6.3666843749767095,0.6074072999981581,0.0,1.4329638000563136,14.9267062505866,0.09375059996091295,2.0696236000585486,96,9.634788950170503e-08,8.625711624132837e-08
105,32,36,3456,0.45,0.5625,0.0,0,0,0,0,0,0,2.1755590451027746,0.9537283024773037,1.0,0.9537283024773037,1.0,0,0.0,0,0.0,0.0,96,0,0,0,0.02416290006658528,0.25169687569359667,0.5543071999418316,5.774033332727413,0.5506685999716865,0.0,1.2885746999672847,13.422653124659215,0.08139240001037251,1.8670447999757016,96,9.75202346133186e-08,8.947045257445829e-08
105,33,37,3552,0.45,0.5625,0.0,0,0,0,0,0,0,2.3438307570723618,0.9527482007056052,1.0,0.9527482007056052,1.0,0,0.0,0,0.0,0.0,96,0,0,0,0.026689799975429196,0.2780187497440541,0.6418680999850039,6.686126041510458,0.6378196000005119,0.0,1.489018200081773,15.510606250851803,0.09693609993701102,2.1575761000422062,96,9.325524937334184e-08,9.782709545214097e-08
105,34,40,3840,0.45,0.5625,0.0,0,0,0,0,0,0,2.3053902119971044,0.9534526848370827,1.0,0.9534526848370827,1.0,0,0.0,0,0.0,0.0,96,0,0,0,0.025771200031158514,0.26845000032456784,0.6026907000195934,6.278028125204098,0.5988800999839441,0.0,1.3716379000325105,14.287894792005318,0.0889943000220228,2.0000998000832624,96,9.050350096087567e-08,8.692953058775377e-08
105,35,42,4032,0.45,0.5625,0.0,0,0,0,0,0,0,1.3254543859247165,0.9599264509151425,1.001543127709326,0.9599264509151425,1.001543127709326,0,0.0,0,0.0,0.0,96,0,0,0,0.02515309993759729,0.2620114576833051,0.6691824000445195,6.970650000463745,0.665056400001049,0.0,1.563950499992643,16.29115104159003,0.10215750005590962,2.2582859999747598,96,9.687739313014865e-08,8.766982313723748e-08
105,36,43,4128,0.45,0.5625,0.0,0,0,0,0,0,0,2.076597588754381,0.952415813321441,1.0064052661976126,0.952415813321441,1.0064052661976126,0,0.0,0,0.0,0.0,96,0,0,0,0.025065400026505813,0.2610979169427689,0.6583007000008365,6.857298958342047,0.6542952000163496,0.0,1.5209632999831229,15.84336770815753,0.09983410004497273,2.204329400010465,96,9.744256363602988e-08,9.908252572576881e-08
105,37,44,4224,0.45,0.5625,0.0,0,0,0,0,0,0,2.010620242993032,0.9534135292802982,1.0086116888014331,0.9534135292802982,1.0086116888014331,0,0.0,0,0.0,0.0,96,0,0,0,0.023135099989303853,0.2409906248885818,0.5782285999594023,6.023214582910441,0.5747555999696488,0.0,1.3664449999341741,14.233802082647648,0.09029590003046906,1.9678086998828803,96,9.676987357265521e-08,9.758266958370676e-08
105,38,45,4320,0.45,0.5625,0.0,0,0,0,0,0,0,1.9446844224293598,0.9533860181096036,1.0088750692130863,0.9533860181096036,1.0088750692130863,0,0.0,0,0.0,0.0,96,0,0,0,0.024941900053818244,0.25981145889394003,0.6829633999659563,7.114202082978712,0.6788546000680071,0.0,1.5644915999728255,16.29678749971693,0.10250869998708367,2.2723968999926,96,9.778075724976854e-08,9.648590114375022e-08
105,39,46,4416,0.45,0.5625,0.0,0,0,0,0,0,0,1.9711043698099713,0.9533458572944415,1.0064178356353337,0.9533458572944415,1.0064178356353337,0,0.0,0,0.0,0.0,96,0,0,0,0.02417090005474165,0.25178020890355884,0.6145700999768451,6.401771874758803,0.6108039999962784,0.0,1.4150283000708441,14.73987812573796,0.09335669997381046,2.053769300102431,96,8.678824160203436e-08,9.889098893933745e-08
105,40,47,4512,0.45,0.5625,0.0,0,0,0,0,0,0,2.149435537038052,0.9543721991076556,1.0,0.9543721991076556,1.0,0,0.0,0,0.0,0.0,96,0,0,0,0.023197600021376275,0.2416416668893362,0.6269309000199428,6.53053020854107,0.6231371000467334,0.0,1.451012500008801,15.114713541758343,0.0925708000359009,2.10114100005012,96,8.555207682905963e-08,7.825009501472024e-08
105,41,48,4608,0.45,0.5625,0.0,0,0,0,0,0,0,1.4392789079830932,0.9591859499678945,1.0006613983823731,0.9591859499678945,1.0006613983823731,0,0.0,0,0.0,0.0,96,0,0,0,0.02205280007183319,0.22971666741492905,0.5467832000067574,5.695658333403723,0.543414700012363,0.0,1.2758037000603508,13.289621875628654,0.08323579997522756,1.8446397001389414,96,9.894746268862553e-08,8.74716096083139e-08
105,42,50,4800,0.45,0.5625,0.0,0,0,0,0,0,0,2.2346120527773627,0.9527106371880024,1.0,0.9527106371880024,1.0,0,0.0,0,0.0,0.0,96,0,0,0,0.026104199947440065,0.27191874945250066,0.6934916000536759,7.223870833892458,0.6891460999904666,0.0,1.5974838999900385,16.6404572915629,0.10404250003193738,2.3170796999911545,96,9.588720497298586e-08,9.90074278117703e-08
105,43,52,4992,0.45,0.5625,0.0,0,0,0,0,0,0,2.371337345958527,0.9526233472812439,1.0,0.9526233472812439,1.0,0,0.0,0,0.0,0.0,96,0,0,0,0.026580400022794493,0.2768791669041093,0.696494099960546,7.255146874589021,0.6922316000127466,0.0,1.5946289999992587,16.610718749992277,0.10385920001863269,2.317703499982599,96,8.559449824266374e-08,9.736788902925397e-08
105,44,53,5088,0.45,0.5625,0.0,0,0,0,0,0,0,2.12661211058088,0.9530730887299443,1.0010117891558554,0.9530730887299443,1.0010117891558554,0,0.0,0,0.0,0.0,96,0,0,0,0.02583670004241867,0.2691322921085278,0.680371800030116,7.0872062503137085,0.676214999955846,0.0,1.5663254999817582,16.31589062480998,0.10130480000225361,2.272534000054293,96,9.579275850844782e-08,9.590495037015145e-08
105,45,54,5184,0.45,0.5625,0.0,0,0,0,0,0,0,1.8901961412715949,0.9551551708117308,1.0036187382741721,0.9551551708117308,1.0036187382741721,0,0.0,0,0.0,0.0,96,0,0,0,0.02571850000822451,0.26790104175233864,0.6417013000100269,6.6843885417711135,0.6377328999515157,0.0,1.501091300015105,15.636367708490678,0.09743850002996624,2.1685111000333563,96,9.903023215698803e-08,9.675297202305089e-08
105,46,55,5280,0.45,0.5625,0.0,0,0,0,0,0,0,1.2694044728559992,0.9593914457458733,1.0075798883675,0.9593914457458733,1.0075798883675,0,0.0,0,0.0,0.0,96,0,0,0,0.026419199995871168,0.27519999995699135,0.6849773999929312,7.135181249926366,0.6807302000379423,0.0,1.581586799962679,16.474862499611238,0.10283819997130195,2.2929833999514813,96,9.481459609626819e-08,8.911284252177687e-08
105,47,58,5568,0.45,0.5625,0.0,0,0,0,0,0,0,2.0191872578341665,0.9544448858061599,1.0014114167689747,0.9544448858061599,1.0014114167689747,0,0.0,0,0.0,0.0,96,0,0,0,0.02669029995740857,0.2780239578896726,0.6984532000060426,7.27555416672961,0.6941307000088273,0.0,1.664543400016555,17.33899375017245,0.1069832000284805,2.3896868999800063,96,9.759810076434561e-08,8.696974411470659e-08
105,48,59,5664,0.45,0.5625,0.0,0,0,0,0,0,0,2.0138850123920213,0.9548780230921279,1.0013367036854903,0.9548780230921279,1.0013367036854903,0,0.0,0,0.0,0.0,96,0,0,0,0.026729399971372914,0.27843124970180116,0.7069236000243109,7.363787500253238,0.7026146000061999,0.0,1.6538640000653686,17.227750000680924,0.10682349996932317,2.3875170000610524,96,9.851870077549896e-08,8.73560501019055e-08
105,49,61,5856,0.45,0.5625,0.0,0,0,0,0,0,0,1.719449862719538,0.9559160062977786,1.0061383379926576,0.9559160062977786,1.0061383379926576,0,0.0,0,0.0,0.0,96,0,0,0,0.02560130002530059,0.26668020859688113,0.6636237999846344,6.912747916506608,0.6594414999926812,0.0,1.531252599976142,15.950547916418145,0.10075350000988692,2.220477699986077,96,8.554978392361079e-08,9.602165278177477e-08
105,50,62,5952,0.45,0.5625,0.0,0,0,0,0,0,0,1.1505553745033437,0.9610802907086158,1.0075745935769833,0.9610802907086158,1.0075745935769833,0,0.0,0,0.0,0.0,96,0,0,0,0.025600800014217384,0.26667500014809775,0.6442465000218363,6.710901041894128,0.6402629000222078,0.0,1.5048039999892353,15.675041666554534,0.09790550002799137,2.174651300025289,96,9.737926995150026e-08,8.868069834022663e-08
105,51,63,6048,0.45,0.5625,0.0,0,0,0,0,0,0,1.065745732002091,0.9614658129759223,1.0053424388627796,0.9614658129759223,1.0053424388627796,0,0.0,0,0.0,0.0,96,0,0,0,0.025888000011036638,0.26966666678163165,0.6632524999731686,6.90888020805384,0.6591689999841037,0.0,1.5466087999593583,16.110508332909983,0.10075930000311928,2.2357492999435635,96,9.784928064852927e-08,8.847325767835645e-08
105,52,64,6144,0.45,0.5625,0.0,0,0,0,0,0,0,1.9092577760646268,0.9543891913328042,1.0006030843863793,0.9543891913328042,1.0006030843863793,0,0.0,0,0.0,0.0,96,0,0,0,0.025177000024996232,0.2622604169270441,0.6514054000072065,6.7854729167417345,0.6473670999985188,0.0,1.534155000001192,15.980781250012416,0.09830840000358876,2.210737400033395,96,9.55299921025915e-08,8.517287201914581e-08
105,53,65,6240,0.45,0.5625,0.0,0,0,0,0,0,0,2.071576101067226,0.9541064313487746,1.0,0.9541064313487746,1.0,0,0.0,0,0.0,0.0,96,0,0,0,0.028054599999450147,0.29223541666093905,0.6798510999651626,7.081782291303777,0.6754607999973814,0.0,1.5785959999629995,16.44370833294791,0.10352970001258655,2.286501699927612,96,9.932919118292582e-08,8.816980159864762e-08
105,54,66,6336,0.45,0.5625,0.0,0,0,0,0,0,0,2.080602538028224,0.9534713888231963,1.0016531581505665,0.9534713888231963,1.0016531581505665,0,0.0,0,0.0,0.0,96,0,0,0,0.027591100028075743,0.28740729195912235,0.6758966000052169,7.040589583387676,0.6716445999991265,0.0,1.5700877000344917,16.355080208692623,0.10023609998461325,2.2735754000677844,96,8.694246098235603e-08,9.391127084312778e-08
105,55,67,6432,0.45,0.5625,0.0,0,0,0,0,0,0,2.029160457720157,0.9541010404234298,1.0001207189743346,0.9541010404234298,1.0001207189743346,0,0.0,0,0.0,0.0,96,0,0,0,0.02714270001888508,0.2827364585300529,0.645313500019256,6.722015625200584,0.6411330999762868,0.0,1.5425873000422143,16.068617708773065,0.09927939999761293,2.2150435000803554,96,8.840402426595062e-08,8.1562292197912e-08
105,56,68,6528,0.45,0.5625,0.0,0,0,0,0,0,0,1.6937632966425946,0.9559605631146193,1.0068959078332325,0.9559605631146193,1.0068959078332325,0,0.0,0,0.0,0.0,96,0,0,0,0.025170299995807,0.2621906249563229,0.6167947000067215,6.424944791736682,0.6129484999910346,0.0,1.429752199946961,14.893252082780842,0.09177810003893683,2.0717171999494894,96,9.03974270698854e-08,9.705557371675333e-08
105,57,69,6624,0.45,0.5625,0.0,0,0,0,0,0,0,1.160051198639543,0.9601162255715838,1.0093885356781829,0.9601162255715838,1.0093885356781829,0,0.0,0,0.0,0.0,96,0,0,0,0.02793759996711742,0.2910166663241398,0.6899131999671226,7.186595832990861,0.6857021999458084,0.0,1.636863000028825,17.05065625030026,0.10421749998931773,2.354713799963065,96,9.694782187111284e-08,8.811544598141818e-08
105,58,70,6720,0.45,0.5625,0.0,0,0,0,0,0,0,1.0044597943068232,0.9620355084754912,1.0133880695450164,0.9620355084754912,1.0133880695450164,0,0.0,0,0.0,0.0,96,0,0,0,0.02845950004120823,0.2964531254292524,0.7068856000551023,7.3633916672406485,0.7025024999893503,0.0,1.6049398999894038,16.718123958222957,0.10366790003172355,2.3402850000857143,96,9.190558486991962e-08,8.921906272801872e-08
105,59,73,7008,0.45,0.5625,0.0,0,0,0,0,0,0,1.6717979127880527,0.9552105221918791,1.007572378236445,0.9552105221918791,1.007572378236445,0,0.0,0,0.0,0.0,96,0,0,0,0.026983699994161725,0.28108020827251795,0.6425402000459144,6.693127083811608,0.6384610999957658,0.0,1.4983415000679088,15.607723959040717,0.09648099999321857,2.167865400107985,96,8.75679568180382e-08,9.729540124958636e-08
105,60,74,7104,0.45,0.5625,0.0,0,0,0,0,0,0,1.5778668862771412,0.955792572691858,1.0113018279502726,0.955792572691858,1.0113018279502726,0,0.0,0,0.0,0.0,96,0,0,0,0.026616300026944373,0.27725312528067053,0.6486835999821778,6.7571208331476855,0.6446070999809308,0.0,1.5250393999740481,15.885827083063003,0.0951892000157386,2.2003392999831703,96,9.750232883229404e-08,9.072843202423408e-08
105,61,75,7200,0.45,0.5625,0.0,0,0,0,0,0,0,1.6379727871354393,0.9562711071652272,1.0053163443158528,0.9562711071652272,1.0053163443158528,0,0.0,0,0.0,0.0,96,0,0,0,0.023753399989800528,0.24743124989375548,0.5676050999827567,5.9125531248203815,0.5639317000168376,0.0,1.3074834999861196,13.619619791522078,0.0813605000366806,1.8988419999586768,96,9.840589728499216e-08,9.907834809530502e-08
105,62,76,7296,0.45,0.5625,0.0,0,0,0,0,0,0,1.383463962652318,0.9601700915676791,1.0010122940438022,0.9601700915676791,1.0010122940438022,0,0.0,0,0.0,0.0,96,0,0,0,0.023935299926961306,0.24932604090584692,0.5595113000017591,5.828242708351657,0.5559540999893215,0.0,1.3357884000142803,13.914462500148753,0.08589739999297308,1.9192349999430007,96,8.4788585883247e-08,8.533029276225346e-08
105,63,77,7392,0.45,0.5625,0.0,0,0,0,0,0,0,1.2175264228267302,0.9596584680750646,1.000118234681142,0.9596584680750646,1.000118234681142,0,0.0,0,0.0,0.0,96,0,0,0,0.024141700007021427,0.25147604173980653,0.5737637000056566,5.976705208392256,0.5700567000239971,0.0,1.2994162000250071,13.535585416927157,0.08232459997816477,1.8973216000376851,96,9.32896136729422e-08,8.777872012588617e-08
105,64,78,7488,0.45,0.5625,0.0,0,0,0,0,0,0,1.8171835287110736,0.954437151098629,1.001546871850977,0.954437151098629,1.001546871850977,0,0.0,0,0.0,0.0,96,0,0,0,0.024209200011682697,0.25217916678836144,0.6014888000136125,6.26550833347513,0.5976962000204367,0.0,1.3782897000346566,14.357184375361006,0.08865009998407913,2.0039877000599517,96,7.839292358487182e-08,7.323649249546538e-08
105,65,79,7584,0.45,0.5625,0.0,0,0,0,0,0,0,1.8037662613416692,0.955295694382231,1.00236319453656,0.955295694382231,1.00236319453656,0,0.0,0,0.0,0.0,96,0,0,0,0.0244003000043449,0.25416979171192605,0.5532969999767374,5.7635104164243485,0.5497062000795268,0.0,1.3049866000073962,13.59361041674371,0.0895589000210748,1.8826838999884785,96,9.709711623270834e-08,8.901165950148116e-08
105,66,80,7680,0.45,0.5625,0.0,0,0,0,0,0,0,1.7878847954588668,0.9549013219862839,1.0044159357229976,0.9549013219862839,1.0044159357229976,0,0.0,0,0.0,0.0,96,0,0,0,0.023791099971276708,0.24782395803413237,0.5498686999490019,5.727798957802103,0.5462971000379184,0.0,1.2817315000283998,13.351369791962497,0.08220199998322641,1.8553912999486784,96,9.793451136858033e-08,9.974718488681145e-08
105,67,81,7776,0.45,0.5625,0.0,0,0,0,0,0,0,1.71591836469618,0.9554472308079258,1.005433156381619,0.9554472308079258,1.005433156381619,0,0.0,0,0.0,0.0,96,0,0,0,0.023012799996649846,0.23971666663176924,0.5329910999935237,5.551990624932539,0.5296253000196884,0.0,1.2537702999834437,13.060107291494205,0.08036900000297464,1.8097741999736172,96,8.900438256201348e-08,9.945880424799824e-08
105,68,82,7872,0.45,0.5625,0.0,0,0,0,0,0,0,1.5847895642811927,0.9565032756724178,1.0072037379822167,0.9565032756724178,1.0072037379822167,0,0.0,0,0.0,0.0,96,0,0,0,0.022926799982087687,0.23882083314674674,0.5526397000212455,5.756663541887974,0.5491329000215046,0.0,1.2775035000158823,13.30732812516544,0.08187529997667298,1.8530700000192155,96,9.93849824139359e-08,9.707953711746153e-08
105,69,83,7968,0.45,0.5625,0.0,0,0,0,0,0,0,1.0835806344291128,0.9620502034111381,1.0166953547622297,0.9620502034111381,1.0166953547622297,0,0.0,0,0.0,0.0,96,0,0,0,0.02365379998809658,0.24639374987600604,0.5808554999966873,6.050578124965493,0.5771737999821198,0.0,1.3439143999712542,13.999108333033897,0.0838143000000855,1.948423699956038,96,9.126557947748692e-08,8.780740412550614e-08
105,70,84,8064,0.45,0.5625,0.0,0,0,0,0,0,0,0.931346069454892,0.9635934251991409,1.0222687741019167,0.9635934251991409,1.0222687741019167,0,0.0,0,0.0,0.0,96,0,0,0,0.02560850002191728,0.2667552085616383,0.6061860999907367,6.314438541570174,0.6024141000452801,0.0,1.4445674000671715,15.047577084033037,0.09576739998738049,2.0763620000798255,96,5.0955832617619046e-08,8.876622020759228e-08
105,71,85,8160,0.45,0.5625,0.0,0,0,0,0,0,0,1.479640566670943,0.9578650388934002,1.0153707030508698,0.9578650388934002,1.0153707030508698,0,0.0,0,0.0,0.0,96,0,0,0,0.026908500003628433,0.28029687503779616,0.6806626000179676,7.0902354168538295,0.6764054000086617,0.0,1.55848669995612,16.23423645787625,0.09889050005585887,2.266057799977716,96,9.87442184963161e-08,9.859040438209288e-08
105,72,86,8256,0.45,0.5625,0.0,0,0,0,0,0,0,1.5003643925929957,0.9578415810037089,1.0138293081983207,0.9578415810037089,1.0138293081983207,0,0.0,0,0.0,0.0,96,0,0,0,0.025992600014433265,0.2707562501503465,0.6142825000206358,6.398776041881622,0.6103380000058678,0.0,1.4139948999727494,14.729113541382807,0.09035630001017125,2.0542700000078185,96,9.722458140654089e-08,9.405023072839303e-08
105,73,87,8352,0.45,0.5625,0.0,0,0,0,0,0,0,1.583332727270565,0.956671111195917,1.006544298856398,0.956671111195917,1.006544298856398,0,0.0,0,0.0,0.0,96,0,0,0,0.024087300000246614,0.2509093750025689,0.5702836000273237,5.940454166951288,0.5667420000245329,0.0,1.307182799995644,13.616487499954625,0.08728930004872382,1.9015537000232143,96,9.877020762903699e-08,9.81569597824361e-08
105,74,88,8448,0.45,0.5625,0.0,0,0,0,0,0,0,1.5048820899560857,0.9574676383891362,1.0095208809848255,0.9574676383891362,1.0095208809848255,0,0.0,0,0.0,0.0,96,0,0,0,0.023363700005575083,0.24337187505807378,0.5770489999849815,6.010927083176891,0.5732563000565278,0.0,1.3479154999440652,14.040786457750679,0.08631800005969126,1.9483281999346218,96,9.226312476171006e-08,9.404364849363578e-08
105,75,89,8544,0.45,0.5625,0.0,0,0,0,0,0,0,1.4130512669913853,0.9579276374478414,1.011691942154513,0.9579276374478414,1.011691942154513,0,0.0,0,0.0,0.0,96,0,0,0,0.026342399993154686,0.2743999999286946,0.6626002000411972,6.902085417095805,0.6584410999930697,0.0,1.5394062999766902,16.035482291423858,0.09714269999676617,2.228348900011042,96,8.595963465335421e-08,9.537460723962887e-08
105,76,90,8640,0.45,0.5625,0.0,0,0,0,0,0,0,0.9614761697060417,0.9642659100274605,1.0105354483359534,0.9642659100274605,1.0105354483359534,0,0.0,0,0.0,0.0,96,0,0,0,0.027003699993656483,0.28128854160058836,0.6318884000284015,6.582170833629182,0.6278331999565125,0.0,1.5029857999907108,15.656102083236572,0.09664859997428721,2.161877900012769,96,4.357132406609954e-08,7.779188964870953e-08
105,77,91,8736,0.45,0.5625,0.0,0,0,0,0,0,0,0.8269084062880571,0.9649047853125352,1.0100636651440797,0.9649047853125352,1.0100636651440797,0,0.0,0,0.0,0.0,96,0,0,0,0.0252571999662905,0.2630958329821927,0.633651900003315,6.60054062503453,0.6297663999721408,0.0,1.4141158999773324,14.730373958097212,0.09012129999609897,2.073024999946938,96,3.5609122863919374e-08,5.580077773112424e-08
105,78,93,8928,0.45,0.5625,0.0,0,0,0,0,0,0,1.4375759718436623,0.958414308827057,1.0069668259346367,0.958414308827057,1.0069668259346367,0,0.0,0,0.0,0.0,96,0,0,0,0.025305800016212743,0.2636020835022161,0.5937634999645525,6.185036457964088,0.5900328000134323,0.0,1.3603609999845503,14.170427083172399,0.08636980002484052,1.9794302999653155,96,9.965460597352593e-08,8.848576593667445e-08
105,79,94,9024,0.45,0.5625,0.0,0,0,0,0,0,0,1.5580657837765728,0.9575062814610714,1.0074181055828526,0.9575062814610714,1.0074181055828526,0,0.0,0,0.0,0.0,96,0,0,0,0.02613759999803733,0.2722666666462222,0.6207335000071907,6.465973958408237,0.6167714999901364,0.0,1.4627736000184086,15.237225000191756,0.09526879995974014,2.1096447000236367,96,9.522693361282975e-08,9.062981275176352e-08
105,80,95,9120,0.45,0.5625,0.0,0,0,0,0,0,0,1.534144529866808,0.9578187206689845,1.0069945291659101,0.9578187206689845,1.0069945291659101,0,0.0,0,0.0,0.0,96,0,0,0,0.027214099995035212,0.2834802082816168,0.6468765999889001,6.738297916551043,0.6427483000079519,0.0,1.5367475000020931,16.007786458355138,0.0981075000090641,2.2108381999860285,96,8.930659079441072e-08,9.863598937620566e-08
105,81,96,9216,0.45,0.5625,0.0,0,0,0,0,0,0,1.5423060228519658,0.9570120983753444,1.004934225807693,0.9570120983753444,1.004934225807693,0,0.0,0,0.0,0.0,96,0,0,0,0.026192199969955254,0.27283541635370057,0.6339716000074986,6.603870833411444,0.6300437000099919,0.0,1.4737849999874015,15.3519270832021,0.0945470000297064,2.1339487999648554,96,8.885828672693108e-08,9.794109849525778e-08
105,82,97,9312,0.45,0.5625,0.0,0,0,0,0,0,0,0.9895903620758465,0.9641550756141386,1.0089848205453946,0.9641550756141386,1.0089848205453946,0,0.0,0,0.0,0.0,96,0,0,0,0.024246699962532148,0.2525697912763765,0.5668377000038163,5.904559375039753,0.5632954000175232,0.0,1.3407379999771365,13.966020833095172,0.08952460000728024,1.931822399943485,96,4.5176377664810086e-08,4.86130024429654e-08
105,83,98,9408,0.45,0.5625,0.0,0,0,0,0,0,0,0.9225415388951288,0.965055561347506,1.026656768596358,0.965055561347506,1.026656768596358,0,0.0,0,0.0,0.0,96,0,0,0,0.025954499971703626,0.2703593747052461,0.6282531999895582,6.544304166557898,0.6241411000592052,0.0,1.4583357000083197,15.190996875086663,0.09377710000990191,2.1125433999695815,96,3.871842180203089e-08,9.55553942916243e-08
105,84,99,9504,0.45,0.5625,0.0,0,0,0,0,0,0,1.413362969904099,0.9586392524144186,1.0095211603856242,0.9586392524144186,1.0095211603856242,0,0.0,0,0.0,0.0,96,0,0,0,0.026901400080532767,0.2802229175055497,0.6584118000682793,6.858456250711242,0.6543448000666103,0.0,1.5158821999939391,15.7904395832702,0.09551050002482953,2.201195400142751,96,9.023324645633657e-08,9.850863867677528e-08
105,85,100,9600,0.45,0.5625,0.0,0,0,0,0,0,0,1.4667297668811408,0.9587326025810614,1.0080800700218964,0.9587326025810614,1.0080800700218964,0,0.0,0,0.0,0.0,96,0,0,0,0.024651400017319247,0.2567854168470755,0.6008663999455166,6.259024999432465,0.5971326000071713,0.0,1.382435000014084,14.400364583480041,0.08853489998728037,2.0079527999769198,96,9.935223078266775e-08,9.310394573358582e-08
105,86,101,9696,0.45,0.5625,0.0,0,0,0,0,0,0,1.5522099639182185,0.9579758480868894,1.0065449399291728,0.9579758480868894,1.0065449399291728,0,0.0,0,0.0,0.0,96,0,0,0,0.025451899942709133,0.26512395773655345,0.6149330000334885,6.4055520836821715,0.6108385999614256,0.0,1.435226999950828,14.950281249487793,0.09098510006151628,2.0756118999270257,96,9.981194424787954e-08,9.854224387872978e-08
105,87,102,9792,0.45,0.5625,0.0,0,0,0,0,0,0,1.466748276321915,0.9582654621581883,1.004529777563214,0.9582654621581883,1.004529777563214,0,0.0,0,0.0,0.0,96,0,0,0,0.024270100002468098,0.252813541692376,0.5450538000441156,5.677643750459538,0.5414698000313365,0.0,1.2838766000277246,13.373714583622132,0.08387599997513462,1.8532005000743084,96,9.348572842064751e-08,9.838910963733127e-08
105,88,103,9888,0.45,0.5625,0.0,0,0,0,0,0,0,0.8517807782329796,0.9658785341637705,1.007386957757214,0.9658785341637705,1.007386957757214,0,0.0,0,0.0,0.0,96,0,0,0,0.02423889999772655,0.2524885416429849,0.5607738999678986,5.841394791332277,0.5572514999803388,0.0,1.3567131999807316,14.132429166465954,0.09025840005051577,1.9417259999463568,96,2.760377659088986e-08,3.1793906743460276e-08
105,89,104,9984,0.45,0.5625,0.0,0,0,0,0,0,0,0.941816497144148,0.964783632439541,1.0039090729990139,0.964783632439541,1.0039090729990139,0,0.0,0,0.0,0.0,96,0,0,0,0.02388109999446897,0.24876145827571844,0.5479771999962395,5.708095833294162,0.5444395999511471,0.0,1.3108632000294165,13.654825000306422,0.08338459996593883,1.882721500020125,96,3.764928861726968e-08,4.2705441474777395e-08
105,90,105,10080,0.45,0.5625,0.0,0,0,0,0,0,0,0.7431743053786809,0.9672730147606012,1.0060503502163023,0.9672730147606012,1.0060503502163023,0,0.0,0,0.0,0.0,96,0,0,0,0.024610100052086636,0.25635520887590246,0.5750858999890625,5.990478124886067,0.5714156999893021,0.0,1.3026781000371557,13.569563542053706,0.08342209996044403,1.9023741000783048,96,1.9579761735555312e-08,2.2368744356793258e-08
105,91,106,10176,0.45,0.5625,0.0,0,0,0,0,0,0,0.7992250004560941,0.9656588932062807,1.0054904274570897,0.9656588932062807,1.0054904274570897,0,0.0,0,0.0,0.0,96,0,0,0,0.02360420000331942,0.24587708336791064,0.5393676000021514,5.618412500022411,0.5359345000688336,0.0,1.2317397000369965,12.830621875385381,0.07607189997361274,1.7947115000424674,96,2.914967843492544e-08,3.363275706547153e-08
105,92,108,10368,0.45,0.5625,0.0,0,0,0,0,0,0,1.5111173078056426,0.9589029151706597,1.0054689607012772,0.9589029151706597,1.0054689607012772,0,0.0,0,0.0,0.0,96,0,0,0,0.024133200058713555,0.25138750061159953,0.5240954000109923,5.459327083447836,0.5207392999654985,0.0,1.2382680000082473,12.898625000085909,0.07711779997043777,1.7864966000779532,96,9.499966852240249e-08,9.271408155098193e-08
105,93,109,10464,0.45,0.5625,0.0,0,0,0,0,0,0,1.4554731654601702,0.9591857644848658,1.0107237469003156,0.9591857644848658,1.0107237469003156,0,0.0,0,0.0,0.0,96,0,0,0,0.025127499997324776,0.26174479163879977,0.5924346000392688,6.17119375040905,0.588671700003033,0.0,1.3586877999696299,14.15299791635031,0.08666680003079819,1.9762499000062235,96,9.121969681349928e-08,9.686114046253413e-08
105,94,110,10560,0.45,0.5625,0.0,0,0,0,0,0,0,1.470423770823449,0.9587563768875813,1.0092407736649192,0.9587563768875813,1.0092407736649192,0,0.0,0,0.0,0.0,96,0,0,0,0.023786599944287445,0.2477770827529942,0.539954600026249,5.62452708360676,0.5364204000507016,0.0,1.2489415000309236,13.009807291988787,0.08051409996551229,1.81268270000146,96,9.773043071863163e-08,9.491373249848056e-08
105,95,111,10656,0.45,0.5625,0.0,0,0,0,0,0,0,1.0948854884569779,0.9637016978746828,1.0048425878643648,0.9637016978746828,1.0048425878643648,0,0.0,0,0.0,0.0,96,0,0,0,0.025883300048008095,0.2696177088334177,0.6259726000062074,6.520547916731327,0.6218753000139259,0.0,1.4732134000660153,15.345972917354326,0.09736929999780841,2.1250693001202308,96,5.126185151707596e-08,5.8037990663395433e-08
105,96,112,10752,0.45,0.5625,0.0,0,0,0,0,0,0,0.8876397610145156,0.9645468967375023,1.0078347470213773,0.9645468967375023,1.0078347470213773,0,0.0,0,0.0,0.0,96,0,0,0,0.026335899958212394,0.2743322912313791,0.6312760000000708,6.575791666667404,0.6272078000110923,0.0,1.4413552999976673,15.014117708309035,0.09058080000249902,2.0989671999559505,96,3.9687364774762535e-08,4.396502377435052e-08
105,97,113,10848,0.45,0.5625,0.0,0,0,0,0,0,0,1.441958484711453,0.9588270658198191,1.0122824037338793,0.9588270658198191,1.0122824037338793,0,0.0,0,0.0,0.0,96,0,0,0,0.02734310002415441,0.28482395858494175,0.6681107999975211,6.959487499974178,0.6639166000095429,0.0,1.5578752999863354,16.227867708190995,0.09752849995857105,2.253329200008011,96,9.682491821337569e-08,9.838282459539993e-08
105,98,115,11040,0.45,0.5625,0.0,0,0,0,0,0,0,1.6010734965019524,0.9574608054172934,1.004380512568862,0.9574608054172934,1.004380512568862,0,0.0,0,0.0,0.0,96,0,0,0,0.027231799969740678,0.2836645830181321,0.6861209000344388,7.147092708692071,0.6817704000277445,0.0,1.5859765999703086,16.520589583024048,0.10014199998840922,2.299329299974488,96,9.557668901108429e-08,9.954373998699584e-08
105,99,116,11136,0.45,0.5625,0.0,0,0,0,0,0,0,1.5683326796568695,0.9581139578031527,1.0047904949090591,0.9581139578031527,1.0047904949090591,0,0.0,0,0.0,0.0,96,0,0,0,0.02922570002556313,0.3044343752662826,0.7560415000334615,7.875432292015224,0.7513990000225022,0.0,1.7671118000071147,18.407414583407444,0.11632629999803612,2.5523790000661393,96,9.973675240727842e-08,9.859942320944448e-08
105,100,117,11232,0.45,0.5625,0.0,0,0,0,0,0,0,1.4974953492015939,0.958425416901432,1.0041531575282807,0.958425416901432,1.0041531575282807,0,0.0,0,0.0,0.0,96,0,0,0,0.028877199983980972,0.3008041664998018,0.7868925999719067,8.19679791637403,0.7820799999899464,0.0,1.8119612000882626,18.874595834252734,0.11607619996357244,2.6277310000441503,96,9.817153222291264e-08,9.918151341881121e-08
105,101,118,11328,0.45,0.5625,0.0,0,0,0,0,0,0,0.9360318299090914,0.9649662459453168,1.008709096896603,0.9649662459453168,1.008709096896603,0,0.0,0,0.0,0.0,96,0,0,0,0.028735999949276447,0.299333332804963,0.8183715999912238,8.524704166575248,0.8132879999902798,0.0,1.8795949000414112,19.579113542098032,0.11990009996225126,2.7267024999819114,96,3.529866752192967e-08,3.993961376902444e-08
105,102,121,11616,0.45,0.5625,0.0,0,0,0,0,0,0,1.583632462513161,0.9574450769761792,1.0035081811014415,0.9574450769761792,1.0035081811014415,0,0.0,0,0.0,0.0,96,0,0,0,0.028853699972387403,0.30055937471236877,0.8171171999856597,8.511637499850622,0.8120905999676324,0.0,1.8767480000315118,19.54945833366158,0.12223829996946733,2.722718899989559,96,9.63142943177786e-08,9.963992742001437e-08
105,103,122,11712,0.45,0.5625,0.0,0,0,0,0,0,0,1.5312268570130594,0.9582757278558883,1.005919395035906,0.9582757278558883,1.005919395035906,0,0.0,0,0.0,0.0,96,0,0,0,0.02842820001387736,0.29612708347788913,0.7960997999907704,8.292706249903858,0.7912603000295348,0.0,1.8371282999796676,19.136753124788203,0.11813689998234622,2.6616562999843154,96,9.673886869517034e-08,9.711120720068411e-08
105,104,123,11808,0.45,0.5625,0.0,0,0,0,0,0,0,1.6941151185416767,0.9572087711389087,1.0028337786164476,0.9572087711389087,1.0028337786164476,0,0.0,0,0.0,0.0,96,0,0,0,0.028994199965381995,0.30202291630606243,0.80952029999753,8.43250312497427,0.8045367000304395,0.0,1.8562088999606203,19.335509374589794,0.11705400003847899,2.6947233999235323,96,8.760531364573887e-08,9.97670258212624e-08
105,105,124,11904,0.45,0.5625,0.0,0,0,0,0,0,0,1.5368511262308309,0.9574778497579979,1.0026866258732754,0.9574778497579979,1.0026866258732754,0,0.0,0,0.0,0.0,96,0,0,0,0.02852359999815235,0.29712083331408695,0.786516100029985,8.19287604197901,0.7817252999811899,0.0,1.833041800018691,19.094185416861365,0.11752790000173263,2.6480815000468283,96,9.977449135119276e-08,9.983518331480035e-08
105,106,125,12000,0.45,0.5625,0.0,0,0,0,0,0,0,0.9514460460899103,0.9658648108351935,1.0107193276021254,0.9658648108351935,1.0107193276021254,0,0.0,0,0.0,0.0,96,0,0,0,0.02777169998444151,0.2892885415045991,0.7717348000514903,8.038904167203023,0.7669459999669925,0.0,1.7972421999729704,18.721272916385107,0.11358450001716847,2.5967487000089022,96,3.016669339241801e-08,8.656503514004044e-08
105,107,126,12096,0.45,0.5625,0.0,0,0,0,0,0,0,0.8385301198796455,0.9651455541059635,1.0067700072402928,0.9651455541059635,1.0067700072402928,0,0.0,0,0.0,0.0,96,0,0,0,0.02899010002875002,0.3019802086328127,0.7963754000375047,8.295577083724007,0.7914823999963119,0.0,1.8321478000434581,19.084872917119355,0.11955219995434163,2.657513300109713,96,3.276642663793683e-08,3.782751931136197e-08
105,108,127,12192,0.45,0.5625,0.0,0,0,0,0,0,0,1.6394617943612197,0.9568469208561868,1.0005773957751416,0.9568469208561868,1.0005773957751416,0,0.0,0,0.0,0.0,96,0,0,0,0.02903239995794138,0.3024208328952227,0.8077787000147509,8.414361458486988,0.8028129000085755,0.0,1.8701701000027242,19.480938541695043,0.12126389999320963,2.7069811999754165,96,9.675338617093354e-08,9.995285571440249e-08
105,109,128,12288,0.45,0.5625,0.0,0,0,0,0,0,0,1.362346844873241,0.9599582428379971,1.0076425804563907,0.9599582428379971,1.0076425804563907,0,0.0,0,0.0,0.0,96,0,0,0,0.03130180001608096,0.3260604168341767,0.7865291000052821,8.193011458388355,0.7815522999953828,0.0,1.813263599986385,18.88816249985818,0.11606450001272606,2.631094500007748,96,9.277988499874212e-08,9.977452704312828e-08
105,110,130,12480,0.45,0.5625,0.0,0,0,0,0,0,0,1.3533709990721134,0.9595932979130593,1.013524143717413,0.9595932979130593,1.013524143717413,0,0.0,0,0.0,0.0,96,0,0,0,0.02911879996827338,0.3033208330028477,0.780305700005556,8.128184375057875,0.7754339999883086,0.0,1.8208020999809378,18.966688541468102,0.11855299997114344,2.630226599954767,96,9.51848516932835e-08,9.440446351732801e-08
105,111,131,12576,0.45,0.5625,0.0,0,0,0,0,0,0,1.327604965109998,0.9592362914139423,1.0084892505537069,0.9592362914139423,1.0084892505537069,0,0.0,0,0.0,0.0,96,0,0,0,0.029912499943748116,0.31158854108070955,0.7607813000358874,7.924805208707161,0.7560340999916662,0.0,1.7543916000067838,18.274912500070666,0.1133764000114752,2.5450853999864194,96,9.835060305225796e-08,9.832064572223853e-08
105,112,132,12672,0.45,0.5625,0.0,0,0,0,0,0,0,0.9113300756812988,0.9660603485648297,1.0095173673094655,0.9660603485648297,1.0095173673094655,0,0.0,0,0.0,0.0,96,0,0,0,0.02879239999310812,0.2999208332615429,0.7365027999840095,7.671904166500099,0.7318892000039341,0.0,1.7253980999812484,17.972896874804672,0.11008559999027057,2.490693299958366,96,2.8351753891646403e-08,4.338280372093162e-08
105,113,133,12768,0.45,0.5625,0.0,0,0,0,0,0,0,0.7668065213691291,0.9664023313785927,1.0094551289524012,0.9664023313785927,1.0094551289524012,0,0.0,0,0.0,0.0,96,0,0,0,0.026794799996423535,0.2791124999627452,0.6559113000475918,6.832409375495748,0.6518250000081025,0.0,1.5346909999352647,15.986364582659007,0.10156540001480607,2.21739709997928,96,2.4512428198342207e-08,3.982602784016742e-08
105,114,134,12864,0.45,0.5625,0.0,0,0,0,0,0,0,1.254154130960966,0.960454619626842,1.0109800189218314,0.960454619626842,1.0109800189218314,0,0.0,0,0.0,0.0,96,0,0,0,0.026329200001782738,0.27426250001857017,0.642595799989067,6.693706249886115,0.6385016999920481,0.0,1.463926900032675,15.24923854200703,0.09588269995583687,2.1328519000235246,96,9.598602784127719e-08,9.560010894027471e-08
105,115,135,12960,0.45,0.5625,0.0,0,0,0,0,0,0,1.3440887556081942,0.9597494844347706,1.0101716057575865,0.9597494844347706,1.0101716057575865,0,0.0,0,0.0,0.0,96,0,0,0,0.03077729998040013,0.3205968747958347,0.6982160999832558,7.273084374825582,0.6937157999927877,0.0,1.5941950000778888,16.60619791747801,0.10273859998414991,2.323188400041545,96,9.670958000564112e-08,9.980175769142008e-08
105,116,136,13056,0.45,0.5625,0.0,0,0,0,0,0,0,1.3759292639160166,0.9596432718420064,1.015027935411751,0.9596432718420064,1.015027935411751,0,0.0,0,0.0,0.0,96,0,0,0,0.029546699959610123,0.3077781245792721,0.6732090000004973,7.0125937500051805,0.6688935999554815,0.0,1.5291559000543202,15.928707292232502,0.09698229994683061,2.2319116000144277,96,9.547916173836823e-08,9.364289402929993e-08
105,117,137,13152,0.45,0.5625,0.0,0,0,0,0,0,0,1.352785499163316,0.9598635153970616,1.0097438236129372,0.9598635153970616,1.0097438236129372,0,0.0,0,0.0,0.0,96,0,0,0,0.027062000022851862,0.28189583357137354,0.6461132999320398,6.730346874292081,0.6419710000336636,0.0,1.5146434999114717,15.777536457411163,0.09364950004965067,2.1878187998663634,96,9.50200544549279e-08,9.663651115432437e-08
105,118,139,13344,0.45,0.5625,0.0,0,0,0,0,0,0,0.882971156636235,0.9669266580675147,1.0097279769620353,0.9669266580675147,1.0097279769620353,0,0.0,0,0.0,0.0,96,0,0,0,0.027113299998745788,0.2824302083202686,0.6628899000206729,6.905103125215343,0.6587188000121387,0.0,1.4948576999959187,15.571434374957486,0.09850779998669168,2.1848609000153374,96,2.3480676430986946e-08,4.977155599120153e-08
105,119,140,13440,0.45,0.5625,0.0,0,0,0,0,0,0,0.7954636849426511,0.9661741422132955,1.0158047730260489,0.9661741422132955,1.0158047730260489,0,0.0,0,0.0,0.0,96,0,0,0,0.02666529996349709,0.27776354128642805,0.6830801000542124,7.115417708898046,0.678884700027993,0.0,1.5523040000043693,16.169833333378847,0.10132799998973496,2.2620494000220788,96,3.761250075284828e-08,9.083366525088066e-08
105,120,141,13536,0.45,0.5625,0.0,0,0,0,0,0,0,1.231491489418309,0.9610630024276334,1.0122756118327763,0.9610630024276334,1.0122756118327763,0,0.0,0,0.0,0.0,96,0,0,0,0.02506959995662328,0.2611416662148258,0.6433580000593793,6.701645833951868,0.6393384999901173,0.0,1.4863983000541339,15.483315625563895,0.09622780000790954,2.1548259000701364,96,9.921829055396791e-08,9.61756864426011e-08
105,121,142,13632,0.45,0.5625,0.0,0,0,0,0,0,0,1.3224559215291913,0.9597897862331901,1.0121330300085323,0.9597897862331901,1.0121330300085323,0,0.0,0,0.0,0.0,96,0,0,0,0.026738000051409472,0.2785208338688487,0.6921481000172207,7.209876041846049,0.6878691000383697,0.0,1.6238480000320124,16.915083333666797,0.10350089997518808,2.3427341001006425,96,9.944986905166542e-08,9.66368391558392e-08
105,122,144,13824,0.45,0.5625,0.0,0,0,0,0,0,0,0.7995108779979953,0.9671152667225509,1.0157971335173017,0.9671152667225509,1.0157971335173017,0,0.0,0,0.0,0.0,96,0,0,0,0.02560250000533415,0.2666927083888974,0.6635375000405475,6.911848958755702,0.6592231000395259,0.0,1.552836400027445,16.175379166952553,0.100702600000659,2.2419764000733267,96,4.018711391440277e-08,9.944847736975682e-08
105,123,145,13920,0.45,0.5625,0.0,0,0,0,0,0,0,1.0338826620296993,0.9651434146331328,1.0227992170961535,0.9651434146331328,1.0227992170961535,0,0.0,0,0.0,0.0,96,0,0,0,0.0259958999522496,0.2707906245026,0.662262500009092,6.898567708428042,0.6582659999985481,0.0,1.517882800035295,15.811279167034325,0.09779600001638755,2.2061411999966367,96,4.528956681904006e-08,8.509348116761406e-08
105,124,146,14016,0.45,0.5625,0.0,0,0,0,0,0,0,0.9509136555599111,0.9668370289538957,1.0272542014096344,0.9668370289538957,1.0272542014096344,0,0.0,0,0.0,0.0,96,0,0,0,0.026861100042879116,0.2798031254466575,0.7134632999950554,7.431909374948494,0.7092082999952254,0.0,1.6398254999803612,17.08151562479543,0.10523579998698551,2.3801499000182957,96,5.9469521945798576e-08,8.762449639140857e-08
105,125,147,14112,0.45,0.5625,0.0,0,0,0,0,0,0,0.8497835516078885,0.9659632570143463,1.0240984709436123,0.9659632570143463,1.0240984709436123,0,0.0,0,0.0,0.0,96,0,0,0,0.02580679999664426,0.2688208332983777,0.6422683999844594,6.690295833171452,0.6381904000445502,0.0,1.475173300044844,15.366388542133791,0.09579559999110643,2.1432485000259476,96,3.082740562820874e-08,7.617964624569151e-08
105,126,148,14208,0.45,0.5625,0.0,0,0,0,0,0,0,1.3071529827584432,0.9596068919469025,1.0127459659178875,0.9596068919469025,1.0127459659178875,0,0.0,0,0.0,0.0,96,0,0,0,0.02558029998181155,0.2664614581438703,0.6830978000580217,7.115602083937726,0.6790064999877359,0.0,1.5738469999996596,16.39423958332979,0.10099280000576982,2.282525100039493,96,9.035419256536725e-08,9.408834961144308e-08
105,127,150,14400,0.45,0.5625,0.0,0,0,0,0,0,0,1.3150994001614793,0.9603658119446917,1.0105731506961915,0.9603658119446917,1.0105731506961915,0,0.0,0,0.0,0.0,96,0,0,0,0.029403199965599924,0.3062833329749992,0.7561913000026834,7.876992708361286,0.7515425999663421,0.0,1.7628276999967056,18.36278854163235,0.11430579999432666,2.548422199964989,96,9.93657486153543e-08,9.588392982373684e-08
105,128,152,14592,0.45,0.5625,0.0,0,0,0,0,0,0,1.2384558552781555,0.962114133907674,1.0125963828794393,0.962114133907674,1.0125963828794393,0,0.0,0,0.0,0.0,96,0,0,0,0.02952699997695163,0.30757291642657947,0.7579837999946903,7.895664583278025,0.753322600015963,0.0,1.7573103000686388,18.305315625714986,0.11284139996860176,2.5448211000402807,96,7.058664772477408e-08,9.931586223560496e-08
105,129,153,14688,0.45,0.5625,0.0,0,0,0,0,0,0,0.8662729536385024,0.9669950047019462,1.0105696356876404,0.9669950047019462,1.0105696356876404,0,0.0,0,0.0,0.0,96,0,0,0,0.02861329999723239,0.29805520830450405,0.7570720999938203,7.886167708268962,0.7524765999987721,0.0,1.7097267000572174,17.809653125596014,0.11074529997858917,2.49541210004827,96,2.213415138674346e-08,8.004745335327135e-08
105,130,154,14784,0.45,0.5625,0.0,0,0,0,0,0,0,0.6792917574505936,0.9686734776682292,1.0077139698412925,0.9686734776682292,1.0077139698412925,0,0.0,0,0.0,0.0,96,0,0,0,0.029380899999523535,0.3060510416617035,0.7463045000258717,7.77400520860283,0.741712099967117,0.0,1.7379953999407007,18.104118749382298,0.11377130002074409,2.513680799966096,96,1.1995990836961845e-08,1.3716624572279734e-08
105,131,155,14880,0.45,0.5625,0.0,0,0,0,0,0,0,0.7012141821484179,0.9674614894337734,1.0101084169384829,0.9674614894337734,1.0101084169384829,0,0.0,0,0.0,0.0,96,0,0,0,0.027883599999768194,0.290454166664252,0.7372734999880777,7.6799322915424755,0.7327861000303528,0.0,1.7355277000242495,18.078413541919264,0.11168379998707678,2.5006848000120954,96,1.82154696664813e-08,5.772366267267626e-08
105,132,156,14976,0.45,0.5625,0.0,0,0,0,0,0,0,1.3034693626363452,0.9603370890638607,1.0050165836605938,0.9603370890638607,1.0050165836605938,0,0.0,0,0.0,0.0,96,0,0,0,0.03034329995716689,0.31607604122048844,0.8018900999886682,8.35302187488196,0.7969669999947655,0.0,1.8352195999686955,19.116870833007244,0.11776610002561938,2.6674529999145307,96,8.902044177326596e-08,9.773911624488818e-08
105,133,157,15072,0.45,0.5625,0.0,0,0,0,0,0,0,1.3595940648182068,0.9594512687434825,1.0087286056498939,0.9594512687434825,1.0087286056498939,0,0.0,0,0.0,0.0,96,0,0,0,0.029595900014101062,0.30829062514688604,0.7628087999983109,7.945924999982404,0.7580672999320086,0.0,1.7642449000268243,18.377551041946088,0.1115975999928196,2.5566496000392362,96,9.70200350874223e-08,9.445473243829827e-08
105,134,158,15168,0.45,0.5625,0.0,0,0,0,0,0,0,1.2618430118307304,0.9611170193636072,1.01035303308019,0.9611170193636072,1.01035303308019,0,0.0,0,0.0,0.0,96,0,0,0,0.028180400033306796,0.29354583368027914,0.7397342999829561,7.7055656248224595,0.735143399957451,0.0,1.7214939999612398,17.932229166262914,0.10932900002080714,2.4894086999775027,96,9.927032022793991e-08,9.341709558685629e-08
105,135,159,15264,0.45,0.5625,0.0,0,0,0,0,0,0,1.2586223263016147,0.9611805406425998,1.008507723887396,0.9611805406425998,1.008507723887396,0,0.0,0,0.0,0.0,96,0,0,0,0.028563300031237304,0.29753437532538857,0.7580979999984265,7.896854166650277,0.7533144999688375,0.0,1.7714818001186359,18.452935417902456,0.11295029992470518,2.5581431001482997,96,7.999520467046051e-08,8.99553939670561e-08
105,136,160,15360,0.45,0.5625,0.0,0,0,0,0,0,0,0.9047741512573336,0.9672474667088128,1.0186466226534057,0.9672474667088128,1.0186466226534057,0,0.0,0,0.0,0.0,96,0,0,0,0.02788249999139225,0.2904427082436693,0.7441701000134344,7.751771875139942,0.7395840999524808,0.0,1.7407603999308776,18.13292083261331,0.11059670003305655,2.5128129999357043,96,2.5661638786145247e-08,9.188319461186922e-08
105,137,161,15456,0.45,0.5625,0.0,0,0,0,0,0,0,0.8844022051673889,0.9659432923784558,1.0270191178841812,0.9659432923784558,1.0270191178841812,0,0.0,0,0.0,0.0,96,0,0,0,0.027493700006743893,0.2863927084035822,0.727745399948617,7.58068124946476,0.723275599986664,0.0,1.6634426000309759,17.327527083655998,0.10648180003045127,2.4186816999863368,96,4.446839355076726e-08,9.355530664403866e-08
105,138,162,15552,0.45,0.5625,0.0,0,0,0,0,0,0,1.3226631160516944,0.9598018890445966,1.0091200230406299,0.9598018890445966,1.0091200230406299,0,0.0,0,0.0,0.0,96,0,0,0,0.027732100010325667,0.2888760417742257,0.7318474999265163,7.623411457567879,0.7273557000080473,0.0,1.691384000099788,17.61858333437279,0.10905109998566331,2.45096360003663,96,9.862312431996312e-08,8.794716892246424e-08
105,139,163,15648,0.45,0.5625,0.0,0,0,0,0,0,0,1.3121220207612465,0.9605791972376819,1.0087005310907362,0.9605791972376819,1.0087005310907362,0,0.0,0,0.0,0.0,96,0,0,0,0.02756920004321728,0.28717916711684666,0.7217189999864786,7.517906249859152,0.717231200025708,0.0,1.705543000040052,17.766072917083875,0.10926699994888622,2.454831200069748,96,9.95240478831455e-08,9.881101888098431e-08
105,140,165,15840,0.45,0.5625,0.0,0,0,0,0,0,0,1.0257937072366263,0.9648366322828744,1.0202898237947402,0.9648366322828744,1.0202898237947402,0,0.0,0,0.0,0.0,96,0,0,0,0.029082500012009405,0.3029427084584313,0.7206574999800068,7.5068489581250715,0.7162046000230475,0.0,1.6714142999917385,17.410565624913943,0.10859740003797924,2.4211542999837548,96,4.065591671480184e-08,9.669125857619809e-08
105,141,166,15936,0.45,0.5625,0.0,0,0,0,0,0,0,1.1359304160594565,0.9629355989740268,1.0086829366705787,0.9629355989740268,1.0086829366705787,0,0.0,0,0.0,0.0,96,0,0,0,0.030004200038092677,0.3125437503967987,0.7036010999872815,7.329178124867515,0.6990586000392796,0.0,1.6353580999348196,17.03498020765437,0.10261820002051536,2.368963399960194,96,5.414720842707166e-08,6.220556326985704e-08
105,142,168,16128,0.45,0.5625,0.0,0,0,0,0,0,0,0.8423719773688763,0.9661134636586961,1.023899764161969,0.9661134636586961,1.023899764161969,0,0.0,0,0.0,0.0,96,0,0,0,0.03086820002499735,0.32154375026038906,0.7324702999612782,7.629898957929981,0.7277489999469253,0.0,1.7083753001061268,17.795576042772154,0.10638019994075876,2.4717138000924024,96,3.9587289557552197e-08,9.457641893598212e-08
105,143,169,16224,0.45,0.5625,0.0,0,0,0,0,0,0,1.3018593358379786,0.9599338608607313,1.0153301912835633,0.9599338608607313,1.0153301912835633,0,0.0,0,0.0,0.0,96,0,0,0,0.026903200028755236,0.2802416669662004,0.6765573000157019,7.047471875163562,0.6722509999526665,0.0,1.5821648999190074,16.48088437415633,0.10009680005168775,2.2856253999634646,96,9.549032437168592e-08,9.994303863669618e-08
105,144,170,16320,0.45,0.5625,0.0,0,0,0,0,0,0,1.367678421042265,0.9597966672084141,1.0125862300803254,0.9597966672084141,1.0125862300803254,0,0.0,0,0.0,0.0,96,0,0,0,0.026191599979938474,0.27282916645769245,0.6471468999734498,6.741113541390102,0.6431801999860909,0.0,1.5127956999858725,15.758288541519505,0.09638599999743747,2.1861341999392607,96,9.96855517663292e-08,9.892949293099917e-08
105,145,171,16416,0.45,0.5625,0.0,0,0,0,0,0,0,1.3451599595262567,0.9604639283685661,1.0127133515084188,0.9604639283685661,1.0127133515084188,0,0.0,0,0.0,0.0,96,0,0,0,0.025766899983864278,0.2684052081652529,0.6387799999938579,6.653958333269354,0.6346673000080045,0.0,1.4706500000320375,15.319270833667057,0.09386470001481939,2.1351969000097597,96,9.521231092608773e-08,9.507124764523978e-08
105,146,172,16512,0.45,0.5625,0.0,0,0,0,0,0,0,1.4306793424689135,0.9585503334282918,1.0113832461357721,0.9585503334282918,1.0113832461357721,0,0.0,0,0.0,0.0,96,0,0,0,0.026745900038804393,0.27860312540421245,0.6498522000110825,6.769293750115442,0.6458659999916563,0.0,1.5457926999442861,16.102007291086313,0.09953530004713684,2.222390799994173,96,9.290050386086268e-08,9.523006105904841e-08
105,147,174,16704,0.45,0.5625,0.0,0,0,0,0,0,0,0.9480135963150782,0.9663549612772743,1.0102725538107595,0.9663549612772743,1.0102725538107595,0,0.0,0,0.0,0.0,96,0,0,0,0.026860499965550844,0.2797968746411546,0.668985900003463,6.968603125036073,0.6648275999905309,0.0,1.5663513998952112,16.316160415575116,0.10031530007108813,2.262197799864225,96,2.788121337103655e-08,6.702721067411432e-08
105,148,176,16896,0.45,0.5625,0.0,0,0,0,0,0,0,1.2762171735105436,0.9612169386853138,1.0102594389569033,0.9612169386853138,1.0102594389569033,0,0.0,0,0.0,0.0,96,0,0,0,0.02700240001286147,0.28127500013397366,0.6569125999812968,6.842839583138509,0.6527461999939987,0.0,1.5205468999629375,15.839030207947264,0.09607150000374531,2.2044618999570957,96,8.822594544689866e-08,8.911055261739964e-08
105,149,177,16992,0.45,0.5625,0.0,0,0,0,0,0,0,1.3513999778378527,0.960119437375341,1.0078939659206299,0.960119437375341,1.0078939659206299,0,0.0,0,0.0,0.0,96,0,0,0,0.02558619999763323,0.26652291664201283,0.6120458999866969,6.375478124861426,0.6081126000135555,0.0,1.4734268999891356,15.34819687488683,0.09202279998135054,2.1110589999734657,96,9.266348300653038e-08,9.553907137638262e-08
105,150,178,17088,0.45,0.5625,0.0,0,0,0,0,0,0,1.375103761217362,0.9598515575735264,1.0067960469481128,0.9598515575735264,1.0067960469481128,0,0.0,0,0.0,0.0,96,0,0,0,0.025706799991894513,0.2677791665822345,0.6204118000096059,6.462622916766729,0.6166144000162603,0.0,1.4187605999832158,14.778756249825165,0.08980240001983475,2.0648791999847163,96,9.922171106437061e-08,9.946845375141677e-08
105,151,180,17280,0.45,0.5625,0.0,0,0,0,0,0,0,1.32108394265092,0.9595018686192789,1.0075831277228002,0.9595018686192789,1.0075831277228002,0,0.0,0,0.0,0.0,96,0,0,0,0.02584789999673376,0.26924895829931,0.6151258000681992,6.407560417377074,0.6113364999691839,0.0,1.4135877999506192,14.724872916152284,0.0904289000609424,2.054561500015552,96,8.741915235969955e-08,9.78786016819777e-08
105,152,181,17376,0.45,0.5625,0.0,0,0,0,0,0,0,0.9330550459228774,0.9668418643503204,1.0053449315219345,0.9668418643503204,1.0053449315219345,0,0.0,0,0.0,0.0,96,0,0,0,0.02544050000869902,0.2650052084239481,0.5962938999873586,6.211394791534985,0.5925455000106012,0.0,1.393454599980032,14.515152083125335,0.08996749999641906,2.0151889999760897,96,2.6718242019871385e-08,3.046191181244051e-08
105,153,183,17568,0.45,0.5625,0.0,0,0,0,0,0,0,1.237641049456182,0.9608754496620797,1.011498118558844,0.9608754496620797,1.011498118558844,0,0.0,0,0.0,0.0,96,0,0,0,0.024841499965987168,0.2587656246456997,0.6049666000180878,6.301735416855081,0.6011689000224578,0.0,1.4021270000594086,14.605489583952172,0.09158599996590056,2.0319351000434835,96,8.439297963583337e-08,9.472832740442527e-08
105,154,184,17664,0.45,0.5625,0.0,0,0,0,0,0,0,1.3029287626093848,0.9607877266883427,1.0102478162446789,0.9607877266883427,1.0102478162446789,0,0.0,0,0.0,0.0,96,0,0,0,0.024574199960625265,0.2559812495898465,0.5997625999516458,6.247527082829644,0.5959358000109205,0.0,1.4371013000491075,14.96980520884487,0.09382919993367977,2.0614380999613786,96,9.622791235716632e-08,9.564027472763748e-08
105,155,185,17760,0.45,0.5625,0.0,0,0,0,0,0,0,1.3380255907944236,0.9603907623466696,1.0117771535072015,0.9603907623466696,1.0117771535072015,0,0.0,0,0.0,0.0,96,0,0,0,0.026713599931099452,0.2782666659489526,0.6429739000232075,6.697644791908412,0.6389895000393153,0.0,1.5030645000515506,15.656921875536984,0.0960683999946923,2.1727520000058576,96,9.81190366542567e-08,9.958980133617512e-08
105,156,187,17952,0.45,0.5625,0.0,0,0,0,0,0,0,1.3553314483369192,0.9592724900339192,1.0104266218433018,0.9592724900339192,1.0104266218433018,0,0.0,0,0.0,0.0,96,0,0,0,0.025525100048980676,0.2658864588435487,0.6114498999668285,6.3692697913211305,0.6075912999876891,0.0,1.4353436999444966,14.95149687442184,0.09283550002874108,2.072318699960306,96,8.897858528970903e-08,9.955025699615039e-08
105,157,188,18048,0.45,0.5625,0.0,0,0,0,0,0,0,0.9433238197813901,0.9665970827085723,1.011117646906984,0.9665970827085723,1.011117646906984,0,0.0,0,0.0,0.0,96,0,0,0,0.026052700013678987,0.27138229180915613,0.6624121000277228,6.9001260419554455,0.6583058000323945,0.0,1.5151924999954645,15.78325520828609,0.0970802000083495,2.203657300036866,96,2.549469997961684e-08,9.588461309661955e-08
105,158,189,18144,0.45,0.5625,0.0,0,0,0,0,0,0,0.8255331116025397,0.9660678908695399,1.0170685040668248,0.9660678908695399,1.0170685040668248,0,0.0,0,0.0,0.0,96,0,0,0,0.02573729995492613,0.26809687453048053,0.6471510999544989,6.741157291192697,0.6430880999687361,0.0,1.5031828999854042,15.658155208181295,0.09626990003016545,2.1760712998948293,96,3.456242153587752e-08,9.757072013186208e-08
105,159,190,18240,0.45,0.5625,0.0,0,0,0,0,0,0,1.4091121327202565,0.9589445531036732,1.0067121959390946,0.9589445531036732,1.0067121959390946,0,0.0,0,0.0,0.0,96,0,0,0,0.026062599958095234,0.2714854162301587,0.6172111999767367,6.429283333091007,0.613238200021442,0.0,1.4718799999754992,15.332083333078117,0.09404589998302981,2.115153799910331,96,9.575963823109379e-08,9.99737313767124e-08
105,160,191,18336,0.45,0.5625,0.0,0,0,0,0,0,0,1.3861411778503665,0.9593596510151411,1.0083274952367152,0.9593596510151411,1.0083274952367152,0,0.0,0,0.0,0.0,96,0,0,0,0.02581449998979224,0.26890104156033584,0.6245264000390307,6.505483333739903,0.6205996000135201,0.0,1.4368790000880836,14.96748958425087,0.09223889998247614,2.0872199001169065,96,9.700001798312874e-08,9.971177314382906e-08
105,161,192,18432,0.45,0.5625,0.0,0,0,0,0,0,0,1.5371394652623873,0.9572951813234928,1.0019261348163162,0.9572951813234928,1.0019261348163162,0,0.0,0,0.0,0.0,96,0,0,0,0.027292499980831053,0.28429687480032345,0.6368855000037001,6.6342239583718765,0.632904599995527,0.0,1.4821890999664902,15.439469791317606,0.09824770004343009,2.1463670999510214,96,9.622174367181213e-08,9.90650252108427e-08
105,162,193,18528,0.45,0.5625,0.0,0,0,0,0,0,0,1.2923085558205747,0.9611959484588267,1.0113490318341174,0.9611959484588267,1.0113490318341174,0,0.0,0,0.0,0.0,96,0,0,0,0.02661610006907722,0.27725104238622106,0.6509946000296623,6.781193750308982,0.6469288999869605,0.0,1.544195399947057,16.08536874944851,0.10100620000594063,2.2218061000457965,96,9.035158891890216e-08,9.862200056609538e-08
105,163,194,18624,0.45,0.5625,0.0,0,0,0,0,0,0,1.2858035224488638,0.9608646853265577,1.0077587311693585,0.9608646853265577,1.0077587311693585,0,0.0,0,0.0,0.0,96,0,0,0,0.02576809999300167,0.26841770826043404,0.7047097999675316,7.34072708299512,0.7002806000309647,0.0,1.6202328999279416,16.87742604091606,0.10311870004079537,2.350710799888475,96,7.38439341878977e-08,8.337421406046097e-08
105,164,195,18720,0.45,0.5625,0.0,0,0,0,0,0,0,0.8653082978621732,0.9673840202526011,1.0084252663012268,0.9673840202526011,1.0084252663012268,0,0.0,0,0.0,0.0,96,0,0,0,0.027102099935291335,0.2823135409926181,0.7298784999948111,7.602901041612616,0.7253914000029908,0.0,1.7022441999652074,17.731710416304242,0.10962890001974301,2.45922479989531,96,1.9630620839809765e-08,2.2105732869204253e-08
105,165,196,18816,0.45,0.5625,0.0,0,0,0,0,0,0,0.7670307953215294,0.9663810049481132,1.0090429080427326,0.9663810049481132,1.0090429080427326,0,0.0,0,0.0,0.0,96,0,0,0,0.026085700003022794,0.2717260416981541,0.7191246999936993,7.490882291601035,0.7147936999826925,0.0,1.6368823000375414,17.050857292057724,0.10579329994652653,2.3820927000342635,96,2.455305056926066e-08,3.0495970826729946e-08
105,166,197,18912,0.45,0.5625,0.0,0,0,0,0,0,0,1.2498619517928957,0.9611723835717554,1.0095111079288843,0.9611723835717554,1.0095111079288843,0,0.0,0,0.0,0.0,96,0,0,0,0.02691100003721658,0.28032291705433937,0.7613903999590548,7.931149999573487,0.7567866000099457,0.0,1.7410054000283708,18.135472916962197,0.11334329999226611,2.529306800024642,96,9.052743254675533e-08,9.134792151865856e-08
105,167,198,19008,0.45,0.5625,0.0,0,0,0,0,0,0,1.320807550071322,0.9605325326285938,1.0125908474426706,0.9605325326285938,1.0125908474426706,0,0.0,0,0.0,0.0,96,0,0,0,0.026805300018168055,0.27922187518925057,0.733979399978125,7.645618749772136,0.7295450000092387,0.0,1.712438999915321,17.837906249117925,0.11182950005604653,2.473223699911614,96,9.981340456412247e-08,9.43467928088415e-08
105,168,199,19104,0.45,0.5625,0.0,0,0,0,0,0,0,1.3678129014469134,0.9599195996395883,1.013175000096768,0.9599195996395883,1.013175000096768,0,0.0,0,0.0,0.0,96,0,0,0,0.027290200006973464,0.28427291673930694,0.754814100007934,7.862646875082646,0.7501167000082205,0.0,1.7491241999014164,18.220043748973087,0.11268480003491277,2.531228499916324,96,9.521361031203379e-08,9.344311206749278e-08
105,169,200,19200,0.45,0.5625,0.0,0,0,0,0,0,0,1.3604917535531929,0.9604448534693397,1.0060482300342108,0.9604448534693397,1.0060482300342108,0,0.0,0,0.0,0.0,96,0,0,0,0.02708050004002871,0.2820885420836324,0.7640751999933855,7.959116666597765,0.7593932000090717,0.0,1.7826608999675955,18.56938437466245,0.11560460002510808,2.5738166000010096,96,9.34432439758659e-08,9.934800523914156e-08
105,170,202,19392,0.45,0.5625,0.0,0,0,0,0,0,0,0.901863832977393,0.9670255884448516,1.0100866905963075,0.9670255884448516,1.0100866905963075,0,0.0,0,0.0,0.0,96,0,0,0,0.027131900045787916,0.2826239588102908,0.7470535999891581,7.781808333220397,0.7425202999875182,0.0,1.7389544998877682,18.114109373830917,0.11262780005199602,2.513139999922714,96,2.2361650747239337e-08,6.038425155729943e-08
105,171,203,19488,0.45,0.5625,0.0,0,0,0,0,0,0,0.7521945290360474,0.9667605924543969,1.0087204580972273,0.9667605924543969,1.0087204580972273,0,0.0,0,0.0,0.0,96,0,0,0,0.02682179997646017,0.2793937497547934,0.7491177000192693,7.803309375200722,0.7446179000253323,0.0,1.7088736000077915,17.80076666674783,0.1112481999953161,2.484813100003521,96,2.2619980753930957e-08,2.584365769997543e-08
105,172,204,19584,0.45,0.5625,0.0,0,0,0,0,0,0,1.3178479185557557,0.9606634047052404,1.0030654212722283,0.9606634047052404,1.0030654212722283,0,0.0,0,0.0,0.0,96,0,0,0,0.026828499976545572,0.2794635414223497,0.7335940000193659,7.641604166868395,0.7291147999858367,0.0,1.7095924000022933,17.808254166690556,0.10979479998059105,2.470014899998205,96,9.4981370815303e-08,9.964470935874825e-08
105,173,205,19680,0.45,0.5625,0.0,0,0,0,0,0,0,1.5002590570389793,0.9582132346270908,1.0020574437675582,0.9582132346270908,1.0020574437675582,0,0.0,0,0.0,0.0,96,0,0,0,0.023501899988332298,0.24481145821179479,0.605716099991696,6.309542708246833,0.6020340000250144,0.0,1.4110548000826384,14.698487500860816,0.08939599997393088,2.0402728000626666,96,8.850313992954384e-08,9.903039589753693e-08
105,174,206,19776,0.45,0.5625,0.0,0,0,0,0,0,0,1.4561091625973626,0.9584671017551218,1.0023187516721677,0.9584671017551218,1.0023187516721677,0,0.0,0,0.0,0.0,96,0,0,0,0.02527799997915281,0.26331249978284177,0.698378299959586,7.2747739579123545,0.6942027999975835,0.0,1.5988686999771744,16.6548822914289,0.10392190004495205,2.322524999915913,96,9.419010049346865e-08,9.87084548126349e-08
105,175,207,19872,0.45,0.5625,0.0,0,0,0,0,0,0,1.3917929156413793,0.9595073806068141,1.0036473484445003,0.9595073806068141,1.0036473484445003,0,0.0,0,0.0,0.0,96,0,0,0,0.029202200035797432,0.30418958370622323,0.7449613999342546,7.760014582648485,0.7404191000096034,0.0,1.7178707999992184,17.894487499991858,0.10939430002326844,2.4920343999692705,96,9.994481801195443e-08,9.834871583791482e-08
105,176,208,19968,0.45,0.5625,0.0,0,0,0,0,0,0,1.1865553930794488,0.9622578466289143,1.0080570445755348,0.9622578466289143,1.0080570445755348,0,0.0,0,0.0,0.0,96,0,0,0,0.029930199991213158,0.31177291657513706,0.7636735000123736,7.954932291795558,0.7588245000079041,0.0,1.7864421000267612,18.608771875278762,0.1149058999872068,2.580045800030348,96,5.866122837483445e-08,6.637338338666421e-08
105,177,210,20160,0.45,0.5625,0.0,0,0,0,0,0,0,0.7956756096556915,0.966517638965423,1.018199654900301,0.966517638965423,1.018199654900301,0,0.0,0,0.0,0.0,96,0,0,0,0.024860899982741103,0.25896770815355313,0.6418058999915957,6.685478124912454,0.6378243999861297,0.0,1.5106978000767413,15.736435417466055,0.09821289999672445,2.177364600051078,96,3.616455218624637e-08,9.610564318321413e-08
105,178,211,20256,0.45,0.5625,0.0,0,0,0,0,0,0,1.2119958880686892,0.9613567019873186,1.0107974931376291,0.9613567019873186,1.0107974931376291,0,0.0,0,0.0,0.0,96,0,0,0,0.026793900040502194,0.27910312542189786,0.7019713000263437,7.31220104194108,0.6976995000222814,0.0,1.6025859000146738,16.69360312515285,0.10240399999020156,2.3313511000815197,96,9.02219984919711e-08,9.966220109597357e-08
105,179,212,20352,0.45,0.5625,0.0,0,0,0,0,0,0,1.3038337285623116,0.9602513800631969,1.0097568181912522,0.9602513800631969,1.0097568181912522,0,0.0,0,0.0,0.0,96,0,0,0,0.02444280004419852,0.25461250046040124,0.5953454000191414,6.201514583532723,0.5915556000181823,0.0,1.3815519999916432,14.391166666579617,0.08964899999409681,2.001340200054983,96,9.425550170222285e-08,8.861194111808857e-08
105,180,213,20448,0.45,0.5625,0.0,0,0,0,0,0,0,1.2884665201978147,0.9609472056329607,1.0093916099235163,0.9609472056329607,1.0093916099235163,0,0.0,0,0.0,0.0,96,0,0,0,0.026818799989996478,0.27936249989579665,0.6765101999990293,7.046981249989888,0.6722943999993731,0.0,1.5605402000510367,16.255627083864965,0.09945989998959703,2.2638692000400624,96,9.750767447809505e-08,9.76313985906474e-08
105,181,214,20544,0.45,0.5625,0.0,0,0,0,0,0,0,1.3879269700617718,0.9593877398202605,1.0057147004550566,0.9593877398202605,1.0057147004550566,0,0.0,0,0.0,0.0,96,0,0,0,0.025482400036707986,0.26544166704904154,0.5755234000243945,5.995035416920776,0.5718482000302174,0.0,1.3217621000076178,13.768355208412686,0.0849867999786511,1.9227679000687203,96,9.732394202176253e-08,9.88342357260974e-08
105,182,215,20640,0.45,0.5625,0.0,0,0,0,0,0,0,1.264099858100557,0.9604672832749055,1.007620302591685,0.9604672832749055,1.007620302591685,0,0.0,0,0.0,0.0,96,0,0,0,0.025808300022617914,0.2688364585689366,0.6143658999353647,6.399644790993382,0.6105673000129173,0.0,1.4009333999929368,14.593056249926425,0.09046039998793276,2.0411075999509194,96,8.02861057584009e-08,9.064053313467824e-08
105,183,218,20928,0.45,0.5625,0.0,0,0,0,0,0,0,1.1741685614773116,0.9619064881279539,1.0145816918285575,0.9619064881279539,1.0145816918285575,0,0.0,0,0.0,0.0,96,0,0,0,0.021822399961820338,0.22731666626896185,0.509551500013913,5.307828125144927,0.5063173000526149,0.0,1.1742847000205074,12.232132291880285,0.07392829997843364,1.7056585999962408,96,8.277257885179468e-08,9.449763960917013e-08
105,184,220,21120,0.45,0.5625,0.0,0,0,0,0,0,0,1.2916098497347805,0.9608179946309795,1.0106285296554303,0.9608179946309795,1.0106285296554303,0,0.0,0,0.0,0.0,96,0,0,0,0.022962200055189896,0.2391895839082281,0.5314782000132254,5.536231250137765,0.5281231000262778,0.0,1.2525687999950605,13.047591666615213,0.08119240000087302,1.8070092000634759,96,9.548615488574885e-08,9.940725444190779e-08
105,185,221,21216,0.45,0.5625,0.0,0,0,0,0,0,0,1.4431534582617918,0.9599769045704334,1.001986435329762,0.9599769045704334,1.001986435329762,0,0.0,0,0.0,0.0,96,0,0,0,0.023596799990627915,0.2457999999023741,0.563375800025824,5.868497916935667,0.55979269999807,0.0,1.288489299993671,13.42176354160074,0.08378030003223103,1.875461900010123,96,9.731942612889455e-08,9.991978459911177e-08
105,186,222,21312,0.45,0.5625,0.0,0,0,0,0,0,0,1.4876099355189394,0.9580431116764234,1.0,0.9580431116764234,1.0,0,0.0,0,0.0,0.0,96,0,0,0,0.023046299946145155,0.24006562443901203,0.5397118999826489,5.621998958152592,0.5362182999524521,0.0,1.2686619000523933,13.215228125545764,0.0811001999900327,1.8314200999811874,96,9.462185977457405e-08,9.794305429189354e-08
105,187,223,21408,0.45,0.5625,0.0,0,0,0,0,0,0,0.8945601044927111,0.9669447857397698,1.0038966540859453,0.9669447857397698,1.0038966540859453,0,0.0,0,0.0,0.0,96,0,0,0,0.023691799986409023,0.24678958319176064,0.5686367999951472,5.92329999994945,0.5648382999861497,0.0,1.3224334999977145,13.775348958309527,0.08660599997529062,1.9147620999792707,96,2.3180023434564434e-08,2.6473924372161228e-08
105,188,224,21504,0.45,0.5625,0.0,0,0,0,0,0,0,0.7153685618676849,0.9670618866297985,1.0089712977766436,0.9670618866297985,1.0089712977766436,0,0.0,0,0.0,0.0,96,0,0,0,0.02186849998543039,0.22779687484823322,0.4915897000246332,5.1207260419232625,0.4884922000201186,0.0,1.172381599986693,12.212308333194718,0.07797509999363683,1.6858397999967565,96,2.0670214398617326e-08,2.8170844268426976e-08
105,189,225,21600,0.45,0.5625,0.0,0,0,0,0,0,0,1.1449725995984323,0.9622897482109487,1.013527156818503,0.9622897482109487,1.013527156818503,0,0.0,0,0.0,0.0,96,0,0,0,0.027781900003901683,0.2893947917073092,0.6841429999840329,7.12648958316701,0.6799381999808247,0.0,1.5892732001229888,16.5549291679478,0.10531829996034503,2.3011981001109234,96,7.36336018547501e-08,9.700614053351209e-08
105,190,226,21696,0.45,0.5625,0.0,0,0,0,0,0,0,1.2021025895491875,0.9615882989079321,1.0111407057045085,0.9615882989079321,1.0111407057045085,0,0.0,0,0.0,0.0,96,0,0,0,0.0256590000280994,0.26728125029270206,0.6042509000617429,6.294280208976488,0.6005091000115499,0.0,1.3903299999947194,14.48260416661166,0.09003449998272117,2.0202399000845617,96,8.911029586097796e-08,9.921558092457206e-08
105,191,227,21792,0.45,0.5625,0.0,0,0,0,0,0,0,1.2953436299079748,0.9601367816669497,1.009495632368578,0.9601367816669497,1.009495632368578,0,0.0,0,0.0,0.0,96,0,0,0,0.029849600039597135,0.3109333337458035,0.7200538000106462,7.500560416777565,0.7153865999789559,0.0,1.6999008000202593,17.707300000211035,0.1103339999972377,2.4498042000705027,96,9.955285035570527e-08,9.847655087213969e-08
105,192,228,21888,0.45,0.5625,0.0,0,0,0,0,0,0,1.330668493235623,0.9598011426150289,1.0085434499161237,0.9598011426150289,1.0085434499161237,0,0.0,0,0.0,0.0,96,0,0,0,0.02699949999077944,0.28124479157061916,0.6650739000251633,6.927853125262118,0.6608959000514005,0.0,1.557920200000808,16.228335416675083,0.099935700003698,2.249993600016751,96,8.923539866236008e-08,9.211262114172669e-08
105,193,229,21984,0.45,0.5625,0.0,0,0,0,0,0,0,1.3060933184288126,0.9606493316190221,1.0070496175440797,0.9606493316190221,1.0070496175440797,0,0.0,0,0.0,0.0,96,0,0,0,0.02615679999871645,0.2724666666532964,0.6296560999835492,6.558917708161971,0.6256434000024456,0.0,1.427750000038941,14.872395833738969,0.09231549997639377,2.0835629000212066,96,9.753457680394817e-08,9.222730579239169e-08
105,194,230,22080,0.45,0.5625,0.0,0,0,0,0,0,0,0.8676947483914428,0.9668455526562455,1.0092567795954315,0.9668455526562455,1.0092567795954315,0,0.0,0,0.0,0.0,96,0,0,0,0.02507589999731863,0.26120729163873574,0.5591835999730392,5.824829166385825,0.5555835999839474,0.0,1.2993532999098534,13.534930207394305,0.08167370007868158,1.8836127998802112,96,2.3411670544912222e-08,3.573432928033471e-08
105,195,231,22176,0.45,0.5625,0.0,0,0,0,0,0,0,0.7487517720616576,0.9665249941338712,1.0102405363158524,0.9665249941338712,1.0102405363158524,0,0.0,0,0.0,0.0,96,0,0,0,0.02542570004152367,0.2648510420992049,0.5921844000040437,6.168587500042122,0.5884696999928565,0.0,1.3579363000026206,14.145169791693965,0.08632990001206053,1.975546400048188,96,2.378632186182672e-08,6.352016803171101e-08
105,196,232,22272,0.45,0.5625,0.0,0,0,0,0,0,0,1.2159753964420315,0.961306601779915,1.0091256334437486,0.961306601779915,1.0091256334437486,0,0.0,0,0.0,0.0,96,0,0,0,0.027186199979041703,0.28318958311501774,0.6486283999693114,6.756545833013661,0.6446470000228146,0.0,1.4932210000188206,15.554385416862715,0.09699929998168955,2.1690355999671738,96,9.891548899410019e-08,9.574153914115868e-08
105,197,235,22560,0.45,0.5625,0.0,0,0,0,0,0,0,1.322195496663423,0.9604048191954287,1.0085295989434364,0.9604048191954287,1.0085295989434364,0,0.0,0,0.0,0.0,96,0,0,0,0.027842999967106152,0.29003124965735577,0.6863747999814223,7.1497374998064815,0.6821232999864151,0.0,1.5780625000334112,16.4381510420147,0.1015148000078625,2.2922802999819396,96,9.358159618749751e-08,9.286760714599662e-08
105,198,236,22656,0.45,0.5625,0.0,0,0,0,0,0,0,1.2587202865732618,0.960941976551856,1.011373469184243,0.960941976551856,1.011373469184243,0,0.0,0,0.0,0.0,96,0,0,0,0.026376700021501165,0.27475729189063713,0.6341039000180899,6.60524895852177,0.6302069999801461,0.0,1.496024100059003,15.583584375614615,0.09767299996019574,2.156504700098594,96,9.937165646768664e-08,9.328369982714024e-08
105,199,237,22752,0.45,0.5625,0.0,0,0,0,0,0,0,0.8896554545746331,0.9660823821453888,1.0106991247784787,0.9660823821453888,1.0106991247784787,0,0.0,0,0.0,0.0,96,0,0,0,0.028840899969509337,0.3004260413490556,0.7047264000138966,7.340900000144757,0.7001964999944903,0.0,1.611693400031072,16.788472916990333,0.10170140002446715,2.345260700014478,96,2.636369727127691e-08,8.324804165460442e-08
105,200,238,22848,0.45,0.5625,0.0,0,0,0,0,0,0,0.7709242769301671,0.966237621088402,1.0102041069319219,0.966237621088402,1.0102041069319219,0,0.0,0,0.0,0.0,96,0,0,0,0.02781970005162293,0.28978854220440553,0.698437000028207,7.275385416960489,0.6940419999809819,0.0,1.6085772999576875,16.75601354122591,0.10325120000925381,2.3348340000375174,96,2.5425371166093447e-08,6.11220750835334e-08
105,201,239,22944,0.45,0.5625,0.0,0,0,0,0,0,0,1.258312995830378,0.9604812593898172,1.0114296764800736,0.9604812593898172,1.0114296764800736,0,0.0,0,0.0,0.0,96,0,0,0,0.026410199956444558,0.2751062495462975,0.6208745000185445,6.467442708526505,0.6170185999944806,0.0,1.4571350000187522,15.178489583528668,0.09361329997045686,2.1044196999937412,96,9.220172948916361e-08,9.697491844262718e-08
105,202,240,23040,0.45,0.5625,0.0,0,0,0,0,0,0,1.34102159104639,0.9598634503231112,1.0127817504353056,0.9598634503231112,1.0127817504353056,0,0.0,0,0.0,0.0,96,0,0,0,0.02596120000089286,0.2704291666759673,0.6462221999827307,6.731481249820111,0.642213500032085,0.0,1.51997960000881,15.833120833425102,0.09608519996982068,2.1921629999924335,96,8.865651031017552e-08,9.797363753616395e-08
105,203,241,23136,0.45,0.5625,0.0,0,0,0,0,0,0,1.3866671469084435,0.9595042372238864,1.0094272365544243,0.9595042372238864,1.0094272365544243,0,0.0,0,0.0,0.0,96,0,0,0,0.026260599996021483,0.27354791662522376,0.6153638999821851,6.410040624814428,0.6114358999911929,0.0,1.4900292000602349,15.521137500627447,0.0974229999774252,2.1316537000384415,96,9.555483695099232e-08,9.540554388176581e-08
105,204,243,23328,0.45,0.5625,0.0,0,0,0,0,0,0,1.339623344519283,0.9598142219296892,1.0029913660431529,0.9598142219296892,1.0029913660431529,0,0.0,0,0.0,0.0,96,0,0,0,0.02486339998722542,0.25899374986693147,0.6050071999561624,6.302158332876691,0.6012153000046965,0.0,1.4282074999428005,14.877161457737506,0.0938968000409659,2.0580780998861883,96,9.649020437686728e-08,8.902091577778215e-08
105,205,246,23616,0.45,0.5625,0.0,0,0,0,0,0,0,1.2661670628383395,0.9599857159477412,1.011519036550157,0.9599857159477412,1.011519036550157,0,0.0,0,0.0,0.0,96,0,0,0,0.02434019999782322,0.2535437499773252,0.6042265000578482,6.294026042269252,0.6004345999390353,0.0,1.4340862998797093,14.938398957080304,0.09615070005384041,2.0626529999353806,96,8.73999899016209e-08,9.835600150304158e-08
105,206,247,23712,0.45,0.5625,0.0,0,0,0,0,0,0,1.375521496597218,0.9592962537452272,1.009153926339002,0.9592962537452272,1.009153926339002,0,0.0,0,0.0,0.0,96,0,0,0,0.025172399982693605,0.26221249981972505,0.6065075000515208,6.317786458870008,0.6028078000017558,0.0,1.3915985000276123,14.495817708620962,0.08791639997798484,2.0232784000618267,96,8.62036717962783e-08,9.703351101786328e-08
105,207,248,23808,0.45,0.5625,0.0,0,0,0,0,0,0,1.5236227930272386,0.957813293291879,1.0046748663985996,0.957813293291879,1.0046748663985996,0,0.0,0,0.0,0.0,96,0,0,0,0.025466500017500948,0.2652760418489682,0.6111452999539324,6.366096874520129,0.6072239000131958,0.0,1.4278406000157702,14.873339583497605,0.08897170001728227,2.0644523999872035,96,9.985653896642244e-08,9.588444010999453e-08
105,208,249,23904,0.45,0.5625,0.0,0,0,0,0,0,0,1.41438597891188,0.9590929251733945,1.0045540085584521,0.9590929251733945,1.0045540085584521,0,0.0,0,0.0,0.0,96,0,0,0,0.0248070999950869,0.25840729161548853,0.626771799994458,6.528872916608937,0.6227887999702943,0.0,1.4559385000466136,15.166026042152225,0.09353339997323928,2.1075174000361585,96,9.502003425407302e-08,9.251388842501651e-08
105,209,250,24000,0.45,0.5625,0.0,0,0,0,0,0,0,1.5045731324196068,0.958133332937447,1.0028025026711787,0.958133332937447,1.0028025026711787,0,0.0,0,0.0,0.0,96,0,0,0,0.025585000003047753,0.2665104166984141,0.6397184000525158,6.663733333880373,0.6356706999940798,0.0,1.4702540999423945,15.315146874399943,0.09755070001847344,2.135557499997958,96,9.74568191685482e-08,9.902773275005661e-08
105,210,252,24192,0.45,0.5625,0.0,0,0,0,0,0,0,0.8073132239474318,0.9649562131267542,1.0081282578580917,0.9649562131267542,1.0081282578580917,0,0.0,0,0.0,0.0,96,0,0,0,0.02694580000388669,0.280685416707153,0.6406471999871428,6.673408333199404,0.6364981000224361,0.0,1.5295896999596152,15.933226041245991,0.09971670003142208,2.1971826999506447,96,3.521193541605738e-08,3.992007287234589e-08
105,211,253,24288,0.45,0.5625,0.0,0,0,0,0,0,0,1.466543726124146,0.9583557279989403,1.0047476219425153,0.9583557279989403,1.0047476219425153,0,0.0,0,0.0,0.0,96,0,0,0,0.025518600050418172,0.2658187505251893,0.5905182999777026,6.151232291434401,0.5865951999803656,0.0,1.4199981999845477,14.791647916505704,0.08892440001363866,2.0360351000126684,96,8.707374636422738e-08,9.225872024676285e-08
105,212,254,24384,0.45,0.5625,0.0,0,0,0,0,0,0,1.5209356136538252,0.9576608313044331,1.0047046044924544,0.9576608313044331,1.0047046044924544,0,0.0,0,0.0,0.0,96,0,0,0,0.025731600049766712,0.26803750051840325,0.61213170002884,6.376371875300417,0.6081451999925775,0.0,1.4440420999380876,15.042105207688413,0.09075290007604053,2.0819054000166943,96,9.486152761743749e-08,9.813060572461119e-08
105,213,256,24576,0.45,0.5625,0.0,0,0,0,0,0,0,1.7048340200003822,0.9572135070299853,1.001050390324358,0.9572135070299853,1.001050390324358,0,0.0,0,0.0,0.0,96,0,0,0,0.02606920003745472,0.27155416705682,0.6312929000414442,6.575967708765044,0.6272876000148244,0.0,1.4723353000445059,15.33682604213027,0.09204569996654755,2.129697400123405,96,9.640500090064841e-08,9.84120407387934e-08
105,214,257,24672,0.45,0.5625,0.0,0,0,0,0,0,0,1.4025127726558597,0.9585735283888496,1.0068622258721216,0.9585735283888496,1.0068622258721216,0,0.0,0,0.0,0.0,96,0,0,0,0.026157199929002672,0.27247083259377786,0.6322081000253092,6.585501041930304,0.6281667000075686,0.0,1.4613976001055562,15.222891667766211,0.09511679993011057,2.119762900059868,96,9.447230429372733e-08,9.49972799729748e-08
105,215,258,24768,0.45,0.5625,0.0,0,0,0,0,0,0,0.9647110172948615,0.9639131809602931,1.0060689298994376,0.9639131809602931,1.0060689298994376,0,0.0,0,0.0,0.0,96,0,0,0,0.02491840002767276,0.2595666669549246,0.6121841999629396,6.376918749613954,0.6082346999974106,0.0,1.441013200004818,15.010554166716853,0.0934276999978465,2.0781157999954303,96,4.7794810964854606e-08,5.1069858064689555e-08
105,216,259,24864,0.45,0.5625,0.0,0,0,0,0,0,0,0.8257451377949435,0.9644046123085481,1.0097585188071332,0.9644046123085481,1.0097585188071332,0,0.0,0,0.0,0.0,96,0,0,0,0.02598179998312844,0.2706437498242546,0.5976147000183119,6.225153125190748,0.5936387000037939,0.0,1.393476599958376,14.515381249566417,0.08618890000070678,2.0170730999598163,96,4.16781287867346e-08,4.776325725555641e-08
105,217,260,24960,0.45,0.5625,0.0,0,0,0,0,0,0,1.4367566969725327,0.9581108629506374,1.0059664651789857,0.9581108629506374,1.0059664651789857,0,0.0,0,0.0,0.0,96,0,0,0,0.026406499971926678,0.2750677080409029,0.6401429999896209,6.668156249891884,0.636118600035843,0.0,1.4884510000047158,15.50469791671579,0.0962518000160344,2.1550004999662633,96,8.921802873741724e-08,9.198582624769802e-08
105,218,261,25056,0.45,0.5625,0.0,0,0,0,0,0,0,1.5141084057352636,0.9577054513428132,1.0047533164734936,0.9577054513428132,1.0047533164734936,0,0.0,0,0.0,0.0,96,0,0,0,0.025841099966783077,0.2691781246539904,0.6096566999840434,6.350590624833785,0.6058588999512722,0.0,1.423494299997401,14.828065624972927,0.09081539998442167,2.0589920999482274,96,9.942507156988911e-08,9.888018411008392e-08
105,219,262,25152,0.45,0.5625,0.0,0,0,0,0,0,0,1.5551784046905264,0.957517383416704,1.0046032858943552,0.957517383416704,1.0046032858943552,0,0.0,0,0.0,0.0,96,0,0,0,0.02460080003947951,0.25625833374457824,0.6018513000162784,6.269284375169566,0.5979769000186934,0.0,1.4308424999617273,14.904609374601327,0.08924499999557156,2.057294600017485,96,9.649073609563352e-08,9.821128063580709e-08
105,220,263,25248,0.45,0.5625,0.0,0,0,0,0,0,0,1.4549305914478672,0.9578950132121741,1.0085202608180897,0.9578950132121741,1.0085202608180897,0,0.0,0,0.0,0.0,96,0,0,0,0.025520499963022303,0.2658385412814823,0.6130192999553401,6.385617707868126,0.6092145999573404,0.0,1.386646299972199,14.444232291377071,0.08797760001471033,2.0251860998905613,96,8.82938373369252e-08,9.576210817374697e-08
105,221,264,25344,0.45,0.5625,0.0,0,0,0,0,0,0,1.4148073524555953,0.9584755031224519,1.0075805098319905,0.9584755031224519,1.0075805098319905,0,0.0,0,0.0,0.0,96,0,0,0,0.0282807000039611,0.2945906250412615,0.7329373000029591,7.634763541697491,0.7283401000095182,0.0,1.7049297000194201,17.759684375202294,0.10933709996606922,2.4661477000263403,96,9.607757945132023e-08,9.938200859482826e-08
105,222,265,25440,0.45,0.5625,0.0,0,0,0,0,0,0,0.9899129018169018,0.9632616919692327,1.0090690451547943,0.9632616919692327,1.0090690451547943,0,0.0,0,0.0,0.0,96,0,0,0,0.027022499969461933,0.28148437468189513,0.6764465000087512,7.046317708424492,0.672098199975153,0.0,1.5912213000046904,16.575221875048857,0.10149809998256387,2.2946902999829035,96,5.89464330645606e-08,6.017615045150748e-08
105,223,266,25536,0.45,0.5625,0.0,0,0,0,0,0,0,0.8817394113824757,0.9636611615929291,1.0067331438458984,0.9636611615929291,1.0067331438458984,0,0.0,0,0.0,0.0,96,0,0,0,0.02809509993676329,0.29265729100795096,0.7607809000110137,7.924801041781393,0.7560048999584978,0.0,1.7685398000030546,18.422289583365153,0.11299109998799395,2.5574157999508316,96,5.129540557938239e-08,5.410784868764562e-08
105,224,267,25632,0.45,0.5625,0.0,0,0,0,0,0,0,1.5186498096079184,0.9574565617641971,1.0051449063758486,0.9574565617641971,1.0051449063758486,0,0.0,0,0.0,0.0,96,0,0,0,0.027805799974885304,0.2896437497383886,0.7362625000096159,7.669401041766832,0.7317607999721076,0.0,1.724814699999115,17.966819791657446,0.1097388999623945,2.488882999983616,96,9.596359559424505e-08,9.249616204909383e-08
105,225,269,25824,0.45,0.5625,0.0,0,0,0,0,0,0,1.5585539917677502,0.9568613546888053,1.0072741776570224,0.9568613546888053,1.0072741776570224,0,0.0,0,0.0,0.0,96,0,0,0,0.027670200062857475,0.28823125065476535,0.7627461999363732,7.945272916003887,0.7580305000083172,0.0,1.7217724000365706,17.93512916704761,0.10855359998095082,2.5121888000358013,96,9.981726340445307e-08,9.387990280995684e-08
105,226,270,25920,0.45,0.5625,0.0,0,0,0,0,0,0,1.6110221743161297,0.9567283557530408,1.0043373022275583,0.9567283557530408,1.0043373022275583,0,0.0,0,0.0,0.0,96,0,0,0,0.028783700028725434,0.2998302086325566,0.7852475000399863,8.179661458749857,0.7803399999902467,0.0,1.8045035999602987,18.796912499586444,0.1161201000213623,2.6185348000290105,96,9.41355643609143e-08,9.748711560231271e-08
105,227,272,26112,0.45,0.5625,0.0,0,0,0,0,0,0,1.0495991884832532,0.9627311403284462,1.0063157533634746,0.9627311403284462,1.0063157533634746,0,0.0,0,0.0,0.0,96,0,0,0,0.026314900002034847,0.274113541687863,0.7032166000499274,7.325172917186744,0.6988508000431466,0.0,1.6318974999594502,16.998932291244273,0.1038012000353774,2.3614290000114124,96,7.232785918798168e-08,6.99059016229242e-08
105,228,273,26208,0.45,0.5625,0.0,0,0,0,0,0,0,0.8489585656129203,0.9644367532990284,1.006752602370877,0.9644367532990284,1.006752602370877,0,0.0,0,0.0,0.0,96,0,0,0,0.02618039998196764,0.2727124998121629,0.7312261999977636,7.616939583310038,0.7267556999577209,0.0,1.707649899966782,17.788019791320647,0.10870800002157921,2.465056499946513,96,4.1305693579060665e-08,4.527327637782186e-08
105,229,274,26304,0.45,0.5625,0.0,0,0,0,0,0,0,1.3762163425268947,0.9591753402551668,1.0020056650748468,0.9591753402551668,1.0020056650748468,0,0.0,0,0.0,0.0,96,0,0,0,0.02509580004698364,0.26141458382274624,0.7114049000156228,7.410467708496071,0.707101199994213,0.0,1.632293200105778,17.00305416776852,0.10477249994437443,2.3687939001683844,96,9.008065837094043e-08,9.545982559977517e-08
105,230,275,26400,0.45,0.5625,0.0,0,0,0,0,0,0,1.0105691692025307,0.9624057452374828,1.005867551403962,0.9624057452374828,1.005867551403962,0,0.0,0,0.0,0.0,96,0,0,0,0.02801750002981862,0.29184895864394395,0.7836542000150075,8.163064583489662,0.778907599968079,0.0,1.818905200001609,18.94692916668343,0.11730029997124802,2.630576900046435,96,8.058326778428992e-08,7.603059411220858e-08
105,231,276,26496,0.45,0.5625,0.0,0,0,0,0,0,0,1.626027870109437,0.9567105771539003,1.003458231469347,0.9567105771539003,1.003458231469347,0,0.0,0,0.0,0.0,96,0,0,0,0.025163399965094868,0.26211874963640486,0.6743008999910671,7.023967708240282,0.6702452000172343,0.0,1.547184599978209,16.11650624977301,0.10057200001028832,2.246648899934371,96,9.907977710846283e-08,9.498335437618799e-08
105,232,278,26688,0.45,0.5625,0.0,0,0,0,0,0,0,1.7053516392957153,0.9567602564150399,1.0023794624796643,0.9567602564150399,1.0023794624796643,0,0.0,0,0.0,0.0,96,0,0,0,0.024997499982418958,0.26039062481686415,0.659381299992674,6.868555208257021,0.6553578000093694,0.0,1.5294037999992725,15.931289583325754,0.09939250000024913,2.2137825999743654,96,9.09468444044298e-08,9.759183378088565e-08
105,233,280,26880,0.45,0.5625,0.0,0,0,0,0,0,0,0.9795095803989712,0.9625537250886264,1.003663135291309,0.9625537250886264,1.003663135291309,0,0.0,0,0.0,0.0,96,0,0,0,0.027480699929583352,0.28625729093315994,0.6987471000102232,7.278615625106492,0.6943062000063946,0.0,1.6171795000336715,16.845619792017413,0.10255579998192843,2.343407299973478,96,7.61239988232576e-08,7.29292301548945e-08
105,234,281,26976,0.45,0.5625,0.0,0,0,0,0,0,0,1.6946017633564068,0.956022837097774,1.003349881754226,0.956022837097774,1.003349881754226,0,0.0,0,0.0,0.0,96,0,0,0,0.028821699968830217,0.30022604134198144,0.7245182999540702,7.547065624521565,0.7200401999652968,0.0,1.688489899985143,17.588436458178574,0.109884100027557,2.4418298999080434,96,9.629440707488446e-08,9.747866992759757e-08
105,235,283,27168,0.45,0.5625,0.0,0,0,0,0,0,0,1.8212371398695277,0.9553618491787532,1.0022138714946256,0.9553618491787532,1.0022138714946256,0,0.0,0,0.0,0.0,96,0,0,0,0.025532400053634774,0.2659625005586956,0.6675972000302863,6.954137500315483,0.6634497999984887,0.0,1.5645964000141248,16.2978791668138,0.1028325999941444,2.257726000098046,96,9.332342138651528e-08,8.663044392953623e-08
105,236,286,27456,0.45,0.5625,0.0,0,0,0,0,0,0,1.0833844075898102,0.9616661241657902,1.0088785078196927,0.9616661241657902,1.0088785078196927,0,0.0,0,0.0,0.0,96,0,0,0,0.026180400003795512,0.27271250003953657,0.6925423999782652,7.2139833331069285,0.688287799966929,0.0,1.599055899969244,16.65683229134629,0.10197720001451671,2.3177786999513046,96,9.80398748469391e-08,8.778982193979878e-08
105,237,288,27648,0.45,0.5625,0.0,0,0,0,0,0,0,1.553225018870736,0.9562508819464441,1.0086947730164728,0.9562508819464441,1.0086947730164728,0,0.0,0,0.0,0.0,96,0,0,0,0.02521080000587972,0.2626125000612471,0.6737586000090232,7.018318750093992,0.6696268000159762,0.0,1.5688621999579482,16.342314582895295,0.1023147999876528,2.267831599972851,96,9.33652143878666e-08,9.126531592962284e-08
105,238,290,27840,0.45,0.5625,0.0,0,0,0,0,0,0,1.692854365568295,0.9551054674180908,1.006887781229626,0.9551054674180908,1.006887781229626,0,0.0,0,0.0,0.0,96,0,0,0,0.02786569995805621,0.29026770789641887,0.753346799981955,7.84736249981203,0.7487921000138158,0.0,1.7466895999968983,18.194683333301025,0.11467100000299979,2.5279020999369095,96,9.068696081408756e-08,9.43405588371693e-08
105,239,292,28032,0.45,0.5625,0.0,0,0,0,0,0,0,1.7834522455545248,0.9556815614075052,1.0028291817713053,0.9556815614075052,1.0028291817713053,0,0.0,0,0.0,0.0,96,0,0,0,0.025191199965775013,0.26240833297682303,0.6531249999825377,6.803385416484768,0.6491055000005872,0.0,1.523634300021513,15.871190625224092,0.09847759997501271,2.2019504999698256,96,9.547216549450621e-08,9.662234269625092e-08
105,240,294,28224,0.45,0.5625,0.0,0,0,0,0,0,0,1.0485532490162208,0.9621282021812942,1.0021403231273018,0.9621282021812942,1.0021403231273018,0,0.0,0,0.0,0.0,96,0,0,0,0.024928100006945897,0.2596677084056864,0.6646131999659701,6.9230541663121885,0.6604220999943209,0.0,1.5139298999783932,15.77010312477493,0.09795760003180476,2.2034711999513092,96,8.878971670747693e-08,8.154557876172142e-08
105,241,295,28320,0.45,0.5625,0.0,0,0,0,0,0,0,1.9488284411141503,0.9553100178234245,1.0,0.9553100178234245,1.0,0,0.0,0,0.0,0.0,96,0,0,0,0.02337079995777458,0.2434458328934852,0.5594179000036092,5.827269791704263,0.5559780999756185,0.0,1.2992873000039253,13.534242708374222,0.08387899999070214,1.8820759999653092,96,8.696301050797883e-08,7.930071758976975e-08
105,242,297,28512,0.45,0.5625,0.0,0,0,0,0,0,0,1.9485537042421217,0.9548639428342311,1.0013869484254798,0.9548639428342311,1.0013869484254798,0,0.0,0,0.0,0.0,96,0,0,0,0.020927200006553903,0.2179916667349365,0.4890180999864242,5.093938541525252,0.48595319994637975,0.0,1.1311289000877878,11.782592709247789,0.0728283999778796,1.6410742000807659,96,8.33416647326446e-08,7.68358477537534e-08
105,243,298,28608,0.45,0.5625,0.0,0,0,0,0,0,0,1.8720325763438868,0.9550862647411761,1.002071618336335,0.9550862647411761,1.002071618336335,0,0.0,0,0.0,0.0,96,0,0,0,0.0255708000404411,0.26636250042126147,0.5847194999951171,6.0908281249491365,0.5810897999836016,0.0,1.372393000034208,14.295760417022999,0.08930120000150055,1.9826833000697661,96,8.823063261768904e-08,9.925128267862515e-08
105,244,300,28800,0.45,0.5625,0.0,0,0,0,0,0,0,1.3571264269401508,0.9605245146273735,1.0,0.9605245146273735,1.0,0,0.0,0,0.0,0.0,96,0,0,0,0.0291200000065146,0.3033333334011938,0.697975300012331,7.270576041795114,0.6935770000200137,0.0,1.602914700000838,16.69702812500873,0.10265730000537587,2.3300100000196835,96,8.771699963605606e-08,8.243636384630548e-08
105,245,302,28992,0.45,0.5625,0.0,0,0,0,0,0,0,1.3883755486586906,0.9583871332042255,1.0047549493416152,0.9583871332042255,1.0047549493416152,0,0.0,0,0.0,0.0,96,0,0,0,0.022270700013905298,0.2319864584781802,0.495705499954056,5.16359895785475,0.49262750001071254,0.0,1.1271070000293548,11.740697916972445,0.07165639993036166,1.6450831999973161,96,9.250579482977805e-08,9.699893659120828e-08
105,246,303,29088,0.45,0.5625,0.0,0,0,0,0,0,0,1.113206512555343,0.9619975388234414,1.0037394504444124,0.9619975388234414,1.0037394504444124,0,0.0,0,0.0,0.0,96,0,0,0,0.024886000028345734,0.2592291669619347,0.5631915000194567,5.8665781252026745,0.5596458000145503,0.0,1.2645940999791492,13.172855208116138,0.08194830003048992,1.8526716000269516,96,9.347227347168696e-08,8.49052468610001e-08
105,247,304,29184,0.45,0.5625,0.0,0,0,0,0,0,0,1.5152476366080638,0.9564456545322714,1.0009150877967985,0.9564456545322714,1.0009150877967985,0,0.0,0,0.0,0.0,96,0,0,0,0.02399739999236772,0.24997291658716375,0.5593547000171384,5.8266114585118585,0.5558318999683252,0.0,1.2933096000051592,13.47197500005374,0.08583920003002277,1.8766617000146653,96,8.955896557347187e-08,9.14086415587656e-08
105,248,305,29280,0.45,0.5625,0.0,0,0,0,0,0,0,1.82154826905061,0.955598912224204,1.002634083576675,0.955598912224204,1.002634083576675,0,0.0,0,0.0,0.0,96,0,0,0,0.026746700001240242,0.2786114583462525,0.6516604999851552,6.7881302081787,0.6475764999850071,0.0,1.5031330000419985,15.65763541710415,0.09655639994161902,2.181540200028394,96,9.54332658991558e-08,9.914609348793402e-08
105,249,306,29376,0.45,0.5625,0.0,0,0,0,0,0,0,1.777524521944953,0.9558195021522417,1.0020261827509267,0.9558195021522417,1.0020261827509267,0,0.0,0,0.0,0.0,96,0,0,0,0.029091200020047836,0.30303333354216494,0.7259593000271707,7.562076041949695,0.7213759999358444,0.0,1.656773399998201,17.258056249981262,0.10637519997544587,2.4118239000454196,96,8.96123100897761e-08,9.845754760096082e-08
105,250,307,29472,0.45,0.5625,0.0,0,0,0,0,0,0,1.3005850160018726,0.9592707138354962,1.0035081058014421,0.9592707138354962,1.0035081058014421,0,0.0,0,0.0,0.0,96,0,0,0,0.030710100050782785,0.3198968755289873,0.7884586999934982,8.213111458265606,0.7835048000051756,0.0,1.8052783999373787,18.80498333268103,0.11713600002258318,2.6244471999816597,96,9.551823144937632e-08,8.725352981797663e-08
105,251,309,29664,0.45,0.5625,0.0,0,0,0,0,0,0,1.944493529700683,0.9542137870196925,1.0005521683242105,0.9542137870196925,1.0005521683242105,0,0.0,0,0.0,0.0,96,0,0,0,0.023721000019577332,0.24709375020393054,0.5452510000250186,5.679697916927277,0.5418145000003278,0.0,1.279571000020951,13.328864583551573,0.08281590000842698,1.848543000065547,96,8.440608001598904e-08,7.858070229238567e-08
105,252,310,29760,0.45,0.5625,0.0,0,0,0,0,0,0,2.1426949342298136,0.9536105664230912,1.0,0.9536105664230912,1.0,0,0.0,0,0.0,0.0,96,0,0,0,0.025329200041596778,0.2638458337666331,0.5880580999728409,6.125605208050426,0.5842998999869451,0.0,1.3408516999916174,13.967205208246014,0.08598280000296654,1.954239000006055,96,9.077771093851661e-08,9.051255939196423e-08
105,253,312,29952,0.45,0.5625,0.0,0,0,0,0,0,0,2.2070537722596923,0.9538987230899023,1.0,0.9538987230899023,1.0,0,0.0,0,0.0,0.0,96,0,0,0,0.02649950004706625,0.2760364588236068,0.6070039999904111,6.322958333233449,0.6030573999960325,0.0,1.4172306999753346,14.762819791409735,0.09101579999696696,2.050734200012812,96,8.296842350305478e-08,8.344095484003056e-08
105,254,313,30048,0.45,0.5625,0.0,0,0,0,0,0,0,2.261374083697625,0.9536955832016943,1.0,0.9536955832016943,1.0,0,0.0,0,0.0,0.0,96,0,0,0,0.026361900032497942,0.2746031253385202,0.6504561999900034,6.775585416562535,0.6462774999672547,0.0,1.5218853000260424,15.852971875271276,0.09637490001478,2.1987034000485437,96,8.979414664080088e-08,8.826447683851768e-08
105,255,314,30144,0.45,0.5625,0.0,0,0,0,0,0,0,1.5456339418070093,0.9592457343479915,1.0,0.9592457343479915,1.0,0,0.0,0,0.0,0.0,96,0,0,0,0.0270508999528829,0.2817802078425302,0.6341433999841684,6.605660416501753,0.6299723000192898,0.0,1.5513672998931725,16.16007604055388,0.09877510005026124,2.2125615998302237,96,9.927628452817416e-08,9.993654855044998e-08
105,256,315,30240,0.45,0.5625,0.0,0,0,0,0,0,0,1.309905088039787,0.9605114587768974,1.0,0.9605114587768974,1.0,0,0.0,0,0.0,0.0,96,0,0,0,0.02662569998210529,0.2773510414802634,0.6369288000496454,6.634675000517139,0.6329804000124568,0.0,1.4621578000005684,15.230810416672588,0.09441840002546087,2.125712300032319,96,9.823385007344532e-08,8.74652414384336e-08
105,257,316,30336,0.45,0.5625,0.0,0,0,0,0,0,0,2.0710637182624563,0.9538034472487595,1.0003394131093106,0.9538034472487595,1.0003394131093106,0,0.0,0,0.0,0.0,96,0,0,0,0.027317299973219633,0.2845552080543712,0.634177100029774,6.606011458643479,0.6301477999950293,0.0,1.478579200040258,15.40186666708602,0.0935189999800059,2.1400736000432516,96,8.904983796360899e-08,8.587177753593966e-08
105,258,317,30432,0.45,0.5625,0.0,0,0,0,0,0,0,2.153986512107135,0.9532485311669725,1.000299414996519,0.9532485311669725,1.000299414996519,0,0.0,0,0.0,0.0,96,0,0,0,0.026304800019715913,0.2740083335387074,0.644068999994488,6.709052083275917,0.6401054000234581,0.0,1.492589300025429,15.54780520859822,0.09539679996669292,2.162963100039633,96,9.702390581928233e-08,9.966044045572886e-08
105,259,320,30720,0.45,0.5625,0.0,0,0,0,0,0,0,2.1272468311253356,0.9541424775123822,1.0,0.9541424775123822,1.0,0,0.0,0,0.0,0.0,96,0,0,0,0.02668810004979605,0.2780010421853755,0.6597450000044773,6.872343750046639,0.6556160999753047,0.0,1.49036669995985,15.52465312458177,0.09526240004925057,2.1767998000141233,96,8.698474265531053e-08,8.103976073536856e-08
105,260,321,30816,0.45,0.5625,0.0,0,0,0,0,0,0,1.607388111474916,0.9581598995223727,1.0,0.9581598995223727,1.0,0,0.0,0,0.0,0.0,96,0,0,0,0.025180499978887383,0.2622968747800769,0.5862709000211908,6.106988541887404,0.5824533999912092,0.0,1.3986746999871684,14.569528124866338,0.0903331000226899,2.0101260999872466,96,8.973700925569983e-08,9.940718678769223e-08
105,261,322,30912,0.45,0.5625,0.0,0,0,0,0,0,0,1.2857227617443316,0.9602314615158649,1.0002752374171793,0.9602314615158649,1.0002752374171793,0,0.0,0,0.0,0.0,96,0,0,0,0.026305500010494143,0.274015625109314,0.6277136000207975,6.538683333549973,0.6237840000612778,0.0,1.4454891000204952,15.057178125213492,0.09306449996074662,2.099508200051787,96,9.766070062020016e-08,8.718747009084371e-08
105,262,323,31008,0.45,0.5625,0.0,0,0,0,0,0,0,2.3301190252224506,0.9529986203005141,1.0,0.9529986203005141,1.0,0,0.0,0,0.0,0.0,96,0,0,0,0.027107100017019548,0.28236562517728697,0.657682900018699,6.850863541861448,0.65346690001752,0.0,1.5569834000052651,16.21857708338818,0.09648659994127229,2.2417734000409837,96,9.751512844609345e-08,9.961477240305605e-08
105,263,324,31104,0.45,0.5625,0.0,0,0,0,0,0,0,2.3644203850000554,0.9529954679456473,1.0,0.9529954679456473,1.0,0,0.0,0,0.0,0.0,96,0,0,0,0.02614900004118681,0.2723854170956959,0.6402791000291472,6.66957395863695,0.6362587000039639,0.0,1.489645100038615,15.517136458735573,0.09561479998228606,2.156073200108949,96,9.049811242403671e-08,9.781263382580008e-08
105,264,325,31200,0.45,0.5625,0.0,0,0,0,0,0,0,2.1345329422794386,0.9529901172237041,1.0016430003877332,0.9529901172237041,1.0016430003877332,0,0.0,0,0.0,0.0,96,0,0,0,0.026486600028874818,0.27590208363411267,0.6447444999867002,6.716088541528127,0.6406894000174361,0.0,1.5379347000198322,16.020153125206587,0.09842199996637646,2.2091658000354073,96,8.885035284768306e-08,9.881026080682531e-08
105,265,326,31296,0.45,0.5625,0.0,0,0,0,0,0,0,2.2507664112622248,0.952109005024475,1.0005494628467386,0.952109005024475,1.0005494628467386,0,0.0,0,0.0,0.0,96,0,0,0,0.028314799950749148,0.2949458328203036,0.7113960999849951,7.410376041510365,0.7067910000114352,0.0,1.6749357999578933,17.447247916228054,0.10874890002742177,2.4146466998936376,96,8.900876955625359e-08,9.249543742040345e-08
105,266,327,31392,0.45,0.5625,0.0,0,0,0,0,0,0,2.152366407035117,0.9537921913938487,1.0,0.9537921913938487,1.0,0,0.0,0,0.0,0.0,96,0,0,0,0.027951699928962626,0.291163540926694,0.693383299971174,7.222742708033063,0.6891335999971488,0.0,1.6076379000514862,16.746228125536316,0.10523129996727221,2.328972899951623,96,9.322180657619916e-08,8.600344193754328e-08
105,267,328,31488,0.45,0.5625,0.0,0,0,0,0,0,0,1.5992740435572068,0.9582729488886043,1.0,0.9582729488886043,1.0,0,0.0,0,0.0,0.0,96,0,0,0,0.026557300006970763,0.27663854173927876,0.6847344000125304,7.132650000130525,0.6804781000464573,0.0,1.6021997000061674,16.689580208397576,0.1024067999824183,2.3134914000256686,96,9.75148911706164e-08,9.93092989093336e-08
105,268,331,31776,0.45,0.5625,0.0,0,0,0,0,0,0,2.4756125435568856,0.9518913680802993,1.0,0.9518913680802993,1.0,0,0.0,0,0.0,0.0,96,0,0,0,0.02760560000751866,0.2875583334116527,0.7295632999448571,7.599617707758928,0.7251128999851062,0.0,1.6768477999939932,17.467164583270762,0.10774810001021251,2.434016699946369,96,8.934546779498787e-08,9.774719672561716e-08
105,269,332,31872,0.45,0.5625,0.0,0,0,0,0,0,0,2.3087499165958496,0.953271064918092,1.0,0.953271064918092,1.0,0,0.0,0,0.0,0.0,96,0,0,0,0.026471400014997926,0.2757437501562284,0.7238375000015367,7.53997395834934,0.7194576000110828,0.0,1.676425499972538,17.46276562471394,0.10701260004861979,2.4267343999890727,96,9.892585018517197e-08,9.88996194661862e-08
105,270,333,31968,0.45,0.5625,0.0,0,0,0,0,0,0,2.411186770018556,0.9528754774049171,1.0,0.9528754774049171,1.0,0,0.0,0,0.0,0.0,96,0,0,0,0.026781900007335935,0.278978125076416,0.7256407999957446,7.558758333289006,0.7212098000090919,0.0,1.6951292000885587,17.65759583425582,0.10803679995296989,2.4475519000916393,96,9.931696706363957e-08,9.975175713217155e-08
105,271,334,32064,0.45,0.5625,0.0,0,0,0,0,0,0,2.260911883619497,0.9542716861532471,1.0,0.9542716861532471,1.0,0,0.0,0,0.0,0.0,96,0,0,0,0.026934000015899073,0.28056250016561535,0.7500180000060936,7.8126875000634755,0.7453710000045248,0.0,1.728570099978242,18.00593854144002,0.11011520001920871,2.505522100000235,96,9.668179663108178e-08,8.591105798982923e-08
105,272,335,32160,0.45,0.5625,0.0,0,0,0,0,0,0,1.6716733574036973,0.958491274319726,1.0,0.958491274319726,1.0,0,0.0,0,0.0,0.0,96,0,0,0,0.027927100025408436,0.29090729193133785,0.750962000049185,7.822520833845678,0.7462926999505726,0.0,1.745272499967541,18.179921874661886,0.11497130000498146,2.5241616000421345,96,9.772553728054634e-08,9.971902088790063e-08
105,273,336,32256,0.45,0.5625,0.0,0,0,0,0,0,0,1.5250779559330898,0.9591195088982847,1.0,0.9591195088982847,1.0,0,0.0,0,0.0,0.0,96,0,0,0,0.028036299991072156,0.2920447915736683,0.755396499982453,7.868713541483885,0.7507155000130297,0.0,1.7533403000343242,18.263961458690876,0.11320249999698717,2.5367731000078493,96,9.97401282919197e-08,8.865620862441581e-08
105,274,337,32352,0.45,0.5625,0.0,0,0,0,0,0,0,2.58680624688948,0.9514796068362841,1.0,0.9514796068362841,1.0,0,0.0,0,0.0,0.0,96,0,0,1,0.028149800054961815,0.2932270839058522,0.7574170999941998,7.889761458272915,0.7528407000354491,0.0,1.7454235999903176,18.181495833232475,0.11375089998182375,2.5309905000394792,96,9.255370081451275e-08,9.79724369687407e-08
105,275,338,32448,0.45,0.5625,0.0,0,0,0,0,0,0,2.6372188635037164,0.950751699288791,1.0,0.950751699288791,1.0,0,0.0,0,0.0,0.0,96,0,1,5,0.02775769997970201,0.28914270812189596,0.7432572999750846,7.742263541407131,0.7385791999840876,0.0,1.7315419999868027,18.03689583319586,0.11073989999567857,2.5025569999415893,96,9.628457781941935e-08,9.351526386591758e-08
105,276,339,32544,0.45,0.5625,0.0,0,0,0,0,0,0,2.6282099979979177,0.9516568826462577,1.0,0.9516568826462577,1.0,0,0.0,0,0.0,0.0,96,0,0,0,0.02685470004507806,0.2797364588028965,0.7425514000278781,7.734910416957064,0.7379813000370632,0.0,1.725410900056886,17.973030208925895,0.11259059995791176,2.494817000129842,96,9.639076601133945e-08,9.867925740425498e-08
105,277,340,32640,0.45,0.5625,0.0,0,0,0,0,0,0,2.4081423569030527,0.9507047639980541,1.0014741600055561,0.9507047639980541,1.0014741600055561,0,0.0,0,0.0,0.0,96,0,4,7,0.023205899982713163,0.24172812481992878,0.5644716000315384,5.879912500328525,0.5608695999762858,0.0,1.3507037000599666,14.069830208957987,0.08798349997960031,1.9383812000742182,96,8.856744738647282e-08,9.80714559561946e-08
105,278,343,32928,0.45,0.5625,0.0,0,0,0,0,0,0,1.525520802310745,0.9589530963943544,1.0,0.9589530963943544,1.0,0,0.0,0,0.0,0.0,96,0,0,0,0.024869699991540983,0.25905937491188524,0.602173099956417,6.272636457879344,0.5984014000277966,0.0,1.3813910000462784,14.389489583815399,0.08596839994424954,2.0084337999942363,96,9.882671756465677e-08,9.316691300387259e-08
105,279,344,33024,0.45,0.5625,0.0,0,0,0,0,0,0,2.5845878639362554,0.9513898438506387,1.0,0.9513898438506387,1.0,0,0.0,0,0.0,0.0,96,0,0,2,0.030679899973620195,0.31958229139187705,0.7150222000054782,7.448147916723731,0.710304799998994,0.0,1.660364299932553,17.29546145763076,0.1053284000226995,2.4060663999116514,96,8.918898444440493e-08,9.997610322942663e-08
105,280,345,33120,0.45,0.5625,0.0,0,0,0,0,0,0,2.6433829874664765,0.9511265056783864,1.0,0.9511265056783864,1.0,0,0.0,0,0.0,0.0,96,0,0,4,0.03091689998836955,0.32205104154551617,0.694838700008404,7.237903125087541,0.6903613000467885,0.0,1.6451083999563707,17.136545832878863,0.10400010005105287,2.3708639999531442,96,8.741965855200984e-08,9.968031622342721e-08
105,281,346,33216,0.45,0.5625,0.0,0,0,0,0,0,0,2.5006138017666655,0.9505000528640174,1.0007988199266211,0.9501206979528856,1.0007988199266211,5,0.052083333333333336,0,0.000255893148123028,0.009182702426815069,121,5,7,11,0.026423900009831414,0.2752489584357439,0.8305576000057044,8.651641666726087,0.8226031999947736,0.002706399987800978,1.441073299945856,15.011180207769334,0.08990620003896765,2.298054799961392,96,9.904959572155925e-08,9.55553594583769e-08
105,282,347,33312,0.45,0.5625,0.0,0,0,0,0,0,0,2.581996245826191,0.9506742478003588,1.0,0.9506742478003588,1.0,0,0.0,0,0.0,0.0,96,0,4,5,0.02627650004433235,0.273713542128462,0.6267670000524959,6.528822917213499,0.6227979999966919,0.0,1.4358823999282322,14.957108332585753,0.09176480004680343,2.0889259000250604,96,9.181030715191274e-08,9.910588058548164e-08
105,283,348,33408,0.45,0.5625,0.0,0,0,0,0,0,0,2.270217650475532,0.9535966372433052,1.0,0.9535966372433052,1.0,0,0.0,0,0.0,0.0,96,0,0,0,0.02519510001729941,0.2624489585135355,0.6108785999385873,6.3633187493602845,0.6068855000121403,0.0,1.4415762999778963,15.01641979143642,0.09276069999032188,2.077649999933783,96,9.8672486058618e-08,8.964435152525319e-08
105,284,349,33504,0.45,0.5625,0.0,0,0,0,0,0,0,1.6677454550891442,0.9581463664911505,1.0,0.9581463664911505,1.0,0,0.0,0,0.0,0.0,96,0,0,0,0.024393900042923633,0.25410312544712116,0.5902354999925592,6.148286458255825,0.5865135999629274,0.0,1.400165199956973,14.58505416621847,0.09120140002050903,2.014794599992456,96,9.741054201109489e-08,9.815829593584624e-08
105,285,351,33696,0.45,0.5625,0.0,0,0,0,0,0,0,2.354838924550309,0.9531109386107888,1.0,0.9531109386107888,1.0,0,0.0,0,0.0,0.0,96,0,0,0,0.02548969999770634,0.26551770830944105,0.6151400999660837,6.407709374646704,0.6112281000096118,0.0,1.428386400002637,14.879025000027468,0.09300600000278791,2.069016199966427,96,9.481674237421522e-08,9.876830492361321e-08
105,286,352,33792,0.45,0.5625,0.0,0,0,0,0,0,0,2.4006111832797807,0.9534245001162491,1.0,0.9534245001162491,1.0,0,0.0,0,0.0,0.0,96,0,0,0,0.023705999963567592,0.24693749962049577,0.5593332999924314,5.826388541587828,0.5558074999935343,0.0,1.2913014999503503,13.451057291149482,0.08204040004056878,1.8743407999063493,96,8.905296097760917e-08,9.51179074393238e-08
105,287,353,33888,0.45,0.5625,0.0,0,0,0,0,0,0,2.2743351851985034,0.9542294939579401,1.0,0.9542294939579401,1.0,0,0.0,0,0.0,0.0,96,0,0,0,0.026620300021022558,0.27729479188565165,0.6929682999907527,7.218419791570341,0.6886432000173954,0.0,1.5868670999479946,16.529865624458278,0.10231260002183262,2.30645569995977,96,9.618103704103764e-08,8.576174159724559e-08
105,288,354,33984,0.45,0.5625,0.0,0,0,0,0,0,0,2.172501853942939,0.9550883422914683,1.0,0.9550883422914683,1.0,0,0.0,0,0.0,0.0,96,0,0,0,0.024879900003725197,0.25916562503880414,0.6419842000541394,6.687335417230618,0.6379917000522255,0.0,1.5294748999876902,15.932030208205106,0.10065760000725277,2.1963390000455547,96,9.595301818723923e-08,8.83069636858913e-08
105,289,355,34080,0.45,0.5625,0.0,0,0,0,0,0,0,1.8309526102420473,0.9574139094431874,1.0,0.9574139094431874,1.0,0,0.0,0,0.0,0.0,96,0,0,0,0.026136300024518277,0.27225312525539874,0.6777326999799698,7.059715624791352,0.6735927999616251,0.0,1.5671706000066479,16.324693750069247,0.10183009999309434,2.271039600011136,96,9.564024595724863e-08,8.572130102968423e-08
105,290,356,34176,0.45,0.5625,0.0,0,0,0,0,0,0,1.3883575851319452,0.9599668090900068,1.0,0.9599668090900068,1.0,0,0.0,0,0.0,0.0,96,0,0,0,0.02690770001936471,0.2802885418683824,0.6979261000233237,7.270063541909622,0.6936149000175647,0.0,1.6150777999791899,16.823727083116562,0.10624179997830652,2.3399116000218783,96,9.686373853186325e-08,8.645970758780486e-08
105,291,357,34272,0.45,0.5625,0.0,0,0,0,0,0,0,1.077587824777001,0.9636251831592997,1.0,0.9636251831592997,1.0,0,0.0,0,0.0,0.0,96,0,0,0,0.026265600026817992,0.2736000002793541,0.690081500019005,7.188348958531303,0.685830700022052,0.0,1.5838783000872354,16.49873229257537,0.10326779998285929,2.3002254001330584,96,5.24115890618293e-08,5.488523233121434e-08
105,292,358,34368,0.45,0.5625,0.0,0,0,0,0,0,0,1.0062515896243427,0.964638833626789,1.0,0.964638833626789,1.0,0,0.0,0,0.0,0.0,96,0,0,0,0.02736169997660909,0.285017708089678,0.7442802999939886,7.7529197916040475,0.7397469999559689,0.0,1.7062582000362454,17.77352291704422,0.10931160002655815,2.477900200006843,96,3.8506011088013103e-08,4.294852938568905e-08
105,293,359,34464,0.45,0.5625,0.0,0,0,0,0,0,0,1.0167820634050384,0.9639669263379984,1.0016911245401041,0.9639669263379984,1.0016911245401041,0,0.0,0,0.0,0.0,96,0,0,0,0.02665460001298925,0.277652083468638,0.6950610000421875,7.240218750439453,0.6908664000511635,0.0,1.6177953999867896,16.85203541652906,0.10413119998702314,2.3395110000419663,96,4.734823128189902e-08,5.059795367412523e-08
105,294,360,34560,0.45,0.5625,0.0,0,0,0,0,0,0,1.3893357230320964,0.9595328444454141,1.0,0.9595328444454141,1.0,0,0.0,0,0.0,0.0,96,0,0,0,0.02499020003597252,0.2603145837080471,0.6482251999841537,6.752345833168268,0.6441905999890878,0.0,1.4875903000065591,15.49573229173499,0.09452299998520175,2.1608057000266854,96,9.859987698708494e-08,8.953782319742754e-08
105,295,361,34656,0.45,0.5625,0.0,0,0,0,0,0,0,1.4791481032162306,0.9592770964887103,1.0,0.9592770964887103,1.0,0,0.0,0,0.0,0.0,96,0,0,0,0.02609940002002986,0.27186875020864437,0.7043760999586084,7.337251041235504,0.7001274000067497,0.0,1.6331948000079137,17.012445833415768,0.10491219998948509,2.363670299986552,96,9.833511865897648e-08,9.615150994846111e-08
105,296,362,34752,0.45,0.5625,0.0,0,0,0,0,0,0,1.382003520574618,0.9589683302904274,1.0014505810167056,0.9589683302904274,1.0014505810167056,0,0.0,0,0.0,0.0,96,0,0,0,0.027031599995098077,0.28157916661560495,0.7114584000009927,7.411025000010341,0.7070904000138398,0.0,1.6635229000166873,17.328363541840492,0.10737539998081047,2.402012900012778,96,9.583730217407882e-08,8.6644288757598e-08
105,297,363,34848,0.45,0.5625,0.0,0,0,0,0,0,0,1.259462611117731,0.9614527961272984,1.0,0.9614527961272984,1.0,0,0.0,0,0.0,0.0,96,0,0,0,0.029224100027931854,0.30441770862429013,0.7789498999991338,8.11406145832431,0.7741252000050736,0.0,1.7964632000293932,18.713158333639512,0.11409750000166241,2.604637200056459,96,9.72554858955782e-08,8.753588166821036e-08
105,298,364,34944,0.45,0.5625,0.0,0,0,0,0,0,0,1.0000418435613647,0.9629596058560229,1.0,0.9629596058560229,1.0,0,0.0,0,0.0,0.0,96,0,0,0,0.029959300052723847,0.31207604221587343,0.788562300040212,8.214190625418874,0.7836731000134023,0.0,1.837582200016186,19.141481250168606,0.11870400001498638,2.656103800109122,96,6.636952670606433e-08,6.556807159718847e-08
