candidate_id,scenario_index,day_index,t0,pv_s_scale,svc_q_scale,cap_total_mvar,risk,under_risk,over_risk,under_steps,over_steps,pf_fail,daily_loss_mwh,vmin,vmax,raw_vmin,raw_vmax,intervention_steps,intervention_rate,projection_failures,mean_correction_norm,max_correction_norm,power_flow_previews,projection_iterations,steps_within_0_001_of_reporting_limit,steps_within_0_001_of_projection_guard,actor_total_seconds,actor_mean_ms,projection_total_seconds,projection_mean_ms,preview_total_seconds,optimiser_total_seconds,execution_total_seconds,execution_mean_ms,balance_audit_total_seconds,online_path_total_seconds,completed_steps,max_p_balance_residual_mw,max_q_balance_residual_mvar
105,0,2,192,0.45,0.5625,0.0,0,0,0,0,0,0,3.332130798012691,0.9611409758209175,1.002469643855581,0.9611409758209175,1.002469643855581,0,0.0,0,0.0,0.0,96,0,0,0,0.020676000058301724,0.21537500060730963,0.5234397999884095,5.452497916545933,0.5204001999809407,0.0,1.2162113999947906,12.668868749945736,0.0784824000147637,1.7603272000415018,96,9.928786817020585e-08,8.997603065385995e-08
105,1,3,288,0.45,0.5625,0.0,0,0,0,0,0,0,3.4341967289740944,0.9610157606822693,1.004694366766474,0.9610157606822693,1.004694366766474,0,0.0,0,0.0,0.0,96,0,0,0,0.019161900017934386,0.19960312518681653,0.4558772999953362,4.748721874951419,0.4530782999790972,0.0,1.0686259999856702,11.131520833184064,0.0695807999727549,1.5436651999989408,96,9.156113217438644e-08,8.82001112423314e-08
105,2,4,384,0.45,0.5625,0.0,0,0,0,0,0,0,3.1655851496284555,0.9613114443863208,1.0044293787650815,0.9613114443863208,1.0044293787650815,0,0.0,0,0.0,0.0,96,0,0,0,0.020791899965843186,0.2165822913108665,0.5124647000338882,5.338173958686336,0.509312600006524,0.0,1.1705233000175213,12.192951041849179,0.07240790002106223,1.7037799000172527,96,9.655920514550775e-08,9.616954274593859e-08
105,3,5,480,0.45,0.5625,0.0,0,0,0,0,0,0,2.57334400104631,0.9617621000964887,1.0034585366377202,0.9617621000964887,1.0034585366377202,0,0.0,0,0.0,0.0,96,0,0,0,0.021430200038594194,0.22323125040202285,0.5757337000322877,5.997226042002997,0.5722623000401654,0.0,1.3374672999998438,13.93195104166504,0.08481410001695622,1.9346312000707258,96,9.851365735322193e-08,9.563608072138408e-08
105,4,6,576,0.45,0.5625,0.0,0,0,0,0,0,0,2.292708399881523,0.9620648478321416,1.0,0.9620648478321416,1.0,0,0.0,0,0.0,0.0,96,0,0,0,0.01964320003753528,0.20461666705765916,0.5061350999822025,5.27224062481461,0.5031546000245726,0.0,1.16475670003274,12.132882292007707,0.07647119998728158,1.6905350000524777,96,5.99459211263198e-08,9.429310901531984e-08
105,5,7,672,0.45,0.5625,0.0,0,0,0,0,0,0,1.7745785255996966,0.9626014435278908,1.0,0.9626014435278908,1.0,0,0.0,0,0.0,0.0,96,0,0,0,0.021008300012908876,0.21883645846780078,0.5322846000344725,5.544631250359089,0.529163500003051,0.0,1.2446059999929275,12.964645833259661,0.08203649998904439,1.797898900040309,96,4.307905257343314e-08,8.966987180558661e-08
105,6,8,768,0.45,0.5625,0.0,0,0,0,0,0,0,3.6237506843210174,0.9606252025262523,1.003088532153557,0.9606252025262523,1.003088532153557,0,0.0,0,0.0,0.0,96,0,0,0,0.021732400040491484,0.22637916708845296,0.6127081999948132,6.382377083279304,0.6092028999773902,0.0,1.4321846999810077,14.918590624802164,0.09199260007153498,2.0666253000163124,96,9.175380358272811e-08,9.101172163128446e-08
105,7,10,960,0.45,0.5625,0.0,0,0,0,0,0,0,4.059900248576089,0.9603757489353886,1.0043282225727588,0.9603757489353886,1.0043282225727588,0,0.0,0,0.0,0.0,96,0,0,0,0.019000600019353442,0.19792291686826502,0.46772890001011547,4.872176041772036,0.4648359000275377,0.0,1.0757423000177369,11.205648958518092,0.06859449997136835,1.5624718000472058,96,9.022257666663203e-08,8.867789516586733e-08
105,8,11,1056,0.45,0.5625,0.0,0,0,0,0,0,0,3.674495117042358,0.9604093968839568,1.0066498826336605,0.9604093968839568,1.0066498826336605,0,0.0,0,0.0,0.0,96,0,0,0,0.020768299997143913,0.21633645830358242,0.522688000004564,5.444666666714208,0.5195081000565551,0.0,1.2274965999895358,12.786422916557663,0.0803332999930717,1.7709528999912436,96,9.158405499254396e-08,8.031132675556663e-08
105,9,12,1152,0.45,0.5625,0.0,0,0,0,0,0,0,3.7198077966085683,0.9603802542660421,1.0054416890189024,0.9603802542660421,1.0054416890189024,0,0.0,0,0.0,0.0,96,0,0,0,0.020149499956460204,0.20989062454646046,0.5222668999340385,5.440280207646235,0.519122200064885,0.0,1.1910526999708964,12.406798958030171,0.07767760002752766,1.733469099861395,96,9.655788391939313e-08,8.604786494448291e-08
105,10,13,1248,0.45,0.5625,0.0,0,0,0,0,0,0,2.1781546062092954,0.9621980970290891,1.0,0.9621980970290891,1.0,0,0.0,0,0.0,0.0,96,0,0,0,0.01991619995533256,0.2074604162013808,0.5038052000090829,5.247970833427947,0.5006900999651407,0.0,1.167673499941884,12.163265624394626,0.07625300003564917,1.6913948999062995,96,4.53702306713738e-08,9.855925908741625e-08
105,11,14,1344,0.45,0.5625,0.0,0,0,0,0,0,0,1.7814221340121164,0.9622121653666812,1.0,0.9622121653666812,1.0,0,0.0,0,0.0,0.0,96,0,0,0,0.020910499937599525,0.2178177076833284,0.5313751999565284,5.535158332880504,0.5281623999544536,0.0,1.2509014000243042,13.030222916919834,0.08230430004186928,1.803187099918432,96,4.574576420793286e-08,9.653803936804373e-08
105,12,16,1536,0.45,0.5625,0.0,0,0,0,0,0,0,3.7744773755374412,0.9604592916295084,1.0074661824531947,0.9604592916295084,1.0074661824531947,0,0.0,0,0.0,0.0,96,0,0,0,0.02058369998121634,0.21441354147100355,0.5267988999694353,5.487488541348284,0.5235849000237067,0.0,1.219617799972184,12.704352083043583,0.08057570000528358,1.7670003999228356,96,9.911763522787997e-08,7.263247545075124e-08
105,13,17,1632,0.45,0.5625,0.0,0,0,0,0,0,0,3.7999451702567155,0.9603177369227758,1.0074427769711432,0.9603177369227758,1.0074427769711432,0,0.0,0,0.0,0.0,96,0,0,0,0.019833300000755116,0.2065968750078658,0.4776566000218736,4.975589583561184,0.4747356999941985,0.0,1.111043199984124,11.573366666501292,0.071869199979119,1.6085331000067526,96,9.928132732595074e-08,7.661364265221238e-08
105,14,18,1728,0.45,0.5625,0.0,0,0,0,0,0,0,3.6373621726055214,0.9602487762115832,1.0108496133552525,0.9602487762115832,1.0108496133552525,0,0.0,0,0.0,0.0,96,0,0,0,0.020847300002060365,0.21715937502146213,0.5450041000513011,5.677126042201053,0.541737399995327,0.0,1.2691778999651433,13.22060312463691,0.0823227999790106,1.8350293000185047,96,9.859068390676018e-08,8.9854754331542e-08
105,15,19,1824,0.45,0.5625,0.0,0,0,0,0,0,0,3.3789867424477684,0.9605569007190948,1.0104181263114296,0.9605569007190948,1.0104181263114296,0,0.0,0,0.0,0.0,96,0,0,0,0.019646300017484464,0.20464895851546316,0.49776340004609665,5.18503541714684,0.4946791000038502,0.0,1.1605257000628626,12.088809375654819,0.07581159994879272,1.6779354001264437,96,8.835199873796773e-08,8.295538297953264e-08
105,16,20,1920,0.45,0.5625,0.0,0,0,0,0,0,0,2.0172766464986474,0.9616148652089722,1.0033597026803138,0.9616148652089722,1.0033597026803138,0,0.0,0,0.0,0.0,96,0,0,0,0.02103069999429863,0.21906979160727738,0.5401075999761815,5.626120833085224,0.5368520000047283,0.0,1.2759376000394695,13.291016667077807,0.08073509998212103,1.8370759000099497,96,4.8266014960815506e-08,9.684101659468425e-08
105,17,21,2016,0.45,0.5625,0.0,0,0,0,0,0,0,1.7133039871097668,0.9619644981473685,1.0041155898721574,0.9619644981473685,1.0041155898721574,0,0.0,0,0.0,0.0,96,0,0,0,0.019939899968449026,0.2077072913380107,0.5245954999991227,5.464536458324194,0.5215059999827645,0.0,1.2707643000030657,13.237128125031935,0.08173260001058225,1.8152996999706374,96,9.567464782228585e-08,9.685996157915433e-08
105,18,22,2112,0.45,0.5625,0.0,0,0,0,0,0,0,3.701413611876591,0.9599230885633856,1.0094764922032653,0.9599230885633856,1.0094764922032653,0,0.0,0,0.0,0.0,96,0,0,0,0.018907200006651692,0.19695000006928845,0.4703770000269287,4.899760416947174,0.467458400016767,0.0,1.0723685000339174,11.17050520868664,0.0690809999796329,1.5616527000674978,96,9.714116303016773e-08,9.598437419877648e-08
105,19,23,2208,0.45,0.5625,0.0,0,0,0,0,0,0,4.037261707200642,0.9601965344686506,1.0047866048631622,0.9601965344686506,1.0047866048631622,0,0.0,0,0.0,0.0,96,0,0,0,0.0202500999221229,0.21093854085544686,0.48002029999770457,5.000211458309423,0.4770571000117343,0.0,1.1032878999976674,11.49258229164237,0.06836330002988689,1.6035582999174949,96,9.791160176034208e-08,9.54647581818957e-08
105,20,24,2304,0.45,0.5625,0.0,0,0,0,0,0,0,3.905754754298672,0.9603556039569255,1.006199477433769,0.9603556039569255,1.006199477433769,0,0.0,0,0.0,0.0,96,0,0,0,0.01964379999844823,0.2046229166505024,0.48153989995626034,5.016040624544378,0.4786266999944928,0.0,1.122651399942697,11.69428541606976,0.0730413999845041,1.6238350998974056,96,9.723690295657117e-08,8.185741307009664e-08
105,21,25,2400,0.45,0.5625,0.0,0,0,0,0,0,0,3.459880138681982,0.9602293759141949,1.0141315658359527,0.9602293759141949,1.0141315658359527,0,0.0,0,0.0,0.0,96,0,0,0,0.019917599944164976,0.20747499941838518,0.5093481999574578,5.305710416223519,0.5062845000138623,0.0,1.1950961000839015,12.448917709207308,0.07565030000114348,1.7243618999855244,96,8.643811125197409e-08,8.079165517149711e-08
105,22,26,2496,0.45,0.5625,0.0,0,0,0,0,0,0,3.2076784802869183,0.9601273064463146,1.0160121866117888,0.9601273064463146,1.0160121866117888,0,0.0,0,0.0,0.0,96,0,0,0,0.01889869996375637,0.19686145795579554,0.46566499994514743,4.850677082761952,0.46279609997873195,0.0,1.082478899981652,11.275821874808875,0.06963679998443695,1.5670425998905557,96,9.570436181396969e-08,9.98348385905512e-08
105,23,27,2592,0.45,0.5625,0.0,0,0,0,0,0,0,1.9354328423732146,0.9614224386922579,1.006177621199338,0.9614224386922579,1.006177621199338,0,0.0,0,0.0,0.0,96,0,0,0,0.019905199987988453,0.20734583320821307,0.5086439999795402,5.298374999786877,0.5054726000162191,0.0,1.187412899955234,12.368884374533687,0.07774970003083581,1.7159620999227627,96,9.820195986248725e-08,9.434255515694545e-08
105,24,28,2688,0.45,0.5625,0.0,0,0,0,0,0,0,1.6359872340674413,0.9620283918413578,1.0043107201444812,0.9620283918413578,1.0043107201444812,0,0.0,0,0.0,0.0,96,0,0,0,0.018747100002656225,0.19528229169433567,0.4643200999707915,4.836667708029078,0.46149899999727495,0.0,1.0702469999960158,11.148406249958498,0.06937859995377949,1.5533141999694635,96,9.192938060093025e-08,9.780877274767619e-08
105,25,29,2784,0.45,0.5625,0.0,0,0,0,0,0,0,3.6555801081945556,0.960191377516964,1.0059102453739925,0.960191377516964,1.0059102453739925,0,0.0,0,0.0,0.0,96,0,0,0,0.018352000013692304,0.19116666680929484,0.4697207999997772,4.892924999997679,0.46693030002643354,0.0,1.1065855999841006,11.526933333167714,0.07160469998052577,1.59465839999757,96,8.629443938937276e-08,9.847728965617364e-08
105,26,30,2880,0.45,0.5625,0.0,0,0,0,0,0,0,3.6693086281343223,0.9605322492106216,1.004466092529275,0.9605322492106216,1.004466092529275,0,0.0,0,0.0,0.0,96,0,0,0,0.0210722000192618,0.21950208353397707,0.5886919000404305,6.132207292087817,0.5853044999676058,0.0,1.3766577000569669,14.340184375593404,0.0890694999761763,1.9864218001166591,96,9.900154805328465e-08,9.806007755797097e-08
105,27,31,2976,0.45,0.5625,0.0,0,0,0,0,0,0,3.5756530499612444,0.9605205641230563,1.007056377829874,0.9605205641230563,1.007056377829874,0,0.0,0,0.0,0.0,96,0,0,0,0.019429599975410383,0.20239166641052483,0.4997304000353324,5.205525000368046,0.49676689996704226,0.0,1.1537982000591,12.018731250615625,0.0746387999606668,1.6729582000698429,96,9.55624705235858e-08,9.690913974069737e-08
105,28,32,3072,0.45,0.5625,0.0,0,0,0,0,0,0,3.3292640088744627,0.9604307871764404,1.0117530572041975,0.9604307871764404,1.0117530572041975,0,0.0,0,0.0,0.0,96,0,0,0,0.020634000014979392,0.21493750015603533,0.5053420000112965,5.263979166784338,0.5023181000142358,0.0,1.160695300080988,12.090576042510293,0.07344439999724273,1.686671300107264,96,9.103055800471771e-08,7.61575266738923e-08
105,29,33,3168,0.45,0.5625,0.0,0,0,0,0,0,0,3.2128262729071646,0.9604940500095739,1.0064499496244157,0.9604940500095739,1.0064499496244157,0,0.0,0,0.0,0.0,96,0,0,0,0.021333600008802023,0.22222500009168775,0.5149028000014368,5.363570833348301,0.5117311999711092,0.0,1.1660814999631839,12.146682291283165,0.0758132000482874,1.7023178999734228,96,9.159674954281605e-08,8.57218405980742e-08
105,30,34,3264,0.45,0.5625,0.0,0,0,0,0,0,0,1.7939131466980964,0.9618026335682169,1.003606786043352,0.9618026335682169,1.003606786043352,0,0.0,0,0.0,0.0,96,0,0,0,0.021688700013328344,0.22592395847217026,0.5100419999143924,5.312937499108254,0.5068197000000509,0.0,1.206801699991047,12.570851041573405,0.07662030001665698,1.7385323999187676,96,4.4709717117799586e-08,9.528108690926018e-08
105,31,35,3360,0.45,0.5625,0.0,0,0,0,0,0,0,1.4676000411607921,0.962547679975396,1.0029443435143401,0.962547679975396,1.0029443435143401,0,0.0,0,0.0,0.0,96,0,0,0,0.02012019997346215,0.20958541639023073,0.48609299997769995,5.063468749767708,0.48310779999155784,0.0,1.1575384999523521,12.057692707837,0.0765166000201134,1.6637516999035142,96,9.290846592069357e-08,9.938650805119131e-08
105,32,36,3456,0.45,0.5625,0.0,0,0,0,0,0,0,3.247320475555329,0.9604491954178569,1.0069774840385843,0.9604491954178569,1.0069774840385843,0,0.0,0,0.0,0.0,96,0,0,0,0.020086899945454206,0.2092385410984813,0.49657859995932085,5.172693749576259,0.4935861999329063,0.0,1.1408298999958788,11.883644791623738,0.07373670001106802,1.6574953999006539,96,9.697255606150312e-08,9.19152895462183e-08
105,33,37,3552,0.45,0.5625,0.0,0,0,0,0,0,0,3.5333435697139044,0.9604659986999049,1.0083606465465087,0.9604659986999049,1.0083606465465087,0,0.0,0,0.0,0.0,96,0,0,0,0.020148500057985075,0.20988020893734452,0.4913682000260451,5.118418750271303,0.48838850003812695,0.0,1.1297305000116467,11.768026041787985,0.07396290000178851,1.6412472000956768,96,9.6326029531274e-08,8.687060945589131e-08
105,34,40,3840,0.45,0.5625,0.0,0,0,0,0,0,0,3.4559522245927,0.9603625376346846,1.0087811658484078,0.9603625376346846,1.0087811658484078,0,0.0,0,0.0,0.0,96,0,0,0,0.019963200080383103,0.20795000083732398,0.4711537000403041,4.907851042086501,0.46822620003513293,0.0,1.0830203999503283,11.281462499482586,0.0684655999939423,1.5741373000710155,96,9.721862575390317e-08,9.255706603927827e-08
105,35,42,4032,0.45,0.5625,0.0,0,0,0,0,0,0,1.6448166421211834,0.9620026720289893,1.0022986791167594,0.9620026720289893,1.0022986791167594,0,0.0,0,0.0,0.0,96,0,0,0,0.019374099996639416,0.20181354163166057,0.46276220000436297,4.820439583378781,0.45975089997955365,0.0,1.0523033000645228,10.961492709005446,0.06649589999142336,1.5344396000655252,96,9.406126294519979e-08,9.430136782562215e-08
105,36,43,4128,0.45,0.5625,0.0,0,0,0,0,0,0,3.0176624912640015,0.9602145122531894,1.0177521080377878,0.9602145122531894,1.0177521080377878,0,0.0,0,0.0,0.0,96,0,0,0,0.020069699974555988,0.2090593747349582,0.4941358000141918,5.147247916814497,0.49114839998219395,0.0,1.1577501000647317,12.059896875674289,0.0740771999626304,1.6719556000534794,96,9.730833042988218e-08,9.924930266524967e-08
105,37,44,4224,0.45,0.5625,0.0,0,0,0,0,0,0,2.825169634617366,0.9605662018868315,1.0184918240135803,0.9605662018868315,1.0184918240135803,0,0.0,0,0.0,0.0,96,0,0,0,0.018918599969765637,0.19706874968505872,0.4322559000138426,4.502665625144194,0.4295896999828983,0.0,0.9963162001004093,10.37829375104593,0.06473489995551063,1.4474907000840176,96,9.291815858403218e-08,8.660393915893572e-08
105,38,45,4320,0.45,0.5625,0.0,0,0,0,0,0,0,2.701851083106188,0.9605450046584211,1.0173569076303024,0.9605450046584211,1.0173569076303024,0,0.0,0,0.0,0.0,96,0,0,0,0.019820300025457982,0.20646145859852064,0.47829779997846344,4.982268749775661,0.47529470000154106,0.0,1.1228068999771494,11.695905208095306,0.07172320003155619,1.6209249999810709,96,9.199879111992937e-08,7.860592621256046e-08
105,39,46,4416,0.45,0.5625,0.0,0,0,0,0,0,0,2.795403500323788,0.9604483219120183,1.0156648998296331,0.9604483219120183,1.0156648998296331,0,0.0,0,0.0,0.0,96,0,0,0,0.01966539996647043,0.20484791631740032,0.46893109996744897,4.88469895799426,0.46596439999120776,0.0,1.080981500010239,11.260223958439989,0.06871139993018005,1.5695779999441584,96,9.603271569451344e-08,7.97850202571837e-08
105,40,47,4512,0.45,0.5625,0.0,0,0,0,0,0,0,3.177388670540635,0.9604942099971379,1.0074566407922403,0.9604942099971379,1.0074566407922403,0,0.0,0,0.0,0.0,96,0,0,0,0.020559200027491897,0.21415833361970726,0.48122379997948883,5.012747916453009,0.4782221999776084,0.0,1.1092485000335728,11.554671875349717,0.0721883999867714,1.6110315000405535,96,9.54312913154648e-08,9.823435509481726e-08
105,41,48,4608,0.45,0.5625,0.0,0,0,0,0,0,0,1.7968510491863086,0.9620373392339275,1.0016105102322699,0.9620373392339275,1.0016105102322699,0,0.0,0,0.0,0.0,96,0,0,0,0.019739000010304153,0.20561458344066827,0.4550172999879578,4.739763541541227,0.4522282999896561,0.0,1.0532026999790105,10.970861458114692,0.06779790002474329,1.5279589999772725,96,4.070344680230653e-08,8.573988283244738e-08
105,42,50,4800,0.45,0.5625,0.0,0,0,0,0,0,0,3.373354574827383,0.960736246864495,1.008535630729254,0.960736246864495,1.008535630729254,0,0.0,0,0.0,0.0,96,0,0,0,0.020048400067025796,0.20883750069818538,0.47716270005184924,4.970444792206763,0.474265100005141,0.0,1.0977218000189168,11.434602083530384,0.0711639000219293,1.5949329001377919,96,9.897726031132814e-08,9.862415203953923e-08
105,43,52,4992,0.45,0.5625,0.0,0,0,0,0,0,0,3.597241487498315,0.9602951845365862,1.0066774702833834,0.9602951845365862,1.0066774702833834,0,0.0,0,0.0,0.0,96,0,0,0,0.020247900029062293,0.21091562530273222,0.49141709999821614,5.1189281249814185,0.4883090999646811,0.0,1.1602053999522468,12.085472916169238,0.0746242999957758,1.6718703999795252,96,9.380695610052003e-08,7.058880313604021e-08
105,44,53,5088,0.45,0.5625,0.0,0,0,0,0,0,0,3.159222502911487,0.960922502054747,1.0112309179388121,0.960922502054747,1.0112309179388121,0,0.0,0,0.0,0.0,96,0,0,0,0.019839300053718034,0.20665937555956285,0.453682600040338,4.725860417086854,0.45088839998061303,0.0,1.0561119000049075,11.00116562505112,0.0683441000073799,1.5296338000989635,96,9.932580676344505e-08,8.914774543566928e-08
105,45,54,5184,0.45,0.5625,0.0,0,0,0,0,0,0,2.6734386855486507,0.9609198319869328,1.0128612495789961,0.9609198319869328,1.0128612495789961,0,0.0,0,0.0,0.0,96,0,0,0,0.021203299991611857,0.22086770824595683,0.5044274000320002,5.254452083666668,0.5010687000249163,0.0,1.1644981000135886,12.130188541808215,0.07664649999787798,1.6901288000372006,96,9.890309899188154e-08,9.817010329649101e-08
105,46,55,5280,0.45,0.5625,0.0,0,0,0,0,0,0,1.5570541433137504,0.9620452864888206,1.013087291592327,0.9620452864888206,1.013087291592327,0,0.0,0,0.0,0.0,96,0,0,0,0.02163479996670503,0.22536249965317742,0.5269103000100586,5.48864895843811,0.5235744000092382,0.0,1.2151726999945822,12.658048958276899,0.07693130003463011,1.7637177999713458,96,9.620811668165086e-08,8.061900952371914e-08
105,47,58,5568,0.45,0.5625,0.0,0,0,0,0,0,0,2.9138842459632723,0.9612602284475099,1.0098086842226417,0.9612602284475099,1.0098086842226417,0,0.0,0,0.0,0.0,96,0,0,0,0.020647699981054757,0.21508020813598705,0.5028818000064348,5.238352083400362,0.49972300001536496,0.0,1.165417999967758,12.13977083299748,0.07601800001430092,1.6889474999552476,96,9.093391685477403e-08,9.118209576275405e-08
105,48,59,5664,0.45,0.5625,0.0,0,0,0,0,0,0,2.9339293679006975,0.9609155799269725,1.010484945732034,0.9609155799269725,1.010484945732034,0,0.0,0,0.0,0.0,96,0,0,0,0.02017789997626096,0.21018645808605166,0.4727189000186627,4.924155208527736,0.46975349997956073,0.0,1.086664499991457,11.31942187491101,0.07147630002145888,1.5795612999863806,96,9.91879771025661e-08,9.06782832155173e-08
105,49,61,5856,0.45,0.5625,0.0,0,0,0,0,0,0,2.3160318093296053,0.9612112800743785,1.0120881426453567,0.9612112800743785,1.0120881426453567,0,0.0,0,0.0,0.0,96,0,0,0,0.020745299952977803,0.21609687451018544,0.4933246999644325,5.138798957962838,0.4903353000190691,0.0,1.1156776000207174,11.621641666882473,0.07128249999368563,1.6297475999381277,96,9.740810226997743e-08,9.588200566845728e-08
105,50,62,5952,0.45,0.5625,0.0,0,0,0,0,0,0,1.390779579522641,0.9626430049939825,1.013294936526836,0.9626430049939825,1.013294936526836,0,0.0,0,0.0,0.0,96,0,0,0,0.019276799997896887,0.20079999997809259,0.4496109000247088,4.683446875257384,0.44672450000507524,0.0,1.0627799999929266,11.070624999926318,0.06925440001214156,1.5316677000155323,96,9.6925591892838e-08,9.538279527321336e-08
105,51,63,6048,0.45,0.5625,0.0,0,0,0,0,0,0,1.2922211761927174,0.9631356969846033,1.0071544744771852,0.9631356969846033,1.0071544744771852,0,0.0,0,0.0,0.0,96,0,0,0,0.021661900020262692,0.22564479187773637,0.5354607999906875,5.577716666569661,0.5320995999863953,0.0,1.2506612000361201,13.027720833709585,0.0823367999328184,1.8077839000470703,96,9.424398934865241e-08,7.886045053084878e-08
105,52,64,6144,0.45,0.5625,0.0,0,0,0,0,0,0,2.777604098776634,0.9612703657805797,1.0080848095810686,0.9612703657805797,1.0080848095810686,0,0.0,0,0.0,0.0,96,0,0,0,0.021467000035045203,0.22361458369838752,0.50764299997536,5.28794791641,0.5044717999844579,0.0,1.2029013999926974,12.530222916590597,0.07671330004086485,1.7320114000031026,96,9.635420800645222e-08,8.290140726674444e-08
105,53,65,6240,0.45,0.5625,0.0,0,0,0,0,0,0,3.0532931173435225,0.9608465020296446,1.0078172087338064,0.9608465020296446,1.0078172087338064,0,0.0,0,0.0,0.0,96,0,0,0,0.020781800027179997,0.21647708361645832,0.4933396999767865,5.138955208091526,0.4903079000287107,0.0,1.1471099000118556,11.94906145845683,0.07257239999307785,1.6612314000158221,96,9.407440333675243e-08,8.722671862582132e-08
105,54,66,6336,0.45,0.5625,0.0,0,0,0,0,0,0,3.072013857903345,0.9611683186472215,1.0103265931795886,0.9611683186472215,1.0103265931795886,0,0.0,0,0.0,0.0,96,0,0,0,0.02102590005233651,0.21901979221183865,0.5238298999829567,5.456561458155799,0.5205824999793549,0.0,1.1969718999607721,12.468457291258042,0.07775330003642011,1.7418276999960653,96,9.238600247665762e-08,7.902149226635125e-08
105,55,67,6432,0.45,0.5625,0.0,0,0,0,0,0,0,2.9755629132101644,0.961158442266361,1.00788911221875,0.961158442266361,1.00788911221875,0,0.0,0,0.0,0.0,96,0,0,0,0.020393800048623234,0.2124354171731587,0.5078627000111737,5.290236458449726,0.504739400021208,0.0,1.1958151999569964,12.45640833288538,0.07871910001267679,1.7240717000167933,96,9.763521223275784e-08,7.868845769420929e-08
105,56,68,6528,0.45,0.5625,0.0,0,0,0,0,0,0,2.27262653281059,0.9611446341940406,1.0129856267820765,0.9611446341940406,1.0129856267820765,0,0.0,0,0.0,0.0,96,0,0,0,0.0215391999881831,0.22436666654357396,0.478756299977249,4.987044791429677,0.47560809995775344,0.0,1.1397767000453314,11.872673958805535,0.07562339999276446,1.6400722000107635,96,9.707651851646737e-08,9.44387795742685e-08
105,57,69,6624,0.45,0.5625,0.0,0,0,0,0,0,0,1.4002159480656502,0.9623691297593995,1.0182567831425442,0.9623691297593995,1.0182567831425442,0,0.0,0,0.0,0.0,96,0,0,0,0.019546899995475542,0.2036135416195369,0.45481519996974384,4.737658333018165,0.45194430004630703,0.0,1.0660205000967835,11.104380209341494,0.06847839991678484,1.540382600062003,96,9.991741649340025e-08,8.884163779643295e-08
105,58,70,6720,0.45,0.5625,0.0,0,0,0,0,0,0,1.1882058209680284,0.963428094433398,1.0261230525076208,0.963428094433398,1.0261230525076208,0,0.0,0,0.0,0.0,96,0,0,0,0.020993900005123578,0.21868645838670395,0.4992562000261387,5.200585416938945,0.4961500000063097,0.0,1.1839141999589629,12.332439582905863,0.07675310002377955,1.7041642999902251,96,9.849832172115214e-08,8.650647934094202e-08
105,59,73,7008,0.45,0.5625,0.0,0,0,0,0,0,0,2.237682381094228,0.9612877291828305,1.0128653175033806,0.9612877291828305,1.0128653175033806,0,0.0,0,0.0,0.0,96,0,0,0,0.01860490001126891,0.19380104178405114,0.4583764000053634,4.774754166722535,0.4555643999847234,0.0,1.0639712999836775,11.083034374829973,0.06820340005651815,1.5409526000003098,96,9.609586301174977e-08,9.573460316159021e-08
105,60,74,7104,0.45,0.5625,0.0,0,0,0,0,0,0,2.0340089489175446,0.9612540556573766,1.0215360628768508,0.9612540556573766,1.0215360628768508,0,0.0,0,0.0,0.0,96,0,0,0,0.020987000018067192,0.21861458352153326,0.5356834999911371,5.580036458241011,0.5325010999440565,0.0,1.2568127000558889,13.09179895891551,0.0807889999487088,1.8134832000650931,96,9.668808940987983e-08,9.985374110899059e-08
105,61,75,7200,0.45,0.5625,0.0,0,0,0,0,0,0,2.1891933687858063,0.9620789545125604,1.0104459286249192,0.9620789545125604,1.0104459286249192,0,0.0,0,0.0,0.0,96,0,0,0,0.020354000022052787,0.21202083356304988,0.5023139000040828,5.2324364583758625,0.49926659995981026,0.0,1.1702622000520932,12.190231250542638,0.07587429994600825,1.6929301000782289,96,9.978437839029686e-08,9.809670395433123e-08
105,62,76,7296,0.45,0.5625,0.0,0,0,0,0,0,0,1.7255881187341835,0.9627924232187995,1.0019396512495418,0.9627924232187995,1.0019396512495418,0,0.0,0,0.0,0.0,96,0,0,0,0.019258699991041794,0.2006114582400187,0.47961049997684313,4.995942708092116,0.4765235999657307,0.0,1.094170100041083,11.397605208761282,0.07053429998632055,1.593039300008968,96,4.3975709011767616e-08,9.138168680089542e-08
105,63,77,7392,0.45,0.5625,0.0,0,0,0,0,0,0,1.5095813530368156,0.9624999414093698,1.001003003960506,0.9624999414093698,1.001003003960506,0,0.0,0,0.0,0.0,96,0,0,0,0.02200459997402504,0.22921458306276085,0.5450703000096837,5.677815625100872,0.5417572000296786,0.0,1.2832391999691026,13.367074999678152,0.08216640001774067,1.8503140999528114,96,9.472166263152504e-08,9.787776478198396e-08
105,64,78,7488,0.45,0.5625,0.0,0,0,0,0,0,0,2.6055751529375883,0.9614456127209486,1.0093630000975173,0.9614456127209486,1.0093630000975173,0,0.0,0,0.0,0.0,96,0,0,0,0.018727800037595443,0.1950812503916192,0.4378263999824412,4.560691666483763,0.4351183000326273,0.0,1.0499756000572233,10.93724583392941,0.06589309998526005,1.50652980007726,96,9.911452548451438e-08,8.857682351481877e-08
105,65,79,7584,0.45,0.5625,0.0,0,0,0,0,0,0,2.543097590982023,0.9616709503794627,1.0095594569757738,0.9616709503794627,1.0095594569757738,0,0.0,0,0.0,0.0,96,0,0,0,0.019675299983646255,0.20495104149631516,0.47060060001240345,4.902089583462536,0.467782099993201,0.0,1.088244600003236,11.335881250033708,0.07083530003001215,1.5785204999992857,96,9.713125435906189e-08,8.91030894900613e-08
105,66,80,7680,0.45,0.5625,0.0,0,0,0,0,0,0,2.4908340497795813,0.9615934271150294,1.0106950620625534,0.9615934271150294,1.0106950620625534,0,0.0,0,0.0,0.0,96,0,0,0,0.020529299988993444,0.21384687488534837,0.5143239999524667,5.357541666171528,0.5112331999771413,0.0,1.2179509999914444,12.686989583244213,0.08033849998901132,1.7528042999329045,96,9.764700745901189e-08,9.70034688685395e-08
105,67,81,7776,0.45,0.5625,0.0,0,0,0,0,0,0,2.3412789432077497,0.9614906276238215,1.01167200989297,0.9614906276238215,1.01167200989297,0,0.0,0,0.0,0.0,96,0,0,0,0.01970370003255084,0.20524687533907127,0.4983110000175657,5.190739583516309,0.4952072000087355,0.0,1.1574926000103005,12.057214583440631,0.07477450003352715,1.675507300060417,96,8.42586841617865e-08,9.68060062667142e-08
105,68,82,7872,0.45,0.5625,0.0,0,0,0,0,0,0,2.072942317171026,0.9616865733409484,1.0127758007619851,0.9616865733409484,1.0127758007619851,0,0.0,0,0.0,0.0,96,0,0,0,0.018525299994507805,0.19297187494278964,0.42794929997762665,4.457805208100278,0.42532329999812646,0.0,0.9823808000001009,10.233133333334385,0.06302739995589945,1.4288553999722353,96,9.750037929801003e-08,9.107252646467501e-08
105,69,83,7968,0.45,0.5625,0.0,0,0,0,0,0,0,1.2719931354968386,0.963343377881571,1.0293619746153444,0.963343377881571,1.0293619746153444,0,0.0,0,0.0,0.0,96,0,0,0,0.019656799981021322,0.20475833313563876,0.47741609997319756,4.973084374720808,0.47451730001193937,0.0,1.1054896000496228,11.51551666718357,0.07314540001971181,1.6025625000038417,96,9.76498995206021e-08,8.037979629116343e-08
105,70,84,8064,0.45,0.5625,0.0,0,0,0,0,0,0,1.084670442821987,0.9653551169969862,1.0348229709687087,0.9653551169969862,1.0348229709687087,0,0.0,0,0.0,0.0,96,0,0,0,0.020299500007240567,0.21145312507542258,0.5164184999739518,5.379359374728665,0.5132156999752624,0.0,1.1821982999681495,12.314565624668225,0.07554970002820482,1.718916299949342,96,9.182920382433402e-08,7.496147605423609e-08
105,71,85,8160,0.45,0.5625,0.0,0,0,0,0,0,0,1.843450570170687,0.9613921752456558,1.0286575063836414,0.9613921752456558,1.0286575063836414,0,0.0,0,0.0,0.0,96,0,0,0,0.021725700025854167,0.22630937526931424,0.5754065000000992,5.993817708334366,0.5720010000222828,0.0,1.3033674999896903,13.576744791559273,0.08353790002001915,1.9004997000156436,96,9.44588164630833e-08,9.503661288490228e-08
105,72,86,8256,0.45,0.5625,0.0,0,0,0,0,0,0,1.8801996955216809,0.9613101205749249,1.0271615310733417,0.9613101205749249,1.0271615310733417,0,0.0,0,0.0,0.0,96,0,0,0,0.02007059995958116,0.2090687495789704,0.4928499000670854,5.133853125698806,0.48983000000589527,0.0,1.158597500041651,12.0687239587672,0.07676509996235836,1.6715180000683176,96,9.55821555237435e-08,8.533987128078735e-08
105,73,87,8352,0.45,0.5625,0.0,0,0,0,0,0,0,2.0899159607106457,0.961199878675045,1.012949694171697,0.961199878675045,1.012949694171697,0,0.0,0,0.0,0.0,96,0,0,0,0.021342699947126675,0.22231979111590286,0.5371988000260899,5.595820833605103,0.5339552000514232,0.0,1.2216370000023744,12.7253854166914,0.07826260003639618,1.780178499975591,96,6.182978487707935e-08,9.762557914849701e-08
105,74,88,8448,0.45,0.5625,0.0,0,0,0,0,0,0,1.9302957507018041,0.9614384413701715,1.0163647532832945,0.9614384413701715,1.0163647532832945,0,0.0,0,0.0,0.0,96,0,0,0,0.019114299982902594,0.19910729148856868,0.4741577999884612,4.939143749879804,0.4712461999806692,0.0,1.0885096000201884,11.338641666876962,0.06859940000140341,1.5817816999915522,96,9.838730830047382e-08,8.766997308673474e-08
105,75,89,8544,0.45,0.5625,0.0,0,0,0,0,0,0,1.7507960510136598,0.961406494924364,1.023124403721105,0.961406494924364,1.023124403721105,0,0.0,0,0.0,0.0,96,0,0,0,0.02055799994559493,0.21414583276661384,0.5480038999885437,5.708373958213997,0.5445649000103003,0.0,1.295384599980025,13.493589583125262,0.08352640001248801,1.8639464999141637,96,9.621840463269749e-08,9.066912401434202e-08
105,76,90,8640,0.45,0.5625,0.0,0,0,0,0,0,0,1.1351675976013296,0.9661456618826479,1.0225989349734694,0.9661456618826479,1.0225989349734694,0,0.0,0,0.0,0.0,96,0,0,0,0.019759099959628657,0.2058239579127985,0.5115038000294589,5.328164583640198,0.508498100010911,0.0,1.1499062999500893,11.978190624480098,0.07285520003642887,1.681169199939177,96,9.929552902132599e-08,7.707075193319479e-08
105,77,91,8736,0.45,0.5625,0.0,0,0,0,0,0,0,0.9769409958284085,0.9668371355637334,1.0234236693916525,0.9668371355637334,1.0234236693916525,0,0.0,0,0.0,0.0,96,0,0,0,0.019259100066847168,0.20061562569632466,0.4714484999421984,4.9109218743979,0.4685768999843276,0.0,1.095217300040531,11.408513542088864,0.07447489994956413,1.5859249000495765,96,9.819405437198891e-08,5.6370662721016984e-08
105,78,93,8928,0.45,0.5625,0.0,0,0,0,0,0,0,1.8160415368668406,0.9618153375799466,1.0095678913511255,0.9618153375799466,1.0095678913511255,0,0.0,0,0.0,0.0,96,0,0,0,0.019817700012936257,0.20643437513475268,0.47308739998698,4.927993749864375,0.47016989999247016,0.0,1.1111981999711134,11.574981249699098,0.070153200023924,1.6041032999710296,96,9.98086727849179e-08,9.293358901873994e-08
105,79,94,9024,0.45,0.5625,0.0,0,0,0,0,0,0,2.0293038014336275,0.9617042638626805,1.0109122811493103,0.9617042638626805,1.0109122811493103,0,0.0,0,0.0,0.0,96,0,0,0,0.0197857000384829,0.20610104206753022,0.50131819993112,5.222064582615833,0.4982459000166273,0.0,1.1613046000420582,12.096922917104772,0.07568969998101238,1.682408500011661,96,9.528591964937105e-08,9.774924508709759e-08
105,80,95,9120,0.45,0.5625,0.0,0,0,0,0,0,0,1.9883919932942755,0.961679148978128,1.0108999390722093,0.961679148978128,1.0108999390722093,0,0.0,0,0.0,0.0,96,0,0,0,0.018028400001639966,0.1877958333504163,0.4318963000259828,4.498919791937321,0.42929929999809247,0.0,1.0174152999607031,10.598076041257324,0.06716290002805181,1.4673399999883259,96,9.965818691115569e-08,9.153868774092189e-08
105,81,96,9216,0.45,0.5625,0.0,0,0,0,0,0,0,2.0197521672830456,0.9614815771047696,1.0108408387147454,0.9614815771047696,1.0108408387147454,0,0.0,0,0.0,0.0,96,0,0,0,0.019512899954861496,0.20325937452980725,0.4663366000095266,4.857672916765902,0.46342800004640594,0.0,1.0993842000098084,11.451918750102172,0.07169610002165427,1.5852336999741965,96,4.4759683156050944e-08,8.944121249188086e-08
105,82,97,9312,0.45,0.5625,0.0,0,0,0,0,0,0,1.1774201549263918,0.9660165804828045,1.0180022100494206,0.9660165804828045,1.0180022100494206,0,0.0,0,0.0,0.0,96,0,0,0,0.019257600011769682,0.20060000012260085,0.46473920002608793,4.841033333605083,0.4618385000139824,0.0,1.0776097000416485,11.225101042100505,0.06833549997099908,1.561606500079506,96,9.171394057400084e-08,4.2768553976113566e-08
105,83,98,9408,0.45,0.5625,0.0,0,0,0,0,0,0,1.06153365934649,0.9670016564184041,1.038857984600615,0.9670016564184041,1.038857984600615,0,0.0,0,0.0,0.0,96,0,0,0,0.019410100037930533,0.2021885420617764,0.4677406000046176,4.872297916714767,0.4647770000228775,0.0,1.0796323999529704,11.246170832843442,0.07020760002342286,1.5667830999955186,96,9.698059910689949e-08,8.835553760855319e-08
105,84,99,9504,0.45,0.5625,0.0,0,0,0,0,0,0,1.7567844836605009,0.9623704327016911,1.015384381310532,0.9623704327016911,1.015384381310532,0,0.0,0,0.0,0.0,96,0,0,0,0.02106659996934468,0.21944374968067373,0.5089488000230631,5.3015500002402405,0.5058366000012029,0.0,1.1582278999485425,12.064873957797317,0.0751834000548115,1.6882432999409502,96,9.960183386392707e-08,9.493402786109328e-08
105,85,100,9600,0.45,0.5625,0.0,0,0,0,0,0,0,1.857962542652427,0.9619518913779324,1.0121129986222437,0.9619518913779324,1.0121129986222437,0,0.0,0,0.0,0.0,96,0,0,0,0.020190299983369187,0.21031562482676236,0.5050129000082961,5.260551041753085,0.501958899985766,0.0,1.1566621000456507,12.048563542142196,0.0746908999644802,1.681865300037316,96,9.733105391096508e-08,9.017697644164713e-08
105,86,101,9696,0.45,0.5625,0.0,0,0,0,0,0,0,2.024927205208278,0.961861481051975,1.01128523889428,0.961861481051975,1.01128523889428,0,0.0,0,0.0,0.0,96,0,0,0,0.020420499989995733,0.21271354156245556,0.51400369998737,5.354205208201772,0.5108519999412238,0.0,1.175726699999359,12.247153124993323,0.07668609996471787,1.7101508999767248,96,4.50330129003057e-08,9.333071079864474e-08
105,87,102,9792,0.45,0.5625,0.0,0,0,0,0,0,0,1.8898991192577714,0.9619239733095792,1.009129248916455,0.9619239733095792,1.009129248916455,0,0.0,0,0.0,0.0,96,0,0,0,0.018442400010826532,0.1921083334461097,0.45888589999231044,4.7800614582532335,0.4560790999967139,0.0,1.04897709996294,10.926844791280624,0.0648214999891934,1.526305399966077,96,4.57527622559073e-08,9.58450546706402e-08
105,88,103,9888,0.45,0.5625,0.0,0,0,0,0,0,0,1.017110575648404,0.967928629389171,1.0133790236511349,0.967928629389171,1.0133790236511349,0,0.0,0,0.0,0.0,96,0,0,0,0.0186382999891066,0.19414895821986042,0.45148209998296807,4.70293854148925,0.44863839996105526,0.0,1.062114799999108,11.063695833324042,0.06868880002730293,1.5322351999711827,96,9.439697817685555e-08,2.650031777351458e-08
105,89,104,9984,0.45,0.5625,0.0,0,0,0,0,0,0,1.133059558049881,0.9664258254812744,1.004379701642402,0.9664258254812744,1.004379701642402,0,0.0,0,0.0,0.0,96,0,0,0,0.01892949997272808,0.19718229138258417,0.46211110002332134,4.813657291909597,0.45920780004234985,0.0,1.0720073000557022,11.166742708913565,0.06951909994677408,1.5530479000517516,96,9.74667761777237e-08,3.680046406495663e-08
105,90,105,10080,0.45,0.5625,0.0,0,0,0,0,0,0,0.88723434589962,0.9694989529463602,1.0112705094864545,0.9694989529463602,1.0112705094864545,0,0.0,0,0.0,0.0,96,0,0,0,0.02061889996548416,0.21478020797379335,0.5009473999671172,5.218202082990804,0.4979139000206487,0.0,1.125245100032771,11.721303125341365,0.07267550002870848,1.6468113999653724,96,9.895741306248373e-08,2.7274490721485023e-08
105,91,106,10176,0.45,0.5625,0.0,0,0,0,0,0,0,0.9587597155109965,0.9676831307183184,1.00935048612934,0.9676831307183184,1.00935048612934,0,0.0,0,0.0,0.0,96,0,0,0,0.01914159995794762,0.19939166622862103,0.4660024000113481,4.8541916667848755,0.4631130000052508,0.0,1.0856554999772925,11.308911458096796,0.07107630001701182,1.5707994999465882,96,9.830142327742208e-08,2.9646211180400783e-08
105,92,108,10368,0.45,0.5625,0.0,0,0,0,0,0,0,1.9255119946387276,0.962232255349809,1.0083653668601684,0.962232255349809,1.0083653668601684,0,0.0,0,0.0,0.0,96,0,0,0,0.02019930000824388,0.21040937508587376,0.4919789000196033,5.124780208537534,0.48898919994098833,0.0,1.1446209999849088,11.923135416509467,0.07454329997563036,1.656799200012756,96,4.341383710859681e-08,9.457070057616868e-08
105,93,109,10464,0.45,0.5625,0.0,0,0,0,0,0,0,1.7952857809267293,0.962341147212842,1.0199673665986633,0.962341147212842,1.0199673665986633,0,0.0,0,0.0,0.0,96,0,0,0,0.018743999979051296,0.19524999978178434,0.444374799997604,4.628904166641708,0.4416978000153904,0.0,1.0247990999778267,10.674990624769029,0.06743390005431138,1.487917899954482,96,9.449211461898255e-08,9.615982871080675e-08
105,94,110,10560,0.45,0.5625,0.0,0,0,0,0,0,0,1.845259856600763,0.9621758766788834,1.014638666260318,0.9621758766788834,1.014638666260318,0,0.0,0,0.0,0.0,96,0,0,0,0.0186009999961243,0.1937604166262948,0.45567629999277415,4.74662812492473,0.45287029996688943,0.0,1.0801589999828138,11.251656249820977,0.07134910001332173,1.5544362999717123,96,9.943071241358403e-08,9.829880381895251e-08
105,95,111,10656,0.45,0.5625,0.0,0,0,0,0,0,0,1.3142320053359329,0.9648323603791475,1.0053020612304533,0.9648323603791475,1.0053020612304533,0,0.0,0,0.0,0.0,96,0,0,0,0.019915099983336404,0.2074489581597542,0.5060260000100243,5.271104166771086,0.5029551000116044,0.0,1.1514514000009513,11.994285416676576,0.07351390000985702,1.677392499994312,96,9.756694049900538e-08,5.054547537464149e-08
105,96,112,10752,0.45,0.5625,0.0,0,0,0,0,0,0,1.0558900048657365,0.9664428167409406,1.0156763134108984,0.9664428167409406,1.0156763134108984,0,0.0,0,0.0,0.0,96,0,0,0,0.01952940000774106,0.20343125008063603,0.4820508999982849,5.0213635416488005,0.4791667999961646,0.0,1.123513299942715,11.70326354106995,0.0732853000445175,1.625093599948741,96,9.55145461768031e-08,3.6259545088679346e-08
105,97,113,10848,0.45,0.5625,0.0,0,0,0,0,0,0,1.7733024983438337,0.9621081829593773,1.0232774321448201,0.9621081829593773,1.0232774321448201,0,0.0,0,0.0,0.0,96,0,0,0,0.01880660002643708,0.1959020836087196,0.46306610002648085,4.823605208609176,0.46018899999035057,0.0,1.0727350000233855,11.174322916910265,0.0695383999554906,1.5546077000763034,96,9.733163358616181e-08,9.731625241760078e-08
105,98,115,11040,0.45,0.5625,0.0,0,0,0,0,0,0,2.1317674613990563,0.9618553812410447,1.0096485676109885,0.9618553812410447,1.0096485676109885,0,0.0,0,0.0,0.0,96,0,0,0,0.02021019996755058,0.21052291632865186,0.5118121000559768,5.331376042249758,0.5087445000463049,0.0,1.1721217999584042,12.209602082900043,0.07619960003648885,1.7041440999819315,96,3.8085749059710294e-08,9.852313090363829e-08
105,99,116,11136,0.45,0.5625,0.0,0,0,0,0,0,0,2.05528493532231,0.9619580188860056,1.0088718995946342,0.9619580188860056,1.0088718995946342,0,0.0,0,0.0,0.0,96,0,0,0,0.01978610000514891,0.2061052083869678,0.49712609998096013,5.178396874801668,0.49409730007027974,0.0,1.1378340999872307,11.852438541533653,0.07284449999133358,1.6547462999733398,96,4.7469620222465037e-08,9.752994786782487e-08
105,100,117,11232,0.45,0.5625,0.0,0,0,0,0,0,0,1.9263626943698424,0.9619837326080708,1.0085811829294602,0.9619837326080708,1.0085811829294602,0,0.0,0,0.0,0.0,96,0,0,0,0.02088200003345264,0.21752083368179834,0.5305664000115939,5.526733333454104,0.527372300013667,0.0,1.2220871000390616,12.730073958740226,0.0777105000015581,1.7735355000841082,96,4.7143409549407767e-08,9.705275610949471e-08
105,101,118,11328,0.45,0.5625,0.0,0,0,0,0,0,0,1.1102475731843149,0.9669114770458109,1.0180080676182683,0.9669114770458109,1.0180080676182683,0,0.0,0,0.0,0.0,96,0,0,0,0.020053399981406983,0.20888958313965608,0.5113775000136229,5.326848958475239,0.508290899975691,0.0,1.1952802000305383,12.450835416984773,0.07632789998751832,1.7267111000255682,96,9.792247817295985e-08,3.306087847931849e-08
105,102,121,11616,0.45,0.5625,0.0,0,0,0,0,0,0,2.158156015583232,0.9616266955687891,1.0110653469606665,0.9616266955687891,1.0110653469606665,0,0.0,0,0.0,0.0,96,0,0,0,0.020571300025039818,0.21428437526083144,0.5282180000140215,5.502270833479391,0.5248649000059231,0.0,1.2168087000172818,12.675090625180019,0.0782942999721854,1.7655980000563432,96,9.690037411358432e-08,9.192689831571954e-08
105,103,122,11712,0.45,0.5625,0.0,0,0,0,0,0,0,1.9814410221101861,0.9619749991025883,1.0098864885365355,0.9619749991025883,1.0098864885365355,0,0.0,0,0.0,0.0,96,0,0,0,0.019458699993265327,0.20269479159651382,0.4859660000220174,5.062145833562681,0.48301079996599583,0.0,1.1135914000260527,11.59991041693805,0.07145589996798662,1.6190161000413354,96,4.415468068431905e-08,9.77006819891102e-08
105,104,123,11808,0.45,0.5625,0.0,0,0,0,0,0,0,2.3444200826047816,0.961817015368636,1.009877473853756,0.961817015368636,1.009877473853756,0,0.0,0,0.0,0.0,96,0,0,0,0.019104000042716507,0.1990000004449636,0.4541952999861678,4.731201041522581,0.4513985000157845,0.0,1.0692795999566442,11.138329166215044,0.06946500005869893,1.5425788999855286,96,5.1179234461518064e-08,9.911439211029993e-08
105,105,124,11904,0.45,0.5625,0.0,0,0,0,0,0,0,2.0342765868188764,0.9617388277881103,1.0082206634924278,0.9617388277881103,1.0082206634924278,0,0.0,0,0.0,0.0,96,0,0,0,0.019911300027160905,0.2074093752829261,0.4901084000521223,5.105295833876274,0.48717230006150203,0.0,1.1657515999759198,12.143245833082497,0.07621770002879202,1.675771300055203,96,4.2567493956785496e-08,8.792457178996571e-08
105,106,125,12000,0.45,0.5625,0.0,0,0,0,0,0,0,1.1183656849691865,0.9673392424149699,1.0228208357569797,0.9673392424149699,1.0228208357569797,0,0.0,0,0.0,0.0,96,0,0,0,0.018795599964505527,0.1957874996302659,0.4479929999579326,4.666593749561798,0.4451744000034523,0.0,1.067028899968136,11.114884374668085,0.07046880000416422,1.5338174998905743,96,9.46740394414114e-08,7.141822709610945e-08
105,107,126,12096,0.45,0.5625,0.0,0,0,0,0,0,0,1.0021080790414454,0.9670984794194827,1.0125060787504476,0.9670984794194827,1.0125060787504476,0,0.0,0,0.0,0.0,96,0,0,0,0.019915100034268107,0.20744895869029278,0.5004981999954907,5.213522916619695,0.4972373999626143,0.0,1.1756098999176174,12.245936457475182,0.07642680004937574,1.6960231999473763,96,7.984660863047388e-08,3.0321244473552333e-08
105,108,127,12192,0.45,0.5625,0.0,0,0,0,0,0,0,2.279085562186754,0.9617399221246657,1.0071224661713065,0.9617399221246657,1.0071224661713065,0,0.0,0,0.0,0.0,96,0,0,0,0.019545300026948098,0.20359687528070936,0.4817053999940981,5.017764583271855,0.4788137000359711,0.0,1.1064030999696115,11.52503229135012,0.0717872000313946,1.6076537999906577,96,9.420962644550446e-08,9.604272072083475e-08
105,109,128,12288,0.45,0.5625,0.0,0,0,0,0,0,0,1.6671328889836978,0.9624486972408441,1.0103583641916738,0.9624486972408441,1.0103583641916738,0,0.0,0,0.0,0.0,96,0,0,0,0.01909680000244407,0.19892500002545907,0.4806185000343248,5.006442708690884,0.47770390001824126,0.0,1.1177034000284038,11.642743750295873,0.07230369999160757,1.6174187000651727,96,9.764014631541418e-08,8.64521410015584e-08
105,110,130,12480,0.45,0.5625,0.0,0,0,0,0,0,0,1.6250351366636302,0.962601493106205,1.0268243351580784,0.962601493106205,1.0268243351580784,0,0.0,0,0.0,0.0,96,0,0,0,0.020585000020219013,0.21442708354394804,0.5335713000386022,5.558034375402106,0.5302793000082602,0.0,1.2423007000397774,12.940632292081014,0.08050729998649331,1.7964570000985987,96,9.768649382457806e-08,9.87493582738086e-08
105,111,131,12576,0.45,0.5625,0.0,0,0,0,0,0,0,1.623930891260034,0.9621521638891526,1.0137979916255928,0.9621521638891526,1.0137979916255928,0,0.0,0,0.0,0.0,96,0,0,0,0.019214099949749652,0.20014687447655888,0.4752332999560167,4.95034687454184,0.4723136000247905,0.0,1.10122679995402,11.471112499521041,0.07317310004145838,1.5956741998597863,96,9.828104580167363e-08,9.850743692974007e-08
105,112,132,12672,0.45,0.5625,0.0,0,0,0,0,0,0,1.0738034621635755,0.9675319997842688,1.0192301500999508,0.9675319997842688,1.0192301500999508,0,0.0,0,0.0,0.0,96,0,0,0,0.021535200023208745,0.22432500024175775,0.541408000040974,5.639666667093479,0.5381281999871135,0.0,1.2697755000262987,13.226828125273945,0.08510009999736212,1.8327187000904814,96,9.616191160195797e-08,4.251063411009337e-08
105,113,133,12768,0.45,0.5625,0.0,0,0,0,0,0,0,0.8999198443187979,0.9684746595371877,1.0199403558208313,0.9684746595371877,1.0199403558208313,0,0.0,0,0.0,0.0,96,0,0,0,0.019842100016830955,0.20668854184198912,0.49242949998006225,5.129473958125648,0.4894499999572872,0.0,1.144803100003628,11.92503229170446,0.07455289998324588,1.6570747000005213,96,9.935951723709369e-08,3.9815930136244404e-08
105,114,134,12864,0.45,0.5625,0.0,0,0,0,0,0,0,1.4881807716972286,0.9626338391183697,1.0208587781020548,0.9626338391183697,1.0208587781020548,0,0.0,0,0.0,0.0,96,0,0,0,0.018772300085402094,0.1955447925562718,0.46115289998124354,4.803676041471287,0.45826720004697563,0.0,1.0571429999981774,11.011906249981015,0.06837829999130918,1.537068200064823,96,9.677523379880704e-08,9.845270459996058e-08
105,115,135,12960,0.45,0.5625,0.0,0,0,0,0,0,0,1.6256266863440672,0.9627070206688289,1.017659620951472,0.9627070206688289,1.017659620951472,0,0.0,0,0.0,0.0,96,0,0,0,0.018766100030916277,0.19548020865537788,0.46178680004231865,4.810279167107486,0.45896360003825976,0.0,1.0707095000252593,11.15322395859645,0.06857649998710258,1.5512624000984943,96,9.711122128663874e-08,8.845039728422321e-08
105,116,136,13056,0.45,0.5625,0.0,0,0,0,0,0,0,1.6414186177490995,0.9625259319610664,1.0283096102425646,0.9625259319610664,1.0283096102425646,0,0.0,0,0.0,0.0,96,0,0,0,0.021103799976117443,0.21983124975122337,0.4990506999893114,5.198444791555327,0.49600600003032014,0.0,1.1576767000151449,12.059132291824426,0.07529699998849537,1.6778311999805737,96,9.687733147807631e-08,8.967002959603398e-08
105,117,137,13152,0.45,0.5625,0.0,0,0,0,0,0,0,1.6333009193864048,0.9623807069424012,1.0159892845684237,0.9623807069424012,1.0159892845684237,0,0.0,0,0.0,0.0,96,0,0,0,0.019046099994739052,0.19839687494519845,0.4605337999528274,4.797227082841952,0.45778279999649385,0.0,1.082956399935938,11.280795832666021,0.06972890001634369,1.5625362998835044,96,9.939979658812881e-08,8.870384982095914e-08
105,118,139,13344,0.45,0.5625,0.0,0,0,0,0,0,0,1.0332816855866322,0.9682124596979982,1.0195028131227095,0.9682124596979982,1.0195028131227095,0,0.0,0,0.0,0.0,96,0,0,0,0.018735500023467466,0.1951614585777861,0.4780122000083793,4.979293750087284,0.47474629998760065,0.0,1.1128982000227552,11.592689583570367,0.0719324999517994,1.609645900054602,96,9.592496950623988e-08,4.843159498446603e-08
105,119,140,13440,0.45,0.5625,0.0,0,0,0,0,0,0,0.9140663026430016,0.9682303007420616,1.0286090813239956,0.9682303007420616,1.0286090813239956,0,0.0,0,0.0,0.0,96,0,0,0,0.019142200027999934,0.19939791695833264,0.46472720002930146,4.8409083336385565,0.4618219999683788,0.0,1.0842563000696828,11.294336459059195,0.06842679995315848,1.5681257001269842,96,9.933099870407247e-08,9.029195759124864e-08
105,120,141,13536,0.45,0.5625,0.0,0,0,0,0,0,0,1.4429859285116176,0.963144992782005,1.0242233283551392,0.963144992782005,1.0242233283551392,0,0.0,0,0.0,0.0,96,0,0,0,0.01949719998810906,0.20309583320946936,0.47713000002841,4.970104166962604,0.4741954999990412,0.0,1.104237700055819,11.502476042248114,0.07304299998941133,1.600864900072338,96,9.802729857011361e-08,9.706901130113188e-08
105,121,142,13632,0.45,0.5625,0.0,0,0,0,0,0,0,1.5821582555711793,0.9627632839905846,1.0235263150846614,0.9627632839905846,1.0235263150846614,0,0.0,0,0.0,0.0,96,0,0,0,0.02154739994875854,0.2244520827995681,0.5321186000292073,5.542902083637576,0.5288377999968361,0.0,1.2535161999476259,13.057460416121103,0.08059130001493031,1.8071821999255917,96,9.78131667328519e-08,9.630869879373449e-08
105,122,144,13824,0.45,0.5625,0.0,0,0,0,0,0,0,0.9247019958035939,0.9693132474237292,1.0289717368056723,0.9693132474237292,1.0289717368056723,0,0.0,0,0.0,0.0,96,0,0,0,0.022093000006861985,0.23013541673814567,0.5463155999968876,5.69078749996758,0.5429699999949662,0.0,1.2556517999619246,13.079706249603381,0.07937210001546191,1.8240603999656742,96,9.823953570770039e-08,8.242861282425906e-08
105,123,145,13920,0.45,0.5625,0.0,0,0,0,0,0,0,1.1795837804158218,0.9659637954027179,1.0354593486595456,0.9659637954027179,1.0354593486595456,0,0.0,0,0.0,0.0,96,0,0,0,0.021250700003292877,0.22136145836763413,0.5349925000264193,5.572838541941867,0.5316246000074898,0.0,1.2274565999905462,12.786006249901524,0.07912800001213327,1.7836998000202584,96,9.89059752588145e-08,5.6043202995015307e-08
105,124,146,14016,0.45,0.5625,0.0,0,0,0,0,0,0,1.075255291232061,0.9682897335407894,1.0395455829827447,0.9682897335407894,1.0395455829827447,0,0.0,0,0.0,0.0,96,0,0,0,0.02094170004420448,0.21814270879379669,0.5447745999699691,5.674735416353845,0.5415035999685642,0.0,1.243269299993699,12.950721874934365,0.08006779997958802,1.8089856000078726,96,9.979025313543166e-08,7.333238162543498e-08
105,125,147,14112,0.45,0.5625,0.0,0,0,0,0,0,0,0.9683003548750162,0.9679965059855082,1.0364950063989835,0.9679965059855082,1.0364950063989835,0,0.0,0,0.0,0.0,96,0,0,0,0.019482800053083338,0.20294583388628476,0.470357200007129,4.899554166740927,0.4675075999548426,0.0,1.09930229998281,11.451065624820936,0.07203580002533272,1.5891423000430223,96,9.559451700710819e-08,7.553333590537559e-08
105,126,148,14208,0.45,0.5625,0.0,0,0,0,0,0,0,1.5584442590374763,0.9626902376040429,1.024863025028585,0.9626902376040429,1.024863025028585,0,0.0,0,0.0,0.0,96,0,0,0,0.020588999956089538,0.21446874954259934,0.5273745999875246,5.493485416536714,0.5241537000256358,0.0,1.226323200018669,12.774200000194469,0.07790039998508291,1.7742867999622831,96,9.569696348722678e-08,8.106871438040564e-08
105,127,150,14400,0.45,0.5625,0.0,0,0,0,0,0,0,1.5650237391874242,0.962835538765091,1.0187667135149787,0.962835538765091,1.0187667135149787,0,0.0,0,0.0,0.0,96,0,0,0,0.02042350002011517,0.21274479187619968,0.5156047000127728,5.370882291799717,0.5123644000341301,0.0,1.187395499953709,12.368703124517802,0.07788730003812816,1.723423699986597,96,9.836447420474848e-08,9.716911955615082e-08
105,128,152,14592,0.45,0.5625,0.0,0,0,0,0,0,0,1.442072041921911,0.963578179097922,1.0249858722649687,0.963578179097922,1.0249858722649687,0,0.0,0,0.0,0.0,96,0,0,0,0.020139099986408837,0.20978229152509206,0.49254139997356106,5.130639583057928,0.48955910001677694,0.0,1.1519062999577727,11.999023957893465,0.07626940004411153,1.6645867999177426,96,9.509198102553018e-08,6.001153421419936e-08
105,129,153,14688,0.45,0.5625,0.0,0,0,0,0,0,0,1.0145251475972683,0.9686614359735674,1.0222259335708264,0.9686614359735674,1.0222259335708264,0,0.0,0,0.0,0.0,96,0,0,0,0.019383400031074416,0.2019104169903585,0.4787564000071143,4.98704583340744,0.47585560002335114,0.0,1.1177562000302714,11.643293750315328,0.074778599991987,1.6158960000684601,96,9.997876878817258e-08,6.837598556796998e-08
105,130,154,14784,0.45,0.5625,0.0,0,0,0,0,0,0,0.8031828398436914,0.9717396710165038,1.0169474913602914,0.9717396710165038,1.0169474913602914,0,0.0,0,0.0,0.0,96,0,0,0,0.02001649996964261,0.2085052080171105,0.48987680000573164,5.102883333393038,0.4867552999712643,0.0,1.1383174000075087,11.857472916744882,0.0728379999709432,1.648210699982883,96,9.613452023153612e-08,2.373144472600508e-08
105,131,155,14880,0.45,0.5625,0.0,0,0,0,0,0,0,0.8159898072028413,0.9698163502353813,1.0232210251041927,0.9698163502353813,1.0232210251041927,0,0.0,0,0.0,0.0,96,0,0,0,0.020151099990471266,0.20990729156740903,0.42660949995479314,4.4438489578624285,0.42391150002367795,0.0,1.0124872000596952,10.546741667288492,0.06591059997299453,1.4592478000049596,96,9.832814679665292e-08,5.8082295223416125e-08
105,132,156,14976,0.45,0.5625,0.0,0,0,0,0,0,0,1.6141442782303757,0.9630678674518183,1.0062695601413751,0.9630678674518183,1.0062695601413751,0,0.0,0,0.0,0.0,96,0,0,0,0.0221850000161794,0.23109375016853542,0.5684939999846392,5.921812499839992,0.565137399971718,0.0,1.3173541999858571,13.722439583186011,0.08647320000454783,1.9080331999866758,96,8.916075757911535e-08,9.925872068716757e-08
105,133,157,15072,0.45,0.5625,0.0,0,0,0,0,0,0,1.6646255525911515,0.9624814319457127,1.0133563544402528,0.9624814319457127,1.0133563544402528,0,0.0,0,0.0,0.0,96,0,0,0,0.019392799986235332,0.20200833318995137,0.4406531000204268,4.590136458546112,0.43770019996736664,0.0,1.00439010001719,10.462396875179062,0.06292520001443336,1.464436000023852,96,9.929495899119178e-08,8.760837083565676e-08
105,134,158,15168,0.45,0.5625,0.0,0,0,0,0,0,0,1.4938540435993448,0.9632170095862019,1.0192554122497834,0.9632170095862019,1.0192554122497834,0,0.0,0,0.0,0.0,96,0,0,0,0.020046799996634945,0.2088208332982807,0.4630493000149727,4.823430208489299,0.46014139999169856,0.0,1.0696328999911202,11.142009374907502,0.06858169999759411,1.5527290000027278,96,9.961115335355153e-08,9.946418522144285e-08
105,135,159,15264,0.45,0.5625,0.0,0,0,0,0,0,0,1.4989882075786387,0.9632650550118719,1.013179579368531,0.9632650550118719,1.013179579368531,0,0.0,0,0.0,0.0,96,0,0,0,0.01926400002412265,0.2006666669179443,0.4568489000448608,4.758842708800633,0.4539234999829205,0.0,1.0707464000151958,11.153608333491624,0.06862329998693895,1.5468593000841793,96,9.941174279604059e-08,8.345783397700757e-08
105,136,160,15360,0.45,0.5625,0.0,0,0,0,0,0,0,1.0382508290361303,0.9688953834908791,1.0312044997800387,0.9688953834908791,1.0312044997800387,0,0.0,0,0.0,0.0,96,0,0,0,0.020542999991448596,0.2139895832442562,0.47028550002141856,4.898807291889777,0.46746830000483897,0.0,1.083755600018776,11.289120833528917,0.07156789996224688,1.5745841000316432,96,9.945257876779745e-08,7.937268939328668e-08
105,137,161,15456,0.45,0.5625,0.0,0,0,0,0,0,0,1.0071142713897296,0.967953574578513,1.0391980493010993,0.967953574578513,1.0391980493010993,0,0.0,0,0.0,0.0,96,0,0,0,0.020119200002227444,0.20957500002320253,0.47748850001516985,4.973838541824686,0.4745445999651565,0.0,1.087647999964247,11.329666666294239,0.07206240000959951,1.5852556999816443,96,8.280840057064975e-08,6.841808342095135e-08
105,138,162,15552,0.45,0.5625,0.0,0,0,0,0,0,0,1.6026865706138658,0.9624731828425223,1.0148623468472355,0.9624731828425223,1.0148623468472355,0,0.0,0,0.0,0.0,96,0,0,0,0.021126500017999206,0.22006770852082505,0.5029674999896088,5.239244791558424,0.49989520001690835,0.0,1.1671215000314987,12.157515625328111,0.07488839996221941,1.6912155000391067,96,9.953329945834588e-08,9.975203746348527e-08
105,139,163,15648,0.45,0.5625,0.0,0,0,0,0,0,0,1.5731510298837408,0.9630202267292964,1.014055275151075,0.9630202267292964,1.014055275151075,0,0.0,0,0.0,0.0,96,0,0,0,0.020404700000653975,0.21254895834014556,0.47821419998217607,4.981397916481001,0.4752499999667634,0.0,1.1253091000471613,11.72196979215793,0.07181670000136364,1.6239280000299914,96,9.826003635748926e-08,9.252129562486999e-08
105,140,165,15840,0.45,0.5625,0.0,0,0,0,0,0,0,1.184504561085571,0.9657810949351051,1.0328498049318848,0.9657810949351051,1.0328498049318848,0,0.0,0,0.0,0.0,96,0,0,0,0.020032599961268716,0.2086729162632158,0.4945059000310721,5.151103125323668,0.4915926000030595,0.0,1.144125799939502,11.917977082703146,0.07350040002347669,1.6586642999318428,96,9.981166230544139e-08,6.963529267101087e-08
105,141,166,15936,0.45,0.5625,0.0,0,0,0,0,0,0,1.3361669495835382,0.963979988691176,1.0154319240102643,0.963979988691176,1.0154319240102643,0,0.0,0,0.0,0.0,96,0,0,0,0.020955099978891667,0.2182822914467882,0.489112599985674,5.0949229165174375,0.48614490004547406,0.0,1.1477631999587175,11.95586666623664,0.07284000001527602,1.6578308999232831,96,9.808738675454176e-08,5.12139970015868e-08
105,142,168,16128,0.45,0.5625,0.0,0,0,0,0,0,0,0.9601438120433513,0.968178804074555,1.036297349184407,0.968178804074555,1.036297349184407,0,0.0,0,0.0,0.0,96,0,0,0,0.021638999998685904,0.2254062499863115,0.5036380000092322,5.246229166762835,0.5004993999391445,0.0,1.1868020999754663,12.36252187474444,0.07737620000989409,1.7120790999833844,96,8.895906733474845e-08,7.696614970353899e-08
105,143,169,16224,0.45,0.5625,0.0,0,0,0,0,0,0,1.5243112698253838,0.9626024969527499,1.0285701996098153,0.9626024969527499,1.0285701996098153,0,0.0,0,0.0,0.0,96,0,0,0,0.021014799967815634,0.21890416633141285,0.48865330000262475,5.0901385416940075,0.4856189000129234,0.0,1.1411498000452411,11.886977083804595,0.0750284999521682,1.6508179000156815,96,9.888088244036641e-08,9.826801178336453e-08
105,144,170,16320,0.45,0.5625,0.0,0,0,0,0,0,0,1.630301898161213,0.9627649397277517,1.0240394529051355,0.9627649397277517,1.0240394529051355,0,0.0,0,0.0,0.0,96,0,0,0,0.020358900022984017,0.21207187523941684,0.4650457000170718,4.844226041844498,0.46215270001994213,0.0,1.0662929999962216,11.107218749960643,0.06870499999058666,1.5516976000362774,96,9.916991068614767e-08,8.564177936265516e-08
105,145,171,16416,0.45,0.5625,0.0,0,0,0,0,0,0,1.5923319997653105,0.9629864518001799,1.0247534986494973,0.9629864518001799,1.0247534986494973,0,0.0,0,0.0,0.0,96,0,0,0,0.01954389997990802,0.2035822914573752,0.46562269995047245,4.850236457817421,0.4628296999799204,0.0,1.059863199974643,11.040241666402531,0.06791410000732867,1.5450297999050235,96,9.715506413265906e-08,9.125788416608493e-08
105,146,172,16512,0.45,0.5625,0.0,0,0,0,0,0,0,1.7481699334223773,0.9623861624048248,1.0201875269740899,0.9623861624048248,1.0201875269740899,0,0.0,0,0.0,0.0,96,0,0,0,0.019786199984082486,0.20610624983419257,0.4446337999761454,4.631602083084847,0.4418439000583021,0.0,1.0233138999828952,10.659519791488492,0.06425939999462571,1.487733899943123,96,4.167089210152519e-08,8.670950513156583e-08
105,147,174,16704,0.45,0.5625,0.0,0,0,0,0,0,0,1.112636166160009,0.9674226009659366,1.0216621491345164,0.9674226009659366,1.0216621491345164,0,0.0,0,0.0,0.0,96,0,0,0,0.02094380001653917,0.21816458350561638,0.4843402000624337,5.045210417317018,0.48129399998288136,0.0,1.1052284999605035,11.51279687458858,0.07107200002792524,1.6105125000394764,96,9.857755882414221e-08,6.743163805111863e-08
105,148,176,16896,0.45,0.5625,0.0,0,0,0,0,0,0,1.5118648184890775,0.9628057621997488,1.018158109663853,0.9628057621997488,1.018158109663853,0,0.0,0,0.0,0.0,96,0,0,0,0.020790699956705794,0.21656979121568534,0.4758111999981338,4.956366666647227,0.4728287999460008,0.0,1.1127953000250272,11.591617708594034,0.07207770000240998,1.6093971999798669,96,9.554061285166338e-08,9.072591775072247e-08
105,149,177,16992,0.45,0.5625,0.0,0,0,0,0,0,0,1.6551381539722327,0.9625976622162903,1.011901272624853,0.9625976622162903,1.011901272624853,0,0.0,0,0.0,0.0,96,0,0,0,0.022400300003937446,0.23333645837434838,0.5455951999829267,5.683283333155487,0.5421693999742274,0.0,1.2180559000044013,12.688082291712513,0.07876070000202162,1.7860513999912655,96,9.975704394482587e-08,9.909888437631409e-08
105,150,178,17088,0.45,0.5625,0.0,0,0,0,0,0,0,1.7034881265932897,0.9623254748657228,1.009679538992997,0.9623254748657228,1.009679538992997,0,0.0,0,0.0,0.0,96,0,0,0,0.021289000018441584,0.2217604168587665,0.5156551000327454,5.371407292007764,0.512337000000116,0.0,1.1725570000417065,12.21413541710111,0.07423859995469684,1.7095011000928935,96,4.6308470539116464e-08,9.649717080950637e-08
105,151,180,17280,0.45,0.5625,0.0,0,0,0,0,0,0,1.6080351346351338,0.9622976941733018,1.0111367011075238,0.9622976941733018,1.0111367011075238,0,0.0,0,0.0,0.0,96,0,0,0,0.020755599958647508,0.21620416623591154,0.48359210001217434,5.03741770846015,0.4805841000343207,0.0,1.124037200002931,11.708720833363865,0.0723878999997396,1.628384899973753,96,9.77792092432539e-08,8.534062886922378e-08
105,152,181,17376,0.45,0.5625,0.0,0,0,0,0,0,0,1.1160148556057394,0.9675102762625406,1.0072593201634374,0.9675102762625406,1.0072593201634374,0,0.0,0,0.0,0.0,96,0,0,0,0.020789400034118444,0.21655625035540046,0.502457599985064,5.23393333317775,0.4993219000098179,0.0,1.1638610000154586,12.12355208349436,0.07437359999312321,1.687108000034641,96,9.978677106836642e-08,3.6943524697741204e-08
105,153,183,17568,0.45,0.5625,0.0,0,0,0,0,0,0,1.4571151918857546,0.9631889803877014,1.021979888371516,0.9631889803877014,1.021979888371516,0,0.0,0,0.0,0.0,96,0,0,0,0.02064450000762008,0.21504687507937584,0.47777569995378144,4.97683020785189,0.47488249996240484,0.0,1.0966202999916277,11.423128124912788,0.07159900002443464,1.5950404999530292,96,9.74810726670633e-08,9.243439305639534e-08
105,154,184,17664,0.45,0.5625,0.0,0,0,0,0,0,0,1.549579836933779,0.9631046064311994,1.0183353524465477,0.9631046064311994,1.0183353524465477,0,0.0,0,0.0,0.0,96,0,0,0,0.021956399992632214,0.22871249992325224,0.5457381999949575,5.684772916614141,0.5423216000272078,0.0,1.234763600048609,12.862120833839677,0.07858720000513131,1.8024582000361988,96,9.696845514051144e-08,9.939754241905518e-08
105,155,185,17760,0.45,0.5625,0.0,0,0,0,0,0,0,1.5965444687839143,0.9627118119170873,1.0224749520526284,0.9627118119170873,1.0224749520526284,0,0.0,0,0.0,0.0,96,0,0,0,0.02160709995951038,0.22507395791156645,0.518633499952557,5.402432291172469,0.5154378000079305,0.0,1.2358128999403561,12.873051041045377,0.08119270001043333,1.7760534998524236,96,9.437833188574718e-08,9.723156904617447e-08
105,156,187,17952,0.45,0.5625,0.0,0,0,0,0,0,0,1.6455200810981443,0.9623567775283731,1.0189916660064362,0.9623567775283731,1.0189916660064362,0,0.0,0,0.0,0.0,96,0,0,0,0.02048119999381015,0.21334583326885573,0.46893570000247564,4.884746875025788,0.46606039999460336,0.0,1.1071898999725818,11.533228124714393,0.07301850002113497,1.5966067999688676,96,9.650502764968483e-08,8.804195678058235e-08
105,157,188,18048,0.45,0.5625,0.0,0,0,0,0,0,0,1.1018084866051092,0.9676810053520674,1.0240707177127717,0.9676810053520674,1.0240707177127717,0,0.0,0,0.0,0.0,96,0,0,0,0.02215950003301259,0.23082812534388117,0.5521165000172914,5.751213541846785,0.5485926999608637,0.0,1.2811719000310404,13.345540625323338,0.08384149997436907,1.8554479000813444,96,9.953624077740919e-08,7.653504392746147e-08
105,158,189,18144,0.45,0.5625,0.0,0,0,0,0,0,0,0.958676195654591,0.968097465109457,1.029827408444881,0.968097465109457,1.029827408444881,0,0.0,0,0.0,0.0,96,0,0,0,0.022444700000050943,0.233798958333864,0.5275632999910158,5.495451041573081,0.5242059999582125,0.0,1.2562076999965939,13.08549687496452,0.08328570000594482,1.8062156999876606,96,9.703104431046938e-08,8.673403051329132e-08
105,159,190,18240,0.45,0.5625,0.0,0,0,0,0,0,0,1.7898719756663048,0.9622702738531117,1.0118613289826155,0.9622702738531117,1.0118613289826155,0,0.0,0,0.0,0.0,96,0,0,0,0.021370999987993855,0.22261458320826932,0.5334257000213256,5.556517708555475,0.5301062000216916,0.0,1.2453983000377775,12.97289895872685,0.08006129995192168,1.800195000047097,96,6.179429661544444e-08,9.834217634674403e-08
105,160,191,18336,0.45,0.5625,0.0,0,0,0,0,0,0,1.7102746495812566,0.9623605839852581,1.0122502042660686,0.9623605839852581,1.0122502042660686,0,0.0,0,0.0,0.0,96,0,0,0,0.019884199980879202,0.20712708313415837,0.4749075999861816,4.946954166522725,0.4719963000243297,0.0,1.0888914999886765,11.342619791548714,0.07139920000190614,1.5836832999557373,96,4.4352616093701336e-08,9.208629886403585e-08
105,161,192,18432,0.45,0.5625,0.0,0,0,0,0,0,0,2.068128541867141,0.9621944106853542,1.0080497561159416,0.9621944106853542,1.0080497561159416,0,0.0,0,0.0,0.0,96,0,0,0,0.02013920000899816,0.20978333342706415,0.48314049998589326,5.032713541519722,0.4802220000055968,0.0,1.1446146999951452,11.923069791616095,0.0746925999992527,1.6478943999900366,96,4.539051265926852e-08,9.781127144337098e-08
105,162,193,18528,0.45,0.5625,0.0,0,0,0,0,0,0,1.5272136237731342,0.9631441519864671,1.0218826252370947,0.9631441519864671,1.0218826252370947,0,0.0,0,0.0,0.0,96,0,0,0,0.01936099999875296,0.20167708332034331,0.494280200022331,5.148752083565948,0.4912243000144372,0.0,1.1493062999434187,11.971940624410612,0.0752858000487322,1.6629474999645026,96,9.683222862433283e-08,9.046660573441834e-08
105,163,194,18624,0.45,0.5625,0.0,0,0,0,0,0,0,1.5436971144181821,0.9629520716627521,1.010312102158808,0.9629520716627521,1.010312102158808,0,0.0,0,0.0,0.0,96,0,0,0,0.021212100044067483,0.2209593754590363,0.5581244000350125,5.813795833698047,0.5548309999867342,0.0,1.2846212999720592,13.38147187470895,0.08245379995787516,1.8639578000511392,96,9.852110967323302e-08,7.489504405544523e-08
105,164,195,18720,0.45,0.5625,0.0,0,0,0,0,0,0,1.019602912178782,0.9689829748251111,1.0167654729417053,0.9689829748251111,1.0167654729417053,0,0.0,0,0.0,0.0,96,0,0,0,0.019103999984508846,0.1989999998386338,0.4704691000151797,4.9007197918247885,0.467517900011444,0.0,1.1180826999843703,11.646694791503856,0.07157129998813616,1.6076557999840588,96,9.795540879733305e-08,3.227456968346587e-08
105,165,196,18816,0.45,0.5625,0.0,0,0,0,0,0,0,0.9009540174980782,0.9684408928691,1.0195332584356782,0.9684408928691,1.0195332584356782,0,0.0,0,0.0,0.0,96,0,0,0,0.02002819997142069,0.20862708303563218,0.47653630001150304,4.96391979178649,0.47366789997613523,0.0,1.102046700012579,11.479653125131032,0.07013700001698453,1.5986111999955028,96,9.602479732369329e-08,3.055180525235457e-08
105,166,197,18912,0.45,0.5625,0.0,0,0,0,0,0,0,1.4843954931243215,0.9633310820506118,1.0166036557736269,0.9633310820506118,1.0166036557736269,0,0.0,0,0.0,0.0,96,0,0,0,0.02093380005680956,0.21806041725843292,0.5260219999836409,5.4793958331629256,0.5228283999967971,0.0,1.2098560000013094,12.602666666680307,0.07858950000081677,1.7568118000417599,96,9.968672727567185e-08,9.305739415155223e-08
105,167,198,19008,0.45,0.5625,0.0,0,0,0,0,0,0,1.5585902097815414,0.963006648646744,1.024737235276945,0.963006648646744,1.024737235276945,0,0.0,0,0.0,0.0,96,0,0,0,0.019790999998804182,0.20615624998754356,0.5102382999466499,5.314982291110937,0.5072041000094032,0.0,1.1902773000547313,12.398721875570118,0.07658779994380893,1.7203066000001854,96,9.935930744831012e-08,9.318876295627554e-08
105,168,199,19104,0.45,0.5625,0.0,0,0,0,0,0,0,1.6269164312710198,0.9628750805197169,1.0261910614983858,0.9628750805197169,1.0261910614983858,0,0.0,0,0.0,0.0,96,0,0,0,0.019472400002996437,0.2028375000312129,0.48590410000178963,5.061501041685308,0.4830183000085526,0.0,1.093222200004675,11.387731250048697,0.07254980002471711,1.598598700009461,96,9.710762041703624e-08,9.22947902826099e-08
105,169,200,19200,0.45,0.5625,0.0,0,0,0,0,0,0,1.6737100412773511,0.9627223660382991,1.0090528526529008,0.9627223660382991,1.0090528526529008,0,0.0,0,0.0,0.0,96,0,0,0,0.0185152000412927,0.19286666709679898,0.4723843000319903,4.920669791999899,0.46959639994747704,0.0,1.0838867001075414,11.290486459453556,0.06913149997126311,1.5747862001808244,96,4.450020018274825e-08,9.994163774340592e-08
105,170,202,19392,0.45,0.5625,0.0,0,0,0,0,0,0,1.059667987151977,0.9684156936208604,1.0212545004345277,0.9684156936208604,1.0212545004345277,0,0.0,0,0.0,0.0,96,0,0,0,0.021635899967805017,0.22537395799796892,0.5723218000275665,5.961685416953817,0.5689595000221743,0.0,1.3616323999813176,14.183670833138725,0.08834200001001591,1.955590099976689,96,9.926188277581405e-08,6.08749355784921e-08
105,171,203,19488,0.45,0.5625,0.0,0,0,0,0,0,0,0.8864102876453488,0.9688513571747787,1.0188686573040178,0.9688513571747787,1.0188686573040178,0,0.0,0,0.0,0.0,96,0,0,0,0.018966500014357734,0.19756770848289307,0.4467278000083752,4.653414583420575,0.44384119997994276,0.0,1.0542223999436828,10.981483332746697,0.06590900002629496,1.5199166999664158,96,9.923007047128729e-08,2.9355341074621677e-08
105,172,204,19584,0.45,0.5625,0.0,0,0,0,0,0,0,1.65830704590457,0.9630121783882457,1.0050371851401736,0.9630121783882457,1.0050371851401736,0,0.0,0,0.0,0.0,96,0,0,0,0.018537999982072506,0.19310416647992193,0.4624605000135489,4.8172968751411345,0.45965279998927144,0.0,1.074143400081084,11.188993750844626,0.06936289995792322,1.5551419000767055,96,9.714777140720776e-08,9.815756832343148e-08
105,173,205,19680,0.45,0.5625,0.0,0,0,0,0,0,0,2.0075425165759926,0.9607779937058832,1.0067857461322314,0.9607779937058832,1.0067857461322314,0,0.0,0,0.0,0.0,96,0,0,0,0.01966710001579486,0.20486562516452977,0.48023160000593634,5.002412500061837,0.47727369999483926,0.0,1.142820000044594,11.90437500046452,0.07403099998191465,1.6427187000663253,96,9.736069821013327e-08,9.951423393661507e-08
105,174,206,19776,0.45,0.5625,0.0,0,0,0,0,0,0,1.9018299558001857,0.9621869210869204,1.0073368045388311,0.9621869210869204,1.0073368045388311,0,0.0,0,0.0,0.0,96,0,0,0,0.02017999997769948,0.21020833310103626,0.5257148999808123,5.476196874800128,0.5225307999862707,0.0,1.1941676999849733,12.439246874843471,0.0769370000489289,1.740062599943485,96,8.679473692714545e-08,9.964456676447853e-08
105,175,207,19872,0.45,0.5625,0.0,0,0,0,0,0,0,1.7716953226231242,0.9629260280402772,1.0075695581491524,0.9629260280402772,1.0075695581491524,0,0.0,0,0.0,0.0,96,0,0,0,0.020032499938679393,0.20867187436124368,0.4832189000080689,5.0335302084173845,0.48027230000298005,0.0,1.1188320999935968,11.654501041599966,0.07214450000901707,1.622083499940345,96,8.248011442238412e-08,9.310537160689414e-08
105,176,208,19968,0.45,0.5625,0.0,0,0,0,0,0,0,1.4025010365374924,0.9636226554980318,1.0126457485068932,0.9636226554980318,1.0126457485068932,0,0.0,0,0.0,0.0,96,0,0,0,0.022218599980988074,0.23144374980195911,0.5802265999955125,6.044027083286589,0.5767125000129454,0.0,1.3210603000043193,13.76104479171166,0.08544709997659083,1.9235054999808199,96,9.971600024860638e-08,5.6755531732677333e-08
105,177,210,20160,0.45,0.5625,0.0,0,0,0,0,0,0,0.918986235648512,0.9685860303000294,1.0308518288139004,0.9685860303000294,1.0308518288139004,0,0.0,0,0.0,0.0,96,0,0,0,0.0204190999866114,0.21269895819386875,0.543556400014495,5.662045833484323,0.5402375000194297,0.0,1.257988800018211,13.104050000189696,0.08141050004633144,1.8219643000193173,96,9.98581576542451e-08,7.518432418307519e-08
105,178,211,20256,0.45,0.5625,0.0,0,0,0,0,0,0,1.4285608886734422,0.9632875758161777,1.0200311442772083,0.9632875758161777,1.0200311442772083,0,0.0,0,0.0,0.0,96,0,0,0,0.019573100013076328,0.2038864584695451,0.48527660007675877,5.054964584132904,0.4823264999795356,0.0,1.1298653000267223,11.76943020861169,0.07376030000887113,1.6347150001165573,96,9.798632107094196e-08,8.692982195190879e-08
105,179,212,20352,0.45,0.5625,0.0,0,0,0,0,0,0,1.5754866697207506,0.9627619468450899,1.0169776341138257,0.9627619468450899,1.0169776341138257,0,0.0,0,0.0,0.0,96,0,0,0,0.022271400004683528,0.23199375004878675,0.5753581000244594,5.993313541921452,0.5719495999946957,0.0,1.2950816000302439,13.490433333648374,0.08437770000455203,1.8927111000593868,96,9.703746681188896e-08,9.704192990844795e-08
105,180,213,20448,0.45,0.5625,0.0,0,0,0,0,0,0,1.547423640802216,0.9630628387870255,1.0167750782909244,0.9630628387870255,1.0167750782909244,0,0.0,0,0.0,0.0,96,0,0,0,0.018984300055308267,0.1977531255761278,0.4632299000149942,4.825311458489523,0.4602225000562612,0.0,1.0621518000261858,11.06408125027277,0.06822759997157846,1.5443660000964883,96,9.759149197097194e-08,9.971700298816444e-08
105,181,214,20544,0.45,0.5625,0.0,0,0,0,0,0,0,1.7502433489016456,0.9623145186870591,1.0087953690924665,0.9623145186870591,1.0087953690924665,0,0.0,0,0.0,0.0,96,0,0,0,0.020433599995158147,0.21284999994956402,0.5372983000124805,5.596857291796671,0.5340760999679333,0.0,1.233783699972264,12.85191354137775,0.08044950004841667,1.7915155999799026,96,8.541602205050514e-08,9.947641890772907e-08
105,182,215,20640,0.45,0.5625,0.0,0,0,0,0,0,0,1.5220287001067792,0.9627701447011487,1.0114348370276305,0.9627701447011487,1.0114348370276305,0,0.0,0,0.0,0.0,96,0,0,0,0.020818500059249345,0.2168593756171807,0.546017100023164,5.687678125241291,0.5427708000206621,0.0,1.286355399977765,13.399535416435052,0.08524970000144094,1.8531910000601783,96,9.83583609698302e-08,6.052711581938652e-08
105,183,218,20928,0.45,0.5625,0.0,0,0,0,0,0,0,1.3606551604525254,0.9635347415066704,1.0277806719423732,0.9635347415066704,1.0277806719423732,0,0.0,0,0.0,0.0,96,0,0,0,0.020312500033469405,0.2115885420153063,0.5209023000279558,5.426065625291206,0.5178204000403639,0.0,1.1953376000237768,12.451433333581008,0.07892039998841938,1.736552400085202,96,9.728260169650227e-08,6.844234790026604e-08
105,184,220,21120,0.45,0.5625,0.0,0,0,0,0,0,0,1.551354243889747,0.9628593830192372,1.0194434886001016,0.9628593830192372,1.0194434886001016,0,0.0,0,0.0,0.0,96,0,0,0,0.020986900002753828,0.21861354169535238,0.5649176999941119,5.884559374938665,0.5615789999937988,0.0,1.3299520999280503,13.853667707583858,0.08501420003449311,1.915856699924916,96,9.913437945541226e-08,9.469689490892996e-08
105,185,221,21216,0.45,0.5625,0.0,0,0,0,0,0,0,1.8663909932047884,0.9627261583123291,1.0045925922407002,0.9627261583123291,1.0045925922407002,0,0.0,0,0.0,0.0,96,0,0,0,0.01986340003350051,0.20691041701563032,0.4950188000148046,5.156445833487548,0.4919549000405823,0.0,1.1187718000001041,11.653872916667751,0.07178340000973549,1.6336540000484092,96,8.437999624542891e-08,9.827331171052833e-08
105,186,222,21312,0.45,0.5625,0.0,0,0,0,0,0,0,1.9527852097509717,0.9623284722573635,1.0023781632247495,0.9623284722573635,1.0023781632247495,0,0.0,0,0.0,0.0,96,0,0,0,0.020134600046731066,0.2097354171534486,0.5165781000177958,5.381021875185373,0.5134714000159875,0.0,1.1949277999301557,12.447164582605788,0.08108860001084395,1.7316404999946826,96,9.253284036572773e-08,9.553358937264278e-08
105,187,223,21408,0.45,0.5625,0.0,0,0,0,0,0,0,1.0768330941778899,0.9684122952225447,1.004355636949708,0.9684122952225447,1.004355636949708,0,0.0,0,0.0,0.0,96,0,0,0,0.01901470003213035,0.1980697920013578,0.4763081999772112,4.961543749762616,0.4734047999882023,0.0,1.0887865999829955,11.341527083156203,0.06911020001280122,1.584109499992337,96,9.954274317151846e-08,3.916881000098904e-08
105,188,224,21504,0.45,0.5625,0.0,0,0,0,0,0,0,0.8403807375148724,0.9692602191276556,1.0203339662801043,0.9692602191276556,1.0203339662801043,0,0.0,0,0.0,0.0,96,0,0,0,0.020881199998257216,0.217512499981846,0.5598207000584807,5.831465625609174,0.5564186000265181,0.0,1.2974168999644462,13.514759374629648,0.08574899999075569,1.8781188000211841,96,9.348110935510079e-08,2.8513410799124728e-08
105,189,225,21600,0.45,0.5625,0.0,0,0,0,0,0,0,1.3303112097010001,0.963696693414916,1.0267249144301127,0.963696693414916,1.0267249144301127,0,0.0,0,0.0,0.0,96,0,0,0,0.020680299981904682,0.21541979147817378,0.5156384999863803,5.371234374858129,0.5124597000249196,0.0,1.2092663000148605,12.59652395848813,0.07876610002858797,1.7455850999831455,96,9.962293582091442e-08,5.62202444320814e-08
105,190,226,21696,0.45,0.5625,0.0,0,0,0,0,0,0,1.4202966284781764,0.9633740060782648,1.022038431816636,0.9633740060782648,1.022038431816636,0,0.0,0,0.0,0.0,96,0,0,0,0.020798500030650757,0.2166510419859454,0.5346808999893256,5.5695927082221415,0.531398299986904,0.0,1.251802199978556,13.039606249776625,0.08377669999754289,1.8072815999985323,96,9.866751082832081e-08,7.808024782285372e-08
105,191,227,21792,0.45,0.5625,0.0,0,0,0,0,0,0,1.569119594612456,0.9625455681609271,1.017042844270275,0.9625455681609271,1.017042844270275,0,0.0,0,0.0,0.0,96,0,0,0,0.02188330003991723,0.22795104208247116,0.5253102999922703,5.471982291586149,0.5221440000168514,0.0,1.2060255000615143,12.562765625640774,0.07594689998222748,1.7532191000937019,96,9.827706357046218e-08,9.96721169488346e-08
105,192,228,21888,0.45,0.5625,0.0,0,0,0,0,0,0,1.6280182503449405,0.9628629836848076,1.0138391274193963,0.9628629836848076,1.0138391274193963,0,0.0,0,0.0,0.0,96,0,0,0,0.021511900013138074,0.2240822918035216,0.524606600003608,5.464652083370917,0.5212978000054136,0.0,1.2189521999971475,12.697418749970288,0.07627149997279048,1.7650707000138937,96,9.986317772714415e-08,9.346718843339374e-08
105,193,229,21984,0.45,0.5625,0.0,0,0,0,0,0,0,1.5972269953109408,0.9629085888929251,1.0094560553007241,0.9629085888929251,1.0094560553007241,0,0.0,0,0.0,0.0,96,0,0,0,0.020091599952138495,0.20928749950144265,0.47663859999738634,4.964985416639441,0.473666099991533,0.0,1.1128602999888244,11.592294791550254,0.07121790003293427,1.6095904999383492,96,9.962189045920056e-08,9.475233708755582e-08
105,194,230,22080,0.45,0.5625,0.0,0,0,0,0,0,0,1.0252983192582663,0.968395721804121,1.0190052557754683,0.968395721804121,1.0190052557754683,0,0.0,0,0.0,0.0,96,0,0,0,0.018680899986065924,0.19459270818818672,0.4490490999596659,4.67759479124652,0.4463090999852284,0.0,1.0528371000036714,10.967053125038243,0.06836149998707697,1.5205670999494032,96,9.759888694102492e-08,3.538849012441059e-08
105,195,231,22176,0.45,0.5625,0.0,0,0,0,0,0,0,0.8743461321439805,0.9685904305077419,1.0229292461028396,0.9685904305077419,1.0229292461028396,0,0.0,0,0.0,0.0,96,0,0,0,0.01904670002113562,0.1984031252201627,0.4470021999513847,4.656272916160257,0.4442170000038459,0.0,1.0450629999177181,10.886072915809564,0.06811660005769227,1.5111118998902384,96,9.277239150506933e-08,6.33130860239195e-08
105,196,232,22272,0.45,0.5625,0.0,0,0,0,0,0,0,1.4505602164625608,0.9632011365398179,1.01623072198482,0.9632011365398179,1.01623072198482,0,0.0,0,0.0,0.0,96,0,0,0,0.0199965999709093,0.20829791636363856,0.45692269998107804,4.75961145813623,0.4540532000028179,0.0,1.0823306000092998,11.274277083430206,0.06868439997197129,1.5592498999612872,96,9.997338734635264e-08,9.550682592007753e-08
105,197,235,22560,0.45,0.5625,0.0,0,0,0,0,0,0,1.6100503296615505,0.9627822583551501,1.0141938418409586,0.9627822583551501,1.0141938418409586,0,0.0,0,0.0,0.0,96,0,0,0,0.020054299973708112,0.2088989580594595,0.5174068000196712,5.389654166871575,0.5142288000497501,0.0,1.2228492999711307,12.738013541365945,0.07830679999460699,1.76031039996451,96,9.801306044554536e-08,8.964843326020322e-08
105,198,236,22656,0.45,0.5625,0.0,0,0,0,0,0,0,1.497320428259002,0.9630260662934247,1.022467903290178,0.9630260662934247,1.022467903290178,0,0.0,0,0.0,0.0,96,0,0,0,0.01860369996575173,0.19378854130991385,0.4317509999818867,4.49740624981132,0.4290714999951888,0.0,1.0336117999977432,10.766789583309825,0.06710630001180107,1.4839664999453817,96,9.283966269368893e-08,8.832135162117893e-08
105,199,237,22752,0.45,0.5625,0.0,0,0,0,0,0,0,1.0468204655484814,0.9681495731341386,1.0234814715701201,0.9681495731341386,1.0234814715701201,0,0.0,0,0.0,0.0,96,0,0,0,0.019806199947197456,0.20631458278330683,0.4678820000044652,4.873770833379846,0.4650893999787513,0.0,1.0828811999454047,11.2800124994313,0.07002280004235217,1.5705693998970673,96,9.997415631457507e-08,8.348514719813682e-08
105,200,238,22848,0.45,0.5625,0.0,0,0,0,0,0,0,0.9047026918070945,0.9682883068000256,1.0236046651876887,0.9682883068000256,1.0236046651876887,0,0.0,0,0.0,0.0,96,0,0,0,0.018511500013119075,0.19282812513665704,0.45034350002970314,4.691078125309407,0.4474840999901062,0.0,1.0325321000564145,10.755542708920984,0.06702479998057242,1.5013871000992367,96,9.748778645457534e-08,6.138508229502904e-08
105,201,239,22944,0.45,0.5625,0.0,0,0,0,0,0,0,1.5018208511239706,0.9628269705712581,1.0220615185374364,0.9628269705712581,1.0220615185374364,0,0.0,0,0.0,0.0,96,0,0,0,0.01968730003136443,0.20507604199337948,0.4853924000126426,5.0561708334650275,0.4824241999958758,0.0,1.1367300000638352,11.84093750066495,0.07329579999350244,1.6418097001078422,96,9.978929460530139e-08,9.139469528407496e-08
105,202,240,23040,0.45,0.5625,0.0,0,0,0,0,0,0,1.6079971747934156,0.9626044643129835,1.025558478632765,0.9626044643129835,1.025558478632765,0,0.0,0,0.0,0.0,96,0,0,0,0.02038160002848599,0.2123083336300624,0.5197095000112313,5.413640625116993,0.5165624000001117,0.0,1.202811399998609,12.529285416652177,0.07918989998870529,1.7429025000383263,96,9.970737652187367e-08,9.818162172159361e-08
105,203,241,23136,0.45,0.5625,0.0,0,0,0,0,0,0,1.705381486055696,0.9626777760242771,1.015566674637464,0.9626777760242771,1.015566674637464,0,0.0,0,0.0,0.0,96,0,0,0,0.021064900000055786,0.21942604166724777,0.5102931000219542,5.315553125228689,0.5071557999908691,0.0,1.1956613000365905,12.454805208714484,0.07756489997700555,1.7270193000586005,96,9.912508598663994e-08,8.791256542184378e-08
105,204,243,23328,0.45,0.5625,0.0,0,0,0,0,0,0,1.6719136439191615,0.9625806231009905,1.0045463501497067,0.9625806231009905,1.0045463501497067,0,0.0,0,0.0,0.0,96,0,0,0,0.020742900007462595,0.21607187507773537,0.4780535000099917,4.979723958437414,0.47507510000286857,0.0,1.1521051999516203,12.001095832829378,0.07417089997034054,1.6509015999690746,96,9.312236315395239e-08,9.323531086069536e-08
105,205,246,23616,0.45,0.5625,0.0,0,0,0,0,0,0,1.5235544081177124,0.9626328910505217,1.0221601122115773,0.9626328910505217,1.0221601122115773,0,0.0,0,0.0,0.0,96,0,0,0,0.01960220000182744,0.20418958335236917,0.4752995999806444,4.951037499798379,0.47237989995483076,0.0,1.0966709000203991,11.423655208545824,0.06940470001427457,1.591572700002871,96,9.988745316991121e-08,8.02011471123798e-08
105,206,247,23712,0.45,0.5625,0.0,0,0,0,0,0,0,1.709530669267951,0.9622887967226851,1.0155099875388924,0.9622887967226851,1.0155099875388924,0,0.0,0,0.0,0.0,96,0,0,0,0.01890740003727842,0.1969520837216502,0.4532784999682917,4.721651041336372,0.45043439997243695,0.0,1.0455687000285252,10.891340625297138,0.06928339996375144,1.5177546000340953,96,9.898803242369691e-08,9.877890824738778e-08
105,207,248,23808,0.45,0.5625,0.0,0,0,0,0,0,0,2.0187607261752727,0.9619492648484491,1.0114581484926646,0.9619492648484491,1.0114581484926646,0,0.0,0,0.0,0.0,96,0,0,0,0.022563599959539715,0.2350374995785387,0.554111199977342,5.7719916664306465,0.5507143999784603,0.0,1.2872239999705926,13.408583333027005,0.08461540001007961,1.8638987999074743,96,8.331632046602866e-08,8.981328264434651e-08
105,208,249,23904,0.45,0.5625,0.0,0,0,0,0,0,0,1.790671017969646,0.9621793269534976,1.0068724040033004,0.9621793269534976,1.0068724040033004,0,0.0,0,0.0,0.0,96,0,0,0,0.01983690006454708,0.20663437567236542,0.5057375999822398,5.268099999814997,0.5025742999860086,0.0,1.2007775000092806,12.508098958430006,0.07609380001667887,1.7263520000560675,96,9.083630576021962e-08,9.671361184127036e-08
105,209,250,24000,0.45,0.5625,0.0,0,0,0,0,0,0,1.9883980970219606,0.9619213589671918,1.0082824022407373,0.9619213589671918,1.0082824022407373,0,0.0,0,0.0,0.0,96,0,0,0,0.020608700047887396,0.21467395883216037,0.5183827000000747,5.399819791667444,0.5150947000365704,0.0,1.1750287000759272,12.239882292457574,0.07651649994659238,1.7140201001238893,96,7.89306932834355e-08,9.309690365832957e-08
105,210,252,24192,0.45,0.5625,0.0,0,0,0,0,0,0,0.961665547681527,0.9668953436553297,1.0168225747134356,0.9668953436553297,1.0168225747134356,0,0.0,0,0.0,0.0,96,0,0,0,0.020430100012163166,0.2128135417933663,0.49444110001059016,5.150428125110314,0.49134940001385985,0.0,1.1603388000730774,12.086862500761223,0.07499209992965916,1.6752100000958308,96,9.8155199740671e-08,2.775578447633542e-08
105,211,253,24288,0.45,0.5625,0.0,0,0,0,0,0,0,1.903599013319187,0.9618840953048572,1.0079125994783835,0.9618840953048572,1.0079125994783835,0,0.0,0,0.0,0.0,96,0,0,0,0.02064200004679151,0.21502083382074488,0.49086580004222924,5.113185417106554,0.48779290000675246,0.0,1.1624271000546287,12.10861562556905,0.07474539999384433,1.6739349001436494,96,9.810448817031137e-08,9.807279641171895e-08
105,212,254,24384,0.45,0.5625,0.0,0,0,0,0,0,0,2.000194386605111,0.9617863036251283,1.010288129312426,0.9617863036251283,1.010288129312426,0,0.0,0,0.0,0.0,96,0,0,0,0.020893300032184925,0.2176385420019263,0.5331102999552968,5.553232291201009,0.5298678000181098,0.0,1.235436499970092,12.869130208021792,0.07958809998672223,1.7894400999575737,96,4.366134400204946e-08,9.299150019459468e-08
105,213,256,24576,0.45,0.5625,0.0,0,0,0,0,0,0,2.3763832898354993,0.9617266608534081,1.0075452524895834,0.9617266608534081,1.0075452524895834,0,0.0,0,0.0,0.0,96,0,0,0,0.021823799987032544,0.22733124986492234,0.5443744000076549,5.670566666746406,0.5410845000078552,0.0,1.265537499988568,13.182682291547584,0.08031110002775677,1.8317356999832555,96,7.201396909350954e-08,9.74246114338051e-08
105,214,257,24672,0.45,0.5625,0.0,0,0,0,0,0,0,1.7573182166947845,0.9616432736719562,1.0102815245760548,0.9616432736719562,1.0102815245760548,0,0.0,0,0.0,0.0,96,0,0,0,0.020221799954015296,0.21064374952099266,0.473329599997669,4.930516666642386,0.4703668999936781,0.0,1.1270629999271478,11.740239582574455,0.0728402000531787,1.620614399878832,96,9.938352044103205e-08,8.968172787726658e-08
105,215,258,24768,0.45,0.5625,0.0,0,0,0,0,0,0,1.157526839053325,0.9657361807837845,1.0096269385535217,0.9657361807837845,1.0096269385535217,0,0.0,0,0.0,0.0,96,0,0,0,0.021525699965422973,0.2242260413064893,0.548008999961894,5.708427082936396,0.5447770000100718,0.0,1.282455900000059,13.358915625000614,0.08323019997624215,1.851990599927376,96,9.341904937121281e-08,4.045853485568074e-08
105,216,259,24864,0.45,0.5625,0.0,0,0,0,0,0,0,0.9806064547391782,0.9662845654609612,1.0214028955152528,0.9662845654609612,1.0214028955152528,0,0.0,0,0.0,0.0,96,0,0,0,0.021306300019205082,0.22194062520005295,0.5453930999719887,5.681178124708215,0.542008899989014,0.0,1.2453563999515609,12.972462499495427,0.07810330000211252,1.8120557999427547,96,9.679081411362311e-08,4.801347951166601e-08
105,217,260,24960,0.45,0.5625,0.0,0,0,0,0,0,0,1.842295506622224,0.961978472013139,1.008756099716662,0.961978472013139,1.008756099716662,0,0.0,0,0.0,0.0,96,0,0,0,0.021108299974002875,0.21987812472919663,0.5093711999725201,5.305949999713751,0.506187399958435,0.0,1.2001233999762917,12.501285416419705,0.07772380003007129,1.7306028999228147,96,9.988972834648613e-08,9.153501290271038e-08
105,218,261,25056,0.45,0.5625,0.0,0,0,0,0,0,0,1.9768996530167608,0.9617379363962684,1.00823272165791,0.9617379363962684,1.00823272165791,0,0.0,0,0.0,0.0,96,0,0,0,0.02037289998406777,0.21221770816737262,0.49106529996061,5.115263541256354,0.4880481999789481,0.0,1.1541961999682826,12.022877083002944,0.0745110999996541,1.6656343999129604,96,8.880696196651716e-08,8.882528768072717e-08
105,219,262,25152,0.45,0.5625,0.0,0,0,0,0,0,0,2.060861106783567,0.9616065624301275,1.0095424745902233,0.9616065624301275,1.0095424745902233,0,0.0,0,0.0,0.0,96,0,0,0,0.02064669998799218,0.2150697915415852,0.5272937000190723,5.492642708532003,0.5241490000189515,0.0,1.2295300000114366,12.807604166785799,0.07861229997797636,1.777470400018501,96,9.134604663819934e-08,9.834256547991416e-08
105,220,263,25248,0.45,0.5625,0.0,0,0,0,0,0,0,1.8523842675790099,0.9618436541269516,1.0138673709707215,0.9618436541269516,1.0138673709707215,0,0.0,0,0.0,0.0,96,0,0,0,0.021617599959427025,0.22518333291069817,0.5326192000211449,5.548116666886926,0.5292835000363993,0.0,1.2141976000202703,12.647891666877817,0.078151199981221,1.7684344000008423,96,9.926769801993363e-08,9.564976061193775e-08
105,221,264,25344,0.45,0.5625,0.0,0,0,0,0,0,0,1.789033429150887,0.9618072492074734,1.0117880842064533,0.9618072492074734,1.0117880842064533,0,0.0,0,0.0,0.0,96,0,0,0,0.020380100009788293,0.2122927084352947,0.49932079998689005,5.201258333196772,0.49624140001105843,0.0,1.1512267999569303,11.99194583288469,0.075445500027854,1.6709276999536087,96,9.878267308305322e-08,9.277436360810576e-08
105,222,265,25440,0.45,0.5625,0.0,0,0,0,0,0,0,1.18114587931509,0.9649218534965729,1.0181327257039106,0.9649218534965729,1.0181327257039106,0,0.0,0,0.0,0.0,96,0,0,0,0.020597500013536774,0.21455729180767472,0.5049886000051629,5.260297916720447,0.501962399968761,0.0,1.19591079998645,12.45740416652552,0.07778459999826737,1.7214969000051497,96,9.652225603853926e-08,4.057976295268606e-08
105,223,266,25536,0.45,0.5625,0.0,0,0,0,0,0,0,1.0600566126538478,0.9654407103228944,1.0122774722997117,0.9654407103228944,1.0122774722997117,0,0.0,0,0.0,0.0,96,0,0,0,0.019806899974355474,0.20632187473286953,0.501298900016991,5.221863541843656,0.49830220001604175,0.0,1.1528969000137295,12.009342708476348,0.07414950001839316,1.674002700005076,96,8.915301377568699e-08,3.332593326299538e-08
105,224,267,25632,0.45,0.5625,0.0,0,0,0,0,0,0,1.9986164599725695,0.9619210235512676,1.009372183286336,0.9619210235512676,1.009372183286336,0,0.0,0,0.0,0.0,96,0,0,0,0.019098599943390582,0.19894374941031856,0.5019150000225636,5.228281250235038,0.49891499998921063,0.0,1.1736963000585092,12.226003125609472,0.07457029997021891,1.6947099000244634,96,9.957186493728121e-08,9.603653455814154e-08
105,225,269,25824,0.45,0.5625,0.0,0,0,0,0,0,0,2.047001176548511,0.9613739875796684,1.0120812168593338,0.9613739875796684,1.0120812168593338,0,0.0,0,0.0,0.0,96,0,0,0,0.020435400030692108,0.21286875031970945,0.5444001000505523,5.670834375526586,0.5410804000566714,0.0,1.2704862000682624,13.234231250711067,0.08154359999753069,1.8353217001495068,96,9.953715129906726e-08,9.922007035423341e-08
105,226,270,25920,0.45,0.5625,0.0,0,0,0,0,0,0,2.1651510223682915,0.9612612119858843,1.0089732852633457,0.9612612119858843,1.0089732852633457,0,0.0,0,0.0,0.0,96,0,0,0,0.01856400000542635,0.1933750000565245,0.4527955999583355,4.716620832899328,0.4500635000295006,0.0,1.0748253999918234,11.196097916581493,0.07048339998436859,1.5461849999555852,96,8.199934595047587e-08,9.325360580958453e-08
105,227,272,26112,0.45,0.5625,0.0,0,0,0,0,0,0,1.2613315030265844,0.9641711064253491,1.0098225105823286,0.9641711064253491,1.0098225105823286,0,0.0,0,0.0,0.0,96,0,0,0,0.019370099958905485,0.20177187457193213,0.4903697000409011,5.1080177087593865,0.4873975999216782,0.0,1.1454383000236703,11.931648958579899,0.07480469995061867,1.6551781000234769,96,9.751532588364586e-08,4.345521845139366e-08
105,228,273,26208,0.45,0.5625,0.0,0,0,0,0,0,0,1.020306893924445,0.9662989311690037,1.0130570499217761,0.9662989311690037,1.0130570499217761,0,0.0,0,0.0,0.0,96,0,0,0,0.019395599993003998,0.20203749992712497,0.45642779995978344,4.754456249581078,0.45357279997551814,0.0,1.0592726999457227,11.034090624434612,0.0672511000520899,1.5350960998985101,96,9.273769445081181e-08,2.7796980966998674e-08
105,229,274,26304,0.45,0.5625,0.0,0,0,0,0,0,0,1.7338234368476135,0.962534931996873,1.0029074576379966,0.962534931996873,1.0029074576379966,0,0.0,0,0.0,0.0,96,0,0,0,0.02072760002920404,0.21591250030420875,0.5583508000563597,5.816154167253747,0.5549741000068025,0.0,1.2913513999665156,13.451577082984537,0.0840804999897955,1.8704298000520794,96,9.175551676093852e-08,9.873439496543845e-08
105,230,275,26400,0.45,0.5625,0.0,0,0,0,0,0,0,1.2194279479862262,0.9638471336008799,1.0093760893327777,0.9638471336008799,1.0093760893327777,0,0.0,0,0.0,0.0,96,0,0,0,0.01921800003037788,0.20018750031643626,0.4893604000026244,5.097504166694004,0.48642210005345987,0.0,1.166692900013004,12.153051041802124,0.07493849997990765,1.6752713000460062,96,9.477718785136369e-08,4.7675715458828094e-08
105,231,276,26496,0.45,0.5625,0.0,0,0,0,0,0,0,2.218187846697811,0.9611149768404315,1.0096899441876535,0.9611149768404315,1.0096899441876535,0,0.0,0,0.0,0.0,96,0,0,0,0.018611700041219592,0.19387187542937076,0.4511544000051799,4.699525000053957,0.44839990005857544,0.0,1.083039400044072,11.28166041712575,0.07334540000010747,1.5528055000904715,96,8.879818743159906e-08,9.79268327538918e-08
105,232,278,26688,0.45,0.5625,0.0,0,0,0,0,0,0,2.371648085439039,0.9605657482643966,1.009878582879882,0.9605657482643966,1.009878582879882,0,0.0,0,0.0,0.0,96,0,0,0,0.019988999985798728,0.2082187498520701,0.571190700014995,5.949903125156197,0.5678679000411648,0.0,1.3332471999601694,13.887991666251764,0.08627250004792586,1.924426899960963,96,7.863177764293183e-08,9.945236301156513e-08
105,233,280,26880,0.45,0.5625,0.0,0,0,0,0,0,0,1.1856477304114525,0.9639629327686239,1.0041380980721448,0.9639629327686239,1.0041380980721448,0,0.0,0,0.0,0.0,96,0,0,0,0.018946299998788163,0.19735729165404337,0.4665785999968648,4.860193749967341,0.463706300011836,0.0,1.0854559000217705,11.306832291893443,0.06796850000682753,1.5709808000174235,96,9.792406528881525e-08,4.4358983569692256e-08
105,234,281,26976,0.45,0.5625,0.0,0,0,0,0,0,0,2.3432754581114015,0.9610129387454557,1.0092759476912108,0.9610129387454557,1.0092759476912108,0,0.0,0,0.0,0.0,96,0,0,0,0.01926539995474741,0.20068124952861885,0.42851249998784624,4.463671874873398,0.4257904000551207,0.0,0.9983804999792483,10.399796874783837,0.06532630004949169,1.446158399921842,96,8.826851273339986e-08,9.131114642180194e-08
105,235,283,27168,0.45,0.5625,0.0,0,0,0,0,0,0,2.5974895105618767,0.9606488916660165,1.0108330174120796,0.9606488916660165,1.0108330174120796,0,0.0,0,0.0,0.0,96,0,0,0,0.019667600041429978,0.2048708337648956,0.49100700002600206,5.114656250270855,0.4880326999700628,0.0,1.1249681000044802,11.718417708380002,0.07480240001314087,1.6356427000719123,96,9.758941897641815e-08,7.806223889517128e-08
105,236,286,27456,0.45,0.5625,0.0,0,0,0,0,0,0,1.2976249843158205,0.963046450765961,1.0174929200348393,0.963046450765961,1.0174929200348393,0,0.0,0,0.0,0.0,96,0,0,0,0.020925100005115382,0.2179697917199519,0.5358820999608724,5.582105207925754,0.5325715999933891,0.0,1.2317851999832783,12.831095833159148,0.08177820005221292,1.788592399949266,96,9.813135580169496e-08,6.723338122349709e-08
105,237,288,27648,0.45,0.5625,0.0,0,0,0,0,0,0,2.0379870783313647,0.960951687997529,1.013636880181946,0.960951687997529,1.013636880181946,0,0.0,0,0.0,0.0,96,0,0,0,0.018882999997003935,0.19669791663545766,0.44682180000381777,4.654393750039769,0.4440510999338585,0.0,1.0460818999999901,10.89668645833323,0.0667857000080403,1.5117867000008118,96,9.949176760226663e-08,9.76204773961431e-08
105,238,290,27840,0.45,0.5625,0.0,0,0,0,0,0,0,2.2959259707196193,0.9607180045801573,1.0129915623652892,0.9607180045801573,1.0129915623652892,0,0.0,0,0.0,0.0,96,0,0,0,0.020749600007547997,0.21614166674529164,0.5236033999826759,5.454202083152874,0.5204265000284067,0.0,1.2286302999855252,12.798232291515887,0.08113679999223677,1.772983299975749,96,9.596704079843643e-08,9.385544036399907e-08
105,239,292,28032,0.45,0.5625,0.0,0,0,0,0,0,0,2.514967935543874,0.9606070771584148,1.0110176016498738,0.9606070771584148,1.0110176016498738,0,0.0,0,0.0,0.0,96,0,0,0,0.019101500023680273,0.19897395858000286,0.4704288999855635,4.900301041516286,0.46752599996398203,0.0,1.115793599994504,11.62284999994275,0.07132810000621248,1.6053240000037476,96,9.336607480203707e-08,9.656426436244203e-08
105,240,294,28224,0.45,0.5625,0.0,0,0,0,0,0,0,1.2742540630387937,0.963555903224585,1.0028103462557774,0.963555903224585,1.0028103462557774,0,0.0,0,0.0,0.0,96,0,0,0,0.018545099985203706,0.19317812484587193,0.4560905999969691,4.750943749968428,0.4532273000004352,0.0,1.0716386999265524,11.162903124234921,0.06962890005524969,1.5462743999087252,96,9.340661608764345e-08,5.679355721821544e-08
105,241,295,28320,0.45,0.5625,0.0,0,0,0,0,0,0,2.839667730269898,0.961051273587758,1.00647144883844,0.961051273587758,1.00647144883844,0,0.0,0,0.0,0.0,96,0,0,0,0.020586200007528532,0.21443958341175554,0.5596358999900986,5.82954062489686,0.5562779999818304,0.0,1.2864134000556078,13.400139583912582,0.08299519993306603,1.8666355000532349,96,9.801846789954383e-08,9.9533048192324e-08
105,242,297,28512,0.45,0.5625,0.0,0,0,0,0,0,0,2.8382563445497726,0.9605840988270651,1.0103870051349042,0.9605840988270651,1.0103870051349042,0,0.0,0,0.0,0.0,96,0,0,0,0.018871699983719736,0.19658020816374724,0.4889528999920003,5.09325937491667,0.48595389998081373,0.0,1.1273881999513833,11.74362708282691,0.07245800005330238,1.6352127999271033,96,9.949364608227707e-08,8.870123399673524e-08
105,243,298,28608,0.45,0.5625,0.0,0,0,0,0,0,0,2.672677402456774,0.9607489782898065,1.009431709299353,0.9607489782898065,1.009431709299353,0,0.0,0,0.0,0.0,96,0,0,0,0.020362600065709557,0.21211041735114122,0.5060952000203542,5.271825000212023,0.5030183999842848,0.0,1.1755968999787,12.245801041444793,0.07608460003393702,1.702054700064764,96,9.662187988070114e-08,9.656521651746353e-08
105,244,300,28800,0.45,0.5625,0.0,0,0,0,0,0,0,1.6768909931479477,0.9626398110354111,1.0006356125205007,0.9626398110354111,1.0006356125205007,0,0.0,0,0.0,0.0,96,0,0,0,0.018978100015374366,0.1976885418268163,0.45971649999410147,4.788713541605223,0.4568731999534066,0.0,1.0990750999408192,11.448698957716866,0.07233390000328654,1.577769699950295,96,9.082156974399291e-08,9.033347833642402e-08
105,245,302,28992,0.45,0.5625,0.0,0,0,0,0,0,0,1.748419484538881,0.9621732376684288,1.0053095950412927,0.9621732376684288,1.0053095950412927,0,0.0,0,0.0,0.0,96,0,0,0,0.020937300025252625,0.2180968752630482,0.5649472999721183,5.8848677080429,0.5616189000138547,0.0,1.3011456000167527,13.553600000174507,0.08538480000424897,1.8870302000141237,96,9.287607655172891e-08,9.908969464400563e-08
105,246,303,29088,0.45,0.5625,0.0,0,0,0,0,0,0,1.3531143732484827,0.9635343425949007,1.004228923074504,0.9635343425949007,1.004228923074504,0,0.0,0,0.0,0.0,96,0,0,0,0.019000899999809917,0.19792604166468664,0.47488669998710975,4.94673645819906,0.4720291000994621,0.0,1.092922500007262,11.384609375075646,0.07202919994597323,1.5868100999941817,96,9.897920302814889e-08,6.334505489591358e-08
105,247,304,29184,0.45,0.5625,0.0,0,0,0,0,0,0,1.9782208636376362,0.9612556897872142,1.0018802388864598,0.9612556897872142,1.0018802388864598,0,0.0,0,0.0,0.0,96,0,0,0,0.01881480002339231,0.19598750024366987,0.45527279999805614,4.742424999979751,0.4525004999813973,0.0,1.0537861999255256,10.976939582557558,0.06720910002331948,1.527873799946974,96,8.804758391996181e-08,9.192513736322461e-08
105,248,305,29280,0.45,0.5625,0.0,0,0,0,0,0,0,2.5709814782961584,0.9613871747429514,1.0079126744818443,0.9613871747429514,1.0079126744818443,0,0.0,0,0.0,0.0,96,0,0,0,0.019024900015210733,0.1981760418251118,0.4963252999878023,5.170055208206274,0.49326749997999286,0.0,1.1465366999691469,11.943090624678613,0.07555270000739256,1.6618868999721599,96,9.146422071983074e-08,9.438529277594476e-08
105,249,306,29376,0.45,0.5625,0.0,0,0,0,0,0,0,2.4751793206264323,0.9614052548790387,1.0075097613258122,0.9614052548790387,1.0075097613258122,0,0.0,0,0.0,0.0,96,0,0,0,0.01948370000900468,0.20295520842713208,0.4877061999577563,5.080272916226629,0.4847664999833796,0.0,1.1273048000148265,11.742758333487776,0.07205059999978403,1.6344946999815875,96,9.442317218041896e-08,9.933435712872196e-08
105,250,307,29472,0.45,0.5625,0.0,0,0,0,0,0,0,1.610372897858553,0.9619569139198951,1.0040740630818294,0.9619569139198951,1.0040740630818294,0,0.0,0,0.0,0.0,96,0,0,0,0.019109400032903068,0.1990562503427403,0.4719905999809271,4.916568749801324,0.4691689000392216,0.0,1.068090799933998,11.125945832645812,0.07086310000158846,1.559190799947828,96,9.787225429408464e-08,8.862430470046867e-08
105,251,309,29664,0.45,0.5625,0.0,0,0,0,0,0,0,2.823680260814538,0.9607371868328709,1.007017245006914,0.9607371868328709,1.007017245006914,0,0.0,0,0.0,0.0,96,0,0,0,0.01990010000008624,0.20729270833423166,0.5052835999449599,5.263370832759999,0.5022530000060215,0.0,1.1664742999855662,12.150773958182981,0.07597440000245115,1.6916579999306123,96,9.683389403693232e-08,8.81802300622958e-08
105,252,310,29760,0.45,0.5625,0.0,0,0,0,0,0,0,3.1681738303059115,0.9608164018559721,1.0059733558522563,0.9608164018559721,1.0059733558522563,0,0.0,0,0.0,0.0,96,0,0,0,0.019327100009832066,0.20132395843575068,0.5082444999861764,5.29421354152267,0.5051548999908846,0.0,1.1773983000603039,12.264565625628165,0.07865929995750776,1.7049699000563123,96,9.993737362830324e-08,7.625315448511749e-08
105,253,312,29952,0.45,0.5625,0.0,0,0,0,0,0,0,3.272788571023608,0.9608197525921364,1.0036402049093955,0.9608197525921364,1.0036402049093955,0,0.0,0,0.0,0.0,96,0,0,0,0.02009369997540489,0.20930937474380093,0.520497899982729,5.421853124820093,0.5173218999625533,0.0,1.1978202000973397,12.477293751013955,0.07530649994441774,1.7384118000554736,96,9.986063028300917e-08,9.495266919956613e-08
105,254,313,30048,0.45,0.5625,0.0,0,0,0,0,0,0,3.367211639597545,0.960654167902799,1.0037897336810222,0.960654167902799,1.0037897336810222,0,0.0,0,0.0,0.0,96,0,0,0,0.01982580002368195,0.20651875024668698,0.5106365999527043,5.319131249507336,0.5075216999684926,0.0,1.1792093999538338,12.283431249519102,0.0769882000022335,1.70967179993022,96,8.684554578079762e-08,8.925586422736664e-08
105,255,314,30144,0.45,0.5625,0.0,0,0,0,0,0,0,1.9948628719877957,0.9624897244408613,1.0,0.9624897244408613,1.0,0,0.0,0,0.0,0.0,96,0,0,0,0.018706800023210235,0.1948625002417733,0.4818874999837135,5.019661458163682,0.47900780000782106,0.0,1.0964689999673283,11.421552082993003,0.0715398000102141,1.597063299974252,96,4.774687836078817e-08,9.931880845526209e-08
105,256,315,30240,0.45,0.5625,0.0,0,0,0,0,0,0,1.6161646001903809,0.9628839602849738,1.0,0.9628839602849738,1.0,0,0.0,0,0.0,0.0,96,0,0,0,0.018665400035388302,0.19443125036862816,0.4602229999800329,4.7939895831253425,0.4573294999645441,0.0,1.0458511000761064,10.894282292459442,0.06683299998258008,1.5247395000915276,96,9.786941974725127e-08,9.131373615578475e-08
105,257,316,30336,0.45,0.5625,0.0,0,0,0,0,0,0,3.0581254865166545,0.9604620016169436,1.008840381387646,0.9604620016169436,1.008840381387646,0,0.0,0,0.0,0.0,96,0,0,0,0.018790500063914806,0.19573437566577923,0.4795791000215104,4.995615625224066,0.47666259999823524,0.0,1.1227634000388207,11.695452083737715,0.0741282999588293,1.6211330001242459,96,9.780916865494149e-08,9.813276066750198e-08
105,258,317,30432,0.45,0.5625,0.0,0,0,0,0,0,0,3.1947640178198005,0.9604723824086098,1.0091044236047757,0.9604723824086098,1.0091044236047757,0,0.0,0,0.0,0.0,96,0,0,0,0.021191099993302487,0.22074062493023425,0.562347699982638,5.857788541485813,0.558948900004907,0.0,1.3056132999772672,13.600138541429866,0.08466730002692202,1.8891520999532077,96,9.675743594143513e-08,8.591005282165831e-08
105,259,320,30720,0.45,0.5625,0.0,0,0,0,0,0,0,3.12963837496419,0.9603838154076002,1.0080725105007773,0.9603838154076002,1.0080725105007773,0,0.0,0,0.0,0.0,96,0,0,0,0.0194174000134808,0.20226458347375834,0.4635897000116529,4.829059375121385,0.4607882999625872,0.0,1.0773325999907684,11.22221458323717,0.06935930001782253,1.560339700015902,96,9.377019662484831e-08,8.392127895384682e-08
105,260,321,30816,0.45,0.5625,0.0,0,0,0,0,0,0,2.0939002541656357,0.9623065871651478,1.0,0.9623065871651478,1.0,0,0.0,0,0.0,0.0,96,0,0,0,0.020034499997564126,0.20869270830795963,0.511375499983842,5.326828124831688,0.5082346999915899,0.0,1.1670951999694807,12.157241666348758,0.07393640001100721,1.698505199950887,96,4.559065907780435e-08,9.905303507973251e-08
105,261,322,30912,0.45,0.5625,0.0,0,0,0,0,0,0,1.5867131694737187,0.9627202066484608,1.0012025403840246,0.9627202066484608,1.0012025403840246,0,0.0,0,0.0,0.0,96,0,0,0,0.019143500045174733,0.19941145880390346,0.4829673999847728,5.03091041650805,0.4799851999632665,0.0,1.13000049997936,11.770838541451667,0.07224870001664385,1.6321114000093075,96,9.980922487801136e-08,9.751550678060994e-08
105,262,323,31008,0.45,0.5625,0.0,0,0,0,0,0,0,3.5129878763633076,0.9602756889506863,1.0048689170890612,0.9602756889506863,1.0048689170890612,0,0.0,0,0.0,0.0,96,0,0,0,0.02055449998442782,0.2141093748377898,0.5431293999499758,5.657597916145581,0.5399542999803089,0.0,1.2787086999815074,13.319882291474036,0.08302310003637103,1.842392599915911,96,9.421338514892241e-08,8.648360999563565e-08
105,263,324,31104,0.45,0.5625,0.0,0,0,0,0,0,0,3.5426550953172304,0.9605755905183962,1.0040395482754791,0.9605755905183962,1.0040395482754791,0,0.0,0,0.0,0.0,96,0,0,0,0.020163200017123017,0.2100333335116981,0.5133074000186753,5.346952083527867,0.5101749999957974,0.0,1.219019300006039,12.69811770839624,0.07903230004012585,1.7524899000418372,96,8.996196974864201e-08,8.204957394064571e-08
105,264,325,31200,0.45,0.5625,0.0,0,0,0,0,0,0,3.1499853494176397,0.9602518571780398,1.0102790800968142,0.9602518571780398,1.0102790800968142,0,0.0,0,0.0,0.0,96,0,0,0,0.020231800044712145,0.21074791713241817,0.5211104999834788,5.4282343748279045,0.5178586000038194,0.0,1.229618900033529,12.808530208682592,0.07691589999740245,1.7709612000617199,96,9.935004739898556e-08,9.868677389168745e-08
105,265,326,31296,0.45,0.5625,0.0,0,0,0,0,0,0,3.373217405884749,0.9599374049960608,1.0099377864546648,0.9599374049960608,1.0099377864546648,0,0.0,0,0.0,0.0,96,0,0,0,0.02019720000680536,0.21038750007088916,0.49949650000053225,5.203088541672211,0.4964466000237735,0.0,1.1547263000029488,12.02839895836405,0.07360659999540076,1.6744200000102865,96,9.534088655713258e-08,7.49794756838007e-08
105,266,327,31392,0.45,0.5625,0.0,0,0,0,0,0,0,3.1849044398614206,0.9605034828430398,1.0075164448334752,0.9605034828430398,1.0075164448334752,0,0.0,0,0.0,0.0,96,0,0,0,0.019982200014055707,0.20814791681308029,0.5074852000543615,5.286304167232932,0.50438680001389,0.0,1.1564456999258255,12.046309374227349,0.07629770003404701,1.6839130999942427,96,9.104773266918609e-08,9.383529786521905e-08
105,267,328,31488,0.45,0.5625,0.0,0,0,0,0,0,0,2.080147475850519,0.9624579632797061,1.0,0.9624579632797061,1.0,0,0.0,0,0.0,0.0,96,0,0,0,0.019029700008104555,0.19822604175108913,0.46768850002263207,4.871755208569084,0.464760099981504,0.0,1.1013452999832225,11.472346874825234,0.06997899999987567,1.5880635000139591,96,4.529003483876026e-08,9.877899456722794e-08
105,268,331,31776,0.45,0.5625,0.0,0,0,0,0,0,0,3.760076095119805,0.9601870991284566,1.0066332868777004,0.9601870991284566,1.0066332868777004,0,0.0,0,0.0,0.0,96,0,0,0,0.01882450001721736,0.19608854184601418,0.4630998000211548,4.823956250220363,0.46023410002089804,0.0,1.1081856000018888,11.543600000019675,0.07215410000208067,1.590109900040261,96,9.505739851506378e-08,9.122231997560348e-08
105,269,332,31872,0.45,0.5625,0.0,0,0,0,0,0,0,3.4540064141148186,0.9605270844305085,1.006584621323799,0.9605270844305085,1.006584621323799,0,0.0,0,0.0,0.0,96,0,0,0,0.018792899973050226,0.19575937471927318,0.4838503000573837,5.0401072922644135,0.48091049998038216,0.0,1.1204369999759365,11.671218749749338,0.07151070005056681,1.6230802000063704,96,9.70495321259146e-08,9.201927095303652e-08
105,270,333,31968,0.45,0.5625,0.0,0,0,0,0,0,0,3.62748432513595,0.9606069631130849,1.0045913152241395,0.9606069631130849,1.0045913152241395,0,0.0,0,0.0,0.0,96,0,0,0,0.019700900018506218,0.20521770852610643,0.48131459996511694,5.0136937496366345,0.47841249995690305,0.0,1.1137368999625323,11.601426041276378,0.07257520004350226,1.6147523999461555,96,9.265359909860216e-08,9.87124364193459e-08
105,271,334,32064,0.45,0.5625,0.0,0,0,0,0,0,0,3.352396182060135,0.9606496606974152,1.0057597124656106,0.9606496606974152,1.0057597124656106,0,0.0,0,0.0,0.0,96,0,0,0,0.01953219997085398,0.2034604163630623,0.49656459999096114,5.172547916572512,0.4935753999379813,0.0,1.1607959999892046,12.091624999887548,0.07541549998859409,1.6768927999510197,96,9.728967008751366e-08,9.691673866218942e-08
105,272,335,32160,0.45,0.5625,0.0,0,0,0,0,0,0,2.186972900771722,0.9623765207655351,1.0,0.9623765207655351,1.0,0,0.0,0,0.0,0.0,96,0,0,0,0.018938299966976047,0.1972739579893338,0.4701560999819776,4.897459374812267,0.467287799991027,0.0,1.0946158999795443,11.402248958120254,0.069695900005172,1.583710299928498,96,4.2558314502713634e-08,9.696174793627499e-08
105,273,336,32256,0.45,0.5625,0.0,0,0,0,0,0,0,1.9445423783400322,0.9624592142259166,1.0,0.9624592142259166,1.0,0,0.0,0,0.0,0.0,96,0,0,0,0.01903689996834146,0.1983010413368902,0.491654200006451,5.121397916733865,0.4885678999344236,0.0,1.1531633000413422,12.01211770876398,0.0737002000096254,1.6638544000161346,96,4.7512792901438505e-08,9.81125160282037e-08
105,274,337,32352,0.45,0.5625,0.0,0,0,0,0,0,0,3.960582093822208,0.9597969606008755,1.0051905253510722,0.9597969606008755,1.0051905253510722,0,0.0,0,0.0,0.0,96,0,0,0,0.019946499989600852,0.2077760415583422,0.49936500003241235,5.201718750337629,0.49634370004059747,0.0,1.180048700014595,12.292173958485364,0.0778322999831289,1.6993602000366081,96,8.873872576857511e-08,7.779718730338558e-08
105,275,338,32448,0.45,0.5625,0.0,0,0,0,0,0,0,4.032667188999273,0.960213949821518,1.0050174989915566,0.960213949821518,1.0050174989915566,0,0.0,0,0.0,0.0,96,0,0,0,0.02008189999469323,0.2091864582780545,0.5068353999304236,5.279535415941912,0.5038208000405575,0.0,1.1650195000038366,12.135619791706631,0.07583040001190966,1.6919367999289534,96,9.939724425478413e-08,8.489291367097529e-08
105,276,339,32544,0.45,0.5625,0.0,0,0,0,0,0,0,4.005618684224531,0.9599742050143211,1.0043679192764134,0.9599742050143211,1.0043679192764134,0,0.0,0,0.0,0.0,96,0,0,0,0.019580600106564816,0.2039645844433835,0.48732849998486927,5.076338541509055,0.48433760000625625,0.0,1.1412189000402577,11.887696875419351,0.07261929998639971,1.6481280001316918,96,9.210766589544395e-08,8.285971991872643e-08
105,277,340,32640,0.45,0.5625,0.0,0,0,0,0,0,0,3.6539894751137467,0.9601447555181829,1.0133632246858457,0.9601447555181829,1.0133632246858457,0,0.0,0,0.0,0.0,96,0,0,0,0.01961970003321767,0.2043718753460174,0.4771526999975322,4.970340624974294,0.4741647000264493,0.0,1.0960007999528898,11.416674999509269,0.06933320000825915,1.5927731999836396,96,9.84163509801933e-08,8.187320182928559e-08
105,278,343,32928,0.45,0.5625,0.0,0,0,0,0,0,0,1.9532724053852195,0.9623735261088344,1.0,0.9623735261088344,1.0,0,0.0,0,0.0,0.0,96,0,0,0,0.02144140000018524,0.22334791666859624,0.5410937000488047,5.636392708841716,0.5378822000420769,0.0,1.2187866999738617,12.695694791394393,0.0786785000236705,1.7813218000228517,96,4.7472553683231e-08,9.707902509648036e-08
105,279,344,33024,0.45,0.5625,0.0,0,0,0,0,0,0,3.941144791405306,0.9603504463306115,1.0034357814993455,0.9603504463306115,1.0034357814993455,0,0.0,0,0.0,0.0,96,0,0,0,0.019446800026344135,0.2025708336077514,0.49912209999456536,5.199188541610056,0.4960695000409032,0.0,1.1778816999139963,12.269601040770794,0.07606969999324065,1.6964505999349058,96,9.9340063709763e-08,7.907284452213226e-08
105,280,345,33120,0.45,0.5625,0.0,0,0,0,0,0,0,4.048716037142083,0.9602171436039335,1.006077138518757,0.9602171436039335,1.006077138518757,0,0.0,0,0.0,0.0,96,0,0,0,0.021138800024345983,0.2201958335869373,0.5729160999981104,5.967876041646984,0.5695227999967756,0.0,1.3159098999603884,13.707394791254046,0.08586580002884148,1.9099647999828449,96,8.432741596155202e-08,8.746219568034341e-08
105,281,346,33216,0.45,0.5625,0.0,0,0,0,0,0,0,3.8127411604801247,0.9598948103885148,1.011828155703858,0.9598948103885148,1.011828155703858,0,0.0,0,0.0,0.0,96,0,0,0,0.01984199997241376,0.20668749971264333,0.5072493999905419,5.283847916568145,0.5041305000049761,0.0,1.155141800052661,12.032727083881886,0.0736785999906715,1.6822332000156166,96,9.629491929535883e-08,9.448986371118906e-08
105,282,347,33312,0.45,0.5625,0.0,0,0,0,0,0,0,3.9513222809147477,0.9602245059260277,1.0078671358825972,0.9602245059260277,1.0078671358825972,0,0.0,0,0.0,0.0,96,0,0,0,0.019580200001655612,0.20396041668391263,0.4899602999648778,5.103753124634143,0.48695040001621237,0.0,1.1740395000160788,12.229578125167487,0.0764486000261968,1.6835799999826122,96,9.839858958887726e-08,9.622345600868165e-08
105,283,348,33408,0.45,0.5625,0.0,0,0,0,0,0,0,3.3686330761289063,0.9605697390019818,1.0066551727484974,0.9605697390019818,1.0066551727484974,0,0.0,0,0.0,0.0,96,0,0,0,0.01891580005758442,0.19703958393317103,0.4703607999981614,4.899591666647514,0.46744059995398857,0.0,1.072819100030756,11.17519895865371,0.06894279997504782,1.562095700086502,96,9.685202494169598e-08,8.822165942223847e-08
105,284,349,33504,0.45,0.5625,0.0,0,0,0,0,0,0,2.1928347834968593,0.962323555060274,1.0,0.962323555060274,1.0,0,0.0,0,0.0,0.0,96,0,0,0,0.020472800017159898,0.21325833351208226,0.528779999964172,5.508124999626792,0.5255435999424662,0.0,1.231924599967897,12.83254791633226,0.0802481999999145,1.7811773999492289,96,4.684457028877875e-08,9.649553517343534e-08
105,285,351,33696,0.45,0.5625,0.0,0,0,0,0,0,0,3.544427410609191,0.9604817835943376,1.0056609176781088,0.9604817835943376,1.0056609176781088,0,0.0,0,0.0,0.0,96,0,0,0,0.018244700018840376,0.19004895852958725,0.4424471999882371,4.60882499987747,0.439702599964221,0.0,1.0552543999947375,10.992233333278515,0.06816180003806949,1.515946300001815,96,8.823135675198324e-08,7.76680637859517e-08
105,286,352,33792,0.45,0.5625,0.0,0,0,0,0,0,0,3.595175208048698,0.9604655065393841,1.0033853263642765,0.9604655065393841,1.0033853263642765,0,0.0,0,0.0,0.0,96,0,0,0,0.019457499991403893,0.2026822915771239,0.509706400000141,5.309441666668135,0.5066532999990159,0.0,1.216347899971879,12.670290624707073,0.08034310001676204,1.745511799963424,96,9.939348533452574e-08,9.559936758885001e-08
105,287,353,33888,0.45,0.5625,0.0,0,0,0,0,0,0,3.371711932655944,0.9607940258027028,1.0028974933002825,0.9607940258027028,1.0028974933002825,0,0.0,0,0.0,0.0,96,0,0,0,0.01998110001295572,0.20813645846828877,0.502315700003237,5.232455208367052,0.49931310001556994,0.0,1.1467467000402394,11.94527812541916,0.07412889997794991,1.669043500056432,96,9.55093484595465e-08,9.389692745553901e-08
105,288,354,33984,0.45,0.5625,0.0,0,0,0,0,0,0,3.180392372264562,0.9611290684588111,1.002157465632087,0.9611290684588111,1.002157465632087,0,0.0,0,0.0,0.0,96,0,0,0,0.01868350005679531,0.1946197922582845,0.44338590004190337,4.618603125436493,0.4406364999958896,0.0,1.0223458999680588,10.649436458000613,0.06472909999865806,1.4844153000667575,96,9.945628263660633e-08,8.119656183525059e-08
105,289,355,34080,0.45,0.5625,0.0,0,0,0,0,0,0,2.532373802399268,0.9617514674643335,1.0,0.9617514674643335,1.0,0,0.0,0,0.0,0.0,96,0,0,0,0.018451100011589006,0.19219895845405213,0.45701609995012404,4.760584374480459,0.4541459999891231,0.0,1.0541605000325944,10.980838542006191,0.06730140002036933,1.5296276999943075,96,6.816041798682337e-08,9.289354938046834e-08
105,290,356,34176,0.45,0.5625,0.0,0,0,0,0,0,0,1.7395369030284746,0.9626602842908386,1.0,0.9626602842908386,1.0,0,0.0,0,0.0,0.0,96,0,0,0,0.019895600016752724,0.20724583350784087,0.4840266999890446,5.041944791552548,0.4810420000067097,0.0,1.1494844001135789,11.973795834516446,0.07438809995073825,1.6534067001193762,96,8.776296636474334e-08,9.626620264824304e-08
105,291,357,34272,0.45,0.5625,0.0,0,0,0,0,0,0,1.3154684203757534,0.9654054121698479,1.0,0.9654054121698479,1.0,0,0.0,0,0.0,0.0,96,0,0,0,0.019823399947199505,0.20649374944999485,0.4999695000660722,5.208015625688252,0.49696730004507117,0.0,1.1517743000149494,11.997648958489057,0.07241609998891363,1.6715672000282211,96,9.928133331074673e-08,3.405528359312626e-08
105,292,358,34368,0.45,0.5625,0.0,0,0,0,0,0,0,1.2276750637656084,0.9665351442177951,1.0003962996722937,0.9665351442177951,1.0003962996722937,0,0.0,0,0.0,0.0,96,0,0,0,0.019010400006663986,0.1980250000694165,0.4662063999930979,4.856316666594769,0.46324840006855084,0.0,1.0721139000088442,11.167853125092128,0.06978779998462414,1.557330700008606,96,9.989155179239428e-08,2.963727312177422e-08
105,293,359,34464,0.45,0.5625,0.0,0,0,0,0,0,0,1.2381469669627343,0.9657957596844654,1.002431417746026,0.9657957596844654,1.002431417746026,0,0.0,0,0.0,0.0,96,0,0,0,0.020269599997845944,0.2111416666442286,0.5149536999961128,5.364101041626175,0.5118107000162126,0.0,1.2118025999589008,12.622943749571883,0.07967970005120151,1.7470258999528596,96,9.917027120505406e-08,3.409705094659099e-08
105,294,360,34560,0.45,0.5625,0.0,0,0,0,0,0,0,1.7529283016641133,0.9626820441320321,1.000087923719218,0.9626820441320321,1.000087923719218,0,0.0,0,0.0,0.0,96,0,0,0,0.019803200018941425,0.20628333353063985,0.4991850999795133,5.1998447914532635,0.4961467999746674,0.0,1.1337041000588215,11.809417708946057,0.07358859996020328,1.6526924000572762,96,9.921052591434221e-08,9.940259310114996e-08
105,295,361,34656,0.45,0.5625,0.0,0,0,0,0,0,0,1.8955393394055131,0.9623791087585404,1.0,0.9623791087585404,1.0,0,0.0,0,0.0,0.0,96,0,0,0,0.018557400049758144,0.193306250518314,0.4659625999920536,4.8537770832505585,0.4631649000075413,0.0,1.0781143000567681,11.230357292258,0.06959199996344978,1.5626343000985798,96,9.711002883772135e-08,9.522540145301406e-08
105,296,362,34752,0.45,0.5625,0.0,0,0,0,0,0,0,1.7336303294717923,0.9621284514373835,1.0022185446024938,0.9621284514373835,1.0022185446024938,0,0.0,0,0.0,0.0,96,0,0,0,0.01954439999826718,0.2035874999819498,0.5082986000270466,5.294777083615069,0.505163500100025,0.0,1.1857940999034327,12.35202187399409,0.07639700003346661,1.7136370999287465,96,8.493619153490672e-08,9.795518132738046e-08
105,297,363,34848,0.45,0.5625,0.0,0,0,0,0,0,0,1.5482114670044647,0.9632422147208446,1.0,0.9632422147208446,1.0,0,0.0,0,0.0,0.0,96,0,0,0,0.01895490002061706,0.19744687521476104,0.4988375999528216,5.1962249995085585,0.4957664999892586,0.0,1.1434061999098049,11.910481249060467,0.07246650005254196,1.6611986998832435,96,9.832289088809731e-08,9.702136774536463e-08
105,298,364,34944,0.45,0.5625,0.0,0,0,0,0,0,0,1.2175136029915938,0.964461035444212,1.0006688957366272,0.964461035444212,1.0006688957366272,0,0.0,0,0.0,0.0,96,0,0,0,0.01828660003229743,0.1904854170030982,0.4438205999904312,4.623131249900325,0.44113530007598456,0.0,1.0263550000017858,10.691197916685269,0.06594629999017343,1.4884622000245145,96,9.974073988602838e-08,3.967363576551364e-08
