candidate_id,scenario_index,day_index,t0,pv_s_scale,svc_q_scale,cap_total_mvar,risk,under_risk,over_risk,under_steps,over_steps,pf_fail,daily_loss_mwh,vmin,vmax,raw_vmin,raw_vmax,intervention_steps,intervention_rate,projection_failures,mean_correction_norm,max_correction_norm,power_flow_previews,projection_iterations,steps_within_0_001_of_reporting_limit,steps_within_0_001_of_projection_guard,actor_total_seconds,actor_mean_ms,projection_total_seconds,projection_mean_ms,preview_total_seconds,optimiser_total_seconds,execution_total_seconds,execution_mean_ms,balance_audit_total_seconds,online_path_total_seconds,completed_steps,max_p_balance_residual_mw,max_q_balance_residual_mvar
100,0,2,192,0.45,0.375,0.0,0,0,0,0,0,0,2.4058983015223423,0.9529701328846759,1.0,0.9529701328846759,1.0,0,0.0,0,0.0,0.0,96,0,0,0,0.0269579999949201,0.2808124999470844,0.7109739000152331,7.405978125158678,0.7067603999894345,0.0,1.6610366000168142,17.30246458350848,0.10560349997103913,2.3989685000269674,96,9.908920743824379e-08,9.578534729270949e-08
100,1,3,288,0.45,0.375,0.0,0,0,0,0,0,0,2.4685242279404447,0.9532605519063477,1.0,0.9532605519063477,1.0,0,0.0,0,0.0,0.0,96,0,0,0,0.024612700050056446,0.256382292188088,0.6831421000242699,7.116063541919478,0.6791259999517933,0.0,1.5543659000177286,16.191311458518005,0.09856569996918552,2.262120700092055,96,8.581466440227281e-08,9.98239733929207e-08
100,2,4,384,0.45,0.375,0.0,0,0,0,0,0,0,2.2988701695828584,0.9535092807990897,1.0,0.9535092807990897,1.0,0,0.0,0,0.0,0.0,96,0,0,0,0.025670099937997293,0.26739687435413845,0.6805818999928306,7.089394791591985,0.6765164999960689,0.0,1.5745334000021103,16.401389583355314,0.10115049999876646,2.280785399932938,96,9.576502829448941e-08,9.885826740552162e-08
100,3,5,480,0.45,0.375,0.0,0,0,0,0,0,0,1.9557221054907563,0.9558100056244162,1.0,0.9558100056244162,1.0,0,0.0,0,0.0,0.0,96,0,0,0,0.02533940006105695,0.2639520839693432,0.6859808000153862,7.145633333493606,0.6819116000187933,0.0,1.5810542999824975,16.469315624817682,0.1016179000143893,2.2923745000589406,96,9.789378592472975e-08,9.889215238367832e-08
100,4,6,576,0.45,0.375,0.0,0,0,0,0,0,0,1.8003390707484,0.9571691733918789,1.0,0.9571691733918789,1.0,0,0.0,0,0.0,0.0,96,0,0,0,0.025508299986540806,0.2657114581931334,0.6617021999991266,6.892731249990902,0.6577035999798682,0.0,1.5246919999772217,15.88220833309606,0.09693700000207173,2.211902499962889,96,8.786546623097691e-08,6.886395106930898e-08
100,5,7,672,0.45,0.375,0.0,0,0,0,0,0,0,1.463791640161366,0.9598603899082491,1.0,0.9598603899082491,1.0,0,0.0,0,0.0,0.0,96,0,0,0,0.02462520000699442,0.25651250007285853,0.6901587999527692,7.189154166174679,0.6861095000131172,0.0,1.612639900034992,16.798332292031166,0.10491979998187162,2.3274238999947556,96,9.96981875788644e-08,7.920601258204485e-08
100,6,8,768,0.45,0.375,0.0,0,0,0,0,0,0,2.5829342554442913,0.9528953413237092,1.0,0.9528953413237092,1.0,0,0.0,0,0.0,0.0,96,0,0,0,0.027650200034258887,0.28802291702353006,0.7540630999865243,7.854823958192961,0.7495909000062966,0.0,1.7409628000095836,18.135029166766497,0.11032810001051985,2.522676100030367,96,8.577551965580077e-08,8.249052593778394e-08
100,7,10,960,0.45,0.375,0.0,0,0,0,0,0,0,2.868276789585306,0.9510273759587304,1.0,0.9510273759587304,1.0,0,0.0,0,0.0,0.0,96,0,0,4,0.02601830000639893,0.2710239583999889,0.7017733000320732,7.310138542000762,0.6975093000146444,0.0,1.6184296000137692,16.858641666810097,0.10227440000016941,2.3462212000522413,96,9.996101592302242e-08,8.579866123126223e-08
100,8,11,1056,0.45,0.375,0.0,0,0,0,0,0,0,2.617127968668042,0.952582900032076,1.0,0.952582900032076,1.0,0,0.0,0,0.0,0.0,96,0,0,0,0.026324699938413687,0.2742156243584759,0.7280941000135499,7.584313541807812,0.7237621999593102,0.0,1.695893799980695,17.66556041646557,0.10830060002626851,2.4503125999326585,96,9.389310112392635e-08,9.921080776353897e-08
100,9,12,1152,0.45,0.375,0.0,0,0,0,0,0,0,2.6466999670196474,0.9528726896056384,1.0,0.9528726896056384,1.0,0,0.0,0,0.0,0.0,96,0,0,0,0.02547570002207067,0.2653718752299028,0.7071164999797475,7.365796874789036,0.702661699935561,0.0,1.6328083999469527,17.008420832780757,0.1048686000140151,2.365400599948771,96,9.787354311556473e-08,9.677259715790143e-08
100,10,13,1248,0.45,0.375,0.0,0,0,0,0,0,0,1.7272887108590753,0.9579296010029104,1.0,0.9579296010029104,1.0,0,0.0,0,0.0,0.0,96,0,0,0,0.026400699964142404,0.27500729129315005,0.708153499988839,7.376598958217073,0.7039262000180315,0.0,1.6498941999598173,17.186397916248097,0.10615830002643634,2.3844483999127988,96,9.978317751062338e-08,9.478077045432798e-08
100,11,14,1344,0.45,0.375,0.0,0,0,0,0,0,0,1.4634676495032002,0.9592697672773425,1.0,0.9592697672773425,1.0,0,0.0,0,0.0,0.0,96,0,0,0,0.025209899991750717,0.26260312491406995,0.684436999988975,7.129552083218489,0.6803369999979623,0.0,1.592496899946127,16.588509374438825,0.10164649999205722,2.302143799926853,96,9.180099332616043e-08,7.062001206037394e-08
100,12,16,1536,0.45,0.375,0.0,0,0,0,0,0,0,2.6788259585544716,0.9517835166699531,1.0,0.9517835166699531,1.0,0,0.0,0,0.0,0.0,96,0,0,0,0.02547519999643555,0.26536666662953695,0.6818304000044009,7.102400000045843,0.6776859999808948,0.0,1.5929185000350117,16.59290104203137,0.10074029998941114,2.300224100035848,96,9.549953122571508e-08,9.924188040799642e-08
100,13,17,1632,0.45,0.375,0.0,0,0,0,0,0,0,2.6968655417060323,0.9520606760789406,1.0,0.9520606760789406,1.0,0,0.0,0,0.0,0.0,96,0,0,0,0.025649099989095703,0.26717812488641357,0.7018978999694809,7.311436458015426,0.6977075999675435,0.0,1.6429635000313283,17.114203125326338,0.10560120001173345,2.370510499989905,96,9.92184128172785e-08,9.998959077384129e-08
100,14,18,1728,0.45,0.375,0.0,0,0,0,0,0,0,2.5832515885294187,0.9521060414460593,1.0,0.9521060414460593,1.0,0,0.0,0,0.0,0.0,96,0,0,0,0.02469999997993,0.25729166645760415,0.6667735000446555,6.945557292131828,0.6627502999690478,0.0,1.545090000043274,16.09468750045077,0.09972670002025552,2.2365635000678594,96,9.786493068188185e-08,9.75568772987323e-08
100,15,19,1824,0.45,0.375,0.0,0,0,0,0,0,0,2.4228860461984985,0.9529588206865023,1.0,0.9529588206865023,1.0,0,0.0,0,0.0,0.0,96,0,0,0,0.027409000002080575,0.2855104166883393,0.7616982000035932,7.93435625003743,0.757022399964626,0.0,1.7464357999706408,18.19203958302751,0.11124309999286197,2.5355429999763146,96,9.665233470339263e-08,9.796488967261929e-08
100,16,20,1920,0.45,0.375,0.0,0,0,0,0,0,0,1.6246631192014225,0.9576611418706494,1.0005194997525446,0.9576611418706494,1.0005194997525446,0,0.0,0,0.0,0.0,96,0,0,0,0.024212299977079965,0.25221145809458295,0.6639157999816234,6.915789583141911,0.659891700015578,0.0,1.5736061000352493,16.391730208700512,0.10035929996956838,2.2617341999939526,96,9.427339715730593e-08,9.25377044436182e-08
100,17,21,2016,0.45,0.375,0.0,0,0,0,0,0,0,1.4012546559043393,0.9589696326818787,1.0017572534453432,0.9589696326818787,1.0017572534453432,0,0.0,0,0.0,0.0,96,0,0,0,0.024011300018173642,0.2501177085226421,0.6614981999664451,6.89060624965047,0.6575519999969401,0.0,1.5148671999704675,15.779866666359037,0.0952102000155719,2.2003766999550862,96,9.845887176743173e-08,7.727530983159259e-08
100,18,22,2112,0.45,0.375,0.0,0,0,0,0,0,0,2.612351373302385,0.951938877572834,1.0,0.951938877572834,1.0,0,0.0,0,0.0,0.0,96,0,0,0,0.026387599944428075,0.2748708327544591,0.7260134000171092,7.5626395835115545,0.721537600060401,0.0,1.6676217999993241,17.371060416659628,0.10769960001198342,2.4200227999608614,96,9.736796028302075e-08,9.263398326186945e-08
100,19,23,2208,0.45,0.375,0.0,0,0,0,0,0,0,2.855978545214771,0.9514763360093158,1.0,0.9514763360093158,1.0,0,0.0,0,0.0,0.0,96,0,0,1,0.026914399946690537,0.2803583327780264,0.7279359999811277,7.58266666647008,0.7234047999954782,0.0,1.70850489991426,17.796926040773542,0.1088841000382672,2.4633552998420782,96,9.411082044739894e-08,9.466482583930791e-08
100,20,24,2304,0.45,0.375,0.0,0,0,0,0,0,0,2.766085681137982,0.9517356251815359,1.0,0.9517356251815359,1.0,0,0.0,0,0.0,0.0,96,0,0,0,0.025864399991405662,0.269420833243809,0.6939911999870674,7.2290749998652855,0.6897597999486607,0.0,1.612788400001591,16.79987916668324,0.10256600000866456,2.332643999980064,96,9.829597984525873e-08,9.956695024015971e-08
100,21,25,2400,0.45,0.375,0.0,0,0,0,0,0,0,2.468567976242087,0.9516851631188739,1.000799771654686,0.9516851631188739,1.000799771654686,0,0.0,0,0.0,0.0,96,0,0,0,0.02669150003202958,0.2780364586669748,0.7184410000263597,7.483760416941247,0.7140928999870084,0.0,1.679971899931843,17.499707290956696,0.10867430004145717,2.425104399990232,96,9.300189218568178e-08,9.675837228662054e-08
100,22,26,2496,0.45,0.375,0.0,0,0,0,0,0,0,2.3184268790012683,0.9527917731206264,1.0025196506547753,0.9527917731206264,1.0025196506547753,0,0.0,0,0.0,0.0,96,0,0,0,0.02518620000773808,0.262356250080605,0.690273399988655,7.19034791654849,0.6861979000386782,0.0,1.6009540999439196,16.676605207749162,0.10297400003037183,2.3164136999403127,96,9.813410127915145e-08,9.390951558052585e-08
100,23,27,2592,0.45,0.375,0.0,0,0,0,0,0,0,1.5695013713066541,0.957723464461819,1.0035885078723719,0.957723464461819,1.0035885078723719,0,0.0,0,0.0,0.0,96,0,0,0,0.027511999986018054,0.2865833331876881,0.7480340000111028,7.792020833448987,0.7435208999886527,0.0,1.690072399993369,17.60492083326426,0.10813410000992008,2.4656183999904897,96,9.81052059381704e-08,8.984986775428805e-08
100,24,28,2688,0.45,0.375,0.0,0,0,0,0,0,0,1.3504861929957745,0.9594044267056445,1.00186584483403,0.9594044267056445,1.00186584483403,0,0.0,0,0.0,0.0,96,0,0,0,0.027481899931444786,0.28626979095254984,0.7192064000191749,7.491733333533072,0.7147161000029882,0.0,1.6803882000604062,17.504043750629233,0.10899649999191752,2.427076500011026,96,8.256677344435637e-08,6.753499370848459e-08
100,25,29,2784,0.45,0.375,0.0,0,0,0,0,0,0,2.592002472716569,0.9526339493284335,1.0,0.9526339493284335,1.0,0,0.0,0,0.0,0.0,96,0,0,0,0.02729110003565438,0.2842822920380665,0.7519617999860202,7.832935416521044,0.7474290000100154,0.0,1.7198917999485275,17.915539582797162,0.11045020000892691,2.499144699970202,96,8.955831658739866e-08,8.744168999985646e-08
100,26,30,2880,0.45,0.375,0.0,0,0,0,0,0,0,2.614040949935143,0.9529768233375533,1.0,0.9529768233375533,1.0,0,0.0,0,0.0,0.0,96,0,0,0,0.02486380001937505,0.2589979168684901,0.6831780999855255,7.11643854151589,0.679005700032576,0.0,1.5713696999664535,16.36843437465056,0.09950930001650704,2.279411599971354,96,8.659333225295718e-08,9.88867120133019e-08
100,27,31,2976,0.45,0.375,0.0,0,0,0,0,0,0,2.5472321550304464,0.9527179693756541,1.0,0.9527179693756541,1.0,0,0.0,0,0.0,0.0,96,0,0,0,0.026466200026334263,0.27568958360764856,0.7283548999475897,7.587030207787393,0.7239219000184676,0.0,1.6687159999200958,17.382458332501,0.10621940003329655,2.4235370998940198,96,9.624864145268974e-08,9.712725485000462e-08
100,28,32,3072,0.45,0.375,0.0,0,0,0,0,0,0,2.3824014403385463,0.9528766024146819,1.0,0.9528766024146819,1.0,0,0.0,0,0.0,0.0,96,0,0,0,0.024330800042662304,0.25344583377773233,0.6607015000481624,6.882307292168359,0.6568187000011676,0.0,1.5354386999752023,15.99415312474169,0.09947659998579184,2.220471000066027,96,9.275987211850023e-08,9.812051837698732e-08
100,29,33,3168,0.45,0.375,0.0,0,0,0,0,0,0,2.321276401655105,0.9540907120459909,1.0,0.9540907120459909,1.0,0,0.0,0,0.0,0.0,96,0,0,0,0.026380100003734697,0.2747927083722364,0.7302251000510296,7.606511458864891,0.7258596000247053,0.0,1.6924307999870507,17.62948749986511,0.10947429999214364,2.449036000041815,96,9.897193749448807e-08,9.667019032488788e-08
100,30,34,3264,0.45,0.375,0.0,0,0,0,0,0,0,1.4702621238061224,0.9583633434739911,1.0008052122220312,0.9583633434739911,1.0008052122220312,0,0.0,0,0.0,0.0,96,0,0,0,0.028341500052192714,0.2952239588770074,0.7531291000486817,7.845094792173768,0.7484958999775699,0.0,1.738490899959288,18.10928020790925,0.11281210001470754,2.5199615000601625,96,9.512990918440767e-08,7.64390750696009e-08
100,31,35,3360,0.45,0.375,0.0,0,0,0,0,0,0,1.2268601882269923,0.9603051746327635,1.000233076881927,0.9603051746327635,1.000233076881927,0,0.0,0,0.0,0.0,96,0,0,0,0.027850800019223243,0.2901125002002421,0.7610424000013154,7.927525000013702,0.7564595999938319,0.0,1.7585454999061767,18.31818229068934,0.1135601000423776,2.5474386999267153,96,8.936936046234634e-08,7.162771473168128e-08
100,32,36,3456,0.45,0.375,0.0,0,0,0,0,0,0,2.32670474338488,0.9532792867190678,1.0,0.9532792867190678,1.0,0,0.0,0,0.0,0.0,96,0,0,0,0.02625719999196008,0.2735124999162508,0.687947400023404,7.166118750243792,0.6838352999839117,0.0,1.5901593999515171,16.564160416161638,0.10262789999251254,2.3043639999668812,96,9.116195008943007e-08,9.72761829420854e-08
100,33,37,3552,0.45,0.375,0.0,0,0,0,0,0,0,2.5125415524392194,0.9526688012065107,1.0,0.9526688012065107,1.0,0,0.0,0,0.0,0.0,96,0,0,0,0.02677310001308797,0.27888645846966637,0.7109735000194632,7.405973958536076,0.7067789999637171,0.0,1.6436441999685485,17.12129374967238,0.10492160001012962,2.3813908000010997,96,9.896848923718338e-08,9.678001705593076e-08
100,34,40,3840,0.45,0.375,0.0,0,0,0,0,0,0,2.466163328286958,0.9533509808945761,1.0,0.9533509808945761,1.0,0,0.0,0,0.0,0.0,96,0,0,0,0.02596309997170465,0.2704489580385901,0.6966152999957558,7.25640937495579,0.6923651000106474,0.0,1.6193782000191277,16.868522916865913,0.1024231999690528,2.341956599986588,96,8.958439516246197e-08,9.621328331266277e-08
100,35,42,4032,0.45,0.375,0.0,0,0,0,0,0,0,1.358475840676359,0.9596851713802735,1.0,0.9596851713802735,1.0,0,0.0,0,0.0,0.0,96,0,0,0,0.025322199988295324,0.26377291654474294,0.6684577999330941,6.9631020826363965,0.6644972000358393,0.0,1.5428614000265952,16.0714729169437,0.09854659999109572,2.2366413999479846,96,9.260200082433778e-08,7.274797632350616e-08
100,36,43,4128,0.45,0.375,0.0,0,0,0,0,0,0,2.1949623820017234,0.9523763869782205,1.0046551017827632,0.9523763869782205,1.0046551017827632,0,0.0,0,0.0,0.0,96,0,0,0,0.024599100019258913,0.2562406252006137,0.669642999957432,6.97544791622325,0.6656906999996863,0.0,1.5520114999526413,16.166786457840015,0.09827770006813807,2.2462535999293323,96,8.659375866533481e-08,9.965732655770054e-08
100,37,44,4224,0.45,0.375,0.0,0,0,0,0,0,0,2.114275167846843,0.9535581972945667,1.0071193244777683,0.9535581972945667,1.0071193244777683,0,0.0,0,0.0,0.0,96,0,0,0,0.025205299985827878,0.26255520818570705,0.6623468999387114,6.899446874361577,0.6583395999696222,0.0,1.5364804999844637,16.005005208171497,0.09703350000927458,2.224032699909003,96,9.817415110024985e-08,9.836143149977161e-08
100,38,45,4320,0.45,0.375,0.0,0,0,0,0,0,0,2.0388187253357644,0.9534638881598371,1.0074095894710307,0.9534638881598371,1.0074095894710307,0,0.0,0,0.0,0.0,96,0,0,0,0.026181299988820683,0.27272187488354876,0.7197321000421653,7.497209375439222,0.7155057999843848,0.0,1.650169599946821,17.18926666611272,0.10685679999005515,2.396082999977807,96,9.448379996793155e-08,9.829013720985547e-08
100,39,46,4416,0.45,0.375,0.0,0,0,0,0,0,0,2.0714135401284564,0.95334384156973,1.0047073913453013,0.95334384156973,1.0047073913453013,0,0.0,0,0.0,0.0,96,0,0,0,0.026542500003415626,0.27648437503557943,0.6946245999642997,7.235672916294789,0.6903636000060942,0.0,1.593857100015157,16.602678125157883,0.10223269998823525,2.3150241999828722,96,9.883045687386627e-08,9.911897344561105e-08
100,40,47,4512,0.45,0.375,0.0,0,0,0,0,0,0,2.2888902571838914,0.9539896995628948,1.0,0.9539896995628948,1.0,0,0.0,0,0.0,0.0,96,0,0,0,0.025043700014066417,0.26087187514652516,0.6747761999868089,7.028918749862593,0.670742499998596,0.0,1.5504268000659067,16.150279167353194,0.10010009998222813,2.250246700066782,96,7.749633086293062e-08,9.764552499902379e-08
100,41,48,4608,0.45,0.375,0.0,0,0,0,0,0,0,1.4722829022101143,0.9589093056903807,1.0,0.9589093056903807,1.0,0,0.0,0,0.0,0.0,96,0,0,0,0.0258480999909807,0.2692510415727156,0.7056537999815191,7.350560416474157,0.7013499000022421,0.0,1.6225968000144348,16.902050000150364,0.10382279997429578,2.3540986999869347,96,8.856550005528763e-08,7.942122910720162e-08
100,42,50,4800,0.45,0.375,0.0,0,0,0,0,0,0,2.3976994803992047,0.952864685920551,1.0,0.952864685920551,1.0,0,0.0,0,0.0,0.0,96,0,0,0,0.024638599978061393,0.2566520831048062,0.675833799992688,7.0399354165905,0.6714247000563773,0.0,1.5711899000016274,16.366561458350287,0.09931080001115333,2.271662299972377,96,9.498839708722839e-08,9.761494473847776e-08
100,43,52,4992,0.45,0.375,0.0,0,0,0,0,0,0,2.5475328249692564,0.9527325238063618,1.0,0.9527325238063618,1.0,0,0.0,0,0.0,0.0,96,0,0,0,0.025787599974137265,0.26862083306392986,0.70690400001331,7.363583333471979,0.7026778999861563,0.0,1.6236426999385003,16.912944791026046,0.10426030003873166,2.3563342999259476,96,8.297285120258124e-08,9.895117641933737e-08
100,44,53,5088,0.45,0.375,0.0,0,0,0,0,0,0,2.2634284921667556,0.9532424943210858,1.0,0.9532424943210858,1.0,0,0.0,0,0.0,0.0,96,0,0,0,0.025256200024159625,0.26308541691832943,0.7026510999567108,7.319282291215738,0.6984594000023208,0.0,1.6344690999685554,17.025719791339117,0.10492830000293907,2.362376399949426,96,8.577907146742336e-08,9.72639636886985e-08
100,45,54,5184,0.45,0.375,0.0,0,0,0,0,0,0,1.9791151947437235,0.9549422518918883,1.0015834017021197,0.9549422518918883,1.0015834017021197,0,0.0,0,0.0,0.0,96,0,0,0,0.0256810000500991,0.2675104171885323,0.7087102999794297,7.382398958119059,0.7044295999658061,0.0,1.6307894000347005,16.987389583694796,0.10444559997267788,2.3651807000642293,96,9.875788348559511e-08,9.93390481679457e-08
100,46,55,5280,0.45,0.375,0.0,0,0,0,0,0,0,1.2965208948409934,0.9591546664579568,1.0062104348767715,0.9591546664579568,1.0062104348767715,0,0.0,0,0.0,0.0,96,0,0,0,0.02590659995621536,0.26986041621057666,0.702387099940097,7.316532291042677,0.6981210000158171,0.0,1.6248842000204604,16.925877083546464,0.10326899999199668,2.3531778999167727,96,9.652909993898562e-08,7.952717727410796e-08
100,47,58,5568,0.45,0.375,0.0,0,0,0,0,0,0,2.1314622863524963,0.9539790734877392,1.0,0.9539790734877392,1.0,0,0.0,0,0.0,0.0,96,0,0,0,0.02582300000358373,0.26898958337066387,0.6952488000461017,7.242175000480226,0.6911336000193842,0.0,1.6082638000589213,16.75274791728043,0.1030385999547434,2.3293356001086067,96,9.598761225963759e-08,9.390812433229812e-08
100,48,59,5664,0.45,0.375,0.0,0,0,0,0,0,0,2.129447037067459,0.9545097001069583,1.0,0.9545097001069583,1.0,0,0.0,0,0.0,0.0,96,0,0,0,0.023862299989559688,0.24856562489124673,0.65075410001009,6.778688541771771,0.6467653000290738,0.0,1.5143125999893527,15.774089583222423,0.09675219997006934,2.1889289999890025,96,9.942294138150232e-08,9.28976626179967e-08
100,49,61,5856,0.45,0.375,0.0,0,0,0,0,0,0,1.7840099293997875,0.9555149991453382,1.004376470027102,0.9555149991453382,1.004376470027102,0,0.0,0,0.0,0.0,96,0,0,0,0.025761999968381133,0.26835416633730347,0.6919145999709144,7.207443749697025,0.6877442000841256,0.0,1.6048260000534356,16.71693750055662,0.1023432000001776,2.322502599992731,96,9.504587845932111e-08,9.975025819231043e-08
100,50,62,5952,0.45,0.375,0.0,0,0,0,0,0,0,1.1749601747243905,0.9606013676987633,1.0062690823719993,0.9606013676987633,1.0062690823719993,0,0.0,0,0.0,0.0,96,0,0,0,0.025367200003529433,0.2642416667034316,0.6647289999964414,6.924260416629598,0.6606528999618604,0.0,1.55904649997683,16.24006770809198,0.10018729999865172,2.249142699976801,96,8.090232395466246e-08,6.420255216355031e-08
100,51,63,6048,0.45,0.375,0.0,0,0,0,0,0,0,1.0949379217951096,0.9609515283452456,1.0037881389248127,0.9609515283452456,1.0037881389248127,0,0.0,0,0.0,0.0,96,0,0,0,0.0261300000056508,0.2721875000588625,0.6961096999948495,7.251142708279683,0.6918994000079692,0.0,1.6169116999953985,16.842830208285402,0.10157030002301326,2.339151399995899,96,8.110802714351995e-08,6.937952247432211e-08
100,52,64,6144,0.45,0.375,0.0,0,0,0,0,0,0,2.0224563637975113,0.9540389257198296,1.0,0.9540389257198296,1.0,0,0.0,0,0.0,0.0,96,0,0,0,0.025948299989977386,0.27029479156226444,0.706695899963961,7.361415624624594,0.7024821000013617,0.0,1.645182600041153,17.137318750428676,0.10675739996077027,2.3778267999950913,96,9.401370668939146e-08,9.761984443024119e-08
100,53,65,6240,0.45,0.375,0.0,0,0,0,0,0,0,2.202427957032616,0.9537045780545359,1.0,0.9537045780545359,1.0,0,0.0,0,0.0,0.0,96,0,0,0,0.02481670003180625,0.2585072919979818,0.6825709000258939,7.110113541936395,0.6784197999804746,0.0,1.5766714000274078,16.423660416952163,0.1012080999717,2.284059000085108,96,7.919562102463862e-08,9.367350825573162e-08
100,54,66,6336,0.45,0.375,0.0,0,0,0,0,0,0,2.2094696766352624,0.9532504031128716,1.0,0.9532504031128716,1.0,0,0.0,0,0.0,0.0,96,0,0,0,0.026840400008950382,0.27958750009323313,0.7440541999603738,7.7505645829205605,0.7396173999441089,0.0,1.7186561000344227,17.902667708691904,0.11006050001014955,2.489550700003747,96,7.929843120688118e-08,8.84818388002806e-08
100,55,67,6432,0.45,0.375,0.0,0,0,0,0,0,0,2.152807634183755,0.9536381456904897,1.0,0.9536381456904897,1.0,0,0.0,0,0.0,0.0,96,0,0,0,0.02684819998103194,0.279668749802416,0.7142391000379575,7.439990625395391,0.7099406999986968,0.0,1.6500963000653428,17.188503125680654,0.1063097999576712,2.3911836000843323,96,8.717346017782235e-08,9.048240365294724e-08
100,56,68,6528,0.45,0.375,0.0,0,0,0,0,0,0,1.756468741368314,0.955663516442311,1.0052544586824337,0.955663516442311,1.0052544586824337,0,0.0,0,0.0,0.0,96,0,0,0,0.025798099966777954,0.2687302079872704,0.6991696999975829,7.283017708308155,0.6949714999573189,0.0,1.6195228000433417,16.870029167118144,0.10327949997736141,2.3444906000077026,96,9.581072043379768e-08,9.694514482849748e-08
100,57,69,6624,0.45,0.375,0.0,0,0,0,0,0,0,1.1856733767038892,0.9598696293999933,1.0082808862849406,0.9598696293999933,1.0082808862849406,0,0.0,0,0.0,0.0,96,0,0,0,0.025868499928037636,0.2694635409170587,0.714173500011384,7.4393072917852505,0.7098145999407279,0.0,1.6593789999897126,17.285197916559508,0.10731849999137921,2.3994209999291343,96,9.030027247648731e-08,6.815619138511586e-08
100,58,70,6720,0.45,0.375,0.0,0,0,0,0,0,0,1.035416903036023,0.9613247515374927,1.0111817234304088,0.9613247515374927,1.0111817234304088,0,0.0,0,0.0,0.0,96,0,0,0,0.026847299996006768,0.2796593749584038,0.7278564999433002,7.581838541076043,0.7234821999954875,0.0,1.6954629999381723,17.66107291602263,0.10961640004825313,2.450166799877479,96,9.383885374476819e-08,9.826862700304528e-08
100,59,73,7008,0.45,0.375,0.0,0,0,0,0,0,0,1.7352372349917682,0.9548758238794426,1.0059984575940326,0.9548758238794426,1.0059984575940326,0,0.0,0,0.0,0.0,96,0,0,0,0.024887099971238058,0.25924062470039644,0.685409499972593,7.1396822913811775,0.6813621000183048,0.0,1.600795799968182,16.674956249668565,0.10295469999982743,2.311092399912013,96,9.415600556172965e-08,9.483466491266856e-08
100,60,74,7104,0.45,0.375,0.0,0,0,0,0,0,0,1.6279435045364565,0.95550254440476,1.0101465436614134,0.95550254440476,1.0101465436614134,0,0.0,0,0.0,0.0,96,0,0,0,0.025191299995640293,0.2624093749545864,0.6906546000027447,7.19431875002859,0.6865558999998029,0.0,1.5948422999936156,16.612940624933497,0.10127980003017001,2.3106881999920006,96,9.464142452370039e-08,9.896548955334872e-08
100,61,75,7200,0.45,0.375,0.0,0,0,0,0,0,0,1.6961136512590267,0.955900714872595,1.0034523299729203,0.955900714872595,1.0034523299729203,0,0.0,0,0.0,0.0,96,0,0,0,0.025187900006130803,0.26237395839719585,0.6919930999865755,7.208261458193495,0.6878666000120575,0.0,1.5758132000119076,16.41472083345737,0.09998650001216447,2.292994200004614,96,9.875924080263165e-08,9.766279382428245e-08
100,62,76,7296,0.45,0.375,0.0,0,0,0,0,0,0,1.4161325511581253,0.9599031144172371,1.0,0.9599031144172371,1.0,0,0.0,0,0.0,0.0,96,0,0,0,0.02548919996479526,0.265512499633284,0.7003710000062711,7.2955312500653235,0.6961200999867287,0.0,1.6236224999520346,16.91273437450036,0.10396150005544769,2.349482699923101,96,9.291338523217951e-08,9.229713243685822e-08
100,63,77,7392,0.45,0.375,0.0,0,0,0,0,0,0,1.2547559370194799,0.9593554182165017,1.0,0.9593554182165017,1.0,0,0.0,0,0.0,0.0,96,0,0,0,0.02607559999160003,0.27162083324583364,0.6974673999720835,7.26528541637587,0.6931429999967804,0.0,1.599589699988428,16.662392708212792,0.10524560001067584,2.3231326999521116,96,8.741301273096358e-08,6.885512590648624e-08
100,64,78,7488,0.45,0.375,0.0,0,0,0,0,0,0,1.9150046971316022,0.9540404181405999,1.0,0.9540404181405999,1.0,0,0.0,0,0.0,0.0,96,0,0,0,0.02642599996761419,0.27527083299598115,0.7441763999595423,7.751837499578566,0.7397441000066465,0.0,1.7273822000133805,17.993564583472715,0.10997530000167899,2.497984599940537,96,9.333255357804604e-08,9.821047794456028e-08
100,65,79,7584,0.45,0.375,0.0,0,0,0,0,0,0,1.8880046831887323,0.9548933602677389,1.0000928260364914,0.9548933602677389,1.0000928260364914,0,0.0,0,0.0,0.0,96,0,0,0,0.027455699964775704,0.28599687463308027,0.7599805000354536,7.9164635420359755,0.755375200031267,0.0,1.7611919999835663,18.345749999828815,0.11312880002515158,2.5486281999837956,96,7.799388744220148e-08,9.343913018322603e-08
100,66,80,7680,0.45,0.375,0.0,0,0,0,0,0,0,1.8661102490079886,0.9544859507320708,1.002467105750389,0.9544859507320708,1.002467105750389,0,0.0,0,0.0,0.0,96,0,0,0,0.024806100002024323,0.2583968750210867,0.6733883000051719,7.014461458387207,0.669324900067295,0.0,1.560875399998622,16.259118749985646,0.09731609999289503,2.2590698000058183,96,9.983557790367581e-08,9.938991858693402e-08
100,67,81,7776,0.45,0.375,0.0,0,0,0,0,0,0,1.7848278613299464,0.9551211592931265,1.0035950086156809,0.9551211592931265,1.0035950086156809,0,0.0,0,0.0,0.0,96,0,0,0,0.025915799975336995,0.2699562497430937,0.6951366000212147,7.241006250220987,0.6910251999652246,0.0,1.6022802000152296,16.690418750158642,0.10202549999667099,2.3233326000117813,96,9.989644220338711e-08,9.989600549542565e-08
100,68,82,7872,0.45,0.375,0.0,0,0,0,0,0,0,1.6354799235737816,0.9562158919425241,1.0055825549652473,0.9562158919425241,1.0055825549652473,0,0.0,0,0.0,0.0,96,0,0,0,0.0254191000276478,0.2647822919546646,0.6742040999524761,7.02295937450496,0.6701318999912473,0.0,1.5630211000461713,16.281469792147618,0.10149860001547495,2.2626443000262952,96,9.345657245481143e-08,9.601271458437033e-08
100,69,83,7968,0.45,0.375,0.0,0,0,0,0,0,0,1.1090113687399137,0.9614481552774112,1.0147226339325837,0.9614481552774112,1.0147226339325837,0,0.0,0,0.0,0.0,96,0,0,0,0.02534249999007443,0.26398437489660864,0.6963003999917419,7.253129166580645,0.6919952999814996,0.0,1.604669699918304,16.715309374149,0.10227860002487432,2.3263125999001204,96,9.716889370382786e-08,9.658938445941678e-08
100,70,84,8064,0.45,0.375,0.0,0,0,0,0,0,0,0.9636496847781901,0.9622246007345707,1.019746094383775,0.9622246007345707,1.019746094383775,0,0.0,0,0.0,0.0,96,0,0,0,0.026650000043446198,0.27760416711923125,0.7271859000029508,7.574853125030738,0.7227788000018336,0.0,1.669899600026838,17.394787500279563,0.1064328999564168,2.423735500073235,96,5.215598456592696e-08,8.70490745111252e-08
100,71,85,8160,0.45,0.375,0.0,0,0,0,0,0,0,1.5200824626452016,0.9577714091125908,1.0163204183838668,0.9577714091125908,1.0163204183838668,0,0.0,0,0.0,0.0,96,0,0,0,0.023743399971863255,0.24732708304024226,0.6451812000013888,6.720637500014466,0.6413573000463657,0.0,1.4905238000064855,15.52628958340089,0.09451449998596217,2.1594483999797376,96,8.514220876075507e-08,9.490058509864507e-08
100,72,86,8256,0.45,0.375,0.0,0,0,0,0,0,0,1.5411027830844652,0.9576052219712413,1.0146339960092925,0.9576052219712413,1.0146339960092925,0,0.0,0,0.0,0.0,96,0,0,0,0.025542999945173506,0.26607291609555733,0.6898549999968964,7.185989583301004,0.6857331000137492,0.0,1.5927929999888875,16.591593749884243,0.10057149999920512,2.3081909999309573,96,9.700013470399782e-08,9.923065334704884e-08
100,73,87,8352,0.45,0.375,0.0,0,0,0,0,0,0,1.6378287086057564,0.9566068880612815,1.0048390089844108,0.9566068880612815,1.0048390089844108,0,0.0,0,0.0,0.0,96,0,0,0,0.025273599996580742,0.2632666666310494,0.6839719000490732,7.124707292177845,0.6799059999248129,0.0,1.5921784000238404,16.585191666915005,0.10291780000989093,2.3014239000694943,96,9.729741001600345e-08,9.532771801101791e-08
100,74,88,8448,0.45,0.375,0.0,0,0,0,0,0,0,1.551054875152047,0.9574188432615072,1.0081591865282735,0.9574188432615072,1.0081591865282735,0,0.0,0,0.0,0.0,96,0,0,0,0.02753610000218032,0.28683437502271164,0.7607427000257303,7.924403125268023,0.7561702999882982,0.0,1.7481469999838737,18.209864583165352,0.11283470003399998,2.5364258000117843,96,8.548590010350188e-08,9.374448009524805e-08
100,75,89,8544,0.45,0.375,0.0,0,0,0,0,0,0,1.4486419562406234,0.9578890319966414,1.010611356816858,0.9578890319966414,1.010611356816858,0,0.0,0,0.0,0.0,96,0,0,0,0.02515849995688768,0.26206770788424666,0.674691999956849,7.028041666217177,0.6705533000349533,0.0,1.5591469000282814,16.241113541961266,0.09803259999171132,2.258997399942018,96,9.718085671253651e-08,9.970055989128035e-08
100,76,90,8640,0.45,0.375,0.0,0,0,0,0,0,0,0.9877987805076933,0.963057469851936,1.0098481841975262,0.963057469851936,1.0098481841975262,0,0.0,0,0.0,0.0,96,0,0,0,0.025133499962976202,0.2618072912810021,0.6681126999974367,6.959507291639966,0.6640947999985656,0.0,1.5626478999765823,16.277582291422732,0.10083680002571782,2.255894099936995,96,4.343092421289774e-08,8.648070657160667e-08
100,77,91,8736,0.45,0.375,0.0,0,0,0,0,0,0,0.8611181340784474,0.9627900798429122,1.0095976231192123,0.9627900798429122,1.0095976231192123,0,0.0,0,0.0,0.0,96,0,0,0,0.02539129998331191,0.26449270815949905,0.6939829000257305,7.228988541934693,0.6898422999875038,0.0,1.6164057999994839,16.83756041666129,0.10485910001443699,2.3357800000085263,96,2.932480108568114e-08,6.47897775924236e-08
100,78,93,8928,0.45,0.375,0.0,0,0,0,0,0,0,1.4771437419772095,0.9583775124929825,1.0053209492771944,0.9583775124929825,1.0053209492771944,0,0.0,0,0.0,0.0,96,0,0,0,0.026751499965030234,0.27866145796906494,0.7152630000127829,7.450656250133155,0.7108631000082823,0.0,1.6605501999438275,17.297397916081536,0.1062536000245018,2.4025646999216406,96,8.790509735054353e-08,9.824180427497886e-08
100,79,94,9024,0.45,0.375,0.0,0,0,0,0,0,0,1.610179481262626,0.9573552197313995,1.0058228507398739,0.9573552197313995,1.0058228507398739,0,0.0,0,0.0,0.0,96,0,0,0,0.025248500038287602,0.26300520873216254,0.6810548000139534,7.0943208334786805,0.6769859999767505,0.0,1.5647169000440044,16.29913437545838,0.10135909995733527,2.2710202000962454,96,8.985230443361858e-08,9.623385796575512e-08
100,80,95,9120,0.45,0.375,0.0,0,0,0,0,0,0,1.5800940036548368,0.9578561710703375,1.005359761040791,0.9578561710703375,1.005359761040791,0,0.0,0,0.0,0.0,96,0,0,0,0.025320500004454516,0.26375520837973454,0.6916840999692795,7.205042708013328,0.6875199999340111,0.0,1.5991253000320285,16.657555208666963,0.10105259992997162,2.3161299000057625,96,9.923150752488841e-08,9.98828179887834e-08
100,81,96,9216,0.45,0.375,0.0,0,0,0,0,0,0,1.5909692808849176,0.9569453889075691,1.0030432929063702,0.9569453889075691,1.0030432929063702,0,0.0,0,0.0,0.0,96,0,0,0,0.025557600012689363,0.26622500013218087,0.6838666000112426,7.123610416783777,0.67974429995229,0.0,1.5891990999516565,16.55415729116309,0.1011629000204266,2.2986232999755885,96,9.279053973972051e-08,9.743593702704612e-08
100,82,97,9312,0.45,0.375,0.0,0,0,0,0,0,0,1.013485023618358,0.9632614995448283,1.0080607869911518,0.9632614995448283,1.0080607869911518,0,0.0,0,0.0,0.0,96,0,0,0,0.024778299979516305,0.25810729145329486,0.6636334999348037,6.912848957654205,0.6595665999557241,0.0,1.538286499962851,16.023817707946364,0.09798650001175702,2.226698299877171,96,4.645222912921798e-08,4.9032275115101775e-08
100,83,98,9408,0.45,0.375,0.0,0,0,0,0,0,0,0.9578007777015233,0.9628051909540075,1.0235684324704595,0.9628051909540075,1.0235684324704595,0,0.0,0,0.0,0.0,96,0,0,0,0.02505680001922883,0.2610083335336337,0.6916787000227487,7.204986458570299,0.6876188000824186,0.0,1.5968757000664482,16.63412187569217,0.10201809996942757,2.3136112001084257,96,4.1717338750135724e-08,7.109757328011002e-08
100,84,99,9504,0.45,0.375,0.0,0,0,0,0,0,0,1.4492547037167658,0.9585272122192956,1.0081331744166262,0.9585272122192956,1.0081331744166262,0,0.0,0,0.0,0.0,96,0,0,0,0.024712100013857707,0.25741770847768447,0.6478566999721806,6.748507291376882,0.6439601999736624,0.0,1.504666100081522,15.673605209182522,0.09495669996977085,2.1772349000675604,96,9.869384865780761e-08,9.880518278548855e-08
100,85,100,9600,0.45,0.375,0.0,0,0,0,0,0,0,1.5060792585715317,0.9585164103473467,1.0065530622384804,0.9585164103473467,1.0065530622384804,0,0.0,0,0.0,0.0,96,0,0,0,0.02464590001181932,0.25672812512311793,0.6646695999879739,6.923641666541395,0.6607340999835287,0.0,1.5367296999465907,16.00760104111032,0.0965961000038078,2.226045199946384,96,9.144420119559793e-08,9.676898560240232e-08
100,86,101,9696,0.45,0.375,0.0,0,0,0,0,0,0,1.6025889516345504,0.9581170077732045,1.0048382604420032,0.9581170077732045,1.0048382604420032,0,0.0,0,0.0,0.0,96,0,0,0,0.026545400003669783,0.27651458337156026,0.7204006999963894,7.504173958295723,0.7160079999885056,0.0,1.6694922999668051,17.390544791320888,0.10762690000410657,2.4164383999668644,96,9.750309653416833e-08,9.755150097434662e-08
100,87,102,9792,0.45,0.375,0.0,0,0,0,0,0,0,1.5078662108992777,0.9582770948848887,1.0026149579462604,0.9582770948848887,1.0026149579462604,0,0.0,0,0.0,0.0,96,0,0,0,0.02805909999005962,0.2922822915631211,0.7549012000090443,7.863554166760878,0.7502572999583208,0.0,1.7359877000199049,18.083205208540676,0.11011359999247361,2.5189480000190088,96,9.693959674046682e-08,9.972784140166446e-08
100,88,103,9888,0.45,0.375,0.0,0,0,0,0,0,0,0.8834901978320142,0.9630956361762634,1.0062396959658604,0.9630956361762634,1.0062396959658604,0,0.0,0,0.0,0.0,96,0,0,0,0.02604000001156237,0.27125000012044137,0.7111109999750624,7.407406249740234,0.7068972000197391,0.0,1.6450894000154221,17.136347916827315,0.10476309998193756,2.382240400002047,96,1.8949157624958968e-08,3.1039136053068184e-08
100,89,104,9984,0.45,0.375,0.0,0,0,0,0,0,0,0.9686269840929099,0.9632018240038125,1.0021222746192102,0.9632018240038125,1.0021222746192102,0,0.0,0,0.0,0.0,96,0,0,0,0.026820100021723192,0.2793760418929499,0.728085699971416,7.584226041368917,0.7237516999521176,0.0,1.6808404000330484,17.50875416701092,0.1080557999885059,2.4357462000261876,96,3.662171738604003e-08,4.2665396493557495e-08
100,90,105,10080,0.45,0.375,0.0,0,0,0,0,0,0,0.7814488196842052,0.9632087189841291,1.0048857483810643,0.9632087189841291,1.0048857483810643,0,0.0,0,0.0,0.0,96,0,0,0,0.025330900003609713,0.26386354170426785,0.696440799991251,7.254591666575531,0.6921989000329631,0.0,1.6285670999714057,16.964240624702143,0.1056368000281509,2.3503387999662664,96,1.0084287944620018e-08,2.1941352554288862e-08
100,91,106,10176,0.45,0.375,0.0,0,0,0,0,0,0,0.8343679595982171,0.9628554940807846,1.004199449566614,0.9628554940807846,1.004199449566614,0,0.0,0,0.0,0.0,96,0,0,0,0.026088199971127324,0.2717520830325763,0.7011465999385109,7.303610416026156,0.6968809999889345,0.0,1.608052499956102,16.75054687454273,0.10265800003980985,2.3352872998657404,96,2.0826428012710174e-08,3.290161698643601e-08
100,92,108,10368,0.45,0.375,0.0,0,0,0,0,0,0,1.5495176031020856,0.9588290615989326,1.0036586705871198,0.9588290615989326,1.0036586705871198,0,0.0,0,0.0,0.0,96,0,0,0,0.024575600007665344,0.25599583341318066,0.6610581999921123,6.886022916584504,0.6570135000220034,0.0,1.526441199996043,15.900429166625447,0.09656960004940629,2.2120749999958207,96,9.373072398094484e-08,9.427137820372522e-08
100,93,109,10464,0.45,0.375,0.0,0,0,0,0,0,0,1.486947495566916,0.9588273047154707,1.0095061076877276,0.9588273047154707,1.0095061076877276,0,0.0,0,0.0,0.0,96,0,0,0,0.02590680001594592,0.2698625001661033,0.6966401999889058,7.256668749884436,0.6924062000180129,0.0,1.6109451999800513,16.780679166458867,0.10435369997139787,2.333492199984903,96,9.091703079625035e-08,9.2085648759066e-08
100,94,110,10560,0.45,0.375,0.0,0,0,0,0,0,0,1.5067828242714356,0.959041623807045,1.0078327320679277,0.959041623807045,1.0078327320679277,0,0.0,0,0.0,0.0,96,0,0,0,0.026246000081300735,0.273395834180216,0.7244972999760648,7.546846874750675,0.7199242000060622,0.0,1.6933254000541638,17.638806250564205,0.110911199975817,2.4440687001115293,96,8.513664672554766e-08,8.862486439165096e-08
100,95,111,10656,0.45,0.375,0.0,0,0,0,0,0,0,1.1146262053528095,0.9630652048157265,1.0030885432761214,0.9630652048157265,1.0030885432761214,0,0.0,0,0.0,0.0,96,0,0,0,0.02564690002327552,0.2671552085757867,0.7050760999845807,7.344542708172715,0.7007321000128286,0.0,1.6564011000664323,17.254178125692004,0.10644129995489493,2.3871241000742884,96,6.50737940442736e-08,6.148942466310814e-08
100,96,112,10752,0.45,0.375,0.0,0,0,0,0,0,0,0.9161445307261996,0.9626351641541118,1.0068867411728506,0.9626351641541118,1.0068867411728506,0,0.0,0,0.0,0.0,96,0,0,0,0.025985000022046734,0.2706770835629868,0.6930195999957505,7.2189541666224,0.6889083000278333,0.0,1.6046412000287091,16.715012500299053,0.10143239999888465,2.3236458000465063,96,3.570318233767078e-08,4.353906929432938e-08
100,97,113,10848,0.45,0.375,0.0,0,0,0,0,0,0,1.475098426467332,0.9587409201696387,1.0113348934837219,0.9587409201696387,1.0113348934837219,0,0.0,0,0.0,0.0,96,0,0,0,0.025873599995975383,0.26951666662474355,0.6987491000109003,7.278636458446878,0.694615899999917,0.0,1.6220530000064173,16.896385416733512,0.1038040000203182,2.346675700013293,96,9.14246331071289e-08,9.511985470112005e-08
100,98,115,11040,0.45,0.375,0.0,0,0,0,0,0,0,1.652068111888021,0.9578282613386825,1.0024065421288697,0.9578282613386825,1.0024065421288697,0,0.0,0,0.0,0.0,96,0,0,0,0.02557479998358758,0.266404166495704,0.6967607000260614,7.257923958604806,0.6924985999794444,0.0,1.596913199966366,16.634512499649645,0.10182130004250212,2.319248699976015,96,9.756622681642013e-08,9.825562731491377e-08
100,99,116,11136,0.45,0.375,0.0,0,0,0,0,0,0,1.6148180099314946,0.9585259492110249,1.0028712273620803,0.9585259492110249,1.0028712273620803,0,0.0,0,0.0,0.0,96,0,0,0,0.025013900027261116,0.2605614586173033,0.6865241000050446,7.151292708385881,0.6823951999904239,0.0,1.5888259999337606,16.55027083264334,0.10346760002721567,2.3003639999660663,96,9.390962956053184e-08,9.477776286015427e-08
100,100,117,11232,0.45,0.375,0.0,0,0,0,0,0,0,1.5351096563880455,0.958683889455181,1.002156844087499,0.958683889455181,1.002156844087499,0,0.0,0,0.0,0.0,96,0,0,0,0.026505000023462344,0.2760937502443994,0.7224111000032281,7.525115625033625,0.7180004000038025,0.0,1.6987698000011733,17.695518750012223,0.11080039999797009,2.4476859000278637,96,9.459637030292956e-08,9.670572183317905e-08
100,101,118,11328,0.45,0.375,0.0,0,0,0,0,0,0,0.9611140943791514,0.9630889447496058,1.0078428846629701,0.9630889447496058,1.0078428846629701,0,0.0,0,0.0,0.0,96,0,0,0,0.02525380000588484,0.2630604167279671,0.6869786000461318,7.156027083813872,0.6829092000043602,0.0,1.5833225000169477,16.492942708509872,0.10158250001404667,2.2955549000689643,96,2.9814019898710686e-08,3.9353460282165464e-08
100,102,121,11616,0.45,0.375,0.0,0,0,0,0,0,0,1.6453977732846163,0.9579113796712878,1.0014518406577946,0.9579113796712878,1.0014518406577946,0,0.0,0,0.0,0.0,96,0,0,0,0.02540930000395747,0.26468020837455697,0.6554947000040556,6.828069791708913,0.6514535999449436,0.0,1.5432149000043864,16.075155208379027,0.09999359998619184,2.2241189000123995,96,9.714485409671736e-08,9.728181211976494e-08
100,103,122,11712,0.45,0.375,0.0,0,0,0,0,0,0,1.5759067680689023,0.958714407265645,1.0041210465544321,0.958714407265645,1.0041210465544321,0,0.0,0,0.0,0.0,96,0,0,0,0.025530100057949312,0.26593854227030533,0.658613699968555,6.860559374672448,0.6546066000082646,0.0,1.5255958999405266,15.891623957713819,0.09772530005284352,2.209739699967031,96,9.884105442101165e-08,9.441051551650759e-08
100,104,123,11808,0.45,0.375,0.0,0,0,0,0,0,0,1.7634562156245057,0.9576936969756609,1.0006543802171428,0.9576936969756609,1.0006543802171428,0,0.0,0,0.0,0.0,96,0,0,0,0.026004200015449896,0.27087708349426975,0.7147402999908081,7.445211458237584,0.7103829000261612,0.0,1.6492232999371481,17.179409374345294,0.10554110006341944,2.389967799943406,96,8.26573799770497e-08,6.574200878128877e-08
100,105,124,11904,0.45,0.375,0.0,0,0,0,0,0,0,1.585916577962433,0.9575295771236285,1.0005579002663116,0.9575295771236285,1.0005579002663116,0,0.0,0,0.0,0.0,96,0,0,0,0.026543899999524,0.276498958328375,0.7297995999833802,7.602079166493543,0.7253463999659289,0.0,1.6923102001237567,17.628231251289133,0.10924489994067699,2.448653700106661,96,9.579360032638262e-08,9.78148401858947e-08
100,106,125,12000,0.45,0.375,0.0,0,0,0,0,0,0,0.9766115283760333,0.9629300156237943,1.0099961349806552,0.9629300156237943,1.0099961349806552,0,0.0,0,0.0,0.0,96,0,0,0,0.026523799991991837,0.276289583249915,0.7171758999611484,7.470582291261962,0.7128221000093617,0.0,1.6488535000535194,17.17555729222416,0.10542860002169618,2.3925532000066596,96,2.3559311983917253e-08,9.556458542905877e-08
100,107,126,12096,0.45,0.375,0.0,0,0,0,0,0,0,0.8701959522374834,0.9627076916301562,1.0056833535490002,0.9627076916301562,1.0056833535490002,0,0.0,0,0.0,0.0,96,0,0,0,0.02533019999100361,0.2638562499062876,0.6748191999358824,7.029366665998775,0.6707138999991002,0.0,1.5549259000545135,16.197144792234514,0.09902079997846158,2.2550752999813994,96,2.5296125168508543e-08,3.715930022019087e-08
100,108,127,12192,0.45,0.375,0.0,0,0,0,0,0,0,1.7174166771107764,0.9579184673269763,1.0,0.9579184673269763,1.0,0,0.0,0,0.0,0.0,96,0,0,0,0.024188799994590227,0.25196666661031486,0.672161100039375,7.001678125410156,0.66824170001928,0.0,1.54854029994749,16.130628124453022,0.09893439998995746,2.2448901999814552,96,9.133151815561569e-08,7.257091559631501e-08
100,109,128,12288,0.45,0.375,0.0,0,0,0,0,0,0,1.3891621366078477,0.959959299117468,1.0060574094108066,0.959959299117468,1.0060574094108066,0,0.0,0,0.0,0.0,96,0,0,0,0.024636300004203804,0.2566281250437896,0.6704266000015195,6.983610416682495,0.6664379999929224,0.0,1.5484877000708366,16.130080209071213,0.0983104999831994,2.24355060007656,96,9.137366589057061e-08,9.491513269788143e-08
100,110,130,12480,0.45,0.375,0.0,0,0,0,0,0,0,1.378685514701341,0.9600272017604266,1.014288185668965,0.9600272017604266,1.014288185668965,0,0.0,0,0.0,0.0,96,0,0,0,0.02586200002406258,0.2693958335839852,0.7114630000214675,7.411072916890286,0.7071043999967515,0.0,1.6613814999727765,17.306057291383087,0.10700940002425341,2.3987065000183065,96,8.347527034185953e-08,8.839817575850839e-08
100,111,131,12576,0.45,0.375,0.0,0,0,0,0,0,0,1.3539053030015742,0.9596014862947181,1.0070255143689388,0.9596014862947181,1.0070255143689388,0,0.0,0,0.0,0.0,96,0,0,0,0.02740890001587104,0.2855093751653233,0.7468051000032574,7.779219791700598,0.7421967999762273,0.0,1.7171404000037,17.88687916670521,0.11067600001842948,2.4913544000228285,96,9.364795016710004e-08,9.544519147253183e-08
100,112,132,12672,0.45,0.375,0.0,0,0,0,0,0,0,0.9375873121292512,0.9631128469587248,1.0085764839102724,0.9631128469587248,1.0085764839102724,0,0.0,0,0.0,0.0,96,0,0,0,0.025251699989894405,0.26303854156140005,0.6793741000001319,7.076813541668041,0.6753169999938109,0.0,1.5851116999911028,16.511580208240655,0.10111080001661321,2.289737499981129,96,2.0039479342419397e-08,4.8879252034783605e-08
100,113,133,12768,0.45,0.375,0.0,0,0,0,0,0,0,0.8015801550339174,0.9629332073176177,1.0086840259009235,0.9629332073176177,1.0086840259009235,0,0.0,0,0.0,0.0,96,0,0,0,0.026847299966902938,0.27965937465523893,0.731688900043082,7.621759375448771,0.7272451000098954,0.0,1.7037747999784187,17.747654166441862,0.11001520001445897,2.4623109999884036,96,1.4801375021467056e-08,4.6884041605618765e-08
100,114,134,12864,0.45,0.375,0.0,0,0,0,0,0,0,1.2766904748517154,0.9608464260272459,1.0098074881926824,0.9608464260272459,1.0098074881926824,0,0.0,0,0.0,0.0,96,0,0,0,0.02648810004029656,0.27591770875308913,0.7400101999664912,7.708439582984283,0.7354940000295755,0.0,1.7077898000206915,17.78947708354887,0.10975840003811754,2.4742881000274792,96,9.14066130772162e-08,9.999618383327302e-08
100,115,135,12960,0.45,0.375,0.0,0,0,0,0,0,0,1.369060196782023,0.9603878963630968,1.0088591964288447,0.9603878963630968,1.0088591964288447,0,0.0,0,0.0,0.0,96,0,0,0,0.023423799946613144,0.24399791611055358,0.6374382999565569,6.639982291214134,0.633659599989187,0.0,1.4841595999969286,15.45999583330134,0.09507110002596164,2.1450216999000986,96,9.113860611510705e-08,9.209877090132768e-08
100,116,136,13056,0.45,0.375,0.0,0,0,0,0,0,0,1.3999094232756937,0.9604138188134148,1.0160366138292547,0.9604138188134148,1.0160366138292547,0,0.0,0,0.0,0.0,96,0,0,0,0.02605819996097125,0.2714395829267839,0.721188900002744,7.512384375028584,0.7168675999928382,0.0,1.6333018000150332,17.013560416823264,0.10444189998816,2.3805488999787485,96,8.799182178893805e-08,9.465162729982435e-08
100,117,137,13152,0.45,0.375,0.0,0,0,0,0,0,0,1.3761451317560423,0.9602856497511508,1.008375766242852,0.9602856497511508,1.008375766242852,0,0.0,0,0.0,0.0,96,0,0,0,0.024844300023687538,0.25879479191341187,0.6836686999886297,7.121548958214892,0.6795982000548975,0.0,1.5786413999376236,16.444181249350247,0.10247460002574371,2.287154399949941,96,8.970320493351114e-08,9.341809957541525e-08
100,118,139,13344,0.45,0.375,0.0,0,0,0,0,0,0,0.9104938395657816,0.9630788475002549,1.0086983567519183,0.9630788475002549,1.0086983567519183,0,0.0,0,0.0,0.0,96,0,0,0,0.02474620006250916,0.2577729173178038,0.6714033000243944,6.9937843752541085,0.6673753000213765,0.0,1.5630560000208789,16.28183333355082,0.10173090001626406,2.2592055001077824,96,1.561011616409841e-08,5.536500789077303e-08
100,119,140,13440,0.45,0.375,0.0,0,0,0,0,0,0,0.8308835104876419,0.9628347444274244,1.0132346921161761,0.9628347444274244,1.0132346921161761,0,0.0,0,0.0,0.0,96,0,0,0,0.02676100001554005,0.2787604168285422,0.7267094000126235,7.569889583464828,0.722386799970991,0.0,1.694072900005267,17.646592708388198,0.11026349999883678,2.4475433000334306,96,3.012088189979778e-08,9.34717223760595e-08
100,120,141,13536,0.45,0.375,0.0,0,0,0,0,0,0,1.2519471132179087,0.9612746279615313,1.0116497040593444,0.9612746279615313,1.0116497040593444,0,0.0,0,0.0,0.0,96,0,0,0,0.0270670000318205,0.2819479169981302,0.7428666999476263,7.738194791121107,0.7384087999816984,0.0,1.7226272999614594,17.944034374598534,0.11122669999895152,2.492560999940906,96,7.959896004480771e-08,9.229863377063774e-08
100,121,142,13632,0.45,0.375,0.0,0,0,0,0,0,0,1.346156430180306,0.9602925336753413,1.0111183298060584,0.9602925336753413,1.0111183298060584,0,0.0,0,0.0,0.0,96,0,0,0,0.02706140000373125,0.28188958337220055,0.7324642000385211,7.629835417067928,0.7280337999909534,0.0,1.6896464000164997,17.600483333505206,0.10739020000619348,2.449172000058752,96,8.753987376132477e-08,8.943730728239174e-08
100,122,144,13824,0.45,0.375,0.0,0,0,0,0,0,0,0.8343335618543338,0.9630951234250861,1.0132982254531733,0.9630951234250861,1.0132982254531733,0,0.0,0,0.0,0.0,96,0,0,0,0.024484500019752886,0.25504687520575925,0.6604602999796043,6.879794791454212,0.6564603999358951,0.0,1.5363421000438393,16.003563542123327,0.09785620000911877,2.2212869000431965,96,2.801845117028634e-08,9.337557577843159e-08
100,123,145,13920,0.45,0.375,0.0,0,0,0,0,0,0,1.057673418916599,0.9633338689925702,1.0216708771604814,0.9633338689925702,1.0216708771604814,0,0.0,0,0.0,0.0,96,0,0,0,0.026106500044988934,0.2719427088019681,0.7181484999673557,7.480713541326622,0.7137460999801988,0.0,1.6372263000666862,17.05444062569465,0.10484559996984899,2.381481300079031,96,4.61731922141162e-08,9.527638508005642e-08
100,124,146,14016,0.45,0.375,0.0,0,0,0,0,0,0,0.9829723446094105,0.9630403053531079,1.0248968600439357,0.9630403053531079,1.0248968600439357,0,0.0,0,0.0,0.0,96,0,0,0,0.02562459999899147,0.26692291665616114,0.6935741999914171,7.224731249910595,0.6894377999924473,0.0,1.6145336000190582,16.818058333531855,0.10518969997792738,2.333732400009467,96,6.219660175776909e-08,9.968633867159238e-08
100,125,147,14112,0.45,0.375,0.0,0,0,0,0,0,0,0.8851879315963649,0.9628144224372355,1.0214373894330955,0.9628144224372355,1.0214373894330955,0,0.0,0,0.0,0.0,96,0,0,0,0.025724600003741216,0.26796458337230433,0.7123191999780829,7.419991666438364,0.7081133999672602,0.0,1.6271973000330036,16.94997187534379,0.10497200000827434,2.3652411000148277,96,3.289390843042028e-08,8.858825046361568e-08
100,126,148,14208,0.45,0.375,0.0,0,0,0,0,0,0,1.3320873130889987,0.9602851040437523,1.0127332533575988,0.9602851040437523,1.0127332533575988,0,0.0,0,0.0,0.0,96,0,0,0,0.02546779996191617,0.2652895829366268,0.6858423000085168,7.144190625088716,0.6816977999551455,0.0,1.6039601999655133,16.707918749640765,0.1024791000309051,2.3152702999359462,96,9.433681177374587e-08,9.99837381984725e-08
100,127,150,14400,0.45,0.375,0.0,0,0,0,0,0,0,1.3349907294597416,0.9608339534083233,1.0092870024658216,0.9608339534083233,1.0092870024658216,0,0.0,0,0.0,0.0,96,0,0,0,0.025784499979636166,0.2685885414545434,0.7076620000152616,7.371479166825641,0.7032648000022164,0.0,1.631803399999626,16.997952083329437,0.1039250000321772,2.3652498999945237,96,9.905859773944037e-08,9.041719803426496e-08
100,128,152,14592,0.45,0.375,0.0,0,0,0,0,0,0,1.2540660123924665,0.9617515746586915,1.0125897252596856,0.9617515746586915,1.0125897252596856,0,0.0,0,0.0,0.0,96,0,0,0,0.026419499976327643,0.27520312475341296,0.742575099975511,7.735157291411572,0.7380693000013707,0.0,1.7207935000405996,17.92493229208958,0.1119192999904044,2.489788099992438,96,9.439196749748413e-08,9.832576190749176e-08
100,129,153,14688,0.45,0.375,0.0,0,0,0,0,0,0,0.8952575375755468,0.9632782476840982,1.009788553255122,0.9632782476840982,1.009788553255122,0,0.0,0,0.0,0.0,96,0,0,0,0.025449500004469883,0.2650989583798946,0.6818606000015279,7.1027145833492495,0.6777386999965529,0.0,1.5788907000242034,16.44677812525212,0.10182619999250164,2.286200800030201,96,1.3310891165338457e-08,8.879920875004554e-08
100,130,154,14784,0.45,0.375,0.0,0,0,0,0,0,0,0.7192818111129776,0.9641802334185688,1.0069723545882259,0.9641802334185688,1.0069723545882259,0,0.0,0,0.0,0.0,96,0,0,0,0.025992700007918756,0.2707572917491537,0.711412200013001,7.410543750135427,0.7072195000364445,0.0,1.6554729999552364,17.24451041620038,0.10746100003598258,2.392877899976156,96,5.385228790677488e-09,1.5036231656474774e-08
100,131,155,14880,0.45,0.375,0.0,0,0,0,0,0,0,0.7391469499074401,0.9632771233497242,1.0096226498762257,0.9632771233497242,1.0096226498762257,0,0.0,0,0.0,0.0,96,0,0,0,0.025914299942087382,0.26994062439674354,0.7025432000300498,7.318158333646352,0.6982410999698914,0.0,1.6258601999434177,16.9360437494106,0.103237400042417,2.354317699915555,96,1.4615439830611976e-08,6.70427412327243e-08
100,132,156,14976,0.45,0.375,0.0,0,0,0,0,0,0,1.332553970033789,0.9607037609337771,1.0031250141035568,0.9607037609337771,1.0031250141035568,0,0.0,0,0.0,0.0,96,0,0,0,0.02593119997618487,0.2701166664185924,0.7031081000241102,7.324042708584481,0.698812699985865,0.0,1.626180499973998,16.939380208062477,0.10360560000117403,2.355219799974293,96,8.823633878239645e-08,9.129601394319842e-08
100,133,157,15072,0.45,0.375,0.0,0,0,0,0,0,0,1.3864635937203522,0.960270471369161,1.0072773493303475,0.960270471369161,1.0072773493303475,0,0.0,0,0.0,0.0,96,0,0,0,0.026558800011116546,0.276654166782464,0.7137101000116672,7.434480208454867,0.7094110999678378,0.0,1.6620449999318225,17.31296874928982,0.10693330004869495,2.4023138999546063,96,8.863253516538938e-08,9.210190901609572e-08
100,134,158,15168,0.45,0.375,0.0,0,0,0,0,0,0,1.2806301158602509,0.961367842625758,1.0091154997411216,0.961367842625758,1.0091154997411216,0,0.0,0,0.0,0.0,96,0,0,0,0.025880100067297462,0.26958437570101523,0.6842175000056159,7.127265625058499,0.6793898999530938,0.0,1.5825814999770955,16.485223958094746,0.10174209999968298,2.292679100050009,96,8.605250487007943e-08,9.106385284729512e-08
100,135,159,15264,0.45,0.375,0.0,0,0,0,0,0,0,1.277187280092455,0.9615288202066993,1.0070334280537305,0.9615288202066993,1.0070334280537305,0,0.0,0,0.0,0.0,96,0,0,0,0.02539710002747597,0.26455312528620806,0.6886089999752585,7.1730104164089425,0.6844475999823771,0.0,1.603936599996814,16.70767291663348,0.1040389000045252,2.3179426999995485,96,9.822135454799763e-08,9.62245721297661e-08
100,136,160,15360,0.45,0.375,0.0,0,0,0,0,0,0,0.9343525040488201,0.9631815330701635,1.016349653379732,0.9631815330701635,1.016349653379732,0,0.0,0,0.0,0.0,96,0,0,0,0.024796300021989737,0.2582947918957264,0.6771668000437785,7.053820833789359,0.6730527999898186,0.0,1.5407695000103558,16.04968229177454,0.09699040001578396,2.242732600076124,96,2.228874099174938e-08,9.15840497710263e-08
100,137,161,15456,0.45,0.375,0.0,0,0,0,0,0,0,0.9200851065700487,0.9628751144263219,1.0240162232117085,0.9628751144263219,1.0240162232117085,0,0.0,0,0.0,0.0,96,0,0,0,0.024224199973104987,0.2523354163865103,0.6708961999829626,6.98850208315586,0.6668726000207243,0.0,1.55844600002456,16.233812500255834,0.09917739996308228,2.2535663999806275,96,4.7687625792658395e-08,8.00950954605445e-08
100,138,162,15552,0.45,0.375,0.0,0,0,0,0,0,0,1.347998037783585,0.9605750897287845,1.0077129193865555,0.9605750897287845,1.0077129193865555,0,0.0,0,0.0,0.0,96,0,0,0,0.024272999980894383,0.2528437498009832,0.6625472000232548,6.901533333575571,0.6586174999829382,0.0,1.55386439999711,16.186087499969897,0.0984781999795814,2.2406846000012592,96,9.866870660790727e-08,9.869328944367428e-08
100,139,163,15648,0.45,0.375,0.0,0,0,0,0,0,0,1.332128904174184,0.9611140148462671,1.007261485369223,0.9611140148462671,1.007261485369223,0,0.0,0,0.0,0.0,96,0,0,0,0.026407599994854536,0.2750791666130681,0.7151213999823085,7.449181249815713,0.7107306999823777,0.0,1.6513578000085545,17.201643750089108,0.10674609996203799,2.3928867999857175,96,9.694972598166263e-08,9.845732021340758e-08
100,140,165,15840,0.45,0.375,0.0,0,0,0,0,0,0,1.0500390682446843,0.9634702131040233,1.0184660541099988,0.9634702131040233,1.0184660541099988,0,0.0,0,0.0,0.0,96,0,0,0,0.02566259997547604,0.2673187497445421,0.6984606999903917,7.2756322915665805,0.6942754000119749,0.0,1.6191981000156375,16.86664687516289,0.10592880002513994,2.3433213999815052,96,4.055952949368058e-08,8.6854246000162e-08
100,141,166,15936,0.45,0.375,0.0,0,0,0,0,0,0,1.152976520205535,0.9627811414595019,1.0072979410598077,0.9627811414595019,1.0072979410598077,0,0.0,0,0.0,0.0,96,0,0,0,0.02480650000507012,0.2584010417194804,0.6907092000037665,7.194887500039234,0.6866052000113996,0.0,1.6213748000518535,16.889320833873473,0.10328819998539984,2.33689050006069,96,7.109956744882906e-08,6.731473586873982e-08
100,142,168,16128,0.45,0.375,0.0,0,0,0,0,0,0,0.8781374942037528,0.9628983004718548,1.0210264745756432,0.9628983004718548,1.0210264745756432,0,0.0,0,0.0,0.0,96,0,0,0,0.025754500034963712,0.268276042030872,0.7018230999747175,7.310657291403307,0.69759690000501,0.0,1.6279702999745496,16.958023958068225,0.10480290001578396,2.3555478999842308,96,2.9291713082857385e-08,9.014475867586552e-08
100,143,169,16224,0.45,0.375,0.0,0,0,0,0,0,0,1.3227578242473066,0.9608113128060469,1.0163047651458283,0.9608113128060469,1.0163047651458283,0,0.0,0,0.0,0.0,96,0,0,0,0.024910300031478982,0.25948229199457273,0.701682900020387,7.309196875212365,0.6974507000413723,0.0,1.6300928999626194,16.980134374610618,0.10448979999637231,2.3566861000144854,96,9.550025815291407e-08,9.666939047858758e-08
100,144,170,16320,0.45,0.375,0.0,0,0,0,0,0,0,1.3892229158600746,0.9605964711253759,1.0121215926289064,0.9605964711253759,1.0121215926289064,0,0.0,0,0.0,0.0,96,0,0,0,0.02449709999928018,0.25517812499250186,0.6611091000304441,6.886553125317126,0.6570085999992443,0.0,1.5409219000066514,16.05126979173595,0.09802059995854506,2.2265281000363757,96,9.411221042060491e-08,9.490915942045319e-08
100,145,171,16416,0.45,0.375,0.0,0,0,0,0,0,0,1.3641317602644556,0.960991267200631,1.0126947741288344,0.960991267200631,1.0126947741288344,0,0.0,0,0.0,0.0,96,0,0,0,0.024686000018846244,0.25714583352964837,0.6714673999740626,6.994452083063152,0.667473899993638,0.0,1.5533386999886716,16.180611458215328,0.09891220000281464,2.2494920999815804,96,9.373558639350077e-08,9.035629584819294e-08
100,146,172,16512,0.45,0.375,0.0,0,0,0,0,0,0,1.4585706889791867,0.959597881813772,1.0100399487471245,0.959597881813772,1.0100399487471245,0,0.0,0,0.0,0.0,96,0,0,0,0.025117899975157343,0.261644791407889,0.6847579999957816,7.132895833289392,0.6805971000721911,0.0,1.5763863000029232,16.42069062503045,0.10101439998834394,2.286262199973862,96,8.942663274821849e-08,9.756792491988353e-08
100,147,174,16704,0.45,0.375,0.0,0,0,0,0,0,0,0.971647948738747,0.9631792342130502,1.0095157003314492,0.9631792342130502,1.0095157003314492,0,0.0,0,0.0,0.0,96,0,0,0,0.024948199999926146,0.25987708333256404,0.6827478999766754,7.111957291423702,0.6785942000278737,0.0,1.5985225999393151,16.6512770827012,0.10368230003223289,2.3062186999159167,96,2.1040143108677634e-08,7.555299684491867e-08
100,148,176,16896,0.45,0.375,0.0,0,0,0,0,0,0,1.2953252262063681,0.960974531453141,1.0089725070315876,0.960974531453141,1.0089725070315876,0,0.0,0,0.0,0.0,96,0,0,0,0.024197500075388234,0.2520572924519608,0.6662105999712367,6.939693749700382,0.6622239000353147,0.0,1.5435436999759986,16.07858020808332,0.09908820002601715,2.2339518000226235,96,8.852106979720387e-08,8.94717968463743e-08
100,149,177,16992,0.45,0.375,0.0,0,0,0,0,0,0,1.3768747159755392,0.9605903165779142,1.006359530293822,0.9605903165779142,1.006359530293822,0,0.0,0,0.0,0.0,96,0,0,0,0.026599700009683147,0.27708020843419945,0.7162809999790625,7.461260416448567,0.7119950000269455,0.0,1.6579721000234713,17.270542708577825,0.10816430001432309,2.400852800012217,96,9.657989384799504e-08,9.683043117325596e-08
100,150,178,17088,0.45,0.375,0.0,0,0,0,0,0,0,1.4027492095128953,0.9601477039450417,1.00513632321826,0.9601477039450417,1.00513632321826,0,0.0,0,0.0,0.0,96,0,0,0,0.025667000030807685,0.2673645836542467,0.6971472000295762,7.261950000308086,0.6929199000369408,0.0,1.6128007000079378,16.800007291749353,0.10243870001431787,2.3356149000683217,96,9.731110695021528e-08,9.32942770953682e-08
100,151,180,17280,0.45,0.375,0.0,0,0,0,0,0,0,1.3430421964921666,0.959907187067799,1.006003984270335,0.959907187067799,1.006003984270335,0,0.0,0,0.0,0.0,96,0,0,0,0.02608469993720064,0.27171562434584,0.6941318999961368,7.230540624959758,0.6898929999879329,0.0,1.6120831999724032,16.792533333045867,0.10353359999862732,2.3322997999057407,96,9.362587221348542e-08,9.258986716220718e-08
100,152,181,17376,0.45,0.375,0.0,0,0,0,0,0,0,0.9575109025963442,0.9631753265772833,1.0038157108280144,0.9631753265772833,1.0038157108280144,0,0.0,0,0.0,0.0,96,0,0,0,0.02739229995495407,0.2853364578641049,0.7503029000217794,7.815655208560202,0.7457932999968762,0.0,1.7354492000158643,18.077595833498588,0.11136750001605833,2.5131443999925978,96,2.0683185364064882e-08,2.98783822683113e-08
100,153,183,17568,0.45,0.375,0.0,0,0,0,0,0,0,1.2569632192564864,0.9614925535413007,1.0103511173086062,0.9614925535413007,1.0103511173086062,0,0.0,0,0.0,0.0,96,0,0,0,0.02537819996359758,0.2643562496208081,0.6857415999911609,7.143141666574593,0.6815524999547051,0.0,1.5804327000441845,16.462840625460256,0.10226149998197798,2.291552499998943,96,9.621030753331761e-08,9.783142233821263e-08
100,154,184,17664,0.45,0.375,0.0,0,0,0,0,0,0,1.322058841056674,0.9612086584269721,1.0089572864989111,0.9612086584269721,1.0089572864989111,0,0.0,0,0.0,0.0,96,0,0,0,0.026375400004326366,0.2747437500450663,0.7185080999988713,7.484459374988243,0.7141503000093508,0.0,1.6666221000195947,17.36064687520411,0.1078931999654742,2.4115056000227924,96,9.381928544813234e-08,9.683539810290132e-08
100,155,185,17760,0.45,0.375,0.0,0,0,0,0,0,0,1.358350170725127,0.9606912033988682,1.0106308297423456,0.9606912033988682,1.0106308297423456,0,0.0,0,0.0,0.0,96,0,0,0,0.02555320001556538,0.26617916682880605,0.7341507000019192,7.647403125019991,0.7297476000094321,0.0,1.6793524000022444,17.493254166690047,0.10755999999673804,2.439056300019729,96,8.866173199263694e-08,9.676174660133707e-08
100,156,187,17952,0.45,0.375,0.0,0,0,0,0,0,0,1.3771263870699204,0.9598296213848122,1.0091669472628289,0.9598296213848122,1.0091669472628289,0,0.0,0,0.0,0.0,96,0,0,0,0.026075900030264165,0.2716239586485851,0.7123832999641309,7.420659374626363,0.7081171000027098,0.0,1.6785202999817557,17.484586458143287,0.10825850004766835,2.4169794999761507,96,9.784592740311356e-08,9.668125328099464e-08
100,157,188,18048,0.45,0.375,0.0,0,0,0,0,0,0,0.9677842629151074,0.9630441421970567,1.010479075617997,0.9630441421970567,1.010479075617997,0,0.0,0,0.0,0.0,96,0,0,0,0.02628350001759827,0.2737864585166487,0.7266436999707366,7.569205208028507,0.7222821999821463,0.0,1.6571975000260863,17.262473958605067,0.10588439997081878,2.4101247000144213,96,1.9167298321437487e-08,9.293721360201235e-08
100,158,189,18144,0.45,0.375,0.0,0,0,0,0,0,0,0.8589023786292461,0.9628194917471241,1.014630959105852,0.9628194917471241,1.014630959105852,0,0.0,0,0.0,0.0,96,0,0,0,0.026034400012576953,0.2711916667976766,0.7232704999987618,7.5340677083204355,0.7188407999929041,0.0,1.677329899983306,17.472186458159438,0.1090862000346533,2.4266347999946447,96,2.0251365029366752e-08,8.867113525205805e-08
100,159,190,18240,0.45,0.375,0.0,0,0,0,0,0,0,1.4461903942861694,0.9595996837254595,1.0050244690855845,0.9595996837254595,1.0050244690855845,0,0.0,0,0.0,0.0,96,0,0,0,0.025777500013646204,0.26851562514214794,0.704565299951355,7.339221874493281,0.7002911999734351,0.0,1.6373024999920744,17.055234374917443,0.10418329999811249,2.3676452999570756,96,9.803484632431043e-08,9.887423463306177e-08
100,160,191,18336,0.45,0.375,0.0,0,0,0,0,0,0,1.413580045060324,0.9598001384846503,1.0068345145224682,0.9598001384846503,1.0068345145224682,0,0.0,0,0.0,0.0,96,0,0,0,0.026984900003299117,0.2810927083676991,0.7521933000025456,7.8353468750265165,0.7476998999918578,0.0,1.750307399997837,18.232368749977468,0.11210629998822697,2.5294856000036816,96,9.384846253422674e-08,9.919373801514642e-08
100,161,192,18432,0.45,0.375,0.0,0,0,0,0,0,0,1.5882552309691171,0.9588597640968309,1.0,0.9588597640968309,1.0,0,0.0,0,0.0,0.0,96,0,0,0,0.02545290000125533,0.26513437501307635,0.7178405000158818,7.477505208498769,0.7135167000451474,0.0,1.6584550999978092,17.275573958310513,0.10649450002529193,2.4017485000149463,96,9.562185716849303e-08,9.718678375958412e-08
100,162,193,18528,0.45,0.375,0.0,0,0,0,0,0,0,1.3102282976872217,0.9611647128431181,1.0102150731984818,0.9611647128431181,1.0102150731984818,0,0.0,0,0.0,0.0,96,0,0,0,0.026423900031659286,0.27524895866311755,0.7189064999765833,7.488609374756076,0.7145243000268238,0.0,1.677808999964327,17.47717708296174,0.10984640000242507,2.4231393999725697,96,8.53380045708757e-08,9.423643813205596e-08
100,163,194,18624,0.45,0.375,0.0,0,0,0,0,0,0,1.3055949141366705,0.9609112054803391,1.0061940024861629,0.9609112054803391,1.0061940024861629,0,0.0,0,0.0,0.0,96,0,0,0,0.025485299978754483,0.26547187477869255,0.6881047000206308,7.167757291881571,0.6838920999871334,0.0,1.6089130000327714,16.759510417008034,0.10142979997908697,2.3225030000321567,96,8.967431477067966e-08,8.807075277394993e-08
100,164,195,18720,0.45,0.375,0.0,0,0,0,0,0,0,0.8932861488452725,0.9632450447567672,1.0074775297881664,0.9632450447567672,1.0074775297881664,0,0.0,0,0.0,0.0,96,0,0,0,0.024399800022365525,0.25416458356630756,0.6659843999441364,6.937337499418088,0.6619309000234352,0.0,1.555920100036019,16.207501042041866,0.09937590000481578,2.246304300002521,96,1.247704403770783e-08,2.4615993471019393e-08
100,165,196,18816,0.45,0.375,0.0,0,0,0,0,0,0,0.8011984527186847,0.962879356886234,1.0083198974833663,0.962879356886234,1.0083198974833663,0,0.0,0,0.0,0.0,96,0,0,0,0.026056100003188476,0.2714177083665466,0.7304046000208473,7.6083812502171595,0.7260305999807315,0.0,1.6876881000061985,17.58008437506457,0.11042609997821273,2.4441488000302343,96,1.4721061765421428e-08,3.624735129235945e-08
100,166,197,18912,0.45,0.375,0.0,0,0,0,0,0,0,1.2699532004391276,0.9614965911113873,1.0081744397478298,0.9614965911113873,1.0081744397478298,0,0.0,0,0.0,0.0,96,0,0,0,0.023795399996743072,0.24786874996607366,0.6398166999933892,6.664757291597804,0.6359748999893782,0.0,1.4692147999885492,15.304320833214055,0.09435490002215374,2.1328268999786815,96,8.681154157509641e-08,9.131874971479714e-08
100,167,198,19008,0.45,0.375,0.0,0,0,0,0,0,0,1.3400182704197272,0.9612089220507332,1.0125157836168077,0.9612089220507332,1.0125157836168077,0,0.0,0,0.0,0.0,96,0,0,0,0.024783499982731882,0.2581614581534571,0.6815116999932798,7.099080208263331,0.6774605000173324,0.0,1.6100476999781677,16.771330208105912,0.10522190001211129,2.3163428999541793,96,9.546980627057888e-08,9.891111943383102e-08
100,168,199,19104,0.45,0.375,0.0,0,0,0,0,0,0,1.388995880007736,0.9606974586834295,1.0143312450895152,0.9606974586834295,1.0143312450895152,0,0.0,0,0.0,0.0,96,0,0,0,0.02545280000049388,0.26513333333847794,0.6942265999896335,7.231527083225349,0.6900097999969148,0.0,1.6169753999856766,16.843493749850797,0.10281190001842333,2.336654799975804,96,9.180700781194484e-08,9.983834457077956e-08
100,169,200,19200,0.45,0.375,0.0,0,0,0,0,0,0,1.3853785768493392,0.9605217264836536,1.0042706841788303,0.9605217264836536,1.0042706841788303,0,0.0,0,0.0,0.0,96,0,0,0,0.02621939998061862,0.2731187497981106,0.7207770000168239,7.508093750175249,0.7163839000131702,0.0,1.6689955000547343,17.385369792236816,0.10681999999360414,2.415991900052177,96,9.647941646984126e-08,9.973721869227514e-08
100,170,202,19392,0.45,0.375,0.0,0,0,0,0,0,0,0.9288839653806658,0.9631871598686014,1.0093129283622375,0.9631871598686014,1.0093129283622375,0,0.0,0,0.0,0.0,96,0,0,0,0.024605800012068357,0.2563104167923787,0.6911395999632077,7.1993708329500805,0.6870078000210924,0.0,1.6187554000207456,16.862035416882765,0.10478390001662774,2.3345007999960217,96,1.5190648656494832e-08,6.787565953736419e-08
100,171,203,19488,0.45,0.375,0.0,0,0,0,0,0,0,0.7876896477941069,0.9629709954333635,1.007981814893811,0.9629709954333635,1.007981814893811,0,0.0,0,0.0,0.0,96,0,0,0,0.025598499974876177,0.26665104140496015,0.721107299970754,7.511534374695354,0.716779399990628,0.0,1.680170899919176,17.501780207491418,0.10853490003501065,2.426876699864806,96,1.2739605785225261e-08,2.973472557586676e-08
100,172,204,19584,0.45,0.375,0.0,0,0,0,0,0,0,1.3477923051291227,0.9610302427040263,1.0009661280578168,0.9610302427040263,1.0009661280578168,0,0.0,0,0.0,0.0,96,0,0,0,0.026017299984232523,0.27101354150242213,0.7255377000255976,7.557684375266642,0.7212176999455551,0.0,1.6594785000706906,17.28623437573636,0.10570449995429954,2.4110335000805208,96,9.293377118205215e-08,8.843771076572082e-08
100,173,205,19680,0.45,0.375,0.0,0,0,0,0,0,0,1.5553678246243376,0.958430786037853,1.0,0.958430786037853,1.0,0,0.0,0,0.0,0.0,96,0,0,0,0.024020199962251354,0.2502104162734516,0.6488556999829598,6.758913541489164,0.6449497000139672,0.0,1.5081171999772778,15.709554166429978,0.09811650001211092,2.180993099922489,96,9.938986339670663e-08,9.948742933640897e-08
100,174,206,19776,0.45,0.375,0.0,0,0,0,0,0,0,1.498619156591601,0.9589636789341717,1.0001378554901474,0.9589636789341717,1.0001378554901474,0,0.0,0,0.0,0.0,96,0,0,0,0.02621610004280228,0.2730843754458571,0.7124495999596547,7.4213499995797365,0.7080991999755497,0.0,1.654045999959635,17.229645832912865,0.10751249999157153,2.392711699962092,96,9.822299969035331e-08,9.962085614767524e-08
100,175,207,19872,0.45,0.375,0.0,0,0,0,0,0,0,1.42405770922977,0.9605912437522262,1.0016189457861762,0.9605912437522262,1.0016189457861762,0,0.0,0,0.0,0.0,96,0,0,0,0.024930699953984004,0.25969479118733335,0.6654959999577841,6.932249999560251,0.6615235000062967,0.0,1.552828900028544,16.175301041964,0.09970429996610619,2.243255599940312,96,9.236812787728754e-08,9.575426070107529e-08
100,176,208,19968,0.45,0.375,0.0,0,0,0,0,0,0,1.2037533937970695,0.9616427614186056,1.006513129600186,0.9616427614186056,1.006513129600186,0,0.0,0,0.0,0.0,96,0,0,0,0.025340200001664925,0.26396041668400966,0.7162538999909884,7.46097812490613,0.7119347000552807,0.0,1.6424530999938725,17.108886458269506,0.10712630000489298,2.384047199986526,96,9.104216266292431e-08,7.289955049338825e-08
100,177,210,20160,0.45,0.375,0.0,0,0,0,0,0,0,0.8312388119978027,0.9629623861975546,1.0158351769964535,0.9629623861975546,1.0158351769964535,0,0.0,0,0.0,0.0,96,0,0,0,0.026192100056505296,0.27283437558859686,0.7180164000310469,7.479337500323406,0.7136622999969404,0.0,1.6595147000261932,17.286611458606178,0.10816979996889131,2.4037232001137454,96,2.282197097969174e-08,8.683239878428534e-08
100,178,211,20256,0.45,0.375,0.0,0,0,0,0,0,0,1.2324937127268962,0.96167981409105,1.0095788762284568,0.96167981409105,1.0095788762284568,0,0.0,0,0.0,0.0,96,0,0,0,0.023088999980245717,0.24051041646089288,0.642481900023995,6.692519791916614,0.6386414000444347,0.0,1.4822985000064364,15.440609375067046,0.09497620000911411,2.147869400010677,96,9.703425625506856e-08,9.497294391896949e-08
100,179,212,20352,0.45,0.375,0.0,0,0,0,0,0,0,1.3287131783331518,0.960774745108037,1.0084197500346113,0.960774745108037,1.0084197500346113,0,0.0,0,0.0,0.0,96,0,0,0,0.024971100072434638,0.26011562575452746,0.6968303000176093,7.258648958516763,0.6926738000329351,0.0,1.6210500999804935,16.885938541463474,0.1043909000363783,2.3428515000705374,96,8.657103563528001e-08,8.855551660025274e-08
100,180,213,20448,0.45,0.375,0.0,0,0,0,0,0,0,1.311053159371461,0.9610277855651228,1.0080779161541091,0.9610277855651228,1.0080779161541091,0,0.0,0,0.0,0.0,96,0,0,0,0.025558899993484374,0.26623854159879556,0.7094595999951707,7.390204166616361,0.70517909998307,0.0,1.6436813000473194,17.121680208826245,0.10561589996359544,2.3786998000359745,96,8.691913867472922e-08,8.974979405496075e-08
100,181,214,20544,0.45,0.375,0.0,0,0,0,0,0,0,1.4203003498453588,0.9598049100845927,1.0039165953504607,0.9598049100845927,1.0039165953504607,0,0.0,0,0.0,0.0,96,0,0,0,0.025963900043279864,0.2704572921174986,0.7087829000302008,7.383155208647925,0.7043259999772999,0.0,1.6367651000327896,17.049636458674893,0.1039602999589988,2.3715119001062703,96,9.856809613309481e-08,9.947402755672297e-08
100,182,215,20640,0.45,0.375,0.0,0,0,0,0,0,0,1.2846315380192803,0.9604768562792936,1.0060662738181088,0.9604768562792936,1.0060662738181088,0,0.0,0,0.0,0.0,96,0,0,0,0.027763799953390844,0.289206249514488,0.7600363999736146,7.917045833058486,0.7552967999945395,0.0,1.7805430000444176,18.54732291712935,0.11575689994788263,2.568343199971423,96,9.818020344854253e-08,9.99750838365232e-08
100,183,218,20928,0.45,0.375,0.0,0,0,0,0,0,0,1.1945295454990414,0.9618905688576748,1.0147856286850927,0.9618905688576748,1.0147856286850927,0,0.0,0,0.0,0.0,96,0,0,0,0.0260853999570827,0.2717229162196115,0.7229797000254621,7.531038541931896,0.7185796000267146,0.0,1.6551201000766014,17.24083437579793,0.10657879999780562,2.404185200059146,96,9.251109826108328e-08,9.486173241021745e-08
100,184,220,21120,0.45,0.375,0.0,0,0,0,0,0,0,1.3151950002999486,0.9605543337463874,1.0093809895383083,0.9605543337463874,1.0093809895383083,0,0.0,0,0.0,0.0,96,0,0,0,0.024737400002777576,0.2576812500289331,0.6813723000013852,7.097628125014428,0.6772008000334608,0.0,1.575195999990683,16.408291666569614,0.1007001000107266,2.281305699994846,96,9.707418635639467e-08,9.558112371021998e-08
100,185,221,21216,0.45,0.375,0.0,0,0,0,0,0,0,1.4838576252055378,0.9601754939114626,1.0,0.9601754939114626,1.0,0,0.0,0,0.0,0.0,96,0,0,0,0.025795700028538704,0.2687052086306115,0.7148415000701789,7.44626562573103,0.7102599000209011,0.0,1.6698253999638837,17.394014582957123,0.10886810002557468,2.4104626000626013,96,9.882132857678971e-08,9.903520933884913e-08
100,186,222,21312,0.45,0.375,0.0,0,0,0,0,0,0,1.5420626149942158,0.959201477405422,1.0,0.959201477405422,1.0,0,0.0,0,0.0,0.0,96,0,0,0,0.02468270001554629,0.25711145849527384,0.682251400045061,7.106785417136052,0.6782387999410275,0.0,1.5818967000377597,16.47809062539333,0.10116659997584065,2.288830800098367,96,9.844581290137724e-08,9.970699037242792e-08
100,187,223,21408,0.45,0.375,0.0,0,0,0,0,0,0,0.9240682209749526,0.9632068503492053,1.0022553600047375,0.9632068503492053,1.0022553600047375,0,0.0,0,0.0,0.0,96,0,0,0,0.025704800042149145,0.26775833377238695,0.6887293000036152,7.174263541704325,0.6845662999694468,0.0,1.5968663999738055,16.634024999727142,0.10189909997279756,2.31130050001957,96,1.4120656666519182e-08,2.5659487937201853e-08
100,188,224,21504,0.45,0.375,0.0,0,0,0,0,0,0,0.7536147911517402,0.963082621901832,1.0083735961816973,0.963082621901832,1.0083735961816973,0,0.0,0,0.0,0.0,96,0,0,0,0.025046099966857582,0.26089687465476646,0.6900427999498788,7.187945832811238,0.685873199996422,0.0,1.6022226999411942,16.689819791054106,0.10182819998590276,2.3173115998579306,96,1.0928125140918787e-08,3.382214159349667e-08
100,189,225,21600,0.45,0.375,0.0,0,0,0,0,0,0,1.1653288129594888,0.9621858982986119,1.0136423430714179,0.9621858982986119,1.0136423430714179,0,0.0,0,0.0,0.0,96,0,0,0,0.02505370003200369,0.26097604200003843,0.7069293000313337,7.363846875326392,0.7026527999696555,0.0,1.6187675999608473,16.86216249959216,0.10355720000370638,2.3507506000241847,96,9.737020714023492e-08,9.818473421449592e-08
100,190,226,21696,0.45,0.375,0.0,0,0,0,0,0,0,1.2230140684937676,0.9616711656378666,1.0100575082429641,0.9616711656378666,1.0100575082429641,0,0.0,0,0.0,0.0,96,0,0,0,0.026593699963996187,0.2770177079582936,0.7274294000235386,7.577389583578527,0.7230958999862196,0.0,1.7015333000163082,17.72430520850321,0.11010649998206645,2.455556400003843,96,9.23063886524439e-08,9.72615323696635e-08
100,191,227,21792,0.45,0.375,0.0,0,0,0,0,0,0,1.3212736424533058,0.959965856235593,1.008185468819184,0.959965856235593,1.008185468819184,0,0.0,0,0.0,0.0,96,0,0,0,0.026989899968612008,0.28114479133970843,0.7419690999595332,7.7288447912451375,0.7375061999700847,0.0,1.7288446000311524,18.00879791699117,0.1126087000084226,2.4978035999592976,96,9.456923676445794e-08,8.994913702764507e-08
100,192,228,21888,0.45,0.375,0.0,0,0,0,0,0,0,1.3594705457884015,0.9599952998712085,1.0070842776954962,0.9599952998712085,1.0070842776954962,0,0.0,0,0.0,0.0,96,0,0,0,0.025015500017616432,0.2605781251835045,0.688471399982518,7.17157708315123,0.6843907999864314,0.0,1.6146349999689846,16.819114583010258,0.1019148999985191,2.328121899969119,96,9.668787292506364e-08,9.760699380689797e-08
100,193,229,21984,0.45,0.375,0.0,0,0,0,0,0,0,1.3333939083762598,0.9605460601127912,1.0054093295892093,0.9605460601127912,1.0054093295892093,0,0.0,0,0.0,0.0,96,0,0,0,0.025329599979158957,0.2638499997829058,0.7074715000126162,7.369494791798085,0.7031342999980552,0.0,1.6481867999245878,17.168612499214458,0.10660610004561022,2.380987899916363,96,9.719021171195052e-08,9.593937914942341e-08
100,194,230,22080,0.45,0.375,0.0,0,0,0,0,0,0,0.8973646094411606,0.9632231103683421,1.0084028723662286,0.9632231103683421,1.0084028723662286,0,0.0,0,0.0,0.0,96,0,0,0,0.0251591999840457,0.2620749998338094,0.6842817999786348,7.127935416444113,0.6801385999788181,0.0,1.5812335000227904,16.471182291904068,0.10114239998802077,2.290674499985471,96,1.4646604176889177e-08,4.16422879425532e-08
100,195,231,22176,0.45,0.375,0.0,0,0,0,0,0,0,0.7856483871704268,0.9629833332543928,1.0096857872917882,0.9629833332543928,1.0096857872917882,0,0.0,0,0.0,0.0,96,0,0,0,0.026315499992051627,0.2741197915838711,0.7210974000263377,7.511431250274351,0.7163858000349137,0.0,1.6868190000677714,17.571031250705953,0.10868529995059362,2.4342319000861607,96,1.4643701667926834e-08,7.378198906872468e-08
100,196,232,22272,0.45,0.375,0.0,0,0,0,0,0,0,1.2394205618878291,0.9611535714151331,1.007784164366246,0.9611535714151331,1.007784164366246,0,0.0,0,0.0,0.0,96,0,0,0,0.024486400034220424,0.2550666670231294,0.6476439000107348,6.746290625111821,0.6437062000186415,0.0,1.5303363999628345,15.941004166279527,0.09922150003694696,2.2024667000077898,96,9.56156392581918e-08,9.091161427832173e-08
100,197,235,22560,0.45,0.375,0.0,0,0,0,0,0,0,1.3493045467558393,0.9601762935120117,1.0070959789442226,0.9601762935120117,1.0070959789442226,0,0.0,0,0.0,0.0,96,0,0,0,0.024799800004984718,0.25833125005192414,0.6938499999741907,7.22760416639782,0.6893172000054619,0.0,1.5879786000296008,16.541443750308343,0.10193659998913063,2.3066284000087762,96,9.195011810118892e-08,9.463139709342538e-08
100,198,236,22656,0.45,0.375,0.0,0,0,0,0,0,0,1.2809878625527646,0.9606689936747645,1.0102939839660279,0.9606689936747645,1.0102939839660279,0,0.0,0,0.0,0.0,96,0,0,0,0.0250201000017114,0.2606260416844937,0.6953362000131165,7.2430854168032965,0.6911738999842783,0.0,1.6127048999260296,16.799009374229474,0.10180380006931955,2.3330611999408575,96,9.344793812891827e-08,9.015801882839014e-08
100,199,237,22752,0.45,0.375,0.0,0,0,0,0,0,0,0.9193979606837519,0.9631693295114189,1.0101163590647282,0.9631693295114189,1.0101163590647282,0,0.0,0,0.0,0.0,96,0,0,0,0.024653000007674564,0.2568020834132767,0.713912400053232,7.4365875005544995,0.7097023999886005,0.0,1.6640991999520338,17.334366666167018,0.10485759998846333,2.4026646000129404,96,2.0203765882520486e-08,9.410697040211635e-08
100,200,238,22848,0.45,0.375,0.0,0,0,0,0,0,0,0.8075281342253511,0.9629614830457695,1.0097259305571376,0.9629614830457695,1.0097259305571376,0,0.0,0,0.0,0.0,96,0,0,0,0.02439289994799765,0.25409270779164217,0.6913287000061246,7.201340625063797,0.687240200022643,0.0,1.6060291999892797,16.729470833221665,0.10401480000291485,2.321750799943402,96,1.6165302360593437e-08,7.082502869338453e-08
100,201,239,22944,0.45,0.375,0.0,0,0,0,0,0,0,1.2838749224788009,0.9602071659481008,1.0102978509410496,0.9602071659481008,1.0102978509410496,0,0.0,0,0.0,0.0,96,0,0,0,0.025036300030478742,0.26079479198415356,0.7137444999971194,7.434838541636661,0.709594899941294,0.0,1.6319771999624209,16.99976249960855,0.10525690000213217,2.370757999990019,96,9.560939963348947e-08,9.379466883729926e-08
100,202,240,23040,0.45,0.375,0.0,0,0,0,0,0,0,1.3674229459529315,0.9595766109982361,1.0131713783925533,0.9595766109982361,1.0131713783925533,0,0.0,0,0.0,0.0,96,0,0,0,0.02512159999605501,0.2616833332922397,0.6965667999975267,7.255904166640903,0.692390800017165,0.0,1.5963140000167186,16.628270833507486,0.1009459000415518,2.3180024000103003,96,9.678351426713194e-08,9.453135711712246e-08
100,203,241,23136,0.45,0.375,0.0,0,0,0,0,0,0,1.417818404816625,0.9594432946673899,1.0080378000278434,0.9594432946673899,1.0080378000278434,0,0.0,0,0.0,0.0,96,0,0,0,0.02482350006175693,0.25857812564330135,0.7040787999358145,7.334154165998068,0.699970800014853,0.0,1.6262290000013309,16.93988541668053,0.10488500000792556,2.3551312999989023,96,9.679092807628187e-08,9.769554804028857e-08
100,204,243,23328,0.45,0.375,0.0,0,0,0,0,0,0,1.3714536654078575,0.9596015195409422,1.0009273358307504,0.9596015195409422,1.0009273358307504,0,0.0,0,0.0,0.0,96,0,0,0,0.025627099967096,0.2669489579905833,0.7100459999710438,7.3963124996983725,0.7054844000012963,0.0,1.6726038999913726,17.422957291576797,0.10773680001875618,2.4082769999295124,96,9.324506515008546e-08,9.75016858223432e-08
100,205,246,23616,0.45,0.375,0.0,0,0,0,0,0,0,1.2948311506297419,0.9596876831625861,1.010384210059952,0.9596876831625861,1.010384210059952,0,0.0,0,0.0,0.0,96,0,0,0,0.025518300011754036,0.2658156251224379,0.7071696999701089,7.366351041355301,0.7029295000029379,0.0,1.6371568999820738,17.053717708146603,0.10629500001232373,2.3698448999639368,96,8.687772430279739e-08,9.358242708534803e-08
100,206,247,23712,0.45,0.375,0.0,0,0,0,0,0,0,1.4111529482794292,0.958970269912552,1.007758112813507,0.958970269912552,1.007758112813507,0,0.0,0,0.0,0.0,96,0,0,0,0.025145699990389403,0.26193437489988963,0.7040541000387748,7.333896875403904,0.6998325000167824,0.0,1.6362396999684279,17.04416354133779,0.10493000000133179,2.365439499997592,96,8.4708514785925e-08,9.646307523591968e-08
100,207,248,23808,0.45,0.375,0.0,0,0,0,0,0,0,1.5763968245890099,0.9578369511934732,1.0027333454352243,0.9578369511934732,1.0027333454352243,0,0.0,0,0.0,0.0,96,0,0,0,0.027124600026581902,0.28254791694356146,0.7435687000397593,7.745507292080826,0.7389887000244926,0.0,1.7499214000126813,18.228347916798764,0.11398179995740065,2.5206147000790224,96,9.72477916250103e-08,9.851397940463524e-08
100,208,249,23904,0.45,0.375,0.0,0,0,0,0,0,0,1.452589702423148,0.9590184010244512,1.002611552025838,0.9590184010244512,1.002611552025838,0,0.0,0,0.0,0.0,96,0,0,0,0.024986600008560345,0.2602770834225036,0.6915085000218824,7.203213541894608,0.6873513000246021,0.0,1.615839899997809,16.831665624977177,0.1046294000261696,2.3323350000282517,96,9.797150921260489e-08,9.861502663077726e-08
100,209,250,24000,0.45,0.375,0.0,0,0,0,0,0,0,1.553623282448984,0.9581820728875747,1.000622024079286,0.9581820728875747,1.000622024079286,0,0.0,0,0.0,0.0,96,0,0,0,0.02583790002245223,0.2691447919005441,0.7116372000382398,7.412887500398331,0.7074121000332525,0.0,1.6365559999248944,17.047458332550985,0.10399590004817583,2.3740310999855865,96,9.787303001905501e-08,9.849838646103226e-08
100,210,252,24192,0.45,0.375,0.0,0,0,0,0,0,0,0.842359026792312,0.9627378744694022,1.0072629920377636,0.9627378744694022,1.0072629920377636,0,0.0,0,0.0,0.0,96,0,0,0,0.025994100004027132,0.2707718750419493,0.7260498000396183,7.563018750412691,0.721738499996718,0.0,1.6500725000078091,17.188255208414677,0.10468480000417912,2.4021164000514545,96,2.8608999318863182e-08,3.92939970145223e-08
100,211,253,24288,0.45,0.375,0.0,0,0,0,0,0,0,1.5137473636964573,0.9580922415574038,1.0028512695789567,0.9580922415574038,1.0028512695789567,0,0.0,0,0.0,0.0,96,0,0,0,0.0254562000191072,0.26516875019903335,0.7078746000115643,7.373693750120462,0.7037086999844178,0.0,1.6334045999901718,17.014631249897622,0.10524490001989761,2.3667354000208434,96,8.761261393458453e-08,9.619139436367607e-08
100,212,254,24384,0.45,0.375,0.0,0,0,0,0,0,0,1.5709262345655866,0.9577166706593935,1.0027751004692342,0.9577166706593935,1.0027751004692342,0,0.0,0,0.0,0.0,96,0,0,0,0.025064600093173794,0.2610895843038937,0.6830156999712926,7.114746874700965,0.6788715000220691,0.0,1.622252999972261,16.898468749711054,0.10389260002557421,2.3303333000367275,96,9.320315889731201e-08,9.86931643354172e-08
100,213,256,24576,0.45,0.375,0.0,0,0,0,0,0,0,1.783666153454857,0.9569047601060489,1.0,0.9569047601060489,1.0,0,0.0,0,0.0,0.0,96,0,0,0,0.026472699944861233,0.2757572910923045,0.7177155999961542,7.476204166626606,0.7133804999903077,0.0,1.6594839999379474,17.286291666020286,0.10618570002407068,2.403672299878963,96,8.591873878159573e-08,7.693925052620898e-08
100,214,257,24672,0.45,0.375,0.0,0,0,0,0,0,0,1.4383201765788378,0.9584034260712638,1.005202916659944,0.9584034260712638,1.005202916659944,0,0.0,0,0.0,0.0,96,0,0,0,0.02445069998066174,0.25469479146522644,0.6779135999677237,7.061599999663788,0.6739317999890773,0.0,1.5722667999943951,16.37777916660828,0.10310150001896545,2.2746310999427806,96,9.03830333579686e-08,9.976219551843801e-08
100,215,258,24768,0.45,0.375,0.0,0,0,0,0,0,0,0.9904914507795536,0.9629363809910247,1.0047470170323127,0.9629363809910247,1.0047470170323127,0,0.0,0,0.0,0.0,96,0,0,0,0.025453899994317908,0.2651447916074782,0.689440000023751,7.181666666914073,0.6852957000301103,0.0,1.6119329999564798,16.790968749546664,0.10509300004923716,2.3268268999745487,96,4.983893546993412e-08,5.169383615610812e-08
100,216,259,24864,0.45,0.375,0.0,0,0,0,0,0,0,0.8607368419612781,0.9624133285043859,1.009118820997601,0.9624133285043859,1.009118820997601,0,0.0,0,0.0,0.0,96,0,0,0,0.02554960000270512,0.266141666694845,0.712175600026967,7.41849583361424,0.7078887999959989,0.0,1.6476399000603124,17.162915625628255,0.10635349995573051,2.3853651000899845,96,3.686745346509479e-08,5.5656739139306466e-08
100,217,260,24960,0.45,0.375,0.0,0,0,0,0,0,0,1.4823001736240453,0.9578575370956217,1.004208471474575,0.9578575370956217,1.004208471474575,0,0.0,0,0.0,0.0,96,0,0,0,0.025011899990204256,0.260540624897961,0.6898517999507021,7.18595624948648,0.6856688000116264,0.0,1.5780454999257927,16.43797395756034,0.09975820004183333,2.292909199866699,96,8.877169033714993e-08,9.270466547195433e-08
100,218,261,25056,0.45,0.375,0.0,0,0,0,0,0,0,1.5639329497135124,0.9573930819952037,1.0028303979096638,0.9573930819952037,1.0028303979096638,0,0.0,0,0.0,0.0,96,0,0,0,0.024748400013777427,0.2577958334768482,0.682066199988185,7.104856249876927,0.6779567000048701,0.0,1.597945499990601,16.645265624902095,0.10448679998080479,2.3047600999925635,96,9.161999804663257e-08,9.886641262613072e-08
100,219,262,25152,0.45,0.375,0.0,0,0,0,0,0,0,1.6100835709614794,0.9573733793608401,1.0026635494462548,0.9573733793608401,1.0026635494462548,0,0.0,0,0.0,0.0,96,0,0,0,0.02566999997361563,0.2673958330584962,0.6877555999963079,7.164120833294874,0.6837126000100398,0.0,1.5892680999822915,16.554876041482203,0.10165369999594986,2.302693699952215,96,8.994804180997851e-08,9.469776462989188e-08
100,220,263,25248,0.45,0.375,0.0,0,0,0,0,0,0,1.497985559971755,0.9576352790604638,1.0070694576588257,0.9576352790604638,1.0070694576588257,0,0.0,0,0.0,0.0,96,0,0,0,0.02610029995412333,0.271878124522118,0.7213249999913387,7.513802083243111,0.7169464999824413,0.0,1.6580006000003777,17.270839583337267,0.10498599999118596,2.4054258999458398,96,9.583402266200025e-08,9.552910365528966e-08
100,221,264,25344,0.45,0.375,0.0,0,0,0,0,0,0,1.4538308593325984,0.9583079292122055,1.0060386647608817,0.9583079292122055,1.0060386647608817,0,0.0,0,0.0,0.0,96,0,0,0,0.02421409996895818,0.252230208009981,0.6818464000025415,7.10256666669314,0.6778610000255867,0.0,1.6019137999901432,16.686602083230657,0.10260350001044571,2.307974299961643,96,9.925916016201297e-08,9.311524523658576e-08
100,222,265,25440,0.45,0.375,0.0,0,0,0,0,0,0,1.0157244081226413,0.9626075730520557,1.008136465257112,0.9626075730520557,1.008136465257112,0,0.0,0,0.0,0.0,96,0,0,0,0.024923500008299015,0.2596197917531147,0.7026560000449535,7.319333333801599,0.6985677999982727,0.0,1.62802219997684,16.958564583092084,0.10337660004006466,2.3556017000300926,96,7.387698288188749e-08,6.336326734135422e-08
100,223,266,25536,0.45,0.375,0.0,0,0,0,0,0,0,0.9146910842219055,0.9620920848956505,1.0056162682748462,0.9620920848956505,1.0056162682748462,0,0.0,0,0.0,0.0,96,0,0,0,0.025149199973384384,0.2619708330560873,0.7067516000388423,7.36199583373794,0.7024962000141386,0.0,1.6016040999820689,16.683376041479885,0.10029930003656773,2.3335048999942956,96,5.2619678328133523e-08,5.486785789599047e-08
100,224,267,25632,0.45,0.375,0.0,0,0,0,0,0,0,1.5723164199686621,0.957196062446979,1.0032739133124269,0.957196062446979,1.0032739133124269,0,0.0,0,0.0,0.0,96,0,0,0,0.02525570004945621,0.2630802088485022,0.6874318000263884,7.1607479169415456,0.6833862999919802,0.0,1.6007393000545562,16.674367708901627,0.10370239996700548,2.313426800130401,96,9.796413395768422e-08,9.424319699635753e-08
100,225,269,25824,0.45,0.375,0.0,0,0,0,0,0,0,1.6135127910024576,0.9565932737670116,1.0056577942565075,0.9565932737670116,1.0056577942565075,0,0.0,0,0.0,0.0,96,0,0,0,0.024860900026396848,0.2589677086083005,0.6908979999789153,7.196854166447035,0.6868046000017785,0.0,1.5884406999975909,16.54625729164157,0.10090710000076797,2.304199600002903,96,9.321045574273157e-08,9.891261636141291e-08
100,226,270,25920,0.45,0.375,0.0,0,0,0,0,0,0,1.6715970095778323,0.9564110250831097,1.0023784695786697,0.9564110250831097,1.0023784695786697,0,0.0,0,0.0,0.0,96,0,0,0,0.02530229998228606,0.2635656248154798,0.7026571000096737,7.319344791767435,0.6984697999942,0.0,1.6332069000200136,17.012571875208476,0.10562709996884223,2.3611663000119734,96,9.532624321850758e-08,9.866457727214506e-08
100,227,272,26112,0.45,0.375,0.0,0,0,0,0,0,0,1.0744829448897184,0.9621234627448487,1.0048789091480157,0.9621234627448487,1.0048789091480157,0,0.0,0,0.0,0.0,96,0,0,0,0.025962900028389413,0.27044687529572303,0.7057865999959176,7.351943749957475,0.7014378000021679,0.0,1.6833789000011166,17.535196875011632,0.10774279998440761,2.4151284000254236,96,9.921600994770852e-08,7.519256106647276e-08
100,228,273,26208,0.45,0.375,0.0,0,0,0,0,0,0,0.8837644045244408,0.9622687775694343,1.0057229722212413,0.9622687775694343,1.0057229722212413,0,0.0,0,0.0,0.0,96,0,0,0,0.025001500027428847,0.2604322919523838,0.6879037999970024,7.1656645833021075,0.6837436999994679,0.0,1.6193194999650586,16.86791145796936,0.10562680001748959,2.33222479998949,96,3.618190269095989e-08,4.4876287963457884e-08
100,229,274,26304,0.45,0.375,0.0,0,0,0,0,0,0,1.414695532664675,0.9588390164266329,1.0,0.9588390164266329,1.0,0,0.0,0,0.0,0.0,96,0,0,0,0.02718450000975281,0.28317187510159175,0.7404553000233136,7.713076041909517,0.7359846000035759,0.0,1.7328351998949074,18.050366665571953,0.10971890006476315,2.500474999927974,96,9.953335460954199e-08,8.882846111446518e-08
100,230,275,26400,0.45,0.375,0.0,0,0,0,0,0,0,1.0387349948032416,0.961800899539618,1.0045835218950578,0.961800899539618,1.0045835218950578,0,0.0,0,0.0,0.0,96,0,0,0,0.024934499997470994,0.2597343749736562,0.6921573000217904,7.209971875226984,0.6880123999653733,0.0,1.6878903000397258,17.582190625413812,0.10386249999282882,2.4049821000589873,96,9.197793185075631e-08,6.918678928380384e-08
100,231,276,26496,0.45,0.375,0.0,0,0,0,0,0,0,1.6922917498377301,0.9564646788513917,1.00139609389677,0.9564646788513917,1.00139609389677,0,0.0,0,0.0,0.0,96,0,0,0,0.02613369999016868,0.27222604156425706,0.7287514999843552,7.591161458170366,0.7242717999833985,0.0,1.6808151000150247,17.508490625156508,0.10618110005452763,2.4357002999895485,96,9.524847945086012e-08,9.995797939366113e-08
100,232,278,26688,0.45,0.375,0.0,0,0,0,0,0,0,1.7813515619605498,0.9565046318363783,1.0001949499223717,0.9565046318363783,1.0001949499223717,0,0.0,0,0.0,0.0,96,0,0,0,0.025259400019422174,0.2631187502023143,0.6843862999521662,7.129023957835064,0.6801552999750129,0.0,1.6968844999501016,17.67588020781356,0.11210360001132358,2.40653019992169,96,9.866698823420006e-08,9.840840788089e-08
100,233,280,26880,0.45,0.375,0.0,0,0,0,0,0,0,1.0102996127166746,0.9616772004960766,1.0020156519353494,0.9616772004960766,1.0020156519353494,0,0.0,0,0.0,0.0,96,0,0,0,0.025672200048575178,0.26741875050599145,0.7129291999954148,7.426345833285571,0.7086137999940547,0.0,1.6483670999732567,17.170490624721424,0.10501829997519962,2.3869685000172467,96,9.924353534286612e-08,7.411099033072244e-08
100,234,281,26976,0.45,0.375,0.0,0,0,0,0,0,0,1.7705212223565137,0.9555968937097996,1.0012772146008946,0.9555968937097996,1.0012772146008946,0,0.0,0,0.0,0.0,96,0,0,0,0.025720699995872565,0.2679239582903392,0.7016662000241922,7.309022916918669,0.6974580999740283,0.0,1.6180037999365595,16.85420624933916,0.10242860005382681,2.3453906999566243,96,9.73966900359724e-08,9.8406860993272e-08
100,235,283,27168,0.45,0.375,0.0,0,0,0,0,0,0,1.914562628901785,0.955039304415073,1.0,0.955039304415073,1.0,0,0.0,0,0.0,0.0,96,0,0,0,0.024491000025591347,0.25511458359990985,0.6964890000090236,7.255093750093995,0.6924248000068474,0.0,1.6283866999365273,16.96236145767216,0.10337050002999604,2.3493666999711422,96,7.065033315323266e-08,9.723345045786758e-08
100,236,286,27456,0.45,0.375,0.0,0,0,0,0,0,0,1.1092042019233168,0.9610643136806145,1.007893363569837,0.9610643136806145,1.007893363569837,0,0.0,0,0.0,0.0,96,0,0,0,0.02556819997698767,0.2663354164269549,0.7149831999849994,7.44774166651041,0.7107754999378812,0.0,1.6448046999721555,17.13338229137662,0.10563280002679676,2.3853560999341425,96,9.945583844331307e-08,7.549234293247054e-08
100,237,288,27648,0.45,0.375,0.0,0,0,0,0,0,0,1.6112175946843739,0.9559815583188429,1.00723588633006,0.9559815583188429,1.00723588633006,0,0.0,0,0.0,0.0,96,0,0,0,0.025242600073397625,0.2629437507645586,0.710330200032331,7.399272917003448,0.7061281999995117,0.0,1.624777900011395,16.924769791785366,0.10627630002272781,2.360350700117124,96,9.676069969571932e-08,9.999168451568785e-08
100,238,290,27840,0.45,0.375,0.0,0,0,0,0,0,0,1.7636239172536625,0.9547334285493841,1.0052305568169733,0.9547334285493841,1.0052305568169733,0,0.0,0,0.0,0.0,96,0,0,0,0.0261793000245234,0.27270104192211875,0.7335791000150493,7.6414489584900975,0.7291675999949803,0.0,1.6924619999554125,17.629812499535547,0.10847570003534202,2.452220399994985,96,9.622210126770947e-08,9.824913174694139e-08
100,239,292,28032,0.45,0.375,0.0,0,0,0,0,0,0,1.869675828443382,0.9554244267948229,1.0006492852983917,0.9554244267948229,1.0006492852983917,0,0.0,0,0.0,0.0,96,0,0,0,0.026531199990131427,0.27636666656386905,0.7235710000095423,7.537197916766066,0.7191325999665423,0.0,1.6882733999955235,17.58618124995337,0.10987630000454374,2.4383755999951973,96,9.304953061534116e-08,9.763268346563159e-08
100,240,294,28224,0.45,0.375,0.0,0,0,0,0,0,0,1.0788755104923236,0.9612903731164243,1.000163135781282,0.9612903731164243,1.000163135781282,0,0.0,0,0.0,0.0,96,0,0,0,0.02451889997610124,0.2554052080843879,0.6927096000072197,7.215725000075206,0.6885833000342245,0.0,1.603785700033768,16.706101042018418,0.10313109998969594,2.321014200017089,96,9.045832471965554e-08,6.916020450775662e-08
100,241,295,28320,0.45,0.375,0.0,0,0,0,0,0,0,2.072188728279694,0.954866026558487,1.0,0.954866026558487,1.0,0,0.0,0,0.0,0.0,96,0,0,0,0.025744100006704684,0.2681677084031738,0.6981206000054954,7.272089583390577,0.6938216999551514,0.0,1.6315871000406332,16.995698958756595,0.10390669994376367,2.3554518000528333,96,8.453022580512393e-08,9.676343490361283e-08
100,242,297,28512,0.45,0.375,0.0,0,0,0,0,0,0,2.0615073729408584,0.9544997017311282,1.0,0.9544997017311282,1.0,0,0.0,0,0.0,0.0,96,0,0,0,0.025141199985228013,0.26188749984612514,0.6940935999591602,7.230141666241252,0.6899930999716162,0.0,1.6037703000110923,16.705940625115545,0.1029112999967765,2.3230050999554805,96,7.816345806710423e-08,9.815197529738917e-08
100,243,298,28608,0.45,0.375,0.0,0,0,0,0,0,0,1.969769740710955,0.954712059608953,1.0,0.954712059608953,1.0,0,0.0,0,0.0,0.0,96,0,0,0,0.02558890002546832,0.26655104193196166,0.7108928000088781,7.405133333425813,0.7066899999845191,0.0,1.6372985999842058,17.055193749835478,0.10153539999009809,2.3737803000185522,96,9.996133957038134e-08,9.697204469971688e-08
100,244,300,28800,0.45,0.375,0.0,0,0,0,0,0,0,1.3887654652371741,0.960219627970255,1.0,0.960219627970255,1.0,0,0.0,0,0.0,0.0,96,0,0,0,0.02523379995545838,0.26285208286935813,0.6829605999737396,7.11417291639312,0.6787297999762814,0.0,1.5837390000015148,16.497281250015778,0.10244310002599377,2.2919333999307128,96,8.860389418691161e-08,7.555107470191835e-08
100,245,302,28992,0.45,0.375,0.0,0,0,0,0,0,0,1.4291487502968339,0.9580289496934548,1.0028834191950897,0.9580289496934548,1.0028834191950897,0,0.0,0,0.0,0.0,96,0,0,0,0.025468700056080706,0.2652989589175074,0.6965250999710406,7.255469791365006,0.6922382000338985,0.0,1.6190211000357522,16.86480312537242,0.10435460000007879,2.3410149000628735,96,9.543830777752893e-08,8.545404203696982e-08
100,246,303,29088,0.45,0.375,0.0,0,0,0,0,0,0,1.1407109364445143,0.9613450397548562,1.0019143059372226,0.9613450397548562,1.0019143059372226,0,0.0,0,0.0,0.0,96,0,0,0,0.026537800025835168,0.276435416935783,0.7292344999805209,7.596192708130427,0.7248166999706882,0.0,1.6884669000355643,17.58819687537046,0.10882759996457025,2.4442392000419204,96,9.025410338363293e-08,7.402534051015319e-08
100,247,304,29184,0.45,0.375,0.0,0,0,0,0,0,0,1.5693559254040812,0.9561965410951013,1.0,0.9561965410951013,1.0,0,0.0,0,0.0,0.0,96,0,0,0,0.02623930003028363,0.2733260419821211,0.7156755000396515,7.454953125413037,0.7113328000341426,0.0,1.6662119999964489,17.35637499996301,0.10639550002088072,2.408126800066384,96,9.622643934274755e-08,9.741382631101025e-08
100,248,305,29280,0.45,0.375,0.0,0,0,0,0,0,0,1.914755816909083,0.9551421717439772,1.0004448621284547,0.9551421717439772,1.0004448621284547,0,0.0,0,0.0,0.0,96,0,0,0,0.024967599951196462,0.26007916615829646,0.6965013999943039,7.255222916607333,0.6923036999432952,0.0,1.6201065000277595,16.87610937528916,0.1050424999993993,2.34157549997326,96,9.537571134775324e-08,9.303305167907006e-08
100,249,306,29376,0.45,0.375,0.0,0,0,0,0,0,0,1.8602812192806117,0.9554102614484278,1.0,0.9554102614484278,1.0,0,0.0,0,0.0,0.0,96,0,0,0,0.025893700010783505,0.26972604177899484,0.7351644000300439,7.657962500312958,0.7307794000080321,0.0,1.691186799944262,17.616529166086064,0.108799599998747,2.4522448999850894,96,9.898548066281099e-08,9.912317279481275e-08
100,250,307,29472,0.45,0.375,0.0,0,0,0,0,0,0,1.331375513565279,0.9589662669819572,1.0015443238045019,0.9589662669819572,1.0015443238045019,0,0.0,0,0.0,0.0,96,0,0,0,0.025323900023067836,0.26379062524028996,0.7020345999917481,7.312860416580709,0.6976976999867475,0.0,1.6149804999949993,16.822713541614576,0.10423180003272137,2.342339000009815,96,8.440398571035734e-08,6.680243622159132e-08
100,251,309,29664,0.45,0.375,0.0,0,0,0,0,0,0,2.061991683997476,0.9537706343793089,1.0,0.9537706343793089,1.0,0,0.0,0,0.0,0.0,96,0,0,0,0.024033999936364125,0.25035416600379296,0.6440858999922057,6.709228124918809,0.6401298000419047,0.0,1.519735399975616,15.830577083079334,0.09743250000610715,2.187855299904186,96,9.69818359820851e-08,9.184695559660838e-08
100,252,310,29760,0.45,0.375,0.0,0,0,0,0,0,0,2.2846724524376834,0.953320787938148,1.0,0.953320787938148,1.0,0,0.0,0,0.0,0.0,96,0,0,0,0.025379000027896836,0.2643645836239254,0.7000834000427858,7.292535417112352,0.6959223999729147,0.0,1.5996582000225317,16.663106250234705,0.10268659996654605,2.3251206000932143,96,8.763085308609309e-08,9.630279629302407e-08
100,253,312,29952,0.45,0.375,0.0,0,0,0,0,0,0,2.3566786957537014,0.9534990904143434,1.0,0.9534990904143434,1.0,0,0.0,0,0.0,0.0,96,0,0,0,0.027534599968930706,0.2868187496763615,0.7591983000311302,7.908315625324272,0.7545875000068918,0.0,1.7605068999910145,18.338613541573068,0.11208750000514556,2.5472397999910754,96,9.984910003847658e-08,9.857572869087505e-08
100,254,313,30048,0.45,0.375,0.0,0,0,0,0,0,0,2.417602337874324,0.953230866692344,1.0,0.953230866692344,1.0,0,0.0,0,0.0,0.0,96,0,0,0,0.025074300036067143,0.2611906253756994,0.7089020999555942,7.3843968745374395,0.704633199966338,0.0,1.6625165000004927,17.317880208338465,0.10789200002182042,2.396492899992154,96,9.795172009434416e-08,9.648804047412973e-08
100,255,314,30144,0.45,0.375,0.0,0,0,0,0,0,0,1.596035261571502,0.9588799033849879,1.0,0.9588799033849879,1.0,0,0.0,0,0.0,0.0,96,0,0,0,0.025907399998686742,0.2698687499863202,0.7238613999870722,7.540222916532002,0.719514699994761,0.0,1.6680320999657852,17.375334374643597,0.10688609998760512,2.417800899951544,96,9.856337238674413e-08,9.201327692831551e-08
100,256,315,30240,0.45,0.375,0.0,0,0,0,0,0,0,1.3444002095716339,0.9600910158980447,1.0,0.9600910158980447,1.0,0,0.0,0,0.0,0.0,96,0,0,0,0.02549329997418681,0.26555520806444594,0.7086404000219773,7.381670833562263,0.7043276999829686,0.0,1.6395969999939553,17.0791354166037,0.10594510001101298,2.3737306999901193,96,9.879175153285069e-08,7.546520859602612e-08
100,257,316,30336,0.45,0.375,0.0,0,0,0,0,0,0,2.2054399254519574,0.953430007055024,1.0,0.953430007055024,1.0,0,0.0,0,0.0,0.0,96,0,0,0,0.025380799983395264,0.26438333316036733,0.7079815999750281,7.374808333073209,0.7037634000080288,0.0,1.6516753000687459,17.20495104238277,0.10685969999758527,2.385037700027169,96,9.193057551315498e-08,9.679228488157499e-08
100,258,317,30432,0.45,0.375,0.0,0,0,0,0,0,0,2.2950345973785486,0.9531044875324198,1.0,0.9531044875324198,1.0,0,0.0,0,0.0,0.0,96,0,0,0,0.027177799987839535,0.2831020832066618,0.7564173000282608,7.879346875294383,0.7518926000411739,0.0,1.7378108999837423,18.10219687483065,0.11024330001237104,2.5214059999998426,96,9.828705211691047e-08,9.727401828474314e-08
100,259,320,30720,0.45,0.375,0.0,0,0,0,0,0,0,2.261377308494137,0.9536552906243654,1.0,0.9536552906243654,1.0,0,0.0,0,0.0,0.0,96,0,0,0,0.025636500009568408,0.2670468750996709,0.7254150999360718,7.556407291000748,0.7211110999342054,0.0,1.6760028999415226,17.458363541057526,0.10675530001026345,2.427054499887163,96,8.851756227307161e-08,9.81705097768959e-08
100,260,321,30816,0.45,0.375,0.0,0,0,0,0,0,0,1.6613335290746478,0.9577554189829032,1.0,0.9577554189829032,1.0,0,0.0,0,0.0,0.0,96,0,0,0,0.02654619997338159,0.2765229163893916,0.7137453999457648,7.434847916101717,0.7094823000152246,0.0,1.6687541999926907,17.38285624992386,0.10701219999464229,2.409045799911837,96,9.32082190683442e-08,7.757624986837186e-08
100,261,322,30912,0.45,0.375,0.0,0,0,0,0,0,0,1.3185716226101507,0.9598234248831494,1.0,0.9598234248831494,1.0,0,0.0,0,0.0,0.0,96,0,0,0,0.02602270001079887,0.2710697917791549,0.7091297999286326,7.386768749256589,0.7047620999728679,0.0,1.632841299964639,17.008763541298322,0.10711170001741266,2.3679937999040703,96,9.335143578287353e-08,7.31227765837783e-08
100,262,323,31008,0.45,0.375,0.0,0,0,0,0,0,0,2.503866029633558,0.9530810393835092,1.0,0.9530810393835092,1.0,0,0.0,0,0.0,0.0,96,0,0,0,0.026952899956086185,0.28075937454256444,0.738885999955528,7.696729166203416,0.7343975999901886,0.0,1.7136794000543887,17.850827083899883,0.11088699995889328,2.479518299966003,96,7.670644224834489e-08,9.997999469990582e-08
100,263,324,31104,0.45,0.375,0.0,0,0,0,0,0,0,2.53300327521053,0.952960663566784,1.0,0.952960663566784,1.0,0,0.0,0,0.0,0.0,96,0,0,0,0.024204099980124738,0.2521260414596327,0.6708623999875272,6.988149999870075,0.6668628999614157,0.0,1.5666266000043834,16.319027083378995,0.09823879998293705,2.2616930999720353,96,9.493761975350179e-08,9.84939671488938e-08
100,264,325,31200,0.45,0.375,0.0,0,0,0,0,0,0,2.2689500999880945,0.9529415579926522,1.0,0.9529415579926522,1.0,0,0.0,0,0.0,0.0,96,0,0,0,0.024290800029120874,0.2530291669700091,0.6568772999962675,6.84247187496112,0.6529080999607686,0.0,1.5263791000106721,15.899782291777836,0.09867299999314127,2.2075472000360605,96,7.997614551516485e-08,9.267892647768505e-08
100,265,326,31296,0.45,0.375,0.0,0,0,0,0,0,0,2.4047952450763126,0.9519398537912875,1.0,0.9519398537912875,1.0,0,0.0,0,0.0,0.0,96,0,0,0,0.026273700001183897,0.2736843750123323,0.7274587000210886,7.57769479188634,0.7231323000232805,0.0,1.6924150999839185,17.629323958165816,0.10911420000775252,2.446147500006191,96,9.086917340979384e-08,9.329746641917325e-08
100,266,327,31392,0.45,0.375,0.0,0,0,0,0,0,0,2.2930321178741844,0.9533130356903051,1.0,0.9533130356903051,1.0,0,0.0,0,0.0,0.0,96,0,0,0,0.026426199976413045,0.27527291642096924,0.7463643999944907,7.7746291666092775,0.7419276999789872,0.0,1.7100636999530252,17.813163541177346,0.11055890004354296,2.482854299923929,96,8.728130451891858e-08,9.469865169808855e-08
100,267,328,31488,0.45,0.375,0.0,0,0,0,0,0,0,1.6549189700620175,0.9578919715876458,1.0,0.9578919715876458,1.0,0,0.0,0,0.0,0.0,96,0,0,0,0.025958299993362743,0.27039895826419524,0.7291626000005635,7.59544375000587,0.7246904999483377,0.0,1.6765216999774566,17.463767708098505,0.10363660001166863,2.431642599971383,96,8.368219997154092e-08,7.253097268622444e-08
100,268,331,31776,0.45,0.375,0.0,0,0,0,0,0,0,2.662987999991521,0.9517619822249563,1.0,0.9517619822249563,1.0,0,0.0,0,0.0,0.0,96,0,0,0,0.02617210002790671,0.27262604195736156,0.7250238999768044,7.552332291425046,0.7205675000004703,0.0,1.6739405000189436,17.436880208530663,0.10661699998308904,2.4251365000236547,96,9.372826046544214e-08,9.918718110735192e-08
100,269,332,31872,0.45,0.375,0.0,0,0,0,0,0,0,2.4704918587159233,0.9532690938053304,1.0,0.9532690938053304,1.0,0,0.0,0,0.0,0.0,96,0,0,0,0.026226900023175403,0.27319687524141045,0.7307260999732534,7.611730208054723,0.7262347000068985,0.0,1.6919484000172815,17.624462500180016,0.10989849997713463,2.4489014000137104,96,9.582300321275827e-08,9.88659344669518e-08
100,270,333,31968,0.45,0.375,0.0,0,0,0,0,0,0,2.586862934179577,0.9530446617304525,1.0,0.9530446617304525,1.0,0,0.0,0,0.0,0.0,96,0,0,0,0.02512799994292436,0.2617499994054621,0.710351400070067,7.399493750729865,0.7061564000105136,0.0,1.644223300005251,17.127326041721364,0.1041230999835534,2.3797027000182425,96,9.100441554846239e-08,9.976250922583141e-08
100,271,334,32064,0.45,0.375,0.0,0,0,0,0,0,0,2.4123594014787813,0.953926164996293,1.0,0.953926164996293,1.0,0,0.0,0,0.0,0.0,96,0,0,0,0.026402599993161857,0.2750270832621027,0.7309461000331794,7.614021875345618,0.7265527000054135,0.0,1.70387080002547,17.74865416693198,0.10790459999407176,2.4612195000518113,96,9.143185325174996e-08,9.496060673908069e-08
100,272,335,32160,0.45,0.375,0.0,0,0,0,0,0,0,1.729236060115781,0.9580967567469918,1.0,0.9580967567469918,1.0,0,0.0,0,0.0,0.0,96,0,0,0,0.026023799990070984,0.27108124989657273,0.7294108999994933,7.598030208328055,0.7249898000300163,0.0,1.675173799994809,17.44972708327926,0.10855669999727979,2.4306084999843733,96,9.981933469030424e-08,7.414673354466661e-08
100,273,336,32256,0.45,0.375,0.0,0,0,0,0,0,0,1.5730409504732938,0.9587175077354996,1.0,0.9587175077354996,1.0,0,0.0,0,0.0,0.0,96,0,0,0,0.02394340003229445,0.24941041700306715,0.661538299973472,6.8910239580570005,0.6576245000323979,0.0,1.5221755000311532,15.85599479199118,0.09950229999958538,2.2076572000369197,96,9.773872566322395e-08,8.553183862558544e-08
100,274,337,32352,0.45,0.375,0.0,0,0,0,0,0,0,2.7901275716995504,0.9512832088860059,1.0,0.9512832088860059,1.0,0,0.0,0,0.0,0.0,96,0,0,1,0.024275399984617252,0.25286874983976304,0.6762163000748842,7.043919792446711,0.6720977999648312,0.0,1.565731600006984,16.30970416673942,0.10069110001495574,2.2662233000664855,96,8.718985895252163e-08,8.779006896442176e-08
100,275,338,32448,0.45,0.375,0.0,0,0,0,0,0,0,2.843464854635326,0.9505013012211634,1.0,0.9504007454376112,1.0,1,0.010416666666666666,0,3.156130111278257e-05,0.0030298849068271265,101,1,4,5,0.0242188000047463,0.2522791667161073,0.7145467000300414,7.4431947919795975,0.7094393999796011,0.0007840999969630502,1.556324399971345,16.21171249970151,0.09969929999351734,2.2950899000061327,96,9.376027146519583e-08,9.613432286337265e-08
100,276,339,32544,0.45,0.375,0.0,0,0,0,0,0,0,2.832591802167221,0.9514598382518817,1.0,0.9514598382518817,1.0,0,0.0,0,0.0,0.0,96,0,0,1,0.02324019998923177,0.24208541655449758,0.6173140000246349,6.43035416692328,0.6136624000282609,0.0,1.4482256999326637,15.08568437429858,0.09192810003150953,2.0887798999465303,96,9.525986238538564e-08,8.606715368175699e-08
100,277,340,32640,0.45,0.375,0.0,0,0,0,0,0,0,2.582212326287527,0.9505002030636994,1.0,0.9504397081745513,1.0,3,0.03125,0,3.969652959543084e-05,0.001845413026514466,111,3,5,8,0.02634440001565963,0.27442083349645446,0.8145015000118292,8.48439062512322,0.8076295999853755,0.0019886999943992123,1.6055965999694308,16.724964583014906,0.1010454000061145,2.4464424999969197,96,9.741270701538185e-08,9.385021343399913e-08
100,278,343,32928,0.45,0.375,0.0,0,0,0,0,0,0,1.5765160132590827,0.9585201721269749,1.0,0.9585201721269749,1.0,0,0.0,0,0.0,0.0,96,0,0,0,0.026689300080761313,0.27801354250793037,0.7145197999925585,7.442914583255818,0.7101545999830705,0.0,1.650665500026662,17.194432291944395,0.1060690999875078,2.3918746000999818,96,9.253586781381162e-08,8.35982838509608e-08
100,279,344,33024,0.45,0.375,0.0,0,0,0,0,0,0,2.787899550401455,0.9511247701434508,1.0,0.9511247701434508,1.0,0,0.0,0,0.0,0.0,96,0,0,3,0.026366200007032603,0.27464791673992295,0.7079308000465971,7.374279167152054,0.7035831999965012,0.0,1.6531169000227237,17.21996770857004,0.10687409997626673,2.3874139000763535,96,9.54712310943795e-08,9.157398561665531e-08
100,280,345,33120,0.45,0.375,0.0,0,0,0,0,0,0,2.849325637754419,0.9508446480189509,1.0,0.9508446480189509,1.0,0,0.0,0,0.0,0.0,96,0,1,6,0.025125399944954552,0.2617229160932766,0.6776183999754721,7.058524999744502,0.6734515999705764,0.0,1.5345624000547105,15.985025000569902,0.09734259996912442,2.237306199975137,96,9.92639729181094e-08,9.967283443046426e-08
100,281,346,33216,0.45,0.375,0.0,0,0,0,0,0,0,2.6962807495228684,0.9505008290875473,1.0,0.9498814852153757,1.0,5,0.052083333333333336,0,0.0006069532770176278,0.01912065904750953,121,5,7,11,0.02573270001448691,0.26804895848423865,0.8826689999914379,9.194468749910811,0.8747600999704446,0.002740100011578761,1.6439933000365272,17.124930208713824,0.10561769999185344,2.552395000042452,96,8.855724988390823e-08,9.46866214601716e-08
100,282,347,33312,0.45,0.375,0.0,0,0,0,0,0,0,2.7844572507570797,0.9505014542407243,1.0,0.9503861883367148,1.0,2,0.020833333333333332,0,7.246825956635316e-05,0.003483706953756646,106,2,4,6,0.02467259998957161,0.25700624989137094,0.7151426000054926,7.449402083390548,0.7096635999550926,0.0010394000055384822,1.540960699916468,16.05167395746321,0.0981196000429918,2.280775899911532,96,9.723500411090713e-08,9.553707755460827e-08
100,283,348,33408,0.45,0.375,0.0,0,0,0,0,0,0,2.4229194680983484,0.9532505934404146,1.0,0.9532505934404146,1.0,0,0.0,0,0.0,0.0,96,0,0,0,0.025297799984400626,0.2635187498375065,0.6358206000077189,6.623131250080405,0.631889400043292,0.0,1.468867899980978,15.300707291468521,0.0945931000605924,2.1299862999730976,96,9.298673633167942e-08,9.978149612122067e-08
100,284,349,33504,0.45,0.375,0.0,0,0,0,0,0,0,1.728667584544475,0.9577290257661486,1.0,0.9577290257661486,1.0,0,0.0,0,0.0,0.0,96,0,0,0,0.02417650001734728,0.2518385418473675,0.6269637999794213,6.530872916452306,0.6231464999946184,0.0,1.4327271000511246,14.924240625532548,0.09157689999119611,2.083867400047893,96,9.693915947739384e-08,9.751706789296044e-08
100,285,351,33696,0.45,0.375,0.0,0,0,0,0,0,0,2.5271572520626777,0.9530742096171436,1.0,0.9530742096171436,1.0,0,0.0,0,0.0,0.0,96,0,0,0,0.023668099980568513,0.246542708130922,0.6385719999889261,6.651791666551314,0.6346916000038618,0.0,1.496271600102773,15.586162501070552,0.09755169996788027,2.1585117000722676,96,9.385595437991223e-08,9.971156469945619e-08
100,286,352,33792,0.45,0.375,0.0,0,0,0,0,0,0,2.570481743313376,0.9533344660130196,1.0,0.9533344660130196,1.0,0,0.0,0,0.0,0.0,96,0,0,0,0.023398400022415444,0.24373333356682755,0.6446964000278967,6.715587500290591,0.6407874999567866,0.0,1.4709738000383368,15.322643750399342,0.09499819997290615,2.139068600088649,96,9.012495943983012e-08,8.725819719557215e-08
100,287,353,33888,0.45,0.375,0.0,0,0,0,0,0,0,2.4273145235343185,0.953696153684352,1.0,0.953696153684352,1.0,0,0.0,0,0.0,0.0,96,0,0,0,0.022727600000507664,0.2367458333386215,0.581261799990898,6.054810416571854,0.577318700030446,0.0,1.328640300038387,13.840003125399866,0.08591799997520866,1.9326297000297927,96,9.32533838603894e-08,9.972874775998619e-08
100,288,354,33984,0.45,0.375,0.0,0,0,0,0,0,0,2.3112532816189333,0.9546461191868134,1.0,0.9546461191868134,1.0,0,0.0,0,0.0,0.0,96,0,0,0,0.024608399988210294,0.25633749987719057,0.655908900029317,6.832384375305385,0.6519682000071043,0.0,1.5192589999423944,15.825614582733277,0.09857480005302932,2.1997762999599217,96,8.973109861046269e-08,9.969338313209342e-08
100,289,355,34080,0.45,0.375,0.0,0,0,0,0,0,0,1.9242196530735372,0.9570298354663328,1.0,0.9570298354663328,1.0,0,0.0,0,0.0,0.0,96,0,0,0,0.02321350001875544,0.24180729186203584,0.6139560000301572,6.395375000314137,0.6101632999634603,0.0,1.4232492999508395,14.825513541154578,0.08936750001157634,2.060418799999752,96,9.244937666103015e-08,7.069474276810706e-08
100,290,356,34176,0.45,0.375,0.0,0,0,0,0,0,0,1.4308401017470196,0.9595713545702627,1.0,0.9595713545702627,1.0,0,0.0,0,0.0,0.0,96,0,0,0,0.022708999982569367,0.23655208315176424,0.5960842999993474,6.209211458326536,0.5925723999462207,0.0,1.4087690999440383,14.674678124417065,0.09168669999780832,2.027562399925955,96,9.756795891179004e-08,8.086935662787731e-08
100,291,357,34272,0.45,0.375,0.0,0,0,0,0,0,0,1.109762757194005,0.9616567841677733,1.0,0.9616567841677733,1.0,0,0.0,0,0.0,0.0,96,0,0,0,0.023858899949118495,0.24853020780331764,0.6551692999782972,6.824680208107263,0.6512761000194587,0.0,1.506777299917303,15.695596874138573,0.09792430001107277,2.1858054998447187,96,5.4916285503400775e-08,5.594181992640834e-08
100,292,358,34368,0.45,0.375,0.0,0,0,0,0,0,0,1.0413981083539094,0.9622631065958753,1.0,0.9622631065958753,1.0,0,0.0,0,0.0,0.0,96,0,0,0,0.023020900051051285,0.2398010421984509,0.6011685000121361,6.262171875126417,0.5973967000536504,0.0,1.3799189000055776,14.374155208391434,0.08929299996816553,2.004108300068765,96,3.256228020727392e-08,4.2411574183165435e-08
100,293,359,34464,0.45,0.375,0.0,0,0,0,0,0,0,1.0488325307842339,0.9620810590537648,1.0,0.9620810590537648,1.0,0,0.0,0,0.0,0.0,96,0,0,0,0.025760699973034207,0.2683406247191063,0.6874130999931367,7.160553124928508,0.6831991000290145,0.0,1.5623755999913556,16.274745833243287,0.1032982999968226,2.2755493999575265,96,4.519394697886925e-08,5.076202777565264e-08
100,294,360,34560,0.45,0.375,0.0,0,0,0,0,0,0,1.4340095961927002,0.9591354219617171,1.0,0.9591354219617171,1.0,0,0.0,0,0.0,0.0,96,0,0,0,0.022850400033348706,0.23802500034738236,0.5897254000301473,6.142972916980701,0.5860528999837697,0.0,1.3672464000046602,14.242150000048545,0.08689369999046903,1.9798222000681562,96,8.658591760246637e-08,7.565487354643796e-08
100,295,361,34656,0.45,0.375,0.0,0,0,0,0,0,0,1.530273813292294,0.9588737998215142,1.0,0.9588737998215142,1.0,0,0.0,0,0.0,0.0,96,0,0,0,0.024232000003394205,0.25241666670202295,0.6242165999938152,6.5022562499355745,0.6202978999790503,0.0,1.4437193000048865,15.038742708384234,0.09214690000953851,2.092167900002096,96,9.874188984689003e-08,9.796933174432976e-08
100,296,362,34752,0.45,0.375,0.0,0,0,0,0,0,0,1.4220911769923807,0.958652784816215,1.0,0.958652784816215,1.0,0,0.0,0,0.0,0.0,96,0,0,0,0.02472289999423083,0.2575302082732378,0.6935126999887871,7.224090624883199,0.6893278000352439,0.0,1.607114599981287,16.740777083138408,0.10392440000578063,2.325350199964305,96,9.249853133441732e-08,7.599141968461787e-08
100,297,363,34848,0.45,0.375,0.0,0,0,0,0,0,0,1.2925834904789995,0.9608118951992074,1.0,0.9608118951992074,1.0,0,0.0,0,0.0,0.0,96,0,0,0,0.024390900049183983,0.2540718755123332,0.6382468000083463,6.648404166753608,0.6344046000158414,0.0,1.4520630000333767,15.125656250347674,0.09434519996284507,2.114700700090907,96,8.645641906383783e-08,7.006189177427569e-08
100,298,364,34944,0.45,0.375,0.0,0,0,0,0,0,0,1.0362282770779951,0.9615347648682863,1.0,0.9615347648682863,1.0,0,0.0,0,0.0,0.0,96,0,0,0,0.02447710001433734,0.2549697918160139,0.6526394000393339,6.798327083743061,0.6486730999968131,0.0,1.5167097000667127,15.799059375694924,0.098513999953866,2.193826200120384,96,8.340055211546182e-08,6.93602130591442e-08
101,0,2,192,0.45,0.375,0.25,0,0,0,0,0,0,2.3977563078514703,0.9544047210304741,1.0,0.9544047210304741,1.0,0,0.0,0,0.0,0.0,96,0,0,0,0.02274449998367345,0.23692187482993177,0.6265108000807231,6.526154167507532,0.6227794000005815,0.0,1.4562005999541725,15.16875624952263,0.09069770004134625,2.105455900018569,96,8.7876996773123e-08,9.468519843180978e-08
101,1,3,288,0.45,0.375,0.25,0,0,0,0,0,0,2.4638340479110394,0.955202201042808,1.0,0.955202201042808,1.0,0,0.0,0,0.0,0.0,96,0,0,0,0.02362939999147784,0.2461395832445608,0.6654101999665727,6.931356249651799,0.6615534000302432,0.0,1.5111856001094566,15.741516667806838,0.09132389994920231,2.200225200067507,96,8.289952472748108e-08,9.883758020357014e-08
101,2,4,384,0.45,0.375,0.25,0,0,0,0,0,0,2.2893340711353805,0.9556234638601585,1.0,0.9556234638601585,1.0,0,0.0,0,0.0,0.0,96,0,0,0,0.02767260001564864,0.28825625016300666,0.7857965999792214,8.185381249783555,0.7813747000109288,0.0,1.8105678000574699,18.860081250598643,0.11250380001001759,2.62403700005234,96,9.950153248214355e-08,9.782983798056755e-08
101,3,5,480,0.45,0.375,0.25,0,0,0,0,0,0,1.9332176442280293,0.9577986900720058,1.0001214654215411,0.9577986900720058,1.0001214654215411,0,0.0,0,0.0,0.0,96,0,0,0,0.02682169998297468,0.2793927081559862,0.7682840000052238,8.002958333387747,0.7637309000056121,0.0,1.7522879999742145,18.2529999997314,0.10752450003201375,2.547393699962413,96,9.842591596788408e-08,9.755084351414922e-08
101,4,6,576,0.45,0.375,0.25,0,0,0,0,0,0,1.7726033143998872,0.9590720965617288,1.0,0.9590720965617288,1.0,0,0.0,0,0.0,0.0,96,0,0,0,0.025969700029236265,0.2705177086378778,0.7621864999891841,7.9394427082206676,0.7578260000154842,0.0,1.7338307000463828,18.06073645881649,0.1059786999685457,2.521986900064803,96,9.921258125808463e-08,8.563261100213992e-08
101,5,7,672,0.45,0.375,0.25,0,0,0,0,0,0,1.429347909921998,0.9615849104900582,1.0,0.9615849104900582,1.0,0,0.0,0,0.0,0.0,96,0,0,0,0.028327000043645967,0.2950729171213122,0.8054743999746279,8.39035833306904,0.8008914000092773,0.0,1.8461924000730505,19.231170834094275,0.11304339997150237,2.6799938000913244,96,9.745149197153136e-08,9.122559443963674e-08
101,6,8,768,0.45,0.375,0.25,0,0,0,0,0,0,2.580405894966864,0.9539834000774348,1.0,0.9539834000774348,1.0,0,0.0,0,0.0,0.0,96,0,0,0,0.026949899998726323,0.28072812498673255,0.7642030999923008,7.960448958253133,0.7597257999514113,0.0,1.7239377999940189,17.957685416604363,0.10570760001428425,2.515090799985046,96,9.155876813660146e-08,8.045352467567213e-08
101,7,10,960,0.45,0.375,0.25,0,0,0,0,0,0,2.863375830482639,0.952002633891456,1.0,0.952002633891456,1.0,0,0.0,0,0.0,0.0,96,0,0,0,0.025942400032363366,0.2702333336704517,0.7363026000093669,7.669818750097572,0.732180300008622,0.0,1.7252378000193858,17.97122708353527,0.10389449996728217,2.487482800061116,96,9.776978485490084e-08,9.884842236407287e-08
101,8,11,1056,0.45,0.375,0.25,0,0,0,0,0,0,2.612465642194893,0.9536154587314589,1.0,0.9536154587314589,1.0,0,0.0,0,0.0,0.0,96,0,0,0,0.02679160005209269,0.2790791672092989,0.7944537000003038,8.275559375003164,0.7899135999614373,0.0,1.782233499987342,18.564932291534813,0.10951329999079462,2.6034788000397384,96,8.394273554035436e-08,9.82619903500126e-08
101,9,12,1152,0.45,0.375,0.25,0,0,0,0,0,0,2.6413792996257506,0.9540659719600796,1.0,0.9540659719600796,1.0,0,0.0,0,0.0,0.0,96,0,0,0,0.026545499997155275,0.27651562497036747,0.7884032999718329,8.212534374706593,0.7838477000041166,0.0,1.7850077000111924,18.59383020844992,0.10726180001074681,2.5999564999801805,96,9.715492485171118e-08,9.974988751659808e-08
101,10,13,1248,0.45,0.375,0.25,0,0,0,0,0,0,1.6995632536361627,0.9597699605214421,1.0,0.9597699605214421,1.0,0,0.0,0,0.0,0.0,96,0,0,0,0.025956999998015817,0.2703854166459981,0.7558709999866551,7.873656249860991,0.751497700017353,0.0,1.7568865999637637,18.300902082955872,0.10861369999474846,2.5387145999484346,96,9.986918018262125e-08,9.78131987211528e-08
101,11,14,1344,0.45,0.375,0.25,0,0,0,0,0,0,1.4299717630486342,0.9609868683376562,1.0,0.9609868683376562,1.0,0,0.0,0,0.0,0.0,96,0,0,0,0.027680899984261487,0.2883427081693905,0.7966940000478644,8.29889583383192,0.7920753000653349,0.0,1.8066076999311917,18.818830207616582,0.10884850002184976,2.6309825999633176,96,9.452245405654203e-08,7.803465623679173e-08
101,12,16,1536,0.45,0.375,0.25,0,0,0,0,0,0,2.6742750223315648,0.9527701630937148,1.0,0.9527701630937148,1.0,0,0.0,0,0.0,0.0,96,0,0,0,0.02641770006448496,0.27518437567171833,0.7834427000561845,8.160861458918589,0.7788484000047902,0.0,1.7577938999966136,18.310353124964724,0.10644550001597963,2.567654300117283,96,9.329381921510671e-08,9.810363646445275e-08
101,13,17,1632,0.45,0.375,0.25,0,0,0,0,0,0,2.6916438288487248,0.9530480809428388,1.0,0.9530480809428388,1.0,0,0.0,0,0.0,0.0,96,0,0,0,0.02587409999978263,0.2695218749977357,0.730840700060071,7.6129239589590725,0.7265341000020271,0.0,1.6755134000486578,17.453264583840184,0.10115999995468883,2.4322282001085114,96,9.7839912144293e-08,9.762871483465219e-08
101,14,18,1728,0.45,0.375,0.25,0,0,0,0,0,0,2.5755825522319875,0.9530881466528002,1.0,0.9530881466528002,1.0,0,0.0,0,0.0,0.0,96,0,0,0,0.02593959999649087,0.2702041666301132,0.7442019999944023,7.752104166608357,0.7399255999844172,0.0,1.715268100022513,17.867376041901178,0.10642730001563905,2.485409700013406,96,9.786252980724386e-08,9.702487729912335e-08
101,15,19,1824,0.45,0.375,0.25,0,0,0,0,0,0,2.414072667681217,0.9545142308549928,1.0,0.9545142308549928,1.0,0,0.0,0,0.0,0.0,96,0,0,0,0.0255259999903501,0.26589583323281357,0.7463309000595473,7.774280208953617,0.7420560000100522,0.0,1.6881059000079404,17.584436458416047,0.10494490000564838,2.4599628000578377,96,9.485404087183902e-08,9.80029370156732e-08
101,16,20,1920,0.45,0.375,0.25,0,0,0,0,0,0,1.5980776081005286,0.9594180967826351,1.0021441628083674,0.9594180967826351,1.0021441628083674,0,0.0,0,0.0,0.0,96,0,0,0,0.02503790004266193,0.26081145877772843,0.7132421999631333,7.429606249615972,0.7091962000631611,0.0,1.65214950000518,17.20989062505396,0.10230529998079874,2.3904296000109753,96,9.91744186686766e-08,9.526450316099666e-08
101,17,21,2016,0.45,0.375,0.25,0,0,0,0,0,0,1.3676985193217475,0.9606501947107672,1.0034238157679465,0.9606501947107672,1.0034238157679465,0,0.0,0,0.0,0.0,96,0,0,0,0.026484700007131323,0.2758822917409513,0.780349099986779,8.128636458195615,0.7757592000125442,0.0,1.7630181999484194,18.36477291612937,0.10547000005317386,2.5698519999423297,96,9.303027205358194e-08,7.992210337981476e-08
101,18,22,2112,0.45,0.375,0.25,0,0,0,0,0,0,2.6053633475794276,0.9529230995703317,1.0,0.9529230995703317,1.0,0,0.0,0,0.0,0.0,96,0,0,0,0.026077800001075957,0.2716437500112079,0.7568204999843147,7.883546874836611,0.7524962000024971,0.0,1.7193948000640376,17.91036250066706,0.10438169996632496,2.502293100049428,96,9.411670471616562e-08,9.867723180234655e-08
101,19,23,2208,0.45,0.375,0.25,0,0,0,0,0,0,2.8524025592452995,0.9524473212915574,1.0,0.9524473212915574,1.0,0,0.0,0,0.0,0.0,96,0,0,0,0.027593500002694782,0.28743229169473733,0.7700838999880943,8.021707291542649,0.7657134999826667,0.0,1.7527916000399273,18.258245833749243,0.10700809996342286,2.5504690000307164,96,9.477259248213965e-08,9.480973284237137e-08
101,20,24,2304,0.45,0.375,0.25,0,0,0,0,0,0,2.760469517262322,0.9527261330739079,1.0,0.9527261330739079,1.0,0,0.0,0,0.0,0.0,96,0,0,0,0.0263699000570341,0.27468645892743854,0.7415196000147262,7.724162500153398,0.7372262999924715,0.0,1.7036111999841523,17.74594999983492,0.10365480001200922,2.4715007000559126,96,9.357508625601474e-08,9.691187949356639e-08
101,21,25,2400,0.45,0.375,0.25,0,0,0,0,0,0,2.4586234511200717,0.9526666732143414,1.002324365924841,0.9526666732143414,1.002324365924841,0,0.0,0,0.0,0.0,96,0,0,0,0.025683399951958563,0.26753541616623505,0.7515346000582213,7.8284854172731375,0.7472903000016231,0.0,1.7114670999944792,17.827782291609157,0.10498410001309821,2.488685100004659,96,9.809906256243173e-08,9.575365472747066e-08
101,22,26,2496,0.45,0.375,0.25,0,0,0,0,0,0,2.306006810792823,0.9542089363006809,1.0040422001804237,0.9542089363006809,1.0040422001804237,0,0.0,0,0.0,0.0,96,0,0,0,0.02748010007053381,0.2862510424013938,0.7869214999736869,8.197098958059238,0.7822977999967407,0.0,1.8138056999450782,18.8938093744279,0.11366670001734747,2.628207299989299,96,9.710422659535423e-08,9.352533719697576e-08
101,23,27,2592,0.45,0.375,0.25,0,0,0,0,0,0,1.5425809238604515,0.9594318526955214,1.0052152816867548,0.9594318526955214,1.0052152816867548,0,0.0,0,0.0,0.0,96,0,0,0,0.026345300051616505,0.2744302088710053,0.73659979992226,7.672914582523542,0.7323726999893552,0.0,1.7600898999953642,18.33426979161838,0.1095418999902904,2.5230349999692407,96,9.507867168058459e-08,9.257660818495772e-08
101,24,28,2688,0.45,0.375,0.25,0,0,0,0,0,0,1.3162489103572605,0.9610548155163409,1.0035004718439222,0.9610548155163409,1.0035004718439222,0,0.0,0,0.0,0.0,96,0,0,0,0.027822599971841555,0.28981874970668287,0.7537689999880968,7.851760416542675,0.7491359000050579,0.0,1.7550128999864683,18.281384374859044,0.10836730001028627,2.5366044999464066,96,9.009359050460297e-08,7.659087933320485e-08
101,25,29,2784,0.45,0.375,0.25,0,0,0,0,0,0,2.585094525044693,0.9536188451552486,1.0,0.9536188451552486,1.0,0,0.0,0,0.0,0.0,96,0,0,0,0.027811600011773407,0.2897041667893063,0.7928095000315807,8.258432291995632,0.7881423000362702,0.0,1.84801569992851,19.250163540921978,0.11208710003847955,2.668636799971864,96,9.753334593957941e-08,9.902288752861033e-08
101,26,30,2880,0.45,0.375,0.25,0,0,0,0,0,0,2.610440665609868,0.9544999435171883,1.0,0.9544999435171883,1.0,0,0.0,0,0.0,0.0,96,0,0,0,0.02615540002443595,0.2724520835878745,0.7289042999909725,7.592753124905964,0.7247573999629822,0.0,1.6777411000148277,17.47646979182112,0.10061249999853317,2.432800800030236,96,9.235707482645183e-08,9.993256028240083e-08
101,27,31,2976,0.45,0.375,0.25,0,0,0,0,0,0,2.5431762272145297,0.9540127024965939,1.0,0.9540127024965939,1.0,0,0.0,0,0.0,0.0,96,0,0,0,0.025121099984971806,0.2616781248434563,0.7291117999629932,7.594914582947847,0.7249410999793326,0.0,1.6704719000554178,17.4007489589106,0.09941789996810257,2.424704800003383,96,9.808115974778431e-08,9.831390951342556e-08
101,28,32,3072,0.45,0.375,0.25,0,0,0,0,0,0,2.374554584851507,0.9543533053825125,1.0002848298471165,0.9543533053825125,1.0002848298471165,0,0.0,0,0.0,0.0,96,0,0,0,0.028856899989477824,0.30059270822372736,0.8383477000024868,8.732788541692571,0.8336068000280648,0.0,1.8931444999252562,19.720255207554754,0.1164889000065159,2.760349099917221,96,8.527730678727086e-08,9.974397821577163e-08
101,29,33,3168,0.45,0.375,0.25,0,0,0,0,0,0,2.312901336686327,0.9560769286097558,1.0,0.9560769286097558,1.0,0,0.0,0,0.0,0.0,96,0,0,0,0.026655099987692665,0.27765729153846525,0.7604348999811918,7.921196874804082,0.7559272000653436,0.0,1.741646199967363,18.142147916326696,0.10823769997659838,2.5287361999362474,96,9.736110318132873e-08,9.939281703230662e-08
101,30,34,3264,0.45,0.375,0.25,0,0,0,0,0,0,1.4399305649336773,0.9600359122055019,1.0024304769537675,0.9600359122055019,1.0024304769537675,0,0.0,0,0.0,0.0,96,0,0,0,0.028497500032244716,0.2968489586692158,0.8216410000241012,8.558760416917721,0.8170229000170366,0.0,1.8973056000249926,19.76360000026034,0.11916889998974511,2.7474441000813385,96,9.744144255363629e-08,7.993135181516564e-08
101,31,35,3360,0.45,0.375,0.25,0,0,0,0,0,0,1.1898577756379711,0.9619894160652949,1.0018650651118368,0.9619894160652949,1.0018650651118368,0,0.0,0,0.0,0.0,96,0,0,0,0.027179199998499826,0.28311666665103985,0.7859880999967572,8.187376041632888,0.7816322000144282,0.0,1.7941594000076293,18.689160416746137,0.10855479999008821,2.6073267000028864,96,9.965665031912152e-08,8.062484284365734e-08
101,32,36,3456,0.45,0.375,0.25,0,0,0,0,0,0,2.316917967886564,0.9552184626834392,1.0,0.9552184626834392,1.0,0,0.0,0,0.0,0.0,96,0,0,0,0.028928800027642865,0.3013416669546132,0.8195172999912756,8.536638541575789,0.8148866000119597,0.0,1.8865412000232027,19.65147083357503,0.11626549997890834,2.734987300042121,96,9.753856183673804e-08,9.682106241748478e-08
101,33,37,3552,0.45,0.375,0.25,0,0,0,0,0,0,2.5070682170788943,0.9538408418244108,1.0,0.9538408418244108,1.0,0,0.0,0,0.0,0.0,96,0,0,0,0.026901699995505624,0.28022604161985026,0.7752973999376991,8.076014582684365,0.7708448000412318,0.0,1.7836674999634852,18.579869791286303,0.1089374000148382,2.58586659989669,96,9.919091333888963e-08,9.776009834983057e-08
101,34,40,3840,0.45,0.375,0.25,0,0,0,0,0,0,2.4591472094316864,0.9549883251798671,1.0,0.9549883251798671,1.0,0,0.0,0,0.0,0.0,96,0,0,0,0.027143799990881234,0.2827479165716795,0.784250999953656,8.16928124951725,0.7799152999868966,0.0,1.8009618000214687,18.760018750223633,0.11071749997790903,2.612356599966006,96,9.326057862600601e-08,9.395552363899995e-08
101,35,42,4032,0.45,0.375,0.25,0,0,0,0,0,0,1.3244922837495852,0.961327420681814,1.0010229404353803,0.961327420681814,1.0010229404353803,0,0.0,0,0.0,0.0,96,0,0,0,0.027125699911266565,0.28255937407569337,0.773656499965,8.058921874635416,0.7692108999617631,0.0,1.781071300028998,18.55282604196873,0.1093513000087114,2.5818534999052645,96,9.629814892546384e-08,7.924151571025995e-08
101,36,43,4128,0.45,0.375,0.25,0,0,0,0,0,0,2.1807570839671664,0.9533474372623431,1.0061880828166065,0.9533474372623431,1.0061880828166065,0,0.0,0,0.0,0.0,96,0,0,0,0.02497320003749337,0.26013750039055594,0.7474715000062133,7.786161458398055,0.743273500003852,0.0,1.7268073999512126,17.98757708282513,0.10714040005404968,2.4992520999949193,96,9.252434497383777e-08,9.781010792964118e-08
101,37,44,4224,0.45,0.375,0.25,0,0,0,0,0,0,2.0991516371623473,0.9549137681232956,1.008684150264966,0.9549137681232956,1.008684150264966,0,0.0,0,0.0,0.0,96,0,0,0,0.026965899975039065,0.2808947914066569,0.7980524000086007,8.313045833422924,0.7935773000936024,0.0,1.8321388999465853,19.08478020777693,0.11228260000643786,2.657157199930225,96,9.85476700243737e-08,9.74312648616138e-08
101,38,45,4320,0.45,0.375,0.25,0,0,0,0,0,0,2.022468813204733,0.9548771277977083,1.0089723873323946,0.9548771277977083,1.0089723873323946,0,0.0,0,0.0,0.0,96,0,0,0,0.02866259998700116,0.2985687498645954,0.8268209000088973,8.612717708426013,0.8221319999647676,0.0,1.886709000056726,19.653218750590895,0.11557359997095773,2.7421925000526244,96,9.991770212429418e-08,9.807638597092438e-08
101,39,46,4416,0.45,0.375,0.25,0,0,0,0,0,0,2.056649122971579,0.9547631593840147,1.0062785850943998,0.9547631593840147,1.0062785850943998,0,0.0,0,0.0,0.0,96,0,0,0,0.027957900005276315,0.2912281250549616,0.8335631000372814,8.682948958721681,0.8287083000541315,0.0,1.9022335000117891,19.81493229178947,0.11731390000204556,2.763754500054347,96,9.956730151298998e-08,9.965487129948158e-08
101,40,47,4512,0.45,0.375,0.25,0,0,0,0,0,0,2.2797953483510747,0.9560542926780495,1.0,0.9560542926780495,1.0,0,0.0,0,0.0,0.0,96,0,0,0,0.028498899962869473,0.29686354127989034,0.8168002000093111,8.508335416763657,0.8121859000239056,0.0,1.8526085000557941,19.29800520891452,0.1133781999888015,2.6979076000279747,96,9.827779968302197e-08,9.418118826487465e-08
101,41,48,4608,0.45,0.375,0.25,0,0,0,0,0,0,1.4405371376245422,0.960527040669779,1.0,0.960527040669779,1.0,0,0.0,0,0.0,0.0,96,0,0,0,0.02968199997121701,0.30918749970017717,0.8387733999916236,8.737222916579412,0.8338988000032259,0.0,1.927110999917204,20.07407291580421,0.1182858000320266,2.7955663998800446,96,9.64356887400708e-08,8.71337695051988e-08
101,42,50,4800,0.45,0.375,0.25,0,0,0,0,0,0,2.387415498877279,0.9539210974986871,1.0,0.9539210974986871,1.0,0,0.0,0,0.0,0.0,96,0,0,0,0.028623900005186442,0.29816562505402544,0.834316100088472,8.690792709254916,0.8295013000315521,0.0,1.8967821998958243,19.758147915581503,0.11730130005889805,2.7597221999894828,96,8.455449884529898e-08,9.466735853558284e-08
101,43,52,4992,0.45,0.375,0.25,0,0,0,0,0,0,2.540708146687717,0.953717830156305,1.0,0.953717830156305,1.0,0,0.0,0,0.0,0.0,96,0,0,0,0.02820590003102552,0.29381145865651587,0.8128367999888724,8.467049999884088,0.8082148999528727,0.0,1.846203599961882,19.23128749960294,0.11391250001906883,2.68724629998178,96,9.816659911170145e-08,9.953177365629173e-08
101,44,53,5088,0.45,0.375,0.25,0,0,0,0,0,0,2.251628440833034,0.9544340691817501,1.0,0.9544340691817501,1.0,0,0.0,0,0.0,0.0,96,0,0,0,0.02757909998035757,0.287282291462058,0.7892442000666051,8.221293750693803,0.7848738999746274,0.0,1.8017187000295962,18.767903125308294,0.11060929998348001,2.618542000076559,96,8.907838531906076e-08,9.820006446892293e-08
101,45,54,5184,0.45,0.375,0.25,0,0,0,0,0,0,1.961082552670354,0.9569738672537819,1.0031394041286805,0.9569738672537819,1.0031394041286805,0,0.0,0,0.0,0.0,96,0,0,0,0.02845520003029378,0.2964083336488936,0.818660999997519,8.527718749974156,0.8139719000246259,0.0,1.8523869000346167,19.29569687536059,0.11359589997300645,2.6995031000624294,96,9.569698975094021e-08,9.954383664578792e-08
101,46,55,5280,0.45,0.375,0.25,0,0,0,0,0,0,1.2627526551497548,0.960741890798723,1.0078850223089226,0.960741890798723,1.0078850223089226,0,0.0,0,0.0,0.0,96,0,0,0,0.028696900015347637,0.29892604182653787,0.8181353000327363,8.522242708674336,0.813455600044108,0.0,1.8904764000326395,19.692462500339996,0.11646839996683411,2.7373086000807234,96,8.553335732394696e-08,8.180206984009786e-08
101,47,58,5568,0.45,0.375,0.25,0,0,0,0,0,0,2.116527665746134,0.9560531667816047,1.0004445042931485,0.9560531667816047,1.0004445042931485,0,0.0,0,0.0,0.0,96,0,0,0,0.02841900006023934,0.29603125062749314,0.8189221000211546,8.530438541887028,0.8142135999733,0.0,1.8790555000086897,19.573494791757184,0.11490089999279007,2.7263966000900837,96,9.508623054731158e-08,8.942652229837478e-08
101,48,59,5664,0.45,0.375,0.25,0,0,0,0,0,0,2.114389085819863,0.9565280283787321,1.000313630200759,0.9565280283787321,1.000313630200759,0,0.0,0,0.0,0.0,96,0,0,0,0.02826799998001661,0.29445833312517306,0.8044719000026817,8.379915625027934,0.7996716999623459,0.0,1.8394270000208053,19.16069791688339,0.11455569996178383,2.6721669000035035,96,9.611241942944493e-08,9.946212797817822e-08
101,49,61,5856,0.45,0.375,0.25,0,0,0,0,0,0,1.7609380053982766,0.9574382117978202,1.0059710584646564,0.9574382117978202,1.0059710584646564,0,0.0,0,0.0,0.0,96,0,0,0,0.026710800011642277,0.27823750012127374,0.7373875999765005,7.6811208330885465,0.7331747999851359,0.0,1.7014326999997138,17.723257291663685,0.10085960003198124,2.4655310999878566,96,9.90750991490541e-08,9.796786423765802e-08
101,50,62,5952,0.45,0.375,0.25,0,0,0,0,0,0,1.1378709316815125,0.9622353605026593,1.007943681598254,0.9622353605026593,1.007943681598254,0,0.0,0,0.0,0.0,96,0,0,0,0.027295100000628736,0.28432395833988267,0.7721657000147388,8.043392708486863,0.7678155999674345,0.0,1.7678564000016195,18.415170833350203,0.10934689996793168,2.567317200016987,96,9.405559162241339e-08,8.304516664614514e-08
101,51,63,6048,0.45,0.375,0.25,0,0,0,0,0,0,1.05551417540069,0.9626472154561007,1.0054476155647218,0.9626472154561007,1.0054476155647218,0,0.0,0,0.0,0.0,96,0,0,0,0.028834399963670876,0.30035833295490494,0.8229854999954114,8.572765624952202,0.8183292000394431,0.0,1.8814100000017788,19.598020833351864,0.11537520001729717,2.733229899960861,96,9.106844571851735e-08,7.645517594023765e-08
101,52,64,6144,0.45,0.375,0.25,0,0,0,0,0,0,2.003833724020323,0.9561370934163016,1.0,0.9561370934163016,1.0,0,0.0,0,0.0,0.0,96,0,0,0,0.027945299989369232,0.29109687488926284,0.8157005000102799,8.496880208440416,0.8109851000335766,0.0,1.8568089999607764,19.341760416258087,0.11434090001421282,2.7004547999604256,96,8.470180739086897e-08,9.82849443498246e-08
101,53,65,6240,0.45,0.375,0.25,0,0,0,0,0,0,2.190188244467333,0.9557896780788476,1.0,0.9557896780788476,1.0,0,0.0,0,0.0,0.0,96,0,0,0,0.027738000040699262,0.28893750042395067,0.7784900999977253,8.109271874976306,0.7740010000197799,0.0,1.7627850000499166,18.362343750519965,0.10846819992002565,2.569013100088341,96,9.251104605458027e-08,9.39017849588275e-08
101,54,66,6336,0.45,0.375,0.25,0,0,0,0,0,0,2.1975519339614573,0.9550358681442016,1.0006473159303118,0.9550358681442016,1.0006473159303118,0,0.0,0,0.0,0.0,96,0,0,0,0.028293199982726946,0.2947208331534057,0.8105696000347962,8.443433333695793,0.8059504000048037,0.0,1.8476723000276252,19.246586458621096,0.11353769999550423,2.6865351000451483,96,9.500520532605694e-08,9.663796943226721e-08
101,55,67,6432,0.45,0.375,0.25,0,0,0,0,0,0,2.1388811118041624,0.9556892480443107,1.0,0.9556892480443107,1.0,0,0.0,0,0.0,0.0,96,0,0,0,0.026297600015823264,0.273933333498159,0.7565642000263324,7.880877083607629,0.7522156999693834,0.0,1.7134995000305935,17.848953125318683,0.10329269999783719,2.496361300072749,96,9.674088836432448e-08,8.947666163550139e-08
101,56,68,6528,0.45,0.375,0.25,0,0,0,0,0,0,1.7329161667374247,0.9575552365043699,1.0068767112566752,0.9575552365043699,1.0068767112566752,0,0.0,0,0.0,0.0,96,0,0,0,0.027455800060124602,0.2859979172929646,0.7783023000083631,8.107315625087116,0.7738007999942056,0.0,1.790112999995472,18.647010416619498,0.11056749997806037,2.5958711000639596,96,9.809426655509046e-08,9.832807602860871e-08
101,57,69,6624,0.45,0.375,0.25,0,0,0,0,0,0,1.1483608619593646,0.9614524691378222,1.0099550374322863,0.9614524691378222,1.0099550374322863,0,0.0,0,0.0,0.0,96,0,0,0,0.029038199965725653,0.30248124964297557,0.8164449999967474,8.504635416632786,0.8118033000282594,0.0,1.8856028999725822,19.6416968747144,0.1170375000074273,2.7310860999350552,96,7.941782493789407e-08,7.097535850708603e-08
101,58,70,6720,0.45,0.375,0.25,0,0,0,0,0,0,0.9945162272189375,0.9631025595196522,1.01334976041598,0.9631025595196522,1.01334976041598,0,0.0,0,0.0,0.0,96,0,0,0,0.028265699991607107,0.294434374912574,0.8002569999953266,8.336010416617986,0.7955687000285252,0.0,1.8442241999946418,19.210668749944187,0.11470310003642226,2.6727468999815756,96,9.97546980262276e-08,9.910000177242029e-08
101,59,73,7008,0.45,0.375,0.25,0,0,0,0,0,0,1.7102442025070124,0.9567472974533061,1.007619911131128,0.9567472974533061,1.007619911131128,0,0.0,0,0.0,0.0,96,0,0,0,0.0304930999991484,0.31763645832446247,0.8588611999730347,8.946470833052445,0.8539020000171149,0.0,1.9427779000034207,20.2372697917023,0.12032650000764988,2.8321321999756037,96,9.535955774152283e-08,9.943431425463167e-08
101,60,74,7104,0.45,0.375,0.25,0,0,0,0,0,0,1.5994372568664108,0.957346476109684,1.01179951033086,0.957346476109684,1.01179951033086,0,0.0,0,0.0,0.0,96,0,0,0,0.02898369995818939,0.3019135412311395,0.8392689000102109,8.742384375106363,0.8344144000366214,0.0,1.916662199946586,19.965231249443605,0.11759680000250228,2.7849147999149864,96,8.957317623736749e-08,9.80367036162999e-08
101,61,75,7200,0.45,0.375,0.25,0,0,0,0,0,0,1.6693475270221132,0.9578464705219083,1.0050130692237358,0.9578464705219083,1.0050130692237358,0,0.0,0,0.0,0.0,96,0,0,0,0.028786800008674618,0.2998625000903606,0.82674829998723,8.611961458200312,0.8217850999863003,0.0,1.8942808000647346,19.732091667340985,0.11662599996634526,2.7498159000606393,96,9.518993954182875e-08,9.852066946980376e-08
101,62,76,7296,0.45,0.375,0.25,0,0,0,0,0,0,1.3821295428389824,0.9615157870406732,1.0003397866817754,0.9615157870406732,1.0003397866817754,0,0.0,0,0.0,0.0,96,0,0,0,0.027463500016892795,0.2860781251759666,0.7895366000302602,8.224339583648543,0.7851534999790601,0.0,1.786452599997574,18.60888124997473,0.10949009998876136,2.603452700044727,96,8.584958513177532e-08,9.499887577979482e-08
101,63,77,7392,0.45,0.375,0.25,0,0,0,0,0,0,1.2180843857470534,0.9610007049711344,1.0,0.9610007049711344,1.0,0,0.0,0,0.0,0.0,96,0,0,0,0.026583600039884914,0.27691250041546783,0.7729814999765949,8.051890624756197,0.768587199949252,0.0,1.7708966999634868,18.446840624619654,0.108154600027774,2.5704617999799666,96,9.958517382252507e-08,8.445576224480611e-08
101,64,78,7488,0.45,0.375,0.25,0,0,0,0,0,0,1.892231716355183,0.9560232709947192,1.0006047162279197,0.9560232709947192,1.0006047162279197,0,0.0,0,0.0,0.0,96,0,0,0,0.028066899976693094,0.2923635414238864,0.8330215999958455,8.677308333290057,0.82819679997192,0.0,1.9012773000213201,19.804971875222083,0.11785450000752462,2.7623657999938587,96,8.317727430429134e-08,9.2343695190511e-08
101,65,79,7584,0.45,0.375,0.25,0,0,0,0,0,0,1.8644831523531806,0.9568419892936822,1.0016371784057396,0.9568419892936822,1.0016371784057396,0,0.0,0,0.0,0.0,96,0,0,0,0.025891199940815568,0.2696999993834955,0.7529905999690527,7.843652083010966,0.7487497000329313,0.0,1.763477500040608,18.369557292089667,0.10889559999486664,2.5423592999504763,96,9.22280364232253e-08,9.738112677348809e-08
101,66,80,7680,0.45,0.375,0.25,0,0,0,0,0,0,1.844193595826735,0.9564206455563334,1.004000655870428,0.9564206455563334,1.004000655870428,0,0.0,0,0.0,0.0,96,0,0,0,0.027296800013573375,0.284341666808056,0.7744075000373414,8.066744792055639,0.7700693000297179,0.0,1.7925634001076105,18.67253541778761,0.11091159992793109,2.5942677001585253,96,9.773237501405074e-08,9.990614828481181e-08
101,67,81,7776,0.45,0.375,0.25,0,0,0,0,0,0,1.7606766308938657,0.9570476754735469,1.0051730319569514,0.9570476754735469,1.0051730319569514,0,0.0,0,0.0,0.0,96,0,0,0,0.028177600011986215,0.29351666679152305,0.802709599964146,8.361558332959854,0.7981008000133443,0.0,1.8280868999936501,19.042571874933856,0.11075499998696614,2.6589740999697824,96,9.937798416646826e-08,9.996997514527539e-08
101,68,82,7872,0.45,0.375,0.25,0,0,0,0,0,0,1.608225817054573,0.9579872504481625,1.0072093813578014,0.9579872504481625,1.0072093813578014,0,0.0,0,0.0,0.0,96,0,0,0,0.02727459999732673,0.28411041663882014,0.7792122999962885,8.116794791628005,0.7746649999971851,0.0,1.7810995999971055,18.553120833303183,0.10925619999034097,2.5875864999907208,96,9.891745487815296e-08,9.832631944761694e-08
101,69,83,7968,0.45,0.375,0.25,0,0,0,0,0,0,1.0685465629783277,0.9630705959254825,1.0169522596815925,0.9630705959254825,1.0169522596815925,0,0.0,0,0.0,0.0,96,0,0,0,0.027461000041512307,0.2860520837657532,0.8072197000146843,8.40853854181963,0.8025961000093957,0.0,1.8376420000131475,19.14210416680362,0.11172700000315672,2.672322700069344,96,8.469932586026296e-08,9.602789738730189e-08
101,70,84,8064,0.45,0.375,0.25,0,0,0,0,0,0,0.9209942399105477,0.9644797264270899,1.021775536912624,0.9644797264270899,1.021775536912624,0,0.0,0,0.0,0.0,96,0,0,0,0.027382600004784763,0.28523541671650793,0.7753369000420207,8.076426042104382,0.770855600007053,0.0,1.7831226999915089,18.57419479157822,0.10949300001084339,2.5858422000383143,96,5.439069554122322e-08,8.451858619223929e-08
101,71,85,8160,0.45,0.375,0.25,0,0,0,0,0,0,1.4867324700984907,0.959364626096818,1.0185900882263752,0.959364626096818,1.0185900882263752,0,0.0,0,0.0,0.0,96,0,0,0,0.02665419998083962,0.27764791646707937,0.7708150999023928,8.029323957316592,0.7665806000004523,0.0,1.7638415000546956,18.37334895890308,0.10697289995005121,2.561310799937928,96,9.087882440507455e-08,9.889055442580119e-08
101,72,86,8256,0.45,0.375,0.25,0,0,0,0,0,0,1.5089340719815771,0.9593741735951067,1.016905350426043,0.9593741735951067,1.016905350426043,0,0.0,0,0.0,0.0,96,0,0,0,0.027532400010386482,0.28679583344152587,0.801603400032036,8.350035417000376,0.797131299994362,0.0,1.8302658000247902,19.06526875025823,0.11373289996117819,2.6594016000672127,96,7.945192111863397e-08,9.306938851538771e-08
101,73,87,8352,0.45,0.375,0.25,0,0,0,0,0,0,1.6100849099004944,0.9585128927522386,1.0064189398513106,0.9585128927522386,1.0064189398513106,0,0.0,0,0.0,0.0,96,0,0,0,0.027640400010568555,0.28792083344342245,0.7829001999634784,8.155210416286232,0.7783470000067609,0.0,1.817583200019726,18.933158333538813,0.11148279994085897,2.628123799993773,96,9.309014913083669e-08,9.822668241288302e-08
101,74,88,8448,0.45,0.375,0.25,0,0,0,0,0,0,1.5205068881403576,0.9592552629285714,1.0098229350966113,0.9592552629285714,1.0098229350966113,0,0.0,0,0.0,0.0,96,0,0,0,0.029477699972630944,0.3070593747149057,0.8473413999818149,8.826472916477238,0.8425390000047628,0.0,1.9529542999516707,20.343273957829904,0.12056010006199358,2.8297733999061165,96,8.962420676265903e-08,9.72587165665173e-08
101,75,89,8544,0.45,0.375,0.25,0,0,0,0,0,0,1.4155362692904547,0.9596884218272584,1.0124297403203215,0.9596884218272584,1.0124297403203215,0,0.0,0,0.0,0.0,96,0,0,0,0.027658499995595776,0.28810937495412264,0.8124847999933991,8.463383333264574,0.8080134999981965,0.0,1.8587283000451862,19.36175312547069,0.11433599994779797,2.698871600034181,96,9.490646668726399e-08,9.92031947560923e-08
101,76,90,8640,0.45,0.375,0.25,0,0,0,0,0,0,0.9464153485544017,0.9652351015889078,1.0114741742946958,0.9652351015889078,1.0114741742946958,0,0.0,0,0.0,0.0,96,0,0,0,0.027451900044979993,0.28595729213520826,0.8095238000532845,8.43253958388838,0.8050671000019065,0.0,1.8177893000029144,18.93530520836369,0.10819610000180546,2.654765000101179,96,4.56854278886587e-08,8.591114092695862e-08
101,77,91,8736,0.45,0.375,0.25,0,0,0,0,0,0,0.8162781164209539,0.9656749786282285,1.0111799656965788,0.9656749786282285,1.0111799656965788,0,0.0,0,0.0,0.0,96,0,0,0,0.029460099984135013,0.3068760415014064,0.8026532000003499,8.360970833336978,0.7980069999684929,0.0,1.8645087000331841,19.421965625345667,0.11371209997741971,2.696622000017669,96,3.422282798294651e-08,6.320475729598707e-08
101,78,93,8928,0.45,0.375,0.25,0,0,0,0,0,0,1.4460129566815236,0.9600760525257912,1.006935793684501,0.9600760525257912,1.006935793684501,0,0.0,0,0.0,0.0,96,0,0,0,0.028386099984345492,0.29568854150359886,0.8193604999833042,8.535005208159419,0.8146429000116768,0.0,1.833187900017947,19.095707291853614,0.11204639997595223,2.6809344999855966,96,8.081909743003213e-08,8.891553250622852e-08
101,79,94,9024,0.45,0.375,0.25,0,0,0,0,0,0,1.5810995067187879,0.9590876808501967,1.0074479051566048,0.9590876808501967,1.0074479051566048,0,0.0,0,0.0,0.0,96,0,0,0,0.027510699947015382,0.28656979111474357,0.7901817999663763,8.231060416316419,0.78586419999192,0.0,1.8025669999842648,18.776739583169427,0.11093960001744563,2.6202594998976565,96,9.253182200498478e-08,9.979486237376989e-08
101,80,95,9120,0.45,0.375,0.25,0,0,0,0,0,0,1.5514737464565789,0.9595983673970325,1.0069794660565317,0.9595983673970325,1.0069794660565317,0,0.0,0,0.0,0.0,96,0,0,0,0.0276140999267227,0.2876468742366948,0.8033310000100755,8.368031250104954,0.7987604000081774,0.0,1.8453424999825074,19.22231770815112,0.11337710001680534,2.6762875999193056,96,9.544627659410776e-08,9.924918845105601e-08
101,81,96,9216,0.45,0.375,0.25,0,0,0,0,0,0,1.5629847372292127,0.9588125953480383,1.0046522277028123,0.9588125953480383,1.0046522277028123,0,0.0,0,0.0,0.0,96,0,0,0,0.026835499993467238,0.2795364582652837,0.7923979000479449,8.254144792166093,0.7878967000360717,0.0,1.786517999949865,18.60956249947776,0.11046269997314084,2.605751399991277,96,9.438683821506866e-08,9.546386493808345e-08
101,82,97,9312,0.45,0.375,0.25,0,0,0,0,0,0,0.9737471656709655,0.9651485303614191,1.0096778807834488,0.9651485303614191,1.0096778807834488,0,0.0,0,0.0,0.0,96,0,0,0,0.027247500023804605,0.28382812524796464,0.7998892999894451,8.332180208223386,0.795334800001001,0.0,1.8228938999964157,18.988478124962665,0.11243040002591442,2.6500307000096655,96,4.811339522972635e-08,5.2736148364873614e-08
101,83,98,9408,0.45,0.375,0.25,0,0,0,0,0,0,0.9132150773967517,0.9657926502454517,1.025689641036107,0.9657926502454517,1.025689641036107,0,0.0,0,0.0,0.0,96,0,0,0,0.028082700024242513,0.2925281252525262,0.8074031999931321,8.41044999992846,0.8027497000293806,0.0,1.8708193000566098,19.48770104225635,0.11562269995192764,2.7063052000739845,96,3.9065673057558925e-08,9.97146989555487e-08
101,84,99,9504,0.45,0.375,0.25,0,0,0,0,0,0,1.4166835284274437,0.9601248092460594,1.009772435285894,0.9601248092460594,1.009772435285894,0,0.0,0,0.0,0.0,96,0,0,0,0.028291699978581164,0.29470520811022044,0.8044198999778018,8.379373958102102,0.7998133999790298,0.0,1.8701119000033941,19.480332291702023,0.11457720002363203,2.702823499959777,96,9.847302087466481e-08,9.269525230726217e-08
101,85,100,9600,0.45,0.375,0.25,0,0,0,0,0,0,1.475353961123885,0.960160323559454,1.008202317312154,0.960160323559454,1.008202317312154,0,0.0,0,0.0,0.0,96,0,0,0,0.027193399968382437,0.2832645830039837,0.7972597000480164,8.304788542166838,0.7927495999756502,0.0,1.81953409997368,18.953480208059165,0.11238830004731426,2.643987199990079,96,8.909256983199998e-08,9.463221421757151e-08
101,86,101,9696,0.45,0.375,0.25,0,0,0,0,0,0,1.5734210620234488,0.9597827352088417,1.00644370281065,0.9597827352088417,1.00644370281065,0,0.0,0,0.0,0.0,96,0,0,0,0.02658549999614479,0.27693229162650823,0.7772818000303232,8.096685416982533,0.7728749000016251,0.0,1.7702989999452257,18.440614582762766,0.10949250000703614,2.5741662999716937,96,9.237370493520025e-08,9.844711892914582e-08
101,87,102,9792,0.45,0.375,0.25,0,0,0,0,0,0,1.477462702279534,0.9599380146443475,1.0042272111789026,0.9599380146443475,1.0042272111789026,0,0.0,0,0.0,0.0,96,0,0,0,0.027769300060754176,0.28926354229952267,0.8047323999853688,8.382629166514258,0.8001458999933675,0.0,1.8447520000045188,19.216166666713736,0.11342919996968703,2.677253700050642,96,9.679092675789203e-08,9.851718635323081e-08
101,88,103,9888,0.45,0.375,0.25,0,0,0,0,0,0,0.8384760658987679,0.9663612941500181,1.0078886712903672,0.9663612941500181,1.0078886712903672,0,0.0,0,0.0,0.0,96,0,0,0,0.027080399973783642,0.28208749972691294,0.8033354999788571,8.368078124779762,0.7989021999601391,0.0,1.8317604000258143,19.0808375002689,0.11391129997355165,2.662176299978455,96,2.326755484463594e-08,3.364434682240347e-08
101,89,104,9984,0.45,0.375,0.25,0,0,0,0,0,0,0.9279580029268412,0.9656723814841522,1.0037971119019637,0.9656723814841522,1.0037971119019637,0,0.0,0,0.0,0.0,96,0,0,0,0.027690900024026632,0.2884468752502774,0.8061864999690442,8.39777604134421,0.801580500039563,0.0,1.8572863999579567,19.346733332895383,0.11454700003378093,2.6911637999510276,96,3.8614201332970444e-08,4.6098773479053e-08
101,90,105,10080,0.45,0.375,0.25,0,0,0,0,0,0,0.7331546161468149,0.966894616478663,1.0065127506404326,0.966894616478663,1.0065127506404326,0,0.0,0,0.0,0.0,96,0,0,0,0.02644029999646591,0.27541979162985325,0.7659342999686487,7.978482291340091,0.7615826999754063,0.0,1.7795615999639267,18.537099999624235,0.1101540000672685,2.5719361999290413,96,1.367243939592866e-08,2.3553567152223565e-08
101,91,106,10176,0.45,0.375,0.25,0,0,0,0,0,0,0.7883163196861688,0.9663424004453911,1.0058699937190234,0.9663424004453911,1.0058699937190234,0,0.0,0,0.0,0.0,96,0,0,0,0.026400000038847793,0.2750000004046645,0.7481313999815029,7.793035416473988,0.743914600010612,0.0,1.7141871000058018,17.856115625060436,0.10413639999023871,2.4887185000261525,96,2.547177196596251e-08,3.565590510345995e-08
101,92,108,10368,0.45,0.375,0.25,0,0,0,0,0,0,1.521663999811444,0.9604429999777985,1.0052832130737486,0.9604429999777985,1.0052832130737486,0,0.0,0,0.0,0.0,96,0,0,0,0.026678699963667896,0.2779031246215406,0.7863203999731923,8.190837499720752,0.7819608999925549,0.0,1.793656000023475,18.6839166669112,0.10992239997722208,2.606655099960335,96,9.827380473628744e-08,9.821124018205563e-08
101,93,109,10464,0.45,0.375,0.25,0,0,0,0,0,0,1.4565084380337925,0.9605539397631344,1.0111688760634319,0.9605539397631344,1.0111688760634319,0,0.0,0,0.0,0.0,96,0,0,0,0.02827860003890237,0.294568750405233,0.8111165999871446,8.44913124986609,0.8065567000448937,0.0,1.8492941999575123,19.26348124955742,0.11627600001520477,2.6886893999835593,96,8.626298873999627e-08,9.457656317823915e-08
101,94,110,10560,0.45,0.375,0.25,0,0,0,0,0,0,1.4762360946631554,0.9604548405804241,1.009472328002436,0.9604548405804241,1.009472328002436,0,0.0,0,0.0,0.0,96,0,0,0,0.028022100043017417,0.2918968754480981,0.8028686000106973,8.363214583444764,0.7982378999950015,0.0,1.8339753000400378,19.10390937541706,0.11335850003524683,2.6648660000937525,96,9.062084214105093e-08,9.177466918364185e-08
101,95,111,10656,0.45,0.375,0.25,0,0,0,0,0,0,1.0785538814174425,0.9644334416228457,1.0047639634321317,0.9644334416228457,1.0047639634321317,0,0.0,0,0.0,0.0,96,0,0,0,0.0275100000508246,0.28656250052942295,0.8139743999927305,8.478899999924275,0.8093386000036844,0.0,1.855685499991523,19.330057291578367,0.11372360000677872,2.697169900035078,96,5.9354352491963747e-08,6.400856823740586e-08
101,96,112,10752,0.45,0.375,0.25,0,0,0,0,0,0,0.8743481021970162,0.9653770434867164,1.0084835667551866,0.9653770434867164,1.0084835667551866,0,0.0,0,0.0,0.0,96,0,0,0,0.0275439999968512,0.28691666663386667,0.809335000012652,8.430572916798459,0.8046644000132801,0.0,1.8355822999874363,19.120648958202462,0.11429220001446083,2.6724612999969395,96,3.965113407750076e-08,4.719500332206472e-08
101,97,113,10848,0.45,0.375,0.25,0,0,0,0,0,0,1.4419969796799341,0.9604510134355533,1.0137661556276196,0.9604510134355533,1.0137661556276196,0,0.0,0,0.0,0.0,96,0,0,0,0.028059299947926775,0.29228437445757055,0.82103929999721,8.552492708304271,0.8163825000228826,0.0,1.863798000049428,19.414562500514876,0.11428289996547392,2.712896599994565,96,9.080541998884861e-08,9.877775743183381e-08
101,98,115,11040,0.45,0.375,0.25,0,0,0,0,0,0,1.6250840711380523,0.959478829467285,1.0039954798790773,0.959478829467285,1.0039954798790773,0,0.0,0,0.0,0.0,96,0,0,0,0.027392799995141104,0.28534166661605315,0.7683422000191058,8.003564583532352,0.7639878000263707,0.0,1.7992143999799737,18.74181666645806,0.10949929999333108,2.5949493999942206,96,9.777396001338368e-08,9.954226019848189e-08
101,99,116,11136,0.45,0.375,0.25,0,0,0,0,0,0,1.5875013413319032,0.9600990766273669,1.0044270506399358,0.9600990766273669,1.0044270506399358,0,0.0,0,0.0,0.0,96,0,0,0,0.02766990002419334,0.28822812525201397,0.8014671999480925,8.348616666125963,0.7969970999911311,0.0,1.8156105000525713,18.912609375547618,0.110985899969819,2.644747600024857,96,9.664121368609113e-08,9.697771245764653e-08
101,100,117,11232,0.45,0.375,0.25,0,0,0,0,0,0,1.5066638036178202,0.9602491696493377,1.003710574562825,0.9602491696493377,1.003710574562825,0,0.0,0,0.0,0.0,96,0,0,0,0.02869470000587171,0.2989031250611636,0.8027574000079767,8.362056250083091,0.7981522000045516,0.0,1.860359500074992,19.378744792447833,0.1134332999426988,2.6918116000888404,96,9.813008954029367e-08,9.868925412992446e-08
101,101,118,11328,0.45,0.375,0.25,0,0,0,0,0,0,0.9198142445268699,0.9656138685394441,1.009439061416813,0.9656138685394441,1.009439061416813,0,0.0,0,0.0,0.0,96,0,0,0,0.02768319997267099,0.2883666663819895,0.7944081000241567,8.275084375251632,0.789850699940871,0.0,1.8330171999841696,19.093929166501766,0.1148393999756081,2.6551084999809973,96,3.415866817700619e-08,4.269658959721312e-08
101,102,121,11616,0.45,0.375,0.25,0,0,0,0,0,0,1.6162631506696248,0.9594615722385289,1.0030060779796026,0.9594615722385289,1.0030060779796026,0,0.0,0,0.0,0.0,96,0,0,0,0.02825490003306186,0.29432187534439436,0.8108952000111458,8.446825000116101,0.8061974000229384,0.0,1.8699597000013455,19.478746875014014,0.1146766999954707,2.709109800045553,96,9.472010202224435e-08,9.887276344877627e-08
101,103,122,11712,0.45,0.375,0.25,0,0,0,0,0,0,1.5475252432042965,0.9600542471733786,1.005722018324143,0.9600542471733786,1.005722018324143,0,0.0,0,0.0,0.0,96,0,0,0,0.02943589993083151,0.30662395761282824,0.8412906000085059,8.763443750088603,0.8364753999921959,0.0,1.9051577000354882,19.845392708703002,0.11925709997740341,2.7758841999748256,96,9.098234428003837e-08,9.7465045686973e-08
101,104,123,11808,0.45,0.375,0.25,0,0,0,0,0,0,1.7363854985416864,0.9593357855785744,1.0022136191738489,0.9593357855785744,1.0022136191738489,0,0.0,0,0.0,0.0,96,0,0,0,0.029721699997026008,0.3096010416356876,0.8428922999883071,8.780128124878198,0.8381547000608407,0.0,1.9080566999909934,19.87559062490618,0.11648470000363886,2.7806706999763264,96,9.488570233348592e-08,7.803759916047426e-08
101,105,124,11904,0.45,0.375,0.25,0,0,0,0,0,0,1.5572737189912897,0.9592683679487654,1.0021402982887717,0.9592683679487654,1.0021402982887717,0,0.0,0,0.0,0.0,96,0,0,0,0.030719699963810854,0.3199968746230297,0.8523049999857903,8.878177083185316,0.8474146999724326,0.0,1.957279199938057,20.38832499935476,0.12020469998969929,2.840303899887658,96,9.359789038439204e-08,9.513489877821524e-08
101,106,125,12000,0.45,0.375,0.25,0,0,0,0,0,0,0.9347345887929938,0.9659334216306552,1.0116449351726786,0.9659334216306552,1.0116449351726786,0,0.0,0,0.0,0.0,96,0,0,0,0.028212600023834966,0.2938812502482809,0.787965899988194,8.207978124877021,0.7834719999882509,0.0,1.8153872000257252,18.910283333601303,0.11124809999455465,2.631565700037754,96,2.631975165156425e-08,9.486803594430104e-08
101,107,126,12096,0.45,0.375,0.25,0,0,0,0,0,0,0.8263726512004719,0.9658413925726961,1.0072878308337343,0.9658413925726961,1.0072878308337343,0,0.0,0,0.0,0.0,96,0,0,0,0.03128260003722971,0.32586041705447616,0.8842398000560934,9.210831250584306,0.8790474999987055,0.0,2.0131598000225495,20.970414583568225,0.124711299991759,2.9286822001158725,96,3.04909468593767e-08,4.024319030793144e-08
101,108,127,12192,0.45,0.375,0.25,0,0,0,0,0,0,1.6880055235577471,0.9593589148893539,1.0,0.9593589148893539,1.0,0,0.0,0,0.0,0.0,96,0,0,0,0.02681239997764351,0.2792958331004532,0.7782328999892343,8.106592708221191,0.7738494999721297,0.0,1.7785828999549267,18.52690520786382,0.10971800002153032,2.5836281999218045,96,8.095950691962284e-08,7.581181030169581e-08
101,109,128,12288,0.45,0.375,0.25,0,0,0,0,0,0,1.3573739368436897,0.9614640674503055,1.0076804513880755,0.9614640674503055,1.0076804513880755,0,0.0,0,0.0,0.0,96,0,0,0,0.028291899994655978,0.2947072916109998,0.8042752999826916,8.377867708153039,0.7997461999984807,0.0,1.8187954999884823,18.94578645821336,0.11035679999622516,2.65136269996583,96,9.8211198644102e-08,9.625838584548241e-08
101,110,130,12480,0.45,0.375,0.25,0,0,0,0,0,0,1.3441050326433852,0.9611656513990487,1.0165287470510573,0.9611656513990487,1.0165287470510573,0,0.0,0,0.0,0.0,96,0,0,0,0.028805100031604525,0.3000531253292138,0.7891100000051665,8.21989583338715,0.7845673999690916,0.0,1.8074661000646302,18.827771875673232,0.1113727999618277,2.625381200101401,96,9.507839274572327e-08,9.224589612999434e-08
101,111,131,12576,0.45,0.375,0.25,0,0,0,0,0,0,1.3209997185160813,0.9610282910790116,1.0086880504013247,0.9610282910790116,1.0086880504013247,0,0.0,0,0.0,0.0,96,0,0,0,0.028254499993636273,0.2943177082670445,0.8241712999297306,8.585117707601361,0.8194491999529419,0.0,1.8862545000374666,19.64848437539028,0.11819369998556795,2.7386802999608335,96,9.423013030019495e-08,9.676565673744086e-08
101,112,132,12672,0.45,0.375,0.25,0,0,0,0,0,0,0.8953709553179486,0.9662248852137393,1.010211561053949,0.9662248852137393,1.010211561053949,0,0.0,0,0.0,0.0,96,0,0,0,0.027622800022072624,0.28773750022992317,0.8107125000096858,8.444921875100894,0.8060891999848536,0.0,1.825811699978658,19.018871874777687,0.11311180001212051,2.6641470000104164,96,2.441484563998897e-08,4.982899389979756e-08
101,113,133,12768,0.45,0.375,0.25,0,0,0,0,0,0,0.7559626684883594,0.9667954633854263,1.0102928087438028,0.9667954633854263,1.0102928087438028,0,0.0,0,0.0,0.0,96,0,0,0,0.027796799957286566,0.2895499995550684,0.7744950000487734,8.067656250508056,0.7700322999662603,0.0,1.7855885000462877,18.599880208815495,0.11017489999358077,2.5878803000523476,96,1.8747622707732114e-08,4.6350829875640986e-08
101,114,134,12864,0.45,0.375,0.25,0,0,0,0,0,0,1.2414035636366063,0.9619766825541097,1.0114609890992172,0.9619766825541097,1.0114609890992172,0,0.0,0,0.0,0.0,96,0,0,0,0.027536299989151303,0.28683645822032605,0.7926988000181154,8.25727916685537,0.7881589000171516,0.0,1.821368699966115,18.97259062464703,0.11175580001872731,2.6416037999733817,96,9.865766062606973e-08,9.899032892002335e-08
101,115,135,12960,0.45,0.375,0.25,0,0,0,0,0,0,1.3353963809649065,0.9613929902896524,1.0105099936315525,0.9613929902896524,1.0105099936315525,0,0.0,0,0.0,0.0,96,0,0,0,0.02742010002839379,0.2856260419624353,0.761936799994146,7.936841666605687,0.7576014999867766,0.0,1.7413084000145318,18.13862916681804,0.10604059997422155,2.5306653000370716,96,8.31958780686537e-08,9.529987334000456e-08
101,116,136,13056,0.45,0.375,0.25,0,0,0,0,0,0,1.36475882591479,0.9613602971613905,1.0183700874359285,0.9613602971613905,1.0183700874359285,0,0.0,0,0.0,0.0,96,0,0,0,0.025998199947935063,0.27081458279099024,0.7440256999907433,7.750267708236909,0.7399052999826381,0.0,1.6957273000080022,17.663826041750024,0.10300120001193136,2.4657511999466806,96,8.952709576286189e-08,9.809092874762948e-08
101,117,137,13152,0.45,0.375,0.25,0,0,0,0,0,0,1.3428274262862459,0.9614536567272347,1.0100097564536563,0.9614536567272347,1.0100097564536563,0,0.0,0,0.0,0.0,96,0,0,0,0.026904799990006723,0.2802583332292367,0.8036224000243237,8.371066666920038,0.7988605000136886,0.0,1.8476557000540197,19.246413542229373,0.11340989997552242,2.67818290006835,96,9.704774307089936e-08,9.69361980268646e-08
101,118,139,13344,0.45,0.375,0.25,0,0,0,0,0,0,0.8671597292534843,0.9664901409010489,1.0103740640166428,0.9664901409010489,1.0103740640166428,0,0.0,0,0.0,0.0,96,0,0,0,0.028334500020719133,0.29515104188249097,0.8140028999987408,8.479196874986883,0.8094460000647814,0.0,1.8605673999409191,19.38091041605124,0.11449800003902055,2.702904799960379,96,1.963547366368168e-08,5.670710411659341e-08
101,119,140,13440,0.45,0.375,0.25,0,0,0,0,0,0,0.78592741424459,0.9665604425357996,1.0154242222654204,0.9665604425357996,1.0154242222654204,0,0.0,0,0.0,0.0,96,0,0,0,0.0276788999690325,0.2883218746774219,0.7984038999929908,8.316707291593653,0.793785800000478,0.0,1.8382146000149078,19.14806875015529,0.11374459998478414,2.664297399976931,96,2.8693519643629983e-08,9.016160955419711e-08
101,120,141,13536,0.45,0.375,0.25,0,0,0,0,0,0,1.2158679800638377,0.9624806398312238,1.013889811010897,0.9624806398312238,1.013889811010897,0,0.0,0,0.0,0.0,96,0,0,0,0.028818900042097084,0.3001968754385113,0.8169939999934286,8.510354166598214,0.8122395000100369,0.0,1.8768545999992057,19.550568749991726,0.11645609998959117,2.7226675000347313,96,9.806068060856654e-08,9.722121260824501e-08
101,121,142,13632,0.45,0.375,0.25,0,0,0,0,0,0,1.3111699848295817,0.9613560750561323,1.0134024339649235,0.9613560750561323,1.0134024339649235,0,0.0,0,0.0,0.0,96,0,0,0,0.028246299960301258,0.2942322912531381,0.795209599978989,8.283433333114468,0.7906870999722742,0.0,1.8311207999577164,19.074174999559546,0.11275180000666296,2.6545766998970066,96,8.906015915195742e-08,9.10421029190478e-08
101,122,144,13824,0.45,0.375,0.25,0,0,0,0,0,0,0.7884963810179929,0.9666230638146296,1.0154728173082133,0.9666230638146296,1.0154728173082133,0,0.0,0,0.0,0.0,96,0,0,0,0.027454600014607422,0.28598541681882733,0.8023832000253606,8.358158333597506,0.7979039999408997,0.0,1.8101580999355065,18.85581354099486,0.11059070004557725,2.6399958999754745,96,2.6622018478583698e-08,9.118111401335005e-08
101,123,145,13920,0.45,0.375,0.25,0,0,0,0,0,0,1.0171886846027183,0.9654072912354149,1.0235109089372862,0.9654072912354149,1.0235109089372862,0,0.0,0,0.0,0.0,96,0,0,0,0.026706799973908346,0.2781958330615453,0.7671242000433267,7.990877083784653,0.7628197000085493,0.0,1.7757424000446917,18.497316667132207,0.10949110000365181,2.569573400061927,96,4.3989402398469934e-08,9.417340539330521e-08
101,124,146,14016,0.45,0.375,0.25,0,0,0,0,0,0,0.9387003004354726,0.9667526915998701,1.0267652740951294,0.9667526915998701,1.0267652740951294,0,0.0,0,0.0,0.0,96,0,0,0,0.02731709998624865,0.28455312485675677,0.7801155000051949,8.126203125054113,0.7756345000088913,0.0,1.8200292000328773,18.958637500342473,0.11355519997596275,2.627461800024321,96,5.8944178565889516e-08,9.711530531142376e-08
101,125,147,14112,0.45,0.375,0.25,0,0,0,0,0,0,0.8406030805801362,0.9665464351314843,1.0234756878753315,0.9665464351314843,1.0234756878753315,0,0.0,0,0.0,0.0,96,0,0,0,0.02787499997066334,0.2903645830277431,0.8090301999764051,8.427397916420887,0.8043312000227161,0.0,1.8642602000181796,19.419377083522704,0.11486829999194015,2.701165399965248,96,3.094698886041414e-08,8.590001276693321e-08
101,126,148,14208,0.45,0.375,0.25,0,0,0,0,0,0,1.2965241110376589,0.9612482091974273,1.0151297643712702,0.9612482091974273,1.0151297643712702,0,0.0,0,0.0,0.0,96,0,0,0,0.029234500012535136,0.304526041797241,0.8239264000003459,8.58256666667027,0.8192254000823596,0.0,1.8788397000462282,19.571246875481545,0.11644399997749133,2.7320006000591093,96,9.647431660833594e-08,9.896376058915468e-08
101,127,150,14400,0.45,0.375,0.25,0,0,0,0,0,0,1.3006544238007867,0.961932177536652,1.0109269801738425,0.961932177536652,1.0109269801738425,0,0.0,0,0.0,0.0,96,0,0,0,0.02607199997873977,0.2715833331118726,0.7658506999650854,7.977611457969639,0.7615787999893655,0.0,1.7715152999662678,18.45328437464862,0.10695010000199545,2.563437999910093,96,9.88179714358356e-08,9.194483778507401e-08
101,128,152,14592,0.45,0.375,0.25,0,0,0,0,0,0,1.2184823913737317,0.9631998168940228,1.0148888428910738,0.9631998168940228,1.0148888428910738,0,0.0,0,0.0,0.0,96,0,0,0,0.02722750001703389,0.283619791844103,0.7954156000050716,8.285579166719495,0.7908432000112953,0.0,1.8126467000474804,18.88173645882792,0.11174880000180565,2.635289800069586,96,9.888059700029206e-08,8.851370573992323e-08
101,129,153,14688,0.45,0.375,0.25,0,0,0,0,0,0,0.851466449439499,0.9663897999576812,1.0114478631287092,0.9663897999576812,1.0114478631287092,0,0.0,0,0.0,0.0,96,0,0,0,0.02760459998535225,0.28754791651408595,0.8119226999624516,8.45752812460887,0.8073149000410922,0.0,1.8393975999497343,19.160391666143067,0.11404370003583608,2.678924899897538,96,1.7490417590811103e-08,8.820179359450564e-08
101,130,154,14784,0.45,0.375,0.25,0,0,0,0,0,0,0.6710693479508377,0.9673774799845634,1.0085468663780974,0.9673774799845634,1.0085468663780974,0,0.0,0,0.0,0.0,96,0,0,0,0.027870499950950034,0.2903177078223962,0.7925062999929651,8.255273958260053,0.7880183000161196,0.0,1.827354999993986,19.034947916604022,0.11472980000689859,2.647731799937901,96,7.480016844634008e-09,1.509028442567978e-08
101,131,155,14880,0.45,0.375,0.25,0,0,0,0,0,0,0.6927563381257792,0.966765565531026,1.0112072071882925,0.966765565531026,1.0112072071882925,0,0.0,0,0.0,0.0,96,0,0,0,0.028337600007944275,0.2951833334160862,0.8142349999543512,8.481614582857825,0.8095331000149599,0.0,1.8712745999728213,19.492443749716887,0.11609840001619887,2.713847199935117,96,1.3430820275384114e-08,6.54148738952684e-08
101,132,156,14976,0.45,0.375,0.25,0,0,0,0,0,0,1.3003773099173153,0.9618153278303193,1.00473314526268,0.9618153278303193,1.00473314526268,0,0.0,0,0.0,0.0,96,0,0,0,0.02768080000532791,0.2883416667221657,0.8149451999779558,8.489012499770373,0.810161999957927,0.0,1.8502172999942559,19.273096874940165,0.11334940000961069,2.6928432999775396,96,8.85310825170238e-08,9.27184073962195e-08
101,133,157,15072,0.45,0.375,0.25,0,0,0,0,0,0,1.354107598482221,0.9611883118588911,1.0089184491445247,0.9611883118588911,1.0089184491445247,0,0.0,0,0.0,0.0,96,0,0,0,0.027568899939069524,0.2871760410319742,0.7970889999924111,8.303010416587616,0.7926332999923034,0.0,1.8257050999454805,19.01776145776542,0.11380500000086613,2.650362999876961,96,9.247878599190351e-08,9.534337944150373e-08
101,134,158,15168,0.45,0.375,0.25,0,0,0,0,0,0,1.246089236089441,0.9624806159888654,1.0107812890850296,0.9624806159888654,1.0107812890850296,0,0.0,0,0.0,0.0,96,0,0,0,0.02772440000990173,0.28879583343647636,0.7926396000111708,8.256662500116363,0.7882126999393222,0.0,1.8244706000114093,19.00490208345218,0.11241749997861916,2.644834600032482,96,9.483619281373812e-08,9.221515981372441e-08
101,135,159,15264,0.45,0.375,0.25,0,0,0,0,0,0,1.2436099522819364,0.9624368090093626,1.0086927360255764,0.9624368090093626,1.0086927360255764,0,0.0,0,0.0,0.0,96,0,0,0,0.02841899997292785,0.29603124971799843,0.8369886000291444,8.718631250303588,0.8321416999897338,0.0,1.8947590999523527,19.73707395783701,0.11831710005208151,2.760166699954425,96,9.965350497055658e-08,9.753698335113192e-08
101,136,160,15360,0.45,0.375,0.25,0,0,0,0,0,0,0.890288005418474,0.9663353348449301,1.0183676157057346,0.9663353348449301,1.0183676157057346,0,0.0,0,0.0,0.0,96,0,0,0,0.028255199940758757,0.29432499938290374,0.7795495999889681,8.120308333218418,0.7750854999903822,0.0,1.80604770003265,18.812996875340104,0.11181619994022185,2.613852499962377,96,2.0814044793260322e-08,8.920773163570428e-08
101,137,161,15456,0.45,0.375,0.25,0,0,0,0,0,0,0.875619982069089,0.9665291664553659,1.0261108646654216,0.9665291664553659,1.0261108646654216,0,0.0,0,0.0,0.0,96,0,0,0,0.0266747000059695,0.2778614583955156,0.7835197999957018,8.16166458328856,0.778993600004469,0.0,1.805232300022908,18.804503125238625,0.1106380999844987,2.6154268000245793,96,4.478545395647515e-08,7.768121861474048e-08
101,138,162,15552,0.45,0.375,0.25,0,0,0,0,0,0,1.3148030540965616,0.9615196688812576,1.0093708421903977,0.9615196688812576,1.0093708421903977,0,0.0,0,0.0,0.0,96,0,0,0,0.025893800011544954,0.26972708345359325,0.7216822000264074,7.5175229169417435,0.7176258000326925,0.0,1.6801749000223936,17.501821875233265,0.10353490005218191,2.427750900060346,96,9.26717064891891e-08,8.69654127183539e-08
101,139,163,15648,0.45,0.375,0.25,0,0,0,0,0,0,1.2991324949585308,0.9620977117457086,1.0089238911445593,0.9620977117457086,1.0089238911445593,0,0.0,0,0.0,0.0,96,0,0,0,0.025932300013664644,0.27012812514234,0.7236713000020245,7.538242708354422,0.7195756000146503,0.0,1.675558699927933,17.453736457582636,0.10232590005034581,2.425162299943622,96,9.248679788166625e-08,9.970873376952127e-08
101,140,165,15840,0.45,0.375,0.25,0,0,0,0,0,0,1.009546252081058,0.9652229774591533,1.0205500347461582,0.9652229774591533,1.0205500347461582,0,0.0,0,0.0,0.0,96,0,0,0,0.029999100050190464,0.3124906255228173,0.8059184000376263,8.394983333725273,0.8013158000394469,0.0,1.845979400066426,19.22895208402527,0.11331719994632294,2.6818969001542428,96,4.0281203455248826e-08,8.548016506432221e-08
101,141,166,15936,0.45,0.375,0.25,0,0,0,0,0,0,1.1180110138483907,0.9636555003828925,1.008946955886339,0.9636555003828925,1.008946955886339,0,0.0,0,0.0,0.0,96,0,0,0,0.031412900032592006,0.3272177086728334,0.8394740000367165,8.744520833715796,0.8346562999868183,0.0,1.912792799914314,19.924924999107436,0.1173653000878403,2.7836796999836224,96,6.00982075563139e-08,6.91301116351184e-08
101,142,168,16128,0.45,0.375,0.25,0,0,0,0,0,0,0.8332602032068964,0.9666363293163803,1.023139192897614,0.9666363293163803,1.023139192897614,0,0.0,0,0.0,0.0,96,0,0,0,0.02952260003075935,0.3075270836537432,0.809340699983295,8.430632291492657,0.8046811999956844,0.0,1.861344500008272,19.3890052084195,0.11501049996877555,2.7002078000223264,96,2.741194549127357e-08,8.75360754238122e-08
101,143,169,16224,0.45,0.375,0.25,0,0,0,0,0,0,1.2865064433621176,0.9616197324106807,1.01871084764351,0.9616197324106807,1.01871084764351,0,0.0,0,0.0,0.0,96,0,0,0,0.030510699973092414,0.31781979138637934,0.8191487000221969,8.53279895856455,0.8143573000124888,0.0,1.8474282000170206,19.244043750177298,0.11303889997361694,2.69708760001231,96,9.369843053351479e-08,9.805048661881699e-08
101,144,170,16320,0.45,0.375,0.25,0,0,0,0,0,0,1.354716314569336,0.9614992496850499,1.014552902225246,0.9614992496850499,1.014552902225246,0,0.0,0,0.0,0.0,96,0,0,0,0.02774089998274576,0.2889677081536017,0.7734729999574483,8.05701041622342,0.769105299943476,0.0,1.7434111999900779,18.160533333229978,0.10577489999559475,2.544625099930272,96,9.165096045808674e-08,9.666851860656855e-08
101,145,171,16416,0.45,0.375,0.25,0,0,0,0,0,0,1.3296375204161388,0.9619794249155799,1.0151072323405907,0.9619794249155799,1.0151072323405907,0,0.0,0,0.0,0.0,96,0,0,0,0.03082350000477163,0.3210781250497045,0.8289850000437582,8.635260417122481,0.8241374000426731,0.0,1.896210799990513,19.75219583323451,0.11658370000805007,2.7560193000390427,96,8.382851135468883e-08,9.251214613814618e-08
101,146,172,16512,0.45,0.375,0.25,0,0,0,0,0,0,1.4262460383796884,0.9604744946645777,1.011658004311657,0.9604744946645777,1.011658004311657,0,0.0,0,0.0,0.0,96,0,0,0,0.02892439997958718,0.3012958331206998,0.7875084000552306,8.203212500575319,0.7829942999742343,0.0,1.8055912000054377,18.80824166672331,0.11072930000227643,2.6220240000402555,96,8.90581127940826e-08,9.376598525401292e-08
101,147,174,16704,0.45,0.375,0.25,0,0,0,0,0,0,0.9304791851582436,0.9657435383088113,1.0111524468719415,0.9657435383088113,1.0111524468719415,0,0.0,0,0.0,0.0,96,0,0,0,0.02899600001546787,0.3020416668277903,0.7958592999784742,8.290201041442439,0.7912025999976322,0.0,1.8254808000056073,19.01542500005841,0.11276079998788191,2.6503360999995493,96,2.48544086527136e-08,7.513497274000414e-08
101,148,176,16896,0.45,0.375,0.25,0,0,0,0,0,0,1.2610770733666217,0.962358971365349,1.01063016476636,0.962358971365349,1.01063016476636,0,0.0,0,0.0,0.0,96,0,0,0,0.02637329998833593,0.27472187487849925,0.739526700002898,7.703403125030188,0.7352925000159303,0.0,1.6924102999691968,17.629273958012465,0.10147690003941534,2.4583102999604307,96,9.929995237537015e-08,9.740635312227575e-08
101,149,177,16992,0.45,0.375,0.25,0,0,0,0,0,0,1.3445614133666635,0.9617318155697878,1.0080239896468717,0.9617318155697878,1.0080239896468717,0,0.0,0,0.0,0.0,96,0,0,0,0.029223800032923464,0.3044145836762861,0.7978025000120397,8.310442708458746,0.7931870000029448,0.0,1.8513393999965047,19.284785416630257,0.11555720001342706,2.678365700041468,96,9.067467028091303e-08,9.992514954371146e-08
101,150,178,17088,0.45,0.375,0.25,0,0,0,0,0,0,1.3710210561090104,0.961494213160058,1.0067491967429627,0.961494213160058,1.0067491967429627,0,0.0,0,0.0,0.0,96,0,0,0,0.02795330005028518,0.2911802088571373,0.7579393000269192,7.895201041947075,0.7535418000115897,0.0,1.748037999983353,18.20872916649326,0.10734750005940441,2.5339306000605575,96,8.908647056160568e-08,9.598816012867939e-08
101,151,180,17280,0.45,0.375,0.25,0,0,0,0,0,0,1.3108538271750982,0.9611541242279313,1.0076679920378668,0.9611541242279313,1.0076679920378668,0,0.0,0,0.0,0.0,96,0,0,0,0.02879439996468136,0.2999416662987642,0.784819799970137,8.175206249688927,0.780325100015034,0.0,1.769106699997792,18.428194791643666,0.10753060002753045,2.5827208999326103,96,9.153307485554839e-08,9.438559919749956e-08
101,152,181,17376,0.45,0.375,0.25,0,0,0,0,0,0,0.916957279021627,0.9662488751711333,1.0054669080421101,0.9662488751711333,1.0054669080421101,0,0.0,0,0.0,0.0,96,0,0,0,0.02898969997477252,0.3019760414038804,0.8025064000175917,8.359441666849913,0.7978978999672108,0.0,1.8192205999512225,18.950214582825236,0.10961580000730464,2.6507166999435867,96,2.3526649109775755e-08,3.259586114912061e-08
101,153,183,17568,0.45,0.375,0.25,0,0,0,0,0,0,1.2217076726495246,0.9622993212402992,1.0120051830567167,0.9622993212402992,1.0120051830567167,0,0.0,0,0.0,0.0,96,0,0,0,0.028547599984449334,0.2973708331713472,0.7827471999407862,8.153616666049857,0.7781678999745054,0.0,1.8198406999799772,18.956673958124764,0.11341050000919495,2.631135499905213,96,9.533507049769296e-08,9.479984592469792e-08
101,154,184,17664,0.45,0.375,0.25,0,0,0,0,0,0,1.2878645062917746,0.9622163557041556,1.0106213948117138,0.9622163557041556,1.0106213948117138,0,0.0,0,0.0,0.0,96,0,0,0,0.03051680003409274,0.31788333368846605,0.8229809999756981,8.572718749746855,0.8183305999846198,0.0,1.8457845999364508,19.226922916004696,0.11101930002769222,2.6992823999462416,96,8.976780473471391e-08,9.791617086585269e-08
101,155,185,17760,0.45,0.375,0.25,0,0,0,0,0,0,1.324217441954453,0.9619785873073624,1.0123876017407045,0.9619785873073624,1.0123876017407045,0,0.0,0,0.0,0.0,96,0,0,0,0.02695969997876091,0.2808302081120928,0.744051000016043,7.750531250167114,0.7397671999933664,0.0,1.7300963000452612,18.021836458804803,0.10494629997265292,2.501107000040065,96,9.216339236055304e-08,9.477393161927417e-08
101,156,187,17952,0.45,0.375,0.25,0,0,0,0,0,0,1.3445733632606856,0.9610329813662718,1.0108364502958551,0.9610329813662718,1.0108364502958551,0,0.0,0,0.0,0.0,96,0,0,0,0.02869889995054109,0.298946874484803,0.7705454000024474,8.026514583358827,0.7661047000001417,0.0,1.7501771999450284,18.23101249942738,0.10701250001147855,2.549421499898017,96,9.808195862751837e-08,9.959281503657547e-08
101,157,188,18048,0.45,0.375,0.25,0,0,0,0,0,0,0.9259753800966251,0.9657716525803726,1.0121250912959256,0.9657716525803726,1.0121250912959256,0,0.0,0,0.0,0.0,96,0,0,0,0.029358300038438756,0.3058156254004037,0.7893683000074816,8.222586458411266,0.784940400000778,0.0,1.7966149998828769,18.7147395821133,0.11000350001995685,2.6153415999287972,96,2.269468803856034e-08,9.325168900953251e-08
101,158,189,18144,0.45,0.375,0.25,0,0,0,0,0,0,0.8141914447868742,0.9665516976966101,1.0167702908477085,0.9665516976966101,1.0167702908477085,0,0.0,0,0.0,0.0,96,0,0,0,0.028650999993260484,0.29844791659646336,0.7637983999884455,7.956233333212973,0.7594485000081477,0.0,1.7608733999804826,18.342431249796693,0.10951439997006673,2.5533227999621886,96,2.767268136860679e-08,9.728912979487664e-08
101,159,190,18240,0.45,0.375,0.25,0,0,0,0,0,0,1.4142263381172882,0.9608142941544429,1.0066442813943666,0.9608142941544429,1.0066442813943666,0,0.0,0,0.0,0.0,96,0,0,0,0.027337700012139976,0.28476770845979144,0.7384843999680015,7.692545833000016,0.7343032999706338,0.0,1.707870899947011,17.79032187444803,0.10544570001366083,2.4736929999271524,96,9.590140317289331e-08,9.588821535400083e-08
101,160,191,18336,0.45,0.375,0.25,0,0,0,0,0,0,1.381736467378974,0.9610478068560305,1.0084676830872312,0.9610478068560305,1.0084676830872312,0,0.0,0,0.0,0.0,96,0,0,0,0.03075959996203892,0.3204124996045721,0.8565264999633655,8.922151041285057,0.8515818000232684,0.0,1.9338521000390756,20.14429270874037,0.11866669997834833,2.82113819996448,96,8.975080572834471e-08,9.471405833239022e-08
101,161,192,18432,0.45,0.375,0.25,0,0,0,0,0,0,1.5568969484481792,0.9597967435469686,1.0012716274055593,0.9597967435469686,1.0012716274055593,0,0.0,0,0.0,0.0,96,0,0,0,0.02912800000194693,0.30341666668694717,0.8102197999833152,8.439789583159532,0.8056373000290478,0.0,1.8640477999215364,19.417164582516005,0.1164418000553269,2.7033955999067985,96,9.809507374794468e-08,9.983430721005604e-08
101,162,193,18528,0.45,0.375,0.25,0,0,0,0,0,0,1.2758175915777856,0.9625289215964312,1.0118691320094655,0.9625289215964312,1.0118691320094655,0,0.0,0,0.0,0.0,96,0,0,0,0.03178670007036999,0.33111145906635403,0.8472619999520248,8.825645832833592,0.8423765000043204,0.0,1.9488823000428965,20.300857292113506,0.11899659997288836,2.8279310000652913,96,9.195128001029951e-08,9.802341723041952e-08
101,163,194,18624,0.45,0.375,0.25,0,0,0,0,0,0,1.2726525861834217,0.9621805057722524,1.0078125487750456,0.9621805057722524,1.0078125487750456,0,0.0,0,0.0,0.0,96,0,0,0,0.02876630004902836,0.2996489588440454,0.7744166000047699,8.06683958338302,0.7699601000276743,0.0,1.7791326999576995,18.532632291226037,0.10902929998701438,2.5823156000114977,96,9.905710334455475e-08,9.698596099838586e-08
101,164,195,18720,0.45,0.375,0.25,0,0,0,0,0,0,0.8496919365452411,0.9663658864428623,1.00908464848556,0.9663658864428623,1.00908464848556,0,0.0,0,0.0,0.0,96,0,0,0,0.03218280004512053,0.3352375004700055,0.8680528000113554,9.042216666784952,0.8630680000351276,0.0,1.936066899979778,20.167363541456023,0.11656879999645753,2.836302500036254,96,1.6161438506911985e-08,2.5307339583321986e-08
101,165,196,18816,0.45,0.375,0.25,0,0,0,0,0,0,0.7557614171913621,0.9666586609914464,1.009908261412792,0.9666586609914464,1.009908261412792,0,0.0,0,0.0,0.0,96,0,0,0,0.029934699981822632,0.3118197914773191,0.8242344000173034,8.585775000180243,0.8195168999955058,0.0,1.887555599983898,19.66203749983227,0.11654299999645445,2.741724699983024,96,1.8411729493447715e-08,3.591669033367606e-08
101,166,197,18912,0.45,0.375,0.25,0,0,0,0,0,0,1.2356717373638648,0.9625283629258853,1.0098407451422242,0.9625283629258853,1.0098407451422242,0,0.0,0,0.0,0.0,96,0,0,0,0.030981199990492314,0.32272083323429496,0.838430799994967,8.733654166614238,0.833638600030099,0.0,1.9287145000198507,20.090776041873443,0.11831010000605602,2.79812650000531,96,8.89585898087436e-08,9.243080328902309e-08
101,167,198,19008,0.45,0.375,0.25,0,0,0,0,0,0,1.3049176892822434,0.9620865298210272,1.0148491480180888,0.9620865298210272,1.0148491480180888,0,0.0,0,0.0,0.0,96,0,0,0,0.03176769994752249,0.3309135411200259,0.8554218000208493,8.910643750217181,0.8505794999873615,0.0,1.9304849000182003,20.10921770852292,0.11881520001770696,2.817674399986572,96,9.060633378993321e-08,9.809796933102355e-08
101,168,199,19104,0.45,0.375,0.25,0,0,0,0,0,0,1.3542445041852729,0.9615559410811593,1.016782658909127,0.9615559410811593,1.016782658909127,0,0.0,0,0.0,0.0,96,0,0,0,0.030724299984285608,0.3200447915029751,0.8419180999990203,8.769980208323128,0.8369769000273664,0.0,1.9395478999213083,20.203623957513628,0.11994890000642044,2.812190299904614,96,9.793272464676817e-08,9.501450563831337e-08
101,169,200,19200,0.45,0.375,0.25,0,0,0,0,0,0,1.3540470282040777,0.9619069199509175,1.0058727254464555,0.9619069199509175,1.0058727254464555,0,0.0,0,0.0,0.0,96,0,0,0,0.030802899986156262,0.32086354152246105,0.8286562000212143,8.631835416887649,0.8239613000259851,0.0,1.9096882000303594,19.89258541698291,0.11632509998162277,2.76914730003773,96,9.164973779896002e-08,9.956847978054295e-08
101,170,202,19392,0.45,0.375,0.25,0,0,0,0,0,0,0.8859622196570178,0.9659481087327565,1.0109378119070134,0.9659481087327565,1.0109378119070134,0,0.0,0,0.0,0.0,96,0,0,0,0.029471500027284492,0.30699479195088014,0.7948857999945176,8.280060416609558,0.7903099000177463,0.0,1.8361115000079735,19.12616145841639,0.11092419996566605,2.6604688000297756,96,1.8905076987381364e-08,6.786911114706196e-08
101,171,203,19488,0.45,0.375,0.25,0,0,0,0,0,0,0.7414727086938555,0.9666768267936316,1.0095526338251857,0.9666768267936316,1.0095526338251857,0,0.0,0,0.0,0.0,96,0,0,0,0.028352300003462005,0.29533645836939587,0.7847805999990669,8.174797916656948,0.7804006999940611,0.0,1.790055800040136,18.64641458375142,0.10999749998154584,2.603188700042665,96,1.6293534629147066e-08,2.9570503910086865e-08
101,172,204,19584,0.45,0.375,0.25,0,0,0,0,0,0,1.314684693227973,0.9621383126963617,1.0025368806669277,0.9621383126963617,1.0025368806669277,0,0.0,0,0.0,0.0,96,0,0,0,0.028714499989291653,0.29910937488845474,0.7831752000201959,8.158075000210374,0.7787337999980082,0.0,1.8042055999903823,18.793808333233148,0.11094590001448523,2.61609529999987,96,9.187349932909816e-08,9.0288699503005e-08
101,173,205,19680,0.45,0.375,0.25,0,0,0,0,0,0,1.5221869101596994,0.9599075729143496,1.0013605091733393,0.9599075729143496,1.0013605091733393,0,0.0,0,0.0,0.0,96,0,0,0,0.028310599976975936,0.29490208309349936,0.7773154999813414,8.097036458138973,0.7723292999799014,0.0,1.748671099972853,18.21532395805055,0.1083281000101124,2.5542971999311703,96,9.568001607153376e-08,9.985210248919518e-08
101,174,206,19776,0.45,0.375,0.25,0,0,0,0,0,0,1.4667482348710823,0.9604341087899989,1.0017171821667865,0.9604341087899989,1.0017171821667865,0,0.0,0,0.0,0.0,96,0,0,0,0.02744469999015564,0.28588229156412126,0.7682066000124905,8.002152083463443,0.763907999957155,0.0,1.7232513000126346,17.95053437513161,0.10634289999870816,2.5189026000152808,96,9.436399841210308e-08,9.919958396387152e-08
101,175,207,19872,0.45,0.375,0.25,0,0,0,0,0,0,1.3917965609946805,0.961551143209548,1.0032142118735863,0.961551143209548,1.0032142118735863,0,0.0,0,0.0,0.0,96,0,0,0,0.028022700011206325,0.29190312511673255,0.7590612000203691,7.906887500212179,0.7547586999717169,0.0,1.7532273999531753,18.26278541617891,0.10638490002020262,2.540311299984751,96,9.650307138467373e-08,9.945579901304846e-08
101,176,208,19968,0.45,0.375,0.25,0,0,0,0,0,0,1.1692788798753828,0.9631264789966928,1.008172605142477,0.9631264789966928,1.008172605142477,0,0.0,0,0.0,0.0,96,0,0,0,0.029512900015106425,0.3074260418240253,0.8097047000192106,8.434423958533444,0.8049765999603551,0.0,1.8245705000590533,19.00594270894847,0.11066389997722581,2.6637881000933703,96,7.624150746496361e-08,7.454919723204334e-08
101,177,210,20160,0.45,0.375,0.25,0,0,0,0,0,0,0.7857414654721654,0.9667652640947205,1.0179189849954908,0.9667652640947205,1.0179189849954908,0,0.0,0,0.0,0.0,96,0,0,0,0.028394800057867542,0.2957791672694536,0.780587099994591,8.131115624943655,0.7761206999784918,0.0,1.7960601000086172,18.708959375089762,0.10967499999969732,2.6050420000610757,96,2.1420477475109223e-08,8.434809295031903e-08
101,178,211,20256,0.45,0.375,0.25,0,0,0,0,0,0,1.196857522227759,0.9626723582456049,1.0112426930594993,0.9626723582456049,1.0112426930594993,0,0.0,0,0.0,0.0,96,0,0,0,0.029694300006667618,0.30931562506945437,0.8131744000202161,8.470566666877252,0.8085123000346357,0.0,1.8761395999681554,19.54312083300162,0.11508710002090083,2.719008299995039,96,9.817880525925249e-08,9.868075110525121e-08
101,179,212,20352,0.45,0.375,0.25,0,0,0,0,0,0,1.2943847085353746,0.9617838126214366,1.01008330841544,0.9617838126214366,1.01008330841544,0,0.0,0,0.0,0.0,96,0,0,0,0.029204500031482894,0.3042135419946135,0.7898577999148984,8.227685415780192,0.785328399942955,0.0,1.7868828999562538,18.613363541210976,0.10981140003423207,2.605945199902635,96,9.569098831894995e-08,8.989729669006685e-08
101,180,213,20448,0.45,0.375,0.25,0,0,0,0,0,0,1.2767696767494063,0.9623861159718822,1.009735721482997,0.9623861159718822,1.009735721482997,0,0.0,0,0.0,0.0,96,0,0,0,0.029514999965613242,0.3074479163084713,0.8331820999737829,8.678980208060239,0.8281595000589732,0.0,1.881540499998664,19.599380208319417,0.11500090001209173,2.74423759993806,96,9.675062272174184e-08,9.105760617744707e-08
101,181,214,20544,0.45,0.375,0.25,0,0,0,0,0,0,1.3882428571045013,0.9611133826430622,1.005539589162123,0.9611133826430622,1.005539589162123,0,0.0,0,0.0,0.0,96,0,0,0,0.030282500018074643,0.3154427085216109,0.8222977000259561,8.565601041937043,0.8175397999584675,0.0,1.8520594999281457,19.29228645758485,0.11124450003990205,2.7046396999721765,96,9.427071285053601e-08,9.95482776766643e-08
101,182,215,20640,0.45,0.375,0.25,0,0,0,0,0,0,1.2511689452448411,0.9618100213092476,1.0077314983772567,0.9618100213092476,1.0077314983772567,0,0.0,0,0.0,0.0,96,0,0,0,0.02933709999342682,0.305594791598196,0.8088753000265569,8.425784375276635,0.8042495000117924,0.0,1.8441793000456528,19.210201042142216,0.11292079997656401,2.6823917000656365,96,9.006281481011014e-08,9.561976578587039e-08
101,183,218,20928,0.45,0.375,0.25,0,0,0,0,0,0,1.1571478118176748,0.9630930718393667,1.0168826583532309,0.9630930718393667,1.0168826583532309,0,0.0,0,0.0,0.0,96,0,0,0,0.02942469998379238,0.3065072914978373,0.8162302000127966,8.502397916799964,0.8115245000226423,0.0,1.8619498999760253,19.395311458083597,0.11411179998685839,2.7076047999726143,96,9.732738444172273e-08,9.775102494807841e-08
101,184,220,21120,0.45,0.375,0.25,0,0,0,0,0,0,1.280490999681692,0.9621495670238636,1.0110489202812998,0.9621495670238636,1.0110489202812998,0,0.0,0,0.0,0.0,96,0,0,0,0.029115000004821923,0.3032812500502284,0.8023928999900818,8.358259374896685,0.7977931999994325,0.0,1.8113299000178813,18.86801979185293,0.11281859996233834,2.642837800012785,96,8.549887890556274e-08,9.873727307985192e-08
101,185,221,21216,0.45,0.375,0.25,0,0,0,0,0,0,1.4506941155214883,0.9614504767323231,1.0013230176764056,0.9614504767323231,1.0013230176764056,0,0.0,0,0.0,0.0,96,0,0,0,0.030005599990545306,0.31255833323484694,0.8099497000293923,8.436976041972835,0.8053252999670804,0.0,1.8972817000030773,19.763351041698723,0.11701830000674818,2.737237000023015,96,9.733098226254872e-08,9.95873120079871e-08
101,186,222,21312,0.45,0.375,0.25,0,0,0,0,0,0,1.508443639965823,0.9602851937872156,1.0,0.9602851937872156,1.0,0,0.0,0,0.0,0.0,96,0,0,0,0.030041699988942128,0.31293437488481385,0.8192934999533463,8.53430729118069,0.8145348000034573,0.0,1.8823867999672075,19.608195832991743,0.11551310001959791,2.731721999909496,96,9.947373752830502e-08,9.705870065990219e-08
101,187,223,21408,0.45,0.375,0.25,0,0,0,0,0,0,0.8808585658755506,0.9669681377257959,1.0038935432283222,0.9669681377257959,1.0038935432283222,0,0.0,0,0.0,0.0,96,0,0,0,0.030382700002519414,0.3164864583595772,0.8102714999622549,8.440328124606822,0.8055511999991722,0.0,1.8462532999910763,19.231805208240377,0.11325730000680778,2.6869074999558507,96,1.8749671320747452e-08,2.8052704048597832e-08
101,188,224,21504,0.45,0.375,0.25,0,0,0,0,0,0,0.7066303868985578,0.9667822603528481,1.0099359788318292,0.9667822603528481,1.0099359788318292,0,0.0,0,0.0,0.0,96,0,0,0,0.029213100016932003,0.30430312517637503,0.8249796999662067,8.593538541314652,0.8203208000049926,0.0,1.8664307000290137,19.441986458635558,0.11507129998062737,2.7206235000121524,96,1.4451738920145951e-08,3.339813699036742e-08
101,189,225,21600,0.45,0.375,0.25,0,0,0,0,0,0,1.128084832645904,0.9633278838398764,1.0157495058571915,0.9633278838398764,1.0157495058571915,0,0.0,0,0.0,0.0,96,0,0,0,0.02896850000252016,0.30175520835958497,0.8348332000241498,8.696179166918228,0.8301239000211353,0.0,1.869574799995462,19.474737499952727,0.11466630001086742,2.733376500022132,96,9.969415001864768e-08,9.036369895409901e-08
101,190,226,21696,0.45,0.375,0.25,0,0,0,0,0,0,1.1868075254096937,0.9627968108610727,1.0117395064467793,0.9627968108610727,1.0117395064467793,0,0.0,0,0.0,0.0,96,0,0,0,0.0290326999820536,0.30242395814639167,0.8185898000228917,8.526977083571788,0.8138709000486415,0.0,1.8598727999051334,19.373674999011808,0.11768760003906209,2.7074952999100788,96,9.898588653606266e-08,9.717493518190956e-08
101,191,227,21792,0.45,0.375,0.25,0,0,0,0,0,0,1.2870518898451253,0.9614736523808567,1.009844119397425,0.9614736523808567,1.009844119397425,0,0.0,0,0.0,0.0,96,0,0,0,0.027493200010212604,0.2863875001063813,0.8119008999419748,8.457301041062237,0.8073198000056436,0.0,1.8461824999758392,19.231067708081657,0.11439080001582624,2.6855765999280266,96,9.866149903433935e-08,9.966410939588055e-08
101,192,228,21888,0.45,0.375,0.25,0,0,0,0,0,0,1.3260318280228873,0.9613549753410755,1.0087487445932841,0.9613549753410755,1.0087487445932841,0,0.0,0,0.0,0.0,96,0,0,0,0.028793599965865724,0.299933332977768,0.825916599984339,8.60329791650353,0.8212568999661016,0.0,1.8869271000221488,19.655490625230716,0.11617970001680078,2.7416372999723535,96,9.633538970883759e-08,9.899879263586264e-08
101,193,229,21984,0.45,0.375,0.25,0,0,0,0,0,0,1.2997524880511733,0.961925271162751,1.0070407802756707,0.961925271162751,1.0070407802756707,0,0.0,0,0.0,0.0,96,0,0,0,0.027282100010779686,0.2841885417789551,0.792653300020902,8.256805208551063,0.7881864999726531,0.0,1.8162289999308996,18.919052082613536,0.1129822000511922,2.6361643999625812,96,8.903992371374087e-08,9.92669562521753e-08
101,194,230,22080,0.45,0.375,0.25,0,0,0,0,0,0,0.8533826707611636,0.9665948027174301,1.0100141837367393,0.9665948027174301,1.0100141837367393,0,0.0,0,0.0,0.0,96,0,0,0,0.02855719999934081,0.2974708333264668,0.8144783999887295,8.484149999882598,0.809890800032008,0.0,1.8799835000172607,19.583161458513132,0.11660440000559902,2.723019100005331,96,1.927910797585447e-08,4.2028822635695184e-08
101,195,231,22176,0.45,0.375,0.25,0,0,0,0,0,0,0.7395560189277943,0.9667790433969689,1.0112766214887206,0.9667790433969689,1.0112766214887206,0,0.0,0,0.0,0.0,96,0,0,0,0.026545100001385435,0.27651145834776497,0.7773213000255055,8.097096875265683,0.7729487000033259,0.0,1.8495615999563597,19.26626666621208,0.12555100001191022,2.6534279999832506,96,1.7688097249911328e-08,7.193684091987007e-08
101,196,232,22272,0.45,0.375,0.25,0,0,0,0,0,0,1.2042554501730085,0.9625388333282879,1.0094356715676835,0.9625388333282879,1.0094356715676835,0,0.0,0,0.0,0.0,96,0,0,0,0.027222299999266397,0.2835656249923583,0.7983959000630421,8.316623958990021,0.7938668000570033,0.0,1.8059362999774748,18.811836458098696,0.11138020001817495,2.6315545000397833,96,8.164502606107515e-08,9.216807449197173e-08
101,197,235,22560,0.45,0.375,0.25,0,0,0,0,0,0,1.315721238473574,0.961856095648392,1.00875212836595,0.961856095648392,1.00875212836595,0,0.0,0,0.0,0.0,96,0,0,0,0.027198100004170556,0.28331354171011,0.8062169999975595,8.398093749974578,0.8016808999964269,0.0,1.8560812999858172,19.334180208185597,0.11469419997592922,2.689496399987547,96,9.887195654648823e-08,9.881392697141944e-08
101,198,236,22656,0.45,0.375,0.25,0,0,0,0,0,0,1.2453866027475216,0.9620712172777321,1.011963592775815,0.9620712172777321,1.011963592775815,0,0.0,0,0.0,0.0,96,0,0,0,0.028309399967838544,0.2948895829983182,0.8262912000282086,8.607200000293838,0.8216287000104785,0.0,1.8829728000055184,19.614300000057483,0.11721630000101868,2.7375734000015655,96,9.658491627361279e-08,9.568162338824404e-08
101,199,237,22752,0.45,0.375,0.25,0,0,0,0,0,0,0.8754834316725096,0.9666994700257195,1.0117379583585864,0.9666994700257195,1.0117379583585864,0,0.0,0,0.0,0.0,96,0,0,0,0.028459100009058602,0.29644895842769375,0.8213301000068896,8.555521875071767,0.8167140000077779,0.0,1.905957999988459,19.853729166546447,0.1172703000047477,2.755747200004407,96,2.1499451420547988e-08,9.222608968184609e-08
101,200,238,22848,0.45,0.375,0.25,0,0,0,0,0,0,0.7610480532920494,0.966701253802753,1.01131211718974,0.966701253802753,1.01131211718974,0,0.0,0,0.0,0.0,96,0,0,0,0.02860959997633472,0.29801666642015334,0.8368565999917337,8.717256249913893,0.8320870000025025,0.0,1.9068296000405098,19.86280833375531,0.11716949997207848,2.7722958000085782,96,2.0165786731446422e-08,6.905942919951946e-08
101,201,239,22944,0.45,0.375,0.25,0,0,0,0,0,0,1.2481022110985593,0.9618616893277064,1.0119522635926264,0.9618616893277064,1.0119522635926264,0,0.0,0,0.0,0.0,96,0,0,0,0.026847000000998378,0.2796562500103998,0.7868197000643704,8.196038542337192,0.7823804000145174,0.0,1.7750094999864814,18.48968229152585,0.10967179997533094,2.58867620005185,96,8.508846445140494e-08,9.493055626308422e-08
101,202,240,23040,0.45,0.375,0.25,0,0,0,0,0,0,1.3320066486621451,0.9612225864952724,1.015479767335007,0.9612225864952724,1.015479767335007,0,0.0,0,0.0,0.0,96,0,0,0,0.028455199986638036,0.2964083331941462,0.8176001000028918,8.516667708363457,0.8129534000472631,0.0,1.890398700008518,19.69165312508873,0.11680889998388011,2.736453999998048,96,9.045909123324425e-08,9.76467492974642e-08
101,203,241,23136,0.45,0.375,0.25,0,0,0,0,0,0,1.3847816828751391,0.9609663801256209,1.0096952641444787,0.9609663801256209,1.0096952641444787,0,0.0,0,0.0,0.0,96,0,0,0,0.02577140001085354,0.26845208344639104,0.7420748000295134,7.729945833640765,0.7378540000063367,0.0,1.701873300007719,17.727846875080406,0.10391359999630367,2.469719500048086,96,9.971483922420477e-08,9.939286477189668e-08
101,204,243,23328,0.45,0.375,0.25,0,0,0,0,0,0,1.338826452162398,0.961188712943992,1.0025494900056087,0.961188712943992,1.0025494900056087,0,0.0,0,0.0,0.0,96,0,0,0,0.02784080000128597,0.2900083333467289,0.7987513999687508,8.32032708300782,0.794281900045462,0.0,1.8139152999574435,18.89495104122337,0.11214150005253032,2.6405074999274802,96,9.013755670680967e-08,9.480835901076734e-08
101,205,246,23616,0.45,0.375,0.25,0,0,0,0,0,0,1.2592239580701305,0.9613481561936018,1.012039768852903,0.9613481561936018,1.012039768852903,0,0.0,0,0.0,0.0,96,0,0,0,0.0268295999703696,0.27947499969135,0.7824240999761969,8.150251041418718,0.7781294000233174,0.0,1.782321100050467,18.565844792192365,0.10824589999538148,2.5915747999970336,96,8.83228478375242e-08,9.744561626362502e-08
101,206,247,23712,0.45,0.375,0.25,0,0,0,0,0,0,1.3779214496952912,0.9606839896120031,1.0094208228221466,0.9606839896120031,1.0094208228221466,0,0.0,0,0.0,0.0,96,0,0,0,0.02829429999110289,0.29473229157398845,0.8162449999799719,8.502552083124707,0.8115715999811073,0.0,1.8583798999898136,19.358123958227225,0.11316060001263395,2.7029191999608884,96,9.60093496024661e-08,9.982103768568784e-08
101,207,248,23808,0.45,0.375,0.25,0,0,0,0,0,0,1.5458022665378246,0.9595735148068087,1.0043236836898104,0.9595735148068087,1.0043236836898104,0,0.0,0,0.0,0.0,96,0,0,0,0.027325199989718385,0.2846374998928998,0.8181506999826524,8.522403124819297,0.8135621999681462,0.0,1.877861400040274,19.561056250419522,0.11580250001861714,2.723337300012645,96,9.715517887594338e-08,9.997046968024392e-08
101,208,249,23904,0.45,0.375,0.25,0,0,0,0,0,0,1.421032905927282,0.9606506912483503,1.0042120460919617,0.9606506912483503,1.0042120460919617,0,0.0,0,0.0,0.0,96,0,0,0,0.028717300003336277,0.29913854170141957,0.8390322000268498,8.739918750279685,0.8342903000666411,0.0,1.9164876999275293,19.963413540911763,0.11781480003264733,2.7842371999577153,96,8.732807892618266e-08,9.552053870098831e-08
101,209,250,24000,0.45,0.375,0.25,0,0,0,0,0,0,1.5221589227738521,0.959861199557074,1.002177093049262,0.959861199557074,1.002177093049262,0,0.0,0,0.0,0.0,96,0,0,0,0.028917299991007894,0.30122187490633223,0.8294695000222418,8.640307291898353,0.8246665000115172,0.0,1.9222796000831295,20.023745834199264,0.11799809996591648,2.780666400096379,96,9.307891307534788e-08,9.770736199288255e-08
101,210,252,24192,0.45,0.375,0.25,0,0,0,0,0,0,0.7967257424151059,0.9657204216111369,1.0088518545492433,0.9657204216111369,1.0088518545492433,0,0.0,0,0.0,0.0,96,0,0,0,0.028545699940877967,0.29735104105081217,0.8274378999631153,8.619144791282451,0.8227460000125575,0.0,1.9052087999443756,19.84592499942058,0.11945760002708994,2.761192399848369,96,3.3760989984546463e-08,4.261572608688091e-08
101,211,253,24288,0.45,0.375,0.25,0,0,0,0,0,0,1.4828341625946189,0.95981573572039,1.0044637527771776,0.95981573572039,1.0044637527771776,0,0.0,0,0.0,0.0,96,0,0,0,0.028290000031120144,0.2946875003241682,0.8027276999637252,8.361746874622137,0.7981738999660593,0.0,1.833803400018951,19.102118750197405,0.1111473000200931,2.6648211000137962,96,9.093268471538352e-08,9.947206204563575e-08
101,212,254,24384,0.45,0.375,0.25,0,0,0,0,0,0,1.5410728480028586,0.9594717283624861,1.0043699181626646,0.9594717283624861,1.0043699181626646,0,0.0,0,0.0,0.0,96,0,0,0,0.029332599973713513,0.3055479163928491,0.8446918999470654,8.79887395778193,0.8398990000205231,0.0,1.923404799978016,20.035466666437667,0.1172696000430733,2.797429299898795,96,9.733730398087115e-08,9.695191427461225e-08
101,213,256,24576,0.45,0.375,0.25,0,0,0,0,0,0,1.7552369138378665,0.9587183862635551,1.0000925251547317,0.9587183862635551,1.0000925251547317,0,0.0,0,0.0,0.0,96,0,0,0,0.02964720001909882,0.30882500019894604,0.8501886999947601,8.856132291612084,0.8453837000197382,0.0,1.9472927999813692,20.284299999805928,0.12095160000171745,2.827128699995228,96,8.265634436448177e-08,8.041656895940719e-08
101,214,257,24672,0.45,0.375,0.25,0,0,0,0,0,0,1.4068051138824793,0.9601904708094178,1.00682697297468,0.9601904708094178,1.00682697297468,0,0.0,0,0.0,0.0,96,0,0,0,0.027871899968886282,0.29033229134256544,0.8001209000794915,8.33459270916137,0.7954430000318098,0.0,1.8199696999799926,18.958017708124924,0.1121995000357856,2.6479625000283704,96,9.292975891410371e-08,9.732873368362149e-08
101,215,258,24768,0.45,0.375,0.25,0,0,0,0,0,0,0.9497882845761885,0.9648920660376361,1.0063866977279003,0.9648920660376361,1.0063866977279003,0,0.0,0,0.0,0.0,96,0,0,0,0.02802729996619746,0.2919510413145569,0.800637700020161,8.339976041876676,0.7961671999437385,0.0,1.8142326000452158,18.898256250470997,0.11269559997163014,2.6428976000315743,96,5.12947736716618e-08,5.545835214670891e-08
101,216,259,24864,0.45,0.375,0.25,0,0,0,0,0,0,0.8152762518586627,0.965240226902172,1.0107154763058177,0.965240226902172,1.0107154763058177,0,0.0,0,0.0,0.0,96,0,0,0,0.027994399999442976,0.291608333327531,0.7989260999747785,8.322146874737276,0.7943825000547804,0.0,1.804957300046226,18.801638542148186,0.10878979998960858,2.6318778000204475,96,4.2090156689850167e-08,5.465472254460868e-08
101,217,260,24960,0.45,0.375,0.25,0,0,0,0,0,0,1.450651738956075,0.9595572770463077,1.0058319361457402,0.9595572770463077,1.0058319361457402,0,0.0,0,0.0,0.0,96,0,0,0,0.028372300032060593,0.29554479200063116,0.793316599992977,8.263714583260176,0.7887662999637541,0.0,1.8467902000702452,19.237397917398386,0.11252559997956268,2.6684791000952828,96,8.790145669505811e-08,9.596022490510059e-08
101,218,261,25056,0.45,0.375,0.25,0,0,0,0,0,0,1.5337427953748985,0.959142898980058,1.0044370335235737,0.959142898980058,1.0044370335235737,0,0.0,0,0.0,0.0,96,0,0,0,0.0271750000101747,0.2830729167726531,0.7785897999783629,8.11031041644128,0.7741114999880665,0.0,1.7900496999718598,18.64635104137354,0.10930820000066888,2.5958144999603974,96,9.146107305540996e-08,9.485933136210711e-08
101,219,262,25152,0.45,0.375,0.25,0,0,0,0,0,0,1.5803147109102897,0.9592016966853437,1.0042636055087337,0.9592016966853437,1.0042636055087337,0,0.0,0,0.0,0.0,96,0,0,0,0.027625300019280985,0.28776354186751024,0.7988107000055606,8.32094479172459,0.7943277999802376,0.0,1.8158112999954028,18.91470104161878,0.11323979998996947,2.6422473000202444,96,9.375092438479449e-08,9.81894172913389e-08
101,220,263,25248,0.45,0.375,0.25,0,0,0,0,0,0,1.4664685997560216,0.9593508190600893,1.0087336671765708,0.9593508190600893,1.0087336671765708,0,0.0,0,0.0,0.0,96,0,0,0,0.0277963999833446,0.28954583315983956,0.8019107000436634,8.35323645878816,0.7973218000406632,0.0,1.8324704000042402,19.088233333377502,0.11377759999595582,2.662177500031248,96,9.054300673799753e-08,9.898420277876241e-08
101,221,264,25344,0.45,0.375,0.25,0,0,0,0,0,0,1.4219786400444911,0.9600510564991909,1.007691596651159,0.9600510564991909,1.007691596651159,0,0.0,0,0.0,0.0,96,0,0,0,0.02781700002378784,0.2897604169144567,0.7912792999413796,8.242492707722704,0.7867201000117348,0.0,1.824155000031169,19.00161458365801,0.11455139995814534,2.6432512999963365,96,8.838809066602504e-08,9.876444231893267e-08
101,222,265,25440,0.45,0.375,0.25,0,0,0,0,0,0,0.9752001792531917,0.9643341471670384,1.0097560485149586,0.9643341471670384,1.0097560485149586,0,0.0,0,0.0,0.0,96,0,0,0,0.026933399996778462,0.2805562499664423,0.7679321999967215,7.999293749965849,0.763513400015654,0.0,1.7639883999654558,18.37487916630683,0.11021320001600543,2.5588539999589557,96,6.770297248173685e-08,6.620213051367063e-08
101,223,266,25536,0.45,0.375,0.25,0,0,0,0,0,0,0.8707169243055322,0.9646198902967348,1.0072314183705369,0.9646198902967348,1.0072314183705369,0,0.0,0,0.0,0.0,96,0,0,0,0.027641600063361693,0.28793333399335097,0.7890746999619296,8.219528124603434,0.7846596000381396,0.0,1.7988552000024356,18.738075000025372,0.11096979998546885,2.615571500027727,96,5.586266043494659e-08,5.890228749194648e-08
101,224,267,25632,0.45,0.375,0.25,0,0,0,0,0,0,1.5417381338953797,0.9590098187323054,1.004883262637895,0.9590098187323054,1.004883262637895,0,0.0,0,0.0,0.0,96,0,0,0,0.028437600056349766,0.2962250005869767,0.8215210999915143,8.55751145824494,0.8168919999952777,0.0,1.870877000001201,19.488302083345843,0.11411229997611372,2.720835700049065,96,9.046252288057166e-08,9.732567828046879e-08
101,225,269,25824,0.45,0.375,0.25,0,0,0,0,0,0,1.5844132399239939,0.9583534692226787,1.007283137218507,0.9583534692226787,1.007283137218507,0,0.0,0,0.0,0.0,96,0,0,0,0.028796099977626,0.2999593747669375,0.8205198999348795,8.547082290988328,0.8158632000195212,0.0,1.8787120000488358,19.569916667175374,0.1169181999648572,2.7280279999613413,96,9.27692783529721e-08,9.476577175759893e-08
101,226,270,25920,0.45,0.375,0.25,0,0,0,0,0,0,1.6431034780996514,0.958262590075104,1.003978556323117,0.958262590075104,1.003978556323117,0,0.0,0,0.0,0.0,96,0,0,0,0.029102700027578976,0.303153125287281,0.8213139999934356,8.555354166598287,0.8165243000112241,0.0,1.8752552999867476,19.533909374861953,0.11543550002534175,2.725672000007762,96,9.524104779140563e-08,9.903042150205543e-08
101,227,272,26112,0.45,0.375,0.25,0,0,0,0,0,0,1.0357383907125222,0.963827582836753,1.006541769400371,0.963827582836753,1.006541769400371,0,0.0,0,0.0,0.0,96,0,0,0,0.027963299995462876,0.2912843749527383,0.8073717999868677,8.410122916529872,0.8028076000409783,0.0,1.8594988999466295,19.369780207777392,0.1161646000109613,2.69483399992896,96,9.134628550094837e-08,7.8606330819464e-08
101,228,273,26208,0.45,0.375,0.25,0,0,0,0,0,0,0.8381454052612559,0.9651864373131869,1.007313554631238,0.9651864373131869,1.007313554631238,0,0.0,0,0.0,0.0,96,0,0,0,0.029822599943145178,0.3106520827410956,0.8504056999881868,8.85839270821028,0.8455937000180711,0.0,1.9659154999899329,20.478286458228467,0.12216529999568593,2.846143799921265,96,4.1663915035031196e-08,4.865889947913704e-08
101,229,274,26304,0.45,0.375,0.25,0,0,0,0,0,0,1.3811183871163257,0.9605543794774178,1.001398343772217,0.9605543794774178,1.001398343772217,0,0.0,0,0.0,0.0,96,0,0,0,0.029366900031163823,0.3059052086579565,0.8238650000130292,8.581927083469054,0.8191792000143323,0.0,1.8872669000411406,19.65903020876188,0.11634919998323312,2.7404988000853336,96,9.824727389279309e-08,9.295048362945035e-08
101,230,275,26400,0.45,0.375,0.25,0,0,0,0,0,0,0.9977491897416226,0.9635032393414205,1.0062140271335174,0.9635032393414205,1.0062140271335174,0,0.0,0,0.0,0.0,96,0,0,0,0.02998519999528071,0.31234583328417403,0.8453111000053468,8.80532395838903,0.8405260999788879,0.0,1.9272360000832123,20.075375000866796,0.11714259996369947,2.80253230008384,96,9.73465343837715e-08,8.099555685869841e-08
101,231,276,26496,0.45,0.375,0.25,0,0,0,0,0,0,1.6636025732070956,0.9582466659538097,1.0029649730531618,0.9582466659538097,1.0029649730531618,0,0.0,0,0.0,0.0,96,0,0,0,0.02919940001447685,0.3041604168174672,0.8470471999971778,8.823408333303936,0.842175900033908,0.0,1.9132970999489771,19.93017812446851,0.11750870004470926,2.789543699960632,96,9.60388005233348e-08,9.819585235215644e-08
101,232,278,26688,0.45,0.375,0.25,0,0,0,0,0,0,1.7544036580519047,0.9583341078265031,1.0017714754969138,0.9583341078265031,1.0017714754969138,0,0.0,0,0.0,0.0,96,0,0,0,0.029100100000505336,0.3031260416719306,0.818430699975579,8.525319791412281,0.8137437000186765,0.0,1.865312600028119,19.43033958362624,0.11463819999335101,2.7128434000042034,96,9.664674979585619e-08,9.985271900991854e-08
101,233,280,26880,0.45,0.375,0.25,0,0,0,0,0,0,0.9685068547482599,0.9635978689267748,1.0036720400869823,0.9635978689267748,1.0036720400869823,0,0.0,0,0.0,0.0,96,0,0,0,0.027703899977495894,0.2885822914322489,0.8035755999517278,8.37057916616383,0.798998300000676,0.0,1.8470171999870217,19.23976249986481,0.11506850001751445,2.6782966999162454,96,9.521467937874395e-08,8.179570729072161e-08
101,234,281,26976,0.45,0.375,0.25,0,0,0,0,0,0,1.7434565110913731,0.9575406293078794,1.00284902088703,0.9575406293078794,1.00284902088703,0,0.0,0,0.0,0.0,96,0,0,0,0.02796859997761203,0.2913395831001253,0.8043577000062214,8.378726041731474,0.7998291999683715,0.0,1.82784599999286,19.040062499925625,0.11225219999323599,2.6601722999766935,96,9.44553380649582e-08,9.938214140525758e-08
101,235,283,27168,0.45,0.375,0.25,0,0,0,0,0,0,1.8914070208832579,0.956928606402442,1.0014259271390873,0.956928606402442,1.0014259271390873,0,0.0,0,0.0,0.0,96,0,0,0,0.027820299976156093,0.2897947914182926,0.815733999996155,8.497229166626616,0.8111419999695499,0.0,1.8591251000907505,19.365886459278652,0.11418089995277114,2.7026794000630616,96,9.424683177113036e-08,9.20014479877107e-08
101,236,286,27456,0.45,0.375,0.25,0,0,0,0,0,0,1.0706197188491255,0.9627143680247886,1.0095165954474665,0.9627143680247886,1.0095165954474665,0,0.0,0,0.0,0.0,96,0,0,0,0.02828260001842864,0.29461041685863165,0.8120632000282058,8.458991666960477,0.8074920999861206,0.0,1.8518902000723756,19.290522917420578,0.11193319997255458,2.69223600011901,96,8.801724249614395e-08,7.786575682844354e-08
101,237,288,27648,0.45,0.375,0.25,0,0,0,0,0,0,1.5820886221167314,0.9578131229056455,1.0088937267222313,0.9578131229056455,1.0088937267222313,0,0.0,0,0.0,0.0,96,0,0,0,0.02855140001338441,0.2974104168060876,0.8374476999888429,8.723413541550448,0.8326900000247406,0.0,1.8837551999968127,19.6224499999668,0.11336760004633106,2.74975429999904,96,9.44078713989438e-08,9.251201797677577e-08
101,238,290,27840,0.45,0.375,0.25,0,0,0,0,0,0,1.738964957514465,0.9566257144600326,1.0068562700207533,0.9566257144600326,1.0068562700207533,0,0.0,0,0.0,0.0,96,0,0,0,0.02759459998924285,0.28744374988794635,0.7983341000144719,8.315980208484083,0.7938347999588586,0.0,1.8211269000021275,18.97007187502216,0.11328989997127792,2.6470556000058423,96,9.199481036323287e-08,9.526660495196015e-08
101,239,292,28032,0.45,0.375,0.25,0,0,0,0,0,0,1.8457200028552125,0.9574513714519768,1.0022089062568649,0.9574513714519768,1.0022089062568649,0,0.0,0,0.0,0.0,96,0,0,0,0.028233700009877793,0.29410104176956037,0.8211944000722724,8.554108334086171,0.8165524000505684,0.0,1.8635757999945781,19.412247916610188,0.11324990000139223,2.7130039000767283,96,9.599797070984628e-08,9.708384693385419e-08
101,240,294,28224,0.45,0.375,0.25,0,0,0,0,0,0,1.0382373900438309,0.9631958113447268,1.0017806979408395,0.9631958113447268,1.0017806979408395,0,0.0,0,0.0,0.0,96,0,0,0,0.027425900007074233,0.2856864584070233,0.8074295999176684,8.41072499914238,0.802855699963402,0.0,1.8378999000124168,19.144790625129342,0.11465819999284577,2.6727553999371594,96,9.989292650003367e-08,8.535378265284166e-08
101,241,295,28320,0.45,0.375,0.25,0,0,0,0,0,0,2.054118102434689,0.9568808876266144,1.0,0.9568808876266144,1.0,0,0.0,0,0.0,0.0,96,0,0,0,0.027736499985621776,0.28892187485022686,0.7751000999705866,8.07395937469361,0.7706585000050836,0.0,1.7740741999950842,18.47993958328213,0.10749950003082631,2.5769107999512926,96,9.713159099082602e-08,9.88886504627029e-08
101,242,297,28512,0.45,0.375,0.25,0,0,0,0,0,0,2.043542568762939,0.9564065765737376,1.0004412086244245,0.9564065765737376,1.0004412086244245,0,0.0,0,0.0,0.0,96,0,0,0,0.02863539999088971,0.2982854165717678,0.8244277000485454,8.587788542172348,0.8197638999990886,0.0,1.8582665001013083,19.35694270938863,0.11347139998542843,2.7113296001407434,96,8.959138983639925e-08,9.843642470586111e-08
101,243,298,28608,0.45,0.375,0.25,0,0,0,0,0,0,1.9485519320823743,0.9566403918534839,1.0013367069671129,0.9566403918534839,1.0013367069671129,0,0.0,0,0.0,0.0,96,0,0,0,0.026919999952951912,0.2804166661765824,0.7847244000222418,8.174212500231684,0.7803601999694365,0.0,1.7859879000170622,18.60404062517773,0.10850739998568315,2.597632299992256,96,8.814907700473162e-08,9.875783038570951e-08
101,244,300,28800,0.45,0.375,0.25,0,0,0,0,0,0,1.3543772751026522,0.9618678484359477,1.0,0.9618678484359477,1.0,0,0.0,0,0.0,0.0,96,0,0,0,0.027633400015474763,0.2878479168278621,0.8012978000042494,8.346852083377598,0.7967114999992191,0.0,1.843324700021185,19.20129895855401,0.11365029999433318,2.672255900040909,96,9.517582620459375e-08,8.363261111421494e-08
101,245,302,28992,0.45,0.375,0.25,0,0,0,0,0,0,1.396380191122945,0.9597590593145059,1.004494706251593,0.9597590593145059,1.004494706251593,0,0.0,0,0.0,0.0,96,0,0,0,0.027769699991040397,0.28926770824000414,0.804257299983874,8.377680208165353,0.7996660999924643,0.0,1.8376980000466574,19.142687500486016,0.11397849999048049,2.6697250000215718,96,9.974785932995167e-08,9.224350089320765e-08
101,246,303,29088,0.45,0.375,0.25,0,0,0,0,0,0,1.1015843886527457,0.9631180718004358,1.0035901970287884,0.9631180718004358,1.0035901970287884,0,0.0,0,0.0,0.0,96,0,0,0,0.027014300001610536,0.28139895835010975,0.7976800000105868,8.309166666776946,0.7931656000437215,0.0,1.8404122999927495,19.170961458257807,0.1128155999831506,2.665106600004947,96,9.735958417939061e-08,8.113347313432051e-08
101,247,304,29184,0.45,0.375,0.25,0,0,0,0,0,0,1.5374861464451317,0.9580510927239391,1.0002539560142831,0.9580510927239391,1.0002539560142831,0,0.0,0,0.0,0.0,96,0,0,0,0.02823639998678118,0.29412916652897064,0.8136344000522513,8.475358333877617,0.8090664999690489,0.0,1.8884189999080263,19.671031249041942,0.11817050007084617,2.730289799947059,96,9.213069403733731e-08,9.987011148626657e-08
101,248,305,29280,0.45,0.375,0.25,0,0,0,0,0,0,1.8910252055881662,0.9571460299557563,1.0020053712560977,0.9571460299557563,1.0020053712560977,0,0.0,0,0.0,0.0,96,0,0,0,0.027378399994631764,0.2851916666107475,0.7782832000084454,8.10711666675464,0.7739178999399883,0.0,1.7963503000646597,18.711982292340206,0.1106351999551407,2.602011900067737,96,8.921030104740157e-08,8.963420089491692e-08
101,249,306,29376,0.45,0.375,0.25,0,0,0,0,0,0,1.8346471168165008,0.9573665395930115,1.0012941075689816,0.9573665395930115,1.0012941075689816,0,0.0,0,0.0,0.0,96,0,0,0,0.02720709999994142,0.28340729166605644,0.7898718000215013,8.227831250223971,0.785469199923682,0.0,1.7884940000076313,18.630145833412826,0.10902039998472901,2.605572900029074,96,9.243322879673443e-08,9.704461748083482e-08
101,250,307,29472,0.45,0.375,0.25,0,0,0,0,0,0,1.2973565543653596,0.9606437231195306,1.0031511003482327,0.9606437231195306,1.0031511003482327,0,0.0,0,0.0,0.0,96,0,0,0,0.026752899982966483,0.2786760414892342,0.7903357000323012,8.232663542003138,0.7858247999756713,0.0,1.8195903000669205,18.954065625697087,0.11281649998272769,2.636678900082188,96,9.360697090718406e-08,8.240609784826436e-08
101,251,309,29664,0.45,0.375,0.25,0,0,0,0,0,0,2.044337995108509,0.9559296818080033,1.0,0.9559296818080033,1.0,0,0.0,0,0.0,0.0,96,0,0,0,0.0288985000224784,0.30102604190081667,0.8504341000225395,8.858688541901452,0.8456004000399844,0.0,1.944519200034847,20.255408333696323,0.12033329999394482,2.823851800079865,96,9.312337827076245e-08,8.6345688654621e-08
101,252,310,29760,0.45,0.375,0.25,0,0,0,0,0,0,2.274878993573267,0.9551869174628372,1.0,0.9551869174628372,1.0,0,0.0,0,0.0,0.0,96,0,0,0,0.024746599956415594,0.2577770828793291,0.7558006999533973,7.872923957847888,0.7516605999917374,0.0,1.7230462999868905,17.948398958196776,0.10554220005724346,2.5035935998967034,96,8.216884551243142e-08,9.258432825953733e-08
101,253,312,29952,0.45,0.375,0.25,0,0,0,0,0,0,2.349355081244666,0.9555477227551774,1.0,0.9555477227551774,1.0,0,0.0,0,0.0,0.0,96,0,0,0,0.02766459996928461,0.28817291634671466,0.8075962000002619,8.412460416669395,0.8030477999855066,0.0,1.8546550001119613,19.31932291783293,0.11374099996464793,2.6899158000815078,96,8.833088889666219e-08,9.854855168023313e-08
101,254,313,30048,0.45,0.375,0.25,0,0,0,0,0,0,2.4104904252620845,0.9552415976420321,1.0,0.9552415976420321,1.0,0,0.0,0,0.0,0.0,96,0,0,0,0.02763529996445868,0.2878677079631113,0.8198137999352184,8.539727082658525,0.8152000000336557,0.0,1.8834493000031216,19.619263541699183,0.11561239998991368,2.7308983999027987,96,9.673737831616958e-08,9.471820952566823e-08
101,255,314,30144,0.45,0.375,0.25,0,0,0,0,0,0,1.5630710609952845,0.9606273415967778,1.0,0.9606273415967778,1.0,0,0.0,0,0.0,0.0,96,0,0,0,0.02816280003025895,0.2933625003151974,0.8205735000301502,8.547640625314065,0.8158809000451583,0.0,1.8831199000051129,19.615832291719926,0.1180792999730329,2.731856200065522,96,9.683233348836695e-08,9.97827012683139e-08
101,256,315,30240,0.45,0.375,0.25,0,0,0,0,0,0,1.3089048910406964,0.9618249585777754,1.0,0.9618249585777754,1.0,0,0.0,0,0.0,0.0,96,0,0,0,0.02800620002381038,0.29173125024802476,0.8292548999379505,8.63807187435365,0.824596299957193,0.0,1.8824523000002955,19.608878125003077,0.11834669999370817,2.7397133999620564,96,9.123240075729899e-08,7.797734090375652e-08
101,257,316,30336,0.45,0.375,0.25,0,0,0,0,0,0,2.192834476112865,0.955363942426159,1.0,0.955363942426159,1.0,0,0.0,0,0.0,0.0,96,0,0,0,0.02776749995246064,0.289244791171465,0.8237015999911819,8.580224999908145,0.8190308999983245,0.0,1.8557622999796877,19.33085729145508,0.11319820001517655,2.70723139992333,96,8.250940642523519e-08,9.680220139363094e-08
101,258,317,30432,0.45,0.375,0.25,0,0,0,0,0,0,2.285529984547142,0.9546806523414109,1.0,0.9546806523414109,1.0,0,0.0,0,0.0,0.0,96,0,0,0,0.02690300001995638,0.2802395835412123,0.8095304000453325,8.432608333805547,0.8049228000309085,0.0,1.8585850999661488,19.360261457980716,0.11379380001017125,2.6950185000314377,96,8.731144153159565e-08,9.816175372545644e-08
101,259,320,30720,0.45,0.375,0.25,0,0,0,0,0,0,2.2513492923516587,0.955802750289291,1.0,0.955802750289291,1.0,0,0.0,0,0.0,0.0,96,0,0,0,0.02789909999410156,0.2906156249385579,0.8178848999959882,8.51963437495821,0.8131629999770666,0.0,1.8798158999779844,19.58141562477067,0.11529280000104336,2.725599899968074,96,8.470243484035023e-08,9.258575531245761e-08
101,260,321,30816,0.45,0.375,0.25,0,0,0,0,0,0,1.6304588616299096,0.9595733769036239,1.0,0.9595733769036239,1.0,0,0.0,0,0.0,0.0,96,0,0,0,0.028165200004877988,0.2933875000508124,0.8077575000352226,8.414140625366903,0.803248399955919,0.0,1.8597342999637476,19.372232291289038,0.11321490001137136,2.6956570000038482,96,9.999104587507177e-08,9.903613130968214e-08
101,261,322,30912,0.45,0.375,0.25,0,0,0,0,0,0,1.283316921771873,0.9615303992884594,1.0,0.9615303992884594,1.0,0,0.0,0,0.0,0.0,96,0,0,0,0.0272425000439398,0.2837760421243729,0.7933138999651419,8.263686457970229,0.7888703999997233,0.0,1.827668999976595,19.038218749756197,0.11107659999106545,2.6482253999856766,96,8.2849406415203e-08,7.563333043192344e-08
101,262,323,31008,0.45,0.375,0.25,0,0,0,0,0,0,2.496491710437713,0.9543293080128471,1.0,0.9543293080128471,1.0,0,0.0,0,0.0,0.0,96,0,0,0,0.026239700004225597,0.27333020837734995,0.7835907000189763,8.16240312519767,0.7792234000226017,0.0,1.80069500002719,18.757239583616563,0.11252459996467223,2.610525400050392,96,9.057719074778703e-08,9.765426467467364e-08
101,263,324,31104,0.45,0.375,0.25,0,0,0,0,0,0,2.5287191897864245,0.9542982568753764,1.0,0.9542982568753764,1.0,0,0.0,0,0.0,0.0,96,0,0,0,0.026523900050960947,0.2762906255308432,0.7654784999976982,7.973734374976024,0.7610759000017424,0.0,1.791450199954852,18.66093958286304,0.11249790002329974,2.583452600003511,96,8.681956547781922e-08,9.664868155789819e-08
101,264,325,31200,0.45,0.375,0.25,0,0,0,0,0,0,2.257001701355595,0.9542666282163124,1.000738877455245,0.9542666282163124,1.000738877455245,0,0.0,0,0.0,0.0,96,0,0,0,0.028002399994875304,0.29169166661328444,0.8090293999339337,8.427389582645143,0.8043989000143483,0.0,1.8654553000378655,19.4318260420611,0.11753419994784053,2.7024870999666746,96,9.778239288583956e-08,9.42580537233173e-08
101,265,326,31296,0.45,0.375,0.25,0,0,0,0,0,0,2.396579886551163,0.9529242141047541,1.0,0.9529242141047541,1.0,0,0.0,0,0.0,0.0,96,0,0,0,0.027096299978438765,0.2822531247754038,0.7905301999708172,8.234689583029345,0.7861359999587876,0.0,1.8062373000138905,18.814971875144693,0.11024640000687214,2.6238637999631464,96,8.314940675227533e-08,9.357422087186151e-08
101,266,327,31392,0.45,0.375,0.25,0,0,0,0,0,0,2.2839300767672395,0.9553661652309965,1.0,0.9553661652309965,1.0,0,0.0,0,0.0,0.0,96,0,0,0,0.026844099978916347,0.2796260414470453,0.7807956000397098,8.133287500413644,0.7762651000448386,0.0,1.7736511000766768,18.475532292465385,0.10814569998183288,2.581290800095303,96,9.46726038970197e-08,9.954383983767912e-08
101,267,328,31488,0.45,0.375,0.25,0,0,0,0,0,0,1.6229760682730778,0.9597325907205527,1.0,0.9597325907205527,1.0,0,0.0,0,0.0,0.0,96,0,0,0,0.026550999988103285,0.2765729165427426,0.7950951999446261,8.282241666089854,0.790594600046461,0.0,1.8123641999845859,18.878793749839435,0.11260750002838904,2.6340103999173152,96,9.92692973482423e-08,8.749663153728715e-08
101,268,331,31776,0.45,0.375,0.25,0,0,0,0,0,0,2.657222839722142,0.9527378218013581,1.0,0.9527378218013581,1.0,0,0.0,0,0.0,0.0,96,0,0,0,0.029130599978088867,0.30344374977175903,0.8662489000344067,9.02342604202507,0.8613531999944826,0.0,1.9536646000269684,20.350672916947588,0.12202819998492487,2.849044100039464,96,9.003437755755739e-08,9.672662004689414e-08
101,269,332,31872,0.45,0.375,0.25,0,0,0,0,0,0,2.4667380499837455,0.9547709398709342,1.0,0.9547709398709342,1.0,0,0.0,0,0.0,0.0,96,0,0,0,0.0265603000370902,0.27666979205302294,0.7970524000193109,8.302629166867822,0.7924033000381314,0.0,1.8279968999195262,19.04163437416173,0.1123596000179532,2.6516095999759273,96,9.514448583158863e-08,9.863736258330924e-08
101,270,333,31968,0.45,0.375,0.25,0,0,0,0,0,0,2.584230182659379,0.9541620355745044,1.0,0.9541620355745044,1.0,0,0.0,0,0.0,0.0,96,0,0,0,0.027098400008981116,0.2822750000935533,0.8075281999845174,8.411752083172056,0.8029710000118939,0.0,1.8536904000211507,19.30927500022032,0.11422059997130418,2.6883170000146492,96,8.73788287298477e-08,9.951625981607926e-08
101,271,334,32064,0.45,0.375,0.25,0,0,0,0,0,0,2.407908848212876,0.956095733066833,1.0,0.956095733066833,1.0,0,0.0,0,0.0,0.0,96,0,0,0,0.02632650000305148,0.2742343750317862,0.7745052000027499,8.067762500028644,0.7701252999395365,0.0,1.7464587000067695,18.192278125070516,0.10525519996735966,2.547290400012571,96,8.94909449582898e-08,9.946423476514532e-08
101,272,335,32160,0.45,0.375,0.25,0,0,0,0,0,0,1.700583448551029,0.9599066740942299,1.0,0.9599066740942299,1.0,0,0.0,0,0.0,0.0,96,0,0,0,0.026003900027717464,0.27087395862205693,0.7678444999837666,7.998380208164235,0.7636254999888479,0.0,1.7488784000306623,18.217483333652734,0.10539869997592177,2.5427268000421464,96,9.998884459988533e-08,9.920381287276125e-08
101,273,336,32256,0.45,0.375,0.25,0,0,0,0,0,0,1.5391585313337108,0.9604884976621444,1.0,0.9604884976621444,1.0,0,0.0,0,0.0,0.0,96,0,0,0,0.02598380004928913,0.2706645838467618,0.7660517999756848,7.979706249746718,0.761728800025594,0.0,1.7591129999491386,18.324093749470194,0.10926640003890498,2.5511485999741126,96,8.895072040049357e-08,8.76103767311065e-08
101,274,337,32352,0.45,0.375,0.25,0,0,0,0,0,0,2.7839435506379866,0.9522326921224167,1.0,0.9522326921224167,1.0,0,0.0,0,0.0,0.0,96,0,0,0,0.0277561999973841,0.2891270833060844,0.8056813999937731,8.39251458326847,0.801099799995427,0.0,1.842265600040264,19.19026666708608,0.11324589997821022,2.675703200031421,96,9.986675524736865e-08,8.642445217810213e-08
101,275,338,32448,0.45,0.375,0.25,0,0,0,0,0,0,2.8375311400233687,0.9513217970229324,1.0,0.9513217970229324,1.0,0,0.0,0,0.0,0.0,96,0,0,1,0.02656209998531267,0.27668854151367367,0.7687967000019853,8.008298958354013,0.7645058000052813,0.0,1.7794760999895516,18.53620937489116,0.10887510002066847,2.5748348999768496,96,9.031744668992758e-08,9.69501458281119e-08
101,276,339,32544,0.45,0.375,0.25,0,0,0,0,0,0,2.828613566667573,0.9524216553662292,1.0,0.9524216553662292,1.0,0,0.0,0,0.0,0.0,96,0,0,0,0.02871420003066305,0.2991062503194068,0.8324143999489024,8.670983332801066,0.8277193999383599,0.0,1.8889872000436299,19.67695000045448,0.11710829997900873,2.7501158000231953,96,9.583292181515601e-08,8.517661242990471e-08
101,277,340,32640,0.45,0.375,0.25,0,0,0,0,0,0,2.572246490130899,0.9513218026376881,1.0003979343448486,0.9513218026376881,1.0003979343448486,0,0.0,0,0.0,0.0,96,0,0,4,0.027122899977257475,0.28253020809643203,0.7588515000170446,7.904703125177548,0.7545876000149292,0.0,1.7559826999495272,18.291486457807576,0.10706530002062209,2.5419570999438292,96,9.966405675569667e-08,9.408550730172216e-08
101,278,343,32928,0.45,0.375,0.25,0,0,0,0,0,0,1.5424243680696668,0.9603315528902657,1.0,0.9603315528902657,1.0,0,0.0,0,0.0,0.0,96,0,0,0,0.028250200033653527,0.29427291701722424,0.8254047999798786,8.597966666457069,0.8208048999877064,0.0,1.8859069000318414,19.644863541998348,0.11553079996519955,2.7395619000453735,96,9.234058324214924e-08,9.427657064742245e-08
101,279,344,33024,0.45,0.375,0.25,0,0,0,0,0,0,2.782373273248171,0.9520766395578741,1.0,0.9520766395578741,1.0,0,0.0,0,0.0,0.0,96,0,0,0,0.02843979995668633,0.2962479162154826,0.8219962000075611,8.562460416745429,0.8173647999647073,0.0,1.8792323999878136,19.575337499873058,0.11458560000755824,2.729668399952061,96,9.432675634503396e-08,9.031126915748366e-08
101,280,345,33120,0.45,0.375,0.25,0,0,0,0,0,0,2.8438652417475163,0.9517848168891124,1.0,0.9517848168891124,1.0,0,0.0,0,0.0,0.0,96,0,0,0,0.02685169996402692,0.27970520795861376,0.7867250999697717,8.195053124685122,0.7823573999994551,0.0,1.8005593000270892,18.755826041948847,0.11295960001007188,2.614136099960888,96,9.66848690085037e-08,9.775092207897629e-08
101,281,346,33216,0.45,0.375,0.25,0,0,0,0,0,0,2.6764180949412117,0.9505217560795707,1.0,0.9505217560795707,1.0,0,0.0,0,0.0,0.0,96,0,4,6,0.025906100003339816,0.2698552083681231,0.7651040000200737,7.969833333542434,0.7607609000187949,0.0,1.7698562000659877,18.436002084020704,0.108441899974423,2.560866300089401,96,9.610575442235703e-08,9.237196313405249e-08
101,282,347,33312,0.45,0.375,0.25,0,0,0,0,0,0,2.7766701387458985,0.9512526466865459,1.0,0.9512526466865459,1.0,0,0.0,0,0.0,0.0,96,0,0,3,0.027811799976916518,0.28970624975954706,0.8079431000587647,8.416073958945466,0.8034560000014608,0.0,1.856790899997577,19.34157187497476,0.11475260001316201,2.6925458000332583,96,9.533509049038102e-08,9.907582892987321e-08
101,283,348,33408,0.45,0.375,0.25,0,0,0,0,0,0,2.418122751248089,0.9551354147509112,1.0,0.9551354147509112,1.0,0,0.0,0,0.0,0.0,96,0,0,0,0.027665699999488425,0.2881843749946711,0.8177503000115394,8.518232291786868,0.8130527999528567,0.0,1.8647070999650168,19.424032291302257,0.1131960000275285,2.7101230999760446,96,9.769927765239383e-08,9.767118308579015e-08
101,284,349,33504,0.45,0.375,0.25,0,0,0,0,0,0,1.6988243697483005,0.959605105695314,1.0,0.959605105695314,1.0,0,0.0,0,0.0,0.0,96,0,0,0,0.02681620004295837,0.2793354171141497,0.7955023999966215,8.286483333298142,0.7910793999908492,0.0,1.832164599931275,19.08504791595078,0.11404480002966011,2.654483199970855,96,9.410405302332121e-08,9.995246935678992e-08
101,285,351,33696,0.45,0.375,0.25,0,0,0,0,0,0,2.5223941797249716,0.9544710254973987,1.0,0.9544710254973987,1.0,0,0.0,0,0.0,0.0,96,0,0,0,0.026995700020052027,0.2812052085422086,0.8016367000163882,8.350382291837377,0.7971818000005442,0.0,1.8405082999815932,19.171961458141595,0.1155801999848336,2.6691407000180334,96,9.378341696980597e-08,9.789073843191609e-08
101,286,352,33792,0.45,0.375,0.25,0,0,0,0,0,0,2.569648921199411,0.9549647795799491,1.0,0.9549647795799491,1.0,0,0.0,0,0.0,0.0,96,0,0,0,0.028006599997752346,0.2917354166432536,0.8286942999984603,8.632232291650629,0.823946699994849,0.0,1.8970625000583823,19.761067708941482,0.11696110000775661,2.753763400054595,96,9.390519748950221e-08,8.662074779675066e-08
101,287,353,33888,0.45,0.375,0.25,0,0,0,0,0,0,2.422807807717783,0.9560054921182451,1.0,0.9560054921182451,1.0,0,0.0,0,0.0,0.0,96,0,0,0,0.028274700031033717,0.2945281253232679,0.8380562999736867,8.729753124725903,0.8332899999804795,0.0,1.9133371999996598,19.93059583332979,0.11868759999924805,2.77966820000438,96,8.469546309078368e-08,9.712749021728584e-08
101,288,354,33984,0.45,0.375,0.25,0,0,0,0,0,0,2.30097529712802,0.9567244090965212,1.0,0.9567244090965212,1.0,0,0.0,0,0.0,0.0,96,0,0,0,0.027289200021186844,0.28426250022069627,0.801360800061957,8.347508333978718,0.7969577999974717,0.0,1.831793600031233,19.081183333658675,0.11337830002594274,2.6604436001143767,96,8.000471417302091e-08,9.971891479221284e-08
101,289,355,34080,0.45,0.375,0.25,0,0,0,0,0,0,1.8976396434859133,0.9589561724060301,1.0,0.9589561724060301,1.0,0,0.0,0,0.0,0.0,96,0,0,0,0.02735649997339351,0.28496354138951574,0.8080977999561583,8.417685416209983,0.8035439000013866,0.0,1.8643682000183617,19.4205020835246,0.11337550001917407,2.6998224999479135,96,9.874964890070614e-08,8.133114036412703e-08
101,290,356,34176,0.45,0.375,0.25,0,0,0,0,0,0,1.3944184232825962,0.9613152012888564,1.0,0.9613152012888564,1.0,0,0.0,0,0.0,0.0,96,0,0,0,0.02900769999541808,0.3021635416189383,0.8249203000013949,8.592919791681197,0.8202716999949189,0.0,1.8692708000307903,19.471570833654066,0.11539320000156295,2.7231988000276033,96,9.515779796943902e-08,8.381408705959714e-08
101,291,357,34272,0.45,0.375,0.25,0,0,0,0,0,0,1.0674000057058222,0.964567523971077,1.0,0.964567523971077,1.0,0,0.0,0,0.0,0.0,96,0,0,0,0.02990819998376537,0.3115437498308893,0.863088200079801,8.990502084164595,0.8578322999892407,0.0,1.9788052000076277,20.612554166746122,0.12395509999623755,2.871801600071194,96,5.8294307879111495e-08,6.000349703216834e-08
101,292,358,34368,0.45,0.375,0.25,0,0,0,0,0,0,0.9957088097961712,0.9654059379945654,1.0,0.9654059379945654,1.0,0,0.0,0,0.0,0.0,96,0,0,0,0.028896099953271914,0.3010010411799158,0.8424758999826736,8.775790624819516,0.8376345999713521,0.0,1.9267899000478792,20.070728125498743,0.11916159994143527,2.7981618999838247,96,3.830656613093564e-08,4.5961770708813354e-08
101,293,359,34464,0.45,0.375,0.25,0,0,0,0,0,0,1.0051432151724642,0.9649212040568117,1.001279105224987,0.9649212040568117,1.001279105224987,0,0.0,0,0.0,0.0,96,0,0,0,0.028491299955931026,0.2967843745409482,0.8279665999871213,8.62465208319918,0.8233372000322561,0.0,1.872234299997217,19.502440624971012,0.1163768000114942,2.7286921999402693,96,5.057279527445613e-08,5.490272514396821e-08
101,294,360,34560,0.45,0.375,0.25,0,0,0,0,0,0,1.3984241585850998,0.960877893746436,1.0,0.960877893746436,1.0,0,0.0,0,0.0,0.0,96,0,0,0,0.02866739997989498,0.29861874979057274,0.8212457999907201,8.554643749903335,0.8165219999937108,0.0,1.8914119999681134,19.70220833300118,0.11741580002126284,2.7413251999387285,96,9.620901856438602e-08,8.537916693085457e-08
101,295,361,34656,0.45,0.375,0.25,0,0,0,0,0,0,1.4957667098355185,0.9606431061880135,1.0,0.9606431061880135,1.0,0,0.0,0,0.0,0.0,96,0,0,0,0.029758800024865195,0.30998750025901245,0.8337707999671693,8.685112499658013,0.8290200999908848,0.0,1.9204170000302838,20.004343750315456,0.1201541999616893,2.7839466000223183,96,9.741496385592963e-08,9.671461249916025e-08
101,296,362,34752,0.45,0.375,0.25,0,0,0,0,0,0,1.388348071709077,0.9603655840752278,1.0008614695558227,0.9603655840752278,1.0008614695558227,0,0.0,0,0.0,0.0,96,0,0,0,0.029087300012179185,0.3029927084601998,0.8208874000338255,8.550910417019017,0.8162348000114434,0.0,1.8908435000485042,19.696286458838586,0.11729869996634079,2.740818200094509,96,8.925184220159865e-08,7.805552017237094e-08
101,297,363,34848,0.45,0.375,0.25,0,0,0,0,0,0,1.2553326169291699,0.9625968718979006,1.0,0.9625968718979006,1.0,0,0.0,0,0.0,0.0,96,0,0,0,0.025803899974562228,0.2687906247350232,0.7434474999899976,7.744244791562475,0.7392538999629323,0.0,1.7420094999979483,18.145932291645295,0.10777000000962289,2.511260899962508,96,9.68978713673102e-08,8.298748355173302e-08
101,298,364,34944,0.45,0.375,0.25,0,0,0,0,0,0,0.9912554039119349,0.963963757725228,1.0,0.963963757725228,1.0,0,0.0,0,0.0,0.0,96,0,0,0,0.02741420001257211,0.2855645834642928,0.7832720999940648,8.159084374938175,0.7787305999809178,0.0,1.8099337999301497,18.853477082605725,0.11216860004060436,2.6206200999367866,96,8.020857819937555e-08,7.295977808019494e-08
