seed,method,execution,candidate_id,scenario_index,daily_loss_mwh_learned,risk_learned,pf_fail_learned,daily_loss_mwh_opf,risk_opf,pf_fail_opf,loss_gap_mwh,relative_loss_gap_percent
42,wg,raw,100,0,0.9141512846137404,0,0,0.8705694474776073,0,0,0.04358183713613306,5.006129868490941
42,wg,raw,100,1,2.69094632748527,0,0,2.400361367990582,0,0,0.29058495949468766,12.105883862726278
42,wg,raw,100,2,1.53954858849762,0,0,1.479811628403618,0,0,0.05973696009400209,4.0367948830382385
42,wg,raw,100,3,2.3556704080983626,0,0,2.1304934721188347,0,0,0.22517693597952793,10.569238485184526
42,wg,raw,100,4,1.6444146423789354,0,0,1.555612412679469,0,0,0.08880222969946638,5.7085061147402865
42,wg,raw,100,5,0.8665812705027134,0,0,0.8279395075780194,0,0,0.03864176292469401,4.667220560320064
42,wg,raw,100,6,1.3913365568322298,0,0,1.3534292756835282,0,0,0.037907281148701566,2.80083206634917
42,wg,raw,100,7,0.8406838262788066,0,0,0.8032922580485785,0,0,0.037391568230228045,4.654790066203628
42,wg,raw,100,8,1.263806078259599,0,0,1.23610179258524,0,0,0.027704285674359008,2.241262478587382
42,wg,raw,100,9,0.889000892464532,0,0,0.8531104317613608,0,0,0.035890460703171145,4.207012289026929
42,wg,raw,100,10,0.86631321435469,0,0,0.8304233125305677,0,0,0.03588990182412233,4.321880332905662
42,wg,raw,100,11,1.306999856068788,0,0,1.269062288020365,0,0,0.037937568048423076,2.9894173364494683
42,wg,raw,100,12,1.5843564536639607,0,0,1.5061100476003682,0,0,0.07824640606359257,5.195264860510013
42,wg,raw,100,13,1.8408571936629323,0,0,1.7221864724778555,0,0,0.11867072118507682,6.890701040888749
42,wg,raw,100,14,1.763228623545623,0,0,1.654075171359246,0,0,0.10915345218637684,6.599062368893389
42,wg,raw,100,15,2.085662695401044,0,0,1.9107737434256789,0,0,0.17488895197536514,9.152781828675343
42,wg,raw,100,16,1.5070785561672888,0,0,1.441565944994005,0,0,0.06551261117328377,4.54454486808484
42,wg,raw,105,0,0.889313592683044,0,0,0.8707517961563219,0,0,0.018561796526722074,2.1316977591843824
42,wg,raw,105,1,2.698171272007821,0,0,2.381749916433628,0,0,0.3164213555741928,13.285246842707739
42,wg,raw,105,2,1.536535272967512,0,0,1.480172433946151,0,0,0.056362839021360855,3.807856282737079
42,wg,raw,105,3,2.364253424723513,0,0,2.1290737926426564,0,0,0.23517963208085657,11.046100557601909
42,wg,raw,105,4,1.6423987391345984,0,0,1.5568437357506988,0,0,0.08555500338389965,5.495413664149514
42,wg,raw,105,5,0.8505086953554043,0,0,0.8280109521617258,0,0,0.022497743193678477,2.71708280366855
42,wg,raw,105,6,1.3846308623981622,0,0,1.3539876946049323,0,0,0.030643167793229953,2.26317919397126
42,wg,raw,105,7,0.8235912851822438,0,0,0.8039050417211643,0,0,0.0196862434610795,2.4488269682861006
42,wg,raw,105,8,1.2551731215035795,0,0,1.23644667562746,0,0,0.018726445876119602,1.514537282136853
42,wg,raw,105,9,0.8726827306707043,0,0,0.8534526698151408,0,0,0.019230060855563558,2.2532076511904076
42,wg,raw,105,10,0.8496749933661679,0,0,0.8308294426605012,0,0,0.018845550705666736,2.2682815194077715
42,wg,raw,105,11,1.2991598107385558,0,0,1.2694237193612543,0,0,0.029736091377301488,2.342487455037001
42,wg,raw,105,12,1.5803125788446322,0,0,1.5071587524158685,0,0,0.07315382642876367,4.853757197873368
42,wg,raw,105,13,1.8416863871298703,0,0,1.7244028188661646,0,0,0.11728356826370567,6.801402026286548
42,wg,raw,105,14,1.763667757373063,0,0,1.6563826471808891,0,0,0.1072851101921739,6.4770728173692085
42,wg,raw,105,15,2.090421332618309,0,0,1.914671366724867,0,0,0.17574996589344205,9.179119140120136
42,wg,raw,105,16,1.4986210329849274,0,0,1.441715732277228,0,0,0.05690530070769939,3.9470541545534754
42,wg,raw,267,0,0.8591562870002448,0,0,0.8486609029840949,0,0,0.010495384016149911,1.2366993671141946
42,wg,raw,267,1,2.6562956120540018,0,0,2.3300496823289927,0,0,0.3262459297250091,14.001672676734993
42,wg,raw,267,2,1.5031263680544595,0,0,1.4455050333792088,0,0,0.05762133467525077,3.9862424097235634
42,wg,raw,267,3,2.3188196321283003,0,0,2.0751278359476,0,0,0.24369179618070014,11.743459461109252
42,wg,raw,267,4,1.5998340118636327,0,0,1.511849703811168,0,0,0.08798430805246471,5.819646478791391
42,wg,raw,267,5,0.8177844692313264,0,0,0.8042536386869326,0,0,0.013530830544393857,1.682408371379583
42,wg,raw,267,6,1.355620995941267,0,0,1.3147205062067502,0,0,0.040900489734516876,3.110964615020993
42,wg,raw,267,7,0.7909360421362372,0,0,0.7792415945363826,0,0,0.011694447599854607,1.5007473525347852
42,wg,raw,267,8,1.2250910890467666,0,0,1.2010236742826643,0,0,0.024067414764102235,2.0039084390636166
42,wg,raw,267,9,0.838867717026904,0,0,0.826957410982471,0,0,0.011910306044432994,1.4402562799797507
42,wg,raw,267,10,0.8161048751960136,0,0,0.8050512637330821,0,0,0.01105361146293149,1.3730319994375362
42,wg,raw,267,11,1.2640812138467492,0,0,1.2338996526418011,0,0,0.030181561204948082,2.446030448288791
42,wg,raw,267,12,1.5414778553141044,0,0,1.4655577282228327,0,0,0.07592012709127172,5.180289089214802
42,wg,raw,267,13,1.80102987823741,0,0,1.6769192509494109,0,0,0.12411062728799904,7.401109338910154
42,wg,raw,267,14,1.7207038134550554,0,0,1.6090531932622618,0,0,0.11165062019279359,6.938901750440484
42,wg,raw,267,15,2.0392212781333137,0,0,1.8605244142429296,0,0,0.17869686389038408,9.604650308396948
42,wg,raw,267,16,1.4615097038793994,0,0,1.411265688451773,0,0,0.050244015427626465,3.5602095224710375
42,wg,projected,100,0,0.9141512846137404,0,0,0.8705694474776073,0,0,0.04358183713613306,5.006129868490941
42,wg,projected,100,1,2.69094632748527,0,0,2.400361367990582,0,0,0.29058495949468766,12.105883862726278
42,wg,projected,100,2,1.53954858849762,0,0,1.479811628403618,0,0,0.05973696009400209,4.0367948830382385
42,wg,projected,100,3,2.3556704080983626,0,0,2.1304934721188347,0,0,0.22517693597952793,10.569238485184526
42,wg,projected,100,4,1.6444146423789354,0,0,1.555612412679469,0,0,0.08880222969946638,5.7085061147402865
42,wg,projected,100,5,0.8665812705027134,0,0,0.8279395075780194,0,0,0.03864176292469401,4.667220560320064
42,wg,projected,100,6,1.3913365568322298,0,0,1.3534292756835282,0,0,0.037907281148701566,2.80083206634917
42,wg,projected,100,7,0.8406838262788066,0,0,0.8032922580485785,0,0,0.037391568230228045,4.654790066203628
42,wg,projected,100,8,1.263806078259599,0,0,1.23610179258524,0,0,0.027704285674359008,2.241262478587382
42,wg,projected,100,9,0.889000892464532,0,0,0.8531104317613608,0,0,0.035890460703171145,4.207012289026929
42,wg,projected,100,10,0.86631321435469,0,0,0.8304233125305677,0,0,0.03588990182412233,4.321880332905662
42,wg,projected,100,11,1.306999856068788,0,0,1.269062288020365,0,0,0.037937568048423076,2.9894173364494683
42,wg,projected,100,12,1.5843564536639607,0,0,1.5061100476003682,0,0,0.07824640606359257,5.195264860510013
42,wg,projected,100,13,1.8408571936629323,0,0,1.7221864724778555,0,0,0.11867072118507682,6.890701040888749
42,wg,projected,100,14,1.763228623545623,0,0,1.654075171359246,0,0,0.10915345218637684,6.599062368893389
42,wg,projected,100,15,2.085662695401044,0,0,1.9107737434256789,0,0,0.17488895197536514,9.152781828675343
42,wg,projected,100,16,1.5070785561672888,0,0,1.441565944994005,0,0,0.06551261117328377,4.54454486808484
42,wg,projected,105,0,0.889313592683044,0,0,0.8707517961563219,0,0,0.018561796526722074,2.1316977591843824
42,wg,projected,105,1,2.698171272007821,0,0,2.381749916433628,0,0,0.3164213555741928,13.285246842707739
42,wg,projected,105,2,1.536535272967512,0,0,1.480172433946151,0,0,0.056362839021360855,3.807856282737079
42,wg,projected,105,3,2.364253424723513,0,0,2.1290737926426564,0,0,0.23517963208085657,11.046100557601909
42,wg,projected,105,4,1.6423987391345984,0,0,1.5568437357506988,0,0,0.08555500338389965,5.495413664149514
42,wg,projected,105,5,0.8505086953554043,0,0,0.8280109521617258,0,0,0.022497743193678477,2.71708280366855
42,wg,projected,105,6,1.3846308623981622,0,0,1.3539876946049323,0,0,0.030643167793229953,2.26317919397126
42,wg,projected,105,7,0.8235912851822438,0,0,0.8039050417211643,0,0,0.0196862434610795,2.4488269682861006
42,wg,projected,105,8,1.2551731215035795,0,0,1.23644667562746,0,0,0.018726445876119602,1.514537282136853
42,wg,projected,105,9,0.8726827306707043,0,0,0.8534526698151408,0,0,0.019230060855563558,2.2532076511904076
42,wg,projected,105,10,0.8496749933661679,0,0,0.8308294426605012,0,0,0.018845550705666736,2.2682815194077715
42,wg,projected,105,11,1.2991598107385558,0,0,1.2694237193612543,0,0,0.029736091377301488,2.342487455037001
42,wg,projected,105,12,1.5803125788446322,0,0,1.5071587524158685,0,0,0.07315382642876367,4.853757197873368
42,wg,projected,105,13,1.8416863871298703,0,0,1.7244028188661646,0,0,0.11728356826370567,6.801402026286548
42,wg,projected,105,14,1.763667757373063,0,0,1.6563826471808891,0,0,0.1072851101921739,6.4770728173692085
42,wg,projected,105,15,2.090421332618309,0,0,1.914671366724867,0,0,0.17574996589344205,9.179119140120136
42,wg,projected,105,16,1.4986210329849274,0,0,1.441715732277228,0,0,0.05690530070769939,3.9470541545534754
42,wg,projected,267,0,0.8591562870002448,0,0,0.8486609029840949,0,0,0.010495384016149911,1.2366993671141946
42,wg,projected,267,1,2.6562956120540018,0,0,2.3300496823289927,0,0,0.3262459297250091,14.001672676734993
42,wg,projected,267,2,1.5031263680544595,0,0,1.4455050333792088,0,0,0.05762133467525077,3.9862424097235634
42,wg,projected,267,3,2.3188196321283003,0,0,2.0751278359476,0,0,0.24369179618070014,11.743459461109252
42,wg,projected,267,4,1.5998340118636327,0,0,1.511849703811168,0,0,0.08798430805246471,5.819646478791391
42,wg,projected,267,5,0.8177844692313264,0,0,0.8042536386869326,0,0,0.013530830544393857,1.682408371379583
42,wg,projected,267,6,1.355620995941267,0,0,1.3147205062067502,0,0,0.040900489734516876,3.110964615020993
42,wg,projected,267,7,0.7909360421362372,0,0,0.7792415945363826,0,0,0.011694447599854607,1.5007473525347852
42,wg,projected,267,8,1.2250910890467666,0,0,1.2010236742826643,0,0,0.024067414764102235,2.0039084390636166
42,wg,projected,267,9,0.838867717026904,0,0,0.826957410982471,0,0,0.011910306044432994,1.4402562799797507
42,wg,projected,267,10,0.8161048751960136,0,0,0.8050512637330821,0,0,0.01105361146293149,1.3730319994375362
42,wg,projected,267,11,1.2640812138467492,0,0,1.2338996526418011,0,0,0.030181561204948082,2.446030448288791
42,wg,projected,267,12,1.5414778553141044,0,0,1.4655577282228327,0,0,0.07592012709127172,5.180289089214802
42,wg,projected,267,13,1.80102987823741,0,0,1.6769192509494109,0,0,0.12411062728799904,7.401109338910154
42,wg,projected,267,14,1.7207038134550554,0,0,1.6090531932622618,0,0,0.11165062019279359,6.938901750440484
42,wg,projected,267,15,2.0392212781333137,0,0,1.8605244142429296,0,0,0.17869686389038408,9.604650308396948
42,wg,projected,267,16,1.4615097038793994,0,0,1.411265688451773,0,0,0.050244015427626465,3.5602095224710375
43,wg,raw,100,0,1.0500578561907308,0,0,0.8705694474776073,0,0,0.17948840871312344,20.6173567465725
43,wg,raw,100,1,4.823514605490159,1,0,2.400361367990582,0,0,2.4231532374995766,100.94951826058066
43,wg,raw,100,2,1.9356934032244928,0,0,1.479811628403618,0,0,0.4558817748208748,30.806743647005128
43,wg,raw,100,3,4.0605816327112665,1,0,2.1304934721188347,0,0,1.9300881605924318,90.59347920333714
43,wg,raw,100,4,2.1379592898376587,1,0,1.555612412679469,0,0,0.5823468771581897,37.43521666525691
43,wg,raw,100,5,0.9899048007341216,0,0,0.8279395075780194,0,0,0.1619652931561022,19.562454946726852
43,wg,raw,100,6,1.6987073208781784,0,0,1.3534292756835282,0,0,0.3452780451946502,25.511347463669498
43,wg,raw,100,7,0.959282338905317,0,0,0.8032922580485785,0,0,0.1559900808567385,19.418845294946824
43,wg,raw,100,8,1.473048664444666,0,0,1.23610179258524,0,0,0.2369468718594261,19.16888020717651
43,wg,raw,100,9,1.001081065379805,0,0,0.8531104317613608,0,0,0.1479706336184442,17.344839320853104
43,wg,raw,100,10,0.98066486007347,0,0,0.8304233125305677,0,0,0.1502415475429023,18.092163993453877
43,wg,raw,100,11,1.5382591141082185,0,0,1.269062288020365,0,0,0.26919682608785345,21.212262678436282
43,wg,raw,100,12,2.050955707355316,0,0,1.5061100476003682,0,0,0.544845659754948,36.1756872031384
43,wg,raw,100,13,2.5566526908322698,1,0,1.7221864724778555,0,0,0.8344662183544143,48.45388299640962
43,wg,raw,100,14,2.377232081232554,1,0,1.654075171359246,0,0,0.7231569098733077,43.71971252546214
43,wg,raw,100,15,3.3018590011811506,1,0,1.9107737434256789,0,0,1.3910852577554718,72.8021966254101
43,wg,raw,100,16,1.876828052037244,0,0,1.441565944994005,0,0,0.435262107043239,30.193700715165626
43,wg,raw,105,0,1.0614671979759196,0,0,0.8707517961563219,0,0,0.19071540181959767,21.902383969973396
43,wg,raw,105,1,3.78932860787754,0,0,2.381749916433628,0,0,1.407578691443912,59.09850911432315
43,wg,raw,105,2,1.8993266261015465,0,0,1.480172433946151,0,0,0.4191541921553954,28.31792989401425
43,wg,raw,105,3,3.2984025347937798,0,0,2.1290737926426564,0,0,1.1693287421511234,54.921945222937765
43,wg,raw,105,4,2.077799467720114,0,0,1.5568437357506988,0,0,0.5209557319694151,33.462300679664175
43,wg,raw,105,5,0.99407623657193,0,0,0.8280109521617258,0,0,0.16606528441020418,20.055928484599146
43,wg,raw,105,6,1.665526322978205,0,0,1.3539876946049323,0,0,0.3115386283732726,23.00897043707429
43,wg,raw,105,7,0.9634957480959616,0,0,0.8039050417211643,0,0,0.15959070637479733,19.851935003805043
43,wg,raw,105,8,1.4593646694332147,0,0,1.23644667562746,0,0,0.22291799380575483,18.028920955497785
43,wg,raw,105,9,1.004802965051462,0,0,0.8534526698151408,0,0,0.15135029523632126,17.733882684918424
43,wg,raw,105,10,0.9845623061055008,0,0,0.8308294426605012,0,0,0.1537328634449996,18.503540624741543
43,wg,raw,105,11,1.5194397794364232,0,0,1.2694237193612543,0,0,0.25001606007516886,19.695240939799938
43,wg,raw,105,12,1.9984439612129128,0,0,1.5071587524158685,0,0,0.4912852087970443,32.59677907251303
43,wg,raw,105,13,2.4718474950343325,0,0,1.7244028188661646,0,0,0.7474446761681679,43.34513189091342
43,wg,raw,105,14,2.295169497566075,0,0,1.6563826471808891,0,0,0.6387868503851859,38.565174023790995
43,wg,raw,105,15,2.863952093411333,0,0,1.914671366724867,0,0,0.9492807266864662,49.579303434732736
43,wg,raw,105,16,1.8456417349459988,0,0,1.441715732277228,0,0,0.40392600266877077,28.017035094065246
43,wg,raw,267,0,1.1017249765212,0,0,0.8486609029840949,0,0,0.25306407353710514,29.81922139305243
43,wg,raw,267,1,3.55227820382838,0,0,2.3300496823289927,0,0,1.2222285214993875,52.45504122803568
43,wg,raw,267,2,1.856150246908754,0,0,1.4455050333792088,0,0,0.4106452135295453,28.408425017349494
43,wg,raw,267,3,3.09686727742354,0,0,2.0751278359476,0,0,1.02173944147594,49.237421607299005
43,wg,raw,267,4,1.993097404861326,0,0,1.511849703811168,0,0,0.4812477010501579,31.8317158006512
43,wg,raw,267,5,1.0248438483818167,0,0,0.8042536386869326,0,0,0.2205902096948842,27.427940525706735
43,wg,raw,267,6,1.6313977951644087,0,0,1.3147205062067502,0,0,0.31667728895765856,24.087042642343828
43,wg,raw,267,7,0.9932888464190168,0,0,0.7792415945363826,0,0,0.21404725188263418,27.468663554848312
43,wg,raw,267,8,1.4547242909948526,0,0,1.2010236742826643,0,0,0.25370061671218824,21.12369823714891
43,wg,raw,267,9,1.0296725280201129,0,0,0.826957410982471,0,0,0.2027151170376419,24.51336844503336
43,wg,raw,267,10,1.0114332595390256,0,0,0.8050512637330821,0,0,0.20638199580594352,25.635882471500633
43,wg,raw,267,11,1.5052273764096844,0,0,1.2338996526418011,0,0,0.2713277237678833,21.9894481035768
43,wg,raw,267,12,1.918628785062668,0,0,1.4655577282228327,0,0,0.4530710568398353,30.91458276360353
43,wg,raw,267,13,2.321172037366697,0,0,1.6769192509494109,0,0,0.6442527864172862,38.41883179840256
43,wg,raw,267,14,2.1791076944033563,0,0,1.6090531932622618,0,0,0.5700545011410945,35.427946293393944
43,wg,raw,267,15,2.694794466216617,0,0,1.8605244142429296,0,0,0.8342700519736872,44.84058610502899
43,wg,raw,267,16,1.817496617997049,0,0,1.411265688451773,0,0,0.4062309295452762,28.78486544875411
43,wg,projected,100,0,1.0500578561907308,0,0,0.8705694474776073,0,0,0.17948840871312344,20.6173567465725
43,wg,projected,100,1,5.437536607683763,1,0,2.400361367990582,0,0,3.0371752396931804,126.52991671148645
43,wg,projected,100,2,1.9356934032244928,0,0,1.479811628403618,0,0,0.4558817748208748,30.806743647005128
43,wg,projected,100,3,5.033831218608403,1,0,2.1304934721188347,0,0,2.903337746489568,136.2753645803063
43,wg,projected,100,4,2.178873346167447,0,0,1.555612412679469,0,0,0.623260933487978,40.065309868185
43,wg,projected,100,5,0.9899048007341216,0,0,0.8279395075780194,0,0,0.1619652931561022,19.562454946726852
43,wg,projected,100,6,1.6987073208781784,0,0,1.3534292756835282,0,0,0.3452780451946502,25.511347463669498
43,wg,projected,100,7,0.959282338905317,0,0,0.8032922580485785,0,0,0.1559900808567385,19.418845294946824
43,wg,projected,100,8,1.473048664444666,0,0,1.23610179258524,0,0,0.2369468718594261,19.16888020717651
43,wg,projected,100,9,1.001081065379805,0,0,0.8531104317613608,0,0,0.1479706336184442,17.344839320853104
43,wg,projected,100,10,0.98066486007347,0,0,0.8304233125305677,0,0,0.1502415475429023,18.092163993453877
43,wg,projected,100,11,1.5382591141082185,0,0,1.269062288020365,0,0,0.26919682608785345,21.212262678436282
43,wg,projected,100,12,2.050955707355316,0,0,1.5061100476003682,0,0,0.544845659754948,36.1756872031384
43,wg,projected,100,13,2.5935428634138944,0,0,1.7221864724778555,0,0,0.8713563909360389,50.5959374818654
43,wg,projected,100,14,2.4480966371895616,0,0,1.654075171359246,0,0,0.7940214658303155,48.003952878261494
43,wg,projected,100,15,4.307033794326171,1,0,1.9107737434256789,0,0,2.3962600509004917,125.40783853374613
43,wg,projected,100,16,1.876828052037244,0,0,1.441565944994005,0,0,0.435262107043239,30.193700715165626
43,wg,projected,105,0,1.0614671979759196,0,0,0.8707517961563219,0,0,0.19071540181959767,21.902383969973396
43,wg,projected,105,1,3.78932860787754,0,0,2.381749916433628,0,0,1.407578691443912,59.09850911432315
43,wg,projected,105,2,1.8993266261015465,0,0,1.480172433946151,0,0,0.4191541921553954,28.31792989401425
43,wg,projected,105,3,3.2984025347937798,0,0,2.1290737926426564,0,0,1.1693287421511234,54.921945222937765
43,wg,projected,105,4,2.077799467720114,0,0,1.5568437357506988,0,0,0.5209557319694151,33.462300679664175
43,wg,projected,105,5,0.99407623657193,0,0,0.8280109521617258,0,0,0.16606528441020418,20.055928484599146
43,wg,projected,105,6,1.665526322978205,0,0,1.3539876946049323,0,0,0.3115386283732726,23.00897043707429
43,wg,projected,105,7,0.9634957480959616,0,0,0.8039050417211643,0,0,0.15959070637479733,19.851935003805043
43,wg,projected,105,8,1.4593646694332147,0,0,1.23644667562746,0,0,0.22291799380575483,18.028920955497785
43,wg,projected,105,9,1.004802965051462,0,0,0.8534526698151408,0,0,0.15135029523632126,17.733882684918424
43,wg,projected,105,10,0.9845623061055008,0,0,0.8308294426605012,0,0,0.1537328634449996,18.503540624741543
43,wg,projected,105,11,1.5194397794364232,0,0,1.2694237193612543,0,0,0.25001606007516886,19.695240939799938
43,wg,projected,105,12,1.9984439612129128,0,0,1.5071587524158685,0,0,0.4912852087970443,32.59677907251303
43,wg,projected,105,13,2.4718474950343325,0,0,1.7244028188661646,0,0,0.7474446761681679,43.34513189091342
43,wg,projected,105,14,2.295169497566075,0,0,1.6563826471808891,0,0,0.6387868503851859,38.565174023790995
43,wg,projected,105,15,2.863952093411333,0,0,1.914671366724867,0,0,0.9492807266864662,49.579303434732736
43,wg,projected,105,16,1.8456417349459988,0,0,1.441715732277228,0,0,0.40392600266877077,28.017035094065246
43,wg,projected,267,0,1.1017249765212,0,0,0.8486609029840949,0,0,0.25306407353710514,29.81922139305243
43,wg,projected,267,1,3.55227820382838,0,0,2.3300496823289927,0,0,1.2222285214993875,52.45504122803568
43,wg,projected,267,2,1.856150246908754,0,0,1.4455050333792088,0,0,0.4106452135295453,28.408425017349494
43,wg,projected,267,3,3.09686727742354,0,0,2.0751278359476,0,0,1.02173944147594,49.237421607299005
43,wg,projected,267,4,1.993097404861326,0,0,1.511849703811168,0,0,0.4812477010501579,31.8317158006512
43,wg,projected,267,5,1.0248438483818167,0,0,0.8042536386869326,0,0,0.2205902096948842,27.427940525706735
43,wg,projected,267,6,1.6313977951644087,0,0,1.3147205062067502,0,0,0.31667728895765856,24.087042642343828
43,wg,projected,267,7,0.9932888464190168,0,0,0.7792415945363826,0,0,0.21404725188263418,27.468663554848312
43,wg,projected,267,8,1.4547242909948526,0,0,1.2010236742826643,0,0,0.25370061671218824,21.12369823714891
43,wg,projected,267,9,1.0296725280201129,0,0,0.826957410982471,0,0,0.2027151170376419,24.51336844503336
43,wg,projected,267,10,1.0114332595390256,0,0,0.8050512637330821,0,0,0.20638199580594352,25.635882471500633
43,wg,projected,267,11,1.5052273764096844,0,0,1.2338996526418011,0,0,0.2713277237678833,21.9894481035768
43,wg,projected,267,12,1.918628785062668,0,0,1.4655577282228327,0,0,0.4530710568398353,30.91458276360353
43,wg,projected,267,13,2.321172037366697,0,0,1.6769192509494109,0,0,0.6442527864172862,38.41883179840256
43,wg,projected,267,14,2.1791076944033563,0,0,1.6090531932622618,0,0,0.5700545011410945,35.427946293393944
43,wg,projected,267,15,2.694794466216617,0,0,1.8605244142429296,0,0,0.8342700519736872,44.84058610502899
43,wg,projected,267,16,1.817496617997049,0,0,1.411265688451773,0,0,0.4062309295452762,28.78486544875411
44,wg,raw,100,0,0.8928199079420633,0,0,0.8705694474776073,0,0,0.022250460464456,2.5558512912352493
44,wg,raw,100,1,2.7747113229784057,0,0,2.400361367990582,0,0,0.37434995498782353,15.595566566762557
44,wg,raw,100,2,1.6014249241278635,0,0,1.479811628403618,0,0,0.12161329572424551,8.218160567871651
44,wg,raw,100,3,2.423862507375073,0,0,2.1304934721188347,0,0,0.29336903525623814,13.77000394957674
44,wg,raw,100,4,1.6875251231511297,0,0,1.555612412679469,0,0,0.13191271047166064,8.479792871056308
44,wg,raw,100,5,0.8535406490694063,0,0,0.8279395075780194,0,0,0.025601141491386925,3.092151208761402
44,wg,raw,100,6,1.421777487494547,0,0,1.3534292756835282,0,0,0.0683482118110188,5.05000246699264
44,wg,raw,100,7,0.8226296976392783,0,0,0.8032922580485785,0,0,0.01933743959069978,2.4072732429509314
44,wg,raw,100,8,1.2910643980662266,0,0,1.23610179258524,0,0,0.05496260548098664,4.446446547580464
44,wg,raw,100,9,0.8724558521096643,0,0,0.8531104317613608,0,0,0.019345420348303444,2.2676337819902437
44,wg,raw,100,10,0.8479225754277322,0,0,0.8304233125305677,0,0,0.017499262897164525,2.107270187759858
44,wg,raw,100,11,1.3383670738303146,0,0,1.269062288020365,0,0,0.06930478580994959,5.461101985629049
44,wg,raw,100,12,1.6225368926977293,0,0,1.5061100476003682,0,0,0.11642684509736112,7.730301333747816
44,wg,raw,100,13,1.8882331096437337,0,0,1.7221864724778555,0,0,0.1660466371658782,9.641617781782529
44,wg,raw,100,14,1.8135057545891864,0,0,1.654075171359246,0,0,0.1594305832299403,9.638654034019945
44,wg,raw,100,15,2.143658058747319,0,0,1.9107737434256789,0,0,0.23288431532164,12.18795873257708
44,wg,raw,100,16,1.5654715328602116,0,0,1.441565944994005,0,0,0.12390558786620653,8.59520775282478
44,wg,raw,105,0,0.8925059208096454,0,0,0.8707517961563219,0,0,0.021754124653323492,2.4983152201753343
44,wg,raw,105,1,2.6972658477912552,0,0,2.381749916433628,0,0,0.315515931357627,13.247231759330658
44,wg,raw,105,2,1.6038123009037948,0,0,1.480172433946151,0,0,0.12363986695764373,8.353071853123145
44,wg,raw,105,3,2.378525222137382,0,0,2.1290737926426564,0,0,0.24945142949472565,11.716429480121526
44,wg,raw,105,4,1.6835338441207397,0,0,1.5568437357506988,0,0,0.1266901083700409,8.137625213165782
44,wg,raw,105,5,0.8533531796056638,0,0,0.8280109521617258,0,0,0.025342227443937992,3.0606150048831946
44,wg,raw,105,6,1.4238590936720306,0,0,1.3539876946049323,0,0,0.06987139906709827,5.160416106106888
44,wg,raw,105,7,0.8223718731624409,0,0,0.8039050417211643,0,0,0.018466831441276588,2.2971408913842635
44,wg,raw,105,8,1.2915302400865984,0,0,1.23644667562746,0,0,0.055083564459138534,4.45498908646305
44,wg,raw,105,9,0.8721555071541011,0,0,0.8534526698151408,0,0,0.018702837338960276,2.1914322844653285
44,wg,raw,105,10,0.8476623998372113,0,0,0.8308294426605012,0,0,0.016832957176710073,2.02604244775043
44,wg,raw,105,11,1.33938313519657,0,0,1.2694237193612543,0,0,0.06995941583531562,5.511116167777111
44,wg,raw,105,12,1.6241788418202052,0,0,1.5071587524158685,0,0,0.11702008940433672,7.764284234607789
44,wg,raw,105,13,1.880329473155741,0,0,1.7244028188661646,0,0,0.1559266542895763,9.042356726840758
44,wg,raw,105,14,1.8056884677924765,0,0,1.6563826471808891,0,0,0.14930582061158737,9.013969137246225
44,wg,raw,105,15,2.1239524989723684,0,0,1.914671366724867,0,0,0.20928113224750144,10.930394420922815
44,wg,raw,105,16,1.5695741777725571,0,0,1.441715732277228,0,0,0.1278584454953291,8.868492077378757
44,wg,raw,267,0,0.8762094376783511,0,0,0.8486609029840949,0,0,0.02754853469425622,3.2461180428353633
44,wg,raw,267,1,2.6192938053592867,0,0,2.3300496823289927,0,0,0.289244123030294,12.413646164882676
44,wg,raw,267,2,1.556391083599706,0,0,1.4455050333792088,0,0,0.11088605022049713,7.671094023192354
44,wg,raw,267,3,2.315113574111804,0,0,2.0751278359476,0,0,0.23998573816420388,11.564865258270473
44,wg,raw,267,4,1.6379617138821774,0,0,1.511849703811168,0,0,0.12611201007100936,8.341570577624092
44,wg,raw,267,5,0.8306817975454575,0,0,0.8042536386869326,0,0,0.026428158858524897,3.286047782347982
44,wg,raw,267,6,1.3822973341469889,0,0,1.3147205062067502,0,0,0.06757682794023867,5.140014749995212
44,wg,raw,267,7,0.8021899453454202,0,0,0.7792415945363826,0,0,0.022948350809037565,2.9449596851527042
44,wg,raw,267,8,1.2471889306543928,0,0,1.2010236742826643,0,0,0.046165256371728525,3.8438256764007304
44,wg,raw,267,9,0.8491752258751313,0,0,0.826957410982471,0,0,0.02221781489266028,2.68669396967666
44,wg,raw,267,10,0.8268026106081898,0,0,0.8050512637330821,0,0,0.021751346875107713,2.701858608884745
44,wg,raw,267,11,1.2946885613269308,0,0,1.2338996526418011,0,0,0.06078890868512965,4.926568263065762
44,wg,raw,267,12,1.585908102602701,0,0,1.4655577282228327,0,0,0.1203503743798684,8.211916327977601
44,wg,raw,267,13,1.8347362165233712,0,0,1.6769192509494109,0,0,0.1578169655739603,9.411124923553121
44,wg,raw,267,14,1.759375062410434,0,0,1.6090531932622618,0,0,0.15032186914817225,9.342256040858624
44,wg,raw,267,15,2.070394500125757,0,0,1.8605244142429296,0,0,0.20987008588282752,11.28015758762436
44,wg,raw,267,16,1.526383180671016,0,0,1.411265688451773,0,0,0.11511749221924306,8.157038972975567
44,wg,projected,100,0,0.8928199079420633,0,0,0.8705694474776073,0,0,0.022250460464456,2.5558512912352493
44,wg,projected,100,1,2.7747113229784057,0,0,2.400361367990582,0,0,0.37434995498782353,15.595566566762557
44,wg,projected,100,2,1.6014249241278635,0,0,1.479811628403618,0,0,0.12161329572424551,8.218160567871651
44,wg,projected,100,3,2.423862507375073,0,0,2.1304934721188347,0,0,0.29336903525623814,13.77000394957674
44,wg,projected,100,4,1.6875251231511297,0,0,1.555612412679469,0,0,0.13191271047166064,8.479792871056308
44,wg,projected,100,5,0.8535406490694063,0,0,0.8279395075780194,0,0,0.025601141491386925,3.092151208761402
44,wg,projected,100,6,1.421777487494547,0,0,1.3534292756835282,0,0,0.0683482118110188,5.05000246699264
44,wg,projected,100,7,0.8226296976392783,0,0,0.8032922580485785,0,0,0.01933743959069978,2.4072732429509314
44,wg,projected,100,8,1.2910643980662266,0,0,1.23610179258524,0,0,0.05496260548098664,4.446446547580464
44,wg,projected,100,9,0.8724558521096643,0,0,0.8531104317613608,0,0,0.019345420348303444,2.2676337819902437
44,wg,projected,100,10,0.8479225754277322,0,0,0.8304233125305677,0,0,0.017499262897164525,2.107270187759858
44,wg,projected,100,11,1.3383670738303146,0,0,1.269062288020365,0,0,0.06930478580994959,5.461101985629049
44,wg,projected,100,12,1.6225368926977293,0,0,1.5061100476003682,0,0,0.11642684509736112,7.730301333747816
44,wg,projected,100,13,1.8882331096437337,0,0,1.7221864724778555,0,0,0.1660466371658782,9.641617781782529
44,wg,projected,100,14,1.8135057545891864,0,0,1.654075171359246,0,0,0.1594305832299403,9.638654034019945
44,wg,projected,100,15,2.143658058747319,0,0,1.9107737434256789,0,0,0.23288431532164,12.18795873257708
44,wg,projected,100,16,1.5654715328602116,0,0,1.441565944994005,0,0,0.12390558786620653,8.59520775282478
44,wg,projected,105,0,0.8925059208096454,0,0,0.8707517961563219,0,0,0.021754124653323492,2.4983152201753343
44,wg,projected,105,1,2.6972658477912552,0,0,2.381749916433628,0,0,0.315515931357627,13.247231759330658
44,wg,projected,105,2,1.6038123009037948,0,0,1.480172433946151,0,0,0.12363986695764373,8.353071853123145
44,wg,projected,105,3,2.378525222137382,0,0,2.1290737926426564,0,0,0.24945142949472565,11.716429480121526
44,wg,projected,105,4,1.6835338441207397,0,0,1.5568437357506988,0,0,0.1266901083700409,8.137625213165782
44,wg,projected,105,5,0.8533531796056638,0,0,0.8280109521617258,0,0,0.025342227443937992,3.0606150048831946
44,wg,projected,105,6,1.4238590936720306,0,0,1.3539876946049323,0,0,0.06987139906709827,5.160416106106888
44,wg,projected,105,7,0.8223718731624409,0,0,0.8039050417211643,0,0,0.018466831441276588,2.2971408913842635
44,wg,projected,105,8,1.2915302400865984,0,0,1.23644667562746,0,0,0.055083564459138534,4.45498908646305
44,wg,projected,105,9,0.8721555071541011,0,0,0.8534526698151408,0,0,0.018702837338960276,2.1914322844653285
44,wg,projected,105,10,0.8476623998372113,0,0,0.8308294426605012,0,0,0.016832957176710073,2.02604244775043
44,wg,projected,105,11,1.33938313519657,0,0,1.2694237193612543,0,0,0.06995941583531562,5.511116167777111
44,wg,projected,105,12,1.6241788418202052,0,0,1.5071587524158685,0,0,0.11702008940433672,7.764284234607789
44,wg,projected,105,13,1.880329473155741,0,0,1.7244028188661646,0,0,0.1559266542895763,9.042356726840758
44,wg,projected,105,14,1.8056884677924765,0,0,1.6563826471808891,0,0,0.14930582061158737,9.013969137246225
44,wg,projected,105,15,2.1239524989723684,0,0,1.914671366724867,0,0,0.20928113224750144,10.930394420922815
44,wg,projected,105,16,1.5695741777725571,0,0,1.441715732277228,0,0,0.1278584454953291,8.868492077378757
44,wg,projected,267,0,0.8762094376783511,0,0,0.8486609029840949,0,0,0.02754853469425622,3.2461180428353633
44,wg,projected,267,1,2.6192938053592867,0,0,2.3300496823289927,0,0,0.289244123030294,12.413646164882676
44,wg,projected,267,2,1.556391083599706,0,0,1.4455050333792088,0,0,0.11088605022049713,7.671094023192354
44,wg,projected,267,3,2.315113574111804,0,0,2.0751278359476,0,0,0.23998573816420388,11.564865258270473
44,wg,projected,267,4,1.6379617138821774,0,0,1.511849703811168,0,0,0.12611201007100936,8.341570577624092
44,wg,projected,267,5,0.8306817975454575,0,0,0.8042536386869326,0,0,0.026428158858524897,3.286047782347982
44,wg,projected,267,6,1.3822973341469889,0,0,1.3147205062067502,0,0,0.06757682794023867,5.140014749995212
44,wg,projected,267,7,0.8021899453454202,0,0,0.7792415945363826,0,0,0.022948350809037565,2.9449596851527042
44,wg,projected,267,8,1.2471889306543928,0,0,1.2010236742826643,0,0,0.046165256371728525,3.8438256764007304
44,wg,projected,267,9,0.8491752258751313,0,0,0.826957410982471,0,0,0.02221781489266028,2.68669396967666
44,wg,projected,267,10,0.8268026106081898,0,0,0.8050512637330821,0,0,0.021751346875107713,2.701858608884745
44,wg,projected,267,11,1.2946885613269308,0,0,1.2338996526418011,0,0,0.06078890868512965,4.926568263065762
44,wg,projected,267,12,1.585908102602701,0,0,1.4655577282228327,0,0,0.1203503743798684,8.211916327977601
44,wg,projected,267,13,1.8347362165233712,0,0,1.6769192509494109,0,0,0.1578169655739603,9.411124923553121
44,wg,projected,267,14,1.759375062410434,0,0,1.6090531932622618,0,0,0.15032186914817225,9.342256040858624
44,wg,projected,267,15,2.070394500125757,0,0,1.8605244142429296,0,0,0.20987008588282752,11.28015758762436
44,wg,projected,267,16,1.526383180671016,0,0,1.411265688451773,0,0,0.11511749221924306,8.157038972975567
45,wg,raw,100,0,0.9089633150994674,0,0,0.8705694474776073,0,0,0.038393867621860034,4.410201590821115
45,wg,raw,100,1,2.9215890435125043,0,0,2.400361367990582,0,0,0.5212276755219221,21.714550253666935
45,wg,raw,100,2,1.5890030075324315,0,0,1.479811628403618,0,0,0.10919137912881349,7.378735038499887
45,wg,raw,100,3,2.4967309381294087,0,0,2.1304934721188347,0,0,0.36623746601057405,17.190264640723857
45,wg,raw,100,4,1.6915086163315574,0,0,1.555612412679469,0,0,0.13589620365208832,8.735865215809993
45,wg,raw,100,5,0.8589088683133738,0,0,0.8279395075780194,0,0,0.03096936073535439,3.7405342361242555
45,wg,raw,100,6,1.415821874868504,0,0,1.3534292756835282,0,0,0.06239259918497586,4.609963764339696
45,wg,raw,100,7,0.8305846442473607,0,0,0.8032922580485785,0,0,0.02729238619878216,3.3975661940378954
45,wg,raw,100,8,1.2856992111672698,0,0,1.23610179258524,0,0,0.04959741858202982,4.012405683701785
45,wg,raw,100,9,0.8788982445687367,0,0,0.8531104317613608,0,0,0.025787812807375854,3.0227989070692125
45,wg,raw,100,10,0.8561098253963454,0,0,0.8304233125305677,0,0,0.025686512865777722,3.0931830162020177
45,wg,raw,100,11,1.3290020844433084,0,0,1.269062288020365,0,0,0.05993979642294334,4.723156380010677
45,wg,raw,100,12,1.617407502250919,0,0,1.5061100476003682,0,0,0.11129745465055074,7.389729245075885
45,wg,raw,100,13,1.9014135556053664,0,0,1.7221864724778555,0,0,0.1792270831275109,10.406949885609178
45,wg,raw,100,14,1.8260813024574327,0,0,1.654075171359246,0,0,0.17200613109818663,10.398930718296167
45,wg,raw,100,15,2.1725798322948355,0,0,1.9107737434256789,0,0,0.2618060888691567,13.701574546433987
45,wg,raw,100,16,1.5517923882772895,0,0,1.441565944994005,0,0,0.11022644328328446,7.6462990587463455
45,wg,raw,105,0,0.9110141807433568,0,0,0.8707517961563219,0,0,0.040262384587034905,4.62386466094717
45,wg,raw,105,1,2.908595968872409,0,0,2.381749916433628,0,0,0.5268460524387808,22.120124737011295
45,wg,raw,105,2,1.5924951367768478,0,0,1.480172433946151,0,0,0.11232270283069679,7.58848768256301
45,wg,raw,105,3,2.4866483197261893,0,0,2.1290737926426564,0,0,0.3575745270835329,16.794839536289764
45,wg,raw,105,4,1.6911800957618002,0,0,1.5568437357506988,0,0,0.13433636001110139,8.628763242338215
45,wg,raw,105,5,0.8603878672618235,0,0,0.8280109521617258,0,0,0.03237691510009766,3.910203725635485
45,wg,raw,105,6,1.4183635239478585,0,0,1.3539876946049323,0,0,0.06437582934292618,4.754535776021939
45,wg,raw,105,7,0.8320404432022493,0,0,0.8039050417211643,0,0,0.028135401481085065,3.499841401771414
45,wg,raw,105,8,1.2883126066268469,0,0,1.23644667562746,0,0,0.05186593099938697,4.194756799606141
45,wg,raw,105,9,0.880286503266327,0,0,0.8534526698151408,0,0,0.026833833451186173,3.1441501562117584
45,wg,raw,105,10,0.8574310575862363,0,0,0.8308294426605012,0,0,0.026601614925735095,3.201814182288821
45,wg,raw,105,11,1.3315040983706352,0,0,1.2694237193612543,0,0,0.062080379009380904,4.890437925692641
45,wg,raw,105,12,1.618898418021384,0,0,1.5071587524158685,0,0,0.1117396656055154,7.4139280567760135
45,wg,raw,105,13,1.8987080137979209,0,0,1.7244028188661646,0,0,0.17430519493175622,10.10814834125393
45,wg,raw,105,14,1.823804845766136,0,0,1.6563826471808891,0,0,0.16742219858524687,10.10770058900304
45,wg,raw,105,15,2.166860338550236,0,0,1.914671366724867,0,0,0.25218897182536915,13.171397254284422
45,wg,raw,105,16,1.5555506857255008,0,0,1.441715732277228,0,0,0.11383495344827277,7.895797409969819
45,wg,raw,267,0,0.9375075930650084,0,0,0.8486609029840949,0,0,0.0888466900809135,10.469044793804837
45,wg,raw,267,1,2.9015372245754336,0,0,2.3300496823289927,0,0,0.5714875422464409,24.52683934512558
45,wg,raw,267,2,1.6134093806400291,0,0,1.4455050333792088,0,0,0.16790434726082037,11.615618305271783
45,wg,raw,267,3,2.467868917613517,0,0,2.0751278359476,0,0,0.3927410816659167,18.92611504999512
45,wg,raw,267,4,1.6957230415648017,0,0,1.511849703811168,0,0,0.18387333775363368,12.162143980986597
45,wg,raw,267,5,0.8787279032813731,0,0,0.8042536386869326,0,0,0.07447426459444051,9.260046956832072
45,wg,raw,267,6,1.431523119368714,0,0,1.3147205062067502,0,0,0.11680261316196372,8.884216273386063
45,wg,raw,267,7,0.850431029370652,0,0,0.7792415945363826,0,0,0.07118943483426932,9.135733427657204
45,wg,raw,267,8,1.2973379183234162,0,0,1.2010236742826643,0,0,0.09631424404075184,8.019346004838535
45,wg,raw,267,9,0.8949859281572515,0,0,0.826957410982471,0,0,0.06802851717478053,8.22636284182506
45,wg,raw,267,10,0.8736682309975055,0,0,0.8050512637330821,0,0,0.06861696726442335,8.523304087026881
45,wg,raw,267,11,1.3408862766032332,0,0,1.2338996526418011,0,0,0.1069866239614321,8.67060978033115
45,wg,raw,267,12,1.6368058192349872,0,0,1.4655577282228327,0,0,0.17124809101215455,11.684841048179912
45,wg,raw,267,13,1.901427261327651,0,0,1.6769192509494109,0,0,0.2245080103782402,13.388122907595696
45,wg,raw,267,14,1.8260175599542756,0,0,1.6090531932622618,0,0,0.2169643666920138,13.483977260697712
45,wg,raw,267,15,2.160565932742323,0,0,1.8605244142429296,0,0,0.3000415184993934,16.126717618026206
45,wg,raw,267,16,1.5817235898674356,0,0,1.411265688451773,0,0,0.17045790141566264,12.078370700180718
45,wg,projected,100,0,0.9089633150994674,0,0,0.8705694474776073,0,0,0.038393867621860034,4.410201590821115
45,wg,projected,100,1,2.9215890435125043,0,0,2.400361367990582,0,0,0.5212276755219221,21.714550253666935
45,wg,projected,100,2,1.5890030075324315,0,0,1.479811628403618,0,0,0.10919137912881349,7.378735038499887
45,wg,projected,100,3,2.4967309381294087,0,0,2.1304934721188347,0,0,0.36623746601057405,17.190264640723857
45,wg,projected,100,4,1.6915086163315574,0,0,1.555612412679469,0,0,0.13589620365208832,8.735865215809993
45,wg,projected,100,5,0.8589088683133738,0,0,0.8279395075780194,0,0,0.03096936073535439,3.7405342361242555
45,wg,projected,100,6,1.415821874868504,0,0,1.3534292756835282,0,0,0.06239259918497586,4.609963764339696
45,wg,projected,100,7,0.8305846442473607,0,0,0.8032922580485785,0,0,0.02729238619878216,3.3975661940378954
45,wg,projected,100,8,1.2856992111672698,0,0,1.23610179258524,0,0,0.04959741858202982,4.012405683701785
45,wg,projected,100,9,0.8788982445687367,0,0,0.8531104317613608,0,0,0.025787812807375854,3.0227989070692125
45,wg,projected,100,10,0.8561098253963454,0,0,0.8304233125305677,0,0,0.025686512865777722,3.0931830162020177
45,wg,projected,100,11,1.3290020844433084,0,0,1.269062288020365,0,0,0.05993979642294334,4.723156380010677
45,wg,projected,100,12,1.617407502250919,0,0,1.5061100476003682,0,0,0.11129745465055074,7.389729245075885
45,wg,projected,100,13,1.9014135556053664,0,0,1.7221864724778555,0,0,0.1792270831275109,10.406949885609178
45,wg,projected,100,14,1.8260813024574327,0,0,1.654075171359246,0,0,0.17200613109818663,10.398930718296167
45,wg,projected,100,15,2.1725798322948355,0,0,1.9107737434256789,0,0,0.2618060888691567,13.701574546433987
45,wg,projected,100,16,1.5517923882772895,0,0,1.441565944994005,0,0,0.11022644328328446,7.6462990587463455
45,wg,projected,105,0,0.9110141807433568,0,0,0.8707517961563219,0,0,0.040262384587034905,4.62386466094717
45,wg,projected,105,1,2.908595968872409,0,0,2.381749916433628,0,0,0.5268460524387808,22.120124737011295
45,wg,projected,105,2,1.5924951367768478,0,0,1.480172433946151,0,0,0.11232270283069679,7.58848768256301
45,wg,projected,105,3,2.4866483197261893,0,0,2.1290737926426564,0,0,0.3575745270835329,16.794839536289764
45,wg,projected,105,4,1.6911800957618002,0,0,1.5568437357506988,0,0,0.13433636001110139,8.628763242338215
45,wg,projected,105,5,0.8603878672618235,0,0,0.8280109521617258,0,0,0.03237691510009766,3.910203725635485
45,wg,projected,105,6,1.4183635239478585,0,0,1.3539876946049323,0,0,0.06437582934292618,4.754535776021939
45,wg,projected,105,7,0.8320404432022493,0,0,0.8039050417211643,0,0,0.028135401481085065,3.499841401771414
45,wg,projected,105,8,1.2883126066268469,0,0,1.23644667562746,0,0,0.05186593099938697,4.194756799606141
45,wg,projected,105,9,0.880286503266327,0,0,0.8534526698151408,0,0,0.026833833451186173,3.1441501562117584
45,wg,projected,105,10,0.8574310575862363,0,0,0.8308294426605012,0,0,0.026601614925735095,3.201814182288821
45,wg,projected,105,11,1.3315040983706352,0,0,1.2694237193612543,0,0,0.062080379009380904,4.890437925692641
45,wg,projected,105,12,1.618898418021384,0,0,1.5071587524158685,0,0,0.1117396656055154,7.4139280567760135
45,wg,projected,105,13,1.8987080137979209,0,0,1.7244028188661646,0,0,0.17430519493175622,10.10814834125393
45,wg,projected,105,14,1.823804845766136,0,0,1.6563826471808891,0,0,0.16742219858524687,10.10770058900304
45,wg,projected,105,15,2.166860338550236,0,0,1.914671366724867,0,0,0.25218897182536915,13.171397254284422
45,wg,projected,105,16,1.5555506857255008,0,0,1.441715732277228,0,0,0.11383495344827277,7.895797409969819
45,wg,projected,267,0,0.9375075930650084,0,0,0.8486609029840949,0,0,0.0888466900809135,10.469044793804837
45,wg,projected,267,1,2.9015372245754336,0,0,2.3300496823289927,0,0,0.5714875422464409,24.52683934512558
45,wg,projected,267,2,1.6134093806400291,0,0,1.4455050333792088,0,0,0.16790434726082037,11.615618305271783
45,wg,projected,267,3,2.467868917613517,0,0,2.0751278359476,0,0,0.3927410816659167,18.92611504999512
45,wg,projected,267,4,1.6957230415648017,0,0,1.511849703811168,0,0,0.18387333775363368,12.162143980986597
45,wg,projected,267,5,0.8787279032813731,0,0,0.8042536386869326,0,0,0.07447426459444051,9.260046956832072
45,wg,projected,267,6,1.431523119368714,0,0,1.3147205062067502,0,0,0.11680261316196372,8.884216273386063
45,wg,projected,267,7,0.850431029370652,0,0,0.7792415945363826,0,0,0.07118943483426932,9.135733427657204
45,wg,projected,267,8,1.2973379183234162,0,0,1.2010236742826643,0,0,0.09631424404075184,8.019346004838535
45,wg,projected,267,9,0.8949859281572515,0,0,0.826957410982471,0,0,0.06802851717478053,8.22636284182506
45,wg,projected,267,10,0.8736682309975055,0,0,0.8050512637330821,0,0,0.06861696726442335,8.523304087026881
45,wg,projected,267,11,1.3408862766032332,0,0,1.2338996526418011,0,0,0.1069866239614321,8.67060978033115
45,wg,projected,267,12,1.6368058192349872,0,0,1.4655577282228327,0,0,0.17124809101215455,11.684841048179912
45,wg,projected,267,13,1.901427261327651,0,0,1.6769192509494109,0,0,0.2245080103782402,13.388122907595696
45,wg,projected,267,14,1.8260175599542756,0,0,1.6090531932622618,0,0,0.2169643666920138,13.483977260697712
45,wg,projected,267,15,2.160565932742323,0,0,1.8605244142429296,0,0,0.3000415184993934,16.126717618026206
45,wg,projected,267,16,1.5817235898674356,0,0,1.411265688451773,0,0,0.17045790141566264,12.078370700180718
46,wg,raw,100,0,0.9787971128223578,0,0,0.8705694474776073,0,0,0.10822766534475048,12.431824440695673
46,wg,raw,100,1,2.6814769128960845,0,0,2.400361367990582,0,0,0.2811155449055023,11.711384321304624
46,wg,raw,100,2,1.625184068828389,0,0,1.479811628403618,0,0,0.14537244042477093,9.82371253438486
46,wg,raw,100,3,2.368275983576381,0,0,2.1304934721188347,0,0,0.23778251145754625,11.160912463208112
46,wg,raw,100,4,1.6973033333743888,0,0,1.555612412679469,0,0,0.14169092069491973,9.108369124598577
46,wg,raw,100,5,0.9290701293741244,0,0,0.8279395075780194,0,0,0.10113062179610499,12.214735602114642
46,wg,raw,100,6,1.4607094055947054,0,0,1.3534292756835282,0,0,0.10728012991117719,7.926541256246806
46,wg,raw,100,7,0.9051381650708265,0,0,0.8032922580485785,0,0,0.10184590702224794,12.67856200552214
46,wg,raw,100,8,1.3341221184426175,0,0,1.23610179258524,0,0,0.09802032585737752,7.929794006072373
46,wg,raw,100,9,0.953122792402523,0,0,0.8531104317613608,0,0,0.10001236064116215,11.72326077817068
46,wg,raw,100,10,0.9315117221845328,0,0,0.8304233125305677,0,0,0.10108840965396515,12.17311799037965
46,wg,raw,100,11,1.3727617056463146,0,0,1.269062288020365,0,0,0.10369941762594959,8.17134183285143
46,wg,raw,100,12,1.6464956288209946,0,0,1.5061100476003682,0,0,0.1403855812206265,9.321070624573409
46,wg,raw,100,13,1.886440724263995,0,0,1.7221864724778555,0,0,0.1642542517861394,9.537541631587251
46,wg,raw,100,14,1.8152809417719564,0,0,1.654075171359246,0,0,0.16120577041271034,9.745976071948322
46,wg,raw,100,15,2.114070924991133,0,0,1.9107737434256789,0,0,0.20329718156545407,10.639521411937462
46,wg,raw,100,16,1.5903661000432774,0,0,1.441565944994005,0,0,0.14880015504927235,10.322119190315027
46,wg,raw,105,0,0.9763587304374366,0,0,0.8707517961563219,0,0,0.10560693428111467,12.128247653037922
46,wg,raw,105,1,2.669321736488228,0,0,2.381749916433628,0,0,0.2875718200545996,12.073972085415345
46,wg,raw,105,2,1.6318591283261934,0,0,1.480172433946151,0,0,0.15168669438004234,10.247906993892897
46,wg,raw,105,3,2.380476092480803,0,0,2.1290737926426564,0,0,0.25140229983814644,11.808059481400125
46,wg,raw,105,4,1.7167817755191128,0,0,1.5568437357506988,0,0,0.15993803976841403,10.273223708691166
46,wg,raw,105,5,0.9267766853668058,0,0,0.8280109521617258,0,0,0.09876573320507998,11.928070872399427
46,wg,raw,105,6,1.476335866911672,0,0,1.3539876946049323,0,0,0.12234817230673967,9.036136206720736
46,wg,raw,105,7,0.9027326944962744,0,0,0.8039050417211643,0,0,0.09882765277511008,12.293448559984103
46,wg,raw,105,8,1.344642317467271,0,0,1.23644667562746,0,0,0.10819564183981112,8.750530368396602
46,wg,raw,105,9,0.9512276467294166,0,0,0.8534526698151408,0,0,0.09777497691427584,11.456402958520718
46,wg,raw,105,10,0.92927548876547,0,0,0.8308294426605012,0,0,0.09844604610496877,11.849128238609667
46,wg,raw,105,11,1.382137753337842,0,0,1.2694237193612543,0,0,0.11271403397658775,8.879149826608167
46,wg,raw,105,12,1.6639831867910055,0,0,1.5071587524158685,0,0,0.15682443437513705,10.405302966509574
46,wg,raw,105,13,1.9083795418062723,0,0,1.7244028188661646,0,0,0.1839767229401077,10.669010797667141
46,wg,raw,105,14,1.8363905932370592,0,0,1.6563826471808891,0,0,0.1800079460561701,10.867533921738309
46,wg,raw,105,15,2.136707361511028,0,0,1.914671366724867,0,0,0.2220359947861612,11.596559004585938
46,wg,raw,105,16,1.5929759647261312,0,0,1.441715732277228,0,0,0.1512602324489032,10.491682171629193
46,wg,raw,267,0,0.990155253895388,0,0,0.8486609029840949,0,0,0.14149435091129314,16.6726604717815
46,wg,raw,267,1,2.7479647171977173,0,0,2.3300496823289927,0,0,0.4179150348687246,17.9358851460626
46,wg,raw,267,2,1.663341607458916,0,0,1.4455050333792088,0,0,0.21783657407970725,15.069928436739021
46,wg,raw,267,3,2.4447000695407057,0,0,2.0751278359476,0,0,0.36957223359310554,17.809612843651227
46,wg,raw,267,4,1.7573359568312348,0,0,1.511849703811168,0,0,0.24548625302006677,16.23747733661813
46,wg,raw,267,5,0.9370482899706342,0,0,0.8042536386869326,0,0,0.1327946512837016,16.511538760397684
46,wg,raw,267,6,1.504874813429342,0,0,1.3147205062067502,0,0,0.19015430722259175,14.463477699243287
46,wg,raw,267,7,0.9100995999103852,0,0,0.7792415945363826,0,0,0.1308580053740026,16.79299543190554
46,wg,raw,267,8,1.363274657148544,0,0,1.2010236742826643,0,0,0.16225098286587958,13.50939089213102
46,wg,raw,267,9,0.95710246282952,0,0,0.826957410982471,0,0,0.13014505184704905,15.737817947895232
46,wg,raw,267,10,0.9349418415992266,0,0,0.8050512637330821,0,0,0.12989057786614444,16.134448042952226
46,wg,raw,267,11,1.4026889474078077,0,0,1.2338996526418011,0,0,0.16878929476600657,13.679337246317047
46,wg,raw,267,12,1.7037055139336317,0,0,1.4655577282228327,0,0,0.23814778571079898,16.249635283871225
46,wg,raw,267,13,1.9557280522243945,0,0,1.6769192509494109,0,0,0.27880880127498364,16.626250853589536
46,wg,raw,267,14,1.8825074450228032,0,0,1.6090531932622618,0,0,0.2734542517605414,16.99473037346446
46,wg,raw,267,15,2.193893695056993,0,0,1.8605244142429296,0,0,0.33336928081406336,17.918027748628894
46,wg,raw,267,16,1.6206823107915351,0,0,1.411265688451773,0,0,0.20941662233976222,14.838922539773671
46,wg,projected,100,0,0.9787971128223578,0,0,0.8705694474776073,0,0,0.10822766534475048,12.431824440695673
46,wg,projected,100,1,2.6814769128960845,0,0,2.400361367990582,0,0,0.2811155449055023,11.711384321304624
46,wg,projected,100,2,1.625184068828389,0,0,1.479811628403618,0,0,0.14537244042477093,9.82371253438486
46,wg,projected,100,3,2.368275983576381,0,0,2.1304934721188347,0,0,0.23778251145754625,11.160912463208112
46,wg,projected,100,4,1.6973033333743888,0,0,1.555612412679469,0,0,0.14169092069491973,9.108369124598577
46,wg,projected,100,5,0.9290701293741244,0,0,0.8279395075780194,0,0,0.10113062179610499,12.214735602114642
46,wg,projected,100,6,1.4607094055947054,0,0,1.3534292756835282,0,0,0.10728012991117719,7.926541256246806
46,wg,projected,100,7,0.9051381650708265,0,0,0.8032922580485785,0,0,0.10184590702224794,12.67856200552214
46,wg,projected,100,8,1.3341221184426175,0,0,1.23610179258524,0,0,0.09802032585737752,7.929794006072373
46,wg,projected,100,9,0.953122792402523,0,0,0.8531104317613608,0,0,0.10001236064116215,11.72326077817068
46,wg,projected,100,10,0.9315117221845328,0,0,0.8304233125305677,0,0,0.10108840965396515,12.17311799037965
46,wg,projected,100,11,1.3727617056463146,0,0,1.269062288020365,0,0,0.10369941762594959,8.17134183285143
46,wg,projected,100,12,1.6464956288209946,0,0,1.5061100476003682,0,0,0.1403855812206265,9.321070624573409
46,wg,projected,100,13,1.886440724263995,0,0,1.7221864724778555,0,0,0.1642542517861394,9.537541631587251
46,wg,projected,100,14,1.8152809417719564,0,0,1.654075171359246,0,0,0.16120577041271034,9.745976071948322
46,wg,projected,100,15,2.114070924991133,0,0,1.9107737434256789,0,0,0.20329718156545407,10.639521411937462
46,wg,projected,100,16,1.5903661000432774,0,0,1.441565944994005,0,0,0.14880015504927235,10.322119190315027
46,wg,projected,105,0,0.9763587304374366,0,0,0.8707517961563219,0,0,0.10560693428111467,12.128247653037922
46,wg,projected,105,1,2.669321736488228,0,0,2.381749916433628,0,0,0.2875718200545996,12.073972085415345
46,wg,projected,105,2,1.6318591283261934,0,0,1.480172433946151,0,0,0.15168669438004234,10.247906993892897
46,wg,projected,105,3,2.380476092480803,0,0,2.1290737926426564,0,0,0.25140229983814644,11.808059481400125
46,wg,projected,105,4,1.7167817755191128,0,0,1.5568437357506988,0,0,0.15993803976841403,10.273223708691166
46,wg,projected,105,5,0.9267766853668058,0,0,0.8280109521617258,0,0,0.09876573320507998,11.928070872399427
46,wg,projected,105,6,1.476335866911672,0,0,1.3539876946049323,0,0,0.12234817230673967,9.036136206720736
46,wg,projected,105,7,0.9027326944962744,0,0,0.8039050417211643,0,0,0.09882765277511008,12.293448559984103
46,wg,projected,105,8,1.344642317467271,0,0,1.23644667562746,0,0,0.10819564183981112,8.750530368396602
46,wg,projected,105,9,0.9512276467294166,0,0,0.8534526698151408,0,0,0.09777497691427584,11.456402958520718
46,wg,projected,105,10,0.92927548876547,0,0,0.8308294426605012,0,0,0.09844604610496877,11.849128238609667
46,wg,projected,105,11,1.382137753337842,0,0,1.2694237193612543,0,0,0.11271403397658775,8.879149826608167
46,wg,projected,105,12,1.6639831867910055,0,0,1.5071587524158685,0,0,0.15682443437513705,10.405302966509574
46,wg,projected,105,13,1.9083795418062723,0,0,1.7244028188661646,0,0,0.1839767229401077,10.669010797667141
46,wg,projected,105,14,1.8363905932370592,0,0,1.6563826471808891,0,0,0.1800079460561701,10.867533921738309
46,wg,projected,105,15,2.136707361511028,0,0,1.914671366724867,0,0,0.2220359947861612,11.596559004585938
46,wg,projected,105,16,1.5929759647261312,0,0,1.441715732277228,0,0,0.1512602324489032,10.491682171629193
46,wg,projected,267,0,0.990155253895388,0,0,0.8486609029840949,0,0,0.14149435091129314,16.6726604717815
46,wg,projected,267,1,2.7479647171977173,0,0,2.3300496823289927,0,0,0.4179150348687246,17.9358851460626
46,wg,projected,267,2,1.663341607458916,0,0,1.4455050333792088,0,0,0.21783657407970725,15.069928436739021
46,wg,projected,267,3,2.4447000695407057,0,0,2.0751278359476,0,0,0.36957223359310554,17.809612843651227
46,wg,projected,267,4,1.7573359568312348,0,0,1.511849703811168,0,0,0.24548625302006677,16.23747733661813
46,wg,projected,267,5,0.9370482899706342,0,0,0.8042536386869326,0,0,0.1327946512837016,16.511538760397684
46,wg,projected,267,6,1.504874813429342,0,0,1.3147205062067502,0,0,0.19015430722259175,14.463477699243287
46,wg,projected,267,7,0.9100995999103852,0,0,0.7792415945363826,0,0,0.1308580053740026,16.79299543190554
46,wg,projected,267,8,1.363274657148544,0,0,1.2010236742826643,0,0,0.16225098286587958,13.50939089213102
46,wg,projected,267,9,0.95710246282952,0,0,0.826957410982471,0,0,0.13014505184704905,15.737817947895232
46,wg,projected,267,10,0.9349418415992266,0,0,0.8050512637330821,0,0,0.12989057786614444,16.134448042952226
46,wg,projected,267,11,1.4026889474078077,0,0,1.2338996526418011,0,0,0.16878929476600657,13.679337246317047
46,wg,projected,267,12,1.7037055139336317,0,0,1.4655577282228327,0,0,0.23814778571079898,16.249635283871225
46,wg,projected,267,13,1.9557280522243945,0,0,1.6769192509494109,0,0,0.27880880127498364,16.626250853589536
46,wg,projected,267,14,1.8825074450228032,0,0,1.6090531932622618,0,0,0.2734542517605414,16.99473037346446
46,wg,projected,267,15,2.193893695056993,0,0,1.8605244142429296,0,0,0.33336928081406336,17.918027748628894
46,wg,projected,267,16,1.6206823107915351,0,0,1.411265688451773,0,0,0.20941662233976222,14.838922539773671
42,concat,raw,100,0,0.8819588027153799,0,0,0.8705694474776073,0,0,0.011389355237772514,1.3082649834280418
42,concat,raw,100,1,2.53129509703688,0,0,2.400361367990582,0,0,0.13093372904629774,5.454750721800963
42,concat,raw,100,2,1.5233070464548448,0,0,1.479811628403618,0,0,0.04349541805122681,2.9392537006989548
42,concat,raw,100,3,2.23753299187763,0,0,2.1304934721188347,0,0,0.10703951975879544,5.024165582274311
42,concat,raw,100,4,1.6039116355584653,0,0,1.555612412679469,0,0,0.04829922287899624,3.1048365573146275
42,concat,raw,100,5,0.8388800774115498,0,0,0.8279395075780194,0,0,0.010940569833530422,1.3214214001618299
42,concat,raw,100,6,1.3780903762824237,0,0,1.3534292756835282,0,0,0.02466110059889548,1.8221196365388785
42,concat,raw,100,7,0.8129283836744008,0,0,0.8032922580485785,0,0,0.009636125625822278,1.1995790485060969
42,concat,raw,100,8,1.2539057243354097,0,0,1.23610179258524,0,0,0.0178039317501697,1.4403289322098416
42,concat,raw,100,9,0.8617914408193915,0,0,0.8531104317613608,0,0,0.008681009058030709,1.0175715516814865
42,concat,raw,100,10,0.8391440625778863,0,0,0.8304233125305677,0,0,0.008720750047318648,1.0501571807688912
42,concat,raw,100,11,1.2916553101247763,0,0,1.269062288020365,0,0,0.022593022104411276,1.7802926079896813
42,concat,raw,100,12,1.551394316653099,0,0,1.5061100476003682,0,0,0.04528426905273086,3.006703867680897
42,concat,raw,100,13,1.782917367735091,0,0,1.7221864724778555,0,0,0.06073089525723541,3.5263832475618466
42,concat,raw,100,14,1.7129860892930124,0,0,1.654075171359246,0,0,0.05891091793376635,3.5615623131176046
42,concat,raw,100,15,1.9976401452577672,0,0,1.9107737434256789,0,0,0.08686640183208838,4.546137507434674
42,concat,raw,100,16,1.484554957582466,0,0,1.441565944994005,0,0,0.042989012588460884,2.9821051709597413
42,concat,raw,105,0,0.8810287651286514,0,0,0.8707517961563219,0,0,0.010276968972329437,1.1802409156885003
42,concat,raw,105,1,2.5122343996033223,0,0,2.381749916433628,0,0,0.13048448316969408,5.478513183494858
42,concat,raw,105,2,1.5203858414973763,0,0,1.480172433946151,0,0,0.040213407551225266,2.71680559838667
42,concat,raw,105,3,2.225476916332212,0,0,2.1290737926426564,0,0,0.0964031236895555,4.5279371726189765
42,concat,raw,105,4,1.600313197759136,0,0,1.5568437357506988,0,0,0.043469462008437265,2.7921531885457087
42,concat,raw,105,5,0.8377075312498524,0,0,0.8280109521617258,0,0,0.0096965790881266,1.1710689409133177
42,concat,raw,105,6,1.3760145347462134,0,0,1.3539876946049323,0,0,0.02202684014128109,1.6268124318299733
42,concat,raw,105,7,0.8118852369496173,0,0,0.8039050417211643,0,0,0.007980195228453058,0.9926788382079833
42,concat,raw,105,8,1.2524520943821364,0,0,1.23644667562746,0,0,0.016005418754676537,1.294468986829073
42,concat,raw,105,9,0.8607513084895707,0,0,0.8534526698151408,0,0,0.007298638674429925,0.8551896235805111
42,concat,raw,105,10,0.8380942335398,0,0,0.8308294426605012,0,0,0.007264790879298766,0.8744021945148315
42,concat,raw,105,11,1.2898551470632096,0,0,1.2694237193612543,0,0,0.020431427701955274,1.6095041703046098
42,concat,raw,105,12,1.5484374959100655,0,0,1.5071587524158685,0,0,0.04127874349419702,2.738845090341686
42,concat,raw,105,13,1.7783659121581643,0,0,1.7244028188661646,0,0,0.053963093291999664,3.1293786290306382
42,concat,raw,105,14,1.7086472422744237,0,0,1.6563826471808891,0,0,0.05226459509353454,3.1553454862913
42,concat,raw,105,15,1.990218954827944,0,0,1.914671366724867,0,0,0.07554758810307716,3.9457208905936043
42,concat,raw,105,16,1.481855350576007,0,0,1.441715732277228,0,0,0.04013961829877899,2.7841562244297218
42,concat,raw,267,0,0.8990734714942353,0,0,0.8486609029840949,0,0,0.05041256851014042,5.940248729837531
42,concat,raw,267,1,2.4348873577724,0,0,2.3300496823289927,0,0,0.10483767544340727,4.4993751094018375
42,concat,raw,267,2,1.5044814489087606,0,0,1.4455050333792088,0,0,0.058976415529551796,4.079986867405125
42,concat,raw,267,3,2.1643753431415047,0,0,2.0751278359476,0,0,0.08924750719390451,4.300819720494469
42,concat,raw,267,4,1.5751981370753527,0,0,1.511849703811168,0,0,0.06334843326418471,4.190127702806166
42,concat,raw,267,5,0.8505261912655009,0,0,0.8042536386869326,0,0,0.04627255257856833,5.753477553936264
42,concat,raw,267,6,1.3664434518856503,0,0,1.3147205062067502,0,0,0.05172294567890012,3.9341400270793585
42,concat,raw,267,7,0.8253265428591816,0,0,0.7792415945363826,0,0,0.04608494832279897,5.9140770520877615
42,concat,raw,267,8,1.2479915135030222,0,0,1.2010236742826643,0,0,0.046967839220357854,3.9106505746783338
42,concat,raw,267,9,0.8715735872540449,0,0,0.826957410982471,0,0,0.04461617627157388,5.39522056142739
42,concat,raw,267,10,0.8501451963376547,0,0,0.8050512637330821,0,0,0.04509393260457262,5.601374053556382
42,concat,raw,267,11,1.283104054139035,0,0,1.2338996526418011,0,0,0.04920440149723393,3.9877149970734194
42,concat,raw,267,12,1.5271472223379023,0,0,1.4655577282228327,0,0,0.06158949411506964,4.202461146976066
42,concat,raw,267,13,1.745814078628379,0,0,1.6769192509494109,0,0,0.06889482767896804,4.108416528700609
42,concat,raw,267,14,1.6779829879056452,0,0,1.6090531932622618,0,0,0.06892979464338334,4.2838729590805
42,concat,raw,267,15,1.941959067848986,0,0,1.8605244142429296,0,0,0.0814346536060564,4.37697312556864
42,concat,raw,267,16,1.4709272874059454,0,0,1.411265688451773,0,0,0.059661598954172446,4.227524231785449
42,concat,projected,100,0,0.8819588027153799,0,0,0.8705694474776073,0,0,0.011389355237772514,1.3082649834280418
42,concat,projected,100,1,2.53129509703688,0,0,2.400361367990582,0,0,0.13093372904629774,5.454750721800963
42,concat,projected,100,2,1.5233070464548448,0,0,1.479811628403618,0,0,0.04349541805122681,2.9392537006989548
42,concat,projected,100,3,2.23753299187763,0,0,2.1304934721188347,0,0,0.10703951975879544,5.024165582274311
42,concat,projected,100,4,1.6039116355584653,0,0,1.555612412679469,0,0,0.04829922287899624,3.1048365573146275
42,concat,projected,100,5,0.8388800774115498,0,0,0.8279395075780194,0,0,0.010940569833530422,1.3214214001618299
42,concat,projected,100,6,1.3780903762824237,0,0,1.3534292756835282,0,0,0.02466110059889548,1.8221196365388785
42,concat,projected,100,7,0.8129283836744008,0,0,0.8032922580485785,0,0,0.009636125625822278,1.1995790485060969
42,concat,projected,100,8,1.2539057243354097,0,0,1.23610179258524,0,0,0.0178039317501697,1.4403289322098416
42,concat,projected,100,9,0.8617914408193915,0,0,0.8531104317613608,0,0,0.008681009058030709,1.0175715516814865
42,concat,projected,100,10,0.8391440625778863,0,0,0.8304233125305677,0,0,0.008720750047318648,1.0501571807688912
42,concat,projected,100,11,1.2916553101247763,0,0,1.269062288020365,0,0,0.022593022104411276,1.7802926079896813
42,concat,projected,100,12,1.551394316653099,0,0,1.5061100476003682,0,0,0.04528426905273086,3.006703867680897
42,concat,projected,100,13,1.782917367735091,0,0,1.7221864724778555,0,0,0.06073089525723541,3.5263832475618466
42,concat,projected,100,14,1.7129860892930124,0,0,1.654075171359246,0,0,0.05891091793376635,3.5615623131176046
42,concat,projected,100,15,1.9976401452577672,0,0,1.9107737434256789,0,0,0.08686640183208838,4.546137507434674
42,concat,projected,100,16,1.484554957582466,0,0,1.441565944994005,0,0,0.042989012588460884,2.9821051709597413
42,concat,projected,105,0,0.8810287651286514,0,0,0.8707517961563219,0,0,0.010276968972329437,1.1802409156885003
42,concat,projected,105,1,2.5122343996033223,0,0,2.381749916433628,0,0,0.13048448316969408,5.478513183494858
42,concat,projected,105,2,1.5203858414973763,0,0,1.480172433946151,0,0,0.040213407551225266,2.71680559838667
42,concat,projected,105,3,2.225476916332212,0,0,2.1290737926426564,0,0,0.0964031236895555,4.5279371726189765
42,concat,projected,105,4,1.600313197759136,0,0,1.5568437357506988,0,0,0.043469462008437265,2.7921531885457087
42,concat,projected,105,5,0.8377075312498524,0,0,0.8280109521617258,0,0,0.0096965790881266,1.1710689409133177
42,concat,projected,105,6,1.3760145347462134,0,0,1.3539876946049323,0,0,0.02202684014128109,1.6268124318299733
42,concat,projected,105,7,0.8118852369496173,0,0,0.8039050417211643,0,0,0.007980195228453058,0.9926788382079833
42,concat,projected,105,8,1.2524520943821364,0,0,1.23644667562746,0,0,0.016005418754676537,1.294468986829073
42,concat,projected,105,9,0.8607513084895707,0,0,0.8534526698151408,0,0,0.007298638674429925,0.8551896235805111
42,concat,projected,105,10,0.8380942335398,0,0,0.8308294426605012,0,0,0.007264790879298766,0.8744021945148315
42,concat,projected,105,11,1.2898551470632096,0,0,1.2694237193612543,0,0,0.020431427701955274,1.6095041703046098
42,concat,projected,105,12,1.5484374959100655,0,0,1.5071587524158685,0,0,0.04127874349419702,2.738845090341686
42,concat,projected,105,13,1.7783659121581643,0,0,1.7244028188661646,0,0,0.053963093291999664,3.1293786290306382
42,concat,projected,105,14,1.7086472422744237,0,0,1.6563826471808891,0,0,0.05226459509353454,3.1553454862913
42,concat,projected,105,15,1.990218954827944,0,0,1.914671366724867,0,0,0.07554758810307716,3.9457208905936043
42,concat,projected,105,16,1.481855350576007,0,0,1.441715732277228,0,0,0.04013961829877899,2.7841562244297218
42,concat,projected,267,0,0.8990734714942353,0,0,0.8486609029840949,0,0,0.05041256851014042,5.940248729837531
42,concat,projected,267,1,2.4348873577724,0,0,2.3300496823289927,0,0,0.10483767544340727,4.4993751094018375
42,concat,projected,267,2,1.5044814489087606,0,0,1.4455050333792088,0,0,0.058976415529551796,4.079986867405125
42,concat,projected,267,3,2.1643753431415047,0,0,2.0751278359476,0,0,0.08924750719390451,4.300819720494469
42,concat,projected,267,4,1.5751981370753527,0,0,1.511849703811168,0,0,0.06334843326418471,4.190127702806166
42,concat,projected,267,5,0.8505261912655009,0,0,0.8042536386869326,0,0,0.04627255257856833,5.753477553936264
42,concat,projected,267,6,1.3664434518856503,0,0,1.3147205062067502,0,0,0.05172294567890012,3.9341400270793585
42,concat,projected,267,7,0.8253265428591816,0,0,0.7792415945363826,0,0,0.04608494832279897,5.9140770520877615
42,concat,projected,267,8,1.2479915135030222,0,0,1.2010236742826643,0,0,0.046967839220357854,3.9106505746783338
42,concat,projected,267,9,0.8715735872540449,0,0,0.826957410982471,0,0,0.04461617627157388,5.39522056142739
42,concat,projected,267,10,0.8501451963376547,0,0,0.8050512637330821,0,0,0.04509393260457262,5.601374053556382
42,concat,projected,267,11,1.283104054139035,0,0,1.2338996526418011,0,0,0.04920440149723393,3.9877149970734194
42,concat,projected,267,12,1.5271472223379023,0,0,1.4655577282228327,0,0,0.06158949411506964,4.202461146976066
42,concat,projected,267,13,1.745814078628379,0,0,1.6769192509494109,0,0,0.06889482767896804,4.108416528700609
42,concat,projected,267,14,1.6779829879056452,0,0,1.6090531932622618,0,0,0.06892979464338334,4.2838729590805
42,concat,projected,267,15,1.941959067848986,0,0,1.8605244142429296,0,0,0.0814346536060564,4.37697312556864
42,concat,projected,267,16,1.4709272874059454,0,0,1.411265688451773,0,0,0.059661598954172446,4.227524231785449
43,concat,raw,100,0,0.8813464466434859,0,0,0.8705694474776073,0,0,0.010776999165878598,1.2379252680075017
43,concat,raw,100,1,2.5113879266022767,0,0,2.400361367990582,0,0,0.11102655861169453,4.62541016083084
43,concat,raw,100,2,1.5120203708777036,0,0,1.479811628403618,0,0,0.03220874247408556,2.1765434097062415
43,concat,raw,100,3,2.2079833760928165,0,0,2.1304934721188347,0,0,0.07748990397398181,3.637181009379764
43,concat,raw,100,4,1.5899478544333498,0,0,1.555612412679469,0,0,0.03433544175388081,2.207197723161622
43,concat,raw,100,5,0.8387566450438516,0,0,0.8279395075780194,0,0,0.010817137465832238,1.3065130201934354
43,concat,raw,100,6,1.3704184249633624,0,0,1.3534292756835282,0,0,0.016989149279834193,1.255266868027078
43,concat,raw,100,7,0.8130375987905722,0,0,0.8032922580485785,0,0,0.009745340741993735,1.213174986357754
43,concat,raw,100,8,1.2505717982939115,0,0,1.23610179258524,0,0,0.014470005708671518,1.1706160281839155
43,concat,raw,100,9,0.8624657404524245,0,0,0.8531104317613608,0,0,0.009355308691063713,1.096611686220789
43,concat,raw,100,10,0.8397418852927868,0,0,0.8304233125305677,0,0,0.009318572762219146,1.1221472978428857
43,concat,raw,100,11,1.286845695863515,0,0,1.269062288020365,0,0,0.017783407843150023,1.4013029944251758
43,concat,raw,100,12,1.5374354643460435,0,0,1.5061100476003682,0,0,0.03132541674567535,2.079888969307723
43,concat,raw,100,13,1.7635400768317333,0,0,1.7221864724778555,0,0,0.041353604353877804,2.4012268714652527
43,concat,raw,100,14,1.6960851896892006,0,0,1.654075171359246,0,0,0.042010018329954546,2.539788944140463
43,concat,raw,100,15,1.969114137519785,0,0,1.9107737434256789,0,0,0.058340394094106074,3.0532340259978703
43,concat,raw,100,16,1.4744815889892968,0,0,1.441565944994005,0,0,0.03291564399529179,2.2833255814342004
43,concat,raw,105,0,0.8812488116319924,0,0,0.8707517961563219,0,0,0.010497015475670501,1.205511779821356
43,concat,raw,105,1,2.494018510627071,0,0,2.381749916433628,0,0,0.1122685941934427,4.71370203138501
43,concat,raw,105,2,1.510534415247362,0,0,1.480172433946151,0,0,0.03036198130121104,2.0512462335395454
43,concat,raw,105,3,2.1993526764899927,0,0,2.1290737926426564,0,0,0.07027888384733627,3.300913481260998
43,concat,raw,105,4,1.5888653023049388,0,0,1.5568437357506988,0,0,0.032021566554240044,2.056825988306365
43,concat,raw,105,5,0.8391655750862115,0,0,0.8280109521617258,0,0,0.011154622924485658,1.3471588624961754
43,concat,raw,105,6,1.3709925038150828,0,0,1.3539876946049323,0,0,0.017004809210150462,1.2559057425637934
43,concat,raw,105,7,0.8136357005057081,0,0,0.8039050417211643,0,0,0.009730658784543822,1.2104239032647983
43,concat,raw,105,8,1.251119465936089,0,0,1.23644667562746,0,0,0.014672790308629002,1.1866901013893703
43,concat,raw,105,9,0.8629908465330999,0,0,0.8534526698151408,0,0,0.00953817671795909,1.1175987908064164
43,concat,raw,105,10,0.8403570915386886,0,0,0.8308294426605012,0,0,0.009527648878187467,1.1467635099302464
43,concat,raw,105,11,1.2870112702916172,0,0,1.2694237193612543,0,0,0.017587550930362905,1.3854752091139881
43,concat,raw,105,12,1.536554028715812,0,0,1.5071587524158685,0,0,0.02939527629994343,1.9503769097200203
43,concat,raw,105,13,1.7614644976878957,0,0,1.7244028188661646,0,0,0.03706167882173106,2.1492471721949507
43,concat,raw,105,14,1.6940946303856577,0,0,1.6563826471808891,0,0,0.03771198320476854,2.276767585615144
43,concat,raw,105,15,1.9644909727220776,0,0,1.914671366724867,0,0,0.04981960599721069,2.60199253318492
43,concat,raw,105,16,1.4726913737629534,0,0,1.441715732277228,0,0,0.030975641485725403,2.148526286579294
43,concat,raw,267,0,0.8745868601770439,0,0,0.8486609029840949,0,0,0.02592595719294899,3.054925365571469
43,concat,raw,267,1,2.4132296899302945,0,0,2.3300496823289927,0,0,0.08318000760130184,3.5698812876023984
43,concat,raw,267,2,1.479769908953534,0,0,1.4455050333792088,0,0,0.03426487557432534,2.370443186505073
43,concat,raw,267,3,2.1407987303959795,0,0,2.0751278359476,0,0,0.06567089444837926,3.164667415219307
43,concat,raw,267,4,1.551970408478391,0,0,1.511849703811168,0,0,0.04012070466722295,2.6537495470670196
43,concat,raw,267,5,0.8288874230509232,0,0,0.8042536386869326,0,0,0.024633784363990663,3.062937259968024
43,concat,raw,267,6,1.34100902437922,0,0,1.3147205062067502,0,0,0.02628851817246991,1.999551847587584
43,concat,raw,267,7,0.8033464643422344,0,0,0.7792415945363826,0,0,0.024104869805851803,3.093375658443031
43,concat,raw,267,8,1.2248460375601875,0,0,1.2010236742826643,0,0,0.023822363277523184,1.9835048873413401
43,concat,raw,267,9,0.8507148250269507,0,0,0.826957410982471,0,0,0.02375741404447973,2.872870323062298
43,concat,raw,267,10,0.8289238230211877,0,0,0.8050512637330821,0,0,0.02387255928810561,2.965346477118338
43,concat,raw,267,11,1.2607444449338188,0,0,1.2338996526418011,0,0,0.02684479229201764,2.1756057905148496
43,concat,raw,267,12,1.5025060429529822,0,0,1.4655577282228327,0,0,0.03694831473014948,2.5211094737942403
43,concat,raw,267,13,1.7219660022901904,0,0,1.6769192509494109,0,0,0.04504675134077951,2.68628029139004
43,concat,raw,267,14,1.6544255902631129,0,0,1.6090531932622618,0,0,0.04537239700085105,2.8198195802875325
43,concat,raw,267,15,1.919184239518131,0,0,1.8605244142429296,0,0,0.05865982527520153,3.152865118358091
43,concat,raw,267,16,1.445974498494013,0,0,1.411265688451773,0,0,0.034708810042240135,2.4594100406648014
43,concat,projected,100,0,0.8813464466434859,0,0,0.8705694474776073,0,0,0.010776999165878598,1.2379252680075017
43,concat,projected,100,1,2.5113879266022767,0,0,2.400361367990582,0,0,0.11102655861169453,4.62541016083084
43,concat,projected,100,2,1.5120203708777036,0,0,1.479811628403618,0,0,0.03220874247408556,2.1765434097062415
43,concat,projected,100,3,2.2079833760928165,0,0,2.1304934721188347,0,0,0.07748990397398181,3.637181009379764
43,concat,projected,100,4,1.5899478544333498,0,0,1.555612412679469,0,0,0.03433544175388081,2.207197723161622
43,concat,projected,100,5,0.8387566450438516,0,0,0.8279395075780194,0,0,0.010817137465832238,1.3065130201934354
43,concat,projected,100,6,1.3704184249633624,0,0,1.3534292756835282,0,0,0.016989149279834193,1.255266868027078
43,concat,projected,100,7,0.8130375987905722,0,0,0.8032922580485785,0,0,0.009745340741993735,1.213174986357754
43,concat,projected,100,8,1.2505717982939115,0,0,1.23610179258524,0,0,0.014470005708671518,1.1706160281839155
43,concat,projected,100,9,0.8624657404524245,0,0,0.8531104317613608,0,0,0.009355308691063713,1.096611686220789
43,concat,projected,100,10,0.8397418852927868,0,0,0.8304233125305677,0,0,0.009318572762219146,1.1221472978428857
43,concat,projected,100,11,1.286845695863515,0,0,1.269062288020365,0,0,0.017783407843150023,1.4013029944251758
43,concat,projected,100,12,1.5374354643460435,0,0,1.5061100476003682,0,0,0.03132541674567535,2.079888969307723
43,concat,projected,100,13,1.7635400768317333,0,0,1.7221864724778555,0,0,0.041353604353877804,2.4012268714652527
43,concat,projected,100,14,1.6960851896892006,0,0,1.654075171359246,0,0,0.042010018329954546,2.539788944140463
43,concat,projected,100,15,1.969114137519785,0,0,1.9107737434256789,0,0,0.058340394094106074,3.0532340259978703
43,concat,projected,100,16,1.4744815889892968,0,0,1.441565944994005,0,0,0.03291564399529179,2.2833255814342004
43,concat,projected,105,0,0.8812488116319924,0,0,0.8707517961563219,0,0,0.010497015475670501,1.205511779821356
43,concat,projected,105,1,2.494018510627071,0,0,2.381749916433628,0,0,0.1122685941934427,4.71370203138501
43,concat,projected,105,2,1.510534415247362,0,0,1.480172433946151,0,0,0.03036198130121104,2.0512462335395454
43,concat,projected,105,3,2.1993526764899927,0,0,2.1290737926426564,0,0,0.07027888384733627,3.300913481260998
43,concat,projected,105,4,1.5888653023049388,0,0,1.5568437357506988,0,0,0.032021566554240044,2.056825988306365
43,concat,projected,105,5,0.8391655750862115,0,0,0.8280109521617258,0,0,0.011154622924485658,1.3471588624961754
43,concat,projected,105,6,1.3709925038150828,0,0,1.3539876946049323,0,0,0.017004809210150462,1.2559057425637934
43,concat,projected,105,7,0.8136357005057081,0,0,0.8039050417211643,0,0,0.009730658784543822,1.2104239032647983
43,concat,projected,105,8,1.251119465936089,0,0,1.23644667562746,0,0,0.014672790308629002,1.1866901013893703
43,concat,projected,105,9,0.8629908465330999,0,0,0.8534526698151408,0,0,0.00953817671795909,1.1175987908064164
43,concat,projected,105,10,0.8403570915386886,0,0,0.8308294426605012,0,0,0.009527648878187467,1.1467635099302464
43,concat,projected,105,11,1.2870112702916172,0,0,1.2694237193612543,0,0,0.017587550930362905,1.3854752091139881
43,concat,projected,105,12,1.536554028715812,0,0,1.5071587524158685,0,0,0.02939527629994343,1.9503769097200203
43,concat,projected,105,13,1.7614644976878957,0,0,1.7244028188661646,0,0,0.03706167882173106,2.1492471721949507
43,concat,projected,105,14,1.6940946303856577,0,0,1.6563826471808891,0,0,0.03771198320476854,2.276767585615144
43,concat,projected,105,15,1.9644909727220776,0,0,1.914671366724867,0,0,0.04981960599721069,2.60199253318492
43,concat,projected,105,16,1.4726913737629534,0,0,1.441715732277228,0,0,0.030975641485725403,2.148526286579294
43,concat,projected,267,0,0.8745868601770439,0,0,0.8486609029840949,0,0,0.02592595719294899,3.054925365571469
43,concat,projected,267,1,2.4132296899302945,0,0,2.3300496823289927,0,0,0.08318000760130184,3.5698812876023984
43,concat,projected,267,2,1.479769908953534,0,0,1.4455050333792088,0,0,0.03426487557432534,2.370443186505073
43,concat,projected,267,3,2.1407987303959795,0,0,2.0751278359476,0,0,0.06567089444837926,3.164667415219307
43,concat,projected,267,4,1.551970408478391,0,0,1.511849703811168,0,0,0.04012070466722295,2.6537495470670196
43,concat,projected,267,5,0.8288874230509232,0,0,0.8042536386869326,0,0,0.024633784363990663,3.062937259968024
43,concat,projected,267,6,1.34100902437922,0,0,1.3147205062067502,0,0,0.02628851817246991,1.999551847587584
43,concat,projected,267,7,0.8033464643422344,0,0,0.7792415945363826,0,0,0.024104869805851803,3.093375658443031
43,concat,projected,267,8,1.2248460375601875,0,0,1.2010236742826643,0,0,0.023822363277523184,1.9835048873413401
43,concat,projected,267,9,0.8507148250269507,0,0,0.826957410982471,0,0,0.02375741404447973,2.872870323062298
43,concat,projected,267,10,0.8289238230211877,0,0,0.8050512637330821,0,0,0.02387255928810561,2.965346477118338
43,concat,projected,267,11,1.2607444449338188,0,0,1.2338996526418011,0,0,0.02684479229201764,2.1756057905148496
43,concat,projected,267,12,1.5025060429529822,0,0,1.4655577282228327,0,0,0.03694831473014948,2.5211094737942403
43,concat,projected,267,13,1.7219660022901904,0,0,1.6769192509494109,0,0,0.04504675134077951,2.68628029139004
43,concat,projected,267,14,1.6544255902631129,0,0,1.6090531932622618,0,0,0.04537239700085105,2.8198195802875325
43,concat,projected,267,15,1.919184239518131,0,0,1.8605244142429296,0,0,0.05865982527520153,3.152865118358091
43,concat,projected,267,16,1.445974498494013,0,0,1.411265688451773,0,0,0.034708810042240135,2.4594100406648014
44,concat,raw,100,0,0.8762484675155677,0,0,0.8705694474776073,0,0,0.005679020037960392,0.6523339469831861
44,concat,raw,100,1,2.53394779666798,0,0,2.400361367990582,0,0,0.13358642867739778,5.565263233228386
44,concat,raw,100,2,1.5257141324191437,0,0,1.479811628403618,0,0,0.04590250401552565,3.101915347498929
44,concat,raw,100,3,2.2362961912931665,0,0,2.1304934721188347,0,0,0.10580271917433182,4.96611327652218
44,concat,raw,100,4,1.6057664376535723,0,0,1.555612412679469,0,0,0.05015402497410326,3.224069476773801
44,concat,raw,100,5,0.8343578333783339,0,0,0.8279395075780194,0,0,0.006418325800314539,0.7752167569693755
44,concat,raw,100,6,1.3757760884213104,0,0,1.3534292756835282,0,0,0.022346812737782162,1.651125266704184
44,concat,raw,100,7,0.8079365444188646,0,0,0.8032922580485785,0,0,0.0046442863702861326,0.5781564958149108
44,concat,raw,100,8,1.2509583722569724,0,0,1.23610179258524,0,0,0.014856579671732373,1.201889663201656
44,concat,raw,100,9,0.8568170509777335,0,0,0.8531104317613608,0,0,0.0037066192163727196,0.4344829319130359
44,concat,raw,100,10,0.8340718306347384,0,0,0.8304233125305677,0,0,0.0036485181041707726,0.4393564160732147
44,concat,raw,100,11,1.2903685141056185,0,0,1.269062288020365,0,0,0.021306226085253455,1.6788952194371367
44,concat,raw,100,12,1.5527442832404863,0,0,1.5061100476003682,0,0,0.04663423564011815,3.0963365336031603
44,concat,raw,100,13,1.7846802700988362,0,0,1.7221864724778555,0,0,0.06249379762098073,3.62874744516287
44,concat,raw,100,14,1.7161010348481471,0,0,1.654075171359246,0,0,0.062025863488901045,3.749881780640654
44,concat,raw,100,15,1.9974898822172544,0,0,1.9107737434256789,0,0,0.08671613879157558,4.538273518250722
44,concat,raw,100,16,1.487316637126717,0,0,1.441565944994005,0,0,0.04575069213271199,3.1736801421805403
44,concat,raw,105,0,0.87631706548998,0,0,0.8707517961563219,0,0,0.005565269333658085,0.6391338333408363
44,concat,raw,105,1,2.525910355913114,0,0,2.381749916433628,0,0,0.14416043947948598,6.052711012386563
44,concat,raw,105,2,1.525608754307995,0,0,1.480172433946151,0,0,0.045436320361843974,3.0696640012887144
44,concat,raw,105,3,2.2398385677617725,0,0,2.1290737926426564,0,0,0.11076477511911609,5.202486428694059
44,concat,raw,105,4,1.607343276167992,0,0,1.5568437357506988,0,0,0.05049954041729321,3.2437128568296996
44,concat,raw,105,5,0.8342139316354358,0,0,0.8280109521617258,0,0,0.0062029794737099575,0.7491422012614153
44,concat,raw,105,6,1.376008492320406,0,0,1.3539876946049323,0,0,0.022020797715473606,1.6263661629435158
44,concat,raw,105,7,0.8079188131665312,0,0,0.8039050417211643,0,0,0.004013771445366965,0.49928427327355257
44,concat,raw,105,8,1.2511424213484563,0,0,1.23644667562746,0,0,0.014695745720996412,1.1885466644599743
44,concat,raw,105,9,0.8568881817614061,0,0,0.8534526698151408,0,0,0.003435511946265346,0.40254276162841973
44,concat,raw,105,10,0.8341400049065096,0,0,0.8308294426605012,0,0,0.0033105622460084527,0.39846472404821065
44,concat,raw,105,11,1.2905481648330217,0,0,1.2694237193612543,0,0,0.021124445471767395,1.664097271035454
44,concat,raw,105,12,1.5531944886055122,0,0,1.5071587524158685,0,0,0.04603573618964374,3.0544716086378902
44,concat,raw,105,13,1.7873303180726183,0,0,1.7244028188661646,0,0,0.06292749920645369,3.649234304072293
44,concat,raw,105,14,1.7183034657241696,0,0,1.6563826471808891,0,0,0.061920818543280465,3.738316061730527
44,concat,raw,105,15,2.002462507687913,0,0,1.914671366724867,0,0,0.08779114096304608,4.585180647121539
44,concat,raw,105,16,1.4877356849600378,0,0,1.441715732277228,0,0,0.046019952682809784,3.19202680892717
44,concat,raw,267,0,0.8734914936881858,0,0,0.8486609029840949,0,0,0.024830590704090882,2.925855381905845
44,concat,raw,267,1,2.471837208368904,0,0,2.3300496823289927,0,0,0.14178752603991152,6.085171793340832
44,concat,raw,267,2,1.490275211686908,0,0,1.4455050333792088,0,0,0.04477017830769925,3.097199751912202
44,concat,raw,267,3,2.18430786097942,0,0,2.0751278359476,0,0,0.10918002503182,5.261363812893161
44,concat,raw,267,4,1.5696073895515328,0,0,1.511849703811168,0,0,0.05775768574036477,3.8203325102201284
44,concat,raw,267,5,0.8277084159304543,0,0,0.8042536386869326,0,0,0.02345477724352174,2.91634083021561
44,concat,raw,267,6,1.347013361583599,0,0,1.3147205062067502,0,0,0.032292855376848895,2.456252505714746
44,concat,raw,267,7,0.8021151688777451,0,0,0.7792415945363826,0,0,0.0228735743413625,2.93536362814043
44,concat,raw,267,8,1.2265703150823626,0,0,1.2010236742826643,0,0,0.02554664079969826,2.1270722090433822
44,concat,raw,267,9,0.8492783777271568,0,0,0.826957410982471,0,0,0.022320966744685755,2.6991676292213422
44,concat,raw,267,10,0.8275592620587798,0,0,0.8050512637330821,0,0,0.02250799832569772,2.7958465925916904
44,concat,raw,267,11,1.2643273172914011,0,0,1.2338996526418011,0,0,0.030427664649600006,2.465975623257032
44,concat,raw,267,12,1.5184548961917397,0,0,1.4655577282228327,0,0,0.05289716796890698,3.609354101189261
44,concat,raw,267,13,1.745279552807086,0,0,1.6769192509494109,0,0,0.06836030185767505,4.076541062962449
44,concat,raw,267,14,1.6768716711850125,0,0,1.6090531932622618,0,0,0.06781847792275064,4.2148064592726495
44,concat,raw,267,15,1.9514764110285396,0,0,1.8605244142429296,0,0,0.09095199678561006,4.888514017302995
44,concat,raw,267,16,1.4561207725104497,0,0,1.411265688451773,0,0,0.044855084058676775,3.178358577390554
44,concat,projected,100,0,0.8762484675155677,0,0,0.8705694474776073,0,0,0.005679020037960392,0.6523339469831861
44,concat,projected,100,1,2.53394779666798,0,0,2.400361367990582,0,0,0.13358642867739778,5.565263233228386
44,concat,projected,100,2,1.5257141324191437,0,0,1.479811628403618,0,0,0.04590250401552565,3.101915347498929
44,concat,projected,100,3,2.2362961912931665,0,0,2.1304934721188347,0,0,0.10580271917433182,4.96611327652218
44,concat,projected,100,4,1.6057664376535723,0,0,1.555612412679469,0,0,0.05015402497410326,3.224069476773801
44,concat,projected,100,5,0.8343578333783339,0,0,0.8279395075780194,0,0,0.006418325800314539,0.7752167569693755
44,concat,projected,100,6,1.3757760884213104,0,0,1.3534292756835282,0,0,0.022346812737782162,1.651125266704184
44,concat,projected,100,7,0.8079365444188646,0,0,0.8032922580485785,0,0,0.0046442863702861326,0.5781564958149108
44,concat,projected,100,8,1.2509583722569724,0,0,1.23610179258524,0,0,0.014856579671732373,1.201889663201656
44,concat,projected,100,9,0.8568170509777335,0,0,0.8531104317613608,0,0,0.0037066192163727196,0.4344829319130359
44,concat,projected,100,10,0.8340718306347384,0,0,0.8304233125305677,0,0,0.0036485181041707726,0.4393564160732147
44,concat,projected,100,11,1.2903685141056185,0,0,1.269062288020365,0,0,0.021306226085253455,1.6788952194371367
44,concat,projected,100,12,1.5527442832404863,0,0,1.5061100476003682,0,0,0.04663423564011815,3.0963365336031603
44,concat,projected,100,13,1.7846802700988362,0,0,1.7221864724778555,0,0,0.06249379762098073,3.62874744516287
44,concat,projected,100,14,1.7161010348481471,0,0,1.654075171359246,0,0,0.062025863488901045,3.749881780640654
44,concat,projected,100,15,1.9974898822172544,0,0,1.9107737434256789,0,0,0.08671613879157558,4.538273518250722
44,concat,projected,100,16,1.487316637126717,0,0,1.441565944994005,0,0,0.04575069213271199,3.1736801421805403
44,concat,projected,105,0,0.87631706548998,0,0,0.8707517961563219,0,0,0.005565269333658085,0.6391338333408363
44,concat,projected,105,1,2.525910355913114,0,0,2.381749916433628,0,0,0.14416043947948598,6.052711012386563
44,concat,projected,105,2,1.525608754307995,0,0,1.480172433946151,0,0,0.045436320361843974,3.0696640012887144
44,concat,projected,105,3,2.2398385677617725,0,0,2.1290737926426564,0,0,0.11076477511911609,5.202486428694059
44,concat,projected,105,4,1.607343276167992,0,0,1.5568437357506988,0,0,0.05049954041729321,3.2437128568296996
44,concat,projected,105,5,0.8342139316354358,0,0,0.8280109521617258,0,0,0.0062029794737099575,0.7491422012614153
44,concat,projected,105,6,1.376008492320406,0,0,1.3539876946049323,0,0,0.022020797715473606,1.6263661629435158
44,concat,projected,105,7,0.8079188131665312,0,0,0.8039050417211643,0,0,0.004013771445366965,0.49928427327355257
44,concat,projected,105,8,1.2511424213484563,0,0,1.23644667562746,0,0,0.014695745720996412,1.1885466644599743
44,concat,projected,105,9,0.8568881817614061,0,0,0.8534526698151408,0,0,0.003435511946265346,0.40254276162841973
44,concat,projected,105,10,0.8341400049065096,0,0,0.8308294426605012,0,0,0.0033105622460084527,0.39846472404821065
44,concat,projected,105,11,1.2905481648330217,0,0,1.2694237193612543,0,0,0.021124445471767395,1.664097271035454
44,concat,projected,105,12,1.5531944886055122,0,0,1.5071587524158685,0,0,0.04603573618964374,3.0544716086378902
44,concat,projected,105,13,1.7873303180726183,0,0,1.7244028188661646,0,0,0.06292749920645369,3.649234304072293
44,concat,projected,105,14,1.7183034657241696,0,0,1.6563826471808891,0,0,0.061920818543280465,3.738316061730527
44,concat,projected,105,15,2.002462507687913,0,0,1.914671366724867,0,0,0.08779114096304608,4.585180647121539
44,concat,projected,105,16,1.4877356849600378,0,0,1.441715732277228,0,0,0.046019952682809784,3.19202680892717
44,concat,projected,267,0,0.8734914936881858,0,0,0.8486609029840949,0,0,0.024830590704090882,2.925855381905845
44,concat,projected,267,1,2.471837208368904,0,0,2.3300496823289927,0,0,0.14178752603991152,6.085171793340832
44,concat,projected,267,2,1.490275211686908,0,0,1.4455050333792088,0,0,0.04477017830769925,3.097199751912202
44,concat,projected,267,3,2.18430786097942,0,0,2.0751278359476,0,0,0.10918002503182,5.261363812893161
44,concat,projected,267,4,1.5696073895515328,0,0,1.511849703811168,0,0,0.05775768574036477,3.8203325102201284
44,concat,projected,267,5,0.8277084159304543,0,0,0.8042536386869326,0,0,0.02345477724352174,2.91634083021561
44,concat,projected,267,6,1.347013361583599,0,0,1.3147205062067502,0,0,0.032292855376848895,2.456252505714746
44,concat,projected,267,7,0.8021151688777451,0,0,0.7792415945363826,0,0,0.0228735743413625,2.93536362814043
44,concat,projected,267,8,1.2265703150823626,0,0,1.2010236742826643,0,0,0.02554664079969826,2.1270722090433822
44,concat,projected,267,9,0.8492783777271568,0,0,0.826957410982471,0,0,0.022320966744685755,2.6991676292213422
44,concat,projected,267,10,0.8275592620587798,0,0,0.8050512637330821,0,0,0.02250799832569772,2.7958465925916904
44,concat,projected,267,11,1.2643273172914011,0,0,1.2338996526418011,0,0,0.030427664649600006,2.465975623257032
44,concat,projected,267,12,1.5184548961917397,0,0,1.4655577282228327,0,0,0.05289716796890698,3.609354101189261
44,concat,projected,267,13,1.745279552807086,0,0,1.6769192509494109,0,0,0.06836030185767505,4.076541062962449
44,concat,projected,267,14,1.6768716711850125,0,0,1.6090531932622618,0,0,0.06781847792275064,4.2148064592726495
44,concat,projected,267,15,1.9514764110285396,0,0,1.8605244142429296,0,0,0.09095199678561006,4.888514017302995
44,concat,projected,267,16,1.4561207725104497,0,0,1.411265688451773,0,0,0.044855084058676775,3.178358577390554
45,concat,raw,100,0,0.8736649177819532,0,0,0.8705694474776073,0,0,0.003095470304345871,0.355568451582433
45,concat,raw,100,1,2.506938793370842,0,0,2.400361367990582,0,0,0.1065774253802596,4.440057518067745
45,concat,raw,100,2,1.5031721109522802,0,0,1.479811628403618,0,0,0.023360482548662187,1.5786119057506571
45,concat,raw,100,3,2.2102394860207517,0,0,2.1304934721188347,0,0,0.07974601390191705,3.743077129572588
45,concat,raw,100,4,1.5879692886764616,0,0,1.555612412679469,0,0,0.03235687599699255,2.080008859100022
45,concat,raw,100,5,0.8330801579968207,0,0,0.8279395075780194,0,0,0.005140650418801296,0.6208968616365823
45,concat,raw,100,6,1.365583800181395,0,0,1.3534292756835282,0,0,0.012154524497866692,0.8980539076730286
45,concat,raw,100,7,0.8077162293530112,0,0,0.8032922580485785,0,0,0.004423971304432728,0.5507299815362083
45,concat,raw,100,8,1.2431026879652447,0,0,1.23610179258524,0,0,0.007000895380004701,0.5663688396861482
45,concat,raw,100,9,0.8577232747314159,0,0,0.8531104317613608,0,0,0.004612842970055042,0.5407087755955826
45,concat,raw,100,10,0.8347643031908002,0,0,0.8304233125305677,0,0,0.004340990660232524,0.5227443154268063
45,concat,raw,100,11,1.279727876305665,0,0,1.269062288020365,0,0,0.010665588285299954,0.8404306381160701
45,concat,raw,100,12,1.5350898143338851,0,0,1.5061100476003682,0,0,0.028979766733516987,1.9241466969621126
45,concat,raw,100,13,1.7659783476328523,0,0,1.7221864724778555,0,0,0.04379187515499683,2.5428068246285638
45,concat,raw,100,14,1.6954726816599417,0,0,1.654075171359246,0,0,0.041397510300695606,2.5027587027182663
45,concat,raw,100,15,1.973078897376904,0,0,1.9107737434256789,0,0,0.062305153951225156,3.2607290196233834
45,concat,raw,100,16,1.4638573050350192,0,0,1.441565944994005,0,0,0.022291360041014174,1.546329539652581
45,concat,raw,105,0,0.8737924606060115,0,0,0.8707517961563219,0,0,0.003040664449689534,0.3491999055427338
45,concat,raw,105,1,2.5056575454213927,0,0,2.381749916433628,0,0,0.12390762898776453,5.202377803514345
45,concat,raw,105,2,1.5040246569694655,0,0,1.480172433946151,0,0,0.023852223023314467,1.6114489417779696
45,concat,raw,105,3,2.2126776075327346,0,0,2.1290737926426564,0,0,0.08360381489007818,3.926769244869956
45,concat,raw,105,4,1.5888719981943868,0,0,1.5568437357506988,0,0,0.03202826244368806,2.057256082174764
45,concat,raw,105,5,0.8332261044384341,0,0,0.8280109521617258,0,0,0.005215152276708324,0.6298409777180952
45,concat,raw,105,6,1.3660957334228392,0,0,1.3539876946049323,0,0,0.012108038817906897,0.8942502850027593
45,concat,raw,105,7,0.8077751590253148,0,0,0.8039050417211643,0,0,0.0038701173041505443,0.48141473225054116
45,concat,raw,105,8,1.2434224775816398,0,0,1.23644667562746,0,0,0.0069758019541799055,0.5641813829650109
45,concat,raw,105,9,0.857727263034062,0,0,0.8534526698151408,0,0,0.004274593218921208,0.5008588490146842
45,concat,raw,105,10,0.8347908220794094,0,0,0.8308294426605012,0,0,0.003961379418908173,0.4767981508001152
45,concat,raw,105,11,1.280076960359565,0,0,1.2694237193612543,0,0,0.010653240998310665,0.8392186813455115
45,concat,raw,105,12,1.535725581022847,0,0,1.5071587524158685,0,0,0.028566828606978456,1.8954093960697809
45,concat,raw,105,13,1.7679362766291122,0,0,1.7244028188661646,0,0,0.04353345776294759,2.524552690743794
45,concat,raw,105,14,1.6966219910767044,0,0,1.6563826471808891,0,0,0.040239343895815294,2.429350727882919
45,concat,raw,105,15,1.9753608520699404,0,0,1.914671366724867,0,0,0.06068948534507346,3.169707679333274
45,concat,raw,105,16,1.4647335674175437,0,0,1.441715732277228,0,0,0.023017835140315634,1.596558504911253
45,concat,raw,267,0,0.8802512960342845,0,0,0.8486609029840949,0,0,0.031590393050189625,3.7223810993425337
45,concat,raw,267,1,2.496290067948628,0,0,2.3300496823289927,0,0,0.1662403856196355,7.134628367815339
45,concat,raw,267,2,1.5015726979638335,0,0,1.4455050333792088,0,0,0.056067664584624755,3.8787595539223667
45,concat,raw,267,3,2.2068190122671174,0,0,2.0751278359476,0,0,0.1316911763195172,6.346171741240263
45,concat,raw,267,4,1.5807935247668343,0,0,1.511849703811168,0,0,0.06894382095566631,4.560229815296341
45,concat,raw,267,5,0.8316723411960576,0,0,0.8042536386869326,0,0,0.027418702509125037,3.4092108745557277
45,concat,raw,267,6,1.3567736969012427,0,0,1.3147205062067502,0,0,0.04205319069449254,3.1986411177098764
45,concat,raw,267,7,0.8055208622635531,0,0,0.7792415945363826,0,0,0.026279267727170486,3.3724159376791984
45,concat,raw,267,8,1.234397201764854,0,0,1.2010236742826643,0,0,0.03337352748218958,2.7787568385879315
45,concat,raw,267,9,0.8522317382003975,0,0,0.826957410982471,0,0,0.02527432721792655,3.0563033697103283
45,concat,raw,267,10,0.8306016397101035,0,0,0.8050512637330821,0,0,0.025550375977021367,3.173757638556132
45,concat,raw,267,11,1.2714869125132526,0,0,1.2338996526418011,0,0,0.037587259871451506,3.0462169100199126
45,concat,raw,267,12,1.5289742450186277,0,0,1.4655577282228327,0,0,0.06341651679579496,4.327125132948207
45,concat,raw,267,13,1.7617486019237787,0,0,1.6769192509494109,0,0,0.08482935097436783,5.058642562922486
45,concat,raw,267,14,1.6897192396692622,0,0,1.6090531932622618,0,0,0.08066604640700037,5.013261633908737
45,concat,raw,267,15,1.9700497980465628,0,0,1.8605244142429296,0,0,0.10952538380363319,5.886801751440624
45,concat,raw,267,16,1.4673006519705507,0,0,1.411265688451773,0,0,0.05603496351877779,3.970546721096215
45,concat,projected,100,0,0.8736649177819532,0,0,0.8705694474776073,0,0,0.003095470304345871,0.355568451582433
45,concat,projected,100,1,2.506938793370842,0,0,2.400361367990582,0,0,0.1065774253802596,4.440057518067745
45,concat,projected,100,2,1.5031721109522802,0,0,1.479811628403618,0,0,0.023360482548662187,1.5786119057506571
45,concat,projected,100,3,2.2102394860207517,0,0,2.1304934721188347,0,0,0.07974601390191705,3.743077129572588
45,concat,projected,100,4,1.5879692886764616,0,0,1.555612412679469,0,0,0.03235687599699255,2.080008859100022
45,concat,projected,100,5,0.8330801579968207,0,0,0.8279395075780194,0,0,0.005140650418801296,0.6208968616365823
45,concat,projected,100,6,1.365583800181395,0,0,1.3534292756835282,0,0,0.012154524497866692,0.8980539076730286
45,concat,projected,100,7,0.8077162293530112,0,0,0.8032922580485785,0,0,0.004423971304432728,0.5507299815362083
45,concat,projected,100,8,1.2431026879652447,0,0,1.23610179258524,0,0,0.007000895380004701,0.5663688396861482
45,concat,projected,100,9,0.8577232747314159,0,0,0.8531104317613608,0,0,0.004612842970055042,0.5407087755955826
45,concat,projected,100,10,0.8347643031908002,0,0,0.8304233125305677,0,0,0.004340990660232524,0.5227443154268063
45,concat,projected,100,11,1.279727876305665,0,0,1.269062288020365,0,0,0.010665588285299954,0.8404306381160701
45,concat,projected,100,12,1.5350898143338851,0,0,1.5061100476003682,0,0,0.028979766733516987,1.9241466969621126
45,concat,projected,100,13,1.7659783476328523,0,0,1.7221864724778555,0,0,0.04379187515499683,2.5428068246285638
45,concat,projected,100,14,1.6954726816599417,0,0,1.654075171359246,0,0,0.041397510300695606,2.5027587027182663
45,concat,projected,100,15,1.973078897376904,0,0,1.9107737434256789,0,0,0.062305153951225156,3.2607290196233834
45,concat,projected,100,16,1.4638573050350192,0,0,1.441565944994005,0,0,0.022291360041014174,1.546329539652581
45,concat,projected,105,0,0.8737924606060115,0,0,0.8707517961563219,0,0,0.003040664449689534,0.3491999055427338
45,concat,projected,105,1,2.5056575454213927,0,0,2.381749916433628,0,0,0.12390762898776453,5.202377803514345
45,concat,projected,105,2,1.5040246569694655,0,0,1.480172433946151,0,0,0.023852223023314467,1.6114489417779696
45,concat,projected,105,3,2.2126776075327346,0,0,2.1290737926426564,0,0,0.08360381489007818,3.926769244869956
45,concat,projected,105,4,1.5888719981943868,0,0,1.5568437357506988,0,0,0.03202826244368806,2.057256082174764
45,concat,projected,105,5,0.8332261044384341,0,0,0.8280109521617258,0,0,0.005215152276708324,0.6298409777180952
45,concat,projected,105,6,1.3660957334228392,0,0,1.3539876946049323,0,0,0.012108038817906897,0.8942502850027593
45,concat,projected,105,7,0.8077751590253148,0,0,0.8039050417211643,0,0,0.0038701173041505443,0.48141473225054116
45,concat,projected,105,8,1.2434224775816398,0,0,1.23644667562746,0,0,0.0069758019541799055,0.5641813829650109
45,concat,projected,105,9,0.857727263034062,0,0,0.8534526698151408,0,0,0.004274593218921208,0.5008588490146842
45,concat,projected,105,10,0.8347908220794094,0,0,0.8308294426605012,0,0,0.003961379418908173,0.4767981508001152
45,concat,projected,105,11,1.280076960359565,0,0,1.2694237193612543,0,0,0.010653240998310665,0.8392186813455115
45,concat,projected,105,12,1.535725581022847,0,0,1.5071587524158685,0,0,0.028566828606978456,1.8954093960697809
45,concat,projected,105,13,1.7679362766291122,0,0,1.7244028188661646,0,0,0.04353345776294759,2.524552690743794
45,concat,projected,105,14,1.6966219910767044,0,0,1.6563826471808891,0,0,0.040239343895815294,2.429350727882919
45,concat,projected,105,15,1.9753608520699404,0,0,1.914671366724867,0,0,0.06068948534507346,3.169707679333274
45,concat,projected,105,16,1.4647335674175437,0,0,1.441715732277228,0,0,0.023017835140315634,1.596558504911253
45,concat,projected,267,0,0.8802512960342845,0,0,0.8486609029840949,0,0,0.031590393050189625,3.7223810993425337
45,concat,projected,267,1,2.496290067948628,0,0,2.3300496823289927,0,0,0.1662403856196355,7.134628367815339
45,concat,projected,267,2,1.5015726979638335,0,0,1.4455050333792088,0,0,0.056067664584624755,3.8787595539223667
45,concat,projected,267,3,2.2068190122671174,0,0,2.0751278359476,0,0,0.1316911763195172,6.346171741240263
45,concat,projected,267,4,1.5807935247668343,0,0,1.511849703811168,0,0,0.06894382095566631,4.560229815296341
45,concat,projected,267,5,0.8316723411960576,0,0,0.8042536386869326,0,0,0.027418702509125037,3.4092108745557277
45,concat,projected,267,6,1.3567736969012427,0,0,1.3147205062067502,0,0,0.04205319069449254,3.1986411177098764
45,concat,projected,267,7,0.8055208622635531,0,0,0.7792415945363826,0,0,0.026279267727170486,3.3724159376791984
45,concat,projected,267,8,1.234397201764854,0,0,1.2010236742826643,0,0,0.03337352748218958,2.7787568385879315
45,concat,projected,267,9,0.8522317382003975,0,0,0.826957410982471,0,0,0.02527432721792655,3.0563033697103283
45,concat,projected,267,10,0.8306016397101035,0,0,0.8050512637330821,0,0,0.025550375977021367,3.173757638556132
45,concat,projected,267,11,1.2714869125132526,0,0,1.2338996526418011,0,0,0.037587259871451506,3.0462169100199126
45,concat,projected,267,12,1.5289742450186277,0,0,1.4655577282228327,0,0,0.06341651679579496,4.327125132948207
45,concat,projected,267,13,1.7617486019237787,0,0,1.6769192509494109,0,0,0.08482935097436783,5.058642562922486
45,concat,projected,267,14,1.6897192396692622,0,0,1.6090531932622618,0,0,0.08066604640700037,5.013261633908737
45,concat,projected,267,15,1.9700497980465628,0,0,1.8605244142429296,0,0,0.10952538380363319,5.886801751440624
45,concat,projected,267,16,1.4673006519705507,0,0,1.411265688451773,0,0,0.05603496351877779,3.970546721096215
46,concat,raw,100,0,0.8741603438755807,0,0,0.8705694474776073,0,0,0.0035908963979733866,0.4124767309923027
46,concat,raw,100,1,2.511821178354715,0,0,2.400361367990582,0,0,0.11145981036413266,4.643459599478522
46,concat,raw,100,2,1.503385180223049,0,0,1.479811628403618,0,0,0.023573551819430882,1.5930103107016
46,concat,raw,100,3,2.206759581745401,0,0,2.1304934721188347,0,0,0.07626610962656644,3.5797391836510855
46,concat,raw,100,4,1.587703004999974,0,0,1.555612412679469,0,0,0.03209059232050504,2.0628912484203252
46,concat,raw,100,5,0.8345660833489407,0,0,0.8279395075780194,0,0,0.006626575770921295,0.8003695572284127
46,concat,raw,100,6,1.366553193799961,0,0,1.3534292756835282,0,0,0.013123918116432876,0.9696789002738874
46,concat,raw,100,7,0.8086232261263508,0,0,0.8032922580485785,0,0,0.005330968077772336,0.6636399173972805
46,concat,raw,100,8,1.2472625489166664,0,0,1.23610179258524,0,0,0.011160756331426436,0.9028994536189708
46,concat,raw,100,9,0.8590812140944555,0,0,0.8531104317613608,0,0,0.005970782333094671,0.6998838732715049
46,concat,raw,100,10,0.8356711102587855,0,0,0.8304233125305677,0,0,0.005247797728217818,0.6319424863237625
46,concat,raw,100,11,1.2836537434993154,0,0,1.269062288020365,0,0,0.014591455478950355,1.1497824509238117
46,concat,raw,100,12,1.532781686133217,0,0,1.5061100476003682,0,0,0.02667163853284893,1.770895730716617
46,concat,raw,100,13,1.7617401647324826,0,0,1.7221864724778555,0,0,0.039553692254627126,2.2967136768713483
46,concat,raw,100,14,1.6934216674900924,0,0,1.654075171359246,0,0,0.03934649613084629,2.3787610631089438
46,concat,raw,100,15,1.9687350914027937,0,0,1.9107737434256789,0,0,0.05796134797711483,3.033396715678142
46,concat,raw,100,16,1.4633881372185078,0,0,1.441565944994005,0,0,0.021822192224502768,1.5137838334959777
46,concat,raw,105,0,0.8741463962832992,0,0,0.8707517961563219,0,0,0.003394600126977232,0.38984704274647464
46,concat,raw,105,1,2.502736306087795,0,0,2.381749916433628,0,0,0.12098638965416697,5.07972683527282
46,concat,raw,105,2,1.502858550170083,0,0,1.480172433946151,0,0,0.022686116223932018,1.532667120644225
46,concat,raw,105,3,2.206420000735715,0,0,2.1290737926426564,0,0,0.0773462080930587,3.632857083692471
46,concat,raw,105,4,1.587459270160689,0,0,1.5568437357506988,0,0,0.03061553440999032,1.9665129972230468
46,concat,raw,105,5,0.8347312774256734,0,0,0.8280109521617258,0,0,0.006720325263947613,0.8116227504482343
46,concat,raw,105,6,1.3660310227238714,0,0,1.3539876946049323,0,0,0.012043328118939156,0.8894710171242116
46,concat,raw,105,7,0.8088058862782391,0,0,0.8039050417211643,0,0,0.004900844557074846,0.609629782465615
46,concat,raw,105,8,1.2470892811890044,0,0,1.23644667562746,0,0,0.010642605561544505,0.8607411683276757
46,concat,raw,105,9,0.8592349764388917,0,0,0.8534526698151408,0,0,0.005782306623750899,0.6775193081302746
46,concat,raw,105,10,0.8358098787635484,0,0,0.8308294426605012,0,0,0.004980436103047214,0.5994534915732821
46,concat,raw,105,11,1.2834454018049548,0,0,1.2694237193612543,0,0,0.0140216824437005,1.1045706984863886
46,concat,raw,105,12,1.5324232590352926,0,0,1.5071587524158685,0,0,0.025264506619424143,1.6763002954351645
46,concat,raw,105,13,1.7612380019218072,0,0,1.7244028188661646,0,0,0.036835183055642595,2.1361124357163015
46,concat,raw,105,14,1.6930969894733952,0,0,1.6563826471808891,0,0,0.03671434229250603,2.2165374863708385
46,concat,raw,105,15,1.9682908379817152,0,0,1.914671366724867,0,0,0.053619471256848295,2.8004529753096405
46,concat,raw,105,16,1.4628605906034988,0,0,1.441715732277228,0,0,0.021144858326270777,1.4666454594951195
46,concat,raw,267,0,0.8700890590625692,0,0,0.8486609029840949,0,0,0.02142815607847426,2.5249373457794193
46,concat,raw,267,1,2.444186521179025,0,0,2.3300496823289927,0,0,0.11413683885003234,4.89847232510284
46,concat,raw,267,2,1.481203664698438,0,0,1.4455050333792088,0,0,0.035698631319229124,2.4696303710389134
46,concat,raw,267,3,2.157589335404253,0,0,2.0751278359476,0,0,0.08246149945665282,3.973803349758308
46,concat,raw,267,4,1.5555720474286705,0,0,1.511849703811168,0,0,0.04372234361750249,2.8919768616737755
46,concat,raw,267,5,0.8271309248669779,0,0,0.8042536386869326,0,0,0.022877286180045364,2.8445362357820407
46,concat,raw,267,6,1.3417613796813197,0,0,1.3147205062067502,0,0,0.027040873474569516,2.0567773414129076
46,concat,raw,267,7,0.8009874262302793,0,0,0.7792415945363826,0,0,0.021745831693896656,2.7906405210356553
46,concat,raw,267,8,1.2258741771637425,0,0,1.2010236742826643,0,0,0.02485050288107815,2.069110161039966
46,concat,raw,267,9,0.8487117959153211,0,0,0.826957410982471,0,0,0.02175438493285009,2.630653603672852
46,concat,raw,267,10,0.8264452648067827,0,0,0.8050512637330821,0,0,0.021394001073700597,2.6574706527998027
46,concat,raw,267,11,1.261888341912637,0,0,1.2338996526418011,0,0,0.027988689270835865,2.268311625739709
46,concat,raw,267,12,1.5040949364719665,0,0,1.4655577282228327,0,0,0.03853720824913376,2.629525095259456
46,concat,raw,267,13,1.7274193043148027,0,0,1.6769192509494109,0,0,0.05050005336539187,3.0114779430673586
46,concat,raw,267,14,1.6590772529591582,0,0,1.6090531932622618,0,0,0.050024059696896384,3.108912738644489
46,concat,raw,267,15,1.9279208842558149,0,0,1.8605244142429296,0,0,0.06739647001288529,3.6224448062569365
46,concat,raw,267,16,1.4457177658167903,0,0,1.411265688451773,0,0,0.03445207736501743,2.441218379142558
46,concat,projected,100,0,0.8741603438755807,0,0,0.8705694474776073,0,0,0.0035908963979733866,0.4124767309923027
46,concat,projected,100,1,2.511821178354715,0,0,2.400361367990582,0,0,0.11145981036413266,4.643459599478522
46,concat,projected,100,2,1.503385180223049,0,0,1.479811628403618,0,0,0.023573551819430882,1.5930103107016
46,concat,projected,100,3,2.206759581745401,0,0,2.1304934721188347,0,0,0.07626610962656644,3.5797391836510855
46,concat,projected,100,4,1.587703004999974,0,0,1.555612412679469,0,0,0.03209059232050504,2.0628912484203252
46,concat,projected,100,5,0.8345660833489407,0,0,0.8279395075780194,0,0,0.006626575770921295,0.8003695572284127
46,concat,projected,100,6,1.366553193799961,0,0,1.3534292756835282,0,0,0.013123918116432876,0.9696789002738874
46,concat,projected,100,7,0.8086232261263508,0,0,0.8032922580485785,0,0,0.005330968077772336,0.6636399173972805
46,concat,projected,100,8,1.2472625489166664,0,0,1.23610179258524,0,0,0.011160756331426436,0.9028994536189708
46,concat,projected,100,9,0.8590812140944555,0,0,0.8531104317613608,0,0,0.005970782333094671,0.6998838732715049
46,concat,projected,100,10,0.8356711102587855,0,0,0.8304233125305677,0,0,0.005247797728217818,0.6319424863237625
46,concat,projected,100,11,1.2836537434993154,0,0,1.269062288020365,0,0,0.014591455478950355,1.1497824509238117
46,concat,projected,100,12,1.532781686133217,0,0,1.5061100476003682,0,0,0.02667163853284893,1.770895730716617
46,concat,projected,100,13,1.7617401647324826,0,0,1.7221864724778555,0,0,0.039553692254627126,2.2967136768713483
46,concat,projected,100,14,1.6934216674900924,0,0,1.654075171359246,0,0,0.03934649613084629,2.3787610631089438
46,concat,projected,100,15,1.9687350914027937,0,0,1.9107737434256789,0,0,0.05796134797711483,3.033396715678142
46,concat,projected,100,16,1.4633881372185078,0,0,1.441565944994005,0,0,0.021822192224502768,1.5137838334959777
46,concat,projected,105,0,0.8741463962832992,0,0,0.8707517961563219,0,0,0.003394600126977232,0.38984704274647464
46,concat,projected,105,1,2.502736306087795,0,0,2.381749916433628,0,0,0.12098638965416697,5.07972683527282
46,concat,projected,105,2,1.502858550170083,0,0,1.480172433946151,0,0,0.022686116223932018,1.532667120644225
46,concat,projected,105,3,2.206420000735715,0,0,2.1290737926426564,0,0,0.0773462080930587,3.632857083692471
46,concat,projected,105,4,1.587459270160689,0,0,1.5568437357506988,0,0,0.03061553440999032,1.9665129972230468
46,concat,projected,105,5,0.8347312774256734,0,0,0.8280109521617258,0,0,0.006720325263947613,0.8116227504482343
46,concat,projected,105,6,1.3660310227238714,0,0,1.3539876946049323,0,0,0.012043328118939156,0.8894710171242116
46,concat,projected,105,7,0.8088058862782391,0,0,0.8039050417211643,0,0,0.004900844557074846,0.609629782465615
46,concat,projected,105,8,1.2470892811890044,0,0,1.23644667562746,0,0,0.010642605561544505,0.8607411683276757
46,concat,projected,105,9,0.8592349764388917,0,0,0.8534526698151408,0,0,0.005782306623750899,0.6775193081302746
46,concat,projected,105,10,0.8358098787635484,0,0,0.8308294426605012,0,0,0.004980436103047214,0.5994534915732821
46,concat,projected,105,11,1.2834454018049548,0,0,1.2694237193612543,0,0,0.0140216824437005,1.1045706984863886
46,concat,projected,105,12,1.5324232590352926,0,0,1.5071587524158685,0,0,0.025264506619424143,1.6763002954351645
46,concat,projected,105,13,1.7612380019218072,0,0,1.7244028188661646,0,0,0.036835183055642595,2.1361124357163015
46,concat,projected,105,14,1.6930969894733952,0,0,1.6563826471808891,0,0,0.03671434229250603,2.2165374863708385
46,concat,projected,105,15,1.9682908379817152,0,0,1.914671366724867,0,0,0.053619471256848295,2.8004529753096405
46,concat,projected,105,16,1.4628605906034988,0,0,1.441715732277228,0,0,0.021144858326270777,1.4666454594951195
46,concat,projected,267,0,0.8700890590625692,0,0,0.8486609029840949,0,0,0.02142815607847426,2.5249373457794193
46,concat,projected,267,1,2.444186521179025,0,0,2.3300496823289927,0,0,0.11413683885003234,4.89847232510284
46,concat,projected,267,2,1.481203664698438,0,0,1.4455050333792088,0,0,0.035698631319229124,2.4696303710389134
46,concat,projected,267,3,2.157589335404253,0,0,2.0751278359476,0,0,0.08246149945665282,3.973803349758308
46,concat,projected,267,4,1.5555720474286705,0,0,1.511849703811168,0,0,0.04372234361750249,2.8919768616737755
46,concat,projected,267,5,0.8271309248669779,0,0,0.8042536386869326,0,0,0.022877286180045364,2.8445362357820407
46,concat,projected,267,6,1.3417613796813197,0,0,1.3147205062067502,0,0,0.027040873474569516,2.0567773414129076
46,concat,projected,267,7,0.8009874262302793,0,0,0.7792415945363826,0,0,0.021745831693896656,2.7906405210356553
46,concat,projected,267,8,1.2258741771637425,0,0,1.2010236742826643,0,0,0.02485050288107815,2.069110161039966
46,concat,projected,267,9,0.8487117959153211,0,0,0.826957410982471,0,0,0.02175438493285009,2.630653603672852
46,concat,projected,267,10,0.8264452648067827,0,0,0.8050512637330821,0,0,0.021394001073700597,2.6574706527998027
46,concat,projected,267,11,1.261888341912637,0,0,1.2338996526418011,0,0,0.027988689270835865,2.268311625739709
46,concat,projected,267,12,1.5040949364719665,0,0,1.4655577282228327,0,0,0.03853720824913376,2.629525095259456
46,concat,projected,267,13,1.7274193043148027,0,0,1.6769192509494109,0,0,0.05050005336539187,3.0114779430673586
46,concat,projected,267,14,1.6590772529591582,0,0,1.6090531932622618,0,0,0.050024059696896384,3.108912738644489
46,concat,projected,267,15,1.9279208842558149,0,0,1.8605244142429296,0,0,0.06739647001288529,3.6224448062569365
46,concat,projected,267,16,1.4457177658167903,0,0,1.411265688451773,0,0,0.03445207736501743,2.441218379142558
