candidate_id,scenario_index,day_index,t0,pv_s_scale,svc_q_scale,cap_total_mvar,risk,under_risk,over_risk,under_steps,over_steps,pf_fail,daily_loss_mwh,vmin,vmax,raw_vmin,raw_vmax,intervention_steps,intervention_rate,projection_failures,mean_correction_norm,max_correction_norm,power_flow_previews,projection_iterations,steps_within_0_001_of_reporting_limit,steps_within_0_001_of_projection_guard,actor_total_seconds,actor_mean_ms,projection_total_seconds,projection_mean_ms,preview_total_seconds,optimiser_total_seconds,execution_total_seconds,execution_mean_ms,balance_audit_total_seconds,online_path_total_seconds,completed_steps,max_p_balance_residual_mw,max_q_balance_residual_mvar
100,0,2,192,0.45,0.375,0.0,0,0,0,0,0,0,2.287128302826679,0.9521519207255698,1.0,0.9521519207255698,1.0,0,0.0,0,0.0,0.0,0,0,0,0,0.02084669999021571,0.21715312489808034,0.0,0.0,0.0,0.0,1.174869900023623,12.238228125246073,0.07561149997491157,1.1957166000138386,96,9.656001965889505e-08,9.808683573697685e-08
100,1,3,288,0.45,0.375,0.0,0,0,0,0,0,0,2.343643099239328,0.9530234011194234,1.0,0.9530234011194234,1.0,0,0.0,0,0.0,0.0,0,0,0,0,0.018594400011352263,0.19369166678491942,0.0,0.0,0.0,0.0,1.0654834999877494,11.098786458205723,0.06804760001250543,1.0840778999991016,96,9.397021027632291e-08,9.277104848215423e-08
100,2,4,384,0.45,0.375,0.0,0,0,0,0,0,0,2.197332889306763,0.9534738746495868,1.0,0.9534738746495868,1.0,0,0.0,0,0.0,0.0,0,0,0,0,0.01905630002875114,0.19850312529949102,0.0,0.0,0.0,0.0,1.0445388000516687,10.880612500538215,0.06698219997633714,1.0635951000804198,96,9.994203611397856e-08,9.769289960326333e-08
100,3,5,480,0.45,0.375,0.0,0,0,0,0,0,0,1.9077773320705298,0.9572460340881507,1.0003770141036143,0.9572460340881507,1.0003770141036143,0,0.0,0,0.0,0.0,0,0,0,0,0.018620500020915642,0.19396354188453793,0.0,0.0,0.0,0.0,1.0508045000315178,10.945880208661643,0.06791789999988396,1.0694250000524335,96,9.9228615263805e-08,9.145459792248012e-08
100,4,6,576,0.45,0.375,0.0,0,0,0,0,0,0,1.7704332001772143,0.9595952365404958,1.0,0.9595952365404958,1.0,0,0.0,0,0.0,0.0,0,0,0,0,0.020063999960257206,0.20899999958601256,0.0,0.0,0.0,0.0,1.268302499978745,13.211484374778593,0.08350809999683406,1.288366499939002,96,9.796896943865818e-08,7.077298878888083e-08
100,5,7,672,0.45,0.375,0.0,0,0,0,0,0,0,1.4496676615615065,0.9624457418886129,1.0,0.9624457418886129,1.0,0,0.0,0,0.0,0.0,0,0,0,0,0.02125909997994313,0.2214489581244076,0.0,0.0,0.0,0.0,1.2547318000069936,13.070122916739516,0.08142400002543582,1.2759908999869367,96,9.960452368278083e-08,8.386346637967446e-08
100,6,8,768,0.45,0.375,0.0,0,0,0,0,0,0,2.4357905057591425,0.9517093109871111,1.0,0.9517093109871111,1.0,0,0.0,0,0.0,0.0,0,0,0,0,0.021369600006437395,0.2226000000670562,0.0,0.0,0.0,0.0,1.2884446999742067,13.421298958064654,0.08277929998439504,1.3098142999806441,96,9.885344073694291e-08,9.417031640590601e-08
100,7,10,960,0.45,0.375,0.0,1,1,0,4,0,0,2.6920599931302798,0.9495395640570194,1.0,0.9495395640570194,1.0,0,0.0,0,0.0,0.0,0,0,0,0,0.018316900022909977,0.19080104190531225,0.0,0.0,0.0,0.0,1.0158753000287106,10.582034375299068,0.0641310999635607,1.0341922000516206,96,8.701971427292621e-08,8.714984567337325e-08
100,8,11,1056,0.45,0.375,0.0,0,0,0,0,0,0,2.469364707283251,0.9513594929471544,1.0,0.9513594929471544,1.0,0,0.0,0,0.0,0.0,0,0,0,0,0.021384800005762372,0.22275833339335804,0.0,0.0,0.0,0.0,1.2859649000238278,13.39546770858154,0.08435669996106299,1.3073497000295902,96,9.311909803140506e-08,9.995315616850853e-08
100,9,12,1152,0.45,0.375,0.0,0,0,0,0,0,0,2.4966804921544616,0.9516683664705333,1.0,0.9516683664705333,1.0,0,0.0,0,0.0,0.0,0,0,0,0,0.018701599998166785,0.19480833331423733,0.0,0.0,0.0,0.0,1.0535513000140782,10.97449270847998,0.06825659996684408,1.072252900012245,96,9.709641382582568e-08,9.762817387848344e-08
100,10,13,1248,0.45,0.375,0.0,0,0,0,0,0,0,1.7047693617963726,0.9604639011342673,1.0,0.9604639011342673,1.0,0,0.0,0,0.0,0.0,0,0,0,0,0.01973649995488813,0.20558854119675138,0.0,0.0,0.0,0.0,1.1259004000021378,11.728129166688936,0.0730699000050663,1.145636899957026,96,9.93260998883444e-08,8.678244643733901e-08
100,11,14,1344,0.45,0.375,0.0,0,0,0,0,0,0,1.448359800976457,0.9617611998103124,1.0,0.9617611998103124,1.0,0,0.0,0,0.0,0.0,0,0,0,0,0.020753499971760903,0.2161822913725094,0.0,0.0,0.0,0.0,1.2475941000375315,12.995771875390952,0.07933290000073612,1.2683476000092924,96,9.362425902256777e-08,6.869904131678872e-08
100,12,16,1536,0.45,0.375,0.0,0,0,0,0,0,0,2.523176657233111,0.9504752066653652,1.0,0.9504752066653652,1.0,0,0.0,0,0.0,0.0,0,0,0,0,0.020084599949768744,0.2092145828100911,0.0,0.0,0.0,0.0,1.2085038000077475,12.588581250080702,0.07776930001273286,1.2285883999575162,96,9.796265816770788e-08,9.69365337999406e-08
100,13,17,1632,0.45,0.375,0.0,0,0,0,0,0,0,2.5393399363932,0.9507786662276635,1.0,0.9507786662276635,1.0,0,0.0,0,0.0,0.0,0,0,0,0,0.021518299930903595,0.22414895761357911,0.0,0.0,0.0,0.0,1.2181224999731057,12.688776041386518,0.0791542000224581,1.2396407999040093,96,9.994075267881486e-08,9.839090250873817e-08
100,14,18,1728,0.45,0.375,0.0,0,0,0,0,0,0,2.4414575215101597,0.9508307632377844,1.0003142057287273,0.9508307632377844,1.0003142057287273,0,0.0,0,0.0,0.0,0,0,0,0,0.01971049995336216,0.20531770784752248,0.0,0.0,0.0,0.0,1.17774949996965,12.268223958017188,0.0757679000380449,1.1974599999230122,96,5.252986372272783e-08,8.957491207106649e-08
100,15,19,1824,0.45,0.375,0.0,0,0,0,0,0,0,2.304548341077404,0.9523104978836228,1.00035461287209,0.9523104978836228,1.00035461287209,0,0.0,0,0.0,0.0,0,0,0,0,0.019820400018943474,0.20646250019732784,0.0,0.0,0.0,0.0,1.110699599958025,11.569787499562759,0.07142900002509123,1.1305199999769684,96,9.821888549872704e-08,9.735832279256229e-08
100,16,20,1920,0.45,0.375,0.0,0,0,0,0,0,0,1.6094260737229371,0.9599893234030222,1.001997364604918,0.9599893234030222,1.001997364604918,0,0.0,0,0.0,0.0,0,0,0,0,0.019617399972048588,0.20434791637550612,0.0,0.0,0.0,0.0,1.1403664000172284,11.878816666846129,0.0747290999715915,1.159983799989277,96,9.9912705834454e-08,8.525640811385404e-08
100,17,21,2016,0.45,0.375,0.0,0,0,0,0,0,0,1.384749106503782,0.9613868610603538,1.0028227923354465,0.9613868610603538,1.0028227923354465,0,0.0,0,0.0,0.0,0,0,0,0,0.01868220003962051,0.19460625041271365,0.0,0.0,0.0,0.0,1.0302692000477691,10.731970833830928,0.06642399996053427,1.0489514000873896,96,8.55144985378864e-08,6.49251518519689e-08
100,18,22,2112,0.45,0.375,0.0,0,0,0,0,0,0,2.4597553985773266,0.9506348474000164,1.0,0.9506348474000164,1.0,0,0.0,0,0.0,0.0,0,0,0,0,0.020169599971268326,0.21009999970071172,0.0,0.0,0.0,0.0,1.1938559000263922,12.435998958608252,0.07628539997676853,1.2140254999976605,96,9.936629905178684e-08,9.961176286599205e-08
100,19,23,2208,0.45,0.375,0.0,0,0,0,0,0,0,2.683600289928316,0.9501052288453393,1.0,0.9501052288453393,1.0,0,0.0,0,0.0,0.0,0,0,0,0,0.0210722000192618,0.21950208353397707,0.0,0.0,0.0,0.0,1.3233219999601715,13.784604166251787,0.08410440001898678,1.3443941999794333,96,9.77500165880163e-08,9.843243775620181e-08
100,20,24,2304,0.45,0.375,0.0,0,0,0,0,0,0,2.60041234521995,0.9504511749674645,1.0,0.9504511749674645,1.0,0,0.0,0,0.0,0.0,0,0,0,0,0.018952000005810987,0.1974166667271978,0.0,0.0,0.0,0.0,1.0752833999868017,11.200868749862517,0.07008189997577574,1.0942353999926127,96,9.96006422216561e-08,9.860284089224791e-08
100,21,25,2400,0.45,0.375,0.0,0,0,0,0,0,0,2.344402630557265,0.9504631050489003,1.0025483608514756,0.9504631050489003,1.0025483608514756,0,0.0,0,0.0,0.0,0,0,0,0,0.022174699981405865,0.23098645813964444,0.0,0.0,0.0,0.0,1.4060978000125033,14.646852083463576,0.09060950002458412,1.4282724999939092,96,9.937389211858716e-08,9.85631565253442e-08
100,22,26,2496,0.45,0.375,0.0,0,0,0,0,0,0,2.2180901554080372,0.9520291871211053,1.0038551791132642,0.9520291871211053,1.0038551791132642,0,0.0,0,0.0,0.0,0,0,0,0,0.018592499967780896,0.19367187466438432,0.0,0.0,0.0,0.0,1.052591100000427,10.96449062500445,0.06727220002358081,1.071183599968208,96,5.7760227677172704e-08,9.803352338244586e-08
100,23,27,2592,0.45,0.375,0.0,0,0,0,0,0,0,1.5559063043518535,0.9599790406528013,1.0046325184638774,0.9599790406528013,1.0046325184638774,0,0.0,0,0.0,0.0,0,0,0,0,0.020960199988621753,0.21833541654814326,0.0,0.0,0.0,0.0,1.1864849000266986,12.359217708611444,0.07746659992699279,1.2074451000153203,96,9.832172121609917e-08,8.857849453924871e-08
100,24,28,2688,0.45,0.375,0.0,0,0,0,0,0,0,1.3358906722603796,0.9618295986315877,1.0030383916107253,0.9618295986315877,1.0030383916107253,0,0.0,0,0.0,0.0,0,0,0,0,0.02107830000750255,0.21956562507815156,0.0,0.0,0.0,0.0,1.3288338000129443,13.842018750134836,0.08558679997804575,1.3499121000204468,96,9.42532378880867e-08,7.192875690897882e-08
100,25,29,2784,0.45,0.375,0.0,0,0,0,0,0,0,2.439719320472079,0.951356578061893,1.0,0.951356578061893,1.0,0,0.0,0,0.0,0.0,0,0,0,0,0.021662499973899685,0.2256510413947884,0.0,0.0,0.0,0.0,1.4466426999715623,15.06919479137044,0.09369840002182173,1.468305199945462,96,8.706052163041933e-08,9.629922206877417e-08
100,26,30,2880,0.45,0.375,0.0,0,0,0,0,0,0,2.4682570517664777,0.9522979630757066,1.0,0.9522979630757066,1.0,0,0.0,0,0.0,0.0,0,0,0,0,0.020660200010752305,0.21521041677866984,0.0,0.0,0.0,0.0,1.180747100042936,12.299448958780582,0.07618169994384516,1.2014073000536882,96,9.917421522898096e-08,9.490200500450463e-08
100,27,31,2976,0.45,0.375,0.0,0,0,0,0,0,0,2.4074266111912737,0.9518379857931517,1.0,0.9518379857931517,1.0,0,0.0,0,0.0,0.0,0,0,0,0,0.01882449998811353,0.19608854154284927,0.0,0.0,0.0,0.0,1.0635623000343912,11.078773958691576,0.06987869996373774,1.0823868000225048,96,9.295312302856629e-08,9.987021043489364e-08
100,28,32,3072,0.45,0.375,0.0,0,0,0,0,0,0,2.265131457700521,0.9521630035440292,1.0010081556863495,0.9521630035440292,1.0010081556863495,0,0.0,0,0.0,0.0,0,0,0,0,0.020849400003498886,0.21718125003644673,0.0,0.0,0.0,0.0,1.2144938000055845,12.650977083391505,0.08088329998281552,1.2353432000090834,96,8.997639104266208e-08,9.057456631933469e-08
100,29,33,3168,0.45,0.375,0.0,0,0,0,0,0,0,2.2138775974074485,0.9540492016949383,1.0,0.9540492016949383,1.0,0,0.0,0,0.0,0.0,0,0,0,0,0.021740800017141737,0.22646666684522643,0.0,0.0,0.0,0.0,1.2826705999759724,13.361152083083047,0.08549350001703715,1.3044113999931142,96,9.284334438405817e-08,7.848553980338568e-08
100,30,34,3264,0.45,0.375,0.0,0,0,0,0,0,0,1.457481748668752,0.9606701697865634,1.0022623646378492,0.9606701697865634,1.0022623646378492,0,0.0,0,0.0,0.0,0,0,0,0,0.02007220000086818,0.2090854166757102,0.0,0.0,0.0,0.0,1.1806066999924951,12.297986458255158,0.07697169998573372,1.2006788999933633,96,9.168113540049261e-08,7.834325257971564e-08
100,31,35,3360,0.45,0.375,0.0,0,0,0,0,0,0,1.2106967119088499,0.9629013569492679,1.0015617710839615,0.9629013569492679,1.0015617710839615,0,0.0,0,0.0,0.0,0,0,0,0,0.020396900014020503,0.21246770847938024,0.0,0.0,0.0,0.0,1.1938415999684366,12.435849999671214,0.07935950001410674,1.2142384999824571,96,9.922953858772232e-08,7.22072822367803e-08
100,32,36,3456,0.45,0.375,0.0,0,0,0,0,0,0,2.205803478896004,0.9531128869829731,1.0,0.9531128869829731,1.0,0,0.0,0,0.0,0.0,0,0,0,0,0.018971800040162634,0.19762291708502744,0.0,0.0,0.0,0.0,1.0899573999486165,11.353722916131423,0.070872500022233,1.1089291999887791,96,9.537476728521677e-08,9.634134309766118e-08
100,33,37,3552,0.45,0.375,0.0,0,0,0,0,0,0,2.3749896292168637,0.951650767173093,1.0,0.951650767173093,1.0,0,0.0,0,0.0,0.0,0,0,0,0,0.02034339999227086,0.2119104165861548,0.0,0.0,0.0,0.0,1.2126428999690688,12.6316968746778,0.07925240002805367,1.2329862999613397,96,9.502885667603267e-08,9.411479068299755e-08
100,34,40,3840,0.45,0.375,0.0,0,0,0,0,0,0,2.338084717108625,0.9526379915906711,1.0,0.9526379915906711,1.0,0,0.0,0,0.0,0.0,0,0,0,0,0.021381800012022723,0.22272708345857004,0.0,0.0,0.0,0.0,1.3272417999833124,13.825435416492837,0.0856784000134212,1.348623599995335,96,9.847914634805721e-08,9.872938994126557e-08
100,35,42,4032,0.45,0.375,0.0,0,0,0,0,0,0,1.3439258758226815,0.9621025739268715,1.0008499168675347,0.9621025739268715,1.0008499168675347,0,0.0,0,0.0,0.0,0,0,0,0,0.020223499974235892,0.2106614580649572,0.0,0.0,0.0,0.0,1.2565144000254804,13.088691666932087,0.08249430000432767,1.2767378999997163,96,8.744314640429796e-08,6.532903579214988e-08
100,36,43,4128,0.45,0.375,0.0,0,0,0,0,0,0,2.101253637993769,0.9511269435926292,1.0057130765795832,0.9511269435926292,1.0057130765795832,0,0.0,0,0.0,0.0,0,0,0,0,0.01872800001001451,0.19508333343765116,0.0,0.0,0.0,0.0,0.9933595999973477,10.347495833305706,0.06327269999746932,1.0120876000073622,96,9.232630651320739e-08,9.85189077540305e-08
100,37,44,4224,0.45,0.375,0.0,0,0,0,0,0,0,2.036789548246952,0.9526875102578932,1.0078415044066726,0.9526875102578932,1.0078415044066726,0,0.0,0,0.0,0.0,0,0,0,0,0.018671900004846975,0.19449895838382267,0.0,0.0,0.0,0.0,1.0729574000142748,11.176639583482029,0.06870569998864084,1.0916293000191217,96,9.643828880433192e-08,9.839964225377695e-08
100,38,45,4320,0.45,0.375,0.0,0,0,0,0,0,0,1.9693907004702753,0.9526516522006828,1.0080960566004944,0.9526516522006828,1.0080960566004944,0,0.0,0,0.0,0.0,0,0,0,0,0.01927880002767779,0.20082083362164363,0.0,0.0,0.0,0.0,1.125084799983597,11.719633333162468,0.07361680002213689,1.1443636000112747,96,9.669611552437507e-08,9.513931635563022e-08
100,39,46,4416,0.45,0.375,0.0,0,0,0,0,0,0,1.9965643908984732,0.9525667165679921,1.005687841553484,0.9525667165679921,1.005687841553484,0,0.0,0,0.0,0.0,0,0,0,0,0.020261000005120877,0.2110520833866758,0.0,0.0,0.0,0.0,1.199837899999693,12.498311458330136,0.07833579998987261,1.220098900004814,96,9.979556054792726e-08,9.954820467950043e-08
100,40,47,4512,0.45,0.375,0.0,0,0,0,0,0,0,2.181784610590818,0.9540681999716001,1.0,0.9540681999716001,1.0,0,0.0,0,0.0,0.0,0,0,0,0,0.019831300051009748,0.2065760421980182,0.0,0.0,0.0,0.0,1.2465690000753966,12.985093750785381,0.08274249997339211,1.2664003001264064,96,8.997920605650911e-08,7.791259519496219e-08
100,41,48,4608,0.45,0.375,0.0,0,0,0,0,0,0,1.459585377603723,0.96125113271301,1.0000708275366441,0.96125113271301,1.0000708275366441,0,0.0,0,0.0,0.0,0,0,0,0,0.021789900005387608,0.22697812505612092,0.0,0.0,0.0,0.0,1.379057699959958,14.365184374582896,0.08956690003105905,1.4008475999653456,96,8.99255790318132e-08,8.086449204691704e-08
100,42,50,4800,0.45,0.375,0.0,0,0,0,0,0,0,2.262829974387079,0.9516086109713704,1.0,0.9516086109713704,1.0,0,0.0,0,0.0,0.0,0,0,0,0,0.019949399968027137,0.20780624966694936,0.0,0.0,0.0,0.0,1.1421841000119457,11.897751041791102,0.07363420005276566,1.1621334999799728,96,8.986360159474183e-08,9.536067810400617e-08
100,43,52,4992,0.45,0.375,0.0,0,0,0,0,0,0,2.399646096025951,0.951460005754735,1.0,0.951460005754735,1.0,0,0.0,0,0.0,0.0,0,0,0,0,0.022700300010910723,0.2364614584469867,0.0,0.0,0.0,0.0,1.3311298999542487,13.865936457856757,0.0875371000074665,1.3538301999651594,96,9.469677334818238e-08,8.57939065623814e-08
100,44,53,5088,0.45,0.375,0.0,0,0,0,0,0,0,2.1569463595884018,0.9522003571277977,1.000749633446771,0.9522003571277977,1.000749633446771,0,0.0,0,0.0,0.0,0,0,0,0,0.019359899997652974,0.20166562497555182,0.0,0.0,0.0,0.0,1.1444698000414064,11.921560417097984,0.07513059997290839,1.1638297000390594,96,9.205845297004245e-08,9.274530338165832e-08
100,45,54,5184,0.45,0.375,0.0,0,0,0,0,0,0,1.9183182424355543,0.9554035014033772,1.0029785256237518,0.9554035014033772,1.0029785256237518,0,0.0,0,0.0,0.0,0,0,0,0,0.018464500004483853,0.19233854171337347,0.0,0.0,0.0,0.0,1.0400553999570548,10.83391041621932,0.06643040003837086,1.0585198999615386,96,9.907413215347327e-08,9.179426663230572e-08
100,46,55,5280,0.45,0.375,0.0,0,0,0,0,0,0,1.2835663752084931,0.9614652892379165,1.0067633447500175,0.9614652892379165,1.0067633447500175,0,0.0,0,0.0,0.0,0,0,0,0,0.020897199989121873,0.21767916655335284,0.0,0.0,0.0,0.0,1.325005599996075,13.802141666625781,0.08648190000531031,1.345902799985197,96,8.993064916883176e-08,6.704657329326125e-08
100,47,58,5568,0.45,0.375,0.0,0,0,0,0,0,0,2.0516240695480867,0.9542113300877212,1.000977959136931,0.9542113300877212,1.000977959136931,0,0.0,0,0.0,0.0,0,0,0,0,0.019682599981024396,0.20502708313567078,0.0,0.0,0.0,0.0,1.1417570999401505,11.893303124376567,0.07330100003309781,1.161439699921175,96,9.793727232844385e-08,8.30969386356184e-08
100,48,59,5664,0.45,0.375,0.0,0,0,0,0,0,0,2.044683864161976,0.954921297127388,1.000980488375138,0.954921297127388,1.000980488375138,0,0.0,0,0.0,0.0,0,0,0,0,0.019283300040115137,0.20086770875119933,0.0,0.0,0.0,0.0,1.1295972000589245,11.766637500613797,0.0736509999842383,1.1488805000990396,96,9.868655636603718e-08,7.180237945880741e-08
100,49,61,5856,0.45,0.375,0.0,0,0,0,0,0,0,1.7445626477509393,0.9567628228496895,1.0053994160571655,0.9567628228496895,1.0053994160571655,0,0.0,0,0.0,0.0,0,0,0,0,0.019393000089621637,0.2020104176002254,0.0,0.0,0.0,0.0,1.1084582999246777,11.546440624215393,0.07083840005361708,1.1278513000142993,96,9.857225459486418e-08,9.083883867333498e-08
100,50,62,5952,0.45,0.375,0.0,0,0,0,0,0,0,1.1602394265957308,0.9632282957642959,1.0067606108045635,0.9632282957642959,1.0067606108045635,0,0.0,0,0.0,0.0,0,0,0,0,0.018595500027004164,0.19370312528129338,0.0,0.0,0.0,0.0,1.0641213999915635,11.084597916578787,0.07090009999956237,1.0827169000185677,96,9.111148794628543e-08,6.765754470561269e-08
100,51,63,6048,0.45,0.375,0.0,0,0,0,0,0,0,1.074473494435479,0.9636034616181555,1.0045706103322447,0.9636034616181555,1.0045706103322447,0,0.0,0,0.0,0.0,0,0,0,0,0.018598099981318228,0.19373020813873154,0.0,0.0,0.0,0.0,1.0240276999102207,10.666955207398132,0.0678553000325337,1.042625799891539,96,8.96651892665079e-08,6.641055136369367e-08
100,52,64,6144,0.45,0.375,0.0,0,0,0,0,0,0,1.9366740806518408,0.9541296578606583,1.000284244753131,0.9541296578606583,1.000284244753131,0,0.0,0,0.0,0.0,0,0,0,0,0.01999059996160213,0.20823541626668884,0.0,0.0,0.0,0.0,1.1352556000492768,11.825579167179967,0.07431299999007024,1.155246200010879,96,8.42945362816705e-08,8.5360713081295e-08
100,53,65,6240,0.45,0.375,0.0,0,0,0,0,0,0,2.102625465080673,0.9536571181836259,1.0,0.9536571181836259,1.0,0,0.0,0,0.0,0.0,0,0,0,0,0.02089339998929063,0.21763958322177737,0.0,0.0,0.0,0.0,1.0758916000049794,11.207204166718535,0.07063299999572337,1.09678499999427,96,9.16043832541874e-08,9.293819186462215e-08
100,54,66,6336,0.45,0.375,0.0,0,0,0,0,0,0,2.108844074914755,0.9527831404506636,1.001302569701574,0.9527831404506636,1.001302569701574,0,0.0,0,0.0,0.0,0,0,0,0,0.021969300018099602,0.22884687518853752,0.0,0.0,0.0,0.0,1.3191316000011284,13.74095416667842,0.08572550001554191,1.341100900019228,96,9.151793671849373e-08,9.597666189575804e-08
100,55,67,6432,0.45,0.375,0.0,0,0,0,0,0,0,2.060080524846342,0.9536622414461291,1.0,0.9536622414461291,1.0,0,0.0,0,0.0,0.0,0,0,0,0,0.019629500005976297,0.20447395839558644,0.0,0.0,0.0,0.0,1.0962305000357446,11.419067708705674,0.07075699997949414,1.115860000041721,96,9.931594264003807e-08,9.138807821607031e-08
100,56,68,6528,0.45,0.375,0.0,0,0,0,0,0,0,1.7177928843526153,0.9568067254204664,1.0061532132781423,0.9568067254204664,1.0061532132781423,0,0.0,0,0.0,0.0,0,0,0,0,0.019152600048983004,0.19950625051023962,0.0,0.0,0.0,0.0,1.038128499945742,10.81383854110148,0.06696960006229347,1.057281099994725,96,9.91872249177933e-08,9.465539470288054e-08
100,57,69,6624,0.45,0.375,0.0,0,0,0,0,0,0,1.1692769745017424,0.9622424638424267,1.0085961974745392,0.9622424638424267,1.0085961974745392,0,0.0,0,0.0,0.0,0,0,0,0,0.02059660000668373,0.21454791673628884,0.0,0.0,0.0,0.0,1.1645770999530214,12.131011457843973,0.07659290000447072,1.1851736999597051,96,9.734504566143165e-08,7.226976427021636e-08
100,58,70,6720,0.45,0.375,0.0,0,0,0,0,0,0,1.0071412601018412,0.9641776363675824,1.0174159792128536,0.9641776363675824,1.0174159792128536,0,0.0,0,0.0,0.0,0,0,0,0,0.022092799954407383,0.23013333285841023,0.0,0.0,0.0,0.0,1.257347100043262,13.097365625450644,0.08057359995291336,1.2794398999976693,96,8.510543062813236e-08,9.670590397914403e-08
100,59,73,7008,0.45,0.375,0.0,0,0,0,0,0,0,1.693332599411212,0.9555081825462731,1.0068267096265198,0.9555081825462731,1.0068267096265198,0,0.0,0,0.0,0.0,0,0,0,0,0.018835099996067584,0.19619895829237066,0.0,0.0,0.0,0.0,0.9933642999458243,10.347544791102337,0.06442070002231048,1.012199399941892,96,9.841587456441148e-08,9.242093583494704e-08
100,60,74,7104,0.45,0.375,0.0,0,0,0,0,0,0,1.595865676438064,0.956532228490039,1.011709732907207,0.956532228490039,1.011709732907207,0,0.0,0,0.0,0.0,0,0,0,0,0.020884599980490748,0.2175479164634453,0.0,0.0,0.0,0.0,1.2200143000954995,12.708482292661452,0.0802471999777481,1.2408989000759902,96,8.974732896085968e-08,9.622894821259553e-08
100,61,75,7200,0.45,0.375,0.0,0,0,0,0,0,0,1.6602992459299433,0.9573680678145027,1.0046052821325673,0.9573680678145027,1.0046052821325673,0,0.0,0,0.0,0.0,0,0,0,0,0.019236800042563118,0.20038333377669915,0.0,0.0,0.0,0.0,1.040112099966791,10.83450104132074,0.06757249998918269,1.059348900009354,96,9.953723834749129e-08,9.69404249234751e-08
100,62,76,7296,0.45,0.375,0.0,0,0,0,0,0,0,1.4006395661553832,0.962345547971222,1.0004211072630302,0.962345547971222,1.0004211072630302,0,0.0,0,0.0,0.0,0,0,0,0,0.018148000017390586,0.18904166684781862,0.0,0.0,0.0,0.0,1.0018838000978576,10.436289584352684,0.06487569995078957,1.0200318001152482,96,9.869513741857239e-08,8.912007895545138e-08
100,63,77,7392,0.45,0.375,0.0,0,0,0,0,0,0,1.2328522131981368,0.9617904126883516,1.0,0.9617904126883516,1.0,0,0.0,0,0.0,0.0,0,0,0,0,0.019298600032925606,0.2010270836763084,0.0,0.0,0.0,0.0,1.0610852999598137,11.052971874581393,0.06760230004147161,1.0803838999927393,96,9.83902701673367e-08,7.182194144972343e-08
100,64,78,7488,0.45,0.375,0.0,0,0,0,0,0,0,1.8418354953435123,0.9542018564431844,1.0011149269590083,0.9542018564431844,1.0011149269590083,0,0.0,0,0.0,0.0,0,0,0,0,0.018580799973278772,0.19354999972165388,0.0,0.0,0.0,0.0,1.0319630000012694,10.749614583346556,0.06816480003180914,1.0505437999745482,96,8.345035803006273e-08,8.220805217118432e-08
100,65,79,7584,0.45,0.375,0.0,0,0,0,0,0,0,1.8293783202534628,0.9556486254552463,1.0018036538540607,0.9556486254552463,1.0018036538540607,0,0.0,0,0.0,0.0,0,0,0,0,0.016863800010469276,0.1756645834423883,0.0,0.0,0.0,0.0,0.9304724999674363,9.692421874660795,0.060131099991849624,0.9473362999779056,96,9.935008526799904e-08,7.261214809983763e-08
100,66,80,7680,0.45,0.375,0.0,0,0,0,0,0,0,1.812148249819606,0.9549696133785943,1.0037490604144885,0.9549696133785943,1.0037490604144885,0,0.0,0,0.0,0.0,0,0,0,0,0.02020789996458916,0.2104989579644704,0.0,0.0,0.0,0.0,1.16837860004307,12.170610417115313,0.07626459997845814,1.1885865000076592,96,9.659805588237147e-08,7.093843262806487e-08
100,67,81,7776,0.45,0.375,0.0,0,0,0,0,0,0,1.7392737684504973,0.9558932327841924,1.0047236169506701,0.9558932327841924,1.0047236169506701,0,0.0,0,0.0,0.0,0,0,0,0,0.01935579999553738,0.20162291662018106,0.0,0.0,0.0,0.0,1.091152000008151,11.366166666751573,0.07140769999386976,1.1105078000036883,96,9.687998078246329e-08,9.107766325844313e-08
100,68,82,7872,0.45,0.375,0.0,0,0,0,0,0,0,1.6049875897806472,0.9577910894026904,1.0064565924954703,0.9577910894026904,1.0064565924954703,0,0.0,0,0.0,0.0,0,0,0,0,0.017593200005649123,0.18326250005884503,0.0,0.0,0.0,0.0,0.963732699972752,10.038882291382834,0.06211250002525048,0.9813258999784011,96,9.924873378003296e-08,9.548721424668116e-08
100,69,83,7968,0.45,0.375,0.0,0,0,0,0,0,0,1.0859496099217603,0.9641965679208229,1.0210666414887486,0.9641965679208229,1.0210666414887486,0,0.0,0,0.0,0.0,0,0,0,0,0.020039200004248414,0.20874166671092098,0.0,0.0,0.0,0.0,1.0340610000130255,10.771468750135682,0.06707929999538464,1.054100200017274,96,9.02102957178047e-08,9.884171280061249e-08
100,70,84,8064,0.45,0.375,0.0,0,0,0,0,0,0,0.9283873153060288,0.9656825507501863,1.0274094644707774,0.9656825507501863,1.0274094644707774,0,0.0,0,0.0,0.0,0,0,0,0,0.020771699972101487,0.21637187470939048,0.0,0.0,0.0,0.0,0.9988758999679703,10.404957291333025,0.06356870002491632,1.0196475999400718,96,7.707797434163e-08,9.385176549109309e-08
100,71,85,8160,0.45,0.375,0.0,0,0,0,0,0,0,1.4929690243401614,0.959923298427721,1.0192362598868994,0.959923298427721,1.0192362598868994,0,0.0,0,0.0,0.0,0,0,0,0,0.018412300007184967,0.19179479174151007,0.0,0.0,0.0,0.0,0.934460600008606,9.73396458342298,0.06133350000891369,0.952872900015791,96,9.406189455801739e-08,8.193896273295254e-08
100,72,86,8256,0.45,0.375,0.0,0,0,0,0,0,0,1.5146104781816783,0.9598841420803865,1.0178032285938439,0.9598841420803865,1.0178032285938439,0,0.0,0,0.0,0.0,0,0,0,0,0.01893630001723068,0.19725312517948623,0.0,0.0,0.0,0.0,0.9932318999562995,10.346165624544787,0.06512140003178502,1.0121681999735301,96,9.757177886829393e-08,9.638478848383869e-08
100,73,87,8352,0.45,0.375,0.0,0,0,0,0,0,0,1.6032799666702104,0.9580262079396968,1.005807308505502,0.9580262079396968,1.005807308505502,0,0.0,0,0.0,0.0,0,0,0,0,0.019247199983510654,0.20049166649490266,0.0,0.0,0.0,0.0,1.0227128000187804,10.653258333528962,0.06692639999528183,1.041960000002291,96,9.887972103432563e-08,9.14058773116011e-08
100,74,88,8448,0.45,0.375,0.0,0,0,0,0,0,0,1.5221661830437438,0.959322175117135,1.0087798216423833,0.959322175117135,1.0087798216423833,0,0.0,0,0.0,0.0,0,0,0,0,0.018399899963696953,0.19166562462184325,0.0,0.0,0.0,0.0,0.9966217000473989,10.381476042160406,0.0637096999635105,1.0150216000110959,96,9.517139121922868e-08,8.836880095730582e-08
100,75,89,8544,0.45,0.375,0.0,0,0,0,0,0,0,1.4264313830513184,0.9599914664182789,1.0136139527599113,0.9599914664182789,1.0136139527599113,0,0.0,0,0.0,0.0,0,0,0,0,0.019874999990861397,0.20703124990480623,0.0,0.0,0.0,0.0,1.0168315999617334,10.591995832934723,0.0640678999843658,1.0367065999525948,96,9.28614805190131e-08,8.540537950463278e-08
100,76,90,8640,0.45,0.375,0.0,0,0,0,0,0,0,0.9620781050505749,0.9661269330320769,1.0131061283276392,0.9661269330320769,1.0131061283276392,0,0.0,0,0.0,0.0,0,0,0,0,0.019339899969054386,0.20145729134431653,0.0,0.0,0.0,0.0,1.002220899979875,10.43980104145703,0.06331550003233133,1.0215607999489293,96,6.270724914152204e-08,6.653348837148965e-08
100,77,91,8736,0.45,0.375,0.0,0,0,0,0,0,0,0.8245279666911505,0.9666420940001303,1.0140130866137107,0.9666420940001303,1.0140130866137107,0,0.0,0,0.0,0.0,0,0,0,0,0.01920419999078149,0.20004374990397386,0.0,0.0,0.0,0.0,1.0103598000132479,10.524581250137999,0.06445099999109516,1.0295640000040294,96,4.996596998131653e-08,4.66302275264896e-08
100,78,93,8928,0.45,0.375,0.0,0,0,0,0,0,0,1.4545635545888371,0.9604266527708416,1.006213662672284,0.9604266527708416,1.006213662672284,0,0.0,0,0.0,0.0,0,0,0,0,0.019105800020042807,0.19901875020877924,0.0,0.0,0.0,0.0,1.0296287999954075,10.725299999952162,0.06735300001309952,1.0487346000154503,96,9.593897118582995e-08,8.519048799726647e-08
100,79,94,9024,0.45,0.375,0.0,0,0,0,0,0,0,1.5779212933444846,0.959480719277268,1.0066730625579188,0.959480719277268,1.0066730625579188,0,0.0,0,0.0,0.0,0,0,0,0,0.0189893000133452,0.19780520847234584,0.0,0.0,0.0,0.0,1.0036972999587306,10.455180207903444,0.06502430002728943,1.0226865999720758,96,9.491086977973795e-08,8.726256030266999e-08
100,80,95,9120,0.45,0.375,0.0,0,0,0,0,0,0,1.55280806796775,0.9598464018626797,1.006249301724232,0.9598464018626797,1.006249301724232,0,0.0,0,0.0,0.0,0,0,0,0,0.018853699999453966,0.19639270832764547,0.0,0.0,0.0,0.0,0.9781631999867386,10.189199999861861,0.06364090002898593,0.9970168999861926,96,9.963310854295415e-08,9.276867905805286e-08
100,81,96,9216,0.45,0.375,0.0,0,0,0,0,0,0,1.5626637751134433,0.9585289201600415,1.0042306812833468,0.9585289201600415,1.0042306812833468,0,0.0,0,0.0,0.0,0,0,0,0,0.019001300039235502,0.19793020874203648,0.0,0.0,0.0,0.0,0.9688670000614366,10.092364583973298,0.06302369997865753,0.9878683001006721,96,9.826878780323789e-08,8.934598366705515e-08
100,82,97,9312,0.45,0.375,0.0,0,0,0,0,0,0,0.9920146692547371,0.966058193505081,1.0081876520506956,0.966058193505081,1.0081876520506956,0,0.0,0,0.0,0.0,0,0,0,0,0.01960700003837701,0.20423958373309384,0.0,0.0,0.0,0.0,1.036497400033113,10.796847917011595,0.06617559996811906,1.05610440007149,96,6.561302341723252e-08,5.36463552053279e-08
100,83,98,9408,0.45,0.375,0.0,0,0,0,0,0,0,0.9170168599987667,0.9667870898784109,1.0321359525349965,0.9667870898784109,1.0321359525349965,0,0.0,0,0.0,0.0,0,0,0,0,0.01937710000493098,0.20184479171803105,0.0,0.0,0.0,0.0,1.0412310000319849,10.846156250333175,0.06650120000267634,1.0606081000369159,96,4.732191203130065e-08,8.243271577487721e-08
100,84,99,9504,0.45,0.375,0.0,0,0,0,0,0,0,1.4267081944006086,0.9607656217769556,1.00875286590411,0.9607656217769556,1.00875286590411,0,0.0,0,0.0,0.0,0,0,0,0,0.018728499941062182,0.19508854105273107,0.0,0.0,0.0,0.0,0.959851699983119,9.99845520815749,0.06264580002607545,0.9785801999241812,96,9.553892484429061e-08,8.798190037628828e-08
100,85,100,9600,0.45,0.375,0.0,0,0,0,0,0,0,1.48329721957905,0.9606775136819151,1.0073282765878264,0.9606775136819151,1.0073282765878264,0,0.0,0,0.0,0.0,0,0,0,0,0.019543600028555375,0.20357916696411849,0.0,0.0,0.0,0.0,1.0058716999847093,10.477830208174055,0.06607770001573954,1.0254153000132646,96,9.90957701920564e-08,9.192146079028962e-08
100,86,101,9696,0.45,0.375,0.0,0,0,0,0,0,0,1.572060757591782,0.9599676131402625,1.0058018054438382,0.9599676131402625,1.0058018054438382,0,0.0,0,0.0,0.0,0,0,0,0,0.019628499998361804,0.20446354164960212,0.0,0.0,0.0,0.0,1.079896099952748,11.248917707841125,0.06914000000688247,1.0995245999511098,96,9.984226161108278e-08,9.283422489070325e-08
100,87,102,9792,0.45,0.375,0.0,0,0,0,0,0,0,1.4844191770056205,0.9602340302852206,1.003856286379323,0.9602340302852206,1.003856286379323,0,0.0,0,0.0,0.0,0,0,0,0,0.019573300014599226,0.20388854181874194,0.0,0.0,0.0,0.0,0.9521402999671409,9.918128124657718,0.059917600025073625,0.9717135999817401,96,9.680033200357152e-08,8.864601233615765e-08
100,88,103,9888,0.45,0.375,0.0,0,0,0,0,0,0,0.8517129614551192,0.9675306803404627,1.0065860897911276,0.9675306803404627,1.0065860897911276,0,0.0,0,0.0,0.0,0,0,0,0,0.018785200045385864,0.1956791671394361,0.0,0.0,0.0,0.0,0.9897221999708563,10.30960624969642,0.06495890000951476,1.0085074000162422,96,3.654183935476729e-08,3.443484872245328e-08
100,89,104,9984,0.45,0.375,0.0,0,0,0,0,0,0,0.9452003085066409,0.9665484967620426,1.0031124968224083,0.9665484967620426,1.0031124968224083,0,0.0,0,0.0,0.0,0,0,0,0,0.018819900004018564,0.19604062504186004,0.0,0.0,0.0,0.0,0.9802946000054362,10.211402083389961,0.06094440000015311,0.9991145000094548,96,5.326816402036194e-08,4.670598546807625e-08
100,90,105,10080,0.45,0.375,0.0,0,0,0,0,0,0,0.7407734383690138,0.9685841463395982,1.0052451865855658,0.9685841463395982,1.0052451865855658,0,0.0,0,0.0,0.0,0,0,0,0,0.01938719996542204,0.20194999963981294,0.0,0.0,0.0,0.0,0.9730605999720865,10.136047916375901,0.06171090000862023,0.9924477999375085,96,2.518783581446221e-08,2.380734366591586e-08
100,91,106,10176,0.45,0.375,0.0,0,0,0,0,0,0,0.798860509569912,0.9673576156364715,1.00467892236364,0.9673576156364715,1.00467892236364,0,0.0,0,0.0,0.0,0,0,0,0,0.019695000002684537,0.20515625002796392,0.0,0.0,0.0,0.0,1.00564780003333,10.475497917013854,0.06523089997062925,1.0253428000360145,96,3.957362546165577e-08,3.654116086104775e-08
100,92,108,10368,0.45,0.375,0.0,0,0,0,0,0,0,1.5298044087916145,0.9608968607595176,1.004753679679609,0.9608968607595176,1.004753679679609,0,0.0,0,0.0,0.0,0,0,0,0,0.019061800034251064,0.1985604170234486,0.0,0.0,0.0,0.0,0.9772848000138765,10.180050000144547,0.06284410002990626,0.9963466000481276,96,9.844799466959819e-08,9.309710682914307e-08
100,93,109,10464,0.45,0.375,0.0,0,0,0,0,0,0,1.47029732061772,0.961219140358152,1.0099907378988866,0.961219140358152,1.0099907378988866,0,0.0,0,0.0,0.0,0,0,0,0,0.020629400030884426,0.2148895836550461,0.0,0.0,0.0,0.0,1.0535102000358165,10.974064583706422,0.06716520001646131,1.074139600066701,96,9.739003126521539e-08,8.964053298254893e-08
100,94,110,10560,0.45,0.375,0.0,0,0,0,0,0,0,1.4865981882881845,0.9605829424889929,1.0084766199013646,0.9605829424889929,1.0084766199013646,0,0.0,0,0.0,0.0,0,0,0,0,0.019269000011263415,0.20071875011732723,0.0,0.0,0.0,0.0,1.0068650999528472,10.488178124508826,0.06591560004017083,1.0261340999641106,96,9.578117122349683e-08,8.836699989800412e-08
100,95,111,10656,0.45,0.375,0.0,0,0,0,0,0,0,1.101438516269556,0.965443199452562,1.0040840176878425,0.965443199452562,1.0040840176878425,0,0.0,0,0.0,0.0,0,0,0,0,0.022032599998055957,0.22950624997974955,0.0,0.0,0.0,0.0,1.1559743000179878,12.041398958520707,0.07304079999448732,1.1780069000160438,96,7.756808998934939e-08,6.453787088078755e-08
100,96,112,10752,0.45,0.375,0.0,0,0,0,0,0,0,0.8881661956692188,0.9663055247604332,1.0070070145980117,0.9663055247604332,1.0070070145980117,0,0.0,0,0.0,0.0,0,0,0,0,0.019846700044581667,0.2067364587977257,0.0,0.0,0.0,0.0,1.0817910000187112,11.268656250194908,0.07360180000250693,1.1016377000632929,96,5.588776151935204e-08,4.804451073092686e-08
100,97,113,10848,0.45,0.375,0.0,0,0,0,0,0,0,1.4536173791706288,0.960828225664518,1.0136881536028177,0.960828225664518,1.0136881536028177,0,0.0,0,0.0,0.0,0,0,0,0,0.02363250000780681,0.24617187508132093,0.0,0.0,0.0,0.0,1.2714433000073768,13.244201041743509,0.08178049999696668,1.2950758000151836,96,9.729887533692361e-08,9.831015952699307e-08
100,98,115,11040,0.45,0.375,0.0,0,0,0,0,0,0,1.6221495817392082,0.9592392594681279,1.0036886135508416,0.9592392594681279,1.0036886135508416,0,0.0,0,0.0,0.0,0,0,0,0,0.02281979997496819,0.237706249739252,0.0,0.0,0.0,0.0,1.1999071000391268,12.499032292074238,0.07728809995023767,1.222726900014095,96,9.909586675543869e-08,9.217767063529614e-08
100,99,116,11136,0.45,0.375,0.0,0,0,0,0,0,0,1.588471048766554,0.960075174550421,1.0040992957236612,0.960075174550421,1.0040992957236612,0,0.0,0,0.0,0.0,0,0,0,0,0.02228040000773035,0.23208750008052448,0.0,0.0,0.0,0.0,1.1451894999918295,11.929057291581557,0.07049429998733103,1.1674698999995599,96,9.934003789707768e-08,9.44363878763177e-08
100,100,117,11232,0.45,0.375,0.0,0,0,0,0,0,0,1.515840592684755,0.9603989403302419,1.0034798436443433,0.9603989403302419,1.0034798436443433,0,0.0,0,0.0,0.0,0,0,0,0,0.021705700062739197,0.22610104232019998,0.0,0.0,0.0,0.0,1.1565671999924234,12.047574999921077,0.07476810000662226,1.1782729000551626,96,9.927745657674347e-08,9.276084733667034e-08
100,101,118,11328,0.45,0.375,0.0,0,0,0,0,0,0,0.9366266081786244,0.9667072766343336,1.007890580854333,0.9667072766343336,1.007890580854333,0,0.0,0,0.0,0.0,0,0,0,0,0.021015299964346923,0.2189093746286138,0.0,0.0,0.0,0.0,1.0900830999817117,11.355032291476164,0.06661410006927326,1.1110983999460586,96,4.958312381335428e-08,4.357472029037357e-08
100,102,121,11616,0.45,0.375,0.0,0,0,0,0,0,0,1.6038750480280797,0.9592147782921463,1.0028779907521252,0.9592147782921463,1.0028779907521252,0,0.0,0,0.0,0.0,0,0,0,0,0.019980199984274805,0.20812708316952921,0.0,0.0,0.0,0.0,1.0445731000145315,10.880969791818037,0.06854040001053363,1.0645532999988063,96,9.967417789573385e-08,9.247290481961823e-08
100,103,122,11712,0.45,0.375,0.0,0,0,0,0,0,0,1.5495066501089463,0.9601335197413936,1.0051828564463976,0.9601335197413936,1.0051828564463976,0,0.0,0,0.0,0.0,0,0,0,0,0.023105999956896994,0.24068749955101035,0.0,0.0,0.0,0.0,1.2053364000530564,12.55558750055267,0.07777019997593015,1.2284424000099534,96,9.805439859372767e-08,9.122711940035e-08
100,104,123,11808,0.45,0.375,0.0,0,0,0,0,0,0,1.717681958262352,0.958804089706919,1.002239799150783,0.958804089706919,1.002239799150783,0,0.0,0,0.0,0.0,0,0,0,0,0.020589800020388793,0.2144770835457166,0.0,0.0,0.0,0.0,1.1083666999838897,11.545486458165518,0.0705179000433418,1.1289565000042785,96,9.455585097892238e-08,6.899660273673724e-08
100,105,124,11904,0.45,0.375,0.0,0,0,0,0,0,0,1.5563938012305563,0.9592752343957142,1.0020818670040852,0.9592752343957142,1.0020818670040852,0,0.0,0,0.0,0.0,0,0,0,0,0.02056819999415893,0.21425208327248887,0.0,0.0,0.0,0.0,1.0911985000420827,11.366651042105028,0.06971990001329686,1.1117667000362417,96,9.847961175701858e-08,9.083012335320273e-08
100,106,125,12000,0.45,0.375,0.0,0,0,0,0,0,0,0.95119596222792,0.9675356448117239,1.0132882436294592,0.9675356448117239,1.0132882436294592,0,0.0,0,0.0,0.0,0,0,0,0,0.02147559996228665,0.22370416627381928,0.0,0.0,0.0,0.0,1.0726901999660186,11.173856249646027,0.06900020003376994,1.0941657999283052,96,4.056295840881852e-08,7.433370769610592e-08
100,107,126,12096,0.45,0.375,0.0,0,0,0,0,0,0,0.8387447371017844,0.9668720002181561,1.0059605666488924,0.9668720002181561,1.0059605666488924,0,0.0,0,0.0,0.0,0,0,0,0,0.01992970005085226,0.20760104219637773,0.0,0.0,0.0,0.0,1.037422899986268,10.806488541523626,0.0685870000088471,1.0573526000371203,96,4.58802641364886e-08,4.118446465806169e-08
100,108,127,12192,0.45,0.375,0.0,0,0,0,0,0,0,1.662841859183763,0.9580514391712048,1.0001383408873976,0.9580514391712048,1.0001383408873976,0,0.0,0,0.0,0.0,0,0,0,0,0.020611100029782392,0.21469895864356658,0.0,0.0,0.0,0.0,1.060104400072305,11.042754167419844,0.07107799998630071,1.0807155001020874,96,9.890694385034093e-08,7.108339153405474e-08
100,109,128,12288,0.45,0.375,0.0,0,0,0,0,0,0,1.3746625314219931,0.96165223325946,1.0068848630559646,0.96165223325946,1.0068848630559646,0,0.0,0,0.0,0.0,0,0,0,0,0.024711199992452748,0.2574083332547161,0.0,0.0,0.0,0.0,1.3481811999736237,14.043554166391914,0.08565680002357112,1.3728923999660765,96,9.722668259902478e-08,8.995353281693319e-08
100,110,130,12480,0.45,0.375,0.0,0,0,0,0,0,0,1.3619560505788546,0.9616085610424621,1.0173234053027866,0.9616085610424621,1.0173234053027866,0,0.0,0,0.0,0.0,0,0,0,0,0.02482460005558096,0.25858958391230163,0.0,0.0,0.0,0.0,1.320735799985414,13.757664583181395,0.08528610000212211,1.3455604000409949,96,9.459056531969934e-08,8.960540059943511e-08
100,111,131,12576,0.45,0.375,0.0,0,0,0,0,0,0,1.3382187942939596,0.960864111442331,1.0077433298017633,0.960864111442331,1.0077433298017633,0,0.0,0,0.0,0.0,0,0,0,0,0.02090760004648473,0.21778750048421594,0.0,0.0,0.0,0.0,1.0925322999901255,11.380544791563807,0.07056130004639272,1.1134399000366102,96,9.632565017327066e-08,8.524162417589132e-08
100,112,132,12672,0.45,0.375,0.0,0,0,0,0,0,0,0.9109460240768034,0.9676788266123306,1.008953768684546,0.9676788266123306,1.008953768684546,0,0.0,0,0.0,0.0,0,0,0,0,0.02057809996040305,0.21435520792086513,0.0,0.0,0.0,0.0,1.1091583999441355,11.553733332751412,0.07024970001657493,1.1297364999045385,96,3.79951186875796e-08,3.5433557477038136e-08
100,113,133,12768,0.45,0.375,0.0,0,0,0,0,0,0,0.7626271046136665,0.967922909375908,1.0099324527048767,0.967922909375908,1.0099324527048767,0,0.0,0,0.0,0.0,0,0,0,0,0.019876399972417857,0.20704583304601934,0.0,0.0,0.0,0.0,1.04127259998495,10.846589583176561,0.0665519999965909,1.0611489999573678,96,3.199173718472503e-08,3.2886145508170816e-08
100,114,134,12864,0.45,0.375,0.0,0,0,0,0,0,0,1.2603330280382408,0.9624521352894402,1.0108755905428886,0.9624521352894402,1.0108755905428886,0,0.0,0,0.0,0.0,0,0,0,0,0.021412100075394846,0.2230427091186963,0.0,0.0,0.0,0.0,1.1623826999784796,12.10815312477583,0.0750274999809335,1.1837948000538745,96,9.196181974778506e-08,9.13443077427134e-08
100,115,135,12960,0.45,0.375,0.0,0,0,0,0,0,0,1.3534286779944005,0.961776332756091,1.0094239710990731,0.961776332756091,1.0094239710990731,0,0.0,0,0.0,0.0,0,0,0,0,0.020923299991409294,0.21795104157718015,0.0,0.0,0.0,0.0,1.0606724000026588,11.04867083336103,0.0684747999694082,1.0815956999940681,96,9.918194902522326e-08,8.997600879634415e-08
100,116,136,13056,0.45,0.375,0.0,0,0,0,0,0,0,1.3830522761132196,0.9616239700571558,1.0188455741577054,0.9616239700571558,1.0188455741577054,0,0.0,0,0.0,0.0,0,0,0,0,0.020213000003423076,0.21055208336899037,0.0,0.0,0.0,0.0,1.0172956000606064,10.596829167297983,0.06501429997297237,1.0375086000640295,96,9.642246164703883e-08,8.841049184415972e-08
100,117,137,13152,0.45,0.375,0.0,0,0,0,0,0,0,1.3616674725562077,0.9618881761631022,1.0089772649442452,0.9618881761631022,1.0089772649442452,0,0.0,0,0.0,0.0,0,0,0,0,0.019482400006381795,0.2029416667331437,0.0,0.0,0.0,0.0,1.040142099991499,10.834813541578114,0.06918250002490822,1.0596244999978808,96,9.97332047763394e-08,9.152256758016009e-08
100,118,139,13344,0.45,0.375,0.0,0,0,0,0,0,0,0.8810235137992073,0.9682953842776243,1.009222106177672,0.9682953842776243,1.009222106177672,0,0.0,0,0.0,0.0,0,0,0,0,0.02010650005104253,0.20944270886502636,0.0,0.0,0.0,0.0,1.03062499997759,10.735677083099896,0.06983510003919946,1.0507315000286326,96,3.1123981720886096e-08,4.0589755063991095e-08
100,119,140,13440,0.45,0.375,0.0,0,0,0,0,0,0,0.7882989669509995,0.9677457716672907,1.020424814177778,0.9677457716672907,1.020424814177778,0,0.0,0,0.0,0.0,0,0,0,0,0.019571100070606917,0.20386562573548872,0.0,0.0,0.0,0.0,1.017697999959637,10.601020832912885,0.06405959999392508,1.0372691000302439,96,5.622668622362603e-08,9.122297611741104e-08
100,120,141,13536,0.45,0.375,0.0,0,0,0,0,0,0,1.235731107465713,0.9629912594771083,1.014791450226246,0.9629912594771083,1.014791450226246,0,0.0,0,0.0,0.0,0,0,0,0,0.020916200017381925,0.21787708351439505,0.0,0.0,0.0,0.0,1.0991507000144338,11.449486458483685,0.07032910000270931,1.1200669000318157,96,9.219361942272575e-08,9.105232821188247e-08
100,121,142,13632,0.45,0.375,0.0,0,0,0,0,0,0,1.329328646996762,0.961828583241567,1.0140266042037267,0.961828583241567,1.0140266042037267,0,0.0,0,0.0,0.0,0,0,0,0,0.01901700000598794,0.19809375006237437,0.0,0.0,0.0,0.0,1.110426400002325,11.566941666690886,0.07215070001257118,1.129443400008313,96,9.42126095540563e-08,8.770192305024294e-08
100,122,144,13824,0.45,0.375,0.0,0,0,0,0,0,0,0.7934810143916899,0.9684476652820607,1.0207486777265644,0.9684476652820607,1.0207486777265644,0,0.0,0,0.0,0.0,0,0,0,0,0.020595999994839076,0.21454166661290705,0.0,0.0,0.0,0.0,1.248175100030494,13.001823958650979,0.08088629999110708,1.268771100025333,96,5.990399995492446e-08,9.881764958391548e-08
100,123,145,13920,0.45,0.375,0.0,0,0,0,0,0,0,1.0302425584177048,0.9665257790379655,1.0268888501861362,0.9665257790379655,1.0268888501861362,0,0.0,0,0.0,0.0,0,0,0,0,0.018740800020168535,0.19521666687675557,0.0,0.0,0.0,0.0,1.1104878000041936,11.567581250043682,0.07036980002158089,1.129228600024362,96,5.059195236356562e-08,9.188126908615812e-08
100,124,146,14016,0.45,0.375,0.0,0,0,0,0,0,0,0.9440376863090948,0.9683364977339498,1.031333447868173,0.9683364977339498,1.031333447868173,0,0.0,0,0.0,0.0,0,0,0,0,0.020066800017957576,0.20902916685372475,0.0,0.0,0.0,0.0,1.1815331000179867,12.307636458520696,0.07589269998425152,1.2015999000359443,96,5.6984167662310625e-08,9.501986093785053e-08
100,125,147,14112,0.45,0.375,0.0,0,0,0,0,0,0,0.8421226465589192,0.967573265343556,1.0291901319423726,0.967573265343556,1.0291901319423726,0,0.0,0,0.0,0.0,0,0,0,0,0.01909360001445748,0.19889166681726542,0.0,0.0,0.0,0.0,1.109216600023501,11.554339583578136,0.07187690000864677,1.1283102000379586,96,5.292087795760736e-08,8.760340423560886e-08
100,126,148,14208,0.45,0.375,0.0,0,0,0,0,0,0,1.3129948224256334,0.9616038127013153,1.0153698898688641,0.9616038127013153,1.0153698898688641,0,0.0,0,0.0,0.0,0,0,0,0,0.019416100076341536,0.202251042461891,0.0,0.0,0.0,0.0,1.1156652999998187,11.621513541664777,0.07340179997845553,1.1350814000761602,96,9.941809118139966e-08,9.164650899284865e-08
100,127,150,14400,0.45,0.375,0.0,0,0,0,0,0,0,1.3214588308631334,0.9622398208452629,1.0098160907659752,0.9622398208452629,1.0098160907659752,0,0.0,0,0.0,0.0,0,0,0,0,0.018855600013921503,0.19641250014501566,0.0,0.0,0.0,0.0,1.066094100016926,11.105146875176311,0.06912369997735368,1.0849497000308475,96,9.539944838439507e-08,8.722459962640094e-08
100,128,152,14592,0.45,0.375,0.0,0,0,0,0,0,0,1.241543246442082,0.9638617679137265,1.0155185985053474,0.9638617679137265,1.0155185985053474,0,0.0,0,0.0,0.0,0,0,0,0,0.02039179999701446,0.21241458330223395,0.0,0.0,0.0,0.0,1.2547309999499703,13.07011458281219,0.08220530000835424,1.2751227999469847,96,9.915444837589604e-08,9.942362415998884e-08
100,129,153,14688,0.45,0.375,0.0,0,0,0,0,0,0,0.864182763737342,0.9683856304048074,1.0125724857156089,0.9683856304048074,1.0125724857156089,0,0.0,0,0.0,0.0,0,0,0,0,0.018911599981947802,0.1969958331452896,0.0,0.0,0.0,0.0,1.1485623000262422,11.964190625273355,0.07550959999207407,1.16747390000819,96,2.9962015923867824e-08,6.834567443242401e-08
100,130,154,14784,0.45,0.375,0.0,0,0,0,0,0,0,0.6747164134911212,0.9700750679947621,1.0068706099569689,0.9700750679947621,1.0068706099569689,0,0.0,0,0.0,0.0,0,0,0,0,0.019781499977398198,0.20605729143123122,0.0,0.0,0.0,0.0,1.1781485000246903,12.272380208590524,0.07675170001311926,1.1979300000020885,96,1.5430659063876695e-08,1.4563649869403505e-08
100,131,155,14880,0.45,0.375,0.0,0,0,0,0,0,0,0.694817697952032,0.9687261734716837,1.013846453523215,0.9687261734716837,1.013846453523215,0,0.0,0,0.0,0.0,0,0,0,0,0.020005799939099234,0.20839374936561703,0.0,0.0,0.0,0.0,1.1112708000218845,11.575737500227964,0.0714921000180766,1.1312765999609837,96,2.4500606890520693e-08,4.839143391555112e-08
100,132,156,14976,0.45,0.375,0.0,0,0,0,0,0,0,1.3134093395866309,0.9620770842214267,1.0043083926350849,0.9620770842214267,1.0043083926350849,0,0.0,0,0.0,0.0,0,0,0,0,0.019495800021104515,0.2030812502198387,0.0,0.0,0.0,0.0,1.1817971000200487,12.310386458542174,0.0777083999637398,1.2012929000411532,96,9.600588411068367e-08,8.733309145303458e-08
100,133,157,15072,0.45,0.375,0.0,0,0,0,0,0,0,1.3693429813732232,0.9612941198603874,1.0079765406540477,0.9612941198603874,1.0079765406540477,0,0.0,0,0.0,0.0,0,0,0,0,0.019437599992670584,0.20247499992365192,0.0,0.0,0.0,0.0,1.1524918000286561,12.005122916965169,0.07650059997104108,1.1719294000213267,96,9.790832561362706e-08,8.94679218904626e-08
100,134,158,15168,0.45,0.375,0.0,0,0,0,0,0,0,1.267854306167432,0.9629390778083973,1.0096182672971994,0.9629390778083973,1.0096182672971994,0,0.0,0,0.0,0.0,0,0,0,0,0.02003490001516184,0.2086968751579358,0.0,0.0,0.0,0.0,1.2006662999774562,12.50694062476517,0.07856259999243775,1.220701199992618,96,9.848340276098766e-08,8.825967449943573e-08
100,135,159,15264,0.45,0.375,0.0,0,0,0,0,0,0,1.2651878630193107,0.9628096909390123,1.0077593050830567,0.9628096909390123,1.0077593050830567,0,0.0,0,0.0,0.0,0,0,0,0,0.01988210001582047,0.20710520849812988,0.0,0.0,0.0,0.0,1.1422656000140705,11.898600000146567,0.07595009997749003,1.162147700029891,96,9.88184083693111e-08,8.899904757608823e-08
100,136,160,15360,0.45,0.375,0.0,0,0,0,0,0,0,0.8996293512982134,0.9685569516288562,1.023227649162153,0.9685569516288562,1.023227649162153,0,0.0,0,0.0,0.0,0,0,0,0,0.017598400001588743,0.18331666668321608,0.0,0.0,0.0,0.0,0.9747876000983524,10.154037501024504,0.06269679993420141,0.9923860000999412,96,5.187698395858753e-08,9.907042120699261e-08
100,137,161,15456,0.45,0.375,0.0,0,0,0,0,0,0,0.876882582396667,0.9675642585346296,1.0320061696959348,0.9675642585346296,1.0320061696959348,0,0.0,0,0.0,0.0,0,0,0,0,0.01905639996402897,0.19850416629196843,0.0,0.0,0.0,0.0,1.0935792999662226,11.391451041314818,0.07326470001135021,1.1126356999302516,96,5.3301684732609544e-08,9.075891219123555e-08
100,138,162,15552,0.45,0.375,0.0,0,0,0,0,0,0,1.3310645582523497,0.9614183490392922,1.008368141018847,0.9614183490392922,1.008368141018847,0,0.0,0,0.0,0.0,0,0,0,0,0.019925699976738542,0.20755937475769315,0.0,0.0,0.0,0.0,1.1662399999404442,12.14833333271296,0.07559450006374391,1.1861656999171828,96,9.054402999066069e-08,8.358100461736129e-08
100,139,163,15648,0.45,0.375,0.0,0,0,0,0,0,0,1.3195102583322882,0.9624081475800164,1.0079548927411024,0.9624081475800164,1.0079548927411024,0,0.0,0,0.0,0.0,0,0,0,0,0.019057900019106455,0.19851979186569224,0.0,0.0,0.0,0.0,1.091237199914758,11.36705416577873,0.07092910003120778,1.1102950999338645,96,9.709574455216141e-08,8.869883612316887e-08
100,140,165,15840,0.45,0.375,0.0,0,0,0,0,0,0,1.023612267044358,0.9663181590773997,1.0244546458961523,0.9663181590773997,1.0244546458961523,0,0.0,0,0.0,0.0,0,0,0,0,0.020866400031081866,0.21735833365710278,0.0,0.0,0.0,0.0,1.2590124000562355,13.114712500585787,0.08201319995714584,1.2798788000873174,96,5.502197877003956e-08,9.326308135493289e-08
100,141,166,15936,0.45,0.375,0.0,0,0,0,0,0,0,1.1399265451306595,0.9644005059352461,1.0079189121728722,0.9644005059352461,1.0079189121728722,0,0.0,0,0.0,0.0,0,0,0,0,0.019871700002113357,0.20699687502201414,0.0,0.0,0.0,0.0,1.2683490999261267,13.211969790897152,0.08616770005755825,1.28822079992824,96,7.721936000348872e-08,6.846313974073759e-08
100,142,168,16128,0.45,0.375,0.0,0,0,0,0,0,0,0.8344558624229355,0.9677097742522227,1.0293124549487638,0.9677097742522227,1.0293124549487638,0,0.0,0,0.0,0.0,0,0,0,0,0.01874119993590284,0.1952208326656546,0.0,0.0,0.0,0.0,1.0663789000245742,11.108113541922648,0.06910140001127729,1.085120099960477,96,5.178711307007866e-08,9.24043048675105e-08
100,143,169,16224,0.45,0.375,0.0,0,0,0,0,0,0,1.3055259721846268,0.9617716261645607,1.019130072575333,0.9617716261645607,1.019130072575333,0,0.0,0,0.0,0.0,0,0,0,0,0.021585199945548084,0.22484583276612588,0.0,0.0,0.0,0.0,1.340019500006747,13.958536458403614,0.08653890001005493,1.361604699952295,96,9.11193751874928e-08,9.983153571174741e-08
100,144,170,16320,0.45,0.375,0.0,0,0,0,0,0,0,1.3740270559504697,0.9615590550032254,1.0144263959504982,0.9615590550032254,1.0144263959504982,0,0.0,0,0.0,0.0,0,0,0,0,0.019892800024535973,0.20721666692224971,0.0,0.0,0.0,0.0,1.1914669999896432,12.41111458322545,0.07700140000815736,1.2113598000141792,96,9.870515688646664e-08,9.719914841749278e-08
100,145,171,16416,0.45,0.375,0.0,0,0,0,0,0,0,1.350874489331698,0.9622791104176688,1.0151521381116513,0.9622791104176688,1.0151521381116513,0,0.0,0,0.0,0.0,0,0,0,0,0.018674399994779378,0.19452499994561853,0.0,0.0,0.0,0.0,1.0822385000137729,11.273317708476801,0.07114509999519214,1.1009129000085522,96,9.538066158068514e-08,9.764887804603051e-08
100,146,172,16512,0.45,0.375,0.0,0,0,0,0,0,0,1.4410528061223484,0.960495031608524,1.010618051901161,0.960495031608524,1.010618051901161,0,0.0,0,0.0,0.0,0,0,0,0,0.019217600012780167,0.20018333346646008,0.0,0.0,0.0,0.0,1.1336152999574551,11.808492707890158,0.07380050003848737,1.1528328999702353,96,9.638504064324316e-08,9.910256976164433e-08
100,147,174,16704,0.45,0.375,0.0,0,0,0,0,0,0,0.9476966911503514,0.9679691788430729,1.0119479936069335,0.9679691788430729,1.0119479936069335,0,0.0,0,0.0,0.0,0,0,0,0,0.02028460003930377,0.21129791707608092,0.0,0.0,0.0,0.0,1.1556065999684506,12.03756874967136,0.07504990002053091,1.1758912000077544,96,3.6969751357474046e-08,5.6840439403849086e-08
100,148,176,16896,0.45,0.375,0.0,0,0,0,0,0,0,1.2818684915477485,0.9626667374762744,1.0095223959960873,0.9626667374762744,1.0095223959960873,0,0.0,0,0.0,0.0,0,0,0,0,0.020063999996636994,0.20899999996496868,0.0,0.0,0.0,0.0,1.1691458999775932,12.178603124766596,0.07513220005057519,1.1892098999742302,96,9.986743601357595e-08,8.661213739269424e-08
100,149,177,16992,0.45,0.375,0.0,0,0,0,0,0,0,1.3616758350314724,0.9618233619676331,1.0071550654270798,0.9618233619676331,1.0071550654270798,0,0.0,0,0.0,0.0,0,0,0,0,0.017485199990915135,0.18213749990536598,0.0,0.0,0.0,0.0,0.9488660999923013,9.884021874919805,0.06059840002853889,0.9663512999832164,96,9.794588252433345e-08,9.004270239143519e-08
100,150,178,17088,0.45,0.375,0.0,0,0,0,0,0,0,1.38605197401646,0.9614311072687428,1.0060446427659686,0.9614311072687428,1.0060446427659686,0,0.0,0,0.0,0.0,0,0,0,0,0.02053109998087166,0.21386562480074645,0.0,0.0,0.0,0.0,1.2701032999393647,13.230242707701715,0.08266600005299551,1.2906343999202363,96,9.78015503479146e-08,9.066956449532704e-08
100,151,180,17280,0.45,0.375,0.0,0,0,0,0,0,0,1.3296739960181074,0.9611351843943728,1.0068443004446703,0.9611351843943728,1.0068443004446703,0,0.0,0,0.0,0.0,0,0,0,0,0.019195499997294974,0.19995312497182263,0.0,0.0,0.0,0.0,1.0449972999995225,10.885388541661692,0.0700666000120691,1.0641927999968175,96,9.982195032370855e-08,8.935193307468836e-08
100,152,181,17376,0.45,0.375,0.0,0,0,0,0,0,0,0.9353852987966162,0.9681636479183103,1.004577300587401,0.9681636479183103,1.004577300587401,0,0.0,0,0.0,0.0,0,0,0,0,0.01928359996236395,0.20087083294129116,0.0,0.0,0.0,0.0,1.086383800044132,11.316497917126375,0.07124489999841899,1.1056674000064959,96,3.5191430524869616e-08,3.285236596650698e-08
100,153,183,17568,0.45,0.375,0.0,0,0,0,0,0,0,1.2420253031731643,0.9627334264149534,1.0122718207348986,0.9627334264149534,1.0122718207348986,0,0.0,0,0.0,0.0,0,0,0,0,0.018178300008003134,0.18935729175003266,0.0,0.0,0.0,0.0,1.0441127999511082,10.87617499949071,0.06792090002272744,1.0622910999591113,96,9.636529170117814e-08,8.959455635726421e-08
100,154,184,17664,0.45,0.375,0.0,0,0,0,0,0,0,1.309246772683467,0.9625964337283041,1.0095055405678794,0.9625964337283041,1.0095055405678794,0,0.0,0,0.0,0.0,0,0,0,0,0.021070200004032813,0.21948125004200847,0.0,0.0,0.0,0.0,1.2576772000829806,13.100804167531047,0.08279959996434627,1.2787474000870134,96,9.293238899775458e-08,8.418959994427322e-08
100,155,185,17760,0.45,0.375,0.0,0,0,0,0,0,0,1.3446519715428542,0.9621888380147359,1.0128795805026494,0.9621888380147359,1.0128795805026494,0,0.0,0,0.0,0.0,0,0,0,0,0.019170100014889613,0.1996885418217668,0.0,0.0,0.0,0.0,1.051695300040592,10.955159375422832,0.06855369999539107,1.0708654000554816,96,9.543938660205864e-08,9.511370871462255e-08
100,156,187,17952,0.45,0.375,0.0,0,0,0,0,0,0,1.3637340187048228,0.9608824873758259,1.0096948296270776,0.9608824873758259,1.0096948296270776,0,0.0,0,0.0,0.0,0,0,0,0,0.02045709999947576,0.21309479166120582,0.0,0.0,0.0,0.0,1.211303099989891,12.617740624894699,0.07976620002591517,1.2317601999893668,96,9.990217922015154e-08,8.941401320738951e-08
100,157,188,18048,0.45,0.375,0.0,0,0,0,0,0,0,0.9421122648758207,0.9680457722227676,1.0148478274490595,0.9680457722227676,1.0148478274490595,0,0.0,0,0.0,0.0,0,0,0,0,0.021181399999477435,0.22063958332788994,0.0,0.0,0.0,0.0,1.24840619994211,13.00423124939698,0.0801382000427111,1.2695875999415875,96,4.5560772099495495e-08,9.247271007956082e-08
100,158,189,18144,0.45,0.375,0.0,0,0,0,0,0,0,0.8206484175677036,0.9676483909912122,1.0218121200667487,0.9676483909912122,1.0218121200667487,0,0.0,0,0.0,0.0,0,0,0,0,0.019361499966180418,0.20168229131437934,0.0,0.0,0.0,0.0,1.1073121999652358,11.534502082971207,0.07120230003056349,1.1266736999314162,96,5.826612456405478e-08,9.791222830776714e-08
100,159,190,18240,0.45,0.375,0.0,0,0,0,0,0,0,1.4220731214530418,0.960535041503963,1.0059570276600738,0.960535041503963,1.0059570276600738,0,0.0,0,0.0,0.0,0,0,0,0,0.01937729997007409,0.20184687468827178,0.0,0.0,0.0,0.0,1.138823599962052,11.86274583293804,0.07450650001555914,1.158200899932126,96,9.785410215630563e-08,9.083202238968635e-08
100,160,191,18336,0.45,0.375,0.0,0,0,0,0,0,0,1.3970930491445441,0.9609964859609909,1.007572936152836,0.9609964859609909,1.007572936152836,0,0.0,0,0.0,0.0,0,0,0,0,0.01976689994626213,0.20590520777356383,0.0,0.0,0.0,0.0,1.1512062000620062,11.991731250645898,0.07723339993390255,1.1709731000082684,96,9.862953398442897e-08,8.954437580310781e-08
100,161,192,18432,0.45,0.375,0.0,0,0,0,0,0,0,1.553420055628941,0.958353174545723,1.0013427535258959,0.958353174545723,1.0013427535258959,0,0.0,0,0.0,0.0,0,0,0,0,0.01846670005033957,0.19236145885770384,0.0,0.0,0.0,0.0,1.0642847000417532,11.086298958768262,0.06860199997026939,1.0827514000920928,96,9.682553648616976e-08,8.970341483505173e-08
100,162,193,18528,0.45,0.375,0.0,0,0,0,0,0,0,1.2980960637944565,0.9629670000041018,1.0121305715474564,0.9629670000041018,1.0121305715474564,0,0.0,0,0.0,0.0,0,0,0,0,0.019349700000020675,0.20155937500021537,0.0,0.0,0.0,0.0,1.0724058999840054,11.170894791500055,0.06793570001900662,1.091755599984026,96,9.674106252188786e-08,9.284063011427701e-08
100,163,194,18624,0.45,0.375,0.0,0,0,0,0,0,0,1.293770316166379,0.9623990584989561,1.0070069822419723,0.9623990584989561,1.0070069822419723,0,0.0,0,0.0,0.0,0,0,0,0,0.02088079998793546,0.21750833320766105,0.0,0.0,0.0,0.0,1.3228672999175615,13.7798677074746,0.0854984000325203,1.343748099905497,96,9.880941884143901e-08,8.794025618819035e-08
100,164,195,18720,0.45,0.375,0.0,0,0,0,0,0,0,0.8641683495338028,0.9686650507061373,1.007604683200398,0.9686650507061373,1.007604683200398,0,0.0,0,0.0,0.0,0,0,0,0,0.019110799963527825,0.19907083295341485,0.0,0.0,0.0,0.0,1.106493900049827,11.525978125519032,0.07157549996918533,1.1256047000133549,96,2.5677027878055758e-08,2.3728383355403615e-08
100,165,196,18816,0.45,0.375,0.0,0,0,0,0,0,0,0.7630487427168072,0.9678970712028493,1.0094066417956646,0.9678970712028493,1.0094066417956646,0,0.0,0,0.0,0.0,0,0,0,0,0.019167600010405295,0.19966250010838849,0.0,0.0,0.0,0.0,1.1447969999717316,11.924968749705537,0.07398059999832185,1.1639645999821369,96,3.1991254519601886e-08,3.02472238228324e-08
100,166,197,18912,0.45,0.375,0.0,0,0,0,0,0,0,1.2560622499898597,0.9629799948358055,1.008779522516053,0.9629799948358055,1.008779522516053,0,0.0,0,0.0,0.0,0,0,0,0,0.01953259999572765,0.2034645832888297,0.0,0.0,0.0,0.0,1.1168531999865081,11.63388749985946,0.0743870000296738,1.1363857999822358,96,9.858303968296456e-08,8.821260770452977e-08
100,167,198,19008,0.45,0.375,0.0,0,0,0,0,0,0,1.3260842378615212,0.9623615976977334,1.01524519092341,0.9623615976977334,1.01524519092341,0,0.0,0,0.0,0.0,0,0,0,0,0.02104049999616109,0.21917187496001134,0.0,0.0,0.0,0.0,1.2572897000281955,13.096767708627036,0.08179320001363521,1.2783302000243566,96,9.209494882846114e-08,8.509831464498241e-08
100,168,199,19104,0.45,0.375,0.0,0,0,0,0,0,0,1.374638968048376,0.9618823150507955,1.0165540755723679,0.9618823150507955,1.0165540755723679,0,0.0,0,0.0,0.0,0,0,0,0,0.01815919995715376,0.18915833288701833,0.0,0.0,0.0,0.0,0.9943721000381629,10.358042708730864,0.06626599994342541,1.0125312999953167,96,9.806325852040887e-08,8.973919739252434e-08
100,169,200,19200,0.45,0.375,0.0,0,0,0,0,0,0,1.3714994807814411,0.9619989620747299,1.0053068886738599,0.9619989620747299,1.0053068886738599,0,0.0,0,0.0,0.0,0,0,0,0,0.019649200032290537,0.20467916700302644,0.0,0.0,0.0,0.0,1.145037800029968,11.927477083645499,0.07354829997348133,1.1646870000622584,96,9.98164075786262e-08,9.202311024303356e-08
100,170,202,19392,0.45,0.375,0.0,0,0,0,0,0,0,0.900837276651284,0.9683839256517814,1.011441640760396,0.9683839256517814,1.011441640760396,0,0.0,0,0.0,0.0,0,0,0,0,0.018458100013958756,0.1922718751454037,0.0,0.0,0.0,0.0,1.057563299924368,11.016284374212168,0.06856860002153553,1.0760213999383268,96,2.9400869026689758e-08,5.087137610465531e-08
100,171,203,19488,0.45,0.375,0.0,0,0,0,0,0,0,0.7483519918154857,0.9681637283140588,1.0086485591624859,0.9681637283140588,1.0086485591624859,0,0.0,0,0.0,0.0,0,0,0,0,0.01899099998991005,0.19782291656156303,0.0,0.0,0.0,0.0,1.1181392000289634,11.647283333635036,0.07276549997186521,1.1371302000188734,96,2.922237003592787e-08,2.7629865062550607e-08
100,172,204,19584,0.45,0.375,0.0,0,0,0,0,0,0,1.3281680584834938,0.962300195053944,1.0024415435505862,0.962300195053944,1.0024415435505862,0,0.0,0,0.0,0.0,0,0,0,0,0.0207109999973909,0.2157395833061552,0.0,0.0,0.0,0.0,1.309979099991324,13.645615624909624,0.08513910003966885,1.3306900999887148,96,9.919282514293803e-08,8.61384377714991e-08
100,173,205,19680,0.45,0.375,0.0,0,0,0,0,0,0,1.5182397969379444,0.9599601272035501,1.0014717953539165,0.9599601272035501,1.0014717953539165,0,0.0,0,0.0,0.0,0,0,0,0,0.019777399953454733,0.2060145828484868,0.0,0.0,0.0,0.0,1.2219925999670522,12.729089582990127,0.0802910000202246,1.241769999920507,96,9.980788290460396e-08,9.22042327211603e-08
100,174,206,19776,0.45,0.375,0.0,0,0,0,0,0,0,1.4719579761776338,0.9599860252490592,1.001725966013732,0.9599860252490592,1.001725966013732,0,0.0,0,0.0,0.0,0,0,0,0,0.019576399987272453,0.20392083320075471,0.0,0.0,0.0,0.0,1.095469200037769,11.411137500393428,0.06986549998691771,1.1150456000250415,96,9.597824633146568e-08,8.864133642372263e-08
100,175,207,19872,0.45,0.375,0.0,0,0,0,0,0,0,1.4045386407862666,0.9610418644471527,1.003001404226228,0.9610418644471527,1.003001404226228,0,0.0,0,0.0,0.0,0,0,0,0,0.020605900019290857,0.2146447918676131,0.0,0.0,0.0,0.0,1.178130499967665,12.27219270799651,0.07601369999611052,1.1987363999869558,96,9.990060715302229e-08,9.248824768548491e-08
100,176,208,19968,0.45,0.375,0.0,0,0,0,0,0,0,1.191670018788548,0.9636896020741529,1.0073024382969842,0.9636896020741529,1.0073024382969842,0,0.0,0,0.0,0.0,0,0,0,0,0.019035199977224693,0.19828333309609056,0.0,0.0,0.0,0.0,1.0841109000102733,11.292821875107014,0.06960260002233554,1.103146099987498,96,9.097022483396666e-08,7.431975521110523e-08
100,177,210,20160,0.45,0.375,0.0,0,0,0,0,0,0,0.7896802357870208,0.9679985736556814,1.022884028783134,0.9679985736556814,1.022884028783134,0,0.0,0,0.0,0.0,0,0,0,0,0.020823900020332076,0.21691562521179245,0.0,0.0,0.0,0.0,1.2621722000549198,13.147627083905414,0.08132279997516889,1.2829961000752519,96,4.6484625593201656e-08,8.295418997550374e-08
100,178,211,20256,0.45,0.375,0.0,0,0,0,0,0,0,1.2172254927240163,0.9632711007698302,1.0100665485322775,0.9632711007698302,1.0100665485322775,0,0.0,0,0.0,0.0,0,0,0,0,0.018038799957139418,0.18790416622020226,0.0,0.0,0.0,0.0,1.0397639000439085,10.830873958790713,0.06908229996770388,1.057802700001048,96,9.603291514434509e-08,8.613194539541791e-08
100,179,212,20352,0.45,0.375,0.0,0,0,0,0,0,0,1.3129358731540364,0.9619849609586779,1.0090127814690322,0.9619849609586779,1.0090127814690322,0,0.0,0,0.0,0.0,0,0,0,0,0.018580900017695967,0.19355104185099967,0.0,0.0,0.0,0.0,1.034899599988421,10.780204166546051,0.06593169999541715,1.053480500006117,96,9.672144039678254e-08,8.522851847880819e-08
100,180,213,20448,0.45,0.375,0.0,0,0,0,0,0,0,1.296983634444335,0.9628030401975992,1.0086613940509186,0.9628030401975992,1.0086613940509186,0,0.0,0,0.0,0.0,0,0,0,0,0.018541899997217115,0.19314479163767828,0.0,0.0,0.0,0.0,1.1351110999676166,11.824073957996006,0.0748013000265928,1.1536529999648337,96,9.663863483749813e-08,8.723527934739739e-08
100,181,214,20544,0.45,0.375,0.0,0,0,0,0,0,0,1.4005199344121813,0.960952085943747,1.0049836690690805,0.960952085943747,1.0049836690690805,0,0.0,0,0.0,0.0,0,0,0,0,0.0193765000149142,0.2018385418220229,0.0,0.0,0.0,0.0,1.099654399935389,11.454733332660302,0.06859120001172414,1.1190308999503031,96,9.363818259840173e-08,8.600571789474376e-08
100,182,215,20640,0.45,0.375,0.0,0,0,0,0,0,0,1.2717392213868521,0.962029935905883,1.006891090013117,0.962029935905883,1.006891090013117,0,0.0,0,0.0,0.0,0,0,0,0,0.021517099972697906,0.22413645804893653,0.0,0.0,0.0,0.0,1.2843756999500329,13.378913541146176,0.0832056000144803,1.3058927999227308,96,9.807852449465748e-08,8.977008969512923e-08
100,183,218,20928,0.45,0.375,0.0,0,0,0,0,0,0,1.1761673863154947,0.9637610855353688,1.0186223113583757,0.9637610855353688,1.0186223113583757,0,0.0,0,0.0,0.0,0,0,0,0,0.019396099974983372,0.20204270807274347,0.0,0.0,0.0,0.0,1.105800100027409,11.518751041952177,0.07163210002181586,1.1251962000023923,96,9.328353276459589e-08,9.648992368993525e-08
100,184,220,21120,0.45,0.375,0.0,0,0,0,0,0,0,1.3002607204091494,0.9626409442556992,1.0098941354257838,0.9626409442556992,1.0098941354257838,0,0.0,0,0.0,0.0,0,0,0,0,0.019934900003136136,0.2076552083660014,0.0,0.0,0.0,0.0,1.169612200013944,12.183460416811917,0.07650839997222647,1.18954710001708,96,9.918818963221276e-08,8.98067255283852e-08
100,185,221,21216,0.45,0.375,0.0,0,0,0,0,0,0,1.459663593043347,0.9615223091064561,1.0013970332091258,0.9615223091064561,1.0013970332091258,0,0.0,0,0.0,0.0,0,0,0,0,0.020975400038878433,0.21849375040498367,0.0,0.0,0.0,0.0,1.2581466999981785,13.105694791647693,0.08197799996560207,1.279122100037057,96,9.951360771878748e-08,9.257077424051907e-08
100,186,222,21312,0.45,0.375,0.0,0,0,0,0,0,0,1.5081425229663272,0.9599549512073668,1.0,0.9599549512073668,1.0,0,0.0,0,0.0,0.0,0,0,0,0,0.021701599936932325,0.2260583326763784,0.0,0.0,0.0,0.0,1.2779230000451207,13.311697917136675,0.0837393999681808,1.299624599982053,96,9.99206577201317e-08,8.911133705935548e-08
100,187,223,21408,0.45,0.375,0.0,0,0,0,0,0,0,0.8967709452902698,0.9684320186987164,1.0030961070246782,0.9684320186987164,1.0030961070246782,0,0.0,0,0.0,0.0,0,0,0,0,0.020890599975246005,0.21761041640881254,0.0,0.0,0.0,0.0,1.3005254000017885,13.547139583351964,0.08511470002122223,1.3214159999770345,96,3.048411883165014e-08,2.8522078171500098e-08
100,188,224,21504,0.45,0.375,0.0,0,0,0,0,0,0,0.71033561570244,0.9684009190314287,1.01036718727735,0.9684009190314287,1.01036718727735,0,0.0,0,0.0,0.0,0,0,0,0,0.020162099979643244,0.21002187478795045,0.0,0.0,0.0,0.0,1.2492221999928006,13.012731249925006,0.08089130005100742,1.2693842999724438,96,2.6580892005696743e-08,2.5150137736296152e-08
100,189,225,21600,0.45,0.375,0.0,0,0,0,0,0,0,1.1472932955862423,0.9640707444749134,1.0175685235712217,0.9640707444749134,1.0175685235712217,0,0.0,0,0.0,0.0,0,0,0,0,0.020241999984136783,0.21085416650142483,0.0,0.0,0.0,0.0,1.2287124999638763,12.799088541290379,0.07987909999792464,1.248954499948013,96,9.237956806636138e-08,9.099043699056786e-08
100,190,226,21696,0.45,0.375,0.0,0,0,0,0,0,0,1.2081144611650112,0.9634204993813628,1.0123251770182058,0.9634204993813628,1.0123251770182058,0,0.0,0,0.0,0.0,0,0,0,0,0.019507199976942502,0.20319999975981773,0.0,0.0,0.0,0.0,1.1016098000109196,11.475102083447078,0.07128979997651186,1.121116999987862,96,9.42769071404087e-08,9.760592951935099e-08
100,191,227,21792,0.45,0.375,0.0,0,0,0,0,0,0,1.3056390069760166,0.9619855791825391,1.0087598336699737,0.9619855791825391,1.0087598336699737,0,0.0,0,0.0,0.0,0,0,0,0,0.01909139991767006,0.19886874914239647,0.0,0.0,0.0,0.0,1.1634275000251364,12.11903645859517,0.07586669999000151,1.1825188999428065,96,9.823397894605235e-08,8.789244713980349e-08
100,192,228,21888,0.45,0.375,0.0,0,0,0,0,0,0,1.3423059967675948,0.9617324516737633,1.0077971629930553,0.9617324516737633,1.0077971629930553,0,0.0,0,0.0,0.0,0,0,0,0,0.01884519997111056,0.196304166365735,0.0,0.0,0.0,0.0,1.0761036000039894,11.209412500041557,0.06973279999510851,1.0949487999751,96,9.797771188986559e-08,9.000917809698361e-08
100,193,229,21984,0.45,0.375,0.0,0,0,0,0,0,0,1.3172819542355627,0.9622407879768341,1.0063033305239928,0.9622407879768341,1.0063033305239928,0,0.0,0,0.0,0.0,0,0,0,0,0.018106999981682748,0.18861458314252863,0.0,0.0,0.0,0.0,1.044573599996511,10.880974999963655,0.0690046000017901,1.0626805999781936,96,9.717448429258368e-08,8.921384485327533e-08
100,194,230,22080,0.45,0.375,0.0,0,0,0,0,0,0,0.8668399727995185,0.9682362651634417,1.0087759471855275,0.9682362651634417,1.0087759471855275,0,0.0,0,0.0,0.0,0,0,0,0,0.01846729997487273,0.19236770807159095,0.0,0.0,0.0,0.0,1.0811391999814077,11.261866666472997,0.06884590003028279,1.0996064999562805,96,3.0945391435964476e-08,2.9121820094291095e-08
100,195,231,22176,0.45,0.375,0.0,0,0,0,0,0,0,0.7434456887085905,0.9680009955731098,1.013632524971467,0.9680009955731098,1.013632524971467,0,0.0,0,0.0,0.0,0,0,0,0,0.01932810001744656,0.201334375181735,0.0,0.0,0.0,0.0,1.1300790000750567,11.77165625078184,0.07260669997049263,1.1494071000925032,96,3.091216260828894e-08,5.3809533200749327e-08
100,196,232,22272,0.45,0.375,0.0,0,0,0,0,0,0,1.2235275096368892,0.9630799503064446,1.0083731810402037,0.9630799503064446,1.0083731810402037,0,0.0,0,0.0,0.0,0,0,0,0,0.01961140001367312,0.20428541680909498,0.0,0.0,0.0,0.0,1.1720864999879268,12.209234374874237,0.07613750001473818,1.1916979000016,96,9.931485345920921e-08,7.91136561817396e-08
100,197,235,22560,0.45,0.375,0.0,0,0,0,0,0,0,1.3335815251777936,0.9623994891216819,1.0077833138342636,0.9623994891216819,1.0077833138342636,0,0.0,0,0.0,0.0,0,0,0,0,0.019136200004140846,0.19933541670980048,0.0,0.0,0.0,0.0,1.1425810999789974,11.901886458114555,0.07474120001279516,1.1617172999831382,96,9.926254294218007e-08,9.024199214280326e-08
100,198,236,22656,0.45,0.375,0.0,0,0,0,0,0,0,1.266218844151743,0.9624835494614483,1.0128303004639214,0.9624835494614483,1.0128303004639214,0,0.0,0,0.0,0.0,0,0,0,0,0.01943500000925269,0.20244791676304885,0.0,0.0,0.0,0.0,1.1752413000140223,12.242096875146066,0.07880880000448087,1.194676300023275,96,9.937251502570299e-08,9.286056021351463e-08
100,199,237,22752,0.45,0.375,0.0,0,0,0,0,0,0,0.8884294411192419,0.9676878024887707,1.0142313664533065,0.9676878024887707,1.0142313664533065,0,0.0,0,0.0,0.0,0,0,0,0,0.019483200034301262,0.20295000035730482,0.0,0.0,0.0,0.0,1.155320700010634,12.034590625110772,0.07447679996403167,1.1748039000449353,96,3.4942322091335853e-08,7.18138882908892e-08
100,200,238,22848,0.45,0.375,0.0,0,0,0,0,0,0,0.7665334325115998,0.9677859507160322,1.0142725299835595,0.9677859507160322,1.0142725299835595,0,0.0,0,0.0,0.0,0,0,0,0,0.01911889996699756,0.1991552079895579,0.0,0.0,0.0,0.0,1.055405699989933,10.993809374895136,0.06882690002385061,1.0745245999569306,96,3.335718234617757e-08,5.1397246736417657e-08
100,201,239,22944,0.45,0.375,0.0,0,0,0,0,0,0,1.2662436791719867,0.9626594907101929,1.0123376783233635,0.9626594907101929,1.0123376783233635,0,0.0,0,0.0,0.0,0,0,0,0,0.01887879997957498,0.19665416645390602,0.0,0.0,0.0,0.0,1.082766200081096,11.278814584178084,0.07043789997987915,1.101645000060671,96,9.519684174633114e-08,9.420823416511626e-08
100,202,240,23040,0.45,0.375,0.0,0,0,0,0,0,0,1.3499563731164215,0.9620706858061263,1.0160754463699986,0.9620706858061263,1.0160754463699986,0,0.0,0,0.0,0.0,0,0,0,0,0.018080599991662893,0.18833958324648847,0.0,0.0,0.0,0.0,1.0399250999616925,10.832553124600963,0.06774890002270695,1.0580056999533554,96,9.451781736620479e-08,9.310184356098317e-08
100,203,241,23136,0.45,0.375,0.0,0,0,0,0,0,0,1.399505359218831,0.9615543217886223,1.0086728097742232,0.9615543217886223,1.0086728097742232,0,0.0,0,0.0,0.0,0,0,0,0,0.020504600011918228,0.21358958345748155,0.0,0.0,0.0,0.0,1.2548380999724031,13.071230208045867,0.08128950003447244,1.2753426999843214,96,9.377439376227759e-08,8.625591477184891e-08
100,204,243,23328,0.45,0.375,0.0,0,0,0,0,0,0,1.3538894613206878,0.9616668205704078,1.0023720549559658,0.9616668205704078,1.0023720549559658,0,0.0,0,0.0,0.0,0,0,0,0,0.019487600009597372,0.20299583343330596,0.0,0.0,0.0,0.0,1.1596532000403386,12.079720833753527,0.07652850001613842,1.179140800049936,96,9.809187115350504e-08,8.90962027072506e-08
100,205,246,23616,0.45,0.375,0.0,0,0,0,0,0,0,1.2753986470317522,0.9621845875794995,1.0124727245487501,0.9621845875794995,1.0124727245487501,0,0.0,0,0.0,0.0,0,0,0,0,0.019338500060257502,0.20144270896101565,0.0,0.0,0.0,0.0,1.1471397000786965,11.949371875819756,0.07557229995290982,1.166478200138954,96,9.047123029903847e-08,9.978255856996077e-08
100,206,247,23712,0.45,0.375,0.0,0,0,0,0,0,0,1.3898194858061668,0.9614426182219968,1.0084055373611642,0.9614426182219968,1.0084055373611642,0,0.0,0,0.0,0.0,0,0,0,0,0.019387300038943067,0.20195104207232362,0.0,0.0,0.0,0.0,1.0894762000170886,11.348710416844673,0.06771879997540964,1.1088635000560316,96,9.303344508833356e-08,8.524535945186873e-08
100,207,248,23808,0.45,0.375,0.0,0,0,0,0,0,0,1.5431365424733443,0.9593845170729137,1.0039781071704974,0.9593845170729137,1.0039781071704974,0,0.0,0,0.0,0.0,0,0,0,0,0.018791999951645266,0.19574999949630487,0.0,0.0,0.0,0.0,1.115745999974024,11.622354166396084,0.07280330003413837,1.1345379999256693,96,9.70459282031988e-08,8.920041073834373e-08
100,208,249,23904,0.45,0.375,0.0,0,0,0,0,0,0,1.431226191993594,0.9610874123345607,1.0038635196708356,0.9610874123345607,1.0038635196708356,0,0.0,0,0.0,0.0,0,0,0,0,0.019999000003736,0.20832291670558334,0.0,0.0,0.0,0.0,1.2206050000531832,12.714635417220657,0.07962449998012744,1.2406040000569192,96,9.75534592776578e-08,9.029200227772538e-08
100,209,250,24000,0.45,0.375,0.0,0,0,0,0,0,0,1.523567412699237,0.9601272789151466,1.0022098925861096,0.9601272789151466,1.0022098925861096,0,0.0,0,0.0,0.0,0,0,0,0,0.019259999971836805,0.2006249997066334,0.0,0.0,0.0,0.0,1.1558968999888748,12.040592708217446,0.07469729997683316,1.1751568999607116,96,9.910790747975906e-08,9.125339352211714e-08
100,210,252,24192,0.45,0.375,0.0,0,0,0,0,0,0,0.8060145155287699,0.9666940915877362,1.0073020066019958,0.9666940915877362,1.0073020066019958,0,0.0,0,0.0,0.0,0,0,0,0,0.020298100003856234,0.21143854170683576,0.0,0.0,0.0,0.0,1.2333566999586765,12.847465624569546,0.08175460001803003,1.2536547999625327,96,4.9424900378999825e-08,4.353762655950888e-08
100,211,253,24288,0.45,0.375,0.0,0,0,0,0,0,0,1.4845342362289349,0.9603943298249582,1.004058701288957,0.9603943298249582,1.004058701288957,0,0.0,0,0.0,0.0,0,0,0,0,0.01871550004580058,0.1949531254770894,0.0,0.0,0.0,0.0,1.122203799939598,11.689622916037479,0.07529370000702329,1.1409192999853985,96,9.825844794926486e-08,9.10511772922451e-08
100,212,254,24384,0.45,0.375,0.0,0,0,0,0,0,0,1.5399432912480568,0.9595917583530917,1.0040082405174395,0.9595917583530917,1.0040082405174395,0,0.0,0,0.0,0.0,0,0,0,0,0.019126500003039837,0.19923437503166497,0.0,0.0,0.0,0.0,1.1535864000106812,12.016525000111264,0.07362720001401613,1.172712900013721,96,9.895870420849329e-08,9.199509272417306e-08
100,213,256,24576,0.45,0.375,0.0,0,0,0,0,0,0,1.7296019071881048,0.9589213867727392,1.0005437251397487,0.9589213867727392,1.0005437251397487,0,0.0,0,0.0,0.0,0,0,0,0,0.019299399995361455,0.20103541661834848,0.0,0.0,0.0,0.0,1.1291747999930521,11.762237499927627,0.07486720002634684,1.1484741999884136,96,8.843529250915361e-08,6.555255685491979e-08
100,214,257,24672,0.45,0.375,0.0,0,0,0,0,0,0,1.418465534547574,0.9605579640575946,1.0061133854493454,0.9605579640575946,1.0061133854493454,0,0.0,0,0.0,0.0,0,0,0,0,0.018976100021973252,0.19766770856222138,0.0,0.0,0.0,0.0,1.0915349999631871,11.370156249616533,0.07137459998921258,1.1105110999851604,96,9.540734043078647e-08,8.655274150171088e-08
100,215,258,24768,0.45,0.375,0.0,0,0,0,0,0,0,0.9680749012144874,0.9659035366279286,1.0052964256921948,0.9659035366279286,1.0052964256921948,0,0.0,0,0.0,0.0,0,0,0,0,0.01772749996598577,0.18466145797901845,0.0,0.0,0.0,0.0,0.967564099948504,10.078792707796916,0.06284520000917837,0.9852915999144898,96,7.074619060715159e-08,5.664830743379312e-08
100,216,259,24864,0.45,0.375,0.0,0,0,0,0,0,0,0.8243446560418202,0.9662116268365446,1.0117086988120818,0.9662116268365446,1.0117086988120818,0,0.0,0,0.0,0.0,0,0,0,0,0.01852989997860277,0.19301979144377887,0.0,0.0,0.0,0.0,1.1151785999609274,11.616443749592994,0.07322410003689583,1.1337084999395302,96,5.931997068900352e-08,5.005619918563298e-08
100,217,260,24960,0.45,0.375,0.0,0,0,0,0,0,0,1.454183057466035,0.9601913498887936,1.0052287638585835,0.9601913498887936,1.0052287638585835,0,0.0,0,0.0,0.0,0,0,0,0,0.01912440002342919,0.19921250024405404,0.0,0.0,0.0,0.0,1.0680699000295135,11.125728125307432,0.07186259998707101,1.0871943000529427,96,9.840767725005639e-08,9.059859806814785e-08
100,218,261,25056,0.45,0.375,0.0,0,0,0,0,0,0,1.5340527326945752,0.9597438561917696,1.0040541825184333,0.9597438561917696,1.0040541825184333,0,0.0,0,0.0,0.0,0,0,0,0,0.01958279997779755,0.20398749976872446,0.0,0.0,0.0,0.0,1.1454383000382222,11.931648958731481,0.07467010000982555,1.1650211000160198,96,9.755347579222529e-08,9.040313296571068e-08
100,219,262,25152,0.45,0.375,0.0,0,0,0,0,0,0,1.5765481228673688,0.9594236278305975,1.0039094398333035,0.9594236278305975,1.0039094398333035,0,0.0,0,0.0,0.0,0,0,0,0,0.01969499993720092,0.2051562493458429,0.0,0.0,0.0,0.0,1.1673214000693406,12.159597917388965,0.07451739993848605,1.1870164000065415,96,9.869057670044978e-08,9.163887988716812e-08
100,220,263,25248,0.45,0.375,0.0,0,0,0,0,0,0,1.472453830823615,0.959947074517022,1.0077771108553448,0.959947074517022,1.0077771108553448,0,0.0,0,0.0,0.0,0,0,0,0,0.018432700002449565,0.19200729169218297,0.0,0.0,0.0,0.0,1.0282982999779051,10.711440624769844,0.0668839999998454,1.0467309999803547,96,9.249723628527995e-08,8.537952025933215e-08
100,221,264,25344,0.45,0.375,0.0,0,0,0,0,0,0,1.4317673664290544,0.9605145338531121,1.0068340837963128,0.9605145338531121,1.0068340837963128,0,0.0,0,0.0,0.0,0,0,0,0,0.018885000012232922,0.19671875012742626,0.0,0.0,0.0,0.0,1.086343299910368,11.316076040733,0.06944000004295958,1.1052282999226009,96,9.850303199845922e-08,9.113051438469633e-08
100,222,265,25440,0.45,0.375,0.0,0,0,0,0,0,0,0.993052286366251,0.965476369094763,1.0082785923842303,0.965476369094763,1.0082785923842303,0,0.0,0,0.0,0.0,0,0,0,0,0.018998400038981345,0.19790000040605568,0.0,0.0,0.0,0.0,1.0617616999879829,11.060017708208155,0.06831599997531157,1.0807601000269642,96,9.146040294907842e-08,6.782037237362815e-08
100,223,266,25536,0.45,0.375,0.0,0,0,0,0,0,0,0.8835904342813143,0.9657463865536962,1.005942877353159,0.9657463865536962,1.005942877353159,0,0.0,0,0.0,0.0,0,0,0,0,0.02141640004265355,0.2230875004443078,0.0,0.0,0.0,0.0,1.3626098000677302,14.193852084038857,0.08823460000712657,1.3840262001103838,96,7.749472136914237e-08,6.038717935419324e-08
100,224,267,25632,0.45,0.375,0.0,0,0,0,0,0,0,1.5387930044701275,0.9594596150735255,1.0044345355072233,0.9594596150735255,1.0044345355072233,0,0.0,0,0.0,0.0,0,0,0,0,0.019028100025025196,0.19820937526067914,0.0,0.0,0.0,0.0,1.1178844000169192,11.64462916684291,0.07099340001877863,1.1369125000419444,96,9.977443418338061e-08,9.258141295265254e-08
100,225,269,25824,0.45,0.375,0.0,0,0,0,0,0,0,1.5792843709149162,0.9584178678300582,1.0065244127157185,0.9584178678300582,1.0065244127157185,0,0.0,0,0.0,0.0,0,0,0,0,0.019925600005080923,0.20755833338625962,0.0,0.0,0.0,0.0,1.1974194000285934,12.473118750297848,0.0792646999907447,1.2173450000336743,96,9.887226338003985e-08,9.177763639345304e-08
100,226,270,25920,0.45,0.375,0.0,0,0,0,0,0,0,1.633307262857305,0.9581887892386398,1.0036590778660233,0.9581887892386398,1.0036590778660233,0,0.0,0,0.0,0.0,0,0,0,0,0.019095000010565855,0.198906250110061,0.0,0.0,0.0,0.0,1.0672511000084342,11.11719895842119,0.06842910001432756,1.086346100019,96,9.87100369324867e-08,9.043485793558403e-08
100,227,272,26112,0.45,0.375,0.0,0,0,0,0,0,0,1.0559220035069996,0.9649690971654205,1.0055424076656587,0.9649690971654205,1.0055424076656587,0,0.0,0,0.0,0.0,0,0,0,0,0.01848199997766642,0.19252083310069187,0.0,0.0,0.0,0.0,1.0119982999895,10.54164895822396,0.06542819998139748,1.0304802999671665,96,9.808619721995981e-08,7.096960463748303e-08
100,228,273,26208,0.45,0.375,0.0,0,0,0,0,0,0,0.8497035974815405,0.9662337415288261,1.0059249057268658,0.9662337415288261,1.0059249057268658,0,0.0,0,0.0,0.0,0,0,0,0,0.020401900030265097,0.21251979198192808,0.0,0.0,0.0,0.0,1.2437043000390986,12.955253125407276,0.08217610000428976,1.2641062000693637,96,5.858595639000874e-08,4.960008279097927e-08
100,229,274,26304,0.45,0.375,0.0,0,0,0,0,0,0,1.393731162105923,0.9613134597085985,1.0014300405078114,0.9613134597085985,1.0014300405078114,0,0.0,0,0.0,0.0,0,0,0,0,0.01904680002189707,0.19840416689476115,0.0,0.0,0.0,0.0,1.1219773999546305,11.687264582860735,0.07236940003349446,1.1410241999765276,96,9.772445189876189e-08,8.841679652316081e-08
100,230,275,26400,0.45,0.375,0.0,0,0,0,0,0,0,1.0164145078156885,0.964594195088958,1.0050724327645977,0.964594195088958,1.0050724327645977,0,0.0,0,0.0,0.0,0,0,0,0,0.02043409998441348,0.21285520817097373,0.0,0.0,0.0,0.0,1.2524693999876035,13.04655624987087,0.0820530999917537,1.272903499972017,96,8.616367399953695e-08,6.46658690484081e-08
100,231,276,26496,0.45,0.375,0.0,0,0,0,0,0,0,1.6487068913159924,0.9581463197426932,1.002815992950239,0.9581463197426932,1.002815992950239,0,0.0,0,0.0,0.0,0,0,0,0,0.018500600002880674,0.19271458336334035,0.0,0.0,0.0,0.0,1.0759417000226676,11.207726041902788,0.0692869999766117,1.0944423000255483,96,9.808849560713484e-08,9.050711409497314e-08
100,232,278,26688,0.45,0.375,0.0,0,0,0,0,0,0,1.7296762657643503,0.9581965510618173,1.0017751750422366,0.9581965510618173,1.0017751750422366,0,0.0,0,0.0,0.0,0,0,0,0,0.020473900003707968,0.21326979170529134,0.0,0.0,0.0,0.0,1.2429878999610082,12.947790624593836,0.08196130002761493,1.2634617999647162,96,9.642274268958917e-08,8.997644761199464e-08
100,233,280,26880,0.45,0.375,0.0,0,0,0,0,0,0,0.9852989094011337,0.9647604243351422,1.0028893173527418,0.9647604243351422,1.0028893173527418,0,0.0,0,0.0,0.0,0,0,0,0,0.019231100035540294,0.20032395870354472,0.0,0.0,0.0,0.0,1.1560489999319543,12.042177082624525,0.07567700005165534,1.1752800999674946,96,9.773931246813417e-08,7.089208789445856e-08
100,234,281,26976,0.45,0.375,0.0,0,0,0,0,0,0,1.7193363387638854,0.9569474320192144,1.002715609015793,0.9569474320192144,1.002715609015793,0,0.0,0,0.0,0.0,0,0,0,0,0.019757399953959975,0.2058062495204164,0.0,0.0,0.0,0.0,1.1731131999695208,12.219929166349175,0.07589230001758551,1.1928705999234808,96,9.955817160262059e-08,9.267984511784899e-08
100,235,283,27168,0.45,0.375,0.0,0,0,0,0,0,0,1.8466060291072357,0.9557594115192439,1.0016907254749443,0.9557594115192439,1.0016907254749443,0,0.0,0,0.0,0.0,0,0,0,0,0.018896000015956815,0.19683333349955015,0.0,0.0,0.0,0.0,1.0656185000043479,11.100192708378623,0.0702292999922065,1.0845145000203047,96,8.481779491427421e-08,6.502118551909852e-08
100,236,286,27456,0.45,0.375,0.0,0,0,0,0,0,0,1.0900094854875737,0.9637662527338934,1.00809317564627,0.9637662527338934,1.00809317564627,0,0.0,0,0.0,0.0,0,0,0,0,0.01876959997753147,0.19551666643261947,0.0,0.0,0.0,0.0,1.0617033000598894,11.059409375623849,0.07214619997103,1.080472900037421,96,9.384712568692721e-08,7.02691277387757e-08
100,237,288,27648,0.45,0.375,0.0,0,0,0,0,0,0,1.572929851810154,0.9573249037208302,1.0079411656115589,0.9573249037208302,1.0079411656115589,0,0.0,0,0.0,0.0,0,0,0,0,0.02144340000086231,0.2233687500089824,0.0,0.0,0.0,0.0,1.2293362000200432,12.80558541687545,0.07812119997834088,1.2507796000209055,96,9.668041234776881e-08,8.950226053350274e-08
100,238,290,27840,0.45,0.375,0.0,0,0,0,0,0,0,1.715039371714143,0.9553329778878386,1.006139577210405,0.9553329778878386,1.006139577210405,0,0.0,0,0.0,0.0,0,0,0,0,0.021418099968286697,0.22310520800298642,0.0,0.0,0.0,0.0,1.213190999973449,12.637406249723426,0.08074550003948389,1.2346090999417356,96,9.837571791036781e-08,9.171186983458757e-08
100,239,292,28032,0.45,0.375,0.0,0,0,0,0,0,0,1.8090369149431227,0.9563207683798403,1.0022321036910387,0.9563207683798403,1.0022321036910387,0,0.0,0,0.0,0.0,0,0,0,0,0.020385399962833617,0.21234791627951685,0.0,0.0,0.0,0.0,1.2035648000455694,12.537133333808015,0.07886059996963013,1.223950200008403,96,9.928532450180494e-08,9.214597890272458e-08
100,240,294,28224,0.45,0.375,0.0,0,0,0,0,0,0,1.0567529408910719,0.9642795364733406,1.0014150495882903,0.9642795364733406,1.0014150495882903,0,0.0,0,0.0,0.0,0,0,0,0,0.018062800030747894,0.18815416698695722,0.0,0.0,0.0,0.0,1.0249146000060136,10.676193750062643,0.06682879998697899,1.0429774000367615,96,9.931543244919017e-08,7.146254484002856e-08
100,241,295,28320,0.45,0.375,0.0,0,0,0,0,0,0,1.9805341505534888,0.9556605674449724,1.0,0.9556605674449724,1.0,0,0.0,0,0.0,0.0,0,0,0,0,0.019752400003199,0.20575416669998958,0.0,0.0,0.0,0.0,1.1311860999267083,11.783188540903211,0.0737312000564998,1.1509384999299073,96,8.413604803310382e-08,6.374079396243015e-08
100,242,297,28512,0.45,0.375,0.0,0,0,0,0,0,0,1.974793272567867,0.9548978827270324,1.0008995190601782,0.9548978827270324,1.0008995190601782,0,0.0,0,0.0,0.0,0,0,0,0,0.021319199964636937,0.22207499963163477,0.0,0.0,0.0,0.0,1.1650245000273571,12.13567187528497,0.07502909999311669,1.186343699991994,96,9.723222284610533e-08,7.172521042375646e-08
100,243,298,28608,0.45,0.375,0.0,0,0,0,0,0,0,1.899015000664717,0.9552813021727201,1.0014907219301707,0.9552813021727201,1.0014907219301707,0,0.0,0,0.0,0.0,0,0,0,0,0.01997599998867372,0.20808333321535125,0.0,0.0,0.0,0.0,1.1481447999394732,11.959841666036178,0.0773414000068442,1.1681207999281469,96,8.03391596564812e-08,6.748669359457615e-08
100,244,300,28800,0.45,0.375,0.0,0,0,0,0,0,0,1.3748317911992312,0.9627254039904802,1.0,0.9627254039904802,1.0,0,0.0,0,0.0,0.0,0,0,0,0,0.01896060001308797,0.19750625013633302,0.0,0.0,0.0,0.0,1.0957977999860304,11.41456041652115,0.06993759999750182,1.1147583999991184,96,9.823487760220184e-08,7.77988033717758e-08
100,245,302,28992,0.45,0.375,0.0,0,0,0,0,0,0,1.4076575871644268,0.9604209342530136,1.0040605547871049,0.9604209342530136,1.0040605547871049,0,0.0,0,0.0,0.0,0,0,0,0,0.019115600021905266,0.1991208335615132,0.0,0.0,0.0,0.0,1.12018339993665,11.668577082673437,0.07327500005339971,1.1392989999585552,96,9.97287642832273e-08,8.946518262331615e-08
100,246,303,29088,0.45,0.375,0.0,0,0,0,0,0,0,1.1232231047120604,0.9641396334667394,1.0029501312511389,0.9641396334667394,1.0029501312511389,0,0.0,0,0.0,0.0,0,0,0,0,0.019751700034248643,0.2057468753567567,0.0,0.0,0.0,0.0,1.1965932000093744,12.46451250009765,0.07797170002595522,1.216344900043623,96,9.599357636905226e-08,6.999184169742545e-08
100,247,304,29184,0.45,0.375,0.0,0,0,0,0,0,0,1.5374908273785806,0.9576713896325894,1.0003189408446818,0.9576713896325894,1.0003189408446818,0,0.0,0,0.0,0.0,0,0,0,0,0.019124800033750944,0.199216667018239,0.0,0.0,0.0,0.0,1.1010137000557734,11.468892708914305,0.07217929996841121,1.1201385000895243,96,9.831473363718091e-08,8.484209834680456e-08
100,248,305,29280,0.45,0.375,0.0,0,0,0,0,0,0,1.8493435002758276,0.9561547609078754,1.002036266785204,0.9561547609078754,1.002036266785204,0,0.0,0,0.0,0.0,0,0,0,0,0.019413099973462522,0.2022197913902346,0.0,0.0,0.0,0.0,1.1325775999721373,11.797683333043096,0.07454540002800059,1.1519906999455998,96,8.4667058910734e-08,6.376740309399498e-08
100,249,306,29376,0.45,0.375,0.0,0,0,0,0,0,0,1.8052630884517107,0.9565774982963833,1.001443788402497,0.9565774982963833,1.001443788402497,0,0.0,0,0.0,0.0,0,0,0,0,0.019904399996448774,0.20733749996300807,0.0,0.0,0.0,0.0,1.2468137000250863,12.987642708594649,0.08198779997474048,1.266718100021535,96,9.916585393121569e-08,9.139930264023821e-08
100,250,307,29472,0.45,0.375,0.0,0,0,0,0,0,0,1.316634680355562,0.9613891239371942,1.0028155640612584,0.9613891239371942,1.0028155640612584,0,0.0,0,0.0,0.0,0,0,0,0,0.019628200025181286,0.20446041692897174,0.0,0.0,0.0,0.0,1.1671050999939325,12.157344791603464,0.07502260000183014,1.1867333000191138,96,9.655437492074592e-08,7.011077149399192e-08
100,251,309,29664,0.45,0.375,0.0,0,0,0,0,0,0,1.9733547210283946,0.9538374691850761,1.0002294784331116,0.9538374691850761,1.0002294784331116,0,0.0,0,0.0,0.0,0,0,0,0,0.021383200008131098,0.2227416667513656,0.0,0.0,0.0,0.0,1.2938451999871177,13.477554166532476,0.08575490004295716,1.3152283999952488,96,8.977021433501098e-08,9.012434465383024e-08
100,252,310,29760,0.45,0.375,0.0,0,0,0,0,0,0,2.173926962840873,0.9529681304344966,1.0,0.9529681304344966,1.0,0,0.0,0,0.0,0.0,0,0,0,0,0.02047029994719196,0.21323229111658293,0.0,0.0,0.0,0.0,1.221915999907651,12.728291665704697,0.07974960005958565,1.242386299854843,96,9.813382008914961e-08,9.601233155742683e-08
100,253,312,29952,0.45,0.375,0.0,0,0,0,0,0,0,2.2389278141094886,0.9533640251103883,1.0,0.9533640251103883,1.0,0,0.0,0,0.0,0.0,0,0,0,0,0.021172999950067606,0.22055208281320424,0.0,0.0,0.0,0.0,1.1804870000050869,12.296739583386321,0.07565270002669422,1.2016599999551545,96,8.785019138361772e-08,9.941693399073692e-08
100,254,313,30048,0.45,0.375,0.0,0,0,0,0,0,0,2.2913790374003242,0.9530667059368163,1.0,0.9530667059368163,1.0,0,0.0,0,0.0,0.0,0,0,0,0,0.019684299964865204,0.2050447913006792,0.0,0.0,0.0,0.0,1.1683055000321474,12.169848958668203,0.07646129997010576,1.1879897999970126,96,9.803843272794543e-08,9.932772215837105e-08
100,255,314,30144,0.45,0.375,0.0,0,0,0,0,0,0,1.571920527643205,0.96118135166258,1.0,0.96118135166258,1.0,0,0.0,0,0.0,0.0,0,0,0,0,0.018439399973431136,0.19207708305657434,0.0,0.0,0.0,0.0,1.043467800009239,10.86945625009624,0.06932619999133749,1.0619071999826701,96,9.852071418230135e-08,8.86109707137761e-08
100,256,315,30240,0.45,0.375,0.0,0,0,0,0,0,0,1.3279772344095804,0.9627053006130593,1.0,0.9627053006130593,1.0,0,0.0,0,0.0,0.0,0,0,0,0,0.01829899993026629,0.19061458260694053,0.0,0.0,0.0,0.0,1.0394157000409905,10.827246875426985,0.06822039998951368,1.0577146999712568,96,9.727545800114479e-08,7.155277120807213e-08
100,257,316,30336,0.45,0.375,0.0,0,0,0,0,0,0,2.1001437007404813,0.9532121606364193,1.0000456144793495,0.9532121606364193,1.0000456144793495,0,0.0,0,0.0,0.0,0,0,0,0,0.01933810003538383,0.20143854203524825,0.0,0.0,0.0,0.0,1.1277879999470315,11.747791666114912,0.07493790006265044,1.1471260999824153,96,8.057770190667002e-08,9.531284997366107e-08
100,258,317,30432,0.45,0.375,0.0,0,0,0,0,0,0,2.18426971283194,0.9524655770863619,1.0000872585367258,0.9524655770863619,1.0000872585367258,0,0.0,0,0.0,0.0,0,0,0,0,0.020180100000288803,0.21020937500300838,0.0,0.0,0.0,0.0,1.1922368999948958,12.41913437494683,0.07576350001181709,1.2124169999951846,96,8.45604646807635e-08,9.547738002990691e-08
100,259,320,30720,0.45,0.375,0.0,0,0,0,0,0,0,2.1592033808890245,0.953726303219175,1.0,0.953726303219175,1.0,0,0.0,0,0.0,0.0,0,0,0,0,0.01958100002957508,0.20396875030807374,0.0,0.0,0.0,0.0,1.1855547999875853,12.349529166537346,0.07722439998906339,1.2051358000171604,96,9.908724502363797e-08,9.30170382384965e-08
100,260,321,30816,0.45,0.375,0.0,0,0,0,0,0,0,1.6356544162203954,0.9602366727774027,1.0,0.9602366727774027,1.0,0,0.0,0,0.0,0.0,0,0,0,0,0.019452099993941374,0.202626041603556,0.0,0.0,0.0,0.0,1.0942893000610638,11.398846875636082,0.07038169992301846,1.1137414000550052,96,9.897127229742397e-08,8.795301376096631e-08
100,261,322,30912,0.45,0.375,0.0,0,0,0,0,0,0,1.3025807722372305,0.962387781720097,1.0,0.962387781720097,1.0,0,0.0,0,0.0,0.0,0,0,0,0,0.018929299993033055,0.197180208260761,0.0,0.0,0.0,0.0,1.107015700035845,11.53141354204005,0.07012849995226134,1.125945000028878,96,9.633391051012963e-08,7.071279797821184e-08
100,262,323,31008,0.45,0.375,0.0,0,0,0,0,0,0,2.358621757813625,0.9520775458002225,1.0,0.9520775458002225,1.0,0,0.0,0,0.0,0.0,0,0,0,0,0.02169800002593547,0.22602083360349448,0.0,0.0,0.0,0.0,1.3207900000343216,13.758229167024183,0.08818389997759368,1.342488000060257,96,8.956182526512202e-08,9.953237317672503e-08
100,263,324,31104,0.45,0.375,0.0,0,0,0,0,0,0,2.395421586429457,0.9520669818300477,1.0,0.9520669818300477,1.0,0,0.0,0,0.0,0.0,0,0,0,0,0.0197228999750223,0.20544687473981563,0.0,0.0,0.0,0.0,1.1209558000118705,11.676622916790317,0.07356020002043806,1.1406786999868928,96,9.303686621456309e-08,9.859265515110849e-08
100,264,325,31200,0.45,0.375,0.0,0,0,0,0,0,0,2.1634476312779762,0.9520519904424013,1.0011348110849045,0.9520519904424013,1.0011348110849045,0,0.0,0,0.0,0.0,0,0,0,0,0.020395199957420118,0.21244999955645957,0.0,0.0,0.0,0.0,1.1962238000123762,12.460664583462252,0.07776730003388366,1.2166189999697963,96,9.610202958074132e-08,9.656612884323401e-08
100,265,326,31296,0.45,0.375,0.0,0,0,0,0,0,0,2.2797764322272456,0.9506514994651534,1.000305044501116,0.9506514994651534,1.000305044501116,0,0.0,0,0.0,0.0,0,0,0,0,0.018764399988867808,0.19546249988403966,0.0,0.0,0.0,0.0,1.0948693999744137,11.40488958306681,0.07065710001916159,1.1136337999632815,96,9.366231756326171e-08,9.393702926629999e-08
100,266,327,31392,0.45,0.375,0.0,0,0,0,0,0,0,2.183110231083622,0.9532046308277489,1.0,0.9532046308277489,1.0,0,0.0,0,0.0,0.0,0,0,0,0,0.01994079997530207,0.20771666640939657,0.0,0.0,0.0,0.0,1.2538462999655167,13.060898957974132,0.08110940000187838,1.2737870999408187,96,9.59236911689948e-08,9.953868174150671e-08
100,267,328,31488,0.45,0.375,0.0,0,0,0,0,0,0,1.6286299274250529,0.9604119924181986,1.0,0.9604119924181986,1.0,0,0.0,0,0.0,0.0,0,0,0,0,0.02133159997902112,0.22220416644813668,0.0,0.0,0.0,0.0,1.285696699982509,13.392673958151136,0.08245229999010917,1.3070282999615301,96,9.593780779353078e-08,7.107366764569356e-08
100,268,331,31776,0.45,0.375,0.0,0,0,0,0,0,0,2.5055018877545305,0.9503862670926888,1.0,0.9503862670926888,1.0,0,0.0,0,0.0,0.0,0,0,0,0,0.02002570003241999,0.2086010420043749,0.0,0.0,0.0,0.0,1.1890125999852899,12.385547916513437,0.07882450003671693,1.2090383000177098,96,9.197702134644548e-08,9.585910606957349e-08
100,269,332,31872,0.45,0.375,0.0,0,0,0,0,0,0,2.3407411472422024,0.9525007045342672,1.0,0.9525007045342672,1.0,0,0.0,0,0.0,0.0,0,0,0,0,0.019869599971571006,0.20697499970386465,0.0,0.0,0.0,0.0,1.1338631000107853,11.81107395844568,0.07364829997823108,1.1537326999823563,96,9.21423021302964e-08,9.660725983073881e-08
100,270,333,31968,0.45,0.375,0.0,0,0,0,0,0,0,2.442469322236794,0.9518736361572296,1.0,0.9518736361572296,1.0,0,0.0,0,0.0,0.0,0,0,0,0,0.020055099987075664,0.20890729153203816,0.0,0.0,0.0,0.0,1.1901231999727315,12.39711666638262,0.07819159999053227,1.2101782999598072,96,9.880369203352224e-08,9.967850281289437e-08
100,271,334,32064,0.45,0.375,0.0,0,0,0,0,0,0,2.2943093084033106,0.9539130638070703,1.0,0.9539130638070703,1.0,0,0.0,0,0.0,0.0,0,0,0,0,0.01931110001169145,0.20115729178845262,0.0,0.0,0.0,0.0,1.0900562999013346,11.354753123972236,0.06778240005223779,1.109367399913026,96,9.64819748747181e-08,8.637595361182804e-08
100,272,335,32160,0.45,0.375,0.0,0,0,0,0,0,0,1.7043023124065169,0.9606075484227588,1.0,0.9606075484227588,1.0,0,0.0,0,0.0,0.0,0,0,0,0,0.019920599996112287,0.20750624995950298,0.0,0.0,0.0,0.0,1.1806958000015584,12.298914583349566,0.07657949999702396,1.2006163999976707,96,9.810906123966512e-08,7.095314349947479e-08
100,273,336,32256,0.45,0.375,0.0,0,0,0,0,0,0,1.5518938273768539,0.9612679894736317,1.0,0.9612679894736317,1.0,0,0.0,0,0.0,0.0,0,0,0,0,0.021957999990263488,0.22872916656524467,0.0,0.0,0.0,0.0,1.2766364999552025,13.298296874533358,0.08466130003944272,1.298594499945466,96,9.833383561846237e-08,8.445160203096602e-08
100,274,337,32352,0.45,0.375,0.0,1,1,0,1,0,0,2.6154220973954785,0.949852936700873,1.0,0.949852936700873,1.0,0,0.0,0,0.0,0.0,0,0,0,0,0.0191954999754671,0.19995312474444896,0.0,0.0,0.0,0.0,1.068408199949772,11.129252082810126,0.07038570001896005,1.0876036999252392,96,9.842470552121063e-08,9.602221559545931e-08
100,275,338,32448,0.45,0.375,0.0,1,1,0,6,0,0,2.6680510479052906,0.9489259265736649,1.0,0.9489259265736649,1.0,0,0.0,0,0.0,0.0,0,0,0,0,0.018995499980519526,0.19786979146374506,0.0,0.0,0.0,0.0,1.087826099988888,11.33152187488425,0.07115930004511029,1.1068215999694075,96,9.757941751495358e-08,9.880275209095402e-08
100,276,339,32544,0.45,0.375,0.0,0,0,0,0,0,0,2.6603749749721017,0.950060154594686,1.0,0.950060154594686,1.0,0,0.0,0,0.0,0.0,0,0,0,0,0.01993850000144448,0.20769270834838002,0.0,0.0,0.0,0.0,1.1740790999974706,12.229990624973652,0.07764830000814982,1.194017599998915,96,9.410395753438328e-08,9.790054530944836e-08
100,277,340,32640,0.45,0.375,0.0,1,1,0,8,0,0,2.437787787530495,0.948902779979739,1.0012045130202936,0.948902779979739,1.0012045130202936,0,0.0,0,0.0,0.0,0,0,0,0,0.019839300053718034,0.20665937555956285,0.0,0.0,0.0,0.0,1.2013102999844705,12.513648958171567,0.07731060002697632,1.2211496000381885,96,8.954426865791232e-08,9.885599630554687e-08
100,278,343,32928,0.45,0.375,0.0,0,0,0,0,0,0,1.5535963802708859,0.9610885736353934,1.0,0.9610885736353934,1.0,0,0.0,0,0.0,0.0,0,0,0,0,0.019142999946780037,0.19940624944562538,0.0,0.0,0.0,0.0,1.152672199998051,12.007002083313031,0.07563430001755478,1.171815199944831,96,9.335093423094853e-08,8.439755200262411e-08
100,279,344,33024,0.45,0.375,0.0,1,1,0,3,0,0,2.6150910733755595,0.9497119886392454,1.0,0.9497119886392454,1.0,0,0.0,0,0.0,0.0,0,0,0,0,0.020013200046378188,0.20847083381643947,0.0,0.0,0.0,0.0,1.1606892999843694,12.090513541503848,0.07589089998509735,1.1807025000307476,96,9.376267965169327e-08,9.985527793521243e-08
100,280,345,33120,0.45,0.375,0.0,1,1,0,6,0,0,2.672845253947976,0.9493989835831075,1.0,0.9493989835831075,1.0,0,0.0,0,0.0,0.0,0,0,0,0,0.019641499980934896,0.2045989581347385,0.0,0.0,0.0,0.0,1.142929900008312,11.90551979175325,0.07611289998749271,1.1625713999892469,96,9.729450353018754e-08,9.19858368642057e-08
100,281,346,33216,0.45,0.375,0.0,1,1,0,11,0,0,2.529332607706244,0.9481170966899194,1.0006501437667144,0.9481170966899194,1.0006501437667144,0,0.0,0,0.0,0.0,0,0,0,0,0.0212539000203833,0.2213947918789927,0.0,0.0,0.0,0.0,1.4125436000249465,14.713995833593193,0.09073399999033427,1.4337975000453298,96,9.558771294458646e-08,9.773620232578217e-08
100,282,347,33312,0.45,0.375,0.0,1,1,0,6,0,0,2.612570700782012,0.9488451260837506,1.0,0.9488451260837506,1.0,0,0.0,0,0.0,0.0,0,0,0,0,0.019098499957181048,0.1989427078873026,0.0,0.0,0.0,0.0,1.1528362999815727,12.008711458141383,0.07525679999525892,1.1719347999387537,96,9.845390508064766e-08,9.462076455690749e-08
100,283,348,33408,0.45,0.375,0.0,0,0,0,0,0,0,2.3037387551718194,0.9529357140898801,1.0,0.9529357140898801,1.0,0,0.0,0,0.0,0.0,0,0,0,0,0.02067150000948459,0.2153281250987978,0.0,0.0,0.0,0.0,1.2721943999131327,13.252024999095132,0.08293830003094627,1.2928658999226172,96,8.979857414083414e-08,9.189474806103881e-08
100,284,349,33504,0.45,0.375,0.0,0,0,0,0,0,0,1.7000781964377374,0.96030210663036,1.0,0.96030210663036,1.0,0,0.0,0,0.0,0.0,0,0,0,0,0.02107019995310111,0.21948124951146988,0.0,0.0,0.0,0.0,1.2858186000303249,13.393943750315884,0.08297779997519683,1.306888799983426,96,9.931438773799761e-08,7.155387539425906e-08
100,285,351,33696,0.45,0.375,0.0,0,0,0,0,0,0,2.3847095970783183,0.9522375384132649,1.0,0.9522375384132649,1.0,0,0.0,0,0.0,0.0,0,0,0,0,0.020471800009545404,0.21324791676609797,0.0,0.0,0.0,0.0,1.2408853999222629,12.925889582523572,0.08257450003293343,1.2613571999318083,96,9.094632042253026e-08,9.836914019456522e-08
100,286,352,33792,0.45,0.375,0.0,0,0,0,0,0,0,2.4310604151648443,0.9527159546163976,1.0,0.9527159546163976,1.0,0,0.0,0,0.0,0.0,0,0,0,0,0.019832700010738336,0.20659062511185766,0.0,0.0,0.0,0.0,1.2099555999375298,12.603704166015936,0.0780943000499974,1.229788299948268,96,9.371432943897084e-08,9.68278651702903e-08
100,287,353,33888,0.45,0.375,0.0,0,0,0,0,0,0,2.306193768638441,0.9538689920865753,1.0,0.9538689920865753,1.0,0,0.0,0,0.0,0.0,0,0,0,0,0.020910300037940033,0.21781562539520868,0.0,0.0,0.0,0.0,1.3046104999812087,13.58969270813759,0.08559629996307194,1.3255208000191487,96,8.630855002911275e-08,8.904212991933669e-08
100,288,354,33984,0.45,0.375,0.0,0,0,0,0,0,0,2.2071441254728503,0.9552841123930106,1.0,0.9552841123930106,1.0,0,0.0,0,0.0,0.0,0,0,0,0,0.019374100025743246,0.20181354193482548,0.0,0.0,0.0,0.0,1.1849317999731284,12.34303958305342,0.07624750000832137,1.2043058999988716,96,9.842432778517374e-08,7.085918317384365e-08
100,289,355,34080,0.45,0.375,0.0,0,0,0,0,0,0,1.8684926349259818,0.9593397032836566,1.0,0.9593397032836566,1.0,0,0.0,0,0.0,0.0,0,0,0,0,0.017989700034377165,0.1873927086914288,0.0,0.0,0.0,0.0,1.0055647999834036,10.474633333160455,0.0657059000004665,1.0235545000177808,96,8.81702638157178e-08,6.570000446459723e-08
100,290,356,34176,0.45,0.375,0.0,0,0,0,0,0,0,1.4102895613508952,0.9621781372466083,1.0,0.9621781372466083,1.0,0,0.0,0,0.0,0.0,0,0,0,0,0.020353799991426058,0.21201874991068811,0.0,0.0,0.0,0.0,1.1583625999410287,12.066277082719049,0.07517420005751774,1.1787163999324548,96,9.287583408942868e-08,8.17219986126716e-08
100,291,357,34272,0.45,0.375,0.0,0,0,0,0,0,0,1.085488100737544,0.9657280298667181,1.0,0.9657280298667181,1.0,0,0.0,0,0.0,0.0,0,0,0,0,0.020302200035075657,0.21148125036537144,0.0,0.0,0.0,0.0,1.1374508001026697,11.84844583440281,0.07322529996599769,1.1577530001377454,96,7.947615779033135e-08,6.136199749706694e-08
100,292,358,34368,0.45,0.375,0.0,0,0,0,0,0,0,1.012101791670011,0.9663760024723169,1.0,0.9663760024723169,1.0,0,0.0,0,0.0,0.0,0,0,0,0,0.020359100031782873,0.21207395866440493,0.0,0.0,0.0,0.0,1.1898808000114514,12.394591666785951,0.07660399997257628,1.2102399000432342,96,5.403951467732038e-08,4.6862584784923556e-08
100,293,359,34464,0.45,0.375,0.0,0,0,0,0,0,0,1.0231253601138908,0.9659374977198639,1.000987908460556,0.9659374977198639,1.000987908460556,0,0.0,0,0.0,0.0,0,0,0,0,0.019906100038497243,0.2073552087343463,0.0,0.0,0.0,0.0,1.1438122000181465,11.914710416855693,0.07392319998325547,1.1637183000566438,96,6.979001019452591e-08,5.606527971047104e-08
100,294,360,34560,0.45,0.375,0.0,0,0,0,0,0,0,1.4107961422076964,0.9616972109677364,1.0,0.9616972109677364,1.0,0,0.0,0,0.0,0.0,0,0,0,0,0.01802569996652892,0.18776770798467624,0.0,0.0,0.0,0.0,0.9886464000665001,10.298400000692709,0.06438449997222051,1.006672100033029,96,9.654620740026654e-08,7.70605507877109e-08
100,295,361,34656,0.45,0.375,0.0,0,0,0,0,0,0,1.50470380434494,0.9614516887806204,1.0,0.9614516887806204,1.0,0,0.0,0,0.0,0.0,0,0,0,0,0.020618600021407474,0.21477708355632785,0.0,0.0,0.0,0.0,1.2202397999571986,12.710831249554152,0.07827950001956197,1.240858399978606,96,9.863952137728615e-08,8.826344648216189e-08
100,296,362,34752,0.45,0.375,0.0,0,0,0,0,0,0,1.4026444224962908,0.9610768232941247,1.0008089112450174,0.9610768232941247,1.0008089112450174,0,0.0,0,0.0,0.0,0,0,0,0,0.019411400018725544,0.20220208352839109,0.0,0.0,0.0,0.0,1.0666864999584504,11.111317707900525,0.06978900004469324,1.086097899977176,96,9.982004724531923e-08,7.824446250637163e-08
100,297,363,34848,0.45,0.375,0.0,0,0,0,0,0,0,1.2750800594269278,0.963607992085059,1.0,0.963607992085059,1.0,0,0.0,0,0.0,0.0,0,0,0,0,0.021143600017239805,0.22024583351291463,0.0,0.0,0.0,0.0,1.2482877000293229,13.002996875305447,0.08285189999151044,1.2694313000465627,96,9.078507450140105e-08,6.770393780330952e-08
100,298,364,34944,0.45,0.375,0.0,0,0,0,0,0,0,1.0068429588444343,0.9652240895001145,1.0,0.9652240895001145,1.0,0,0.0,0,0.0,0.0,0,0,0,0,0.01982000000134576,0.20645833334735167,0.0,0.0,0.0,0.0,1.1923384000110673,12.420191666781951,0.07666669998434372,1.212158400012413,96,9.928984894685966e-08,7.171956584173245e-08
101,0,2,192,0.45,0.375,0.25,0,0,0,0,0,0,2.2513264482139412,0.9527181614528133,1.0,0.9527181614528133,1.0,0,0.0,0,0.0,0.0,0,0,0,0,0.019779199981712736,0.206033333142841,0.0,0.0,0.0,0.0,1.2347592000223813,12.862075000233139,0.07543109999096487,1.254538400004094,96,9.48023570843809e-08,9.551626226067533e-08
101,1,3,288,0.45,0.375,0.25,0,0,0,0,0,0,2.309130330180766,0.9536562555102355,1.0,0.9536562555102355,1.0,0,0.0,0,0.0,0.0,0,0,0,0,0.01924759996472858,0.2004958329659227,0.0,0.0,0.0,0.0,1.1927390000055311,12.424364583390949,0.07379489998129429,1.2119865999702597,96,9.707337371434033e-08,8.68244419416353e-08
101,2,4,384,0.45,0.375,0.25,0,0,0,0,0,0,2.161902572779332,0.954147358011375,1.0,0.954147358011375,1.0,0,0.0,0,0.0,0.0,0,0,0,0,0.02079310003318824,0.2165947920123775,0.0,0.0,0.0,0.0,1.366525100042054,14.234636458771396,0.08498239997425117,1.3873182000752422,96,9.35084034422301e-08,8.423196536100352e-08
101,3,5,480,0.45,0.375,0.25,0,0,0,0,0,0,1.8735381246272844,0.957812909013009,1.0018559298766563,0.957812909013009,1.0018559298766563,0,0.0,0,0.0,0.0,0,0,0,0,0.02004719997785287,0.20882499976930072,0.0,0.0,0.0,0.0,1.2057165000296663,12.559546875309024,0.0756835000065621,1.2257637000075192,96,9.922237427517633e-08,9.714261700599636e-08
101,4,6,576,0.45,0.375,0.25,0,0,0,0,0,0,1.7361445328388923,0.9592728426183955,1.0,0.9592728426183955,1.0,0,0.0,0,0.0,0.0,0,0,0,0,0.02142449997336371,0.22317187472253863,0.0,0.0,0.0,0.0,1.3520218999910867,14.083561458240487,0.08474949999799719,1.3734463999644504,96,9.718340734585218e-08,8.961844849553202e-08
101,5,7,672,0.45,0.375,0.25,0,0,0,0,0,0,1.422966237577546,0.9618797714748853,1.0,0.9618797714748853,1.0,0,0.0,0,0.0,0.0,0,0,0,0,0.019249600016337354,0.20051666683684743,0.0,0.0,0.0,0.0,1.1913492999592563,12.409888541242253,0.07392140002048109,1.2105988999755937,96,9.922317288114935e-08,8.908757113956778e-08
101,6,8,768,0.45,0.375,0.25,0,0,0,0,0,0,2.3990759651908578,0.9522770382743743,1.0,0.9522770382743743,1.0,0,0.0,0,0.0,0.0,0,0,0,0,0.01982310002495069,0.20649062525990303,0.0,0.0,0.0,0.0,1.3032967000763165,13.57600729246163,0.0811163999751443,1.3231198001012672,96,9.155975820400453e-08,9.800766427592311e-08
101,7,10,960,0.45,0.375,0.25,0,0,0,0,0,0,2.643261606076839,0.9501604103432063,1.0,0.9501604103432063,1.0,0,0.0,0,0.0,0.0,0,0,0,0,0.019893200020305812,0.2072208335448522,0.0,0.0,0.0,0.0,1.2905480000554235,13.443208333910661,0.08059420000790851,1.3104412000757293,96,9.277142599267707e-08,9.938775580309311e-08
101,8,11,1056,0.45,0.375,0.25,0,0,0,0,0,0,2.4304247920392634,0.9519355826115473,1.0,0.9519355826115473,1.0,0,0.0,0,0.0,0.0,0,0,0,0,0.018533900001784787,0.19306145835192487,0.0,0.0,0.0,0.0,1.0931331999818212,11.386804166477305,0.06883679999737069,1.111667099983606,96,9.647626803346854e-08,9.765388692128951e-08
101,9,12,1152,0.45,0.375,0.25,0,0,0,0,0,0,2.4569778546121266,0.9523838970881351,1.0,0.9523838970881351,1.0,0,0.0,0,0.0,0.0,0,0,0,0,0.019583300017984584,0.20399270852067275,0.0,0.0,0.0,0.0,1.220943799991801,12.718164583247926,0.07530450000922428,1.2405271000097855,96,9.23510991551052e-08,9.721536381457341e-08
101,10,13,1248,0.45,0.375,0.25,0,0,0,0,0,0,1.6728599236689543,0.9600768134179727,1.0,0.9600768134179727,1.0,0,0.0,0,0.0,0.0,0,0,0,0,0.02026569996814942,0.2111010413348898,0.0,0.0,0.0,0.0,1.301591900002677,13.558248958361219,0.08208420001028571,1.3218575999708264,96,9.383119988458366e-08,9.71004528865782e-08
101,11,14,1344,0.45,0.375,0.25,0,0,0,0,0,0,1.4221675789260817,0.961232087680437,1.0,0.961232087680437,1.0,0,0.0,0,0.0,0.0,0,0,0,0,0.019301199972687755,0.2010541663821641,0.0,0.0,0.0,0.0,1.1468665999782388,11.946527083106654,0.07060600001568673,1.1661677999509266,96,9.552243593335952e-08,8.667276209239905e-08
101,12,16,1536,0.45,0.375,0.25,0,0,0,0,0,0,2.482035078341406,0.9510642730296851,1.0,0.9510642730296851,1.0,0,0.0,0,0.0,0.0,0,0,0,0,0.01940560001094127,0.20214166678063825,0.0,0.0,0.0,0.0,1.2084963000452262,12.588503125471107,0.07354989997111261,1.2279019000561675,96,9.733926538066373e-08,9.710869268431122e-08
101,13,17,1632,0.45,0.375,0.25,0,0,0,0,0,0,2.4976438209095067,0.9513642844322512,1.0,0.9513642844322512,1.0,0,0.0,0,0.0,0.0,0,0,0,0,0.019731700005650055,0.2055385417255214,0.0,0.0,0.0,0.0,1.2097895000406425,12.601973958756693,0.07361669996316778,1.2295212000462925,96,9.929618582232846e-08,9.828059727157168e-08
101,14,18,1728,0.45,0.375,0.25,0,0,0,0,0,0,2.3996277969594644,0.951410999678946,1.0016462392170473,0.951410999678946,1.0016462392170473,0,0.0,0,0.0,0.0,0,0,0,0,0.0196821999779786,0.20502291643727708,0.0,0.0,0.0,0.0,1.2386866000379086,12.902985417061549,0.07864699995116098,1.2583688000158872,96,9.336724145561637e-08,9.925471680660714e-08
101,15,19,1824,0.45,0.375,0.25,0,0,0,0,0,0,2.266415975318904,0.9528992488957876,1.0017031054572694,0.9528992488957876,1.0017031054572694,0,0.0,0,0.0,0.0,0,0,0,0,0.019200700015062466,0.20000729182356736,0.0,0.0,0.0,0.0,1.1252816000487655,11.721683333841307,0.06784179996611783,1.144482300063828,96,9.567633739958337e-08,9.12481539633303e-08
101,16,20,1920,0.45,0.375,0.25,0,0,0,0,0,0,1.5791573331196174,0.9596139326841343,1.0034607100275523,0.9596139326841343,1.0034607100275523,0,0.0,0,0.0,0.0,0,0,0,0,0.01912640002410626,0.1992333335844402,0.0,0.0,0.0,0.0,1.2114602000583545,12.619377083941194,0.07592209999711486,1.2305866000824608,96,9.508370214447726e-08,9.976606429873414e-08
101,17,21,2016,0.45,0.375,0.25,0,0,0,0,0,0,1.357873058133132,0.9608907277071685,1.0043586644501765,0.9608907277071685,1.0043586644501765,0,0.0,0,0.0,0.0,0,0,0,0,0.0206097000191221,0.21468437519918857,0.0,0.0,0.0,0.0,1.3838881999836303,14.415502083162815,0.08527169998706086,1.4044979000027524,96,8.951640303143937e-08,8.158451046680337e-08
101,18,22,2112,0.45,0.375,0.25,0,0,0,0,0,0,2.4191619521111942,0.9512220847709023,1.0005904001775143,0.9512220847709023,1.0005904001775143,0,0.0,0,0.0,0.0,0,0,0,0,0.01884100005554501,0.19626041724526053,0.0,0.0,0.0,0.0,1.141804700026114,11.893798958605354,0.07257799994840752,1.160645700081659,96,9.879576102524157e-08,9.404896306186572e-08
101,19,23,2208,0.45,0.375,0.25,0,0,0,0,0,0,2.6366005046654553,0.9506988665032836,1.0,0.9506988665032836,1.0,0,0.0,0,0.0,0.0,0,0,0,0,0.018276599977980368,0.19038124977062884,0.0,0.0,0.0,0.0,1.1092670000070939,11.554864583407229,0.06834849997540005,1.1275435999850743,96,9.873133362953146e-08,9.868935176016169e-08
101,20,24,2304,0.45,0.375,0.25,0,0,0,0,0,0,2.5580836654519503,0.9510437154263575,1.0,0.9510437154263575,1.0,0,0.0,0,0.0,0.0,0,0,0,0,0.01926869997259928,0.20071562471457582,0.0,0.0,0.0,0.0,1.1999378001055447,12.499352084432758,0.07553709999046987,1.219206500078144,96,9.310101247231306e-08,9.999305661256841e-08
101,21,25,2400,0.45,0.375,0.25,0,0,0,0,0,0,2.304372927567414,0.9510618837926784,1.004001056443038,0.9510618837926784,1.004001056443038,0,0.0,0,0.0,0.0,0,0,0,0,0.018292900051164906,0.19055104219963445,0.0,0.0,0.0,0.0,1.1189135999520659,11.655349999500686,0.07000180000613909,1.1372065000032308,96,9.091020080828627e-08,9.095028195849064e-08
101,22,26,2496,0.45,0.375,0.25,0,0,0,0,0,0,2.179668488597843,0.9526017939103997,1.0053801842107484,0.9526017939103997,1.0053801842107484,0,0.0,0,0.0,0.0,0,0,0,0,0.019427299994276837,0.20236770827371706,0.0,0.0,0.0,0.0,1.22511840001971,12.761650000205313,0.0766040999951656,1.2445457000139868,96,9.835784802944558e-08,9.677341497593694e-08
101,23,27,2592,0.45,0.375,0.25,0,0,0,0,0,0,1.5260251443091062,0.9596062221401469,1.006150900062681,0.9596062221401469,1.006150900062681,0,0.0,0,0.0,0.0,0,0,0,0,0.020023900004161987,0.2085822917100207,0.0,0.0,0.0,0.0,1.2440157000673935,12.958496875702016,0.07727169997815508,1.2640396000715555,96,9.89741701096225e-08,9.640304179936443e-08
101,24,28,2688,0.45,0.375,0.25,0,0,0,0,0,0,1.3100960505710963,0.9612934493772561,1.0045444298341077,0.9612934493772561,1.0045444298341077,0,0.0,0,0.0,0.0,0,0,0,0,0.019114200003969017,0.19910625004134394,0.0,0.0,0.0,0.0,1.1488363999596913,11.96704583291345,0.07151029996748548,1.1679505999636604,96,9.931061761142557e-08,8.805510230691649e-08
101,25,29,2784,0.45,0.375,0.25,0,0,0,0,0,0,2.402463205381282,0.951934126294108,1.0,0.951934126294108,1.0,0,0.0,0,0.0,0.0,0,0,0,0,0.017987500010349322,0.1873697917744721,0.0,0.0,0.0,0.0,1.0886844000706333,11.340462500735763,0.06675630000245292,1.1066719000809826,96,9.936073530787681e-08,9.995718752708882e-08
101,26,30,2880,0.45,0.375,0.25,0,0,0,0,0,0,2.4310550550105723,0.9528904999050871,1.0,0.9528904999050871,1.0,0,0.0,0,0.0,0.0,0,0,0,0,0.019632600000477396,0.20450625000497288,0.0,0.0,0.0,0.0,1.2338863000259153,12.852982291936618,0.07669050001277355,1.2535189000263927,96,9.095088253710526e-08,9.2810828397627e-08
101,27,31,2976,0.45,0.375,0.25,0,0,0,0,0,0,2.370124936898261,0.9524178103344236,1.0,0.9524178103344236,1.0,0,0.0,0,0.0,0.0,0,0,0,0,0.019058199955907185,0.1985229162073665,0.0,0.0,0.0,0.0,1.1439676000009058,11.916329166676102,0.06976359999680426,1.163025799956813,96,9.9073509691322e-08,9.962349126202419e-08
101,28,32,3072,0.45,0.375,0.25,0,0,0,0,0,0,2.2286532563609067,0.9527247002901589,1.0023773505922484,0.9527247002901589,1.0023773505922484,0,0.0,0,0.0,0.0,0,0,0,0,0.01900249999744119,0.19794270830667907,0.0,0.0,0.0,0.0,1.1929884000055608,12.426962500057925,0.07295109999540728,1.211990900003002,96,9.553934194120317e-08,9.546318673059329e-08
101,29,33,3168,0.45,0.375,0.25,0,0,0,0,0,0,2.18000654417114,0.9548290836499652,1.0,0.9548290836499652,1.0,0,0.0,0,0.0,0.0,0,0,0,0,0.01910579997638706,0.1990187497540319,0.0,0.0,0.0,0.0,1.2323655000363942,12.837140625379106,0.07785540001350455,1.2514713000127813,96,9.029961592701974e-08,8.203003040718748e-08
101,30,34,3264,0.45,0.375,0.25,0,0,0,0,0,0,1.4305042360895996,0.9602498992638329,1.0037376944094971,0.9602498992638329,1.0037376944094971,0,0.0,0,0.0,0.0,0,0,0,0,0.01989069997216575,0.20719479137672656,0.0,0.0,0.0,0.0,1.2568410999738262,13.092094791394024,0.07881759999145288,1.276731799945992,96,9.699781472818914e-08,8.629110967439679e-08
101,31,35,3360,0.45,0.375,0.25,0,0,0,0,0,0,1.187954174512646,0.9623625013625324,1.0030243926261062,0.9623625013625324,1.0030243926261062,0,0.0,0,0.0,0.0,0,0,0,0,0.017391500034136698,0.18116145868892394,0.0,0.0,0.0,0.0,1.050780800069333,10.945633334055552,0.0645733999699587,1.0681723001034698,96,9.916594690372038e-08,8.934636960833409e-08
101,32,36,3456,0.45,0.375,0.25,0,0,0,0,0,0,2.1720454260503566,0.9537495329995336,1.0001336944743666,0.9537495329995336,1.0001336944743666,0,0.0,0,0.0,0.0,0,0,0,0,0.019234500054153614,0.20035937556410013,0.0,0.0,0.0,0.0,1.247599900008936,12.995832291759749,0.07655879999947501,1.2668344000630896,96,9.6653635737326e-08,8.604427448322127e-08
101,33,37,3552,0.45,0.375,0.25,0,0,0,0,0,0,2.337576290735578,0.9522323263715037,1.0003578325073699,0.9522323263715037,1.0003578325073699,0,0.0,0,0.0,0.0,0,0,0,0,0.020588100058375858,0.21445937560808184,0.0,0.0,0.0,0.0,1.2962518999702297,13.502623958023227,0.07922490003693383,1.3168400000286056,96,9.445656781910394e-08,9.949977133882904e-08
101,34,40,3840,0.45,0.375,0.25,0,0,0,0,0,0,2.3012970745731374,0.9533304965335828,1.0006620712882095,0.9533304965335828,1.0006620712882095,0,0.0,0,0.0,0.0,0,0,0,0,0.019778099966060836,0.20602187464646704,0.0,0.0,0.0,0.0,1.3292094999851543,13.845932291512023,0.08105820003402187,1.348987599951215,96,9.360159827775938e-08,8.517799146567917e-08
101,35,42,4032,0.45,0.375,0.25,0,0,0,0,0,0,1.3187856871112595,0.9615465752813266,1.0022982209430205,0.9615465752813266,1.0022982209430205,0,0.0,0,0.0,0.0,0,0,0,0,0.02058289996057283,0.21440520792263365,0.0,0.0,0.0,0.0,1.3232818999895244,13.784186458224212,0.08368819999304833,1.3438647999500972,96,9.934380847467783e-08,8.830987108243704e-08
101,36,43,4128,0.45,0.375,0.25,0,0,0,0,0,0,2.065585084296038,0.9517078569520931,1.0072468314673457,0.9517078569520931,1.0072468314673457,0,0.0,0,0.0,0.0,0,0,0,0,0.01936929998191772,0.20176354147830958,0.0,0.0,0.0,0.0,1.2477015999538708,12.996891666186153,0.07811600003333297,1.2670708999357885,96,9.574751319053887e-08,9.612007509374187e-08
101,37,44,4224,0.45,0.375,0.25,0,0,0,0,0,0,2.0017574129175233,0.9532908319446495,1.0094006810145382,0.9532908319446495,1.0094006810145382,0,0.0,0,0.0,0.0,0,0,0,0,0.01836810000531841,0.1913343750554001,0.0,0.0,0.0,0.0,1.14086700003827,11.884031250398644,0.07120999997277977,1.1592351000435883,96,9.8888952547449e-08,9.733076733464685e-08
101,38,45,4320,0.45,0.375,0.25,0,0,0,0,0,0,1.935346366000119,0.9532494347407788,1.009657490697994,0.9532494347407788,1.009657490697994,0,0.0,0,0.0,0.0,0,0,0,0,0.02028999999311054,0.21135416659490147,0.0,0.0,0.0,0.0,1.2921039000575547,13.459415625599528,0.07930639995902311,1.3123939000506653,96,9.340618424558134e-08,9.710445392219214e-08
101,39,46,4416,0.45,0.375,0.25,0,0,0,0,0,0,1.9628796252659544,0.953173112534065,1.0072297362723237,0.953173112534065,1.0072297362723237,0,0.0,0,0.0,0.0,0,0,0,0,0.021202999967499636,0.22086458299478787,0.0,0.0,0.0,0.0,1.4246822998757125,14.840440623705339,0.08618340007524239,1.4458852998432121,96,9.79151611700535e-08,9.948162689454865e-08
101,40,47,4512,0.45,0.375,0.25,0,0,0,0,0,0,2.1480815969558904,0.9548213382904188,1.0002709368252147,0.9548213382904188,1.0002709368252147,0,0.0,0,0.0,0.0,0,0,0,0,0.021506900018721353,0.22403020852834743,0.0,0.0,0.0,0.0,1.4711970999924233,15.324969791587742,0.09020899999450194,1.4927040000111447,96,9.765261119697166e-08,8.620202697484647e-08
101,41,48,4608,0.45,0.375,0.25,0,0,0,0,0,0,1.4331812539497368,0.9607672068518419,1.0015254259654396,0.9607672068518419,1.0015254259654396,0,0.0,0,0.0,0.0,0,0,0,0,0.018419300024106633,0.1918677085844441,0.0,0.0,0.0,0.0,1.0977634000591934,11.435035417283265,0.06710569994902471,1.1161827000833,96,9.614227366484818e-08,8.583521358962454e-08
101,42,50,4800,0.45,0.375,0.25,0,0,0,0,0,0,2.227438089004877,0.952175803415801,1.0006948230972215,0.952175803415801,1.0006948230972215,0,0.0,0,0.0,0.0,0,0,0,0,0.018500199970731046,0.19271041636178174,0.0,0.0,0.0,0.0,1.1444557000068016,11.921413541737516,0.07113770001160447,1.1629558999775327,96,9.549240700262862e-08,9.779873563764419e-08
101,43,52,4992,0.45,0.375,0.25,0,0,0,0,0,0,2.3635552366762163,0.9520333779647061,1.0,0.9520333779647061,1.0,0,0.0,0,0.0,0.0,0,0,0,0,0.01950570003100438,0.2031843753229623,0.0,0.0,0.0,0.0,1.2316817000391893,12.830017708741556,0.0760225999620161,1.2511874000701937,96,9.734383231777e-08,9.494580774371819e-08
101,44,53,5088,0.45,0.375,0.25,0,0,0,0,0,0,2.120993847777283,0.9527655893759261,1.0020975609817213,0.9527655893759261,1.0020975609817213,0,0.0,0,0.0,0.0,0,0,0,0,0.01933370000188006,0.2013927083529173,0.0,0.0,0.0,0.0,1.1833580999737023,12.326646874726066,0.0740079000024707,1.2026917999755824,96,9.723869334732349e-08,9.48693423125091e-08
101,45,54,5184,0.45,0.375,0.25,0,0,0,0,0,0,1.886342088108235,0.9561649788524362,1.004536565076226,0.9561649788524362,1.004536565076226,0,0.0,0,0.0,0.0,0,0,0,0,0.01798389999748906,0.18733229164051104,0.0,0.0,0.0,0.0,1.0852946000668453,11.305152084029638,0.06781899998895824,1.1032785000643344,96,9.514253929837624e-08,9.968368269719363e-08
101,46,55,5280,0.45,0.375,0.25,0,0,0,0,0,0,1.2584942127126708,0.9609683092403468,1.0083712400205573,0.9609683092403468,1.0083712400205573,0,0.0,0,0.0,0.0,0,0,0,0,0.0193094999413006,0.20114062438854793,0.0,0.0,0.0,0.0,1.2189458999419003,12.697353124394795,0.07651310003711842,1.2382553998832009,96,9.024840995179584e-08,8.171253229605213e-08
101,47,58,5568,0.45,0.375,0.25,0,0,0,0,0,0,2.0177571622809594,0.9549264105408245,1.00242708127323,0.9549264105408245,1.00242708127323,0,0.0,0,0.0,0.0,0,0,0,0,0.019661199999973178,0.20480416666638726,0.0,0.0,0.0,0.0,1.1981887000147253,12.481132291820055,0.07545369998842943,1.2178499000146985,96,9.439692386266352e-08,8.526786728080271e-08
101,48,59,5664,0.45,0.375,0.25,0,0,0,0,0,0,2.0110960649707392,0.9556750999906418,1.0023744624445539,0.9556750999906418,1.0023744624445539,0,0.0,0,0.0,0.0,0,0,0,0,0.019610399984230753,0.20427499983573702,0.0,0.0,0.0,0.0,1.248834900034126,13.008696875355477,0.07627540003886679,1.2684453000183566,96,9.673373405245933e-08,8.631190547003786e-08
101,49,61,5856,0.45,0.375,0.25,0,0,0,0,0,0,1.7130343534516357,0.9574401208676239,1.006939691961605,0.9574401208676239,1.006939691961605,0,0.0,0,0.0,0.0,0,0,0,0,0.019194900007278193,0.19994687507581452,0.0,0.0,0.0,0.0,1.2453644999986864,12.972546874986316,0.07650559999456163,1.2645594000059646,96,9.720392843935721e-08,9.621706362206162e-08
101,50,62,5952,0.45,0.375,0.25,0,0,0,0,0,0,1.1375794630571376,0.9627062684598239,1.0083779567750883,0.9627062684598239,1.0083779567750883,0,0.0,0,0.0,0.0,0,0,0,0,0.019415300019318238,0.20224270853456497,0.0,0.0,0.0,0.0,1.2592254999981378,13.116932291647268,0.08042810005281353,1.278640800017456,96,9.997043594854593e-08,8.842679630194361e-08
101,51,63,6048,0.45,0.375,0.25,0,0,0,0,0,0,1.0537214095783016,0.9630540785911862,1.006137817814809,0.9630540785911862,1.006137817814809,0,0.0,0,0.0,0.0,0,0,0,0,0.01899909998610383,0.19790729152191489,0.0,0.0,0.0,0.0,1.133557000073779,11.807885417435196,0.07007579996570712,1.1525561000598827,96,9.994456284280473e-08,8.856475691709775e-08
101,52,64,6144,0.45,0.375,0.25,0,0,0,0,0,0,1.9048581422767574,0.9548315153567363,1.001683231098802,0.9548315153567363,1.001683231098802,0,0.0,0,0.0,0.0,0,0,0,0,0.02004039999883389,0.2087541666545197,0.0,0.0,0.0,0.0,1.2363593000773108,12.878742709138654,0.07718409994413378,1.2563997000761447,96,9.160167625289761e-08,8.267290109442715e-08
101,53,65,6240,0.45,0.375,0.25,0,0,0,0,0,0,2.0689946402636608,0.9543416565200863,1.0010119660751022,0.9543416565200863,1.0010119660751022,0,0.0,0,0.0,0.0,0,0,0,0,0.020919100075843744,0.21790729245670568,0.0,0.0,0.0,0.0,1.3301487000571797,13.855715625595622,0.08185759992193198,1.3510678001330234,96,9.451107519861668e-08,8.458470847350075e-08
101,54,66,6336,0.45,0.375,0.25,0,0,0,0,0,0,2.074976834995693,0.953388231058442,1.0026706800892857,0.953388231058442,1.0026706800892857,0,0.0,0,0.0,0.0,0,0,0,0,0.01898450001317542,0.1977552084705773,0.0,0.0,0.0,0.0,1.177317999965453,12.263729166306803,0.07518900001014117,1.1963024999786285,96,9.875466364800412e-08,8.730422502989388e-08
101,55,67,6432,0.45,0.375,0.25,0,0,0,0,0,0,2.0262099265909854,0.9543579335517618,1.0012366519260687,0.9543579335517618,1.0012366519260687,0,0.0,0,0.0,0.0,0,0,0,0,0.019860699998389464,0.20688229164989025,0.0,0.0,0.0,0.0,1.2234062999632442,12.743815624617127,0.0752511999962735,1.2432669999616337,96,8.260667569252866e-08,7.632111276301146e-08
101,56,68,6528,0.45,0.375,0.25,0,0,0,0,0,0,1.6865545476167711,0.9575275532819697,1.0077031386619795,0.9575275532819697,1.0077031386619795,0,0.0,0,0.0,0.0,0,0,0,0,0.022180999985721428,0.23105208318459822,0.0,0.0,0.0,0.0,1.4414081999711925,15.014668749699922,0.08831970005121548,1.463589199956914,96,9.779908811610727e-08,9.844389602109427e-08
101,57,69,6624,0.45,0.375,0.25,0,0,0,0,0,0,1.1462292653971613,0.9617197239645402,1.010214371308358,0.9617197239645402,1.010214371308358,0,0.0,0,0.0,0.0,0,0,0,0,0.021640000035404228,0.2254166670354607,0.0,0.0,0.0,0.0,1.432159599942679,14.918329166069574,0.08825590001652017,1.4537995999780833,96,9.069663305973086e-08,8.503856285813072e-08
101,58,70,6720,0.45,0.375,0.25,0,0,0,0,0,0,0.9871628281619069,0.9636553758959018,1.0189833952331668,0.9636553758959018,1.0189833952331668,0,0.0,0,0.0,0.0,0,0,0,0,0.01921369996125577,0.20014270792974762,0.0,0.0,0.0,0.0,1.2311675999953877,12.824662499951955,0.0773265999960131,1.2503812999566435,96,8.947081333622597e-08,9.923950895426858e-08
101,59,73,7008,0.45,0.375,0.25,0,0,0,0,0,0,1.662704499354431,0.9562605673265393,1.0083720104765173,0.9562605673265393,1.0083720104765173,0,0.0,0,0.0,0.0,0,0,0,0,0.019914200027415063,0.2074395836189069,0.0,0.0,0.0,0.0,1.2565903999420698,13.089483332729893,0.07745290001912508,1.2765045999694848,96,9.986443979051463e-08,9.788888588602163e-08
101,60,74,7104,0.45,0.375,0.25,0,0,0,0,0,0,1.56579847269568,0.957280104019436,1.0127194868453733,0.957280104019436,1.0127194868453733,0,0.0,0,0.0,0.0,0,0,0,0,0.0206436999651487,0.21503854130363229,0.0,0.0,0.0,0.0,1.2349437000011676,12.863996875012162,0.07598880005389219,1.2555873999663163,96,9.285282899333669e-08,9.640609865968486e-08
101,61,75,7200,0.45,0.375,0.25,0,0,0,0,0,0,1.630055667545481,0.957886004897518,1.0061436086935605,0.957886004897518,1.0061436086935605,0,0.0,0,0.0,0.0,0,0,0,0,0.0202064999830327,0.2104843748232573,0.0,0.0,0.0,0.0,1.2080876999680186,12.58424687466686,0.07466760000534123,1.2282941999510513,96,9.803397550342541e-08,9.971752853998872e-08
101,62,76,7296,0.45,0.375,0.25,0,0,0,0,0,0,1.3759407331083828,0.9617995401300371,1.0018768318061775,0.9617995401300371,1.0018768318061775,0,0.0,0,0.0,0.0,0,0,0,0,0.019498199981171638,0.20310624980387124,0.0,0.0,0.0,0.0,1.229839100051322,12.810823958867937,0.07549329999164911,1.2493373000324937,96,9.727718133616114e-08,9.386845967185309e-08
101,63,77,7392,0.45,0.375,0.25,0,0,0,0,0,0,1.2102926788632127,0.9612604014457992,1.0008785643817104,0.9612604014457992,1.0008785643817104,0,0.0,0,0.0,0.0,0,0,0,0,0.019626600027550012,0.20444375028697928,0.0,0.0,0.0,0.0,1.1922194999933708,12.418953124930946,0.0745141999941552,1.2118461000209209,96,9.719667520488584e-08,8.68033000339663e-08
101,64,78,7488,0.45,0.375,0.25,0,0,0,0,0,0,1.8115833677298216,0.9549261952393746,1.0025550450361458,0.9549261952393746,1.0025550450361458,0,0.0,0,0.0,0.0,0,0,0,0,0.019380100013222545,0.20187604180440152,0.0,0.0,0.0,0.0,1.1843533000937896,12.337013542643641,0.07302409999101656,1.2037334001070121,96,8.961045514128962e-08,8.073145443820984e-08
101,65,79,7584,0.45,0.375,0.25,0,0,0,0,0,0,1.7982026333167362,0.9563993184502925,1.003323101046938,0.9563993184502925,1.003323101046938,0,0.0,0,0.0,0.0,0,0,0,0,0.019385699946724344,0.20193437444504525,0.0,0.0,0.0,0.0,1.1826114000650705,12.318868750677817,0.07246209995355457,1.2019971000117948,96,9.618269843775229e-08,8.560925884859572e-08
101,66,80,7680,0.45,0.375,0.25,0,0,0,0,0,0,1.7809367000171608,0.9557261777585951,1.0053020225447844,0.9557261777585951,1.0053020225447844,0,0.0,0,0.0,0.0,0,0,0,0,0.019919099984690547,0.20749062484052652,0.0,0.0,0.0,0.0,1.2681984000446391,13.210400000464992,0.0803477999579627,1.2881175000293297,96,9.452038173853039e-08,9.795635136367054e-08
101,67,81,7776,0.45,0.375,0.25,0,0,0,0,0,0,1.7084895224419914,0.9566404848200454,1.006260776343068,0.9566404848200454,1.006260776343068,0,0.0,0,0.0,0.0,0,0,0,0,0.01986589997250121,0.20693645804688762,0.0,0.0,0.0,0.0,1.2155661000069813,12.662146875072722,0.07458080000651535,1.2354319999794825,96,9.494204446930388e-08,9.875091994127061e-08
101,68,82,7872,0.45,0.375,0.25,0,0,0,0,0,0,1.5748263632146065,0.9580430850701747,1.0080025165190274,0.9580430850701747,1.0080025165190274,0,0.0,0,0.0,0.0,0,0,0,0,0.022471899996162392,0.23408229162669159,0.0,0.0,0.0,0.0,1.4613609999869368,15.222510416530591,0.09074650007823948,1.4838328999830992,96,9.549673390604752e-08,9.890830897363312e-08
101,69,83,7968,0.45,0.375,0.25,0,0,0,0,0,0,1.064658911334669,0.963685547815982,1.0223101158750605,0.963685547815982,1.0223101158750605,0,0.0,0,0.0,0.0,0,0,0,0,0.02201569998578634,0.2293302081852744,0.0,0.0,0.0,0.0,1.388837400059856,14.4670562506235,0.08479099995020078,1.4108531000456423,96,8.576774402670184e-08,9.971585704718344e-08
101,70,84,8064,0.45,0.375,0.25,0,0,0,0,0,0,0.9108495240825635,0.9657031570577786,1.029360326860679,0.9657031570577786,1.029360326860679,0,0.0,0,0.0,0.0,0,0,0,0,0.017541400018671993,0.1827229168611666,0.0,0.0,0.0,0.0,1.0263991999891005,10.691658333219797,0.06248539999796776,1.0439406000077724,96,5.678401748809847e-08,9.488800875243064e-08
101,71,85,8160,0.45,0.375,0.25,0,0,0,0,0,0,1.4636077981930238,0.9595568574039233,1.0205257798217544,0.9595568574039233,1.0205257798217544,0,0.0,0,0.0,0.0,0,0,0,0,0.019258900021668524,0.20061354189238045,0.0,0.0,0.0,0.0,1.2178167999663856,12.685591666316517,0.07557879998057615,1.2370756999880541,96,9.094344960262901e-08,9.436701496612354e-08
101,72,86,8256,0.45,0.375,0.25,0,0,0,0,0,0,1.4849237402109376,0.9595442419163236,1.0191019931994219,0.9595442419163236,1.0191019931994219,0,0.0,0,0.0,0.0,0,0,0,0,0.02138230001582997,0.22273229183156218,0.0,0.0,0.0,0.0,1.4813586000746,15.430818750777084,0.09126879996620119,1.50274090009043,96,9.077782758132313e-08,9.563348300767327e-08
101,73,87,8352,0.45,0.375,0.25,0,0,0,0,0,0,1.5734450900231167,0.9583486782707662,1.007345488110806,0.9583486782707662,1.007345488110806,0,0.0,0,0.0,0.0,0,0,0,0,0.019711900036782026,0.20533229204981276,0.0,0.0,0.0,0.0,1.2287102999835042,12.799065624828168,0.07626589997380506,1.2484222000202863,96,9.556930346057979e-08,9.661647350223124e-08
101,74,88,8448,0.45,0.375,0.25,0,0,0,0,0,0,1.4928647192632714,0.9592063015924246,1.0103239581284524,0.9592063015924246,1.0103239581284524,0,0.0,0,0.0,0.0,0,0,0,0,0.019439100033196155,0.2024906253457933,0.0,0.0,0.0,0.0,1.1599803999779397,12.083129166436871,0.07077179995394545,1.1794195000111358,96,9.833980693131628e-08,9.459038476100634e-08
101,75,89,8544,0.45,0.375,0.25,0,0,0,0,0,0,1.3986142465914708,0.9597238399343065,1.0144850801659653,0.9597238399343065,1.0144850801659653,0,0.0,0,0.0,0.0,0,0,0,0,0.019086800028162543,0.19882083362669314,0.0,0.0,0.0,0.0,1.1001307000042289,11.459694791710717,0.06838109998352593,1.1192175000323914,96,9.770224224277257e-08,9.640503971508618e-08
101,76,90,8640,0.45,0.375,0.25,0,0,0,0,0,0,0.9433757291011394,0.9664304045430158,1.0142151604024732,0.9664304045430158,1.0142151604024732,0,0.0,0,0.0,0.0,0,0,0,0,0.019055699951422866,0.1984968744939882,0.0,0.0,0.0,0.0,1.1481867000111379,11.96027812511602,0.07033350000710925,1.1672423999625607,96,4.7038168212928944e-08,7.020444909439094e-08
101,77,91,8736,0.45,0.375,0.25,0,0,0,0,0,0,0.808342283971595,0.9670839230079901,1.015821170707719,0.9670839230079901,1.015821170707719,0,0.0,0,0.0,0.0,0,0,0,0,0.018692700024985243,0.19471562526026295,0.0,0.0,0.0,0.0,1.0828278000553837,11.279456250576914,0.0666224999804399,1.101520500080369,96,3.845415790914436e-08,4.6785048196662515e-08
101,78,93,8928,0.45,0.375,0.25,0,0,0,0,0,0,1.4269097913534867,0.960128831284066,1.0077575347459558,0.960128831284066,1.0077575347459558,0,0.0,0,0.0,0.0,0,0,0,0,0.01913109999441076,0.19928229160844543,0.0,0.0,0.0,0.0,1.1196486999615445,11.663007291266089,0.06833010000264039,1.1387797999559552,96,9.981526950461617e-08,9.57115732502789e-08
101,79,94,9024,0.45,0.375,0.25,0,0,0,0,0,0,1.5480759864301255,0.95916063187089,1.0082180891500718,0.95916063187089,1.0082180891500718,0,0.0,0,0.0,0.0,0,0,0,0,0.019580599997425452,0.20396458330651512,0.0,0.0,0.0,0.0,1.1278938999821548,11.74889479148078,0.06862500000715954,1.1474744999795803,96,9.334867698274074e-08,9.774035261700398e-08
101,80,95,9120,0.45,0.375,0.25,0,0,0,0,0,0,1.5233603411452386,0.9595785186067834,1.0077855190303329,0.9595785186067834,1.0077855190303329,0,0.0,0,0.0,0.0,0,0,0,0,0.01991180000186432,0.20741458335275334,0.0,0.0,0.0,0.0,1.191084599980968,12.40713124980175,0.07241409999551252,1.2109963999828324,96,9.509468049812009e-08,9.94931953490763e-08
101,81,96,9216,0.45,0.375,0.25,0,0,0,0,0,0,1.5339757946708554,0.9587284554242093,1.0057852785209498,0.9587284554242093,1.0057852785209498,0,0.0,0,0.0,0.0,0,0,0,0,0.019758900001761504,0.205821875018349,0.0,0.0,0.0,0.0,1.1504938000216498,11.984310416892185,0.07213030002458254,1.1702527000234113,96,9.593048590737785e-08,9.820629524870395e-08
101,82,97,9312,0.45,0.375,0.25,0,0,0,0,0,0,0.9728638245319956,0.9662964127068537,1.0097940786493342,0.9662964127068537,1.0097940786493342,0,0.0,0,0.0,0.0,0,0,0,0,0.020059399990714155,0.20895208323660577,0.0,0.0,0.0,0.0,1.214899399994465,12.655202083275677,0.07372119999490678,1.2349587999851792,96,4.909725626056627e-08,5.3082224518719023e-08
101,83,98,9408,0.45,0.375,0.25,0,0,0,0,0,0,0.899979093009772,0.9671860261620168,1.0342132463137543,0.9671860261620168,1.0342132463137543,0,0.0,0,0.0,0.0,0,0,0,0,0.01889039998059161,0.19677499979782928,0.0,0.0,0.0,0.0,1.124856600035855,11.71725625037349,0.06775980000384152,1.1437470000164467,96,4.615515455941299e-08,8.236011270548738e-08
101,84,99,9504,0.45,0.375,0.25,0,0,0,0,0,0,1.39912447508297,0.9603737743857952,1.0103137038057532,0.9603737743857952,1.0103137038057532,0,0.0,0,0.0,0.0,0,0,0,0,0.019105899991700426,0.19901979158021277,0.0,0.0,0.0,0.0,1.1762472999689635,12.252576041343369,0.07265820002066903,1.195353199960664,96,9.33453383426125e-08,9.832855613067792e-08
101,85,100,9600,0.45,0.375,0.25,0,0,0,0,0,0,1.4549531196721992,0.9604506829083853,1.008871693790211,0.9604506829083853,1.008871693790211,0,0.0,0,0.0,0.0,0,0,0,0,0.01876310002990067,0.19544895864479864,0.0,0.0,0.0,0.0,1.1464463000083924,11.942148958420754,0.07028090002131648,1.165209400038293,96,9.334011880253457e-08,9.846837567550892e-08
101,86,101,9696,0.45,0.375,0.25,0,0,0,0,0,0,1.5424569115738127,0.9597159985961764,1.0073448733751482,0.9597159985961764,1.0073448733751482,0,0.0,0,0.0,0.0,0,0,0,0,0.020002600002044346,0.20836041668796193,0.0,0.0,0.0,0.0,1.2846053999383003,13.381306249357294,0.07743460000347113,1.3046079999403446,96,9.894785987091259e-08,9.781742249526104e-08
101,87,102,9792,0.45,0.375,0.25,0,0,0,0,0,0,1.457302721453531,0.9599481118485997,1.00539873256517,0.9599481118485997,1.00539873256517,0,0.0,0,0.0,0.0,0,0,0,0,0.020520399964880198,0.2137541663008354,0.0,0.0,0.0,0.0,1.2407606999913696,12.9245906249101,0.07622580001770984,1.2612810999562498,96,9.56726652762141e-08,9.979651334479644e-08
101,88,103,9888,0.45,0.375,0.25,0,0,0,0,0,0,0.8347785129381268,0.9678187812382606,1.008182422902414,0.9678187812382606,1.008182422902414,0,0.0,0,0.0,0.0,0,0,0,0,0.01960399997915374,0.2042083331161848,0.0,0.0,0.0,0.0,1.2958330000546994,13.498260417236452,0.07989339998312062,1.315437000033853,96,2.995301440905651e-08,3.4315074601276585e-08
101,89,104,9984,0.45,0.375,0.25,0,0,0,0,0,0,0.9274912383251741,0.966878267507035,1.004659161110687,0.966878267507035,1.004659161110687,0,0.0,0,0.0,0.0,0,0,0,0,0.01925210002809763,0.20054270862601697,0.0,0.0,0.0,0.0,1.172471600031713,12.213245833663677,0.07318589999340475,1.1917237000598107,96,4.134299330833813e-08,4.6527894106973555e-08
101,90,105,10080,0.45,0.375,0.25,0,0,0,0,0,0,0.7262932847881876,0.968848950145037,1.006783340843555,0.968848950145037,1.006783340843555,0,0.0,0,0.0,0.0,0,0,0,0,0.018767300047329627,0.19549270882635028,0.0,0.0,0.0,0.0,1.143547600011516,11.911954166786623,0.07147940000140807,1.1623149000588455,96,2.08788170736815e-08,2.4048637109475024e-08
101,91,106,10176,0.45,0.375,0.25,0,0,0,0,0,0,0.7832638630268411,0.9676549483740697,1.0061834024515024,0.9676549483740697,1.0061834024515024,0,0.0,0,0.0,0.0,0,0,0,0,0.020273999936762266,0.2111874993412736,0.0,0.0,0.0,0.0,1.2359204999520443,12.874171874500462,0.07608850000542589,1.2561944998888066,96,3.175675067097067e-08,3.6338138956204524e-08
101,92,108,10368,0.45,0.375,0.25,0,0,0,0,0,0,1.500918054279333,0.9605847204055924,1.006306641482856,0.9605847204055924,1.006306641482856,0,0.0,0,0.0,0.0,0,0,0,0,0.018429099989589304,0.1919697915582219,0.0,0.0,0.0,0.0,1.0935512000432936,11.39115833378431,0.065976799960481,1.111980300032883,96,9.564109202525595e-08,9.95945006326826e-08
101,93,109,10464,0.45,0.375,0.25,0,0,0,0,0,0,1.4412379564787936,0.9608271661307537,1.0115585492732895,0.9608271661307537,1.0115585492732895,0,0.0,0,0.0,0.0,0,0,0,0,0.019934099953388795,0.20764687451446662,0.0,0.0,0.0,0.0,1.1944415999751072,12.4420999997407,0.0747324000185472,1.214375699928496,96,9.753551065763699e-08,9.066282696812422e-08
101,94,110,10560,0.45,0.375,0.25,0,0,0,0,0,0,1.4578215423376886,0.960372537971612,1.010040106831434,0.960372537971612,1.010040106831434,0,0.0,0,0.0,0.0,0,0,0,0,0.018666900046810042,0.19444687548760461,0.0,0.0,0.0,0.0,1.1735809999590856,12.224802082907141,0.07426610000402434,1.1922479000058956,96,9.251697815834681e-08,8.928963041165972e-08
101,95,111,10656,0.45,0.375,0.25,0,0,0,0,0,0,1.08097961539424,0.9652123614631131,1.0056278209088971,0.9652123614631131,1.0056278209088971,0,0.0,0,0.0,0.0,0,0,0,0,0.019269000011263415,0.20071875011732723,0.0,0.0,0.0,0.0,1.1665740999160334,12.151813540792014,0.0720622000444564,1.1858430999272969,96,5.81124404760297e-08,6.381740462468866e-08
101,96,112,10752,0.45,0.375,0.25,0,0,0,0,0,0,0.8704745741549744,0.9667527048520597,1.008576131440823,0.9667527048520597,1.008576131440823,0,0.0,0,0.0,0.0,0,0,0,0,0.020386100026371423,0.21235520860803567,0.0,0.0,0.0,0.0,1.305862800021714,13.602737500226189,0.08111549998284318,1.3262489000480855,96,4.212135794670613e-08,4.7791685331421974e-08
101,97,113,10848,0.45,0.375,0.25,0,0,0,0,0,0,1.4252529504329978,0.9604978979459488,1.0148587802151094,0.9604978979459488,1.0148587802151094,0,0.0,0,0.0,0.0,0,0,0,0,0.01949950004927814,0.20311979217998063,0.0,0.0,0.0,0.0,1.2242703000156325,12.752815625162839,0.07624989999749232,1.2437698000649107,96,9.05650914071604e-08,9.516620193272818e-08
101,98,115,11040,0.45,0.375,0.25,0,0,0,0,0,0,1.5923370531605878,0.959180513985828,1.0052396768493959,0.959180513985828,1.0052396768493959,0,0.0,0,0.0,0.0,0,0,0,0,0.018812699985574,0.19596562484972915,0.0,0.0,0.0,0.0,1.1935809999340563,12.433135415979754,0.07385400002385722,1.2123936999196303,96,9.746979506494724e-08,9.991197334746627e-08
101,99,116,11136,0.45,0.375,0.25,0,0,0,0,0,0,1.55903780773069,0.9598505700289078,1.0056387336002375,0.9598505700289078,1.0056387336002375,0,0.0,0,0.0,0.0,0,0,0,0,0.017930299996805843,0.18677395830006085,0.0,0.0,0.0,0.0,1.0662121999484953,11.106377082796826,0.06402490004256833,1.084142499945301,96,9.839352122995026e-08,9.558984624680189e-08
101,100,117,11232,0.45,0.375,0.25,0,0,0,0,0,0,1.488007820715054,0.9601424075605733,1.0050243277572464,0.9601424075605733,1.0050243277572464,0,0.0,0,0.0,0.0,0,0,0,0,0.02000709996354999,0.20840729128697907,0.0,0.0,0.0,0.0,1.2256198000250151,12.766872916927241,0.0762848999875132,1.2456268999885651,96,9.876844350199809e-08,9.879461367046094e-08
101,101,118,11328,0.45,0.375,0.25,0,0,0,0,0,0,0.9176878719798397,0.9671318777849932,1.0094660868476513,0.9671318777849932,1.0094660868476513,0,0.0,0,0.0,0.0,0,0,0,0,0.020370600010210183,0.21219375010635608,0.0,0.0,0.0,0.0,1.2345285000337753,12.859671875351827,0.07729669995023869,1.2548991000439855,96,3.808023600875704e-08,4.331931792445065e-08
101,102,121,11616,0.45,0.375,0.25,0,0,0,0,0,0,1.575188237781472,0.959124232522937,1.0044304836833233,0.959124232522937,1.0044304836833233,0,0.0,0,0.0,0.0,0,0,0,0,0.019844199996441603,0.20671041662960002,0.0,0.0,0.0,0.0,1.1855191000067862,12.349157291737356,0.07395589996303897,1.2053633000032278,96,9.707783806857384e-08,9.923880057993717e-08
101,103,122,11712,0.45,0.375,0.25,0,0,0,0,0,0,1.5204104609364568,0.9599405367486502,1.0067215055862122,0.9599405367486502,1.0067215055862122,0,0.0,0,0.0,0.0,0,0,0,0,0.01995349997014273,0.2078489580223201,0.0,0.0,0.0,0.0,1.2425400000356603,12.943125000371461,0.07742850000795443,1.262493500005803,96,9.531853622374298e-08,9.931093995774187e-08
101,104,123,11808,0.45,0.375,0.25,0,0,0,0,0,0,1.6869932175345652,0.9589055251658137,1.0037822635506226,0.9589055251658137,1.0037822635506226,0,0.0,0,0.0,0.0,0,0,0,0,0.019491599974571727,0.20303749973512217,0.0,0.0,0.0,0.0,1.1937765999828116,12.435172916487621,0.07216010001138784,1.2132681999573833,96,9.943092284421529e-08,8.75611248785102e-08
101,105,124,11904,0.45,0.375,0.25,0,0,0,0,0,0,1.528400117462521,0.9591750418032872,1.0035945349719528,0.9591750418032872,1.0035945349719528,0,0.0,0,0.0,0.0,0,0,0,0,0.019439299998339266,0.20249270831603403,0.0,0.0,0.0,0.0,1.2133748999694944,12.639321874682233,0.07454560001497157,1.2328141999678337,96,9.926933325701826e-08,9.803780107175974e-08
101,106,125,12000,0.45,0.375,0.25,0,0,0,0,0,0,0.9321728680594407,0.967781708640942,1.0142218345388048,0.967781708640942,1.0142218345388048,0,0.0,0,0.0,0.0,0,0,0,0,0.01890360000106739,0.19691250001111862,0.0,0.0,0.0,0.0,1.1080625000104192,11.542317708441866,0.07011159998364747,1.1269661000114866,96,3.345334096110236e-08,7.83014469409038e-08
101,107,126,12096,0.45,0.375,0.25,0,0,0,0,0,0,0.8221491715097347,0.9672428084296013,1.0075185892433416,0.9672428084296013,1.0075185892433416,0,0.0,0,0.0,0.0,0,0,0,0,0.018780500016873702,0.19563020850910107,0.0,0.0,0.0,0.0,1.0899946000718046,11.354110417414631,0.06671139996615238,1.1087751000886783,96,3.583590630403671e-08,4.094955680100654e-08
101,108,127,12192,0.45,0.375,0.25,0,0,0,0,0,0,1.6336383192584847,0.9585171837049679,1.0016022526326893,0.9585171837049679,1.0016022526326893,0,0.0,0,0.0,0.0,0,0,0,0,0.018408899988571648,0.19175937488095465,0.0,0.0,0.0,0.0,1.1097556000386248,11.559954167069009,0.06933049999497598,1.1281645000271965,96,9.201112977433312e-08,8.976836121665777e-08
101,109,128,12288,0.45,0.375,0.25,0,0,0,0,0,0,1.3482247683678874,0.9614435450674392,1.0084282381007361,0.9614435450674392,1.0084282381007361,0,0.0,0,0.0,0.0,0,0,0,0,0.020626200006518047,0.21485625006789633,0.0,0.0,0.0,0.0,1.3128827000036836,13.675861458371704,0.08127140000578947,1.3335089000102016,96,9.275466175510949e-08,9.800653261171632e-08
101,110,130,12480,0.45,0.375,0.25,0,0,0,0,0,0,1.335538964007817,0.9611897422523447,1.0186564627360162,0.9611897422523447,1.0186564627360162,0,0.0,0,0.0,0.0,0,0,0,0,0.019195500026398804,0.19995312527498754,0.0,0.0,0.0,0.0,1.154599900044559,12.027082292130823,0.07163320000108797,1.1737954000709578,96,9.704883584260582e-08,9.889704694066026e-08
101,111,131,12576,0.45,0.375,0.25,0,0,0,0,0,0,1.312644780875808,0.9608175963432166,1.0092784254266252,0.9608175963432166,1.0092784254266252,0,0.0,0,0.0,0.0,0,0,0,0,0.022439000043959823,0.23373958379124815,0.0,0.0,0.0,0.0,1.3205165999388555,13.755381249363078,0.07935810006165411,1.3429555999828153,96,9.3638530176271e-08,9.92828121104683e-08
101,112,132,12672,0.45,0.375,0.25,0,0,0,0,0,0,0.892591967467205,0.9679618895869369,1.0103520644469814,0.9679618895869369,1.0103520644469814,0,0.0,0,0.0,0.0,0,0,0,0,0.020125300005020108,0.20963854171895946,0.0,0.0,0.0,0.0,1.1001001000258839,11.45937604193629,0.06813899992994266,1.120225400030904,96,3.137959629119502e-08,4.0055733382948766e-08
101,113,133,12768,0.45,0.375,0.25,0,0,0,0,0,0,0.7469837362806019,0.9681882110906429,1.0111549378088822,0.9681882110906429,1.0111549378088822,0,0.0,0,0.0,0.0,0,0,0,0,0.020286499959183857,0.21131770790816518,0.0,0.0,0.0,0.0,1.1288973000628175,11.75934687565435,0.06754349996481324,1.1491838000220014,96,2.6316797278706783e-08,3.5389426406712277e-08
101,114,134,12864,0.45,0.375,0.25,0,0,0,0,0,0,1.2358780644085268,0.9619900159524993,1.0118575232819365,0.9619900159524993,1.0118575232819365,0,0.0,0,0.0,0.0,0,0,0,0,0.02047559998027282,0.21328749979450853,0.0,0.0,0.0,0.0,1.1804777000215836,12.296642708558162,0.07483679996221326,1.2009533000018564,96,9.803107542741274e-08,9.966526555438282e-08
101,115,135,12960,0.45,0.375,0.25,0,0,0,0,0,0,1.3273494379277155,0.9613610712963453,1.0109784823767356,0.9613610712963453,1.0109784823767356,0,0.0,0,0.0,0.0,0,0,0,0,0.019977599986304995,0.2080999998573437,0.0,0.0,0.0,0.0,1.136967100064794,11.843407292341604,0.06984319997718558,1.156944700051099,96,9.08963683054348e-08,9.58156642916208e-08
101,116,136,13056,0.45,0.375,0.25,0,0,0,0,0,0,1.3559804391607064,0.9612288197571225,1.0200865489178166,0.9612288197571225,1.0200865489178166,0,0.0,0,0.0,0.0,0,0,0,0,0.01898649999202462,0.19777604158358977,0.0,0.0,0.0,0.0,1.0853922000314924,11.306168750328046,0.06793369999650167,1.104378700023517,96,9.472695199422287e-08,9.945483159246038e-08
101,117,137,13152,0.45,0.375,0.25,0,0,0,0,0,0,1.335557749832473,0.9614618306887177,1.0105371234283627,0.9614618306887177,1.0105371234283627,0,0.0,0,0.0,0.0,0,0,0,0,0.019534500010195188,0.20348437510619988,0.0,0.0,0.0,0.0,1.1919017999898642,12.41564374989442,0.07466250003199093,1.2114363000000594,96,9.497558537373274e-08,9.679586805699802e-08
101,118,139,13344,0.45,0.375,0.25,0,0,0,0,0,0,0.8630094758579827,0.9685424011434425,1.0105565746027236,0.9685424011434425,1.0105565746027236,0,0.0,0,0.0,0.0,0,0,0,0,0.019849200012686197,0.2067625001321479,0.0,0.0,0.0,0.0,1.1089766999793937,11.551840624785351,0.0686769999738317,1.12882589999208,96,2.5763984565566056e-08,4.608783212706191e-08
101,119,140,13440,0.45,0.375,0.25,0,0,0,0,0,0,0.7725395653572098,0.9680217722798954,1.0222686896872066,0.9680217722798954,1.0222686896872066,0,0.0,0,0.0,0.0,0,0,0,0,0.019905300039681606,0.20734687541335006,0.0,0.0,0.0,0.0,1.1559502999443794,12.041148957753952,0.06998700002441183,1.175855599984061,96,6.251830511616596e-08,9.856378390543652e-08
101,120,141,13536,0.45,0.375,0.25,0,0,0,0,0,0,1.2115568216416484,0.9625376559708565,1.015902881146495,0.9625376559708565,1.015902881146495,0,0.0,0,0.0,0.0,0,0,0,0,0.020102200003748294,0.2093979167057114,0.0,0.0,0.0,0.0,1.1273644999964745,11.743380208296609,0.06956889997672988,1.1474667000002228,96,9.663041169311049e-08,9.95329367536879e-08
101,121,142,13632,0.45,0.375,0.25,0,0,0,0,0,0,1.3037846520715872,0.9613996372076064,1.0151063544025485,0.9613996372076064,1.0151063544025485,0,0.0,0,0.0,0.0,0,0,0,0,0.017943800063221715,0.18691458399189287,0.0,0.0,0.0,0.0,1.0151686999888625,10.574673958217318,0.06165779998264043,1.0331125000520842,96,9.39151405688482e-08,9.750983062661867e-08
101,122,144,13824,0.45,0.375,0.25,0,0,0,0,0,0,0.7775146126809067,0.9686928213936937,1.0226660649766197,0.9686928213936937,1.0226660649766197,0,0.0,0,0.0,0.0,0,0,0,0,0.019326500019815285,0.20131770853974254,0.0,0.0,0.0,0.0,1.082760200042685,11.278752083777968,0.06688469997607172,1.1020867000625003,96,5.903368238691087e-08,9.711633950151843e-08
101,123,145,13920,0.45,0.375,0.25,0,0,0,0,0,0,1.0100580012212403,0.9664575966995369,1.0285114286244512,0.9664575966995369,1.0285114286244512,0,0.0,0,0.0,0.0,0,0,0,0,0.020588300001691096,0.2144614583509489,0.0,0.0,0.0,0.0,1.2189525999929174,12.69742291659289,0.07520570002088789,1.2395408999946085,96,4.300267641109412e-08,9.796785632731897e-08
101,124,146,14016,0.45,0.375,0.25,0,0,0,0,0,0,0.925437684390794,0.9685820246643829,1.034445500961703,0.9685820246643829,1.034445500961703,0,0.0,0,0.0,0.0,0,0,0,0,0.01949989998684032,0.2031239581962533,0.0,0.0,0.0,0.0,1.1070703000077629,11.53198229174753,0.06609119995846413,1.1265701999946032,96,5.410756578894116e-08,9.433641956144156e-08
101,125,147,14112,0.45,0.375,0.25,0,0,0,0,0,0,0.8258599463445457,0.9678548264070057,1.031229358064807,0.9678548264070057,1.031229358064807,0,0.0,0,0.0,0.0,0,0,0,0,0.020021999982418492,0.2085624998168593,0.0,0.0,0.0,0.0,1.1380871999426745,11.85507499940286,0.07070750003913417,1.158109199925093,96,5.2058726218717766e-08,8.565522518697022e-08
101,126,148,14208,0.45,0.375,0.25,0,0,0,0,0,0,1.2877615665782025,0.9612020795088662,1.0165705051616913,0.9612020795088662,1.0165705051616913,0,0.0,0,0.0,0.0,0,0,0,0,0.019838199972582515,0.20664791638106786,0.0,0.0,0.0,0.0,1.1740822999927332,12.230023958257638,0.07091710001259344,1.1939204999653157,96,8.80494515492769e-08,9.724539645761254e-08
101,127,150,14400,0.45,0.375,0.25,0,0,0,0,0,0,1.2960052972557192,0.9618153133573261,1.0113787914685546,0.9618153133573261,1.0113787914685546,0,0.0,0,0.0,0.0,0,0,0,0,0.019567500021366868,0.20382812522257154,0.0,0.0,0.0,0.0,1.079490700045426,11.244694792139853,0.06665330000396352,1.0990582000667928,96,9.125222338174366e-08,9.614349177899939e-08
101,128,152,14592,0.45,0.375,0.25,0,0,0,0,0,0,1.217824483654785,0.9635707880585932,1.0167233120327361,0.9635707880585932,1.0167233120327361,0,0.0,0,0.0,0.0,0,0,0,0,0.020821299956878647,0.2168885412174859,0.0,0.0,0.0,0.0,1.2236944999458501,12.746817707769273,0.0756849000317743,1.2445157999027288,96,7.989654255032008e-08,9.326941712017867e-08
101,129,153,14688,0.45,0.375,0.25,0,0,0,0,0,0,0.8466674474633504,0.9686388567272013,1.0134348880606443,0.9686388567272013,1.0134348880606443,0,0.0,0,0.0,0.0,0,0,0,0,0.0192772000154946,0.20080416682806876,0.0,0.0,0.0,0.0,1.097131700029422,11.428455208639813,0.06674649997148663,1.1164089000449167,96,2.431673723490846e-08,7.278126301288323e-08
101,130,154,14784,0.45,0.375,0.25,0,0,0,0,0,0,0.661233952247216,0.9703454159813568,1.0083731729003007,0.9703454159813568,1.0083731729003007,0,0.0,0,0.0,0.0,0,0,0,0,0.019336100041982718,0.20141770877065332,0.0,0.0,0.0,0.0,1.0719582000019727,11.16623125002055,0.06716459997551283,1.0912943000439554,96,1.2647772590530793e-08,1.4947411225429974e-08
101,131,155,14880,0.45,0.375,0.25,0,0,0,0,0,0,0.6804783857722643,0.9690286832026331,1.01557877653196,0.9690286832026331,1.01557877653196,0,0.0,0,0.0,0.0,0,0,0,0,0.019139800002449192,0.19937291669217908,0.0,0.0,0.0,0.0,1.1232070000187377,11.700072916861851,0.07009589996596333,1.142346800021187,96,2.340932080124869e-08,4.869993059861133e-08
101,132,156,14976,0.45,0.375,0.25,0,0,0,0,0,0,1.2898090195721181,0.9617458938458855,1.0058642079585676,0.9617458938458855,1.0058642079585676,0,0.0,0,0.0,0.0,0,0,0,0,0.02192160001868615,0.22835000019464738,0.0,0.0,0.0,0.0,1.262832700056606,13.154507292256312,0.0777423999606981,1.2847543000752921,96,9.315900747000616e-08,9.86216408538354e-08
101,133,157,15072,0.45,0.375,0.25,0,0,0,0,0,0,1.3434888888683014,0.9610413144638618,1.009534724514927,0.9610413144638618,1.009534724514927,0,0.0,0,0.0,0.0,0,0,0,0,0.019597800011979416,0.20414375012478558,0.0,0.0,0.0,0.0,1.1341120999204577,11.813667707504768,0.07070380004734034,1.153709899932437,96,9.298363180983149e-08,9.112155571755487e-08
101,134,158,15168,0.45,0.375,0.25,0,0,0,0,0,0,1.2432868056865485,0.9625290946454845,1.0111858257975306,0.9625290946454845,1.0111858257975306,0,0.0,0,0.0,0.0,0,0,0,0,0.021372999894083478,0.22263541556336955,0.0,0.0,0.0,0.0,1.245001900002535,12.968769791693072,0.07575569996697595,1.2663748998966184,96,9.548052341823432e-08,9.660790174781386e-08
101,135,159,15264,0.45,0.375,0.25,0,0,0,0,0,0,1.2414490692596216,0.9625551526958268,1.0093046069631146,0.9625551526958268,1.0093046069631146,0,0.0,0,0.0,0.0,0,0,0,0,0.02057230001082644,0.21429479177944208,0.0,0.0,0.0,0.0,1.1867356000220752,12.361829166896618,0.07310799997503636,1.2073079000329017,96,9.199122489797484e-08,9.798851452469393e-08
101,136,160,15360,0.45,0.375,0.25,0,0,0,0,0,0,0.8816455256767138,0.9688247558393016,1.0249815619163969,0.9688247558393016,1.0249815619163969,0,0.0,0,0.0,0.0,0,0,0,0,0.020347199962998275,0.21194999961456537,0.0,0.0,0.0,0.0,1.171524600009434,12.20338125009827,0.07226149999769405,1.1918717999724322,96,5.003223293997827e-08,9.203311650968216e-08
101,137,161,15456,0.45,0.375,0.25,0,0,0,0,0,0,0.860250548941632,0.9678469790549085,1.0344680163978415,0.9678469790549085,1.0344680163978415,0,0.0,0,0.0,0.0,0,0,0,0,0.021168899998883717,0.22050937498837206,0.0,0.0,0.0,0.0,1.2556046000754577,13.07921458411935,0.07742379997944226,1.2767735000743414,96,5.2182231174979776e-08,8.906449334988853e-08
101,138,162,15552,0.45,0.375,0.25,0,0,0,0,0,0,1.3058564588959445,0.9612545573054146,1.0099190544577936,0.9612545573054146,1.0099190544577936,0,0.0,0,0.0,0.0,0,0,0,0,0.021373900002799928,0.2226447916958326,0.0,0.0,0.0,0.0,1.255097199951706,13.073929166163603,0.07493329999124398,1.276471099954506,96,9.90625054035632e-08,9.486842311723365e-08
101,139,163,15648,0.45,0.375,0.25,0,0,0,0,0,0,1.2943929700242478,0.9619785820967084,1.0094945095857628,0.9619785820967084,1.0094945095857628,0,0.0,0,0.0,0.0,0,0,0,0,0.01989190004678676,0.20720729215402875,0.0,0.0,0.0,0.0,1.130032199973357,11.771168749722468,0.07085989998449804,1.1499241000201437,96,8.886115390391303e-08,9.342164777881301e-08
101,140,165,15840,0.45,0.375,0.25,0,0,0,0,0,0,1.0036449302062345,0.9662083695976534,1.0262903432474193,0.9662083695976534,1.0262903432474193,0,0.0,0,0.0,0.0,0,0,0,0,0.02021509999758564,0.21057395830818373,0.0,0.0,0.0,0.0,1.186359099992842,12.357907291592104,0.07345470003929222,1.2065741999904276,96,4.656720174397999e-08,9.667784009112501e-08
101,141,166,15936,0.45,0.375,0.25,0,0,0,0,0,0,1.1183484898091578,0.9642742809536777,1.0094673044292763,0.9642742809536777,1.0094673044292763,0,0.0,0,0.0,0.0,0,0,0,0,0.020380400041176472,0.21229583376225492,0.0,0.0,0.0,0.0,1.1431765999586787,11.908089582902903,0.06976350001059473,1.1635569999998552,96,6.262892352296157e-08,6.825776333041489e-08
101,142,168,16128,0.45,0.375,0.25,0,0,0,0,0,0,0.8183514420507763,0.9679894502083745,1.0312741631190663,0.9679894502083745,1.0312741631190663,0,0.0,0,0.0,0.0,0,0,0,0,0.021077799989143386,0.21956041655357694,0.0,0.0,0.0,0.0,1.269238100052462,13.221230208879811,0.07776069996907609,1.2903159000416053,96,5.0038434784571706e-08,9.163089884078879e-08
101,143,169,16224,0.45,0.375,0.25,0,0,0,0,0,0,1.279884585491373,0.9613959003927993,1.0203782444988996,0.9613959003927993,1.0203782444988996,0,0.0,0,0.0,0.0,0,0,0,0,0.021511799946893007,0.22408124944680216,0.0,0.0,0.0,0.0,1.2703901999484515,13.233231249463037,0.07964190001803217,1.2919019998953445,96,9.522856241409028e-08,9.286546392983652e-08
101,144,170,16320,0.45,0.375,0.25,0,0,0,0,0,0,1.3474612447041978,0.9612382901222454,1.0156871364133324,0.9612382901222454,1.0156871364133324,0,0.0,0,0.0,0.0,0,0,0,0,0.019701300014276057,0.20522187514870893,0.0,0.0,0.0,0.0,1.0927691000106279,11.38301145844404,0.06454489997850033,1.112470400024904,96,9.437389952848818e-08,9.853055336905836e-08
101,145,171,16416,0.45,0.375,0.25,0,0,0,0,0,0,1.32469190891679,0.9618527030289099,1.0164544348047924,0.9618527030289099,1.0164544348047924,0,0.0,0,0.0,0.0,0,0,0,0,0.021069099981104955,0.21946979146984327,0.0,0.0,0.0,0.0,1.2537757999889436,13.060164583218162,0.07801969999854919,1.2748448999700486,96,9.818236039287054e-08,9.949998720781839e-08
101,146,172,16512,0.45,0.375,0.25,0,0,0,0,0,0,1.4134115728796521,0.960225652831597,1.0121840121778105,0.960225652831597,1.0121840121778105,0,0.0,0,0.0,0.0,0,0,0,0,0.020306999955209903,0.2115312495334365,0.0,0.0,0.0,0.0,1.140331300048274,11.878451042169521,0.07074589994590497,1.160638300003484,96,9.442873065944324e-08,9.914338648664422e-08
101,147,174,16704,0.45,0.375,0.25,0,0,0,0,0,0,0.9285845055581315,0.9679144575613271,1.012909166482716,0.9679144575613271,1.012909166482716,0,0.0,0,0.0,0.0,0,0,0,0,0.021173999914026354,0.22056249910444117,0.0,0.0,0.0,0.0,1.2911235000210581,13.449203125219356,0.07976989997405326,1.3122974999350845,96,3.1159103127537113e-08,6.058165686120831e-08
101,148,176,16896,0.45,0.375,0.25,0,0,0,0,0,0,1.2572810435093023,0.9626518799545275,1.0110738261966208,0.9626518799545275,1.0110738261966208,0,0.0,0,0.0,0.0,0,0,0,0,0.020326299942098558,0.21173229106352665,0.0,0.0,0.0,0.0,1.1160012999971514,11.625013541636994,0.06922529999428662,1.13632759993925,96,9.71989531483447e-08,9.746330763282796e-08
101,149,177,16992,0.45,0.375,0.25,0,0,0,0,0,0,1.336141605702669,0.961544892418508,1.0086814421053878,0.961544892418508,1.0086814421053878,0,0.0,0,0.0,0.0,0,0,0,0,0.02135840000846656,0.22248333342152668,0.0,0.0,0.0,0.0,1.2280048999818973,12.791717708144764,0.07619039999553934,1.2493632999903639,96,8.923552388337419e-08,9.406425159619314e-08
101,150,178,17088,0.45,0.375,0.25,0,0,0,0,0,0,1.3604162836434865,0.9613293767237667,1.0075904563343625,0.9613293767237667,1.0075904563343625,0,0.0,0,0.0,0.0,0,0,0,0,0.021487400023033842,0.2238270835732692,0.0,0.0,0.0,0.0,1.2358032999836723,12.872951041496586,0.07512760000827257,1.2572907000067062,96,9.656250529212207e-08,9.982141502273834e-08
101,151,180,17280,0.45,0.375,0.25,0,0,0,0,0,0,1.3050899339053768,0.9609702346941935,1.0083642235781287,0.9609702346941935,1.0083642235781287,0,0.0,0,0.0,0.0,0,0,0,0,0.02077909999206895,0.21644895825071822,0.0,0.0,0.0,0.0,1.2057379999678233,12.55977083299816,0.07754770003521116,1.2265170999598922,96,9.366617080043549e-08,9.806142405033302e-08
101,152,181,17376,0.45,0.375,0.25,0,0,0,0,0,0,0.9172484259094645,0.9680453993053938,1.0061423670348282,0.9680453993053938,1.0061423670348282,0,0.0,0,0.0,0.0,0,0,0,0,0.021297700019204058,0.22185104186670893,0.0,0.0,0.0,0.0,1.2665052001248114,13.192762501300118,0.07885969993367326,1.2878029001440154,96,2.975080813649722e-08,3.309866346279389e-08
101,153,183,17568,0.45,0.375,0.25,0,0,0,0,0,0,1.2182240878173602,0.9622714289290671,1.0132779983422222,0.9622714289290671,1.0132779983422222,0,0.0,0,0.0,0.0,0,0,0,0,0.022479099956399295,0.23415729121249265,0.0,0.0,0.0,0.0,1.258275600084744,13.107037500882749,0.0769122999481624,1.2807547000411432,96,9.498114340172892e-08,9.882944650152492e-08
101,154,184,17664,0.45,0.375,0.25,0,0,0,0,0,0,1.284076308037506,0.9621604251654846,1.0110597173327884,0.9621604251654846,1.0110597173327884,0,0.0,0,0.0,0.0,0,0,0,0,0.020709800017357338,0.21572708351413894,0.0,0.0,0.0,0.0,1.2148230999300722,12.654407290938252,0.07447090004279744,1.2355328999474295,96,9.877944933366078e-08,9.208509371694262e-08
101,155,185,17760,0.45,0.375,0.25,0,0,0,0,0,0,1.3187699303718357,0.9618001984221264,1.0138980819290697,0.9618001984221264,1.0138980819290697,0,0.0,0,0.0,0.0,0,0,0,0,0.02102859999286011,0.2190479165922928,0.0,0.0,0.0,0.0,1.329471300021396,13.848659375222875,0.08125999997719191,1.3504999000142561,96,9.551788276128403e-08,9.612744475417934e-08
101,156,187,17952,0.45,0.375,0.25,0,0,0,0,0,0,1.3378314306631272,0.9607799631102908,1.0112493378139735,0.9607799631102908,1.0112493378139735,0,0.0,0,0.0,0.0,0,0,0,0,0.019183599993993994,0.1998291666041041,0.0,0.0,0.0,0.0,1.142639700032305,11.90249687533651,0.0706045999613707,1.161823300026299,96,9.432430955226556e-08,9.515626217537765e-08
101,157,188,18048,0.45,0.375,0.25,0,0,0,0,0,0,0.9231205297504466,0.9682359659559596,1.0158813510448177,0.9682359659559596,1.0158813510448177,0,0.0,0,0.0,0.0,0,0,0,0,0.01998149998689769,0.2081406248635176,0.0,0.0,0.0,0.0,1.1815796999726444,12.308121874715047,0.07267359999968903,1.2015611999595421,96,4.018689686580146e-08,9.568788421343566e-08
101,158,189,18144,0.45,0.375,0.25,0,0,0,0,0,0,0.804148777007257,0.9679251659134728,1.0236978407036883,0.9679251659134728,1.0236978407036883,0,0.0,0,0.0,0.0,0,0,0,0,0.019264700000348967,0.2006739583369684,0.0,0.0,0.0,0.0,1.132396300083201,11.795794792533343,0.0710916999305482,1.1516610000835499,96,5.69979760611794e-08,9.66695285278818e-08
101,159,190,18240,0.45,0.375,0.25,0,0,0,0,0,0,1.3959989107508282,0.9605119148681626,1.0075098272724783,0.9605119148681626,1.0075098272724783,0,0.0,0,0.0,0.0,0,0,0,0,0.018582699936814606,0.19356979100848548,0.0,0.0,0.0,0.0,1.1168612000328721,11.633970833675752,0.07058950001373887,1.1354438999696868,96,9.677225577299498e-08,9.870910477882688e-08
101,160,191,18336,0.45,0.375,0.25,0,0,0,0,0,0,1.370739959974658,0.9608204560675372,1.0091244826099295,0.9608204560675372,1.0091244826099295,0,0.0,0,0.0,0.0,0,0,0,0,0.01949400000012247,0.2030625000012757,0.0,0.0,0.0,0.0,1.2322915000913781,12.836369792618521,0.07628269997076131,1.2517855000915006,96,9.249247302951791e-08,9.791539933023952e-08
101,161,192,18432,0.45,0.375,0.25,0,0,0,0,0,0,1.526709363300405,0.9588796232350093,1.002838916300269,0.9588796232350093,1.002838916300269,0,0.0,0,0.0,0.0,0,0,0,0,0.019058499987295363,0.1985260415343267,0.0,0.0,0.0,0.0,1.145953399965947,11.937014582978614,0.07089350002206629,1.1650118999532424,96,9.9472036718673e-08,9.85223863603224e-08
101,162,193,18528,0.45,0.375,0.25,0,0,0,0,0,0,1.2729913065075174,0.9625841347388352,1.0130818926621339,0.9625841347388352,1.0130818926621339,0,0.0,0,0.0,0.0,0,0,0,0,0.020153100005700253,0.20992812505937763,0.0,0.0,0.0,0.0,1.2250085000050603,12.760505208386045,0.07493699998303782,1.2451616000107606,96,9.829959601512228e-08,9.794833617793319e-08
101,163,194,18624,0.45,0.375,0.25,0,0,0,0,0,0,1.2698856893023203,0.9622945716667248,1.0085476673924088,0.9622945716667248,1.0085476673924088,0,0.0,0,0.0,0.0,0,0,0,0,0.020562399928166997,0.21419166591840622,0.0,0.0,0.0,0.0,1.2935449999349657,13.474427082655893,0.07951080004568212,1.3141073998631327,96,8.50262803653995e-08,9.106443626949456e-08
101,164,195,18720,0.45,0.375,0.25,0,0,0,0,0,0,0.8465360103740421,0.9689537284164041,1.009197165543184,0.9689537284164041,1.009197165543184,0,0.0,0,0.0,0.0,0,0,0,0,0.019557000036002137,0.20371875037502227,0.0,0.0,0.0,0.0,1.182478800023091,12.317487500240532,0.07427260000258684,1.2020358000590932,96,2.1252322826917358e-08,2.3939007165463266e-08
101,165,196,18816,0.45,0.375,0.25,0,0,0,0,0,0,0.7472905508915453,0.9681596270955783,1.0108737406247768,0.9681596270955783,1.0108737406247768,0,0.0,0,0.0,0.0,0,0,0,0,0.022363199990650173,0.23294999990260598,0.0,0.0,0.0,0.0,1.398258400033228,14.565191667012792,0.08642169999075122,1.4206216000238783,96,2.633182118096794e-08,3.02874150759358e-08
101,166,197,18912,0.45,0.375,0.25,0,0,0,0,0,0,1.232067644886643,0.9625783710153585,1.0103162955934362,0.9625783710153585,1.0103162955934362,0,0.0,0,0.0,0.0,0,0,0,0,0.018853699933970347,0.19639270764552444,0.0,0.0,0.0,0.0,1.1696345999080222,12.183693749041899,0.07150040003762115,1.1884882998419926,96,9.886413123924576e-08,9.966370506653277e-08
101,167,198,19008,0.45,0.375,0.25,0,0,0,0,0,0,1.3004182953003514,0.9619571349366405,1.0164471640118287,0.9619571349366405,1.0164471640118287,0,0.0,0,0.0,0.0,0,0,0,0,0.019043399988731835,0.1983687498826233,0.0,0.0,0.0,0.0,1.117950900021242,11.64532187522127,0.07028840001294157,1.1369943000099738,96,9.977731130900169e-08,9.457358327025212e-08
101,168,199,19104,0.45,0.375,0.25,0,0,0,0,0,0,1.3479573125313677,0.9614719886431188,1.0177968950158247,0.9614719886431188,1.0177968950158247,0,0.0,0,0.0,0.0,0,0,0,0,0.02124630002072081,0.22131562521584178,0.0,0.0,0.0,0.0,1.3115237000019988,13.661705208354155,0.07663560001674341,1.3327700000227196,96,9.760537128533642e-08,9.705857732106304e-08
101,169,200,19200,0.45,0.375,0.25,0,0,0,0,0,0,1.346215228859234,0.9619203430036468,1.0068534052887745,0.9619203430036468,1.0068534052887745,0,0.0,0,0.0,0.0,0,0,0,0,0.01998069998808205,0.20813229154252136,0.0,0.0,0.0,0.0,1.2618865999538684,13.144652082852796,0.0772392000144464,1.2818672999419505,96,9.980968460575335e-08,9.915679950733836e-08
101,170,202,19392,0.45,0.375,0.25,0,0,0,0,0,0,0.8826998372832313,0.9686279283820082,1.0124545089236436,0.9686279283820082,1.0124545089236436,0,0.0,0,0.0,0.0,0,0,0,0,0.020153899982688017,0.2099364581530002,0.0,0.0,0.0,0.0,1.2355154999386286,12.869953124360714,0.07551700004842132,1.2556693999213167,96,2.4581995571038018e-08,5.482296398101605e-08
101,171,203,19488,0.45,0.375,0.25,0,0,0,0,0,0,0.7331055526313083,0.9684171815485823,1.010207597845868,0.9684171815485823,1.010207597845868,0,0.0,0,0.0,0.0,0,0,0,0,0.019482499978039414,0.20294270810457724,0.0,0.0,0.0,0.0,1.2051099999662256,12.55322916631485,0.07356580004125135,1.224592499944265,96,2.4104751276607383e-08,2.7748054895471164e-08
101,172,204,19584,0.45,0.375,0.25,0,0,0,0,0,0,1.3054932635282188,0.9620942397410691,1.0039745210121953,0.9620942397410691,1.0039745210121953,0,0.0,0,0.0,0.0,0,0,0,0,0.019359499972779304,0.20166145804978441,0.0,0.0,0.0,0.0,1.1708100999894668,12.195938541556947,0.07212849997449666,1.1901695999622461,96,8.958160388830572e-08,9.562154415498902e-08
101,173,205,19680,0.45,0.375,0.25,0,0,0,0,0,0,1.4918163933914923,0.9598052017662967,1.0029822096995087,0.9598052017662967,1.0029822096995087,0,0.0,0,0.0,0.0,0,0,0,0,0.019578300016291905,0.20394062516970735,0.0,0.0,0.0,0.0,1.147987899959844,11.958207291248376,0.0722123000305146,1.167566199976136,96,9.644658689744734e-08,9.954736292228095e-08
101,174,206,19776,0.45,0.375,0.25,0,0,0,0,0,0,1.445984256061248,0.9600946718848353,1.0032313450835546,0.9600946718848353,1.0032313450835546,0,0.0,0,0.0,0.0,0,0,0,0,0.01991329999145819,0.20743020824435612,0.0,0.0,0.0,0.0,1.2785387999829254,13.31811249982214,0.0767175000073621,1.2984520999743836,96,9.687738190648776e-08,9.837865751205488e-08
101,175,207,19872,0.45,0.375,0.25,0,0,0,0,0,0,1.3797342371811732,0.961188151166588,1.0045387250634674,0.961188151166588,1.0045387250634674,0,0.0,0,0.0,0.0,0,0,0,0,0.019528400000126567,0.20342083333465175,0.0,0.0,0.0,0.0,1.2123588000249583,12.628737500259982,0.07270789999893168,1.231887200025085,96,9.28005578805513e-08,9.705767717305136e-08
101,176,208,19968,0.45,0.375,0.25,0,0,0,0,0,0,1.1694270486954441,0.9635515373186129,1.0088423737425556,0.9635515373186129,1.0088423737425556,0,0.0,0,0.0,0.0,0,0,0,0,0.01872009996441193,0.1950010412959576,0.0,0.0,0.0,0.0,1.1267711000327836,11.73719895867483,0.06889469995803665,1.1454911999971955,96,6.72905868092516e-08,7.284739769741755e-08
101,177,210,20160,0.45,0.375,0.25,0,0,0,0,0,0,0.7739145309021224,0.968256842205944,1.0247314954382918,0.968256842205944,1.0247314954382918,0,0.0,0,0.0,0.0,0,0,0,0,0.018740100022114348,0.19520937523035778,0.0,0.0,0.0,0.0,1.122025000033318,11.68776041701373,0.06993490002787439,1.1407651000554324,96,5.847571427075593e-08,9.950919045362272e-08
101,178,211,20256,0.45,0.375,0.25,0,0,0,0,0,0,1.1937637158111623,0.9628144279857397,1.011630780569307,0.9628144279857397,1.011630780569307,0,0.0,0,0.0,0.0,0,0,0,0,0.018521900034102146,0.19293645868856402,0.0,0.0,0.0,0.0,1.1467793000047095,11.945617708382391,0.07163699997909134,1.1653012000388117,96,9.852769590652788e-08,9.679120741012959e-08
101,179,212,20352,0.45,0.375,0.25,0,0,0,0,0,0,1.288028889909056,0.9616061659894362,1.010555603119525,0.9616061659894362,1.010555603119525,0,0.0,0,0.0,0.0,0,0,0,0,0.018938899986096658,0.19728020818850686,0.0,0.0,0.0,0.0,1.1492243999164202,11.971087499129377,0.07175390001066262,1.1681632999025169,96,9.491549247085673e-08,9.573432845078056e-08
101,180,213,20448,0.45,0.375,0.25,0,0,0,0,0,0,1.2721463143499228,0.9624213045788584,1.0102066892874557,0.9624213045788584,1.0102066892874557,0,0.0,0,0.0,0.0,0,0,0,0,0.020511999951850157,0.2136666661651058,0.0,0.0,0.0,0.0,1.2804520999852684,13.338042708179879,0.07957800001895521,1.3009640999371186,96,9.55471789534923e-08,9.917315788032788e-08
101,181,214,20544,0.45,0.375,0.25,0,0,0,0,0,0,1.3749430687948767,0.9608828838523266,1.0065409884683942,0.9608828838523266,1.0065409884683942,0,0.0,0,0.0,0.0,0,0,0,0,0.019942399972933345,0.207733333051389,0.0,0.0,0.0,0.0,1.2194501999983913,12.702606249983242,0.0757147000185796,1.2393925999713247,96,9.67910205196959e-08,9.992422451976513e-08
101,182,215,20640,0.45,0.375,0.25,0,0,0,0,0,0,1.2481715171774224,0.9618609575667076,1.0084096441281758,0.9618609575667076,1.0084096441281758,0,0.0,0,0.0,0.0,0,0,0,0,0.02017289997456828,0.21013437473508625,0.0,0.0,0.0,0.0,1.2680509000492748,13.208863542179946,0.08030729997699382,1.288223800023843,96,9.125255239807173e-08,9.75951535558961e-08
101,183,218,20928,0.45,0.375,0.25,0,0,0,0,0,0,1.1532321865637656,0.9633635743433714,1.0198402923304106,0.9633635743433714,1.0198402923304106,0,0.0,0,0.0,0.0,0,0,0,0,0.021713799964345526,0.2261854162952659,0.0,0.0,0.0,0.0,1.336780700017698,13.92479895851769,0.08256509996863315,1.3584944999820436,96,9.384961787740898e-08,9.016721605470401e-08
101,184,220,21120,0.45,0.375,0.25,0,0,0,0,0,0,1.2750984739675912,0.9622800127658862,1.0114526143763956,0.9622800127658862,1.0114526143763956,0,0.0,0,0.0,0.0,0,0,0,0,0.01906599999347236,0.19860416659867042,0.0,0.0,0.0,0.0,1.2140575000667013,12.646432292361473,0.07427549998828908,1.2331235000601737,96,9.118136502783702e-08,9.691363399288999e-08
101,185,221,21216,0.45,0.375,0.25,0,0,0,0,0,0,1.4340878672094792,0.9613922098491124,1.0028988458905879,0.9613922098491124,1.0028988458905879,0,0.0,0,0.0,0.0,0,0,0,0,0.020092799975827802,0.20929999974820626,0.0,0.0,0.0,0.0,1.2480731000105152,13.000761458442867,0.07891249997919658,1.268165899986343,96,9.983171627911402e-08,9.994635494225967e-08
101,186,222,21312,0.45,0.375,0.25,0,0,0,0,0,0,1.4815556583971952,0.9597272929762418,1.00050358430997,0.9597272929762418,1.00050358430997,0,0.0,0,0.0,0.0,0,0,0,0,0.01928119999502087,0.2008458332814674,0.0,0.0,0.0,0.0,1.1714437000337057,12.202538542017768,0.0731717999879038,1.1907249000287266,96,9.855693590236914e-08,9.894618215045003e-08
101,187,223,21408,0.45,0.375,0.25,0,0,0,0,0,0,0.8798912515579611,0.9686721747611043,1.004647216858875,0.9686721747611043,1.004647216858875,0,0.0,0,0.0,0.0,0,0,0,0,0.020733900033519603,0.21597812534916253,0.0,0.0,0.0,0.0,1.3231863999681082,13.78319166633446,0.08172420000482816,1.3439203000016278,96,2.5128556236687916e-08,2.8563138521064957e-08
101,188,224,21504,0.45,0.375,0.25,0,0,0,0,0,0,0.696013668559832,0.9686467513204629,1.0120093796894114,0.9686467513204629,1.0120093796894114,0,0.0,0,0.0,0.0,0,0,0,0,0.02077550000831252,0.21641145841992207,0.0,0.0,0.0,0.0,1.296098699902359,13.501028123982906,0.08279700003913604,1.3168741999106715,96,2.1990708629071598e-08,2.5350368679233348e-08
101,189,225,21600,0.45,0.375,0.25,0,0,0,0,0,0,1.12509032932052,0.963750902773031,1.0186868187777909,0.963750902773031,1.0186868187777909,0,0.0,0,0.0,0.0,0,0,0,0,0.018546599996625446,0.1931937499648484,0.0,0.0,0.0,0.0,1.1052144000204862,11.512650000213398,0.06862509994971333,1.1237610000171117,96,8.33304602231022e-08,9.869720447169827e-08
101,190,226,21696,0.45,0.375,0.25,0,0,0,0,0,0,1.1846342952339544,0.9630126518216198,1.0131064635961513,0.9630126518216198,1.0131064635961513,0,0.0,0,0.0,0.0,0,0,0,0,0.02012600008310983,0.20964583419906072,0.0,0.0,0.0,0.0,1.3670427999968524,14.24002916663388,0.08428460000141058,1.3871688000799622,96,9.763590104808206e-08,9.923083764407092e-08
101,191,227,21792,0.45,0.375,0.25,0,0,0,0,0,0,1.2804566312089347,0.9615327551585225,1.01031024075228,0.9615327551585225,1.01031024075228,0,0.0,0,0.0,0.0,0,0,0,0,0.01937000003817957,0.20177083373103719,0.0,0.0,0.0,0.0,1.184048100032669,12.333834375340302,0.07247130000178004,1.2034181000708486,96,9.05415451727537e-08,9.586293224506104e-08
101,192,228,21888,0.45,0.375,0.25,0,0,0,0,0,0,1.3169759800622691,0.9613404126401248,1.009332948216405,0.9613404126401248,1.009332948216405,0,0.0,0,0.0,0.0,0,0,0,0,0.01978870003222255,0.20613229200231822,0.0,0.0,0.0,0.0,1.1994945999613265,12.494735416263817,0.07346970000799047,1.219283299993549,96,9.460724492878214e-08,9.95826089644769e-08
101,193,229,21984,0.45,0.375,0.25,0,0,0,0,0,0,1.29263961241748,0.9620534272117377,1.007834986081071,0.9620534272117377,1.007834986081071,0,0.0,0,0.0,0.0,0,0,0,0,0.021916100005910266,0.2282927083948986,0.0,0.0,0.0,0.0,1.3852890999551164,14.43009479119913,0.08502979997138027,1.4072051999610267,96,8.859005072060777e-08,9.329333229557424e-08
101,194,230,22080,0.45,0.375,0.25,0,0,0,0,0,0,0.8495738979299151,0.968486697739859,1.0100491768211208,0.968486697739859,1.0100491768211208,0,0.0,0,0.0,0.0,0,0,0,0,0.018982099973072764,0.19773020805284128,0.0,0.0,0.0,0.0,1.2158972000252106,12.665595833595944,0.07557649997033877,1.2348792999982834,96,2.5541423377337114e-08,3.2496259207842604e-08
101,195,231,22176,0.45,0.375,0.25,0,0,0,0,0,0,0.7284431787548683,0.9682584233727524,1.0152959290364072,0.9682584233727524,1.0152959290364072,0,0.0,0,0.0,0.0,0,0,0,0,0.01940800004376797,0.20216666712258302,0.0,0.0,0.0,0.0,1.1531641999317799,12.012127082622706,0.07271620000392431,1.1725721999755478,96,2.5459912264373663e-08,5.507625565684404e-08
101,196,232,22272,0.45,0.375,0.25,0,0,0,0,0,0,1.2000032652767967,0.9628802365002569,1.0099246082542792,0.9628802365002569,1.0099246082542792,0,0.0,0,0.0,0.0,0,0,0,0,0.019948299981479067,0.20779479147374028,0.0,0.0,0.0,0.0,1.156540899988613,12.047301041548053,0.07222970001748763,1.1764891999700922,96,9.628980477977694e-08,9.935359160384571e-08
101,197,235,22560,0.45,0.375,0.25,0,0,0,0,0,0,1.308070150116858,0.9619443296254367,1.0093112746465709,0.9619443296254367,1.0093112746465709,0,0.0,0,0.0,0.0,0,0,0,0,0.021094100040500052,0.21973020875520888,0.0,0.0,0.0,0.0,1.364076500016381,14.20913020850397,0.08394989997032098,1.385170600056881,96,8.554456109623187e-08,9.275145464171519e-08
101,198,236,22656,0.45,0.375,0.25,0,0,0,0,0,0,1.24169475317385,0.96228643178079,1.0136629566149549,0.96228643178079,1.0136629566149549,0,0.0,0,0.0,0.0,0,0,0,0,0.020049299964739475,0.20884687463270288,0.0,0.0,0.0,0.0,1.2104499000342912,12.6088531253572,0.07386749998113373,1.2304991999990307,96,9.544768575335538e-08,9.827503869713761e-08
101,199,237,22752,0.45,0.375,0.25,0,0,0,0,0,0,0.8707737751814045,0.9679675400957971,1.0156452738350348,0.9679675400957971,1.0156452738350348,0,0.0,0,0.0,0.0,0,0,0,0,0.01985010001953924,0.20677187520353377,0.0,0.0,0.0,0.0,1.2478895999593078,12.998849999576123,0.07663779998983955,1.267739699978847,96,3.19261873882315e-08,7.355821453683409e-08
101,200,238,22848,0.45,0.375,0.25,0,0,0,0,0,0,0.7512447835767085,0.9680563654159502,1.01604070436308,0.9680563654159502,1.01604070436308,0,0.0,0,0.0,0.0,0,0,0,0,0.02122419999795966,0.22108541664541312,0.0,0.0,0.0,0.0,1.3643910000755568,14.21240625078705,0.0865413999708835,1.3856152000735165,96,2.7402730223835547e-08,5.1641729729295927e-08
101,201,239,22944,0.45,0.375,0.25,0,0,0,0,0,0,1.2417018788071295,0.9621524315967143,1.0133102711233744,0.9621524315967143,1.0133102711233744,0,0.0,0,0.0,0.0,0,0,0,0,0.017875199991976842,0.18619999991642544,0.0,0.0,0.0,0.0,1.0136332000110997,10.558679166782289,0.06205580002279021,1.0315084000030765,96,8.473162273377188e-08,9.984222268388798e-08
101,202,240,23040,0.45,0.375,0.25,0,0,0,0,0,0,1.323606598440751,0.9615111081086479,1.0173476464859852,0.9615111081086479,1.0173476464859852,0,0.0,0,0.0,0.0,0,0,0,0,0.019528400014678482,0.2034208334862342,0.0,0.0,0.0,0.0,1.312849100017047,13.675511458510906,0.07963420001760824,1.3323775000317255,96,9.377169937242746e-08,9.963269646806605e-08
101,203,241,23136,0.45,0.375,0.25,0,0,0,0,0,0,1.3726237492446356,0.9611576280519543,1.0102266623842273,0.9611576280519543,1.0102266623842273,0,0.0,0,0.0,0.0,0,0,0,0,0.020143000008829404,0.20982291675863962,0.0,0.0,0.0,0.0,1.3085714999979245,13.630953124978381,0.08130659999733325,1.328714500006754,96,9.629147868818466e-08,9.948007237414735e-08
101,204,243,23328,0.45,0.375,0.25,0,0,0,0,0,0,1.3294009840636536,0.9612622390822381,1.003856318891797,0.9612622390822381,1.003856318891797,0,0.0,0,0.0,0.0,0,0,0,0,0.019515900014084764,0.20329062514671628,0.0,0.0,0.0,0.0,1.1453053000732325,11.930263542429506,0.07029509994026739,1.1648212000873173,96,9.815910769969682e-08,9.630496795864918e-08
101,205,246,23616,0.45,0.375,0.25,0,0,0,0,0,0,1.2506800226115664,0.9616182770987504,1.0134706277689176,0.9616182770987504,1.0134706277689176,0,0.0,0,0.0,0.0,0,0,0,0,0.019102700040093623,0.19898645875097523,0.0,0.0,0.0,0.0,1.1323904999517254,11.795734374497139,0.06942040001740679,1.151493199991819,96,9.906573427906351e-08,9.796797085376285e-08
101,206,247,23712,0.45,0.375,0.25,0,0,0,0,0,0,1.3632672660124772,0.9609565023656813,1.0099422336796042,0.9609565023656813,1.0099422336796042,0,0.0,0,0.0,0.0,0,0,0,0,0.019875999991199933,0.2070416665749993,0.0,0.0,0.0,0.0,1.3083107000638847,13.6282364589988,0.08078429995657643,1.3281867000550847,96,9.563758032044012e-08,9.782319475293288e-08
101,207,248,23808,0.45,0.375,0.25,0,0,0,0,0,0,1.5151063409239394,0.9595414421201146,1.0055227823611388,0.9595414421201146,1.0055227823611388,0,0.0,0,0.0,0.0,0,0,0,0,0.019500999987940304,0.20313541654104483,0.0,0.0,0.0,0.0,1.2573481999861542,13.097377083189107,0.0790855000159354,1.2768491999740945,96,9.305691941845218e-08,9.563488147235066e-08
101,208,249,23904,0.45,0.375,0.25,0,0,0,0,0,0,1.4049322409448144,0.9607277517943864,1.005418682395454,0.9607277517943864,1.005418682395454,0,0.0,0,0.0,0.0,0,0,0,0,0.019198100024368614,0.19998020858717305,0.0,0.0,0.0,0.0,1.274591799992777,13.276997916591426,0.08107449996896321,1.2937899000171456,96,9.611240468429538e-08,9.996670796708074e-08
101,209,250,24000,0.45,0.375,0.25,0,0,0,0,0,0,1.4963949685487303,0.9598765986918398,1.003747989949658,0.9598765986918398,1.003747989949658,0,0.0,0,0.0,0.0,0,0,0,0,0.02009349994477816,0.20930729109143917,0.0,0.0,0.0,0.0,1.2570063000166556,13.093815625173496,0.07706059998599812,1.2770997999614337,96,9.597029383863476e-08,9.910743531404975e-08
101,210,252,24192,0.45,0.375,0.25,0,0,0,0,0,0,0.790225153748774,0.9671248077260313,1.00885333362063,0.9671248077260313,1.00885333362063,0,0.0,0,0.0,0.0,0,0,0,0,0.01933259995712433,0.20138124955337844,0.0,0.0,0.0,0.0,1.2148500999464886,12.654688541109257,0.07569840000360273,1.234182699903613,96,3.8044787806224e-08,4.3294577645180965e-08
101,211,253,24288,0.45,0.375,0.25,0,0,0,0,0,0,1.4571200390301806,0.9600851261216101,1.0056071045209507,0.9600851261216101,1.0056071045209507,0,0.0,0,0.0,0.0,0,0,0,0,0.02001989995187614,0.2085406244987098,0.0,0.0,0.0,0.0,1.2568799999935436,13.092499999932746,0.07869700000446755,1.2768998999454197,96,9.87966878446267e-08,9.93280029060184e-08
101,212,254,24384,0.45,0.375,0.25,0,0,0,0,0,0,1.5115994994712114,0.9593955462088013,1.005551484830241,0.9593955462088013,1.005551484830241,0,0.0,0,0.0,0.0,0,0,0,0,0.019943200044508558,0.20774166713029749,0.0,0.0,0.0,0.0,1.2211119999992661,12.719916666659023,0.07586590002756566,1.2410552000437747,96,9.235890285202997e-08,9.498818995257174e-08
101,213,256,24576,0.45,0.375,0.25,0,0,0,0,0,0,1.6991084276779835,0.9588999430347911,1.0020047763099167,0.9588999430347911,1.0020047763099167,0,0.0,0,0.0,0.0,0,0,0,0,0.020529299945337698,0.21384687443060102,0.0,0.0,0.0,0.0,1.280036000018299,13.33370833352395,0.07810689997131703,1.3005652999636368,96,8.73180202795587e-08,8.112415919581117e-08
101,214,257,24672,0.45,0.375,0.25,0,0,0,0,0,0,1.3915312224842995,0.9603276694715712,1.0076648442418383,0.9603276694715712,1.0076648442418383,0,0.0,0,0.0,0.0,0,0,0,0,0.020700699962617364,0.21563229127726422,0.0,0.0,0.0,0.0,1.3277569000492804,13.830801042180005,0.08258149999164743,1.3484576000118977,96,9.695597546176271e-08,9.735343600714153e-08
101,215,258,24768,0.45,0.375,0.25,0,0,0,0,0,0,0.9496463633875155,0.9660384741896153,1.0068632677495455,0.9660384741896153,1.0068632677495455,0,0.0,0,0.0,0.0,0,0,0,0,0.01913689998764312,0.19934270820461583,0.0,0.0,0.0,0.0,1.1645801000631764,12.131042708991421,0.0730786999411066,1.1837170000508195,96,5.242062840228601e-08,5.583714962620334e-08
101,216,259,24864,0.45,0.375,0.25,0,0,0,0,0,0,0.8083417326659103,0.9665867977762646,1.0132130615994233,0.9665867977762646,1.0132130615994233,0,0.0,0,0.0,0.0,0,0,0,0,0.01929810000001453,0.20102187500015134,0.0,0.0,0.0,0.0,1.1139417000231333,11.603559375240971,0.0687425999858533,1.1332398000231478,96,4.455991454294095e-08,4.971021400068665e-08
101,217,260,24960,0.45,0.375,0.25,0,0,0,0,0,0,1.427032517328515,0.9598210750779012,1.0067825716638408,0.9598210750779012,1.0067825716638408,0,0.0,0,0.0,0.0,0,0,0,0,0.019512400016537867,0.20325416683893613,0.0,0.0,0.0,0.0,1.1136031999922125,11.600033333252213,0.0687072000146145,1.1331156000087503,96,9.569582882194838e-08,9.930763884835603e-08
101,218,261,25056,0.45,0.375,0.25,0,0,0,0,0,0,1.5056974663192577,0.9593748224639039,1.0056081818541946,0.9593748224639039,1.0056081818541946,0,0.0,0,0.0,0.0,0,0,0,0,0.01981249994423706,0.20638020775246937,0.0,0.0,0.0,0.0,1.2128135000020848,12.633473958355049,0.07494390004285378,1.2326259999463218,96,9.799110528216359e-08,9.638304071524217e-08
101,219,262,25152,0.45,0.375,0.25,0,0,0,0,0,0,1.5476591829772477,0.9592127913111205,1.0054645951676904,0.9592127913111205,1.0054645951676904,0,0.0,0,0.0,0.0,0,0,0,0,0.01958799997373717,0.2040416663930955,0.0,0.0,0.0,0.0,1.1816915999879711,12.3092874998747,0.0736023000208661,1.2012795999617083,96,9.446312009518676e-08,9.592327855634242e-08
101,220,263,25248,0.45,0.375,0.25,0,0,0,0,0,0,1.4443038668313453,0.9595762841091288,1.0093080156846723,0.9595762841091288,1.0093080156846723,0,0.0,0,0.0,0.0,0,0,0,0,0.01900909997493727,0.19801145807226325,0.0,0.0,0.0,0.0,1.055918399913935,10.999149999103489,0.06494640004530083,1.0749274998888723,96,9.002988149257873e-08,9.359203516356995e-08
101,221,264,25344,0.45,0.375,0.25,0,0,0,0,0,0,1.4046075673399279,0.9601839484303675,1.0083413273690636,0.9601839484303675,1.0083413273690636,0,0.0,0,0.0,0.0,0,0,0,0,0.019339400038006715,0.20145208372923662,0.0,0.0,0.0,0.0,1.1788209999867831,12.27938541652899,0.06879060000210302,1.1981604000247899,96,9.368927288491702e-08,9.764558175917593e-08
101,222,265,25440,0.45,0.375,0.25,0,0,0,0,0,0,0.9739753273447505,0.9652500520649051,1.0098887429346513,0.9652500520649051,1.0098887429346513,0,0.0,0,0.0,0.0,0,0,0,0,0.020966500058420934,0.21840104227521806,0.0,0.0,0.0,0.0,1.1640469999838388,12.125489583164986,0.07110859999374952,1.1850135000422597,96,6.662018810742187e-08,6.613752746853496e-08
101,223,266,25536,0.45,0.375,0.25,0,0,0,0,0,0,0.866788502458261,0.9657539174255285,1.0075059493054,0.9657539174255285,1.0075059493054,0,0.0,0,0.0,0.0,0,0,0,0,0.020941400027368218,0.21813958361841893,0.0,0.0,0.0,0.0,1.178978800024197,12.281029166918719,0.07336630002828315,1.1999202000515652,96,5.702384705923158e-08,5.929343439847745e-08
101,224,267,25632,0.45,0.375,0.25,0,0,0,0,0,0,1.510418740742729,0.9591798637514132,1.005990694635742,0.9591798637514132,1.005990694635742,0,0.0,0,0.0,0.0,0,0,0,0,0.019022899956326,0.19815520787839583,0.0,0.0,0.0,0.0,1.082276199987973,11.273710416541386,0.06447059999482008,1.101299099944299,96,9.570542821787931e-08,9.955571061981416e-08
101,225,269,25824,0.45,0.375,0.25,0,0,0,0,0,0,1.549686918702888,0.9584619438610184,1.0080600111006732,0.9584619438610184,1.0080600111006732,0,0.0,0,0.0,0.0,0,0,0,0,0.02032360000157496,0.2117041666830725,0.0,0.0,0.0,0.0,1.1901611999855959,12.397512499849958,0.07130330002837582,1.2104847999871708,96,9.902905699459008e-08,9.79529754530084e-08
101,226,270,25920,0.45,0.375,0.25,0,0,0,0,0,0,1.6036466128402342,0.9583486454749689,1.0052098751247787,0.9583486454749689,1.0052098751247787,0,0.0,0,0.0,0.0,0,0,0,0,0.019981299948995,0.2081385411353646,0.0,0.0,0.0,0.0,1.2022948999729124,12.52390520805117,0.07443040002544876,1.2222761999219074,96,9.429666609182819e-08,9.875393607028382e-08
101,227,272,26112,0.45,0.375,0.25,0,0,0,0,0,0,1.0359480117785949,0.9645000063263174,1.0071188119682835,0.9645000063263174,1.0071188119682835,0,0.0,0,0.0,0.0,0,0,0,0,0.0205457000338356,0.2140177086857875,0.0,0.0,0.0,0.0,1.1935393999083317,12.432702082378455,0.07575800004269695,1.2140850999421673,96,8.079528747428899e-08,7.657619004175498e-08
101,228,273,26208,0.45,0.375,0.25,0,0,0,0,0,0,0.8335977600566865,0.9666341916241314,1.0074536721884813,0.9666341916241314,1.0074536721884813,0,0.0,0,0.0,0.0,0,0,0,0,0.02136959996278165,0.22259999961230884,0.0,0.0,0.0,0.0,1.2881466999460827,13.418194791105028,0.07850330000655958,1.3095162999088643,96,4.411721210573205e-08,4.9294539700150963e-08
101,229,274,26304,0.45,0.375,0.25,0,0,0,0,0,0,1.3687526803310262,0.960827320343002,1.002910025195191,0.960827320343002,1.002910025195191,0,0.0,0,0.0,0.0,0,0,0,0,0.020390899997437373,0.2124052083066393,0.0,0.0,0.0,0.0,1.1679692000252544,12.1663458335964,0.07134809999115532,1.1883601000226918,96,9.772757205046834e-08,9.721130178608206e-08
101,230,275,26400,0.45,0.375,0.25,0,0,0,0,0,0,0.9971022008978933,0.9640935126784829,1.0066229081009943,0.9640935126784829,1.0066229081009943,0,0.0,0,0.0,0.0,0,0,0,0,0.017957099982595537,0.1870531248187035,0.0,0.0,0.0,0.0,0.9927037999295862,10.340664582599857,0.06147730008524377,1.0106608999121818,96,9.099045290665575e-08,8.344295553130987e-08
101,231,276,26496,0.45,0.375,0.25,0,0,0,0,0,0,1.619254062094329,0.9583469012801042,1.0043630179245586,0.9583469012801042,1.0043630179245586,0,0.0,0,0.0,0.0,0,0,0,0,0.01871169997320976,0.19491354138760167,0.0,0.0,0.0,0.0,1.0826849000804941,11.277967709171813,0.06670449995726813,1.1013966000537039,96,9.780893975817884e-08,9.88544960472959e-08
101,232,278,26688,0.45,0.375,0.25,0,0,0,0,0,0,1.6993341239120525,0.9584402638631341,1.0032898798107683,0.9584402638631341,1.0032898798107683,0,0.0,0,0.0,0.0,0,0,0,0,0.018862299984903075,0.19648229150940702,0.0,0.0,0.0,0.0,1.1360916999910842,11.834288541573793,0.06954169997334247,1.1549539999759872,96,9.5146530567497e-08,9.650152101026155e-08
101,233,280,26880,0.45,0.375,0.25,0,0,0,0,0,0,0.9670111729027053,0.9642754058150065,1.0043987098543221,0.9642754058150065,1.0043987098543221,0,0.0,0,0.0,0.0,0,0,0,0,0.019862299966916908,0.2068989579887178,0.0,0.0,0.0,0.0,1.1924108999664895,12.420946874650932,0.07261879998259246,1.2122731999334064,96,8.528261661970571e-08,7.99025279968335e-08
101,234,281,26976,0.45,0.375,0.25,0,0,0,0,0,0,1.688992543845395,0.9575665065021552,1.0042599199334952,0.9575665065021552,1.0042599199334952,0,0.0,0,0.0,0.0,0,0,0,0,0.018717500002821907,0.1949739583627282,0.0,0.0,0.0,0.0,1.0602445999538759,11.044214582852874,0.06504210003186017,1.0789620999566978,96,9.232247490803536e-08,9.635459104206934e-08
101,235,283,27168,0.45,0.375,0.25,0,0,0,0,0,0,1.8161312303839914,0.9565093986006667,1.0031858206746078,0.9565093986006667,1.0031858206746078,0,0.0,0,0.0,0.0,0,0,0,0,0.020778199963388033,0.21643958295195867,0.0,0.0,0.0,0.0,1.2018085999443429,12.518839582753571,0.07250020001083612,1.222586799907731,96,8.0370112804512e-08,7.423751204049811e-08
101,236,286,27456,0.45,0.375,0.25,0,0,0,0,0,0,1.0691079555169587,0.9632435757827095,1.0097090342153705,0.9632435757827095,1.0097090342153705,0,0.0,0,0.0,0.0,0,0,0,0,0.018903099931776524,0.19690729095600545,0.0,0.0,0.0,0.0,1.0662350999118644,11.10661562408192,0.06470080003782641,1.085138199843641,96,9.494567746598515e-08,8.613658258882495e-08
101,237,288,27648,0.45,0.375,0.25,0,0,0,0,0,0,1.5435911171525292,0.9577980935296927,1.0094929116680942,0.9577980935296927,1.0094929116680942,0,0.0,0,0.0,0.0,0,0,0,0,0.020863300065684598,0.21732604235088124,0.0,0.0,0.0,0.0,1.2204745000271942,12.713276041949939,0.07246120002673706,1.2413378000928788,96,9.467625298326121e-08,9.824168770156128e-08
101,238,290,27840,0.45,0.375,0.25,0,0,0,0,0,0,1.6850513262444582,0.9560867380660772,1.0076909528642073,0.9560867380660772,1.0076909528642073,0,0.0,0,0.0,0.0,0,0,0,0,0.019747299986192957,0.2057010415228433,0.0,0.0,0.0,0.0,1.1888671000415343,12.384032292099315,0.07307500001479639,1.2086144000277272,96,9.276224434418001e-08,9.669925714328453e-08
101,239,292,28032,0.45,0.375,0.25,0,0,0,0,0,0,1.7785286317204325,0.9570698968308177,1.0037738965841736,0.9570698968308177,1.0037738965841736,0,0.0,0,0.0,0.0,0,0,0,0,0.018831600005796645,0.19616250006038172,0.0,0.0,0.0,0.0,1.1570052999304608,12.0521385409423,0.07210360005410621,1.1758368999362574,96,9.734432752928068e-08,9.95116796603801e-08
101,240,294,28224,0.45,0.375,0.25,0,0,0,0,0,0,1.037389497221581,0.9637699547495745,1.0028994917091063,0.9637699547495745,1.0028994917091063,0,0.0,0,0.0,0.0,0,0,0,0,0.019578100029320922,0.20393854197209293,0.0,0.0,0.0,0.0,1.0613210999581497,11.05542812456406,0.06436280001071282,1.0808991999874706,96,9.188997303517799e-08,8.365268706900242e-08
101,241,295,28320,0.45,0.375,0.25,0,0,0,0,0,0,1.9482744548813746,0.9564097525692288,1.0001362444219155,0.9564097525692288,1.0001362444219155,0,0.0,0,0.0,0.0,0,0,0,0,0.02037560001190286,0.21224583345732148,0.0,0.0,0.0,0.0,1.2020709999778774,12.521572916436222,0.07460090004315134,1.2224465999897802,96,9.91395473527723e-08,8.73214573565706e-08
101,242,297,28512,0.45,0.375,0.25,0,0,0,0,0,0,1.9438590524379447,0.9556543601893359,1.0023778386833118,0.9556543601893359,1.0023778386833118,0,0.0,0,0.0,0.0,0,0,0,0,0.021429099979286548,0.22321979145090154,0.0,0.0,0.0,0.0,1.3209825999947498,13.760235416611977,0.08343360003345879,1.3424116999740363,96,9.489302978810121e-08,8.459013357831058e-08
101,243,298,28608,0.45,0.375,0.25,0,0,0,0,0,0,1.868073194844542,0.9560344168658795,1.003012247702312,0.9560344168658795,1.003012247702312,0,0.0,0,0.0,0.0,0,0,0,0,0.020662300041294657,0.21523229209681935,0.0,0.0,0.0,0.0,1.2282204999719397,12.793963541374373,0.07629270002507837,1.2488828000132344,96,9.996465248456043e-08,9.01554093185597e-08
101,244,300,28800,0.45,0.375,0.25,0,0,0,0,0,0,1.3505874501206312,0.9621807977635707,1.00048025073858,0.9621807977635707,1.00048025073858,0,0.0,0,0.0,0.0,0,0,0,0,0.020581199998559896,0.21438749998499892,0.0,0.0,0.0,0.0,1.1960066000101506,12.458402083439069,0.07253100001980783,1.2165878000087105,96,9.486429535139618e-08,8.465093577492144e-08
101,245,302,28992,0.45,0.375,0.25,0,0,0,0,0,0,1.3811043431685943,0.960025928169897,1.005573989275825,0.960025928169897,1.005573989275825,0,0.0,0,0.0,0.0,0,0,0,0,0.021773599997686688,0.22680833330923633,0.0,0.0,0.0,0.0,1.3528273000265472,14.091951041943199,0.08622720000857953,1.3746009000242339,96,9.542919470265088e-08,8.780575704026017e-08
101,246,303,29088,0.45,0.375,0.25,0,0,0,0,0,0,1.1019978650445232,0.9636078552751529,1.0044903643973913,0.9636078552751529,1.0044903643973913,0,0.0,0,0.0,0.0,0,0,0,0,0.02049300000362564,0.21346875003776708,0.0,0.0,0.0,0.0,1.2119045000581536,12.624005208939101,0.07464690000051633,1.2323975000617793,96,9.645509657478513e-08,8.714465482562161e-08
101,247,304,29184,0.45,0.375,0.25,0,0,0,0,0,0,1.5103945712663314,0.9580267821538314,1.001775996574134,0.9580267821538314,1.001775996574134,0,0.0,0,0.0,0.0,0,0,0,0,0.02144049997878028,0.22333854144562792,0.0,0.0,0.0,0.0,1.2527015999949072,13.04897499994695,0.07544139998208266,1.2741420999736874,96,9.376213969299052e-08,9.841784394393205e-08
101,248,305,29280,0.45,0.375,0.25,0,0,0,0,0,0,1.8179955062608242,0.956898511373491,1.0035729755185108,0.956898511373491,1.0035729755185108,0,0.0,0,0.0,0.0,0,0,0,0,0.02222519993665628,0.2315124993401696,0.0,0.0,0.0,0.0,1.2944160000042757,13.483500000044538,0.07653899998695124,1.316641199940932,96,8.973128773001604e-08,8.376103477480967e-08
101,249,306,29376,0.45,0.375,0.25,0,0,0,0,0,0,1.773888447119352,0.9573234362147965,1.00296187077617,0.9573234362147965,1.00296187077617,0,0.0,0,0.0,0.0,0,0,0,0,0.02240889997483464,0.2334260414045275,0.0,0.0,0.0,0.0,1.4005407000149717,14.588965625155955,0.08788820003246656,1.4229495999898063,96,9.460025370694458e-08,9.861029631741403e-08
101,250,307,29472,0.45,0.375,0.25,0,0,0,0,0,0,1.2921024996817092,0.9608892698401431,1.0043022462318065,0.9608892698401431,1.0043022462318065,0,0.0,0,0.0,0.0,0,0,0,0,0.020762399974046275,0.2162749997296487,0.0,0.0,0.0,0.0,1.2822396000483423,13.356662500503566,0.07738449999305885,1.3030020000223885,96,9.988309833744435e-08,8.757015744487173e-08
101,251,309,29664,0.45,0.375,0.25,0,0,0,0,0,0,1.9412514085662218,0.9545274184303338,1.001630135707293,0.9545274184303338,1.001630135707293,0,0.0,0,0.0,0.0,0,0,0,0,0.020844699996814597,0.21713229163348538,0.0,0.0,0.0,0.0,1.177932300066459,12.270128125692281,0.0691283999622101,1.1987770000632736,96,9.614437146594768e-08,8.642055425445161e-08
101,252,310,29760,0.45,0.375,0.25,0,0,0,0,0,0,2.1400943966441233,0.9535898723413102,1.0001502624881424,0.9535898723413102,1.0001502624881424,0,0.0,0,0.0,0.0,0,0,0,0,0.019298400016850792,0.20102500017552907,0.0,0.0,0.0,0.0,1.1103898000801564,11.566560417501629,0.06724049997865222,1.1296882000970072,96,8.662887995489199e-08,8.406226874313472e-08
101,253,312,29952,0.45,0.375,0.25,0,0,0,0,0,0,2.205820345968587,0.9540244935334445,1.0,0.9540244935334445,1.0,0,0.0,0,0.0,0.0,0,0,0,0,0.019635599994217046,0.2045374999397609,0.0,0.0,0.0,0.0,1.1747552999659092,12.237034374644887,0.07270430002972716,1.1943908999601263,96,9.505439548321282e-08,8.413391559825012e-08
101,254,313,30048,0.45,0.375,0.25,0,0,0,0,0,0,2.2585081398921223,0.953704593598676,1.0,0.953704593598676,1.0,0,0.0,0,0.0,0.0,0,0,0,0,0.019214500003727153,0.20015104170549117,0.0,0.0,0.0,0.0,1.0983954000330414,11.441618750344182,0.06766209998750128,1.1176099000367685,96,8.990360737121117e-08,8.319626050579121e-08
101,255,314,30144,0.45,0.375,0.25,0,0,0,0,0,0,1.5425426320020732,0.9608187952050851,1.0,0.9608187952050851,1.0,0,0.0,0,0.0,0.0,0,0,0,0,0.020593299967003986,0.2145135413229582,0.0,0.0,0.0,0.0,1.2655976999958511,13.183309374956783,0.07910490002541337,1.2861909999628551,96,9.364281384604406e-08,9.858790735173262e-08
101,256,315,30240,0.45,0.375,0.25,0,0,0,0,0,0,1.304302851345298,0.9621641221759796,1.0,0.9621641221759796,1.0,0,0.0,0,0.0,0.0,0,0,0,0,0.02029010003025178,0.21135520864845603,0.0,0.0,0.0,0.0,1.2220645000052173,12.729838541721014,0.0751946000236785,1.242354600035469,96,9.739284475250576e-08,8.684237731704236e-08
101,257,316,30336,0.45,0.375,0.25,0,0,0,0,0,0,2.067293145783861,0.953868370874415,1.0014344623330946,0.953868370874415,1.0014344623330946,0,0.0,0,0.0,0.0,0,0,0,0,0.01988290003646398,0.2071135420464998,0.0,0.0,0.0,0.0,1.1313262000257964,11.784647916935379,0.07122159998107236,1.1512091000622604,96,8.522252183465473e-08,8.033721687894513e-08
101,258,317,30432,0.45,0.375,0.25,0,0,0,0,0,0,2.1493525650540932,0.9530475628019699,1.0014321008492222,0.9530475628019699,1.0014321008492222,0,0.0,0,0.0,0.0,0,0,0,0,0.020358699963253457,0.21206979128389017,0.0,0.0,0.0,0.0,1.1962199000263354,12.46062395860766,0.0726241999436752,1.2165785999895888,96,9.706173091823811e-08,9.111105876702386e-08
101,259,320,30720,0.45,0.375,0.25,0,0,0,0,0,0,2.1253318921102746,0.9544024519757307,1.0010835878998179,0.9544024519757307,1.0010835878998179,0,0.0,0,0.0,0.0,0,0,0,0,0.021272599973599426,0.22158958305832735,0.0,0.0,0.0,0.0,1.2316025999534759,12.829193749515374,0.07546440001169685,1.2528751999270753,96,9.963233372871361e-08,8.918567787064013e-08
101,260,321,30816,0.45,0.375,0.25,0,0,0,0,0,0,1.6051070825405895,0.9598551740588634,1.0,0.9598551740588634,1.0,0,0.0,0,0.0,0.0,0,0,0,0,0.02079280006728368,0.21659166736753832,0.0,0.0,0.0,0.0,1.2692435999415466,13.22128749939111,0.0784853000077419,1.2900364000088302,96,9.364937486079639e-08,9.951410112618575e-08
101,261,322,30912,0.45,0.375,0.25,0,0,0,0,0,0,1.2789650693976244,0.9618544748610046,1.0011160393143248,0.9618544748610046,1.0011160393143248,0,0.0,0,0.0,0.0,0,0,0,0,0.0202393999643391,0.21082708296186561,0.0,0.0,0.0,0.0,1.223033399990527,12.739931249901323,0.0732258999851183,1.243272799954866,96,9.669979729280687e-08,8.737179008067031e-08
101,262,323,31008,0.45,0.375,0.25,0,0,0,0,0,0,2.3233349595026698,0.9526489691235163,1.0,0.9526489691235163,1.0,0,0.0,0,0.0,0.0,0,0,0,0,0.019318999999086373,0.2012395833238164,0.0,0.0,0.0,0.0,1.1691374000147334,12.178514583486807,0.07063579998066416,1.1884564000138198,96,9.265635547879569e-08,9.630270234040061e-08
101,263,324,31104,0.45,0.375,0.25,0,0,0,0,0,0,2.359955755152724,0.9526416653625583,1.0,0.9526416653625583,1.0,0,0.0,0,0.0,0.0,0,0,0,0,0.019516200001817197,0.20329375001892913,0.0,0.0,0.0,0.0,1.1295906000159448,11.766568750166092,0.0702899999669171,1.149106800017762,96,9.519491061746321e-08,9.62828643202851e-08
101,264,325,31200,0.45,0.375,0.25,0,0,0,0,0,0,2.1286503216215906,0.952620876869083,1.0026152288013614,0.952620876869083,1.0026152288013614,0,0.0,0,0.0,0.0,0,0,0,0,0.019669699999212753,0.20489270832513284,0.0,0.0,0.0,0.0,1.2337685999591486,12.851756249574464,0.07571240001561819,1.2534382999583613,96,8.337860672724684e-08,9.685348564825169e-08
101,265,326,31296,0.45,0.375,0.25,0,0,0,0,0,0,2.2419541777491485,0.9512398958639874,1.001656287083403,0.9512398958639874,1.001656287083403,0,0.0,0,0.0,0.0,0,0,0,0,0.019333399934112094,0.201389582647001,0.0,0.0,0.0,0.0,1.1441884000014397,11.918629166681663,0.06915429997752653,1.1635217999355518,96,9.598317877480833e-08,9.924957918017174e-08
101,266,327,31392,0.45,0.375,0.25,0,0,0,0,0,0,2.1493794848462233,0.9538531573995968,1.0006288293832675,0.9538531573995968,1.0006288293832675,0,0.0,0,0.0,0.0,0,0,0,0,0.0190777000025264,0.19872604169298333,0.0,0.0,0.0,0.0,1.1866990999915288,12.361448958245091,0.07430690000182949,1.2057767999940552,96,8.103186460370337e-08,8.071937722398115e-08
101,267,328,31488,0.45,0.375,0.25,0,0,0,0,0,0,1.5975013670815508,0.9600256965348837,1.0,0.9600256965348837,1.0,0,0.0,0,0.0,0.0,0,0,0,0,0.01907869998831302,0.19873645821159394,0.0,0.0,0.0,0.0,1.176822199995513,12.258564583286594,0.07283170003211126,1.195900899983826,96,9.67740149213775e-08,9.906500175738131e-08
101,268,331,31776,0.45,0.375,0.25,0,0,0,0,0,0,2.4654312953715336,0.9509735675659876,1.0,0.9509735675659876,1.0,0,0.0,0,0.0,0.0,0,0,0,0,0.019693999958690256,0.2051458329030235,0.0,0.0,0.0,0.0,1.2128819999998086,12.634187499998006,0.07461170000169659,1.2325759999584989,96,9.730983759233258e-08,9.891001712114544e-08
101,269,332,31872,0.45,0.375,0.25,0,0,0,0,0,0,2.3046775102673145,0.9530865812074594,1.0,0.9530865812074594,1.0,0,0.0,0,0.0,0.0,0,0,0,0,0.022119599969300907,0.2304124996802178,0.0,0.0,0.0,0.0,1.5480486000378733,16.125506250394512,0.09621309997601202,1.5701682000071742,96,9.947994501074975e-08,9.055747984820783e-08
101,270,333,31968,0.45,0.375,0.25,0,0,0,0,0,0,2.4055580978255295,0.9524370150358046,1.0,0.9524370150358046,1.0,0,0.0,0,0.0,0.0,0,0,0,0,0.020214099989971146,0.21056354156219945,0.0,0.0,0.0,0.0,1.3295510000534705,13.849489583890318,0.0818696999704116,1.3497651000434416,96,9.369255983028568e-08,9.90204966633268e-08
101,271,334,32064,0.45,0.375,0.25,0,0,0,0,0,0,2.260406568092988,0.9546597455856932,1.0,0.9546597455856932,1.0,0,0.0,0,0.0,0.0,0,0,0,0,0.019935999989684206,0.20766666655921048,0.0,0.0,0.0,0.0,1.183782499996596,12.331067708297875,0.06993490002059843,1.2037184999862802,96,9.618030682653766e-08,8.67717820512981e-08
101,272,335,32160,0.45,0.375,0.25,0,0,0,0,0,0,1.6716606799492633,0.9602024938156012,1.0,0.9602024938156012,1.0,0,0.0,0,0.0,0.0,0,0,0,0,0.019533099999534898,0.20346979166182186,0.0,0.0,0.0,0.0,1.1804171999610844,12.29601249959463,0.07344909997482318,1.1999502999606193,96,9.969759888310559e-08,9.974380807409311e-08
101,273,336,32256,0.45,0.375,0.25,0,0,0,0,0,0,1.523234632528907,0.9607861169065134,1.0,0.9607861169065134,1.0,0,0.0,0,0.0,0.0,0,0,0,0,0.019925000015064143,0.20755208349025148,0.0,0.0,0.0,0.0,1.2055449000545195,12.557759375567912,0.07462359997589374,1.2254699000695837,96,9.899301592862508e-08,9.048429630564847e-08
101,274,337,32352,0.45,0.375,0.25,0,0,0,0,0,0,2.569892692892584,0.9504484048602154,1.0,0.9504484048602154,1.0,0,0.0,0,0.0,0.0,0,0,0,0,0.020160500003839843,0.2100052083733317,0.0,0.0,0.0,0.0,1.3102998000540538,13.64895625056306,0.08060039997508284,1.3304603000578936,96,8.420483002709311e-08,9.977112025438828e-08
101,275,338,32448,0.45,0.375,0.25,1,1,0,2,0,0,2.6219172899506455,0.949526668691059,1.0,0.949526668691059,1.0,0,0.0,0,0.0,0.0,0,0,0,0,0.017982000033953227,0.18731250035367944,0.0,0.0,0.0,0.0,1.0724305000549066,11.17115104223861,0.06487379997997778,1.0904125000888598,96,9.884273210677974e-08,9.749815288451202e-08
101,276,339,32544,0.45,0.375,0.25,0,0,0,0,0,0,2.6130985268363363,0.9506546179591844,1.0,0.9506546179591844,1.0,0,0.0,0,0.0,0.0,0,0,0,0,0.01951050000207033,0.20323437502156594,0.0,0.0,0.0,0.0,1.2438913000296452,12.957201041975472,0.07712659998651361,1.2634018000317155,96,8.690017653384396e-08,9.797424843638325e-08
101,277,340,32640,0.45,0.375,0.25,1,1,0,4,0,0,2.3963394839946033,0.9495037661801867,1.0025458894175252,0.9495037661801867,1.0025458894175252,0,0.0,0,0.0,0.0,0,0,0,0,0.02048919998924248,0.21342916655460917,0.0,0.0,0.0,0.0,1.3056952999977511,13.600992708309908,0.08057720002398128,1.3261844999869936,96,9.351761798975788e-08,9.406119161337045e-08
101,278,343,32928,0.45,0.375,0.25,0,0,0,0,0,0,1.5239050694396779,0.9606248332802263,1.0,0.9606248332802263,1.0,0,0.0,0,0.0,0.0,0,0,0,0,0.020131299999775365,0.2097010416643267,0.0,0.0,0.0,0.0,1.2478996999343508,12.998955207649487,0.07614240003022132,1.2680309999341262,96,9.862066756120835e-08,9.570470256570207e-08
101,279,344,33024,0.45,0.375,0.25,0,0,0,0,0,0,2.569015767439764,0.9503095384349085,1.0,0.9503095384349085,1.0,0,0.0,0,0.0,0.0,0,0,0,0,0.018926199998531956,0.19714791665137454,0.0,0.0,0.0,0.0,1.1556420999841066,12.037938541501111,0.07177919998503057,1.1745682999826386,96,8.83494010155833e-08,9.914260093446536e-08
101,280,345,33120,0.45,0.375,0.25,1,1,0,1,0,0,2.6268174186151403,0.949998505132871,1.0,0.949998505132871,1.0,0,0.0,0,0.0,0.0,0,0,0,0,0.018758499973046128,0.19540104138589717,0.0,0.0,0.0,0.0,1.0829773000223213,11.28101354189918,0.06667809992359253,1.1017357999953674,96,9.016471362068013e-08,9.68600045309076e-08
101,281,346,33216,0.45,0.375,0.25,1,1,0,7,0,0,2.485991490690085,0.9487261021425485,1.0019632925423552,0.9487261021425485,1.0019632925423552,0,0.0,0,0.0,0.0,0,0,0,0,0.01992640000389656,0.20756666670725585,0.0,0.0,0.0,0.0,1.1999349999605329,12.49932291625555,0.073251700050605,1.2198613999644294,96,9.528538725406266e-08,9.898146038911371e-08
101,282,347,33312,0.45,0.375,0.25,1,1,0,4,0,0,2.5689009524628106,0.9494465622697311,1.0,0.9494465622697311,1.0,0,0.0,0,0.0,0.0,0,0,0,0,0.018065500022203196,0.18818229189794997,0.0,0.0,0.0,0.0,1.0401341999822762,10.834731249815377,0.0642913999981829,1.0581997000044794,96,9.944758174069979e-08,9.850975007941187e-08
101,283,348,33408,0.45,0.375,0.25,0,0,0,0,0,0,2.268572454898896,0.9535607965242864,1.0,0.9535607965242864,1.0,0,0.0,0,0.0,0.0,0,0,0,0,0.020329699997091666,0.21176770830303818,0.0,0.0,0.0,0.0,1.2309177999850363,12.822060416510794,0.07409839998581447,1.251247499982128,96,9.724756942428026e-08,8.668948760226503e-08
101,284,349,33504,0.45,0.375,0.25,0,0,0,0,0,0,1.6675795436238408,0.9599155502781412,1.0,0.9599155502781412,1.0,0,0.0,0,0.0,0.0,0,0,0,0,0.017937899930984713,0.18685312428109077,0.0,0.0,0.0,0.0,1.0486707999370992,10.92365416601145,0.06420370002888376,1.066608699868084,96,9.92758391379217e-08,9.969083586414129e-08
101,285,351,33696,0.45,0.375,0.25,0,0,0,0,0,0,2.348520176662576,0.9528123463435554,1.0,0.9528123463435554,1.0,0,0.0,0,0.0,0.0,0,0,0,0,0.01921230000880314,0.2001281250916994,0.0,0.0,0.0,0.0,1.2198905000259401,12.707192708603543,0.07493459997931495,1.2391028000347433,96,8.938537314831518e-08,9.427675883022513e-08
101,286,352,33792,0.45,0.375,0.25,0,0,0,0,0,0,2.395280878277919,0.9533227026172332,1.0,0.9533227026172332,1.0,0,0.0,0,0.0,0.0,0,0,0,0,0.02041310002823593,0.21263645862745761,0.0,0.0,0.0,0.0,1.3256817000146839,13.809184375152958,0.08123300003353506,1.3460948000429198,96,9.733778510642721e-08,8.751569316456376e-08
101,287,353,33888,0.45,0.375,0.25,0,0,0,0,0,0,2.2731382481394875,0.9545652451510094,1.0,0.9545652451510094,1.0,0,0.0,0,0.0,0.0,0,0,0,0,0.021645899993018247,0.2254781249272734,0.0,0.0,0.0,0.0,1.4437494999801856,15.039057291460267,0.08824359999562148,1.465395399973204,96,9.02360618258019e-08,8.159354809855746e-08
101,288,354,33984,0.45,0.375,0.25,0,0,0,0,0,0,2.1744056153288174,0.9560350149218512,1.0,0.9560350149218512,1.0,0,0.0,0,0.0,0.0,0,0,0,0,0.020250100023986306,0.21093854191652403,0.0,0.0,0.0,0.0,1.3184542000090005,13.733897916760421,0.08089639998797793,1.3387043000329868,96,8.95816333265631e-08,8.111686447542787e-08
101,289,355,34080,0.45,0.375,0.25,0,0,0,0,0,0,1.8328104731047083,0.9591416107476831,1.0,0.9591416107476831,1.0,0,0.0,0,0.0,0.0,0,0,0,0,0.01908390001335647,0.1987906251391299,0.0,0.0,0.0,0.0,1.2011118000591523,12.51158125061617,0.07382479996886104,1.2201957000725088,96,9.928789713141428e-08,8.917650208550842e-08
101,290,356,34176,0.45,0.375,0.25,0,0,0,0,0,0,1.3845901595404886,0.961601302171419,1.0,0.961601302171419,1.0,0,0.0,0,0.0,0.0,0,0,0,0,0.021671500013326295,0.22574479180548224,0.0,0.0,0.0,0.0,1.4601013999490533,15.209389582802638,0.09036420004849788,1.4817728999623796,96,9.6674335281835e-08,8.640882932786642e-08
101,291,357,34272,0.45,0.375,0.25,0,0,0,0,0,0,1.067043554611146,0.9657072493654377,1.0,0.9657072493654377,1.0,0,0.0,0,0.0,0.0,0,0,0,0,0.020866099970589858,0.2173552080269777,0.0,0.0,0.0,0.0,1.3198222999926656,13.748148958256934,0.08083430000260705,1.3406883999632555,96,5.871287718159368e-08,6.024664392367818e-08
101,292,358,34368,0.45,0.375,0.25,0,0,0,0,0,0,0.9948491592955165,0.9668655169857862,1.0002978160392688,0.9668655169857862,1.0002978160392688,0,0.0,0,0.0,0.0,0,0,0,0,0.020247200023732148,0.2109083335805432,0.0,0.0,0.0,0.0,1.276534200005699,13.297231250059363,0.08006429998931708,1.296781400029431,96,4.108864705941462e-08,4.665765093725405e-08
101,293,359,34464,0.45,0.375,0.25,0,0,0,0,0,0,1.0050921969032078,0.9660884745293562,1.0024624678775358,0.9660884745293562,1.0024624678775358,0,0.0,0,0.0,0.0,0,0,0,0,0.019425500060606282,0.20234895896464877,0.0,0.0,0.0,0.0,1.2620805000260589,13.146671875271446,0.07792020001943456,1.2815060000866652,96,5.18385523742837e-08,5.530799533637332e-08
101,294,360,34560,0.45,0.375,0.25,0,0,0,0,0,0,1.3857662993459945,0.9611666136094764,1.0,0.9611666136094764,1.0,0,0.0,0,0.0,0.0,0,0,0,0,0.019669499990413897,0.20489062490014476,0.0,0.0,0.0,0.0,1.303228599994327,13.575297916607573,0.08297719999245601,1.3228980999847408,96,9.903956418866322e-08,8.871505717544803e-08
101,295,361,34656,0.45,0.375,0.25,0,0,0,0,0,0,1.4767683255064477,0.9609489855719061,1.0,0.9609489855719061,1.0,0,0.0,0,0.0,0.0,0,0,0,0,0.019929400019464083,0.20759791686941753,0.0,0.0,0.0,0.0,1.2263340000499738,12.77431250052056,0.07725639998534461,1.246263400069438,96,9.628706528277964e-08,9.878418319453353e-08
101,296,362,34752,0.45,0.375,0.25,0,0,0,0,0,0,1.376760251504259,0.9606132182618191,1.0022652257250082,0.9606132182618191,1.0022652257250082,0,0.0,0,0.0,0.0,0,0,0,0,0.019708799984073266,0.20529999983409652,0.0,0.0,0.0,0.0,1.2295012000322458,12.807304167002561,0.07634519999555778,1.249210000016319,96,9.325321387483598e-08,8.565087535050697e-08
101,297,363,34848,0.45,0.375,0.25,0,0,0,0,0,0,1.2527350656684486,0.9630535841221972,1.0,0.9630535841221972,1.0,0,0.0,0,0.0,0.0,0,0,0,0,0.021797500012326054,0.22705729179506307,0.0,0.0,0.0,0.0,1.5000010000439943,15.62501041712494,0.09386280000035185,1.5217985000563203,96,9.208707897785662e-08,8.344943361326962e-08
101,298,364,34944,0.45,0.375,0.25,0,0,0,0,0,0,0.9892858596553143,0.9648132880412384,1.0005148069657643,0.9648132880412384,1.0005148069657643,0,0.0,0,0.0,0.0,0,0,0,0,0.018419499952869955,0.1918697911757287,0.0,0.0,0.0,0.0,1.116468400003214,11.629879166700144,0.06945590001851087,1.1348878999560839,96,7.452381098511929e-08,7.193461354360053e-08
