candidate_id,scenario_index,day_index,t0,pv_s_scale,svc_q_scale,cap_total_mvar,risk,under_risk,over_risk,under_steps,over_steps,pf_fail,daily_loss_mwh,vmin,vmax,raw_vmin,raw_vmax,intervention_steps,intervention_rate,projection_failures,mean_correction_norm,max_correction_norm,power_flow_previews,projection_iterations,steps_within_0_001_of_reporting_limit,steps_within_0_001_of_projection_guard,actor_total_seconds,actor_mean_ms,projection_total_seconds,projection_mean_ms,preview_total_seconds,optimiser_total_seconds,execution_total_seconds,execution_mean_ms,balance_audit_total_seconds,online_path_total_seconds,completed_steps,max_p_balance_residual_mw,max_q_balance_residual_mvar
105,0,2,192,0.45,0.5625,0.0,0,0,0,0,0,0,2.5773291661651636,0.956242294922594,1.0,0.956242294922594,1.0,0,0.0,0,0.0,0.0,96,0,0,0,0.018614399974467233,0.19389999973403368,0.43168919998424826,4.49676249983592,0.42905650004104245,0.0,1.0036181999748806,10.454356249738339,0.06532400001742644,1.453921799933596,96,9.940038376600457e-08,9.728545705134373e-08
105,1,3,288,0.45,0.5625,0.0,0,0,0,0,0,0,2.652802411280307,0.9568031272536485,1.0,0.9568031272536485,1.0,0,0.0,0,0.0,0.0,96,0,0,0,0.01820849997602636,0.18967187475027458,0.4564042999918456,4.754211458248392,0.4536546000163071,0.0,1.0390692000146373,10.823637500152472,0.0650916999875335,1.5136819999825093,96,5.234502036682853e-08,9.135007070226742e-08
105,2,4,384,0.45,0.5625,0.0,0,0,0,0,0,0,2.416978762966219,0.9570669426195062,1.0,0.9570669426195062,1.0,0,0.0,0,0.0,0.0,96,0,0,0,0.018895000037446152,0.19682291705673075,0.42610399999830406,4.438583333315667,0.42339299993182067,0.0,0.9967393999322667,10.382702082627778,0.0635886000454775,1.441738399968017,96,9.583902136310607e-08,9.862242134062171e-08
105,3,5,480,0.45,0.5625,0.0,0,0,0,0,0,0,2.0249845122446244,0.958421448318315,1.0019706085097886,0.958421448318315,1.0019706085097886,0,0.0,0,0.0,0.0,96,0,0,0,0.018000299969571643,0.18750312468303795,0.43224460002966225,4.502547916975648,0.42954390001978027,0.0,0.9995915999752469,10.412412499742155,0.06454399997164728,1.4498364999744808,96,9.493977381168361e-08,9.709312534522674e-08
105,4,6,576,0.45,0.5625,0.0,0,0,0,0,0,0,1.8599544487904403,0.9593273067595907,1.0,0.9593273067595907,1.0,0,0.0,0,0.0,0.0,96,0,0,0,0.017722499993396923,0.18460937493121796,0.4440895000298042,4.625932291977127,0.44133729999884963,0.0,1.03732329999184,10.805451041581668,0.06849730003159493,1.4991353000150411,96,9.715577871730052e-08,8.778314575241808e-08
105,5,7,672,0.45,0.5625,0.0,0,0,0,0,0,0,1.5167808588078977,0.9623568994206657,1.0,0.9623568994206657,1.0,0,0.0,0,0.0,0.0,96,0,0,0,0.017563899971719366,0.18295729137207672,0.4256865000061225,4.4342343750637765,0.4230136000260245,0.0,0.9876101999689126,10.287606249676173,0.06518939998932183,1.4308605999467545,96,9.839061096243717e-08,5.112805977203205e-08
105,6,8,768,0.45,0.5625,0.0,0,0,0,0,0,0,2.7988244578815213,0.9558925186780627,1.0,0.9558925186780627,1.0,0,0.0,0,0.0,0.0,96,0,0,0,0.018783999999868684,0.19566666666529878,0.47289330005150987,4.925971875536561,0.47007009998196736,0.0,1.0900070000207052,11.354239583549012,0.07007259999227244,1.5816843000720837,96,8.321710321702869e-08,9.903901782015723e-08
105,7,10,960,0.45,0.5625,0.0,0,0,0,0,0,0,3.1012704763786156,0.9542698296188147,1.0,0.9542698296188147,1.0,0,0.0,0,0.0,0.0,96,0,0,0,0.01837369993882021,0.19139270769604386,0.45237880000058794,4.712279166672791,0.44952350006497,0.0,1.0554294000030495,10.994056250031766,0.06822480000846554,1.5261818999424577,96,8.018190205544284e-08,9.651855356618277e-08
105,8,11,1056,0.45,0.5625,0.0,0,0,0,0,0,0,2.8171809249987874,0.9556197229124048,1.0002117245005353,0.9556197229124048,1.0002117245005353,0,0.0,0,0.0,0.0,96,0,0,0,0.01905850003095111,0.19852604198907406,0.4764219000207959,4.962728125216624,0.47341049997339724,0.0,1.096917100068822,11.426219792383563,0.0720114999494399,1.592397500120569,96,6.682113811926071e-08,8.716227004046395e-08
105,9,12,1152,0.45,0.5625,0.0,0,0,0,0,0,0,2.853697245832927,0.9559149807662927,1.0,0.9559149807662927,1.0,0,0.0,0,0.0,0.0,96,0,0,0,0.019517599997925572,0.2033083333117247,0.47367510003823554,4.934115625398287,0.47077900001750095,0.0,1.0836161999686738,11.287668749673685,0.07014780001918552,1.5768089000048349,96,6.019642249943669e-08,9.704837308777137e-08
105,10,13,1248,0.45,0.5625,0.0,0,0,0,0,0,0,1.7852446018565096,0.960133329790344,1.0,0.960133329790344,1.0,0,0.0,0,0.0,0.0,96,0,0,0,0.01861990000179503,0.1939572916853649,0.4697645000051125,4.8933802083865885,0.46692960002837935,0.0,1.073752800024522,11.184925000255438,0.06922449998819502,1.5621372000314295,96,9.957999202135637e-08,8.760113079375742e-08
105,11,14,1344,0.45,0.5625,0.0,0,0,0,0,0,0,1.5146054969747553,0.9616128489966224,1.0,0.9616128489966224,1.0,0,0.0,0,0.0,0.0,96,0,0,0,0.01788450000458397,0.1862968750477497,0.4346371000210638,4.527469791886081,0.43195970002852846,0.0,1.0190303000053973,10.614898958389555,0.0664677999811829,1.471551900031045,96,9.872640103873731e-08,7.72644727364824e-08
105,12,16,1536,0.45,0.5625,0.0,0,0,0,0,0,0,2.873746119584394,0.9549312408787543,1.0005687155862792,0.9549312408787543,1.0005687155862792,0,0.0,0,0.0,0.0,96,0,0,0,0.021323899942217395,0.2221239577314312,0.5032673000023351,5.242367708357658,0.5001640000118641,0.0,1.1664211999377585,12.150220832684985,0.07485540005291114,1.691012399882311,96,7.643995969183748e-08,9.72291695766625e-08
105,13,17,1632,0.45,0.5625,0.0,0,0,0,0,0,0,2.8937174142345663,0.9551632490614078,1.0004649746624759,0.9551632490614078,1.0004649746624759,0,0.0,0,0.0,0.0,96,0,0,0,0.01943999994546175,0.20249999943189323,0.41055690001667244,4.276634375173671,0.4079721000234713,0.0,0.9535459000253468,9.932769791930696,0.06023889998323284,1.383542799987481,96,7.256928351642711e-08,9.807453599242066e-08
105,14,18,1728,0.45,0.5625,0.0,0,0,0,0,0,0,2.7351283994051663,0.9552084917108499,1.001695848838695,0.9552084917108499,1.001695848838695,0,0.0,0,0.0,0.0,96,0,0,0,0.019745400022657122,0.2056812502360117,0.43370209998829523,4.517730208211408,0.43097280000074534,0.0,1.0004376999422675,10.421226041065287,0.06258610002259957,1.4538851999532199,96,7.350123079619131e-08,9.480645754567085e-08
105,15,19,1824,0.45,0.5625,0.0,0,0,0,0,0,0,2.5517400880606433,0.9558298804396047,1.0017391228435018,0.9558298804396047,1.0017391228435018,0,0.0,0,0.0,0.0,96,0,0,0,0.019489099991915282,0.2030114582491175,0.418212799988396,4.356383333212459,0.41556080002192175,0.0,0.9630884000143851,10.032170833483178,0.06202609999309061,1.4007902999946964,96,5.5909936021170115e-08,9.501728764904627e-08
105,16,20,1920,0.45,0.5625,0.0,0,0,0,0,0,0,1.6824015245912056,0.9597792222144405,1.0035513530684799,0.9597792222144405,1.0035513530684799,0,0.0,0,0.0,0.0,96,0,0,0,0.018017900008999277,0.1876864584270758,0.42981769998004893,4.47726770812551,0.4271583001027466,0.0,0.9929409000178566,10.343134375186006,0.0648914000048535,1.4407765000069048,96,9.989145803926403e-08,8.905682795379288e-08
105,17,21,2016,0.45,0.5625,0.0,0,0,0,0,0,0,1.444959290433038,0.9611781845825189,1.0043204209450634,0.9611781845825189,1.0043204209450634,0,0.0,0,0.0,0.0,96,0,0,0,0.017633499985095114,0.18368229151140744,0.42762229996878887,4.454398958008217,0.42495360004977556,0.0,0.9729230999655556,10.134615624641205,0.06457850002334453,1.4181788999194396,96,8.525196287735744e-08,5.4422633552486666e-08
105,18,22,2112,0.45,0.5625,0.0,0,0,0,0,0,0,2.7929973171501397,0.9550507662172021,1.0012757003546364,0.9550507662172021,1.0012757003546364,0,0.0,0,0.0,0.0,96,0,0,0,0.01877189995138906,0.19554062449363604,0.41884849995403783,4.3630052078545605,0.41613890002918197,0.0,0.9752717000155826,10.159080208495652,0.06127450001804391,1.4128920999210095,96,9.944630226070561e-08,9.684459081893415e-08
105,19,23,2208,0.45,0.5625,0.0,0,0,0,0,0,0,3.088523517847721,0.9546357658274888,1.0,0.9546357658274888,1.0,0,0.0,0,0.0,0.0,96,0,0,0,0.018379199944320135,0.1914499994200014,0.4297150000493275,4.476197917180495,0.42707409997819923,0.0,0.9993267999525415,10.409654166172308,0.06390390001615742,1.4474209999461891,96,8.107394065121065e-08,8.539334808710386e-08
105,20,24,2304,0.45,0.5625,0.0,0,0,0,0,0,0,2.9808782644732705,0.9548985470417952,1.0000404270892236,0.9548985470417952,1.0000404270892236,0,0.0,0,0.0,0.0,96,0,0,0,0.0200151999888476,0.2084916665504958,0.48082470002555056,5.008590625266152,0.4779413999931421,0.0,1.087732800086087,11.330550000896741,0.06898689996160101,1.5885727001004852,96,7.57675759459342e-08,9.016137475503783e-08
105,21,25,2400,0.45,0.5625,0.0,0,0,0,0,0,0,2.608263738052344,0.9548758796278941,1.004200333101287,0.9548758796278941,1.004200333101287,0,0.0,0,0.0,0.0,96,0,0,0,0.01797639997676015,0.1872541664245849,0.4130369999911636,4.302468749907955,0.41040809996047756,0.0,0.950602099954267,9.902105207856948,0.06072640003549168,1.3816154999221908,96,7.506565662465658e-08,9.258347657969956e-08
105,22,26,2496,0.45,0.5625,0.0,0,0,0,0,0,0,2.440285884411939,0.9560867191090605,1.0056062852713243,0.9560867191090605,1.0056062852713243,0,0.0,0,0.0,0.0,96,0,0,0,0.018783699990308378,0.19566354156571228,0.4243964000415872,4.420795833766533,0.42171200003213016,0.0,0.9907501000488992,10.320313542176033,0.06400889995711623,1.4339302000807947,96,5.936468995201838e-08,9.87452129785904e-08
105,23,27,2592,0.45,0.5625,0.0,0,0,0,0,0,0,1.6241901686850915,0.9598110125891973,1.0063576002908985,0.9598110125891973,1.0063576002908985,0,0.0,0,0.0,0.0,96,0,0,0,0.018083600043610204,0.1883708337876063,0.40574350001406856,4.226494791813214,0.4031306000324548,0.0,0.9399706999829505,9.791361458155734,0.06046100001549348,1.3637978000406292,96,9.065836262256433e-08,8.216743174749297e-08
105,24,28,2688,0.45,0.5625,0.0,0,0,0,0,0,0,1.3920875372815928,0.961673454728896,1.0046091653756426,0.961673454728896,1.0046091653756426,0,0.0,0,0.0,0.0,96,0,0,0,0.017819599990616553,0.1856208332355891,0.4066988000049605,4.236445833385005,0.404079299994919,0.0,0.9548743999839644,9.946608333166296,0.06210349998582387,1.3793927999795415,96,9.41082998269678e-08,5.766115036831554e-08
105,25,29,2784,0.45,0.5625,0.0,0,0,0,0,0,0,2.7933878903410463,0.9555995446266863,1.0000506863964351,0.9555995446266863,1.0000506863964351,0,0.0,0,0.0,0.0,96,0,0,0,0.019319900013215374,0.20124895847099347,0.436631899967324,4.548248957992958,0.4339250999255455,0.0,1.0270805000473047,10.69875520882609,0.0662348999758251,1.483032300027844,96,9.789356559750106e-08,9.225013850033825e-08
105,26,30,2880,0.45,0.5625,0.0,0,0,0,0,0,0,2.82587748702865,0.9563015966560974,1.0,0.9563015966560974,1.0,0,0.0,0,0.0,0.0,96,0,0,0,0.01842979999491945,0.19197708328041094,0.4169513000306324,4.343242708652421,0.4143843999772798,0.0,0.9586103999827174,9.985524999819972,0.06217360002483474,1.3939915000082692,96,5.744397296378323e-08,8.199632542393864e-08
105,27,31,2976,0.45,0.5625,0.0,0,0,0,0,0,0,2.7255845750928374,0.9559276025862429,1.0004147574886206,0.9559276025862429,1.0004147574886206,0,0.0,0,0.0,0.0,96,0,0,0,0.018527200052631088,0.19299166721490715,0.42368160000478383,4.413350000049832,0.4210407000500709,0.0,0.9817336999767576,10.226392708091225,0.06421770005545113,1.4239425000341726,96,6.165693329160393e-08,9.024199609797279e-08
105,28,32,3072,0.45,0.5625,0.0,0,0,0,0,0,0,2.513031939504796,0.9559918860690128,1.0025041229930363,0.9559918860690128,1.0025041229930363,0,0.0,0,0.0,0.0,96,0,0,0,0.020034500019392,0.2086927085353333,0.4618895000676275,4.811348959037787,0.45899319999443833,0.0,1.0712636000025668,11.158995833360072,0.0694680000160588,1.5531876000895863,96,6.055629261925155e-08,9.797654368370878e-08
105,29,33,3168,0.45,0.5625,0.0,0,0,0,0,0,0,2.452148057072209,0.9570965175720839,1.000227753236748,0.9570965175720839,1.000227753236748,0,0.0,0,0.0,0.0,96,0,0,0,0.019127399988065008,0.19924374987567717,0.4256745999082341,4.434110415710772,0.42286809998040553,0.0,0.9838449000089895,10.248384375093641,0.0647504000007757,1.4286468999052886,96,4.9027945314694676e-08,9.546742285593268e-08
105,30,34,3264,0.45,0.5625,0.0,0,0,0,0,0,0,1.520521835749373,0.9605183904606396,1.00383550830561,0.9605183904606396,1.00383550830561,0,0.0,0,0.0,0.0,96,0,0,0,0.019735599977138918,0.20557916642853039,0.43524189998424845,4.533769791502588,0.43250859998806845,0.0,1.0310849999586935,10.740468749569724,0.06607960008113878,1.4860624999200809,96,9.580210902360164e-08,6.869492190364479e-08
105,31,35,3360,0.45,0.5625,0.0,0,0,0,0,0,0,1.2606656940754588,0.9629645647987854,1.0030044030611118,0.9629645647987854,1.0030044030611118,0,0.0,0,0.0,0.0,96,0,0,0,0.018847800041839946,0.19633125043583277,0.4317420000152197,4.497312500158539,0.4290932000003522,0.0,1.0046110000184854,10.464697916859222,0.0653524999943329,1.455200800075545,96,9.189105074948467e-08,4.844462851705256e-08
105,32,36,3456,0.45,0.5625,0.0,0,0,0,0,0,0,2.458870410685656,0.9567104618685826,1.0004970496355716,0.9567104618685826,1.0004970496355716,0,0.0,0,0.0,0.0,96,0,0,0,0.020280400014598854,0.21125416681873807,0.47216220001428155,4.918356250148766,0.46914409997407347,0.0,1.0523301000794163,10.961771875827253,0.06733059995167423,1.5447727001082967,96,8.874027027094833e-08,9.775548939772172e-08
105,33,37,3552,0.45,0.5625,0.0,0,0,0,0,0,0,2.679245581856219,0.9557871466885812,1.000943587129556,0.9557871466885812,1.000943587129556,0,0.0,0,0.0,0.0,96,0,0,0,0.019576799983042292,0.2039249998233572,0.4530664999692817,4.719442708013351,0.45025420002639294,0.0,1.0376893000429845,10.809263542114422,0.06701319996500388,1.5103325999953086,96,6.389958836366949e-08,9.625970284754537e-08
105,34,40,3840,0.45,0.5625,0.0,0,0,0,0,0,0,2.6115653115009407,0.9563292376793676,1.0010742121088514,0.9563292376793676,1.0010742121088514,0,0.0,0,0.0,0.0,96,0,0,0,0.020294000052672345,0.2113958338820036,0.45700820000638487,4.760502083399842,0.45412470005248906,0.0,1.0832073999481509,11.283410416126571,0.07014360001630848,1.560509600007208,96,5.1215649464475543e-08,9.390019942157046e-08
105,35,42,4032,0.45,0.5625,0.0,0,0,0,0,0,0,1.4022661662482077,0.9620066314827859,1.002231574279087,0.9620066314827859,1.002231574279087,0,0.0,0,0.0,0.0,96,0,0,0,0.01975970002968097,0.20583020864251012,0.44158969994896324,4.5998927078017005,0.4387815000518458,0.0,1.0034302000203752,10.452397916878908,0.06286600000021281,1.4647795999990194,96,9.874788354201358e-08,5.39171903651825e-08
105,36,43,4128,0.45,0.5625,0.0,0,0,0,0,0,0,2.3109650075439316,0.9554183401109898,1.0074682953275913,0.9554183401109898,1.0074682953275913,0,0.0,0,0.0,0.0,96,0,0,0,0.01995520003401907,0.207866667021032,0.45186670000111917,4.706944791678325,0.4490981999988435,0.0,1.0244798999410705,10.67166562438615,0.06364290004421491,1.4963017999762087,96,9.19748413628213e-08,9.942276626984103e-08
105,37,44,4224,0.45,0.5625,0.0,0,0,0,0,0,0,2.220841665492016,0.9566382549187613,1.0096979561013821,0.9566382549187613,1.0096979561013821,0,0.0,0,0.0,0.0,96,0,0,0,0.020239700003003236,0.21083020836461705,0.46142209998652106,4.806480208192927,0.4585457999710343,0.0,1.083699200025876,11.288533333602876,0.0703589999830001,1.5653610000154004,96,9.06648069814997e-08,9.995880949353886e-08
105,38,45,4320,0.45,0.5625,0.0,0,0,0,0,0,0,2.1386829573753987,0.9565871765939443,1.0099698422532088,0.9565871765939443,1.0099698422532088,0,0.0,0,0.0,0.0,96,0,0,0,0.020531999980448745,0.2138749997963411,0.46539100000518374,4.847822916720664,0.4624065000170958,0.0,1.0400783000295633,10.834148958641284,0.06626419999520294,1.5260013000151957,96,8.633413638506338e-08,9.906602982390211e-08
105,39,46,4416,0.45,0.5625,0.0,0,0,0,0,0,0,2.1715253294363825,0.95650381269751,1.007487405940651,0.95650381269751,1.007487405940651,0,0.0,0,0.0,0.0,96,0,0,0,0.019997899944428355,0.20831145775446203,0.44545150003250455,4.6401197920052555,0.4426127999831806,0.0,1.0328713999624597,10.759077082942289,0.06633770000189543,1.4983207999393926,96,8.985677368844591e-08,9.988242663516722e-08
105,40,47,4512,0.45,0.5625,0.0,0,0,0,0,0,0,2.4036805014354115,0.9563496657720568,1.000654295055011,0.9563496657720568,1.000654295055011,0,0.0,0,0.0,0.0,96,0,0,0,0.01968670000496786,0.20506979171841522,0.4324261999645387,4.504439582963944,0.4296625000570202,0.0,1.0215988000345533,10.641654167026596,0.06597839994356036,1.4737117000040598,96,9.851959977859315e-08,9.80046772902643e-08
105,41,48,4608,0.45,0.5625,0.0,0,0,0,0,0,0,1.5235077425242463,0.9611021013928144,1.0015358451868572,0.9611021013928144,1.0015358451868572,0,0.0,0,0.0,0.0,96,0,0,0,0.01928840002801735,0.20092083362518073,0.4105817999661667,4.27689374964757,0.4079548999798135,0.0,0.9501142000153777,9.89702291682685,0.06227439999929629,1.3799844000095618,96,9.899788356269867e-08,7.880236643775795e-08
105,42,50,4800,0.45,0.5625,0.0,0,0,0,0,0,0,2.544724845187896,0.9555580718529754,1.0010377587452153,0.9555580718529754,1.0010377587452153,0,0.0,0,0.0,0.0,96,0,0,0,0.019895599973096978,0.20724583305309352,0.43824699999095174,4.565072916572414,0.4355166999739595,0.0,1.0061111999675632,10.480324999662116,0.06390459999238374,1.4642537999316119,96,9.893058722926229e-08,9.924528185378811e-08
105,43,52,4992,0.45,0.5625,0.0,0,0,0,0,0,0,2.73592052906025,0.9556945472946199,1.0002617274593955,0.9556945472946199,1.0002617274593955,0,0.0,0,0.0,0.0,96,0,0,0,0.0193656000556075,0.2017250005792448,0.43723139998473926,4.554493749841034,0.4345167000210495,0.0,0.9685879999960889,10.089458333292592,0.061577399996167514,1.4251850000364357,96,9.720434372348374e-08,9.065583644884967e-08
105,44,53,5088,0.45,0.5625,0.0,0,0,0,0,0,0,2.355897393434664,0.9556379772822728,1.0021869918347928,0.9556379772822728,1.0021869918347928,0,0.0,0,0.0,0.0,96,0,0,0,0.019720199976291042,0.20541874975303168,0.4180092999522458,4.354263541169227,0.41532689997256966,0.0,0.9826692000497133,10.236137500517847,0.061171099958301056,1.42039869997825,96,9.76300086087678e-08,7.935258797275857e-08
105,45,54,5184,0.45,0.5625,0.0,0,0,0,0,0,0,2.053178479114879,0.9573873567425345,1.0047423636741224,0.9573873567425345,1.0047423636741224,0,0.0,0,0.0,0.0,96,0,0,0,0.01924780001718318,0.20049791684565813,0.42280890000256477,4.404259375026716,0.420022100006463,0.0,0.9698067999706836,10.102154166361288,0.062318700045580044,1.4118634999904316,96,9.67348050707334e-08,9.841758512318943e-08
105,46,55,5280,0.45,0.5625,0.0,0,0,0,0,0,0,1.3336371181752191,0.9613446061338413,1.0085631277188973,0.9613446061338413,1.0085631277188973,0,0.0,0,0.0,0.0,96,0,0,0,0.01866480001626769,0.1944250001694551,0.4145318000446423,4.318039583798357,0.41194959999847924,0.0,0.9671070999756921,10.07403229141346,0.06366790001629852,1.400303700036602,96,9.442408501793287e-08,6.428296360494468e-08
105,47,58,5568,0.45,0.5625,0.0,0,0,0,0,0,0,2.2091510900531977,0.9572573400183332,1.002581637558391,0.9572573400183332,1.002581637558391,0,0.0,0,0.0,0.0,96,0,0,0,0.018278600015037227,0.19040208348997112,0.4146385999847553,4.319152083174534,0.4120580999588128,0.0,0.987249299971154,10.28384687469952,0.0636884000414284,1.4201664999709465,96,4.9139212508070296e-08,9.445135423780116e-08
105,48,59,5664,0.45,0.5625,0.0,0,0,0,0,0,0,2.199485347023549,0.9564892979778851,1.002518113507394,0.9564892979778851,1.002518113507394,0,0.0,0,0.0,0.0,96,0,0,0,0.021918899976299144,0.22832187475311608,0.4847607000046992,5.04959062504895,0.4816272000243771,0.0,1.1050170000380604,11.510593750396461,0.07192869996652007,1.6116966000190587,96,9.905875509620687e-08,9.068306883186494e-08
105,49,61,5856,0.45,0.5625,0.0,0,0,0,0,0,0,1.839330816119118,0.9578973763193072,1.007190293665728,0.9578973763193072,1.007190293665728,0,0.0,0,0.0,0.0,96,0,0,0,0.019739999981538858,0.20562499980769644,0.48438480000186246,5.045675000019401,0.4813966000365326,0.0,1.150015900064318,11.979332292336645,0.07448199998179916,1.6541407000477193,96,9.499397404973131e-08,9.697408764886006e-08
105,50,62,5952,0.45,0.5625,0.0,0,0,0,0,0,0,1.203832505358507,0.963301995550877,1.0085226847437443,0.963301995550877,1.0085226847437443,0,0.0,0,0.0,0.0,96,0,0,0,0.020104599971091375,0.20942291636553514,0.45431929995538667,4.732492707868611,0.45147659997746814,0.0,1.1145270999477361,11.609657291122252,0.06986070001585176,1.5889509998742142,96,9.303365263932384e-08,5.021056820320169e-08
105,51,63,6048,0.45,0.5625,0.0,0,0,0,0,0,0,1.1146819467272662,0.9636784175547106,1.0061914883389715,0.9636784175547106,1.0061914883389715,0,0.0,0,0.0,0.0,96,0,0,0,0.01911590000236174,0.1991239583579348,0.4870887999786646,5.073841666444423,0.48408380004548235,0.0,1.1377041000159807,11.851084375166465,0.07275859998480882,1.643908799997007,96,9.92796986201e-08,5.0746726126815744e-08
105,52,64,6144,0.45,0.5625,0.0,0,0,0,0,0,0,2.080759194718863,0.9569893652797378,1.0017388026199834,0.9569893652797378,1.0017388026199834,0,0.0,0,0.0,0.0,96,0,0,0,0.020924500000546686,0.21796354167236132,0.5240149999954156,5.458489583285579,0.5208220000276924,0.0,1.2446712999881129,12.965326041542843,0.08074940000369679,1.7896107999840751,96,9.781684341854391e-08,9.489100616377755e-08
105,53,65,6240,0.45,0.5625,0.0,0,0,0,0,0,0,2.294606358178828,0.9567115167953784,1.0010107750178405,0.9567115167953784,1.0010107750178405,0,0.0,0,0.0,0.0,96,0,0,0,0.020190100018226076,0.21031354185652162,0.5007866000814829,5.216527084182114,0.49762729997746646,0.0,1.1753616000132752,12.243350000138284,0.07647140002518427,1.6963383001129841,96,9.457525343599393e-08,9.852612670169236e-08
105,54,66,6336,0.45,0.5625,0.0,0,0,0,0,0,0,2.3022718058844913,0.9558299379341506,1.0028130944941667,0.9558299379341506,1.0028130944941667,0,0.0,0,0.0,0.0,96,0,0,0,0.020316199981607497,0.21162708314174475,0.520785300010175,5.424846875105989,0.5176608000547276,0.0,1.1980310999861103,12.479490624855316,0.07685370000399416,1.7391325999778928,96,9.716133645039371e-08,9.745329238031175e-08
105,55,67,6432,0.45,0.5625,0.0,0,0,0,0,0,0,2.224963895594767,0.9566047767489216,1.00122314304426,0.9566047767489216,1.00122314304426,0,0.0,0,0.0,0.0,96,0,0,0,0.02069249998749001,0.2155468748696876,0.5304143000466865,5.525148958819652,0.5272334999681334,0.0,1.2088816999894334,12.592517708223264,0.07860330001130933,1.75998850002361,96,9.809980467713475e-08,9.807415005114173e-08
105,56,68,6528,0.45,0.5625,0.0,0,0,0,0,0,0,1.8086413756518207,0.9580186934728591,1.007973461139678,0.9580186934728591,1.007973461139678,0,0.0,0,0.0,0.0,96,0,0,0,0.018455900048138574,0.1922489588347768,0.4575905999954557,4.766568749952664,0.4547688999737147,0.0,1.0445811000172398,10.881053125179582,0.06747989998984849,1.520627600060834,96,9.64868429598198e-08,9.44761932575311e-08
105,57,69,6624,0.45,0.5625,0.0,0,0,0,0,0,0,1.2124408194615846,0.9622398897466691,1.0103845655786037,0.9622398897466691,1.0103845655786037,0,0.0,0,0.0,0.0,96,0,0,0,0.01916979996894952,0.19968541634322415,0.480900200054748,5.009377083903625,0.4779573999621789,0.0,1.107287200029532,11.53424166697429,0.07086299996444723,1.6073572000532295,96,9.600654026116484e-08,5.362573059219944e-08
105,58,70,6720,0.45,0.5625,0.0,0,0,0,0,0,0,1.0414020215278348,0.9643522939969783,1.0164211089757502,0.9643522939969783,1.0164211089757502,0,0.0,0,0.0,0.0,96,0,0,0,0.0200349999795435,0.20869791645357813,0.5066017000353895,5.277101042035308,0.5035358999666641,0.0,1.1939645000529708,12.437130208885113,0.0779076999751851,1.7206012000679038,96,8.833609533957787e-08,9.167581948785197e-08
105,59,73,7008,0.45,0.5625,0.0,0,0,0,0,0,0,1.7873031448822727,0.9575823519222694,1.0086602495878434,0.9575823519222694,1.0086602495878434,0,0.0,0,0.0,0.0,96,0,0,0,0.018800500023644418,0.19583854191296268,0.4687127999859513,4.882424999853659,0.4658414999721572,0.0,1.0986709000426345,11.444488542110776,0.07182499999180436,1.5861842000522302,96,9.392606759202338e-08,9.95002963355418e-08
105,60,74,7104,0.45,0.5625,0.0,0,0,0,0,0,0,1.6740687964029732,0.9577347114120983,1.012372332814432,0.9577347114120983,1.012372332814432,0,0.0,0,0.0,0.0,96,0,0,0,0.019032599964702968,0.19825624963232258,0.4898048999675666,5.102134374662152,0.4869041999991168,0.0,1.1302701999738929,11.773647916394717,0.07223589998466196,1.6391076999061625,96,9.883839530676342e-08,9.793238220368039e-08
105,61,75,7200,0.45,0.5625,0.0,0,0,0,0,0,0,1.7414177704048945,0.9583735406059353,1.0063598035536823,0.9583735406059353,1.0063598035536823,0,0.0,0,0.0,0.0,96,0,0,0,0.020387399978062604,0.21236874977148545,0.5504880999942543,5.734251041606815,0.5472857000277145,0.0,1.293354399917007,13.472441665802156,0.08443400001851842,1.8642298998893239,96,9.415240169972916e-08,9.907348053062037e-08
105,62,76,7296,0.45,0.5625,0.0,0,0,0,0,0,0,1.460543732557431,0.9622749809284439,1.0019185869194793,0.9622749809284439,1.0019185869194793,0,0.0,0,0.0,0.0,96,0,0,0,0.01980359996377956,0.20628749962270376,0.5166498000035062,5.381768750036524,0.5135059000022011,0.0,1.1866963999418658,12.361420832727768,0.07729759998619556,1.7231497999091516,96,9.93290577718485e-08,9.521471729112552e-08
105,63,77,7392,0.45,0.5625,0.0,0,0,0,0,0,0,1.2843663342340552,0.9616533399425596,1.000795295226211,0.9616533399425596,1.000795295226211,0,0.0,0,0.0,0.0,96,0,0,0,0.01937220001127571,0.2017937501174553,0.5082001000118908,5.293751041790529,0.5052333999992697,0.0,1.2143050999075058,12.649011457369852,0.08146780003880849,1.7418773999306723,96,9.091584992769637e-08,6.171306451974168e-08
105,64,78,7488,0.45,0.5625,0.0,0,0,0,0,0,0,1.9649042186108074,0.9573250547930345,1.0027108688429855,0.9573250547930345,1.0027108688429855,0,0.0,0,0.0,0.0,96,0,0,0,0.017412399960448965,0.18137916625467673,0.42352900000696536,4.411760416739223,0.42086080006265547,0.0,0.9896792000436108,10.309158333787613,0.06515519998356467,1.430620600011025,96,9.98782079177779e-08,9.571576212175081e-08
105,65,79,7584,0.45,0.5625,0.0,0,0,0,0,0,0,1.9387134234467445,0.9579192486377396,1.0035150523011378,0.9579192486377396,1.0035150523011378,0,0.0,0,0.0,0.0,96,0,0,0,0.01667480000469368,0.17369583338222583,0.38881690001289826,4.0501760418010235,0.3864273000144749,0.0,0.9037231999755022,9.413783333078149,0.05867190001299605,1.3092148999930941,96,9.39234953960949e-08,8.315828747829102e-08
105,66,80,7680,0.45,0.5625,0.0,0,0,0,0,0,0,1.92513162092022,0.9576502637109681,1.0055054310246532,0.9576502637109681,1.0055054310246532,0,0.0,0,0.0,0.0,96,0,0,0,0.019183899996278342,0.1998322916278994,0.49239439998200396,5.129108333145875,0.4894740999661735,0.0,1.137798199975805,11.852064583081301,0.07485630003066035,1.6493764999540872,96,9.753393369858754e-08,9.989134380772313e-08
105,67,81,7776,0.45,0.5625,0.0,0,0,0,0,0,0,1.8371685555218533,0.9577268641341277,1.0064894036742165,0.9577268641341277,1.0064894036742165,0,0.0,0,0.0,0.0,96,0,0,0,0.01954459999979008,0.20358958333114666,0.4943525999915437,5.149506249911913,0.49136199999338714,0.0,1.176810100019793,12.258438541872843,0.0769109000248136,1.6907073000111268,96,9.901117953292626e-08,9.969192825420858e-08
105,68,82,7872,0.45,0.5625,0.0,0,0,0,0,0,0,1.6761652084439949,0.9582063890831343,1.0082724547242938,0.9582063890831343,1.0082724547242938,0,0.0,0,0.0,0.0,96,0,0,0,0.0189240000108839,0.19712500011337397,0.46471749999182066,4.8408072915814655,0.46180330000061076,0.0,1.0795433000967023,11.24524270934065,0.06863869996595895,1.5631848000994069,96,9.57560925603923e-08,9.537671687154248e-08
105,69,83,7968,0.45,0.5625,0.0,0,0,0,0,0,0,1.1222894429658001,0.964426219191694,1.0191944667722754,0.964426219191694,1.0191944667722754,0,0.0,0,0.0,0.0,96,0,0,0,0.01847000000270782,0.1923958333615398,0.4486655999789946,4.673599999781193,0.44591709999076556,0.0,1.032549499977904,10.755723958103166,0.06770189999951981,1.4996850999596063,96,9.457206585558597e-08,7.846501653280269e-08
105,70,84,8064,0.45,0.5625,0.0,0,0,0,0,0,0,0.957901426858844,0.9667441877043433,1.0249307338869431,0.9667441877043433,1.0249307338869431,0,0.0,0,0.0,0.0,96,0,0,0,0.018328400008613244,0.19092083342305463,0.45584209995286074,4.748355207842299,0.45309540000744164,0.0,1.0865809999231715,11.318552082533037,0.07074240003566956,1.5607514998846455,96,9.819916133718687e-08,9.648291632649575e-08
105,71,85,8160,0.45,0.5625,0.0,0,0,0,0,0,0,1.5488204734413924,0.9594638038606028,1.0166406715881713,0.9594638038606028,1.0166406715881713,0,0.0,0,0.0,0.0,96,0,0,0,0.02060369995160727,0.21462187449590905,0.5221286000160035,5.4388395835000365,0.5190241999735008,0.0,1.206149900011951,12.564061458457823,0.07807519999187207,1.7488821999795618,96,9.68792059942436e-08,9.664883587889861e-08
105,72,86,8256,0.45,0.5625,0.0,0,0,0,0,0,0,1.5725745750569264,0.9591387284965059,1.015240999556303,0.9591387284965059,1.015240999556303,0,0.0,0,0.0,0.0,96,0,0,0,0.018799899982695933,0.19583229148641598,0.451276500003587,4.700796875037365,0.4484495000288007,0.0,1.0481401999277296,10.918127082580517,0.06788260000757873,1.5182165999140125,96,9.866844616519821e-08,8.357107776635342e-08
105,73,87,8352,0.45,0.5625,0.0,0,0,0,0,0,0,1.6722654904475134,0.9580223891737839,1.0076061002858168,0.9580223891737839,1.0076061002858168,0,0.0,0,0.0,0.0,96,0,0,0,0.019987200015748385,0.2082000001640457,0.4980395000020508,5.187911458354695,0.49503070001810556,0.0,1.1518491000533686,11.998428125555924,0.07432959992729593,1.6698758000711678,96,9.928226560318443e-08,9.890244616339583e-08
105,74,88,8448,0.45,0.5625,0.0,0,0,0,0,0,0,1.5823160771997906,0.9587279370495347,1.0106538803458098,0.9587279370495347,1.0106538803458098,0,0.0,0,0.0,0.0,96,0,0,0,0.020774500044353772,0.21640104212868513,0.5342310999913025,5.564907291576067,0.5310160999797517,0.0,1.2536327999696368,13.058674999683717,0.0800917000087793,1.808638400005293,96,8.942022769811708e-08,9.511406183493332e-08
105,75,89,8544,0.45,0.5625,0.0,0,0,0,0,0,0,1.4768904223047006,0.9592193989670703,1.0127514531491928,0.9592193989670703,1.0127514531491928,0,0.0,0,0.0,0.0,96,0,0,0,0.019630100010544993,0.20448020844317702,0.5065248999744654,5.276301041400681,0.5033946000039577,0.0,1.2035988999268739,12.537488540904937,0.07866110002214555,1.7297538999118842,96,9.640782369473022e-08,9.755636729003037e-08
105,76,90,8640,0.45,0.5625,0.0,0,0,0,0,0,0,0.9930703727316854,0.9673704991714159,1.0124759894786262,0.9673704991714159,1.0124759894786262,0,0.0,0,0.0,0.0,96,0,0,0,0.01731429999199463,0.1803572915832774,0.41601639998407336,4.333504166500764,0.41337019999627955,0.0,0.9763314000738319,10.170118750769083,0.0637696999910986,1.4096621000499,96,9.60297147269834e-08,6.881852854939696e-08
105,77,91,8736,0.45,0.5625,0.0,0,0,0,0,0,0,0.8504282732301908,0.968251417527582,1.0135985109301477,0.968251417527582,1.0135985109301477,0,0.0,0,0.0,0.0,96,0,0,0,0.019228200035286136,0.20029375036756392,0.48465119999309536,5.048449999928077,0.48166369998216396,0.0,1.1252580999571364,11.721438541220172,0.07383250006387243,1.629137499985518,96,9.965683096455069e-08,5.101646910476987e-08
105,78,93,8928,0.45,0.5625,0.0,0,0,0,0,0,0,1.5070644925303567,0.9599200679277914,1.0080268489599788,0.9599200679277914,1.0080268489599788,0,0.0,0,0.0,0.0,96,0,0,0,0.01883309993718285,0.1961781243456547,0.4700642000461812,4.896502083814387,0.4671333999358467,0.0,1.0891833000641782,11.345659375668523,0.07264759996178327,1.5780806000475422,96,9.920559795525974e-08,9.408735367200105e-08
105,79,94,9024,0.45,0.5625,0.0,0,0,0,0,0,0,1.6432113775126431,0.9591481331438061,1.0084974627112466,0.9591481331438061,1.0084974627112466,0,0.0,0,0.0,0.0,96,0,0,0,0.018164299959607888,0.18921145791258218,0.43333299997175345,4.513885416372432,0.43071669996425044,0.0,1.0202079999871785,10.627166666533109,0.0650812999883783,1.4717052999185398,96,9.129880718626582e-08,9.760230366973044e-08
105,80,95,9120,0.45,0.5625,0.0,0,0,0,0,0,0,1.612908019002822,0.9591197820785693,1.0080799933572633,0.9591197820785693,1.0080799933572633,0,0.0,0,0.0,0.0,96,0,0,0,0.017812700032663997,0.18554895867358331,0.42615450001176214,4.439109375122523,0.4234696000057738,0.0,0.9878209000380593,10.289801042063118,0.06398860001354478,1.4317881000824855,96,9.830985582895413e-08,9.958876744098344e-08
105,81,96,9216,0.45,0.5625,0.0,0,0,0,0,0,0,1.6256147723006098,0.9581821325842259,1.0059840231903103,0.9581821325842259,1.0059840231903103,0,0.0,0,0.0,0.0,96,0,0,0,0.01947220000147354,0.20283541668201602,0.47013180000067223,4.897206250007002,0.46715980002772994,0.0,1.110075600015989,11.563287500166552,0.07259919995703967,1.5996796000181348,96,9.894233543583653e-08,9.744089167484926e-08
105,82,97,9312,0.45,0.5625,0.0,0,0,0,0,0,0,1.0254807342232062,0.9672043627021112,1.0098130547491864,0.9672043627021112,1.0098130547491864,0,0.0,0,0.0,0.0,96,0,0,0,0.018770000024233013,0.19552083358576056,0.46655119998467853,4.859908333173735,0.46360849997290643,0.0,1.1105046999655315,11.56775729130762,0.07268750000366708,1.595825899974443,96,9.035739083167182e-08,5.2914931672476406e-08
105,83,98,9408,0.45,0.5625,0.0,0,0,0,0,0,0,0.9441463930661227,0.9684787760645697,1.0290885531587346,0.9684787760645697,1.0290885531587346,0,0.0,0,0.0,0.0,96,0,0,0,0.018723599991062656,0.19503749990690267,0.47403059995849617,4.937818749567668,0.47111809998750687,0.0,1.0892471999395639,11.346324999370458,0.06946590006555198,1.5820013998891227,96,9.791827779159767e-08,8.416727065307938e-08
105,84,99,9504,0.45,0.5625,0.0,0,0,0,0,0,0,1.4754699670468605,0.9604859104193014,1.0106514045837727,0.9604859104193014,1.0106514045837727,0,0.0,0,0.0,0.0,96,0,0,0,0.018741999978374224,0.19522916644139818,0.4479645000392338,4.666296875408686,0.4451664999942295,0.0,1.026447999975062,10.692166666406896,0.06562550001399359,1.49315449999267,96,9.292348710811249e-08,9.577656723269712e-08
105,85,100,9600,0.45,0.5625,0.0,0,0,0,0,0,0,1.5362064981764794,0.9600506024757404,1.00920948873783,0.9600506024757404,1.00920948873783,0,0.0,0,0.0,0.0,96,0,0,0,0.020783300016773865,0.2164927085080611,0.5185427999822423,5.4014874998150235,0.5153023999664583,0.0,1.1906751000351505,12.402865625366152,0.07706459993642056,1.7300012000341667,96,9.518615866864477e-08,9.785638417636466e-08
105,86,101,9696,0.45,0.5625,0.0,0,0,0,0,0,0,1.6327891640640755,0.9592523957649628,1.0075947689729792,0.9592523957649628,1.0075947689729792,0,0.0,0,0.0,0.0,96,0,0,0,0.02033680004387861,0.21184166712373553,0.5024593000125606,5.233951041797506,0.4993599000154063,0.0,1.1750606000350672,12.240214583698616,0.07698689997778274,1.6978567000915064,96,9.510803065243545e-08,9.791146518556282e-08
105,87,102,9792,0.45,0.5625,0.0,0,0,0,0,0,0,1.5391018795719047,0.9596896406191641,1.0055853426105203,0.9596896406191641,1.0055853426105203,0,0.0,0,0.0,0.0,96,0,0,0,0.018170299983466975,0.18927395816111434,0.44815519995609066,4.668283332875944,0.4454198000385077,0.0,1.0388837999271345,10.821706249240984,0.06631740002922015,1.5052092998666922,96,9.40421233247557e-08,9.929900297855898e-08
105,88,103,9888,0.45,0.5625,0.0,0,0,0,0,0,0,0.8788827040388776,0.9694483989063707,1.0081276153129508,0.9694483989063707,1.0081276153129508,0,0.0,0,0.0,0.0,96,0,0,0,0.017041900035110302,0.17751979203239898,0.4181023999553872,4.355233332868617,0.41549110002233647,0.0,0.9531492000460275,9.928637500479454,0.06114369998249458,1.388293500036525,96,8.143324022914789e-08,4.288718068179431e-08
105,89,104,9984,0.45,0.5625,0.0,0,0,0,0,0,0,0.9774355716370091,0.9675719550253099,1.004593033602021,0.9675719550253099,1.004593033602021,0,0.0,0,0.0,0.0,96,0,0,0,0.01999249996151775,0.20825520793247657,0.5088654000137467,5.300681250143195,0.5057940999831771,0.0,1.183713699967484,12.330351041327958,0.07791539999743691,1.7125715999427484,96,9.397776610728381e-08,5.401114847036759e-08
105,90,105,10080,0.45,0.5625,0.0,0,0,0,0,0,0,0.7637488446804072,0.9712041250884511,1.0066330821727782,0.9712041250884511,1.0066330821727782,0,0.0,0,0.0,0.0,96,0,0,0,0.0184150000277441,0.1918229169556677,0.4731397000068682,4.92853854173821,0.47032329997455236,0.0,1.1180543000082253,11.646398958419013,0.07310589997359784,1.6096090000428376,96,5.166054259722608e-08,2.9727495257092507e-08
105,91,106,10176,0.45,0.5625,0.0,0,0,0,0,0,0,0.8248275736398359,0.9691626904002424,1.0060152008764576,0.9691626904002424,1.0060152008764576,0,0.0,0,0.0,0.0,96,0,0,0,0.019757199996092822,0.2058041666259669,0.500081499965745,5.209182291309844,0.4971029999869643,0.0,1.1346235999662895,11.818995832982182,0.07474209996144054,1.6544622999281273,96,8.728695950928345e-08,4.5416571475831446e-08
105,92,108,10368,0.45,0.5625,0.0,0,0,0,0,0,0,1.584339477530879,0.96031127669448,1.006521809954982,0.96031127669448,1.006521809954982,0,0.0,0,0.0,0.0,96,0,0,0,0.01764939997519832,0.18384791640831585,0.43313620003755204,4.511835417057834,0.4304029000340961,0.0,0.9942123000582797,10.35637812560708,0.06324169997969875,1.44499790007103,96,9.967755585336968e-08,9.743269129003362e-08
105,93,109,10464,0.45,0.5625,0.0,0,0,0,0,0,0,1.5196930988911697,0.9607451894147429,1.0118076795069615,0.9607451894147429,1.0118076795069615,0,0.0,0,0.0,0.0,96,0,0,0,0.017536699982883874,0.18267395815504037,0.42296709998481674,4.405907291508508,0.4203481000222382,0.0,0.993540900068183,10.349384375710239,0.0651007999695139,1.4340447000358836,96,9.793097492660774e-08,9.876187818946836e-08
105,94,110,10560,0.45,0.5625,0.0,0,0,0,0,0,0,1.5383404377020482,0.9599536292476277,1.0103869469285542,0.9599536292476277,1.0103869469285542,0,0.0,0,0.0,0.0,96,0,0,0,0.017860900050436612,0.18605104219204804,0.4409201000453322,4.592917708805544,0.4382139999725041,0.0,1.0369395999223343,10.801454165857649,0.06805700003314996,1.4957206000181031,96,8.95497124023259e-08,9.21996329283914e-08
105,95,111,10656,0.45,0.5625,0.0,0,0,0,0,0,0,1.1407215904243793,0.9658077219222677,1.0057138737638178,0.9658077219222677,1.0057138737638178,0,0.0,0,0.0,0.0,96,0,0,0,0.01821619999827817,0.1897520833153976,0.4419423999788705,4.603566666446568,0.4392608000198379,0.0,1.0369417000038084,10.801476041706337,0.06653470001765527,1.497100299980957,96,9.87447378204831e-08,5.9364719459664705e-08
105,96,112,10752,0.45,0.5625,0.0,0,0,0,0,0,0,0.9160733967582715,0.9677851049465296,1.0084572724756098,0.9677851049465296,1.0084572724756098,0,0.0,0,0.0,0.0,96,0,0,0,0.019347700028447434,0.20153854196299412,0.49389959994732635,5.144787499451316,0.4909141999887652,0.0,1.1430165999699966,11.906422916354131,0.07426590003888123,1.6562638999457704,96,8.948686577338327e-08,4.8717446743395953e-08
105,97,113,10848,0.45,0.5625,0.0,0,0,0,0,0,0,1.5021115637075462,0.9604131278105115,1.0133190135793322,0.9604131278105115,1.0133190135793322,0,0.0,0,0.0,0.0,96,0,0,0,0.018588299986731727,0.19362812486178882,0.45076520000293385,4.695470833363895,0.44802900003560353,0.0,1.03752359997452,10.807537499734584,0.06752400002005743,1.5068770999641856,96,9.585348237362012e-08,9.815579266048147e-08
105,98,115,11040,0.45,0.5625,0.0,0,0,0,0,0,0,1.683843343618429,0.9586059928238884,1.005428097432566,0.9586059928238884,1.005428097432566,0,0.0,0,0.0,0.0,96,0,0,0,0.01800230007211212,0.18752395908450126,0.44110699999146163,4.594864583244392,0.43839460000162944,0.0,1.018679500099097,10.611244792698926,0.0674868999485625,1.4777888001626707,96,9.709051547977798e-08,9.989915693286999e-08
105,99,116,11136,0.45,0.5625,0.0,0,0,0,0,0,0,1.6472272863423545,0.9593787450869221,1.0058488862198744,0.9593787450869221,1.0058488862198744,0,0.0,0,0.0,0.0,96,0,0,0,0.01843250001547858,0.19200520849456856,0.46094600002106745,4.801520833552786,0.458084499972756,0.0,1.0757861000092817,11.206105208430017,0.06948130001546815,1.5551646000458277,96,9.752912725688456e-08,9.77369894045177e-08
105,100,117,11232,0.45,0.5625,0.0,0,0,0,0,0,0,1.570751004040018,0.9596853223877706,1.0052152031628692,0.9596853223877706,1.0052152031628692,0,0.0,0,0.0,0.0,96,0,0,0,0.017454500011808705,0.18181770845634068,0.42702520002785604,4.448179166956834,0.4243918000429403,0.0,1.003473600045254,10.452850000471395,0.0642282000335399,1.4479533000849187,96,9.70034264979186e-08,9.723597024779984e-08
105,101,118,11328,0.45,0.5625,0.0,0,0,0,0,0,0,0.9666084862356727,0.9682746291725256,1.009404536876245,0.9682746291725256,1.009404536876245,0,0.0,0,0.0,0.0,96,0,0,0,0.018914800020866096,0.19702916688402183,0.44590239999524783,4.644816666617165,0.4430495000051451,0.0,1.0660130999458488,11.104303124435924,0.0694180000355118,1.5308302999619627,96,9.638610081082188e-08,4.9649200098422774e-08
105,102,121,11616,0.45,0.5625,0.0,0,0,0,0,0,0,1.6661985836313418,0.9585735538036201,1.004621434142045,0.9585735538036201,1.004621434142045,0,0.0,0,0.0,0.0,96,0,0,0,0.018059700007142965,0.1881218750744059,0.44835780005087145,4.670393750529911,0.44563629997719545,0.0,1.0493757000003825,10.930996875003984,0.06594000000040978,1.515793200058397,96,9.41893434427965e-08,9.793969538152147e-08
105,103,122,11712,0.45,0.5625,0.0,0,0,0,0,0,0,1.6057679554530033,0.9593641430729641,1.0069533835576114,0.9593641430729641,1.0069533835576114,0,0.0,0,0.0,0.0,96,0,0,0,0.017613000032724813,0.18346875034088347,0.42620379999425495,4.439622916606822,0.42363749998185085,0.0,0.9768075999672874,10.17507916632591,0.06259560002945364,1.4206243999942672,96,9.075249553583409e-08,9.549312375567443e-08
105,104,123,11808,0.45,0.5625,0.0,0,0,0,0,0,0,1.7895641337895818,0.9582409370842696,1.0039732668067947,0.9582409370842696,1.0039732668067947,0,0.0,0,0.0,0.0,96,0,0,0,0.019093999995675404,0.19889583328828545,0.4666250000373111,4.860677083721991,0.4637981999767362,0.0,1.0811521999639808,11.262002082958134,0.07100940003147116,1.5668711999969673,96,9.393826905582103e-08,6.276798678039874e-08
105,105,124,11904,0.45,0.5625,0.0,0,0,0,0,0,0,1.6174409007602204,0.9587203759460793,1.0037639228577937,0.9587203759460793,1.0037639228577937,0,0.0,0,0.0,0.0,96,0,0,0,0.018402600042463746,0.1916937504423307,0.45861879998847144,4.7772791665465775,0.4558594000118319,0.0,1.0571387000381947,11.011861458731195,0.06772939996153582,1.5341601000691298,96,9.936448697699107e-08,9.760811554848647e-08
105,106,125,12000,0.45,0.5625,0.0,0,0,0,0,0,0,0.9799364698807984,0.9685954303623787,1.0124894136926672,0.9685954303623787,1.0124894136926672,0,0.0,0,0.0,0.0,96,0,0,0,0.0183337000416941,0.1909760421009802,0.4856126999584376,5.0584656245670585,0.4826500000199303,0.0,1.136267600042629,11.836120833777386,0.07575329999235692,1.6402140000427607,96,8.156822627058968e-08,7.719404445521993e-08
105,107,126,12096,0.45,0.5625,0.0,0,0,0,0,0,0,0.865144753327911,0.9685940510756098,1.0073698363002903,0.9685940510756098,1.0073698363002903,0,0.0,0,0.0,0.0,96,0,0,0,0.018233499955385923,0.1899322912019367,0.44477869998809183,4.63311145820929,0.44202620002033655,0.0,1.0284368999418803,10.712884374394585,0.06607870005245786,1.491449099885358,96,9.467104693933193e-08,4.830159709701132e-08
105,108,127,12192,0.45,0.5625,0.0,0,0,0,0,0,0,1.7313113559522628,0.957579109389253,1.0016918704636542,0.957579109389253,1.0016918704636542,0,0.0,0,0.0,0.0,96,0,0,0,0.018262899953697342,0.19023854118434733,0.44989380001061363,4.686393750110558,0.4471547999928589,0.0,1.0709587999881478,11.155820833209873,0.07105499998579035,1.5391154999524588,96,8.887769130036527e-08,4.6342312765013105e-08
105,109,128,12288,0.45,0.5625,0.0,0,0,0,0,0,0,1.4193817494744418,0.9612211489892777,1.0087200001335004,0.9612211489892777,1.0087200001335004,0,0.0,0,0.0,0.0,96,0,0,0,0.01905800000531599,0.1985208333887082,0.47866950000752695,4.986140625078406,0.47582420008984627,0.0,1.1204604000377003,11.671462500392712,0.07234839996817755,1.6181879000505432,96,9.577377242837859e-08,9.52448332008915e-08
105,110,130,12480,0.45,0.5625,0.0,0,0,0,0,0,0,1.4057181128301162,0.9612630571016199,1.0148617588946611,0.9612630571016199,1.0148617588946611,0,0.0,0,0.0,0.0,96,0,0,0,0.018631799983268138,0.19408124982570976,0.44971539994730847,4.684535416117797,0.4469492000207538,0.0,1.0756711999638355,11.20490833295662,0.07080440002755495,1.5440183998944121,96,9.864492599501173e-08,9.979946785643179e-08
105,111,131,12576,0.45,0.5625,0.0,0,0,0,0,0,0,1.3813413559055996,0.960346204966298,1.0096314266885065,0.960346204966298,1.0096314266885065,0,0.0,0,0.0,0.0,96,0,0,0,0.017676800038316287,0.18413333373246132,0.4222563999792328,4.3985041664503415,0.4196901999821421,0.0,0.9812208000294049,10.2210500003063,0.06272910000552656,1.421154000046954,96,9.243824477568607e-08,8.739783431688242e-08
105,112,132,12672,0.45,0.5625,0.0,0,0,0,0,0,0,0.9376500257576469,0.9688137489552601,1.0104398942056898,0.9688137489552601,1.0104398942056898,0,0.0,0,0.0,0.0,96,0,0,0,0.018759099948510993,0.19540729113032285,0.46671520001109457,4.861616666782235,0.4637187999760499,0.0,1.0833496000195737,11.284891666870559,0.07100630000059027,1.5688238999791793,96,7.717400460870161e-08,4.300109469890234e-08
105,113,133,12768,0.45,0.5625,0.0,0,0,0,0,0,0,0.7843444266789026,0.9700812605525163,1.0101665757106242,0.9700812605525163,1.0101665757106242,0,0.0,0,0.0,0.0,96,0,0,0,0.019529199969838373,0.20342916635248307,0.4924630999666988,5.129823957986446,0.4894341999970493,0.0,1.1698860000251443,12.18631250026192,0.07704579998244299,1.6818782999616815,96,6.949053740420985e-08,3.770712853068403e-08
105,114,134,12864,0.45,0.5625,0.0,0,0,0,0,0,0,1.2979402620934721,0.9620988267849268,1.0120536965651648,0.9620988267849268,1.0120536965651648,0,0.0,0,0.0,0.0,96,0,0,0,0.01741139996011043,0.18136874958448365,0.4187309000189998,4.361780208531248,0.4161527999895043,0.0,0.9610726999308099,10.011173957612604,0.06153040001663612,1.3972149999099202,96,9.642847108477792e-08,9.729545991793431e-08
105,115,135,12960,0.45,0.5625,0.0,0,0,0,0,0,0,1.3958265366962195,0.9613174474182143,1.011283945967883,0.9613174474182143,1.011283945967883,0,0.0,0,0.0,0.0,96,0,0,0,0.01807859996188199,0.1883187496029374,0.45215299997653347,4.70992708308889,0.44945609995920677,0.0,1.050316099972406,10.940792708045896,0.06848270002228674,1.5205476999108214,96,9.725734521556784e-08,9.663873035137271e-08
105,116,136,13056,0.45,0.5625,0.0,0,0,0,0,0,0,1.426177073436136,0.9611882763171707,1.0162405703582247,0.9611882763171707,1.0162405703582247,0,0.0,0,0.0,0.0,96,0,0,0,0.01828140000725398,0.19043125007556228,0.46525599998858524,4.846416666547763,0.46232489998510573,0.0,1.1068757000539335,11.52995520889514,0.0701800000097137,1.5904131000497728,96,9.770964906966051e-08,9.809393498871888e-08
105,117,137,13152,0.45,0.5625,0.0,0,0,0,0,0,0,1.4038550960265337,0.96155472891611,1.010875424547336,0.96155472891611,1.010875424547336,0,0.0,0,0.0,0.0,96,0,0,0,0.018538299984356854,0.19310729150371722,0.4597267999997712,4.788820833330949,0.4568524000060279,0.0,1.084447100009129,11.296323958428426,0.07005360000766814,1.562712199993257,96,9.663375077559322e-08,9.77954275199755e-08
105,118,139,13344,0.45,0.5625,0.0,0,0,0,0,0,0,0.9054095346964969,0.9695639620157953,1.0106917078554036,0.9695639620157953,1.0106917078554036,0,0.0,0,0.0,0.0,96,0,0,0,0.01781539999501547,0.18557708328141112,0.4379912000076729,4.562408333413259,0.4353104000183521,0.0,1.0202208999689901,10.627301041343648,0.0659947000167449,1.4760274999716785,96,5.88749903777247e-08,4.251379987635362e-08
105,119,140,13440,0.45,0.5625,0.0,0,0,0,0,0,0,0.8095787294330554,0.9698475861604189,1.0189715315410441,0.9698475861604189,1.0189715315410441,0,0.0,0,0.0,0.0,96,0,0,0,0.0174730999788153,0.18201145811265937,0.4336391000178992,4.517073958519783,0.431013899971731,0.0,1.0337226000556257,10.767943750579434,0.06836889997066464,1.4848348000523401,96,7.43216363539162e-08,9.321736056666641e-08
105,120,141,13536,0.45,0.5625,0.0,0,0,0,0,0,0,1.2716744357449723,0.9626951412896522,1.0133025252401295,0.9626951412896522,1.0133025252401295,0,0.0,0,0.0,0.0,96,0,0,0,0.018820399971446022,0.19604583303589607,0.444224499988195,4.627338541543698,0.44148160004260717,0.0,1.046749299923249,10.903638540867178,0.06743600001937011,1.50979419988289,96,9.478713970841046e-08,8.594449891347056e-08
105,121,142,13632,0.45,0.5625,0.0,0,0,0,0,0,0,1.3702166560042726,0.9614578701438309,1.0131668360473838,0.9614578701438309,1.0131668360473838,0,0.0,0,0.0,0.0,96,0,0,0,0.019106299987470265,0.19902395820281527,0.4717159000283573,4.913707291962055,0.46886870001617353,0.0,1.0858064999702037,11.310484374689622,0.06944119998661336,1.5766286999860313,96,9.213027685368858e-08,9.887781409617658e-08
105,122,144,13824,0.45,0.5625,0.0,0,0,0,0,0,0,0.8147708569526801,0.9710310243674035,1.0194226726455373,0.9710310243674035,1.0194226726455373,0,0.0,0,0.0,0.0,96,0,0,0,0.01842880000185687,0.19196666668600906,0.4558725999741,4.748672916396875,0.45307139997021295,0.0,1.0497821000462864,10.935230208815483,0.06705879995570285,1.5240835000222432,96,5.6557186434158524e-08,9.764587593358298e-08
105,123,145,13920,0.45,0.5625,0.0,0,0,0,0,0,0,1.0577950932135514,0.9670143890485645,1.024722068348025,0.9670143890485645,1.024722068348025,0,0.0,0,0.0,0.0,96,0,0,0,0.01934309997886885,0.20149062477988386,0.5027500000214786,5.236979166890403,0.4996890999827883,0.0,1.1790598999796202,12.281873958121045,0.07725129999016644,1.7011529999799677,96,9.941311436383049e-08,9.73364744707994e-08
105,124,146,14016,0.45,0.5625,0.0,0,0,0,0,0,0,0.9679145824665318,0.9695949171032224,1.029124984200201,0.9695949171032224,1.029124984200201,0,0.0,0,0.0,0.0,96,0,0,0,0.01923780002834974,0.20039375029530979,0.4849144999825512,5.051192708151575,0.48195019995910116,0.0,1.1033017000590917,11.492726042282206,0.07152539998787688,1.6074540000699926,96,6.003449543046102e-08,9.734033757854976e-08
105,125,147,14112,0.45,0.5625,0.0,0,0,0,0,0,0,0.8646965367480238,0.9696412472130902,1.0265136762303448,0.9696412472130902,1.0265136762303448,0,0.0,0,0.0,0.0,96,0,0,0,0.01895500002137851,0.19744791688935948,0.4813087000075029,5.013632291744822,0.47843370000919094,0.0,1.1148374999975204,11.61289062497417,0.07199310002033599,1.6151012000264018,96,7.955426354136486e-08,8.938997939425541e-08
105,126,148,14208,0.45,0.5625,0.0,0,0,0,0,0,0,1.3525426603807205,0.9611797336274279,1.01376423643571,0.9611797336274279,1.01376423643571,0,0.0,0,0.0,0.0,96,0,0,0,0.018112800040398724,0.18867500042082005,0.4596005999483168,4.787506249461633,0.45680329998140223,0.0,1.0668958999958704,11.113498958290316,0.0693781999652856,1.544609299984586,96,9.481957199443392e-08,9.832132812775951e-08
105,127,150,14400,0.45,0.5625,0.0,0,0,0,0,0,0,1.3607898872536384,0.9618149290066356,1.0116773903234917,0.9618149290066356,1.0116773903234917,0,0.0,0,0.0,0.0,96,0,0,0,0.01873810000688536,0.19518854173838918,0.47266030000173487,4.923544791684738,0.46978919998946367,0.0,1.1065863999247085,11.526941665882381,0.07167050005955389,1.5979847999333288,96,9.896026101005595e-08,9.65681129505569e-08
105,128,152,14592,0.45,0.5625,0.0,0,0,0,0,0,0,1.2778992099038304,0.9635490018625191,1.0136194609877132,0.9635490018625191,1.0136194609877132,0,0.0,0,0.0,0.0,96,0,0,0,0.018152199991163798,0.18908541657462288,0.4440106000183732,4.625110416858054,0.4412738999744761,0.0,1.0292970999871613,10.72184479153293,0.0669154000133858,1.4914598999966984,96,9.732632521035258e-08,9.398331668464266e-08
105,129,153,14688,0.45,0.5625,0.0,0,0,0,0,0,0,0.888080980187493,0.9700907067850405,1.0118381720752168,0.9700907067850405,1.0118381720752168,0,0.0,0,0.0,0.0,96,0,0,0,0.018008000013651326,0.18758333347553466,0.4281156000943156,4.459537500982454,0.4254048999719089,0.0,1.0203580999659607,10.628730207978757,0.06652890001714695,1.4664817000739276,96,5.7391716847682295e-08,7.106443645349403e-08
105,130,154,14784,0.45,0.5625,0.0,0,0,0,0,0,0,0.6934527685845796,0.9734772325114809,1.008216353324229,0.9734772325114809,1.008216353324229,0,0.0,0,0.0,0.0,96,0,0,0,0.01936879999266239,0.20175833325689987,0.49872950001008576,5.195098958438393,0.4957334999926388,0.0,1.1847347999500926,12.34098749948013,0.07884450002165977,1.7028330999528407,96,2.8112262734705795e-08,1.8152781014468822e-08
105,131,155,14880,0.45,0.5625,0.0,0,0,0,0,0,0,0.713142873011625,0.9716067925855217,1.0134406407894987,0.9716067925855217,1.0134406407894987,0,0.0,0,0.0,0.0,96,0,0,0,0.018697800020163413,0.19476875021003556,0.47272849999717437,4.9242552083039,0.46995560001960257,0.0,1.0873951999092242,11.327033332387751,0.07048140004189918,1.578821499926562,96,4.7898068298093954e-08,4.894719305217898e-08
105,132,156,14976,0.45,0.5625,0.0,0,0,0,0,0,0,1.355010981470628,0.9616334483254786,1.006051878130936,0.9616334483254786,1.006051878130936,0,0.0,0,0.0,0.0,96,0,0,0,0.018161900035920553,0.18918645870750575,0.45104609999543754,4.698396874952475,0.4483352000170271,0.0,1.0654907999851275,11.098862499845078,0.06895110005280003,1.5346988000164856,96,9.729846144924947e-08,9.754144110474261e-08
105,133,157,15072,0.45,0.5625,0.0,0,0,0,0,0,0,1.411330566880412,0.9607950700326214,1.0098767280437224,0.9607950700326214,1.0098767280437224,0,0.0,0,0.0,0.0,96,0,0,0,0.019901099971320946,0.20730312470125986,0.5166256000011344,5.3815166666784835,0.5134805999914533,0.0,1.220308699979796,12.711548958122876,0.07959320000372827,1.7568353999522515,96,9.553875922156674e-08,9.668636960502575e-08
105,134,158,15168,0.45,0.5625,0.0,0,0,0,0,0,0,1.3052696425541008,0.9626271712393596,1.0114370416441698,0.9626271712393596,1.0114370416441698,0,0.0,0,0.0,0.0,96,0,0,0,0.018486300003132783,0.19256562503263316,0.47684569997363724,4.967142708058721,0.4736675999156432,0.0,1.1113298000127543,11.57635208346619,0.07165060001716483,1.6066617999895243,96,9.749074494740106e-08,9.048093850549943e-08
105,135,159,15264,0.45,0.5625,0.0,0,0,0,0,0,0,1.3029494376550335,0.9624872593776702,1.0096521165491135,0.9624872593776702,1.0096521165491135,0,0.0,0,0.0,0.0,96,0,0,0,0.018623800009663682,0.19399791676733003,0.4719318999996176,4.915957291662683,0.46904709998489125,0.0,1.0778720000525936,11.227833333881184,0.06944199996360112,1.568427700061875,96,9.488885145447303e-08,8.86386049975263e-08
105,136,160,15360,0.45,0.5625,0.0,0,0,0,0,0,0,0.9233411003252454,0.970284425926646,1.0212629832167068,0.970284425926646,1.0212629832167068,0,0.0,0,0.0,0.0,96,0,0,0,0.01783600000635488,0.18579166673286332,0.4475512999924831,4.661992708255032,0.44479569999384694,0.0,1.0466039000020828,10.902123958355029,0.06781790001696208,1.5119912000009208,96,5.672190452575554e-08,9.485902766406817e-08
105,137,161,15456,0.45,0.5625,0.0,0,0,0,0,0,0,0.9008244125626278,0.9694699649450754,1.029205425158778,0.9694699649450754,1.029205425158778,0,0.0,0,0.0,0.0,96,0,0,0,0.018728799987002276,0.19509166653127372,0.4555033999859006,4.744827083186465,0.4526742000307422,0.0,1.0735861999783083,11.183189583107378,0.0690910000121221,1.5478183999512112,96,8.003422954754036e-08,9.272633286205867e-08
105,138,162,15552,0.45,0.5625,0.0,0,0,0,0,0,0,1.3708668125014378,0.9609424769429993,1.0102650166044955,0.9609424769429993,1.0102650166044955,0,0.0,0,0.0,0.0,96,0,0,0,0.018001000040385406,0.18751041708734797,0.44181340001523495,4.602222916825364,0.4390755999556859,0.0,1.0250468999802251,10.677571874794012,0.06632350006111665,1.4848613000358455,96,9.810445791673394e-08,8.861772066159901e-08
105,139,163,15648,0.45,0.5625,0.0,0,0,0,0,0,0,1.3586434095043896,0.9618576720097631,1.0098484034074169,0.9618576720097631,1.0098484034074169,0,0.0,0,0.0,0.0,96,0,0,0,0.01831710003898479,0.19080312540609157,0.46101509997970425,4.802240624788586,0.458256900026754,0.0,1.0668877999705728,11.1134145830268,0.06974989999434911,1.5462199999892619,96,9.760142383533066e-08,9.857757790610044e-08
105,140,165,15840,0.45,0.5625,0.0,0,0,0,0,0,0,1.053484250731174,0.9668493170715372,1.022476581738233,0.9668493170715372,1.022476581738233,0,0.0,0,0.0,0.0,96,0,0,0,0.01881239995418582,0.19596249952276898,0.4571823999431217,4.7623166660741845,0.4543275000032736,0.0,1.0597008999684476,11.038551041337996,0.06852689998049755,1.5356956998657552,96,9.696315212337145e-08,9.698451521045204e-08
105,141,166,15936,0.45,0.5625,0.0,0,0,0,0,0,0,1.173642774749934,0.9644266821604928,1.009783939702041,0.9644266821604928,1.009783939702041,0,0.0,0,0.0,0.0,96,0,0,0,0.01847869992343476,0.19248645753577875,0.4592896999747609,4.784267708070426,0.45641820001765154,0.0,1.0790828000026522,11.24044583336096,0.07119500004773727,1.5568511999008479,96,8.856654169601963e-08,7.509314552123225e-08
105,142,168,16128,0.45,0.5625,0.0,0,0,0,0,0,0,0.8567154789239683,0.9697327466883339,1.0265777583558284,0.9697327466883339,1.0265777583558284,0,0.0,0,0.0,0.0,96,0,0,0,0.018355300038820133,0.19120104207104305,0.46550879996357253,4.849049999620547,0.4627207999874372,0.0,1.1089946000211057,11.552027083553185,0.07257349998690188,1.5928587000234984,96,7.563677917495071e-08,9.451789882014561e-08
105,143,169,16224,0.45,0.5625,0.0,0,0,0,0,0,0,1.3431252513019352,0.9613236060209684,1.0165193030271888,0.9613236060209684,1.0165193030271888,0,0.0,0,0.0,0.0,96,0,0,0,0.018242999991343822,0.19003124990983147,0.4614559999536141,4.806833332850147,0.4587142999880598,0.0,1.071547399937117,11.161952082678303,0.06946840000455268,1.551246399882075,96,8.709269352577542e-08,8.804164862430408e-08
105,144,170,16320,0.45,0.5625,0.0,0,0,0,0,0,0,1.4154432850016014,0.9610325052321318,1.0136101210493416,0.9610325052321318,1.0136101210493416,0,0.0,0,0.0,0.0,96,0,0,0,0.01982270000007702,0.20648645833413562,0.5249738999409601,5.468478124385001,0.5218649999878835,0.0,1.2032340999503504,12.533688541149482,0.07854540002881549,1.7480306998913875,96,9.87813361403439e-08,9.847066606560873e-08
105,145,171,16416,0.45,0.5625,0.0,0,0,0,0,0,0,1.391413314871043,0.9618312625955994,1.0137388324592893,0.9618312625955994,1.0137388324592893,0,0.0,0,0.0,0.0,96,0,0,0,0.020336899993708357,0.2118427082677954,0.48964519994478906,5.100470832758219,0.48659589991439134,0.0,1.1771580000859103,12.2620625008949,0.07708339997770963,1.6871401000244077,96,9.824054067637811e-08,9.643858461805266e-08
105,146,172,16512,0.45,0.5625,0.0,0,0,0,0,0,0,1.486819748246124,0.9598996381057883,1.012470193421678,0.9598996381057883,1.012470193421678,0,0.0,0,0.0,0.0,96,0,0,0,0.018773500058159698,0.19555729227249685,0.45060439992084866,4.69379583250884,0.4477743000170449,0.0,1.0462847000308102,10.898798958654274,0.0668627999839373,1.5156626000098186,96,9.732631541838066e-08,9.576182485870888e-08
105,147,174,16704,0.45,0.5625,0.0,0,0,0,0,0,0,0.9750455662305623,0.9686394463287741,1.011436989326724,0.9686394463287741,1.011436989326724,0,0.0,0,0.0,0.0,96,0,0,0,0.018365799995081034,0.19131041661542744,0.47174349995475495,4.913994791195364,0.46883309999248013,0.0,1.0737822000592132,11.185231250616804,0.06773759995121509,1.5638915000090492,96,7.831378674889866e-08,5.862819060092894e-08
105,148,176,16896,0.45,0.5625,0.0,0,0,0,0,0,0,1.318839155624001,0.9621446414450404,1.0113773497833243,0.9621446414450404,1.0113773497833243,0,0.0,0,0.0,0.0,96,0,0,0,0.019119500044325832,0.19916145879506075,0.4968117000316852,5.175121875330054,0.4938031999990926,0.0,1.130415300023742,11.775159375247313,0.07252719999087276,1.646346500099753,96,9.741312764245669e-08,8.875319375267754e-08
105,149,177,16992,0.45,0.5625,0.0,0,0,0,0,0,0,1.405047141395532,0.9613627145520622,1.0090293880660075,0.9613627145520622,1.0090293880660075,0,0.0,0,0.0,0.0,96,0,0,0,0.020939200003340375,0.21811666670146224,0.5203566000127466,5.4203812501327775,0.5171757999705733,0.0,1.2012560999937705,12.51308437493511,0.07750609999493463,1.7425519000098575,96,9.716249160275636e-08,9.922759072744647e-08
105,150,178,17088,0.45,0.5625,0.0,0,0,0,0,0,0,1.4307477569709737,0.9609980962452733,1.0078525086380572,0.9609980962452733,1.0078525086380572,0,0.0,0,0.0,0.0,96,0,0,0,0.02207160001853481,0.22991250019307094,0.5764162999839755,6.004336458166411,0.5730144000117434,0.0,1.3238140000539715,13.78972916722887,0.08783049999328796,1.9223019000564818,96,9.871492874860555e-08,9.496029629296743e-08
105,151,180,17280,0.45,0.5625,0.0,0,0,0,0,0,0,1.3713281402732223,0.9607074617782515,1.0086947344984105,0.9607074617782515,1.0086947344984105,0,0.0,0,0.0,0.0,96,0,0,0,0.0199951999966288,0.20828333329821666,0.5141039999434724,5.355249999411171,0.5109924000134924,0.0,1.1938033000405994,12.435451042089577,0.07703169997694204,1.7279024999807007,96,9.84605221920204e-08,9.104034082163537e-08
105,152,181,17376,0.45,0.5625,0.0,0,0,0,0,0,0,0.965010901453054,0.9687722236141456,1.0062105987243921,0.9687722236141456,1.0062105987243921,0,0.0,0,0.0,0.0,96,0,0,0,0.018625600016093813,0.19401666683431054,0.44407519998640055,4.625783333191673,0.4412170000068727,0.0,1.0154235999507364,10.577329166153504,0.06396090005000588,1.4781243999532307,96,6.042074374244116e-08,3.906259864183692e-08
105,153,183,17568,0.45,0.5625,0.0,0,0,0,0,0,0,1.2779279923192906,0.9623584559569757,1.012558909008093,0.9623584559569757,1.012558909008093,0,0.0,0,0.0,0.0,96,0,0,0,0.02110519999405369,0.21984583327139262,0.5301135999761755,5.522016666418494,0.5268834000162315,0.0,1.201012700003048,12.510548958365083,0.07519210001919419,1.752231499973277,96,9.891412818498397e-08,9.98565228768622e-08
105,154,184,17664,0.45,0.5625,0.0,0,0,0,0,0,0,1.348062807447432,0.9621261255536825,1.0113632287463064,0.9621261255536825,1.0113632287463064,0,0.0,0,0.0,0.0,96,0,0,0,0.02005530003225431,0.2089093753359824,0.5056866999948397,5.267569791612914,0.5026310999819543,0.0,1.1681807999848388,12.168549999842071,0.07523689998197369,1.6939228000119328,96,9.777560280518904e-08,9.443680761000994e-08
105,155,185,17760,0.45,0.5625,0.0,0,0,0,0,0,0,1.38537215854365,0.9617003576990973,1.0128300449248624,0.9617003576990973,1.0128300449248624,0,0.0,0,0.0,0.0,96,0,0,0,0.02037820000987267,0.212272916769507,0.514379599946551,5.3581208327765735,0.5112688000153867,0.0,1.168060199903266,12.167293748992355,0.07459760001074756,1.7028179998596897,96,9.6433968180612e-08,9.623267190062013e-08
105,156,187,17952,0.45,0.5625,0.0,0,0,0,0,0,0,1.4059608170837237,0.9604183028389688,1.0115270271434604,0.9604183028389688,1.0115270271434604,0,0.0,0,0.0,0.0,96,0,0,0,0.020300899988797028,0.2114677082166357,0.49914439997519366,5.199420833074934,0.49609290005173534,0.0,1.1194887000165181,11.661340625172064,0.07124400002066977,1.6389339999805088,96,9.960632408288761e-08,9.73988137364934e-08
105,157,188,18048,0.45,0.5625,0.0,0,0,0,0,0,0,0.968827351092279,0.9689034260373147,1.0138309320558507,0.9689034260373147,1.0138309320558507,0,0.0,0,0.0,0.0,96,0,0,0,0.018901700008427724,0.19689270842112214,0.45836599999893224,4.774645833322211,0.4555669000328635,0.0,1.0423377999541117,10.857685416188664,0.06590740002866369,1.5196054999614717,96,7.702553434484061e-08,9.609396660337222e-08
105,158,189,18144,0.45,0.5625,0.0,0,0,0,0,0,0,0.8436539935823103,0.9697506478327714,1.0201649293217023,0.9697506478327714,1.0201649293217023,0,0.0,0,0.0,0.0,96,0,0,0,0.020102900023630355,0.20940520857948286,0.49345899997570086,5.140197916413551,0.4903393000131473,0.0,1.1504258999484591,11.983603124463116,0.07642639999539824,1.6639877999477903,96,7.709749127310372e-08,9.985489411029613e-08
105,159,190,18240,0.45,0.5625,0.0,0,0,0,0,0,0,1.4698766620057084,0.9597583242061429,1.0077425882998146,0.9597583242061429,1.0077425882998146,0,0.0,0,0.0,0.0,96,0,0,0,0.024031500055571087,0.25032812557886547,0.6270224999607308,6.531484374590946,0.6231221999769332,0.0,1.4324791999533772,14.921658332847679,0.09215350002341438,2.083533199969679,96,9.482399723932666e-08,9.866937440705659e-08
105,160,191,18336,0.45,0.5625,0.0,0,0,0,0,0,0,1.441736434845817,0.9605575433015809,1.0094587290604127,0.9605575433015809,1.0094587290604127,0,0.0,0,0.0,0.0,96,0,0,0,0.023819699992600363,0.24812187492292043,0.5961957000254188,6.210371875264779,0.5924382000011974,0.0,1.392622899991693,14.506488541580135,0.08789659998001298,2.012638300009712,96,9.895643216309424e-08,9.757083266337396e-08
105,161,192,18432,0.45,0.5625,0.0,0,0,0,0,0,0,1.6117125837352184,0.9579233304742912,1.0029769616953006,0.9579233304742912,1.0029769616953006,0,0.0,0,0.0,0.0,96,0,0,0,0.024204999979701824,0.25213541645522736,0.6146406999905594,6.402507291568327,0.6108490999758942,0.0,1.4471757999563124,15.074747916211587,0.09488770004099933,2.0860214999265736,96,9.65208914790322e-08,9.742852379035494e-08
105,162,193,18528,0.45,0.5625,0.0,0,0,0,0,0,0,1.3366189192367488,0.9626319095627723,1.0123997976726595,0.9626319095627723,1.0123997976726595,0,0.0,0,0.0,0.0,96,0,0,0,0.024473999998008367,0.2549374999792538,0.6122988000061014,6.378112500063556,0.6086489000153961,0.0,1.3763233000718174,14.336701042414765,0.08694479996484006,2.013096100075927,96,9.822306246132229e-08,9.925601025112529e-08
105,163,194,18624,0.45,0.5625,0.0,0,0,0,0,0,0,1.3342536772824953,0.9620164429308612,1.0088352457999148,0.9620164429308612,1.0088352457999148,0,0.0,0,0.0,0.0,96,0,0,0,0.023260300018591806,0.24229479186033132,0.5944093999860343,6.191764583187857,0.5907167999757803,0.0,1.3604437000249163,14.171288541926211,0.08577289997629123,1.9781134000295424,96,9.749939424395782e-08,9.585597614270025e-08
105,164,195,18720,0.45,0.5625,0.0,0,0,0,0,0,0,0.8883063491293046,0.9703361168463056,1.0091566271892791,0.9703361168463056,1.0091566271892791,0,0.0,0,0.0,0.0,96,0,0,0,0.022956900007557124,0.23913437507872004,0.5911601000188966,6.1579177085301735,0.5875372000446077,0.0,1.3463067999691702,14.024029166345523,0.08508730004541576,1.960423799995624,96,5.585866983369436e-08,2.866275113089234e-08
105,165,196,18816,0.45,0.5625,0.0,0,0,0,0,0,0,0.7846312612601883,0.9701150246826522,1.0096921865886346,0.9701150246826522,1.0096921865886346,0,0.0,0,0.0,0.0,96,0,0,0,0.023115300056815613,0.2407843755918293,0.5732592000349541,5.971450000364105,0.5696730999989086,0.0,1.3209904000541428,13.760316667230654,0.08411659998091636,1.9173649001459125,96,6.992695296068052e-08,3.7847952202851864e-08
105,166,197,18912,0.45,0.5625,0.0,0,0,0,0,0,0,1.2928515367521574,0.9626647654479763,1.0106352288606482,0.9626647654479763,1.0106352288606482,0,0.0,0,0.0,0.0,96,0,0,0,0.022957400033192243,0.23913958367908586,0.5844898000796093,6.08843541749593,0.5807060000224737,0.0,1.3519322999782162,14.082628124773086,0.08677859995805193,1.9593795000910177,96,9.839938956528183e-08,9.183569182891205e-08
105,167,198,19008,0.45,0.5625,0.0,0,0,0,0,0,0,1.3659149126798986,0.9619316906472571,1.0136167576110728,0.9619316906472571,1.0136167576110728,0,0.0,0,0.0,0.0,96,0,0,0,0.022779900034947786,0.23729062536403944,0.5823250000103144,6.065885416774108,0.5787437999606482,0.0,1.3706783000234282,14.277898958577376,0.08913059995393269,1.9757832000686903,96,9.431949106290805e-08,9.555774383579463e-08
105,168,199,19104,0.45,0.5625,0.0,0,0,0,0,0,0,1.4170285573610328,0.9615057049898118,1.0142069565107223,0.9615057049898118,1.0142069565107223,0,0.0,0,0.0,0.0,96,0,0,0,0.023320499996771105,0.24292187496636566,0.5829203000248526,6.0720864585922145,0.5792207999984385,0.0,1.3611773999873549,14.17893124986828,0.086964500042086,1.9674182000089786,96,9.8061419947712e-08,9.942853818056818e-08
105,169,200,19200,0.45,0.5625,0.0,0,0,0,0,0,0,1.4159697431437392,0.9615941034208487,1.0070882440912863,0.9615941034208487,1.0070882440912863,0,0.0,0,0.0,0.0,96,0,0,0,0.023193400003947318,0.24159791670778455,0.5955199000236462,6.203332291912981,0.5919272000173805,0.0,1.3830233000553562,14.40649270890996,0.08897369994519977,2.0017366000829497,96,9.861326852322883e-08,9.66487384568282e-08
105,170,202,19392,0.45,0.5625,0.0,0,0,0,0,0,0,0.9268187317851097,0.9697330448546433,1.0111059763502528,0.9697330448546433,1.0111059763502528,0,0.0,0,0.0,0.0,96,0,0,0,0.0225741999965976,0.235147916631225,0.6203489000035916,6.461967708370746,0.6165936999896076,0.0,1.4513695000423468,15.118432292107778,0.09245699994789902,2.094292600042536,96,6.948066524035956e-08,5.243471885851836e-08
105,171,203,19488,0.45,0.5625,0.0,0,0,0,0,0,0,0.7697773637598988,0.9705286279653234,1.009338365582288,0.9705286279653234,1.009338365582288,0,0.0,0,0.0,0.0,96,0,0,0,0.02174479998939205,0.22650833322283384,0.594864199993026,6.196502083260687,0.5913430000146036,0.0,1.369244600107777,14.26296458445601,0.0873604999287636,1.985853600090195,96,6.225577086835243e-08,3.452209969279085e-08
105,172,204,19584,0.45,0.5625,0.0,0,0,0,0,0,0,1.3744202238722991,0.9614214175319792,1.0041332370895544,0.9614214175319792,1.0041332370895544,0,0.0,0,0.0,0.0,96,0,0,0,0.02068980002513854,0.21551875026185977,0.5401516000347328,5.626579167028467,0.5368282000199542,0.0,1.2800766000073054,13.334131250076098,0.08394309999857796,1.8409180000671768,96,9.892745574113793e-08,9.44649133916009e-08
105,173,205,19680,0.45,0.5625,0.0,0,0,0,0,0,0,1.57758448841613,0.9592590992802229,1.0031546222776309,0.9592590992802229,1.0031546222776309,0,0.0,0,0.0,0.0,96,0,0,0,0.022508800037030596,0.23446666705240204,0.6271131999674253,6.532429166327347,0.6234815000061644,0.0,1.4716957000273396,15.330163541951455,0.09645170002477244,2.1213177000317955,96,9.423954622743425e-08,9.935183266363001e-08
105,174,206,19776,0.45,0.5625,0.0,0,0,0,0,0,0,1.5269389684940609,0.9592177860078058,1.0033796245168007,0.9592177860078058,1.0033796245168007,0,0.0,0,0.0,0.0,96,0,0,0,0.02116980001301272,0.22051875013554914,0.5571570999745745,5.803719791401818,0.5537203999992926,0.0,1.3020948999983375,13.563488541649349,0.08572289998119231,1.8804217999859247,96,9.72665709347148e-08,9.909701871591015e-08
105,175,207,19872,0.45,0.5625,0.0,0,0,0,0,0,0,1.4535592721382764,0.9601311364913467,1.004694008064669,0.9601311364913467,1.004694008064669,0,0.0,0,0.0,0.0,96,0,0,0,0.021978699944156688,0.2289447910849655,0.5943185000141966,6.190817708481215,0.5907925000501564,0.0,1.357646400021622,14.142150000225229,0.08835239999461919,1.9739435999799753,96,9.577730692746089e-08,9.825384263140169e-08
105,176,208,19968,0.45,0.5625,0.0,0,0,0,0,0,0,1.2277332218753747,0.9633379322704316,1.0091738593709147,0.9633379322704316,1.0091738593709147,0,0.0,0,0.0,0.0,96,0,0,0,0.02195479996589711,0.2286958329780949,0.5574150999382255,5.806407291023182,0.5539878999625216,0.0,1.3216997000345145,13.76770520869286,0.08602999997674488,1.9010695999386371,96,9.86877314156781e-08,7.900702370111645e-08
105,177,210,20160,0.45,0.5625,0.0,0,0,0,0,0,0,0.8112956015226315,0.9702213903775062,1.0210466721734652,0.9702213903775062,1.0210466721734652,0,0.0,0,0.0,0.0,96,0,0,0,0.021543600036238786,0.22441250037748736,0.5827129999524914,6.0699270828384515,0.5792155000017374,0.0,1.3536297999380622,14.10031041602148,0.0875249000164331,1.9578863999267924,96,6.708838725874577e-08,8.475098806776105e-08
105,178,211,20256,0.45,0.5625,0.0,0,0,0,0,0,0,1.2533081474760437,0.9630356692813185,1.0118854068853462,0.9630356692813185,1.0118854068853462,0,0.0,0,0.0,0.0,96,0,0,0,0.02190449996123789,0.228171874596228,0.5709183999642846,5.947066666294631,0.5674290000315523,0.0,1.3065350000324543,13.609739583671399,0.08425079999869922,1.8993578999579768,96,9.694986174979547e-08,9.27353657753649e-08
105,179,212,20352,0.45,0.5625,0.0,0,0,0,0,0,0,1.3548582009733057,0.9615356935793782,1.0108656010779347,0.9615356935793782,1.0108656010779347,0,0.0,0,0.0,0.0,96,0,0,0,0.021307900016836356,0.22195729184204538,0.5483890999894356,5.712386458223288,0.5450529999288847,0.0,1.280226799994125,13.335695833272135,0.08318820000567939,1.849923800000397,96,9.447378962468278e-08,9.45656584289134e-08
105,180,213,20448,0.45,0.5625,0.0,0,0,0,0,0,0,1.337667045346903,0.962420651928695,1.0105104477730078,0.962420651928695,1.0105104477730078,0,0.0,0,0.0,0.0,96,0,0,0,0.02334089997020783,0.2431343746896649,0.6047957999908249,6.299956249904426,0.6011409000202548,0.0,1.3999421000262373,14.58273020860664,0.09207789998617955,2.02807879998727,96,9.711731710493332e-08,9.223291734528072e-08
105,181,214,20544,0.45,0.5625,0.0,0,0,0,0,0,0,1.4479074478393212,0.9600462640260556,1.0067467815249298,0.9600462640260556,1.0067467815249298,0,0.0,0,0.0,0.0,96,0,0,0,0.02236170002288418,0.23293437523837687,0.5832251999818254,6.075262499810681,0.5796806999860564,0.0,1.3597243000258459,14.163794791935894,0.0904168999986723,1.9653112000305555,96,9.261301580666681e-08,9.999741597266354e-08
105,182,215,20640,0.45,0.5625,0.0,0,0,0,0,0,0,1.311832980620119,0.9616706650522068,1.008754142142552,0.9616706650522068,1.008754142142552,0,0.0,0,0.0,0.0,96,0,0,0,0.021207100035098847,0.22090729203227966,0.5442877999812481,5.669664583138001,0.5408862000404042,0.0,1.246709400038526,12.986556250401312,0.08109569998487132,1.8122043000548729,96,9.435772801123787e-08,9.731418344760545e-08
105,183,218,20928,0.45,0.5625,0.0,0,0,0,0,0,0,1.2102028974428138,0.9636666301101315,1.0161809143751364,0.9636666301101315,1.0161809143751364,0,0.0,0,0.0,0.0,96,0,0,0,0.020884700024907943,0.21754895859279108,0.536825100047281,5.591928125492511,0.5336551999862422,0.0,1.2384483000059845,12.900503125062338,0.07957389998045983,1.7961581000781734,96,8.26554162744117e-08,8.588843882634256e-08
105,184,220,21120,0.45,0.5625,0.0,0,0,0,0,0,0,1.341422195376127,0.9622273165791475,1.0117196451893298,0.9622273165791475,1.0117196451893298,0,0.0,0,0.0,0.0,96,0,0,0,0.021603199951641727,0.22503333282960133,0.5894063000087044,6.139648958424004,0.5853908000062802,0.0,1.3837018000340322,14.413560417021168,0.09052669994707685,1.9947112999943784,96,9.49844439820241e-08,9.475349560528201e-08
105,185,221,21216,0.45,0.5625,0.0,0,0,0,0,0,0,1.5158413645258817,0.9608244320005853,1.0030420698677531,0.9608244320005853,1.0030420698677531,0,0.0,0,0.0,0.0,96,0,0,0,0.020981800014851615,0.21856041682137098,0.5734205999906408,5.973131249902508,0.5700403999944683,0.0,1.322608099952049,13.777167707833845,0.08539300003030803,1.9170104999575415,96,9.391897301536112e-08,9.896111187457368e-08
105,186,222,21312,0.45,0.5625,0.0,0,0,0,0,0,0,1.5705848827476523,0.959143933992202,1.0005173887714687,0.959143933992202,1.0005173887714687,0,0.0,0,0.0,0.0,96,0,0,0,0.02102260000538081,0.21898541672271676,0.5331212999954005,5.553346874952088,0.5298767000203952,0.0,1.23245190007583,12.838040625789896,0.07925039996916894,1.7865958000766113,96,9.668784138779085e-08,9.711503462517257e-08
105,187,223,21408,0.45,0.5625,0.0,0,0,0,0,0,0,0.9270332205417864,0.9698232623826493,1.0045540059353109,0.9698232623826493,1.0045540059353109,0,0.0,0,0.0,0.0,96,0,0,0,0.022627599944826216,0.23570416609193975,0.57911289997719,6.032426041429062,0.575628999969922,0.0,1.3523258000204805,14.086727083546672,0.08761339996999595,1.9540662999424967,96,5.8026251503404125e-08,3.476021567805354e-08
105,188,224,21504,0.45,0.5625,0.0,0,0,0,0,0,0,0.7305332225700271,0.9709886652313334,1.0105518153623108,0.9709886652313334,1.0105518153623108,0,0.0,0,0.0,0.0,96,0,0,0,0.02252299997053342,0.2346145830263898,0.6060341999618686,6.312856249602798,0.602381400000013,0.0,1.39866920006898,14.569470834051875,0.09111879994452465,2.027226400001382,96,5.580390430130755e-08,3.1534393638010805e-08
105,189,225,21600,0.45,0.5625,0.0,0,0,0,0,0,0,1.1810905410473838,0.9640875724077433,1.0151423209951136,0.9640875724077433,1.0151423209951136,0,0.0,0,0.0,0.0,96,0,0,0,0.02193430001352681,0.22848229180757093,0.5867462999958661,6.111940624956939,0.5832126999739558,0.0,1.366120700033207,14.23042395867924,0.08787409996148199,1.9748013000426,96,8.843058630844669e-08,9.867774052735312e-08
105,190,226,21696,0.45,0.5625,0.0,0,0,0,0,0,0,1.2458818005640506,0.9632716984326575,1.0121825481668467,0.9632716984326575,1.0121825481668467,0,0.0,0,0.0,0.0,96,0,0,0,0.023351099996943958,0.24324062496816623,0.6515745999786304,6.787235416444067,0.6477987000180292,0.0,1.4972108999354532,15.595946874327637,0.09855950000928715,2.1721365999110276,96,9.79631658501863e-08,9.971167096861633e-08
105,191,227,21792,0.45,0.5625,0.0,0,0,0,0,0,0,1.3482228232306996,0.9616423870020868,1.0106049089897706,0.9616423870020868,1.0106049089897706,0,0.0,0,0.0,0.0,96,0,0,0,0.02273769997555064,0.23685104141198585,0.5828934000019217,6.071806250020018,0.5791408000295633,0.0,1.34378550000838,13.997765625087291,0.08698349999031052,1.9494165999858524,96,9.513199838995234e-08,9.597304860553546e-08
105,192,228,21888,0.45,0.5625,0.0,0,0,0,0,0,0,1.3871283722302312,0.9612928786717548,1.009685864899186,0.9612928786717548,1.009685864899186,0,0.0,0,0.0,0.0,96,0,0,0,0.023237599969434086,0.2420583330149384,0.6190264000397292,6.448191667080512,0.6152275000422378,0.0,1.431659200003196,14.913116666699958,0.09156049996818183,2.0739232000123593,96,9.731760122581867e-08,9.923702949665714e-08
105,193,229,21984,0.45,0.5625,0.0,0,0,0,0,0,0,1.3613780465344667,0.9617606191984329,1.0081320902831787,0.9617606191984329,1.0081320902831787,0,0.0,0,0.0,0.0,96,0,0,0,0.022033499990357086,0.229515624899553,0.5659037999866996,5.894831249861454,0.5624760999999125,0.0,1.3195998999362928,13.74583229100305,0.08472050000273157,1.9075371999133495,96,9.645807502560444e-08,9.80377266868171e-08
105,194,230,22080,0.45,0.5625,0.0,0,0,0,0,0,0,0.8925558504887435,0.9698219431167272,1.0100493234706178,0.9698219431167272,1.0100493234706178,0,0.0,0,0.0,0.0,96,0,0,0,0.02401029997417936,0.25010729139770166,0.6417044000481837,6.684420833835247,0.6377859000713215,0.0,1.4726579000198399,15.340186458539998,0.09615240000857739,2.138372600042203,96,6.075396612008344e-08,3.48770839986301e-08
105,195,231,22176,0.45,0.5625,0.0,0,0,0,0,0,0,0.7646078706249347,0.9702619132633133,1.0131645464722765,0.9702619132633133,1.0131645464722765,0,0.0,0,0.0,0.0,96,0,0,0,0.02168780003557913,0.22591458370394926,0.5754570000281092,5.994343750292804,0.5719969999918249,0.0,1.326741700002458,13.82022604169227,0.08727540003019385,1.9238865000661463,96,6.698307400930525e-08,5.469243700290116e-08
105,196,232,22272,0.45,0.5625,0.0,0,0,0,0,0,0,1.2611538157687687,0.9628926052182997,1.0102282520262766,0.9628926052182997,1.0102282520262766,0,0.0,0,0.0,0.0,96,0,0,0,0.022049700055504218,0.22968437557816893,0.554858899966348,5.779780207982792,0.5514624999559601,0.0,1.2828886000352213,13.363422917033555,0.08369459996174555,1.8597972000570735,96,9.811331216219576e-08,8.817391428106447e-08
105,197,235,22560,0.45,0.5625,0.0,0,0,0,0,0,0,1.3775657325702475,0.9620979840080376,1.0096526420089136,0.9620979840080376,1.0096526420089136,0,0.0,0,0.0,0.0,96,0,0,0,0.02334180001344066,0.2431437501400069,0.6120108000104665,6.375112500109026,0.6083197000189102,0.0,1.4225451000238536,14.818178125248474,0.0929384999544709,2.0578977000477607,96,9.304985009936373e-08,9.380934862246448e-08
105,198,236,22656,0.45,0.5625,0.0,0,0,0,0,0,0,1.306692264596735,0.962256437015522,1.0124205823373928,0.962256437015522,1.0124205823373928,0,0.0,0,0.0,0.0,96,0,0,0,0.021463100041728467,0.22357395876800487,0.5850969000675832,6.094759375703991,0.5815382000146201,0.0,1.3626336999295745,14.194101040933068,0.08857520006131381,1.9691937000388862,96,9.591999402223939e-08,9.953837754039796e-08
105,199,237,22752,0.45,0.5625,0.0,0,0,0,0,0,0,0.9149702376238907,0.9696927214734322,1.0136177649099065,0.9696927214734322,1.0136177649099065,0,0.0,0,0.0,0.0,96,0,0,0,0.021960900048725307,0.2287593755075553,0.5766138000253704,6.006393750264276,0.5730929000055767,0.0,1.3187976999688544,13.737476041342234,0.08582900003966643,1.9173724000429502,96,7.662407666697568e-08,7.358707403842812e-08
105,200,238,22848,0.45,0.5625,0.0,0,0,0,0,0,0,0.7892679169999748,0.969888970918575,1.0138128646341924,0.969888970918575,1.0138128646341924,0,0.0,0,0.0,0.0,96,0,0,0,0.02221850002388237,0.23144270858210803,0.5742490000266116,5.981760416943871,0.5705807000413188,0.0,1.3465841999495751,14.02691874947474,0.08803890008130111,1.943051700000069,96,7.311417875646709e-08,5.205468552732517e-08
105,201,239,22944,0.45,0.5625,0.0,0,0,0,0,0,0,1.3064375502519434,0.9624879215324362,1.0124811692209081,0.9624879215324362,1.0124811692209081,0,0.0,0,0.0,0.0,96,0,0,0,0.02549130000261357,0.2655343750272247,0.649044000019785,6.760875000206094,0.6450393000122858,0.0,1.5112942000487237,15.742647917174207,0.09874729995499365,2.1858295000711223,96,9.646901015861187e-08,9.464570214362533e-08
105,202,240,23040,0.45,0.5625,0.0,0,0,0,0,0,0,1.3941308807017632,0.9618905662852995,1.0138016646671812,0.9618905662852995,1.0138016646671812,0,0.0,0,0.0,0.0,96,0,0,0,0.02294339997752104,0.23899374976584417,0.5827081999959773,6.069877083291431,0.5791583999889554,0.0,1.333245599962538,13.887974999609773,0.08538219997717533,1.9388971999360365,96,9.626211697547071e-08,8.892621541911616e-08
105,203,241,23136,0.45,0.5625,0.0,0,0,0,0,0,0,1.44658114723617,0.9611859904099147,1.0105581351076334,0.9611859904099147,1.0105581351076334,0,0.0,0,0.0,0.0,96,0,0,0,0.024996399974043015,0.2603791663962814,0.6346333000037703,6.61076354170594,0.6307284999638796,0.0,1.4970368999784114,15.594134374775118,0.09603280000737868,2.1566665999562247,96,9.977096442417843e-08,9.3242789600545e-08
105,204,243,23328,0.45,0.5625,0.0,0,0,0,0,0,0,1.4037637836375332,0.9612101721306564,1.0039636695545529,0.9612101721306564,1.0039636695545529,0,0.0,0,0.0,0.0,96,0,0,0,0.025881400033540558,0.26959791701604746,0.6601900999958161,6.876980208289751,0.6560715999949025,0.0,1.524237800083938,15.877477084207687,0.09907519997796044,2.2103093001132947,96,9.881893824927046e-08,9.680244994481058e-08
105,205,246,23616,0.45,0.5625,0.0,0,0,0,0,0,0,1.3169423290794975,0.9620394913852083,1.0125729731885218,0.9620394913852083,1.0125729731885218,0,0.0,0,0.0,0.0,96,0,0,0,0.02381809998769313,0.24810520820513676,0.5922056999552296,6.168809374533642,0.5885139999954845,0.0,1.4062375999346841,14.64830833265296,0.0903682000353001,2.022261399877607,96,9.429713902081582e-08,9.920470264712655e-08
105,206,247,23712,0.45,0.5625,0.0,0,0,0,0,0,0,1.4384608954849227,0.9611909964894185,1.0102725706570659,0.9611909964894185,1.0102725706570659,0,0.0,0,0.0,0.0,96,0,0,0,0.025570300022081938,0.26635729189668683,0.6564750999968965,6.838282291634338,0.6524344999634195,0.0,1.5394945000734879,16.036401042432164,0.10157349998917198,2.2215399000924663,96,9.591747785787919e-08,9.399318254277311e-08
105,207,248,23808,0.45,0.5625,0.0,0,0,0,0,0,0,1.6026896082687123,0.9587660142069513,1.0057199623315938,0.9587660142069513,1.0057199623315938,0,0.0,0,0.0,0.0,96,0,0,0,0.024006199957511853,0.25006458289074845,0.6100076999646262,6.3542468746315235,0.6061984999978449,0.0,1.417815300046641,14.768909375485842,0.08862949997273972,2.051829199968779,96,8.952044999385733e-08,9.939166191463844e-08
105,208,249,23904,0.45,0.5625,0.0,0,0,0,0,0,0,1.4837655978335182,0.9606112871330208,1.005605585244273,0.9606112871330208,1.005605585244273,0,0.0,0,0.0,0.0,96,0,0,0,0.022213100019143894,0.2313864585327489,0.5653754000304616,5.889327083650642,0.5618723000006867,0.0,1.2881496000190964,13.418225000198921,0.0816119000010076,1.875738100068702,96,9.878652184464043e-08,9.506037360051955e-08
105,209,250,24000,0.45,0.5625,0.0,0,0,0,0,0,0,1.5824589541936671,0.9594782627226323,1.0039278556360403,0.9594782627226323,1.0039278556360403,0,0.0,0,0.0,0.0,96,0,0,0,0.02344240005913889,0.24419166728269676,0.5916524999847752,6.163046874841409,0.5878055000212044,0.0,1.3717241999984253,14.288793749983597,0.08886299998994218,1.9868191000423394,96,9.100103548313754e-08,9.802738877573436e-08
105,210,252,24192,0.45,0.5625,0.0,0,0,0,0,0,0,0.8318784418176361,0.9682893222643354,1.0087383545028246,0.9682893222643354,1.0087383545028246,0,0.0,0,0.0,0.0,96,0,0,0,0.02313920000597136,0.241033333395535,0.5687736000327277,5.9247250003409135,0.5652803000120912,0.0,1.3265281000276445,13.81800104195463,0.08645769996655872,1.9184409000663436,96,9.799481486688633e-08,5.0313195276707745e-08
105,211,253,24288,0.45,0.5625,0.0,0,0,0,0,0,0,1.5407549161620997,0.9600167362064139,1.0058073403626073,0.9600167362064139,1.0058073403626073,0,0.0,0,0.0,0.0,96,0,0,0,0.021673699986422434,0.22576770819190037,0.574869200019748,5.988220833539041,0.5714425000114716,0.0,1.3343797999914386,13.899789583244152,0.08645119997527217,1.930922699997609,96,9.309410485547343e-08,9.87475296670981e-08
105,212,254,24384,0.45,0.5625,0.0,0,0,0,0,0,0,1.5996843482208876,0.9588999310777825,1.0057655420370828,0.9588999310777825,1.0057655420370828,0,0.0,0,0.0,0.0,96,0,0,0,0.021497200010344386,0.22392916677442068,0.5727389999956358,5.96603124995454,0.5692634000079124,0.0,1.3390504000635701,13.948441667328856,0.0872339999768883,1.9332866000695503,96,9.824562903666678e-08,9.962565578058857e-08
105,213,256,24576,0.45,0.5625,0.0,0,0,0,0,0,0,1.8107200557326952,0.9582602479763735,1.002140749049285,0.9582602479763735,1.002140749049285,0,0.0,0,0.0,0.0,96,0,0,0,0.02114050001546275,0.22021354182773697,0.5658486999818706,5.894257291477818,0.5624731999560026,0.0,1.3253353999534738,13.805577082848686,0.08476510002219584,1.9123245999508072,96,9.563998216652325e-08,9.865566558131533e-08
105,214,257,24672,0.45,0.5625,0.0,0,0,0,0,0,0,1.469202617917621,0.959848563880606,1.007919895435949,0.959848563880606,1.007919895435949,0,0.0,0,0.0,0.0,96,0,0,0,0.020693800048320554,0.21556041717000576,0.5648896999919089,5.884267708249051,0.5615842999759479,0.0,1.3243437999699381,13.795247916353523,0.08578120001766365,1.9099273000101675,96,9.977367207598953e-08,8.831756784233313e-08
105,215,258,24768,0.45,0.5625,0.0,0,0,0,0,0,0,1.0016877530216002,0.9669723386361628,1.0068306984241855,0.9669723386361628,1.0068306984241855,0,0.0,0,0.0,0.0,96,0,0,0,0.022044999976060353,0.22963541641729535,0.5398201000207337,5.623126041882642,0.5363817000034032,0.0,1.256139700031781,13.08478854199772,0.08303000000159955,1.8180048000285751,96,9.00977023326685e-08,5.080762956188867e-08
105,216,259,24864,0.45,0.5625,0.0,0,0,0,0,0,0,0.850942297077066,0.9675799161663571,1.0115236805120738,0.9675799161663571,1.0115236805120738,0,0.0,0,0.0,0.0,96,0,0,0,0.023502299984102137,0.24481562483439728,0.5941451000253437,6.189011458597331,0.5904736000156845,0.0,1.3816159000052721,14.391832291721585,0.09079190000193194,1.999263300014718,96,9.57258604588479e-08,4.928808090831627e-08
105,217,260,24960,0.45,0.5625,0.0,0,0,0,0,0,0,1.5091113512753904,0.9599377290749672,1.0070022699043333,0.9599377290749672,1.0070022699043333,0,0.0,0,0.0,0.0,96,0,0,0,0.023022600005788263,0.2398187500602944,0.5732273999601603,5.971118749585003,0.5697399999480695,0.0,1.33628249992762,13.919609374246042,0.08526330002496252,1.9325324998935685,96,9.354500373967567e-08,9.491584143650478e-08
105,218,261,25056,0.45,0.5625,0.0,0,0,0,0,0,0,1.5959663477043116,0.9595045518338775,1.0057908193451217,0.9595045518338775,1.0057908193451217,0,0.0,0,0.0,0.0,96,0,0,0,0.022742399960407056,0.2368999995875735,0.5508435999581707,5.737954166230945,0.5473164999784785,0.0,1.2664625000325032,13.192317708671908,0.08124659998429706,1.8400484999510809,96,9.991067442122192e-08,9.351654124689635e-08
105,219,262,25152,0.45,0.5625,0.0,0,0,0,0,0,0,1.6426452363875745,0.9589715072039047,1.005649845124852,0.9589715072039047,1.005649845124852,0,0.0,0,0.0,0.0,96,0,0,0,0.022055700042983517,0.22974687544774497,0.5533533999841893,5.764097916501972,0.5498909000161802,0.0,1.3056862000448746,13.60089791713411,0.0849409999573254,1.8810953000720474,96,9.554124036185996e-08,9.529460394397393e-08
105,220,263,25248,0.45,0.5625,0.0,0,0,0,0,0,0,1.5287349930572838,0.9597238168088472,1.0096606381655078,0.9597238168088472,1.0096606381655078,0,0.0,0,0.0,0.0,96,0,0,0,0.021520699992834125,0.2241739582586888,0.5429159999766853,5.6553749997571385,0.5395087000069907,0.0,1.2607192000141367,13.132491666813925,0.08408349998353515,1.8251558999836561,96,9.452850643736077e-08,9.78992704264714e-08
105,221,264,25344,0.45,0.5625,0.0,0,0,0,0,0,0,1.4848502218424335,0.9600376465433714,1.0086799230727035,0.9600376465433714,1.0086799230727035,0,0.0,0,0.0,0.0,96,0,0,0,0.020908000056806486,0.2177916672584009,0.5086633000319125,5.298576041999088,0.5055003000306897,0.0,1.1536362999977428,12.017044791643153,0.07475919997523306,1.6832076000864618,96,9.336085775128733e-08,9.56111188138431e-08
105,222,265,25440,0.45,0.5625,0.0,0,0,0,0,0,0,1.0274802178748998,0.9660675372475944,1.0099262292402815,0.9660675372475944,1.0099262292402815,0,0.0,0,0.0,0.0,96,0,0,0,0.021744300000136718,0.22650312500142414,0.5201061000407208,5.417771875424175,0.5168749999793363,0.0,1.2018892999258242,12.519680207560668,0.07941340007528197,1.7437396999666817,96,9.83294167009735e-08,5.153523531531423e-08
105,223,266,25536,0.45,0.5625,0.0,0,0,0,0,0,0,0.9144090067243704,0.9666719521679134,1.0073832961271814,0.9666719521679134,1.0073832961271814,0,0.0,0,0.0,0.0,96,0,0,0,0.02109950003796257,0.21978645872877678,0.5149032000263105,5.363575000274068,0.511790500015195,0.0,1.1928821000401513,12.425855208751576,0.07900409997091629,1.7288848001044244,96,9.754491726507442e-08,5.040550012103129e-08
105,224,267,25632,0.45,0.5625,0.0,0,0,0,0,0,0,1.6022023671426584,0.9592685124856307,1.006192609669103,0.9592685124856307,1.006192609669103,0,0.0,0,0.0,0.0,96,0,0,0,0.021909700008109212,0.22822604175113761,0.5463190000373288,5.690822917055509,0.542939999999362,0.0,1.2649325000165845,13.176380208506089,0.082994599986705,1.8331612000620225,96,9.631885059500911e-08,9.546146075012363e-08
105,225,269,25824,0.45,0.5625,0.0,0,0,0,0,0,0,1.6503608081966092,0.9585636277855972,1.0083597220317626,0.9585636277855972,1.0083597220317626,0,0.0,0,0.0,0.0,96,0,0,0,0.021985499981383327,0.22901562480607632,0.521713100031775,5.434511458664322,0.5184843000097317,0.0,1.2291080999784754,12.803209374775784,0.08198390001780353,1.7728066999916336,96,9.269246410356646e-08,9.926249842917567e-08
105,226,270,25920,0.45,0.5625,0.0,0,0,0,0,0,0,1.7098923082445607,0.9585645912519817,1.0053921270513528,0.9585645912519817,1.0053921270513528,0,0.0,0,0.0,0.0,96,0,0,0,0.020537900003546383,0.21393645837027483,0.516040399998019,5.375420833312698,0.5128779000151553,0.0,1.2098349999942002,12.602447916606252,0.07922459998371778,1.7464132999957656,96,9.732759346722797e-08,9.947050592928885e-08
105,227,272,26112,0.45,0.5625,0.0,0,0,0,0,0,0,1.0943519813700737,0.9652814311350689,1.007208804928254,0.9652814311350689,1.007208804928254,0,0.0,0,0.0,0.0,96,0,0,0,0.021088100016640965,0.21966770850667672,0.5336823000397999,5.559190625414582,0.5304868000312126,0.0,1.211904300005699,12.624003125059366,0.07924319997255225,1.76667470006214,96,9.321291981334578e-08,5.5555628569736726e-08
105,228,273,26208,0.45,0.5625,0.0,0,0,0,0,0,0,0.8792578469656287,0.9676094216355517,1.0072848146590603,0.9676094216355517,1.0072848146590603,0,0.0,0,0.0,0.0,96,0,0,0,0.02273200004856335,0.2367916671725349,0.5691229000221938,5.928363541897852,0.5656198999349726,0.0,1.3379104000559892,13.936566667249886,0.08864129996072734,1.9297653001267463,96,9.266031761323568e-08,4.803770686789832e-08
105,229,274,26304,0.45,0.5625,0.0,0,0,0,0,0,0,1.4496872796373064,0.9610753822866683,1.0030249229111248,0.9610753822866683,1.0030249229111248,0,0.0,0,0.0,0.0,96,0,0,0,0.022771499985537957,0.2372031248493537,0.5696605999910389,5.933964583239988,0.5661399000382517,0.0,1.297537000013108,13.516010416803207,0.08435630000894889,1.8899690999896848,96,9.966112760571855e-08,8.245109837934361e-08
105,230,275,26400,0.45,0.5625,0.0,0,0,0,0,0,0,1.054149112043476,0.9648828377363672,1.0065084630756604,0.9648828377363672,1.0065084630756604,0,0.0,0,0.0,0.0,96,0,0,0,0.021363299994845875,0.2225343749463112,0.555582199980563,5.787314583130865,0.5521650000155205,0.0,1.3119435999979032,13.666079166644826,0.0837270000265562,1.8888890999733121,96,9.713179960867124e-08,4.959964473860712e-08
105,231,276,26496,0.45,0.5625,0.0,0,0,0,0,0,0,1.729219775537498,0.95846967911398,1.004552258172391,0.95846967911398,1.004552258172391,0,0.0,0,0.0,0.0,96,0,0,0,0.022686999982397538,0.2363229164833077,0.5475236999918707,5.7033718749153195,0.5441451999286073,0.0,1.2244503000329132,12.754690625342846,0.0769680999655975,1.7946610000071814,96,9.775337316518529e-08,9.894752052430622e-08
105,232,278,26688,0.45,0.5625,0.0,0,0,0,0,0,0,1.8208178070959082,0.9578330607355809,1.003460374260241,0.9578330607355809,1.003460374260241,0,0.0,0,0.0,0.0,96,0,0,0,0.025500399897282477,0.2656291655966925,0.6304337000037776,6.567017708372684,0.6264035999847692,0.0,1.4504883999907179,15.109254166569977,0.09593339999992168,2.106422499891778,96,9.928945120946109e-08,9.979269244286826e-08
105,233,280,26880,0.45,0.5625,0.0,0,0,0,0,0,0,1.0223464433033422,0.9651381070677483,1.0042390817891413,0.9651381070677483,1.0042390817891413,0,0.0,0,0.0,0.0,96,0,0,0,0.02321650001249509,0.24183854179682385,0.6006924999746843,6.257213541402962,0.59694940000918,0.0,1.385892000005697,14.436375000059343,0.08884429997124244,2.0098009999928763,96,9.803068463758169e-08,5.240120753979838e-08
105,234,281,26976,0.45,0.5625,0.0,0,0,0,0,0,0,1.8137923783983267,0.9580155908717123,1.0044378436543455,0.9580155908717123,1.0044378436543455,0,0.0,0,0.0,0.0,96,0,0,0,0.022630099985690322,0.23573020818427418,0.5658758000208763,5.894539583550795,0.5623942999663996,0.0,1.3231432999527897,13.782742707841559,0.08742650002386654,1.9116491999593563,96,8.875863571032594e-08,9.850287800705626e-08
105,235,283,27168,0.45,0.5625,0.0,0,0,0,0,0,0,1.9711396844158586,0.9577741612535294,1.0033670389093776,0.9577741612535294,1.0033670389093776,0,0.0,0,0.0,0.0,96,0,0,0,0.022405200033972505,0.23338750035388026,0.5905272000381956,6.151325000397871,0.5870034999752534,0.0,1.373354799921799,14.305779165852073,0.08907359999284381,1.986287199993967,96,8.89090943142351e-08,9.948665724568428e-08
105,236,286,27456,0.45,0.5625,0.0,0,0,0,0,0,0,1.1298634345940433,0.9640452945070557,1.0097629636963807,0.9640452945070557,1.0097629636963807,0,0.0,0,0.0,0.0,96,0,0,0,0.02317729999049334,0.2414302082343056,0.5732044999749633,5.970880208072534,0.5696276999660768,0.0,1.325467499998922,13.806953124988771,0.08597250004095258,1.9218492999643786,96,9.837582720662041e-08,5.870868818869113e-08
105,237,288,27648,0.45,0.5625,0.0,0,0,0,0,0,0,1.6526328773430952,0.9581622989774297,1.0098358522836934,0.9581622989774297,1.0098358522836934,0,0.0,0,0.0,0.0,96,0,0,0,0.021831300044141244,0.22740937545980464,0.5213841999866418,5.431085416527519,0.5181518999816035,0.0,1.2173888000179431,12.681133333520242,0.07860359998448985,1.7606043000487261,96,9.220209733727669e-08,9.753734347972554e-08
105,238,290,27840,0.45,0.5625,0.0,0,0,0,0,0,0,1.825191134527683,0.9574260139024157,1.007943469478232,0.9574260139024157,1.007943469478232,0,0.0,0,0.0,0.0,96,0,0,0,0.024949699960416183,0.2598927079210019,0.6305310000097961,6.568031250102043,0.6267457999638282,0.0,1.4755446998897241,15.37025729051796,0.0966394000352011,2.1310253998599364,96,9.788426524187654e-08,9.89207448592877e-08
105,239,292,28032,0.45,0.5625,0.0,0,0,0,0,0,0,1.9268737970564722,0.9577800137447252,1.0039653861692046,0.9577800137447252,1.0039653861692046,0,0.0,0,0.0,0.0,96,0,0,0,0.022412199978134595,0.23346041643890203,0.5505830000474816,5.7352395838279335,0.5471555000331136,0.0,1.2572026999623631,13.095861457941282,0.08084229998348746,1.8301978999879793,96,9.242134306995664e-08,9.498039549304949e-08
105,240,294,28224,0.45,0.5625,0.0,0,0,0,0,0,0,1.098396739191973,0.9644749308353,1.002790033744164,0.9644749308353,1.002790033744164,0,0.0,0,0.0,0.0,96,0,0,0,0.023491800027841236,0.24470625029001286,0.5759925000238582,5.999921875248522,0.5724065000249539,0.0,1.3491016999905696,14.0531427082351,0.08825969997997163,1.948586000042269,96,9.681145492906884e-08,4.979899347057337e-08
105,241,295,28320,0.45,0.5625,0.0,0,0,0,0,0,0,2.1427509568770846,0.9568922027650284,1.0002649497822216,0.9568922027650284,1.0002649497822216,0,0.0,0,0.0,0.0,96,0,0,0,0.02227900002617389,0.23207291693931134,0.5239646000409266,5.457964583759652,0.5206557000274188,0.0,1.229492600003141,12.807214583366052,0.0802230999834137,1.7757362000702415,96,9.098445698241253e-08,9.997964511843094e-08
105,242,297,28512,0.45,0.5625,0.0,0,0,0,0,0,0,2.144201252582593,0.9564476319355278,1.0025355060569496,0.9564476319355278,1.0025355060569496,0,0.0,0,0.0,0.0,96,0,0,0,0.022420200031774584,0.23354375033098526,0.5375288999784971,5.599259374776011,0.5341785000491655,0.0,1.2749544000034803,13.280775000036252,0.08205779998388607,1.834903500013752,96,9.798339172147064e-08,9.639279902051712e-08
105,243,298,28608,0.45,0.5625,0.0,0,0,0,0,0,0,2.042673992926301,0.9577740928910367,1.003192586194622,0.9577740928910367,1.003192586194622,0,0.0,0,0.0,0.0,96,0,0,0,0.025030200005858205,0.260731250061023,0.6017493999679573,6.268222916332888,0.5980478000128642,0.0,1.4086598999492708,14.67354062447157,0.08937760003027506,2.0354394999230863,96,9.003748714479787e-08,9.941564210746989e-08
105,244,300,28800,0.45,0.5625,0.0,0,0,0,0,0,0,1.4352823389100469,0.9627250584410175,1.000427739509818,0.9627250584410175,1.000427739509818,0,0.0,0,0.0,0.0,96,0,0,0,0.026333399931900203,0.27430624929062714,0.6727897999953711,7.008227083285116,0.6686103999963962,0.0,1.51757870005531,15.80811145890948,0.09650909998890711,2.2167018999825814,96,9.344545866263321e-08,8.058245438979927e-08
105,245,302,28992,0.45,0.5625,0.0,0,0,0,0,0,0,1.4652153714981442,0.960236632912917,1.0057246488715754,0.960236632912917,1.0057246488715754,0,0.0,0,0.0,0.0,96,0,0,0,0.026100100003532134,0.27187604170345975,0.6505751000076998,6.77682395841354,0.6465280000193161,0.0,1.4826518000336364,15.444289583683712,0.09661769999365788,2.1593270000448683,96,9.729347503865948e-08,8.342690642482165e-08
105,246,303,29088,0.45,0.5625,0.0,0,0,0,0,0,0,1.1676834259553974,0.9642773829936567,1.0044254644111767,0.9642773829936567,1.0044254644111767,0,0.0,0,0.0,0.0,96,0,0,0,0.025230899940652307,0.2628218743817949,0.6285221000216552,6.547105208558908,0.6246577999845613,0.0,1.4749870000232477,15.36444791690883,0.09396299998479662,2.128739999985555,96,9.905630496409579e-08,5.0575700225041764e-08
105,247,304,29184,0.45,0.5625,0.0,0,0,0,0,0,0,1.615419174455463,0.9583197412138449,1.0018254387710492,0.9583197412138449,1.0018254387710492,0,0.0,0,0.0,0.0,96,0,0,0,0.025136999975075014,0.26184374974036473,0.6621128999904613,6.897009374900638,0.6581066000580904,0.0,1.5587929999892367,16.237427083221217,0.10178299999097362,2.246042899954773,96,9.95018732685704e-08,9.427726190003316e-08
105,248,305,29280,0.45,0.5625,0.0,0,0,0,0,0,0,1.9795445298106038,0.9581422339674213,1.0037458398825043,0.9581422339674213,1.0037458398825043,0,0.0,0,0.0,0.0,96,0,0,0,0.0244200999950408,0.2543760416150083,0.6191394999841577,6.449369791501643,0.615299299970502,0.0,1.4210196998974425,14.80228854059836,0.09221630005777115,2.064579299876641,96,9.916131511397697e-08,9.735620240536313e-08
105,249,306,29376,0.45,0.5625,0.0,0,0,0,0,0,0,1.9179799377965743,0.9578757773886547,1.003137761447763,0.9578757773886547,1.003137761447763,0,0.0,0,0.0,0.0,96,0,0,0,0.022818700032075867,0.23769479200079027,0.5814397999929497,6.056664583259892,0.5777927000090131,0.0,1.3578828999598045,14.144613541247963,0.08781209999142447,1.96214139998483,96,9.906608587281762e-08,9.895218401612116e-08
105,250,307,29472,0.45,0.5625,0.0,0,0,0,0,0,0,1.371886883253709,0.9611838457734576,1.004377404116435,0.9611838457734576,1.004377404116435,0,0.0,0,0.0,0.0,96,0,0,0,0.023154300011810847,0.24119062512302966,0.5955338000203483,6.203477083545295,0.5918095000452013,0.0,1.35920320005971,14.158366667288647,0.09065029999328544,1.9778913000918692,96,9.955131329529576e-08,6.111240638539961e-08
105,251,309,29664,0.45,0.5625,0.0,0,0,0,0,0,0,2.1413874874276315,0.9572630615380581,1.0016812401421873,0.9572630615380581,1.0016812401421873,0,0.0,0,0.0,0.0,96,0,0,0,0.022378799949365202,0.2331124994725542,0.5546738999764784,5.777853124754984,0.5510584000003291,0.0,1.2964993999703438,13.505202083024415,0.08134620002965676,1.8735520998961874,96,9.341222824768569e-08,9.763325634071229e-08
105,252,310,29760,0.45,0.5625,0.0,0,0,0,0,0,0,2.406512327093519,0.9563110252748035,1.000138929506956,0.9563110252748035,1.000138929506956,0,0.0,0,0.0,0.0,96,0,0,0,0.023386599990772083,0.24361041657054253,0.5977877000550507,6.2269552089067775,0.5941362000012305,0.0,1.4231377000105567,14.824351041776632,0.09015810003620572,2.0443120000563795,96,9.745372197590696e-08,9.786031526792804e-08
105,253,312,29952,0.45,0.5625,0.0,0,0,0,0,0,0,2.5204689511648684,0.957072736744779,1.0,0.957072736744779,1.0,0,0.0,0,0.0,0.0,96,0,0,0,0.021814900013851002,0.22723854181094794,0.5792459999793209,6.0338124997845926,0.5757363000157056,0.0,1.3357402000037837,13.91396041670608,0.08826829999452457,1.9368010999969556,96,9.785927077357592e-08,8.446844931842001e-08
105,254,313,30048,0.45,0.5625,0.0,0,0,0,0,0,0,2.6020429182476192,0.9568288065455034,1.0,0.9568288065455034,1.0,0,0.0,0,0.0,0.0,96,0,0,0,0.023120600038964767,0.24083958373921632,0.5472355000310927,5.700369791990549,0.5439200999608147,0.0,1.2735355000404525,13.265994792088046,0.08059069998853374,1.84389160011051,96,9.632559369067428e-08,8.406318377507382e-08
105,255,314,30144,0.45,0.5625,0.0,0,0,0,0,0,0,1.642737487857131,0.9606666116187037,1.0,0.9606666116187037,1.0,0,0.0,0,0.0,0.0,96,0,0,0,0.021814599982462823,0.22723541648398773,0.5672756999992998,5.909121874992707,0.5637709000220639,0.0,1.3463790999376215,14.02478229101689,0.08732010000676382,1.9354693999193842,96,9.908692137627906e-08,4.8577107128466857e-08
105,256,315,30240,0.45,0.5625,0.0,0,0,0,0,0,0,1.3872199229770774,0.9626846192076264,1.0,0.9626846192076264,1.0,0,0.0,0,0.0,0.0,96,0,0,0,0.024648799990245607,0.2567583332317251,0.640734299995529,6.674315624953427,0.6368362000066554,0.0,1.497118000064802,15.594979167341686,0.09776209999836283,2.1625011000505765,96,9.812477020374258e-08,6.703684961306688e-08
105,257,316,30336,0.45,0.5625,0.0,0,0,0,0,0,0,2.3133835382754793,0.9564353237675309,1.0014559878433051,0.9564353237675309,1.0014559878433051,0,0.0,0,0.0,0.0,96,0,0,0,0.020407999982126057,0.21258333314714642,0.517388500040397,5.389463542087469,0.5141720000101486,0.0,1.197098200005712,12.469772916726166,0.07859630000893958,1.734894700028235,96,9.99193822733696e-08,9.895269076354296e-08
105,258,317,30432,0.45,0.5625,0.0,0,0,0,0,0,0,2.411873440743689,0.9563275674966062,1.001416620924549,0.9563275674966062,1.001416620924549,0,0.0,0,0.0,0.0,96,0,0,0,0.02168040003743954,0.2258375003899952,0.5720088000089163,5.958425000092878,0.568558099999791,0.0,1.3438960999337723,13.998917707643463,0.08810490002360893,1.9375852999801282,96,9.760622740606628e-08,8.718908331428743e-08
105,259,320,30720,0.45,0.5625,0.0,0,0,0,0,0,0,2.3779329538800176,0.9569202660154625,1.0010648164936526,0.9569202660154625,1.0010648164936526,0,0.0,0,0.0,0.0,96,0,0,0,0.020212100011121947,0.21054270844918696,0.5098803999935626,5.3112541665996105,0.5067918000204372,0.0,1.194888300022285,12.446753125232135,0.07907720002549468,1.7249808000269695,96,9.916006776973518e-08,9.777273407562959e-08
105,260,321,30816,0.45,0.5625,0.0,0,0,0,0,0,0,1.7122021062730477,0.9599928673746239,1.0,0.9599928673746239,1.0,0,0.0,0,0.0,0.0,96,0,0,0,0.0218217999645276,0.2273104162971625,0.5673471999471076,5.909866666115704,0.5638485999443219,0.0,1.3088233999806107,13.633577083131362,0.08317790003638947,1.8979923998922459,96,9.507553641076305e-08,6.149673978383952e-08
105,261,322,30912,0.45,0.5625,0.0,0,0,0,0,0,0,1.359362298968702,0.962332743241597,1.0010618103540467,0.962332743241597,1.0010618103540467,0,0.0,0,0.0,0.0,96,0,0,0,0.0220978999932413,0.2301864582629302,0.5963232000649441,6.211700000676501,0.5927232000321965,0.0,1.3752186999772675,14.32519479142987,0.08875430000625784,1.993639800035453,96,9.266844746419478e-08,5.3583325484996e-08
105,262,323,31008,0.45,0.5625,0.0,0,0,0,0,0,0,2.6967195593862385,0.9561619494309006,1.0,0.9561619494309006,1.0,0,0.0,0,0.0,0.0,96,0,0,0,0.022406499963835813,0.2334010412899564,0.5779063000445603,6.019857292130837,0.5744319999939762,0.0,1.331718100082071,13.872063542521573,0.08830269997997675,1.9320309000904672,96,8.195006405246896e-08,9.24707554972315e-08
105,263,324,31104,0.45,0.5625,0.0,0,0,0,0,0,0,2.735230318057993,0.95614250397857,1.0,0.95614250397857,1.0,0,0.0,0,0.0,0.0,96,0,0,0,0.020075200038263574,0.20911666706524557,0.5118131999843172,5.331387499836637,0.508776399983617,0.0,1.1715069000347285,12.203196875361755,0.07592559999466175,1.7033953000573092,96,9.884851362787495e-08,9.710172041432763e-08
105,264,325,31200,0.45,0.5625,0.0,0,0,0,0,0,0,2.3896937565198937,0.9561418269346129,1.0027747861834273,0.9561418269346129,1.0027747861834273,0,0.0,0,0.0,0.0,96,0,0,0,0.02162280003540218,0.2252375003687727,0.5638863000058336,5.873815625060767,0.5604400000156602,0.0,1.3032131000363734,13.575136458712223,0.08352749996993225,1.8887222000776092,96,9.591537643120762e-08,9.321419677799092e-08
105,265,326,31296,0.45,0.5625,0.0,0,0,0,0,0,0,2.5371986093338745,0.9550562511952333,1.0016987429008406,0.9550562511952333,1.0016987429008406,0,0.0,0,0.0,0.0,96,0,0,0,0.020250100002158433,0.21093854168915036,0.5073538000506232,5.284935417193992,0.504196299938485,0.0,1.1774383000010857,12.264982291677976,0.0761690999934217,1.7050422000538674,96,9.899402126159473e-08,8.387745387139489e-08
105,266,327,31392,0.45,0.5625,0.0,0,0,0,0,0,0,2.4170067150293426,0.955911067983446,1.0007141025150357,0.955911067983446,1.0007141025150357,0,0.0,0,0.0,0.0,96,0,0,0,0.0213085999712348,0.22196458303369582,0.5405552000302123,5.630783333648044,0.5372318999798154,0.0,1.2354037000550306,12.868788542239903,0.08091959998273524,1.7972675000564777,96,9.83636373914909e-08,9.645106033295825e-08
105,267,328,31488,0.45,0.5625,0.0,0,0,0,0,0,0,1.7047077364916623,0.9601138122590499,1.0,0.9601138122590499,1.0,0,0.0,0,0.0,0.0,96,0,0,0,0.0224975999808521,0.23434999980054272,0.5887552999774925,6.132867708098881,0.5852481999827432,0.0,1.3461468999448698,14.022363541092394,0.08800740001606755,1.9573997999032144,96,9.523989410488432e-08,6.006955100001932e-08
105,268,331,31776,0.45,0.5625,0.0,0,0,0,0,0,0,2.870122656831415,0.9548602502043861,1.0002366749357505,0.9548602502043861,1.0002366749357505,0,0.0,0,0.0,0.0,96,0,0,0,0.02463479997095419,0.2566124996974395,0.6610873999889009,6.886327083217718,0.6571296000183793,0.0,1.5195339000056265,15.82847812505861,0.09829379999428056,2.2052560999654816,96,7.827306372498732e-08,8.432543621705868e-08
105,269,332,31872,0.45,0.5625,0.0,0,0,0,0,0,0,2.63626224358329,0.9564792990377213,1.0003287988854244,0.9564792990377213,1.0003287988854244,0,0.0,0,0.0,0.0,96,0,0,0,0.020339800015790388,0.21187291683114987,0.5329905999460607,5.551985416104799,0.5297308999724919,0.0,1.2220371000439627,12.729553125457945,0.07919899996340973,1.7753675000058138,96,5.728601546253764e-08,9.837476014351587e-08
105,270,333,31968,0.45,0.5625,0.0,0,0,0,0,0,0,2.792525509643827,0.9560346722774513,1.0,0.9560346722774513,1.0,0,0.0,0,0.0,0.0,96,0,0,0,0.023189799998363014,0.24156041664961472,0.6344525000167778,6.6088802085081015,0.6306909000122687,0.0,1.4917882000590907,15.539460417282195,0.09597149999171961,2.1494305000742315,96,6.28592269381889e-08,9.694982081032144e-08
105,271,334,32064,0.45,0.5625,0.0,0,0,0,0,0,0,2.576338700339977,0.9574036485917903,1.0,0.9574036485917903,1.0,0,0.0,0,0.0,0.0,96,0,0,0,0.022910899999260437,0.23865520832562956,0.616907599986007,6.426120833187572,0.6132265999767696,0.0,1.4068696999820531,14.654892708146386,0.09009239999431884,2.0466881999673205,96,4.9761874169884646e-08,9.594712968574726e-08
105,272,335,32160,0.45,0.5625,0.0,0,0,0,0,0,0,1.7837670730114783,0.9603463393593914,1.0,0.9603463393593914,1.0,0,0.0,0,0.0,0.0,96,0,0,0,0.023372999974526465,0.24346874973465069,0.6335215000217431,6.5991822918931575,0.629698999960965,0.0,1.464715899892326,15.257457290545062,0.09431570003653178,2.1216103998885956,96,9.691857641089263e-08,5.343239871391514e-08
105,273,336,32256,0.45,0.5625,0.0,0,0,0,0,0,0,1.6237230893817713,0.9610075000252407,1.0,0.9610075000252407,1.0,0,0.0,0,0.0,0.0,96,0,0,0,0.022723900066921487,0.2367072923637655,0.6187103999982355,6.44489999998162,0.6150798000162467,0.0,1.433123599999817,14.928370833331428,0.09264550003717886,2.074557900064974,96,9.651118233582057e-08,5.115412884948434e-08
105,274,337,32352,0.45,0.5625,0.0,0,0,0,0,0,0,3.019304710374669,0.9544315562707864,1.0,0.9544315562707864,1.0,0,0.0,0,0.0,0.0,96,0,0,0,0.020709700023871846,0.21572604191533173,0.5282833999444847,5.502952082755049,0.5250691999317496,0.0,1.2311941000371007,12.824938542053133,0.08093739995092619,1.7801872000054573,96,9.367986879282864e-08,9.715812487876008e-08
105,275,338,32448,0.45,0.5625,0.0,0,0,0,0,0,0,3.0752707506893833,0.9536891140076023,1.0,0.9536891140076023,1.0,0,0.0,0,0.0,0.0,96,0,0,0,0.022284499995294027,0.23213020828431277,0.5688908999436535,5.925946874413057,0.565429300055257,0.0,1.3310051999796997,13.864637499788538,0.08502230002341093,1.9221805999186472,96,9.661163188900979e-08,9.379592158520467e-08
105,276,339,32544,0.45,0.5625,0.0,0,0,0,0,0,0,3.066439237505462,0.9545906544994909,1.0,0.9545906544994909,1.0,0,0.0,0,0.0,0.0,96,0,0,0,0.021490799976163544,0.22386249975170358,0.5196823000005679,5.4133572916725825,0.5164355999804684,0.0,1.1946862999684527,12.444648958004715,0.07715750001807464,1.7358593999451841,96,8.243468359314665e-08,9.997294658781186e-08
105,277,340,32640,0.45,0.5625,0.0,0,0,0,0,0,0,2.7409542617300064,0.9536915615006627,1.0026711542737246,0.9536915615006627,1.0026711542737246,0,0.0,0,0.0,0.0,96,0,0,0,0.022054699962609448,0.22973645794384842,0.5911743000106071,6.158065625110491,0.5876174999793875,0.0,1.390832600016438,14.487839583504561,0.08891109997784952,2.0040615999896545,96,9.926019096939687e-08,9.891082591861888e-08
105,278,343,32928,0.45,0.5625,0.0,0,0,0,0,0,0,1.6254433347211128,0.9608339981997107,1.0,0.9608339981997107,1.0,0,0.0,0,0.0,0.0,96,0,0,0,0.02140770002733916,0.22299687528478293,0.5338509000575868,5.560946875599863,0.5306216000390123,0.0,1.2508484000281896,13.029670833626975,0.08215360000031069,1.8061070001131156,96,9.876850383568059e-08,7.045274898198617e-08
105,279,344,33024,0.45,0.5625,0.0,0,0,0,0,0,0,3.0219024396856033,0.9543262601494097,1.0,0.9543262601494097,1.0,0,0.0,0,0.0,0.0,96,0,0,0,0.020670400008384604,0.2153166667540063,0.5307853000413161,5.529013542097043,0.5275840000394965,0.0,1.2199836000945652,12.708162500985054,0.07927499993093079,1.7714393001442659,96,9.116944755561962e-08,9.896707273138183e-08
105,280,345,33120,0.45,0.5625,0.0,0,0,0,0,0,0,3.0800577967364062,0.9540688149220641,1.0,0.9540688149220641,1.0,0,0.0,0,0.0,0.0,96,0,0,0,0.021751299980678596,0.22657604146540203,0.5653510000702227,5.889072917398153,0.5619011000235332,0.0,1.3399318999872776,13.957623958200807,0.08562590001383796,1.9270342000381788,96,9.034969501720003e-08,9.506662262959154e-08
105,281,346,33216,0.45,0.5625,0.0,0,0,0,0,0,0,2.861952898784388,0.9530640912134704,1.002119097090203,0.9530640912134704,1.002119097090203,0,0.0,0,0.0,0.0,96,0,0,0,0.02302169996983139,0.23980937468574362,0.5817988999915542,6.060405208245356,0.57830400003877,0.0,1.342577999981586,13.985187499808186,0.08547990001534345,1.9473985999429715,96,9.668777724639033e-08,9.84003076243134e-08
105,282,347,33312,0.45,0.5625,0.0,0,0,0,0,0,0,2.99844255685759,0.9536460709086002,1.0006870793182079,0.9536460709086002,1.0006870793182079,0,0.0,0,0.0,0.0,96,0,0,0,0.021539800021855626,0.22437291689432945,0.5448583999313996,5.675608332618746,0.5414449999734643,0.0,1.2578652000738657,13.102762500769435,0.08105769995745504,1.824263400027121,96,9.939102790790244e-08,9.503935319288281e-08
105,283,348,33408,0.45,0.5625,0.0,0,0,0,0,0,0,2.580901464271834,0.9567269457747797,1.0003347997980188,0.9567269457747797,1.0003347997980188,0,0.0,0,0.0,0.0,96,0,0,0,0.02118409995455295,0.22066770785992654,0.5388224000489572,5.6127333338433045,0.5355180000406108,0.0,1.2243709999820567,12.753864583146424,0.07656490000226768,1.7843774999855668,96,5.4332012135865915e-08,9.989914270813749e-08
105,284,349,33504,0.45,0.5625,0.0,0,0,0,0,0,0,1.7812601054540975,0.959946454225762,1.0,0.959946454225762,1.0,0,0.0,0,0.0,0.0,96,0,0,0,0.025228199956472963,0.26279374954659335,0.6549382000448531,6.822272917133887,0.6509092000123928,0.0,1.5412188000263995,16.054362500274994,0.10005080000701128,2.2213852000277257,96,9.252196304238014e-08,6.437075580900675e-08
105,285,351,33696,0.45,0.5625,0.0,0,0,0,0,0,0,2.722456505421824,0.9562758714131447,1.0,0.9562758714131447,1.0,0,0.0,0,0.0,0.0,96,0,0,0,0.02721549992565997,0.28349479089229135,0.6859541999583598,7.145356249566248,0.6817142999716452,0.0,1.5657608000256005,16.310008333600006,0.10451909997937037,2.2789304999096203,96,9.994601638495249e-08,9.669567563319603e-08
105,286,352,33792,0.45,0.5625,0.0,0,0,0,0,0,0,2.784224553560788,0.9566641714777893,1.0,0.9566641714777893,1.0,0,0.0,0,0.0,0.0,96,0,0,0,0.0243647999886889,0.25379999988217605,0.6336527000312344,6.600548958658692,0.6298071000201162,0.0,1.5062183999980334,15.689774999979516,0.09697490002872655,2.1642359000179567,96,5.550323808195534e-08,8.335598516984177e-08
105,287,353,33888,0.45,0.5625,0.0,0,0,0,0,0,0,2.6162320372846652,0.957370292425915,1.0,0.957370292425915,1.0,0,0.0,0,0.0,0.0,96,0,0,0,0.026387600009911694,0.27487083343658014,0.6787306000114768,7.070110416786217,0.6743805000296561,0.0,1.5430806000440498,16.073756250458853,0.10134509995987173,2.2481988000654383,96,9.435436837228195e-08,8.233670384383274e-08
105,288,354,33984,0.45,0.5625,0.0,0,0,0,0,0,0,2.4706412488259066,0.9578855279437065,1.0,0.9578855279437065,1.0,0,0.0,0,0.0,0.0,96,0,0,0,0.024916599999414757,0.25954791666057037,0.6631561000322108,6.907876042002196,0.6590685000846861,0.0,1.504192799977318,15.668674999763727,0.09679000001051463,2.1922655000089435,96,9.852314027114506e-08,9.02863657448183e-08
105,289,355,34080,0.45,0.5625,0.0,0,0,0,0,0,0,1.9781054010471233,0.9588722992200752,1.0,0.9588722992200752,1.0,0,0.0,0,0.0,0.0,96,0,0,0,0.02400830000260612,0.25008645836048043,0.6016413000761531,6.2670968757932615,0.5979203000024427,0.0,1.3896386000196799,14.475402083538333,0.08837260002474068,2.015288200098439,96,9.73622208116226e-08,9.74473729487002e-08
105,290,356,34176,0.45,0.5625,0.0,0,0,0,0,0,0,1.4745265561925978,0.9620347584646074,1.0,0.9620347584646074,1.0,0,0.0,0,0.0,0.0,96,0,0,0,0.02370139997219667,0.24688958304371528,0.5792583999864291,6.033941666525304,0.5755638999908115,0.0,1.3631017999941832,14.198977083272743,0.08868960001564119,1.966061599952809,96,9.352253729257021e-08,4.838287159802945e-08
105,291,357,34272,0.45,0.5625,0.0,0,0,0,0,0,0,1.1331033539371702,0.9665354321533046,1.0,0.9665354321533046,1.0,0,0.0,0,0.0,0.0,96,0,0,0,0.022531199945660774,0.23469999943396638,0.5658167999208672,5.8939249991757,0.5622220000441303,0.0,1.3193386999773793,13.743111458097701,0.0844420000212267,1.9076866998439073,96,9.785125007141793e-08,5.016402203350534e-08
105,292,358,34368,0.45,0.5625,0.0,0,0,0,0,0,0,1.0554288090947157,0.9679088149323677,1.0,0.9679088149323677,1.0,0,0.0,0,0.0,0.0,96,0,0,0,0.02183829993737163,0.22748229101428782,0.572518100074376,5.963730209108083,0.5690379999869037,0.0,1.336181899991061,13.91856145824022,0.08613910001440672,1.9305383000028087,96,9.794049005834582e-08,4.9999584750271e-08
105,293,359,34464,0.45,0.5625,0.0,0,0,0,0,0,0,1.0651968327129726,0.9670052444711414,1.002309064368613,0.9670052444711414,1.002309064368613,0,0.0,0,0.0,0.0,96,0,0,0,0.023627099995792378,0.24611562495617062,0.5924968999897828,6.1718427082269045,0.588882999974885,0.0,1.3914682999893557,14.494461458222455,0.09096890004002489,2.007592299974931,96,9.942724555137006e-08,5.005953075676306e-08
105,294,360,34560,0.45,0.5625,0.0,0,0,0,0,0,0,1.473796570703581,0.9615001058733629,1.0,0.9615001058733629,1.0,0,0.0,0,0.0,0.0,96,0,0,0,0.024483999994117767,0.2550416666053934,0.642117200026405,6.688720833608386,0.6381240999835427,0.0,1.4999678000604035,15.624664583962536,0.09508979998645373,2.1665690000809263,96,9.90139550297725e-08,8.550651714456237e-08
105,295,361,34656,0.45,0.5625,0.0,0,0,0,0,0,0,1.5723640677705786,0.9611999464509308,1.0,0.9611999464509308,1.0,0,0.0,0,0.0,0.0,96,0,0,0,0.024354799978027586,0.25369583310445404,0.6110521000518929,6.365126042207218,0.6073363999894354,0.0,1.3964000000196393,14.545833333537908,0.08946930000092834,2.0318069000495598,96,9.791270490569493e-08,5.0216433997163357e-08
105,296,362,34752,0.45,0.5625,0.0,0,0,0,0,0,0,1.464667532624189,0.960861218341535,1.0022525517944647,0.960861218341535,1.0022525517944647,0,0.0,0,0.0,0.0,96,0,0,0,0.022887299994181376,0.23840937493938932,0.6031824000092456,6.283150000096309,0.5995235000154935,0.0,1.381906899943715,14.394863541080364,0.08947640003316337,2.007976599947142,96,9.355517669590308e-08,6.468926200264846e-08
105,297,363,34848,0.45,0.5625,0.0,0,0,0,0,0,0,1.3328235856054982,0.9636336890433852,1.0,0.9636336890433852,1.0,0,0.0,0,0.0,0.0,96,0,0,0,0.023019400017801672,0.23978541685210075,0.5981618000150775,6.23085208349039,0.5944845000049099,0.0,1.403792799988878,14.622841666550812,0.09246520001033787,2.024974000021757,96,9.969599224727427e-08,6.113201889146325e-08
105,298,364,34944,0.45,0.5625,0.0,0,0,0,0,0,0,1.0486169413271726,0.9656165804381591,1.0002287128574927,0.9656165804381591,1.0002287128574927,0,0.0,0,0.0,0.0,96,0,0,0,0.022885300000780262,0.2383885416747944,0.5809690999958548,6.051761458290154,0.5773989000081201,0.0,1.3084420999293798,13.629605207597706,0.08356180004193448,1.9122964999260148,96,9.52358916294499e-08,4.906612484367745e-08
