candidate_id,scenario_index,day_index,t0,pv_s_scale,svc_q_scale,cap_total_mvar,risk,under_risk,over_risk,under_steps,over_steps,pf_fail,daily_loss_mwh,vmin,vmax,raw_vmin,raw_vmax,intervention_steps,intervention_rate,projection_failures,mean_correction_norm,max_correction_norm,power_flow_previews,projection_iterations,steps_within_0_001_of_reporting_limit,steps_within_0_001_of_projection_guard,actor_total_seconds,actor_mean_ms,projection_total_seconds,projection_mean_ms,preview_total_seconds,optimiser_total_seconds,execution_total_seconds,execution_mean_ms,balance_audit_total_seconds,online_path_total_seconds,completed_steps,max_p_balance_residual_mw,max_q_balance_residual_mvar
105,0,2,192,0.45,0.5625,0.0,0,0,0,0,0,0,2.2902572569728754,0.9546077807853995,1.0,0.9546077807853995,1.0,0,0.0,0,0.0,0.0,96,0,0,0,0.02740669998456724,0.2854864581725754,0.7059710999892559,7.3538656248880825,0.7016048000004957,0.0,1.6463106999872252,17.149069791533595,0.10529370000585914,2.3796884999610484,96,9.724369592553628e-08,9.801330483338866e-08
105,1,3,288,0.45,0.5625,0.0,0,0,0,0,0,0,2.3484689282221773,0.9553267845818564,1.0,0.9553267845818564,1.0,0,0.0,0,0.0,0.0,96,0,0,0,0.02613649998238543,0.2722552081498482,0.7070585999827017,7.3651937498198095,0.7027594000246609,0.0,1.6385970000192174,17.06871875020018,0.10546160000376403,2.3717920999843045,96,9.444637607582129e-08,8.951610550034239e-08
105,2,4,384,0.45,0.5625,0.0,0,0,0,0,0,0,2.202090018041855,0.9556977044750189,1.0,0.9556977044750189,1.0,0,0.0,0,0.0,0.0,96,0,0,0,0.028936299931956455,0.30141979095787974,0.7495689000134007,7.808009375139591,0.7450059999828227,0.0,1.7117843000596622,17.831086458954815,0.10827429994969862,2.4902895000050194,96,9.713744477182762e-08,8.51018060188391e-08
105,3,5,480,0.45,0.5625,0.0,0,0,0,0,0,0,1.9095791497320092,0.958366400906427,1.0004195583082898,0.958366400906427,1.0004195583082898,0,0.0,0,0.0,0.0,96,0,0,0,0.02638909997040173,0.27488645802501804,0.7082146999964607,7.377236458296466,0.7039766000016243,0.0,1.6220505999372108,16.896360416012612,0.10442880001210142,2.356654399904073,96,9.993782622633174e-08,9.140751593139651e-08
105,4,6,576,0.45,0.5625,0.0,0,0,0,0,0,0,1.770847387727407,0.9598382128395857,1.0,0.9598382128395857,1.0,0,0.0,0,0.0,0.0,96,0,0,0,0.029786799968860578,0.3102791663422977,0.7788333999778843,8.112847916436294,0.7739387999754399,0.0,1.7893104999966454,18.63865104163172,0.11375040002167225,2.59793069994339,96,9.870399562787735e-08,7.101010571219923e-08
105,5,7,672,0.45,0.5625,0.0,0,0,0,0,0,0,1.4500719162839073,0.9625925918510507,1.0,0.9625925918510507,1.0,0,0.0,0,0.0,0.0,96,0,0,0,0.026110299972060602,0.2719822913756313,0.6990285999927437,7.28154791659108,0.6946857999646454,0.0,1.622838799994497,16.90457083327601,0.10341530001460342,2.3479776999593014,96,9.76729975978724e-08,8.406562980456389e-08
105,6,8,768,0.45,0.5625,0.0,0,0,0,0,0,0,2.4335586963637175,0.954225476846911,1.0,0.954225476846911,1.0,0,0.0,0,0.0,0.0,96,0,0,0,0.028194200014695525,0.2936895834864117,0.7277820000017527,7.581062500018258,0.7231007000373211,0.0,1.684838499990292,17.55040104156554,0.10701969999354333,2.44081470000674,96,9.950239347744638e-08,9.99561633463486e-08
105,7,10,960,0.45,0.5625,0.0,0,0,0,0,0,0,2.662081143846483,0.9523984738855764,1.0,0.9523984738855764,1.0,0,0.0,0,0.0,0.0,96,0,0,0,0.026463300004252233,0.2756593750442941,0.6876623999705771,7.163149999693512,0.6834608000208391,0.0,1.5935809000366135,16.599801042048057,0.10305079999670852,2.307706600011443,96,8.667416482449619e-08,9.9505360201535e-08
105,8,11,1056,0.45,0.5625,0.0,0,0,0,0,0,0,2.464700115689672,0.9539230963995263,1.0,0.9539230963995263,1.0,0,0.0,0,0.0,0.0,96,0,0,0,0.02667299996392103,0.2778437496241774,0.6846069999446627,7.1313229160902365,0.6802948999975342,0.0,1.5946151000098325,16.610573958435754,0.10335370001848787,2.3058950999184162,96,9.380695846841758e-08,9.746588140735479e-08
105,9,12,1152,0.45,0.5625,0.0,0,0,0,0,0,0,2.490101438061351,0.9543353635256621,1.0,0.9543353635256621,1.0,0,0.0,0,0.0,0.0,96,0,0,0,0.029317199987417553,0.3053874998689328,0.7758483000216074,8.081753125225077,0.7710591000577551,0.0,1.738626199978171,18.11068958310595,0.11112659998616436,2.543791699987196,96,9.785754005731118e-08,9.730190958512352e-08
105,10,13,1248,0.45,0.5625,0.0,0,0,0,0,0,0,1.7051893940517717,0.9606359448419137,1.0,0.9606359448419137,1.0,0,0.0,0,0.0,0.0,96,0,0,0,0.027691300034348387,0.28845104202446237,0.7312146000112989,7.616818750117697,0.7266936999876634,0.0,1.6993496999202762,17.701559374169545,0.10900410003523575,2.4582555999659235,96,9.983523647540127e-08,8.705261081431992e-08
105,11,14,1344,0.45,0.5625,0.0,0,0,0,0,0,0,1.448404949162229,0.9619051774461734,1.0,0.9619051774461734,1.0,0,0.0,0,0.0,0.0,96,0,0,0,0.02930340004968457,0.3052437505175476,0.7800550000247313,8.125572916924284,0.7751284999903874,0.0,1.7933694999519503,18.680932291166148,0.11594909999985248,2.602727900026366,96,9.426927985618783e-08,6.891869221148372e-08
105,12,16,1536,0.45,0.5625,0.0,0,0,0,0,0,0,2.5159075939007076,0.9531341407793328,1.0,0.9531341407793328,1.0,0,0.0,0,0.0,0.0,96,0,0,0,0.02737870006239973,0.28519479231666384,0.7295392000160064,7.5993666668334,0.725040400022408,0.0,1.6967184999739402,17.67415104139521,0.10914370006503304,2.4536364000523463,96,9.88741818974681e-08,9.687727307861049e-08
105,13,17,1632,0.45,0.5625,0.0,0,0,0,0,0,0,2.5317284606061836,0.9534068731228732,1.0,0.9534068731228732,1.0,0,0.0,0,0.0,0.0,96,0,0,0,0.027388900001824368,0.2853010416856705,0.713052599960065,7.42763124958401,0.7086062000162201,0.0,1.660494900032063,17.29682187533399,0.1038687999753165,2.4009363999939524,96,9.812174885971692e-08,9.907728623637091e-08
105,14,18,1728,0.45,0.5625,0.0,0,0,0,0,0,0,2.4349768600975894,0.9534538439541671,1.0003172207792144,0.9534538439541671,1.0003172207792144,0,0.0,0,0.0,0.0,96,0,0,0,0.026570400026685093,0.2767750002779697,0.7200648000216461,7.50067500022548,0.7156948999836459,0.0,1.655566099951102,17.245480207823977,0.1053715000016382,2.402201299999433,96,5.568844210421253e-08,9.795743098617304e-08
105,15,19,1824,0.45,0.5625,0.0,0,0,0,0,0,0,2.305311647596081,0.9547438787913177,1.000395164853569,0.9547438787913177,1.000395164853569,0,0.0,0,0.0,0.0,96,0,0,0,0.026639700008672662,0.2774968750903402,0.6969884000282036,7.260295833627121,0.6926462000192259,0.0,1.6201231000304688,16.87628229198405,0.10780920000252081,2.343751200067345,96,9.871614058305778e-08,9.587831251156587e-08
105,16,20,1920,0.45,0.5625,0.0,0,0,0,0,0,0,1.6096791830431962,0.960165777918734,1.0020276051108905,0.960165777918734,1.0020276051108905,0,0.0,0,0.0,0.0,96,0,0,0,0.02766390000033425,0.2881656250034818,0.7251969999852008,7.5541354165125085,0.7206934999703662,0.0,1.6830592999685905,17.53186770800615,0.1098370000399882,2.4359201999541256,96,9.997254238856834e-08,8.547795131430558e-08
105,17,21,2016,0.45,0.5625,0.0,0,0,0,0,0,0,1.384809324844975,0.9615383543876197,1.0028669009765978,0.9615383543876197,1.0028669009765978,0,0.0,0,0.0,0.0,96,0,0,0,0.027186499995877966,0.2831927082903955,0.6883686999353813,7.170507290993555,0.684047599992482,0.0,1.6259551000257488,16.937032291934884,0.10694669999793405,2.341510299957008,96,8.644121769936508e-08,6.510828653993883e-08
105,18,22,2112,0.45,0.5625,0.0,0,0,0,0,0,0,2.4495711831919005,0.9532809589277695,1.0,0.9532809589277695,1.0,0,0.0,0,0.0,0.0,96,0,0,0,0.02699819994450081,0.28123124942188343,0.6987700999961817,7.278855208293559,0.694447100002435,0.0,1.6452398000328685,17.137914583675713,0.10991119998652721,2.371008099973551,96,9.98757409068074e-08,9.760289923499421e-08
105,19,23,2208,0.45,0.5625,0.0,0,0,0,0,0,0,2.661613169071609,0.952804304090464,1.0,0.952804304090464,1.0,0,0.0,0,0.0,0.0,96,0,0,0,0.028399799994076602,0.29583124993829796,0.7360866999588325,7.667569791237838,0.7316576999946847,0.0,1.6884253999451175,17.58776458276164,0.10980330003076233,2.4529118998980266,96,9.82378072205553e-08,9.991984017965194e-08
105,20,24,2304,0.45,0.5625,0.0,0,0,0,0,0,0,2.5880951167039172,0.9531111882518405,1.0,0.9531111882518405,1.0,0,0.0,0,0.0,0.0,96,0,0,0,0.027566800003114622,0.28715416669911065,0.7205431000111275,7.505657291782579,0.7161487000412308,0.0,1.6435662999210763,17.120482290844546,0.10845540004083887,2.3916761999353184,96,9.900841625720691e-08,9.802267011971288e-08
105,21,25,2400,0.45,0.5625,0.0,0,0,0,0,0,0,2.3379850365141968,0.9531126857488075,1.0026075210879468,0.9531126857488075,1.0026075210879468,0,0.0,0,0.0,0.0,96,0,0,0,0.028009500019834377,0.2917656252066081,0.7145734999867273,7.443473958195075,0.7101224999787519,0.0,1.6230031000013696,16.906282291680935,0.10339769997517578,2.3655861000079312,96,9.856715665890192e-08,9.929250074924845e-08
105,22,26,2496,0.45,0.5625,0.0,0,0,0,0,0,0,2.216874429934958,0.9544818613907561,1.0039431130574232,0.9544818613907561,1.0039431130574232,0,0.0,0,0.0,0.0,96,0,0,0,0.02782490001845872,0.28984270852561167,0.7220443999758572,7.5212958330818465,0.7175660000430071,0.0,1.7110942999934196,17.823898958264788,0.10944840000593103,2.4609635999877355,96,5.576547468591486e-08,9.80229365732388e-08
105,23,27,2592,0.45,0.5625,0.0,0,0,0,0,0,0,1.5563029292944497,0.9601557534005027,1.004680259322031,0.9601557534005027,1.004680259322031,0,0.0,0,0.0,0.0,96,0,0,0,0.028611000030650757,0.29803125031927874,0.7276898999989498,7.580103124989061,0.723224300025322,0.0,1.708639300071809,17.798326042414676,0.10796559998561861,2.4649402001014096,96,9.974723908824645e-08,8.880388889520585e-08
105,24,28,2688,0.45,0.5625,0.0,0,0,0,0,0,0,1.3359553283434726,0.9619733748182672,1.0030804358427137,0.9619733748182672,1.0030804358427137,0,0.0,0,0.0,0.0,96,0,0,0,0.029652000033820514,0.30887500035229704,0.767954600014491,7.999527083484281,0.7632295000294107,0.0,1.773196799971629,18.470799999704468,0.11315339997963747,2.5708034000199405,96,9.497503190153411e-08,7.210739116914056e-08
105,25,29,2784,0.45,0.5625,0.0,0,0,0,0,0,0,2.4339465157683984,0.9539178309046942,1.0,0.9539178309046942,1.0,0,0.0,0,0.0,0.0,96,0,0,0,0.027773399975558277,0.2893062497453987,0.7547231000062311,7.861698958398241,0.7501686999894446,0.0,1.7367132000581478,18.090762500605706,0.10950329995102948,2.519209700039937,96,8.783027419072276e-08,9.916033799628465e-08
105,26,30,2880,0.45,0.5625,0.0,0,0,0,0,0,0,2.4658292163809215,0.9547191820128811,1.0,0.9547191820128811,1.0,0,0.0,0,0.0,0.0,96,0,0,0,0.029301500027941074,0.30522395862438617,0.7708704000542639,8.029900000565249,0.7662120000313735,0.0,1.7638080999240628,18.373001040875653,0.11168630002794089,2.563980000006268,96,9.982701574227926e-08,9.700057299055764e-08
105,27,31,2976,0.45,0.5625,0.0,0,0,0,0,0,0,2.4075525673280804,0.9543164317505909,1.0,0.9543164317505909,1.0,0,0.0,0,0.0,0.0,96,0,0,0,0.029212199966423213,0.3042937496502418,0.7831045000202721,8.157338541877834,0.778339499993308,0.0,1.8037061999930302,18.788606249927398,0.11332160002348246,2.6160228999797255,96,9.366701712865133e-08,9.994882047004161e-08
105,28,32,3072,0.45,0.5625,0.0,0,0,0,0,0,0,2.266180601358612,0.954624529995774,1.0010518180051151,0.954624529995774,1.0010518180051151,0,0.0,0,0.0,0.0,96,0,0,0,0.02871679999952903,0.2991333333284274,0.7616339000014705,7.933686458348651,0.7570009999617469,0.0,1.774096000022837,18.48016666690455,0.1134924999641953,2.5644467000238365,96,9.071669939547666e-08,9.846114895628588e-08
105,29,33,3168,0.45,0.5625,0.0,0,0,0,0,0,0,2.219717730561236,0.9562829502581206,1.0,0.9562829502581206,1.0,0,0.0,0,0.0,0.0,96,0,0,0,0.027981499959423672,0.2914739579106633,0.7396472000327776,7.704658333674767,0.7351653999867267,0.0,1.7284018000646029,18.004185417339613,0.11056869998719776,2.496030500056804,96,9.334667508582861e-08,7.57528892392223e-08
105,30,34,3264,0.45,0.5625,0.0,0,0,0,0,0,0,1.457401575045103,0.9608368415670822,1.0022917040554342,0.9608368415670822,1.0022917040554342,0,0.0,0,0.0,0.0,96,0,0,0,0.028152400001999922,0.2932541666874992,0.769996200047899,8.020793750498948,0.7653155000371044,0.0,1.7820943000551779,18.563482292241435,0.11265339995588874,2.580242900105077,96,9.241209534584238e-08,7.85530109709276e-08
105,31,35,3360,0.45,0.5625,0.0,0,0,0,0,0,0,1.2107757988254035,0.9630056794488184,1.0015854727866655,0.9630056794488184,1.0015854727866655,0,0.0,0,0.0,0.0,96,0,0,0,0.028521300017018802,0.2970968751772792,0.7687312000416568,8.007616667100592,0.764093200014031,0.0,1.7676359000179218,18.41287395852002,0.11207069997180952,2.5648884000765975,96,9.975463118733208e-08,7.240467995994759e-08
105,32,36,3456,0.45,0.5625,0.0,0,0,0,0,0,0,2.2102957321033805,0.9553835515572008,1.0,0.9553835515572008,1.0,0,0.0,0,0.0,0.0,96,0,0,0,0.028243500004464295,0.2942031250465031,0.7631888999894727,7.94988437489034,0.7585354000111693,0.0,1.7795247000685777,18.53671562571435,0.11413729999185307,2.5709571000625147,96,9.599891678466199e-08,8.902687954892574e-08
105,33,37,3552,0.45,0.5625,0.0,0,0,0,0,0,0,2.373980979511684,0.9541568423938364,1.0,0.9541568423938364,1.0,0,0.0,0,0.0,0.0,96,0,0,0,0.028555500000948086,0.2974531250098759,0.762544400022307,7.943170833565697,0.7579816999786999,0.0,1.7652042999616242,18.38754479126692,0.11322189999918919,2.5563041999848792,96,9.573355211865697e-08,9.93198719101418e-08
105,34,40,3840,0.45,0.5625,0.0,0,0,0,0,0,0,2.3391508357253232,0.9551414562699891,1.0,0.9551414562699891,1.0,0,0.0,0,0.0,0.0,96,0,0,0,0.028758299959008582,0.29956562457300606,0.7692238000090583,8.012747916761024,0.7645523999963189,0.0,1.8358004999900004,19.122921874895837,0.117068899970036,2.6337825999580673,96,9.896776804324547e-08,8.822175476264071e-08
105,35,42,4032,0.45,0.5625,0.0,0,0,0,0,0,0,1.3439217183210777,0.9622473127281543,1.0008786782868813,0.9622473127281543,1.0008786782868813,0,0.0,0,0.0,0.0,96,0,0,0,0.028799100007745437,0.29999062508068164,0.778595600015251,8.110370833492198,0.7738385000120616,0.0,1.795597700009239,18.704142708429572,0.1117704000134836,2.6029924000322353,96,8.821955150770111e-08,6.557464619916242e-08
105,36,43,4128,0.45,0.5625,0.0,0,0,0,0,0,0,2.09944425647671,0.9537123105542894,1.0057912381774337,0.9537123105542894,1.0057912381774337,0,0.0,0,0.0,0.0,96,0,0,0,0.02841139997326536,0.2959520830548475,0.7493745000101626,7.805984375105861,0.7448017000278924,0.0,1.73567379994347,18.079935416077813,0.11116130003210856,2.513459699926898,96,9.282009073678654e-08,9.956162769220178e-08
105,37,44,4224,0.45,0.5625,0.0,0,0,0,0,0,0,2.0381612413322983,0.9550656681368296,1.0079290471231703,0.9550656681368296,1.0079290471231703,0,0.0,0,0.0,0.0,96,0,0,0,0.02923259996168781,0.3045062496009147,0.7484514999523526,7.796369791170339,0.7438816000139923,0.0,1.7658290000617853,18.39405208397693,0.11258049996104091,2.5435130999758258,96,9.916738342823084e-08,9.26811634383018e-08
105,38,45,4320,0.45,0.5625,0.0,0,0,0,0,0,0,1.9708554608858158,0.9550374029202586,1.0081785684939348,0.9550374029202586,1.0081785684939348,0,0.0,0,0.0,0.0,96,0,0,0,0.02825000003213063,0.29427083366802737,0.772521799961396,8.04710208293121,0.7679090999663458,0.0,1.7756865000410471,18.496734375427575,0.11423949998425087,2.5764583000345738,96,9.954275213136521e-08,9.315208111815299e-08
105,39,46,4416,0.45,0.5625,0.0,0,0,0,0,0,0,1.9980818944252023,0.9549481488801119,1.0057630590470037,0.9549481488801119,1.0057630590470037,0,0.0,0,0.0,0.0,96,0,0,0,0.029108499984431546,0.30321354150449525,0.7663349000140443,7.982655208479628,0.7616463999729604,0.0,1.7928485000447836,18.67550520879983,0.11402770000859164,2.5882919000432594,96,8.894753234303665e-08,9.425345760816217e-08
105,40,47,4512,0.45,0.5625,0.0,0,0,0,0,0,0,2.1873309106646524,0.9562514446302917,1.0,0.9562514446302917,1.0,0,0.0,0,0.0,0.0,96,0,0,0,0.027624699963780586,0.2877572912893811,0.7366382000254816,7.673314583598767,0.7322080000158167,0.0,1.6972741999998107,17.67993958333136,0.10805699994671158,2.461537099989073,96,9.050628102871827e-08,7.447167701957191e-08
105,41,48,4608,0.45,0.5625,0.0,0,0,0,0,0,0,1.459456598025308,0.9614043065530357,1.0001111807879774,0.9614043065530357,1.0001111807879774,0,0.0,0,0.0,0.0,96,0,0,0,0.02640209998935461,0.2750218748891105,0.69276999997237,7.216354166378854,0.6885116000266862,0.0,1.6356900999962818,17.038438541627936,0.10847680002916604,2.3548621999580064,96,9.063168300051105e-08,8.105330025209856e-08
105,42,50,4800,0.45,0.5625,0.0,0,0,0,0,0,0,2.262857293196881,0.954148137374194,1.0,0.954148137374194,1.0,0,0.0,0,0.0,0.0,96,0,0,0,0.02837430001818575,0.2955656251894349,0.7599029999764753,7.915656249754951,0.7551582000014605,0.0,1.780011500020919,18.54178645855124,0.11231079997378401,2.56828880001558,96,9.048378499590393e-08,9.699987257860698e-08
105,43,52,4992,0.45,0.5625,0.0,0,0,0,0,0,0,2.3963910975227236,0.9540088977566736,1.0,0.9540088977566736,1.0,0,0.0,0,0.0,0.0,96,0,0,0,0.02662700002110796,0.2773645835532079,0.6873582999614882,7.159982291265503,0.6830904000016744,0.0,1.622540799966373,16.901466666316384,0.10114930001145694,2.336526099948969,96,9.551365870962003e-08,9.910813725255707e-08
105,44,53,5088,0.45,0.5625,0.0,0,0,0,0,0,0,2.1588901933423332,0.9546548125831453,1.0007721085223547,0.9546548125831453,1.0007721085223547,0,0.0,0,0.0,0.0,96,0,0,0,0.025229299993952736,0.262805208270341,0.660039400048845,6.875410417175469,0.6560707000026014,0.0,1.5461036999695352,16.10524687468266,0.10034590002760524,2.231372400012333,96,9.282223944334644e-08,9.766260869459309e-08
105,45,54,5184,0.45,0.5625,0.0,0,0,0,0,0,0,1.9217853319144325,0.9572137432913292,1.0030319325574035,0.9572137432913292,1.0030319325574035,0,0.0,0,0.0,0.0,96,0,0,0,0.029399800034298096,0.3062479170239385,0.7579614999849582,7.895432291509982,0.7532946999926935,0.0,1.7342625999372103,18.06523541601261,0.11109990000113612,2.5216238999564666,96,9.999897748400044e-08,9.199335473941694e-08
105,46,55,5280,0.45,0.5625,0.0,0,0,0,0,0,0,1.2834569624825252,0.9616165844750993,1.006823322745968,0.9616165844750993,1.006823322745968,0,0.0,0,0.0,0.0,96,0,0,0,0.028715299937175587,0.2991177076789124,0.7434739999807789,7.744520833133113,0.738810300026671,0.0,1.699509499987471,17.703223958202823,0.10897099998692283,2.4716987999054254,96,9.06924970626305e-08,6.718456117826843e-08
105,47,58,5568,0.45,0.5625,0.0,0,0,0,0,0,0,2.05583390420693,0.9563022460537703,1.0010374363227614,0.9563022460537703,1.0010374363227614,0,0.0,0,0.0,0.0,96,0,0,0,0.027953800054092426,0.2911854172301294,0.7587188000252354,7.903320833596203,0.7540865999471862,0.0,1.7777182999707293,18.51789895802843,0.11569280001276638,2.564390900050057,96,9.842046804278692e-08,7.764396070530921e-08
105,48,59,5664,0.45,0.5625,0.0,0,0,0,0,0,0,2.049327022412625,0.9568786619107408,1.001043217128278,0.9568786619107408,1.001043217128278,0,0.0,0,0.0,0.0,96,0,0,0,0.027163099955942016,0.282948957874396,0.7416317000170238,7.725330208510665,0.7371346999934758,0.0,1.7483503999465029,18.21198333277607,0.11310550003690878,2.5171451999194687,96,9.939403873733543e-08,7.139780891507463e-08
105,49,61,5856,0.45,0.5625,0.0,0,0,0,0,0,0,1.7460057551338195,0.957964136865809,1.005468045555699,0.957964136865809,1.005468045555699,0,0.0,0,0.0,0.0,96,0,0,0,0.027659999970637728,0.288124999694143,0.748611399991205,7.798035416575051,0.7440655999744195,0.0,1.7002029999785009,17.710447916442718,0.1071363000155543,2.4764743999403436,96,9.939247099834125e-08,9.084384279545166e-08
105,50,62,5952,0.45,0.5625,0.0,0,0,0,0,0,0,1.1601625661054833,0.9633221890855097,1.0068213221972577,0.9633221890855097,1.0068213221972577,0,0.0,0,0.0,0.0,96,0,0,0,0.02789030001440551,0.29052395848339074,0.7673626999967382,7.993361458299356,0.7627465999757987,0.0,1.756073299999116,18.292430208324124,0.11307310003758175,2.5513263000102597,96,9.193785513277042e-08,6.784441369811489e-08
105,51,63,6048,0.45,0.5625,0.0,0,0,0,0,0,0,1.0745964313256093,0.9636937903043226,1.0046149323003424,0.9636937903043226,1.0046149323003424,0,0.0,0,0.0,0.0,96,0,0,0,0.027281900009256788,0.2841864584297582,0.766163400010555,7.9808687501099485,0.7615092999549233,0.0,1.7666601999371778,18.40271041601227,0.11345400000573136,2.5601054999569897,96,9.049018849342783e-08,6.66657162806672e-08
105,52,64,6144,0.45,0.5625,0.0,0,0,0,0,0,0,1.94029732249092,0.956264002520428,1.0003432266385024,0.956264002520428,1.0003432266385024,0,0.0,0,0.0,0.0,96,0,0,0,0.026951200045004953,0.2807416671354683,0.7213275999820326,7.513829166479506,0.7169705999767757,0.0,1.7067109999770764,17.778239583094546,0.1100393999950029,2.454989800004114,96,8.514567817301255e-08,7.815462943483453e-08
105,53,65,6240,0.45,0.5625,0.0,0,0,0,0,0,0,2.1074202874763492,0.9558452943420729,1.0,0.9558452943420729,1.0,0,0.0,0,0.0,0.0,96,0,0,0,0.027049199990869965,0.2817624999048955,0.7212362999925972,7.512878124922888,0.7169808000398916,0.0,1.6689780999731738,17.385188541387226,0.10755860000062967,2.417263599956641,96,9.241319968815442e-08,8.331430469132872e-08
105,54,66,6336,0.45,0.5625,0.0,0,0,0,0,0,0,2.1123108541812377,0.9551554943985587,1.0013329338582917,0.9551554943985587,1.0013329338582917,0,0.0,0,0.0,0.0,96,0,0,0,0.027625499948044308,0.2877656244587949,0.7562843999985489,7.877962499984884,0.751760099970852,0.0,1.7156484998922679,17.871338540544457,0.1068027000510483,2.499558399838861,96,9.235564073055424e-08,9.143866462613115e-08
105,55,67,6432,0.45,0.5625,0.0,0,0,0,0,0,0,2.064373621955549,0.9558255419678806,1.0,0.9558255419678806,1.0,0,0.0,0,0.0,0.0,96,0,0,0,0.029123999978764914,0.30337499977880117,0.7954846999928122,8.286298958258461,0.7905455000000075,0.0,1.8283710999749019,19.045532291405227,0.11842500001512235,2.652979799946479,96,8.213204507993843e-08,8.340900400916063e-08
105,56,68,6528,0.45,0.5625,0.0,0,0,0,0,0,0,1.7193136154826192,0.9580602128775514,1.006215773734811,0.9580602128775514,1.006215773734811,0,0.0,0,0.0,0.0,96,0,0,0,0.027121299965074286,0.28251354130285716,0.7424141000301461,7.733480208647355,0.7378638999944087,0.0,1.716260900015186,17.87771770849152,0.1101268000275013,2.4857963000104064,96,9.889115656566694e-08,8.855769895177446e-08
105,57,69,6624,0.45,0.5625,0.0,0,0,0,0,0,0,1.1692716243816443,0.9623871976141553,1.0086658250772929,0.9623871976141553,1.0086658250772929,0,0.0,0,0.0,0.0,96,0,0,0,0.026670200015360024,0.2778145834933336,0.7148885999704362,7.446756249692044,0.7104452999919886,0.0,1.65571509997244,17.247032291379583,0.106547400020645,2.397273899958236,96,9.822759895403155e-08,7.246327683729792e-08
105,58,70,6720,0.45,0.5625,0.0,0,0,0,0,0,0,1.0073572004770655,0.9642655027248918,1.0173254063820811,0.9642655027248918,1.0173254063820811,0,0.0,0,0.0,0.0,96,0,0,0,0.02748370004701428,0.28628854215639876,0.7569409000279848,7.884801041958175,0.7523048000148265,0.0,1.759292699964135,18.325965624626406,0.11277419998805271,2.543717300039134,96,8.559101275819325e-08,9.676917905876437e-08
105,59,73,7008,0.45,0.5625,0.0,0,0,0,0,0,0,1.6950322850915323,0.9571728700398326,1.0068923060575703,0.9571728700398326,1.0068923060575703,0,0.0,0,0.0,0.0,96,0,0,0,0.02763520006556064,0.28786666734959,0.7833943999939947,8.160358333270779,0.7785198000347009,0.0,1.7880800999046187,18.625834374006445,0.11759360007272335,2.599109699964174,96,9.87077113101531e-08,8.979352109084182e-08
105,60,74,7104,0.45,0.5625,0.0,0,0,0,0,0,0,1.59701156344305,0.9577987023780814,1.011702031036235,0.9577987023780814,1.011702031036235,0,0.0,0,0.0,0.0,96,0,0,0,0.028737100001308136,0.2993447916802931,0.7768510000169044,8.092197916842755,0.7721390000078827,0.0,1.8050786000821972,18.802902084189554,0.1186435999625246,2.61066670010041,96,9.076593517585996e-08,9.568528892833772e-08
105,61,75,7200,0.45,0.5625,0.0,0,0,0,0,0,0,1.6612540731420804,0.9584421359344795,1.0046570504323382,0.9584421359344795,1.0046570504323382,0,0.0,0,0.0,0.0,96,0,0,0,0.02774810004484607,0.2890427088004799,0.7527690000060829,7.8413437500633645,0.7480782000275212,0.0,1.7379134999137023,18.103265624101066,0.11322380002093269,2.5184305999646313,96,9.969177846083643e-08,8.971594682438688e-08
105,62,76,7296,0.45,0.5625,0.0,0,0,0,0,0,0,1.400607901705458,0.9624907623569386,1.00046067118131,0.9624907623569386,1.00046067118131,0,0.0,0,0.0,0.0,96,0,0,0,0.02935689998412272,0.30580104150127835,0.8073992000281578,8.410408333626643,0.8024624999525258,0.0,1.8767367000764352,19.5493406257962,0.12303949996567098,2.7134928000887157,96,9.893797548593541e-08,8.806721595033817e-08
105,63,77,7392,0.45,0.5625,0.0,0,0,0,0,0,0,1.232876422015925,0.9619341636160671,1.0,0.9619341636160671,1.0,0,0.0,0,0.0,0.0,96,0,0,0,0.027074699944932945,0.28202812442638486,0.728711999967345,7.590749999659844,0.7243177999916952,0.0,1.6850364999991143,17.552463541657442,0.10902470001747133,2.4408231999113923,96,9.91059764809954e-08,7.201271315371294e-08
105,64,78,7488,0.45,0.5625,0.0,0,0,0,0,0,0,1.84472003315583,0.9562589835447983,1.0011622731437053,0.9562589835447983,1.0011622731437053,0,0.0,0,0.0,0.0,96,0,0,0,0.025012500045704655,0.2605468754760902,0.6894338000201969,7.181602083543718,0.6852869999493123,0.0,1.6136412999985623,16.80876354165169,0.10361440002452582,2.328087600064464,96,8.43080406702501e-08,7.789472310226753e-08
105,65,79,7584,0.45,0.5625,0.0,0,0,0,0,0,0,1.8315317255595438,0.9573253600569591,1.0018640367945189,0.9573253600569591,1.0018640367945189,0,0.0,0,0.0,0.0,96,0,0,0,0.029976399993756786,0.3122541666016332,0.76079440000467,7.924941666715313,0.7560028000516468,0.0,1.7521257999615045,18.25131041626567,0.11108030002651503,2.5428965999599313,96,9.9936482787083e-08,7.282143298092958e-08
105,66,80,7680,0.45,0.5625,0.0,0,0,0,0,0,0,1.8145650077109132,0.9568453891080849,1.0038151783072677,0.9568453891080849,1.0038151783072677,0,0.0,0,0.0,0.0,96,0,0,0,0.02977600000303937,0.31016666669832677,0.7769813000049908,8.09355520838532,0.7721701999980723,0.0,1.7797530000243569,18.539093750253716,0.11185429995384766,2.586510300032387,96,9.712384060195367e-08,7.113449010387463e-08
105,67,81,7776,0.45,0.5625,0.0,0,0,0,0,0,0,1.741095869455403,0.9575226378079491,1.0047782188067407,0.9575226378079491,1.0047782188067407,0,0.0,0,0.0,0.0,96,0,0,0,0.027625599992461503,0.28776666658814065,0.7512500000157161,7.825520833497043,0.7467313000161084,0.0,1.7428158999828156,18.154332291487663,0.11223690001497744,2.521691499990993,96,9.803532378255264e-08,8.968076475879272e-08
105,68,82,7872,0.45,0.5625,0.0,0,0,0,0,0,0,1.6057562204375677,0.9585753107362074,1.0065212024562973,0.9585753107362074,1.0065212024562973,0,0.0,0,0.0,0.0,96,0,0,0,0.028177499989396892,0.29351562488955096,0.7557582999506849,7.872482291152968,0.7511655999769573,0.0,1.727305600004911,17.992766666717824,0.11043299997254508,2.5112413999449927,96,9.96773722589106e-08,9.037286217983276e-08
105,69,83,7968,0.45,0.5625,0.0,0,0,0,0,0,0,1.0860292214312344,0.9642894884614455,1.0209973423695557,0.9642894884614455,1.0209973423695557,0,0.0,0,0.0,0.0,96,0,0,0,0.028069000043615233,0.29238541712099203,0.7622422999920673,7.9400239582507,0.7576478999690153,0.0,1.75948139999673,18.32793124996594,0.11188749998109415,2.5497927000324125,96,9.070055798435228e-08,9.890598480846724e-08
105,70,84,8064,0.45,0.5625,0.0,0,0,0,0,0,0,0.9284509378852851,0.9657308113187161,1.0272205382280244,0.9657308113187161,1.0272205382280244,0,0.0,0,0.0,0.0,96,0,0,0,0.028476000064983964,0.2966250006769163,0.772147199990286,8.043199999898812,0.7674216999439523,0.0,1.7621507999720052,18.355737499708386,0.1137937000094098,2.562774000027275,96,7.747578850171577e-08,9.39235737969224e-08
105,71,85,8160,0.45,0.5625,0.0,0,0,0,0,0,0,1.493283954498319,0.9600978414835668,1.0192468444257061,0.9600978414835668,1.0192468444257061,0,0.0,0,0.0,0.0,96,0,0,0,0.026063700024678838,0.2714968752570712,0.7080054000325617,7.375056250339185,0.7037169999530306,0.0,1.6330913998826873,17.011368748777993,0.10505570007080678,2.367160499939928,96,9.498824302643649e-08,8.203133380901839e-08
105,72,86,8256,0.45,0.5625,0.0,0,0,0,0,0,0,1.514923010225299,0.9600727711961462,1.017765196207027,0.9600727711961462,1.017765196207027,0,0.0,0,0.0,0.0,96,0,0,0,0.027646200003800914,0.28798125003959285,0.7402514000423253,7.710952083774221,0.7357320000519394,0.0,1.7232493000556133,17.95051354224597,0.11053979998541763,2.4911469001017394,96,9.84620056061064e-08,9.584075633811695e-08
105,73,87,8352,0.45,0.5625,0.0,0,0,0,0,0,0,1.603936686246631,0.9588721130763586,1.0058804415030762,0.9588721130763586,1.0058804415030762,0,0.0,0,0.0,0.0,96,0,0,0,0.02679400002671173,0.27910416694491386,0.7112697000120534,7.409059375125556,0.7070385000406532,0.0,1.6431824000683264,17.116483334045068,0.10696889994869707,2.3812461001070915,96,9.996136626777563e-08,9.144716206499481e-08
105,74,88,8448,0.45,0.5625,0.0,0,0,0,0,0,0,1.522558651308569,0.9597305647327766,1.0088593769742973,0.9597305647327766,1.0088593769742973,0,0.0,0,0.0,0.0,96,0,0,0,0.026183199959632475,0.27274166624617163,0.7112295999831986,7.4086416664916515,0.7068567999958759,0.0,1.6660284999234136,17.354463540868892,0.10702190003939904,2.4034412998662447,96,9.639690759163932e-08,8.857312980281584e-08
105,75,89,8544,0.45,0.5625,0.0,0,0,0,0,0,0,1.4267269376949903,0.9601900266072627,1.0135896353730254,0.9601900266072627,1.0135896353730254,0,0.0,0,0.0,0.0,96,0,0,0,0.02684349997434765,0.2796197913994547,0.7195393000074546,7.495201041744319,0.7152319000088028,0.0,1.6743273999745725,17.440910416401795,0.11037760000181152,2.4207101999563747,96,9.415120721251169e-08,8.530704850850945e-08
105,76,90,8640,0.45,0.5625,0.0,0,0,0,0,0,0,0.9620415926727734,0.9661850009579293,1.0130430938782256,0.9661850009579293,1.0130430938782256,0,0.0,0,0.0,0.0,96,0,0,0,0.02628719997301232,0.27382499971887836,0.6887759999735863,7.174749999724857,0.6845488999606459,0.0,1.6306913000371424,16.986367708720234,0.10741109998343745,2.345754499983741,96,6.317773509206814e-08,6.65335117555621e-08
105,77,91,8736,0.45,0.5625,0.0,0,0,0,0,0,0,0.8245292967427974,0.9666137466681918,1.0138790093765306,0.9666137466681918,1.0138790093765306,0,0.0,0,0.0,0.0,96,0,0,0,0.02669280001282459,0.2780500001335895,0.7149152999991202,7.447034374990835,0.7106088000145974,0.0,1.6738846999942325,17.436298958273255,0.10748570003488567,2.4154928000061773,96,4.931734478262617e-08,4.6723332182418975e-08
105,78,93,8928,0.45,0.5625,0.0,0,0,0,0,0,0,1.4548807050107537,0.9606168929350581,1.0062764974216234,0.9606168929350581,1.0062764974216234,0,0.0,0,0.0,0.0,96,0,0,0,0.02770290000626119,0.2885718750652207,0.7467838999727974,7.778998958049972,0.7422409999708179,0.0,1.7485174000321422,18.21372291700148,0.11307629995280877,2.5230042000112007,96,9.676941525003924e-08,8.532663957339093e-08
105,79,94,9024,0.45,0.5625,0.0,0,0,0,0,0,0,1.5783228919745427,0.9596645086696429,1.0067370501932662,0.9596645086696429,1.0067370501932662,0,0.0,0,0.0,0.0,96,0,0,0,0.024490300020261202,0.25510729187772085,0.678624399981345,7.069004166472344,0.6744716000321205,0.0,1.571684299982735,16.371711458153488,0.099348200019449,2.274798999984341,96,9.56564776954244e-08,8.723827382706162e-08
105,80,95,9120,0.45,0.5625,0.0,0,0,0,0,0,0,1.553099233009325,0.9600478069968743,1.006311119907124,0.9600478069968743,1.006311119907124,0,0.0,0,0.0,0.0,96,0,0,0,0.02590660001442302,0.2698604168169065,0.7387331999925664,7.695137499922566,0.7343178000519401,0.0,1.7121659999756957,17.83506249974683,0.11041000003751833,2.476805799982685,96,9.667871476472245e-08,8.728604151964081e-08
105,81,96,9216,0.45,0.5625,0.0,0,0,0,0,0,0,1.5632575544652263,0.9592631506937431,1.0042845223298835,0.9592631506937431,1.0042845223298835,0,0.0,0,0.0,0.0,96,0,0,0,0.02810339998541167,0.29274374984803825,0.7883504000346875,8.211983333694661,0.7835510999866528,0.0,1.8298478999786312,19.060915624777408,0.11754580006527249,2.6463016999987303,96,9.969004375470769e-08,8.963416113505485e-08
105,82,97,9312,0.45,0.5625,0.0,0,0,0,0,0,0,0.9919164111210075,0.9661189166377222,1.0082456591467004,0.9661189166377222,1.0082456591467004,0,0.0,0,0.0,0.0,96,0,0,0,0.02906699998129625,0.30278124980516924,0.8149432000354864,8.488991667036316,0.8099212000088301,0.0,1.8941611000336707,19.730844792017404,0.12080090001836652,2.7381713000504533,96,6.614752343959973e-08,5.383475797093862e-08
105,83,98,9408,0.45,0.5625,0.0,0,0,0,0,0,0,0.9170246669733978,0.9667209627290565,1.031955853798403,0.9667209627290565,1.031955853798403,0,0.0,0,0.0,0.0,96,0,0,0,0.028349999935016967,0.2953124993230934,0.7945805999988806,8.27688124998834,0.7897774999873945,0.0,1.8489644000364933,19.260045833713473,0.12166709994198754,2.671894999970391,96,4.641112258396696e-08,8.25290356887276e-08
105,84,99,9504,0.45,0.5625,0.0,0,0,0,0,0,0,1.4270324882555496,0.960929611183654,1.0088270957946168,0.960929611183654,1.0088270957946168,0,0.0,0,0.0,0.0,96,0,0,0,0.029853899985027965,0.3109781248440413,0.8060234000222408,8.39607708356501,0.801095200018608,0.0,1.8524787000060314,19.29665312506283,0.1192148999980418,2.6883560000133,96,9.661324035931118e-08,8.805125205346709e-08
105,85,100,9600,0.45,0.5625,0.0,0,0,0,0,0,0,1.4835911454989354,0.9608496367545559,1.0074011516684687,0.9608496367545559,1.0074011516684687,0,0.0,0,0.0,0.0,96,0,0,0,0.029417400059173815,0.3064312506163939,0.807315300036862,8.409534375383979,0.802305899997009,0.0,1.8548171000220464,19.32101145856298,0.1212705999641912,2.691549800118082,96,9.997489155977313e-08,9.219087916678692e-08
105,86,101,9696,0.45,0.5625,0.0,0,0,0,0,0,0,1.5724251209472806,0.9601664867442916,1.005869722316024,0.9601664867442916,1.005869722316024,0,0.0,0,0.0,0.0,96,0,0,0,0.02913509996869834,0.30349062467394106,0.8140894999742159,8.48009895806475,0.809098300007463,0.0,1.8772215999779291,19.55439166643676,0.12144509999052389,2.7204461999208434,96,9.935142257500029e-08,9.116974009071299e-08
105,87,102,9792,0.45,0.5625,0.0,0,0,0,0,0,0,1.4847753369405245,0.9604272594901903,1.0039010207384806,0.9604272594901903,1.0039010207384806,0,0.0,0,0.0,0.0,96,0,0,0,0.02691049996064976,0.28031770792343497,0.7782714000204578,8.106993750213102,0.7735431999899447,0.0,1.789715899991279,18.64287395824249,0.11507580000034068,2.5948977999723866,96,9.836217480276022e-08,8.906522429297237e-08
105,88,103,9888,0.45,0.5625,0.0,0,0,0,0,0,0,0.851721025723749,0.9674629835475649,1.0066384499581107,0.9674629835475649,1.0066384499581107,0,0.0,0,0.0,0.0,96,0,0,0,0.027602700007264502,0.2875281250756719,0.7604190000129165,7.921031250134547,0.7557628000577097,0.0,1.7832615999868722,18.57564166652992,0.11368380000931211,2.571283300007053,96,3.692283335413743e-08,3.43324228074815e-08
105,89,104,9984,0.45,0.5625,0.0,0,0,0,0,0,0,0.9449759635662306,0.9665203908194631,1.0031559401784533,0.9665203908194631,1.0031559401784533,0,0.0,0,0.0,0.0,96,0,0,0,0.027561099981539883,0.2870947914743738,0.7742110999970464,8.064698958302566,0.7693790000266745,0.0,1.783875100016303,18.582032291836487,0.11679779999394668,2.585647299994889,96,5.260134225762436e-08,4.65898356005745e-08
105,90,105,10080,0.45,0.5625,0.0,0,0,0,0,0,0,0.7408977783337873,0.9685439356289728,1.005294895396515,0.9685439356289728,1.005294895396515,0,0.0,0,0.0,0.0,96,0,0,0,0.026619500014930964,0.2772864584888642,0.7605733000382315,7.922638542064911,0.7559519999849726,0.0,1.7400792999542318,18.125826041189914,0.11107710002397653,2.5272721000073943,96,2.5656094267308138e-08,2.3808827132043575e-08
105,91,106,10176,0.45,0.5625,0.0,0,0,0,0,0,0,0.7988144222442428,0.9672668951043575,1.0047293621156745,0.9672668951043575,1.0047293621156745,0,0.0,0,0.0,0.0,96,0,0,0,0.02644349999172846,0.2754531249138381,0.7385616000392474,7.693350000408827,0.7340993000398157,0.0,1.7063991000613896,17.774990625639475,0.10853839997434989,2.4714042000923655,96,3.9090449410403294e-08,3.638022404162111e-08
105,92,108,10368,0.45,0.5625,0.0,0,0,0,0,0,0,1.530064931546505,0.9610707716209175,1.0048141890662032,0.9610707716209175,1.0048141890662032,0,0.0,0,0.0,0.0,96,0,0,0,0.027328800031682476,0.2846750003300258,0.723620899960224,7.5377177079190005,0.7191300000049523,0.0,1.709787400031928,17.81028541699925,0.11152679997758241,2.4607371000238345,96,9.784917327781972e-08,8.931271902601345e-08
105,93,109,10464,0.45,0.5625,0.0,0,0,0,0,0,0,1.4705436291938323,0.9613750098310614,1.010064869970273,0.9613750098310614,1.010064869970273,0,0.0,0,0.0,0.0,96,0,0,0,0.03093579999404028,0.32224791660458624,0.7841224000148941,8.167941666821813,0.7791671999584651,0.0,1.8248782000300707,19.009147916979902,0.11535770000045886,2.639936400039005,96,9.889501800808276e-08,8.974359338997928e-08
105,94,110,10560,0.45,0.5625,0.0,0,0,0,0,0,0,1.4868834893534404,0.9607610597959824,1.0085500693366574,0.9607610597959824,1.0085500693366574,0,0.0,0,0.0,0.0,96,0,0,0,0.030313299954286776,0.3157635411904873,0.7691188000098919,8.011654166769707,0.7642554000049131,0.0,1.7951205999415834,18.69917291605816,0.11481830004777294,2.594552699905762,96,9.700308341298314e-08,8.853797348051806e-08
105,95,111,10656,0.45,0.5625,0.0,0,0,0,0,0,0,1.1013752329530815,0.9655384639355816,1.0041291928206775,0.9655384639355816,1.0041291928206775,0,0.0,0,0.0,0.0,96,0,0,0,0.028239000006578863,0.2941562500685298,0.7339230000434327,7.645031250452424,0.7293496999991476,0.0,1.682334900026035,17.524321875271198,0.10882979998132214,2.4444969000760466,96,7.79668302749309e-08,6.472722795247687e-08
105,96,112,10752,0.45,0.5625,0.0,0,0,0,0,0,0,0.8881193328950043,0.9663637070022532,1.0070695103053333,0.9663637070022532,1.0070695103053333,0,0.0,0,0.0,0.0,96,0,0,0,0.02682859994820319,0.2794645827937832,0.7058589000371285,7.352696875386755,0.7015542000517598,0.0,1.6378145000708173,17.060567709071012,0.10374349995981902,2.370502000056149,96,5.6292705505681107e-08,4.8209519640241005e-08
105,97,113,10848,0.45,0.5625,0.0,0,0,0,0,0,0,1.4539408478377625,0.9609795851338468,1.0136591678935185,0.9609795851338468,1.0136591678935185,0,0.0,0,0.0,0.0,96,0,0,0,0.029960899984871503,0.3120927081757448,0.7476978999911807,7.7885197915747995,0.7429325999037246,0.0,1.7224469999491703,17.942156249470525,0.10635940001520794,2.5001057999252225,96,9.888955617050332e-08,9.773243860033975e-08
105,98,115,11040,0.45,0.5625,0.0,0,0,0,0,0,0,1.6225014674706035,0.9596382005588652,1.0037294122949105,0.9596382005588652,1.0037294122949105,0,0.0,0,0.0,0.0,96,0,0,0,0.029280499955348205,0.30500520786821045,0.7290115999785485,7.59387083310988,0.7244184000010137,0.0,1.7022764999783249,17.732046874774216,0.10837779998109909,2.4605685999122215,96,9.676514953031734e-08,8.827569272784608e-08
105,99,116,11136,0.45,0.5625,0.0,0,0,0,0,0,0,1.5887822048152693,0.9602662167268405,1.0041462115944013,0.9602662167268405,1.0041462115944013,0,0.0,0,0.0,0.0,96,0,0,0,0.027790400003141258,0.28948333336605475,0.7359164000299643,7.665795833645461,0.7314105000332347,0.0,1.6936208000042825,17.641883333377944,0.11077519998070784,2.457327600037388,96,9.959201423617725e-08,9.118253006812349e-08
105,100,117,11232,0.45,0.5625,0.0,0,0,0,0,0,0,1.516096800316214,0.9605842932255017,1.0035149201974405,0.9605842932255017,1.0035149201974405,0,0.0,0,0.0,0.0,96,0,0,0,0.02788779992988566,0.29049791593630897,0.727356100025645,7.576626041933802,0.722867500022403,0.0,1.6898820000351407,17.60293750036605,0.11075489998620469,2.4451258999906713,96,9.925639531636887e-08,9.059084149498631e-08
105,101,118,11328,0.45,0.5625,0.0,0,0,0,0,0,0,0.9365119408640757,0.9666545237075286,1.0079520478480162,0.9666545237075286,1.0079520478480162,0,0.0,0,0.0,0.0,96,0,0,0,0.02739809999911813,0.28539687499081384,0.752515299966035,7.838701041312865,0.7480108000600012,0.0,1.7389831000327831,18.114407292008156,0.1149013999820454,2.518896499997936,96,4.866166097676483e-08,4.3456165055300033e-08
105,102,121,11616,0.45,0.5625,0.0,0,0,0,0,0,0,1.60447656177658,0.9595987383403768,1.002932367983828,0.9595987383403768,1.002932367983828,0,0.0,0,0.0,0.0,96,0,0,0,0.026471799988939893,0.2757479165514572,0.7161363999912282,7.459754166575294,0.711837899958482,0.0,1.6495151999697555,17.182449999684952,0.10723919999145437,2.3921233999499236,96,9.957170083244038e-08,9.1068806662431e-08
105,103,122,11712,0.45,0.5625,0.0,0,0,0,0,0,0,1.5498662060815966,0.9603172956912528,1.0052448991724199,0.9603172956912528,1.0052448991724199,0,0.0,0,0.0,0.0,96,0,0,0,0.027269100050034467,0.2840531255211924,0.7443399999538087,7.753541666185508,0.7398114999959944,0.0,1.709940100023232,17.811876041908665,0.11283660001208773,2.481549200027075,96,9.928494014779798e-08,9.142051622668124e-08
105,104,123,11808,0.45,0.5625,0.0,0,0,0,0,0,0,1.7183085390453048,0.9593824407001149,1.0022990377721195,0.9593824407001149,1.0022990377721195,0,0.0,0,0.0,0.0,96,0,0,0,0.02572579997649882,0.26797708308852936,0.6793655999936163,7.076724999933504,0.6751190000359202,0.0,1.565032299986342,16.302419791524397,0.09978659998887451,2.270123699956457,96,9.53311987510197e-08,6.924268783348175e-08
105,105,124,11904,0.45,0.5625,0.0,0,0,0,0,0,0,1.5567460675891047,0.9596886614579098,1.002114573718221,0.9596886614579098,1.002114573718221,0,0.0,0,0.0,0.0,96,0,0,0,0.025524799959384836,0.26588333291025873,0.6960109000065131,7.250113541734511,0.6918515999859665,0.0,1.597736800002167,16.64309166668924,0.10452150000492111,2.319272499968065,96,9.306002095657573e-08,8.452369144873462e-08
105,106,125,12000,0.45,0.5625,0.0,0,0,0,0,0,0,0.9511075053076496,0.9674294765936101,1.0132256571112042,0.9674294765936101,1.0132256571112042,0,0.0,0,0.0,0.0,96,0,0,0,0.026358099981734995,0.2745635414764062,0.7254113999515539,7.556368749495353,0.7209541000047466,0.0,1.6679912999898079,17.374909374893832,0.10885430001508212,2.419760799923097,96,4.058745166780203e-08,7.432755487479792e-08
105,107,126,12096,0.45,0.5625,0.0,0,0,0,0,0,0,0.8385955257247866,0.966789552669981,1.0060146753482104,0.966789552669981,1.0060146753482104,0,0.0,0,0.0,0.0,96,0,0,0,0.02757979993475601,0.28728958265370846,0.747016600027564,7.781422916953791,0.7425189000059618,0.0,1.6942225999737275,17.64815208305966,0.10921020000387216,2.4688189999360475,96,4.46945947873284e-08,4.1011040535776644e-08
105,108,127,12192,0.45,0.5625,0.0,0,0,0,0,0,0,1.6638739649722538,0.9589229854022613,1.0001956726924441,0.9589229854022613,1.0001956726924441,0,0.0,0,0.0,0.0,96,0,0,0,0.02806340003735386,0.29232708372243604,0.7587909000067157,7.904071875069954,0.7541175999867846,0.0,1.7311138999575633,18.032436457891283,0.11154400001396425,2.517968200001633,96,9.976731320422705e-08,7.13469841540082e-08
105,109,128,12288,0.45,0.5625,0.0,0,0,0,0,0,0,1.37488708627695,0.9617234428869317,1.0069474156755511,0.9617234428869317,1.0069474156755511,0,0.0,0,0.0,0.0,96,0,0,0,0.027034700062358752,0.2816114589829037,0.741279299974849,7.72165937473801,0.7367232000106014,0.0,1.727421199931996,17.993970832624957,0.11124790001485962,2.4957351999692037,96,9.794283088553069e-08,8.992274723451654e-08
105,110,130,12480,0.45,0.5625,0.0,0,0,0,0,0,0,1.3622084779893748,0.9617333445732216,1.017300128037634,0.9617333445732216,1.017300128037634,0,0.0,0,0.0,0.0,96,0,0,0,0.027271899962215684,0.28408229127308005,0.7402666000125464,7.711110416797358,0.7358073000141303,0.0,1.7338865000274382,18.061317708619146,0.11012589999882039,2.5014250000022002,96,9.578163715287524e-08,8.916656701191128e-08
105,111,131,12576,0.45,0.5625,0.0,0,0,0,0,0,0,1.3384641506990382,0.9610305472805881,1.0078165087986737,0.9610305472805881,1.0078165087986737,0,0.0,0,0.0,0.0,96,0,0,0,0.030228199997509364,0.3148770833073892,0.8153235999707249,8.492954166361718,0.8103674999874784,0.0,1.878194299992174,19.56452395825181,0.1213213000446558,2.723746099960408,96,9.71657627621414e-08,8.537215857862268e-08
105,112,132,12672,0.45,0.5625,0.0,0,0,0,0,0,0,0.9108814491638139,0.9676170119647723,1.0088926777138052,0.9676170119647723,1.0088926777138052,0,0.0,0,0.0,0.0,96,0,0,0,0.029966499962029047,0.3121510412711359,0.7917099000042072,8.246978125043825,0.7866313000049558,0.0,1.8326084999425802,19.089671874401876,0.11923490004846826,2.6542848999088164,96,3.804028917819141e-08,3.531271820095272e-08
105,113,133,12768,0.45,0.5625,0.0,0,0,0,0,0,0,0.762689649043489,0.9678627646605057,1.0098856241608767,0.9678627646605057,1.0098856241608767,0,0.0,0,0.0,0.0,96,0,0,0,0.029055800005153287,0.3026645833870134,0.7800864000091678,8.125900000095498,0.775328100004117,0.0,1.8092317000264302,18.84616354194198,0.11514779999561142,2.6183739000407513,96,3.244162788233751e-08,3.288954796010213e-08
105,114,134,12864,0.45,0.5625,0.0,0,0,0,0,0,0,1.2605620648582048,0.9625207177684547,1.010854287755756,0.9625207177684547,1.010854287755756,0,0.0,0,0.0,0.0,96,0,0,0,0.03011460000561783,0.31369375005851907,0.8202746999668307,8.544528124654486,0.815265700002783,0.0,1.8819082999616512,19.603211457933867,0.11998660000244854,2.7322975999340997,96,9.283412177006622e-08,9.081828549611926e-08
105,115,135,12960,0.45,0.5625,0.0,0,0,0,0,0,0,1.3536751441174684,0.9618883114430963,1.0095004687058127,0.9618883114430963,1.0095004687058127,0,0.0,0,0.0,0.0,96,0,0,0,0.027801300027931575,0.2895968752909539,0.7478004000004148,7.789587500004321,0.7432363999978406,0.0,1.747157099947799,18.19955312445624,0.11266950005665421,2.5227587999761454,96,9.979469871995716e-08,8.725581396307192e-08
105,116,136,13056,0.45,0.5625,0.0,0,0,0,0,0,0,1.383284918455188,0.961749059372081,1.0188498165827884,0.961749059372081,1.0188498165827884,0,0.0,0,0.0,0.0,96,0,0,0,0.028812299977289513,0.3001281247634324,0.7624916000058874,7.9426208333946615,0.7578090000024531,0.0,1.7844238000034238,18.58774791670233,0.11409499998990213,2.575727699986601,96,9.713539927264092e-08,8.836005808976477e-08
105,117,137,13152,0.45,0.5625,0.0,0,0,0,0,0,0,1.3619153302890619,0.9620119718091876,1.0090494210876773,0.9620119718091876,1.0090494210876773,0,0.0,0,0.0,0.0,96,0,0,0,0.02760770000895718,0.2875802084266373,0.7282070000073873,7.585489583410284,0.7237495999506791,0.0,1.6902375000499887,17.606640625520715,0.1065290999613353,2.446052200066333,96,9.799310807245831e-08,8.848231133895545e-08
105,118,139,13344,0.45,0.5625,0.0,0,0,0,0,0,0,0.8810434427406306,0.9682453104788944,1.0091651497584875,0.9682453104788944,1.0091651497584875,0,0.0,0,0.0,0.0,96,0,0,0,0.0268246999985422,0.2794239583181479,0.6949205000055372,7.238755208391012,0.690673900047841,0.0,1.6146440999946208,16.819209374943966,0.10273499998584157,2.3363892999987,96,3.120157522976119e-08,4.058268904955087e-08
105,119,140,13440,0.45,0.5625,0.0,0,0,0,0,0,0,0.7884291632736596,0.9676860274492383,1.0202653122549215,0.9676860274492383,1.0202653122549215,0,0.0,0,0.0,0.0,96,0,0,0,0.028749599972798023,0.2994749997166461,0.7370385000103852,7.677484375108179,0.7324840999790467,0.0,1.7025511000247207,17.734907291924173,0.10947439997835318,2.468339200007904,96,5.5721647435058586e-08,9.138197079247568e-08
105,120,141,13536,0.45,0.5625,0.0,0,0,0,0,0,0,1.2358377767627828,0.9630929648028086,1.0147542220576964,0.9630929648028086,1.0147542220576964,0,0.0,0,0.0,0.0,96,0,0,0,0.029467300017131492,0.30695104184511973,0.7374588999955449,7.68186354162026,0.732780999969691,0.0,1.6948840000550263,17.655041667239857,0.10927359994093422,2.4618102000677027,96,9.364860854670087e-08,9.064847438650103e-08
105,121,142,13632,0.45,0.5625,0.0,0,0,0,0,0,0,1.3295658010319693,0.9619551445931891,1.0139906604460645,0.9619551445931891,1.0139906604460645,0,0.0,0,0.0,0.0,96,0,0,0,0.02755440003966214,0.2870250004131473,0.7133611999597633,7.430845832914201,0.709022000002733,0.0,1.6322168999322457,17.002259374294226,0.10450140004832065,2.373132499931671,96,9.513709322075958e-08,9.9450466820028e-08
105,122,144,13824,0.45,0.5625,0.0,0,0,0,0,0,0,0.7936464777510779,0.9684000679523102,1.0205864596931915,0.9684000679523102,1.0205864596931915,0,0.0,0,0.0,0.0,96,0,0,0,0.028510699929029215,0.29698645759405434,0.7166453000536421,7.465055208892106,0.7122890000100597,0.0,1.6652271000275505,17.346115625286984,0.10649169998214347,2.410383100010222,96,5.9386176115561184e-08,9.900937653073427e-08
105,123,145,13920,0.45,0.5625,0.0,0,0,0,0,0,0,1.030068748374282,0.9665547051047533,1.0269011660419665,0.9665547051047533,1.0269011660419665,0,0.0,0,0.0,0.0,96,0,0,0,0.02689699997426942,0.2801770830653065,0.6688050999946427,6.966719791610861,0.6646890999982134,0.0,1.562510900090274,16.276155209273686,0.10092049996455899,2.258213000059186,96,5.0615793795866226e-08,9.186435334651577e-08
105,124,146,14016,0.45,0.5625,0.0,0,0,0,0,0,0,0.9440905481189975,0.9682806430860127,1.0313374881433077,0.9682806430860127,1.0313374881433077,0,0.0,0,0.0,0.0,96,0,0,0,0.027077100006863475,0.28205312507149455,0.6964148999977624,7.254321874976692,0.6920584000181407,0.0,1.584252300002845,16.502628125029634,0.10264389999065315,2.307744300007471,96,5.697054036857274e-08,9.515081432834305e-08
105,125,147,14112,0.45,0.5625,0.0,0,0,0,0,0,0,0.8422181056396948,0.9675073934187167,1.0290270295251513,0.9675073934187167,1.0290270295251513,0,0.0,0,0.0,0.0,96,0,0,0,0.027119700025650673,0.2824968752671945,0.6782406000129413,7.065006250134805,0.6740255999975489,0.0,1.529318099906959,15.930396874030823,0.09784590007620864,2.234678399945551,96,5.2433246772176645e-08,8.778167212217247e-08
105,126,148,14208,0.45,0.5625,0.0,0,0,0,0,0,0,1.3132068359993148,0.9617242127531908,1.0153318604255543,0.9617242127531908,1.0153318604255543,0,0.0,0,0.0,0.0,96,0,0,0,0.02632110000558896,0.2741781250582183,0.6754764999786858,7.036213541444643,0.6712547000133782,0.0,1.6006381000188412,16.673313541862928,0.1022745999507606,2.302435700003116,96,8.65890788671192e-08,8.612659314899407e-08
105,127,150,14400,0.45,0.5625,0.0,0,0,0,0,0,0,1.32167050689685,0.9623150150101489,1.0098917245991885,0.9623150150101489,1.0098917245991885,0,0.0,0,0.0,0.0,96,0,0,0,0.024669199956406374,0.25697083287923306,0.640248600000632,6.669256250006583,0.6362992999784183,0.0,1.4500437000388047,15.104621875404215,0.09486069998092717,2.114961499995843,96,9.683290911298437e-08,8.750031421644877e-08
105,128,152,14592,0.45,0.5625,0.0,0,0,0,0,0,0,1.241626293036124,0.9639565932084009,1.015480327661441,0.9639565932084009,1.015480327661441,0,0.0,0,0.0,0.0,96,0,0,0,0.02681210000446299,0.27929270837982284,0.6834375000180444,7.1191406251879625,0.6792540999522316,0.0,1.5870900000372785,16.532187500388318,0.10157979999348754,2.297339600059786,96,9.956632704075097e-08,9.900535394985477e-08
105,129,153,14688,0.45,0.5625,0.0,0,0,0,0,0,0,0.8642100239153836,0.9683320909172866,1.0125097261476212,0.9683320909172866,1.0125097261476212,0,0.0,0,0.0,0.0,96,0,0,0,0.027825299963296857,0.2898468746176756,0.6970717999429326,7.261164582738881,0.6926710999905481,0.0,1.5339568000345025,15.978716667026067,0.09564910001063254,2.258853899940732,96,2.9681613417098518e-08,6.833789933241574e-08
105,130,154,14784,0.45,0.5625,0.0,0,0,0,0,0,0,0.6748797384832581,0.970086685963788,1.0069294269223734,0.970086685963788,1.0069294269223734,0,0.0,0,0.0,0.0,96,0,0,0,0.025667500020063017,0.2673697918756564,0.6416769000206841,6.68413437521546,0.637648799973249,0.0,1.503627099977166,15.662782291428812,0.09600680003495654,2.170971500017913,96,1.5756907775082984e-08,1.4696615244225164e-08
105,131,155,14880,0.45,0.5625,0.0,0,0,0,0,0,0,0.6949990027732844,0.968691349625806,1.0137377446791491,0.968691349625806,1.0137377446791491,0,0.0,0,0.0,0.0,96,0,0,0,0.02646519996051211,0.27567916625533445,0.6733415999842691,7.013974999836137,0.6690218999792705,0.0,1.5952033999419655,16.616702082728807,0.10464550003234763,2.2950101998867467,96,2.423991334044029e-08,4.847285907730314e-08
105,132,156,14976,0.45,0.5625,0.0,0,0,0,0,0,0,1.3135250703728105,0.962150361522699,1.0043621336397612,0.962150361522699,1.0043621336397612,0,0.0,0,0.0,0.0,96,0,0,0,0.027553300016734283,0.2870135418409821,0.6766146999725606,7.04806979138084,0.6724522999938927,0.0,1.5872974999947473,16.534348958278617,0.10342220004531555,2.2914654999840423,96,9.738271251023833e-08,8.759931759139139e-08
105,133,157,15072,0.45,0.5625,0.0,0,0,0,0,0,0,1.3696060265831687,0.9614301307035856,1.0080497835658302,0.9614301307035856,1.0080497835658302,0,0.0,0,0.0,0.0,96,0,0,0,0.025642499953391962,0.2671093745144996,0.7020424000293133,7.312941666972013,0.6978336000247509,0.0,1.6054836000184878,16.723787500192582,0.10218300001724856,2.333168500001193,96,9.932645351172498e-08,8.975924205290031e-08
105,134,158,15168,0.45,0.5625,0.0,0,0,0,0,0,0,1.268026873679715,0.9630440360988253,1.0096889156434494,0.9630440360988253,1.0096889156434494,0,0.0,0,0.0,0.0,96,0,0,0,0.02678340000420576,0.27899375004381,0.7278812000076869,7.582095833413405,0.7234772999800043,0.0,1.670525700057624,17.40130937560025,0.10601439997844864,2.4251903000695165,96,9.367766687362611e-08,8.044150824615404e-08
105,135,159,15264,0.45,0.5625,0.0,0,0,0,0,0,0,1.2652956046624577,0.9628912055580777,1.0078328380166093,0.9628912055580777,1.0078328380166093,0,0.0,0,0.0,0.0,96,0,0,0,0.02814620002754964,0.2931895836203087,0.7928240000110236,8.258583333448163,0.7880373999869335,0.0,1.7951391999813495,18.69936666647239,0.11831309999251971,2.6161094000199228,96,9.220034765181073e-08,7.956765114836006e-08
105,136,160,15360,0.45,0.5625,0.0,0,0,0,0,0,0,0.8997164685675597,0.9685149739395986,1.023091482807971,0.9685149739395986,1.023091482807971,0,0.0,0,0.0,0.0,96,0,0,0,0.026021099984063767,0.27105312483399757,0.7298572999716271,7.602680208037782,0.725502300010703,0.0,1.699755699999514,17.705788541661605,0.11017749999155058,2.455634099955205,96,5.143255613071496e-08,9.910352864739291e-08
105,137,161,15456,0.45,0.5625,0.0,0,0,0,0,0,0,0.8769542911039306,0.9674989508534857,1.0318566701615648,0.9674989508534857,1.0318566701615648,0,0.0,0,0.0,0.0,96,0,0,0,0.028604099978110753,0.29795937477198703,0.7769997000068543,8.093746875071398,0.7721725000301376,0.0,1.8080890000564978,18.834260417255184,0.11835629997949582,2.6136928000414628,96,5.287333085246537e-08,9.091527305299385e-08
105,138,162,15552,0.45,0.5625,0.0,0,0,0,0,0,0,1.331314207886717,0.9615311981307277,1.0084473708453703,0.9615311981307277,1.0084473708453703,0,0.0,0,0.0,0.0,96,0,0,0,0.027545700046175625,0.2869343754809961,0.7519576999911806,7.832892708241465,0.7473599000004469,0.0,1.7812998999797856,18.5552072914561,0.11555100002442487,2.5608033000171417,96,9.142300360330535e-08,8.361854722527262e-08
105,139,163,15648,0.45,0.5625,0.0,0,0,0,0,0,0,1.3197111365578285,0.9624786852840772,1.0080305940811811,0.9624786852840772,1.0080305940811811,0,0.0,0,0.0,0.0,96,0,0,0,0.028741899972374085,0.29939479137889674,0.7961144000219065,8.292858333561526,0.7913653000068734,0.0,1.8719534999909229,19.499515624905445,0.12199810002493905,2.6968097999852034,96,9.871104586500756e-08,8.904721772451385e-08
105,140,165,15840,0.45,0.5625,0.0,0,0,0,0,0,0,1.0234655885150556,0.9663506204118527,1.0244524368370633,0.9663506204118527,1.0244524368370633,0,0.0,0,0.0,0.0,96,0,0,0,0.028226599999470636,0.2940270833278191,0.779079699954309,8.11541354119072,0.7743821999320062,0.0,1.8088761000544764,18.84245937556746,0.11597279994748533,2.616182400008256,96,5.5444323247139105e-08,9.32981546533651e-08
105,141,166,15936,0.45,0.5625,0.0,0,0,0,0,0,0,1.1398987136344216,0.9644522140242945,1.0079854747215762,0.9644522140242945,1.0079854747215762,0,0.0,0,0.0,0.0,96,0,0,0,0.027923000023292843,0.2908645835759671,0.7591238000022713,7.907539583356993,0.7545507000177167,0.0,1.7748073000329896,18.487576042010307,0.1127493000094546,2.5618541000585537,96,7.7619392042233e-08,6.865498579367024e-08
105,142,168,16128,0.45,0.5625,0.0,0,0,0,0,0,0,0.8345801100767813,0.9676500403889952,1.029100706063157,0.9676500403889952,1.029100706063157,0,0.0,0,0.0,0.0,96,0,0,0,0.028362799996102694,0.2954458332927364,0.7999783000122989,8.33310729179478,0.7951316999751725,0.0,1.844674100051634,19.215355208871188,0.11848599994846154,2.6730152000600356,96,5.1389407729196535e-08,9.251614266347907e-08
105,143,169,16224,0.45,0.5625,0.0,0,0,0,0,0,0,1.305676868988002,0.9618783852453285,1.0191334432938235,0.9618783852453285,1.0191334432938235,0,0.0,0,0.0,0.0,96,0,0,0,0.02874799996789079,0.29945833299886243,0.7983958000259008,8.316622916936467,0.793601099991065,0.0,1.8584705000539543,19.359067708895356,0.1206861999744433,2.685614300047746,96,9.195173622522645e-08,9.939084433946421e-08
105,144,170,16320,0.45,0.5625,0.0,0,0,0,0,0,0,1.3742544096794747,0.9616785565067036,1.014396240660706,0.9616785565067036,1.014396240660706,0,0.0,0,0.0,0.0,96,0,0,0,0.028260500032047275,0.29438020866715914,0.7692707999958657,8.013237499956935,0.7645555999915814,0.0,1.790326600043045,18.64923541711505,0.11517819999426138,2.587857900070958,96,9.972637485776426e-08,9.667798079454615e-08
105,145,171,16416,0.45,0.5625,0.0,0,0,0,0,0,0,1.3510485337152651,0.962347146057009,1.0151137873770066,0.962347146057009,1.0151137873770066,0,0.0,0,0.0,0.0,96,0,0,0,0.02880970001569949,0.30010104183020303,0.790492300016922,8.234294791842936,0.7856685999577167,0.0,1.817918099979579,18.936646874787282,0.11647750001429813,2.6372201000122004,96,9.67862027329014e-08,9.709548217523567e-08
105,146,172,16512,0.45,0.5625,0.0,0,0,0,0,0,0,1.4412551296293363,0.9606699727468971,1.0106957929721951,0.9606699727468971,1.0106957929721951,0,0.0,0,0.0,0.0,96,0,0,0,0.02872299998125527,0.2991979164714091,0.806373000064923,8.39971875067628,0.801391800006968,0.0,1.8734185999128385,19.5147770824254,0.1236698000357137,2.7085145999590168,96,9.757356158289487e-08,9.75430422892054e-08
105,147,174,16704,0.45,0.5625,0.0,0,0,0,0,0,0,0.94762269916422,0.9678986959441883,1.011884071984421,0.9678986959441883,1.011884071984421,0,0.0,0,0.0,0.0,96,0,0,0,0.02841920003265841,0.2960333336735251,0.7716061999817612,8.037564583143345,0.766935099985858,0.0,1.7993930000811815,18.743677084178973,0.11498570002004271,2.599418400095601,96,3.706693372379499e-08,5.684424261159782e-08
105,148,176,16896,0.45,0.5625,0.0,0,0,0,0,0,0,1.2820859336762185,0.9627399277501212,1.0095986154334864,0.9627399277501212,1.0095986154334864,0,0.0,0,0.0,0.0,96,0,0,0,0.028757700012647547,0.2995593751317453,0.786445499965339,8.192140624638947,0.7816529999836348,0.0,1.8215930000369553,18.974927083718285,0.11650959998223698,2.636796200014942,96,9.806075155008309e-08,8.690093603047622e-08
105,149,177,16992,0.45,0.5625,0.0,0,0,0,0,0,0,1.3619542509602482,0.9619318604867094,1.0072278607868888,0.9619318604867094,1.0072278607868888,0,0.0,0,0.0,0.0,96,0,0,0,0.02725429998827167,0.28389895821116323,0.7604716999994707,7.9215802083278195,0.7559138000069652,0.0,1.7505240999016678,18.23462604064237,0.11122440003236989,2.53825009988941,96,9.974354675534869e-08,9.043714215006826e-08
105,150,178,17088,0.45,0.5625,0.0,0,0,0,0,0,0,1.3863093648237919,0.9615442715309858,1.0061083918507154,0.9615442715309858,1.0061083918507154,0,0.0,0,0.0,0.0,96,0,0,0,0.026933100023597945,0.28055312524581194,0.7599331000092207,7.9159697917627145,0.7553454999724636,0.0,1.744582299979811,18.172732291456366,0.10959290002210764,2.5314485000126297,96,9.853275688420648e-08,9.066783324129801e-08
105,151,180,17280,0.45,0.5625,0.0,0,0,0,0,0,0,1.3299036133811923,0.9612949073703703,1.0069115037029357,0.9612949073703703,1.0069115037029357,0,0.0,0,0.0,0.0,96,0,0,0,0.028403400006936863,0.295868750072259,0.7733563000365393,8.055794792047285,0.7684105999724125,0.0,1.7894576999460696,18.640184374438224,0.11570020000363002,2.591217399989546,96,9.892450719695134e-08,8.778792838504135e-08
105,152,181,17376,0.45,0.5625,0.0,0,0,0,0,0,0,0.935258665327415,0.9681932857662818,1.0046216273102093,0.9681932857662818,1.0046216273102093,0,0.0,0,0.0,0.0,96,0,0,0,0.027753800037316978,0.2891020837220519,0.7511349999549566,7.824322916197465,0.7464722000295296,0.0,1.7597240000104648,18.33045833344234,0.11248019998311065,2.5386128000027384,96,3.5306361194017977e-08,3.2673990041365286e-08
105,153,183,17568,0.45,0.5625,0.0,0,0,0,0,0,0,1.2421642633647083,0.9628112959097263,1.0122650639041268,0.9628112959097263,1.0122650639041268,0,0.0,0,0.0,0.0,96,0,0,0,0.030059099997743033,0.3131156249764899,0.7848125000018626,8.175130208352735,0.7799073999267421,0.0,1.8123966000057408,18.8791312500598,0.11690039998211432,2.6272682000053464,96,9.764671294633376e-08,8.914182204888821e-08
105,154,184,17664,0.45,0.5625,0.0,0,0,0,0,0,0,1.3094237245530191,0.96266799303541,1.009581640703559,0.96266799303541,1.009581640703559,0,0.0,0,0.0,0.0,96,0,0,0,0.028547999980219174,0.2973749997939497,0.7443579000319005,7.753728125332297,0.7396997999676387,0.0,1.7459938000174589,18.18743541684853,0.11300269999628654,2.5188997000295785,96,9.413705343019885e-08,8.440637341844415e-08
105,155,185,17760,0.45,0.5625,0.0,0,0,0,0,0,0,1.3448361508148905,0.9622616778814337,1.012886890442461,0.9622616778814337,1.012886890442461,0,0.0,0,0.0,0.0,96,0,0,0,0.02879380006197607,0.29993541731225076,0.7652328000331181,7.97117500034498,0.760501200093131,0.0,1.7710321999838925,18.448252083165546,0.11166210004739696,2.5650588000789867,96,9.688226708728931e-08,9.978221100076512e-08
105,156,187,17952,0.45,0.5625,0.0,0,0,0,0,0,0,1.3639000136350463,0.9610441541423421,1.0097696527660422,0.9610441541423421,1.0097696527660422,0,0.0,0,0.0,0.0,96,0,0,0,0.02746110006410163,0.2860531256677253,0.7447059000114677,7.757353125119455,0.7400713000170072,0.0,1.7451457999486593,18.178602082798534,0.11273290007375181,2.5173128000242286,96,9.517684824295047e-08,8.771944073893145e-08
105,157,188,18048,0.45,0.5625,0.0,0,0,0,0,0,0,0.9420751481933385,0.9679854241429906,1.0147712779112468,0.9679854241429906,1.0147712779112468,0,0.0,0,0.0,0.0,96,0,0,0,0.0261504000518471,0.27240000054007396,0.7166770000185352,7.465385416859742,0.7123514000122668,0.0,1.684365000022808,17.545468750237585,0.1087249999618507,2.4271924000931904,96,4.519586593865199e-08,9.251061233034319e-08
105,158,189,18144,0.45,0.5625,0.0,0,0,0,0,0,0,0.8207030442984254,0.9675846762760166,1.0216358648562864,0.9675846762760166,1.0216358648562864,0,0.0,0,0.0,0.0,96,0,0,0,0.02845900001557311,0.29644791682888655,0.7980788999848301,8.31332187484198,0.7931951999780722,0.0,1.8383479000331135,19.1494572920116,0.11775239996495657,2.6648858000335167,96,5.7723555518807146e-08,9.810123652656544e-08
105,159,190,18240,0.45,0.5625,0.0,0,0,0,0,0,0,1.4224163375585246,0.9606527387610225,1.0060215398522203,0.9606527387610225,1.0060215398522203,0,0.0,0,0.0,0.0,96,0,0,0,0.027115799952298403,0.2824562495031084,0.7684760000483948,8.004958333837445,0.7638128000107827,0.0,1.7595662000312586,18.328814583658943,0.11328719998709857,2.555158000031952,96,9.879282453738314e-08,8.994797559558343e-08
105,160,191,18336,0.45,0.5625,0.0,0,0,0,0,0,0,1.3973444276329139,0.9611556170353162,1.0076452521975858,0.9611556170353162,1.0076452521975858,0,0.0,0,0.0,0.0,96,0,0,0,0.027063599991379306,0.2819124999102011,0.7434950000315439,7.744739583661915,0.7389893000217853,0.0,1.7114253999461653,17.82734791610589,0.10890570002811728,2.4819839999690885,96,9.832307632136328e-08,8.966759897088838e-08
105,161,192,18432,0.45,0.5625,0.0,0,0,0,0,0,0,1.5538030915492713,0.95904621370542,1.001378124386137,0.95904621370542,1.001378124386137,0,0.0,0,0.0,0.0,96,0,0,0,0.027303600014420226,0.2844125001502107,0.7620058000320569,7.937560417000592,0.7574574999962351,0.0,1.7530693999578943,18.26113958289473,0.11354049998044502,2.5423788000043714,96,9.768682809711826e-08,8.974301121678074e-08
105,162,193,18528,0.45,0.5625,0.0,0,0,0,0,0,0,1.2982868157799583,0.9630719751246319,1.0121166764165477,0.9630719751246319,1.0121166764165477,0,0.0,0,0.0,0.0,96,0,0,0,0.026770000040414743,0.2788541670876536,0.753136400016956,7.845170833509959,0.748488399964117,0.0,1.7520354999505798,18.250369791151872,0.112614499994379,2.5319419000079506,96,9.838797445163583e-08,9.235303508048354e-08
105,163,194,18624,0.45,0.5625,0.0,0,0,0,0,0,0,1.2939600689667716,0.9624525474622169,1.007073693072158,0.9624525474622169,1.007073693072158,0,0.0,0,0.0,0.0,96,0,0,0,0.0272483000298962,0.2838364586447521,0.7793673000051058,8.118409375053185,0.7747070000332315,0.0,1.7908751000431948,18.65494895878328,0.11528449998877477,2.597490700078197,96,9.850268755176583e-08,8.607474386024272e-08
105,164,195,18720,0.45,0.5625,0.0,0,0,0,0,0,0,0.8642140688574,0.9686231297674174,1.0076587365909189,0.9686231297674174,1.0076587365909189,0,0.0,0,0.0,0.0,96,0,0,0,0.027306899974064436,0.2844468747298379,0.7799361999641405,8.12433541629313,0.7751983000416658,0.0,1.7717711000805139,18.45594895917202,0.11380699995788746,2.579014200018719,96,2.5905980988866206e-08,2.3688869130178425e-08
105,165,196,18816,0.45,0.5625,0.0,0,0,0,0,0,0,0.7631194691330794,0.9678294494347167,1.0093399599467037,0.9678294494347167,1.0093399599467037,0,0.0,0,0.0,0.0,96,0,0,0,0.026511000032769516,0.2761562503413491,0.7355466999943019,7.661944791607311,0.7311259000489372,0.0,1.7332140000071377,18.05431250007435,0.11532209999131737,2.495271700034209,96,3.242847466684157e-08,3.0189730437779616e-08
105,166,197,18912,0.45,0.5625,0.0,0,0,0,0,0,0,1.256268936503413,0.963083530749862,1.0088576454644052,0.963083530749862,1.0088576454644052,0,0.0,0,0.0,0.0,96,0,0,0,0.0275142999671516,0.28660729132449586,0.7656852999789407,7.975888541447299,0.7611409999881289,0.0,1.7558877999472315,18.290497916116994,0.11221100002148887,2.549087399893324,96,9.112567292759999e-08,8.171574750193145e-08
105,167,198,19008,0.45,0.5625,0.0,0,0,0,0,0,0,1.3262505544745344,0.9624349815781796,1.0152076272005144,0.9624349815781796,1.0152076272005144,0,0.0,0,0.0,0.0,96,0,0,0,0.027307999989716336,0.28445833322621183,0.7475473000231432,7.7869510419077415,0.7430436999929952,0.0,1.7387494000213337,18.11197291688889,0.11231999998562969,2.5136047000341932,96,9.294332711448638e-08,8.464376002187413e-08
105,168,199,19104,0.45,0.5625,0.0,0,0,0,0,0,0,1.3748616164768137,0.962003066895787,1.016631092848406,0.962003066895787,1.016631092848406,0,0.0,0,0.0,0.0,96,0,0,0,0.02753250001114793,0.2867968751161243,0.7727422000025399,8.049397916693124,0.7681186000190792,0.0,1.769609999966633,18.433437499652428,0.11513230000127805,2.569884699980321,96,9.980435285508737e-08,9.954641801840358e-08
105,169,200,19200,0.45,0.5625,0.0,0,0,0,0,0,0,1.3717406258109626,0.9620528836305051,1.0053730112904429,0.9620528836305051,1.0053730112904429,0,0.0,0,0.0,0.0,96,0,0,0,0.029357699982938357,0.30580937482227455,0.7933288000058383,8.263841666727481,0.7884613000132958,0.0,1.8441103999793995,19.209483333118744,0.1200391000311356,2.666796899968176,96,9.897946142388425e-08,8.870322400211794e-08
105,170,202,19392,0.45,0.5625,0.0,0,0,0,0,0,0,0.9008343560798425,0.9683377956082133,1.011377666886186,0.9683377956082133,1.011377666886186,0,0.0,0,0.0,0.0,96,0,0,0,0.030500599998049438,0.317714583313015,0.8115238000173122,8.453372916847002,0.8066193999839015,0.0,1.8621558000377263,19.39745625039298,0.11991909998323536,2.704180200053088,96,2.9542601299309412e-08,5.087432888156718e-08
105,171,203,19488,0.45,0.5625,0.0,0,0,0,0,0,0,0.7484500259081408,0.9681060703946551,1.0085542458775687,0.9681060703946551,1.0085542458775687,0,0.0,0,0.0,0.0,96,0,0,0,0.029689500006497838,0.3092656250676858,0.7957075000158511,8.288619791831783,0.7907569000017247,0.0,1.843578499974683,19.203942708069615,0.11876880001364043,2.668975499997032,96,2.9679794893468225e-08,2.7598713869814162e-08
105,172,204,19584,0.45,0.5625,0.0,0,0,0,0,0,0,1.3282436451947908,0.962369033309394,1.0024686373420926,0.962369033309394,1.0024686373420926,0,0.0,0,0.0,0.0,96,0,0,0,0.027975699958915357,0.2914135412387016,0.7481954999529989,7.793703124510405,0.7435791000534664,0.0,1.7240081999843824,17.958418749837318,0.10878430002048844,2.5001793998962967,96,9.966906432991307e-08,8.631930087377171e-08
105,173,205,19680,0.45,0.5625,0.0,0,0,0,0,0,0,1.5185785681525041,0.960143522850991,1.0015041670483897,0.960143522850991,1.0015041670483897,0,0.0,0,0.0,0.0,96,0,0,0,0.028227799986780155,0.2940395831956266,0.761554700024135,7.932861458584739,0.7569047999932081,0.0,1.7670753999918816,18.4070354165821,0.11362470001040492,2.5568579000027967,96,9.878586337830342e-08,9.018791415071892e-08
105,174,206,19776,0.45,0.5625,0.0,0,0,0,0,0,0,1.47219276997116,0.9601190724983467,1.0017612915692302,0.9601190724983467,1.0017612915692302,0,0.0,0,0.0,0.0,96,0,0,0,0.028254000033484772,0.2943125003487997,0.7648098999779904,7.9667697914374,0.7601586999226129,0.0,1.7325873000445426,18.047784375463987,0.1103067000003648,2.525651200056018,96,9.714598000164221e-08,8.881740745647626e-08
105,175,207,19872,0.45,0.5625,0.0,0,0,0,0,0,0,1.4047044447775143,0.9611702300434979,1.0030414478268361,0.9611702300434979,1.0030414478268361,0,0.0,0,0.0,0.0,96,0,0,0,0.02632150003046263,0.27418229198398575,0.6866294000210473,7.152389583552576,0.6823356000022613,0.0,1.6354004000531859,17.035420833887354,0.1019790999853285,2.348351300104696,96,9.858548960690883e-08,8.99968671114193e-08
105,176,208,19968,0.45,0.5625,0.0,0,0,0,0,0,0,1.1917761150213835,0.9637439213353245,1.007373020991005,0.9637439213353245,1.007373020991005,0,0.0,0,0.0,0.0,96,0,0,0,0.02637009997124551,0.2746885413671407,0.6892071999973268,7.179241666638821,0.6849647999843,0.0,1.628453100034676,16.96305312536121,0.1042780999923707,2.3440304000032484,96,9.14090088170727e-08,7.451841511907364e-08
105,177,210,20160,0.45,0.5625,0.0,0,0,0,0,0,0,0.7897889130586506,0.967935571568226,1.0227219075004585,0.967935571568226,1.0227219075004585,0,0.0,0,0.0,0.0,96,0,0,0,0.030521100015903357,0.31792812516566,0.7491854000181775,7.804014583522682,0.7445807000258355,0.0,1.7205523000011453,17.922419791678596,0.1067103999957908,2.500258800035226,96,4.604377365491352e-08,8.305250516829621e-08
105,178,211,20256,0.45,0.5625,0.0,0,0,0,0,0,0,1.2173410027472857,0.9633698581342561,1.0101400923313515,0.9633698581342561,1.0101400923313515,0,0.0,0,0.0,0.0,96,0,0,0,0.029467700027453247,0.30695520861930464,0.7442488999877241,7.7525927082054595,0.7396218999783741,0.0,1.7149217000041972,17.863767708377054,0.10932080002385192,2.4886383000193746,96,9.77265872826455e-08,8.644147279912584e-08
105,179,212,20352,0.45,0.5625,0.0,0,0,0,0,0,0,1.3131735932889383,0.9620592878687324,1.009092277169575,0.9620592878687324,1.009092277169575,0,0.0,0,0.0,0.0,96,0,0,0,0.02728910000587348,0.2842614583945154,0.716543400005321,7.463993750055427,0.7121500999855925,0.0,1.6549645000777673,17.239213542476744,0.10666189997573383,2.398797000088962,96,9.746923544315389e-08,8.534176747232447e-08
105,180,213,20448,0.45,0.5625,0.0,0,0,0,0,0,0,1.2972177659727173,0.9628792580361051,1.008732256412646,0.9628792580361051,1.008732256412646,0,0.0,0,0.0,0.0,96,0,0,0,0.027658999992127065,0.2881145832513236,0.7143537999654654,7.441185416306932,0.7099607000054675,0.0,1.6717816999735078,17.414392708057374,0.10997260001749964,2.4137944999311003,96,9.787579444836547e-08,8.746975484197339e-08
105,181,214,20544,0.45,0.5625,0.0,0,0,0,0,0,0,1.4007900129913675,0.9610845395315554,1.0050452453017409,0.9610845395315554,1.0050452453017409,0,0.0,0,0.0,0.0,96,0,0,0,0.02708250007708557,0.2821093758029747,0.7077921000163769,7.372834375170593,0.7034923999963212,0.0,1.6703103000181727,17.399065625189298,0.10704060000716709,2.405184900111635,96,9.435745684793773e-08,8.593676686929896e-08
105,182,215,20640,0.45,0.5625,0.0,0,0,0,0,0,0,1.271912543183782,0.9621125706593208,1.006960978159077,0.9621125706593208,1.006960978159077,0,0.0,0,0.0,0.0,96,0,0,0,0.02722380003251601,0.28358125033870846,0.7238901999589871,7.540522916239449,0.7192836999820429,0.0,1.715693700039992,17.871809375416586,0.11110349995578872,2.466807700031495,96,9.846226929274837e-08,8.971049215988902e-08
105,183,218,20928,0.45,0.5625,0.0,0,0,0,0,0,0,1.1762437935484207,0.9638591935646635,1.0185756639411772,0.9638591935646635,1.0185756639411772,0,0.0,0,0.0,0.0,96,0,0,0,0.027971799972874578,0.29137291638411017,0.7344949999824166,7.6509895831501735,0.7299730000086129,0.0,1.6807646000306704,17.507964583652818,0.10894729999563424,2.4432313999859616,96,9.479134000303646e-08,9.622427410427292e-08
105,184,220,21120,0.45,0.5625,0.0,0,0,0,0,0,0,1.3004773069207711,0.9626818692926443,1.0099678555965015,0.9626818692926443,1.0099678555965015,0,0.0,0,0.0,0.0,96,0,0,0,0.026669900013075676,0.2778114584695383,0.6707187999854796,6.986654166515412,0.6665856000618078,0.0,1.5726603999864892,16.38187916652593,0.10121350004192209,2.2700490999850444,96,9.956317932428849e-08,8.871462474357994e-08
105,185,221,21216,0.45,0.5625,0.0,0,0,0,0,0,0,1.4598821215414948,0.9615762490495721,1.0014321037069651,0.9615762490495721,1.0014321037069651,0,0.0,0,0.0,0.0,96,0,0,0,0.02855930000805529,0.29749270841724257,0.6819822000325075,7.10398125033862,0.6776744999588118,0.0,1.6229286000088905,16.90550625009261,0.10563290001300629,2.3334701000494533,96,9.981850573534401e-08,9.131939829321034e-08
105,186,222,21312,0.45,0.5625,0.0,0,0,0,0,0,0,1.508706151273251,0.9601437111028468,1.0,0.9601437111028468,1.0,0,0.0,0,0.0,0.0,96,0,0,0,0.028018500001053326,0.29185937501097214,0.6988729000004241,7.279926041671085,0.6945922000013525,0.0,1.612407000058738,16.795906250611853,0.10090359996684128,2.3392984000602155,96,9.935543961343829e-08,8.788533761849848e-08
105,187,223,21408,0.45,0.5625,0.0,0,0,0,0,0,0,0.8966908682211129,0.968373009496993,1.003135546347,0.968373009496993,1.003135546347,0,0.0,0,0.0,0.0,96,0,0,0,0.028127799967478495,0.292997916327901,0.7704521000341629,8.025542708689196,0.765799299995706,0.0,1.7846887999621686,18.590508332939255,0.11766300004092045,2.58326869996381,96,3.0749659038660504e-08,2.8422622241897066e-08
105,188,224,21504,0.45,0.5625,0.0,0,0,0,0,0,0,0.7104788988702729,0.9683493248561966,1.0102059717276513,0.9683493248561966,1.0102059717276513,0,0.0,0,0.0,0.0,96,0,0,0,0.028766799965524115,0.2996541663075429,0.768463199994585,8.004824999943594,0.7636832000061986,0.0,1.7792759000440128,18.5341239587918,0.11592429999291198,2.576505900004122,96,2.7034066335356044e-08,2.513532743053659e-08
105,189,225,21600,0.45,0.5625,0.0,0,0,0,0,0,0,1.1473273099877108,0.9641647394619403,1.0175027086227606,0.9641647394619403,1.0175027086227606,0,0.0,0,0.0,0.0,96,0,0,0,0.02787139997963095,0.29032708312115574,0.7604887000270537,7.9217572919484756,0.7558881999866571,0.0,1.7379045999914524,18.10317291657763,0.11219849999179132,2.526264699998137,96,9.309864013387625e-08,9.06756352989091e-08
105,190,226,21696,0.45,0.5625,0.0,0,0,0,0,0,0,1.2081853685023363,0.9635188047834238,1.0122950982461099,0.9635188047834238,1.0122950982461099,0,0.0,0,0.0,0.0,96,0,0,0,0.0275484999656328,0.286963541308675,0.7386828000162495,7.694612500169266,0.7341680999961682,0.0,1.7035059000045294,17.744853125047182,0.10856990002503153,2.4697371999864117,96,9.574432250497589e-08,9.718171795070063e-08
105,191,227,21792,0.45,0.5625,0.0,0,0,0,0,0,0,1.3058749147840958,0.9620933789514684,1.008831027199222,0.9620933789514684,1.008831027199222,0,0.0,0,0.0,0.0,96,0,0,0,0.026835000047867652,0.2795312504986214,0.7399892000612454,7.708220833971306,0.7355338998968364,0.0,1.729102299992519,18.011482291588738,0.11253829996712739,2.495926500101632,96,9.99746405192653e-08,8.821057662089515e-08
105,192,228,21888,0.45,0.5625,0.0,0,0,0,0,0,0,1.342604981479011,0.9618456668151831,1.00787028334731,0.9618456668151831,1.00787028334731,0,0.0,0,0.0,0.0,96,0,0,0,0.027169300003151875,0.2830135416994987,0.7340770000373595,7.646635417055829,0.7296205000020564,0.0,1.7157650999870384,17.872553124864982,0.1109464999899501,2.47701140002755,96,9.964244851098925e-08,9.033264275482011e-08
105,193,229,21984,0.45,0.5625,0.0,0,0,0,0,0,0,1.3175284898956823,0.9622916796631258,1.0063646588470507,0.9622916796631258,1.0063646588470507,0,0.0,0,0.0,0.0,96,0,0,0,0.026963299998897128,0.2808677083218451,0.7251400999957696,7.5535427082892665,0.7207572999977856,0.0,1.6880496999656316,17.583851041308662,0.11189750001358334,2.4401530999602983,96,9.777650790583625e-08,8.911369149544601e-08
105,194,230,22080,0.45,0.5625,0.0,0,0,0,0,0,0,0.8668606093287882,0.9681843542740184,1.0087285173234248,0.9681843542740184,1.0087285173234248,0,0.0,0,0.0,0.0,96,0,0,0,0.027445199993962888,0.28588749993711343,0.7745603000075789,8.068336458412281,0.7698544999802834,0.0,1.780574099997466,18.547646874973605,0.11341989997890778,2.5825795999990078,96,3.10245738691442e-08,2.9122200172204682e-08
105,195,231,22176,0.45,0.5625,0.0,0,0,0,0,0,0,0.7435449517015218,0.9679377567988758,1.0135512013210428,0.9679377567988758,1.0135512013210428,0,0.0,0,0.0,0.0,96,0,0,0,0.02899430000979919,0.30202395843540825,0.789862199962954,8.227731249614104,0.7850348999927519,0.0,1.8249849999774597,19.010260416431873,0.1164932000101544,2.643841499950213,96,3.13629736157367e-08,5.385550496880831e-08
105,196,232,22272,0.45,0.5625,0.0,0,0,0,0,0,0,1.2237681566145233,0.9631297573874962,1.0084433560234194,0.9631297573874962,1.0084433560234194,0,0.0,0,0.0,0.0,96,0,0,0,0.029558199967141263,0.3078979163243882,0.8053986999802873,8.389569791461327,0.8004411999718286,0.0,1.8572704000325757,19.346566667005998,0.12177940000401577,2.6922272999800043,96,8.749289699856722e-08,7.932330868543058e-08
105,197,235,22560,0.45,0.5625,0.0,0,0,0,0,0,0,1.3338327624147426,0.9624758529666615,1.0078464569939147,0.9624758529666615,1.0078464569939147,0,0.0,0,0.0,0.0,96,0,0,0,0.027960200000961777,0.29125208334335184,0.7582687999674818,7.898633332994601,0.7535713000106625,0.0,1.7622292999076308,18.356555207371155,0.1126252000030945,2.5484582998760743,96,9.888000666521957e-08,8.794325830063787e-08
105,198,236,22656,0.45,0.5625,0.0,0,0,0,0,0,0,1.2664440174931246,0.9625841981714294,1.0128021213419092,0.9625841981714294,1.0128021213419092,0,0.0,0,0.0,0.0,96,0,0,0,0.02726250000705477,0.28398437507348717,0.7501485000175308,7.814046875182612,0.7455308000280638,0.0,1.7422465000490774,18.14840104217789,0.11181579996627988,2.519657500073663,96,9.936639931013014e-08,9.243677583786747e-08
105,199,237,22752,0.45,0.5625,0.0,0,0,0,0,0,0,0.8884347040115139,0.9676274990702235,1.0141582133256162,0.9676274990702235,1.0141582133256162,0,0.0,0,0.0,0.0,96,0,0,0,0.027996599965263158,0.2916312496381579,0.7392427000013413,7.7004447916806384,0.7347238999645924,0.0,1.7047393999746419,17.757702083069187,0.11044430002948502,2.4719786999412463,96,3.51425139336059e-08,7.18381058112394e-08
105,200,238,22848,0.45,0.5625,0.0,0,0,0,0,0,0,0.7666280968102014,0.9677198440816869,1.0141520959913564,0.9677198440816869,1.0141520959913564,0,0.0,0,0.0,0.0,96,0,0,0,0.02800349999597529,0.29170312495807593,0.7519009999668924,7.832302082988463,0.7472998999946867,0.0,1.7332502000572276,18.054689583929456,0.1112061999810976,2.5131547000200953,96,3.378551633338028e-08,5.147298325416938e-08
105,201,239,22944,0.45,0.5625,0.0,0,0,0,0,0,0,1.2665141400520097,0.9627589686574671,1.0123248035549717,0.9627589686574671,1.0123248035549717,0,0.0,0,0.0,0.0,96,0,0,0,0.02788090001558885,0.2904260418290505,0.6884946999780368,7.171819791437883,0.6841825999945286,0.0,1.5957001999486238,16.621877082798164,0.10220320003281813,2.3120757999422494,96,9.601674202247557e-08,9.373848825627862e-08
105,202,240,23040,0.45,0.5625,0.0,0,0,0,0,0,0,1.3502594729826236,0.9622088694518809,1.0160305237398035,0.9622088694518809,1.0160305237398035,0,0.0,0,0.0,0.0,96,0,0,0,0.02987399995618034,0.31118749954354524,0.7440724000116461,7.7507541667879805,0.7394174999863026,0.0,1.7409414000358083,18.134806250373003,0.10814919997937977,2.5148878000036348,96,9.594210156373129e-08,9.256263634044304e-08
105,203,241,23136,0.45,0.5625,0.0,0,0,0,0,0,0,1.3998355307141337,0.9616806101985945,1.008751351424918,0.9616806101985945,1.008751351424918,0,0.0,0,0.0,0.0,96,0,0,0,0.02844929998536827,0.29634687484758615,0.7665044000095804,7.984420833433129,0.7618048999793245,0.0,1.7506854999883217,18.236307291545018,0.11332330000004731,2.5456391999832704,96,9.444901842396713e-08,8.619729478798188e-08
105,204,243,23328,0.45,0.5625,0.0,0,0,0,0,0,0,1.3540278023202985,0.9618073645570826,1.0024003106969994,0.9618073645570826,1.0024003106969994,0,0.0,0,0.0,0.0,96,0,0,0,0.028587200009496883,0.2977833334322592,0.7292945000226609,7.596817708569385,0.7247697999991942,0.0,1.6882326000049943,17.585756250052025,0.10620930004370166,2.446114300037152,96,9.904831386499391e-08,8.901794801285945e-08
105,205,246,23616,0.45,0.5625,0.0,0,0,0,0,0,0,1.2757277650358454,0.962325224955358,1.0124637841067887,0.962325224955358,1.0124637841067887,0,0.0,0,0.0,0.0,96,0,0,0,0.02885420000529848,0.3005645833885258,0.7359732999975677,7.6663885416413295,0.7314584000050672,0.0,1.724634700010938,17.964944791780606,0.11264039999514353,2.4894622000138042,96,9.176815031833319e-08,9.920399546975434e-08
105,206,247,23712,0.45,0.5625,0.0,0,0,0,0,0,0,1.3901421564777392,0.9615906761999518,1.0084826895860581,0.9615906761999518,1.0084826895860581,0,0.0,0,0.0,0.0,96,0,0,0,0.027748899992730003,0.28905104159093753,0.7346135999832768,7.6522249998258,0.7301719000024605,0.0,1.6778013999864925,17.477097916525963,0.10514649999095127,2.4401638999624993,96,9.417784412567298e-08,8.538818041525786e-08
105,207,248,23808,0.45,0.5625,0.0,0,0,0,0,0,0,1.5435557162717686,0.9598433923571815,1.0040220097911678,0.9598433923571815,1.0040220097911678,0,0.0,0,0.0,0.0,96,0,0,0,0.027467100029753055,0.2861156253099277,0.7255791999486974,7.558116666132264,0.7211069999902975,0.0,1.6581921999822953,17.27283541648224,0.1060192000149982,2.4112384999607457,96,9.946197238215604e-08,8.982766745713189e-08
105,208,249,23904,0.45,0.5625,0.0,0,0,0,0,0,0,1.431555204163975,0.9612590381136793,1.0039106600322936,0.9612590381136793,1.0039106600322936,0,0.0,0,0.0,0.0,96,0,0,0,0.027290300007734913,0.28427395841390535,0.7049614000497968,7.343347917185383,0.7005437000043457,0.0,1.6907192999642575,17.61165937462768,0.11189610000292305,2.4229710000217892,96,9.827234607670543e-08,9.026214456420156e-08
105,209,250,24000,0.45,0.5625,0.0,0,0,0,0,0,0,1.5238777845252074,0.9603234557273163,1.0022601649560088,0.9603234557273163,1.0022601649560088,0,0.0,0,0.0,0.0,96,0,0,0,0.02760439996200148,0.2875458329375154,0.7110374000112643,7.406639583450669,0.706623199985188,0.0,1.6734769000249798,17.432051041926872,0.10736769995855866,2.4121186999982456,96,9.938041696869182e-08,9.086789702628106e-08
105,210,252,24192,0.45,0.5625,0.0,0,0,0,0,0,0,0.8060056302828557,0.9666479162058037,1.0073665832240255,0.9666479162058037,1.0073665832240255,0,0.0,0,0.0,0.0,96,0,0,0,0.02814139999827603,0.2931395833153753,0.728709400005755,7.590722916726615,0.7241331999757676,0.0,1.7046237000104156,17.756496875108496,0.10974469999200664,2.4614745000144467,96,4.857950112492626e-08,4.3435511992706566e-08
105,211,253,24288,0.45,0.5625,0.0,0,0,0,0,0,0,1.4848869387468648,0.9605521746655619,1.004109157652744,0.9605521746655619,1.004109157652744,0,0.0,0,0.0,0.0,96,0,0,0,0.026972199950250797,0.2809604161484458,0.7135149999739951,7.432447916395783,0.7091720000389614,0.0,1.6612205000201357,17.30438020854308,0.10725279998587212,2.4017076999443816,96,9.903068312437646e-08,9.116623782279287e-08
105,212,254,24384,0.45,0.5625,0.0,0,0,0,0,0,0,1.5403417185301997,0.9598771112822615,1.0040527165470543,0.9598771112822615,1.0040527165470543,0,0.0,0,0.0,0.0,96,0,0,0,0.02736510001705028,0.2850531251776071,0.7166283999977168,7.464879166642883,0.7122616999986349,0.0,1.653253600037715,17.22139166705953,0.10751839997828938,2.397247100052482,96,9.988849665812372e-08,9.030105149743228e-08
105,213,256,24576,0.45,0.5625,0.0,0,0,0,0,0,0,1.730311323524445,0.9594071231762585,1.0005891275359342,0.9594071231762585,1.0005891275359342,0,0.0,0,0.0,0.0,96,0,0,0,0.027903300026082434,0.290659375271692,0.7282122000178788,7.585543750186237,0.7236731999655603,0.0,1.7142345999745885,17.856610416401963,0.10881110000627814,2.4703501000185497,96,8.943900103169922e-08,6.584500833461959e-08
105,214,257,24672,0.45,0.5625,0.0,0,0,0,0,0,0,1.4187678165208646,0.9607368398387642,1.0061765565755492,0.9607368398387642,1.0061765565755492,0,0.0,0,0.0,0.0,96,0,0,0,0.026993599967681803,0.28118333299668546,0.730425199973979,7.608595833062282,0.7259756000130437,0.0,1.678510500008997,17.484484375093718,0.10612160002347082,2.435929299950658,96,9.61474611645835e-08,8.668615013307512e-08
105,215,258,24768,0.45,0.5625,0.0,0,0,0,0,0,0,0.9680216950517789,0.9659552298930028,1.005335524805585,0.9659552298930028,1.005335524805585,0,0.0,0,0.0,0.0,96,0,0,0,0.02877039999293629,0.2996916665930864,0.7687043999321759,8.007337499293499,0.7640642999758711,0.0,1.7622627000164357,18.356903125171204,0.11361410002427874,2.559737499941548,96,7.117549528923295e-08,5.6814745547084655e-08
105,216,259,24864,0.45,0.5625,0.0,0,0,0,0,0,0,0.8243623578069208,0.9662713288468445,1.0116481223595255,0.9662713288468445,1.0116481223595255,0,0.0,0,0.0,0.0,96,0,0,0,0.02896719998534536,0.3017416665140142,0.766816099989228,7.9876677082211245,0.7621172999861301,0.0,1.764375300044776,18.378909375466417,0.11537809997389559,2.5601586000193493,96,5.978447231193285e-08,5.02314175671037e-08
105,217,260,24960,0.45,0.5625,0.0,0,0,0,0,0,0,1.454564263444625,0.9603662125095663,1.0052910484149042,0.9603662125095663,1.0052910484149042,0,0.0,0,0.0,0.0,96,0,0,0,0.027796200032753404,0.2895437503411813,0.7271564000402577,7.574545833752684,0.7227162999624852,0.0,1.677688500029035,17.475921875302447,0.10814589998335578,2.432641100102046,96,9.922629349255752e-08,9.06234481207191e-08
105,218,261,25056,0.45,0.5625,0.0,0,0,0,0,0,0,1.534399799544242,0.9599162644460304,1.0041040882515657,0.9599162644460304,1.0041040882515657,0,0.0,0,0.0,0.0,96,0,0,0,0.026754399979836307,0.2786916664566282,0.7268949999925098,7.571822916588644,0.722563999981503,0.0,1.6802260000331444,17.50235416701192,0.10658599997259444,2.4338754000054905,96,9.857679185952539e-08,9.052354990601863e-08
105,219,262,25152,0.45,0.5625,0.0,0,0,0,0,0,0,1.5769263405982474,0.9597385573942971,1.0039570518250769,0.9597385573942971,1.0039570518250769,0,0.0,0,0.0,0.0,96,0,0,0,0.029666499998711515,0.30902604165324493,0.7900557000320987,8.229746875334362,0.7851945999645977,0.0,1.8154206999461167,18.910632291105383,0.11624150002899114,2.635142899976927,96,9.912460394168043e-08,8.926523041574708e-08
105,220,263,25248,0.45,0.5625,0.0,0,0,0,0,0,0,1.4727763378203544,0.960122294638101,1.0078502162912508,0.960122294638101,1.0078502162912508,0,0.0,0,0.0,0.0,96,0,0,0,0.028763699971023016,0.29962187469815643,0.7607907000274281,7.924903125285709,0.7561638000333915,0.0,1.7595082999760052,18.328211458083388,0.11415849999320926,2.5490626999744563,96,9.345662671696175e-08,8.549335420160453e-08
105,221,264,25344,0.45,0.5625,0.0,0,0,0,0,0,0,1.4320492622593044,0.9606943104120209,1.006889895959974,0.9606943104120209,1.006889895959974,0,0.0,0,0.0,0.0,96,0,0,0,0.02956829997128807,0.3080031247009174,0.799968200022704,8.333002083569832,0.7950615000081598,0.0,1.8282022000130382,19.04377291680248,0.120457399985753,2.6577387000070303,96,9.924882896431009e-08,9.111188005450632e-08
105,222,265,25440,0.45,0.5625,0.0,0,0,0,0,0,0,0.9929728942616142,0.965523512599169,1.008339507587777,0.965523512599169,1.008339507587777,0,0.0,0,0.0,0.0,96,0,0,0,0.029484999999112915,0.3071354166574262,0.7976641999775893,8.30900208309989,0.7928229000972351,0.0,1.8601777000149013,19.37685104182189,0.11944159997801762,2.6873268999916036,96,9.191487645651697e-08,6.799850404970442e-08
105,223,266,25536,0.45,0.5625,0.0,0,0,0,0,0,0,0.8835661884433075,0.9657955560693471,1.005988220438605,0.9657955560693471,1.005988220438605,0,0.0,0,0.0,0.0,96,0,0,0,0.02755170001182705,0.28699687512319844,0.7539770999428583,7.853928124404774,0.7493583000468789,0.0,1.752376800053753,18.253925000559928,0.11049729996739188,2.5339056000084383,96,7.791928985714791e-08,6.055428533602303e-08
105,224,267,25632,0.45,0.5625,0.0,0,0,0,0,0,0,1.5391817965029808,0.9597398089199469,1.0044906408289271,0.9597398089199469,1.0044906408289271,0,0.0,0,0.0,0.0,96,0,0,0,0.028341700046439655,0.2952260421504131,0.770162899956631,8.022530207881573,0.7653961999967578,0.0,1.7776190000440693,18.516864583792387,0.11281399998551933,2.57612360004714,96,9.8343354614297e-08,9.060317107678628e-08
105,225,269,25824,0.45,0.5625,0.0,0,0,0,0,0,0,1.5798855772223899,0.9589975945029762,1.006586232975688,0.9589975945029762,1.006586232975688,0,0.0,0,0.0,0.0,96,0,0,0,0.028983500000322238,0.30191145833669,0.784567100017739,8.172573958518115,0.7797251999945729,0.0,1.841134400026931,19.178483333613865,0.11780569998518331,2.654685000044992,96,9.749838845128644e-08,8.95726849636791e-08
105,226,270,25920,0.45,0.5625,0.0,0,0,0,0,0,0,1.633935303680134,0.9588950700649868,1.0037036263167949,0.9588950700649868,1.0037036263167949,0,0.0,0,0.0,0.0,96,0,0,0,0.028559399986988865,0.29749374986446736,0.7750124000303913,8.073045833649909,0.7703410000249278,0.0,1.7903375999230775,18.649349999198723,0.11443320003309054,2.5939093999404577,96,9.818767098858372e-08,8.918387875422873e-08
105,227,272,26112,0.45,0.5625,0.0,0,0,0,0,0,0,1.0558408783739408,0.9650598765267814,1.0055858988784625,0.9650598765267814,1.0055858988784625,0,0.0,0,0.0,0.0,96,0,0,0,0.028827200017985888,0.3002833335206863,0.7800995000288822,8.12603645863419,0.7753997999971034,0.0,1.8134623000441934,18.890232292127013,0.11669979996804614,2.6223890000910615,96,9.871581272899443e-08,7.118549971707466e-08
105,228,273,26208,0.45,0.5625,0.0,0,0,0,0,0,0,0.8497160365867125,0.9662891970270058,1.005978795667674,0.9662891970270058,1.005978795667674,0,0.0,0,0.0,0.0,96,0,0,0,0.029186399973696098,0.304024999726001,0.7730791999856592,8.05290833318395,0.7683228999012499,0.0,1.7976016999891726,18.72501770822055,0.11691310004971456,2.599867299948528,96,5.908315415040222e-08,4.978180700998536e-08
105,229,274,26304,0.45,0.5625,0.0,0,0,0,0,0,0,1.3938403072408687,0.9614659505473923,1.0014601406101151,0.9614659505473923,1.0014601406101151,0,0.0,0,0.0,0.0,96,0,0,0,0.028170099954877514,0.29343854119664076,0.7574904000503011,7.89052500052397,0.7527656000092975,0.0,1.754501999981585,18.276062499808177,0.1138717999929213,2.5401624999867636,96,9.914391259358002e-08,8.864970868494026e-08
105,230,275,26400,0.45,0.5625,0.0,0,0,0,0,0,0,1.0164105119820301,0.9646827790187795,1.005109530896421,0.9646827790187795,1.005109530896421,0,0.0,0,0.0,0.0,96,0,0,0,0.028606199935893528,0.29798124933222425,0.788710400040145,8.21573333375151,0.7839586999980384,0.0,1.8181541000085417,18.93910520842231,0.1169005999690853,2.6354706999845803,96,8.695016913938536e-08,6.491424578425331e-08
105,231,276,26496,0.45,0.5625,0.0,0,0,0,0,0,0,1.649475246695126,0.9588862061042761,1.0028506313377514,0.9588862061042761,1.0028506313377514,0,0.0,0,0.0,0.0,96,0,0,0,0.028245000023161992,0.29421875024127075,0.7463436000325601,7.774412500339167,0.741758000003756,0.0,1.6908421000698581,17.612938542394357,0.10857439995743334,2.46543070012558,96,9.931049395166258e-08,8.945343084321156e-08
105,232,278,26688,0.45,0.5625,0.0,0,0,0,0,0,0,1.7310306142414438,0.9589876758165524,1.0018059647762683,0.9589876758165524,1.0018059647762683,0,0.0,0,0.0,0.0,96,0,0,0,0.02785429998766631,0.29014895820485737,0.7450116000327398,7.76053750034104,0.7404971999931149,0.0,1.711037099979876,17.823303124790375,0.10817749999841908,2.483903000000282,96,9.751571408006532e-08,9.01338742531621e-08
105,233,280,26880,0.45,0.5625,0.0,0,0,0,0,0,0,0.9852686575947451,0.9648489850854416,1.0029268736470147,0.9648489850854416,1.0029268736470147,0,0.0,0,0.0,0.0,96,0,0,0,0.027819299961265642,0.2897843745965171,0.7321890000166604,7.626968750173546,0.7277240000039455,0.0,1.6435955000197282,17.120786458538834,0.10491650001495145,2.4036037999976543,96,9.830837913692159e-08,7.109657577941686e-08
105,234,281,26976,0.45,0.5625,0.0,0,0,0,0,0,0,1.7206567895127038,0.9580998209926191,1.0027457043689203,0.9580998209926191,1.0027457043689203,0,0.0,0,0.0,0.0,96,0,0,0,0.029445799969835207,0.3067270830191167,0.7551655999923241,7.866308333253377,0.7503955999709433,0.0,1.7654093999735778,18.38968124972477,0.11240860001998954,2.550020799935737,96,9.964575680213028e-08,9.12832370802974e-08
105,235,283,27168,0.45,0.5625,0.0,0,0,0,0,0,0,1.8496461168762643,0.9573867142648794,1.001744095240606,0.9573867142648794,1.001744095240606,0,0.0,0,0.0,0.0,96,0,0,0,0.028254400051082484,0.29431666719877586,0.7406441999992239,7.715043749991916,0.7360699999917415,0.0,1.7360116000127164,18.08345416679913,0.11189259998354828,2.504910200063023,96,8.546636055990764e-08,6.524149144537805e-08
105,236,286,27456,0.45,0.5625,0.0,0,0,0,0,0,0,1.0899826719215193,0.963856109616872,1.0081542479266878,0.963856109616872,1.0081542479266878,0,0.0,0,0.0,0.0,96,0,0,0,0.03087090001645265,0.3215718751713818,0.7812198000465287,8.137706250484674,0.7763694999812287,0.0,1.8114840000052936,18.86962500005514,0.11496900001657195,2.623574700068275,96,9.434632749528993e-08,7.046431847734791e-08
105,237,288,27648,0.45,0.5625,0.0,0,0,0,0,0,0,1.573936502928053,0.958339128496819,1.0080148322845304,0.958339128496819,1.0080148322845304,0,0.0,0,0.0,0.0,96,0,0,0,0.02642640002159169,0.2752750002249134,0.6995157000128529,7.286621875133885,0.6951814000276499,0.0,1.637258299961104,17.054773957928166,0.10396610005409457,2.3632003999955487,96,9.78967722772145e-08,8.967295274386888e-08
105,238,290,27840,0.45,0.5625,0.0,0,0,0,0,0,0,1.7173906341308967,0.9570313001592449,1.0062026639265564,0.9570313001592449,1.0062026639265564,0,0.0,0,0.0,0.0,96,0,0,0,0.029000700007600244,0.30209062507916923,0.7881462000004831,8.209856250005032,0.7833678000315558,0.0,1.8058931000705343,18.811386459068064,0.1164683999522822,2.6230400000786176,96,9.528636855243855e-08,8.616838818864547e-08
105,239,292,28032,0.45,0.5625,0.0,0,0,0,0,0,0,1.811687236478875,0.9578557779921045,1.0022917566157552,0.9578557779921045,1.0022917566157552,0,0.0,0,0.0,0.0,96,0,0,0,0.028625300001294818,0.298180208346821,0.7722736000287114,8.044516666965743,0.7675872999243438,0.0,1.7617459999455605,18.351520832766255,0.11109870002837852,2.5626448999755667,96,9.74205360045749e-08,8.833341891278934e-08
105,240,294,28224,0.45,0.5625,0.0,0,0,0,0,0,0,1.0566998316447627,0.9643694633249367,1.0014448244853538,0.9643694633249367,1.0014448244853538,0,0.0,0,0.0,0.0,96,0,0,0,0.027068099996540695,0.28195937496396556,0.7013736999651883,7.305976041304045,0.697082299979229,0.0,1.6346274999741581,17.02736979139748,0.1053887000089162,2.363069299935887,96,9.059380546953821e-08,6.694600984680221e-08
105,241,295,28320,0.45,0.5625,0.0,0,0,0,0,0,0,1.985796517939339,0.9573695253984794,1.0,0.9573695253984794,1.0,0,0.0,0,0.0,0.0,96,0,0,0,0.026583800012303982,0.27691458346149983,0.7186954000062542,7.486410416731815,0.7143928999939817,0.0,1.6650081000552746,17.343834375575778,0.10721669997292338,2.4102873000738327,96,8.512756022663326e-08,6.482594613888004e-08
105,242,297,28512,0.45,0.5625,0.0,0,0,0,0,0,0,1.979593539855926,0.9568165031433649,1.000955633929426,0.9568165031433649,1.000955633929426,0,0.0,0,0.0,0.0,96,0,0,0,0.02698979996785056,0.28114374966510997,0.7178870999632636,7.4779906246173296,0.7136436999717262,0.0,1.6824357000077725,17.525371875080964,0.10885009997582529,2.4273125999388867,96,9.796451062686617e-08,7.196427904976321e-08
105,243,298,28608,0.45,0.5625,0.0,0,0,0,0,0,0,1.9027728672560003,0.9570868320800936,1.0015352382702905,0.9570868320800936,1.0015352382702905,0,0.0,0,0.0,0.0,96,0,0,0,0.027321700035827234,0.284601042039867,0.7262642999921809,7.565253124918551,0.7219549999717856,0.0,1.69533709994721,17.659761457783436,0.10856620003323769,2.448923099975218,96,8.075285047419445e-08,6.806984892415713e-08
105,244,300,28800,0.45,0.5625,0.0,0,0,0,0,0,0,1.374671614926522,0.9628408612173456,1.0,0.9628408612173456,1.0,0,0.0,0,0.0,0.0,96,0,0,0,0.027704899985110387,0.2885927081782332,0.753930200036848,7.853439583717167,0.7492899000499165,0.0,1.7335773999875528,18.058097916537008,0.11161830001219641,2.515212500009511,96,9.901151089113103e-08,7.797940029807826e-08
105,245,302,28992,0.45,0.5625,0.0,0,0,0,0,0,0,1.4079426965310142,0.9605935462008589,1.0041059137059323,0.9605935462008589,1.0041059137059323,0,0.0,0,0.0,0.0,96,0,0,0,0.029648700008692686,0.3088406250905488,0.7809155999566428,8.134537499548363,0.7760121999672265,0.0,1.8277871000245796,19.03944895858937,0.11846969995531254,2.638351399989915,96,9.719128371034336e-08,8.579523619323126e-08
105,246,303,29088,0.45,0.5625,0.0,0,0,0,0,0,0,1.123205813155455,0.9642260453992735,1.0029935286919278,0.9642260453992735,1.0029935286919278,0,0.0,0,0.0,0.0,96,0,0,0,0.02743299995927373,0.2857604162424347,0.7160528999957023,7.4588843749552325,0.7117965999932494,0.0,1.6988995999490726,17.69687083280284,0.10984390000521671,2.4423854999040486,96,9.658490313091406e-08,7.020117549771943e-08
105,247,304,29184,0.45,0.5625,0.0,0,0,0,0,0,0,1.538104770293029,0.9585746384036196,1.0003592753392245,0.9585746384036196,1.0003592753392245,0,0.0,0,0.0,0.0,96,0,0,0,0.027575899970543105,0.2872489580264907,0.7440731000024243,7.750761458358586,0.7395646999721066,0.0,1.7065337000603904,17.7763927089624,0.10968239996873308,2.478182700033358,96,9.865115312319983e-08,8.493326410230484e-08
105,248,305,29280,0.45,0.5625,0.0,0,0,0,0,0,0,1.8522419880037935,0.9576890289887122,1.0020811033727341,0.9576890289887122,1.0020811033727341,0,0.0,0,0.0,0.0,96,0,0,0,0.027202799974475056,0.28336249973411515,0.689987400015525,7.18736875016172,0.6857278999741538,0.0,1.613526500070293,16.80756770906555,0.10520229995017871,2.330716700060293,96,8.552262164077118e-08,6.402942107075482e-08
105,249,306,29376,0.45,0.5625,0.0,0,0,0,0,0,0,1.8071111178612007,0.9578621537710047,1.0014839005995522,0.9578621537710047,1.0014839005995522,0,0.0,0,0.0,0.0,96,0,0,0,0.02743789998930879,0.2858114582219666,0.7504345999695943,7.817027083016606,0.7459279999893624,0.0,1.741828800062649,18.144050000652594,0.11274629994295537,2.519701300021552,96,9.833959481800325e-08,8.945332891086011e-08
105,250,307,29472,0.45,0.5625,0.0,0,0,0,0,0,0,1.3164727162007335,0.9615387457748726,1.0028500248117913,0.9615387457748726,1.0028500248117913,0,0.0,0,0.0,0.0,96,0,0,0,0.02583990000130143,0.26916562501355656,0.7052335999978823,7.346183333311274,0.7010613000456942,0.0,1.6388087999876007,17.07092499987084,0.10502939999423688,2.3698822999867843,96,9.725369580840248e-08,7.034219186297097e-08
105,251,309,29664,0.45,0.5625,0.0,0,0,0,0,0,0,1.9770108624738552,0.9560035615165988,1.0002832415037899,0.9560035615165988,1.0002832415037899,0,0.0,0,0.0,0.0,96,0,0,0,0.02877120004268363,0.29970000044462114,0.799022099992726,8.323146874924229,0.7942404999994324,0.0,1.8393512000038754,19.159908333373703,0.11805039998580469,2.667144500039285,96,9.056997924208887e-08,8.128718725908257e-08
105,252,310,29760,0.45,0.5625,0.0,0,0,0,0,0,0,2.1786863008993747,0.955304147052674,1.0,0.955304147052674,1.0,0,0.0,0,0.0,0.0,96,0,0,0,0.025100000006204937,0.2614583333979681,0.6645653000014136,6.922555208348058,0.6606611000170233,0.0,1.547942300028808,16.124398958633417,0.10030969999206718,2.2376076000364264,96,9.892479726006376e-08,8.986513116981953e-08
105,253,312,29952,0.45,0.5625,0.0,0,0,0,0,0,0,2.2453629771320327,0.9556234148273223,1.0,0.9556234148273223,1.0,0,0.0,0,0.0,0.0,96,0,0,0,0.027549200007342733,0.28697083340982016,0.7531613999744877,7.845431249734247,0.7486468000206514,0.0,1.75268420001521,18.25712708349177,0.11206029997265432,2.5333947999970405,96,8.867548842786399e-08,8.595685822843091e-08
105,254,313,30048,0.45,0.5625,0.0,0,0,0,0,0,0,2.2961797170953893,0.9553705241907275,1.0,0.9553705241907275,1.0,0,0.0,0,0.0,0.0,96,0,0,0,0.02583079996111337,0.2690708329282643,0.7215026000048965,7.515652083384339,0.71734839999408,0.0,1.685463899972092,17.55691562470929,0.1077639000286581,2.432797299938102,96,9.859107653539811e-08,8.927001471370488e-08
105,255,314,30144,0.45,0.5625,0.0,0,0,0,0,0,0,1.5723319424410824,0.9613362427452895,1.0,0.9613362427452895,1.0,0,0.0,0,0.0,0.0,96,0,0,0,0.02891300000192132,0.3011770833533471,0.7520486999710556,7.833840624698496,0.7474987000096007,0.0,1.7496645000355784,18.225671875370608,0.11215769999398617,2.5306262000085553,96,9.998149312802351e-08,8.883966645667485e-08
105,256,315,30240,0.45,0.5625,0.0,0,0,0,0,0,0,1.3277873184057154,0.9628242552506779,1.0,0.9628242552506779,1.0,0,0.0,0,0.0,0.0,96,0,0,0,0.025133000017376617,0.26180208351433976,0.6801417000242509,7.084809375252614,0.6761100999865448,0.0,1.5751730000120006,16.40805208345834,0.10101649996795459,2.280447700053628,96,9.776781610855434e-08,7.174302638079944e-08
105,257,316,30336,0.45,0.5625,0.0,0,0,0,0,0,0,2.1046779230919253,0.9554800008079176,1.0001082242721875,0.9554800008079176,1.0001082242721875,0,0.0,0,0.0,0.0,96,0,0,0,0.02892260000226088,0.30127708335688413,0.7434450000437209,7.744218750455427,0.7389223000209313,0.0,1.7017941000594874,17.72702187561966,0.10844849995919503,2.474161700105469,96,8.148072720010058e-08,8.785889529794311e-08
105,258,317,30432,0.45,0.5625,0.0,0,0,0,0,0,0,2.1873731738667543,0.9548835380377196,1.000128862627496,0.9548835380377196,1.000128862627496,0,0.0,0,0.0,0.0,96,0,0,0,0.02756660000886768,0.28715208342570503,0.6954040999698918,7.243792708019707,0.6910754999989877,0.0,1.6337712999375071,17.018451041015698,0.10346350003237603,2.3567419999162666,96,8.498762998042364e-08,9.512758428198431e-08
105,259,320,30720,0.45,0.5625,0.0,0,0,0,0,0,0,2.1642786309325386,0.9558932362132633,1.0,0.9558932362132633,1.0,0,0.0,0,0.0,0.0,96,0,0,0,0.02790259995526867,0.290652082867382,0.7157231000310276,7.455448958656537,0.7113454000063939,0.0,1.6564525000212598,17.254713541888123,0.10583330001099966,2.400078200007556,96,9.98480293671472e-08,8.270415761957306e-08
105,260,321,30816,0.45,0.5625,0.0,0,0,0,0,0,0,1.6360241986094968,0.9604110412850221,1.0,0.9604110412850221,1.0,0,0.0,0,0.0,0.0,96,0,0,0,0.02770079999754671,0.2885499999744449,0.7192549999672337,7.492239582992018,0.7149577999807661,0.0,1.644404700025916,17.12921562526996,0.10756760000367649,2.3913604999906966,96,9.900773441547106e-08,8.662698912365041e-08
105,261,322,30912,0.45,0.5625,0.0,0,0,0,0,0,0,1.302612595621285,0.9625232430133971,1.0,0.9625232430133971,1.0,0,0.0,0,0.0,0.0,96,0,0,0,0.02772289993299637,0.28878020763537887,0.7190390999894589,7.489990624890197,0.7145920999973896,0.0,1.6555665999112534,17.245485415742223,0.10517920000711456,2.4023285998337087,96,9.687438460789788e-08,7.091191203678626e-08
105,262,323,31008,0.45,0.5625,0.0,0,0,0,0,0,0,2.357574969718324,0.9545393950759219,1.0,0.9545393950759219,1.0,0,0.0,0,0.0,0.0,96,0,0,0,0.026738100001239218,0.27852187501290854,0.6795527000285801,7.078673958631043,0.6754610999923898,0.0,1.5528138000518084,16.17514375053967,0.09991349997289944,2.2591046000816277,96,9.038097870811557e-08,9.894462763004874e-08
105,263,324,31104,0.45,0.5625,0.0,0,0,0,0,0,0,2.3968266828240816,0.9545246644797328,1.0,0.9545246644797328,1.0,0,0.0,0,0.0,0.0,96,0,0,0,0.026848500026972033,0.27967187528095866,0.7184732000023359,7.484095833357666,0.7139736999961315,0.0,1.6633703999541467,17.32677499952236,0.10538930004258873,2.4086920999834547,96,9.355211180381295e-08,9.923839916492483e-08
105,264,325,31200,0.45,0.5625,0.0,0,0,0,0,0,0,2.1646139692824207,0.9545127369854746,1.0011826148832956,0.9545127369854746,1.0011826148832956,0,0.0,0,0.0,0.0,96,0,0,0,0.02891439998347778,0.3011916664945602,0.7803134000205318,8.128264583547207,0.7755517000259715,0.0,1.7837607999099419,18.58084166572856,0.11362030000600498,2.5929885999139515,96,9.661076771048938e-08,9.951235585559104e-08
105,265,326,31296,0.45,0.5625,0.0,0,0,0,0,0,0,2.2762168372994855,0.9532930635485314,1.0003511821160824,0.9532930635485314,1.0003511821160824,0,0.0,0,0.0,0.0,96,0,0,0,0.027973499993095174,0.2913906249280747,0.7465784999949392,7.776859374947283,0.7420763000263833,0.0,1.7070850998497917,17.782136456768665,0.10911670007772045,2.481637099837826,96,9.41591759683752e-08,9.983722001893902e-08
105,266,327,31392,0.45,0.5625,0.0,0,0,0,0,0,0,2.1880411585566666,0.9554825797844999,1.0,0.9554825797844999,1.0,0,0.0,0,0.0,0.0,96,0,0,0,0.027351600045221858,0.28491250047106104,0.7128238000223064,7.425247916899025,0.7084999999424326,0.0,1.666677899993374,17.361228124930978,0.10605600002600113,2.4068533000609023,96,9.666822026882516e-08,8.796051539916583e-08
105,267,328,31488,0.45,0.5625,0.0,0,0,0,0,0,0,1.6290423567721697,0.9605858273677692,1.0,0.9605858273677692,1.0,0,0.0,0,0.0,0.0,96,0,0,0,0.026358499984780792,0.2745677081747999,0.6796021000191104,7.079188541865733,0.6755659000118612,0.0,1.591756300033012,16.58079479201054,0.10337479996087495,2.297716900036903,96,9.668254427087908e-08,7.126693457593092e-08
105,268,331,31776,0.45,0.5625,0.0,0,0,0,0,0,0,2.4947190183037597,0.9530622701087763,1.0,0.9530622701087763,1.0,0,0.0,0,0.0,0.0,96,0,0,0,0.026560100021015387,0.2766677085522436,0.6828070000265143,7.112572916942857,0.678597100013576,0.0,1.6261703999625752,16.93927499961016,0.10518730005424004,2.335537500010105,96,9.274788687931024e-08,9.81312317516192e-08
105,269,332,31872,0.45,0.5625,0.0,0,0,0,0,0,0,2.343049772088824,0.9549142665055339,1.0,0.9549142665055339,1.0,0,0.0,0,0.0,0.0,96,0,0,0,0.025460700002440717,0.2652156250254241,0.6537388999786344,6.809780208110776,0.6497112999568344,0.0,1.521360500039009,15.847505208739676,0.09806799997022608,2.200560100020084,96,9.297612893130469e-08,9.42517513341512e-08
105,270,333,31968,0.45,0.5625,0.0,0,0,0,0,0,0,2.441482502828571,0.9543720114737649,1.0,0.9543720114737649,1.0,0,0.0,0,0.0,0.0,96,0,0,0,0.025237200017727446,0.2628875001846609,0.6352923000376904,6.617628125392609,0.6314105999917956,0.0,1.485740300064208,15.476461459002167,0.09487019992957357,2.146269800119626,96,9.961190009996623e-08,9.846633841625874e-08
105,271,334,32064,0.45,0.5625,0.0,0,0,0,0,0,0,2.30048608956487,0.9561571253016374,1.0,0.9561571253016374,1.0,0,0.0,0,0.0,0.0,96,0,0,0,0.029579299931356218,0.30811770761829393,0.7538790999897174,7.852907291559555,0.7491435000556521,0.0,1.75337180004135,18.264289583764064,0.11482249997061444,2.5368301999624236,96,9.716219189458142e-08,7.856373072934186e-08
105,272,335,32160,0.45,0.5625,0.0,0,0,0,0,0,0,1.7045821731250352,0.9607779476165234,1.0,0.9607779476165234,1.0,0,0.0,0,0.0,0.0,96,0,0,0,0.030111300002317876,0.31365937502414454,0.7190008999896236,7.489592708225246,0.7145495000077062,0.0,1.6617256000172347,17.309641666846193,0.10725109998020343,2.410837800009176,96,9.875626929937986e-08,7.117246382526421e-08
105,273,336,32256,0.45,0.5625,0.0,0,0,0,0,0,0,1.5523236399422629,0.9614204081255091,1.0,0.9614204081255091,1.0,0,0.0,0,0.0,0.0,96,0,0,0,0.02826160003314726,0.29439166701195063,0.7152509999796166,7.450531249787673,0.7107404999769642,0.0,1.6277143000261276,16.955357291938828,0.10705969999253284,2.3712269000388915,96,9.8711548835069e-08,8.470726411968776e-08
105,274,337,32352,0.45,0.5625,0.0,0,0,0,0,0,0,2.5902266056390597,0.9525753782483787,1.0,0.9525753782483787,1.0,0,0.0,0,0.0,0.0,96,0,0,0,0.02678500004549278,0.2790104171405498,0.6837342000435456,7.122231250453599,0.6794820999784861,0.0,1.6260712999719544,16.93824270804119,0.10428070005582413,2.336590500060993,96,9.916879449567428e-08,9.857373708954675e-08
105,275,338,32448,0.45,0.5625,0.0,0,0,0,0,0,0,2.6412012653678443,0.9517219491147655,1.0,0.9517219491147655,1.0,0,0.0,0,0.0,0.0,96,0,0,0,0.025638599923695438,0.2670687492051608,0.6265117000220926,6.526163541896797,0.622619499998109,0.0,1.4707507000130136,15.320319791802225,0.09177549998275936,2.1229009999588015,96,9.824450043424693e-08,9.990127433634477e-08
105,276,339,32544,0.45,0.5625,0.0,0,0,0,0,0,0,2.6354713804808796,0.9527669033303303,1.0,0.9527669033303303,1.0,0,0.0,0,0.0,0.0,96,0,0,0,0.026887500054726843,0.2800781255700713,0.6901220999206998,7.188771874173956,0.6859312000233331,0.0,1.615978699948755,16.833111457799532,0.10592020000331104,2.3329882999241818,96,9.457014023446508e-08,9.943101314524583e-08
105,277,340,32640,0.45,0.5625,0.0,0,0,0,0,0,0,2.4233720158655454,0.9516936211070022,1.0011545600213942,0.9516936211070022,1.0011545600213942,0,0.0,0,0.0,0.0,96,0,0,0,0.025766799997654743,0.26840416664223693,0.6541762999477214,6.814336457788765,0.6501331999970716,0.0,1.519936799966672,15.832674999652834,0.09657649994915118,2.199879899912048,96,9.029132397482542e-08,9.733041705928258e-08
105,278,343,32928,0.45,0.5625,0.0,0,0,0,0,0,0,1.5538993241580656,0.9612433766258605,1.0,0.9612433766258605,1.0,0,0.0,0,0.0,0.0,96,0,0,0,0.024988099990878254,0.26029270823831513,0.6260602999900584,6.521461458229775,0.6221628999410314,0.0,1.4571098000378697,15.17822708372781,0.09483419995376607,2.1081582000188064,96,9.478433472126513e-08,8.463303738381889e-08
105,279,344,33024,0.45,0.5625,0.0,0,0,0,0,0,0,2.5911871460514195,0.9524438581403166,1.0,0.9524438581403166,1.0,0,0.0,0,0.0,0.0,96,0,0,0,0.026557700002740603,0.27664270836188126,0.658014699954947,6.854319791197365,0.6539976999774808,0.0,1.5031910000107018,15.65823958344481,0.09990799998922739,2.1877633999683894,96,9.437616996926801e-08,9.804874114005546e-08
105,280,345,33120,0.45,0.5625,0.0,0,0,0,0,0,0,2.645196884099414,0.9521580363673954,1.0,0.9521580363673954,1.0,0,0.0,0,0.0,0.0,96,0,0,0,0.025860900052066427,0.2693843755423586,0.6456100000068545,6.725104166738068,0.6415909999486757,0.0,1.4778312999842456,15.394076041502558,0.09383539999544155,2.1493022000431665,96,9.793768473292941e-08,9.980746992765965e-08
105,281,346,33216,0.45,0.5625,0.0,0,0,0,0,0,0,2.508894712262165,0.950982728085372,1.000560216878752,0.950982728085372,1.000560216878752,0,0.0,0,0.0,0.0,96,0,1,4,0.025152200061711483,0.26200208397616126,0.5939258999715094,6.186728124703222,0.5901016000061645,0.0,1.3894938999947044,14.473894791611505,0.08596300000499468,2.0085720000279252,96,9.630610972762021e-08,9.897193418983985e-08
105,282,347,33312,0.45,0.5625,0.0,0,0,0,0,0,0,2.591387639554003,0.9516429976883594,1.0,0.9516429976883594,1.0,0,0.0,0,0.0,0.0,96,0,0,0,0.026291199996194337,0.27386666662702436,0.6726428999681957,7.006696874668705,0.6684513000000152,0.0,1.5837561999942409,16.497460416606675,0.10199639997881604,2.282690299958631,96,9.89558427040571e-08,9.953430440967637e-08
105,283,348,33408,0.45,0.5625,0.0,0,0,0,0,0,0,2.307580293043142,0.9552667803097565,1.0,0.9552667803097565,1.0,0,0.0,0,0.0,0.0,96,0,0,0,0.025685599983262364,0.267558333158983,0.6436174000045867,6.704347916714444,0.6397105999931227,0.0,1.460211600024195,15.21053750025203,0.09166580000601243,2.129514600012044,96,8.94160523141202e-08,8.97500342794677e-08
105,284,349,33504,0.45,0.5625,0.0,0,0,0,0,0,0,1.700517479056013,0.9604754455977127,1.0,0.9604754455977127,1.0,0,0.0,0,0.0,0.0,96,0,0,0,0.025540900038322434,0.26605104206585867,0.6377256000341731,6.64297500035597,0.6338688999821898,0.0,1.4623393999281689,15.232702082585092,0.0950964000003296,2.1256059000006644,96,9.996153861255297e-08,7.177371662281384e-08
105,285,351,33696,0.45,0.5625,0.0,0,0,0,0,0,0,2.383971210826457,0.9546722777509177,1.0,0.9546722777509177,1.0,0,0.0,0,0.0,0.0,96,0,0,0,0.02564389997132821,0.2671239580346689,0.6377911000308814,6.643657291988347,0.6338208000452141,0.0,1.486727699979383,15.48674687478524,0.09619669996754965,2.1501626999815926,96,9.149408115687041e-08,9.749712787110454e-08
105,286,352,33792,0.45,0.5625,0.0,0,0,0,0,0,0,2.430990435552629,0.9550926608755126,1.0,0.9550926608755126,1.0,0,0.0,0,0.0,0.0,96,0,0,0,0.025353099961648695,0.2640947912671739,0.6451768000115408,6.720591666786883,0.6411657999633462,0.0,1.5018991999822902,15.644783333148855,0.09784869998838985,2.1724290999554796,96,9.419486861513005e-08,9.224390501438862e-08
105,287,353,33888,0.45,0.5625,0.0,0,0,0,0,0,0,2.313076701189211,0.9560299580283491,1.0,0.9560299580283491,1.0,0,0.0,0,0.0,0.0,96,0,0,0,0.029748600041784812,0.30988125043525844,0.7988439000255312,8.32129062526595,0.7939638999741874,0.0,1.8351983999600634,19.116649999583995,0.11739070002658991,2.6637909000273794,96,8.702525242966497e-08,8.079873173305607e-08
105,288,354,33984,0.45,0.5625,0.0,0,0,0,0,0,0,2.2151900510263904,0.9571749504560807,1.0,0.9571749504560807,1.0,0,0.0,0,0.0,0.0,96,0,0,0,0.027575299987802282,0.2872427082062738,0.6870968000002904,7.157258333336358,0.6827699999776087,0.0,1.6402954000004684,17.086410416671544,0.10792289997334592,2.354967499988561,96,9.926412834933285e-08,7.111772191981114e-08
105,289,355,34080,0.45,0.5625,0.0,0,0,0,0,0,0,1.8694192971392782,0.9597047059413848,1.0,0.9597047059413848,1.0,0,0.0,0,0.0,0.0,96,0,0,0,0.02780869998241542,0.2896739581501606,0.7666349999853992,7.985781249847909,0.76204040000448,0.0,1.7584039000066696,18.31670729173614,0.11192149997805245,2.552847599974484,96,8.895504226454076e-08,6.594736583209748e-08
105,290,356,34176,0.45,0.5625,0.0,0,0,0,0,0,0,1.4107317915452577,0.9623200040819636,1.0,0.9623200040819636,1.0,0,0.0,0,0.0,0.0,96,0,0,0,0.026777000013680663,0.2789270834758402,0.7332564000025741,7.638087500026813,0.7288270999997621,0.0,1.6942140000173822,17.648062500181066,0.10937709999416256,2.454247400033637,96,9.367625120916545e-08,8.191071661223237e-08
105,291,357,34272,0.45,0.5625,0.0,0,0,0,0,0,0,1.0851186982246261,0.9657774281843189,1.0,0.9657774281843189,1.0,0,0.0,0,0.0,0.0,96,0,0,0,0.027051099976233672,0.28178229141910077,0.7336539999305387,7.642229165943111,0.7292679000383941,0.0,1.689456899992365,17.598509374920468,0.10846310000488302,2.4501619998991373,96,7.999550745776962e-08,6.154990551954231e-08
105,292,358,34368,0.45,0.5625,0.0,0,0,0,0,0,0,1.0118616323545913,0.9664286275888839,1.0,0.9664286275888839,1.0,0,0.0,0,0.0,0.0,96,0,0,0,0.027392900046834257,0.28534270882119017,0.737998900040111,7.68748854208449,0.7334915000610636,0.0,1.737435099967115,18.098282291324114,0.11303420001058839,2.5028269000540604,96,5.430809752425547e-08,4.700924746692259e-08
105,293,359,34464,0.45,0.5625,0.0,0,0,0,0,0,0,1.0230788216990705,0.9659936259348689,1.0010178176936682,0.9659936259348689,1.0010178176936682,0,0.0,0,0.0,0.0,96,0,0,0,0.027639700019790325,0.28791354187281587,0.7159467000092263,7.457778125096108,0.7116157000273233,0.0,1.639530200016452,17.078439583504707,0.10366429998975946,2.3831166000454687,96,7.028352461656284e-08,5.624520536817723e-08
105,294,360,34560,0.45,0.5625,0.0,0,0,0,0,0,0,1.4111214733884854,0.9618409286643346,1.0,0.9618409286643346,1.0,0,0.0,0,0.0,0.0,96,0,0,0,0.028326499996182974,0.29506770829357265,0.7793392999883508,8.118117708211988,0.7746735000255285,0.0,1.7975755000225035,18.724744791901077,0.11513230000127805,2.6052413000070374,96,9.73006003893162e-08,7.72641058771617e-08
105,295,361,34656,0.45,0.5625,0.0,0,0,0,0,0,0,1.5052483022589542,0.9615997616243581,1.0,0.9615997616243581,1.0,0,0.0,0,0.0,0.0,96,0,0,0,0.028122000032453798,0.2929375003380604,0.7608672999995179,7.925701041661645,0.7562956000547274,0.0,1.7424257000529906,18.15026770888532,0.11283199994795723,2.5314150000849622,96,9.860338910823441e-08,8.694375545903466e-08
105,296,362,34752,0.45,0.5625,0.0,0,0,0,0,0,0,1.4027831648404077,0.9612341373882688,1.0008379145629447,0.9612341373882688,1.0008379145629447,0,0.0,0,0.0,0.0,96,0,0,0,0.027785299986135215,0.28943020818890847,0.7470973000017693,7.782263541685097,0.7425157000325271,0.0,1.689550900075119,17.599488542449155,0.11020839997945586,2.4644335000630235,96,9.656821142213501e-08,7.845017371832519e-08
105,297,363,34848,0.45,0.5625,0.0,0,0,0,0,0,0,1.274804893423133,0.9636985954210617,1.0,0.9636985954210617,1.0,0,0.0,0,0.0,0.0,96,0,0,0,0.02768849996937206,0.288421874680959,0.7444064000010258,7.754233333344018,0.7398596000348334,0.0,1.729741599963745,18.01814166628901,0.10977860002458328,2.501836499934143,96,9.123520643833372e-08,6.788105057220495e-08
105,298,364,34944,0.45,0.5625,0.0,0,0,0,0,0,0,1.0068935026772614,0.9652704168911003,1.0,0.9652704168911003,1.0,0,0.0,0,0.0,0.0,96,0,0,0,0.027338600011717062,0.28477708345538605,0.7269180999937817,7.572063541601892,0.7224624999798834,0.0,1.6877609000221128,17.580842708563676,0.1074454000336118,2.4420176000276115,96,9.983035340228874e-08,7.191862695654638e-08
