candidate_id,scenario_index,day_index,t0,pv_s_scale,svc_q_scale,cap_total_mvar,risk,under_risk,over_risk,under_steps,over_steps,pf_fail,daily_loss_mwh,vmin,vmax,raw_vmin,raw_vmax,intervention_steps,intervention_rate,projection_failures,mean_correction_norm,max_correction_norm,power_flow_previews,projection_iterations,steps_within_0_001_of_reporting_limit,steps_within_0_001_of_projection_guard,actor_total_seconds,actor_mean_ms,projection_total_seconds,projection_mean_ms,preview_total_seconds,optimiser_total_seconds,execution_total_seconds,execution_mean_ms,balance_audit_total_seconds,online_path_total_seconds,completed_steps,max_p_balance_residual_mw,max_q_balance_residual_mvar
105,0,2,192,0.45,0.5625,0.0,0,0,0,0,0,0,2.4134317989044005,0.9542554794054027,1.0,0.9542554794054027,1.0,0,0.0,0,0.0,0.0,96,0,0,0,0.0205677000049036,0.21424687505107917,0.4915905999732786,5.120735416388318,0.4885310999961803,0.0,1.1608247000258416,12.091923958602516,0.07621909999579657,1.6729830000040238,96,9.12520354071078e-08,9.997197916722378e-08
105,1,3,288,0.45,0.5625,0.0,0,0,0,0,0,0,2.479270704895827,0.9547046421845155,1.0,0.9547046421845155,1.0,0,0.0,0,0.0,0.0,96,0,0,0,0.018562799981737044,0.19336249980976086,0.45443900005921023,4.733739583950107,0.4516207999768085,0.0,1.0537443000503117,10.976503125524081,0.06938119995902525,1.526746100091259,96,9.802545065593082e-08,9.617221144453403e-08
105,2,4,384,0.45,0.5625,0.0,0,0,0,0,0,0,2.307636625525349,0.9550134513860851,1.0,0.9550134513860851,1.0,0,0.0,0,0.0,0.0,96,0,0,0,0.019184900011168793,0.19984270844967492,0.4581368999934057,4.772259374931309,0.45527669999864884,0.0,1.06897019999451,11.135106249942814,0.06876899999770103,1.5462919999990845,96,9.114533469113673e-08,9.779813500698786e-08
105,3,5,480,0.45,0.5625,0.0,0,0,0,0,0,0,1.9614133618132494,0.9574070155710428,1.0,0.9574070155710428,1.0,0,0.0,0,0.0,0.0,96,0,0,0,0.020349700054794084,0.21197604223743838,0.4844656999921426,5.046517708251486,0.48150440005701967,0.0,1.11130719997891,11.576116666446978,0.07216030002746265,1.6161226000258466,96,9.618913234497872e-08,9.879350407193677e-08
105,4,6,576,0.45,0.5625,0.0,0,0,0,0,0,0,1.8001550160789743,0.9587382622593138,1.0,0.9587382622593138,1.0,0,0.0,0,0.0,0.0,96,0,0,0,0.019701999983226415,0.2052291664919418,0.4988021000244771,5.195855208588303,0.4957472000460257,0.0,1.158446399931563,12.067149999287116,0.07530670001870021,1.6769504999392666,96,9.538555002276683e-08,7.138351042212943e-08
105,5,7,672,0.45,0.5625,0.0,0,0,0,0,0,0,1.4538534619442538,0.9612016740046585,1.0,0.9612016740046585,1.0,0,0.0,0,0.0,0.0,96,0,0,0,0.01955230002931785,0.20366979197206092,0.488328699968406,5.0867572913375625,0.48538709997956175,0.0,1.1592196999845328,12.075205208172216,0.07754730002488941,1.6671006999822566,96,9.963282041839522e-08,8.024139110107686e-08
105,6,8,768,0.45,0.5625,0.0,0,0,0,0,0,0,2.588678887827014,0.9541076084229629,1.0,0.9541076084229629,1.0,0,0.0,0,0.0,0.0,96,0,0,0,0.02008070001465967,0.20917395848603823,0.5074010999960592,5.28542812495895,0.5041831000489765,0.0,1.1852152999708778,12.345992708029977,0.0780016999997315,1.7126970999815967,96,9.48957705731307e-08,9.058803471240218e-08
105,7,10,960,0.45,0.5625,0.0,0,0,0,0,0,0,2.867308706461236,0.9529615977322012,1.0,0.9529615977322012,1.0,0,0.0,0,0.0,0.0,96,0,0,0,0.019040300023334567,0.19833645857640173,0.4671618999927887,4.866269791591549,0.4642069000619813,0.0,1.0763423999305815,11.21189999927689,0.06808950006234227,1.5625445999467047,96,9.06620412337994e-08,9.45022333997958e-08
105,8,11,1056,0.45,0.5625,0.0,0,0,0,0,0,0,2.6242783231892477,0.9537306509140926,1.0,0.9537306509140926,1.0,0,0.0,0,0.0,0.0,96,0,0,0,0.019053499985602684,0.1984739581833613,0.4434499000199139,4.619269791874103,0.44059049998031696,0.0,1.013322499966307,10.555442707982365,0.06526590005523758,1.4758258999718237,96,9.307770139702076e-08,9.487693478082981e-08
105,9,12,1152,0.45,0.5625,0.0,0,0,0,0,0,0,2.653743287700006,0.9540979000808371,1.0,0.9540979000808371,1.0,0,0.0,0,0.0,0.0,96,0,0,0,0.01946299998962786,0.2027395832252902,0.46188149996305583,4.811265624615165,0.458962899967446,0.0,1.0662583999728668,11.106858333050695,0.06712490001518745,1.5476028999255504,96,9.431766644606154e-08,9.069162767993966e-08
105,10,13,1248,0.45,0.5625,0.0,0,0,0,0,0,0,1.7267391496866267,0.9594520470014488,1.0,0.9594520470014488,1.0,0,0.0,0,0.0,0.0,96,0,0,0,0.020602800032065716,0.21461250033401788,0.5226131999952486,5.443887499950506,0.5194321999952081,0.0,1.1917841999456869,12.414418749434239,0.07792820000759093,1.7350001999730011,96,9.692233978505355e-08,9.646145687769447e-08
105,11,14,1344,0.45,0.5625,0.0,0,0,0,0,0,0,1.4543514598392662,0.960619581276409,1.0,0.960619581276409,1.0,0,0.0,0,0.0,0.0,96,0,0,0,0.018813900009263307,0.1959781250964928,0.45857240002806066,4.7767958336256315,0.4557571999830543,0.0,1.0573445000190986,11.014005208532277,0.06847769999149023,1.5347308000564226,96,9.915508383112615e-08,7.136307565713818e-08
105,12,16,1536,0.45,0.5625,0.0,0,0,0,0,0,0,2.6861020529234456,0.953331869395389,1.0,0.953331869395389,1.0,0,0.0,0,0.0,0.0,96,0,0,0,0.0185960999733652,0.19370937472255415,0.42768570000771433,4.455059375080357,0.4249715000260039,0.0,1.0022132000594866,10.439720833952984,0.06531489996268647,1.448495000040566,96,9.991183793495173e-08,9.564950539941997e-08
105,13,17,1632,0.45,0.5625,0.0,0,0,0,0,0,0,2.7046930673553464,0.9535204777922528,1.0,0.9535204777922528,1.0,0,0.0,0,0.0,0.0,96,0,0,0,0.01886430000740802,0.19650312507716686,0.47257279996119905,4.9226333329291565,0.4696508999768412,0.0,1.0860631000250578,11.313157291927686,0.07013380000717007,1.5775001999936649,96,9.685459215029446e-08,9.96350653370559e-08
105,14,18,1728,0.45,0.5625,0.0,0,0,0,0,0,0,2.590234432898359,0.9535078808761042,1.0,0.9535078808761042,1.0,0,0.0,0,0.0,0.0,96,0,0,0,0.01945949997752905,0.20270312476592758,0.49878309998166515,5.195657291475679,0.4957507999934023,0.0,1.1769784999996773,12.260192708329972,0.07759770000120625,1.6952210999588715,96,9.865598026015387e-08,9.69076081880349e-08
105,15,19,1824,0.45,0.5625,0.0,0,0,0,0,0,0,2.4308033868279324,0.9542511985714496,1.0,0.9542511985714496,1.0,0,0.0,0,0.0,0.0,96,0,0,0,0.020048999962455127,0.2088437496089076,0.5305661000093096,5.526730208430308,0.527328199983458,0.0,1.252364599997236,13.045464583304542,0.08185050004976802,1.8029796999690006,96,9.719179063991112e-08,9.767890593592732e-08
105,16,20,1920,0.45,0.5625,0.0,0,0,0,0,0,0,1.6241303935787113,0.9590720950228327,1.0005449140852092,0.9590720950228327,1.0005449140852092,0,0.0,0,0.0,0.0,96,0,0,0,0.019909000053303316,0.20738541722190953,0.4819728999500512,5.0205510411463665,0.47898910001822514,0.0,1.14312760001485,11.907579166821355,0.07496350000292296,1.6450095000182046,96,9.927161854703104e-08,9.41779138008414e-08
105,17,21,2016,0.45,0.5625,0.0,0,0,0,0,0,0,1.3930533645426815,0.9602941625284668,1.0017666130724587,0.9602941625284668,1.0017666130724587,0,0.0,0,0.0,0.0,96,0,0,0,0.01926859997183783,0.20071458303997738,0.46837140004936373,4.878868750514205,0.46543649994418956,0.0,1.084708900001715,11.29905104168453,0.07002400002966169,1.5723489000229165,96,8.187240916474048e-08,6.235842196777863e-08
105,18,22,2112,0.45,0.5625,0.0,0,0,0,0,0,0,2.619438315963732,0.9535406688387646,1.0,0.9535406688387646,1.0,0,0.0,0,0.0,0.0,96,0,0,0,0.01767130001098849,0.1840760417811301,0.3976815000132774,4.142515625138306,0.3951509999751579,0.0,0.9491714999603573,9.887203124587055,0.060830999980680645,1.3645242999846232,96,8.470553409731241e-08,9.211014756482783e-08
105,19,23,2208,0.45,0.5625,0.0,0,0,0,0,0,0,2.859914809413691,0.9533157610496157,1.0,0.9533157610496157,1.0,0,0.0,0,0.0,0.0,96,0,0,0,0.021488200000021607,0.22383541666689175,0.5471010999754071,5.698969791410491,0.5438011000005645,0.0,1.2521909999850322,13.043656249844085,0.08060200001636986,1.820780299960461,96,9.650329308233396e-08,9.225281510927275e-08
105,20,24,2304,0.45,0.5625,0.0,0,0,0,0,0,0,2.774243704460086,0.9533552457412664,1.0,0.9533552457412664,1.0,0,0.0,0,0.0,0.0,96,0,0,0,0.01863539996702457,0.1941187496565059,0.44858620000013616,4.672772916668085,0.44581310004286934,0.0,1.0455197999472148,10.890831249450153,0.06627040002786089,1.5127413999143755,96,9.940705649261194e-08,9.607097381514329e-08
105,21,25,2400,0.45,0.5625,0.0,0,0,0,0,0,0,2.4750036969502096,0.9531618249363816,1.0007620391169467,0.9531618249363816,1.0007620391169467,0,0.0,0,0.0,0.0,96,0,0,0,0.019129299995256588,0.19926354161725612,0.4493939999738359,4.681187499727457,0.44658160003018565,0.0,1.0632694000159972,11.075722916833305,0.06756440005847253,1.5317926999850897,96,9.611821958147027e-08,9.846311876948732e-08
105,22,26,2496,0.45,0.5625,0.0,0,0,0,0,0,0,2.324302780864076,0.9541212059269604,1.0024861382831354,0.9541212059269604,1.0024861382831354,0,0.0,0,0.0,0.0,96,0,0,0,0.020130799981416203,0.20969583313975212,0.4941088999985368,5.146967708318091,0.49095500003750203,0.0,1.1429798000390292,11.906039583739888,0.07529219996649772,1.6572195000189822,96,9.973141178350187e-08,9.587794266852079e-08
105,23,27,2592,0.45,0.5625,0.0,0,0,0,0,0,0,1.5690720022476865,0.9590823900559775,1.0035880791767577,0.9590823900559775,1.0035880791767577,0,0.0,0,0.0,0.0,96,0,0,0,0.019024899978830945,0.19817604144615567,0.47950789998139953,4.9948739581395785,0.47655599995778175,0.0,1.1175135000230512,11.640765625240116,0.07220269999379525,1.6160462999832816,96,9.921033493863474e-08,9.142862328337387e-08
105,24,28,2688,0.45,0.5625,0.0,0,0,0,0,0,0,1.3409345454404022,0.9606952271682164,1.0018821542169771,0.9606952271682164,1.0018821542169771,0,0.0,0,0.0,0.0,96,0,0,0,0.018336199995246716,0.19100208328381996,0.4506171000030008,4.693928125031259,0.44783260001713643,0.0,1.0278216000297107,10.706475000309487,0.06671919998916565,1.4967749000279582,96,8.994044769367049e-08,6.802626170698822e-08
105,25,29,2784,0.45,0.5625,0.0,0,0,0,0,0,0,2.598852303494436,0.9537974267115469,1.0,0.9537974267115469,1.0,0,0.0,0,0.0,0.0,96,0,0,0,0.01928199992835289,0.20085416592034258,0.45536749999882886,4.743411458321134,0.45250189994840184,0.0,1.0601212000037776,11.042929166706017,0.06862739998905454,1.5347706999309594,96,9.886816120137365e-08,9.407956483298285e-08
105,26,30,2880,0.45,0.5625,0.0,0,0,0,0,0,0,2.622816662564166,0.9542458010871595,1.0,0.9542458010871595,1.0,0,0.0,0,0.0,0.0,96,0,0,0,0.020744999987073243,0.21609374986534627,0.5627768000267679,5.862258333612165,0.5594815000004019,0.0,1.2967516999997315,13.507830208330537,0.0842978000146104,1.8802735000135726,96,9.540352141103325e-08,9.259604652478437e-08
105,27,31,2976,0.45,0.5625,0.0,0,0,0,0,0,0,2.5555531599050476,0.9539251564587631,1.0,0.9539251564587631,1.0,0,0.0,0,0.0,0.0,96,0,0,0,0.01909630004229257,0.19891979210721425,0.4725508000192349,4.92240416686703,0.4696543999671121,0.0,1.0915398998986348,11.370207290610779,0.07061950003844686,1.5831869999601622,96,8.772529069486779e-08,9.814745099978595e-08
105,28,32,3072,0.45,0.5625,0.0,0,0,0,0,0,0,2.389571680560963,0.9541359965440827,1.0,0.9541359965440827,1.0,0,0.0,0,0.0,0.0,96,0,0,0,0.01903369994397508,0.19826770774974042,0.4707652000361122,4.903804167042836,0.4678407999963383,0.0,1.067678599996725,11.12165208329922,0.06856050000351388,1.5574774999768124,96,8.68989460684616e-08,9.810602580317962e-08
105,29,33,3168,0.45,0.5625,0.0,0,0,0,0,0,0,2.3316499796951615,0.9556260232986867,1.0,0.9556260232986867,1.0,0,0.0,0,0.0,0.0,96,0,0,0,0.017943300044862553,0.18690937546731826,0.43288429999665823,4.509211458298523,0.43013849996350473,0.0,1.0086153000156628,10.506409375163154,0.06415319998632185,1.4594429000571836,96,9.234329815567544e-08,9.484635007939168e-08
105,30,34,3264,0.45,0.5625,0.0,0,0,0,0,0,0,1.4640484880404976,0.9596755392268222,1.0008301843896348,0.9596755392268222,1.0008301843896348,0,0.0,0,0.0,0.0,96,0,0,0,0.021874700010812376,0.22786145844596226,0.5377206999619375,5.601257291270183,0.5343978000528296,0.0,1.2523330000549322,13.045135417238876,0.08307029996649362,1.811928400027682,96,8.929484992137998e-08,7.693436401834397e-08
105,31,35,3360,0.45,0.5625,0.0,0,0,0,0,0,0,1.214019334444967,0.961614772452938,1.0002356193882993,0.961614772452938,1.0002356193882993,0,0.0,0,0.0,0.0,96,0,0,0,0.019425999984377995,0.20235416650393745,0.4904154000032577,5.108493750033934,0.4874151999683818,0.0,1.1466741000404,11.944521875420833,0.0772908999788342,1.6565155000280356,96,9.702845891329526e-08,7.25550430152877e-08
105,32,36,3456,0.45,0.5625,0.0,0,0,0,0,0,0,2.3321570353525796,0.9547228468633024,1.0,0.9547228468633024,1.0,0,0.0,0,0.0,0.0,96,0,0,0,0.018729600000369828,0.1951000000038524,0.44863490001444006,4.67328020848375,0.44564520000858465,0.0,1.0573190000432078,11.013739583783414,0.06897649996244581,1.5246835000580177,96,8.349841987102813e-08,9.78201233903242e-08
105,33,37,3552,0.45,0.5625,0.0,0,0,0,0,0,0,2.5206114653698295,0.9538224105972969,1.0,0.9538224105972969,1.0,0,0.0,0,0.0,0.0,96,0,0,0,0.018381999965640716,0.19147916630875747,0.45947719998366665,4.786220833163195,0.45659440000599716,0.0,1.0805162000033306,11.255377083368026,0.07185909998952411,1.558375399952638,96,9.028779766363793e-08,9.565953515422443e-08
105,34,40,3840,0.45,0.5625,0.0,0,0,0,0,0,0,2.475395593855722,0.9547544483896044,1.0,0.9547544483896044,1.0,0,0.0,0,0.0,0.0,96,0,0,0,0.019928999950934667,0.20759374948890277,0.5215935999294743,5.433266665932024,0.5182360999751836,0.0,1.1846411999795237,12.340012499786704,0.07738690000405768,1.7261637998599326,96,9.742300607733234e-08,9.703167755392705e-08
105,35,42,4032,0.45,0.5625,0.0,0,0,0,0,0,0,1.3483716120399736,0.9609641085342455,1.0,0.9609641085342455,1.0,0,0.0,0,0.0,0.0,96,0,0,0,0.0200456000311533,0.20880833365784687,0.48893279998446815,5.09304999983821,0.4859099999812315,0.0,1.1432477000635117,11.908830208994914,0.07573259996570414,1.6522261000791332,96,9.211440546962046e-08,7.346005213848539e-08
105,36,43,4128,0.45,0.5625,0.0,0,0,0,0,0,0,2.199371541383316,0.9536848284782905,1.0045271641119058,0.9536848284782905,1.0045271641119058,0,0.0,0,0.0,0.0,96,0,0,0,0.019491800048854202,0.20303958384223128,0.4825227999826893,5.026279166486347,0.47958129997277865,0.0,1.117228100039938,11.637792708749354,0.07104059996345313,1.6192427000714815,96,7.655769389096345e-08,9.050435276214408e-08
105,37,44,4224,0.45,0.5625,0.0,0,0,0,0,0,0,2.11962825590435,0.9546172723256584,1.006986664339816,0.9546172723256584,1.006986664339816,0,0.0,0,0.0,0.0,96,0,0,0,0.01937499997438863,0.20182291639988156,0.4932002000132343,5.13750208347119,0.49020649989688536,0.0,1.1663131000168505,12.149094791842193,0.07577730000775773,1.6788883000044734,96,9.994627040918469e-08,9.427476917178712e-08
105,38,45,4320,0.45,0.5625,0.0,0,0,0,0,0,0,2.0432813456645693,0.954557858831927,1.007284489768385,0.954557858831927,1.007284489768385,0,0.0,0,0.0,0.0,96,0,0,0,0.020023099990794435,0.20857395823744204,0.5088376000348944,5.3003916670301505,0.5057748999970499,0.0,1.190585700009251,12.401934375096365,0.07813180000084685,1.7194464000349399,96,9.858788550289044e-08,9.495044236973449e-08
105,39,46,4416,0.45,0.5625,0.0,0,0,0,0,0,0,2.0761217122105435,0.9544553130186479,1.0046872495469343,0.9544553130186479,1.0046872495469343,0,0.0,0,0.0,0.0,96,0,0,0,0.021439500036649406,0.22332812538176464,0.5578020000175457,5.8104375001827675,0.5544865000483696,0.0,1.2798574000189546,13.331847916864112,0.0822378999873763,1.8590989000731497,96,9.96450735465948e-08,9.24166477372923e-08
105,40,47,4512,0.45,0.5625,0.0,0,0,0,0,0,0,2.2984104410488944,0.9555469041703105,1.0,0.9555469041703105,1.0,0,0.0,0,0.0,0.0,96,0,0,0,0.01948150000680471,0.20293229173754904,0.49275959998340113,5.132912499827095,0.48971379997965414,0.0,1.1393366000120295,11.86808958345864,0.07495209994522156,1.6515777000022354,96,8.992401070301304e-08,9.982902809957395e-08
105,41,48,4608,0.45,0.5625,0.0,0,0,0,0,0,0,1.4649034506208278,0.9601549414979581,1.0,0.9601549414979581,1.0,0,0.0,0,0.0,0.0,96,0,0,0,0.01981470001192065,0.20640312512417344,0.4752436000198941,4.950454166873897,0.4722635999933118,0.0,1.1347479999967618,11.820291666632935,0.07445740002731327,1.6298063000285765,96,9.751697485106681e-08,8.092547632010394e-08
105,42,50,4800,0.45,0.5625,0.0,0,0,0,0,0,0,2.4025363542840945,0.9540471186803605,1.0,0.9540471186803605,1.0,0,0.0,0,0.0,0.0,96,0,0,0,0.021418899996206164,0.22311354162714755,0.5134524000386591,5.348462500402699,0.5102090999498614,0.0,1.2150050999625819,12.656303124610227,0.0796584999843617,1.7498763999974472,96,8.228133147915317e-08,9.538973416711727e-08
105,43,52,4992,0.45,0.5625,0.0,0,0,0,0,0,0,2.5565535958415846,0.953942816340645,1.0,0.953942816340645,1.0,0,0.0,0,0.0,0.0,96,0,0,0,0.021041299965872895,0.21918020797784266,0.539117400017858,5.615806250186021,0.5358493000167073,0.0,1.2514117999671726,13.035539582991381,0.08369510004558833,1.8115704999509035,96,9.225130760855127e-08,9.973082332193073e-08
105,44,53,5088,0.45,0.5625,0.0,0,0,0,0,0,0,2.2693460228572158,0.9542962970377803,1.0,0.9542962970377803,1.0,0,0.0,0,0.0,0.0,96,0,0,0,0.018934599982458167,0.19723541648393925,0.46228650000557536,4.815484375058077,0.4594110999678378,0.0,1.0866651999749593,11.319429166405826,0.0698908999984269,1.5678862999629928,96,9.930802295082808e-08,8.979371968198535e-08
105,45,54,5184,0.45,0.5625,0.0,0,0,0,0,0,0,1.9853571849448286,0.9565041495284097,1.0015571645918093,0.9565041495284097,1.0015571645918093,0,0.0,0,0.0,0.0,96,0,0,0,0.01936990000103833,0.20176979167748263,0.4702733999947668,4.898681249945487,0.46738819999882253,0.0,1.073940499969467,11.186880208015282,0.07019790001504589,1.5635837999652722,96,9.85126304749867e-08,9.756708232999678e-08
105,46,55,5280,0.45,0.5625,0.0,0,0,0,0,0,0,1.2880421147115482,0.960377132451623,1.0062069005526308,0.960377132451623,1.0062069005526308,0,0.0,0,0.0,0.0,96,0,0,0,0.017736499969032593,0.18475520801075618,0.4255540000376641,4.432854167059001,0.42291689995181514,0.0,1.0018545999919297,10.435985416582602,0.06555860006483272,1.4451450999986264,96,9.675550274174105e-08,7.995629387747005e-08
105,47,58,5568,0.45,0.5625,0.0,0,0,0,0,0,0,2.139767104599194,0.9555346688960353,1.0,0.9555346688960353,1.0,0,0.0,0,0.0,0.0,96,0,0,0,0.019840599983581342,0.206672916495639,0.48306099999899743,5.031885416656223,0.48007790001429385,0.0,1.1478076999701443,11.956330208022337,0.07607799997640541,1.650709299952723,96,9.121867599812261e-08,9.914644688580054e-08
105,48,59,5664,0.45,0.5625,0.0,0,0,0,0,0,0,2.1372844809091247,0.9560571309117213,1.0,0.9560571309117213,1.0,0,0.0,0,0.0,0.0,96,0,0,0,0.01871880000544479,0.19498750005671658,0.46082219996606,4.800231249646458,0.4579696000655531,0.0,1.09169339996879,11.371806249674895,0.07230050002544886,1.5712343999402947,96,9.58722209433438e-08,9.680873241935117e-08
105,49,61,5856,0.45,0.5625,0.0,0,0,0,0,0,0,1.7864475133073268,0.9570359542266825,1.0043802417495242,0.9570359542266825,1.0043802417495242,0,0.0,0,0.0,0.0,96,0,0,0,0.023166900005890056,0.24132187506135475,0.614750999964599,6.40365624963124,0.6110500000650063,0.0,1.4219602000011946,14.81208541667911,0.09119620001729345,2.0598780999716837,96,9.807097218518523e-08,9.577521858927796e-08
105,50,62,5952,0.45,0.5625,0.0,0,0,0,0,0,0,1.16254881598553,0.9618658839029753,1.0062644143432973,0.9618658839029753,1.0062644143432973,0,0.0,0,0.0,0.0,96,0,0,0,0.01835310001479229,0.19117812515408636,0.4368034999570227,4.550036457885653,0.43407060004392406,0.0,1.0084320001042215,10.50450000108564,0.0659059999670717,1.4635886000760365,96,8.806861092822138e-08,6.548588456223303e-08
105,51,63,6048,0.45,0.5625,0.0,0,0,0,0,0,0,1.0808415552562016,0.9622658617695825,1.0038042113600767,0.9622658617695825,1.0038042113600767,0,0.0,0,0.0,0.0,96,0,0,0,0.01946199997473741,0.20272916640351468,0.4883700999271241,5.087188540907543,0.485360499988019,0.0,1.1174873000054504,11.640492708390108,0.07393879997835029,1.625319399907312,96,8.601868107561972e-08,7.037382170060891e-08
105,52,64,6144,0.45,0.5625,0.0,0,0,0,0,0,0,2.025424679259127,0.9555415186669,1.0,0.9555415186669,1.0,0,0.0,0,0.0,0.0,96,0,0,0,0.01890560003812425,0.19693333373046093,0.4406444999331143,4.590046874303273,0.43783679995976854,0.0,1.010931900011201,10.530540625116677,0.06763990002218634,1.4704819999824394,96,9.812856985313978e-08,9.496621419802231e-08
105,53,65,6240,0.45,0.5625,0.0,0,0,0,0,0,0,2.209298576137845,0.9551620617389684,1.0,0.9551620617389684,1.0,0,0.0,0,0.0,0.0,96,0,0,0,0.018682299974898342,0.19460729140519106,0.46523910002724733,4.846240625283826,0.46238609998545144,0.0,1.0894593000557506,11.348534375580735,0.07054859998606844,1.5733807000578963,96,9.157396498211956e-08,9.948895540734526e-08
105,54,66,6336,0.45,0.5625,0.0,0,0,0,0,0,0,2.2155466796487295,0.9546358692764743,1.0,0.9546358692764743,1.0,0,0.0,0,0.0,0.0,96,0,0,0,0.01978440002858406,0.2060875002977506,0.533098699976108,5.553111458084459,0.5299132000291138,0.0,1.2412872000277275,12.930075000288829,0.0826565999595914,1.7941703000324196,96,8.878527548578097e-08,9.594314162586493e-08
105,55,67,6432,0.45,0.5625,0.0,0,0,0,0,0,0,2.1591815938521477,0.9551032815605335,1.0,0.9551032815605335,1.0,0,0.0,0,0.0,0.0,96,0,0,0,0.020700399989436846,0.2156291665566338,0.5358235000239802,5.58149479191646,0.532630599962431,0.0,1.2367524000219419,12.882837500228561,0.08027359998231987,1.7932763000353589,96,9.67896256458961e-08,9.774936943207635e-08
105,56,68,6528,0.45,0.5625,0.0,0,0,0,0,0,0,1.7585051527902749,0.95716425160423,1.0052581041863111,0.95716425160423,1.0052581041863111,0,0.0,0,0.0,0.0,96,0,0,0,0.01871810002194252,0.19498020856190124,0.4729547999886563,4.926612499881837,0.47010639998916304,0.0,1.1092076000131783,11.554245833470608,0.07310169997799676,1.6008805000237771,96,9.770095957956082e-08,9.152714315618926e-08
105,57,69,6624,0.45,0.5625,0.0,0,0,0,0,0,0,1.1738151705628599,0.9610765400627145,1.008289051774781,0.9610765400627145,1.008289051774781,0,0.0,0,0.0,0.0,96,0,0,0,0.019568599993363023,0.20383958326419815,0.49758090002433164,5.183134375253455,0.4946111999597633,0.0,1.135666499954823,11.829859374529406,0.0735645000168006,1.6528159999725176,96,9.78198639277339e-08,6.922719134050404e-08
105,58,70,6720,0.45,0.5625,0.0,0,0,0,0,0,0,1.0218062723230095,0.9627777380788354,1.0112878570927215,0.9627777380788354,1.0112878570927215,0,0.0,0,0.0,0.0,96,0,0,0,0.021005600028729532,0.2188083336325993,0.5429737000449677,5.65597604213508,0.5396918000114965,0.0,1.242025600047782,12.937766667164396,0.08174079996388173,1.8060049001214793,96,7.539354354366146e-08,9.992165360753202e-08
105,59,73,7008,0.45,0.5625,0.0,0,0,0,0,0,0,1.7356221224665225,0.9563200110217348,1.005995613556151,0.9563200110217348,1.005995613556151,0,0.0,0,0.0,0.0,96,0,0,0,0.02024800007347949,0.21091666743207801,0.5250080000114394,5.468833333452494,0.5217311999876983,0.0,1.2167860000190558,12.674854166865165,0.07888669997191755,1.7620420001039747,96,9.842757137980274e-08,9.813125950719481e-08
105,60,74,7104,0.45,0.5625,0.0,0,0,0,0,0,0,1.6268712208586154,0.9569284263845654,1.0101418010434773,0.9569284263845654,1.0101418010434773,0,0.0,0,0.0,0.0,96,0,0,0,0.02030529995681718,0.21151354121684562,0.5222899999353103,5.440520832659483,0.5191033000155585,0.0,1.1803759000031278,12.295582291699247,0.07502539999404689,1.7229711998952553,96,9.091927342941286e-08,9.664249869117958e-08
105,61,75,7200,0.45,0.5625,0.0,0,0,0,0,0,0,1.6947816890498497,0.9574709190010203,1.0034414276173789,0.9574709190010203,1.0034414276173789,0,0.0,0,0.0,0.0,96,0,0,0,0.01949890002288157,0.20311354190501638,0.5009759999520611,5.2184999995006365,0.49798770001507364,0.0,1.160658800006786,12.09019583340402,0.07609390001744032,1.6811336999817286,96,9.95931763708019e-08,9.565670797129222e-08
105,62,76,7296,0.45,0.5625,0.0,0,0,0,0,0,0,1.4062142522521786,0.9611291756031608,1.0,0.9611291756031608,1.0,0,0.0,0,0.0,0.0,96,0,0,0,0.019766199991863687,0.2058979165819134,0.5186384999979055,5.402484374978182,0.5154717999903369,0.0,1.2100679999784916,12.604874999775953,0.07876080001733499,1.7484726999682607,96,9.514586101194017e-08,9.384992581684681e-08
105,63,77,7392,0.45,0.5625,0.0,0,0,0,0,0,0,1.243424076983145,0.9606285295128363,1.0,0.9606285295128363,1.0,0,0.0,0,0.0,0.0,96,0,0,0,0.019055400014622137,0.19849375015231394,0.4877915999968536,5.081162499967225,0.4848482999877888,0.0,1.1418562999970163,11.894336458302254,0.0766681999884895,1.648703300008492,96,9.519317244188752e-08,6.941928289150301e-08
105,64,78,7488,0.45,0.5625,0.0,0,0,0,0,0,0,1.9160800323959593,0.9554992148613158,1.0,0.9554992148613158,1.0,0,0.0,0,0.0,0.0,96,0,0,0,0.01936239998030942,0.20169166646155645,0.49143090001598466,5.119071875166507,0.488447499985341,0.0,1.1433179000305245,11.909561458651297,0.07264749996102182,1.6541112000268186,96,9.008319634511153e-08,9.867023254006568e-08
105,65,79,7584,0.45,0.5625,0.0,0,0,0,0,0,0,1.890390698591246,0.956439682040179,1.0000595673158073,0.956439682040179,1.0000595673158073,0,0.0,0,0.0,0.0,96,0,0,0,0.019328600021253806,0.20133958355472714,0.4689165999807301,4.884547916465938,0.4660644000687171,0.0,1.0795539000173449,11.245353125180676,0.06933039997966262,1.5677991000193288,96,8.675891795782709e-08,8.834578110739066e-08
105,66,80,7680,0.45,0.5625,0.0,0,0,0,0,0,0,1.8685892196280889,0.9560053658405111,1.0024340151377722,0.9560053658405111,1.0024340151377722,0,0.0,0,0.0,0.0,96,0,0,0,0.019759599992539734,0.20582916658895556,0.5172817000129726,5.388351041801798,0.5141731000185246,0.0,1.193515600032697,12.43245416700726,0.07929280001553707,1.7305569000382093,96,8.079550924133816e-08,9.72258795695069e-08
105,67,81,7776,0.45,0.5625,0.0,0,0,0,0,0,0,1.7857908200050454,0.9566404838422632,1.003592169273702,0.9566404838422632,1.003592169273702,0,0.0,0,0.0,0.0,96,0,0,0,0.018755499950202648,0.19536979114794426,0.4587806000345154,4.7789645836928685,0.45595539995701984,0.0,1.0865613999703783,11.318347916358107,0.0717922000476392,1.5640974999550963,96,9.802388335061751e-08,9.2403001569763e-08
105,68,82,7872,0.45,0.5625,0.0,0,0,0,0,0,0,1.6339419041795806,0.9576246563889864,1.0055832648810898,0.9576246563889864,1.0055832648810898,0,0.0,0,0.0,0.0,96,0,0,0,0.0192283000505995,0.2002947921937448,0.48123429996485356,5.012857291300558,0.478286699995806,0.0,1.117376600021089,11.63933958355301,0.07289009998203255,1.617839200036542,96,9.681125035312932e-08,9.30611604443854e-08
105,69,83,7968,0.45,0.5625,0.0,0,0,0,0,0,0,1.0949143385664297,0.9626977336620404,1.0147628385525365,0.9626977336620404,1.0147628385525365,0,0.0,0,0.0,0.0,96,0,0,0,0.018914599997515325,0.1970270833074513,0.4714178000212996,4.9106020835552044,0.46848839996528113,0.0,1.1428677000149037,11.904871875155246,0.07351299995934824,1.6332001000337186,96,9.760750080585467e-08,9.543205477594019e-08
105,70,84,8064,0.45,0.5625,0.0,0,0,0,0,0,0,0.9480528413146512,0.9642108919409094,1.0199264318619226,0.9642108919409094,1.0199264318619226,0,0.0,0,0.0,0.0,96,0,0,0,0.019321999985550065,0.20127083318281316,0.4904382999666268,5.108732291319029,0.4873751000268385,0.0,1.1422752000580658,11.898700000604853,0.07398309995187446,1.6520355000102427,96,6.076157274374772e-08,8.51193946143497e-08
105,71,85,8160,0.45,0.5625,0.0,0,0,0,0,0,0,1.5156537445986515,0.9590532695802346,1.0164527655785631,0.9590532695802346,1.0164527655785631,0,0.0,0,0.0,0.0,96,0,0,0,0.019628599984571338,0.2044645831726181,0.4939039999881061,5.144833333209438,0.4908899999500136,0.0,1.153565400003572,12.016306250037209,0.07539940000424394,1.6670979999762494,96,9.962681435035647e-08,9.773289802450513e-08
105,72,86,8256,0.45,0.5625,0.0,0,0,0,0,0,0,1.537485377395976,0.9590658065608778,1.0147797313752962,0.9590658065608778,1.0147797313752962,0,0.0,0,0.0,0.0,96,0,0,0,0.020316099988122005,0.21162604154293754,0.5206489000047441,5.423426041716084,0.5174245999878622,0.0,1.2015183000039542,12.51581562504119,0.07516120000218507,1.7424832999968203,96,9.800201426421462e-08,8.878645603449531e-08
105,73,87,8352,0.45,0.5625,0.0,0,0,0,0,0,0,1.6352096734781971,0.9581343537972268,1.0048296096964002,0.9581343537972268,1.0048296096964002,0,0.0,0,0.0,0.0,96,0,0,0,0.01893879998533521,0.19727916651390842,0.47186330000840826,4.915242708420919,0.46894100002828054,0.0,1.0875704999707523,11.328859374695336,0.07049130002269521,1.5783725999644957,96,9.747758742545409e-08,9.596930250488356e-08
105,74,88,8448,0.45,0.5625,0.0,0,0,0,0,0,0,1.5473592485597665,0.9589102513593796,1.008150987728941,0.9589102513593796,1.008150987728941,0,0.0,0,0.0,0.0,96,0,0,0,0.018820100027369335,0.19604270861843057,0.4756344999477733,4.954526041122638,0.47272550003253855,0.0,1.10522289997607,11.512738541417397,0.07170460001361789,1.5996774999512127,96,9.768562998432873e-08,9.598988041925605e-08
105,75,89,8544,0.45,0.5625,0.0,0,0,0,0,0,0,1.443320558819745,0.9593545359782958,1.0106060467451534,0.9593545359782958,1.0106060467451534,0,0.0,0,0.0,0.0,96,0,0,0,0.019998000003397465,0.20831250003539026,0.5243400000181282,5.461875000188836,0.5211370999531937,0.0,1.2169321999535896,12.676377082849891,0.08100070001819404,1.7612701999751152,96,8.641038420388603e-08,9.858313554378384e-08
105,76,90,8640,0.45,0.5625,0.0,0,0,0,0,0,0,0.9727768482757149,0.9647516768530083,1.0098643428231653,0.9647516768530083,1.0098643428231653,0,0.0,0,0.0,0.0,96,0,0,0,0.01944089996686671,0.20250937465486155,0.477260900021065,4.971467708552761,0.4743261000257917,0.0,1.1078010999408434,11.539594791050453,0.07090770001377678,1.6045028999287752,96,4.996729517994791e-08,8.548339605618516e-08
105,77,91,8736,0.45,0.5625,0.0,0,0,0,0,0,0,0.8441557072819091,0.9649104857513631,1.009610624333157,0.9649104857513631,1.009610624333157,0,0.0,0,0.0,0.0,96,0,0,0,0.020168300026853103,0.21008645861305317,0.5189529999697697,5.405760416351768,0.5158262999830185,0.0,1.195548499970755,12.453630208028699,0.0773796000139555,1.734669799967378,96,3.744415272635693e-08,6.363526677388015e-08
105,78,93,8928,0.45,0.5625,0.0,0,0,0,0,0,0,1.4719630485931243,0.9597732986879689,1.0053194088262432,0.9597732986879689,1.0053194088262432,0,0.0,0,0.0,0.0,96,0,0,0,0.018829800035746302,0.19614375037235732,0.46915240002272185,4.887004166903353,0.4662226000436931,0.0,1.0801722999676713,11.251794791329909,0.06985719999647699,1.5681545000261394,96,9.419898342258315e-08,8.779403558312193e-08
105,79,94,9024,0.45,0.5625,0.0,0,0,0,0,0,0,1.6071133601141336,0.9587980275075025,1.0058221979477637,0.9587980275075025,1.0058221979477637,0,0.0,0,0.0,0.0,96,0,0,0,0.01958879998710472,0.20404999986567418,0.5062571999951615,5.273512499949599,0.5031621000380255,0.0,1.186187199993583,12.356116666599823,0.07707329996628687,1.7120331999758491,96,9.743966565903261e-08,9.132352346563621e-08
105,80,95,9120,0.45,0.5625,0.0,0,0,0,0,0,0,1.577452753177194,0.9593101672368971,1.0053521663734168,0.9593101672368971,1.0053521663734168,0,0.0,0,0.0,0.0,96,0,0,0,0.019962700018368196,0.20794479185800205,0.5249143000182812,5.467857291857096,0.5217937000270467,0.0,1.2058734000165714,12.561181250172618,0.07758819995797239,1.7507504000532208,96,9.96884740641496e-08,9.679098446346845e-08
105,81,96,9216,0.45,0.5625,0.0,0,0,0,0,0,0,1.5883199397340622,0.9584418713985617,1.0030543190467471,0.9584418713985617,1.0030543190467471,0,0.0,0,0.0,0.0,96,0,0,0,0.01954590001696488,0.2036031251767175,0.49222590000135824,5.127353125014149,0.4892455000517657,0.0,1.136513300036313,11.838680208711594,0.07278279992897296,1.6482851000546361,96,9.828875875521337e-08,9.351185298323017e-08
105,82,97,9312,0.45,0.5625,0.0,0,0,0,0,0,0,0.9988131262727993,0.9647051033731965,1.0080623795539405,0.9647051033731965,1.0080623795539405,0,0.0,0,0.0,0.0,96,0,0,0,0.0200403000053484,0.2087531250557125,0.5279610000288812,5.499593750300846,0.5248056000273209,0.0,1.2198168001195882,12.70642500124571,0.07863759993051644,1.7678181001538178,96,5.2692179343741263e-08,5.021568931506959e-08
105,83,98,9408,0.45,0.5625,0.0,0,0,0,0,0,0,0.9406724835760022,0.96495849565652,1.023994860372432,0.96495849565652,1.023994860372432,0,0.0,0,0.0,0.0,96,0,0,0,0.021538300017709844,0.2243572918511442,0.5488767000424559,5.717465625442249,0.5454854999698,0.0,1.25816400002077,13.105875000216352,0.08157519996893825,1.8285790000809357,96,4.111576010212836e-08,6.946714706072832e-08
105,84,99,9504,0.45,0.5625,0.0,0,0,0,0,0,0,1.4437790580155638,0.9598266874886172,1.0080841236581999,0.9598266874886172,1.0080841236581999,0,0.0,0,0.0,0.0,96,0,0,0,0.019154100053128786,0.19952187555342485,0.4782093000394525,4.9813468754109635,0.4752464999764925,0.0,1.1109262000536546,11.57214791722557,0.07009839995589573,1.608289600146236,96,9.478816703767379e-08,9.170473019848302e-08
105,85,100,9600,0.45,0.5625,0.0,0,0,0,0,0,0,1.5016012295443195,0.9598494688472995,1.0065479916304945,0.9598494688472995,1.0065479916304945,0,0.0,0,0.0,0.0,96,0,0,0,0.023075099983543623,0.2403656248285794,0.5710609999659937,5.948552082979101,0.5674439999856986,0.0,1.310191400021722,13.647827083559605,0.08348810000461526,1.9043274999712594,96,9.495586073514362e-08,9.255253299866872e-08
105,86,101,9696,0.45,0.5625,0.0,0,0,0,0,0,0,1.5992109968016726,0.9594919636463203,1.0048372668256695,0.9594919636463203,1.0048372668256695,0,0.0,0,0.0,0.0,96,0,0,0,0.02034540005843155,0.211931250608662,0.5170889999790234,5.386343749781493,0.5139448999543674,0.0,1.1720988000524812,12.20936250054668,0.07758249995822553,1.7095332000899361,96,9.587424442888959e-08,9.355356746232335e-08
105,87,102,9792,0.45,0.5625,0.0,0,0,0,0,0,0,1.5026634724817152,0.9596347442470402,1.0026244860810425,0.9596347442470402,1.0026244860810425,0,0.0,0,0.0,0.0,96,0,0,0,0.019946399981563445,0.20777499980795255,0.4969565999926999,5.1766312499239575,0.4938902000503731,0.0,1.1567883000316215,12.049878125329391,0.07486089998565149,1.6736913000058848,96,9.445379123805553e-08,9.163089065289398e-08
105,88,103,9888,0.45,0.5625,0.0,0,0,0,0,0,0,0.8649491040453489,0.9651092272356041,1.0062632183990503,0.9651092272356041,1.0062632183990503,0,0.0,0,0.0,0.0,96,0,0,0,0.020177899990812875,0.21018645823763413,0.5228305000418914,5.446151042103035,0.5196028999635018,0.0,1.2175291000676225,12.682594792371068,0.0783735999793862,1.7605375001003267,96,2.5211920936379917e-08,3.142091031804739e-08
105,89,104,9984,0.45,0.5625,0.0,0,0,0,0,0,0,0.9532490085748824,0.9651357135533323,1.0021360929359053,0.9651357135533323,1.0021360929359053,0,0.0,0,0.0,0.0,96,0,0,0,0.02046329997392604,0.21315937472839627,0.5239836000255309,5.458162500265947,0.5206489999400219,0.0,1.2164254999370314,12.67109895767741,0.07828839997819159,1.7608723999364884,96,4.189201474429083e-08,4.360763958266567e-08
105,90,105,10080,0.45,0.5625,0.0,0,0,0,0,0,0,0.7613853177065273,0.9658750111558108,1.0049167152357477,0.9658750111558108,1.0049167152357477,0,0.0,0,0.0,0.0,96,0,0,0,0.019764200027566403,0.20587708362048338,0.5167642999876989,5.382961458205197,0.5135687999572838,0.0,1.2489144000210217,13.009525000218977,0.0825795999771799,1.785442900036287,96,1.5717598095439655e-08,2.1632798954951404e-08
105,91,106,10176,0.45,0.5625,0.0,0,0,0,0,0,0,0.8160762136203282,0.9653042069218107,1.0042455809090323,0.9653042069218107,1.0042455809090323,0,0.0,0,0.0,0.0,96,0,0,0,0.020903600016026758,0.21774583350027873,0.5668138999972143,5.904311458304316,0.5631440000070143,0.0,1.3282430000181193,13.835864583522076,0.08850570000504376,1.9159605000313604,96,2.7713962695921635e-08,3.341117896238366e-08
105,92,108,10368,0.45,0.5625,0.0,0,0,0,0,0,0,1.5472007041108005,0.9601666700657506,1.0036694902819485,0.9601666700657506,1.0036694902819485,0,0.0,0,0.0,0.0,96,0,0,0,0.019088299974100664,0.19883645806354858,0.47492340002645506,4.947118750275574,0.471999399982451,0.0,1.123171800012642,11.699706250131689,0.07332710002083331,1.6171835000131978,96,9.87735210462859e-08,9.334791786774765e-08
105,93,109,10464,0.45,0.5625,0.0,0,0,0,0,0,0,1.4844567093008783,0.9602236813420391,1.0095050200348334,0.9602236813420391,1.0095050200348334,0,0.0,0,0.0,0.0,96,0,0,0,0.019573699981265236,0.20389270813817953,0.4709407999762334,4.905633333085764,0.4680129999615019,0.0,1.1124014999877545,11.587515624872443,0.06996839999919757,1.6029159999452531,96,9.966864486510296e-08,9.338056106145132e-08
105,94,110,10560,0.45,0.5625,0.0,0,0,0,0,0,0,1.5031705722388182,0.9601783364544754,1.0077901059360874,0.9601783364544754,1.0077901059360874,0,0.0,0,0.0,0.0,96,0,0,0,0.02115499998035375,0.2203645831286849,0.5658712000076775,5.894491666746641,0.5624189000373008,0.0,1.304327199992258,13.586741666586022,0.08699750002415385,1.8913533999802894,96,9.71974497762651e-08,9.052921384755663e-08
105,95,111,10656,0.45,0.5625,0.0,0,0,0,0,0,0,1.1015356192787362,0.9640564376272666,1.0031034840657722,0.9640564376272666,1.0031034840657722,0,0.0,0,0.0,0.0,96,0,0,0,0.01955919999454636,0.20374166660985793,0.4859965000214288,5.062463541889883,0.48301870000432245,0.0,1.1140098000541911,11.604268750564492,0.07255090000398923,1.6195655000701663,96,6.774906692076643e-08,6.195202351122475e-08
105,96,112,10752,0.45,0.5625,0.0,0,0,0,0,0,0,0.9012371412191028,0.9648323321699411,1.0068984091585989,0.9648323321699411,1.0068984091585989,0,0.0,0,0.0,0.0,96,0,0,0,0.02027370002178941,0.211184375226973,0.48463669999182457,5.048298958248172,0.48164219997124746,0.0,1.13413750007021,11.813932292398022,0.07350069993117359,1.639047900083824,96,4.3697756611088545e-08,4.4792642928115356e-08
105,97,113,10848,0.45,0.5625,0.0,0,0,0,0,0,0,1.470247130081116,0.9601382520566005,1.0115625865329732,0.9601382520566005,1.0115625865329732,0,0.0,0,0.0,0.0,96,0,0,0,0.019479699971270747,0.2029135413674036,0.49549280003702734,5.1613833337190345,0.4924911000125576,0.0,1.14503340000374,11.927431250038959,0.07372070000565145,1.6600059000120382,96,9.841100193433427e-08,9.742896586728556e-08
105,98,115,11040,0.45,0.5625,0.0,0,0,0,0,0,0,1.6506801130453221,0.9591946824396268,1.002414259686553,0.9591946824396268,1.002414259686553,0,0.0,0,0.0,0.0,96,0,0,0,0.019665899984829593,0.20485312484197493,0.5158552000066265,5.373491666735693,0.5126595999827259,0.0,1.1360597999373567,11.833956249347466,0.07169790002080845,1.6715808999288129,96,9.970318731213068e-08,9.621344235211104e-08
105,99,116,11136,0.45,0.5625,0.0,0,0,0,0,0,0,1.6129107501477833,0.9598376124760456,1.0028591178135329,0.9598376124760456,1.0028591178135329,0,0.0,0,0.0,0.0,96,0,0,0,0.01833920003264211,0.19103333367335532,0.45289559998491313,4.717662499842845,0.45010840002214536,0.0,1.0636305999651086,11.079485416303214,0.06879800004389836,1.5348653999826638,96,9.99225944261356e-08,9.46466406637203e-08
105,100,117,11232,0.45,0.5625,0.0,0,0,0,0,0,0,1.5317590539944943,0.9599871261921541,1.0021455314035017,0.9599871261921541,1.0021455314035017,0,0.0,0,0.0,0.0,96,0,0,0,0.020759199986059684,0.21624166652145504,0.5271860999491764,5.491521874470588,0.5239948999951594,0.0,1.2338584000535775,12.852691667224766,0.08069199998863041,1.7818036999888136,96,9.985276647195285e-08,9.727642032164585e-08
105,101,118,11328,0.45,0.5625,0.0,0,0,0,0,0,0,0.9453302965773585,0.9643311165190226,1.0078515101064085,0.9643311165190226,1.0078515101064085,0,0.0,0,0.0,0.0,96,0,0,0,0.02045009996072622,0.21302187459089814,0.5247719999970286,5.466374999969048,0.5215859000163618,0.0,1.21666150000965,12.673557291767187,0.07713489999150624,1.7618835999674047,96,3.731048288900529e-08,4.032439326895343e-08
105,102,121,11616,0.45,0.5625,0.0,0,0,0,0,0,0,1.6425060665495124,0.9591964264438532,1.001424158984647,0.9591964264438532,1.001424158984647,0,0.0,0,0.0,0.0,96,0,0,0,0.020772500000020955,0.21638020833355162,0.5093710999644827,5.305948957963362,0.5062350000080187,0.0,1.1976898000502842,12.475935417190462,0.08003799997095484,1.727833400014788,96,9.967798932607186e-08,9.457650364252945e-08
105,103,122,11712,0.45,0.5625,0.0,0,0,0,0,0,0,1.57301848837684,0.9598316400678852,1.004120715965893,0.9598316400678852,1.004120715965893,0,0.0,0,0.0,0.0,96,0,0,0,0.020494400036113802,0.21348333370951877,0.5302034999767784,5.522953124758108,0.5270303999423049,0.0,1.273835800064262,13.269122917336063,0.08212249994539889,1.8245337000771542,96,9.89377754549714e-08,9.620509465457783e-08
105,104,123,11808,0.45,0.5625,0.0,0,0,0,0,0,0,1.7630716308122087,0.9590500377015254,1.000618621812754,0.9590500377015254,1.000618621812754,0,0.0,0,0.0,0.0,96,0,0,0,0.020367099961731583,0.2121572912680373,0.5188504999896395,5.4046927082254115,0.5155508999814629,0.0,1.1986806000059005,12.486256250061464,0.07884769997326657,1.7378981999572716,96,9.159994781779424e-08,6.729861716514574e-08
105,105,124,11904,0.45,0.5625,0.0,0,0,0,0,0,0,1.5823846379724533,0.9589438120718224,1.0005690158757188,0.9589438120718224,1.0005690158757188,0,0.0,0,0.0,0.0,96,0,0,0,0.01932290002150694,0.20128020855736395,0.46036409999942407,4.795459374994,0.45747460002894513,0.0,1.0880326999104,11.3336739574,0.07234420003078412,1.567719699931331,96,9.980967115297279e-08,9.432805397890931e-08
105,106,125,12000,0.45,0.5625,0.0,0,0,0,0,0,0,0.961070685738781,0.9646928714748044,1.009998986139356,0.9646928714748044,1.009998986139356,0,0.0,0,0.0,0.0,96,0,0,0,0.02090680003311718,0.21777916701163727,0.5320290000236128,5.5419687502459665,0.5288184999735677,0.0,1.208317800075747,12.586643750789031,0.07950659994094167,1.761253600132477,96,2.820443062261091e-08,9.460862093746414e-08
105,107,126,12096,0.45,0.5625,0.0,0,0,0,0,0,0,0.8538074957552508,0.9649953157941498,1.0056868341720342,0.9649953157941498,1.0056868341720342,0,0.0,0,0.0,0.0,96,0,0,0,0.02044849997764686,0.21300520810048815,0.5355404000001727,5.578545833335132,0.5322544999580714,0.0,1.2289616000489332,12.801683333843053,0.08034449997649062,1.7849505000267527,96,3.32832547980666e-08,3.78761923214288e-08
105,108,127,12192,0.45,0.5625,0.0,0,0,0,0,0,0,1.7142699746588832,0.9591935340607526,1.0,0.9591935340607526,1.0,0,0.0,0,0.0,0.0,96,0,0,0,0.02129300001251977,0.2218020834637476,0.5160423000488663,5.375440625509024,0.5128308999846922,0.0,1.225369999956456,12.76427083287975,0.07837429999926826,1.762705300017842,96,9.960937282470217e-08,7.357096827587117e-08
105,109,128,12288,0.45,0.5625,0.0,0,0,0,0,0,0,1.3833513134870001,0.9611952301101315,1.0060516388423093,0.9611952301101315,1.0060516388423093,0,0.0,0,0.0,0.0,96,0,0,0,0.020626700039429124,0.21486145874405338,0.5092574000591412,5.304764583949388,0.5060988999903202,0.0,1.1623378999720444,12.10768645804213,0.0771368999776314,1.6922220000706147,96,9.696038379310157e-08,9.540184829626153e-08
105,110,130,12480,0.45,0.5625,0.0,0,0,0,0,0,0,1.3720598316186534,0.9608955286350523,1.0143943234341293,0.9608955286350523,1.0143943234341293,0,0.0,0,0.0,0.0,96,0,0,0,0.01938089992472669,0.20188437421590302,0.4930716000017128,5.136162500017842,0.4899481999746058,0.0,1.1353035000065574,11.826078125068307,0.07529100001556799,1.647755999932997,96,9.07387370362861e-08,8.841538279291683e-08
105,111,131,12576,0.45,0.5625,0.0,0,0,0,0,0,0,1.3467976115883302,0.960774263229661,1.0070277054908374,0.960774263229661,1.0070277054908374,0,0.0,0,0.0,0.0,96,0,0,0,0.01867020000645425,0.1944812500672318,0.4720520999690052,4.917209374677138,0.4691182000169647,0.0,1.1241099999606377,11.709479166256642,0.07617780003056396,1.6148322999360971,96,9.62755533281956e-08,9.595262639994218e-08
105,112,132,12672,0.45,0.5625,0.0,0,0,0,0,0,0,0.9222023485094446,0.964984943481954,1.008580198792294,0.964984943481954,1.008580198792294,0,0.0,0,0.0,0.0,96,0,0,0,0.01922470000135945,0.20025729168082762,0.4626514999763458,4.8192864580869355,0.4597895999904722,0.0,1.091973800030246,11.374727083648395,0.06993319999310188,1.5738500000079512,96,2.6196708309556005e-08,4.8137346886356625e-08
105,113,133,12768,0.45,0.5625,0.0,0,0,0,0,0,0,0.7847527616625984,0.965597161474803,1.0087053596386517,0.965597161474803,1.0087053596386517,0,0.0,0,0.0,0.0,96,0,0,0,0.019410500004596543,0.20219270838121398,0.46653830001014285,4.859773958438988,0.4636328999622492,0.0,1.0998735000393935,11.45701562541035,0.07246350000787061,1.585822300054133,96,2.0629608936915955e-08,4.579973863702569e-08
105,114,134,12864,0.45,0.5625,0.0,0,0,0,0,0,0,1.269363839031475,0.9617334096135013,1.0098025229126317,0.9617334096135013,1.0098025229126317,0,0.0,0,0.0,0.0,96,0,0,0,0.020901199997751974,0.2177208333099164,0.5343854999882751,5.566515624877866,0.5311583000075188,0.0,1.2417887000410701,12.935298958761146,0.0819143999760854,1.7970754000270972,96,9.653538419161778e-08,9.993638135780136e-08
105,115,135,12960,0.45,0.5625,0.0,0,0,0,0,0,0,1.3622763188384641,0.9611546450760801,1.0088315302631885,0.9611546450760801,1.0088315302631885,0,0.0,0,0.0,0.0,96,0,0,0,0.02018810003210092,0.2102927086677179,0.48550010001054034,5.0572927084431285,0.4824701999677927,0.0,1.1376315999877988,11.850329166539572,0.07509169998957077,1.64331980003044,96,9.889234527625523e-08,9.418112519032906e-08
105,116,136,13056,0.45,0.5625,0.0,0,0,0,0,0,0,1.3933673967984783,0.9611416196359073,1.0161954855806559,0.9611416196359073,1.0161954855806559,0,0.0,0,0.0,0.0,96,0,0,0,0.020982699963496998,0.21856979128642706,0.5154938000123366,5.369727083461839,0.5123079999393667,0.0,1.184980399972119,12.343545833042905,0.07444869999744697,1.7214568999479525,96,9.403940936722477e-08,9.685896591726806e-08
105,117,137,13152,0.45,0.5625,0.0,0,0,0,0,0,0,1.3693660768502864,0.9611915055593939,1.0082989549292583,0.9611915055593939,1.0082989549292583,0,0.0,0,0.0,0.0,96,0,0,0,0.018776500000967644,0.1955885416767463,0.45102770002995385,4.698205208645352,0.4481848999930662,0.0,1.0456981999232084,10.892689582533421,0.06463690002419753,1.51550239995413,96,9.53679796765472e-08,9.577137152771975e-08
105,118,139,13344,0.45,0.5625,0.0,0,0,0,0,0,0,0.8947492293259736,0.9652264808386993,1.008708086878108,0.9652264808386993,1.008708086878108,0,0.0,0,0.0,0.0,96,0,0,0,0.019795499953033868,0.20620312451076947,0.4974174999879324,5.181432291540962,0.4944080999266589,0.0,1.1724153999894042,12.212660416556295,0.07931850000022678,1.6896283999303705,96,2.0817673236292467e-08,5.4742971388604955e-08
105,119,140,13440,0.45,0.5625,0.0,0,0,0,0,0,0,0.8148926113645514,0.9654559597531227,1.0134482057281582,0.9654559597531227,1.0134482057281582,0,0.0,0,0.0,0.0,96,0,0,0,0.019553799967980012,0.20368541633312512,0.47186540003167465,4.915264583663277,0.46892019996448653,0.0,1.0793434999868623,11.243161458196482,0.06863500001782086,1.570762699986517,96,3.0533212763694806e-08,9.160892346787852e-08
105,120,141,13536,0.45,0.5625,0.0,0,0,0,0,0,0,1.2440080307127979,0.962201702992009,1.0118020701264048,0.962201702992009,1.0118020701264048,0,0.0,0,0.0,0.0,96,0,0,0,0.019433700013905764,0.2024343751448517,0.48373939996236004,5.03895208294125,0.4807779000111623,0.0,1.1326421999910963,11.798356249907252,0.07413909999741009,1.635815299967362,96,8.569046855769202e-08,9.12870375818775e-08
105,121,142,13632,0.45,0.5625,0.0,0,0,0,0,0,0,1.338749096485093,0.9611036407382142,1.0113358513664183,0.9611036407382142,1.0113358513664183,0,0.0,0,0.0,0.0,96,0,0,0,0.018986900060554035,0.19778020896410453,0.47820199990383117,4.981270832331575,0.4752140999844414,0.0,1.1233290999007295,11.701344790632598,0.0752360000187764,1.6205179998651147,96,9.301318692686578e-08,9.883323992543325e-08
105,122,144,13824,0.45,0.5625,0.0,0,0,0,0,0,0,0.8167726292202201,0.9653665536039,1.0135241881232897,0.9653665536039,1.0135241881232897,0,0.0,0,0.0,0.0,96,0,0,0,0.019668699984322302,0.20488229150335732,0.5201570000208449,5.418302083550468,0.5169678999809548,0.0,1.2118672000069637,12.623616666739204,0.07901809996110387,1.7516929000121308,96,2.8444021166196265e-08,9.18982424793352e-08
105,123,145,13920,0.45,0.5625,0.0,0,0,0,0,0,0,1.0463203492633046,0.9649531690948265,1.021676750556431,0.9649531690948265,1.021676750556431,0,0.0,0,0.0,0.0,96,0,0,0,0.021522900016861968,0.2241968751756455,0.5220069999995758,5.437572916662248,0.5187312999332789,0.0,1.22545899994293,12.765197916072188,0.08097470003849594,1.7689888999593677,96,4.610262366311346e-08,9.410587020579342e-08
105,124,146,14016,0.45,0.5625,0.0,0,0,0,0,0,0,0.968033217501786,0.9657331694764274,1.0249908451287235,0.9657331694764274,1.0249908451287235,0,0.0,0,0.0,0.0,96,0,0,0,0.02013200000510551,0.20970833338651573,0.489493399982166,5.098889583147563,0.4862932000105502,0.0,1.1458754999912344,11.936203124908692,0.07448779998958344,1.655500899978506,96,6.200357838270776e-08,9.788927362273936e-08
105,125,147,14112,0.45,0.5625,0.0,0,0,0,0,0,0,0.869700036025646,0.9653242224469686,1.0216726255621775,0.9653242224469686,1.0216726255621775,0,0.0,0,0.0,0.0,96,0,0,0,0.019933999989007134,0.20764583321882432,0.5084825999656459,5.296693749642145,0.505363199947169,0.0,1.1807131999375997,12.29909583268333,0.07714080000005197,1.7091297998922528,96,3.263595726998858e-08,8.678550416068437e-08
105,126,148,14208,0.45,0.5625,0.0,0,0,0,0,0,0,1.3249815258730229,0.9610102103372533,1.0129353534340937,0.9610102103372533,1.0129353534340937,0,0.0,0,0.0,0.0,96,0,0,0,0.019478000009257812,0.20289583342976888,0.47881219998089364,4.987627083134309,0.4758562000206439,0.0,1.0796671999632963,11.246533332951003,0.07148669999878621,1.5779573999534477,96,8.308136282240974e-08,9.765645674064682e-08
105,127,150,14400,0.45,0.5625,0.0,0,0,0,0,0,0,1.3275436042471125,0.9617102234398757,1.0092004688944312,0.9617102234398757,1.0092004688944312,0,0.0,0,0.0,0.0,96,0,0,0,0.01946609998412896,0.20277187483467665,0.4667766000056872,4.862256250059242,0.46388979999755975,0.0,1.1050822000252083,11.511272916929252,0.07322890000068583,1.5913249000150245,96,9.364620675265944e-08,9.101445055947899e-08
105,128,152,14592,0.45,0.5625,0.0,0,0,0,0,0,0,1.2452629472288992,0.9628827150607362,1.0127916010341436,0.9628827150607362,1.0127916010341436,0,0.0,0,0.0,0.0,96,0,0,0,0.02000650000263704,0.20840104169413584,0.4812381000374444,5.012896875390045,0.47816199995577335,0.0,1.1173763999977382,11.63933749997644,0.07477130004554056,1.6186210000378196,96,9.744570152528387e-08,9.724309874697967e-08
105,129,153,14688,0.45,0.5625,0.0,0,0,0,0,0,0,0.879245653891339,0.965135182360134,1.0097974853709322,0.965135182360134,1.0097974853709322,0,0.0,0,0.0,0.0,96,0,0,0,0.01920879999670433,0.20009166663233677,0.47758390002854867,4.974832291964049,0.47467109994613566,0.0,1.109515800002555,11.557456250026613,0.07274959997448605,1.606308500027808,96,1.8572547436611353e-08,8.77109373152718e-08
105,130,154,14784,0.45,0.5625,0.0,0,0,0,0,0,0,0.7006476424101763,0.9657807177584565,1.0069848336806742,0.9657807177584565,1.0069848336806742,0,0.0,0,0.0,0.0,96,0,0,0,0.01946620001399424,0.20277291681244,0.4734774999524234,4.932057291171077,0.4705461000194191,0.0,1.0899938999500591,11.354103124479783,0.07126080006128177,1.5829375999164768,96,8.017562963362479e-09,1.4465234830264573e-08
105,131,155,14880,0.45,0.5625,0.0,0,0,0,0,0,0,0.7219912505911544,0.9657606731774979,1.0096368070529131,0.9657606731774979,1.0096368070529131,0,0.0,0,0.0,0.0,96,0,0,0,0.020960899972124025,0.2183427080429586,0.5593124999868451,5.826171874862969,0.5559629000126733,0.0,1.2985335000048508,13.52639062505053,0.08345900000858819,1.8788068999638199,96,1.4894782629504277e-08,6.579165299364087e-08
105,132,156,14976,0.45,0.5625,0.0,0,0,0,0,0,0,1.3254728863302927,0.9615509291383657,1.0031343329648175,0.9615509291383657,1.0031343329648175,0,0.0,0,0.0,0.0,96,0,0,0,0.020404900002176873,0.21255104168934244,0.530318300028739,5.524148958632698,0.5270877000439214,0.0,1.223146199976327,12.741106249753406,0.08040150000306312,1.7738694000072428,96,9.42097982958856e-08,9.193724066769438e-08
105,133,157,15072,0.45,0.5625,0.0,0,0,0,0,0,0,1.379718633978553,0.9609769945452442,1.0072611923097856,0.9609769945452442,1.0072611923097856,0,0.0,0,0.0,0.0,96,0,0,0,0.01939690000290284,0.20205104169690458,0.49246700001094723,5.129864583447367,0.4894665000028908,0.0,1.1425841000964283,11.901917709337795,0.0753606999423937,1.6544480001102784,96,9.420905060404661e-08,9.406671920564325e-08
105,134,158,15168,0.45,0.5625,0.0,0,0,0,0,0,0,1.2727747796039417,0.9622365475865005,1.009113889140849,0.9622365475865005,1.009113889140849,0,0.0,0,0.0,0.0,96,0,0,0,0.019122999961837195,0.19919791626913744,0.47480970004107803,4.945934375427896,0.47191479995672125,0.0,1.125772599989432,11.726797916556583,0.0731785999960266,1.6197052999923471,96,9.21660418557596e-08,9.145006571453784e-08
105,135,159,15264,0.45,0.5625,0.0,0,0,0,0,0,0,1.268814230378267,0.9622276194004219,1.007034195595585,0.9622276194004219,1.007034195595585,0,0.0,0,0.0,0.0,96,0,0,0,0.01935689995298162,0.20163437451022523,0.476921300025424,4.967930208598166,0.47399129999394063,0.0,1.081673199973011,11.267429166385531,0.0691606999898795,1.5779513999514165,96,9.85363004732398e-08,9.680776617837505e-08
105,136,160,15360,0.45,0.5625,0.0,0,0,0,0,0,0,0.9187230688056371,0.9650855873473716,1.0164150495580129,0.9650855873473716,1.0164150495580129,0,0.0,0,0.0,0.0,96,0,0,0,0.019690999964950606,0.20511458296823548,0.5036166999852867,5.246007291513403,0.5005578000345849,0.0,1.1750501000351505,12.240105208699484,0.07764829996449407,1.6983577999853878,96,2.265010831670189e-08,8.998992275313644e-08
105,137,161,15456,0.45,0.5625,0.0,0,0,0,0,0,0,0.9040773467830548,0.9653375383310676,1.0243973743517307,0.9653375383310676,1.0243973743517307,0,0.0,0,0.0,0.0,96,0,0,0,0.01897429998643929,0.19764895819207595,0.4749822999656317,4.947732291308664,0.47210770001402125,0.0,1.0976012999817613,11.433346874810013,0.07231279999541584,1.5915578999338322,96,4.712976772736077e-08,7.843470973406541e-08
105,138,162,15552,0.45,0.5625,0.0,0,0,0,0,0,0,1.341160182473233,0.9612954519217962,1.0077064276898564,0.9612954519217962,1.0077064276898564,0,0.0,0,0.0,0.0,96,0,0,0,0.019817999978840817,0.20643749977959183,0.5248501000096439,5.467188541767125,0.5217124000191689,0.0,1.2200405999828945,12.708756249821818,0.0793280000143568,1.7647086999713792,96,8.787676466712191e-08,8.571687991343335e-08
105,139,163,15648,0.45,0.5625,0.0,0,0,0,0,0,0,1.3247972291503791,0.9618693011954835,1.0072597404002923,0.9618693011954835,1.0072597404002923,0,0.0,0,0.0,0.0,96,0,0,0,0.01919290001387708,0.19992604181121956,0.45814120005525183,4.772304167242207,0.4553329999471316,0.0,1.0623356999858515,11.06599687485262,0.0700643000236596,1.5396698000549804,96,9.574406083061315e-08,9.296557204607758e-08
105,140,165,15840,0.45,0.5625,0.0,0,0,0,0,0,0,1.0370148127477623,0.9646714248023556,1.0184594141935552,0.9646714248023556,1.0184594141935552,0,0.0,0,0.0,0.0,96,0,0,0,0.01780930000677472,0.18551354173723666,0.43827070001134416,4.565319791784835,0.4355646999756573,0.0,0.9992186999952537,10.408528124950559,0.06673839998256881,1.4552987000133726,96,4.360695271456855e-08,8.522708897992781e-08
105,141,166,15936,0.45,0.5625,0.0,0,0,0,0,0,0,1.1436054951653036,0.9633699613906558,1.0072988814035164,0.9633699613906558,1.0072988814035164,0,0.0,0,0.0,0.0,96,0,0,0,0.019399999975576065,0.20208333307891735,0.496559899955173,5.172498957866385,0.49352240001462633,0.0,1.1458202000430902,11.935627083782189,0.07401179995940765,1.6617800999738392,96,7.215650804724e-08,6.775345805232202e-08
105,142,168,16128,0.45,0.5625,0.0,0,0,0,0,0,0,0.8620107824492338,0.9654277636364595,1.0213771506369527,0.9654277636364595,1.0213771506369527,0,0.0,0,0.0,0.0,96,0,0,0,0.020382900031108875,0.21232187532405078,0.48979079999844544,5.101987499983807,0.4867688000522321,0.0,1.1388794999875245,11.863328124870046,0.07508570006029913,1.6490532000170788,96,2.890305855762776e-08,8.832846000190325e-08
105,143,169,16224,0.45,0.5625,0.0,0,0,0,0,0,0,1.315436156717545,0.9614140457877205,1.016482442388301,0.9614140457877205,1.016482442388301,0,0.0,0,0.0,0.0,96,0,0,0,0.02053909996902803,0.21394895801070865,0.5176981999829877,5.392689583156122,0.5145934000101988,0.0,1.2108857000566786,12.613392708923735,0.07983209995290963,1.7491230000086944,96,8.779369333952736e-08,8.784418904089764e-08
105,144,170,16320,0.45,0.5625,0.0,0,0,0,0,0,0,1.3825740914828963,0.961286855982195,1.0123458132207241,0.961286855982195,1.0123458132207241,0,0.0,0,0.0,0.0,96,0,0,0,0.019790499987720978,0.20615104153876018,0.5195562999797403,5.412044791455628,0.5164267999862204,0.0,1.201478799979668,12.515404166454877,0.07884370002284413,1.7408255999471294,96,8.349615223182671e-08,8.677773558757318e-08
105,145,171,16416,0.45,0.5625,0.0,0,0,0,0,0,0,1.357443470777144,0.9617266777941577,1.012912670182653,0.9617266777941577,1.012912670182653,0,0.0,0,0.0,0.0,96,0,0,0,0.01998769996862393,0.20820520800649925,0.5208367999948678,5.425383333279872,0.5176897000201279,0.0,1.2019760999537539,12.52058437451827,0.07774200002313592,1.7428005999172456,96,9.365182064742517e-08,9.09554552508407e-08
105,146,172,16512,0.45,0.5625,0.0,0,0,0,0,0,0,1.4533731847595721,0.9602782840625274,1.0099343760904211,0.9602782840625274,1.0099343760904211,0,0.0,0,0.0,0.0,96,0,0,0,0.019166499965649564,0.1996510413088496,0.47201150000910275,4.916786458428153,0.4690975000121398,0.0,1.1159084999671904,11.624046874658234,0.07224250000581378,1.6070864999419427,96,9.526011070237761e-08,9.49559364818442e-08
105,147,174,16704,0.45,0.5625,0.0,0,0,0,0,0,0,0.9569131904635517,0.9644772693409044,1.009529287728453,0.9644772693409044,1.009529287728453,0,0.0,0,0.0,0.0,96,0,0,0,0.018486399960238487,0.19256666625248423,0.4188139999823761,4.3626458331497515,0.41616619997512316,0.0,0.974137600074755,10.147266667445365,0.06499809998058481,1.4114380000173696,96,2.587596460885966e-08,7.44624768268809e-08
105,148,176,16896,0.45,0.5625,0.0,0,0,0,0,0,0,1.2879898758269241,0.9620814439957363,1.0089538244619245,0.9620814439957363,1.0089538244619245,0,0.0,0,0.0,0.0,96,0,0,0,0.018853000015951693,0.19638541683283015,0.4456928000145126,4.642633333484507,0.4429529000481125,0.0,1.048918299988145,10.926232291543178,0.06821879998460645,1.5134641000186093,96,9.546341811668413e-08,8.983386284855399e-08
105,149,177,16992,0.45,0.5625,0.0,0,0,0,0,0,0,1.3700141329304307,0.9615021245016776,1.0063572040071078,0.9615021245016776,1.0063572040071078,0,0.0,0,0.0,0.0,96,0,0,0,0.019612100055383053,0.20429270891024012,0.45140560001163976,4.702141666787914,0.4486003999627428,0.0,1.0553389000197058,10.993113541871935,0.06911970001965528,1.5263566000867286,96,9.926416720713871e-08,9.887927837626265e-08
105,150,178,17088,0.45,0.5625,0.0,0,0,0,0,0,0,1.3960860376442958,0.9612305510012035,1.0051359830335462,0.9612305510012035,1.0051359830335462,0,0.0,0,0.0,0.0,96,0,0,0,0.019354300013219472,0.2016072918043695,0.48063200004253304,5.006583333776386,0.4776479000211111,0.0,1.1157718999820645,11.622623958146505,0.07369799999287352,1.615758200037817,96,9.769416743458936e-08,9.499566223925004e-08
105,151,180,17280,0.45,0.5625,0.0,0,0,0,0,0,0,1.3355651930136199,0.9608970056956024,1.006002545231321,0.9608970056956024,1.006002545231321,0,0.0,0,0.0,0.0,96,0,0,0,0.01959480004006764,0.20411250041737125,0.49115350004285574,5.116182292113081,0.4882024000180536,0.0,1.1653466999559896,12.139028124541559,0.07557299999461975,1.676095000038913,96,9.592887367272651e-08,9.303550874140143e-08
105,152,181,17376,0.45,0.5625,0.0,0,0,0,0,0,0,0.9419646980934091,0.9650068103170778,1.0038252633240583,0.9650068103170778,1.0038252633240583,0,0.0,0,0.0,0.0,96,0,0,0,0.01915829999052221,0.19956562490127303,0.48002959995210404,5.000308332834417,0.47710240004380466,0.0,1.103644399998302,11.496295833315648,0.07221150000987109,1.6028322999409284,96,2.4442271782942893e-08,3.039210764999023e-08
105,153,183,17568,0.45,0.5625,0.0,0,0,0,0,0,0,1.249009503763829,0.9620541097685938,1.0103451968382242,0.9620541097685938,1.0103451968382242,0,0.0,0,0.0,0.0,96,0,0,0,0.01987969995388994,0.2070802078530202,0.5149123000519467,5.363669792207777,0.5118728999732411,0.0,1.204185999929905,12.54360416593651,0.07907550004165387,1.7389779999357415,96,9.65171011602789e-08,9.56848704089519e-08
105,154,184,17664,0.45,0.5625,0.0,0,0,0,0,0,0,1.31459791651069,0.9619889716205775,1.0089506376193529,0.9619889716205775,1.0089506376193529,0,0.0,0,0.0,0.0,96,0,0,0,0.019062499937717803,0.19856770768456045,0.4651805000103195,4.845630208440828,0.4622526999883121,0.0,1.0823215000200435,11.274182291875453,0.06900829999358393,1.5665644999680808,96,8.999402729970019e-08,8.77662711257221e-08
105,155,185,17760,0.45,0.5625,0.0,0,0,0,0,0,0,1.3514004465971468,0.9617704879081967,1.0105840216981417,0.9617704879081967,1.0105840216981417,0,0.0,0,0.0,0.0,96,0,0,0,0.018602699994517025,0.19377812494288568,0.43533490000118036,4.534738541678962,0.4325841000318178,0.0,1.012835400091717,10.550368750955386,0.06771589995332761,1.4667730000874144,96,9.405080437542568e-08,9.500997745492956e-08
105,156,187,17952,0.45,0.5625,0.0,0,0,0,0,0,0,1.3706349425587179,0.9607844760521791,1.0091637877007424,0.9607844760521791,1.0091637877007424,0,0.0,0,0.0,0.0,96,0,0,0,0.018399999964458402,0.1916666662964417,0.4349396999969031,4.53062187496774,0.43184470002597664,0.0,1.0066951000189874,10.486407291864452,0.06579889998829458,1.460034799980349,96,9.897525207400171e-08,9.380491911015199e-08
105,157,188,18048,0.45,0.5625,0.0,0,0,0,0,0,0,0.9529011259214126,0.9645092570606344,1.0104748682426448,0.9645092570606344,1.0104748682426448,0,0.0,0,0.0,0.0,96,0,0,0,0.018728400020336267,0.1950875002118361,0.47005230000650045,4.896378125067713,0.46723579998797504,0.0,1.0832240999952774,11.283584374950806,0.06981100000848528,1.572004800022114,96,2.3275833769056953e-08,9.25148222613581e-08
105,158,189,18144,0.45,0.5625,0.0,0,0,0,0,0,0,0.8426692230932803,0.9653604798178401,1.0148012254413528,0.9653604798178401,1.0148012254413528,0,0.0,0,0.0,0.0,96,0,0,0,0.019727299972146284,0.20549270804319045,0.504503400035901,5.255243750373968,0.5014321000053314,0.0,1.1657879000049434,12.143623958384827,0.07576180002070032,1.6900186000129906,96,2.9620684793840724e-08,9.861372506775323e-08
105,159,190,18240,0.45,0.5625,0.0,0,0,0,0,0,0,1.4400494888789426,0.9605564577027625,1.0050260391707102,0.9605564577027625,1.0050260391707102,0,0.0,0,0.0,0.0,96,0,0,0,0.019788600016909186,0.20613125017613734,0.5221919999530655,5.439499999511099,0.5191633000067668,0.0,1.1985424000085914,12.48481666675616,0.07982379998429678,1.740522999978566,96,9.935331253888013e-08,9.477586049300157e-08
105,160,191,18336,0.45,0.5625,0.0,0,0,0,0,0,0,1.4071872357871125,0.9607871821631501,1.0068254851472427,0.9607871821631501,1.0068254851472427,0,0.0,0,0.0,0.0,96,0,0,0,0.019979900018370245,0.20812395852469004,0.5388164000250981,5.612670833594772,0.5354787999676773,0.0,1.2530732000086573,13.052845833423513,0.08176199997251388,1.8118695000521257,96,9.862016262223577e-08,9.389815008864488e-08
105,161,192,18432,0.45,0.5625,0.0,0,0,0,0,0,0,1.5833739163742597,0.959528676880859,1.0,0.959528676880859,1.0,0,0.0,0,0.0,0.0,96,0,0,0,0.019710100030351896,0.20531354198283225,0.5093112999456935,5.305326041100973,0.5062805000052322,0.0,1.1966975000541424,12.465598958897317,0.07825849995424505,1.7257189000301878,96,9.801377947975254e-08,9.359180846990611e-08
105,162,193,18528,0.45,0.5625,0.0,0,0,0,0,0,0,1.302676028423252,0.9623037469535097,1.0102052810640574,0.9623037469535097,1.0102052810640574,0,0.0,0,0.0,0.0,96,0,0,0,0.01865860000543762,0.19436041672330853,0.4619903000348131,4.81239895869597,0.45915380000224104,0.0,1.056814499963366,11.008484374618396,0.07059380005375715,1.5374634000036167,96,9.083444087176762e-08,9.831694007533809e-08
105,163,194,18624,0.45,0.5625,0.0,0,0,0,0,0,0,1.2975678073823043,0.9619137199511123,1.0061906093091784,0.9619137199511123,1.0061906093091784,0,0.0,0,0.0,0.0,96,0,0,0,0.019635599965113215,0.20453749963659598,0.4949963000108255,5.156211458446099,0.4918213999917498,0.0,1.1481984000492957,11.960400000513497,0.07483789999241708,1.6628303000252345,96,9.384792046783497e-08,8.937409042009126e-08
105,164,195,18720,0.45,0.5625,0.0,0,0,0,0,0,0,0.8768012711324635,0.9651134109050584,1.007492285282853,0.9651134109050584,1.007492285282853,0,0.0,0,0.0,0.0,96,0,0,0,0.020359400048619136,0.21207708383978266,0.49792020001768833,5.186668750184253,0.4948101000263705,0.0,1.1945184999858611,12.442901041519386,0.07881099997757701,1.7127981000521686,96,1.666056897043494e-08,2.4050025625513283e-08
105,165,196,18816,0.45,0.5625,0.0,0,0,0,0,0,0,0.7844265535783883,0.9655443098855515,1.0083361672495665,0.9655443098855515,1.0083361672495665,0,0.0,0,0.0,0.0,96,0,0,0,0.01927950007666368,0.20082812579858,0.47376880001684185,4.935091666842102,0.470805700031633,0.0,1.1150171998961014,11.614762498917722,0.07410560005519073,1.608065499989607,96,2.06159957811744e-08,3.542002083127549e-08
105,166,197,18912,0.45,0.5625,0.0,0,0,0,0,0,0,1.262409969449939,0.962285745495813,1.0081721506293773,0.962285745495813,1.0081721506293773,0,0.0,0,0.0,0.0,96,0,0,0,0.019045399996684864,0.19838958329880066,0.47724049996759277,4.971255207995758,0.474329900011071,0.0,1.0877032000207691,11.330241666883012,0.07161820001783781,1.5839890999850468,96,9.290384819088393e-08,9.171237297378454e-08
105,167,198,19008,0.45,0.5625,0.0,0,0,0,0,0,0,1.3326032680669333,0.9618697563805132,1.0127359325425123,0.9618697563805132,1.0127359325425123,0,0.0,0,0.0,0.0,96,0,0,0,0.019614699987869244,0.20431979154030463,0.4870675999263767,5.073620832566424,0.48403809998126235,0.0,1.125671700014209,11.72574687514801,0.07526359999610577,1.6323539999284549,96,9.945091138628681e-08,9.75479533954493e-08
105,168,199,19104,0.45,0.5625,0.0,0,0,0,0,0,0,1.3822210900498628,0.9613252692943609,1.014554386616289,0.9613252692943609,1.014554386616289,0,0.0,0,0.0,0.0,96,0,0,0,0.019075099946348928,0.198698957774468,0.4649873000162188,4.843617708502279,0.46206660004827427,0.0,1.0991941000393126,11.449938542076174,0.07106900000508176,1.5832565000018803,96,9.741489289706584e-08,9.781271070874453e-08
105,169,200,19200,0.45,0.5625,0.0,0,0,0,0,0,0,1.3784234810822646,0.9616437448129781,1.0042768889284392,0.9616437448129781,1.0042768889284392,0,0.0,0,0.0,0.0,96,0,0,0,0.01796559996000724,0.18714166625007542,0.4272651000574115,4.450678125598036,0.42452669997146586,0.0,1.0254316999416915,10.681580207725952,0.06653970004117582,1.4706623999591102,96,9.920819796747915e-08,9.992761666743899e-08
105,170,202,19392,0.45,0.5625,0.0,0,0,0,0,0,0,0.9129384875433688,0.9647090489551158,1.0093264800612298,0.9647090489551158,1.0093264800612298,0,0.0,0,0.0,0.0,96,0,0,0,0.020272999958251603,0.2111770828984542,0.4683689000157756,4.878842708497662,0.4653926999817486,0.0,1.0798476999843842,11.248413541504002,0.07007449994853232,1.5684895999584114,96,1.9764468403918323e-08,6.68627529905319e-08
105,171,203,19488,0.45,0.5625,0.0,0,0,0,0,0,0,0.770197565658567,0.9656626928477275,1.007993660209971,0.9656626928477275,1.007993660209971,0,0.0,0,0.0,0.0,96,0,0,0,0.018670699952053837,0.19448645783389415,0.46074879996012896,4.799466666251344,0.45779780002339976,0.0,1.0875941999984207,11.329106249983548,0.07454460000735708,1.5670136999106035,96,1.8610783899218608e-08,2.89449669527847e-08
105,172,204,19584,0.45,0.5625,0.0,0,0,0,0,0,0,1.3396648415654262,0.9618689904309634,1.0009734618984132,0.9618689904309634,1.0009734618984132,0,0.0,0,0.0,0.0,96,0,0,0,0.018711199991230387,0.1949083332419832,0.46040149992040824,4.795848957504252,0.45755600000120467,0.0,1.0872138000631821,11.325143750658148,0.06958420000592014,1.5663264999748208,96,9.736992143127843e-08,8.917244748163355e-08
105,173,205,19680,0.45,0.5625,0.0,0,0,0,0,0,0,1.5493977545375304,0.9595852871533935,1.0,0.9595852871533935,1.0,0,0.0,0,0.0,0.0,96,0,0,0,0.01958589999412652,0.20401979160548459,0.4891621999704512,5.0954395830255335,0.4860866999733844,0.0,1.1247629999852506,11.71628124984636,0.073895800007449,1.6335110999498283,96,9.876397166243278e-08,7.808841455403392e-08
105,174,206,19776,0.45,0.5625,0.0,0,0,0,0,0,0,1.4920233814370816,0.9601728723056567,1.0001458867168211,0.9601728723056567,1.0001458867168211,0,0.0,0,0.0,0.0,96,0,0,0,0.01934949999122182,0.20155729157522728,0.459091399985482,4.782202083182104,0.45615919996635057,0.0,1.1103264999837847,11.565901041497758,0.07180580001295311,1.5887673999604885,96,9.990181367922069e-08,9.841105437502495e-08
105,175,207,19872,0.45,0.5625,0.0,0,0,0,0,0,0,1.4167763201015384,0.9611957493263221,1.0016325375861617,0.9611957493263221,1.0016325375861617,0,0.0,0,0.0,0.0,96,0,0,0,0.020424199989065528,0.2127520832194326,0.5287506000822759,5.507818750857041,0.5256021000168403,0.0,1.2155467000120552,12.661944791792243,0.07899720001296373,1.7647215000833967,96,9.866164175573178e-08,9.771913604683657e-08
105,176,208,19968,0.45,0.5625,0.0,0,0,0,0,0,0,1.1944442855155348,0.9627460390816757,1.0065082802949759,0.9627460390816757,1.0065082802949759,0,0.0,0,0.0,0.0,96,0,0,0,0.019195700057025533,0.1999552089273493,0.45181680001405766,4.706425000146434,0.44900719999714056,0.0,1.0452066999787348,10.887569791445154,0.06898470001033274,1.516219200049818,96,9.19047272226331e-08,7.330226425850128e-08
105,177,210,20160,0.45,0.5625,0.0,0,0,0,0,0,0,0.8150259008831207,0.9656184290887385,1.0159692192050935,0.9656184290887385,1.0159692192050935,0,0.0,0,0.0,0.0,96,0,0,0,0.020908500002406072,0.21779687502506326,0.5275515000248561,5.495328125258918,0.5242606999599957,0.0,1.2247631999998703,12.75794999999865,0.08116729995526839,1.7732232000271324,96,2.3165244444900424e-08,8.53124097885058e-08
105,178,211,20256,0.45,0.5625,0.0,0,0,0,0,0,0,1.2242466478585468,0.9623877635883213,1.009576456754377,0.9623877635883213,1.009576456754377,0,0.0,0,0.0,0.0,96,0,0,0,0.019639200007077307,0.20457500007372195,0.483080100013467,5.032084375140282,0.48009940001065843,0.0,1.112071500014281,11.584078125148759,0.07361060000403086,1.6147908000348252,96,8.873909037275529e-08,9.339004267833184e-08
105,179,212,20352,0.45,0.5625,0.0,0,0,0,0,0,0,1.3208544115831475,0.961569032089387,1.0084130902199713,0.961569032089387,1.0084130902199713,0,0.0,0,0.0,0.0,96,0,0,0,0.020578899966494646,0.21436354131765256,0.5317817999748513,5.539393749738035,0.5284965000100783,0.0,1.2328778999872156,12.84247812486683,0.07961359999899287,1.7852385999285616,96,9.383527113313028e-08,8.91571626249199e-08
105,180,213,20448,0.45,0.5625,0.0,0,0,0,0,0,0,1.303124793710843,0.9621274949907168,1.0080761997450078,0.9621274949907168,1.0080761997450078,0,0.0,0,0.0,0.0,96,0,0,0,0.019337199992151,0.20142916658490626,0.4858502000424778,5.06093958377581,0.4828072999880533,0.0,1.1638629999797558,12.12357291645579,0.07915420000063023,1.6690504000143846,96,9.393117416690855e-08,9.018047718301059e-08
105,181,214,20544,0.45,0.5625,0.0,0,0,0,0,0,0,1.4132934724043824,0.9608598445806901,1.0039226897925702,0.9608598445806901,1.0039226897925702,0,0.0,0,0.0,0.0,96,0,0,0,0.01944659998116549,0.2025687498038072,0.47605689997726586,4.958926041429852,0.47314589992311085,0.0,1.08347259999573,11.286172916622187,0.07199610002862755,1.5789760999541613,96,9.932934960654727e-08,9.395298872227897e-08
105,182,215,20640,0.45,0.5625,0.0,0,0,0,0,0,0,1.2759882009210974,0.9615293363693643,1.0060669155907496,0.9615293363693643,1.0060669155907496,0,0.0,0,0.0,0.0,96,0,0,0,0.020901199997751974,0.2177208333099164,0.5199133999776677,5.415764583100706,0.5167063000189955,0.0,1.2189627998959622,12.69752916558294,0.07960470004036324,1.759777399871382,96,9.830185370134775e-08,9.471000018967946e-08
105,183,218,20928,0.45,0.5625,0.0,0,0,0,0,0,0,1.18587231517634,0.962802028632602,1.0148255957040646,0.962802028632602,1.0148255957040646,0,0.0,0,0.0,0.0,96,0,0,0,0.020570200009387918,0.21427291676445748,0.5044660999556072,5.254855207870908,0.5013274999946589,0.0,1.2028872000373667,12.530075000389237,0.08120509998843772,1.7279235000023618,96,9.86232611029092e-08,9.368761261577263e-08
105,184,220,21120,0.45,0.5625,0.0,0,0,0,0,0,0,1.3073149913854767,0.9618319742051511,1.0093764490971247,0.9618319742051511,1.0093764490971247,0,0.0,0,0.0,0.0,96,0,0,0,0.021448699953907635,0.22342395785320454,0.5338010000341455,5.560427083689016,0.5304412000332377,0.0,1.210311700051534,12.60741354220348,0.07925749999412801,1.7655614000395872,96,9.970507224097563e-08,9.754977117748531e-08
105,185,221,21216,0.45,0.5625,0.0,0,0,0,0,0,0,1.4769148350758643,0.9611898363203142,1.0,0.9611898363203142,1.0,0,0.0,0,0.0,0.0,96,0,0,0,0.020696699953987263,0.21559062452070066,0.5123869000162813,5.337363541836264,0.509173100013868,0.0,1.197553699974378,12.474517708066438,0.07723219999024877,1.7306372999446467,96,9.992161842733993e-08,9.68762930292355e-08
105,186,222,21312,0.45,0.5625,0.0,0,0,0,0,0,0,1.5345711378938458,0.9600971266369209,1.0,0.9600971266369209,1.0,0,0.0,0,0.0,0.0,96,0,0,0,0.02115109994338127,0.22032395774355487,0.5742185999915819,5.981443749912311,0.5703793999709887,0.0,1.3263017999270232,13.815643749239825,0.08614320000924636,1.9216714998619864,96,9.705893207201388e-08,9.617909406400837e-08
105,187,223,21408,0.45,0.5625,0.0,0,0,0,0,0,0,0.9063565088141837,0.9658131556688667,1.0022539031475581,0.9658131556688667,1.0022539031475581,0,0.0,0,0.0,0.0,96,0,0,0,0.019702300000062678,0.20523229166731957,0.4976010000173119,5.183343750180332,0.49460389998421306,0.0,1.1581158000044525,12.06370625004638,0.07573809996392811,1.675419100021827,96,1.9894384334362414e-08,2.5969394967795267e-08
105,188,224,21504,0.45,0.5625,0.0,0,0,0,0,0,0,0.7357174784230719,0.9657892902697944,1.0083791904756751,0.9657892902697944,1.0083791904756751,0,0.0,0,0.0,0.0,96,0,0,0,0.018852300010621548,0.19637812511064112,0.45687520002684323,4.759116666946284,0.4540653999574715,0.0,1.0651535999932094,11.095349999929264,0.06928290001087589,1.5408811000306741,96,1.6666066621380538e-08,3.3065630329273676e-08
105,189,225,21600,0.45,0.5625,0.0,0,0,0,0,0,0,1.1562656616568057,0.9630413135383967,1.0136864124413842,0.9630413135383967,1.0136864124413842,0,0.0,0,0.0,0.0,96,0,0,0,0.019708600026206113,0.20529791693964702,0.48448509997251676,5.046719791380383,0.4815049999670009,0.0,1.1237559000146575,11.705790625152682,0.0743321999834734,1.6279496000133804,96,8.893341461586705e-08,9.705479801780381e-08
105,190,226,21696,0.45,0.5625,0.0,0,0,0,0,0,0,1.213498629141099,0.9625059138509218,1.0100506129712532,0.9625059138509218,1.0100506129712532,0,0.0,0,0.0,0.0,96,0,0,0,0.019562500034226105,0.20377604202318858,0.475729699996009,4.955517708291761,0.47284270001546247,0.0,1.107022800053528,11.531487500557583,0.07091589996707626,1.6023150000837632,96,9.88385866901309e-08,9.602551778037371e-08
105,191,227,21792,0.45,0.5625,0.0,0,0,0,0,0,0,1.3135416537345523,0.9611781439735304,1.0081840415555525,0.9611781439735304,1.0081840415555525,0,0.0,0,0.0,0.0,96,0,0,0,0.02010909999080468,0.20946979157088208,0.4889006000375957,5.0927145837249554,0.4859270000451943,0.0,1.141020400049456,11.885629167181833,0.0744159999594558,1.6500301000778563,96,9.306353925334077e-08,9.151100502369225e-08
105,192,228,21888,0.45,0.5625,0.0,0,0,0,0,0,0,1.3521473277298295,0.9610589832654315,1.0070861396017743,0.9610589832654315,1.0070861396017743,0,0.0,0,0.0,0.0,96,0,0,0,0.01944239994918462,0.20252499947067312,0.48231919999670936,5.024158333299056,0.4792744000296807,0.0,1.1297766999850865,11.768507291511318,0.07413110003108159,1.6315382999309804,96,9.828469960636299e-08,9.481423209056761e-08
105,193,229,21984,0.45,0.5625,0.0,0,0,0,0,0,0,1.3248924079499844,0.9616425039844175,1.0053996610111324,0.9616425039844175,1.0053996610111324,0,0.0,0,0.0,0.0,96,0,0,0,0.01973420001741033,0.20556458351469095,0.48369829997682245,5.038523958091901,0.4803099999844562,0.0,1.1262856000466854,11.732141667152973,0.07355220001045382,1.6297181000409182,96,9.627362494019076e-08,9.810194205595035e-08
105,194,230,22080,0.45,0.5625,0.0,0,0,0,0,0,0,0.880617367957799,0.9653354939878073,1.0084178136060982,0.9653354939878073,1.0084178136060982,0,0.0,0,0.0,0.0,96,0,0,0,0.020487300032982603,0.21340937534356877,0.5421145000145771,5.647026041818511,0.5388607000350021,0.0,1.2575037000497105,13.098996875517818,0.08123549994343193,1.8201055000972701,96,2.0382917124972533e-08,4.0859121233985385e-08
105,195,231,22176,0.45,0.5625,0.0,0,0,0,0,0,0,0.7686368815666352,0.9656127587342855,1.009699241387609,0.9656127587342855,1.009699241387609,0,0.0,0,0.0,0.0,96,0,0,0,0.019180500050424598,0.19979687552525624,0.46044739996432327,4.7963270829617,0.45760429998335894,0.0,1.0748945000304957,11.196817708650997,0.07031199997436488,1.5545224000452436,96,1.9825840786788507e-08,7.226449025114767e-08
105,196,232,22272,0.45,0.5625,0.0,0,0,0,0,0,0,1.2313992914465062,0.9622392706357434,1.007784911232107,0.9622392706357434,1.007784911232107,0,0.0,0,0.0,0.0,96,0,0,0,0.020051400024385657,0.20886875025401727,0.5071477999881608,5.2827895832100085,0.5040790999992169,0.0,1.168550599948503,12.172402082796907,0.07689310002024285,1.6957497999610496,96,9.963674348252571e-08,9.124456940012848e-08
105,197,235,22560,0.45,0.5625,0.0,0,0,0,0,0,0,1.3417799624346156,0.9614726543192206,1.007096274384,0.9614726543192206,1.007096274384,0,0.0,0,0.0,0.0,96,0,0,0,0.020019700030388776,0.20853854198321642,0.5209432000629022,5.426491667321898,0.5177619000533014,0.0,1.2219053999579046,12.728181249561507,0.08007330002146773,1.7628683000511955,96,9.347631172579307e-08,9.653109457608e-08
105,198,236,22656,0.45,0.5625,0.0,0,0,0,0,0,0,1.2722748774690806,0.9617768806557679,1.0102869869339963,0.9617768806557679,1.0102869869339963,0,0.0,0,0.0,0.0,96,0,0,0,0.019882099964888766,0.20710520796759133,0.46960139999282546,4.8916812499252655,0.4666605000020354,0.0,1.0932982000158518,11.38852291683179,0.07100800000625895,1.582781699973566,96,9.243966256084618e-08,9.21592815256167e-08
105,199,237,22752,0.45,0.5625,0.0,0,0,0,0,0,0,0.9027682828973079,0.9654552064530675,1.0101269602387801,0.9654552064530675,1.0101269602387801,0,0.0,0,0.0,0.0,96,0,0,0,0.01886019999801647,0.1964604166460049,0.4511422999930801,4.699398958261251,0.4483161000025575,0.0,1.0617692000232637,11.060095833575664,0.06933620000927476,1.5317717000143602,96,2.3214057924200726e-08,9.291206188102863e-08
105,200,238,22848,0.45,0.5625,0.0,0,0,0,0,0,0,0.7897647135748292,0.9654748806658244,1.0097400386455084,0.9654748806658244,1.0097400386455084,0,0.0,0,0.0,0.0,96,0,0,0,0.01928029998089187,0.2008364581342903,0.4683566999519826,4.878715624499819,0.46545459996559657,0.0,1.1332095000034315,11.804265625035745,0.07644409999193158,1.620846499936306,96,2.1788733803318472e-08,6.952469155073471e-08
105,201,239,22944,0.45,0.5625,0.0,0,0,0,0,0,0,1.2760894722330203,0.9614874992518316,1.0102886392688066,0.9614874992518316,1.0102886392688066,0,0.0,0,0.0,0.0,96,0,0,0,0.02050849996157922,0.21363020793311685,0.5059785000266857,5.270609375277975,0.5027849000034621,0.0,1.1873847999668214,12.368591666321057,0.07639980000385549,1.7138717999550863,96,9.436713418499443e-08,9.40252365549954e-08
105,202,240,23040,0.45,0.5625,0.0,0,0,0,0,0,0,1.3599749331601416,0.9608571740143416,1.013380006616483,0.9608571740143416,1.013380006616483,0,0.0,0,0.0,0.0,96,0,0,0,0.019280499996966682,0.20083854163506962,0.48135720001300797,5.0141375001355,0.4783468000314315,0.0,1.1258708999521332,11.727821874501387,0.07337020005797967,1.6265085999621078,96,9.982549619390324e-08,9.28529877985973e-08
105,203,241,23136,0.45,0.5625,0.0,0,0,0,0,0,0,1.4112044215059165,0.9606655177385462,1.0080289469478345,0.9606655177385462,1.0080289469478345,0,0.0,0,0.0,0.0,96,0,0,0,0.02002639999409439,0.20860833327181658,0.4699487000325462,4.895298958672356,0.46687990004284075,0.0,1.0748736000386998,11.196600000403123,0.06912489995738724,1.5648487000653404,96,9.637999761995253e-08,9.827106572934952e-08
105,204,243,23328,0.45,0.5625,0.0,0,0,0,0,0,0,1.3633871531459973,0.9608789396828399,1.0009526659247596,0.9608789396828399,1.0009526659247596,0,0.0,0,0.0,0.0,96,0,0,0,0.019442300028458703,0.20252395862977815,0.48419500001182314,5.043697916789824,0.4812525999950594,0.0,1.1115346999285975,11.578486457589557,0.07390420003503095,1.6151719999688794,96,9.996597334638313e-08,9.97709016792303e-08
105,205,246,23616,0.45,0.5625,0.0,0,0,0,0,0,0,1.2874961785397974,0.9609811929130566,1.0103769180068163,0.9609811929130566,1.0103769180068163,0,0.0,0,0.0,0.0,96,0,0,0,0.018563699974038173,0.1933718747295643,0.4694588999991538,4.890196874991186,0.4665116000105627,0.0,1.0911679999699118,11.366333333019915,0.0723687000136124,1.5791905999431037,96,9.763732057230246e-08,9.230201509363711e-08
105,206,247,23712,0.45,0.5625,0.0,0,0,0,0,0,0,1.4046554810359464,0.9603475973546328,1.0077572498153433,0.9603475973546328,1.0077572498153433,0,0.0,0,0.0,0.0,96,0,0,0,0.018607500016514678,0.19382812517202788,0.431116599975212,4.490797916408458,0.4283743999330909,0.0,1.0146362999512348,10.56912812449203,0.06741470002452843,1.4643603999429615,96,9.916115131271275e-08,9.89499854275877e-08
105,207,248,23808,0.45,0.5625,0.0,0,0,0,0,0,0,1.5713274973528955,0.9592536718888652,1.0027396667131316,0.9592536718888652,1.0027396667131316,0,0.0,0,0.0,0.0,96,0,0,0,0.019083900020632427,0.1987906252149211,0.48342110001976835,5.035636458539254,0.48054470004717587,0.0,1.1184108999441378,11.65011354108477,0.07163959999888903,1.6209158999845386,96,9.464193134918475e-08,8.904974736767546e-08
105,208,249,23904,0.45,0.5625,0.0,0,0,0,0,0,0,1.4460319248297264,0.9603384318489341,1.0026224550213694,0.9603384318489341,1.0026224550213694,0,0.0,0,0.0,0.0,96,0,0,0,0.019185399993148167,0.1998479165952934,0.4848931000378798,5.050969792061248,0.48195939998549875,0.0,1.1175068999800715,11.640696874792411,0.07285120002052281,1.6215854000110994,96,9.586096161653956e-08,9.45145191277863e-08
105,209,250,24000,0.45,0.5625,0.0,0,0,0,0,0,0,1.548084055480362,0.9595485978469771,1.0005960535662575,0.9595485978469771,1.0005960535662575,0,0.0,0,0.0,0.0,96,0,0,0,0.018151799973566085,0.1890812497246467,0.4505646999532473,4.69338229117966,0.447791100035829,0.0,1.042346699963673,10.857778124621595,0.06811240001843544,1.5110631998904864,96,9.955464317507046e-08,9.692595857868636e-08
105,210,252,24192,0.45,0.5625,0.0,0,0,0,0,0,0,0.824752141453052,0.9649430572781432,1.0072699914613492,0.9649430572781432,1.0072699914613492,0,0.0,0,0.0,0.0,96,0,0,0,0.019748499966226518,0.20571354131485955,0.468248700039112,4.877590625407417,0.46524750001117354,0.0,1.110023299981549,11.562742708141135,0.07110490003105951,1.5980204999868874,96,3.697591466518546e-08,4.025014786745995e-08
105,211,253,24288,0.45,0.5625,0.0,0,0,0,0,0,0,1.5087342955349807,0.9595112448613531,1.002861607137554,0.9595112448613531,1.002861607137554,0,0.0,0,0.0,0.0,96,0,0,0,0.02164110001467634,0.22542812515287855,0.5734879999799887,5.973833333124882,0.570083699953102,0.0,1.3491508000879548,14.053654167582863,0.08762289998412598,1.9442799000826199,96,9.654853662215135e-08,9.455247501621855e-08
105,212,254,24384,0.45,0.5625,0.0,0,0,0,0,0,0,1.566188902550772,0.9591507498436443,1.0027833647783104,0.9591507498436443,1.0027833647783104,0,0.0,0,0.0,0.0,96,0,0,0,0.0188455999668804,0.1963083329883375,0.495325200005027,5.159637500052365,0.4923335000567022,0.0,1.1252571000441094,11.721428125459473,0.07258469999214867,1.6394279000160168,96,9.917237614454066e-08,9.420211347088703e-08
105,213,256,24576,0.45,0.5625,0.0,0,0,0,0,0,0,1.78192231348743,0.9583999106066599,1.0,0.9583999106066599,1.0,0,0.0,0,0.0,0.0,96,0,0,0,0.02161900002101902,0.22519791688561477,0.570630899972457,5.944071874713093,0.567164900006901,0.0,1.3293640000047162,13.847541666715793,0.0858625000109896,1.9216138999981922,96,9.575985356231886e-08,7.814853812682099e-08
105,214,257,24672,0.45,0.5625,0.0,0,0,0,0,0,0,1.4322767343991312,0.9598473145107477,1.0052058251735954,0.9598473145107477,1.0052058251735954,0,0.0,0,0.0,0.0,96,0,0,0,0.01823520000471035,0.18995000004906615,0.42194279998511774,4.395237499844977,0.41928100001678104,0.0,0.9925596999164554,10.339163540796411,0.06538920001185033,1.4327376999062835,96,9.48643300458657e-08,8.836440794357525e-08
105,215,258,24768,0.45,0.5625,0.0,0,0,0,0,0,0,0.9746749228207483,0.9645226479080347,1.004747289643816,0.9645226479080347,1.004747289643816,0,0.0,0,0.0,0.0,96,0,0,0,0.021583199973974843,0.2248249997289046,0.5061783000201103,5.272690625209482,0.5030255999736255,0.0,1.1379428999571246,11.853571874553381,0.07093690003239317,1.6657043999512098,96,5.6429020336631885e-08,5.291017290964817e-08
105,216,259,24864,0.45,0.5625,0.0,0,0,0,0,0,0,0.8433983224883667,0.9646671337725212,1.0091337292141591,0.9646671337725212,1.0091337292141591,0,0.0,0,0.0,0.0,96,0,0,0,0.018791399990732316,0.19574374990346163,0.4535118999774568,4.724082291431841,0.45067590001417557,0.0,1.0560616000220762,11.000641666896627,0.06946139998763101,1.5283648999902653,96,4.655921813888353e-08,5.45245418693413e-08
105,217,260,24960,0.45,0.5625,0.0,0,0,0,0,0,0,1.4768220875707794,0.9592373373981359,1.0042140027884288,0.9592373373981359,1.0042140027884288,0,0.0,0,0.0,0.0,96,0,0,0,0.02069290001236368,0.215551041795455,0.47439280000980943,4.941591666768848,0.4713223000144353,0.0,1.147809300062363,11.956346875649615,0.07337769998412114,1.6428950000845362,96,9.782593766299863e-08,9.499057367079455e-08
105,218,261,25056,0.45,0.5625,0.0,0,0,0,0,0,0,1.5592444875330262,0.9588142108978196,1.0028397331799939,0.9588142108978196,1.0028397331799939,0,0.0,0,0.0,0.0,96,0,0,0,0.02005010002903873,0.2088552086358201,0.45617789996322244,4.7518531246169005,0.4533212000023923,0.0,1.0571892999869306,11.012388541530527,0.06686820001050364,1.5334172999791917,96,9.598808004517012e-08,9.376175259812047e-08
105,219,262,25152,0.45,0.5625,0.0,0,0,0,0,0,0,1.6060213869799642,0.9588564312125573,1.0026739146396983,0.9588564312125573,1.0026739146396983,0,0.0,0,0.0,0.0,96,0,0,0,0.019392200018046424,0.2020020835213169,0.4506041999775334,4.693793749765973,0.44773269997676834,0.0,1.0654340999535634,11.098271874516286,0.06887550004466902,1.5354304999491433,96,9.87871020402542e-08,9.591197967784293e-08
105,220,263,25248,0.45,0.5625,0.0,0,0,0,0,0,0,1.4929021696135854,0.9590167276553349,1.0070718863335213,0.9590167276553349,1.0070718863335213,0,0.0,0,0.0,0.0,96,0,0,0,0.019465299999865238,0.2027635416652629,0.4474917000043206,4.661371875045006,0.44469050001498545,0.0,1.0508285000178148,10.946130208518904,0.06913860000349814,1.5177855000220006,96,9.715419687500448e-08,9.574909289045141e-08
105,221,264,25344,0.45,0.5625,0.0,0,0,0,0,0,0,1.4478952515780692,0.9597348851086911,1.0060352312238336,0.9597348851086911,1.0060352312238336,0,0.0,0,0.0,0.0,96,0,0,0,0.01932620001025498,0.20131458344015604,0.45162370001344243,4.704413541806692,0.4488407000317238,0.0,1.0312739999571932,10.742437499554095,0.06654080004955176,1.5022238999808906,96,9.696975315602596e-08,9.542635320824999e-08
105,222,265,25440,0.45,0.5625,0.0,0,0,0,0,0,0,1.0005236915199938,0.9640659368846657,1.00813396214576,0.9640659368846657,1.00813396214576,0,0.0,0,0.0,0.0,96,0,0,0,0.019969899985881057,0.20801979151959435,0.4792847999924561,4.992549999921418,0.4763348000124097,0.0,1.0824691999951028,11.275720833282321,0.06813440002588322,1.58172389997344,96,7.962729430682769e-08,6.450978230765347e-08
105,223,266,25536,0.45,0.5625,0.0,0,0,0,0,0,0,0.8975200622462872,0.9643292533556862,1.0056215207381172,0.9643292533556862,1.0056215207381172,0,0.0,0,0.0,0.0,96,0,0,0,0.02038090000860393,0.21230104175629094,0.5063001000453369,5.273959375472259,0.5031389000214403,0.0,1.1650427999848034,12.135862499841702,0.07536309999704827,1.6917238000387442,96,6.278086298223962e-08,5.654823477529991e-08
105,224,267,25632,0.45,0.5625,0.0,0,0,0,0,0,0,1.567817197483069,0.958680286595504,1.0032843894929917,0.958680286595504,1.0032843894929917,0,0.0,0,0.0,0.0,96,0,0,0,0.01876149993040599,0.19543229094172906,0.4261965000114287,4.439546875119049,0.42347170000721235,0.0,0.9978610999605735,10.394386457922641,0.06591670006309869,1.4428190999024082,96,9.899519954649494e-08,9.622316096691286e-08
105,225,269,25824,0.45,0.5625,0.0,0,0,0,0,0,0,1.6104946506977753,0.9580064278422603,1.005650579180613,0.9580064278422603,1.005650579180613,0,0.0,0,0.0,0.0,96,0,0,0,0.020025999991048593,0.20860416657342284,0.4595489000057569,4.786967708393301,0.45664550000219606,0.0,1.0936292000333196,11.391970833680412,0.07149699997535208,1.5732041000301251,96,9.501629058203398e-08,9.300397112166348e-08
105,226,270,25920,0.45,0.5625,0.0,0,0,0,0,0,0,1.6687325849496928,0.9579042590799245,1.0023891402890845,0.9579042590799245,1.0023891402890845,0,0.0,0,0.0,0.0,96,0,0,0,0.01984579992858926,0.20672708258947145,0.4669962000043597,4.864543750045414,0.46396179998555453,0.0,1.1093778999274946,11.556019790911401,0.07204360003379406,1.5962198998604435,96,9.955320856742944e-08,9.620176377733713e-08
105,227,272,26112,0.45,0.5625,0.0,0,0,0,0,0,0,1.060386196870678,0.963456367383008,1.0048950091331648,0.963456367383008,1.0048950091331648,0,0.0,0,0.0,0.0,96,0,0,0,0.019848300027661026,0.2067531252881357,0.45466449996456504,4.736088541297552,0.4517605000073672,0.0,1.061574000028486,11.058062500296728,0.06844319999800064,1.536086800020712,96,9.311228219878454e-08,6.962281792755043e-08
105,228,273,26208,0.45,0.5625,0.0,0,0,0,0,0,0,0.8651771271908417,0.9646118797281358,1.0057320952516886,0.9646118797281358,1.0057320952516886,0,0.0,0,0.0,0.0,96,0,0,0,0.018365600015386008,0.19130833349360424,0.4304809000605019,4.484176042296895,0.4278263999876799,0.0,0.9900463999292697,10.31298333259656,0.06442010001774179,1.4388929000051576,96,4.6057538798452424e-08,4.627074168261913e-08
105,229,274,26304,0.45,0.5625,0.0,0,0,0,0,0,0,1.4071612216644938,0.9601945684781046,1.0,0.9601945684781046,1.0,0,0.0,0,0.0,0.0,96,0,0,0,0.019232799953897484,0.20034166618643212,0.44172520001302473,4.601304166802341,0.43896210000821156,0.0,1.0273182999808341,10.701232291467022,0.06822000003012363,1.4882762999477563,96,9.973786468486616e-08,9.030100882323477e-08
105,230,275,26400,0.45,0.5625,0.0,0,0,0,0,0,0,1.0223744697996509,0.9631438578578557,1.0045830159393154,0.9631438578578557,1.0045830159393154,0,0.0,0,0.0,0.0,96,0,0,0,0.020571800021571107,0.21428958355803238,0.5090408000178286,5.3025083335190475,0.5059623999404721,0.0,1.1820532999554416,12.313055207869184,0.07809630002157064,1.7116658999948413,96,9.760342367659547e-08,7.029890405907402e-08
105,231,276,26496,0.45,0.5625,0.0,0,0,0,0,0,0,1.6897827371667313,0.9579061070991994,1.001386011694722,0.9579061070991994,1.001386011694722,0,0.0,0,0.0,0.0,96,0,0,0,0.02020490002905717,0.2104677086360122,0.46973229997820454,4.893044791439631,0.4668203000037465,0.0,1.1172879999576253,11.638416666225263,0.0741979000158608,1.607225199964887,96,9.94770658034605e-08,9.457558326764204e-08
105,232,278,26688,0.45,0.5625,0.0,0,0,0,0,0,0,1.7801385442550097,0.9580035953139384,1.0001926835417214,0.9580035953139384,1.0001926835417214,0,0.0,0,0.0,0.0,96,0,0,0,0.02108590002899291,0.21964479196867615,0.5081575000003795,5.29330729167062,0.5051207000724389,0.0,1.1608593000273686,12.09228437528509,0.07397429997217841,1.690102700056741,96,9.554905325281915e-08,9.13553521025845e-08
105,233,280,26880,0.45,0.5625,0.0,0,0,0,0,0,0,0.9940648837341879,0.9632741086346992,1.002034016145046,0.9632741086346992,1.002034016145046,0,0.0,0,0.0,0.0,96,0,0,0,0.020972399979655165,0.21846249978807464,0.49938209998072125,5.201896874799179,0.49619940004777163,0.0,1.1653769000113243,12.139342708451295,0.07573529995715944,1.6857313999717007,96,9.884459448855631e-08,7.402383130072909e-08
105,234,281,26976,0.45,0.5625,0.0,0,0,0,0,0,0,1.769645784040383,0.9571512892099518,1.001272921499348,0.9571512892099518,1.001272921499348,0,0.0,0,0.0,0.0,96,0,0,0,0.02141430003393907,0.223065625353532,0.4935602000041399,5.1412520833764574,0.49041100001340965,0.0,1.1670241000683745,12.1565010423789,0.07282050000503659,1.6819986001064535,96,9.719860668069846e-08,9.33883578801975e-08
105,235,283,27168,0.45,0.5625,0.0,0,0,0,0,0,0,1.9162262671372874,0.9565253914462809,1.0,0.9565253914462809,1.0,0,0.0,0,0.0,0.0,96,0,0,0,0.02071550000255229,0.2157864583599197,0.4741238999995403,4.938790624995211,0.4711520999771892,0.0,1.1359853000249132,11.833180208592845,0.07516659998509567,1.6308247000270057,96,7.934208364097917e-08,9.988157079199311e-08
105,236,286,27456,0.45,0.5625,0.0,0,0,0,0,0,0,1.0958285750766177,0.962322781670077,1.0078897457020952,0.962322781670077,1.0078897457020952,0,0.0,0,0.0,0.0,96,0,0,0,0.021653700001479592,0.22555937501541243,0.5003886000340572,5.212381250354762,0.49726030000601895,0.0,1.1406719000151497,11.881998958491144,0.0756548999925144,1.6627142000506865,96,8.069967022752977e-08,6.664874437067869e-08
105,237,288,27648,0.45,0.5625,0.0,0,0,0,0,0,0,1.608796943444111,0.9574258505915879,1.007234275344587,0.9574258505915879,1.007234275344587,0,0.0,0,0.0,0.0,96,0,0,0,0.020943799965607468,0.2181645829750778,0.5079116999986582,5.290746874986023,0.5047666000245954,0.0,1.1458368000676273,11.935800000704452,0.07508779997442616,1.674692300031893,96,9.15382627943856e-08,9.235025438814048e-08
105,238,290,27840,0.45,0.5625,0.0,0,0,0,0,0,0,1.763658582339336,0.9561819873663269,1.0052324363085454,0.9561819873663269,1.0052324363085454,0,0.0,0,0.0,0.0,96,0,0,0,0.021343199950933922,0.22232499948889503,0.49578780002048006,5.164456250213334,0.49240809996263124,0.0,1.1480152000731323,11.958491667428461,0.07448809996276395,1.6651462000445463,96,9.558693480835045e-08,9.844771137190733e-08
105,239,292,28032,0.45,0.5625,0.0,0,0,0,0,0,0,1.8705555040128214,0.9570363039354112,1.0006129459508628,0.9570363039354112,1.0006129459508628,0,0.0,0,0.0,0.0,96,0,0,0,0.02045279998856131,0.21304999988084697,0.47688149997702567,4.967515624760684,0.47397240003192564,0.0,1.0922209000200382,11.377301041875398,0.06958799998392351,1.5895551999856252,96,9.512814391245128e-08,9.531629388548346e-08
105,240,294,28224,0.45,0.5625,0.0,0,0,0,0,0,0,1.0630789909757388,0.962844175530983,1.0001679403899717,0.962844175530983,1.0001679403899717,0,0.0,0,0.0,0.0,96,0,0,0,0.021396099997218698,0.22287604163769478,0.510797899994941,5.320811458280635,0.5075983999558957,0.0,1.1592281999983243,12.075293749982544,0.07652650000090944,1.691422199990484,96,9.720176697390615e-08,7.105609600710494e-08
105,241,295,28320,0.45,0.5625,0.0,0,0,0,0,0,0,2.076486963554143,0.956467565628238,1.0,0.956467565628238,1.0,0,0.0,0,0.0,0.0,96,0,0,0,0.020385499963595066,0.21234895795411526,0.5079164999551722,5.290796874533044,0.5048303999719792,0.0,1.1898476999340346,12.394246874312861,0.07899270007328596,1.7181496998528019,96,9.11831692703563e-08,9.732683464713787e-08
105,242,297,28512,0.45,0.5625,0.0,0,0,0,0,0,0,2.0656859314555533,0.9559936023270558,1.0,0.9559936023270558,1.0,0,0.0,0,0.0,0.0,96,0,0,0,0.02065400004357798,0.21514583378727062,0.4753000000055181,4.951041666724147,0.47226559997943696,0.0,1.1207592000355362,11.674575000370169,0.07302999999228632,1.6167132000846323,96,8.714447988743268e-08,9.835825182102909e-08
105,243,298,28608,0.45,0.5625,0.0,0,0,0,0,0,0,1.9731242666351725,0.9562385065949244,1.0,0.9562385065949244,1.0,0,0.0,0,0.0,0.0,96,0,0,0,0.021824699993885588,0.22734062493630822,0.5138558999678935,5.3526656246655575,0.5106562999862945,0.0,1.1522784999615396,12.002901041266037,0.07259140004316578,1.6879590999233187,96,7.511414950971129e-08,9.755537336286757e-08
105,244,300,28800,0.45,0.5625,0.0,0,0,0,0,0,0,1.3780678894788656,0.9614762645507338,1.0,0.9614762645507338,1.0,0,0.0,0,0.0,0.0,96,0,0,0,0.02110990002984181,0.21989479197751885,0.5110891000658739,5.323844792352854,0.50790770000458,0.0,1.1595173000532668,12.078305208888196,0.07381689994508633,1.6917163001489826,96,9.646694407693113e-08,7.696808884682937e-08
105,245,302,28992,0.45,0.5625,0.0,0,0,0,0,0,0,1.4224565492675696,0.9594025887337634,1.0028919613499623,0.9594025887337634,1.0028919613499623,0,0.0,0,0.0,0.0,96,0,0,0,0.02073699994070921,0.21601041604905427,0.4800747000335832,5.000778125349825,0.477060800025356,0.0,1.107008000035421,11.531333333702301,0.07118789997912245,1.6078197000097134,96,9.219159766539822e-08,8.709938915940629e-08
105,246,303,29088,0.45,0.5625,0.0,0,0,0,0,0,0,1.1253235148350782,0.9627424741223793,1.001924436991277,0.9627424741223793,1.001924436991277,0,0.0,0,0.0,0.0,96,0,0,0,0.021172199987631757,0.22054374987116412,0.482035499997437,5.021203124973302,0.4789983000300708,0.0,1.1458112999753212,11.935534374742929,0.07388610000634799,1.64901899996039,96,9.831950712781146e-08,7.555000333669959e-08
105,247,304,29184,0.45,0.5625,0.0,0,0,0,0,0,0,1.563984437783742,0.957661366080957,1.0,0.957661366080957,1.0,0,0.0,0,0.0,0.0,96,0,0,0,0.02022019999276381,0.21062708325795634,0.5158599000205868,5.373540625214446,0.5126272999987123,0.0,1.1938631000302848,12.4360739586488,0.07769849999021972,1.7299432000436354,96,9.771369835660793e-08,9.762568288496087e-08
105,248,305,29280,0.45,0.5625,0.0,0,0,0,0,0,0,1.9165562462409,0.9567499841404979,1.0004155980895901,0.9567499841404979,1.0004155980895901,0,0.0,0,0.0,0.0,96,0,0,0,0.021927199959463906,0.22840833291108234,0.5541894999696524,5.772807291350546,0.5507388000405626,0.0,1.2891267999148113,13.428404165779284,0.08170570005313493,1.8652434998439276,96,7.956134985206975e-08,9.93226269285774e-08
105,249,306,29376,0.45,0.5625,0.0,0,0,0,0,0,0,1.8610876018919873,0.9569520410975937,1.0,0.9569520410975937,1.0,0,0.0,0,0.0,0.0,96,0,0,0,0.01961959999607643,0.20437083329246283,0.4993072000288521,5.201116666967209,0.49631009993026964,0.0,1.1257396999644698,11.726455207963227,0.0734486000292236,1.6446664999893983,96,9.32979139518092e-08,9.735193415294496e-08
105,250,307,29472,0.45,0.5625,0.0,0,0,0,0,0,0,1.3209539644361357,0.9602855902880332,1.0015651706184754,0.9602855902880332,1.0015651706184754,0,0.0,0,0.0,0.0,96,0,0,0,0.019581199972890317,0.2039708330509408,0.48131340005784295,5.013681250602531,0.4782805999566335,0.0,1.101213999943866,11.470979166081937,0.07199550003861077,1.6021085999745992,96,9.32143443422434e-08,6.832580619342554e-08
105,251,309,29664,0.45,0.5625,0.0,0,0,0,0,0,0,2.0651454508381537,0.9552899761155444,1.0,0.9552899761155444,1.0,0,0.0,0,0.0,0.0,96,0,0,0,0.01981560002604965,0.20641250027135052,0.4903685000172118,5.108005208512623,0.48733059999358375,0.0,1.1360077999779605,11.833414583103755,0.07369550001749303,1.646191900021222,96,8.561431260982466e-08,9.63090279748613e-08
105,252,310,29760,0.45,0.5625,0.0,0,0,0,0,0,0,2.2905657003552045,0.9547437821793693,1.0,0.9547437821793693,1.0,0,0.0,0,0.0,0.0,96,0,0,0,0.019383999991987366,0.20191666658320173,0.4772059000461013,4.970894792146889,0.4742600999525166,0.0,1.0781657999978052,11.230893749977136,0.06860180001240224,1.5747557000358938,96,9.698388031033345e-08,9.895487748656784e-08
105,253,312,29952,0.45,0.5625,0.0,0,0,0,0,0,0,2.3653581619896142,0.9549729204139333,1.0,0.9549729204139333,1.0,0,0.0,0,0.0,0.0,96,0,0,0,0.018563500037998892,0.19336979206248847,0.4570783000162919,4.761232291836374,0.454167200034135,0.0,1.0842710999568226,11.294490624550235,0.07241780002368614,1.5599129000111134,96,8.918237901639481e-08,9.917039078821688e-08
105,254,313,30048,0.45,0.5625,0.0,0,0,0,0,0,0,2.4263662449269265,0.9547672091823693,1.0,0.9547672091823693,1.0,0,0.0,0,0.0,0.0,96,0,0,0,0.020946600030583795,0.2181937503185812,0.5413781999886851,5.639356249882137,0.538113800008432,0.0,1.28066569994553,13.340267707765937,0.08154440004727803,1.8429904999647988,96,9.517736154762702e-08,8.310024474100786e-08
105,255,314,30144,0.45,0.5625,0.0,0,0,0,0,0,0,1.5889092033769985,0.9602660441262201,1.0,0.9602660441262201,1.0,0,0.0,0,0.0,0.0,96,0,0,0,0.019484399970679078,0.20296249969457372,0.4754419000382768,4.952519792065384,0.47240269996837014,0.0,1.1384106999175856,11.858444790808184,0.07445580003695795,1.6333369999265415,96,9.604567946519538e-08,8.876202710339509e-08
105,256,315,30240,0.45,0.5625,0.0,0,0,0,0,0,0,1.333248669172929,0.9614321778137908,1.0,0.9614321778137908,1.0,0,0.0,0,0.0,0.0,96,0,0,0,0.020681800015154295,0.2154354168245239,0.5235662999766646,5.453815624756923,0.5203403999767033,0.0,1.2186144999941462,12.69390104160569,0.08012340001005214,1.762862599985965,96,8.782678373626951e-08,6.819431214166727e-08
105,257,316,30336,0.45,0.5625,0.0,0,0,0,0,0,0,2.209910897470942,0.9548398104563216,1.0,0.9548398104563216,1.0,0,0.0,0,0.0,0.0,96,0,0,0,0.02019259997177869,0.21033958303936137,0.5067267000340507,5.2784031253546955,0.5036571000237018,0.0,1.1777153000439284,12.267867708790922,0.07722169999760808,1.7046346000497579,96,8.656560571661254e-08,9.660363606278644e-08
105,258,317,30432,0.45,0.5625,0.0,0,0,0,0,0,0,2.3008335315267208,0.9543702273455958,1.0,0.9543702273455958,1.0,0,0.0,0,0.0,0.0,96,0,0,0,0.019599400024162605,0.20416041691836048,0.48908309997204924,5.0946156247088465,0.48599360000662273,0.0,1.125126899976749,11.720071874757801,0.07270449998031836,1.6338093999729608,96,9.259953585166736e-08,9.812899159911126e-08
105,259,320,30720,0.45,0.5625,0.0,0,0,0,0,0,0,2.269596180309197,0.9551635798168654,1.0,0.9551635798168654,1.0,0,0.0,0,0.0,0.0,96,0,0,0,0.01923230003740173,0.20033645872293468,0.47258760000840994,4.922787500087604,0.4697173000240582,0.0,1.10522720006702,11.51278333403146,0.07230929993238533,1.5970471001128317,96,9.972048620882079e-08,9.890897462172532e-08
105,260,321,30816,0.45,0.5625,0.0,0,0,0,0,0,0,1.6569163948773247,0.9592353670466925,1.0,0.9592353670466925,1.0,0,0.0,0,0.0,0.0,96,0,0,0,0.01863400000729598,0.19410416674266648,0.45165390003239736,4.704728125337472,0.44874880000861594,0.0,1.0292756999697303,10.721621874684692,0.06717840003693709,1.4995636000094237,96,8.907315916101277e-08,7.056586426301692e-08
105,261,322,30912,0.45,0.5625,0.0,0,0,0,0,0,0,1.307044330715565,0.9611417328285708,1.0,0.9611417328285708,1.0,0,0.0,0,0.0,0.0,96,0,0,0,0.01994060001015896,0.20771458343915583,0.4851452000439167,5.053595833790799,0.48220639997452963,0.0,1.1005800999992061,11.464376041658397,0.07192190000205301,1.6056659000532818,96,9.724880613466713e-08,7.394659627679712e-08
105,262,323,31008,0.45,0.5625,0.0,0,0,0,0,0,0,2.507746926517479,0.9542132840959767,1.0,0.9542132840959767,1.0,0,0.0,0,0.0,0.0,96,0,0,0,0.021060300001408905,0.2193781250146761,0.5333448999954271,5.555676041619033,0.5301368999935221,0.0,1.217485899964231,12.682144791294073,0.07932760001858696,1.771891099961067,96,9.186827616344817e-08,9.744694426383482e-08
105,263,324,31104,0.45,0.5625,0.0,0,0,0,0,0,0,2.5414732556506343,0.9541545946906597,1.0,0.9541545946906597,1.0,0,0.0,0,0.0,0.0,96,0,0,0,0.01973609999549808,0.205584374953105,0.5153829000119003,5.368571875123962,0.5122654000224429,0.0,1.1838534000198706,12.331806250206986,0.07495580000977498,1.718972400027269,96,7.717689375595638e-08,8.422019900922173e-08
105,264,325,31200,0.45,0.5625,0.0,0,0,0,0,0,0,2.2739501231612906,0.95415323952701,1.0,0.95415323952701,1.0,0,0.0,0,0.0,0.0,96,0,0,0,0.02215349999460159,0.23076562494376654,0.5716012000411865,5.954179167095693,0.5680170999839902,0.0,1.3365132000399171,13.922012500415804,0.08818289999908302,1.9302679000757053,96,9.390853691892964e-08,9.501148937052228e-08
105,265,326,31296,0.45,0.5625,0.0,0,0,0,0,0,0,2.4099833317011514,0.9534908213734847,1.0,0.9534908213734847,1.0,0,0.0,0,0.0,0.0,96,0,0,0,0.019943700041039847,0.2077468754274984,0.4924394999834476,5.129578124827579,0.4894763000047533,0.0,1.137751300004311,11.851576041711573,0.07530009996844456,1.6501345000287984,96,9.819450013520692e-08,8.820479763249622e-08
105,266,327,31392,0.45,0.5625,0.0,0,0,0,0,0,0,2.30009273724954,0.9548381232349787,1.0,0.9548381232349787,1.0,0,0.0,0,0.0,0.0,96,0,0,0,0.01999379994958872,0.2082687494748825,0.4943331999820657,5.149304166479851,0.4913336999816238,0.0,1.1646418000018457,12.131685416685892,0.07535410000855336,1.6789687999335001,96,9.305490728667154e-08,9.825650890138427e-08
105,267,328,31488,0.45,0.5625,0.0,0,0,0,0,0,0,1.649434755533882,0.9593981809460542,1.0,0.9593981809460542,1.0,0,0.0,0,0.0,0.0,96,0,0,0,0.018831600005796645,0.19616250006038172,0.43771660001948476,4.559547916869633,0.43501370003650663,0.0,1.011221700020542,10.533559375213978,0.06567699999141041,1.4677699000458233,96,9.66106121665089e-08,7.502854934560155e-08
105,268,331,31776,0.45,0.5625,0.0,0,0,0,0,0,0,2.669812331358889,0.9536202282862776,1.0,0.9536202282862776,1.0,0,0.0,0,0.0,0.0,96,0,0,0,0.021031299991591368,0.21907604157907676,0.5875082000129623,6.119877083468357,0.5840211999675375,0.0,1.343285500021011,13.992557291885532,0.08848309998575132,1.9518250000255648,96,8.802960362389034e-08,9.971450110057845e-08
105,269,332,31872,0.45,0.5625,0.0,0,0,0,0,0,0,2.478081914966463,0.954527498933863,1.0,0.954527498933863,1.0,0,0.0,0,0.0,0.0,96,0,0,0,0.020048399972438347,0.20883749971289944,0.5027097999700345,5.236560416354526,0.4995927000272786,0.0,1.1591456000023754,12.074433333358078,0.07389290002902271,1.6819037999448483,96,8.914076424920703e-08,9.595834238318446e-08
105,270,333,31968,0.45,0.5625,0.0,0,0,0,0,0,0,2.594765867659766,0.9541719922130889,1.0,0.9541719922130889,1.0,0,0.0,0,0.0,0.0,96,0,0,0,0.019267899995611515,0.20070729162095327,0.4619154999527382,4.811619791174356,0.45906519998970907,0.0,1.0724786000064341,11.171652083400355,0.06824059998325538,1.5536619999547838,96,9.824393730831216e-08,9.899709607630314e-08
105,271,334,32064,0.45,0.5625,0.0,0,0,0,0,0,0,2.423806282713815,0.9554929392528675,1.0,0.9554929392528675,1.0,0,0.0,0,0.0,0.0,96,0,0,0,0.018661499991139863,0.1943906249077069,0.46311969999806024,4.8241635416464606,0.46024059999763267,0.0,1.0754100999620277,11.202188541271122,0.06855309999809833,1.5571912999512278,96,9.186966108860883e-08,9.879190215889011e-08
105,272,335,32160,0.45,0.5625,0.0,0,0,0,0,0,0,1.7278439688443952,0.9595698746219619,1.0,0.9595698746219619,1.0,0,0.0,0,0.0,0.0,96,0,0,0,0.02112959999794839,0.22009999997862906,0.5722287999888067,5.96071666655007,0.568735100030608,0.0,1.336351799982367,13.920331249816323,0.08763390000967775,1.9297101999691222,96,9.388948098154604e-08,7.218342028270097e-08
105,273,336,32256,0.45,0.5625,0.0,0,0,0,0,0,0,1.565397472704029,0.960133586514609,1.0,0.960133586514609,1.0,0,0.0,0,0.0,0.0,96,0,0,0,0.01919220005220268,0.19991875054377792,0.4728590999802691,4.92561562479447,0.469933000022138,0.0,1.0852851999006816,11.3050541656321,0.0718623000648222,1.5773364999331534,96,8.864969989422905e-08,8.655668494450541e-08
105,274,337,32352,0.45,0.5625,0.0,0,0,0,0,0,0,2.790955283493458,0.9533443059822292,1.0,0.9533443059822292,1.0,0,0.0,0,0.0,0.0,96,0,0,0,0.019117599993478507,0.19914166659873445,0.4786738000038895,4.986185416707182,0.4756383000203641,0.0,1.1157072000132757,11.62195000013829,0.07398670001566643,1.6134986000106437,96,9.673266905367572e-08,9.716648083357704e-08
105,275,338,32448,0.45,0.5625,0.0,0,0,0,0,0,0,2.8456760179138914,0.9527056853330597,1.0,0.9527056853330597,1.0,0,0.0,0,0.0,0.0,96,0,0,0,0.020903099997667596,0.21774062497570412,0.5502517000059015,5.7317885417281405,0.5469932999985758,0.0,1.2974158000215539,13.514747916891187,0.08406359996297397,1.868570600025123,96,9.32523147242903e-08,9.790226324080109e-08
105,276,339,32544,0.45,0.5625,0.0,0,0,0,0,0,0,2.833345731178906,0.9533923222838006,1.0,0.9533923222838006,1.0,0,0.0,0,0.0,0.0,96,0,0,0,0.020666199998231605,0.21527291664824588,0.5547733999992488,5.778889583325508,0.5514992999887909,0.0,1.2987762999764527,13.528919791421382,0.08453100003680447,1.8742158999739331,96,9.623347481738098e-08,9.511645318593942e-08
105,277,340,32640,0.45,0.5625,0.0,0,0,0,0,0,0,2.586180005090844,0.9527784131132719,1.0,0.9527784131132719,1.0,0,0.0,0,0.0,0.0,96,0,0,0,0.02025530000537401,0.2109927083893126,0.5396806999924593,5.621673958254784,0.5364691999784554,0.0,1.246843499931856,12.987953124290167,0.08041190006042598,1.8067794999296893,96,9.015507155055169e-08,9.485428859035139e-08
105,278,343,32928,0.45,0.5625,0.0,0,0,0,0,0,0,1.5686531830918657,0.9599799015348275,1.0,0.9599799015348275,1.0,0,0.0,0,0.0,0.0,96,0,0,0,0.019683300000906456,0.20503437500944224,0.4888237999912235,5.091914583241912,0.48584849996404955,0.0,1.1585952000605175,12.068700000630392,0.07578739996824879,1.6671023000526475,96,9.996895282936291e-08,8.454067751406669e-08
105,279,344,33024,0.45,0.5625,0.0,0,0,0,0,0,0,2.7848854056816177,0.9531228011885267,1.0,0.9531228011885267,1.0,0,0.0,0,0.0,0.0,96,0,0,0,0.021809199992276262,0.22717916658621107,0.5647430000390159,5.882739583739749,0.5611728999647312,0.0,1.301072700014629,13.552840625152385,0.08564420000766404,1.887624900045921,96,9.04319582238633e-08,9.438652109894363e-08
105,280,345,33120,0.45,0.5625,0.0,0,0,0,0,0,0,2.8531068553726477,0.9530400716831341,1.0,0.9530400716831341,1.0,0,0.0,0,0.0,0.0,96,0,0,0,0.021442700031911954,0.22336145866574952,0.5590003999386681,5.82292083269446,0.5554731000011088,0.0,1.3729900999824167,14.301980208150175,0.08929320002789609,1.9534331999529968,96,9.265543584116576e-08,9.011718704599048e-08
105,281,346,33216,0.45,0.5625,0.0,0,0,0,0,0,0,2.689716595927718,0.9521235025564225,1.0,0.9521235025564225,1.0,0,0.0,0,0.0,0.0,96,0,0,0,0.01882299991120817,0.19607291574175179,0.4858500000045751,5.0609375000476575,0.482845799982897,0.0,1.105293500062544,11.513473958984832,0.0714560999913374,1.6099664999783272,96,9.189152215191565e-08,9.57665619027992e-08
105,282,347,33312,0.45,0.5625,0.0,0,0,0,0,0,0,2.789233710343682,0.9527111698824732,1.0,0.9527111698824732,1.0,0,0.0,0,0.0,0.0,96,0,0,0,0.020024600031320006,0.20858958365958338,0.5094900000185589,5.307187500193322,0.5063694000418764,0.0,1.1737284000118962,12.226337500123918,0.07444349997240352,1.703243000061775,96,9.853173880101929e-08,9.977031215080423e-08
105,283,348,33408,0.45,0.5625,0.0,0,0,0,0,0,0,2.4326444555092306,0.954705518167855,1.0,0.954705518167855,1.0,0,0.0,0,0.0,0.0,96,0,0,0,0.0194395999860717,0.20249583318824685,0.47998600002756575,4.99985416695381,0.47703439998440444,0.0,1.1247798000476905,11.716456250496776,0.07378360000438988,1.624205400061328,96,9.591193715977053e-08,9.50941184130194e-08
105,284,349,33504,0.45,0.5625,0.0,0,0,0,0,0,0,1.7261262841398455,0.9592912944826071,1.0,0.9592912944826071,1.0,0,0.0,0,0.0,0.0,96,0,0,0,0.019020699961401988,0.19813229126460405,0.45164269999804674,4.7046114583129865,0.4489027000454371,0.0,1.0464340000107768,10.900354166778925,0.06707699999969918,1.5170973999702255,96,9.819155081906839e-08,9.703819470185948e-08
105,285,351,33696,0.45,0.5625,0.0,0,0,0,0,0,0,2.532703690364887,0.9542639244649427,1.0,0.9542639244649427,1.0,0,0.0,0,0.0,0.0,96,0,0,0,0.01927439999417402,0.2007749999393127,0.48987110002781264,5.102823958623048,0.4868227999904775,0.0,1.1548512000299525,12.029700000312005,0.0747432999778539,1.6639967000519391,96,8.07497225856213e-08,9.932360239828242e-08
105,286,352,33792,0.45,0.5625,0.0,0,0,0,0,0,0,2.578820102386894,0.954599672640048,1.0,0.954599672640048,1.0,0,0.0,0,0.0,0.0,96,0,0,0,0.019503899988194462,0.20316562487702564,0.5023383000079775,5.232690625083099,0.4991011999809416,0.0,1.1906100999040063,12.402188540666733,0.07777890007128008,1.7124522999001783,96,8.823857139753088e-08,9.527701502753949e-08
105,287,353,33888,0.45,0.5625,0.0,0,0,0,0,0,0,2.4384455697596836,0.9552922293163494,1.0,0.9552922293163494,1.0,0,0.0,0,0.0,0.0,96,0,0,0,0.019290899945190176,0.20094687442906434,0.46556139999302104,4.849597916593969,0.46266960007778835,0.0,1.0886014000352588,11.339597917033947,0.0726259999719332,1.57345369997347,96,9.937235681024836e-08,9.631631936457552e-08
105,288,354,33984,0.45,0.5625,0.0,0,0,0,0,0,0,2.322441834691223,0.9563133028928421,1.0,0.9563133028928421,1.0,0,0.0,0,0.0,0.0,96,0,0,0,0.018783500010613352,0.19566145844388907,0.4644447999744443,4.837966666400462,0.4616012000478804,0.0,1.0845442000354524,11.297335417035962,0.0699148999992758,1.56777250002051,96,9.865171840886533e-08,9.948378870694441e-08
105,289,355,34080,0.45,0.5625,0.0,0,0,0,0,0,0,1.925102023657885,0.9586161643614713,1.0,0.9586161643614713,1.0,0,0.0,0,0.0,0.0,96,0,0,0,0.01931239996338263,0.2011708329519024,0.48995449998619733,5.103692708189556,0.4869740000140155,0.0,1.142937600008736,11.905600000090999,0.07537100002082298,1.6522044999583159,96,8.654190247238402e-08,7.067933016635664e-08
105,290,356,34176,0.45,0.5625,0.0,0,0,0,0,0,0,1.4201156946847378,0.9609374450840373,1.0,0.9609374450840373,1.0,0,0.0,0,0.0,0.0,96,0,0,0,0.020908900027279742,0.21780104195083064,0.5443077999661909,5.669872916314489,0.5410507000196958,0.0,1.251239400000486,13.033743750005064,0.08008319998771185,1.8164560999939567,96,8.965667949376033e-08,8.184171167158194e-08
105,291,357,34272,0.45,0.5625,0.0,0,0,0,0,0,0,1.09047243023568,0.9642526083240479,1.0,0.9642526083240479,1.0,0,0.0,0,0.0,0.0,96,0,0,0,0.019755299974349327,0.2057843747328055,0.49359820000245236,5.141647916692212,0.4906104000110645,0.0,1.1599314000050072,12.082618750052157,0.07341290001932066,1.6732848999818088,96,6.653737496739587e-08,5.7879572454289097e-08
105,292,358,34368,0.45,0.5625,0.0,0,0,0,0,0,0,1.0198712151932388,0.964821686406738,1.0,0.964821686406738,1.0,0,0.0,0,0.0,0.0,96,0,0,0,0.01817950003169244,0.18936979199679627,0.4509993999963626,4.697910416628777,0.4482598999311449,0.0,1.0626811000693124,11.06959479238867,0.06945699999050703,1.5318600000973674,96,4.218919937362675e-08,4.357519893527506e-08
105,293,359,34464,0.45,0.5625,0.0,0,0,0,0,0,0,1.0292145012666176,0.9645719207935723,1.0,0.9645719207935723,1.0,0,0.0,0,0.0,0.0,96,0,0,0,0.021073099982459098,0.2195114581506156,0.5531507000268903,5.76198645861344,0.5498935999712558,0.0,1.2856260999833466,13.391938541493195,0.08519230003003031,1.859849899992696,96,5.582281919699894e-08,5.24057366252384e-08
105,294,360,34560,0.45,0.5625,0.0,0,0,0,0,0,0,1.4257648086956867,0.9605099892485501,1.0,0.9605099892485501,1.0,0,0.0,0,0.0,0.0,96,0,0,0,0.019882999993569683,0.20711458326635088,0.49809529995400226,5.1884927078541905,0.4950397000211524,0.0,1.1756775999310776,12.246641665948724,0.07685020000644727,1.6936558998786495,96,9.385403322570429e-08,7.658863925008585e-08
105,295,361,34656,0.45,0.5625,0.0,0,0,0,0,0,0,1.5228713876123277,0.9602892840324032,1.0,0.9602892840324032,1.0,0,0.0,0,0.0,0.0,96,0,0,0,0.020387999997183215,0.21237499997065848,0.49460890001500957,5.152176041823016,0.491536699970311,0.0,1.140051000067615,11.875531250704322,0.07392169996455777,1.6550479000798077,96,9.557098057388913e-08,9.577591449094758e-08
105,296,362,34752,0.45,0.5625,0.0,0,0,0,0,0,0,1.4133834236427782,0.9600038545118492,1.0,0.9600038545118492,1.0,0,0.0,0,0.0,0.0,96,0,0,0,0.021536800035391934,0.22434166703533265,0.5579777000384638,5.812267708733998,0.5546291999926325,0.0,1.2799718999303877,13.333040624274872,0.08414420005283318,1.8594864000042435,96,9.546503203401724e-08,7.646323060828131e-08
105,297,363,34848,0.45,0.5625,0.0,0,0,0,0,0,0,1.2788948697345894,0.9622078162053772,1.0,0.9622078162053772,1.0,0,0.0,0,0.0,0.0,96,0,0,0,0.018225600048026536,0.18985000050027642,0.4405065999890212,4.588610416552304,0.4377582000088296,0.0,1.0193431999796303,10.61815833312115,0.06564840002101846,1.478075400016678,96,9.240293172112224e-08,7.123047547630268e-08
105,298,364,34944,0.45,0.5625,0.0,0,0,0,0,0,0,1.0164220645646915,0.9636893802287457,1.0,0.9636893802287457,1.0,0,0.0,0,0.0,0.0,96,0,0,0,0.019227199962188024,0.20028333293945857,0.45312899998680223,4.7200937498625235,0.4502320999818039,0.0,1.0818424999743002,11.269192708065626,0.07160420001309831,1.5541986999232904,96,9.557414419776589e-08,7.159180782922991e-08
