candidate_id,scenario_index,day_index,t0,pv_s_scale,svc_q_scale,cap_total_mvar,risk,under_risk,over_risk,under_steps,over_steps,pf_fail,daily_loss_mwh,vmin,vmax,raw_vmin,raw_vmax,intervention_steps,intervention_rate,projection_failures,mean_correction_norm,max_correction_norm,power_flow_previews
2000,1,2,192,0.7,0.7,0.0,1,1,0,2,0,0,0.8401033617717364,0.9480273399123486,1.0321205823335091,0.9480273399123486,1.0321205823335091,0,0.0,0,0.0,0.0,0
2000,2,4,384,0.7,0.7,0.0,0,0,0,0,0,0,0.8311654935920104,0.9536703579375568,1.0260201373937097,0.9536703579375568,1.0260201373937097,0,0.0,0,0.0,0.0,0
2000,3,6,576,0.7,0.7,0.0,0,0,0,0,0,0,0.8527008987222081,0.952012638994968,1.0279785538666724,0.952012638994968,1.0279785538666724,0,0.0,0,0.0,0.0,0
2000,4,7,672,0.7,0.7,0.0,0,0,0,0,0,0,0.8530976292232471,0.9517563115985084,1.0313971683113288,0.9517563115985084,1.0313971683113288,0,0.0,0,0.0,0.0,0
2000,5,10,960,0.7,0.7,0.0,0,0,0,0,0,0,0.8296865840984778,0.9527304833027094,1.0233590614990915,0.9527304833027094,1.0233590614990915,0,0.0,0,0.0,0.0,0
2000,6,13,1248,0.7,0.7,0.0,1,1,0,1,0,0,0.8531348294298464,0.949815795924112,1.0334879519704658,0.949815795924112,1.0334879519704658,0,0.0,0,0.0,0.0,0
2000,7,16,1536,0.7,0.7,0.0,0,0,0,0,0,0,0.853177135695641,0.9500741241814308,1.0340125172804226,0.9500741241814308,1.0340125172804226,0,0.0,0,0.0,0.0,0
2000,8,17,1632,0.7,0.7,0.0,0,0,0,0,0,0,0.8355497622731495,0.9553001388898962,1.0329290108492322,0.9553001388898962,1.0329290108492322,0,0.0,0,0.0,0.0,0
2000,9,20,1920,0.7,0.7,0.0,0,0,0,0,0,0,0.8224099885482464,0.952720041664579,1.0300137805063134,0.952720041664579,1.0300137805063134,0,0.0,0,0.0,0.0,0
2000,10,22,2112,0.7,0.7,0.0,0,0,0,0,0,0,0.8467039519889373,0.9542496264194288,1.036468500720416,0.9542496264194288,1.036468500720416,0,0.0,0,0.0,0.0,0
2000,11,23,2208,0.7,0.7,0.0,0,0,0,0,0,0,0.8293615555928928,0.9535357049588824,1.03098229577185,0.9535357049588824,1.03098229577185,0,0.0,0,0.0,0.0,0
2000,12,25,2400,0.7,0.7,0.0,0,0,0,0,0,0,0.8221166845780593,0.953552777444074,1.0263415734715675,0.953552777444074,1.0263415734715675,0,0.0,0,0.0,0.0,0
2000,13,26,2496,0.7,0.7,0.0,0,0,0,0,0,0,0.8455904049131111,0.9537936820304476,1.03117413334625,0.9537936820304476,1.03117413334625,0,0.0,0,0.0,0.0,0
2000,14,29,2784,0.7,0.7,0.0,0,0,0,0,0,0,0.8396651307529545,0.9523941606341048,1.024212729627432,0.9523941606341048,1.024212729627432,0,0.0,0,0.0,0.0,0
2000,15,30,2880,0.7,0.7,0.0,0,0,0,0,0,0,0.8360391653691032,0.9520729566721816,1.028195244834212,0.9520729566721816,1.028195244834212,0,0.0,0,0.0,0.0,0
2000,16,31,2976,0.7,0.7,0.0,0,0,0,0,0,0,0.8213022608221473,0.9512326413130118,1.0277109951447514,0.9512326413130118,1.0277109951447514,0,0.0,0,0.0,0.0,0
2000,17,34,3264,0.7,0.7,0.0,0,0,0,0,0,0,0.8419644626154712,0.9500926409674628,1.0313090728286896,0.9500926409674628,1.0313090728286896,0,0.0,0,0.0,0.0,0
2000,18,37,3552,0.7,0.7,0.0,0,0,0,0,0,0,0.8254261869228425,0.9567886627188544,1.0258513172295614,0.9567886627188544,1.0258513172295614,0,0.0,0,0.0,0.0,0
2000,19,38,3648,0.7,0.7,0.0,0,0,0,0,0,0,0.8521957808439143,0.9536965364299278,1.028276310299605,0.9536965364299278,1.028276310299605,0,0.0,0,0.0,0.0,0
2000,20,39,3744,0.7,0.7,0.0,0,0,0,0,0,0,0.852683421098771,0.9524504957176988,1.031070277647762,0.9524504957176988,1.031070277647762,0,0.0,0,0.0,0.0,0
2000,21,43,4128,0.7,0.7,0.0,0,0,0,0,0,0,0.832882608975439,0.9516035661414176,1.0258419053746128,0.9516035661414176,1.0258419053746128,0,0.0,0,0.0,0.0,0
2000,22,44,4224,0.7,0.7,0.0,0,0,0,0,0,0,0.8272065314958096,0.9553989678503082,1.0225815729979375,0.9553989678503082,1.0225815729979375,0,0.0,0,0.0,0.0,0
2000,23,46,4416,0.7,0.7,0.0,0,0,0,0,0,0,0.8487319178633439,0.9505071075618317,1.0296715048651863,0.9505071075618317,1.0296715048651863,0,0.0,0,0.0,0.0,0
2000,24,49,4704,0.7,0.7,0.0,0,0,0,0,0,0,0.8485089000549777,0.9525216591023524,1.0273957150135535,0.9525216591023524,1.0273957150135535,0,0.0,0,0.0,0.0,0
2000,25,50,4800,0.7,0.7,0.0,0,0,0,0,0,0,0.8185225265550508,0.9552773351206976,1.0298211233821517,0.9552773351206976,1.0298211233821517,0,0.0,0,0.0,0.0,0
2000,26,51,4896,0.7,0.7,0.0,0,0,0,0,0,0,0.8503763163229235,0.9520140380781752,1.0265390701794774,0.9520140380781752,1.0265390701794774,0,0.0,0,0.0,0.0,0
2000,27,53,5088,0.7,0.7,0.0,0,0,0,0,0,0,0.8269118275769817,0.9538929064157556,1.0252852904037102,0.9538929064157556,1.0252852904037102,0,0.0,0,0.0,0.0,0
2000,28,54,5184,0.7,0.7,0.0,0,0,0,0,0,0,0.8410503683688306,0.950886510615626,1.0274889753197616,0.950886510615626,1.0274889753197616,0,0.0,0,0.0,0.0,0
2000,29,55,5280,0.7,0.7,0.0,0,0,0,0,0,0,0.8425323755113323,0.9508022613373605,1.0264236799302913,0.9508022613373605,1.0264236799302913,0,0.0,0,0.0,0.0,0
2000,30,56,5376,0.7,0.7,0.0,0,0,0,0,0,0,0.8372664564322814,0.9550463586734136,1.0260788602379654,0.9550463586734136,1.0260788602379654,0,0.0,0,0.0,0.0,0
2000,31,57,5472,0.7,0.7,0.0,0,0,0,0,0,0,0.8215615037196973,0.9555748376281212,1.0296716123383605,0.9555748376281212,1.0296716123383605,0,0.0,0,0.0,0.0,0
2000,32,59,5664,0.7,0.7,0.0,0,0,0,0,0,0,0.8157457482585123,0.9530957092948144,1.0228158545468742,0.9530957092948144,1.0228158545468742,0,0.0,0,0.0,0.0,0
2000,33,60,5760,0.7,0.7,0.0,1,1,0,1,0,0,0.8433109016347361,0.9497348854142958,1.0311630775321337,0.9497348854142958,1.0311630775321337,0,0.0,0,0.0,0.0,0
2000,34,62,5952,0.7,0.7,0.0,0,0,0,0,0,0,0.8312788740313157,0.9503933805776736,1.0250201536110437,0.9503933805776736,1.0250201536110437,0,0.0,0,0.0,0.0,0
2000,35,65,6240,0.7,0.7,0.0,0,0,0,0,0,0,0.8327699681249716,0.9547921188708728,1.0299665331689616,0.9547921188708728,1.0299665331689616,0,0.0,0,0.0,0.0,0
2000,36,66,6336,0.7,0.7,0.0,1,1,0,1,0,0,0.8426541537998852,0.9480206646417708,1.0271659832648463,0.9480206646417708,1.0271659832648463,0,0.0,0,0.0,0.0,0
2000,37,67,6432,0.7,0.7,0.0,0,0,0,0,0,0,0.832477090123572,0.9537891592657728,1.0353329993107605,0.9537891592657728,1.0353329993107605,0,0.0,0,0.0,0.0,0
2000,38,68,6528,0.7,0.7,0.0,0,0,0,0,0,0,0.8368126068584949,0.953644935694956,1.0325157963476768,0.953644935694956,1.0325157963476768,0,0.0,0,0.0,0.0,0
2000,39,69,6624,0.7,0.7,0.0,0,0,0,0,0,0,0.839905611313949,0.9528260922809498,1.0349963538928852,0.9528260922809498,1.0349963538928852,0,0.0,0,0.0,0.0,0
2000,40,70,6720,0.7,0.7,0.0,0,0,0,0,0,0,0.8473688976531197,0.9528475860894944,1.025832754919226,0.9528475860894944,1.025832754919226,0,0.0,0,0.0,0.0,0
2000,41,71,6816,0.7,0.7,0.0,0,0,0,0,0,0,0.852457612060518,0.9546117510820022,1.0256826089602415,0.9546117510820022,1.0256826089602415,0,0.0,0,0.0,0.0,0
2000,42,74,7104,0.7,0.7,0.0,0,0,0,0,0,0,0.8535810105402687,0.9560128441748318,1.0274823561524151,0.9560128441748318,1.0274823561524151,0,0.0,0,0.0,0.0,0
2000,43,80,7680,0.7,0.7,0.0,0,0,0,0,0,0,0.8114442214803991,0.9502694237009874,1.0241654753581404,0.9502694237009874,1.0241654753581404,0,0.0,0,0.0,0.0,0
2000,44,81,7776,0.7,0.7,0.0,0,0,0,0,0,0,0.8265392043084482,0.95162693876645,1.0267718474037368,0.95162693876645,1.0267718474037368,0,0.0,0,0.0,0.0,0
2000,45,82,7872,0.7,0.7,0.0,1,1,0,1,0,0,0.8477827014942646,0.9499407525864848,1.0299259754623735,0.9499407525864848,1.0299259754623735,0,0.0,0,0.0,0.0,0
2000,46,84,8064,0.7,0.7,0.0,1,1,0,1,0,0,0.8380523830498131,0.9498211967782354,1.0313862766393234,0.9498211967782354,1.0313862766393234,0,0.0,0,0.0,0.0,0
2000,47,85,8160,0.7,0.7,0.0,0,0,0,0,0,0,0.8286445419048736,0.9576546024915856,1.031710108574118,0.9576546024915856,1.031710108574118,0,0.0,0,0.0,0.0,0
2000,47,86,8256,0.7,0.7,0.0,0,0,0,0,0,0,0.8400874403095464,0.954507577044374,1.0275076242463768,0.954507577044374,1.0275076242463768,0,0.0,0,0.0,0.0,0
2000,48,87,8352,0.7,0.7,0.0,0,0,0,0,0,0,0.8503760851600347,0.9528257968401432,1.0308518361538326,0.9528257968401432,1.0308518361538326,0,0.0,0,0.0,0.0,0
2000,49,93,8928,0.7,0.7,0.0,0,0,0,0,0,0,0.8310293047507596,0.9527879026629243,1.0239116018622356,0.9527879026629243,1.0239116018622356,0,0.0,0,0.0,0.0,0
2000,50,94,9024,0.7,0.7,0.0,0,0,0,0,0,0,0.8271198656442786,0.9560439990545704,1.028701675461723,0.9560439990545704,1.028701675461723,0,0.0,0,0.0,0.0,0
2000,51,95,9120,0.7,0.7,0.0,0,0,0,0,0,0,0.8436514906915842,0.9538797397140006,1.025938274062781,0.9538797397140006,1.025938274062781,0,0.0,0,0.0,0.0,0
2000,52,97,9312,0.7,0.7,0.0,0,0,0,0,0,0,0.8353044624744131,0.9540292341347494,1.024257982527668,0.9540292341347494,1.024257982527668,0,0.0,0,0.0,0.0,0
2000,53,98,9408,0.7,0.7,0.0,0,0,0,0,0,0,0.8221765324585004,0.9507260762344972,1.022081835066534,0.9507260762344972,1.022081835066534,0,0.0,0,0.0,0.0,0
2000,54,101,9696,0.7,0.7,0.0,0,0,0,0,0,0,0.832963593425313,0.9527135005446846,1.02862076385899,0.9527135005446846,1.02862076385899,0,0.0,0,0.0,0.0,0
2000,55,102,9792,0.7,0.7,0.0,0,0,0,0,0,0,0.8446344422213335,0.954088724052732,1.0341577248882243,0.954088724052732,1.0341577248882243,0,0.0,0,0.0,0.0,0
2000,56,107,10272,0.7,0.7,0.0,1,1,0,1,0,0,0.8225832942874451,0.9486191786266284,1.024256852895432,0.9486191786266284,1.024256852895432,0,0.0,0,0.0,0.0,0
2000,57,109,10464,0.7,0.7,0.0,1,1,0,1,0,0,0.8339469104363982,0.949822916347914,1.0243929230734,0.949822916347914,1.0243929230734,0,0.0,0,0.0,0.0,0
2000,58,111,10656,0.7,0.7,0.0,1,1,0,1,0,0,0.84504823207114,0.9496559735919304,1.0250049272094215,0.9496559735919304,1.0250049272094215,0,0.0,0,0.0,0.0,0
2000,59,114,10944,0.7,0.7,0.0,0,0,0,0,0,0,0.8231544738289465,0.953471508454737,1.0260524837649228,0.953471508454737,1.0260524837649228,0,0.0,0,0.0,0.0,0
2000,60,116,11136,0.7,0.7,0.0,1,1,0,1,0,0,0.8496938153853285,0.948197236425205,1.0256947591404597,0.948197236425205,1.0256947591404597,0,0.0,0,0.0,0.0,0
2000,61,117,11232,0.7,0.7,0.0,0,0,0,0,0,0,0.84241916253462,0.9541687073965232,1.0272783355233133,0.9541687073965232,1.0272783355233133,0,0.0,0,0.0,0.0,0
2000,62,119,11424,0.7,0.7,0.0,0,0,0,0,0,0,0.8434738229033595,0.9528388883562376,1.0307965754365909,0.9528388883562376,1.0307965754365909,0,0.0,0,0.0,0.0,0
2000,63,120,11520,0.7,0.7,0.0,0,0,0,0,0,0,0.8432541710434277,0.9512214887382044,1.0327955971940026,0.9512214887382044,1.0327955971940026,0,0.0,0,0.0,0.0,0
2000,63,122,11712,0.7,0.7,0.0,0,0,0,0,0,0,0.8429570146458795,0.9548348034066708,1.0258795322647556,0.9548348034066708,1.0258795322647556,0,0.0,0,0.0,0.0,0
2000,64,123,11808,0.7,0.7,0.0,0,0,0,0,0,0,0.8359537507272669,0.9506259196029064,1.025883524642374,0.9506259196029064,1.025883524642374,0,0.0,0,0.0,0.0,0
2000,65,125,12000,0.7,0.7,0.0,0,0,0,0,0,0,0.8414731189802214,0.9510305477441712,1.033704433086778,0.9510305477441712,1.033704433086778,0,0.0,0,0.0,0.0,0
2000,66,126,12096,0.7,0.7,0.0,0,0,0,0,0,0,0.8471519566725423,0.9509979507262954,1.0273408305408964,0.9509979507262954,1.0273408305408964,0,0.0,0,0.0,0.0,0
2000,67,128,12288,0.7,0.7,0.0,0,0,0,0,0,0,0.8458984056452563,0.95301475828163,1.0296462598789584,0.95301475828163,1.0296462598789584,0,0.0,0,0.0,0.0,0
2000,68,129,12384,0.7,0.7,0.0,1,1,0,1,0,0,0.8599646275514945,0.9495111766127524,1.0281578170520334,0.9495111766127524,1.0281578170520334,0,0.0,0,0.0,0.0,0
2000,69,131,12576,0.7,0.7,0.0,0,0,0,0,0,0,0.8249998368379541,0.9523571671799104,1.0335813991248648,0.9523571671799104,1.0335813991248648,0,0.0,0,0.0,0.0,0
2000,70,133,12768,0.7,0.7,0.0,0,0,0,0,0,0,0.8455524342915914,0.9510856859844102,1.0298448965883835,0.9510856859844102,1.0298448965883835,0,0.0,0,0.0,0.0,0
2000,71,134,12864,0.7,0.7,0.0,0,0,0,0,0,0,0.8259573032841442,0.9508640443449736,1.027973719527944,0.9508640443449736,1.027973719527944,0,0.0,0,0.0,0.0,0
2000,72,136,13056,0.7,0.7,0.0,0,0,0,0,0,0,0.8622867091508536,0.9540061213685382,1.0332194091851123,0.9540061213685382,1.0332194091851123,0,0.0,0,0.0,0.0,0
2000,73,140,13440,0.7,0.7,0.0,0,0,0,0,0,0,0.8248467434811274,0.9522327870636236,1.0290354364904255,0.9522327870636236,1.0290354364904255,0,0.0,0,0.0,0.0,0
2000,74,141,13536,0.7,0.7,0.0,0,0,0,0,0,0,0.8376891530297149,0.951046710865698,1.0234853726014448,0.951046710865698,1.0234853726014448,0,0.0,0,0.0,0.0,0
2000,75,142,13632,0.7,0.7,0.0,0,0,0,0,0,0,0.846768910216175,0.9528747760407534,1.031342517957598,0.9528747760407534,1.031342517957598,0,0.0,0,0.0,0.0,0
2000,76,143,13728,0.7,0.7,0.0,0,0,0,0,0,0,0.837522570673958,0.9508175460036566,1.0225047484131569,0.9508175460036566,1.0225047484131569,0,0.0,0,0.0,0.0,0
2000,77,145,13920,0.7,0.7,0.0,0,0,0,0,0,0,0.8336397350118943,0.9567147093809636,1.029541464212566,0.9567147093809636,1.029541464212566,0,0.0,0,0.0,0.0,0
2000,78,148,14208,0.7,0.7,0.0,1,1,0,1,0,0,0.8398827819209022,0.9497206365058936,1.0219804687769576,0.9497206365058936,1.0219804687769576,0,0.0,0,0.0,0.0,0
2000,79,149,14304,0.7,0.7,0.0,1,1,0,1,0,0,0.8505777634820755,0.949185610747477,1.0275113659093782,0.949185610747477,1.0275113659093782,0,0.0,0,0.0,0.0,0
2000,80,151,14496,0.7,0.7,0.0,0,0,0,0,0,0,0.8515552417573715,0.9531674887518718,1.0239451653790457,0.9531674887518718,1.0239451653790457,0,0.0,0,0.0,0.0,0
2000,81,152,14592,0.7,0.7,0.0,0,0,0,0,0,0,0.8333479611305574,0.9540448133840392,1.026495559324473,0.9540448133840392,1.026495559324473,0,0.0,0,0.0,0.0,0
2000,82,154,14784,0.7,0.7,0.0,0,0,0,0,0,0,0.8284408286889937,0.9528123949425492,1.0285729132706232,0.9528123949425492,1.0285729132706232,0,0.0,0,0.0,0.0,0
2000,83,156,14976,0.7,0.7,0.0,0,0,0,0,0,0,0.8586383283295002,0.9502057874776244,1.0342775266326223,0.9502057874776244,1.0342775266326223,0,0.0,0,0.0,0.0,0
2000,84,157,15072,0.7,0.7,0.0,0,0,0,0,0,0,0.8383787866687619,0.9529211097932327,1.0307932170493208,0.9529211097932327,1.0307932170493208,0,0.0,0,0.0,0.0,0
2000,85,166,15936,0.7,0.7,0.0,0,0,0,0,0,0,0.8320706890021602,0.9522410375717968,1.0246444226240945,0.9522410375717968,1.0246444226240945,0,0.0,0,0.0,0.0,0
2000,87,168,16128,0.7,0.7,0.0,0,0,0,0,0,0,0.8445791176930673,0.9523138231439278,1.0258462705533504,0.9523138231439278,1.0258462705533504,0,0.0,0,0.0,0.0,0
2000,86,169,16224,0.7,0.7,0.0,0,0,0,0,0,0,0.8424635266331653,0.9536571109512532,1.026606338046101,0.9536571109512532,1.026606338046101,0,0.0,0,0.0,0.0,0
2000,87,171,16416,0.7,0.7,0.0,0,0,0,0,0,0,0.835337657287559,0.9518678599053184,1.0282356876531895,0.9518678599053184,1.0282356876531895,0,0.0,0,0.0,0.0,0
2000,88,172,16512,0.7,0.7,0.0,1,1,0,1,0,0,0.8357905839799744,0.9482763314075248,1.025351194407012,0.9482763314075248,1.025351194407012,0,0.0,0,0.0,0.0,0
2000,89,173,16608,0.7,0.7,0.0,0,0,0,0,0,0,0.8461384376697213,0.951352080166678,1.028290221714856,0.951352080166678,1.028290221714856,0,0.0,0,0.0,0.0,0
2000,90,175,16800,0.7,0.7,0.0,0,0,0,0,0,0,0.838116675760891,0.9523603274160608,1.0284206287668327,0.9523603274160608,1.0284206287668327,0,0.0,0,0.0,0.0,0
2000,91,176,16896,0.7,0.7,0.0,0,0,0,0,0,0,0.8544298056017956,0.95328151866448,1.0235741758915458,0.95328151866448,1.0235741758915458,0,0.0,0,0.0,0.0,0
2000,92,178,17088,0.7,0.7,0.0,0,0,0,0,0,0,0.845448999563888,0.9525846634158668,1.0266245847276834,0.9525846634158668,1.0266245847276834,0,0.0,0,0.0,0.0,0
2000,93,179,17184,0.7,0.7,0.0,0,0,0,0,0,0,0.8567057910054362,0.950227522143674,1.0256384058508503,0.950227522143674,1.0256384058508503,0,0.0,0,0.0,0.0,0
2000,94,181,17376,0.7,0.7,0.0,0,0,0,0,0,0,0.8447406104110311,0.9522915305476825,1.028927558130141,0.9522915305476825,1.028927558130141,0,0.0,0,0.0,0.0,0
2000,95,183,17568,0.7,0.7,0.0,0,0,0,0,0,0,0.8446035528217071,0.9513846983092124,1.0307313519181245,0.9513846983092124,1.0307313519181245,0,0.0,0,0.0,0.0,0
2000,96,184,17664,0.7,0.7,0.0,0,0,0,0,0,0,0.8445071846073864,0.9534627251174072,1.0255940999586484,0.9534627251174072,1.0255940999586484,0,0.0,0,0.0,0.0,0
2000,97,187,17952,0.7,0.7,0.0,1,1,0,1,0,0,0.8447565581001033,0.9487683747287088,1.028555221447656,0.9487683747287088,1.028555221447656,0,0.0,0,0.0,0.0,0
2000,100,190,18240,0.7,0.7,0.0,0,0,0,0,0,0,0.8315120399784897,0.9544081094961938,1.0212781772602126,0.9544081094961938,1.0212781772602126,0,0.0,0,0.0,0.0,0
2000,98,192,18432,0.7,0.7,0.0,0,0,0,0,0,0,0.8540706411554451,0.950803478046781,1.0256089425844797,0.950803478046781,1.0256089425844797,0,0.0,0,0.0,0.0,0
2000,99,193,18528,0.7,0.7,0.0,0,0,0,0,0,0,0.8447531870599215,0.9509816468006766,1.0277430215289778,0.9509816468006766,1.0277430215289778,0,0.0,0,0.0,0.0,0
2000,100,197,18912,0.7,0.7,0.0,0,0,0,0,0,0,0.8349197785691349,0.9521591803524015,1.027670000095197,0.9521591803524015,1.027670000095197,0,0.0,0,0.0,0.0,0
2000,101,201,19296,0.7,0.7,0.0,0,0,0,0,0,0,0.8358165639312859,0.9517408514712146,1.0345462942527053,0.9517408514712146,1.0345462942527053,0,0.0,0,0.0,0.0,0
2000,102,205,19680,0.7,0.7,0.0,0,0,0,0,0,0,0.8285012479661737,0.9531652046158904,1.0281178296335634,0.9531652046158904,1.0281178296335634,0,0.0,0,0.0,0.0,0
2000,103,207,19872,0.7,0.7,0.0,1,1,0,1,0,0,0.8468916606023497,0.9445541487104852,1.0260359245826864,0.9445541487104852,1.0260359245826864,0,0.0,0,0.0,0.0,0
2000,104,210,20160,0.7,0.7,0.0,1,1,0,1,0,0,0.8270420122857518,0.9464468597457912,1.0220017295327388,0.9464468597457912,1.0220017295327388,0,0.0,0,0.0,0.0,0
2000,105,212,20352,0.7,0.7,0.0,1,1,0,1,0,0,0.8490034495355805,0.9490516791886824,1.0321234719040626,0.9490516791886824,1.0321234719040626,0,0.0,0,0.0,0.0,0
2000,106,213,20448,0.7,0.7,0.0,0,0,0,0,0,0,0.8410301240642571,0.9520335487561986,1.033678432256167,0.9520335487561986,1.033678432256167,0,0.0,0,0.0,0.0,0
2000,107,216,20736,0.7,0.7,0.0,0,0,0,0,0,0,0.8222325142005404,0.9526314289629596,1.0280490592062377,0.9526314289629596,1.0280490592062377,0,0.0,0,0.0,0.0,0
2000,108,219,21024,0.7,0.7,0.0,0,0,0,0,0,0,0.8598084022334541,0.9501353372788128,1.0304217141406002,0.9501353372788128,1.0304217141406002,0,0.0,0,0.0,0.0,0
2000,109,220,21120,0.7,0.7,0.0,0,0,0,0,0,0,0.8506822015760779,0.9539684066847788,1.02520777009092,0.9539684066847788,1.02520777009092,0,0.0,0,0.0,0.0,0
2000,110,226,21696,0.7,0.7,0.0,0,0,0,0,0,0,0.8390778249081356,0.9510588042981576,1.0272892684623165,0.9510588042981576,1.0272892684623165,0,0.0,0,0.0,0.0,0
2000,114,228,21888,0.7,0.7,0.0,0,0,0,0,0,0,0.8566651071046766,0.9556887186530704,1.0312879034757627,0.9556887186530704,1.0312879034757627,0,0.0,0,0.0,0.0,0
2000,111,230,22080,0.7,0.7,0.0,0,0,0,0,0,0,0.8402635685260148,0.9528491568115264,1.0287528035038584,0.9528491568115264,1.0287528035038584,0,0.0,0,0.0,0.0,0
2000,112,231,22176,0.7,0.7,0.0,0,0,0,0,0,0,0.8341301432351361,0.9545243921152154,1.031190505927218,0.9545243921152154,1.031190505927218,0,0.0,0,0.0,0.0,0
2000,113,232,22272,0.7,0.7,0.0,0,0,0,0,0,0,0.8307843484149993,0.9542275245960457,1.0241820676508608,0.9542275245960457,1.0241820676508608,0,0.0,0,0.0,0.0,0
2000,114,234,22464,0.7,0.7,0.0,0,0,0,0,0,0,0.8424279039415853,0.9530545146560097,1.0322856764665156,0.9530545146560097,1.0322856764665156,0,0.0,0,0.0,0.0,0
2000,115,235,22560,0.7,0.7,0.0,0,0,0,0,0,0,0.8524031612386818,0.9510950041124964,1.0281504071909688,0.9510950041124964,1.0281504071909688,0,0.0,0,0.0,0.0,0
2000,116,236,22656,0.7,0.7,0.0,0,0,0,0,0,0,0.8459027649092365,0.9542222041071072,1.025827284143758,0.9542222041071072,1.025827284143758,0,0.0,0,0.0,0.0,0
2000,117,239,22944,0.7,0.7,0.0,0,0,0,0,0,0,0.835177716415571,0.9521215823359808,1.0274564397602173,0.9521215823359808,1.0274564397602173,0,0.0,0,0.0,0.0,0
2000,118,240,23040,0.7,0.7,0.0,0,0,0,0,0,0,0.8371099147760798,0.9527452720815678,1.0279678454043717,0.9527452720815678,1.0279678454043717,0,0.0,0,0.0,0.0,0
2000,123,241,23136,0.7,0.7,0.0,0,0,0,0,0,0,0.8349213339303133,0.9514659352458948,1.0247282814262124,0.9514659352458948,1.0247282814262124,0,0.0,0,0.0,0.0,0
2000,119,244,23424,0.7,0.7,0.0,0,0,0,0,0,0,0.8450384426530849,0.9526219493353164,1.0265031853491464,0.9526219493353164,1.0265031853491464,0,0.0,0,0.0,0.0,0
2000,120,245,23520,0.7,0.7,0.0,0,0,0,0,0,0,0.8329010452050949,0.952726355192278,1.0266606160136396,0.952726355192278,1.0266606160136396,0,0.0,0,0.0,0.0,0
2000,121,248,23808,0.7,0.7,0.0,0,0,0,0,0,0,0.8443428820945299,0.9535771042593604,1.0286604436301707,0.9535771042593604,1.0286604436301707,0,0.0,0,0.0,0.0,0
2000,122,251,24096,0.7,0.7,0.0,0,0,0,0,0,0,0.8284784073982785,0.951627647721008,1.029842597944815,0.951627647721008,1.029842597944815,0,0.0,0,0.0,0.0,0
2000,123,253,24288,0.7,0.7,0.0,0,0,0,0,0,0,0.8328471386474434,0.9523398370111376,1.0309523486508507,0.9523398370111376,1.0309523486508507,0,0.0,0,0.0,0.0,0
2000,124,254,24384,0.7,0.7,0.0,0,0,0,0,0,0,0.8379993946808365,0.954456105063154,1.0260349004869065,0.954456105063154,1.0260349004869065,0,0.0,0,0.0,0.0,0
2000,125,257,24672,0.7,0.7,0.0,0,0,0,0,0,0,0.8202248080571146,0.955689348187058,1.0316757341898002,0.955689348187058,1.0316757341898002,0,0.0,0,0.0,0.0,0
2000,126,259,24864,0.7,0.7,0.0,0,0,0,0,0,0,0.830461941504204,0.9565177200881018,1.0294919415859325,0.9565177200881018,1.0294919415859325,0,0.0,0,0.0,0.0,0
2000,127,261,25056,0.7,0.7,0.0,0,0,0,0,0,0,0.8510077332392435,0.9510118157150752,1.0288382163484713,0.9510118157150752,1.0288382163484713,0,0.0,0,0.0,0.0,0
2000,128,266,25536,0.7,0.7,0.0,0,0,0,0,0,0,0.8367725427883131,0.950194865730636,1.0271191652561684,0.950194865730636,1.0271191652561684,0,0.0,0,0.0,0.0,0
2000,129,267,25632,0.7,0.7,0.0,0,0,0,0,0,0,0.8375112213479315,0.9529914895177092,1.0274698658734271,0.9529914895177092,1.0274698658734271,0,0.0,0,0.0,0.0,0
2000,130,268,25728,0.7,0.7,0.0,0,0,0,0,0,0,0.8334336958536727,0.9534280584933844,1.0230395449586882,0.9534280584933844,1.0230395449586882,0,0.0,0,0.0,0.0,0
2000,131,269,25824,0.7,0.7,0.0,0,0,0,0,0,0,0.8520045556336282,0.9529970104390182,1.0345879296655265,0.9529970104390182,1.0345879296655265,0,0.0,0,0.0,0.0,0
2000,132,271,26016,0.7,0.7,0.0,1,1,0,1,0,0,0.8438342968210145,0.9484895989848596,1.0236081671903845,0.9484895989848596,1.0236081671903845,0,0.0,0,0.0,0.0,0
2000,133,272,26112,0.7,0.7,0.0,0,0,0,0,0,0,0.847376886175609,0.9549916638435216,1.0271107990123465,0.9549916638435216,1.0271107990123465,0,0.0,0,0.0,0.0,0
2000,134,273,26208,0.7,0.7,0.0,1,1,0,1,0,0,0.8442678183709297,0.9442009794590368,1.0267441465056384,0.9442009794590368,1.0267441465056384,0,0.0,0,0.0,0.0,0
2000,135,275,26400,0.7,0.7,0.0,0,0,0,0,0,0,0.8149552666103419,0.9541898886102024,1.0312101672738054,0.9541898886102024,1.0312101672738054,0,0.0,0,0.0,0.0,0
2000,136,276,26496,0.7,0.7,0.0,0,0,0,0,0,0,0.846633697593904,0.9501994348893812,1.028991438557172,0.9501994348893812,1.028991438557172,0,0.0,0,0.0,0.0,0
2000,142,278,26688,0.7,0.7,0.0,0,0,0,0,0,0,0.829940873085253,0.9531006973573743,1.0282996652053056,0.9531006973573743,1.0282996652053056,0,0.0,0,0.0,0.0,0
2000,143,280,26880,0.7,0.7,0.0,0,0,0,0,0,0,0.8315361970159597,0.9511468056660232,1.0264220146149652,0.9511468056660232,1.0264220146149652,0,0.0,0,0.0,0.0,0
2000,144,281,26976,0.7,0.7,0.0,0,0,0,0,0,0,0.811398947083773,0.9550872614066264,1.0242590778222904,0.9550872614066264,1.0242590778222904,0,0.0,0,0.0,0.0,0
2000,137,282,27072,0.7,0.7,0.0,0,0,0,0,0,0,0.8339635310776543,0.95548388503076,1.0309144135375106,0.95548388503076,1.0309144135375106,0,0.0,0,0.0,0.0,0
2000,138,283,27168,0.7,0.7,0.0,0,0,0,0,0,0,0.8248811689075479,0.9551749093720217,1.0355561898357222,0.9551749093720217,1.0355561898357222,0,0.0,0,0.0,0.0,0
2000,139,284,27264,0.7,0.7,0.0,0,0,0,0,0,0,0.852510008623077,0.9517591207940168,1.02694359850668,0.9517591207940168,1.02694359850668,0,0.0,0,0.0,0.0,0
2000,140,285,27360,0.7,0.7,0.0,0,0,0,0,0,0,0.8545609706855646,0.9544603690567532,1.0293632863013789,0.9544603690567532,1.0293632863013789,0,0.0,0,0.0,0.0,0
2000,141,287,27552,0.7,0.7,0.0,0,0,0,0,0,0,0.8491391995805434,0.952841933690022,1.0273321576549763,0.952841933690022,1.0273321576549763,0,0.0,0,0.0,0.0,0
2000,142,288,27648,0.7,0.7,0.0,0,0,0,0,0,0,0.8349052983133076,0.9540101954339478,1.0289138702513307,0.9540101954339478,1.0289138702513307,0,0.0,0,0.0,0.0,0
2000,143,289,27744,0.7,0.7,0.0,0,0,0,0,0,0,0.8269098725334197,0.9510455958936556,1.0234703861599272,0.9510455958936556,1.0234703861599272,0,0.0,0,0.0,0.0,0
2000,144,290,27840,0.7,0.7,0.0,0,0,0,0,0,0,0.8437430615975482,0.9504458526609276,1.032165771688187,0.9504458526609276,1.032165771688187,0,0.0,0,0.0,0.0,0
2000,153,291,27936,0.7,0.7,0.0,0,0,0,0,0,0,0.8553056268990802,0.9508345964142736,1.0264473637452731,0.9508345964142736,1.0264473637452731,0,0.0,0,0.0,0.0,0
2000,145,292,28032,0.7,0.7,0.0,0,0,0,0,0,0,0.8217062507306332,0.9535020140321276,1.0263180872199766,0.9535020140321276,1.0263180872199766,0,0.0,0,0.0,0.0,0
2000,146,293,28128,0.7,0.7,0.0,0,0,0,0,0,0,0.8560569747701384,0.9536139307025762,1.0293023215325607,0.9536139307025762,1.0293023215325607,0,0.0,0,0.0,0.0,0
2000,147,294,28224,0.7,0.7,0.0,0,0,0,0,0,0,0.8362257854491459,0.9526998462383928,1.0272162468176422,0.9526998462383928,1.0272162468176422,0,0.0,0,0.0,0.0,0
2000,148,295,28320,0.7,0.7,0.0,0,0,0,0,0,0,0.8261643968094345,0.9532382585461874,1.023169185415066,0.9532382585461874,1.023169185415066,0,0.0,0,0.0,0.0,0
2000,149,296,28416,0.7,0.7,0.0,0,0,0,0,0,0,0.8341187291812749,0.9526578040340272,1.0216467829602858,0.9526578040340272,1.0216467829602858,0,0.0,0,0.0,0.0,0
2000,150,297,28512,0.7,0.7,0.0,0,0,0,0,0,0,0.8504665657142751,0.9508034197100004,1.0240363106048174,0.9508034197100004,1.0240363106048174,0,0.0,0,0.0,0.0,0
2000,160,298,28608,0.7,0.7,0.0,0,0,0,0,0,0,0.8439036478187943,0.9574643729730292,1.0315778113818954,0.9574643729730292,1.0315778113818954,0,0.0,0,0.0,0.0,0
2000,151,299,28704,0.7,0.7,0.0,1,1,0,1,0,0,0.844896995021068,0.948675420072875,1.0318380465542034,0.948675420072875,1.0318380465542034,0,0.0,0,0.0,0.0,0
2000,152,300,28800,0.7,0.7,0.0,0,0,0,0,0,0,0.8336692171549992,0.9564933426837298,1.0335786221478824,0.9564933426837298,1.0335786221478824,0,0.0,0,0.0,0.0,0
2000,153,302,28992,0.7,0.7,0.0,0,0,0,0,0,0,0.8451586057206517,0.9561184476857388,1.031463791413768,0.9561184476857388,1.031463791413768,0,0.0,0,0.0,0.0,0
2000,154,305,29280,0.7,0.7,0.0,0,0,0,0,0,0,0.838377377409572,0.9516667016881708,1.0318200354698517,0.9516667016881708,1.0318200354698517,0,0.0,0,0.0,0.0,0
2000,155,306,29376,0.7,0.7,0.0,0,0,0,0,0,0,0.8166424303332083,0.9516732730363326,1.0227688846471772,0.9516732730363326,1.0227688846471772,0,0.0,0,0.0,0.0,0
2000,156,307,29472,0.7,0.7,0.0,0,0,0,0,0,0,0.8389634746777118,0.953463795139348,1.023275588572546,0.953463795139348,1.023275588572546,0,0.0,0,0.0,0.0,0
2000,157,308,29568,0.7,0.7,0.0,1,1,0,1,0,0,0.837718175160986,0.9489896239973462,1.0256655824707197,0.9489896239973462,1.0256655824707197,0,0.0,0,0.0,0.0,0
2000,158,312,29952,0.7,0.7,0.0,1,1,0,1,0,0,0.8363774779293992,0.9490506220592166,1.0260307098317998,0.9490506220592166,1.0260307098317998,0,0.0,0,0.0,0.0,0
2000,159,315,30240,0.7,0.7,0.0,0,0,0,0,0,0,0.856480801837552,0.9539481611481242,1.0307376405841289,0.9539481611481242,1.0307376405841289,0,0.0,0,0.0,0.0,0
2000,160,317,30432,0.7,0.7,0.0,0,0,0,0,0,0,0.8499110468143969,0.950010461833095,1.0241471620627525,0.950010461833095,1.0241471620627525,0,0.0,0,0.0,0.0,0
2000,161,319,30624,0.7,0.7,0.0,1,1,0,1,0,0,0.8445983627136945,0.9473960284350912,1.033272623185764,0.9473960284350912,1.033272623185764,0,0.0,0,0.0,0.0,0
2000,162,321,30816,0.7,0.7,0.0,0,0,0,0,0,0,0.8427226202775676,0.9523022531736948,1.0312500712483927,0.9523022531736948,1.0312500712483927,0,0.0,0,0.0,0.0,0
2000,173,322,30912,0.7,0.7,0.0,0,0,0,0,0,0,0.8312106007566101,0.9510352845650965,1.0236959615792145,0.9510352845650965,1.0236959615792145,0,0.0,0,0.0,0.0,0
2000,163,326,31296,0.7,0.7,0.0,1,1,0,1,0,0,0.8445907144299778,0.945217892078132,1.023537244503527,0.945217892078132,1.023537244503527,0,0.0,0,0.0,0.0,0
2000,164,329,31584,0.7,0.7,0.0,0,0,0,0,0,0,0.8495761907066766,0.9527386408974492,1.0258347137743096,0.9527386408974492,1.0258347137743096,0,0.0,0,0.0,0.0,0
2000,165,331,31776,0.7,0.7,0.0,0,0,0,0,0,0,0.8677361765311585,0.9547791534531987,1.0269896396654767,0.9547791534531987,1.0269896396654767,0,0.0,0,0.0,0.0,0
2000,166,332,31872,0.7,0.7,0.0,1,1,0,1,0,0,0.8340130159126996,0.9491150635386048,1.0316748571015013,0.9491150635386048,1.0316748571015013,0,0.0,0,0.0,0.0,0
2000,167,333,31968,0.7,0.7,0.0,0,0,0,0,0,0,0.8198255131717619,0.955472437059362,1.0264611836058823,0.955472437059362,1.0264611836058823,0,0.0,0,0.0,0.0,0
2000,168,335,32160,0.7,0.7,0.0,0,0,0,0,0,0,0.8346845653784878,0.9524105638606436,1.023605675537289,0.9524105638606436,1.023605675537289,0,0.0,0,0.0,0.0,0
2000,169,336,32256,0.7,0.7,0.0,1,1,0,1,0,0,0.8522386151446486,0.9484318128695688,1.0249379210016325,0.9484318128695688,1.0249379210016325,0,0.0,0,0.0,0.0,0
2000,170,337,32352,0.7,0.7,0.0,0,0,0,0,0,0,0.8442670972018089,0.9562236981726387,1.0299727126196452,0.9562236981726387,1.0299727126196452,0,0.0,0,0.0,0.0,0
2000,171,338,32448,0.7,0.7,0.0,0,0,0,0,0,0,0.8482334154746188,0.952281286196322,1.025107673580863,0.952281286196322,1.025107673580863,0,0.0,0,0.0,0.0,0
2000,172,339,32544,0.7,0.7,0.0,0,0,0,0,0,0,0.8542720599567949,0.953063422706192,1.0342944462729258,0.953063422706192,1.0342944462729258,0,0.0,0,0.0,0.0,0
2000,173,341,32736,0.7,0.7,0.0,0,0,0,0,0,0,0.8219228415201774,0.952629666011148,1.027267947203855,0.952629666011148,1.027267947203855,0,0.0,0,0.0,0.0,0
2000,174,342,32832,0.7,0.7,0.0,1,1,0,1,0,0,0.8403266623236639,0.9476897217056288,1.0291721179946118,0.9476897217056288,1.0291721179946118,0,0.0,0,0.0,0.0,0
2000,175,345,33120,0.7,0.7,0.0,1,1,0,1,0,0,0.8209753357840063,0.9472909202689408,1.0327347418869888,0.9472909202689408,1.0327347418869888,0,0.0,0,0.0,0.0,0
2000,176,347,33312,0.7,0.7,0.0,1,1,0,1,0,0,0.8442873771062639,0.9494267012047388,1.0331210335464178,0.9494267012047388,1.0331210335464178,0,0.0,0,0.0,0.0,0
2000,177,348,33408,0.7,0.7,0.0,0,0,0,0,0,0,0.828495455440234,0.9508564426477144,1.0263601593969731,0.9508564426477144,1.0263601593969731,0,0.0,0,0.0,0.0,0
2000,178,349,33504,0.7,0.7,0.0,1,1,0,1,0,0,0.8498075159163321,0.9468316680280936,1.0283390608496714,0.9468316680280936,1.0283390608496714,0,0.0,0,0.0,0.0,0
2000,179,351,33696,0.7,0.7,0.0,0,0,0,0,0,0,0.8339258518893423,0.95414327258018,1.027622665124477,0.95414327258018,1.027622665124477,0,0.0,0,0.0,0.0,0
2000,191,352,33792,0.7,0.7,0.0,0,0,0,0,0,0,0.8533075577400905,0.9553650253901244,1.0305417820376337,0.9553650253901244,1.0305417820376337,0,0.0,0,0.0,0.0,0
2000,180,354,33984,0.7,0.7,0.0,0,0,0,0,0,0,0.8442151821124886,0.952389624584631,1.0254325788811034,0.952389624584631,1.0254325788811034,0,0.0,0,0.0,0.0,0
2000,181,355,34080,0.7,0.7,0.0,0,0,0,0,0,0,0.8750738018230508,0.9518811901025164,1.0352382703940342,0.9518811901025164,1.0352382703940342,0,0.0,0,0.0,0.0,0
2000,182,356,34176,0.7,0.7,0.0,0,0,0,0,0,0,0.840662034971481,0.9559197872662284,1.032769981095326,0.9559197872662284,1.032769981095326,0,0.0,0,0.0,0.0,0
2000,183,361,34656,0.7,0.7,0.0,0,0,0,0,0,0,0.8401298150162091,0.9552181758077422,1.0266825081125466,0.9552181758077422,1.0266825081125466,0,0.0,0,0.0,0.0,0
2000,196,362,34752,0.7,0.7,0.0,0,0,0,0,0,0,0.8390565308173039,0.954036055865956,1.030000039174745,0.954036055865956,1.030000039174745,0,0.0,0,0.0,0.0,0
2000,184,364,34944,0.7,0.7,0.0,1,1,0,1,0,0,0.8350684364846236,0.9485219607903048,1.024132017862185,0.9485219607903048,1.024132017862185,0,0.0,0,0.0,0.0,0
2000,198,366,35136,0.7,0.7,0.0,1,1,0,1,0,0,0.8397548447830376,0.94943652153943,1.0306041311457486,0.94943652153943,1.0306041311457486,0,0.0,0,0.0,0.0,0
2000,185,367,35232,0.7,0.7,0.0,0,0,0,0,0,0,0.8417935132583281,0.950956216766538,1.0231177998180558,0.950956216766538,1.0231177998180558,0,0.0,0,0.0,0.0,0
2001,1,2,192,0.75,0.75,0.0625,1,1,0,1,0,0,0.8723171946328343,0.949907675351383,1.031656660845166,0.949907675351383,1.031656660845166,0,0.0,0,0.0,0.0,0
2001,2,4,384,0.75,0.75,0.0625,0,0,0,0,0,0,0.8640384719996577,0.955579725430456,1.0262084968807546,0.955579725430456,1.0262084968807546,0,0.0,0,0.0,0.0,0
2001,3,6,576,0.75,0.75,0.0625,0,0,0,0,0,0,0.8847514063860993,0.9537379782248846,1.0271919061625134,0.9537379782248846,1.0271919061625134,0,0.0,0,0.0,0.0,0
2001,4,7,672,0.75,0.75,0.0625,0,0,0,0,0,0,0.8860445037043795,0.9537390309628004,1.0307465723061562,0.9537390309628004,1.0307465723061562,0,0.0,0,0.0,0.0,0
2001,5,10,960,0.75,0.75,0.0625,0,0,0,0,0,0,0.863583337331756,0.9546723780717002,1.0224020920018402,0.9546723780717002,1.0224020920018402,0,0.0,0,0.0,0.0,0
2001,6,13,1248,0.75,0.75,0.0625,0,0,0,0,0,0,0.8854481973350904,0.9516011068656794,1.032684884253412,0.9516011068656794,1.032684884253412,0,0.0,0,0.0,0.0,0
2001,7,16,1536,0.75,0.75,0.0625,0,0,0,0,0,0,0.8865639248215168,0.9520620431865864,1.0331709165456664,0.9520620431865864,1.0331709165456664,0,0.0,0,0.0,0.0,0
2001,8,17,1632,0.75,0.75,0.0625,0,0,0,0,0,0,0.8688781220216804,0.9573011857137504,1.0321339304200832,0.9573011857137504,1.0321339304200832,0,0.0,0,0.0,0.0,0
2001,9,20,1920,0.75,0.75,0.0625,0,0,0,0,0,0,0.8568586993000954,0.9544476296699068,1.029833333792541,0.9544476296699068,1.029833333792541,0,0.0,0,0.0,0.0,0
2001,10,22,2112,0.75,0.75,0.0625,0,0,0,0,0,0,0.8793270062740243,0.9559657591317948,1.0358879739396654,0.9559657591317948,1.0358879739396654,0,0.0,0,0.0,0.0,0
2001,11,23,2208,0.75,0.75,0.0625,0,0,0,0,0,0,0.8636502178085034,0.9554665891985136,1.0307948856994842,0.9554665891985136,1.0307948856994842,0,0.0,0,0.0,0.0,0
2001,12,25,2400,0.75,0.75,0.0625,0,0,0,0,0,0,0.8552262660381234,0.955484979624249,1.0263284588427872,0.955484979624249,1.0263284588427872,0,0.0,0,0.0,0.0,0
2001,13,26,2496,0.75,0.75,0.0625,0,0,0,0,0,0,0.8783174376414222,0.9554803370719672,1.030754566527449,0.9554803370719672,1.030754566527449,0,0.0,0,0.0,0.0,0
2001,14,29,2784,0.75,0.75,0.0625,0,0,0,0,0,0,0.8737557361581176,0.9542952145966918,1.0234052571239685,0.9542952145966918,1.0234052571239685,0,0.0,0,0.0,0.0,0
2001,15,30,2880,0.75,0.75,0.0625,0,0,0,0,0,0,0.8693924792313178,0.9539027791349984,1.027816338713653,0.9539027791349984,1.027816338713653,0,0.0,0,0.0,0.0,0
2001,16,31,2976,0.75,0.75,0.0625,0,0,0,0,0,0,0.8548838874522101,0.9531991805510122,1.0267323832673558,0.9531991805510122,1.0267323832673558,0,0.0,0,0.0,0.0,0
2001,17,34,3264,0.75,0.75,0.0625,0,0,0,0,0,0,0.8743661037308528,0.9518248992054608,1.0309103263288304,0.9518248992054608,1.0309103263288304,0,0.0,0,0.0,0.0,0
2001,18,37,3552,0.75,0.75,0.0625,0,0,0,0,0,0,0.8587216997447376,0.95843595301004,1.0255843860579752,0.95843595301004,1.0255843860579752,0,0.0,0,0.0,0.0,0
2001,19,38,3648,0.75,0.75,0.0625,0,0,0,0,0,0,0.8851881138568437,0.9556595036341288,1.0273639858866204,0.9556595036341288,1.0273639858866204,0,0.0,0,0.0,0.0,0
2001,20,39,3744,0.75,0.75,0.0625,0,0,0,0,0,0,0.8860032597959709,0.9543357512965284,1.0304111880021876,0.9543357512965284,1.0304111880021876,0,0.0,0,0.0,0.0,0
2001,21,43,4128,0.75,0.75,0.0625,0,0,0,0,0,0,0.8673589047862993,0.9533077981216912,1.02546256298691,0.9533077981216912,1.02546256298691,0,0.0,0,0.0,0.0,0
2001,22,44,4224,0.75,0.75,0.0625,0,0,0,0,0,0,0.8610375348274334,0.9572056409772416,1.022049590098297,0.9572056409772416,1.022049590098297,0,0.0,0,0.0,0.0,0
2001,23,46,4416,0.75,0.75,0.0625,0,0,0,0,0,0,0.8816419495618862,0.9524413372549348,1.0291521407543,0.9524413372549348,1.0291521407543,0,0.0,0,0.0,0.0,0
2001,24,49,4704,0.75,0.75,0.0625,0,0,0,0,0,0,0.8820053705554651,0.9544554444106532,1.026501182393887,0.9544554444106532,1.026501182393887,0,0.0,0,0.0,0.0,0
2001,25,50,4800,0.75,0.75,0.0625,0,0,0,0,0,0,0.8513050063875826,0.9569949782570588,1.0294591886612878,0.9569949782570588,1.0294591886612878,0,0.0,0,0.0,0.0,0
2001,26,51,4896,0.75,0.75,0.0625,0,0,0,0,0,0,0.8838250028944011,0.953862181208418,1.0259885161035471,0.953862181208418,1.0259885161035471,0,0.0,0,0.0,0.0,0
2001,27,53,5088,0.75,0.75,0.0625,0,0,0,0,0,0,0.8595774349742473,0.9555123367015076,1.0249525501818868,0.9555123367015076,1.0249525501818868,0,0.0,0,0.0,0.0,0
2001,28,54,5184,0.75,0.75,0.0625,0,0,0,0,0,0,0.8740101236131435,0.9528982628615466,1.0265545328015782,0.9528982628615466,1.0265545328015782,0,0.0,0,0.0,0.0,0
2001,29,55,5280,0.75,0.75,0.0625,0,0,0,0,0,0,0.8765648945390481,0.9526046378483132,1.0258080808699324,0.9526046378483132,1.0258080808699324,0,0.0,0,0.0,0.0,0
2001,30,56,5376,0.75,0.75,0.0625,0,0,0,0,0,0,0.871445858454452,0.9569122105644816,1.0263012799723283,0.9569122105644816,1.0263012799723283,0,0.0,0,0.0,0.0,0
2001,31,57,5472,0.75,0.75,0.0625,0,0,0,0,0,0,0.8553478908591847,0.9572406788256432,1.0289370129393545,0.9572406788256432,1.0289370129393545,0,0.0,0,0.0,0.0,0
2001,32,59,5664,0.75,0.75,0.0625,0,0,0,0,0,0,0.8493335178181791,0.9548329261293104,1.0224464816606949,0.9548329261293104,1.0224464816606949,0,0.0,0,0.0,0.0,0
2001,33,60,5760,0.75,0.75,0.0625,0,0,0,0,0,0,0.8756392479015824,0.9516737117508756,1.0307038707506757,0.9516737117508756,1.0307038707506757,0,0.0,0,0.0,0.0,0
2001,34,62,5952,0.75,0.75,0.0625,0,0,0,0,0,0,0.8653182134065779,0.9521756632212072,1.024628688720666,0.9521756632212072,1.024628688720666,0,0.0,0,0.0,0.0,0
2001,35,65,6240,0.75,0.75,0.0625,0,0,0,0,0,0,0.8664763741987552,0.9564644216921482,1.0294181806734612,0.9564644216921482,1.0294181806734612,0,0.0,0,0.0,0.0,0
2001,36,66,6336,0.75,0.75,0.0625,0,0,0,0,0,0,0.8750616006986643,0.950026550904516,1.026560458408691,0.950026550904516,1.026560458408691,0,0.0,0,0.0,0.0,0
2001,37,67,6432,0.75,0.75,0.0625,0,0,0,0,0,0,0.8654642191200445,0.9556433098330158,1.034487945049814,0.9556433098330158,1.034487945049814,0,0.0,0,0.0,0.0,0
2001,38,68,6528,0.75,0.75,0.0625,0,0,0,0,0,0,0.8700798275969079,0.9554846059992028,1.0318981020276203,0.9554846059992028,1.0318981020276203,0,0.0,0,0.0,0.0,0
2001,39,69,6624,0.75,0.75,0.0625,0,0,0,0,0,0,0.8742878562531614,0.9547126027871614,1.0341445296283118,0.9547126027871614,1.0341445296283118,0,0.0,0,0.0,0.0,0
2001,40,70,6720,0.75,0.75,0.0625,0,0,0,0,0,0,0.8801899646787635,0.9547263440883924,1.0253054598413565,0.9547263440883924,1.0253054598413565,0,0.0,0,0.0,0.0,0
2001,41,71,6816,0.75,0.75,0.0625,0,0,0,0,0,0,0.8851585578221813,0.9563896664054096,1.025272293183523,0.9563896664054096,1.025272293183523,0,0.0,0,0.0,0.0,0
2001,42,74,7104,0.75,0.75,0.0625,0,0,0,0,0,0,0.8876575669472877,0.9576408713027368,1.0265803013629466,0.9576408713027368,1.0265803013629466,0,0.0,0,0.0,0.0,0
2001,43,80,7680,0.75,0.75,0.0625,0,0,0,0,0,0,0.8448126997401353,0.9522561828704984,1.0241196730966582,0.9522561828704984,1.0241196730966582,0,0.0,0,0.0,0.0,0
2001,44,81,7776,0.75,0.75,0.0625,0,0,0,0,0,0,0.8599023784323211,0.9536439901442996,1.026063506882457,0.9536439901442996,1.026063506882457,0,0.0,0,0.0,0.0,0
2001,45,82,7872,0.75,0.75,0.0625,0,0,0,0,0,0,0.8798737809610886,0.9519104864020114,1.029309088846158,0.9519104864020114,1.029309088846158,0,0.0,0,0.0,0.0,0
2001,46,84,8064,0.75,0.75,0.0625,0,0,0,0,0,0,0.8715937644464102,0.9518485127217948,1.0307270492052345,0.9518485127217948,1.0307270492052345,0,0.0,0,0.0,0.0,0
2001,47,85,8160,0.75,0.75,0.0625,0,0,0,0,0,0,0.8613974312790508,0.9594092846535924,1.0313147580983135,0.9594092846535924,1.0313147580983135,0,0.0,0,0.0,0.0,0
2001,47,86,8256,0.75,0.75,0.0625,0,0,0,0,0,0,0.8735089654725748,0.9560802180147058,1.0268725649515216,0.9560802180147058,1.0268725649515216,0,0.0,0,0.0,0.0,0
2001,48,87,8352,0.75,0.75,0.0625,0,0,0,0,0,0,0.884913491217787,0.9545376901063304,1.0299140465002827,0.9545376901063304,1.0299140465002827,0,0.0,0,0.0,0.0,0
2001,49,93,8928,0.75,0.75,0.0625,0,0,0,0,0,0,0.8642058632584553,0.9546669171358848,1.024221906255351,0.9546669171358848,1.024221906255351,0,0.0,0,0.0,0.0,0
2001,50,94,9024,0.75,0.75,0.0625,0,0,0,0,0,0,0.8613218051001587,0.957795995277354,1.0283205697602398,0.957795995277354,1.0283205697602398,0,0.0,0,0.0,0.0,0
2001,51,95,9120,0.75,0.75,0.0625,0,0,0,0,0,0,0.8766901435651185,0.9557700160960466,1.025893253418014,0.9557700160960466,1.025893253418014,0,0.0,0,0.0,0.0,0
2001,52,97,9312,0.75,0.75,0.0625,0,0,0,0,0,0,0.8686391566875786,0.9559516413498952,1.023688475344554,0.9559516413498952,1.023688475344554,0,0.0,0,0.0,0.0,0
2001,53,98,9408,0.75,0.75,0.0625,0,0,0,0,0,0,0.8559991803449212,0.9527373836361772,1.0217062618050068,0.9527373836361772,1.0217062618050068,0,0.0,0,0.0,0.0,0
2001,54,101,9696,0.75,0.75,0.0625,0,0,0,0,0,0,0.8676757002197181,0.9546310433213324,1.0278057387693775,0.9546310433213324,1.0278057387693775,0,0.0,0,0.0,0.0,0
2001,55,102,9792,0.75,0.75,0.0625,0,0,0,0,0,0,0.8780171283715067,0.9556476500747856,1.0335314215056826,0.9556476500747856,1.0335314215056826,0,0.0,0,0.0,0.0,0
2001,56,107,10272,0.75,0.75,0.0625,0,0,0,0,0,0,0.8563224588849447,0.9506291894323464,1.024395268843621,0.9506291894323464,1.024395268843621,0,0.0,0,0.0,0.0,0
2001,57,109,10464,0.75,0.75,0.0625,0,0,0,0,0,0,0.8668394064842566,0.9517944502895856,1.023703060814091,0.9517944502895856,1.023703060814091,0,0.0,0,0.0,0.0,0
2001,58,111,10656,0.75,0.75,0.0625,0,0,0,0,0,0,0.8786409703464575,0.951670108597666,1.0248925961678232,0.951670108597666,1.0248925961678232,0,0.0,0,0.0,0.0,0
2001,59,114,10944,0.75,0.75,0.0625,0,0,0,0,0,0,0.8571917482075734,0.9552179966308302,1.0254223366015158,0.9552179966308302,1.0254223366015158,0,0.0,0,0.0,0.0,0
2001,60,116,11136,0.75,0.75,0.0625,0,0,0,0,0,0,0.8838089911001895,0.9502054353926928,1.024755900436862,0.9502054353926928,1.024755900436862,0,0.0,0,0.0,0.0,0
2001,61,117,11232,0.75,0.75,0.0625,0,0,0,0,0,0,0.87573041693695,0.9561038927537636,1.026599361489333,0.9561038927537636,1.026599361489333,0,0.0,0,0.0,0.0,0
2001,62,119,11424,0.75,0.75,0.0625,0,0,0,0,0,0,0.8765468560054505,0.9545162509697566,1.0302464299295349,0.9545162509697566,1.0302464299295349,0,0.0,0,0.0,0.0,0
2001,63,120,11520,0.75,0.75,0.0625,0,0,0,0,0,0,0.8761347493292432,0.9531385593799712,1.0321344968969877,0.9531385593799712,1.0321344968969877,0,0.0,0,0.0,0.0,0
2001,63,122,11712,0.75,0.75,0.0625,0,0,0,0,0,0,0.8759975237534208,0.9565340786365928,1.02615882746858,0.9565340786365928,1.02615882746858,0,0.0,0,0.0,0.0,0
2001,64,123,11808,0.75,0.75,0.0625,0,0,0,0,0,0,0.868753607109743,0.952643289795173,1.0251341686489113,0.952643289795173,1.0251341686489113,0,0.0,0,0.0,0.0,0
2001,65,125,12000,0.75,0.75,0.0625,0,0,0,0,0,0,0.8745084773986577,0.953038973018226,1.032894922912285,0.953038973018226,1.032894922912285,0,0.0,0,0.0,0.0,0
2001,66,126,12096,0.75,0.75,0.0625,0,0,0,0,0,0,0.8807925593589274,0.9528870185705368,1.0264241111169563,0.9528870185705368,1.0264241111169563,0,0.0,0,0.0,0.0,0
2001,67,128,12288,0.75,0.75,0.0625,0,0,0,0,0,0,0.878856053738664,0.9549067609363824,1.02912431353167,0.9549067609363824,1.02912431353167,0,0.0,0,0.0,0.0,0
2001,68,129,12384,0.75,0.75,0.0625,0,0,0,0,0,0,0.8929030628895587,0.951421389023354,1.0275667458072182,0.951421389023354,1.0275667458072182,0,0.0,0,0.0,0.0,0
2001,69,131,12576,0.75,0.75,0.0625,0,0,0,0,0,0,0.8590378864862311,0.9542838247163036,1.0332338238760157,0.9542838247163036,1.0332338238760157,0,0.0,0,0.0,0.0,0
2001,70,133,12768,0.75,0.75,0.0625,0,0,0,0,0,0,0.8787899726064294,0.952838135708209,1.0291940914472906,0.952838135708209,1.0291940914472906,0,0.0,0,0.0,0.0,0
2001,71,134,12864,0.75,0.75,0.0625,0,0,0,0,0,0,0.8585565954454464,0.9526334220224668,1.027464093554972,0.9526334220224668,1.027464093554972,0,0.0,0,0.0,0.0,0
2001,72,136,13056,0.75,0.75,0.0625,0,0,0,0,0,0,0.895082991473523,0.9559471620162232,1.0321533903781408,0.9559471620162232,1.0321533903781408,0,0.0,0,0.0,0.0,0
2001,73,140,13440,0.75,0.75,0.0625,0,0,0,0,0,0,0.8573228643879698,0.9539080590429208,1.0286686803194114,0.9539080590429208,1.0286686803194114,0,0.0,0,0.0,0.0,0
2001,74,141,13536,0.75,0.75,0.0625,0,0,0,0,0,0,0.870864258465175,0.9527404584250478,1.022951762189082,0.9527404584250478,1.022951762189082,0,0.0,0,0.0,0.0,0
2001,75,142,13632,0.75,0.75,0.0625,0,0,0,0,0,0,0.8795022530512918,0.9545878282688888,1.0306420847515374,0.9545878282688888,1.0306420847515374,0,0.0,0,0.0,0.0,0
2001,76,143,13728,0.75,0.75,0.0625,0,0,0,0,0,0,0.8718046384758728,0.9525493066822168,1.0218813021838842,0.9525493066822168,1.0218813021838842,0,0.0,0,0.0,0.0,0
2001,77,145,13920,0.75,0.75,0.0625,0,0,0,0,0,0,0.867250152039919,0.9583672578068718,1.029730810601794,0.9583672578068718,1.029730810601794,0,0.0,0,0.0,0.0,0
2001,78,148,14208,0.75,0.75,0.0625,0,0,0,0,0,0,0.8719703821704148,0.9517330641352156,1.0220052945814104,0.9517330641352156,1.0220052945814104,0,0.0,0,0.0,0.0,0
2001,79,149,14304,0.75,0.75,0.0625,0,0,0,0,0,0,0.8832991573290347,0.9510975770569182,1.027722759193704,0.9510975770569182,1.027722759193704,0,0.0,0,0.0,0.0,0
2001,80,151,14496,0.75,0.75,0.0625,0,0,0,0,0,0,0.8843255366120838,0.9548908150603638,1.0235867162384094,0.9548908150603638,1.0235867162384094,0,0.0,0,0.0,0.0,0
2001,81,152,14592,0.75,0.75,0.0625,0,0,0,0,0,0,0.8661760268371718,0.9556034902333894,1.0263243257760648,0.9556034902333894,1.0263243257760648,0,0.0,0,0.0,0.0,0
2001,82,154,14784,0.75,0.75,0.0625,0,0,0,0,0,0,0.8619798711897625,0.9546850035161832,1.0279452703028824,0.9546850035161832,1.0279452703028824,0,0.0,0,0.0,0.0,0
2001,83,156,14976,0.75,0.75,0.0625,0,0,0,0,0,0,0.8921932574065043,0.9519035530996456,1.033552258008101,0.9519035530996456,1.033552258008101,0,0.0,0,0.0,0.0,0
2001,84,157,15072,0.75,0.75,0.0625,0,0,0,0,0,0,0.8719992455441051,0.9546285040482098,1.030512070637977,0.9546285040482098,1.030512070637977,0,0.0,0,0.0,0.0,0
2001,85,166,15936,0.75,0.75,0.0625,0,0,0,0,0,0,0.864992072692695,0.954238965371023,1.024056363348388,0.954238965371023,1.024056363348388,0,0.0,0,0.0,0.0,0
2001,87,168,16128,0.75,0.75,0.0625,0,0,0,0,0,0,0.8781736853052382,0.9542195316753396,1.0251311274677868,0.9542195316753396,1.0251311274677868,0,0.0,0,0.0,0.0,0
2001,86,169,16224,0.75,0.75,0.0625,0,0,0,0,0,0,0.875066298470156,0.9553624858164184,1.0265265091817153,0.9553624858164184,1.0265265091817153,0,0.0,0,0.0,0.0,0
2001,87,171,16416,0.75,0.75,0.0625,0,0,0,0,0,0,0.8675916017086247,0.953726413585474,1.0274478483553335,0.953726413585474,1.0274478483553335,0,0.0,0,0.0,0.0,0
2001,88,172,16512,0.75,0.75,0.0625,0,0,0,0,0,0,0.8691973674284866,0.9503016472055128,1.0254755765905623,0.9503016472055128,1.0254755765905623,0,0.0,0,0.0,0.0,0
2001,89,173,16608,0.75,0.75,0.0625,0,0,0,0,0,0,0.8780296774116778,0.9530649314788618,1.0274570548959048,0.9530649314788618,1.0274570548959048,0,0.0,0,0.0,0.0,0
2001,90,175,16800,0.75,0.75,0.0625,0,0,0,0,0,0,0.872134623883173,0.9540598154558678,1.0276550147244978,0.9540598154558678,1.0276550147244978,0,0.0,0,0.0,0.0,0
2001,91,176,16896,0.75,0.75,0.0625,0,0,0,0,0,0,0.8872485189633269,0.9551661516450536,1.0243128328357824,0.9551661516450536,1.0243128328357824,0,0.0,0,0.0,0.0,0
2001,92,178,17088,0.75,0.75,0.0625,0,0,0,0,0,0,0.8789453274960626,0.9542096960037189,1.025847498734528,0.9542096960037189,1.025847498734528,0,0.0,0,0.0,0.0,0
2001,93,179,17184,0.75,0.75,0.0625,0,0,0,0,0,0,0.8898572293505406,0.9521267352701818,1.025344699534389,0.9521267352701818,1.025344699534389,0,0.0,0,0.0,0.0,0
2001,94,181,17376,0.75,0.75,0.0625,0,0,0,0,0,0,0.8784474785214836,0.9540147366453638,1.0279891260942666,0.9540147366453638,1.0279891260942666,0,0.0,0,0.0,0.0,0
2001,95,183,17568,0.75,0.75,0.0625,0,0,0,0,0,0,0.8774906323423454,0.9531154163824532,1.0300708770281868,0.9531154163824532,1.0300708770281868,0,0.0,0,0.0,0.0,0
2001,96,184,17664,0.75,0.75,0.0625,0,0,0,0,0,0,0.8780633428212715,0.9554364557068424,1.024817344150118,0.9554364557068424,1.024817344150118,0,0.0,0,0.0,0.0,0
2001,97,187,17952,0.75,0.75,0.0625,0,0,0,0,0,0,0.8765968826315186,0.9507147287279936,1.0288246873313842,0.9507147287279936,1.0288246873313842,0,0.0,0,0.0,0.0,0
2001,100,190,18240,0.75,0.75,0.0625,0,0,0,0,0,0,0.8649731930967679,0.956079506031386,1.0211346881450212,0.956079506031386,1.0211346881450212,0,0.0,0,0.0,0.0,0
2001,98,192,18432,0.75,0.75,0.0625,0,0,0,0,0,0,0.8875304007437556,0.9525330412463232,1.0255862554965665,0.9525330412463232,1.0255862554965665,0,0.0,0,0.0,0.0,0
2001,99,193,18528,0.75,0.75,0.0625,0,0,0,0,0,0,0.8779504335344535,0.9527860530308814,1.0274478470761312,0.9527860530308814,1.0274478470761312,0,0.0,0,0.0,0.0,0
2001,100,197,18912,0.75,0.75,0.0625,0,0,0,0,0,0,0.8691124667853614,0.9537649373225604,1.027532708669455,0.9537649373225604,1.027532708669455,0,0.0,0,0.0,0.0,0
2001,101,201,19296,0.75,0.75,0.0625,0,0,0,0,0,0,0.8689389930607536,0.9533630315639168,1.0339153358060649,0.9533630315639168,1.0339153358060649,0,0.0,0,0.0,0.0,0
2001,102,205,19680,0.75,0.75,0.0625,0,0,0,0,0,0,0.8622195833890491,0.9550699326021664,1.0275349721854896,0.9550699326021664,1.0275349721854896,0,0.0,0,0.0,0.0,0
2001,103,207,19872,0.75,0.75,0.0625,1,1,0,1,0,0,0.8800790726222141,0.9465875126422924,1.0258815307343525,0.9465875126422924,1.0258815307343525,0,0.0,0,0.0,0.0,0
2001,104,210,20160,0.75,0.75,0.0625,1,1,0,1,0,0,0.860072513815717,0.9484815640520434,1.0218863336989992,0.9484815640520434,1.0218863336989992,0,0.0,0,0.0,0.0,0
2001,105,212,20352,0.75,0.75,0.0625,0,0,0,0,0,0,0.8810251499778043,0.9510774174287548,1.0314665858765664,0.9510774174287548,1.0314665858765664,0,0.0,0,0.0,0.0,0
2001,106,213,20448,0.75,0.75,0.0625,0,0,0,0,0,0,0.8744302320455685,0.9540241857426937,1.033148061684092,0.9540241857426937,1.033148061684092,0,0.0,0,0.0,0.0,0
2001,107,216,20736,0.75,0.75,0.0625,0,0,0,0,0,0,0.8561037244650275,0.9545264267299656,1.0280383632866563,0.9545264267299656,1.0280383632866563,0,0.0,0,0.0,0.0,0
2001,108,219,21024,0.75,0.75,0.0625,0,0,0,0,0,0,0.8929487237595485,0.9521432578926,1.0294803283876743,0.9521432578926,1.0294803283876743,0,0.0,0,0.0,0.0,0
2001,109,220,21120,0.75,0.75,0.0625,0,0,0,0,0,0,0.884381170377091,0.9556868803774656,1.0246065879220394,0.9556868803774656,1.0246065879220394,0,0.0,0,0.0,0.0,0
2001,110,226,21696,0.75,0.75,0.0625,0,0,0,0,0,0,0.8718604061030666,0.9529506051118533,1.0272014417066369,0.9529506051118533,1.0272014417066369,0,0.0,0,0.0,0.0,0
2001,114,228,21888,0.75,0.75,0.0625,0,0,0,0,0,0,0.8902328302243505,0.957381738686126,1.0303030313222747,0.957381738686126,1.0303030313222747,0,0.0,0,0.0,0.0,0
2001,111,230,22080,0.75,0.75,0.0625,0,0,0,0,0,0,0.873415222071966,0.9547803697087336,1.0280577579847665,0.9547803697087336,1.0280577579847665,0,0.0,0,0.0,0.0,0
2001,112,231,22176,0.75,0.75,0.0625,0,0,0,0,0,0,0.8685575930972869,0.9562509440640624,1.03027724836962,0.9562509440640624,1.03027724836962,0,0.0,0,0.0,0.0,0
2001,113,232,22272,0.75,0.75,0.0625,0,0,0,0,0,0,0.8648323084470344,0.956195009362124,1.0241325489153523,0.956195009362124,1.0241325489153523,0,0.0,0,0.0,0.0,0
2001,114,234,22464,0.75,0.75,0.0625,0,0,0,0,0,0,0.875590659111788,0.9548949939765742,1.0315231434892222,0.9548949939765742,1.0315231434892222,0,0.0,0,0.0,0.0,0
2001,115,235,22560,0.75,0.75,0.0625,0,0,0,0,0,0,0.8849690952188318,0.9527505841320818,1.028020741650434,0.9527505841320818,1.028020741650434,0,0.0,0,0.0,0.0,0
2001,116,236,22656,0.75,0.75,0.0625,0,0,0,0,0,0,0.879416590997188,0.9559398851901484,1.0257099916684842,0.9559398851901484,1.0257099916684842,0,0.0,0,0.0,0.0,0
2001,117,239,22944,0.75,0.75,0.0625,0,0,0,0,0,0,0.8683448294408369,0.9539595115115402,1.0274715173957198,0.9539595115115402,1.0274715173957198,0,0.0,0,0.0,0.0,0
2001,118,240,23040,0.75,0.75,0.0625,0,0,0,0,0,0,0.871101186169524,0.9544576065812994,1.0274090736643031,0.9544576065812994,1.0274090736643031,0,0.0,0,0.0,0.0,0
2001,123,241,23136,0.75,0.75,0.0625,0,0,0,0,0,0,0.8675666170116156,0.9534131976519268,1.0247657663567036,0.9534131976519268,1.0247657663567036,0,0.0,0,0.0,0.0,0
2001,119,244,23424,0.75,0.75,0.0625,0,0,0,0,0,0,0.8781830469004289,0.9546331512871872,1.0265452385511082,0.9546331512871872,1.0265452385511082,0,0.0,0,0.0,0.0,0
2001,120,245,23520,0.75,0.75,0.0625,0,0,0,0,0,0,0.8660723466115489,0.954514364241875,1.0264913475133124,0.954514364241875,1.0264913475133124,0,0.0,0,0.0,0.0,0
2001,121,248,23808,0.75,0.75,0.0625,0,0,0,0,0,0,0.8784646933592499,0.9554848195399688,1.0283622815160347,0.9554848195399688,1.0283622815160347,0,0.0,0,0.0,0.0,0
2001,122,251,24096,0.75,0.75,0.0625,0,0,0,0,0,0,0.8620079428650446,0.95363189930028,1.0291173279679555,0.95363189930028,1.0291173279679555,0,0.0,0,0.0,0.0,0
2001,123,253,24288,0.75,0.75,0.0625,0,0,0,0,0,0,0.8658804244313159,0.9543336517579912,1.030372338369006,0.9543336517579912,1.030372338369006,0,0.0,0,0.0,0.0,0
2001,124,254,24384,0.75,0.75,0.0625,0,0,0,0,0,0,0.8702915470177137,0.9561607094357506,1.0256700353250598,0.9561607094357506,1.0256700353250598,0,0.0,0,0.0,0.0,0
2001,125,257,24672,0.75,0.75,0.0625,0,0,0,0,0,0,0.8541915013476146,0.9575074195415229,1.0312067474813105,0.9575074195415229,1.0312067474813105,0,0.0,0,0.0,0.0,0
2001,126,259,24864,0.75,0.75,0.0625,0,0,0,0,0,0,0.8643238992042687,0.958123392489685,1.0288804191214251,0.958123392489685,1.0288804191214251,0,0.0,0,0.0,0.0,0
2001,127,261,25056,0.75,0.75,0.0625,0,0,0,0,0,0,0.8847528641442313,0.9529879964767056,1.028872865811586,0.9529879964767056,1.028872865811586,0,0.0,0,0.0,0.0,0
2001,128,266,25536,0.75,0.75,0.0625,0,0,0,0,0,0,0.870551404958831,0.9522008620089047,1.0265175730216138,0.9522008620089047,1.0265175730216138,0,0.0,0,0.0,0.0,0
2001,129,267,25632,0.75,0.75,0.0625,0,0,0,0,0,0,0.8712294092588768,0.9549758911769668,1.0275754506944716,0.9549758911769668,1.0275754506944716,0,0.0,0,0.0,0.0,0
2001,130,268,25728,0.75,0.75,0.0625,0,0,0,0,0,0,0.8666233481066332,0.9554364122288296,1.022857957954859,0.9554364122288296,1.022857957954859,0,0.0,0,0.0,0.0,0
2001,131,269,25824,0.75,0.75,0.0625,0,0,0,0,0,0,0.884837402038686,0.9546984494701696,1.0336695155166031,0.9546984494701696,1.0336695155166031,0,0.0,0,0.0,0.0,0
2001,132,271,26016,0.75,0.75,0.0625,0,0,0,0,0,0,0.8774794286355598,0.9505111471766886,1.0227957499840454,0.9505111471766886,1.0227957499840454,0,0.0,0,0.0,0.0,0
2001,133,272,26112,0.75,0.75,0.0625,0,0,0,0,0,0,0.8801427845175953,0.9568004292897908,1.0265807257876882,0.9568004292897908,1.0265807257876882,0,0.0,0,0.0,0.0,0
2001,134,273,26208,0.75,0.75,0.0625,1,1,0,1,0,0,0.8772974351762138,0.9462506498284936,1.0258700384571129,0.9462506498284936,1.0258700384571129,0,0.0,0,0.0,0.0,0
2001,135,275,26400,0.75,0.75,0.0625,0,0,0,0,0,0,0.8491602712968261,0.9561496643130948,1.030918609789979,0.9561496643130948,1.030918609789979,0,0.0,0,0.0,0.0,0
2001,136,276,26496,0.75,0.75,0.0625,0,0,0,0,0,0,0.8799691811152311,0.9519970770304588,1.0287331700717908,0.9519970770304588,1.0287331700717908,0,0.0,0,0.0,0.0,0
2001,142,278,26688,0.75,0.75,0.0625,0,0,0,0,0,0,0.8644859720019689,0.9548219909566288,1.0274669021361684,0.9548219909566288,1.0274669021361684,0,0.0,0,0.0,0.0,0
2001,143,280,26880,0.75,0.75,0.0625,0,0,0,0,0,0,0.8645162619292628,0.952873783894375,1.0258314926573942,0.952873783894375,1.0258314926573942,0,0.0,0,0.0,0.0,0
2001,144,281,26976,0.75,0.75,0.0625,0,0,0,0,0,0,0.8437667919057799,0.9567160910462952,1.0246035961884856,0.9567160910462952,1.0246035961884856,0,0.0,0,0.0,0.0,0
2001,137,282,27072,0.75,0.75,0.0625,0,0,0,0,0,0,0.8673194762613103,0.9572285196670096,1.0302794163580722,0.9572285196670096,1.0302794163580722,0,0.0,0,0.0,0.0,0
2001,138,283,27168,0.75,0.75,0.0625,0,0,0,0,0,0,0.8585460181712177,0.9569689251861816,1.0349285356948834,0.9569689251861816,1.0349285356948834,0,0.0,0,0.0,0.0,0
2001,139,284,27264,0.75,0.75,0.0625,0,0,0,0,0,0,0.8850927961977845,0.9537731618956564,1.0269001648071256,0.9537731618956564,1.0269001648071256,0,0.0,0,0.0,0.0,0
2001,140,285,27360,0.75,0.75,0.0625,0,0,0,0,0,0,0.8880051045231101,0.956281927333108,1.0287934267189818,0.956281927333108,1.0287934267189818,0,0.0,0,0.0,0.0,0
2001,141,287,27552,0.75,0.75,0.0625,0,0,0,0,0,0,0.8832301419346991,0.9545805340347924,1.027118470709511,0.9545805340347924,1.027118470709511,0,0.0,0,0.0,0.0,0
2001,142,288,27648,0.75,0.75,0.0625,0,0,0,0,0,0,0.867774937728091,0.9557009258489676,1.028548689716658,0.9557009258489676,1.028548689716658,0,0.0,0,0.0,0.0,0
2001,143,289,27744,0.75,0.75,0.0625,0,0,0,0,0,0,0.8598948370930164,0.9528209312371994,1.022958928970788,0.9528209312371994,1.022958928970788,0,0.0,0,0.0,0.0,0
2001,144,290,27840,0.75,0.75,0.0625,0,0,0,0,0,0,0.8765189045240412,0.9522736491941498,1.0318249526061007,0.9522736491941498,1.0318249526061007,0,0.0,0,0.0,0.0,0
2001,153,291,27936,0.75,0.75,0.0625,0,0,0,0,0,0,0.8884660693643888,0.9528055784682024,1.0257750410830726,0.9528055784682024,1.0257750410830726,0,0.0,0,0.0,0.0,0
2001,145,292,28032,0.75,0.75,0.0625,0,0,0,0,0,0,0.8539681629462403,0.9552332748977124,1.0255857475704122,0.9552332748977124,1.0255857475704122,0,0.0,0,0.0,0.0,0
2001,146,293,28128,0.75,0.75,0.0625,0,0,0,0,0,0,0.8885824603043915,0.9553950550717016,1.028543949257693,0.9553950550717016,1.028543949257693,0,0.0,0,0.0,0.0,0
2001,147,294,28224,0.75,0.75,0.0625,0,0,0,0,0,0,0.8689811245424566,0.9544174199802056,1.0270250600200128,0.9544174199802056,1.0270250600200128,0,0.0,0,0.0,0.0,0
2001,148,295,28320,0.75,0.75,0.0625,0,0,0,0,0,0,0.8600891359922049,0.9550489538308956,1.0228814491228035,0.9550489538308956,1.0228814491228035,0,0.0,0,0.0,0.0,0
2001,149,296,28416,0.75,0.75,0.0625,0,0,0,0,0,0,0.8677074321554589,0.954657562017362,1.021734998019829,0.954657562017362,1.021734998019829,0,0.0,0,0.0,0.0,0
2001,150,297,28512,0.75,0.75,0.0625,0,0,0,0,0,0,0.883751209125418,0.9527932036221518,1.0234682597043947,0.9527932036221518,1.0234682597043947,0,0.0,0,0.0,0.0,0
2001,160,298,28608,0.75,0.75,0.0625,0,0,0,0,0,0,0.8768747277314017,0.9590515077886828,1.0307164338041863,0.9590515077886828,1.0307164338041863,0,0.0,0,0.0,0.0,0
2001,151,299,28704,0.75,0.75,0.0625,0,0,0,0,0,0,0.8786899550425603,0.9506980011539437,1.030859956831166,0.9506980011539437,1.030859956831166,0,0.0,0,0.0,0.0,0
2001,152,300,28800,0.75,0.75,0.0625,0,0,0,0,0,0,0.8673571283310638,0.9581207723180516,1.032739589561364,0.9581207723180516,1.032739589561364,0,0.0,0,0.0,0.0,0
2001,153,302,28992,0.75,0.75,0.0625,0,0,0,0,0,0,0.8784188156461079,0.9577924717589802,1.030521742976949,0.9577924717589802,1.030521742976949,0,0.0,0,0.0,0.0,0
2001,154,305,29280,0.75,0.75,0.0625,0,0,0,0,0,0,0.8721025414994201,0.9536748799165626,1.031358685667345,0.9536748799165626,1.031358685667345,0,0.0,0,0.0,0.0,0
2001,155,306,29376,0.75,0.75,0.0625,0,0,0,0,0,0,0.850118740965964,0.9533791136492024,1.022173700896837,0.9533791136492024,1.022173700896837,0,0.0,0,0.0,0.0,0
2001,156,307,29472,0.75,0.75,0.0625,0,0,0,0,0,0,0.8720259175135607,0.9552291321028424,1.022427146298159,0.9552291321028424,1.022427146298159,0,0.0,0,0.0,0.0,0
2001,157,308,29568,0.75,0.75,0.0625,0,0,0,0,0,0,0.8703394577034744,0.9508713936132616,1.0250209427424009,0.9508713936132616,1.0250209427424009,0,0.0,0,0.0,0.0,0
2001,158,312,29952,0.75,0.75,0.0625,0,0,0,0,0,0,0.868744311134325,0.9508509640693844,1.0261567237821956,0.9508509640693844,1.0261567237821956,0,0.0,0,0.0,0.0,0
2001,159,315,30240,0.75,0.75,0.0625,0,0,0,0,0,0,0.8887603806903691,0.955574184236462,1.0306052728202033,0.955574184236462,1.0306052728202033,0,0.0,0,0.0,0.0,0
2001,160,317,30432,0.75,0.75,0.0625,0,0,0,0,0,0,0.8837526334909929,0.9517246603696566,1.0233174111437586,0.9517246603696566,1.0233174111437586,0,0.0,0,0.0,0.0,0
2001,161,319,30624,0.75,0.75,0.0625,1,1,0,1,0,0,0.8772683137779163,0.9493770177336004,1.032554967994776,0.9493770177336004,1.032554967994776,0,0.0,0,0.0,0.0,0
2001,162,321,30816,0.75,0.75,0.0625,0,0,0,0,0,0,0.8749266196648344,0.9541902483805615,1.030642876876198,0.9541902483805615,1.030642876876198,0,0.0,0,0.0,0.0,0
2001,173,322,30912,0.75,0.75,0.0625,0,0,0,0,0,0,0.8644748416755699,0.9530184091668332,1.023130778153721,0.9530184091668332,1.023130778153721,0,0.0,0,0.0,0.0,0
2001,163,326,31296,0.75,0.75,0.0625,1,1,0,1,0,0,0.8773766738775161,0.9472491502590324,1.0232808943879357,0.9472491502590324,1.0232808943879357,0,0.0,0,0.0,0.0,0
2001,164,329,31584,0.75,0.75,0.0625,0,0,0,0,0,0,0.8832509631630665,0.95464540419049,1.0261093667372638,0.95464540419049,1.0261093667372638,0,0.0,0,0.0,0.0,0
2001,165,331,31776,0.75,0.75,0.0625,0,0,0,0,0,0,0.9004800840498042,0.9566698848649424,1.0266850359231876,0.9566698848649424,1.0266850359231876,0,0.0,0,0.0,0.0,0
2001,166,332,31872,0.75,0.75,0.0625,0,0,0,0,0,0,0.8682312707335916,0.950844109466819,1.0312589675072823,0.950844109466819,1.0312589675072823,0,0.0,0,0.0,0.0,0
2001,167,333,31968,0.75,0.75,0.0625,0,0,0,0,0,0,0.8541612898341749,0.957135349045948,1.0258294129115977,0.957135349045948,1.0258294129115977,0,0.0,0,0.0,0.0,0
2001,168,335,32160,0.75,0.75,0.0625,0,0,0,0,0,0,0.8680376619504321,0.95417145320162,1.023247850032602,0.95417145320162,1.023247850032602,0,0.0,0,0.0,0.0,0
2001,169,336,32256,0.75,0.75,0.0625,0,0,0,0,0,0,0.885424301432477,0.9502044483365956,1.0246281534559858,0.9502044483365956,1.0246281534559858,0,0.0,0,0.0,0.0,0
2001,170,337,32352,0.75,0.75,0.0625,0,0,0,0,0,0,0.8776744058863707,0.9577919242829336,1.0292316455731276,0.9577919242829336,1.0292316455731276,0,0.0,0,0.0,0.0,0
2001,171,338,32448,0.75,0.75,0.0625,0,0,0,0,0,0,0.8810954877341372,0.9539263132691432,1.0251548659111145,0.9539263132691432,1.0251548659111145,0,0.0,0,0.0,0.0,0
2001,172,339,32544,0.75,0.75,0.0625,0,0,0,0,0,0,0.887911840936933,0.955044239844506,1.0336606653909342,0.955044239844506,1.0336606653909342,0,0.0,0,0.0,0.0,0
2001,173,341,32736,0.75,0.75,0.0625,0,0,0,0,0,0,0.8547890485515034,0.954316463551028,1.0269669594772015,0.954316463551028,1.0269669594772015,0,0.0,0,0.0,0.0,0
2001,174,342,32832,0.75,0.75,0.0625,1,1,0,1,0,0,0.8726365326969922,0.94960115832757,1.0282284375717228,0.94960115832757,1.0282284375717228,0,0.0,0,0.0,0.0,0
2001,175,345,33120,0.75,0.75,0.0625,1,1,0,1,0,0,0.8544089236411705,0.9491746987690138,1.032002453976558,0.9491746987690138,1.032002453976558,0,0.0,0,0.0,0.0,0
2001,176,347,33312,0.75,0.75,0.0625,0,0,0,0,0,0,0.878227689527109,0.951403850171902,1.032475014724311,0.951403850171902,1.032475014724311,0,0.0,0,0.0,0.0,0
2001,177,348,33408,0.75,0.75,0.0625,0,0,0,0,0,0,0.8616673093355681,0.9528345885467128,1.0264092207259048,0.9528345885467128,1.0264092207259048,0,0.0,0,0.0,0.0,0
2001,178,349,33504,0.75,0.75,0.0625,1,1,0,1,0,0,0.8825846410254204,0.948851981984234,1.027741203149828,0.948851981984234,1.027741203149828,0,0.0,0,0.0,0.0,0
2001,179,351,33696,0.75,0.75,0.0625,0,0,0,0,0,0,0.8666296481471156,0.9559399467448584,1.0272780873026348,0.9559399467448584,1.0272780873026348,0,0.0,0,0.0,0.0,0
2001,191,352,33792,0.75,0.75,0.0625,0,0,0,0,0,0,0.8871475145089608,0.9570357514764838,1.0296072391535789,0.9570357514764838,1.0296072391535789,0,0.0,0,0.0,0.0,0
2001,180,354,33984,0.75,0.75,0.0625,0,0,0,0,0,0,0.8776277065478655,0.9543626223982912,1.025764092186649,0.9543626223982912,1.025764092186649,0,0.0,0,0.0,0.0,0
2001,181,355,34080,0.75,0.75,0.0625,0,0,0,0,0,0,0.90789496475621,0.953862600779165,1.0346458304003452,0.953862600779165,1.0346458304003452,0,0.0,0,0.0,0.0,0
2001,182,356,34176,0.75,0.75,0.0625,0,0,0,0,0,0,0.8737482241922568,0.9575839526371124,1.0319182665123583,0.9575839526371124,1.0319182665123583,0,0.0,0,0.0,0.0,0
2001,183,361,34656,0.75,0.75,0.0625,0,0,0,0,0,0,0.8734197089973662,0.9570749457595148,1.0269039846846977,0.9570749457595148,1.0269039846846977,0,0.0,0,0.0,0.0,0
2001,196,362,34752,0.75,0.75,0.0625,0,0,0,0,0,0,0.8727322427233555,0.9557633509929332,1.0297779327654764,0.9557633509929332,1.0297779327654764,0,0.0,0,0.0,0.0,0
2001,184,364,34944,0.75,0.75,0.0625,0,0,0,0,0,0,0.8681430719308724,0.950529579309878,1.023313595245965,0.950529579309878,1.023313595245965,0,0.0,0,0.0,0.0,0
2001,198,366,35136,0.75,0.75,0.0625,0,0,0,0,0,0,0.8733794915315345,0.9514373009352856,1.0296569968737097,0.9514373009352856,1.0296569968737097,0,0.0,0,0.0,0.0,0
2001,185,367,35232,0.75,0.75,0.0625,0,0,0,0,0,0,0.8743602982179608,0.952873633761016,1.0236031055024213,0.952873633761016,1.0236031055024213,0,0.0,0,0.0,0.0,0
2002,1,2,192,0.7999999999999999,0.7999999999999999,0.125,0,0,0,0,0,0,0.9178193857766588,0.9516311778785236,1.0310012994871671,0.9516311778785236,1.0310012994871671,0,0.0,0,0.0,0.0,0
2002,2,4,384,0.7999999999999999,0.7999999999999999,0.125,0,0,0,0,0,0,0.9099617548583132,0.9572371127695032,1.026280961533177,0.9572371127695032,1.026280961533177,0,0.0,0,0.0,0.0,0
2002,3,6,576,0.7999999999999999,0.7999999999999999,0.125,0,0,0,0,0,0,0.929887634144448,0.9552804012009004,1.0263212488038331,0.9552804012009004,1.0263212488038331,0,0.0,0,0.0,0.0,0
2002,4,7,672,0.7999999999999999,0.7999999999999999,0.125,0,0,0,0,0,0,0.9320838414567604,0.9554053927148304,1.0298833929472089,0.9554053927148304,1.0298833929472089,0,0.0,0,0.0,0.0,0
2002,5,10,960,0.7999999999999999,0.7999999999999999,0.125,0,0,0,0,0,0,0.91051361567343,0.956295948938464,1.0221532198153078,0.956295948938464,1.0221532198153078,0,0.0,0,0.0,0.0,0
2002,6,13,1248,0.7999999999999999,0.7999999999999999,0.125,0,0,0,0,0,0,0.9310189619435008,0.9533251426301796,1.0317671242076885,0.9533251426301796,1.0317671242076885,0,0.0,0,0.0,0.0,0
2002,7,16,1536,0.7999999999999999,0.7999999999999999,0.125,0,0,0,0,0,0,0.933232588416931,0.9536678997762,1.032248454499983,0.9536678997762,1.032248454499983,0,0.0,0,0.0,0.0,0
2002,8,17,1632,0.7999999999999999,0.7999999999999999,0.125,0,0,0,0,0,0,0.9154279104132544,0.9588595918225592,1.031191349851465,0.9588595918225592,1.031191349851465,0,0.0,0,0.0,0.0,0
2002,9,20,1920,0.7999999999999999,0.7999999999999999,0.125,0,0,0,0,0,0,0.9043058288556624,0.9561651668863314,1.0294617830296198,0.9561651668863314,1.0294617830296198,0,0.0,0,0.0,0.0,0
2002,10,22,2112,0.7999999999999999,0.7999999999999999,0.125,0,0,0,0,0,0,0.925186285758692,0.957670118251442,1.0351078164666894,0.957670118251442,1.0351078164666894,0,0.0,0,0.0,0.0,0
2002,11,23,2208,0.7999999999999999,0.7999999999999999,0.125,0,0,0,0,0,0,0.9110821454802408,0.9571864177393477,1.0304937175103006,0.9571864177393477,1.0304937175103006,0,0.0,0,0.0,0.0,0
2002,12,25,2400,0.7999999999999999,0.7999999999999999,0.125,0,0,0,0,0,0,0.9013871982485409,0.9571476441724036,1.02654670995899,0.9571476441724036,1.02654670995899,0,0.0,0,0.0,0.0,0
2002,13,26,2496,0.7999999999999999,0.7999999999999999,0.125,0,0,0,0,0,0,0.9244920947815346,0.95718318626063,1.0301147682827154,0.95718318626063,1.0301147682827154,0,0.0,0,0.0,0.0,0
2002,14,29,2784,0.7999999999999999,0.7999999999999999,0.125,0,0,0,0,0,0,0.9210722606522982,0.9559883629188388,1.022503444246963,0.9559883629188388,1.022503444246963,0,0.0,0,0.0,0.0,0
2002,15,30,2880,0.7999999999999999,0.7999999999999999,0.125,0,0,0,0,0,0,0.9158926320582952,0.9554847274668364,1.027257859554833,0.9554847274668364,1.027257859554833,0,0.0,0,0.0,0.0,0
2002,16,31,2976,0.7999999999999999,0.7999999999999999,0.125,0,0,0,0,0,0,0.9014686120097232,0.9551390701497484,1.0257513202925268,0.9551390701497484,1.0257513202925268,0,0.0,0,0.0,0.0,0
2002,17,34,3264,0.7999999999999999,0.7999999999999999,0.125,0,0,0,0,0,0,0.9198155274446692,0.9535441927556934,1.030348486432275,0.9535441927556934,1.030348486432275,0,0.0,0,0.0,0.0,0
2002,18,37,3552,0.7999999999999999,0.7999999999999999,0.125,0,0,0,0,0,0,0.9052508182630576,0.9600848422981988,1.0251807388876422,0.9600848422981988,1.0251807388876422,0,0.0,0,0.0,0.0,0
2002,19,38,3648,0.7999999999999999,0.7999999999999999,0.125,0,0,0,0,0,0,0.9313561111313408,0.9573717441020728,1.026577022783704,0.9573717441020728,1.026577022783704,0,0.0,0,0.0,0.0,0
2002,20,39,3744,0.7999999999999999,0.7999999999999999,0.125,0,0,0,0,0,0,0.9323968741779456,0.9560650107144668,1.0295908489939425,0.9560650107144668,1.0295908489939425,0,0.0,0,0.0,0.0,0
2002,21,43,4128,0.7999999999999999,0.7999999999999999,0.125,0,0,0,0,0,0,0.9149367173450996,0.9550089890904632,1.0248868276006549,0.9550089890904632,1.0248868276006549,0,0.0,0,0.0,0.0,0
2002,22,44,4224,0.7999999999999999,0.7999999999999999,0.125,0,0,0,0,0,0,0.907987264159234,0.958868708932257,1.0213882153230769,0.958868708932257,1.0213882153230769,0,0.0,0,0.0,0.0,0
2002,23,46,4416,0.7999999999999999,0.7999999999999999,0.125,0,0,0,0,0,0,0.9275448108725252,0.9540912915911296,1.0284812869231694,0.9540912915911296,1.0284812869231694,0,0.0,0,0.0,0.0,0
2002,24,49,4704,0.7999999999999999,0.7999999999999999,0.125,0,0,0,0,0,0,0.9287406741557764,0.9561158796282544,1.025578950506186,0.9561158796282544,1.025578950506186,0,0.0,0,0.0,0.0,0
2002,25,50,4800,0.7999999999999999,0.7999999999999999,0.125,0,0,0,0,0,0,0.8970981713062945,0.9585485323125024,1.028903222892697,0.9585485323125024,1.028903222892697,0,0.0,0,0.0,0.0,0
2002,26,51,4896,0.7999999999999999,0.7999999999999999,0.125,0,0,0,0,0,0,0.9305600010786668,0.9555840038464836,1.0252572458283793,0.9555840038464836,1.0252572458283793,0,0.0,0,0.0,0.0,0
2002,27,53,5088,0.7999999999999999,0.7999999999999999,0.125,0,0,0,0,0,0,0.9052780360602612,0.9570919369367796,1.0244336477295957,0.9570919369367796,1.0244336477295957,0,0.0,0,0.0,0.0,0
2002,28,54,5184,0.7999999999999999,0.7999999999999999,0.125,0,0,0,0,0,0,0.9203260692460992,0.9546383852868564,1.0255128144567525,0.9546383852868564,1.0255128144567525,0,0.0,0,0.0,0.0,0
2002,29,55,5280,0.7999999999999999,0.7999999999999999,0.125,0,0,0,0,0,0,0.9237602756514386,0.9543296020826382,1.0249916409223327,0.9543296020826382,1.0249916409223327,0,0.0,0,0.0,0.0,0
2002,30,56,5376,0.7999999999999999,0.7999999999999999,0.125,0,0,0,0,0,0,0.9187826012165248,0.9585238275441376,1.0264332148894115,0.9585238275441376,1.0264332148894115,0,0.0,0,0.0,0.0,0
2002,31,57,5472,0.7999999999999999,0.7999999999999999,0.125,0,0,0,0,0,0,0.9022791200954446,0.9588994774359546,1.0280668394982002,0.9588994774359546,1.0280668394982002,0,0.0,0,0.0,0.0,0
2002,32,59,5664,0.7999999999999999,0.7999999999999999,0.125,0,0,0,0,0,0,0.8960517756484027,0.95650279437009,1.0218603739067718,0.95650279437009,1.0218603739067718,0,0.0,0,0.0,0.0,0
2002,33,60,5760,0.7999999999999999,0.7999999999999999,0.125,0,0,0,0,0,0,0.920995835671812,0.9533433101446868,1.0301421187880049,0.9533433101446868,1.0301421187880049,0,0.0,0,0.0,0.0,0
2002,34,62,5952,0.7999999999999999,0.7999999999999999,0.125,0,0,0,0,0,0,0.9125202198416104,0.953863994185184,1.0245623422618693,0.953863994185184,1.0245623422618693,0,0.0,0,0.0,0.0,0
2002,35,65,6240,0.7999999999999999,0.7999999999999999,0.125,0,0,0,0,0,0,0.9133663537810184,0.9581173770340868,1.0287132587783592,0.9581173770340868,1.0287132587783592,0,0.0,0,0.0,0.0,0
2002,36,66,6336,0.7999999999999999,0.7999999999999999,0.125,0,0,0,0,0,0,0.9204528769774502,0.9517272469937488,1.0258615859355489,0.9517272469937488,1.0258615859355489,0,0.0,0,0.0,0.0,0
2002,37,67,6432,0.7999999999999999,0.7999999999999999,0.125,0,0,0,0,0,0,0.9117288196365952,0.9572152479104952,1.0335607465108887,0.9572152479104952,1.0335607465108887,0,0.0,0,0.0,0.0,0
2002,38,68,6528,0.7999999999999999,0.7999999999999999,0.125,0,0,0,0,0,0,0.9163216848257928,0.9570365500257462,1.031175048841502,0.9570365500257462,1.031175048841502,0,0.0,0,0.0,0.0,0
2002,39,69,6624,0.7999999999999999,0.7999999999999999,0.125,0,0,0,0,0,0,0.9217828237472064,0.956493064032392,1.0332016537760809,0.956493064032392,1.0332016537760809,0,0.0,0,0.0,0.0,0
2002,40,70,6720,0.7999999999999999,0.7999999999999999,0.125,0,0,0,0,0,0,0.9260757847962896,0.9565584674207048,1.0249259537402882,0.9565584674207048,1.0249259537402882,0,0.0,0,0.0,0.0,0
2002,41,71,6816,0.7999999999999999,0.7999999999999999,0.125,0,0,0,0,0,0,0.9311091982445464,0.9580446719939892,1.0246402425376644,0.9580446719939892,1.0246402425376644,0,0.0,0,0.0,0.0,0
2002,42,74,7104,0.7999999999999999,0.7999999999999999,0.125,0,0,0,0,0,0,0.9349302640228424,0.9592420969606466,1.0256299445035744,0.9592420969606466,1.0256299445035744,0,0.0,0,0.0,0.0,0
2002,43,80,7680,0.7999999999999999,0.7999999999999999,0.125,0,0,0,0,0,0,0.8911718431845286,0.9541801598924896,1.0239593251223236,0.9541801598924896,1.0239593251223236,0,0.0,0,0.0,0.0,0
2002,44,81,7776,0.7999999999999999,0.7999999999999999,0.125,0,0,0,0,0,0,0.9065612506647016,0.9556390664686688,1.0260799224385595,0.9556390664686688,1.0260799224385595,0,0.0,0,0.0,0.0,0
2002,45,82,7872,0.7999999999999999,0.7999999999999999,0.125,0,0,0,0,0,0,0.9251469417183816,0.9538432214234018,1.0285418092100047,0.9538432214234018,1.0285418092100047,0,0.0,0,0.0,0.0,0
2002,46,84,8064,0.7999999999999999,0.7999999999999999,0.125,0,0,0,0,0,0,0.9179672477285824,0.9538695404657712,1.029913010942171,0.9538695404657712,1.029913010942171,0,0.0,0,0.0,0.0,0
2002,47,85,8160,0.7999999999999999,0.7999999999999999,0.125,0,0,0,0,0,0,0.9070851888874202,0.9608987034553093,1.0307454797541082,0.9608987034553093,1.0307454797541082,0,0.0,0,0.0,0.0,0
2002,47,86,8256,0.7999999999999999,0.7999999999999999,0.125,0,0,0,0,0,0,0.9200392668207756,0.957620731424327,1.0261174669392985,0.957620731424327,1.0261174669392985,0,0.0,0,0.0,0.0,0
2002,48,87,8352,0.7999999999999999,0.7999999999999999,0.125,0,0,0,0,0,0,0.9325079489836876,0.9561468135322622,1.028932651940092,0.9561468135322622,1.028932651940092,0,0.0,0,0.0,0.0,0
2002,49,93,8928,0.7999999999999999,0.7999999999999999,0.125,0,0,0,0,0,0,0.9106291599288008,0.9563132633902528,1.0244445523579018,0.9563132633902528,1.0244445523579018,0,0.0,0,0.0,0.0,0
2002,50,94,9024,0.7999999999999999,0.7999999999999999,0.125,0,0,0,0,0,0,0.9087308712019444,0.9593591228399492,1.0277626395289146,0.9593591228399492,1.0277626395289146,0,0.0,0,0.0,0.0,0
2002,51,95,9120,0.7999999999999999,0.7999999999999999,0.125,0,0,0,0,0,0,0.9228301203848842,0.9574841360243258,1.0256946134941187,0.9574841360243258,1.0256946134941187,0,0.0,0,0.0,0.0,0
2002,52,97,9312,0.7999999999999999,0.7999999999999999,0.125,0,0,0,0,0,0,0.9150350257888888,0.9576582479552068,1.0230248337233865,0.9576582479552068,1.0230248337233865,0,0.0,0,0.0,0.0,0
2002,53,98,9408,0.7999999999999999,0.7999999999999999,0.125,0,0,0,0,0,0,0.9029576864040274,0.9546120082115532,1.0212252461378413,0.9546120082115532,1.0212252461378413,0,0.0,0,0.0,0.0,0
2002,54,101,9696,0.7999999999999999,0.7999999999999999,0.125,0,0,0,0,0,0,0.9156886158439131,0.9562540676541648,1.0268632690012298,0.9562540676541648,1.0268632690012298,0,0.0,0,0.0,0.0,0
2002,55,102,9792,0.7999999999999999,0.7999999999999999,0.125,0,0,0,0,0,0,0.9244669744556162,0.9571704379021786,1.0327175694529578,0.9571704379021786,1.0327175694529578,0,0.0,0,0.0,0.0,0
2002,56,107,10272,0.7999999999999999,0.7999999999999999,0.125,0,0,0,0,0,0,0.9032331961964106,0.9524112804240108,1.024378040799464,0.9524112804240108,1.024378040799464,0,0.0,0,0.0,0.0,0
2002,57,109,10464,0.7999999999999999,0.7999999999999999,0.125,0,0,0,0,0,0,0.9129060682594682,0.9537048361166872,1.0234981998505248,0.9537048361166872,1.0234981998505248,0,0.0,0,0.0,0.0,0
2002,58,111,10656,0.7999999999999999,0.7999999999999999,0.125,0,0,0,0,0,0,0.9253782789407587,0.9535379473858682,1.0246645470239542,0.9535379473858682,1.0246645470239542,0,0.0,0,0.0,0.0,0
2002,59,114,10944,0.7999999999999999,0.7999999999999999,0.125,0,0,0,0,0,0,0.9043910730134216,0.9568849559930964,1.024645695172147,0.9568849559930964,1.024645695172147,0,0.0,0,0.0,0.0,0
2002,60,116,11136,0.7999999999999999,0.7999999999999999,0.125,0,0,0,0,0,0,0.9309739915070776,0.9522000208252837,1.0237491817205076,0.9522000208252837,1.0237491817205076,0,0.0,0,0.0,0.0,0
2002,61,117,11232,0.7999999999999999,0.7999999999999999,0.125,0,0,0,0,0,0,0.9220177431392336,0.957744962685143,1.025781312970581,0.957744962685143,1.025781312970581,0,0.0,0,0.0,0.0,0
2002,62,119,11424,0.7999999999999999,0.7999999999999999,0.125,0,0,0,0,0,0,0.9227509322810312,0.9561559329324172,1.0295283232940404,0.9561559329324172,1.0295283232940404,0,0.0,0,0.0,0.0,0
2002,63,120,11520,0.7999999999999999,0.7999999999999999,0.125,0,0,0,0,0,0,0.922145874802708,0.9547066466137472,1.031342713637569,0.9547066466137472,1.031342713637569,0,0.0,0,0.0,0.0,0
2002,63,122,11712,0.7999999999999999,0.7999999999999999,0.125,0,0,0,0,0,0,0.9220413890630306,0.9581528548003816,1.0264186510565254,0.9581528548003816,1.0264186510565254,0,0.0,0,0.0,0.0,0
2002,64,123,11808,0.7999999999999999,0.7999999999999999,0.125,0,0,0,0,0,0,0.914765477465784,0.9543961922901332,1.0242954895130356,0.9543961922901332,1.0242954895130356,0,0.0,0,0.0,0.0,0
2002,65,125,12000,0.7999999999999999,0.7999999999999999,0.125,0,0,0,0,0,0,0.920614485731182,0.9548602377636768,1.0319371902220198,0.9548602377636768,1.0319371902220198,0,0.0,0,0.0,0.0,0
2002,66,126,12096,0.7999999999999999,0.7999999999999999,0.125,0,0,0,0,0,0,0.9276694095802908,0.9546078422910668,1.0254524596411752,0.9546078422910668,1.0254524596411752,0,0.0,0,0.0,0.0,0
2002,67,128,12288,0.7999999999999999,0.7999999999999999,0.125,0,0,0,0,0,0,0.9249013445709774,0.9567053329783736,1.0284338025279651,0.9567053329783736,1.0284338025279651,0,0.0,0,0.0,0.0,0
2002,68,129,12384,0.7999999999999999,0.7999999999999999,0.125,0,0,0,0,0,0,0.9391027638733124,0.953087568319613,1.0268049844182034,0.953087568319613,1.0268049844182034,0,0.0,0,0.0,0.0,0
2002,69,131,12576,0.7999999999999999,0.7999999999999999,0.125,0,0,0,0,0,0,0.906171959432758,0.956013406867863,1.03274319465551,0.956013406867863,1.03274319465551,0,0.0,0,0.0,0.0,0
2002,70,133,12768,0.7999999999999999,0.7999999999999999,0.125,0,0,0,0,0,0,0.9253048427032636,0.9544168008400662,1.028388918052666,0.9544168008400662,1.028388918052666,0,0.0,0,0.0,0.0,0
2002,71,134,12864,0.7999999999999999,0.7999999999999999,0.125,0,0,0,0,0,0,0.904190416778237,0.9542770579130198,1.026796865814574,0.9542770579130198,1.026796865814574,0,0.0,0,0.0,0.0,0
2002,72,136,13056,0.7999999999999999,0.7999999999999999,0.125,0,0,0,0,0,0,0.9410626963265368,0.9578457904088392,1.0310449313397545,0.9578457904088392,1.0310449313397545,0,0.0,0,0.0,0.0,0
2002,73,140,13440,0.7999999999999999,0.7999999999999999,0.125,0,0,0,0,0,0,0.903061470203216,0.9555121903842088,1.028182654178564,0.9555121903842088,1.028182654178564,0,0.0,0,0.0,0.0,0
2002,74,141,13536,0.7999999999999999,0.7999999999999999,0.125,0,0,0,0,0,0,0.9172442583200092,0.9543967155885112,1.0222217433445089,0.9543967155885112,1.0222217433445089,0,0.0,0,0.0,0.0,0
2002,75,142,13632,0.7999999999999999,0.7999999999999999,0.125,0,0,0,0,0,0,0.9252209885030854,0.9563107272986958,1.02979750939776,0.9563107272986958,1.02979750939776,0,0.0,0,0.0,0.0,0
2002,76,143,13728,0.7999999999999999,0.7999999999999999,0.125,0,0,0,0,0,0,0.9192010131766052,0.9542859870341248,1.0215100218826207,0.9542859870341248,1.0215100218826207,0,0.0,0,0.0,0.0,0
2002,77,145,13920,0.7999999999999999,0.7999999999999999,0.125,0,0,0,0,0,0,0.9137773407318648,0.9599110974014952,1.029730658984466,0.9599110974014952,1.029730658984466,0,0.0,0,0.0,0.0,0
2002,78,148,14208,0.7999999999999999,0.7999999999999999,0.125,0,0,0,0,0,0,0.9172347106273308,0.9534786786350496,1.0222446145938149,0.9534786786350496,1.0222446145938149,0,0.0,0,0.0,0.0,0
2002,79,149,14304,0.7999999999999999,0.7999999999999999,0.125,0,0,0,0,0,0,0.9292270498878517,0.9528147163232328,1.027797435425742,0.9528147163232328,1.027797435425742,0,0.0,0,0.0,0.0,0
2002,80,151,14496,0.7999999999999999,0.7999999999999999,0.125,0,0,0,0,0,0,0.9301809684422137,0.9564884959292684,1.023030254130548,0.9564884959292684,1.023030254130548,0,0.0,0,0.0,0.0,0
2002,81,152,14592,0.7999999999999999,0.7999999999999999,0.125,0,0,0,0,0,0,0.9122009054380692,0.9571316764522484,1.0262202774102702,0.9571316764522484,1.0262202774102702,0,0.0,0,0.0,0.0,0
2002,82,154,14784,0.7999999999999999,0.7999999999999999,0.125,0,0,0,0,0,0,0.9087228144158987,0.9562597003219704,1.0271850266003624,0.9562597003219704,1.0271850266003624,0,0.0,0,0.0,0.0,0
2002,83,156,14976,0.7999999999999999,0.7999999999999999,0.125,0,0,0,0,0,0,0.938864776982868,0.9535619490254332,1.0326436217050698,0.9535619490254332,1.0326436217050698,0,0.0,0,0.0,0.0,0
2002,84,157,15072,0.7999999999999999,0.7999999999999999,0.125,0,0,0,0,0,0,0.918650107664888,0.9562774162060445,1.030091647855767,0.9562774162060445,1.030091647855767,0,0.0,0,0.0,0.0,0
2002,85,166,15936,0.7999999999999999,0.7999999999999999,0.125,0,0,0,0,0,0,0.9111845929918224,0.9560175888419802,1.0232961185473497,0.9560175888419802,1.0232961185473497,0,0.0,0,0.0,0.0,0
2002,87,168,16128,0.7999999999999999,0.7999999999999999,0.125,0,0,0,0,0,0,0.9250857110666236,0.955879917594156,1.024277937234274,0.955879917594156,1.024277937234274,0,0.0,0,0.0,0.0,0
2002,86,169,16224,0.7999999999999999,0.7999999999999999,0.125,0,0,0,0,0,0,0.9208785683042616,0.9570711482344958,1.0263128651159543,0.9570711482344958,1.0263128651159543,0,0.0,0,0.0,0.0,0
2002,87,171,16416,0.7999999999999999,0.7999999999999999,0.125,0,0,0,0,0,0,0.912986609826918,0.95543220172433,1.0265557459217087,0.95543220172433,1.0265557459217087,0,0.0,0,0.0,0.0,0
2002,88,172,16512,0.7999999999999999,0.7999999999999999,0.125,0,0,0,0,0,0,0.9155430935637148,0.95224296017154,1.0254124447788455,0.95224296017154,1.0254124447788455,0,0.0,0,0.0,0.0,0
2002,89,173,16608,0.7999999999999999,0.7999999999999999,0.125,0,0,0,0,0,0,0.9229818439409349,0.9547626656953808,1.02648104445074,0.9547626656953808,1.02648104445074,0,0.0,0,0.0,0.0,0
2002,90,175,16800,0.7999999999999999,0.7999999999999999,0.125,0,0,0,0,0,0,0.919422982971718,0.9555946513205136,1.0267513435631606,0.9555946513205136,1.0267513435631606,0,0.0,0,0.0,0.0,0
2002,91,176,16896,0.7999999999999999,0.7999999999999999,0.125,0,0,0,0,0,0,0.9335053937749548,0.9567516626269248,1.0248667615360916,0.9567516626269248,1.0248667615360916,0,0.0,0,0.0,0.0,0
2002,92,178,17088,0.7999999999999999,0.7999999999999999,0.125,0,0,0,0,0,0,0.9255579433812728,0.9557983537923254,1.0249686730291006,0.9557983537923254,1.0249686730291006,0,0.0,0,0.0,0.0,0
2002,93,179,17184,0.7999999999999999,0.7999999999999999,0.125,0,0,0,0,0,0,0.9361034111051124,0.9539904563479736,1.0249533882556496,0.9539904563479736,1.0249533882556496,0,0.0,0,0.0,0.0,0
2002,94,181,17376,0.7999999999999999,0.7999999999999999,0.125,0,0,0,0,0,0,0.9251030289958412,0.9557225050544602,1.0270420045707325,0.9557225050544602,1.0270420045707325,0,0.0,0,0.0,0.0,0
2002,95,183,17568,0.7999999999999999,0.7999999999999999,0.125,0,0,0,0,0,0,0.9236057851536672,0.9548463365999458,1.0292356722216525,0.9548463365999458,1.0292356722216525,0,0.0,0,0.0,0.0,0
2002,96,184,17664,0.7999999999999999,0.7999999999999999,0.125,0,0,0,0,0,0,0.9247403269382324,0.9572423076220096,1.0239180261844445,0.9572423076220096,1.0239180261844445,0,0.0,0,0.0,0.0,0
2002,97,187,17952,0.7999999999999999,0.7999999999999999,0.125,0,0,0,0,0,0,0.9215268137979348,0.9524458329875086,1.0290391227646838,0.9524458329875086,1.0290391227646838,0,0.0,0,0.0,0.0,0
2002,100,190,18240,0.7999999999999999,0.7999999999999999,0.125,0,0,0,0,0,0,0.9115694986568827,0.9577141265702972,1.0212399289477685,0.9577141265702972,1.0212399289477685,0,0.0,0,0.0,0.0,0
2002,98,192,18432,0.7999999999999999,0.7999999999999999,0.125,0,0,0,0,0,0,0.9342275769399776,0.9542770717136831,1.0254513493281645,0.9542770717136831,1.0254513493281645,0,0.0,0,0.0,0.0,0
2002,99,193,18528,0.7999999999999999,0.7999999999999999,0.125,0,0,0,0,0,0,0.924256758594002,0.9545115687995918,1.026954569495372,0.9545115687995918,1.026954569495372,0,0.0,0,0.0,0.0,0
2002,100,197,18912,0.7999999999999999,0.7999999999999999,0.125,0,0,0,0,0,0,0.9163918230911768,0.9553378332894834,1.0272882795038034,0.9553378332894834,1.0272882795038034,0,0.0,0,0.0,0.0,0
2002,101,201,19296,0.7999999999999999,0.7999999999999999,0.125,0,0,0,0,0,0,0.9152023483735048,0.9549358673413232,1.033161532768427,0.9549358673413232,1.033161532768427,0,0.0,0,0.0,0.0,0
2002,102,205,19680,0.7999999999999999,0.7999999999999999,0.125,0,0,0,0,0,0,0.9090933980405927,0.9569185445881944,1.0267984810204078,0.9569185445881944,1.0267984810204078,0,0.0,0,0.0,0.0,0
2002,103,207,19872,0.7999999999999999,0.7999999999999999,0.125,1,1,0,1,0,0,0.9264712162176402,0.94849359267103,1.0256140286883022,0.94849359267103,1.0256140286883022,0,0.0,0,0.0,0.0,0
2002,104,210,20160,0.7999999999999999,0.7999999999999999,0.125,0,0,0,0,0,0,0.9064797924257392,0.9504547229772492,1.0216532569605503,0.9504547229772492,1.0216532569605503,0,0.0,0,0.0,0.0,0
2002,105,212,20352,0.7999999999999999,0.7999999999999999,0.125,0,0,0,0,0,0,0.9260724431465724,0.95296733706173,1.0305963410856738,0.95296733706173,1.0305963410856738,0,0.0,0,0.0,0.0,0
2002,106,213,20448,0.7999999999999999,0.7999999999999999,0.125,0,0,0,0,0,0,0.920969891850988,0.9557702112103306,1.032422231066123,0.9557702112103306,1.032422231066123,0,0.0,0,0.0,0.0,0
2002,107,216,20736,0.7999999999999999,0.7999999999999999,0.125,0,0,0,0,0,0,0.9031095640026172,0.9561964811820006,1.0278950310086243,0.9561964811820006,1.0278950310086243,0,0.0,0,0.0,0.0,0
2002,108,219,21024,0.7999999999999999,0.7999999999999999,0.125,0,0,0,0,0,0,0.9392455227280982,0.9538969788030972,1.0285414634934005,0.9538969788030972,1.0285414634934005,0,0.0,0,0.0,0.0,0
2002,109,220,21120,0.7999999999999999,0.7999999999999999,0.125,0,0,0,0,0,0,0.93121923643509,0.957350386636042,1.0238205119488075,0.957350386636042,1.0238205119488075,0,0.0,0,0.0,0.0,0
2002,110,226,21696,0.7999999999999999,0.7999999999999999,0.125,0,0,0,0,0,0,0.91783313881279,0.954702370490696,1.0270372443607343,0.954702370490696,1.0270372443607343,0,0.0,0,0.0,0.0,0
2002,114,228,21888,0.7999999999999999,0.7999999999999999,0.125,0,0,0,0,0,0,0.936891703058223,0.9590538877714752,1.0296821428391,0.9590538877714752,1.0296821428391,0,0.0,0,0.0,0.0,0
2002,111,230,22080,0.7999999999999999,0.7999999999999999,0.125,0,0,0,0,0,0,0.919620521772358,0.956673870338072,1.0272278866260522,0.956673870338072,1.0272278866260522,0,0.0,0,0.0,0.0,0
2002,112,231,22176,0.7999999999999999,0.7999999999999999,0.125,0,0,0,0,0,0,0.9160769517724144,0.9578086652761156,1.029301821032922,0.9578086652761156,1.029301821032922,0,0.0,0,0.0,0.0,0
2002,113,232,22272,0.7999999999999999,0.7999999999999999,0.125,0,0,0,0,0,0,0.9119887978764332,0.9579577269231386,1.0240290774242498,0.9579577269231386,1.0240290774242498,0,0.0,0,0.0,0.0,0
2002,114,234,22464,0.7999999999999999,0.7999999999999999,0.125,0,0,0,0,0,0,0.9219965214320964,0.9564565352759652,1.0306141176591357,0.9564565352759652,1.0306141176591357,0,0.0,0,0.0,0.0,0
2002,115,235,22560,0.7999999999999999,0.7999999999999999,0.125,0,0,0,0,0,0,0.9305788513715778,0.9543488166923794,1.0277517199652488,0.9543488166923794,1.0277517199652488,0,0.0,0,0.0,0.0,0
2002,116,236,22656,0.7999999999999999,0.7999999999999999,0.125,0,0,0,0,0,0,0.9263021970251256,0.9576466706190768,1.025435172269523,0.9576466706190768,1.025435172269523,0,0.0,0,0.0,0.0,0
2002,117,239,22944,0.7999999999999999,0.7999999999999999,0.125,0,0,0,0,0,0,0.9147670233998118,0.9556622790963836,1.027437305281478,0.9556622790963836,1.027437305281478,0,0.0,0,0.0,0.0,0
2002,118,240,23040,0.7999999999999999,0.7999999999999999,0.125,0,0,0,0,0,0,0.918290426709166,0.9561527711530624,1.0267149228426498,0.9561527711530624,1.0267149228426498,0,0.0,0,0.0,0.0,0
2002,123,241,23136,0.7999999999999999,0.7999999999999999,0.125,0,0,0,0,0,0,0.9133936649522298,0.9551135954752946,1.0245970911177529,0.9551135954752946,1.0245970911177529,0,0.0,0,0.0,0.0,0
2002,119,244,23424,0.7999999999999999,0.7999999999999999,0.125,0,0,0,0,0,0,0.9245604462167324,0.9565109272946828,1.0264874351584008,0.9565109272946828,1.0264874351584008,0,0.0,0,0.0,0.0,0
2002,120,245,23520,0.7999999999999999,0.7999999999999999,0.125,0,0,0,0,0,0,0.9121870236409674,0.9561206116376632,1.0262039289520264,0.9561206116376632,1.0262039289520264,0,0.0,0,0.0,0.0,0
2002,121,248,23808,0.7999999999999999,0.7999999999999999,0.125,0,0,0,0,0,0,0.9255771481699802,0.9571793238870084,1.0278318870347658,0.9571793238870084,1.0278318870347658,0,0.0,0,0.0,0.0,0
2002,122,251,24096,0.7999999999999999,0.7999999999999999,0.125,0,0,0,0,0,0,0.9084614523857494,0.955558073184727,1.02828797519011,0.955558073184727,1.02828797519011,0,0.0,0,0.0,0.0,0
2002,123,253,24288,0.7999999999999999,0.7999999999999999,0.125,0,0,0,0,0,0,0.9120127363386188,0.9560535936948976,1.0296433532987534,0.9560535936948976,1.0296433532987534,0,0.0,0,0.0,0.0,0
2002,124,254,24384,0.7999999999999999,0.7999999999999999,0.125,0,0,0,0,0,0,0.9155773327335583,0.9578491106093064,1.0251460671908628,0.9578491106093064,1.0251460671908628,0,0.0,0,0.0,0.0,0
2002,125,257,24672,0.7999999999999999,0.7999999999999999,0.125,0,0,0,0,0,0,0.9012208632820052,0.9590563701286894,1.0306176661563178,0.9590563701286894,1.0306176661563178,0,0.0,0,0.0,0.0,0
2002,126,259,24864,0.7999999999999999,0.7999999999999999,0.125,0,0,0,0,0,0,0.91129307112072,0.9596880289439936,1.0281028312080642,0.9596880289439936,1.0281028312080642,0,0.0,0,0.0,0.0,0
2002,127,261,25056,0.7999999999999999,0.7999999999999999,0.125,0,0,0,0,0,0,0.9316005919861912,0.95472274316915,1.028723097900219,0.95472274316915,1.028723097900219,0,0.0,0,0.0,0.0,0
2002,128,266,25536,0.7999999999999999,0.7999999999999999,0.125,0,0,0,0,0,0,0.9173108722693398,0.9542230390233444,1.0257545016667386,0.9542230390233444,1.0257545016667386,0,0.0,0,0.0,0.0,0
2002,129,267,25632,0.7999999999999999,0.7999999999999999,0.125,0,0,0,0,0,0,0.9181997183328314,0.9566859426488816,1.0275279033886957,0.9566859426488816,1.0275279033886957,0,0.0,0,0.0,0.0,0
2002,130,268,25728,0.7999999999999999,0.7999999999999999,0.125,0,0,0,0,0,0,0.9130561509727786,0.9571818818830112,1.022529132037954,0.9571818818830112,1.022529132037954,0,0.0,0,0.0,0.0,0
2002,131,269,25824,0.7999999999999999,0.7999999999999999,0.125,0,0,0,0,0,0,0.9307646968464656,0.9563832555599324,1.032685828010358,0.9563832555599324,1.032685828010358,0,0.0,0,0.0,0.0,0
2002,132,271,26016,0.7999999999999999,0.7999999999999999,0.125,0,0,0,0,0,0,0.9243387902141889,0.9525237087724544,1.021842915505491,0.9525237087724544,1.021842915505491,0,0.0,0,0.0,0.0,0
2002,133,272,26112,0.7999999999999999,0.7999999999999999,0.125,0,0,0,0,0,0,0.926064677047392,0.958445161004805,1.0258808183128163,0.958445161004805,1.0258808183128163,0,0.0,0,0.0,0.0,0
2002,134,273,26208,0.7999999999999999,0.7999999999999999,0.125,1,1,0,1,0,0,0.9235745183558988,0.9482871197075604,1.0249030493862583,0.9482871197075604,1.0249030493862583,0,0.0,0,0.0,0.0,0
2002,135,275,26400,0.7999999999999999,0.7999999999999999,0.125,0,0,0,0,0,0,0.8964873460363182,0.9580904243881962,1.0306079045626768,0.9580904243881962,1.0306079045626768,0,0.0,0,0.0,0.0,0
2002,136,276,26496,0.7999999999999999,0.7999999999999999,0.125,0,0,0,0,0,0,0.9264318610051344,0.9537173452979302,1.028292892628967,0.9537173452979302,1.028292892628967,0,0.0,0,0.0,0.0,0
2002,142,278,26688,0.7999999999999999,0.7999999999999999,0.125,0,0,0,0,0,0,0.912094745034126,0.9565464062491562,1.0265637941919166,0.9565464062491562,1.0265637941919166,0,0.0,0,0.0,0.0,0
2002,143,280,26880,0.7999999999999999,0.7999999999999999,0.125,0,0,0,0,0,0,0.910638658030973,0.9544528592001222,1.0250209337171183,0.9544528592001222,1.0250209337171183,0,0.0,0,0.0,0.0,0
2002,144,281,26976,0.7999999999999999,0.7999999999999999,0.125,0,0,0,0,0,0,0.8893185810856244,0.9582506612067718,1.0248701442176888,0.9582506612067718,1.0248701442176888,0,0.0,0,0.0,0.0,0
2002,137,282,27072,0.7999999999999999,0.7999999999999999,0.125,0,0,0,0,0,0,0.913816417900672,0.958945974522277,1.0294469873493048,0.958945974522277,1.0294469873493048,0,0.0,0,0.0,0.0,0
2002,138,283,27168,0.7999999999999999,0.7999999999999999,0.125,0,0,0,0,0,0,0.9053159980455788,0.9585817256937053,1.0341350343983615,0.9585817256937053,1.0341350343983615,0,0.0,0,0.0,0.0,0
2002,139,284,27264,0.7999999999999999,0.7999999999999999,0.125,0,0,0,0,0,0,0.9308974382499086,0.9557772716829952,1.0266738796067283,0.9557772716829952,1.0266738796067283,0,0.0,0,0.0,0.0,0
2002,140,285,27360,0.7999999999999999,0.7999999999999999,0.125,0,0,0,0,0,0,0.934711199772469,0.9578200714451164,1.028122442028355,0.9578200714451164,1.028122442028355,0,0.0,0,0.0,0.0,0
2002,141,287,27552,0.7999999999999999,0.7999999999999999,0.125,0,0,0,0,0,0,0.9303393760892718,0.9561525630463534,1.0267129042219731,0.9561525630463534,1.0267129042219731,0,0.0,0,0.0,0.0,0
2002,142,288,27648,0.7999999999999999,0.7999999999999999,0.125,0,0,0,0,0,0,0.9136464407906651,0.9573549807617366,1.027973421533413,0.9573549807617366,1.027973421533413,0,0.0,0,0.0,0.0,0
2002,143,289,27744,0.7999999999999999,0.7999999999999999,0.125,0,0,0,0,0,0,0.906027141548182,0.954507208994716,1.0223039233814473,0.954507208994716,1.0223039233814473,0,0.0,0,0.0,0.0,0
2002,144,290,27840,0.7999999999999999,0.7999999999999999,0.125,0,0,0,0,0,0,0.9225334237356936,0.9539799125391052,1.031369927065165,0.9539799125391052,1.031369927065165,0,0.0,0,0.0,0.0,0
2002,153,291,27936,0.7999999999999999,0.7999999999999999,0.125,0,0,0,0,0,0,0.9346139794326136,0.9547567059720942,1.0254990181989223,0.9547567059720942,1.0254990181989223,0,0.0,0,0.0,0.0,0
2002,145,292,28032,0.7999999999999999,0.7999999999999999,0.125,0,0,0,0,0,0,0.8993381402926566,0.9567971131781828,1.0247328231305504,0.9567971131781828,1.0247328231305504,0,0.0,0,0.0,0.0,0
2002,146,293,28128,0.7999999999999999,0.7999999999999999,0.125,0,0,0,0,0,0,0.9342136707647086,0.957016211225791,1.027671726350604,0.957016211225791,1.027671726350604,0,0.0,0,0.0,0.0,0
2002,147,294,28224,0.7999999999999999,0.7999999999999999,0.125,0,0,0,0,0,0,0.9148109784902688,0.9561346049424048,1.0266784084000713,0.9561346049424048,1.0266784084000713,0,0.0,0,0.0,0.0,0
2002,148,295,28320,0.7999999999999999,0.7999999999999999,0.125,0,0,0,0,0,0,0.907372730766028,0.9567026179056428,1.0227335993785505,0.9567026179056428,1.0227335993785505,0,0.0,0,0.0,0.0,0
2002,149,296,28416,0.7999999999999999,0.7999999999999999,0.125,0,0,0,0,0,0,0.9143987118051656,0.9563645890543032,1.0217904750967464,0.9563645890543032,1.0217904750967464,0,0.0,0,0.0,0.0,0
2002,150,297,28512,0.7999999999999999,0.7999999999999999,0.125,0,0,0,0,0,0,0.9303539177982042,0.954500294798666,1.0231464545842563,0.954500294798666,1.0231464545842563,0,0.0,0,0.0,0.0,0
2002,160,298,28608,0.7999999999999999,0.7999999999999999,0.125,0,0,0,0,0,0,0.9230061394402992,0.9606175389845162,1.0297602874412417,0.9606175389845162,1.0297602874412417,0,0.0,0,0.0,0.0,0
2002,151,299,28704,0.7999999999999999,0.7999999999999999,0.125,0,0,0,0,0,0,0.9255759569274497,0.9525622249710576,1.029882260852414,0.9525622249710576,1.029882260852414,0,0.0,0,0.0,0.0,0
2002,152,300,28800,0.7999999999999999,0.7999999999999999,0.125,0,0,0,0,0,0,0.9141691532357412,0.9597193621090868,1.0317587359527125,0.9597193621090868,1.0317587359527125,0,0.0,0,0.0,0.0,0
2002,153,302,28992,0.7999999999999999,0.7999999999999999,0.125,0,0,0,0,0,0,0.9248171477016948,0.959441821545676,1.02956864276648,0.959441821545676,1.02956864276648,0,0.0,0,0.0,0.0,0
2002,154,305,29280,0.7999999999999999,0.7999999999999999,0.125,0,0,0,0,0,0,0.9190473940502872,0.9555184141096192,1.0307170964708594,0.9555184141096192,1.0307170964708594,0,0.0,0,0.0,0.0,0
2002,155,306,29376,0.7999999999999999,0.7999999999999999,0.125,0,0,0,0,0,0,0.8967689184268647,0.9550437532522316,1.0217480602540414,0.9550437532522316,1.0217480602540414,0,0.0,0,0.0,0.0,0
2002,156,307,29472,0.7999999999999999,0.7999999999999999,0.125,0,0,0,0,0,0,0.9182650961520342,0.9568389116012076,1.0215081026453352,0.9568389116012076,1.0215081026453352,0,0.0,0,0.0,0.0,0
2002,157,308,29568,0.7999999999999999,0.7999999999999999,0.125,0,0,0,0,0,0,0.9161494533056028,0.9525596614912016,1.024294590767156,0.9525596614912016,1.024294590767156,0,0.0,0,0.0,0.0,0
2002,158,312,29952,0.7999999999999999,0.7999999999999999,0.125,0,0,0,0,0,0,0.9142011424358708,0.9525019409163196,1.0260384583755795,0.9525019409163196,1.0260384583755795,0,0.0,0,0.0,0.0,0
2002,159,315,30240,0.7999999999999999,0.7999999999999999,0.125,0,0,0,0,0,0,0.934260644731693,0.9570773960496732,1.0303732314662668,0.9570773960496732,1.0303732314662668,0,0.0,0,0.0,0.0,0
2002,160,317,30432,0.7999999999999999,0.7999999999999999,0.125,0,0,0,0,0,0,0.930888306431544,0.9534271685921276,1.0223957202958458,0.9534271685921276,1.0223957202958458,0,0.0,0,0.0,0.0,0
2002,161,319,30624,0.7999999999999999,0.7999999999999999,0.125,0,0,0,0,0,0,0.923013871269146,0.9511072350002489,1.0316638283886257,0.9511072350002489,1.0316638283886257,0,0.0,0,0.0,0.0,0
2002,162,321,30816,0.7999999999999999,0.7999999999999999,0.125,0,0,0,0,0,0,0.9202626843685304,0.9558426975995152,1.0299052711439338,0.9558426975995152,1.0299052711439338,0,0.0,0,0.0,0.0,0
2002,173,322,30912,0.7999999999999999,0.7999999999999999,0.125,0,0,0,0,0,0,0.910776997396994,0.954980163070434,1.0228547812389788,0.954980163070434,1.0228547812389788,0,0.0,0,0.0,0.0,0
2002,163,326,31296,0.7999999999999999,0.7999999999999999,0.125,1,1,0,1,0,0,0.9232929472841052,0.9492793076496732,1.0227657125706693,0.9492793076496732,1.0227657125706693,0,0.0,0,0.0,0.0,0
2002,164,329,31584,0.7999999999999999,0.7999999999999999,0.125,0,0,0,0,0,0,0.9301414215485864,0.9562965475032852,1.0263011806995652,0.9562965475032852,1.0263011806995652,0,0.0,0,0.0,0.0,0
2002,165,331,31776,0.7999999999999999,0.7999999999999999,0.125,0,0,0,0,0,0,0.9462102139984052,0.9584040282360702,1.0262737605295906,0.9584040282360702,1.0262737605295906,0,0.0,0,0.0,0.0,0
2002,166,332,31872,0.7999999999999999,0.7999999999999999,0.125,0,0,0,0,0,0,0.9156078401579828,0.9525621508772538,1.0306994552485662,0.9525621508772538,1.0306994552485662,0,0.0,0,0.0,0.0,0
2002,167,333,31968,0.7999999999999999,0.7999999999999999,0.125,0,0,0,0,0,0,0.9015621262658108,0.9587696381991032,1.0250116682379111,0.9587696381991032,1.0250116682379111,0,0.0,0,0.0,0.0,0
2002,168,335,32160,0.7999999999999999,0.7999999999999999,0.125,0,0,0,0,0,0,0.9145838710476574,0.955885319464589,1.0234973968731411,0.955885319464589,1.0234973968731411,0,0.0,0,0.0,0.0,0
2002,169,336,32256,0.7999999999999999,0.7999999999999999,0.125,0,0,0,0,0,0,0.9317897786776956,0.951934821063358,1.024140060274715,0.951934821063358,1.024140060274715,0,0.0,0,0.0,0.0,0
2002,170,337,32352,0.7999999999999999,0.7999999999999999,0.125,0,0,0,0,0,0,0.9241760317126712,0.9593422472491432,1.0283318215887416,0.9593422472491432,1.0283318215887416,0,0.0,0,0.0,0.0,0
2002,171,338,32448,0.7999999999999999,0.7999999999999999,0.125,0,0,0,0,0,0,0.927147283286806,0.9555352089232526,1.0251708533347104,0.9555352089232526,1.0251708533347104,0,0.0,0,0.0,0.0,0
2002,172,339,32544,0.7999999999999999,0.7999999999999999,0.125,0,0,0,0,0,0,0.9348306303979284,0.9569169304188117,1.0328921631962913,0.9569169304188117,1.0328921631962913,0,0.0,0,0.0,0.0,0
2002,173,341,32736,0.7999999999999999,0.7999999999999999,0.125,0,0,0,0,0,0,0.9005944392865891,0.955986687936624,1.0264649463999955,0.955986687936624,1.0264649463999955,0,0.0,0,0.0,0.0,0
2002,174,342,32832,0.7999999999999999,0.7999999999999999,0.125,0,0,0,0,0,0,0.9180014108673475,0.951395056806582,1.0272335698444026,0.951395056806582,1.0272335698444026,0,0.0,0,0.0,0.0,0
2002,175,345,33120,0.7999999999999999,0.7999999999999999,0.125,0,0,0,0,0,0,0.9008174683368346,0.9509007221932538,1.0311114987746746,0.9509007221932538,1.0311114987746746,0,0.0,0,0.0,0.0,0
2002,176,347,33312,0.7999999999999999,0.7999999999999999,0.125,0,0,0,0,0,0,0.9251628465269196,0.9533051759661578,1.0316593745833582,0.9533051759661578,1.0316593745833582,0,0.0,0,0.0,0.0,0
2002,177,348,33408,0.7999999999999999,0.7999999999999999,0.125,0,0,0,0,0,0,0.9081203866104332,0.954573400064272,1.0262730110217122,0.954573400064272,1.0262730110217122,0,0.0,0,0.0,0.0,0
2002,178,349,33504,0.7999999999999999,0.7999999999999999,0.125,0,0,0,0,0,0,0.928528319753968,0.950590041791374,1.026953040875141,0.950590041791374,1.026953040875141,0,0.0,0,0.0,0.0,0
2002,179,351,33696,0.7999999999999999,0.7999999999999999,0.125,0,0,0,0,0,0,0.9125398313584148,0.957614529409552,1.026817688314556,0.957614529409552,1.026817688314556,0,0.0,0,0.0,0.0,0
2002,191,352,33792,0.7999999999999999,0.7999999999999999,0.125,0,0,0,0,0,0,0.934299931369235,0.9586734664750672,1.0286076841698402,0.9586734664750672,1.0286076841698402,0,0.0,0,0.0,0.0,0
2002,180,354,33984,0.7999999999999999,0.7999999999999999,0.125,0,0,0,0,0,0,0.9241480874435548,0.9560453997447126,1.0260387350481466,0.9560453997447126,1.0260387350481466,0,0.0,0,0.0,0.0,0
2002,181,355,34080,0.7999999999999999,0.7999999999999999,0.125,0,0,0,0,0,0,0.9540442586460118,0.9555629726484588,1.033927193855212,0.9555629726484588,1.033927193855212,0,0.0,0,0.0,0.0,0
2002,182,356,34176,0.7999999999999999,0.7999999999999999,0.125,0,0,0,0,0,0,0.9199160262216908,0.9592368053574092,1.0309417593285524,0.9592368053574092,1.0309417593285524,0,0.0,0,0.0,0.0,0
2002,183,361,34656,0.7999999999999999,0.7999999999999999,0.125,0,0,0,0,0,0,0.919647593569535,0.958702221918044,1.027009945163926,0.958702221918044,1.027009945163926,0,0.0,0,0.0,0.0,0
2002,196,362,34752,0.7999999999999999,0.7999999999999999,0.125,0,0,0,0,0,0,0.9194364334665064,0.9574397362321496,1.02943781681975,0.9574397362321496,1.02943781681975,0,0.0,0,0.0,0.0,0
2002,184,364,34944,0.7999999999999999,0.7999999999999999,0.125,0,0,0,0,0,0,0.9141590210681264,0.9525399522235792,1.0224077833510377,0.9525399522235792,1.0224077833510377,0,0.0,0,0.0,0.0,0
2002,198,366,35136,0.7999999999999999,0.7999999999999999,0.125,0,0,0,0,0,0,0.919891918553486,0.9531768193617328,1.0286794566772677,0.9531768193617328,1.0286794566772677,0,0.0,0,0.0,0.0,0
2002,185,367,35232,0.7999999999999999,0.7999999999999999,0.125,0,0,0,0,0,0,0.920279193290734,0.954582411040506,1.0240627123357924,0.954582411040506,1.0240627123357924,0,0.0,0,0.0,0.0,0
2003,1,2,192,0.85,0.85,0.1875,0,0,0,0,0,0,0.9754881047095176,0.9532813929248678,1.0301555084659997,0.9532813929248678,1.0301555084659997,0,0.0,0,0.0,0.0,0
2003,2,4,384,0.85,0.85,0.1875,0,0,0,0,0,0,0.9679670097658658,0.9588541646558936,1.026196738876942,0.9588541646558936,1.026196738876942,0,0.0,0,0.0,0.0,0
2003,3,6,576,0.85,0.85,0.1875,0,0,0,0,0,0,0.9870991319409724,0.9567920205093692,1.025267216030482,0.9567920205093692,1.025267216030482,0,0.0,0,0.0,0.0,0
2003,4,7,672,0.85,0.85,0.1875,0,0,0,0,0,0,0.9902582784384056,0.9570589203255524,1.0287506857391358,0.9570589203255524,1.0287506857391358,0,0.0,0,0.0,0.0,0
2003,5,10,960,0.85,0.85,0.1875,0,0,0,0,0,0,0.9693305386317808,0.9578761370999228,1.0227974959906825,0.9578761370999228,1.0227974959906825,0,0.0,0,0.0,0.0,0
2003,6,13,1248,0.85,0.85,0.1875,0,0,0,0,0,0,0.988606082160338,0.9550404717598676,1.0307838994644047,0.9550404717598676,1.0307838994644047,0,0.0,0,0.0,0.0,0
2003,7,16,1536,0.85,0.85,0.1875,0,0,0,0,0,0,0.991958872167984,0.9552393421405024,1.031244334660245,0.9552393421405024,1.031244334660245,0,0.0,0,0.0,0.0,0
2003,8,17,1632,0.85,0.85,0.1875,0,0,0,0,0,0,0.9740915393913048,0.9603719321588464,1.0302555636137374,0.9603719321588464,1.0302555636137374,0,0.0,0,0.0,0.0,0
2003,9,20,1920,0.85,0.85,0.1875,0,0,0,0,0,0,0.9637960848493128,0.9578824165429818,1.0290784540328042,0.9578824165429818,1.0290784540328042,0,0.0,0,0.0,0.0,0
2003,10,22,2112,0.85,0.85,0.1875,0,0,0,0,0,0,0.983243552340994,0.9593467902696214,1.0342369398030855,0.9593467902696214,1.0342369398030855,0,0.0,0,0.0,0.0,0
2003,11,23,2208,0.85,0.85,0.1875,0,0,0,0,0,0,0.970756198655069,0.9588553067639206,1.030019884889523,0.9588553067639206,1.030019884889523,0,0.0,0,0.0,0.0,0
2003,12,25,2400,0.85,0.85,0.1875,0,0,0,0,0,0,0.959433402331324,0.958765972229072,1.026581743727549,0.958765972229072,1.026581743727549,0,0.0,0,0.0,0.0,0
2003,13,26,2496,0.85,0.85,0.1875,0,0,0,0,0,0,0.9829283536753094,0.9588772269503076,1.0293375104427696,0.9588772269503076,1.0293375104427696,0,0.0,0,0.0,0.0,0
2003,14,29,2784,0.85,0.85,0.1875,0,0,0,0,0,0,0.9806213441951324,0.9575352138264585,1.0221266065315011,0.9575352138264585,1.0221266065315011,0,0.0,0,0.0,0.0,0
2003,15,30,2880,0.85,0.85,0.1875,0,0,0,0,0,0,0.9744458909775604,0.9569862870001256,1.0265183313492512,0.9569862870001256,1.0265183313492512,0,0.0,0,0.0,0.0,0
2003,16,31,2976,0.85,0.85,0.1875,0,0,0,0,0,0,0.9598951504769062,0.956761234885777,1.0246070692542475,0.956761234885777,1.0246070692542475,0,0.0,0,0.0,0.0,0
2003,17,34,3264,0.85,0.85,0.1875,0,0,0,0,0,0,0.9775108996976176,0.955217970470882,1.0295051588730748,0.955217970470882,1.0295051588730748,0,0.0,0,0.0,0.0,0
2003,18,37,3552,0.85,0.85,0.1875,0,0,0,0,0,0,0.9639353083031016,0.9617023959238794,1.024417761909609,0.9617023959238794,1.024417761909609,0,0.0,0,0.0,0.0,0
2003,19,38,3648,0.85,0.85,0.1875,0,0,0,0,0,0,0.9896702595919388,0.959044965354974,1.0258454008832782,0.959044965354974,1.0258454008832782,0,0.0,0,0.0,0.0,0
2003,20,39,3744,0.85,0.85,0.1875,0,0,0,0,0,0,0.9906944977945492,0.9575778762511878,1.0285457576467871,0.9575778762511878,1.0285457576467871,0,0.0,0,0.0,0.0,0
2003,21,43,4128,0.85,0.85,0.1875,0,0,0,0,0,0,0.974815389509576,0.9566392296840568,1.0240199567646908,0.9566392296840568,1.0240199567646908,0,0.0,0,0.0,0.0,0
2003,22,44,4224,0.85,0.85,0.1875,0,0,0,0,0,0,0.9670280507035908,0.9604971585550092,1.0215955603696003,0.9604971585550092,1.0215955603696003,0,0.0,0,0.0,0.0,0
2003,23,46,4416,0.85,0.85,0.1875,0,0,0,0,0,0,0.9856110303785902,0.9557047401223596,1.0276408591239998,0.9557047401223596,1.0276408591239998,0,0.0,0,0.0,0.0,0
2003,24,49,4704,0.85,0.85,0.1875,0,0,0,0,0,0,0.9875380709772432,0.9577452679837706,1.0246117758875,0.9577452679837706,1.0246117758875,0,0.0,0,0.0,0.0,0
2003,25,50,4800,0.85,0.85,0.1875,0,0,0,0,0,0,0.9549094389179222,0.9601129891475152,1.0281667168702682,0.9601129891475152,1.0281667168702682,0,0.0,0,0.0,0.0,0
2003,26,51,4896,0.85,0.85,0.1875,0,0,0,0,0,0,0.989353880831172,0.9572920039479512,1.0244068527174854,0.9572920039479512,1.0244068527174854,0,0.0,0,0.0,0.0,0
2003,27,53,5088,0.85,0.85,0.1875,0,0,0,0,0,0,0.962891327526308,0.958636608524275,1.0237545904903855,0.958636608524275,1.0237545904903855,0,0.0,0,0.0,0.0,0
2003,28,54,5184,0.85,0.85,0.1875,0,0,0,0,0,0,0.9786899998694168,0.9563384473299764,1.0251952831461173,0.9563384473299764,1.0251952831461173,0,0.0,0,0.0,0.0,0
2003,29,55,5280,0.85,0.85,0.1875,0,0,0,0,0,0,0.9829493555935568,0.9560563826583304,1.0238574124290274,0.9560563826583304,1.0238574124290274,0,0.0,0,0.0,0.0,0
2003,30,56,5376,0.85,0.85,0.1875,0,0,0,0,0,0,0.978144516739476,0.9601151977688746,1.0264059561830008,0.9601151977688746,1.0264059561830008,0,0.0,0,0.0,0.0,0
2003,31,57,5472,0.85,0.85,0.1875,0,0,0,0,0,0,0.9611143810229412,0.960519683603172,1.0270119206179449,0.960519683603172,1.0270119206179449,0,0.0,0,0.0,0.0,0
2003,32,59,5664,0.85,0.85,0.1875,0,0,0,0,0,0,0.954783397531582,0.9581676202267256,1.022413283931676,0.9581676202267256,1.022413283931676,0,0.0,0,0.0,0.0,0
2003,33,60,5760,0.85,0.85,0.1875,0,0,0,0,0,0,0.9783197738319872,0.9549503906887938,1.029426166171124,0.9549503906887938,1.029426166171124,0,0.0,0,0.0,0.0,0
2003,34,62,5952,0.85,0.85,0.1875,0,0,0,0,0,0,0.9718723701989188,0.955513349337826,1.0244015766972745,0.955513349337826,1.0244015766972745,0,0.0,0,0.0,0.0,0
2003,35,65,6240,0.85,0.85,0.1875,0,0,0,0,0,0,0.9725099636010924,0.9597576311426744,1.0277516210861022,0.9597576311426744,1.0277516210861022,0,0.0,0,0.0,0.0,0
2003,36,66,6336,0.85,0.85,0.1875,0,0,0,0,0,0,0.9779357036690656,0.953411991441279,1.0249127367933517,0.953411991441279,1.0249127367933517,0,0.0,0,0.0,0.0,0
2003,37,67,6432,0.85,0.85,0.1875,0,0,0,0,0,0,0.9701192667658016,0.95877010875693,1.0325026076201194,0.95877010875693,1.0325026076201194,0,0.0,0,0.0,0.0,0
2003,38,68,6528,0.85,0.85,0.1875,0,0,0,0,0,0,0.9748882682785076,0.9585561181191958,1.030312957372563,0.9585561181191958,1.030312957372563,0,0.0,0,0.0,0.0,0
2003,39,69,6624,0.85,0.85,0.1875,0,0,0,0,0,0,0.9813284589286722,0.9580354197945056,1.0320866254372505,0.9580354197945056,1.0320866254372505,0,0.0,0,0.0,0.0,0
2003,40,70,6720,0.85,0.85,0.1875,0,0,0,0,0,0,0.9840482171703996,0.9580883409012813,1.0244757722459197,0.9580883409012813,1.0244757722459197,0,0.0,0,0.0,0.0,0
2003,41,71,6816,0.85,0.85,0.1875,0,0,0,0,0,0,0.9891875835774888,0.95969467562723,1.0238234023244102,0.95969467562723,1.0238234023244102,0,0.0,0,0.0,0.0,0
2003,42,74,7104,0.85,0.85,0.1875,0,0,0,0,0,0,0.9939540186039976,0.9608128950988852,1.0245354013734649,0.9608128950988852,1.0245354013734649,0,0.0,0,0.0,0.0,0
2003,43,80,7680,0.85,0.85,0.1875,0,0,0,0,0,0,0.9495104068613476,0.955821948198966,1.0237182736800097,0.955821948198966,1.0237182736800097,0,0.0,0,0.0,0.0,0
2003,44,81,7776,0.85,0.85,0.1875,0,0,0,0,0,0,0.965417128351055,0.9573180455898836,1.026017250880029,0.9573180455898836,1.026017250880029,0,0.0,0,0.0,0.0,0
2003,45,82,7872,0.85,0.85,0.1875,0,0,0,0,0,0,0.9825912162435824,0.955589805645937,1.0274669699167729,0.955589805645937,1.0274669699167729,0,0.0,0,0.0,0.0,0
2003,46,84,8064,0.85,0.85,0.1875,0,0,0,0,0,0,0.976327491660856,0.9557193569191298,1.028901844061267,0.9557193569191298,1.028901844061267,0,0.0,0,0.0,0.0,0
2003,47,85,8160,0.85,0.85,0.1875,0,0,0,0,0,0,0.9647323326076626,0.9623755875451584,1.0299886129871878,0.9623755875451584,1.0299886129871878,0,0.0,0,0.0,0.0,0
2003,47,86,8256,0.85,0.85,0.1875,0,0,0,0,0,0,0.978827987829676,0.959127879171836,1.0251641481367386,0.959127879171836,1.0251641481367386,0,0.0,0,0.0,0.0,0
2003,48,87,8352,0.85,0.85,0.1875,0,0,0,0,0,0,0.9920488731899778,0.9577319038329236,1.027731059032161,0.9577319038329236,1.027731059032161,0,0.0,0,0.0,0.0,0
2003,49,93,8928,0.85,0.85,0.1875,0,0,0,0,0,0,0.9690156406104332,0.9579358679701891,1.024499443517325,0.9579358679701891,1.024499443517325,0,0.0,0,0.0,0.0,0
2003,50,94,9024,0.85,0.85,0.1875,0,0,0,0,0,0,0.9682706061690948,0.9609233217309204,1.0270157968668845,0.9609233217309204,1.0270157968668845,0,0.0,0,0.0,0.0,0
2003,51,95,9120,0.85,0.85,0.1875,0,0,0,0,0,0,0.9809817943193968,0.9591451360009434,1.0252422126574632,0.9591451360009434,1.0252422126574632,0,0.0,0,0.0,0.0,0
2003,52,97,9312,0.85,0.85,0.1875,0,0,0,0,0,0,0.9734820539485768,0.9593067678430652,1.0222276817943112,0.9593067678430652,1.0222276817943112,0,0.0,0,0.0,0.0,0
2003,53,98,9408,0.85,0.85,0.1875,0,0,0,0,0,0,0.9618600748109926,0.9562898431875684,1.0212447458788751,0.9562898431875684,1.0212447458788751,0,0.0,0,0.0,0.0,0
2003,54,101,9696,0.85,0.85,0.1875,0,0,0,0,0,0,0.9758321079504588,0.9578297215770148,1.025761897155023,0.9578297215770148,1.025761897155023,0,0.0,0,0.0,0.0,0
2003,55,102,9792,0.85,0.85,0.1875,0,0,0,0,0,0,0.9830154570253524,0.958686725269525,1.0317927537896938,0.958686725269525,1.0317927537896938,0,0.0,0,0.0,0.0,0
2003,56,107,10272,0.85,0.85,0.1875,0,0,0,0,0,0,0.9621754834249736,0.9541121240410048,1.0242159610029855,0.9541121240410048,1.0242159610029855,0,0.0,0,0.0,0.0,0
2003,57,109,10464,0.85,0.85,0.1875,0,0,0,0,0,0,0.9709616323660908,0.9552994912814948,1.0235462727617253,0.9552994912814948,1.0235462727617253,0,0.0,0,0.0,0.0,0
2003,58,111,10656,0.85,0.85,0.1875,0,0,0,0,0,0,0.9842954139449418,0.9552266567566272,1.0243456431773277,0.9552266567566272,1.0243456431773277,0,0.0,0,0.0,0.0,0
2003,59,114,10944,0.85,0.85,0.1875,0,0,0,0,0,0,0.9635695339048622,0.9585035847117892,1.0235850307216103,0.9585035847117892,1.0235850307216103,0,0.0,0,0.0,0.0,0
2003,60,116,11136,0.85,0.85,0.1875,0,0,0,0,0,0,0.99022270807535,0.9538977972373294,1.0229002103968945,0.9538977972373294,1.0229002103968945,0,0.0,0,0.0,0.0,0
2003,61,117,11232,0.85,0.85,0.1875,0,0,0,0,0,0,0.9801978279780016,0.959328887837606,1.0246961847592362,0.959328887837606,1.0246961847592362,0,0.0,0,0.0,0.0,0
2003,62,119,11424,0.85,0.85,0.1875,0,0,0,0,0,0,0.9807720276195596,0.9577510363625724,1.0285953875533749,0.9577510363625724,1.0285953875533749,0,0.0,0,0.0,0.0,0
2003,63,120,11520,0.85,0.85,0.1875,0,0,0,0,0,0,0.9801879453049704,0.9562577627277292,1.0303620453714193,0.9562577627277292,1.0303620453714193,0,0.0,0,0.0,0.0,0
2003,63,122,11712,0.85,0.85,0.1875,0,0,0,0,0,0,0.9801667099617244,0.9597329310723832,1.026585194173011,0.9597329310723832,1.026585194173011,0,0.0,0,0.0,0.0,0
2003,64,123,11808,0.85,0.85,0.1875,0,0,0,0,0,0,0.9727578992785688,0.9561193682111956,1.0234474351624694,0.9561193682111956,1.0234474351624694,0,0.0,0,0.0,0.0,0
2003,65,125,12000,0.85,0.85,0.1875,0,0,0,0,0,0,0.9787703429227034,0.9565613638942672,1.0309734116977065,0.9565613638942672,1.0309734116977065,0,0.0,0,0.0,0.0,0
2003,66,126,12096,0.85,0.85,0.1875,0,0,0,0,0,0,0.9866884138800808,0.9562921735092248,1.0243916572544507,0.9562921735092248,1.0243916572544507,0,0.0,0,0.0,0.0,0
2003,67,128,12288,0.85,0.85,0.1875,0,0,0,0,0,0,0.9829277414536758,0.9582407953271064,1.0275125280568176,0.9582407953271064,1.0275125280568176,0,0.0,0,0.0,0.0,0
2003,68,129,12384,0.85,0.85,0.1875,0,0,0,0,0,0,0.9973672778078612,0.9546899845723908,1.0259108730790558,0.9546899845723908,1.0259108730790558,0,0.0,0,0.0,0.0,0
2003,69,131,12576,0.85,0.85,0.1875,0,0,0,0,0,0,0.9653502366368164,0.9576037187066956,1.032050330323638,0.9576037187066956,1.032050330323638,0,0.0,0,0.0,0.0,0
2003,70,133,12768,0.85,0.85,0.1875,0,0,0,0,0,0,0.984009087187506,0.9559606813752756,1.027365001643185,0.9559606813752756,1.027365001643185,0,0.0,0,0.0,0.0,0
2003,71,134,12864,0.85,0.85,0.1875,0,0,0,0,0,0,0.9620646651594402,0.9558645793120992,1.0257724158221646,0.9558645793120992,1.0257724158221646,0,0.0,0,0.0,0.0,0
2003,72,136,13056,0.85,0.85,0.1875,0,0,0,0,0,0,0.9990644693949964,0.959454765552076,1.0298136316002149,0.959454765552076,1.0298136316002149,0,0.0,0,0.0,0.0,0
2003,73,140,13440,0.85,0.85,0.1875,0,0,0,0,0,0,0.960873233150933,0.9570964963098773,1.027432569078215,0.9570964963098773,1.027432569078215,0,0.0,0,0.0,0.0,0
2003,74,141,13536,0.85,0.85,0.1875,0,0,0,0,0,0,0.9754652917757404,0.9560115508091936,1.0222591522172944,0.9560115508091936,1.0222591522172944,0,0.0,0,0.0,0.0,0
2003,75,142,13632,0.85,0.85,0.1875,0,0,0,0,0,0,0.9832965367312656,0.958007891169406,1.0286564080299363,0.958007891169406,1.0286564080299363,0,0.0,0,0.0,0.0,0
2003,76,143,13728,0.85,0.85,0.1875,0,0,0,0,0,0,0.9788182262066758,0.9560216623118712,1.0221919300826836,0.9560216623118712,1.0221919300826836,0,0.0,0,0.0,0.0,0
2003,77,145,13920,0.85,0.85,0.1875,0,0,0,0,0,0,0.972124259643554,0.9614252799823216,1.0296333893124436,0.9614252799823216,1.0296333893124436,0,0.0,0,0.0,0.0,0
2003,78,148,14208,0.85,0.85,0.1875,0,0,0,0,0,0,0.9744094250520648,0.9551766271570568,1.0222823770384064,0.9551766271570568,1.0222823770384064,0,0.0,0,0.0,0.0,0
2003,79,149,14304,0.85,0.85,0.1875,0,0,0,0,0,0,0.987373283035884,0.9544723472844208,1.0277356665192463,0.9544723472844208,1.0277356665192463,0,0.0,0,0.0,0.0,0
2003,80,151,14496,0.85,0.85,0.1875,0,0,0,0,0,0,0.9880806378842476,0.958058351192899,1.0227133844744103,0.958058351192899,1.0227133844744103,0,0.0,0,0.0,0.0,0
2003,81,152,14592,0.85,0.85,0.1875,0,0,0,0,0,0,0.970481821507488,0.9586359052025952,1.026041962823809,0.9586359052025952,1.026041962823809,0,0.0,0,0.0,0.0,0
2003,82,154,14784,0.85,0.85,0.1875,0,0,0,0,0,0,0.9675274568095328,0.9578202580833356,1.0261881288638763,0.9578202580833356,1.0261881288638763,0,0.0,0,0.0,0.0,0
2003,83,156,14976,0.85,0.85,0.1875,0,0,0,0,0,0,0.9974607792164896,0.9551597500723696,1.031598127918996,0.9551597500723696,1.031598127918996,0,0.0,0,0.0,0.0,0
2003,84,157,15072,0.85,0.85,0.1875,0,0,0,0,0,0,0.9772689666457816,0.9578895072731496,1.0295378986054708,0.9578895072731496,1.0295378986054708,0,0.0,0,0.0,0.0,0
2003,85,166,15936,0.85,0.85,0.1875,0,0,0,0,0,0,0.969514890337931,0.9576706079530886,1.0226808143543142,0.9576706079530886,1.0226808143543142,0,0.0,0,0.0,0.0,0
2003,87,168,16128,0.85,0.85,0.1875,0,0,0,0,0,0,0.984161762481778,0.9574757525012584,1.023243924990838,0.9574757525012584,1.023243924990838,0,0.0,0,0.0,0.0,0
2003,86,169,16224,0.85,0.85,0.1875,0,0,0,0,0,0,0.9787699882584202,0.9587412013255154,1.0259862546373435,0.9587412013255154,1.0259862546373435,0,0.0,0,0.0,0.0,0
2003,87,171,16416,0.85,0.85,0.1875,0,0,0,0,0,0,0.9705398831693036,0.9570962080381392,1.0253466895276528,0.9570962080381392,1.0253466895276528,0,0.0,0,0.0,0.0,0
2003,88,172,16512,0.85,0.85,0.1875,0,0,0,0,0,0,0.9740478675169556,0.9539759890959486,1.0252129357224045,0.9539759890959486,1.0252129357224045,0,0.0,0,0.0,0.0,0
2003,89,173,16608,0.85,0.85,0.1875,0,0,0,0,0,0,0.9797374305353664,0.9564633066688756,1.0255172765969427,0.9564633066688756,1.0255172765969427,0,0.0,0,0.0,0.0,0
2003,90,175,16800,0.85,0.85,0.1875,0,0,0,0,0,0,0.9786763608355036,0.957095471442608,1.0257529634933322,0.957095471442608,1.0257529634933322,0,0.0,0,0.0,0.0,0
2003,91,176,16896,0.85,0.85,0.1875,0,0,0,0,0,0,0.9917899157936384,0.9582801127212438,1.0252362061452267,0.9582801127212438,1.0252362061452267,0,0.0,0,0.0,0.0,0
2003,92,178,17088,0.85,0.85,0.1875,0,0,0,0,0,0,0.9841777505309168,0.9573601892627476,1.0239238303251756,0.9573601892627476,1.0239238303251756,0,0.0,0,0.0,0.0,0
2003,93,179,17184,0.85,0.85,0.1875,0,0,0,0,0,0,0.9944744687032092,0.955692823722832,1.0244358357441836,0.955692823722832,1.0244358357441836,0,0.0,0,0.0,0.0,0
2003,94,181,17376,0.85,0.85,0.1875,0,0,0,0,0,0,0.983797221357288,0.9574022316205082,1.0259090571164673,0.9574022316205082,1.0259090571164673,0,0.0,0,0.0,0.0,0
2003,95,183,17568,0.85,0.85,0.1875,0,0,0,0,0,0,0.981908228472948,0.9565708330482596,1.028231922201057,0.9565708330482596,1.028231922201057,0,0.0,0,0.0,0.0,0
2003,96,184,17664,0.85,0.85,0.1875,0,0,0,0,0,0,0.9833285916217248,0.9588916515508116,1.0228874473433474,0.9588916515508116,1.0228874473433474,0,0.0,0,0.0,0.0,0
2003,97,187,17952,0.85,0.85,0.1875,0,0,0,0,0,0,0.978615169118895,0.9541835230340424,1.029120163894729,0.9541835230340424,1.029120163894729,0,0.0,0,0.0,0.0,0
2003,100,190,18240,0.85,0.85,0.1875,0,0,0,0,0,0,0.9702178213547956,0.959285214728998,1.021235759893428,0.959285214728998,1.021235759893428,0,0.0,0,0.0,0.0,0
2003,98,192,18432,0.85,0.85,0.1875,0,0,0,0,0,0,0.9930829094861194,0.956012484454742,1.0252091851438372,0.956012484454742,1.0252091851438372,0,0.0,0,0.0,0.0,0
2003,99,193,18528,0.85,0.85,0.1875,0,0,0,0,0,0,0.9824261810846208,0.9562378755621386,1.026302973713081,0.9562378755621386,1.026302973713081,0,0.0,0,0.0,0.0,0
2003,100,197,18912,0.85,0.85,0.1875,0,0,0,0,0,0,0.9757374276366032,0.9568832664341864,1.0269545438029315,0.9568832664341864,1.0269545438029315,0,0.0,0,0.0,0.0,0
2003,101,201,19296,0.85,0.85,0.1875,0,0,0,0,0,0,0.9736625800402255,0.9564763662274488,1.032171021125618,0.9564763662274488,1.032171021125618,0,0.0,0,0.0,0.0,0
2003,102,205,19680,0.85,0.85,0.1875,0,0,0,0,0,0,0.9680125147787624,0.9584776548364836,1.0257901320857796,0.9584776548364836,1.0257901320857796,0,0.0,0,0.0,0.0,0
2003,103,207,19872,0.85,0.85,0.1875,0,0,0,0,0,0,0.9851888236550432,0.9502312381615404,1.0251890976886315,0.9502312381615404,1.0251890976886315,0,0.0,0,0.0,0.0,0
2003,104,210,20160,0.85,0.85,0.1875,0,0,0,0,0,0,0.9649471801126048,0.9521784466010964,1.021257851965453,0.9521784466010964,1.021257851965453,0,0.0,0,0.0,0.0,0
2003,105,212,20352,0.85,0.85,0.1875,0,0,0,0,0,0,0.9833871374126752,0.9546978784054866,1.0295161855685688,0.9546978784054866,1.0295161855685688,0,0.0,0,0.0,0.0,0
2003,106,213,20448,0.85,0.85,0.1875,0,0,0,0,0,0,0.979605297859762,0.9573867815771816,1.031565607755317,0.9573867815771816,1.031565607755317,0,0.0,0,0.0,0.0,0
2003,107,216,20736,0.85,0.85,0.1875,0,0,0,0,0,0,0.9621768930889678,0.957808694035726,1.027571669683671,0.957808694035726,1.027571669683671,0,0.0,0,0.0,0.0,0
2003,108,219,21024,0.85,0.85,0.1875,0,0,0,0,0,0,0.9975820529056824,0.9556036973702442,1.027548568225173,0.9556036973702442,1.027548568225173,0,0.0,0,0.0,0.0,0
2003,109,220,21120,0.85,0.85,0.1875,0,0,0,0,0,0,0.9902392968451624,0.9590090282372936,1.0233491031626918,0.9590090282372936,1.0233491031626918,0,0.0,0,0.0,0.0,0
2003,110,226,21696,0.85,0.85,0.1875,0,0,0,0,0,0,0.9759152981125891,0.9562581914880904,1.0267471180542167,0.9562581914880904,1.0267471180542167,0,0.0,0,0.0,0.0,0
2003,114,228,21888,0.85,0.85,0.1875,0,0,0,0,0,0,0.9955295524958516,0.960713127969532,1.028766015484393,0.960713127969532,1.028766015484393,0,0.0,0,0.0,0.0,0
2003,111,230,22080,0.85,0.85,0.1875,0,0,0,0,0,0,0.9778952043415134,0.9583300213749598,1.0262145751651055,0.9583300213749598,1.0262145751651055,0,0.0,0,0.0,0.0,0
2003,112,231,22176,0.85,0.85,0.1875,0,0,0,0,0,0,0.9757664703547556,0.959358479515474,1.0281216129202568,0.959358479515474,1.0281216129202568,0,0.0,0,0.0,0.0,0
2003,113,232,22272,0.85,0.85,0.1875,0,0,0,0,0,0,0.9711665338294656,0.9595710974034106,1.0238345149720465,0.9595710974034106,1.0238345149720465,0,0.0,0,0.0,0.0,0
2003,114,234,22464,0.85,0.85,0.1875,0,0,0,0,0,0,0.9805287520551464,0.9579760460518408,1.0296141652362756,0.9579760460518408,1.0296141652362756,0,0.0,0,0.0,0.0,0
2003,115,235,22560,0.85,0.85,0.1875,0,0,0,0,0,0,0.9884001907374133,0.9559165750325996,1.0274423547826932,0.9559165750325996,1.0274423547826932,0,0.0,0,0.0,0.0,0
2003,116,236,22656,0.85,0.85,0.1875,0,0,0,0,0,0,0.9854830601405822,0.95928410192093,1.024898957913443,0.95928410192093,1.024898957913443,0,0.0,0,0.0,0.0,0
2003,117,239,22944,0.85,0.85,0.1875,0,0,0,0,0,0,0.97341013392764,0.9573305438410604,1.0273573807708198,0.9573305438410604,1.0273573807708198,0,0.0,0,0.0,0.0,0
2003,118,240,23040,0.85,0.85,0.1875,0,0,0,0,0,0,0.97772002958247,0.9578147431455436,1.0258530859307824,0.9578147431455436,1.0258530859307824,0,0.0,0,0.0,0.0,0
2003,123,241,23136,0.85,0.85,0.1875,0,0,0,0,0,0,0.971405738644032,0.956754666333817,1.0241409902367662,0.956754666333817,1.0241409902367662,0,0.0,0,0.0,0.0,0
2003,119,244,23424,0.85,0.85,0.1875,0,0,0,0,0,0,0.983045665164036,0.9581939207233996,1.0266289630777103,0.9581939207233996,1.0266289630777103,0,0.0,0,0.0,0.0,0
2003,120,245,23520,0.85,0.85,0.1875,0,0,0,0,0,0,0.9703691853249072,0.9576953041928756,1.0258110259339048,0.9576953041928756,1.0258110259339048,0,0.0,0,0.0,0.0,0
2003,121,248,23808,0.85,0.85,0.1875,0,0,0,0,0,0,0.984828729898072,0.9588654134591325,1.027149228110165,0.9588654134591325,1.027149228110165,0,0.0,0,0.0,0.0,0
2003,122,251,24096,0.85,0.85,0.1875,0,0,0,0,0,0,0.9668922308664128,0.9572667681602838,1.0272700878362138,0.9572667681602838,1.0272700878362138,0,0.0,0,0.0,0.0,0
2003,123,253,24288,0.85,0.85,0.1875,0,0,0,0,0,0,0.9704874760686264,0.9577085799535244,1.0287024242032703,0.9577085799535244,1.0287024242032703,0,0.0,0,0.0,0.0,0
2003,124,254,24384,0.85,0.85,0.1875,0,0,0,0,0,0,0.9728570530615136,0.9595123149055574,1.0244239818876997,0.9595123149055574,1.0244239818876997,0,0.0,0,0.0,0.0,0
2003,125,257,24672,0.85,0.85,0.1875,0,0,0,0,0,0,0.9601548431111532,0.9605882243841436,1.0298830208168372,0.9605882243841436,1.0298830208168372,0,0.0,0,0.0,0.0,0
2003,126,259,24864,0.85,0.85,0.1875,0,0,0,0,0,0,0.9703276694567308,0.9612353910580312,1.027098791266876,0.9612353910580312,1.027098791266876,0,0.0,0,0.0,0.0,0
2003,127,261,25056,0.85,0.85,0.1875,0,0,0,0,0,0,0.9903319630202428,0.9564135443948938,1.0283459557883114,0.9564135443948938,1.0283459557883114,0,0.0,0,0.0,0.0,0
2003,128,266,25536,0.85,0.85,0.1875,0,0,0,0,0,0,0.9761994260212176,0.9559397505741484,1.024653267250682,0.9559397505741484,1.024653267250682,0,0.0,0,0.0,0.0,0
2003,129,267,25632,0.85,0.85,0.1875,0,0,0,0,0,0,0.9772895586234692,0.9583439498721248,1.0273186506893937,0.9583439498721248,1.0273186506893937,0,0.0,0,0.0,0.0,0
2003,130,268,25728,0.85,0.85,0.1875,0,0,0,0,0,0,0.9715645684595376,0.9588589210911158,1.0220012908168572,0.9588589210911158,1.0220012908168572,0,0.0,0,0.0,0.0,0
2003,131,269,25824,0.85,0.85,0.1875,0,0,0,0,0,0,0.9886821236507416,0.9580593891768352,1.0315555803170922,0.9580593891768352,1.0315555803170922,0,0.0,0,0.0,0.0,0
2003,132,271,26016,0.85,0.85,0.1875,0,0,0,0,0,0,0.9833570548717852,0.9542849296248366,1.0223309805391894,0.9542849296248366,1.0223309805391894,0,0.0,0,0.0,0.0,0
2003,133,272,26112,0.85,0.85,0.1875,0,0,0,0,0,0,0.9839529529343132,0.9600896477252456,1.0249903766279311,0.9600896477252456,1.0249903766279311,0,0.0,0,0.0,0.0,0
2003,134,273,26208,0.85,0.85,0.1875,0,0,0,0,0,0,0.9818309511058616,0.9503228982717472,1.0239752477832167,0.9503228982717472,1.0239752477832167,0,0.0,0,0.0,0.0,0
2003,135,275,26400,0.85,0.85,0.1875,0,0,0,0,0,0,0.95575566935785,0.9597331400959778,1.0300004582539717,0.9597331400959778,1.0300004582539717,0,0.0,0,0.0,0.0,0
2003,136,276,26496,0.85,0.85,0.1875,0,0,0,0,0,0,0.9851372767726062,0.955399433859957,1.0277013499199654,0.955399433859957,1.0277013499199654,0,0.0,0,0.0,0.0,0
2003,142,278,26688,0.85,0.85,0.1875,0,0,0,0,0,0,0.9717721685574991,0.9582539906586636,1.0253920725332892,0.9582539906586636,1.0253920725332892,0,0.0,0,0.0,0.0,0
2003,143,280,26880,0.85,0.85,0.1875,0,0,0,0,0,0,0.9688601298150056,0.9559978276565256,1.024695131271191,0.9559978276565256,1.024695131271191,0,0.0,0,0.0,0.0,0
2003,144,281,26976,0.85,0.85,0.1875,0,0,0,0,0,0,0.9468818171589836,0.959774117068444,1.0249812737070692,0.959774117068444,1.0249812737070692,0,0.0,0,0.0,0.0,0
2003,137,282,27072,0.85,0.85,0.1875,0,0,0,0,0,0,0.9723287285381076,0.9606274789902092,1.028396097496596,0.9606274789902092,1.028396097496596,0,0.0,0,0.0,0.0,0
2003,138,283,27168,0.85,0.85,0.1875,0,0,0,0,0,0,0.9641642442299228,0.9601496782750796,1.0331671106608318,0.9601496782750796,1.0331671106608318,0,0.0,0,0.0,0.0,0
2003,139,284,27264,0.85,0.85,0.1875,0,0,0,0,0,0,0.9887040803494732,0.9574656765960716,1.026375539990547,0.9574656765960716,1.026375539990547,0,0.0,0,0.0,0.0,0
2003,140,285,27360,0.85,0.85,0.1875,0,0,0,0,0,0,0.9934249494639196,0.9593228545353356,1.027264210817341,0.9593228545353356,1.027264210817341,0,0.0,0,0.0,0.0,0
2003,141,287,27552,0.85,0.85,0.1875,0,0,0,0,0,0,0.9893764986395256,0.957720075175636,1.0261629409280784,0.957720075175636,1.0261629409280784,0,0.0,0,0.0,0.0,0
2003,142,288,27648,0.85,0.85,0.1875,0,0,0,0,0,0,0.9715650034470972,0.9589590392079976,1.0272537554797494,0.9589590392079976,1.0272537554797494,0,0.0,0,0.0,0.0,0
2003,143,289,27744,0.85,0.85,0.1875,0,0,0,0,0,0,0.9642084298210724,0.9561506279604156,1.0215016661039935,0.9561506279604156,1.0215016661039935,0,0.0,0,0.0,0.0,0
2003,144,290,27840,0.85,0.85,0.1875,0,0,0,0,0,0,0.9807467480882148,0.9556915255088008,1.030703561255262,0.9556915255088008,1.030703561255262,0,0.0,0,0.0,0.0,0
2003,153,291,27936,0.85,0.85,0.1875,0,0,0,0,0,0,0.9927585997496684,0.9566161165721134,1.0250940058144604,0.9566161165721134,1.0250940058144604,0,0.0,0,0.0,0.0,0
2003,145,292,28032,0.85,0.85,0.1875,0,0,0,0,0,0,0.956595861496654,0.958314634756146,1.0236551167647567,0.958314634756146,1.0236551167647567,0,0.0,0,0.0,0.0,0
2003,146,293,28128,0.85,0.85,0.1875,0,0,0,0,0,0,0.9916610530370408,0.9584780235229344,1.0265958826305834,0.9584780235229344,1.0265958826305834,0,0.0,0,0.0,0.0,0
2003,147,294,28224,0.85,0.85,0.1875,0,0,0,0,0,0,0.97273081656782,0.9578304799854344,1.0262358147702082,0.9578304799854344,1.0262358147702082,0,0.0,0,0.0,0.0,0
2003,148,295,28320,0.85,0.85,0.1875,0,0,0,0,0,0,0.966760023243865,0.9583280660404376,1.0234291948173135,0.9583280660404376,1.0234291948173135,0,0.0,0,0.0,0.0,0
2003,149,296,28416,0.85,0.85,0.1875,0,0,0,0,0,0,0.9731114719298,0.9580240545103652,1.021887786506684,0.9580240545103652,1.021887786506684,0,0.0,0,0.0,0.0,0
2003,150,297,28512,0.85,0.85,0.1875,0,0,0,0,0,0,0.989160899840936,0.9561630914769288,1.023400314426119,0.9561630914769288,1.023400314426119,0,0.0,0,0.0,0.0,0
2003,160,298,28608,0.85,0.85,0.1875,0,0,0,0,0,0,0.9811792985832656,0.9621832603653488,1.0287793594392265,0.9621832603653488,1.0287793594392265,0,0.0,0,0.0,0.0,0
2003,151,299,28704,0.85,0.85,0.1875,0,0,0,0,0,0,0.9846331152062104,0.9542755289785924,1.028880502524382,0.9542755289785924,1.028880502524382,0,0.0,0,0.0,0.0,0
2003,152,300,28800,0.85,0.85,0.1875,0,0,0,0,0,0,0.9731416575970708,0.9612851471951652,1.0307864715270945,0.9612851471951652,1.0307864715270945,0,0.0,0,0.0,0.0,0
2003,153,302,28992,0.85,0.85,0.1875,0,0,0,0,0,0,0.983292014474306,0.9610965287050894,1.0285505398503962,0.9610965287050894,1.0285505398503962,0,0.0,0,0.0,0.0,0
2003,154,305,29280,0.85,0.85,0.1875,0,0,0,0,0,0,0.9779474242844204,0.9572102196281944,1.0298286583575524,0.9572102196281944,1.0298286583575524,0,0.0,0,0.0,0.0,0
2003,155,306,29376,0.85,0.85,0.1875,0,0,0,0,0,0,0.9554277297590628,0.9566419736579762,1.022427722013357,0.9566419736579762,1.022427722013357,0,0.0,0,0.0,0.0,0
2003,156,307,29472,0.85,0.85,0.1875,0,0,0,0,0,0,0.9765616327924682,0.9584338522117066,1.021899673302045,0.9584338522117066,1.021899673302045,0,0.0,0,0.0,0.0,0
2003,157,308,29568,0.85,0.85,0.1875,0,0,0,0,0,0,0.974055984409855,0.9541614312459616,1.0232904577448312,0.9541614312459616,1.0232904577448312,0,0.0,0,0.0,0.0,0
2003,158,312,29952,0.85,0.85,0.1875,0,0,0,0,0,0,0.971770265144458,0.9540913520381088,1.0257087554633286,0.9540913520381088,1.0257087554633286,0,0.0,0,0.0,0.0,0
2003,159,315,30240,0.85,0.85,0.1875,0,0,0,0,0,0,0.991947414858407,0.958586773261339,1.030044537277819,0.958586773261339,1.030044537277819,0,0.0,0,0.0,0.0,0
2003,160,317,30432,0.85,0.85,0.1875,0,0,0,0,0,0,0.9899334494013184,0.9550659709028418,1.0217234546375196,0.9550659709028418,1.0217234546375196,0,0.0,0,0.0,0.0,0
2003,161,319,30624,0.85,0.85,0.1875,0,0,0,0,0,0,0.9811187397657624,0.9528350988710204,1.030656340867812,0.9528350988710204,1.030656340867812,0,0.0,0,0.0,0.0,0
2003,162,321,30816,0.85,0.85,0.1875,0,0,0,0,0,0,0.9775154878534652,0.9573999921827224,1.0289390991586642,0.9573999921827224,1.0289390991586642,0,0.0,0,0.0,0.0,0
2003,173,322,30912,0.85,0.85,0.1875,0,0,0,0,0,0,0.9691505681647274,0.9566404641455768,1.0226460611319044,0.9566404641455768,1.0226460611319044,0,0.0,0,0.0,0.0,0
2003,163,326,31296,0.85,0.85,0.1875,0,0,0,0,0,0,0.9811448297484856,0.9511315979325288,1.0220962443878043,0.9511315979325288,1.0220962443878043,0,0.0,0,0.0,0.0,0
2003,164,329,31584,0.85,0.85,0.1875,0,0,0,0,0,0,0.9892967320979836,0.9579509233326924,1.0263717582893352,0.9579509233326924,1.0263717582893352,0,0.0,0,0.0,0.0,0
2003,165,331,31776,0.85,0.85,0.1875,0,0,0,0,0,0,1.0039911895622038,0.9599469796664776,1.0257283585511767,0.9599469796664776,1.0257283585511767,0,0.0,0,0.0,0.0,0
2003,166,332,31872,0.85,0.85,0.1875,0,0,0,0,0,0,0.9749117285251268,0.9542355020652676,1.0298675670393214,0.9542355020652676,1.0298675670393214,0,0.0,0,0.0,0.0,0
2003,167,333,31968,0.85,0.85,0.1875,0,0,0,0,0,0,0.9607387474290936,0.9603412121530044,1.0240614864835131,0.9603412121530044,1.0240614864835131,0,0.0,0,0.0,0.0,0
2003,168,335,32160,0.85,0.85,0.1875,0,0,0,0,0,0,0.9732455603904588,0.9575445253005608,1.0241776347648506,0.9575445253005608,1.0241776347648506,0,0.0,0,0.0,0.0,0
2003,169,336,32256,0.85,0.85,0.1875,0,0,0,0,0,0,0.9903340234479974,0.9536639494568224,1.0235533737288272,0.9536639494568224,1.0235533737288272,0,0.0,0,0.0,0.0,0
2003,170,337,32352,0.85,0.85,0.1875,0,0,0,0,0,0,0.9825945674151216,0.9608726726988266,1.0273035466159997,0.9608726726988266,1.0273035466159997,0,0.0,0,0.0,0.0,0
2003,171,338,32448,0.85,0.85,0.1875,0,0,0,0,0,0,0.9853546659103491,0.9570953733265198,1.024997953991442,0.9570953733265198,1.024997953991442,0,0.0,0,0.0,0.0,0
2003,172,339,32544,0.85,0.85,0.1875,0,0,0,0,0,0,0.9939643149180662,0.958579179199531,1.0319269393276786,0.958579179199531,1.0319269393276786,0,0.0,0,0.0,0.0,0
2003,173,341,32736,0.85,0.85,0.1875,0,0,0,0,0,0,0.9582307371366894,0.9576070691342838,1.0258789648197724,0.9576070691342838,1.0258789648197724,0,0.0,0,0.0,0.0,0
2003,174,342,32832,0.85,0.85,0.1875,0,0,0,0,0,0,0.975426537363038,0.95295361385762,1.0261698292383823,0.95295361385762,1.0261698292383823,0,0.0,0,0.0,0.0,0
2003,175,345,33120,0.85,0.85,0.1875,0,0,0,0,0,0,0.9593874112835774,0.9526077328751256,1.0300217979263036,0.9526077328751256,1.0300217979263036,0,0.0,0,0.0,0.0,0
2003,176,347,33312,0.85,0.85,0.1875,0,0,0,0,0,0,0.9838884382155404,0.9549062872329104,1.0307426531485189,0.9549062872329104,1.0307426531485189,0,0.0,0,0.0,0.0,0
2003,177,348,33408,0.85,0.85,0.1875,0,0,0,0,0,0,0.9666917763024956,0.9561733819420384,1.0259997926186235,0.9561733819420384,1.0259997926186235,0,0.0,0,0.0,0.0,0
2003,178,349,33504,0.85,0.85,0.1875,0,0,0,0,0,0,0.9864310579243604,0.9522917350658566,1.026102921915168,0.9522917350658566,1.026102921915168,0,0.0,0,0.0,0.0,0
2003,179,351,33696,0.85,0.85,0.1875,0,0,0,0,0,0,0.9707006389386724,0.9592794200528092,1.026060023022897,0.9592794200528092,1.026060023022897,0,0.0,0,0.0,0.0,0
2003,191,352,33792,0.85,0.85,0.1875,0,0,0,0,0,0,0.99359409441328,0.9602733229228072,1.027570130446823,0.9602733229228072,1.027570130446823,0,0.0,0,0.0,0.0,0
2003,180,354,33984,0.85,0.85,0.1875,0,0,0,0,0,0,0.9827458115649788,0.9576747139969444,1.0261742574582833,0.9576747139969444,1.0261742574582833,0,0.0,0,0.0,0.0,0
2003,181,355,34080,0.85,0.85,0.1875,0,0,0,0,0,0,1.0124059793352596,0.957224490826346,1.0330409877442952,0.957224490826346,1.0330409877442952,0,0.0,0,0.0,0.0,0
2003,182,356,34176,0.85,0.85,0.1875,0,0,0,0,0,0,0.978020251462516,0.9608463995945312,1.0299605582055902,0.9608463995945312,1.0299605582055902,0,0.0,0,0.0,0.0,0
2003,183,361,34656,0.85,0.85,0.1875,0,0,0,0,0,0,0.978047310174524,0.960246745896818,1.026967552651762,0.960246745896818,1.026967552651762,0,0.0,0,0.0,0.0,0
2003,196,362,34752,0.85,0.85,0.1875,0,0,0,0,0,0,0.978043402304256,0.9590977482845876,1.0289734989904984,0.9590977482845876,1.0289734989904984,0,0.0,0,0.0,0.0,0
2003,184,364,34944,0.85,0.85,0.1875,0,0,0,0,0,0,0.9721798540751304,0.9542724227581346,1.0214586002598405,0.9542724227581346,1.0214586002598405,0,0.0,0,0.0,0.0,0
2003,198,366,35136,0.85,0.85,0.1875,0,0,0,0,0,0,0.978318543519222,0.9548395798140704,1.0276402181434503,0.9548395798140704,1.0276402181434503,0,0.0,0,0.0,0.0,0
2003,185,367,35232,0.85,0.85,0.1875,0,0,0,0,0,0,0.978320733461515,0.956258317626792,1.0244129142753953,0.956258317626792,1.0244129142753953,0,0.0,0,0.0,0.0,0
2004,1,2,192,0.8999999999999999,0.8999999999999999,0.25,0,0,0,0,0,0,1.0439287777933255,0.9548662035605004,1.0290668484519565,0.9548662035605004,1.0290668484519565,0,0.0,0,0.0,0.0,0
2004,2,4,384,0.8999999999999999,0.8999999999999999,0.25,0,0,0,0,0,0,1.0366921971606695,0.9604081686216716,1.025959364250124,0.9604081686216716,1.025959364250124,0,0.0,0,0.0,0.0,0
2004,3,6,576,0.8999999999999999,0.8999999999999999,0.25,0,0,0,0,0,0,1.0548701933228486,0.958298592418502,1.0241905859782805,0.958298592418502,1.0241905859782805,0,0.0,0,0.0,0.0,0
2004,4,7,672,0.8999999999999999,0.8999999999999999,0.25,0,0,0,0,0,0,1.0590208363530589,0.9586764043031336,1.0276032448077776,0.9586764043031336,1.0276032448077776,0,0.0,0,0.0,0.0,0
2004,5,10,960,0.8999999999999999,0.8999999999999999,0.25,0,0,0,0,0,0,1.0386902582695048,0.9594339943736964,1.023410732834704,0.9594339943736964,1.023410732834704,0,0.0,0,0.0,0.0,0
2004,6,13,1248,0.8999999999999999,0.8999999999999999,0.25,0,0,0,0,0,0,1.056946799615637,0.9567100290043588,1.0296532229865645,0.9567100290043588,1.0296532229865645,0,0.0,0,0.0,0.0,0
2004,7,16,1536,0.8999999999999999,0.8999999999999999,0.25,0,0,0,0,0,0,1.0615244162733024,0.9567794185975051,1.0301023795913855,0.9567794185975051,1.0301023795913855,0,0.0,0,0.0,0.0,0
2004,8,17,1632,0.8999999999999999,0.8999999999999999,0.25,0,0,0,0,0,0,1.0436049339894529,0.9618610042123577,1.0291322436829222,0.9618610042123577,1.0291322436829222,0,0.0,0,0.0,0.0,0
2004,9,20,1920,0.8999999999999999,0.8999999999999999,0.25,0,0,0,0,0,0,1.0341901244484897,0.9595695576187092,1.0282906054847762,0.9595695576187092,1.0282906054847762,0,0.0,0,0.0,0.0,0
2004,10,22,2112,0.8999999999999999,0.8999999999999999,0.25,0,0,0,0,0,0,1.0522108566481567,0.9609997690535044,1.0330933062150929,0.9609997690535044,1.0330933062150929,0,0.0,0,0.0,0.0,0
2004,11,23,2208,0.8999999999999999,0.8999999999999999,0.25,0,0,0,0,0,0,1.0409561745889853,0.9604255679868642,1.0292706343405582,0.9604255679868642,1.0292706343405582,0,0.0,0,0.0,0.0,0
2004,12,25,2400,0.8999999999999999,0.8999999999999999,0.25,0,0,0,0,0,0,1.0278382766616094,0.9603407523690758,1.0263961109256097,0.9603407523690758,1.0263961109256097,0,0.0,0,0.0,0.0,0
2004,13,26,2496,0.8999999999999999,0.8999999999999999,0.25,0,0,0,0,0,0,1.0521287656639349,0.9605425984999384,1.028245121847054,0.9605425984999384,1.028245121847054,0,0.0,0,0.0,0.0,0
2004,14,29,2784,0.8999999999999999,0.8999999999999999,0.25,0,0,0,0,0,0,1.0508325253167798,0.9590333071552524,1.0224544317383568,0.9590333071552524,1.0224544317383568,0,0.0,0,0.0,0.0,0
2004,15,30,2880,0.8999999999999999,0.8999999999999999,0.25,0,0,0,0,0,0,1.0436842135921605,0.9584756409897176,1.0256129166125243,0.9584756409897176,1.0256129166125243,0,0.0,0,0.0,0.0,0
2004,16,31,2976,0.8999999999999999,0.8999999999999999,0.25,0,0,0,0,0,0,1.029018842512779,0.9583556202309638,1.0240227776579942,0.9583556202309638,1.0240227776579942,0,0.0,0,0.0,0.0,0
2004,17,34,3264,0.8999999999999999,0.8999999999999999,0.25,0,0,0,0,0,0,1.0462175683674375,0.9568503246273296,1.02855988978609,0.9568503246273296,1.02855988978609,0,0.0,0,0.0,0.0,0
2004,18,37,3552,0.8999999999999999,0.8999999999999999,0.25,0,0,0,0,0,0,1.0332334431030223,0.9632786117174124,1.0237110591819527,0.9632786117174124,1.0237110591819527,0,0.0,0,0.0,0.0,0
2004,19,38,3648,0.8999999999999999,0.8999999999999999,0.25,0,0,0,0,0,0,1.058830471634739,0.9607242069632176,1.0248921049968074,0.9607242069632176,1.0248921049968074,0,0.0,0,0.0,0.0,0
2004,20,39,3744,0.8999999999999999,0.8999999999999999,0.25,0,0,0,0,0,0,1.0595283290658002,0.9590780452304516,1.0273775488237509,0.9590780452304516,1.0273775488237509,0,0.0,0,0.0,0.0,0
2004,21,43,4128,0.8999999999999999,0.8999999999999999,0.25,0,0,0,0,0,0,1.0453652065056238,0.9582059446573614,1.0230133381545152,0.9582059446573614,1.0230133381545152,0,0.0,0,0.0,0.0,0
2004,22,44,4224,0.8999999999999999,0.8999999999999999,0.25,0,0,0,0,0,0,1.0366907133847505,0.9621130314148908,1.0222707329567613,0.9621130314148908,1.0222707329567613,0,0.0,0,0.0,0.0,0
2004,23,46,4416,0.8999999999999999,0.8999999999999999,0.25,0,0,0,0,0,0,1.0543160987004017,0.957274469479688,1.026676476191955,0.957274469479688,1.026676476191955,0,0.0,0,0.0,0.0,0
2004,24,49,4704,0.8999999999999999,0.8999999999999999,0.25,0,0,0,0,0,0,1.0572024782058524,0.9593592669626986,1.023617066831929,0.9593592669626986,1.023617066831929,0,0.0,0,0.0,0.0,0
2004,25,50,4800,0.8999999999999999,0.8999999999999999,0.25,0,0,0,0,0,0,1.023347980203437,0.9616587639634964,1.0272952737868817,0.9616587639634964,1.0272952737868817,0,0.0,0,0.0,0.0,0
2004,26,51,4896,0.8999999999999999,0.8999999999999999,0.25,0,0,0,0,0,0,1.058975957330737,0.9589757217685864,1.0232842844421184,0.9589757217685864,1.0232842844421184,0,0.0,0,0.0,0.0,0
2004,27,53,5088,0.8999999999999999,0.8999999999999999,0.25,0,0,0,0,0,0,1.0309634158673762,0.9601644833738188,1.0234147499437218,0.9601644833738188,1.0234147499437218,0,0.0,0,0.0,0.0,0
2004,28,54,5184,0.8999999999999999,0.8999999999999999,0.25,0,0,0,0,0,0,1.047740070843536,0.9580065798893048,1.0252150256468884,0.9580065798893048,1.0252150256468884,0,0.0,0,0.0,0.0,0
2004,29,55,5280,0.8999999999999999,0.8999999999999999,0.25,0,0,0,0,0,0,1.0528560974211607,0.9577534842297734,1.0237297370858842,0.9577534842297734,1.0237297370858842,0,0.0,0,0.0,0.0,0
2004,30,56,5376,0.8999999999999999,0.8999999999999999,0.25,0,0,0,0,0,0,1.0482624941191223,0.9616772765500928,1.026174063404257,0.9616772765500928,1.026174063404257,0,0.0,0,0.0,0.0,0
2004,31,57,5472,0.8999999999999999,0.8999999999999999,0.25,0,0,0,0,0,0,1.0306823886685077,0.962103089168126,1.0258538199288418,0.962103089168126,1.0258538199288418,0,0.0,0,0.0,0.0,0
2004,32,59,5664,0.8999999999999999,0.8999999999999999,0.25,0,0,0,0,0,0,1.0241213148993602,0.9598239065128072,1.0230692247333015,0.9598239065128072,1.0230692247333015,0,0.0,0,0.0,0.0,0
2004,33,60,5760,0.8999999999999999,0.8999999999999999,0.25,0,0,0,0,0,0,1.0463421629944385,0.9565271288037362,1.0285505245058937,0.9565271288037362,1.0285505245058937,0,0.0,0,0.0,0.0,0
2004,34,62,5952,0.8999999999999999,0.8999999999999999,0.25,0,0,0,0,0,0,1.041830802943338,0.957124414240741,1.0238250160310205,0.957124414240741,1.0238250160310205,0,0.0,0,0.0,0.0,0
2004,35,65,6240,0.8999999999999999,0.8999999999999999,0.25,0,0,0,0,0,0,1.0422565942895794,0.9613990541552008,1.0266082573421909,0.9613990541552008,1.0266082573421909,0,0.0,0,0.0,0.0,0
2004,36,66,6336,0.8999999999999999,0.8999999999999999,0.25,0,0,0,0,0,0,1.045970804533731,0.955025659021664,1.0238237331936368,0.955025659021664,1.0238237331936368,0,0.0,0,0.0,0.0,0
2004,37,67,6432,0.8999999999999999,0.8999999999999999,0.25,0,0,0,0,0,0,1.0392441771331102,0.9603298707246508,1.0313065135161057,0.9603298707246508,1.0313065135161057,0,0.0,0,0.0,0.0,0
2004,38,68,6528,0.8999999999999999,0.8999999999999999,0.25,0,0,0,0,0,0,1.0440270619640597,0.960058950717542,1.0291903654415164,0.960058950717542,1.0291903654415164,0,0.0,0,0.0,0.0,0
2004,39,69,6624,0.8999999999999999,0.8999999999999999,0.25,0,0,0,0,0,0,1.0516518688057073,0.9595538294976336,1.0308337837797137,0.9595538294976336,1.0308337837797137,0,0.0,0,0.0,0.0,0
2004,40,70,6720,0.8999999999999999,0.8999999999999999,0.25,0,0,0,0,0,0,1.052670115452662,0.9595977549290088,1.0239509707581087,0.9595977549290088,1.0239509707581087,0,0.0,0,0.0,0.0,0
2004,41,71,6816,0.8999999999999999,0.8999999999999999,0.25,0,0,0,0,0,0,1.05790459154498,0.9612933596467836,1.0228618256100837,0.9612933596467836,1.0228618256100837,0,0.0,0,0.0,0.0,0
2004,42,74,7104,0.8999999999999999,0.8999999999999999,0.25,0,0,0,0,0,0,1.0637926015610546,0.9623505874689262,1.0238472416652042,0.9623505874689262,1.0238472416652042,0,0.0,0,0.0,0.0,0
2004,43,80,7680,0.8999999999999999,0.8999999999999999,0.25,0,0,0,0,0,0,1.018450628138995,0.9574099418259528,1.0232052329752226,0.9574099418259528,1.0232052329752226,0,0.0,0,0.0,0.0,0
2004,44,81,7776,0.8999999999999999,0.8999999999999999,0.25,0,0,0,0,0,0,1.0349779613668404,0.9589697128502332,1.0255993384496584,0.9589697128502332,1.0255993384496584,0,0.0,0,0.0,0.0,0
2004,45,82,7872,0.8999999999999999,0.8999999999999999,0.25,0,0,0,0,0,0,1.0506336846221136,0.9571718088804896,1.0262319991935025,0.9571718088804896,1.0262319991935025,0,0.0,0,0.0,0.0,0
2004,46,84,8064,0.8999999999999999,0.8999999999999999,0.25,0,0,0,0,0,0,1.0454231358435313,0.9574038388386024,1.027727450328314,0.9574038388386024,1.027727450328314,0,0.0,0,0.0,0.0,0
2004,47,85,8160,0.8999999999999999,0.8999999999999999,0.25,0,0,0,0,0,0,1.0329264838133565,0.9638145899557644,1.0290526085640408,0.9638145899557644,1.0290526085640408,0,0.0,0,0.0,0.0,0
2004,47,86,8256,0.8999999999999999,0.8999999999999999,0.25,0,0,0,0,0,0,1.0481977923730657,0.9606167946724242,1.024020651817441,0.9606167946724242,1.024020651817441,0,0.0,0,0.0,0.0,0
2004,48,87,8352,0.8999999999999999,0.8999999999999999,0.25,0,0,0,0,0,0,1.0624520342660275,0.9592901230473492,1.0263731390671778,0.9592901230473492,1.0263731390671778,0,0.0,0,0.0,0.0,0
2004,49,93,8928,0.8999999999999999,0.8999999999999999,0.25,0,0,0,0,0,0,1.0381529518631143,0.9595153441331968,1.024374817591732,0.9595153441331968,1.024374817591732,0,0.0,0,0.0,0.0,0
2004,50,94,9024,0.8999999999999999,0.8999999999999999,0.25,0,0,0,0,0,0,1.0383261247945144,0.9624816946116904,1.0260757545061203,0.9624816946116904,1.0260757545061203,0,0.0,0,0.0,0.0,0
2004,51,95,9120,0.8999999999999999,0.8999999999999999,0.25,0,0,0,0,0,0,1.0498095795299218,0.9607805916099617,1.0245304220219256,0.9607805916099617,1.0245304220219256,0,0.0,0,0.0,0.0,0
2004,52,97,9312,0.8999999999999999,0.8999999999999999,0.25,0,0,0,0,0,0,1.042469776348187,0.9608665784980086,1.0214880467084997,0.9608665784980086,1.0214880467084997,0,0.0,0,0.0,0.0,0
2004,53,98,9408,0.8999999999999999,0.8999999999999999,0.25,0,0,0,0,0,0,1.031318953917511,0.9579475939242648,1.0219303605051848,0.9579475939242648,1.0219303605051848,0,0.0,0,0.0,0.0,0
2004,54,101,9696,0.8999999999999999,0.8999999999999999,0.25,0,0,0,0,0,0,1.0466601574587966,0.9593948431153282,1.024559019203093,0.9593948431153282,1.024559019203093,0,0.0,0,0.0,0.0,0
2004,55,102,9792,0.8999999999999999,0.8999999999999999,0.25,0,0,0,0,0,0,1.0522685763856328,0.9601786335700006,1.0307212941882786,0.9601786335700006,1.0307212941882786,0,0.0,0,0.0,0.0,0
2004,56,107,10272,0.8999999999999999,0.8999999999999999,0.25,0,0,0,0,0,0,1.0315295326799203,0.9557402535231372,1.0239035647334056,0.9557402535231372,1.0239035647334056,0,0.0,0,0.0,0.0,0
2004,57,109,10464,0.8999999999999999,0.8999999999999999,0.25,0,0,0,0,0,0,1.039713808015381,0.9568741751660694,1.023324302072994,0.9568741751660694,1.023324302072994,0,0.0,0,0.0,0.0,0
2004,58,111,10656,0.8999999999999999,0.8999999999999999,0.25,0,0,0,0,0,0,1.0539735054685766,0.9568892923436296,1.0237226824571686,0.9568892923436296,1.0237226824571686,0,0.0,0,0.0,0.0,0
2004,59,114,10944,0.8999999999999999,0.8999999999999999,0.25,0,0,0,0,0,0,1.0335343490817783,0.9600857948772212,1.0223935582268855,0.9600857948772212,1.0223935582268855,0,0.0,0,0.0,0.0,0
2004,60,116,11136,0.8999999999999999,0.8999999999999999,0.25,0,0,0,0,0,0,1.060525153266503,0.9555292624340715,1.0235114700724148,0.9555292624340715,1.0235114700724148,0,0.0,0,0.0,0.0,0
2004,61,117,11232,0.8999999999999999,0.8999999999999999,0.25,0,0,0,0,0,0,1.0491320571490934,0.9608910712132708,1.0234954977286836,0.9608910712132708,1.0234954977286836,0,0.0,0,0.0,0.0,0
2004,62,119,11424,0.8999999999999999,0.8999999999999999,0.25,0,0,0,0,0,0,1.049206345956848,0.959306645760926,1.0275562846210122,0.959306645760926,1.0275562846210122,0,0.0,0,0.0,0.0,0
2004,63,120,11520,0.8999999999999999,0.8999999999999999,0.25,0,0,0,0,0,0,1.0487947257174797,0.9577978693314648,1.0292036140157563,0.9577978693314648,1.0292036140157563,0,0.0,0,0.0,0.0,0
2004,63,122,11712,0.8999999999999999,0.8999999999999999,0.25,0,0,0,0,0,0,1.048880836848812,0.9612950405065548,1.0265661605773018,0.9612950405065548,1.0265661605773018,0,0.0,0,0.0,0.0,0
2004,64,123,11808,0.8999999999999999,0.8999999999999999,0.25,0,0,0,0,0,0,1.0412463128292542,0.9578247841376352,1.0228717863363803,0.9578247841376352,1.0228717863363803,0,0.0,0,0.0,0.0,0
2004,65,125,12000,0.8999999999999999,0.8999999999999999,0.25,0,0,0,0,0,0,1.0474836413349702,0.9582195947447624,1.0297928409860897,0.9582195947447624,1.0297928409860897,0,0.0,0,0.0,0.0,0
2004,66,126,12096,0.8999999999999999,0.8999999999999999,0.25,0,0,0,0,0,0,1.0562440452171542,0.9579073681280714,1.0231232616539865,0.9579073681280714,1.0231232616539865,0,0.0,0,0.0,0.0,0
2004,67,128,12288,0.8999999999999999,0.8999999999999999,0.25,0,0,0,0,0,0,1.0516620478848095,0.9597539548532368,1.0263580756591604,0.9597539548532368,1.0263580756591604,0,0.0,0,0.0,0.0,0
2004,68,129,12384,0.8999999999999999,0.8999999999999999,0.25,0,0,0,0,0,0,1.0664961507880617,0.9562669737838038,1.0248262349258366,0.9562669737838038,1.0248262349258366,0,0.0,0,0.0,0.0,0
2004,69,131,12576,0.8999999999999999,0.8999999999999999,0.25,0,0,0,0,0,0,1.035031708333569,0.959168950308327,1.031233520791064,0.959168950308327,1.031233520791064,0,0.0,0,0.0,0.0,0
2004,70,133,12768,0.8999999999999999,0.8999999999999999,0.25,0,0,0,0,0,0,1.053542238196297,0.9575299766716248,1.0261731151907365,0.9575299766716248,1.0261731151907365,0,0.0,0,0.0,0.0,0
2004,71,134,12864,0.8999999999999999,0.8999999999999999,0.25,0,0,0,0,0,0,1.030761114657574,0.957447090289382,1.0245609407519651,0.957447090289382,1.0245609407519651,0,0.0,0,0.0,0.0,0
2004,72,136,13056,0.8999999999999999,0.8999999999999999,0.25,0,0,0,0,0,0,1.067814661064181,0.9610290859720608,1.0283482830657489,0.9610290859720608,1.0283482830657489,0,0.0,0,0.0,0.0,0
2004,73,140,13440,0.8999999999999999,0.8999999999999999,0.25,0,0,0,0,0,0,1.0295828536688814,0.9586704152863664,1.0264639706367675,0.9586704152863664,1.0264639706367675,0,0.0,0,0.0,0.0,0
2004,74,141,13536,0.8999999999999999,0.8999999999999999,0.25,0,0,0,0,0,0,1.044294642704943,0.957592036330752,1.0229027157542376,0.957592036330752,1.0229027157542376,0,0.0,0,0.0,0.0,0
2004,75,142,13632,0.8999999999999999,0.8999999999999999,0.25,0,0,0,0,0,0,1.0522647655357331,0.959657303108724,1.027462352776306,0.959657303108724,1.027462352776306,0,0.0,0,0.0,0.0,0
2004,76,143,13728,0.8999999999999999,0.8999999999999999,0.25,0,0,0,0,0,0,1.0492072921461957,0.9577236862544372,1.0228181220146082,0.9577236862544372,1.0228181220146082,0,0.0,0,0.0,0.0,0
2004,77,145,13920,0.8999999999999999,0.8999999999999999,0.25,0,0,0,0,0,0,1.040857899625495,0.9629211731321136,1.0292744055392722,0.9629211731321136,1.0292744055392722,0,0.0,0,0.0,0.0,0
2004,78,148,14208,0.8999999999999999,0.8999999999999999,0.25,0,0,0,0,0,0,1.0422124819202172,0.9568582550418704,1.0219581119913967,0.9568582550418704,1.0219581119913967,0,0.0,0,0.0,0.0,0
2004,79,149,14304,0.8999999999999999,0.8999999999999999,0.25,0,0,0,0,0,0,1.0563342340030963,0.9560580303946749,1.027516933150147,0.9560580303946749,1.027516933150147,0,0.0,0,0.0,0.0,0
2004,80,151,14496,0.8999999999999999,0.8999999999999999,0.25,0,0,0,0,0,0,1.0567031769626718,0.9596069932748144,1.0221213431516674,0.9596069932748144,1.0221213431516674,0,0.0,0,0.0,0.0,0
2004,81,152,14592,0.8999999999999999,0.8999999999999999,0.25,0,0,0,0,0,0,1.0395223783897145,0.9601375723965232,1.0257220979896813,0.9601375723965232,1.0257220979896813,0,0.0,0,0.0,0.0,0
2004,82,154,14784,0.8999999999999999,0.8999999999999999,0.25,0,0,0,0,0,0,1.037004869762948,0.9593668348896032,1.0250869562275935,0.9593668348896032,1.0250869562275935,0,0.0,0,0.0,0.0,0
2004,83,156,14976,0.8999999999999999,0.8999999999999999,0.25,0,0,0,0,0,0,1.06654741195248,0.9567208328293404,1.0303974380879533,0.9567208328293404,1.0303974380879533,0,0.0,0,0.0,0.0,0
2004,84,157,15072,0.8999999999999999,0.8999999999999999,0.25,0,0,0,0,0,0,1.046489617518979,0.9594714707800748,1.0287539942311437,0.9594714707800748,1.0287539942311437,0,0.0,0,0.0,0.0,0
2004,85,166,15936,0.8999999999999999,0.8999999999999999,0.25,0,0,0,0,0,0,1.0385693310801103,0.9593068138333822,1.022196343067213,0.9593068138333822,1.022196343067213,0,0.0,0,0.0,0.0,0
2004,87,168,16128,0.8999999999999999,0.8999999999999999,0.25,0,0,0,0,0,0,1.0539052535139275,0.9590623002438357,1.0221589837414533,0.9590623002438357,1.0221589837414533,0,0.0,0,0.0,0.0,0
2004,86,169,16224,0.8999999999999999,0.8999999999999999,0.25,0,0,0,0,0,0,1.0475022844726976,0.9604140753936772,1.0253711641122978,0.9604140753936772,1.0253711641122978,0,0.0,0,0.0,0.0,0
2004,87,171,16416,0.8999999999999999,0.8999999999999999,0.25,0,0,0,0,0,0,1.03891409786477,0.9586820969729504,1.024105833220586,0.9586820969729504,1.024105833220586,0,0.0,0,0.0,0.0,0
2004,88,172,16512,0.8999999999999999,0.8999999999999999,0.25,0,0,0,0,0,0,1.043405846429488,0.9556783747307168,1.0247717042389528,0.9556783747307168,1.0247717042389528,0,0.0,0,0.0,0.0,0
2004,89,173,16608,0.8999999999999999,0.8999999999999999,0.25,0,0,0,0,0,0,1.0469751228799145,0.9581118751694916,1.0242802773345532,0.9581118751694916,1.0242802773345532,0,0.0,0,0.0,0.0,0
2004,90,175,16800,0.8999999999999999,0.8999999999999999,0.25,0,0,0,0,0,0,1.0488401317018743,0.9585862496575918,1.0246471913914712,0.9585862496575918,1.0246471913914712,0,0.0,0,0.0,0.0,0
2004,91,176,16896,0.8999999999999999,0.8999999999999999,0.25,0,0,0,0,0,0,1.0607743163475487,0.9597906436119912,1.0253191427342716,0.9597906436119912,1.0253191427342716,0,0.0,0,0.0,0.0,0
2004,92,178,17088,0.8999999999999999,0.8999999999999999,0.25,0,0,0,0,0,0,1.0536315610222693,0.958889031999603,1.023446288830347,0.958889031999603,1.023446288830347,0,0.0,0,0.0,0.0,0
2004,93,179,17184,0.8999999999999999,0.8999999999999999,0.25,0,0,0,0,0,0,1.0637045958249305,0.957213472154738,1.0239520355100311,0.957213472154738,1.0239520355100311,0,0.0,0,0.0,0.0,0
2004,94,181,17376,0.8999999999999999,0.8999999999999999,0.25,0,0,0,0,0,0,1.0531653931028675,0.959028420350066,1.0246761539000917,0.959028420350066,1.0246761539000917,0,0.0,0,0.0,0.0,0
2004,95,183,17568,0.8999999999999999,0.8999999999999999,0.25,0,0,0,0,0,0,1.0508631193714322,0.958269436442233,1.02703713508683,0.958269436442233,1.02703713508683,0,0.0,0,0.0,0.0,0
2004,96,184,17664,0.8999999999999999,0.8999999999999999,0.25,0,0,0,0,0,0,1.0526665299604865,0.9604912192617342,1.0221529262648383,0.9604912192617342,1.0221529262648383,0,0.0,0,0.0,0.0,0
2004,97,187,17952,0.8999999999999999,0.8999999999999999,0.25,0,0,0,0,0,0,1.046573241095886,0.9558912769664656,1.0291011858385852,0.9558912769664656,1.0291011858385852,0,0.0,0,0.0,0.0,0
2004,100,190,18240,0.8999999999999999,0.8999999999999999,0.25,0,0,0,0,0,0,1.0393275677272669,0.9608359533844368,1.021382750751577,0.9608359533844368,1.021382750751577,0,0.0,0,0.0,0.0,0
2004,98,192,18432,0.8999999999999999,0.8999999999999999,0.25,0,0,0,0,0,0,1.0626758374259355,0.9577003990354016,1.0248111165304288,0.9577003990354016,1.0248111165304288,0,0.0,0,0.0,0.0,0
2004,99,193,18528,0.8999999999999999,0.8999999999999999,0.25,0,0,0,0,0,0,1.0513952402660054,0.9579318381159888,1.0252786888938703,0.9579318381159888,1.0252786888938703,0,0.0,0,0.0,0.0,0
2004,100,197,18912,0.8999999999999999,0.8999999999999999,0.25,0,0,0,0,0,0,1.0456147973526813,0.958398872753684,1.0262851357046334,0.958398872753684,1.0262851357046334,0,0.0,0,0.0,0.0,0
2004,101,201,19296,0.8999999999999999,0.8999999999999999,0.25,0,0,0,0,0,0,1.0427289970919862,0.9579823036247684,1.031003433218222,0.9579823036247684,1.031003433218222,0,0.0,0,0.0,0.0,0
2004,102,205,19680,0.8999999999999999,0.8999999999999999,0.25,0,0,0,0,0,0,1.0376484737358596,0.9600340329552032,1.0246230374539669,0.9600340329552032,1.0246230374539669,0,0.0,0,0.0,0.0,0
2004,103,207,19872,0.8999999999999999,0.8999999999999999,0.25,0,0,0,0,0,0,1.0548732460922023,0.9519447088229788,1.0244234384996116,0.9519447088229788,1.0244234384996116,0,0.0,0,0.0,0.0,0
2004,104,210,20160,0.8999999999999999,0.8999999999999999,0.25,0,0,0,0,0,0,1.0342500410881148,0.953892673991304,1.021228930465796,0.953892673991304,1.021228930465796,0,0.0,0,0.0,0.0,0
2004,105,212,20352,0.8999999999999999,0.8999999999999999,0.25,0,0,0,0,0,0,1.0515536059001611,0.9563788233597692,1.0283651017400628,0.9563788233597692,1.0283651017400628,0,0.0,0,0.0,0.0,0
2004,106,213,20448,0.8999999999999999,0.8999999999999999,0.25,0,0,0,0,0,0,1.04881427360945,0.9589913033958076,1.0304673596583087,0.9589913033958076,1.0304673596583087,0,0.0,0,0.0,0.0,0
2004,107,216,20736,0.8999999999999999,0.8999999999999999,0.25,0,0,0,0,0,0,1.031879815329577,0.9594325491179652,1.0269415225413172,0.9594325491179652,1.0269415225413172,0,0.0,0,0.0,0.0,0
2004,108,219,21024,0.8999999999999999,0.8999999999999999,0.25,0,0,0,0,0,0,1.0666404217397716,0.9572923233860052,1.0262909440214072,0.9572923233860052,1.0262909440214072,0,0.0,0,0.0,0.0,0
2004,109,220,21120,0.8999999999999999,0.8999999999999999,0.25,0,0,0,0,0,0,1.060166346535282,0.960624046608724,1.0228950384546995,0.960624046608724,1.0228950384546995,0,0.0,0,0.0,0.0,0
2004,110,226,21696,0.8999999999999999,0.8999999999999999,0.25,0,0,0,0,0,0,1.044601034109545,0.957805858920512,1.026230026925043,0.957805858920512,1.026230026925043,0,0.0,0,0.0,0.0,0
2004,114,228,21888,0.8999999999999999,0.8999999999999999,0.25,0,0,0,0,0,0,1.0650239109208868,0.9623451785515098,1.0276718095299835,0.9623451785515098,1.0276718095299835,0,0.0,0,0.0,0.0,0
2004,111,230,22080,0.8999999999999999,0.8999999999999999,0.25,0,0,0,0,0,0,1.0468089114227934,0.9598692814773372,1.0251211166833485,0.9598692814773372,1.0251211166833485,0,0.0,0,0.0,0.0,0
2004,112,231,22176,0.8999999999999999,0.8999999999999999,0.25,0,0,0,0,0,0,1.0462136192039335,0.960875123673729,1.0266925341776134,0.960875123673729,1.0266925341776134,0,0.0,0,0.0,0.0,0
2004,113,232,22272,0.8999999999999999,0.8999999999999999,0.25,0,0,0,0,0,0,1.0406709543938606,0.9611460172948284,1.0234704866477369,0.9611460172948284,1.0234704866477369,0,0.0,0,0.0,0.0,0
2004,114,234,22464,0.8999999999999999,0.8999999999999999,0.25,0,0,0,0,0,0,1.0496844503632274,0.9594772534207664,1.0284707194698937,0.9594772534207664,1.0284707194698937,0,0.0,0,0.0,0.0,0
2004,115,235,22560,0.8999999999999999,0.8999999999999999,0.25,0,0,0,0,0,0,1.0567894116880263,0.9574462897360412,1.0268401135643537,0.9574462897360412,1.0268401135643537,0,0.0,0,0.0,0.0,0
2004,116,236,22656,0.8999999999999999,0.8999999999999999,0.25,0,0,0,0,0,0,1.0552551265823351,0.960819428085842,1.024928835144095,0.960819428085842,1.024928835144095,0,0.0,0,0.0,0.0,0
2004,117,239,22944,0.8999999999999999,0.8999999999999999,0.25,0,0,0,0,0,0,1.0428685882523352,0.9589772950626776,1.0271232401965649,0.9589772950626776,1.0271232401965649,0,0.0,0,0.0,0.0,0
2004,118,240,23040,0.8999999999999999,0.8999999999999999,0.25,0,0,0,0,0,0,1.0477253772981665,0.9594777875715288,1.024758968651794,0.9594777875715288,1.024758968651794,0,0.0,0,0.0,0.0,0
2004,123,241,23136,0.8999999999999999,0.8999999999999999,0.25,0,0,0,0,0,0,1.0398828577296937,0.9583844610738308,1.023490190676557,0.9583844610738308,1.023490190676557,0,0.0,0,0.0,0.0,0
2004,119,244,23424,0.8999999999999999,0.8999999999999999,0.25,0,0,0,0,0,0,1.0521628880756848,0.9598624718111294,1.0265793468110689,0.9598624718111294,1.0265793468110689,0,0.0,0,0.0,0.0,0
2004,120,245,23520,0.8999999999999999,0.8999999999999999,0.25,0,0,0,0,0,0,1.0392893225135444,0.9592631418172112,1.025019251908851,0.9592631418172112,1.025019251908851,0,0.0,0,0.0,0.0,0
2004,121,248,23808,0.8999999999999999,0.8999999999999999,0.25,0,0,0,0,0,0,1.05492320029451,0.960507832575522,1.0262271705689028,0.960507832575522,1.0262271705689028,0,0.0,0,0.0,0.0,0
2004,122,251,24096,0.8999999999999999,0.8999999999999999,0.25,0,0,0,0,0,0,1.035943636285805,0.9589421639985064,1.026179308180918,0.9589421639985064,1.026179308180918,0,0.0,0,0.0,0.0,0
2004,123,253,24288,0.8999999999999999,0.8999999999999999,0.25,0,0,0,0,0,0,1.0399001666696686,0.9593179354325924,1.0276506911676455,0.9593179354325924,1.0276506911676455,0,0.0,0,0.0,0.0,0
2004,124,254,24384,0.8999999999999999,0.8999999999999999,0.25,0,0,0,0,0,0,1.0407072444102414,0.9611432260081756,1.023555997024068,0.9611432260081756,1.023555997024068,0,0.0,0,0.0,0.0,0
2004,125,257,24672,0.8999999999999999,0.8999999999999999,0.25,0,0,0,0,0,0,1.0295702392543025,0.962110901107504,1.0289074309824555,0.962110901107504,1.0289074309824555,0,0.0,0,0.0,0.0,0
2004,126,259,24864,0.8999999999999999,0.8999999999999999,0.25,0,0,0,0,0,0,1.040230206902567,0.9627809679240564,1.0259235514084732,0.9627809679240564,1.0259235514084732,0,0.0,0,0.0,0.0,0
2004,127,261,25056,0.8999999999999999,0.8999999999999999,0.25,0,0,0,0,0,0,1.0598504825112596,0.9580490394471376,1.0276894953360185,0.9580490394471376,1.0276894953360185,0,0.0,0,0.0,0.0,0
2004,128,266,25536,0.8999999999999999,0.8999999999999999,0.25,0,0,0,0,0,0,1.0457792035633058,0.9576044822528802,1.0234163954570348,0.9576044822528802,1.0234163954570348,0,0.0,0,0.0,0.0,0
2004,129,267,25632,0.8999999999999999,0.8999999999999999,0.25,0,0,0,0,0,0,1.047032779800252,0.9599737261185424,1.026887309712352,0.9599737261185424,1.026887309712352,0,0.0,0,0.0,0.0,0
2004,130,268,25728,0.8999999999999999,0.8999999999999999,0.25,0,0,0,0,0,0,1.0408396988726356,0.960512171370366,1.021878909495552,0.960512171370366,1.021878909495552,0,0.0,0,0.0,0.0,0
2004,131,269,25824,0.8999999999999999,0.8999999999999999,0.25,0,0,0,0,0,0,1.057472723426519,0.9596803174253128,1.0302238088311484,0.9596803174253128,1.0302238088311484,0,0.0,0,0.0,0.0,0
2004,132,271,26016,0.8999999999999999,0.8999999999999999,0.25,0,0,0,0,0,0,1.053136097481776,0.955966072511869,1.0230099907932693,0.955966072511869,1.0230099907932693,0,0.0,0,0.0,0.0,0
2004,133,272,26112,0.8999999999999999,0.8999999999999999,0.25,0,0,0,0,0,0,1.0523494428893392,0.9617159470332508,1.0238312802296818,0.9617159470332508,1.0238312802296818,0,0.0,0,0.0,0.0,0
2004,134,273,26208,0.8999999999999999,0.8999999999999999,0.25,0,0,0,0,0,0,1.0508910288274849,0.95207771201875,1.0236860173490523,0.95207771201875,1.0236860173490523,0,0.0,0,0.0,0.0,0
2004,135,275,26400,0.8999999999999999,0.8999999999999999,0.25,0,0,0,0,0,0,1.0255926095436316,0.9613450833877748,1.0291151179992208,0.9613450833877748,1.0291151179992208,0,0.0,0,0.0,0.0,0
2004,136,276,26496,0.8999999999999999,0.8999999999999999,0.25,0,0,0,0,0,0,1.0542074024666173,0.9570477317546298,1.026874676711501,0.9570477317546298,1.026874676711501,0,0.0,0,0.0,0.0,0
2004,142,278,26688,0.8999999999999999,0.8999999999999999,0.25,0,0,0,0,0,0,1.0422142790175066,0.9599496047062794,1.0241645805009472,0.9599496047062794,1.0241645805009472,0,0.0,0,0.0,0.0,0
2004,143,280,26880,0.8999999999999999,0.8999999999999999,0.25,0,0,0,0,0,0,1.0379240539464394,0.9574809734985948,1.024836720349238,0.9574809734985948,1.024836720349238,0,0.0,0,0.0,0.0,0
2004,144,281,26976,0.8999999999999999,0.8999999999999999,0.25,0,0,0,0,0,0,1.0149250465172603,0.961286272567706,1.0248704530392307,0.961286272567706,1.0248704530392307,0,0.0,0,0.0,0.0,0
2004,137,282,27072,0.8999999999999999,0.8999999999999999,0.25,0,0,0,0,0,0,1.0416272965827202,0.9623115611444768,1.0271603197562262,0.9623115611444768,1.0271603197562262,0,0.0,0,0.0,0.0,0
2004,138,283,27168,0.8999999999999999,0.8999999999999999,0.25,0,0,0,0,0,0,1.0334937431719846,0.9616516822165662,1.032018499671326,0.9616516822165662,1.032018499671326,0,0.0,0,0.0,0.0,0
2004,139,284,27264,0.8999999999999999,0.8999999999999999,0.25,0,0,0,0,0,0,1.0572677806681263,0.9591153538779912,1.0259535447734565,0.9591153538779912,1.0259535447734565,0,0.0,0,0.0,0.0,0
2004,140,285,27360,0.8999999999999999,0.8999999999999999,0.25,0,0,0,0,0,0,1.062979690412601,0.9608062009523513,1.0261667908322574,0.9608062009523513,1.0261667908322574,0,0.0,0,0.0,0.0,0
2004,141,287,27552,0.8999999999999999,0.8999999999999999,0.25,0,0,0,0,0,0,1.0589496732680064,0.9592860657727512,1.0253485163108436,0.9592860657727512,1.0253485163108436,0,0.0,0,0.0,0.0,0
2004,142,288,27648,0.8999999999999999,0.8999999999999999,0.25,0,0,0,0,0,0,1.040177606846756,0.9605373215596384,1.0262819062276085,0.9605373215596384,1.0262819062276085,0,0.0,0,0.0,0.0,0
2004,143,289,27744,0.8999999999999999,0.8999999999999999,0.25,0,0,0,0,0,0,1.03295454146341,0.9577407067240316,1.021064034165853,0.9577407067240316,1.021064034165853,0,0.0,0,0.0,0.0,0
2004,144,290,27840,0.8999999999999999,0.8999999999999999,0.25,0,0,0,0,0,0,1.0495632234720351,0.957362460517683,1.0297884381925928,0.957362460517683,1.0297884381925928,0,0.0,0,0.0,0.0,0
2004,153,291,27936,0.8999999999999999,0.8999999999999999,0.25,0,0,0,0,0,0,1.0614297509604802,0.9581907323785368,1.02424811808464,0.9581907323785368,1.02424811808464,0,0.0,0,0.0,0.0,0
2004,145,292,28032,0.8999999999999999,0.8999999999999999,0.25,0,0,0,0,0,0,1.0244707542925322,0.959804232980174,1.022848712121256,0.959804232980174,1.022848712121256,0,0.0,0,0.0,0.0,0
2004,146,293,28128,0.8999999999999999,0.8999999999999999,0.25,0,0,0,0,0,0,1.059726929750518,0.95995689544932,1.0254298596494915,0.95995689544932,1.0254298596494915,0,0.0,0,0.0,0.0,0
2004,147,294,28224,0.8999999999999999,0.8999999999999999,0.25,0,0,0,0,0,0,1.0414129135522368,0.9595065623526696,1.025575263446366,0.9595065623526696,1.025575263446366,0,0.0,0,0.0,0.0,0
2004,148,295,28320,0.8999999999999999,0.8999999999999999,0.25,0,0,0,0,0,0,1.0369441548649978,0.959881505171712,1.0240973699165334,0.959881505171712,1.0240973699165334,0,0.0,0,0.0,0.0,0
2004,149,296,28416,0.8999999999999999,0.8999999999999999,0.25,0,0,0,0,0,0,1.0425194343245257,0.9595806299703956,1.0225454474202798,0.9595806299703956,1.0225454474202798,0,0.0,0,0.0,0.0,0
2004,150,297,28512,0.8999999999999999,0.8999999999999999,0.25,0,0,0,0,0,0,1.058594744986614,0.957773924180518,1.0233551984385862,0.957773924180518,1.0233551984385862,0,0.0,0,0.0,0.0,0
2004,160,298,28608,0.8999999999999999,0.8999999999999999,0.25,0,0,0,0,0,0,1.0502339331706767,0.9637407250732604,1.0276488768297465,0.9637407250732604,1.0276488768297465,0,0.0,0,0.0,0.0,0
2004,151,299,28704,0.8999999999999999,0.8999999999999999,0.25,0,0,0,0,0,0,1.0544242753016102,0.9559666050605952,1.0275606196314622,0.9559666050605952,1.0275606196314622,0,0.0,0,0.0,0.0,0
2004,152,300,28800,0.8999999999999999,0.8999999999999999,0.25,0,0,0,0,0,0,1.0427909738252696,0.9628507040956236,1.029599882609596,0.9628507040956236,1.029599882609596,0,0.0,0,0.0,0.0,0
2004,153,302,28992,0.8999999999999999,0.8999999999999999,0.25,0,0,0,0,0,0,1.05249366807188,0.962691595802604,1.0273269150651054,0.962691595802604,1.0273269150651054,0,0.0,0,0.0,0.0,0
2004,154,305,29280,0.8999999999999999,0.8999999999999999,0.25,0,0,0,0,0,0,1.0473836528127518,0.9588817246742424,1.0287773957782975,0.9588817246742424,1.0287773957782975,0,0.0,0,0.0,0.0,0
2004,155,306,29376,0.8999999999999999,0.8999999999999999,0.25,0,0,0,0,0,0,1.024598482898012,0.9582049869125124,1.023101982414176,0.9582049869125124,1.023101982414176,0,0.0,0,0.0,0.0,0
2004,156,307,29472,0.8999999999999999,0.8999999999999999,0.25,0,0,0,0,0,0,1.0456053461539545,0.9599857586423016,1.0225378001363117,0.9599857586423016,1.0225378001363117,0,0.0,0,0.0,0.0,0
2004,157,308,29568,0.8999999999999999,0.8999999999999999,0.25,0,0,0,0,0,0,1.0426139779848569,0.9557337238293456,1.0230595611475606,0.9557337238293456,1.0230595611475606,0,0.0,0,0.0,0.0,0
2004,158,312,29952,0.8999999999999999,0.8999999999999999,0.25,0,0,0,0,0,0,1.0399247406087122,0.9556522756003092,1.025084360998019,0.9556522756003092,1.025084360998019,0,0.0,0,0.0,0.0,0
2004,159,315,30240,0.8999999999999999,0.8999999999999999,0.25,0,0,0,0,0,0,1.060612618211662,0.96005784911429,1.0294533465955835,0.96005784911429,1.0294533465955835,0,0.0,0,0.0,0.0,0
2004,160,317,30432,0.8999999999999999,0.8999999999999999,0.25,0,0,0,0,0,0,1.059781406364308,0.9566399564283434,1.022331190035456,0.9566399564283434,1.022331190035456,0,0.0,0,0.0,0.0,0
2004,161,319,30624,0.8999999999999999,0.8999999999999999,0.25,0,0,0,0,0,0,1.0503054100636668,0.9545503260731484,1.0295160061010058,0.9545503260731484,1.0295160061010058,0,0.0,0,0.0,0.0,0
2004,162,321,30816,0.8999999999999999,0.8999999999999999,0.25,0,0,0,0,0,0,1.045366466264266,0.9589508942640836,1.0278823327521345,0.9589508942640836,1.0278823327521345,0,0.0,0,0.0,0.0,0
2004,173,322,30912,0.8999999999999999,0.8999999999999999,0.25,0,0,0,0,0,0,1.0382571239383211,0.9582424559589434,1.0230038604053415,0.9582424559589434,1.0230038604053415,0,0.0,0,0.0,0.0,0
2004,163,326,31296,0.8999999999999999,0.8999999999999999,0.25,0,0,0,0,0,0,1.0496771782071326,0.9528432907967956,1.0215178220138343,0.9528432907967956,1.0215178220138343,0,0.0,0,0.0,0.0,0
2004,164,329,31584,0.8999999999999999,0.8999999999999999,0.25,0,0,0,0,0,0,1.0591022033985715,0.9595776824599128,1.0262493389500285,0.9595776824599128,1.0262493389500285,0,0.0,0,0.0,0.0,0
2004,165,331,31776,0.8999999999999999,0.8999999999999999,0.25,0,0,0,0,0,0,1.0723014376293658,0.9614621550485049,1.0249417665192446,0.9614621550485049,1.0249417665192446,0,0.0,0,0.0,0.0,0
2004,166,332,31872,0.8999999999999999,0.8999999999999999,0.25,0,0,0,0,0,0,1.044915246981544,0.9558454864184986,1.0287751521913346,0.9558454864184986,1.0287751521913346,0,0.0,0,0.0,0.0,0
2004,167,333,31968,0.8999999999999999,0.8999999999999999,0.25,0,0,0,0,0,0,1.0302870357938068,0.9619004182243698,1.0228919081227494,0.9619004182243698,1.0228919081227494,0,0.0,0,0.0,0.0,0
2004,168,335,32160,0.8999999999999999,0.8999999999999999,0.25,0,0,0,0,0,0,1.042597535194011,0.95916468325691,1.0248078353611878,0.95916468325691,1.0248078353611878,0,0.0,0,0.0,0.0,0
2004,169,336,32256,0.8999999999999999,0.8999999999999999,0.25,0,0,0,0,0,0,1.0595773728848212,0.9553695145925364,1.0227186385570306,0.9553695145925364,1.0227186385570306,0,0.0,0,0.0,0.0,0
2004,170,337,32352,0.8999999999999999,0.8999999999999999,0.25,0,0,0,0,0,0,1.051800772270405,0.9623674832948586,1.0261253582343692,0.9623674832948586,1.0261253582343692,0,0.0,0,0.0,0.0,0
2004,171,338,32448,0.8999999999999999,0.8999999999999999,0.25,0,0,0,0,0,0,1.0543747632895226,0.9586635888945362,1.0247191249553955,0.9586635888945362,1.0247191249553955,0,0.0,0,0.0,0.0,0
2004,172,339,32544,0.8999999999999999,0.8999999999999999,0.25,0,0,0,0,0,0,1.0638249546086644,0.9602028199890864,1.0307399358788736,0.9602028199890864,1.0307399358788736,0,0.0,0,0.0,0.0,0
2004,173,341,32736,0.8999999999999999,0.8999999999999999,0.25,0,0,0,0,0,0,1.0264387687406438,0.9591877830313889,1.024954153722473,0.9591877830313889,1.024954153722473,0,0.0,0,0.0,0.0,0
2004,174,342,32832,0.8999999999999999,0.8999999999999999,0.25,0,0,0,0,0,0,1.0437752995869658,0.954464804410405,1.0247467822382126,0.954464804410405,1.0247467822382126,0,0.0,0,0.0,0.0,0
2004,175,345,33120,0.8999999999999999,0.8999999999999999,0.25,0,0,0,0,0,0,1.0284243423766832,0.9542313794894676,1.0287686812013954,0.9542313794894676,1.0287686812013954,0,0.0,0,0.0,0.0,0
2004,176,347,33312,0.8999999999999999,0.8999999999999999,0.25,0,0,0,0,0,0,1.0530587448592774,0.9564873970545164,1.0296202614513403,0.9564873970545164,1.0296202614513403,0,0.0,0,0.0,0.0,0
2004,177,348,33408,0.8999999999999999,0.8999999999999999,0.25,0,0,0,0,0,0,1.0361250927535994,0.9577362414884972,1.025345749111724,0.9577362414884972,1.025345749111724,0,0.0,0,0.0,0.0,0
2004,178,349,33504,0.8999999999999999,0.8999999999999999,0.25,0,0,0,0,0,0,1.054845576450591,0.9539352176421404,1.02563383509982,0.9539352176421404,1.02563383509982,0,0.0,0,0.0,0.0,0
2004,179,351,33696,0.8999999999999999,0.8999999999999999,0.25,0,0,0,0,0,0,1.039605857144028,0.9609424476856264,1.0251494746392966,0.9609424476856264,1.0251494746392966,0,0.0,0,0.0,0.0,0
2004,191,352,33792,0.8999999999999999,0.8999999999999999,0.25,0,0,0,0,0,0,1.063566146450117,0.9618648947435724,1.0263964415868965,0.9618648947435724,1.0263964415868965,0,0.0,0,0.0,0.0,0
2004,180,354,33984,0.8999999999999999,0.8999999999999999,0.25,0,0,0,0,0,0,1.0521165883339694,0.9592473419928071,1.0260314267733548,0.9592473419928071,1.0260314267733548,0,0.0,0,0.0,0.0,0
2004,181,355,34080,0.8999999999999999,0.8999999999999999,0.25,0,0,0,0,0,0,1.0815115773241577,0.9588535855675134,1.0318587956980694,0.9588535855675134,1.0318587956980694,0,0.0,0,0.0,0.0,0
2004,182,356,34176,0.8999999999999999,0.8999999999999999,0.25,0,0,0,0,0,0,1.0467998035574246,0.962412939094528,1.0287773729900616,0.962412939094528,1.0287773729900616,0,0.0,0,0.0,0.0,0
2004,183,361,34656,0.8999999999999999,0.8999999999999999,0.25,0,0,0,0,0,0,1.0471648792918569,0.961783134313236,1.0267375700431676,0.961783134313236,1.0267375700431676,0,0.0,0,0.0,0.0,0
2004,196,362,34752,0.8999999999999999,0.8999999999999999,0.25,0,0,0,0,0,0,1.0475070385767713,0.9607436452823558,1.0282329856075634,0.9607436452823558,1.0282329856075634,0,0.0,0,0.0,0.0,0
2004,184,364,34944,0.8999999999999999,0.8999999999999999,0.25,0,0,0,0,0,0,1.040817695975813,0.9559368564695968,1.022142462807076,0.9559368564695968,1.022142462807076,0,0.0,0,0.0,0.0,0
2004,198,366,35136,0.8999999999999999,0.8999999999999999,0.25,0,0,0,0,0,0,1.0473047422859634,0.9564235694629624,1.0263155108105488,0.9564235694629624,1.0263155108105488,0,0.0,0,0.0,0.0,0
2004,185,367,35232,0.8999999999999999,0.8999999999999999,0.25,0,0,0,0,0,0,1.0473935622630512,0.9578715261309528,1.0245459859902502,0.9578715261309528,1.0245459859902502,0,0.0,0,0.0,0.0,0
2005,1,2,192,0.95,0.95,0.3125,0,0,0,0,0,0,1.1226837170533983,0.9564630443933846,1.0278774446478187,0.9564630443933846,1.0278774446478187,0,0.0,0,0.0,0.0,0
2005,2,4,384,0.95,0.95,0.3125,0,0,0,0,0,0,1.1155846427141105,0.961968507744796,1.0253015231780238,0.961968507744796,1.0253015231780238,0,0.0,0,0.0,0.0,0
2005,3,6,576,0.95,0.95,0.3125,0,0,0,0,0,0,1.132840111477623,0.959787466154212,1.023111894438959,0.959787466154212,1.023111894438959,0,0.0,0,0.0,0.0,0
2005,4,7,672,0.95,0.95,0.3125,0,0,0,0,0,0,1.1379329635423536,0.9602594209785162,1.0263166967658528,0.9602594209785162,1.0263166967658528,0,0.0,0,0.0,0.0,0
2005,5,10,960,0.95,0.95,0.3125,0,0,0,0,0,0,1.1179967265134252,0.9609515215616264,1.0240356786795537,0.9609515215616264,1.0240356786795537,0,0.0,0,0.0,0.0,0
2005,6,13,1248,0.95,0.95,0.3125,0,0,0,0,0,0,1.1355265722445196,0.9583253619474372,1.0283290871627948,0.9583253619474372,1.0283290871627948,0,0.0,0,0.0,0.0,0
2005,7,16,1536,0.95,0.95,0.3125,0,0,0,0,0,0,1.1412416945268793,0.9583280503655012,1.0287624432118614,0.9583280503655012,1.0287624432118614,0,0.0,0,0.0,0.0,0
2005,8,17,1632,0.95,0.95,0.3125,0,0,0,0,0,0,1.1232872179193878,0.9633225698383332,1.0278241235892198,0.9633225698383332,1.0278241235892198,0,0.0,0,0.0,0.0,0
2005,9,20,1920,0.95,0.95,0.3125,0,0,0,0,0,0,1.1146618697796675,0.9612261711964488,1.027297062246673,0.9612261711964488,1.027297062246673,0,0.0,0,0.0,0.0,0
2005,10,22,2112,0.95,0.95,0.3125,0,0,0,0,0,0,1.1310741574030263,0.9626215406454792,1.0318492729692696,0.9626215406454792,1.0318492729692696,0,0.0,0,0.0,0.0,0
2005,11,23,2208,0.95,0.95,0.3125,0,0,0,0,0,0,1.121179432425519,0.9618990644425064,1.028379866260998,0.9618990644425064,1.028379866260998,0,0.0,0,0.0,0.0,0
2005,12,25,2400,0.95,0.95,0.3125,0,0,0,0,0,0,1.1065298152302203,0.961904650669846,1.02585436168883,0.961904650669846,1.02585436168883,0,0.0,0,0.0,0.0,0
2005,13,26,2496,0.95,0.95,0.3125,0,0,0,0,0,0,1.131566305852136,0.9621618500361446,1.0270560019454171,0.9621618500361446,1.0270560019454171,0,0.0,0,0.0,0.0,0
2005,14,29,2784,0.95,0.95,0.3125,0,0,0,0,0,0,1.131230211280561,0.9604953061479388,1.0230494701010555,0.9604953061479388,1.0230494701010555,0,0.0,0,0.0,0.0,0
2005,15,30,2880,0.95,0.95,0.3125,0,0,0,0,0,0,1.12293068979348,0.959945735880668,1.024542531175247,0.959945735880668,1.024542531175247,0,0.0,0,0.0,0.0,0
2005,16,31,2976,0.95,0.95,0.3125,0,0,0,0,0,0,1.1079578556475926,0.9599163562480632,1.0246161274997947,0.9599163562480632,1.0246161274997947,0,0.0,0,0.0,0.0,0
2005,17,34,3264,0.95,0.95,0.3125,0,0,0,0,0,0,1.1249084037248454,0.958452827775062,1.0274502469838551,0.958452827775062,1.0274502469838551,0,0.0,0,0.0,0.0,0
2005,18,37,3552,0.95,0.95,0.3125,0,0,0,0,0,0,1.1127903888046962,0.964840424045804,1.024367169020179,0.964840424045804,1.024367169020179,0,0.0,0,0.0,0.0,0
2005,19,38,3648,0.95,0.95,0.3125,0,0,0,0,0,0,1.1381457834340956,0.9623863207681832,1.0240015034954293,0.9623863207681832,1.0240015034954293,0,0.0,0,0.0,0.0,0
2005,20,39,3744,0.95,0.95,0.3125,0,0,0,0,0,0,1.138406122388235,0.9605614813227472,1.02610310825212,0.9605614813227472,1.02610310825212,0,0.0,0,0.0,0.0,0
2005,21,43,4128,0.95,0.95,0.3125,0,0,0,0,0,0,1.1259457884753492,0.9597852417669512,1.02277645275009,0.9597852417669512,1.02277645275009,0,0.0,0,0.0,0.0,0
2005,22,44,4224,0.95,0.95,0.3125,0,0,0,0,0,0,1.1163269914006435,0.9637012977466274,1.02293735201126,0.9637012977466274,1.02293735201126,0,0.0,0,0.0,0.0,0
2005,23,46,4416,0.95,0.95,0.3125,0,0,0,0,0,0,1.1331354869105223,0.9588577139973856,1.0255445962906635,0.9588577139973856,1.0255445962906635,0,0.0,0,0.0,0.0,0
2005,24,49,4704,0.95,0.95,0.3125,0,0,0,0,0,0,1.13696359066764,0.960954157461116,1.0230501399412402,0.960954157461116,1.0230501399412402,0,0.0,0,0.0,0.0,0
2005,25,50,4800,0.95,0.95,0.3125,0,0,0,0,0,0,1.1015610089450925,0.963150727910918,1.0263314110289208,0.963150727910918,1.0263314110289208,0,0.0,0,0.0,0.0,0
2005,26,51,4896,0.95,0.95,0.3125,0,0,0,0,0,0,1.138916481477939,0.9606161201579368,1.023083286881328,0.9606161201579368,1.023083286881328,0,0.0,0,0.0,0.0,0
2005,27,53,5088,0.95,0.95,0.3125,0,0,0,0,0,0,1.1089525829415088,0.9616616589848976,1.0236616983003348,0.9616616589848976,1.0236616983003348,0,0.0,0,0.0,0.0,0
2005,28,54,5184,0.95,0.95,0.3125,0,0,0,0,0,0,1.126863806253816,0.95963410136499,1.024911273052194,0.95963410136499,1.024911273052194,0,0.0,0,0.0,0.0,0
2005,29,55,5280,0.95,0.95,0.3125,0,0,0,0,0,0,1.1327954046075033,0.9594360145659856,1.0243387908592438,0.9594360145659856,1.0243387908592438,0,0.0,0,0.0,0.0,0
2005,30,56,5376,0.95,0.95,0.3125,0,0,0,0,0,0,1.1284869312060286,0.963221976013136,1.025610513625731,0.963221976013136,1.025610513625731,0,0.0,0,0.0,0.0,0
2005,31,57,5472,0.95,0.95,0.3125,0,0,0,0,0,0,1.1103089002249655,0.9636726398449648,1.0256670159586496,0.9636726398449648,1.0256670159586496,0,0.0,0,0.0,0.0,0
2005,32,59,5664,0.95,0.95,0.3125,0,0,0,0,0,0,1.10342530717297,0.9614304939133056,1.0237151867892222,0.9614304939133056,1.0237151867892222,0,0.0,0,0.0,0.0,0
2005,33,60,5760,0.95,0.95,0.3125,0,0,0,0,0,0,1.124278020135687,0.9581053984732892,1.02748966462182,0.9581053984732892,1.02748966462182,0,0.0,0,0.0,0.0,0
2005,34,62,5952,0.95,0.95,0.3125,0,0,0,0,0,0,1.1220315807273022,0.958706096252926,1.0230056547381945,0.958706096252926,1.0230056547381945,0,0.0,0,0.0,0.0,0
2005,35,65,6240,0.95,0.95,0.3125,0,0,0,0,0,0,1.1222813699735428,0.9629706775407963,1.0253768773175886,0.9629706775407963,1.0253768773175886,0,0.0,0,0.0,0.0,0
2005,36,66,6336,0.95,0.95,0.3125,0,0,0,0,0,0,1.1243678551918133,0.9566130392364393,1.0226151895888798,0.9566130392364393,1.0226151895888798,0,0.0,0,0.0,0.0,0
2005,37,67,6432,0.95,0.95,0.3125,0,0,0,0,0,0,1.1183402126344268,0.961867583219681,1.0299653494992045,0.961867583219681,1.0299653494992045,0,0.0,0,0.0,0.0,0
2005,38,68,6528,0.95,0.95,0.3125,0,0,0,0,0,0,1.1230117716635235,0.9615618977495248,1.02793391413645,0.9615618977495248,1.02793391413645,0,0.0,0,0.0,0.0,0
2005,39,69,6624,0.95,0.95,0.3125,0,0,0,0,0,0,1.1319471582258382,0.961068667936141,1.0294702023791509,0.961068667936141,1.0294702023791509,0,0.0,0,0.0,0.0,0
2005,40,70,6720,0.95,0.95,0.3125,0,0,0,0,0,0,1.1314724209603495,0.9610905871729656,1.0241026897511851,0.9610905871729656,1.0241026897511851,0,0.0,0,0.0,0.0,0
2005,41,71,6816,0.95,0.95,0.3125,0,0,0,0,0,0,1.136848098537796,0.9628776956724692,1.0231797549781942,0.9628776956724692,1.0231797549781942,0,0.0,0,0.0,0.0,0
2005,42,74,7104,0.95,0.95,0.3125,0,0,0,0,0,0,1.1436892093640711,0.9638762421375032,1.0244748865059787,0.9638762421375032,1.0244748865059787,0,0.0,0,0.0,0.0,0
2005,43,80,7680,0.95,0.95,0.3125,0,0,0,0,0,0,1.0973501508130103,0.9589903438850178,1.022335152399871,0.9589903438850178,1.022335152399871,0,0.0,0,0.0,0.0,0
2005,44,81,7776,0.95,0.95,0.3125,0,0,0,0,0,0,1.114624348327645,0.9605866206793188,1.0249033746391665,0.9605866206793188,1.0249033746391665,0,0.0,0,0.0,0.0,0
2005,45,82,7872,0.95,0.95,0.3125,0,0,0,0,0,0,1.1287601985083258,0.9587404935047202,1.0249539311843503,0.9587404935047202,1.0249539311843503,0,0.0,0,0.0,0.0,0
2005,46,84,8064,0.95,0.95,0.3125,0,0,0,0,0,0,1.1244627261597924,0.9590756786259688,1.0264759008969973,0.9590756786259688,1.0264759008969973,0,0.0,0,0.0,0.0,0
2005,47,85,8160,0.95,0.95,0.3125,0,0,0,0,0,0,1.1110756592709368,0.9652366535896422,1.027954623917111,0.9652366535896422,1.027954623917111,0,0.0,0,0.0,0.0,0
2005,47,86,8256,0.95,0.95,0.3125,0,0,0,0,0,0,1.1277663059880163,0.9620812553639354,1.0235942815245374,0.9620812553639354,1.0235942815245374,0,0.0,0,0.0,0.0,0
2005,48,87,8352,0.95,0.95,0.3125,0,0,0,0,0,0,1.142819135079261,0.9608551131293158,1.0249379048187026,0.9608551131293158,1.0249379048187026,0,0.0,0,0.0,0.0,0
2005,49,93,8928,0.95,0.95,0.3125,0,0,0,0,0,0,1.1175463938499213,0.9610861022759328,1.0238486051736355,0.9610861022759328,1.0238486051736355,0,0.0,0,0.0,0.0,0
2005,50,94,9024,0.95,0.95,0.3125,0,0,0,0,0,0,1.1187599390869714,0.9640184119778644,1.025002599876113,0.9640184119778644,1.025002599876113,0,0.0,0,0.0,0.0,0
2005,51,95,9120,0.95,0.95,0.3125,0,0,0,0,0,0,1.1287862505366184,0.9623825799191928,1.023599766156021,0.9623825799191928,1.023599766156021,0,0.0,0,0.0,0.0,0
2005,52,97,9312,0.95,0.95,0.3125,0,0,0,0,0,0,1.1217182378296904,0.962423869278806,1.0221700373510672,0.962423869278806,1.0221700373510672,0,0.0,0,0.0,0.0,0
2005,53,98,9408,0.95,0.95,0.3125,0,0,0,0,0,0,1.1106268658389389,0.9595666426273576,1.0225963765966757,0.9595666426273576,1.0225963765966757,0,0.0,0,0.0,0.0,0
2005,54,101,9696,0.95,0.95,0.3125,0,0,0,0,0,0,1.127485907147595,0.9609674958545918,1.0245670403712062,0.9609674958545918,1.0245670403712062,0,0.0,0,0.0,0.0,0
2005,55,102,9792,0.95,0.95,0.3125,0,0,0,0,0,0,1.1316050245183171,0.9616385685513292,1.0294714171018091,0.9616385685513292,1.0294714171018091,0,0.0,0,0.0,0.0,0
2005,56,107,10272,0.95,0.95,0.3125,0,0,0,0,0,0,1.1111131547915256,0.9573333193191914,1.0231856435568865,0.9573333193191914,1.0231856435568865,0,0.0,0,0.0,0.0,0
2005,57,109,10464,0.95,0.95,0.3125,0,0,0,0,0,0,1.118638353096742,0.9584411261285278,1.02276117747715,0.9584411261285278,1.02276117747715,0,0.0,0,0.0,0.0,0
2005,58,111,10656,0.95,0.95,0.3125,0,0,0,0,0,0,1.1337672574592417,0.9585261323806452,1.0237134367369891,0.9585261323806452,1.0237134367369891,0,0.0,0,0.0,0.0,0
2005,59,114,10944,0.95,0.95,0.3125,0,0,0,0,0,0,1.113580377085902,0.9616653852967594,1.0227606561713127,0.9616653852967594,1.0227606561713127,0,0.0,0,0.0,0.0,0
2005,60,116,11136,0.95,0.95,0.3125,0,0,0,0,0,0,1.1408857171126228,0.9571118572502988,1.0241142716845448,0.9571118572502988,1.0241142716845448,0,0.0,0,0.0,0.0,0
2005,61,117,11232,0.95,0.95,0.3125,0,0,0,0,0,0,1.1279430632820011,0.9624540824786304,1.0225768883807975,0.9624540824786304,1.0225768883807975,0,0.0,0,0.0,0.0,0
2005,62,119,11424,0.95,0.95,0.3125,0,0,0,0,0,0,1.1277897137176491,0.9608767725821468,1.0263954855104886,0.9608767725821468,1.0263954855104886,0,0.0,0,0.0,0.0,0
2005,63,120,11520,0.95,0.95,0.3125,0,0,0,0,0,0,1.1274005418954964,0.9592831740787668,1.027955873566376,0.9592831740787668,1.027955873566376,0,0.0,0,0.0,0.0,0
2005,63,122,11712,0.95,0.95,0.3125,0,0,0,0,0,0,1.1275554011864803,0.9628528362652446,1.0263293987280504,0.9628528362652446,1.0263293987280504,0,0.0,0,0.0,0.0,0
2005,64,123,11808,0.95,0.95,0.3125,0,0,0,0,0,0,1.1197961640122294,0.9593587616650748,1.0220546786252027,0.9593587616650748,1.0220546786252027,0,0.0,0,0.0,0.0,0
2005,65,125,12000,0.95,0.95,0.3125,0,0,0,0,0,0,1.1261323182759426,0.9598393546465244,1.028431753210808,0.9598393546465244,1.028431753210808,0,0.0,0,0.0,0.0,0
2005,66,126,12096,0.95,0.95,0.3125,0,0,0,0,0,0,1.135866136459214,0.9594997027776636,1.0230741032740165,0.9594997027776636,1.0230741032740165,0,0.0,0,0.0,0.0,0
2005,67,128,12288,0.95,0.95,0.3125,0,0,0,0,0,0,1.130508758100044,0.9612295074789752,1.025154205980454,0.9612295074789752,1.025154205980454,0,0.0,0,0.0,0.0,0
2005,68,129,12384,0.95,0.95,0.3125,0,0,0,0,0,0,1.1457687570106496,0.9578384049503604,1.0236001104662045,0.9578384049503604,1.0236001104662045,0,0.0,0,0.0,0.0,0
2005,69,131,12576,0.95,0.95,0.3125,0,0,0,0,0,0,1.1150107919832224,0.96072984029028,1.0302109302633558,0.96072984029028,1.0302109302633558,0,0.0,0,0.0,0.0,0
2005,70,133,12768,0.95,0.95,0.3125,0,0,0,0,0,0,1.1333304165139586,0.9590938300388318,1.0248870541585482,0.9590938300388318,1.0248870541585482,0,0.0,0,0.0,0.0,0
2005,71,134,12864,0.95,0.95,0.3125,0,0,0,0,0,0,1.109434462855518,0.95902595258027,1.0233377625967923,0.95902595258027,1.0233377625967923,0,0.0,0,0.0,0.0,0
2005,72,136,13056,0.95,0.95,0.3125,0,0,0,0,0,0,1.1465452336864737,0.9625983100301092,1.0267066813043313,0.9625983100301092,1.0267066813043313,0,0.0,0,0.0,0.0,0
2005,73,140,13440,0.95,0.95,0.3125,0,0,0,0,0,0,1.1083123052333357,0.9602351080707224,1.0254561444616432,0.9602351080707224,1.0254561444616432,0,0.0,0,0.0,0.0,0
2005,74,141,13536,0.95,0.95,0.3125,0,0,0,0,0,0,1.1230999536820574,0.959173589687379,1.0235313399522137,0.959173589687379,1.0235313399522137,0,0.0,0,0.0,0.0,0
2005,75,142,13632,0.95,0.95,0.3125,0,0,0,0,0,0,1.1310363603365945,0.961248798616942,1.026171005757981,0.961248798616942,1.026171005757981,0,0.0,0,0.0,0.0,0
2005,76,143,13728,0.95,0.95,0.3125,0,0,0,0,0,0,1.1295423433908025,0.959423319753992,1.023445374662148,0.959423319753992,1.023445374662148,0,0.0,0,0.0,0.0,0
2005,77,145,13920,0.95,0.95,0.3125,0,0,0,0,0,0,1.1196108928125217,0.9643815752812264,1.02859043020727,0.9643815752812264,1.02859043020727,0,0.0,0,0.0,0.0,0
2005,78,148,14208,0.95,0.95,0.3125,0,0,0,0,0,0,1.1201076742770368,0.9584645694625342,1.0216730353923054,0.9584645694625342,1.0216730353923054,0,0.0,0,0.0,0.0,0
2005,79,149,14304,0.95,0.95,0.3125,0,0,0,0,0,0,1.1353658304486731,0.9576491242264356,1.0269686562550016,0.9576491242264356,1.0269686562550016,0,0.0,0,0.0,0.0,0
2005,80,151,14496,0.95,0.95,0.3125,0,0,0,0,0,0,1.1356614499331998,0.9611628611087156,1.0227068655302545,0.9611628611087156,1.0227068655302545,0,0.0,0,0.0,0.0,0
2005,81,152,14592,0.95,0.95,0.3125,0,0,0,0,0,0,1.1184194584512948,0.9616093331786608,1.0252288032039052,0.9616093331786608,1.0252288032039052,0,0.0,0,0.0,0.0,0
2005,82,154,14784,0.95,0.95,0.3125,0,0,0,0,0,0,1.1167043025082322,0.960902585471676,1.0238385528756029,0.960902585471676,1.0238385528756029,0,0.0,0,0.0,0.0,0
2005,83,156,14976,0.95,0.95,0.3125,0,0,0,0,0,0,1.1457891888023153,0.958295657689142,1.0290908283464346,0.958295657689142,1.0290908283464346,0,0.0,0,0.0,0.0,0
2005,84,157,15072,0.95,0.95,0.3125,0,0,0,0,0,0,1.1256693194178575,0.961046211814498,1.027681229106156,0.961046211814498,1.027681229106156,0,0.0,0,0.0,0.0,0
2005,85,166,15936,0.95,0.95,0.3125,0,0,0,0,0,0,1.117755312681935,0.9608986392357848,1.0222077630335822,0.9608986392357848,1.0222077630335822,0,0.0,0,0.0,0.0,0
2005,87,168,16128,0.95,0.95,0.3125,0,0,0,0,0,0,1.1336760457895858,0.9606437079650696,1.0216267540436426,0.9606437079650696,1.0216267540436426,0,0.0,0,0.0,0.0,0
2005,86,169,16224,0.95,0.95,0.3125,0,0,0,0,0,0,1.126490942463255,0.962046638564098,1.024423196980635,0.962046638564098,1.024423196980635,0,0.0,0,0.0,0.0,0
2005,87,171,16416,0.95,0.95,0.3125,0,0,0,0,0,0,1.1170792272273828,0.9602673345367724,1.022791719174156,0.9602673345367724,1.022791719174156,0,0.0,0,0.0,0.0,0
2005,88,172,16512,0.95,0.95,0.3125,0,0,0,0,0,0,1.1226720538075603,0.9573545936812148,1.0239916690482491,0.9573545936812148,1.0239916690482491,0,0.0,0,0.0,0.0,0
2005,89,173,16608,0.95,0.95,0.3125,0,0,0,0,0,0,1.1243074327576523,0.9597310822991864,1.0230981783501476,0.9597310822991864,1.0230981783501476,0,0.0,0,0.0,0.0,0
2005,90,175,16800,0.95,0.95,0.3125,0,0,0,0,0,0,1.1287674006894584,0.96006643288517,1.0234999240911675,0.96006643288517,1.0234999240911675,0,0.0,0,0.0,0.0,0
2005,91,176,16896,0.95,0.95,0.3125,0,0,0,0,0,0,1.1398718190838482,0.9612712412423684,1.0250430185920028,0.9612712412423684,1.0250430185920028,0,0.0,0,0.0,0.0,0
2005,92,178,17088,0.95,0.95,0.3125,0,0,0,0,0,0,1.1333303958257177,0.9603665321667446,1.0230574146775762,0.9603665321667446,1.0230574146775762,0,0.0,0,0.0,0.0,0
2005,93,179,17184,0.95,0.95,0.3125,0,0,0,0,0,0,1.142900967520308,0.9586782674036248,1.0245478594462876,0.9586782674036248,1.0245478594462876,0,0.0,0,0.0,0.0,0
2005,94,181,17376,0.95,0.95,0.3125,0,0,0,0,0,0,1.132663913613205,0.9606318090497764,1.0232921570239684,0.9606318090497764,1.0232921570239684,0,0.0,0,0.0,0.0,0
2005,95,183,17568,0.95,0.95,0.3125,0,0,0,0,0,0,1.1298406137712176,0.9599426256885788,1.0257759166510354,0.9599426256885788,1.0257759166510354,0,0.0,0,0.0,0.0,0
2005,96,184,17664,0.95,0.95,0.3125,0,0,0,0,0,0,1.1319816866421768,0.9620718128963464,1.0227870360028066,0.9620718128963464,1.0227870360028066,0,0.0,0,0.0,0.0,0
2005,97,187,17952,0.95,0.95,0.3125,0,0,0,0,0,0,1.124414708386036,0.957587084056653,1.028878532809098,0.957587084056653,1.028878532809098,0,0.0,0,0.0,0.0,0
2005,100,190,18240,0.95,0.95,0.3125,0,0,0,0,0,0,1.118573594626456,0.9623979112342508,1.0220419379913526,0.9623979112342508,1.0220419379913526,0,0.0,0,0.0,0.0,0
2005,98,192,18432,0.95,0.95,0.3125,0,0,0,0,0,0,1.1424283284771886,0.959375093645985,1.024015780589156,0.959375093645985,1.024015780589156,0,0.0,0,0.0,0.0,0
2005,99,193,18528,0.95,0.95,0.3125,0,0,0,0,0,0,1.1305708985887435,0.9595520924582625,1.024332111701603,0.9595520924582625,1.024332111701603,0,0.0,0,0.0,0.0,0
2005,100,197,18912,0.95,0.95,0.3125,0,0,0,0,0,0,1.125814966041486,0.9598961754594054,1.0253471548560262,0.9598961754594054,1.0253471548560262,0,0.0,0,0.0,0.0,0
2005,101,201,19296,0.95,0.95,0.3125,0,0,0,0,0,0,1.121697980892562,0.9594346823716652,1.029745535455749,0.9594346823716652,1.029745535455749,0,0.0,0,0.0,0.0,0
2005,102,205,19680,0.95,0.95,0.3125,0,0,0,0,0,0,1.1172440777946626,0.9615704696679614,1.0234521375721737,0.9615704696679614,1.0234521375721737,0,0.0,0,0.0,0.0,0
2005,103,207,19872,0.95,0.95,0.3125,0,0,0,0,0,0,1.134611922843646,0.9535856560323396,1.0233675720745576,0.9535856560323396,1.0233675720745576,0,0.0,0,0.0,0.0,0
2005,104,210,20160,0.95,0.95,0.3125,0,0,0,0,0,0,1.1139057335014149,0.9555881964178684,1.021884374236839,0.9555881964178684,1.021884374236839,0,0.0,0,0.0,0.0,0
2005,105,212,20352,0.95,0.95,0.3125,0,0,0,0,0,0,1.1295284161983543,0.9580117989964892,1.0271037104429674,0.9580117989964892,1.0271037104429674,0,0.0,0,0.0,0.0,0
2005,106,213,20448,0.95,0.95,0.3125,0,0,0,0,0,0,1.1282881633559798,0.9605718344382324,1.0292635716486094,0.9605718344382324,1.0292635716486094,0,0.0,0,0.0,0.0,0
2005,107,216,20736,0.95,0.95,0.3125,0,0,0,0,0,0,1.1115890265742183,0.961021273308672,1.026077145530186,0.961021273308672,1.026077145530186,0,0.0,0,0.0,0.0,0
2005,108,219,21024,0.95,0.95,0.3125,0,0,0,0,0,0,1.1460496243852425,0.958950481439624,1.0259437729110648,0.958950481439624,1.0259437729110648,0,0.0,0,0.0,0.0,0
2005,109,220,21120,0.95,0.95,0.3125,0,0,0,0,0,0,1.1401008270240345,0.9622121488614256,1.02259147071295,0.9622121488614256,1.02259147071295,0,0.0,0,0.0,0.0,0
2005,110,226,21696,0.95,0.95,0.3125,0,0,0,0,0,0,1.1233956320740968,0.9593026221776862,1.0253807874703775,0.9593026221776862,1.0253807874703775,0,0.0,0,0.0,0.0,0
2005,114,228,21888,0.95,0.95,0.3125,0,0,0,0,0,0,1.144695705369299,0.9639318834592552,1.0265049584388557,0.9639318834592552,1.0265049584388557,0,0.0,0,0.0,0.0,0
2005,111,230,22080,0.95,0.95,0.3125,0,0,0,0,0,0,1.1257566415772595,0.961387937295581,1.0238623635789346,0.961387937295581,1.0238623635789346,0,0.0,0,0.0,0.0,0
2005,112,231,22176,0.95,0.95,0.3125,0,0,0,0,0,0,1.1266023008397958,0.9623677764530222,1.0251505062932804,0.9623677764530222,1.0251505062932804,0,0.0,0,0.0,0.0,0
2005,113,232,22272,0.95,0.95,0.3125,0,0,0,0,0,0,1.120329122667683,0.962727116081209,1.022976782014143,0.962727116081209,1.022976782014143,0,0.0,0,0.0,0.0,0
2005,114,234,22464,0.95,0.95,0.3125,0,0,0,0,0,0,1.1289151299420446,0.9609580662895728,1.027121589943453,0.9609580662895728,1.027121589943453,0,0.0,0,0.0,0.0,0
2005,115,235,22560,0.95,0.95,0.3125,0,0,0,0,0,0,1.1355044654989677,0.958962034110279,1.0258949961241852,0.958962034110279,1.0258949961241852,0,0.0,0,0.0,0.0,0
2005,116,236,22656,0.95,0.95,0.3125,0,0,0,0,0,0,1.1350803679583166,0.9623193898674092,1.0249473723502902,0.9623193898674092,1.0249473723502902,0,0.0,0,0.0,0.0,0
2005,117,239,22944,0.95,0.95,0.3125,0,0,0,0,0,0,1.1224626613864186,0.9605972676690652,1.0265713190023669,0.9605972676690652,1.0265713190023669,0,0.0,0,0.0,0.0,0
2005,118,240,23040,0.95,0.95,0.3125,0,0,0,0,0,0,1.1277012118987089,0.9610839484957374,1.0234851469157675,0.9610839484957374,1.0234851469157675,0,0.0,0,0.0,0.0,0
2005,123,241,23136,0.95,0.95,0.3125,0,0,0,0,0,0,1.1185782255727867,0.9599999019746928,1.024100212670528,0.9599999019746928,1.024100212670528,0,0.0,0,0.0,0.0,0
2005,119,244,23424,0.95,0.95,0.3125,0,0,0,0,0,0,1.1316268532387233,0.9615135881908544,1.0262026676975289,0.9615135881908544,1.0262026676975289,0,0.0,0,0.0,0.0,0
2005,120,245,23520,0.95,0.95,0.3125,0,0,0,0,0,0,1.1181585955073754,0.960819400576003,1.0240066610897096,0.960819400576003,1.0240066610897096,0,0.0,0,0.0,0.0,0
2005,121,248,23808,0.95,0.95,0.3125,0,0,0,0,0,0,1.1347492796127194,0.9621067454775972,1.0250825291763672,0.9621067454775972,1.0250825291763672,0,0.0,0,0.0,0.0,0
2005,122,251,24096,0.95,0.95,0.3125,0,0,0,0,0,0,1.1148374600085469,0.9606062759180124,1.0248935557848615,0.9606062759180124,1.0248935557848615,0,0.0,0,0.0,0.0,0
2005,123,253,24288,0.95,0.95,0.3125,0,0,0,0,0,0,1.1191800098018188,0.9609204627920545,1.0264575012031436,0.9609204627920545,1.0264575012031436,0,0.0,0,0.0,0.0,0
2005,124,254,24384,0.95,0.95,0.3125,0,0,0,0,0,0,1.1185381531719367,0.9627451922465314,1.0225352239325844,0.9627451922465314,1.0225352239325844,0,0.0,0,0.0,0.0,0
2005,125,257,24672,0.95,0.95,0.3125,0,0,0,0,0,0,1.109108274757733,0.9635858500677712,1.0277448902201038,0.9635858500677712,1.0277448902201038,0,0.0,0,0.0,0.0,0
2005,126,259,24864,0.95,0.95,0.3125,0,0,0,0,0,0,1.120052193544519,0.9642947371236106,1.0247124097985054,0.9642947371236106,1.0247124097985054,0,0.0,0,0.0,0.0,0
2005,127,261,25056,0.95,0.95,0.3125,0,0,0,0,0,0,1.1394792232918936,0.9596666825289976,1.0268047932785511,0.9596666825289976,1.0268047932785511,0,0.0,0,0.0,0.0,0
2005,128,266,25536,0.95,0.95,0.3125,0,0,0,0,0,0,1.12537353204937,0.959221178063314,1.023309902155393,0.959221178063314,1.023309902155393,0,0.0,0,0.0,0.0,0
2005,129,267,25632,0.95,0.95,0.3125,0,0,0,0,0,0,1.126911117367132,0.96158416053148,1.0261700207370623,0.96158416053148,1.0261700207370623,0,0.0,0,0.0,0.0,0
2005,130,268,25728,0.95,0.95,0.3125,0,0,0,0,0,0,1.1202284061504102,0.9621293143584784,1.0225262322407158,0.9621293143584784,1.0225262322407158,0,0.0,0,0.0,0.0,0
2005,131,269,25824,0.95,0.95,0.3125,0,0,0,0,0,0,1.1362446262658603,0.9612696958330788,1.028815897041091,0.9612696958330788,1.028815897041091,0,0.0,0,0.0,0.0,0
2005,132,271,26016,0.95,0.95,0.3125,0,0,0,0,0,0,1.1332023728424976,0.9576049665874466,1.0236579203253702,0.9576049665874466,1.0236579203253702,0,0.0,0,0.0,0.0,0
2005,133,272,26112,0.95,0.95,0.3125,0,0,0,0,0,0,1.131039717023735,0.9633077304816424,1.023171238848886,0.9633077304816424,1.023171238848886,0,0.0,0,0.0,0.0,0
2005,134,273,26208,0.95,0.95,0.3125,0,0,0,0,0,0,1.1302834172248932,0.9537548951586176,1.0233645521269588,0.9537548951586176,1.0233645521269588,0,0.0,0,0.0,0.0,0
2005,135,275,26400,0.95,0.95,0.3125,0,0,0,0,0,0,1.105360765206634,0.9629191479037126,1.0281419514665795,0.9629191479037126,1.0281419514665795,0,0.0,0,0.0,0.0,0
2005,136,276,26496,0.95,0.95,0.3125,0,0,0,0,0,0,1.1335329472348938,0.9586665899932996,1.0258069528253706,0.9586665899932996,1.0258069528253706,0,0.0,0,0.0,0.0,0
2005,142,278,26688,0.95,0.95,0.3125,0,0,0,0,0,0,1.1227724894683382,0.9615975233497288,1.0227872029713772,0.9615975233497288,1.0227872029713772,0,0.0,0,0.0,0.0,0
2005,143,280,26880,0.95,0.95,0.3125,0,0,0,0,0,0,1.1170313104521783,0.9589517203716028,1.02469169232825,0.9589517203716028,1.02469169232825,0,0.0,0,0.0,0.0,0
2005,144,281,26976,0.95,0.95,0.3125,0,0,0,0,0,0,1.093134236158269,0.9627688467031168,1.024466912761722,0.9627688467031168,1.024466912761722,0,0.0,0,0.0,0.0,0
2005,137,282,27072,0.95,0.95,0.3125,0,0,0,0,0,0,1.1208423236284295,0.963953936264705,1.025899675906626,0.963953936264705,1.025899675906626,0,0.0,0,0.0,0.0,0
2005,138,283,27168,0.95,0.95,0.3125,0,0,0,0,0,0,1.1133416526354292,0.9631046333542505,1.0307731019031907,0.9631046333542505,1.0307731019031907,0,0.0,0,0.0,0.0,0
2005,139,284,27264,0.95,0.95,0.3125,0,0,0,0,0,0,1.1360924719644911,0.9607246786935184,1.025110163634492,0.9607246786935184,1.025110163634492,0,0.0,0,0.0,0.0,0
2005,140,285,27360,0.95,0.95,0.3125,0,0,0,0,0,0,1.1426119734377498,0.9622667948780907,1.024879537952068,0.9622667948780907,1.024879537952068,0,0.0,0,0.0,0.0,0
2005,141,287,27552,0.95,0.95,0.3125,0,0,0,0,0,0,1.138478761764297,0.9608322646636374,1.0243306469369875,0.9608322646636374,1.0243306469369875,0,0.0,0,0.0,0.0,0
2005,142,288,27648,0.95,0.95,0.3125,0,0,0,0,0,0,1.1188724564895451,0.9621161483112748,1.0251996415693203,0.9621161483112748,1.0251996415693203,0,0.0,0,0.0,0.0,0
2005,143,289,27744,0.95,0.95,0.3125,0,0,0,0,0,0,1.111715737891318,0.9593198593838662,1.0217131545311675,0.9593198593838662,1.0217131545311675,0,0.0,0,0.0,0.0,0
2005,144,290,27840,0.95,0.95,0.3125,0,0,0,0,0,0,1.1284356799598714,0.958988685845436,1.0287828335407612,0.958988685845436,1.0287828335407612,0,0.0,0,0.0,0.0,0
2005,153,291,27936,0.95,0.95,0.3125,0,0,0,0,0,0,1.1401863668215204,0.9597645241371348,1.023421358451974,0.9597645241371348,1.023421358451974,0,0.0,0,0.0,0.0,0
2005,145,292,28032,0.95,0.95,0.3125,0,0,0,0,0,0,1.102424155309765,0.9612726383978571,1.0223026052288773,0.9612726383978571,1.0223026052288773,0,0.0,0,0.0,0.0,0
2005,146,293,28128,0.95,0.95,0.3125,0,0,0,0,0,0,1.1377207641791591,0.9614191016225864,1.024110285868177,0.9614191016225864,1.024110285868177,0,0.0,0,0.0,0.0,0
2005,147,294,28224,0.95,0.95,0.3125,0,0,0,0,0,0,1.12041933496959,0.9611381339066908,1.0245693390507515,0.9611381339066908,1.0245693390507515,0,0.0,0,0.0,0.0,0
2005,148,295,28320,0.95,0.95,0.3125,0,0,0,0,0,0,1.117274492338724,0.9614226638399984,1.024746707252636,0.9614226638399984,1.024746707252636,0,0.0,0,0.0,0.0,0
2005,149,296,28416,0.95,0.95,0.3125,0,0,0,0,0,0,1.1218814512249191,0.961129520949581,1.023167652916997,0.961129520949581,1.023167652916997,0,0.0,0,0.0,0.0,0
2005,150,297,28512,0.95,0.95,0.3125,0,0,0,0,0,0,1.138299112628967,0.9593570777838496,1.0231950265225398,0.9593570777838496,1.0231950265225398,0,0.0,0,0.0,0.0,0
2005,160,298,28608,0.95,0.95,0.3125,0,0,0,0,0,0,1.1293711650101534,0.9652683486377128,1.02632802564907,0.9652683486377128,1.02632802564907,0,0.0,0,0.0,0.0,0
2005,151,299,28704,0.95,0.95,0.3125,0,0,0,0,0,0,1.1343565602181218,0.9575992139252716,1.026117378618385,0.9575992139252716,1.026117378618385,0,0.0,0,0.0,0.0,0
2005,152,300,28800,0.95,0.95,0.3125,0,0,0,0,0,0,1.1226044004159388,0.9643809744262296,1.0282360744134698,0.9643809744262296,1.0282360744134698,0,0.0,0,0.0,0.0,0
2005,153,302,28992,0.95,0.95,0.3125,0,0,0,0,0,0,1.1321084138781727,0.9642783881334168,1.0259203125035263,0.9642783881334168,1.0259203125035263,0,0.0,0,0.0,0.0,0
2005,154,305,29280,0.95,0.95,0.3125,0,0,0,0,0,0,1.1270103241109155,0.960548413240896,1.0276428852775032,0.960548413240896,1.0276428852775032,0,0.0,0,0.0,0.0,0
2005,155,306,29376,0.95,0.95,0.3125,0,0,0,0,0,0,1.1039298033432037,0.9597635897296968,1.0237734150926645,0.9597635897296968,1.0237734150926645,0,0.0,0,0.0,0.0,0
2005,156,307,29472,0.95,0.95,0.3125,0,0,0,0,0,0,1.1246831517288025,0.961553773416097,1.023167700165107,0.961553773416097,1.023167700165107,0,0.0,0,0.0,0.0,0
2005,157,308,29568,0.95,0.95,0.3125,0,0,0,0,0,0,1.1213780071901367,0.9573125768826736,1.0236404664691454,0.9573125768826736,1.0236404664691454,0,0.0,0,0.0,0.0,0
2005,158,312,29952,0.95,0.95,0.3125,0,0,0,0,0,0,1.118164566720894,0.9572369676882574,1.0242149660454505,0.9572369676882574,1.0242149660454505,0,0.0,0,0.0,0.0,0
2005,159,315,30240,0.95,0.95,0.3125,0,0,0,0,0,0,1.1394521673321174,0.9615104501536068,1.0285513058186069,0.9615104501536068,1.0285513058186069,0,0.0,0,0.0,0.0,0
2005,160,317,30432,0.95,0.95,0.3125,0,0,0,0,0,0,1.1396688157203447,0.9582285667982776,1.022928766080295,0.9582285667982776,1.022928766080295,0,0.0,0,0.0,0.0,0
2005,161,319,30624,0.95,0.95,0.3125,0,0,0,0,0,0,1.129456801021839,0.9562054046820968,1.0282525682159005,0.9562054046820968,1.0282525682159005,0,0.0,0,0.0,0.0,0
2005,162,321,30816,0.95,0.95,0.3125,0,0,0,0,0,0,1.1232973097924226,0.9604742451608512,1.0266682935592255,0.9604742451608512,1.0266682935592255,0,0.0,0,0.0,0.0,0
2005,173,322,30912,0.95,0.95,0.3125,0,0,0,0,0,0,1.1172259905538355,0.9598287859174804,1.0233465591290047,0.9598287859174804,1.0233465591290047,0,0.0,0,0.0,0.0,0
2005,163,326,31296,0.95,0.95,0.3125,0,0,0,0,0,0,1.1283931045041,0.9544783366340552,1.022177503865034,0.9544783366340552,1.022177503865034,0,0.0,0,0.0,0.0,0
2005,164,329,31584,0.95,0.95,0.3125,0,0,0,0,0,0,1.1392425580107302,0.9611438960736444,1.0257037388095274,0.9611438960736444,1.0257037388095274,0,0.0,0,0.0,0.0,0
2005,165,331,31776,0.95,0.95,0.3125,0,0,0,0,0,0,1.1505064664867266,0.9629517631791694,1.023818147571043,0.9629517631791694,1.023818147571043,0,0.0,0,0.0,0.0,0
2005,166,332,31872,0.95,0.95,0.3125,0,0,0,0,0,0,1.1251677757281338,0.957439756257721,1.0275985432433097,0.957439756257721,1.0275985432433097,0,0.0,0,0.0,0.0,0
2005,167,333,31968,0.95,0.95,0.3125,0,0,0,0,0,0,1.1099373951507112,0.9634614779072754,1.0231228251686044,0.9634614779072754,1.0231228251686044,0,0.0,0,0.0,0.0,0
2005,168,335,32160,0.95,0.95,0.3125,0,0,0,0,0,0,1.122233841361949,0.9607735918230932,1.0254469689218169,0.9607735918230932,1.0254469689218169,0,0.0,0,0.0,0.0,0
2005,169,336,32256,0.95,0.95,0.3125,0,0,0,0,0,0,1.1387168339704292,0.9570266172635856,1.02279443777931,0.9570266172635856,1.02279443777931,0,0.0,0,0.0,0.0,0
2005,170,337,32352,0.95,0.95,0.3125,0,0,0,0,0,0,1.1309501072798605,0.9638258747485612,1.0248361322098498,0.9638258747485612,1.0248361322098498,0,0.0,0,0.0,0.0,0
2005,171,338,32448,0.95,0.95,0.3125,0,0,0,0,0,0,1.133460927693497,0.9602269943817768,1.0240434183421323,0.9602269943817768,1.0240434183421323,0,0.0,0,0.0,0.0,0
2005,172,339,32544,0.95,0.95,0.3125,0,0,0,0,0,0,1.1437393707737,0.9617850814995887,1.0295032106152324,0.9617850814995887,1.0295032106152324,0,0.0,0,0.0,0.0,0
2005,173,341,32736,0.95,0.95,0.3125,0,0,0,0,0,0,1.1046109214910649,0.9607691150215844,1.0239008386929007,0.9607691150215844,1.0239008386929007,0,0.0,0,0.0,0.0,0
2005,174,342,32832,0.95,0.95,0.3125,0,0,0,0,0,0,1.1222433246294747,0.9559735596286356,1.024438944858154,0.9559735596286356,1.024438944858154,0,0.0,0,0.0,0.0,0
2005,175,345,33120,0.95,0.95,0.3125,0,0,0,0,0,0,1.107297267489985,0.955814599418616,1.0274707474027371,0.955814599418616,1.0274707474027371,0,0.0,0,0.0,0.0,0
2005,176,347,33312,0.95,0.95,0.3125,0,0,0,0,0,0,1.1323539523639314,0.9580624113749884,1.02834635094655,0.9580624113749884,1.02834635094655,0,0.0,0,0.0,0.0,0
2005,177,348,33408,0.95,0.95,0.3125,0,0,0,0,0,0,1.115351890671134,0.9592901765739108,1.0244787244276672,0.9592901765739108,1.0244787244276672,0,0.0,0,0.0,0.0,0
2005,178,349,33504,0.95,0.95,0.3125,0,0,0,0,0,0,1.133265301533906,0.9555424479658248,1.0248318557977258,0.9555424479658248,1.0248318557977258,0,0.0,0,0.0,0.0,0
2005,179,351,33696,0.95,0.95,0.3125,0,0,0,0,0,0,1.1184127818276446,0.9625521240631044,1.0241926002891422,0.9625521240631044,1.0241926002891422,0,0.0,0,0.0,0.0,0
2005,191,352,33792,0.95,0.95,0.3125,0,0,0,0,0,0,1.1438093961822322,0.963430341708926,1.0251125623264754,0.963430341708926,1.0251125623264754,0,0.0,0,0.0,0.0,0
2005,180,354,33984,0.95,0.95,0.3125,0,0,0,0,0,0,1.1315628478553523,0.9608217882548632,1.0255948170560432,0.9608217882548632,1.0255948170560432,0,0.0,0,0.0,0.0,0
2005,181,355,34080,0.95,0.95,0.3125,0,0,0,0,0,0,1.160966982542532,0.9604413522622538,1.0306182679844018,0.9604413522622538,1.0306182679844018,0,0.0,0,0.0,0.0,0
2005,182,356,34176,0.95,0.95,0.3125,0,0,0,0,0,0,1.1257243365702507,0.9639911148533838,1.0274149461183917,0.9639911148533838,1.0274149461183917,0,0.0,0,0.0,0.0,0
2005,183,361,34656,0.95,0.95,0.3125,0,0,0,0,0,0,1.1262353356434218,0.9632486048664736,1.0261219592778352,0.9632486048664736,1.0261219592778352,0,0.0,0,0.0,0.0,0
2005,196,362,34752,0.95,0.95,0.3125,0,0,0,0,0,0,1.1271119533713712,0.9623606215587984,1.027229969312458,0.9623606215587984,1.027229969312458,0,0.0,0,0.0,0.0,0
2005,184,364,34944,0.95,0.95,0.3125,0,0,0,0,0,0,1.1193407158484885,0.9575782038008792,1.0228398240293988,0.9575782038008792,1.0228398240293988,0,0.0,0,0.0,0.0,0
2005,198,366,35136,0.95,0.95,0.3125,0,0,0,0,0,0,1.12626193136734,0.9580004978122512,1.02491013730243,0.9580004978122512,1.02491013730243,0,0.0,0,0.0,0.0,0
2005,185,367,35232,0.95,0.95,0.3125,0,0,0,0,0,0,1.1267164899513036,0.9594827683382516,1.0245191231853803,0.9594827683382516,1.0245191231853803,0,0.0,0,0.0,0.0,0
2006,1,2,192,1.0,1.0,0.375,0,0,0,0,0,0,1.2107292075986518,0.9580356733090948,1.0265692513859326,0.9580356733090948,1.0265692513859326,0,0.0,0,0.0,0.0,0
2006,2,4,384,1.0,1.0,0.375,0,0,0,0,0,0,1.2036954002557398,0.963485518369572,1.0244697239287508,0.963485518369572,1.0244697239287508,0,0.0,0,0.0,0.0,0
2006,3,6,576,1.0,1.0,0.375,0,0,0,0,0,0,1.2201509577913732,0.9612553899395428,1.0237074727726578,0.9612553899395428,1.0237074727726578,0,0.0,0,0.0,0.0,0
2006,4,7,672,1.0,1.0,0.375,0,0,0,0,0,0,1.2260400773285691,0.9618325376572444,1.0248611958299951,0.9618325376572444,1.0248611958299951,0,0.0,0,0.0,0.0,0
2006,5,10,960,1.0,1.0,0.375,0,0,0,0,0,0,1.2063199004623866,0.9624492070388158,1.0246672257791944,0.9624492070388158,1.0246672257791944,0,0.0,0,0.0,0.0,0
2006,6,13,1248,1.0,1.0,0.375,0,0,0,0,0,0,1.223099708464933,0.959924200784268,1.026834105571025,0.959924200784268,1.026834105571025,0,0.0,0,0.0,0.0,0
2006,7,16,1536,1.0,1.0,0.375,0,0,0,0,0,0,1.230134861461893,0.9598527590186572,1.02727756262527,0.9598527590186572,1.02727756262527,0,0.0,0,0.0,0.0,0
2006,8,17,1632,1.0,1.0,0.375,0,0,0,0,0,0,1.212168956482598,0.9647436455527136,1.0263707125984642,0.9647436455527136,1.0263707125984642,0,0.0,0,0.0,0.0,0
2006,9,20,1920,1.0,1.0,0.375,0,0,0,0,0,0,1.204184606854554,0.9628581708327856,1.0263269100369847,0.9628581708327856,1.0263269100369847,0,0.0,0,0.0,0.0,0
2006,10,22,2112,1.0,1.0,0.375,0,0,0,0,0,0,1.2193388247776642,0.9642080079727954,1.0305240199158874,0.9642080079727954,1.0305240199158874,0,0.0,0,0.0,0.0,0
2006,11,23,2208,1.0,1.0,0.375,0,0,0,0,0,0,1.21039337477558,0.9633506037642432,1.0273169644845104,0.9633506037642432,1.0273169644845104,0,0.0,0,0.0,0.0,0
2006,12,25,2400,1.0,1.0,0.375,0,0,0,0,0,0,1.19402276720018,0.9634255718317928,1.0251324499179586,0.9634255718317928,1.0251324499179586,0,0.0,0,0.0,0.0,0
2006,13,26,2496,1.0,1.0,0.375,0,0,0,0,0,0,1.2202068341861532,0.9637423620810164,1.0258100157767207,0.9637423620810164,1.0258100157767207,0,0.0,0,0.0,0.0,0
2006,14,29,2784,1.0,1.0,0.375,0,0,0,0,0,0,1.220829405361484,0.9619470197793052,1.0236884355309168,0.9619470197793052,1.0236884355309168,0,0.0,0,0.0,0.0,0
2006,15,30,2880,1.0,1.0,0.375,0,0,0,0,0,0,1.2115170557323256,0.961396960908463,1.023407615182235,0.961396960908463,1.023407615182235,0,0.0,0,0.0,0.0,0
2006,16,31,2976,1.0,1.0,0.375,0,0,0,0,0,0,1.195930784301389,0.9614594343720184,1.0252047382854657,0.9614594343720184,1.0252047382854657,0,0.0,0,0.0,0.0,0
2006,17,34,3264,1.0,1.0,0.375,0,0,0,0,0,0,1.2130031825421226,0.9600365143102026,1.026236785842199,0.9600365143102026,1.026236785842199,0,0.0,0,0.0,0.0,0
2006,18,37,3552,1.0,1.0,0.375,0,0,0,0,0,0,1.2014453932075386,0.9663817984883054,1.0250159626842543,0.9663817984883054,1.0250159626842543,0,0.0,0,0.0,0.0,0
2006,19,38,3648,1.0,1.0,0.375,0,0,0,0,0,0,1.2266882121721856,0.964004344597198,1.0246093341234734,0.964004344597198,1.0246093341234734,0,0.0,0,0.0,0.0,0
2006,20,39,3744,1.0,1.0,0.375,0,0,0,0,0,0,1.226425574488823,0.9620236968585104,1.024667086621717,0.9620236968585104,1.024667086621717,0,0.0,0,0.0,0.0,0
2006,21,43,4128,1.0,1.0,0.375,0,0,0,0,0,0,1.2154946807183955,0.961345732584603,1.023427751698934,0.961345732584603,1.023427751698934,0,0.0,0,0.0,0.0,0
2006,22,44,4224,1.0,1.0,0.375,0,0,0,0,0,0,1.2050970051248533,0.9652402767901962,1.0235935570211934,0.9652402767901962,1.0235935570211934,0,0.0,0,0.0,0.0,0
2006,23,46,4416,1.0,1.0,0.375,0,0,0,0,0,0,1.2211103376623609,0.9604193016458252,1.0252491469338028,0.9604193016458252,1.0252491469338028,0,0.0,0,0.0,0.0,0
2006,24,49,4704,1.0,1.0,0.375,0,0,0,0,0,0,1.226037582919266,0.9625012380780504,1.0236827608395669,0.9625012380780504,1.0236827608395669,0,0.0,0,0.0,0.0,0
2006,25,50,4800,1.0,1.0,0.375,0,0,0,0,0,0,1.1891191871628657,0.9645745391492788,1.0250895452943405,0.9645745391492788,1.0250895452943405,0,0.0,0,0.0,0.0,0
2006,26,51,4896,1.0,1.0,0.375,0,0,0,0,0,0,1.2281400410233183,0.9622374547074456,1.0237196995477444,0.9622374547074456,1.0237196995477444,0,0.0,0,0.0,0.0,0
2006,27,53,5088,1.0,1.0,0.375,0,0,0,0,0,0,1.1961124184362992,0.9631297024869108,1.0235873363358718,0.9631297024869108,1.0235873363358718,0,0.0,0,0.0,0.0,0
2006,28,54,5184,1.0,1.0,0.375,0,0,0,0,0,0,1.2153602257988465,0.961235664530516,1.0246698160547287,0.961235664530516,1.0246698160547287,0,0.0,0,0.0,0.0,0
2006,29,55,5280,1.0,1.0,0.375,0,0,0,0,0,0,1.221832141688019,0.961068897282508,1.0249458795854924,0.961068897282508,1.0249458795854924,0,0.0,0,0.0,0.0,0
2006,30,56,5376,1.0,1.0,0.375,0,0,0,0,0,0,1.2179481581518827,0.9647391882529794,1.0250469042114745,0.9647391882529794,1.0250469042114745,0,0.0,0,0.0,0.0,0
2006,31,57,5472,1.0,1.0,0.375,0,0,0,0,0,0,1.1990190694180418,0.9651958712957932,1.025652146681319,0.9651958712957932,1.025652146681319,0,0.0,0,0.0,0.0,0
2006,32,59,5664,1.0,1.0,0.375,0,0,0,0,0,0,1.1916553308684728,0.9630123326767788,1.0243534627600182,0.9630123326767788,1.0243534627600182,0,0.0,0,0.0,0.0,0
2006,33,60,5760,1.0,1.0,0.375,0,0,0,0,0,0,1.211408749384242,0.9596533363685744,1.026243809268635,0.9596533363685744,1.026243809268635,0,0.0,0,0.0,0.0,0
2006,34,62,5952,1.0,1.0,0.375,0,0,0,0,0,0,1.2113894463700083,0.960267580735821,1.0234088986157557,0.960267580735821,1.0234088986157557,0,0.0,0,0.0,0.0,0
2006,35,65,6240,1.0,1.0,0.375,0,0,0,0,0,0,1.2114617473187934,0.9645385767825864,1.0240330918562477,0.9645385767825864,1.0240330918562477,0,0.0,0,0.0,0.0,0
2006,36,66,6336,1.0,1.0,0.375,0,0,0,0,0,0,1.2118278341705842,0.9582106526319092,1.0222513725135822,0.9582106526319092,1.0222513725135822,0,0.0,0,0.0,0.0,0
2006,37,67,6432,1.0,1.0,0.375,0,0,0,0,0,0,1.20674148554819,0.963360367231049,1.0284456778206994,0.963360367231049,1.0284456778206994,0,0.0,0,0.0,0.0,0
2006,38,68,6528,1.0,1.0,0.375,0,0,0,0,0,0,1.2113714389090384,0.96303575555257,1.0265310955299574,0.96303575555257,1.0265310955299574,0,0.0,0,0.0,0.0,0
2006,39,69,6624,1.0,1.0,0.375,0,0,0,0,0,0,1.2212414145638455,0.962531069591769,1.02794527000739,0.962531069591769,1.02794527000739,0,0.0,0,0.0,0.0,0
2006,40,70,6720,1.0,1.0,0.375,0,0,0,0,0,0,1.2197343060776589,0.96255779225527,1.0241847211645136,0.96255779225527,1.0241847211645136,0,0.0,0,0.0,0.0,0
2006,41,71,6816,1.0,1.0,0.375,0,0,0,0,0,0,1.2249957701257328,0.964433274794386,1.0238251405715535,0.964433274794386,1.0238251405715535,0,0.0,0,0.0,0.0,0
2006,42,74,7104,1.0,1.0,0.375,0,0,0,0,0,0,1.2328224672820085,0.9653857872549846,1.0251016945047826,0.9653857872549846,1.0251016945047826,0,0.0,0,0.0,0.0,0
2006,43,80,7680,1.0,1.0,0.375,0,0,0,0,0,0,1.1852851748106736,0.960565326963312,1.0219172981421851,0.960565326963312,1.0219172981421851,0,0.0,0,0.0,0.0,0
2006,44,81,7776,1.0,1.0,0.375,0,0,0,0,0,0,1.203327519161998,0.9621632941082042,1.0241042517260914,0.9621632941082042,1.0241042517260914,0,0.0,0,0.0,0.0,0
2006,45,82,7872,1.0,1.0,0.375,0,0,0,0,0,0,1.216307002227924,0.9603107021623116,1.0239245207275378,0.9603107021623116,1.0239245207275378,0,0.0,0,0.0,0.0,0
2006,46,84,8064,1.0,1.0,0.375,0,0,0,0,0,0,1.2126405947981738,0.9607189630887036,1.0250647696889663,0.9607189630887036,1.0250647696889663,0,0.0,0,0.0,0.0,0
2006,47,85,8160,1.0,1.0,0.375,0,0,0,0,0,0,1.1982036315704792,0.9666059466780578,1.0267638714151186,0.9666059466780578,1.0267638714151186,0,0.0,0,0.0,0.0,0
2006,47,86,8256,1.0,1.0,0.375,0,0,0,0,0,0,1.2164777911378388,0.9635267324723474,1.0233010818631905,0.9635267324723474,1.0233010818631905,0,0.0,0,0.0,0.0,0
2006,48,87,8352,1.0,1.0,0.375,0,0,0,0,0,0,1.23231402037419,0.9623935114036348,1.0233528106517782,0.9623935114036348,1.0233528106517782,0,0.0,0,0.0,0.0,0
2006,49,93,8928,1.0,1.0,0.375,0,0,0,0,0,0,1.206154793816492,0.9626414642146226,1.024229166246775,0.9626414642146226,1.024229166246775,0,0.0,0,0.0,0.0,0
2006,50,94,9024,1.0,1.0,0.375,0,0,0,0,0,0,1.2080140381122255,0.9654923111127564,1.0238043057241777,0.9654923111127564,1.0238043057241777,0,0.0,0,0.0,0.0,0
2006,51,95,9120,1.0,1.0,0.375,0,0,0,0,0,0,1.2167703962502308,0.9639340298263724,1.0231831592469918,0.9639340298263724,1.0231831592469918,0,0.0,0,0.0,0.0,0
2006,52,97,9312,1.0,1.0,0.375,0,0,0,0,0,0,1.2100235117624922,0.9639472888913572,1.0228240118879215,0.9639472888913572,1.0228240118879215,0,0.0,0,0.0,0.0,0
2006,53,98,9408,1.0,1.0,0.375,0,0,0,0,0,0,1.199260870882983,0.9611499661220624,1.0232571156451715,0.9611499661220624,1.0232571156451715,0,0.0,0,0.0,0.0,0
2006,54,101,9696,1.0,1.0,0.375,0,0,0,0,0,0,1.217540220398183,0.962513923787387,1.024403318831992,0.962513923787387,1.024403318831992,0,0.0,0,0.0,0.0,0
2006,55,102,9792,1.0,1.0,0.375,0,0,0,0,0,0,1.220166551144469,0.9630830571030506,1.0280792608600953,0.9630830571030506,1.0280792608600953,0,0.0,0,0.0,0.0,0
2006,56,107,10272,1.0,1.0,0.375,0,0,0,0,0,0,1.1997058313678286,0.958902478468385,1.023108367222163,0.958902478468385,1.023108367222163,0,0.0,0,0.0,0.0,0
2006,57,109,10464,1.0,1.0,0.375,0,0,0,0,0,0,1.206648264056258,0.9599662155102072,1.0235107371480754,0.9599662155102072,1.0235107371480754,0,0.0,0,0.0,0.0,0
2006,58,111,10656,1.0,1.0,0.375,0,0,0,0,0,0,1.2227961587177991,0.9601146038853444,1.024353986851439,0.9601146038853444,1.024353986851439,0,0.0,0,0.0,0.0,0
2006,59,114,10944,1.0,1.0,0.375,0,0,0,0,0,0,1.202640531779676,0.9632212940695016,1.0234186317710503,0.9632212940695016,1.0234186317710503,0,0.0,0,0.0,0.0,0
2006,60,116,11136,1.0,1.0,0.375,0,0,0,0,0,0,1.2304815892619416,0.9586965035859708,1.0247203048973044,0.9586965035859708,1.0247203048973044,0,0.0,0,0.0,0.0,0
2006,61,117,11232,1.0,1.0,0.375,0,0,0,0,0,0,1.2160526317149305,0.9639738095018848,1.0232328268399455,0.9639738095018848,1.0232328268399455,0,0.0,0,0.0,0.0,0
2006,62,119,11424,1.0,1.0,0.375,0,0,0,0,0,0,1.2154248710695827,0.9624000620704556,1.025139173788765,0.9624000620704556,1.025139173788765,0,0.0,0,0.0,0.0,0
2006,63,120,11520,1.0,1.0,0.375,0,0,0,0,0,0,1.215132635435963,0.9607451477464428,1.026523516949725,0.9607451477464428,1.026523516949725,0,0.0,0,0.0,0.0,0
2006,63,122,11712,1.0,1.0,0.375,0,0,0,0,0,0,1.2154985246649572,0.96438316231591,1.0259550816826268,0.96438316231591,1.0259550816826268,0,0.0,0,0.0,0.0,0
2006,64,123,11808,1.0,1.0,0.375,0,0,0,0,0,0,1.2075694698538135,0.9608310924702622,1.0227033429080905,0.9608310924702622,1.0227033429080905,0,0.0,0,0.0,0.0,0
2006,65,125,12000,1.0,1.0,0.375,0,0,0,0,0,0,1.2138899122789426,0.961430080210067,1.026949396688953,0.961430080210067,1.026949396688953,0,0.0,0,0.0,0.0,0
2006,66,126,12096,1.0,1.0,0.375,0,0,0,0,0,0,1.2249701479135224,0.9610804872622484,1.0237268303914324,0.9610804872622484,1.0237268303914324,0,0.0,0,0.0,0.0,0
2006,67,128,12288,1.0,1.0,0.375,0,0,0,0,0,0,1.2185580503284783,0.9626665859528404,1.0238346168289527,0.9626665859528404,1.0238346168289527,0,0.0,0,0.0,0.0,0
2006,68,129,12384,1.0,1.0,0.375,0,0,0,0,0,0,1.2342481524370104,0.959397238510106,1.0235463821890625,0.959397238510106,1.0235463821890625,0,0.0,0,0.0,0.0,0
2006,69,131,12576,1.0,1.0,0.375,0,0,0,0,0,0,1.2041986962121796,0.9622631618581892,1.0290078719997509,0.9622631618581892,1.0290078719997509,0,0.0,0,0.0,0.0,0
2006,70,133,12768,1.0,1.0,0.375,0,0,0,0,0,0,1.222265119648866,0.9605747590745088,1.0235018212215456,0.9605747590745088,1.0235018212215456,0,0.0,0,0.0,0.0,0
2006,71,134,12864,1.0,1.0,0.375,0,0,0,0,0,0,1.1971192620318976,0.9605725228759328,1.0220991385658045,0.9605725228759328,1.0220991385658045,0,0.0,0,0.0,0.0,0
2006,72,136,13056,1.0,1.0,0.375,0,0,0,0,0,0,1.2346001390631214,0.9641163410033496,1.0253000350348391,0.9641163410033496,1.0253000350348391,0,0.0,0,0.0,0.0,0
2006,73,140,13440,1.0,1.0,0.375,0,0,0,0,0,0,1.1963431018289878,0.9617781479752237,1.024258316066966,0.9617781479752237,1.024258316066966,0,0.0,0,0.0,0.0,0
2006,74,141,13536,1.0,1.0,0.375,0,0,0,0,0,0,1.2108853112018914,0.9607366888787362,1.0241545308666136,0.9607366888787362,1.0241545308666136,0,0.0,0,0.0,0.0,0
2006,75,142,13632,1.0,1.0,0.375,0,0,0,0,0,0,1.219004091801808,0.9628397949566272,1.0247536409902498,0.9628397949566272,1.0247536409902498,0,0.0,0,0.0,0.0,0
2006,76,143,13728,1.0,1.0,0.375,0,0,0,0,0,0,1.219187906609439,0.9610868470670962,1.0240630660356271,0.9610868470670962,1.0240630660356271,0,0.0,0,0.0,0.0,0
2006,77,145,13920,1.0,1.0,0.375,0,0,0,0,0,0,1.207468545102274,0.9658049604812264,1.027728752625421,0.9658049604812264,1.027728752625421,0,0.0,0,0.0,0.0,0
2006,78,148,14208,1.0,1.0,0.375,0,0,0,0,0,0,1.2072861915394597,0.9600734791246572,1.022380514208871,0.9600734791246572,1.022380514208871,0,0.0,0,0.0,0.0,0
2006,79,149,14304,1.0,1.0,0.375,0,0,0,0,0,0,1.223582810750743,0.959228725081701,1.0261666902620483,0.959228725081701,1.0261666902620483,0,0.0,0,0.0,0.0,0
2006,80,151,14496,1.0,1.0,0.375,0,0,0,0,0,0,1.2238215500920866,0.9626974980866814,1.0233523772944757,0.9626974980866814,1.0233523772944757,0,0.0,0,0.0,0.0,0
2006,81,152,14592,1.0,1.0,0.375,0,0,0,0,0,0,1.2066633067224732,0.9630653671459816,1.0246153396145363,0.9630653671459816,1.0246153396145363,0,0.0,0,0.0,0.0,0
2006,82,154,14784,1.0,1.0,0.375,0,0,0,0,0,0,1.2056434605420303,0.9623814072003304,1.02256224791831,0.9623814072003304,1.02256224791831,0,0.0,0,0.0,0.0,0
2006,83,156,14976,1.0,1.0,0.375,0,0,0,0,0,0,1.234296237147474,0.9598552407492792,1.027600795353948,0.9598552407492792,1.027600795353948,0,0.0,0,0.0,0.0,0
2006,84,157,15072,1.0,1.0,0.375,0,0,0,0,0,0,1.2138367899047515,0.9626137211298504,1.0264994441720208,0.9626137211298504,1.0264994441720208,0,0.0,0,0.0,0.0,0
2006,85,166,15936,1.0,1.0,0.375,0,0,0,0,0,0,1.2059121593701798,0.9624548319659176,1.0229765816139638,0.9624548319659176,1.0229765816139638,0,0.0,0,0.0,0.0,0
2006,87,168,16128,1.0,1.0,0.375,0,0,0,0,0,0,1.2227905913249824,0.9622026083885858,1.0223384600033587,0.9622026083885858,1.0223384600033587,0,0.0,0,0.0,0.0,0
2006,86,169,16224,1.0,1.0,0.375,0,0,0,0,0,0,1.2147657601673911,0.963651121845939,1.0234837433524289,0.963651121845939,1.0234837433524289,0,0.0,0,0.0,0.0,0
2006,87,171,16416,1.0,1.0,0.375,0,0,0,0,0,0,1.2045515295844116,0.9618477187087396,1.022317967281983,0.9618477187087396,1.022317967281983,0,0.0,0,0.0,0.0,0
2006,88,172,16512,1.0,1.0,0.375,0,0,0,0,0,0,1.2111169197886569,0.9589900186560087,1.0244637520796134,0.9589900186560087,1.0244637520796134,0,0.0,0,0.0,0.0,0
2006,89,173,16608,1.0,1.0,0.375,0,0,0,0,0,0,1.2108403453230696,0.9613188022670924,1.0237981584691094,0.9613188022670924,1.0237981584691094,0,0.0,0,0.0,0.0,0
2006,90,175,16800,1.0,1.0,0.375,0,0,0,0,0,0,1.21793432174586,0.9615136112104956,1.023041260455683,0.9615136112104956,1.023041260455683,0,0.0,0,0.0,0.0,0
2006,91,176,16896,1.0,1.0,0.375,0,0,0,0,0,0,1.228421586810333,0.9627299252584376,1.0245259235644626,0.9627299252584376,1.0245259235644626,0,0.0,0,0.0,0.0,0
2006,92,178,17088,1.0,1.0,0.375,0,0,0,0,0,0,1.221966824094635,0.9618425381127628,1.0236714127768618,0.9618425381127628,1.0236714127768618,0,0.0,0,0.0,0.0,0
2006,93,179,17184,1.0,1.0,0.375,0,0,0,0,0,0,1.2313040138965332,0.9601219419671536,1.0251453520757663,0.9601219419671536,1.0251453520757663,0,0.0,0,0.0,0.0,0
2006,94,181,17376,1.0,1.0,0.375,0,0,0,0,0,0,1.221198208312745,0.9621927905076472,1.0236259274205766,0.9621927905076472,1.0236259274205766,0,0.0,0,0.0,0.0,0
2006,95,183,17568,1.0,1.0,0.375,0,0,0,0,0,0,1.2180986467178436,0.961573765708028,1.0243509291369086,0.961573765708028,1.0243509291369086,0,0.0,0,0.0,0.0,0
2006,96,184,17664,1.0,1.0,0.375,0,0,0,0,0,0,1.220296095242276,0.9636345079039392,1.023437368055046,0.9636345079039392,1.023437368055046,0,0.0,0,0.0,0.0,0
2006,97,187,17952,1.0,1.0,0.375,0,0,0,0,0,0,1.211610576331326,0.9592466616951522,1.0285232199301808,0.9592466616951522,1.0285232199301808,0,0.0,0,0.0,0.0,0
2006,100,190,18240,1.0,1.0,0.375,0,0,0,0,0,0,1.206890916628514,0.9639322420129548,1.022708966662943,0.9639322420129548,1.022708966662943,0,0.0,0,0.0,0.0,0
2006,98,192,18432,1.0,1.0,0.375,0,0,0,0,0,0,1.231503819183574,0.9610127505779518,1.0234215176382728,0.9610127505779518,1.0234215176382728,0,0.0,0,0.0,0.0,0
2006,99,193,18528,1.0,1.0,0.375,0,0,0,0,0,0,1.218728153302813,0.961155278713554,1.0248656903352302,0.961155278713554,1.0248656903352302,0,0.0,0,0.0,0.0,0
2006,100,197,18912,1.0,1.0,0.375,0,0,0,0,0,0,1.2151090137213143,0.9613583100935882,1.0250926003835954,0.9613583100935882,1.0250926003835954,0,0.0,0,0.0,0.0,0
2006,101,201,19296,1.0,1.0,0.375,0,0,0,0,0,0,1.2099275581477025,0.9608926167161824,1.0283266221103875,0.9608926167161824,1.0283266221103875,0,0.0,0,0.0,0.0,0
2006,102,205,19680,1.0,1.0,0.375,0,0,0,0,0,0,1.2058095465006344,0.9630708509508936,1.0228179033899658,0.9630708509508936,1.0228179033899658,0,0.0,0,0.0,0.0,0
2006,103,207,19872,1.0,1.0,0.375,0,0,0,0,0,0,1.2236848690985973,0.9551900958596172,1.023809950039546,0.9551900958596172,1.023809950039546,0,0.0,0,0.0,0.0,0
2006,104,210,20160,1.0,1.0,0.375,0,0,0,0,0,0,1.202738275694121,0.9572108466739776,1.022545807593358,0.9572108466739776,1.022545807593358,0,0.0,0,0.0,0.0,0
2006,105,212,20352,1.0,1.0,0.375,0,0,0,0,0,0,1.216649836973744,0.959615602739397,1.0256358087637394,0.959615602739397,1.0256358087637394,0,0.0,0,0.0,0.0,0
2006,106,213,20448,1.0,1.0,0.375,0,0,0,0,0,0,1.2169523964972906,0.9621414158651264,1.0279718473637882,0.9621414158651264,1.0279718473637882,0,0.0,0,0.0,0.0,0
2006,107,216,20736,1.0,1.0,0.375,0,0,0,0,0,0,1.2005054964218034,0.962519396753076,1.0253985075586938,0.962519396753076,1.0253985075586938,0,0.0,0,0.0,0.0,0
2006,108,219,21024,1.0,1.0,0.375,0,0,0,0,0,0,1.2347066402533111,0.9605616146619887,1.0255104249941307,0.9605616146619887,1.0255104249941307,0,0.0,0,0.0,0.0,0
2006,109,220,21120,1.0,1.0,0.375,0,0,0,0,0,0,1.229277245831208,0.9637730841177862,1.0232793399453368,0.9637730841177862,1.0232793399453368,0,0.0,0,0.0,0.0,0
2006,110,226,21696,1.0,1.0,0.375,0,0,0,0,0,0,1.2114932327729344,0.9607557464781176,1.024383712805878,0.9607557464781176,1.024383712805878,0,0.0,0,0.0,0.0,0
2006,114,228,21888,1.0,1.0,0.375,0,0,0,0,0,0,1.2337314088629558,0.9654987615475622,1.0252593901654592,0.9654987615475622,1.0252593901654592,0,0.0,0,0.0,0.0,0
2006,111,230,22080,1.0,1.0,0.375,0,0,0,0,0,0,1.21372235122697,0.9628922099981764,1.0239794728742462,0.9628922099981764,1.0239794728742462,0,0.0,0,0.0,0.0,0
2006,112,231,22176,1.0,1.0,0.375,0,0,0,0,0,0,1.2162061508193185,0.9638284310506344,1.023841295461167,0.9638284310506344,1.023841295461167,0,0.0,0,0.0,0.0,0
2006,113,232,22272,1.0,1.0,0.375,0,0,0,0,0,0,1.20893974582846,0.9642691914288326,1.023622932661447,0.9642691914288326,1.023622932661447,0,0.0,0,0.0,0.0,0
2006,114,234,22464,1.0,1.0,0.375,0,0,0,0,0,0,1.2171668023248972,0.962405907940556,1.0256719458541732,0.962405907940556,1.0256719458541732,0,0.0,0,0.0,0.0,0
2006,115,235,22560,1.0,1.0,0.375,0,0,0,0,0,0,1.2235185102354236,0.9604696075800976,1.0248238507981096,0.9604696075800976,1.0248238507981096,0,0.0,0,0.0,0.0,0
2006,116,236,22656,1.0,1.0,0.375,0,0,0,0,0,0,1.2241708495421793,0.963791483179695,1.0246984824108651,0.963791483179695,1.0246984824108651,0,0.0,0,0.0,0.0,0
2006,117,239,22944,1.0,1.0,0.375,0,0,0,0,0,0,1.2113379565119655,0.9621917162708982,1.0260041815517542,0.9621917162708982,1.0260041815517542,0,0.0,0,0.0,0.0,0
2006,118,240,23040,1.0,1.0,0.375,0,0,0,0,0,0,1.216874155957858,0.9626655261296454,1.023746362861646,0.9626655261296454,1.023746362861646,0,0.0,0,0.0,0.0,0
2006,123,241,23136,1.0,1.0,0.375,0,0,0,0,0,0,1.206529992179707,0.9615675666115971,1.0247284664821716,0.9615675666115971,1.0247284664821716,0,0.0,0,0.0,0.0,0
2006,119,244,23424,1.0,1.0,0.375,0,0,0,0,0,0,1.2201914753486065,0.9631457811516718,1.0256980373721496,0.9631457811516718,1.0256980373721496,0,0.0,0,0.0,0.0,0
2006,120,245,23520,1.0,1.0,0.375,0,0,0,0,0,0,1.206087076689535,0.9623503595262648,1.0238371603878504,0.9623503595262648,1.0238371603878504,0,0.0,0,0.0,0.0,0
2006,121,248,23808,1.0,1.0,0.375,0,0,0,0,0,0,1.2236257291933823,0.963680868310551,1.0238900119446188,0.963680868310551,1.0238900119446188,0,0.0,0,0.0,0.0,0
2006,122,251,24096,1.0,1.0,0.375,0,0,0,0,0,0,1.2030961426716984,0.9622435007076584,1.0238715949405193,0.9622435007076584,1.0238715949405193,0,0.0,0,0.0,0.0,0
2006,123,253,24288,1.0,1.0,0.375,0,0,0,0,0,0,1.2076183424600797,0.9624789366209664,1.02520160620939,0.9624789366209664,1.02520160620939,0,0.0,0,0.0,0.0,0
2006,124,254,24384,1.0,1.0,0.375,0,0,0,0,0,0,1.20562586287887,0.964307436983828,1.0231727296512074,0.964307436983828,1.0231727296512074,0,0.0,0,0.0,0.0,0
2006,125,257,24672,1.0,1.0,0.375,0,0,0,0,0,0,1.1975348077657226,0.9650062393003352,1.0264884854892773,0.9650062393003352,1.0264884854892773,0,0.0,0,0.0,0.0,0
2006,126,259,24864,1.0,1.0,0.375,0,0,0,0,0,0,1.2089064946824777,0.9657763238780628,1.0233551669924044,0.9657763238780628,1.0233551669924044,0,0.0,0,0.0,0.0,0
2006,127,261,25056,1.0,1.0,0.375,0,0,0,0,0,0,1.2282088228759571,0.961241894861568,1.0258066062946851,0.961241894861568,1.0258066062946851,0,0.0,0,0.0,0.0,0
2006,128,266,25536,1.0,1.0,0.375,0,0,0,0,0,0,1.2141213182668789,0.9608198640042612,1.0240465350633945,0.9608198640042612,1.0240465350633945,0,0.0,0,0.0,0.0,0
2006,129,267,25632,1.0,1.0,0.375,0,0,0,0,0,0,1.215927736218165,0.963156210405682,1.02524452980019,0.963156210405682,1.02524452980019,0,0.0,0,0.0,0.0,0
2006,130,268,25728,1.0,1.0,0.375,0,0,0,0,0,0,1.2087282138894957,0.9637214150579104,1.023179807900723,0.9637214150579104,1.023179807900723,0,0.0,0,0.0,0.0,0
2006,131,269,25824,1.0,1.0,0.375,0,0,0,0,0,0,1.2244661558401382,0.962851455816826,1.0272147568278445,0.962851455816826,1.0272147568278445,0,0.0,0,0.0,0.0,0
2006,132,271,26016,1.0,1.0,0.375,0,0,0,0,0,0,1.222355204815,0.9591849977915748,1.0242906698276122,0.9591849977915748,1.0242906698276122,0,0.0,0,0.0,0.0,0
2006,133,272,26112,1.0,1.0,0.375,0,0,0,0,0,0,1.2188827593513252,0.9648537373041756,1.0237948313801746,0.9648537373041756,1.0237948313801746,0,0.0,0,0.0,0.0,0
2006,134,273,26208,1.0,1.0,0.375,0,0,0,0,0,0,1.2185942108272518,0.9553699374065184,1.0232340434920106,0.9553699374065184,1.0232340434920106,0,0.0,0,0.0,0.0,0
2006,135,275,26400,1.0,1.0,0.375,0,0,0,0,0,0,1.1941999845157598,0.9644901083099436,1.0270191546079026,0.9644901083099436,1.0270191546079026,0,0.0,0,0.0,0.0,0
2006,136,276,26496,1.0,1.0,0.375,0,0,0,0,0,0,1.2221025065491178,0.9602451595433228,1.0246588523951066,0.9602451595433228,1.0246588523951066,0,0.0,0,0.0,0.0,0
2006,142,278,26688,1.0,1.0,0.375,0,0,0,0,0,0,1.2125846557552808,0.963204371575807,1.0226910887125231,0.963204371575807,1.0226910887125231,0,0.0,0,0.0,0.0,0
2006,143,280,26880,1.0,1.0,0.375,0,0,0,0,0,0,1.205207220866354,0.9604115662047454,1.024256808042614,0.9604115662047454,1.024256808042614,0,0.0,0,0.0,0.0,0
2006,144,281,26976,1.0,1.0,0.375,0,0,0,0,0,0,1.1804618044809858,0.9642061230704382,1.0240615490250964,0.9642061230704382,1.0240615490250964,0,0.0,0,0.0,0.0,0
2006,137,282,27072,1.0,1.0,0.375,0,0,0,0,0,0,1.209207065922519,0.9655487605981156,1.0245640253098118,0.9655487605981156,1.0245640253098118,0,0.0,0,0.0,0.0,0
2006,138,283,27168,1.0,1.0,0.375,0,0,0,0,0,0,1.2020513319344135,0.964505311087982,1.02941054768525,0.964505311087982,1.02941054768525,0,0.0,0,0.0,0.0,0
2006,139,284,27264,1.0,1.0,0.375,0,0,0,0,0,0,1.224273213383673,0.9622955942483156,1.02425293664509,0.9622955942483156,1.02425293664509,0,0.0,0,0.0,0.0,0
2006,140,285,27360,1.0,1.0,0.375,0,0,0,0,0,0,1.2315698007976277,0.9637092374989046,1.0240914634110374,0.9637092374989046,1.0240914634110374,0,0.0,0,0.0,0.0,0
2006,141,287,27552,1.0,1.0,0.375,0,0,0,0,0,0,1.227182783088155,0.962311768091296,1.0244698331229636,0.962311768091296,1.0244698331229636,0,0.0,0,0.0,0.0,0
2006,142,288,27648,1.0,1.0,0.375,0,0,0,0,0,0,1.206721786696825,0.963674852251024,1.02517202970156,0.963674852251024,1.02517202970156,0,0.0,0,0.0,0.0,0
2006,143,289,27744,1.0,1.0,0.375,0,0,0,0,0,0,1.199752075895789,0.960886273708487,1.0223666284972022,0.960886273708487,1.0223666284972022,0,0.0,0,0.0,0.0,0
2006,144,290,27840,1.0,1.0,0.375,0,0,0,0,0,0,1.2167619831812349,0.96057897746824,1.0276080562303207,0.96057897746824,1.0276080562303207,0,0.0,0,0.0,0.0,0
2006,153,291,27936,1.0,1.0,0.375,0,0,0,0,0,0,1.2283790523140663,0.961312425399444,1.0240294535595178,0.961312425399444,1.0240294535595178,0,0.0,0,0.0,0.0,0
2006,145,292,28032,1.0,1.0,0.375,0,0,0,0,0,0,1.189517763532546,0.9627268828549044,1.0230170969162398,0.9627268828549044,1.0230170969162398,0,0.0,0,0.0,0.0,0
2006,146,293,28128,1.0,1.0,0.375,0,0,0,0,0,0,1.2249452760423043,0.9628450036149026,1.0241937565829384,0.9628450036149026,1.0241937565829384,0,0.0,0,0.0,0.0,0
2006,147,294,28224,1.0,1.0,0.375,0,0,0,0,0,0,1.2085940844142735,0.9627509830147843,1.0243360141885784,0.9627509830147843,1.0243360141885784,0,0.0,0,0.0,0.0,0
2006,148,295,28320,1.0,1.0,0.375,0,0,0,0,0,0,1.2067559774098862,0.9629478090308002,1.02539692152641,0.9629478090308002,1.02539692152641,0,0.0,0,0.0,0.0,0
2006,149,296,28416,1.0,1.0,0.375,0,0,0,0,0,0,1.2103330709100024,0.9626355104822166,1.0237861905071772,0.9626355104822166,1.0237861905071772,0,0.0,0,0.0,0.0,0
2006,150,297,28512,1.0,1.0,0.375,0,0,0,0,0,0,1.2271101017532495,0.9609378510406442,1.0238462641777508,0.9609378510406442,1.0238462641777508,0,0.0,0,0.0,0.0,0
2006,160,298,28608,1.0,1.0,0.375,0,0,0,0,0,0,1.2175457807323866,0.9667048417289016,1.0248168239661697,0.9667048417289016,1.0248168239661697,0,0.0,0,0.0,0.0,0
2006,151,299,28704,1.0,1.0,0.375,0,0,0,0,0,0,1.223639570820261,0.9592143691288252,1.024485748129069,0.9592143691288252,1.024485748129069,0,0.0,0,0.0,0.0,0
2006,152,300,28800,1.0,1.0,0.375,0,0,0,0,0,0,1.211622145095123,0.9658733088108984,1.0267171349528166,0.9658733088108984,1.0267171349528166,0,0.0,0,0.0,0.0,0
2006,153,302,28992,1.0,1.0,0.375,0,0,0,0,0,0,1.220849921591013,0.9658164566707222,1.0243459374321489,0.9658164566707222,1.0243459374321489,0,0.0,0,0.0,0.0,0
2006,154,305,29280,1.0,1.0,0.375,0,0,0,0,0,0,1.216090990724466,0.962163584972004,1.0263895796182487,0.962163584972004,1.0263895796182487,0,0.0,0,0.0,0.0,0
2006,155,306,29376,1.0,1.0,0.375,0,0,0,0,0,0,1.192224562690262,0.9613216558616936,1.0244242142302875,0.9613216558616936,1.0244242142302875,0,0.0,0,0.0,0.0,0
2006,156,307,29472,1.0,1.0,0.375,0,0,0,0,0,0,1.2127891606010863,0.9631014263767084,1.0238039427759975,0.9631014263767084,1.0238039427759975,0,0.0,0,0.0,0.0,0
2006,157,308,29568,1.0,1.0,0.375,0,0,0,0,0,0,1.2091068651332804,0.9588817542644452,1.0242323364514008,0.9588817542644452,1.0242323364514008,0,0.0,0,0.0,0.0,0
2006,158,312,29952,1.0,1.0,0.375,0,0,0,0,0,0,1.205549829446544,0.958783616048664,1.0232115086355873,0.958783616048664,1.0232115086355873,0,0.0,0,0.0,0.0,0
2006,159,315,30240,1.0,1.0,0.375,0,0,0,0,0,0,1.2273166428946425,0.962934856857947,1.0275618719232285,0.962934856857947,1.0275618719232285,0,0.0,0,0.0,0.0,0
2006,160,317,30432,1.0,1.0,0.375,0,0,0,0,0,0,1.2289887259493864,0.9597921827704352,1.023536968886286,0.9597921827704352,1.023536968886286,0,0.0,0,0.0,0.0,0
2006,161,319,30624,1.0,1.0,0.375,0,0,0,0,0,0,1.2178732632051292,0.9578459198095828,1.0268144805156378,0.9578459198095828,1.0268144805156378,0,0.0,0,0.0,0.0,0
2006,162,321,30816,1.0,1.0,0.375,0,0,0,0,0,0,1.21030142294152,0.9619422170202544,1.0253848041453448,0.9619422170202544,1.0253848041453448,0,0.0,0,0.0,0.0,0
2006,173,322,30912,1.0,1.0,0.375,0,0,0,0,0,0,1.205466001402427,0.9613970466435394,1.0233245205250294,0.9613970466435394,1.0233245205250294,0,0.0,0,0.0,0.0,0
2006,163,326,31296,1.0,1.0,0.375,0,0,0,0,0,0,1.216440981954821,0.95607829344491,1.0228421814661544,0.95607829344491,1.0228421814661544,0,0.0,0,0.0,0.0,0
2006,164,329,31584,1.0,1.0,0.375,0,0,0,0,0,0,1.2283981793585204,0.9627147562778272,1.024999066896454,0.9627147562778272,1.024999066896454,0,0.0,0,0.0,0.0,0
2006,165,331,31776,1.0,1.0,0.375,0,0,0,0,0,0,1.2380702145691505,0.964384113472072,1.023556736001402,0.964384113472072,1.023556736001402,0,0.0,0,0.0,0.0,0
2006,166,332,31872,1.0,1.0,0.375,0,0,0,0,0,0,1.2145794831508143,0.9590183768414864,1.0263517251115433,0.9590183768414864,1.0263517251115433,0,0.0,0,0.0,0.0,0
2006,167,333,31968,1.0,1.0,0.375,0,0,0,0,0,0,1.1987654897345916,0.9649932832761846,1.0238093137200683,0.9649932832761846,1.0238093137200683,0,0.0,0,0.0,0.0,0
2006,168,335,32160,1.0,1.0,0.375,0,0,0,0,0,0,1.211269825423135,0.9623563649056884,1.02608857529319,0.9623563649056884,1.02608857529319,0,0.0,0,0.0,0.0,0
2006,169,336,32256,1.0,1.0,0.375,0,0,0,0,0,0,1.2271916969161285,0.9586331915214316,1.0234234743094626,0.9586331915214316,1.0234234743094626,0,0.0,0,0.0,0.0,0
2006,170,337,32352,1.0,1.0,0.375,0,0,0,0,0,0,1.219124625672851,0.9652745167882152,1.0233664055308995,0.9652745167882152,1.0233664055308995,0,0.0,0,0.0,0.0,0
2006,171,338,32448,1.0,1.0,0.375,0,0,0,0,0,0,1.2217705155892973,0.9617668208294546,1.024283625214584,0.9617668208294546,1.024283625214584,0,0.0,0,0.0,0.0,0
2006,172,339,32544,1.0,1.0,0.375,0,0,0,0,0,0,1.232910974050336,0.963365687688758,1.0280610161634507,0.963365687688758,1.0280610161634507,0,0.0,0,0.0,0.0,0
2006,173,341,32736,1.0,1.0,0.375,0,0,0,0,0,0,1.191811911273143,0.9623302001483228,1.0228674178139168,0.9623302001483228,1.0228674178139168,0,0.0,0,0.0,0.0,0
2006,174,342,32832,1.0,1.0,0.375,0,0,0,0,0,0,1.2099815074344875,0.9574725054118858,1.025066109039335,0.9574725054118858,1.025066109039335,0,0.0,0,0.0,0.0,0
2006,175,345,33120,1.0,1.0,0.375,0,0,0,0,0,0,1.195259232730416,0.957410579498156,1.026021234509689,0.957410579498156,1.026021234509689,0,0.0,0,0.0,0.0,0
2006,176,347,33312,1.0,1.0,0.375,0,0,0,0,0,0,1.2205371489685275,0.9596106560369216,1.0269198013077825,0.9596106560369216,1.0269198013077825,0,0.0,0,0.0,0.0,0
2006,177,348,33408,1.0,1.0,0.375,0,0,0,0,0,0,1.2037693986253792,0.9608219584922792,1.02414518954099,0.9608219584922792,1.02414518954099,0,0.0,0,0.0,0.0,0
2006,178,349,33504,1.0,1.0,0.375,0,0,0,0,0,0,1.2208945975835834,0.9571419714010696,1.0239363792516212,0.9571419714010696,1.0239363792516212,0,0.0,0,0.0,0.0,0
2006,179,351,33696,1.0,1.0,0.375,0,0,0,0,0,0,1.2065551016552958,0.9641025568203592,1.0230419692696389,0.9641025568203592,1.0230419692696389,0,0.0,0,0.0,0.0,0
2006,191,352,33792,1.0,1.0,0.375,0,0,0,0,0,0,1.2334041815387011,0.9649504346116358,1.0242890434220058,0.9649504346116358,1.0242890434220058,0,0.0,0,0.0,0.0,0
2006,180,354,33984,1.0,1.0,0.375,0,0,0,0,0,0,1.2201857955063684,0.9623913419924994,1.025249554692964,0.9623913419924994,1.025249554692964,0,0.0,0,0.0,0.0,0
2006,181,355,34080,1.0,1.0,0.375,0,0,0,0,0,0,1.249750852447774,0.96202433530957,1.0292246124257325,0.96202433530957,1.0292246124257325,0,0.0,0,0.0,0.0,0
2006,182,356,34176,1.0,1.0,0.375,0,0,0,0,0,0,1.2138039738926596,0.9655373657035408,1.025874901135051,0.9655373657035408,1.025874901135051,0,0.0,0,0.0,0.0,0
2006,183,361,34656,1.0,1.0,0.375,0,0,0,0,0,0,1.2146080322596058,0.9646898837076352,1.0253157844944574,0.9646898837076352,1.0253157844944574,0,0.0,0,0.0,0.0,0
2006,196,362,34752,1.0,1.0,0.375,0,0,0,0,0,0,1.215860749287606,0.9639278931591546,1.026127232644665,0.9639278931591546,1.026127232644665,0,0.0,0,0.0,0.0,0
2006,184,364,34944,1.0,1.0,0.375,0,0,0,0,0,0,1.207075545092268,0.9591665107038156,1.0235448127398288,0.9591665107038156,1.0235448127398288,0,0.0,0,0.0,0.0,0
2006,198,366,35136,1.0,1.0,0.375,0,0,0,0,0,0,1.2142144778760016,0.9595767404141444,1.0233179422277876,0.9595767404141444,1.0233179422277876,0,0.0,0,0.0,0.0,0
2006,185,367,35232,1.0,1.0,0.375,0,0,0,0,0,0,1.2152935896634791,0.961052728180382,1.0241932403462657,0.961052728180382,1.0241932403462657,0,0.0,0,0.0,0.0,0
2007,1,2,192,1.05,1.05,0.4375,0,0,0,0,0,0,1.3067291909085827,0.959565895182164,1.0252232020666805,0.959565895182164,1.0252232020666805,0,0.0,0,0.0,0.0,0
2007,2,4,384,1.05,1.05,0.4375,0,0,0,0,0,0,1.2998374439696097,0.9649741452252922,1.0249675727539949,0.9649741452252922,1.0249675727539949,0,0.0,0,0.0,0.0,0
2007,3,6,576,1.05,1.05,0.4375,0,0,0,0,0,0,1.3157115818933631,0.9626812863084212,1.024293868706838,0.9626812863084212,1.024293868706838,0,0.0,0,0.0,0.0,0
2007,4,7,672,1.05,1.05,0.4375,0,0,0,0,0,0,1.322046458832576,0.9633725725920488,1.0241795249132837,0.9633725725920488,1.0241795249132837,0,0.0,0,0.0,0.0,0
2007,5,10,960,1.05,1.05,0.4375,0,0,0,0,0,0,1.3026858555275025,0.9639117251392552,1.025292328213043,0.9639117251392552,1.025292328213043,0,0.0,0,0.0,0.0,0
2007,6,13,1248,1.05,1.05,0.4375,0,0,0,0,0,0,1.3189170704182331,0.9614986869905152,1.02522706403383,0.9614986869905152,1.02522706403383,0,0.0,0,0.0,0.0,0
2007,7,16,1536,1.05,1.05,0.4375,0,0,0,0,0,0,1.326919108182279,0.961326179134296,1.025698999284198,0.961326179134296,1.025698999284198,0,0.0,0,0.0,0.0,0
2007,8,17,1632,1.05,1.05,0.4375,0,0,0,0,0,0,1.3090501354113426,0.966148551871766,1.02480025845565,0.966148551871766,1.02480025845565,0,0.0,0,0.0,0.0,0
2007,9,20,1920,1.05,1.05,0.4375,0,0,0,0,0,0,1.3018225741112002,0.9644459786606298,1.0258278915091734,0.9644459786606298,1.0258278915091734,0,0.0,0,0.0,0.0,0
2007,10,22,2112,1.05,1.05,0.4375,0,0,0,0,0,0,1.3154290201365877,0.9657537271993728,1.02911589251748,0.9657537271993728,1.02911589251748,0,0.0,0,0.0,0.0,0
2007,11,23,2208,1.05,1.05,0.4375,0,0,0,0,0,0,1.3074710806422534,0.9647669036760532,1.0261439745168592,0.9647669036760532,1.0261439745168592,0,0.0,0,0.0,0.0,0
2007,12,25,2400,1.05,1.05,0.4375,0,0,0,0,0,0,1.2895219991677518,0.9649201262014232,1.0247876678799466,0.9649201262014232,1.0247876678799466,0,0.0,0,0.0,0.0,0
2007,13,26,2496,1.05,1.05,0.4375,0,0,0,0,0,0,1.3170473754661798,0.9652828336924774,1.0244844904964627,0.9652828336924774,1.0244844904964627,0,0.0,0,0.0,0.0,0
2007,14,29,2784,1.05,1.05,0.4375,0,0,0,0,0,0,1.318277941142154,0.9633770280807332,1.0243599990569785,0.9633770280807332,1.0243599990569785,0,0.0,0,0.0,0.0,0
2007,15,30,2880,1.05,1.05,0.4375,0,0,0,0,0,0,1.3079137451213705,0.9628041076650586,1.023011469941905,0.9628041076650586,1.023011469941905,0,0.0,0,0.0,0.0,0
2007,16,31,2976,1.05,1.05,0.4375,0,0,0,0,0,0,1.291989701354089,0.9629402087147776,1.0257895241253083,0.9629402087147776,1.0257895241253083,0,0.0,0,0.0,0.0,0
2007,17,34,3264,1.05,1.05,0.4375,0,0,0,0,0,0,1.3092751309052737,0.9615817711775572,1.024960271506827,0.9615817711775572,1.024960271506827,0,0.0,0,0.0,0.0,0
2007,18,37,3552,1.05,1.05,0.4375,0,0,0,0,0,0,1.2978211428114443,0.96786126837716,1.025668064025017,0.96786126837716,1.025668064025017,0,0.0,0,0.0,0.0,0
2007,19,38,3648,1.05,1.05,0.4375,0,0,0,0,0,0,1.3230092159368496,0.9655428140348888,1.025218554351874,0.9655428140348888,1.025218554351874,0,0.0,0,0.0,0.0,0
2007,20,39,3744,1.05,1.05,0.4375,0,0,0,0,0,0,1.322453542055006,0.9634354441559128,1.0247329933281373,0.9634354441559128,1.0247329933281373,0,0.0,0,0.0,0.0,0
2007,21,43,4128,1.05,1.05,0.4375,0,0,0,0,0,0,1.312993484192489,0.9628432696657718,1.0240777464086128,0.9628432696657718,1.0240777464086128,0,0.0,0,0.0,0.0,0
2007,22,44,4224,1.05,1.05,0.4375,0,0,0,0,0,0,1.3020082720610424,0.9667351485827232,1.024248370383494,0.9667351485827232,1.024248370383494,0,0.0,0,0.0,0.0,0
2007,23,46,4416,1.05,1.05,0.4375,0,0,0,0,0,0,1.317454342621348,0.9619118668698994,1.0248547605195513,0.9619118668698994,1.0248547605195513,0,0.0,0,0.0,0.0,0
2007,24,49,4704,1.05,1.05,0.4375,0,0,0,0,0,0,1.3231351533381297,0.9640006694867788,1.0243220491570917,0.9640006694867788,1.0243220491570917,0,0.0,0,0.0,0.0,0
2007,25,50,4800,1.05,1.05,0.4375,0,0,0,0,0,0,1.2846694887972532,0.9659638080424948,1.0237588996673133,0.9659638080424948,1.0237588996673133,0,0.0,0,0.0,0.0,0
2007,26,51,4896,1.05,1.05,0.4375,0,0,0,0,0,0,1.3251536234299912,0.9638255654905692,1.024348736580673,0.9638255654905692,1.024348736580673,0,0.0,0,0.0,0.0,0
2007,27,53,5088,1.05,1.05,0.4375,0,0,0,0,0,0,1.2913788228387622,0.96455835883342,1.023314465709314,0.96455835883342,1.023314465709314,0,0.0,0,0.0,0.0,0
2007,28,54,5184,1.05,1.05,0.4375,0,0,0,0,0,0,1.3120974575350703,0.9628194634453906,1.0252623704749562,0.9628194634453906,1.0252623704749562,0,0.0,0,0.0,0.0,0
2007,29,55,5280,1.05,1.05,0.4375,0,0,0,0,0,0,1.3187751188050978,0.9626397670298092,1.0255453075529637,0.9626397670298092,1.0255453075529637,0,0.0,0,0.0,0.0,0
2007,30,56,5376,1.05,1.05,0.4375,0,0,0,0,0,0,1.3151164258466723,0.9662164890234288,1.024867485335982,0.9662164890234288,1.024867485335982,0,0.0,0,0.0,0.0,0
2007,31,57,5472,1.05,1.05,0.4375,0,0,0,0,0,0,1.295601401249631,0.9666980159914444,1.0253439912488946,0.9666980159914444,1.0253439912488946,0,0.0,0,0.0,0.0,0
2007,32,59,5664,1.05,1.05,0.4375,0,0,0,0,0,0,1.2881909108171872,0.9645692658011416,1.0249960973041328,0.9645692658011416,1.0249960973041328,0,0.0,0,0.0,0.0,0
2007,33,60,5760,1.05,1.05,0.4375,0,0,0,0,0,0,1.3065135469988194,0.9611572293541956,1.024890329585426,0.9611572293541956,1.024890329585426,0,0.0,0,0.0,0.0,0
2007,34,62,5952,1.05,1.05,0.4375,0,0,0,0,0,0,1.3086515849186189,0.9618069544974076,1.0240172190401913,0.9618069544974076,1.0240172190401913,0,0.0,0,0.0,0.0,0
2007,35,65,6240,1.05,1.05,0.4375,0,0,0,0,0,0,1.308631574904446,0.9660739099052924,1.022898915031459,0.9660739099052924,1.022898915031459,0,0.0,0,0.0,0.0,0
2007,36,66,6336,1.05,1.05,0.4375,0,0,0,0,0,0,1.3070584508472296,0.959774763850858,1.0229312153322232,0.959774763850858,1.0229312153322232,0,0.0,0,0.0,0.0,0
2007,37,67,6432,1.05,1.05,0.4375,0,0,0,0,0,0,1.303088620206704,0.9647808685644932,1.02686067825893,0.9647808685644932,1.02686067825893,0,0.0,0,0.0,0.0,0
2007,38,68,6528,1.05,1.05,0.4375,0,0,0,0,0,0,1.3078044748949305,0.9644391674572266,1.025032291668168,0.9644391674572266,1.025032291668168,0,0.0,0,0.0,0.0,0
2007,39,69,6624,1.05,1.05,0.4375,0,0,0,0,0,0,1.31840775198112,0.96395764092784,1.0263475836036853,0.96395764092784,1.0263475836036853,0,0.0,0,0.0,0.0,0
2007,40,70,6720,1.05,1.05,0.4375,0,0,0,0,0,0,1.3160394516270597,0.9639593601388908,1.0248284632190334,0.9639593601388908,1.0248284632190334,0,0.0,0,0.0,0.0,0
2007,41,71,6816,1.05,1.05,0.4375,0,0,0,0,0,0,1.3210960306929749,0.96592583570418,1.0244639672997915,0.96592583570418,1.0244639672997915,0,0.0,0,0.0,0.0,0
2007,42,74,7104,1.05,1.05,0.4375,0,0,0,0,0,0,1.3299053103868776,0.9668593336512228,1.0257208222302967,0.9668593336512228,1.0257208222302967,0,0.0,0,0.0,0.0,0
2007,43,80,7680,1.05,1.05,0.4375,0,0,0,0,0,0,1.2812981806634924,0.9620941220022172,1.022667079631574,0.9620941220022172,1.022667079631574,0,0.0,0,0.0,0.0,0
2007,44,81,7776,1.05,1.05,0.4375,0,0,0,0,0,0,1.300174800709338,0.9636609586522918,1.0233150628835217,0.9636609586522918,1.0233150628835217,0,0.0,0,0.0,0.0,0
2007,45,82,7872,1.05,1.05,0.4375,0,0,0,0,0,0,1.3119146957020482,0.9618401574970462,1.0245384732045382,0.9618401574970462,1.0245384732045382,0,0.0,0,0.0,0.0,0
2007,46,84,8064,1.05,1.05,0.4375,0,0,0,0,0,0,1.308818634417491,0.9622860773021276,1.0242554578527898,0.9622860773021276,1.0242554578527898,0,0.0,0,0.0,0.0,0
2007,47,85,8160,1.05,1.05,0.4375,0,0,0,0,0,0,1.2933649488466663,0.9679214975213372,1.0254999972458052,0.9679214975213372,1.0254999972458052,0,0.0,0,0.0,0.0,0
2007,47,86,8256,1.05,1.05,0.4375,0,0,0,0,0,0,1.313142056389177,0.9649254671878414,1.0239790037867893,0.9649254671878414,1.0239790037867893,0,0.0,0,0.0,0.0,0
2007,48,87,8352,1.05,1.05,0.4375,0,0,0,0,0,0,1.3296939763412123,0.9638701752140344,1.022992940789783,0.9638701752140344,1.022992940789783,0,0.0,0,0.0,0.0,0
2007,49,93,8928,1.05,1.05,0.4375,0,0,0,0,0,0,1.3025514771471107,0.9641701178959088,1.0248341364940712,0.9641701178959088,1.0248341364940712,0,0.0,0,0.0,0.0,0
2007,50,94,9024,1.05,1.05,0.4375,0,0,0,0,0,0,1.305317485666834,0.9669198213491867,1.0237444497545876,0.9669198213491867,1.0237444497545876,0,0.0,0,0.0,0.0,0
2007,51,95,9120,1.05,1.05,0.4375,0,0,0,0,0,0,1.3128586498455044,0.9654511687397216,1.0238113001607136,0.9654511687397216,1.0238113001607136,0,0.0,0,0.0,0.0,0
2007,52,97,9312,1.05,1.05,0.4375,0,0,0,0,0,0,1.306330567797353,0.9653983754238982,1.0234996406434442,0.9653983754238982,1.0234996406434442,0,0.0,0,0.0,0.0,0
2007,53,98,9408,1.05,1.05,0.4375,0,0,0,0,0,0,1.295839691148824,0.9626923819901648,1.0238946318897808,0.9626923819901648,1.0238946318897808,0,0.0,0,0.0,0.0,0
2007,54,101,9696,1.05,1.05,0.4375,0,0,0,0,0,0,1.3156398681126598,0.963998240859629,1.0239794640559348,0.963998240859629,1.0239794640559348,0,0.0,0,0.0,0.0,0
2007,55,102,9792,1.05,1.05,0.4375,0,0,0,0,0,0,1.316580639747322,0.9644880362133746,1.026545534559434,0.9644880362133746,1.026545534559434,0,0.0,0,0.0,0.0,0
2007,56,107,10272,1.05,1.05,0.4375,0,0,0,0,0,0,1.2963506126291526,0.9604332760289368,1.0237840772891826,0.9604332760289368,1.0237840772891826,0,0.0,0,0.0,0.0,0
2007,57,109,10464,1.05,1.05,0.4375,0,0,0,0,0,0,1.3027235331966731,0.9614571312832592,1.0242641088173887,0.9614571312832592,1.0242641088173887,0,0.0,0,0.0,0.0,0
2007,58,111,10656,1.05,1.05,0.4375,0,0,0,0,0,0,1.3199950999998866,0.961682300338958,1.0249758645879643,0.961682300338958,1.0249758645879643,0,0.0,0,0.0,0.0,0
2007,59,114,10944,1.05,1.05,0.4375,0,0,0,0,0,0,1.2998562445674366,0.964737005165039,1.024089510247743,0.964737005165039,1.024089510247743,0,0.0,0,0.0,0.0,0
2007,60,116,11136,1.05,1.05,0.4375,0,0,0,0,0,0,1.32778835059139,0.9602141486872354,1.0253183693437264,0.9602141486872354,1.0253183693437264,0,0.0,0,0.0,0.0,0
2007,61,117,11232,1.05,1.05,0.4375,0,0,0,0,0,0,1.3120718371362088,0.9654738693009004,1.023931250945985,0.9654738693009004,1.023931250945985,0,0.0,0,0.0,0.0,0
2007,62,119,11424,1.05,1.05,0.4375,0,0,0,0,0,0,1.3109425092176006,0.9638903255440237,1.0250808192524308,0.9638903255440237,1.0250808192524308,0,0.0,0,0.0,0.0,0
2007,63,120,11520,1.05,1.05,0.4375,0,0,0,0,0,0,1.3108429962184955,0.9621799667757908,1.0249345473037186,0.9621799667757908,1.0249345473037186,0,0.0,0,0.0,0.0,0
2007,63,122,11712,1.05,1.05,0.4375,0,0,0,0,0,0,1.311267388742505,0.9658623567223328,1.0257092654569504,0.9658623567223328,1.0257092654569504,0,0.0,0,0.0,0.0,0
2007,64,123,11808,1.05,1.05,0.4375,0,0,0,0,0,0,1.3033655192717533,0.9622707954736625,1.0233838206521244,0.9622707954736625,1.0233838206521244,0,0.0,0,0.0,0.0,0
2007,65,125,12000,1.05,1.05,0.4375,0,0,0,0,0,0,1.30991335783649,0.9629733107455736,1.0253223556905462,0.9629733107455736,1.0253223556905462,0,0.0,0,0.0,0.0,0
2007,66,126,12096,1.05,1.05,0.4375,0,0,0,0,0,0,1.3217397755930853,0.962622133575024,1.0243978098308657,0.962622133575024,1.0243978098308657,0,0.0,0,0.0,0.0,0
2007,67,128,12288,1.05,1.05,0.4375,0,0,0,0,0,0,1.314668879766283,0.9640903937406616,1.0244647862937903,0.9640903937406616,1.0244647862937903,0,0.0,0,0.0,0.0,0
2007,68,129,12384,1.05,1.05,0.4375,0,0,0,0,0,0,1.3309165788648003,0.9609338512619228,1.0241818260974458,0.9609338512619228,1.0241818260974458,0,0.0,0,0.0,0.0,0
2007,69,131,12576,1.05,1.05,0.4375,0,0,0,0,0,0,1.3014369944850528,0.963758403778601,1.027761915747793,0.963758403778601,1.027761915747793,0,0.0,0,0.0,0.0,0
2007,70,133,12768,1.05,1.05,0.4375,0,0,0,0,0,0,1.3193682165605465,0.962003295275288,1.0225324227463826,0.962003295275288,1.0225324227463826,0,0.0,0,0.0,0.0,0
2007,71,134,12864,1.05,1.05,0.4375,0,0,0,0,0,0,1.292984012002703,0.9620889850468872,1.0226801992620531,0.9620889850468872,1.0226801992620531,0,0.0,0,0.0,0.0,0
2007,72,136,13056,1.05,1.05,0.4375,0,0,0,0,0,0,1.3305119786021211,0.9655978710856734,1.0258675220392903,0.9655978710856734,1.0258675220392903,0,0.0,0,0.0,0.0,0
2007,73,140,13440,1.05,1.05,0.4375,0,0,0,0,0,0,1.2924545983794402,0.9632627933935762,1.02402932885292,0.9632627933935762,1.02402932885292,0,0.0,0,0.0,0.0,0
2007,74,141,13536,1.05,1.05,0.4375,0,0,0,0,0,0,1.3066105371210632,0.9622426026513908,1.024794298439678,0.9622426026513908,1.024794298439678,0,0.0,0,0.0,0.0,0
2007,75,142,13632,1.05,1.05,0.4375,0,0,0,0,0,0,1.3150984398220962,0.9643623068871706,1.0247791525409526,0.9643623068871706,1.0247791525409526,0,0.0,0,0.0,0.0,0
2007,76,143,13728,1.05,1.05,0.4375,0,0,0,0,0,0,1.3168315746010903,0.9626706135201484,1.024693987403302,0.9626706135201484,1.024693987403302,0,0.0,0,0.0,0.0,0
2007,77,145,13920,1.05,1.05,0.4375,0,0,0,0,0,0,1.303277869409717,0.9672062026825712,1.026765590885517,0.9672062026825712,1.026765590885517,0,0.0,0,0.0,0.0,0
2007,78,148,14208,1.05,1.05,0.4375,0,0,0,0,0,0,1.302586697590495,0.9616354094854423,1.023068586090597,0.9616354094854423,1.023068586090597,0,0.0,0,0.0,0.0,0
2007,79,149,14304,1.05,1.05,0.4375,0,0,0,0,0,0,1.3199974198598474,0.9607844630605796,1.0254570544470134,0.9607844630605796,1.0254570544470134,0,0.0,0,0.0,0.0,0
2007,80,151,14496,1.05,1.05,0.4375,0,0,0,0,0,0,1.319808686898486,0.9641674769245012,1.0239789491317566,0.9641674769245012,1.0239789491317566,0,0.0,0,0.0,0.0,0
2007,81,152,14592,1.05,1.05,0.4375,0,0,0,0,0,0,1.3028917585260986,0.964471526567474,1.023956728502999,0.964471526567474,1.023956728502999,0,0.0,0,0.0,0.0,0
2007,82,154,14784,1.05,1.05,0.4375,0,0,0,0,0,0,1.302201394492577,0.9638213218255676,1.0231917306421063,0.9638213218255676,1.0231917306421063,0,0.0,0,0.0,0.0,0
2007,83,156,14976,1.05,1.05,0.4375,0,0,0,0,0,0,1.3308084108758067,0.961366210681492,1.0260093202397569,0.961366210681492,1.0260093202397569,0,0.0,0,0.0,0.0,0
2007,84,157,15072,1.05,1.05,0.4375,0,0,0,0,0,0,1.3100496618638655,0.9641311495436012,1.025287154457252,0.9641311495436012,1.025287154457252,0,0.0,0,0.0,0.0,0
2007,85,166,15936,1.05,1.05,0.4375,0,0,0,0,0,0,1.3021647123678295,0.9639742900371404,1.0237394838477571,0.9639742900371404,1.0237394838477571,0,0.0,0,0.0,0.0,0
2007,87,168,16128,1.05,1.05,0.4375,0,0,0,0,0,0,1.319938633036661,0.963719787705388,1.023037348821562,0.963719787705388,1.023037348821562,0,0.0,0,0.0,0.0,0
2007,86,169,16224,1.05,1.05,0.4375,0,0,0,0,0,0,1.311319658585793,0.9652310062981272,1.0241728559245409,0.9652310062981272,1.0241728559245409,0,0.0,0,0.0,0.0,0
2007,87,171,16416,1.05,1.05,0.4375,0,0,0,0,0,0,1.2998983450354542,0.963392250781448,1.02298769580421,0.963392250781448,1.02298769580421,0,0.0,0,0.0,0.0,0
2007,88,172,16512,1.05,1.05,0.4375,0,0,0,0,0,0,1.307840907972473,0.960562229187632,1.025104059852293,0.960562229187632,1.025104059852293,0,0.0,0,0.0,0.0,0
2007,89,173,16608,1.05,1.05,0.4375,0,0,0,0,0,0,1.3054463991548189,0.9628574577113204,1.024495513042326,0.9628574577113204,1.024495513042326,0,0.0,0,0.0,0.0,0
2007,90,175,16800,1.05,1.05,0.4375,0,0,0,0,0,0,1.3148907810506376,0.9629104530537856,1.0237206005299018,0.9629104530537856,1.0237206005299018,0,0.0,0,0.0,0.0,0
2007,91,176,16896,1.05,1.05,0.4375,0,0,0,0,0,0,1.3250431150362283,0.9641567296510742,1.0244586061158494,0.9641567296510742,1.0244586061158494,0,0.0,0,0.0,0.0,0
2007,92,178,17088,1.05,1.05,0.4375,0,0,0,0,0,0,1.3187309330465786,0.963285446974902,1.0242703302340772,0.963285446974902,1.0242703302340772,0,0.0,0,0.0,0.0,0
2007,93,179,17184,1.05,1.05,0.4375,0,0,0,0,0,0,1.3277504753365037,0.9615471212114018,1.02574249434565,0.9615471212114018,1.02574249434565,0,0.0,0,0.0,0.0,0
2007,94,181,17376,1.05,1.05,0.4375,0,0,0,0,0,0,1.3179444409235188,0.963722355572716,1.024183760629478,0.963722355572716,1.024183760629478,0,0.0,0,0.0,0.0,0
2007,95,183,17568,1.05,1.05,0.4375,0,0,0,0,0,0,1.3146886492711458,0.9631384571650224,1.0248432566122463,0.9631384571650224,1.0248432566122463,0,0.0,0,0.0,0.0,0
2007,96,184,17664,1.05,1.05,0.4375,0,0,0,0,0,0,1.316681905311892,0.9651517605854104,1.0241269249580256,0.9651517605854104,1.0241269249580256,0,0.0,0,0.0,0.0,0
2007,97,187,17952,1.05,1.05,0.4375,0,0,0,0,0,0,1.3069105868436113,0.9608558831973226,1.0280890089325116,0.9608558831973226,1.0280890089325116,0,0.0,0,0.0,0.0,0
2007,100,190,18240,1.05,1.05,0.4375,0,0,0,0,0,0,1.303210802060843,0.9654366755982652,1.0233736064605443,0.9654366755982652,1.0233736064605443,0,0.0,0,0.0,0.0,0
2007,98,192,18432,1.05,1.05,0.4375,0,0,0,0,0,0,1.32858025492051,0.9625826239739104,1.0241748157543742,0.9625826239739104,1.0241748157543742,0,0.0,0,0.0,0.0,0
2007,99,193,18528,1.05,1.05,0.4375,0,0,0,0,0,0,1.3148478821354417,0.9626966538048444,1.025467478382902,0.9626966538048444,1.025467478382902,0,0.0,0,0.0,0.0,0
2007,100,197,18912,1.05,1.05,0.4375,0,0,0,0,0,0,1.312351667221068,0.9627921249297478,1.0255321737264624,0.9627921249297478,1.0255321737264624,0,0.0,0,0.0,0.0,0
2007,101,201,19296,1.05,1.05,0.4375,0,0,0,0,0,0,1.306267253057431,0.962316035883567,1.0267678622431389,0.962316035883567,1.0267678622431389,0,0.0,0,0.0,0.0,0
2007,102,205,19680,1.05,1.05,0.4375,0,0,0,0,0,0,1.302451710081852,0.9644947045597266,1.023465185126178,0.9644947045597266,1.023465185126178,0,0.0,0,0.0,0.0,0
2007,103,207,19872,1.05,1.05,0.4375,0,0,0,0,0,0,1.3205301157090052,0.9567749483080052,1.0244576327703492,0.9567749483080052,1.0244576327703492,0,0.0,0,0.0,0.0,0
2007,104,210,20160,1.05,1.05,0.4375,0,0,0,0,0,0,1.2997023625655415,0.9588135114734744,1.023232411128978,0.9588135114734744,1.023232411128978,0,0.0,0,0.0,0.0,0
2007,105,212,20352,1.05,1.05,0.4375,0,0,0,0,0,0,1.3120888441885747,0.9611577413351486,1.0240894149782729,0.9611577413351486,1.0240894149782729,0,0.0,0,0.0,0.0,0
2007,106,213,20448,1.05,1.05,0.4375,0,0,0,0,0,0,1.313546931996513,0.9636589568059416,1.026605252179301,0.9636589568059416,1.026605252179301,0,0.0,0,0.0,0.0,0
2007,107,216,20736,1.05,1.05,0.4375,0,0,0,0,0,0,1.2975399693547542,0.9639566281922136,1.0260276190552866,0.9639566281922136,1.0260276190552866,0,0.0,0,0.0,0.0,0
2007,108,219,21024,1.05,1.05,0.4375,0,0,0,0,0,0,1.331233735287391,0.962153069875854,1.0250200605057702,0.962153069875854,1.0250200605057702,0,0.0,0,0.0,0.0,0
2007,109,220,21120,1.05,1.05,0.4375,0,0,0,0,0,0,1.3266551483935756,0.965297086427533,1.02398818533302,0.965297086427533,1.02398818533302,0,0.0,0,0.0,0.0,0
2007,110,226,21696,1.05,1.05,0.4375,0,0,0,0,0,0,1.3076449091945752,0.9621591580845446,1.0235191908971024,0.9621591580845446,1.0235191908971024,0,0.0,0,0.0,0.0,0
2007,114,228,21888,1.05,1.05,0.4375,0,0,0,0,0,0,1.3304750863163588,0.967024362735652,1.025234020455119,0.967024362735652,1.025234020455119,0,0.0,0,0.0,0.0,0
2007,111,230,22080,1.05,1.05,0.4375,0,0,0,0,0,0,1.3097589196340915,0.9643579024754364,1.0246413494001292,0.9643579024754364,1.0246413494001292,0,0.0,0,0.0,0.0,0
2007,112,231,22176,1.05,1.05,0.4375,0,0,0,0,0,0,1.3135971268279976,0.965253201714224,1.0245031286855186,0.965253201714224,1.0245031286855186,0,0.0,0,0.0,0.0,0
2007,113,232,22272,1.05,1.05,0.4375,0,0,0,0,0,0,1.3053951676309696,0.9657594329797216,1.0242743826469016,0.9657594329797216,1.0242743826469016,0,0.0,0,0.0,0.0,0
2007,114,234,22464,1.05,1.05,0.4375,0,0,0,0,0,0,1.3136358907847028,0.9638246917427656,1.0240783500757566,0.9638246917427656,1.0240783500757566,0,0.0,0,0.0,0.0,0
2007,115,235,22560,1.05,1.05,0.4375,0,0,0,0,0,0,1.3195965694767324,0.9619369094358248,1.0253712388510714,0.9619369094358248,1.0253712388510714,0,0.0,0,0.0,0.0,0
2007,116,236,22656,1.05,1.05,0.4375,0,0,0,0,0,0,1.3213435824335775,0.9652256554577944,1.0250011808819743,0.9652256554577944,1.0250011808819743,0,0.0,0,0.0,0.0,0
2007,117,239,22944,1.05,1.05,0.4375,0,0,0,0,0,0,1.3081949778062194,0.9637429244652276,1.025428911227284,0.9637429244652276,1.025428911227284,0,0.0,0,0.0,0.0,0
2007,118,240,23040,1.05,1.05,0.4375,0,0,0,0,0,0,1.314362498299802,0.9642195033340596,1.0244396245097072,0.9642195033340596,1.0244396245097072,0,0.0,0,0.0,0.0,0
2007,123,241,23136,1.05,1.05,0.4375,0,0,0,0,0,0,1.3025681976133232,0.9630763988058668,1.0253558800355824,0.9630763988058668,1.0253558800355824,0,0.0,0,0.0,0.0,0
2007,119,244,23424,1.05,1.05,0.4375,0,0,0,0,0,0,1.3169239443801963,0.964715634442272,1.0250763374372387,0.964715634442272,1.0250763374372387,0,0.0,0,0.0,0.0,0
2007,120,245,23520,1.05,1.05,0.4375,0,0,0,0,0,0,1.302043116946949,0.963831139217406,1.0245101257796525,0.963831139217406,1.0245101257796525,0,0.0,0,0.0,0.0,0
2007,121,248,23808,1.05,1.05,0.4375,0,0,0,0,0,0,1.3205882385005203,0.9652088250655924,1.0238632264243,0.9652088250655924,1.0238632264243,0,0.0,0,0.0,0.0,0
2007,122,251,24096,1.05,1.05,0.4375,0,0,0,0,0,0,1.2994027415182003,0.9638025491299712,1.0245141424927693,0.9638025491299712,1.0245141424927693,0,0.0,0,0.0,0.0,0
2007,123,253,24288,1.05,1.05,0.4375,0,0,0,0,0,0,1.304165663224376,0.9639824344602697,1.0238033488148923,0.9639824344602697,1.0238033488148923,0,0.0,0,0.0,0.0,0
2007,124,254,24384,1.05,1.05,0.4375,0,0,0,0,0,0,1.3008573636766494,0.9658221689095444,1.0237944096851488,0.9658221689095444,1.0237944096851488,0,0.0,0,0.0,0.0,0
2007,125,257,24672,1.05,1.05,0.4375,0,0,0,0,0,0,1.2940108552526477,0.9663688815915914,1.025131107335047,0.9663688815915914,1.025131107335047,0,0.0,0,0.0,0.0,0
2007,126,259,24864,1.05,1.05,0.4375,0,0,0,0,0,0,1.3059406337207122,0.9671894549497454,1.0240646189094669,0.9671894549497454,1.0240646189094669,0,0.0,0,0.0,0.0,0
2007,127,261,25056,1.05,1.05,0.4375,0,0,0,0,0,0,1.324956806003207,0.9627929896493064,1.0247425474708358,0.9627929896493064,1.0247425474708358,0,0.0,0,0.0,0.0,0
2007,128,266,25536,1.05,1.05,0.4375,0,0,0,0,0,0,1.3107559601369705,0.9623582656762022,1.0245564788284145,0.9623582656762022,1.0245564788284145,0,0.0,0,0.0,0.0,0
2007,129,267,25632,1.05,1.05,0.4375,0,0,0,0,0,0,1.3128663120533146,0.9646717046947146,1.024189217392917,0.9646717046947146,1.024189217392917,0,0.0,0,0.0,0.0,0
2007,130,268,25728,1.05,1.05,0.4375,0,0,0,0,0,0,1.3050901798538967,0.9652483746873404,1.023870896761253,0.9652483746873404,1.023870896761253,0,0.0,0,0.0,0.0,0
2007,131,269,25824,1.05,1.05,0.4375,0,0,0,0,0,0,1.3208178013997722,0.9643898258977978,1.0255686244870337,0.9643898258977978,1.0255686244870337,0,0.0,0,0.0,0.0,0
2007,132,271,26016,1.05,1.05,0.4375,0,0,0,0,0,0,1.319617030960614,0.9607434696624816,1.0249362668069275,0.9607434696624816,1.0249362668069275,0,0.0,0,0.0,0.0,0
2007,133,272,26112,1.05,1.05,0.4375,0,0,0,0,0,0,1.3143961601460763,0.9663457124291503,1.0244275214432546,0.9663457124291503,1.0244275214432546,0,0.0,0,0.0,0.0,0
2007,134,273,26208,1.05,1.05,0.4375,0,0,0,0,0,0,1.3149745011874765,0.9569311335667692,1.0239236996725278,0.9569311335667692,1.0239236996725278,0,0.0,0,0.0,0.0,0
2007,135,275,26400,1.05,1.05,0.4375,0,0,0,0,0,0,1.290861022531134,0.9660116526094584,1.0257735256623493,0.9660116526094584,1.0257735256623493,0,0.0,0,0.0,0.0,0
2007,136,276,26496,1.05,1.05,0.4375,0,0,0,0,0,0,1.318611976335483,0.9618092911509758,1.0238166350255455,0.9618092911509758,1.0238166350255455,0,0.0,0,0.0,0.0,0
2007,142,278,26688,1.05,1.05,0.4375,0,0,0,0,0,0,1.3100982740738951,0.96477000567578,1.0233959221100228,0.96477000567578,1.0233959221100228,0,0.0,0,0.0,0.0,0
2007,143,280,26880,1.05,1.05,0.4375,0,0,0,0,0,0,1.3012702160689578,0.961830500743004,1.023851883792284,0.961830500743004,1.023851883792284,0,0.0,0,0.0,0.0,0
2007,144,281,26976,1.05,1.05,0.4375,0,0,0,0,0,0,1.275730133829707,0.965591397240686,1.0234509960607912,0.965591397240686,1.0234509960607912,0,0.0,0,0.0,0.0,0
2007,137,282,27072,1.05,1.05,0.4375,0,0,0,0,0,0,1.3055750982898435,0.9669998938749802,1.0241696625117591,0.9669998938749802,1.0241696625117591,0,0.0,0,0.0,0.0,0
2007,138,283,27168,1.05,1.05,0.4375,0,0,0,0,0,0,1.2987140035782714,0.9658412532196408,1.027989981828257,0.9658412532196408,1.027989981828257,0,0.0,0,0.0,0.0,0
2007,139,284,27264,1.05,1.05,0.4375,0,0,0,0,0,0,1.320404047617975,0.963820906112716,1.0248634985764489,0.963820906112716,1.0248634985764489,0,0.0,0,0.0,0.0,0
2007,140,285,27360,1.05,1.05,0.4375,0,0,0,0,0,0,1.3287749444700687,0.9650959976379688,1.0247094600013007,0.9650959976379688,1.0247094600013007,0,0.0,0,0.0,0.0,0
2007,141,287,27552,1.05,1.05,0.4375,0,0,0,0,0,0,1.3237338786157389,0.9637304277645476,1.0251228198181228,0.9637304277645476,1.0251228198181228,0,0.0,0,0.0,0.0,0
2007,142,288,27648,1.05,1.05,0.4375,0,0,0,0,0,0,1.3028517469797931,0.9651849891715046,1.0257650559363982,0.9651849891715046,1.0257650559363982,0,0.0,0,0.0,0.0,0
2007,143,289,27744,1.05,1.05,0.4375,0,0,0,0,0,0,1.295932152319503,0.9624129702465574,1.023047383030714,0.9624129702465574,1.023047383030714,0,0.0,0,0.0,0.0,0
2007,144,290,27840,1.05,1.05,0.4375,0,0,0,0,0,0,1.3129627525554437,0.962122823182002,1.026316759246322,0.962122823182002,1.026316759246322,0,0.0,0,0.0,0.0,0
2007,153,291,27936,1.05,1.05,0.4375,0,0,0,0,0,0,1.3244959397959568,0.962812464930192,1.0246276310527482,0.962812464930192,1.0246276310527482,0,0.0,0,0.0,0.0,0
2007,145,292,28032,1.05,1.05,0.4375,0,0,0,0,0,0,1.284517912809655,0.9641312696609108,1.0237448633558353,0.9641312696609108,1.0237448633558353,0,0.0,0,0.0,0.0,0
2007,146,293,28128,1.05,1.05,0.4375,0,0,0,0,0,0,1.320566442315741,0.9642136307996548,1.0247914254515682,0.9642136307996548,1.0247914254515682,0,0.0,0,0.0,0.0,0
2007,147,294,28224,1.05,1.05,0.4375,0,0,0,0,0,0,1.3049060958732803,0.9643348031975104,1.024986751762766,0.9643348031975104,1.024986751762766,0,0.0,0,0.0,0.0,0
2007,148,295,28320,1.05,1.05,0.4375,0,0,0,0,0,0,1.3042607698653663,0.9644419084759543,1.026033972147082,0.9644419084759543,1.026033972147082,0,0.0,0,0.0,0.0,0
2007,149,296,28416,1.05,1.05,0.4375,0,0,0,0,0,0,1.306961198609078,0.9641240205680752,1.02441919188158,0.9641240205680752,1.02441919188158,0,0.0,0,0.0,0.0,0
2007,150,297,28512,1.05,1.05,0.4375,0,0,0,0,0,0,1.3241330859192115,0.962467719267432,1.0244849766185713,0.962467719267432,1.0244849766185713,0,0.0,0,0.0,0.0,0
2007,160,298,28608,1.05,1.05,0.4375,0,0,0,0,0,0,1.3139578021393092,0.9680916056307128,1.023810231905304,0.9680916056307128,1.023810231905304,0,0.0,0,0.0,0.0,0
2007,151,299,28704,1.05,1.05,0.4375,0,0,0,0,0,0,1.3209882693094264,0.9607825547630924,1.024554886314296,0.9607825547630924,1.024554886314296,0,0.0,0,0.0,0.0,0
2007,152,300,28800,1.05,1.05,0.4375,0,0,0,0,0,0,1.3085582324382845,0.9673229621642726,1.0250874593837176,0.9673229621642726,1.0250874593837176,0,0.0,0,0.0,0.0,0
2007,153,302,28992,1.05,1.05,0.4375,0,0,0,0,0,0,1.317552089284496,0.9672975525420824,1.0247099883569404,0.9672975525420824,1.0247099883569404,0,0.0,0,0.0,0.0,0
2007,154,305,29280,1.05,1.05,0.4375,0,0,0,0,0,0,1.3130835071188698,0.9637143564754832,1.0250713888261265,0.9637143564754832,1.0250713888261265,0,0.0,0,0.0,0.0,0
2007,155,306,29376,1.05,1.05,0.4375,0,0,0,0,0,0,1.2885365126676838,0.9628406969876384,1.0250964459496772,0.9628406969876384,1.0250964459496772,0,0.0,0,0.0,0.0,0
2007,156,307,29472,1.05,1.05,0.4375,0,0,0,0,0,0,1.309030325292536,0.9645857234227808,1.024438751342834,0.9645857234227808,1.024438751342834,0,0.0,0,0.0,0.0,0
2007,157,308,29568,1.05,1.05,0.4375,0,0,0,0,0,0,1.3050704814757204,0.9604047538478052,1.0247958300657936,0.9604047538478052,1.0247958300657936,0,0.0,0,0.0,0.0,0
2007,158,312,29952,1.05,1.05,0.4375,0,0,0,0,0,0,1.3009062366230952,0.9602724290572074,1.0239005740762572,0.9602724290572074,1.0239005740762572,0,0.0,0,0.0,0.0,0
2007,159,315,30240,1.05,1.05,0.4375,0,0,0,0,0,0,1.3234972247981485,0.9642778958608956,1.0264361166270335,0.9642778958608956,1.0264361166270335,0,0.0,0,0.0,0.0,0
2007,160,317,30432,1.05,1.05,0.4375,0,0,0,0,0,0,1.326479535973719,0.9613034602308832,1.0241185190840627,0.9613034602308832,1.0241185190840627,0,0.0,0,0.0,0.0,0
2007,161,319,30624,1.05,1.05,0.4375,0,0,0,0,0,0,1.3144978627965465,0.9594031197572072,1.0252097216935274,0.9594031197572072,1.0252097216935274,0,0.0,0,0.0,0.0,0
2007,162,321,30816,1.05,1.05,0.4375,0,0,0,0,0,0,1.3056308341819896,0.9633547421652336,1.024336358348597,0.9633547421652336,1.024336358348597,0,0.0,0,0.0,0.0,0
2007,173,322,30912,1.05,1.05,0.4375,0,0,0,0,0,0,1.301803179462939,0.9629361335466218,1.0234079828222329,0.9629361335466218,1.0234079828222329,0,0.0,0,0.0,0.0,0
2007,163,326,31296,1.05,1.05,0.4375,0,0,0,0,0,0,1.312558637962833,0.957637826241858,1.0235122198871696,0.957637826241858,1.0235122198871696,0,0.0,0,0.0,0.0,0
2007,164,329,31584,1.05,1.05,0.4375,0,0,0,0,0,0,1.3254631006306274,0.9642477842576856,1.0249382965198923,0.9642477842576856,1.0249382965198923,0,0.0,0,0.0,0.0,0
2007,165,331,31776,1.05,1.05,0.4375,0,0,0,0,0,0,1.3339001995563942,0.9657465318374228,1.0242046340735915,0.9657465318374228,1.0242046340735915,0,0.0,0,0.0,0.0,0
2007,166,332,31872,1.05,1.05,0.4375,0,0,0,0,0,0,1.3119174622079877,0.9605707437321698,1.025048913775168,0.9605707437321698,1.025048913775168,0,0.0,0,0.0,0.0,0
2007,167,333,31968,1.05,1.05,0.4375,0,0,0,0,0,0,1.2954165029652844,0.9664958205974272,1.0244992851495998,0.9664958205974272,1.0244992851495998,0,0.0,0,0.0,0.0,0
2007,168,335,32160,1.05,1.05,0.4375,0,0,0,0,0,0,1.3082563521732395,0.9638673645227788,1.026733628731686,0.9638673645227788,1.026733628731686,0,0.0,0,0.0,0.0,0
2007,169,336,32256,1.05,1.05,0.4375,0,0,0,0,0,0,1.323826085833441,0.9602067387470824,1.0240345816126826,0.9602067387470824,1.0240345816126826,0,0.0,0,0.0,0.0,0
2007,170,337,32352,1.05,1.05,0.4375,0,0,0,0,0,0,1.315316867166417,0.9666920307996464,1.0238862366219774,0.9666920307996464,1.0238862366219774,0,0.0,0,0.0,0.0,0
2007,171,338,32448,1.05,1.05,0.4375,0,0,0,0,0,0,1.3180478657807042,0.963250939982916,1.0249289446729757,0.963250939982916,1.0249289446729757,0,0.0,0,0.0,0.0,0
2007,172,339,32544,1.05,1.05,0.4375,0,0,0,0,0,0,1.3302069188517285,0.9647240409711052,1.0265211879465317,0.9647240409711052,1.0265211879465317,0,0.0,0,0.0,0.0,0
2007,173,341,32736,1.05,1.05,0.4375,0,0,0,0,0,0,1.28718440185441,0.963869411954534,1.0234961279142871,0.963869411954534,1.0234961279142871,0,0.0,0,0.0,0.0,0
2007,174,342,32832,1.05,1.05,0.4375,0,0,0,0,0,0,1.3057603030831364,0.9589335867773722,1.0256822226565834,0.9589335867773722,1.0256822226565834,0,0.0,0,0.0,0.0,0
2007,175,345,33120,1.05,1.05,0.4375,0,0,0,0,0,0,1.291382470632616,0.9589689732961386,1.0244674638159237,0.9589689732961386,1.0244674638159237,0,0.0,0,0.0,0.0,0
2007,176,347,33312,1.05,1.05,0.4375,0,0,0,0,0,0,1.3168817806225932,0.9611126366406118,1.0253775978731003,0.9611126366406118,1.0253775978731003,0,0.0,0,0.0,0.0,0
2007,177,348,33408,1.05,1.05,0.4375,0,0,0,0,0,0,1.3001647355366917,0.9623117359388292,1.0248477283044306,0.9623117359388292,1.0248477283044306,0,0.0,0,0.0,0.0,0
2007,178,349,33504,1.05,1.05,0.4375,0,0,0,0,0,0,1.3167019207006194,0.9586986088897052,1.0236048298560037,0.9586986088897052,1.0236048298560037,0,0.0,0,0.0,0.0,0
2007,179,351,33696,1.05,1.05,0.4375,0,0,0,0,0,0,1.3027648523940332,0.965599137996856,1.0227178480873809,0.965599137996856,1.0227178480873809,0,0.0,0,0.0,0.0,0
2007,191,352,33792,1.05,1.05,0.4375,0,0,0,0,0,0,1.3310972288252692,0.9664350238927494,1.0249237327046714,0.9664350238927494,1.0249237327046714,0,0.0,0,0.0,0.0,0
2007,180,354,33984,1.05,1.05,0.4375,0,0,0,0,0,0,1.31687460945053,0.963914335749612,1.0256158589282762,0.963914335749612,1.0256158589282762,0,0.0,0,0.0,0.0,0
2007,181,355,34080,1.05,1.05,0.4375,0,0,0,0,0,0,1.3466230977012916,0.9635844252241632,1.027794151438272,0.9635844252241632,1.027794151438272,0,0.0,0,0.0,0.0,0
2007,182,356,34176,1.05,1.05,0.4375,0,0,0,0,0,0,1.309718716087705,0.9670306979329996,1.0244626022944303,0.9670306979329996,1.0244626022944303,0,0.0,0,0.0,0.0,0
2007,183,361,34656,1.05,1.05,0.4375,0,0,0,0,0,0,1.3107673456736804,0.9660701761602588,1.0246282792870696,0.9660701761602588,1.0246282792870696,0,0.0,0,0.0,0.0,0
2007,196,362,34752,1.05,1.05,0.4375,0,0,0,0,0,0,1.3126485719482544,0.9654673112996442,1.0256417072328987,0.9654673112996442,1.0256417072328987,0,0.0,0,0.0,0.0,0
2007,184,364,34944,1.05,1.05,0.4375,0,0,0,0,0,0,1.3030342154120118,0.960724988591313,1.0242344573398163,0.960724988591313,1.0242344573398163,0,0.0,0,0.0,0.0,0
2007,198,366,35136,1.05,1.05,0.4375,0,0,0,0,0,0,1.310236890766647,0.9611384491306484,1.023296654407723,0.9611384491306484,1.023296654407723,0,0.0,0,0.0,0.0,0
2007,185,367,35232,1.05,1.05,0.4375,0,0,0,0,0,0,1.3116772835582742,0.9625861789442324,1.024310604279667,0.9625861789442324,1.024310604279667,0,0.0,0,0.0,0.0,0
2008,1,2,192,1.1,1.1,0.5,0,0,0,0,0,0,1.4098456870225298,0.9610665890579416,1.0241136724227695,0.9610665890579416,1.0241136724227695,0,0.0,0,0.0,0.0,0
2008,2,4,384,1.1,1.1,0.5,0,0,0,0,0,0,1.4031928527236095,0.9664269660424408,1.0256092997459283,0.9664269660424408,1.0256092997459283,0,0.0,0,0.0,0.0,0
2008,3,6,576,1.1,1.1,0.5,0,0,0,0,0,0,1.418430193613586,0.9640557717983564,1.024906293476572,0.9640557717983564,1.024906293476572,0,0.0,0,0.0,0.0,0
2008,4,7,672,1.1,1.1,0.5,0,0,0,0,0,0,1.4252701720183107,0.9648462820953484,1.0248416328103844,0.9648462820953484,1.0248416328103844,0,0.0,0,0.0,0.0,0
2008,5,10,960,1.1,1.1,0.5,0,0,0,0,0,0,1.4062036828586706,0.9653318280571606,1.0258904096928745,0.9653318280571606,1.0258904096928745,0,0.0,0,0.0,0.0,0
2008,6,13,1248,1.1,1.1,0.5,0,0,0,0,0,0,1.4220568372870936,0.9630046086937673,1.0245463516687312,0.9630046086937673,1.0245463516687312,0,0.0,0,0.0,0.0,0
2008,7,16,1536,1.1,1.1,0.5,0,0,0,0,0,0,1.4305639451924497,0.9627608932583556,1.0241514699492535,0.9627608932583556,1.0241514699492535,0,0.0,0,0.0,0.0,0
2008,8,17,1632,1.1,1.1,0.5,0,0,0,0,0,0,1.412843579613238,0.9675326351636568,1.0245512197604094,0.9675326351636568,1.0245512197604094,0,0.0,0,0.0,0.0,0
2008,9,20,1920,1.1,1.1,0.5,0,0,0,0,0,0,1.4061819649860507,0.9659643173229068,1.0251294768550197,0.9659643173229068,1.0251294768550197,0,0.0,0,0.0,0.0,0
2008,10,22,2112,1.1,1.1,0.5,0,0,0,0,0,0,1.4188918914468756,0.9672494637782288,1.0276106400560605,0.9672494637782288,1.0276106400560605,0,0.0,0,0.0,0.0,0
2008,11,23,2208,1.1,1.1,0.5,0,0,0,0,0,0,1.4118457768882589,0.9661565805204572,1.025146654011871,0.9661565805204572,1.025146654011871,0,0.0,0,0.0,0.0,0
2008,12,25,2400,1.1,1.1,0.5,0,0,0,0,0,0,1.3924904089152197,0.9663607800431512,1.0254430515240769,0.9663607800431512,1.0254430515240769,0,0.0,0,0.0,0.0,0
2008,13,26,2496,1.1,1.1,0.5,0,0,0,0,0,0,1.4211089958056164,0.966773495782818,1.0242985338406905,0.966773495782818,1.0242985338406905,0,0.0,0,0.0,0.0,0
2008,14,29,2784,1.1,1.1,0.5,0,0,0,0,0,0,1.4223524515352668,0.9647691767072448,1.0250200143217132,0.9647691767072448,1.0250200143217132,0,0.0,0,0.0,0.0,0
2008,15,30,2880,1.1,1.1,0.5,0,0,0,0,0,0,1.4116503584785811,0.9641306105443992,1.0238555824740807,0.9641306105443992,1.0238555824740807,0,0.0,0,0.0,0.0,0
2008,16,31,2976,1.1,1.1,0.5,0,0,0,0,0,0,1.395321521964534,0.9643898042609728,1.0263661149361516,0.9643898042609728,1.0263661149361516,0,0.0,0,0.0,0.0,0
2008,17,34,3264,1.1,1.1,0.5,0,0,0,0,0,0,1.412776180502956,0.96305905796864,1.0252217503693677,0.96305905796864,1.0252217503693677,0,0.0,0,0.0,0.0,0
2008,18,37,3552,1.1,1.1,0.5,0,0,0,0,0,0,1.401387843314703,0.9692858441934994,1.026334544830745,0.9692858441934994,1.026334544830745,0,0.0,0,0.0,0.0,0
2008,19,38,3648,1.1,1.1,0.5,0,0,0,0,0,0,1.426739769907084,0.9670138736664792,1.0257983176246497,0.9670138736664792,1.0257983176246497,0,0.0,0,0.0,0.0,0
2008,20,39,3744,1.1,1.1,0.5,0,0,0,0,0,0,1.4257866891174356,0.9647722072196095,1.0254232766456317,0.9647722072196095,1.0254232766456317,0,0.0,0,0.0,0.0,0
2008,21,43,4128,1.1,1.1,0.5,0,0,0,0,0,0,1.417803314507291,0.964300339337702,1.0247272184853116,0.964300339337702,1.0247272184853116,0,0.0,0,0.0,0.0,0
2008,22,44,4224,1.1,1.1,0.5,0,0,0,0,0,0,1.4060913941951052,0.9681762026004336,1.024900186332784,0.9681762026004336,1.024900186332784,0,0.0,0,0.0,0.0,0
2008,23,46,4416,1.1,1.1,0.5,0,0,0,0,0,0,1.420793299087638,0.9633251720740156,1.0254438292525485,0.9633251720740156,1.0254438292525485,0,0.0,0,0.0,0.0,0
2008,24,49,4704,1.1,1.1,0.5,0,0,0,0,0,0,1.4274278762024672,0.9654481724889624,1.02495451228691,0.9654481724889624,1.02495451228691,0,0.0,0,0.0,0.0,0
2008,25,50,4800,1.1,1.1,0.5,0,0,0,0,0,0,1.3873796002073513,0.9673053879473162,1.024525506621036,0.9673053879473162,1.024525506621036,0,0.0,0,0.0,0.0,0
2008,26,51,4896,1.1,1.1,0.5,0,0,0,0,0,0,1.429183037128294,0.9653505435472296,1.02495945201242,0.9653505435472296,1.02495945201242,0,0.0,0,0.0,0.0,0
2008,27,53,5088,1.1,1.1,0.5,0,0,0,0,0,0,1.393993591432897,0.9659569973177368,1.0239952750797612,0.9659569973177368,1.0239952750797612,0,0.0,0,0.0,0.0,0
2008,28,54,5184,1.1,1.1,0.5,0,0,0,0,0,0,1.4158720651182302,0.964340607602888,1.025882366043975,0.964340607602888,1.025882366043975,0,0.0,0,0.0,0.0,0
2008,29,55,5280,1.1,1.1,0.5,0,0,0,0,0,0,1.422826422281405,0.9641610785377268,1.0261408957555018,0.9641610785377268,1.0261408957555018,0,0.0,0,0.0,0.0,0
2008,30,56,5376,1.1,1.1,0.5,0,0,0,0,0,0,1.4195657169261784,0.9676561750576168,1.0255663576701897,0.9676561750576168,1.0255663576701897,0,0.0,0,0.0,0.0,0
2008,31,57,5472,1.1,1.1,0.5,0,0,0,0,0,0,1.399324459958416,0.968171753189167,1.0248544286388257,0.968171753189167,1.0248544286388257,0,0.0,0,0.0,0.0,0
2008,32,59,5664,1.1,1.1,0.5,0,0,0,0,0,0,1.3916351508395934,0.9660438728738676,1.0256482003103526,0.9660438728738676,1.0256482003103526,0,0.0,0,0.0,0.0,0
2008,33,60,5760,1.1,1.1,0.5,0,0,0,0,0,0,1.409289126852953,0.962636591785758,1.024223545744345,0.962636591785758,1.024223545744345,0,0.0,0,0.0,0.0,0
2008,34,62,5952,1.1,1.1,0.5,0,0,0,0,0,0,1.413336535261386,0.9633011136113788,1.0246056010510711,0.9633011136113788,1.0246056010510711,0,0.0,0,0.0,0.0,0
2008,35,65,6240,1.1,1.1,0.5,0,0,0,0,0,0,1.412919856418157,0.9675230338213336,1.0236170744522477,0.9675230338213336,1.0236170744522477,0,0.0,0,0.0,0.0,0
2008,36,66,6336,1.1,1.1,0.5,0,0,0,0,0,0,1.4097488810570302,0.9612916737709676,1.023629994900801,0.9612916737709676,1.023629994900801,0,0.0,0,0.0,0.0,0
2008,37,67,6432,1.1,1.1,0.5,0,0,0,0,0,0,1.4065892924624055,0.9661690393051228,1.025249751071191,0.9661690393051228,1.025249751071191,0,0.0,0,0.0,0.0,0
2008,38,68,6528,1.1,1.1,0.5,0,0,0,0,0,0,1.4114795134790834,0.9657963805325732,1.0255140817831716,0.9657963805325732,1.0255140817831716,0,0.0,0,0.0,0.0,0
2008,39,69,6624,1.1,1.1,0.5,0,0,0,0,0,0,1.4230111777191583,0.9653599758416876,1.025290215833137,0.9653599758416876,1.025290215833137,0,0.0,0,0.0,0.0,0
2008,40,70,6720,1.1,1.1,0.5,0,0,0,0,0,0,1.419353356126846,0.9652934174343206,1.025442285480227,0.9652934174343206,1.025442285480227,0,0.0,0,0.0,0.0,0
2008,41,71,6816,1.1,1.1,0.5,0,0,0,0,0,0,1.4244785907723474,0.9673510286972224,1.025113964169453,0.9673510286972224,1.025113964169453,0,0.0,0,0.0,0.0,0
2008,42,74,7104,1.1,1.1,0.5,0,0,0,0,0,0,1.4341432722908305,0.9682792638421998,1.026326920536789,0.9682792638421998,1.026326920536789,0,0.0,0,0.0,0.0,0
2008,43,80,7680,1.1,1.1,0.5,0,0,0,0,0,0,1.384328999422346,0.963571982167236,1.023876029490609,0.963571982167236,1.023876029490609,0,0.0,0,0.0,0.0,0
2008,44,81,7776,1.1,1.1,0.5,0,0,0,0,0,0,1.4042656050431264,0.9651148904412788,1.0233438389457337,0.9651148904412788,1.0233438389457337,0,0.0,0,0.0,0.0,0
2008,45,82,7872,1.1,1.1,0.5,0,0,0,0,0,0,1.4149347025536894,0.9633274816896794,1.025167734835704,0.9633274816896794,1.025167734835704,0,0.0,0,0.0,0.0,0
2008,46,84,8064,1.1,1.1,0.5,0,0,0,0,0,0,1.4123641426655624,0.9638136195153788,1.025002755018193,0.9638136195153788,1.025002755018193,0,0.0,0,0.0,0.0,0
2008,47,85,8160,1.1,1.1,0.5,0,0,0,0,0,0,1.3958105089791404,0.96921500543751,1.0255450276175853,0.96921500543751,1.0255450276175853,0,0.0,0,0.0,0.0,0
2008,47,86,8256,1.1,1.1,0.5,0,0,0,0,0,0,1.416787138036702,0.9662841408785992,1.0246544328981726,0.9662841408785992,1.0246544328981726,0,0.0,0,0.0,0.0,0
2008,48,87,8352,1.1,1.1,0.5,0,0,0,0,0,0,1.4342411915252402,0.9652839616245809,1.023683934924968,0.9652839616245809,1.023683934924968,0,0.0,0,0.0,0.0,0
2008,49,93,8928,1.1,1.1,0.5,0,0,0,0,0,0,1.4063914949298442,0.9656130254925834,1.0254409387036465,0.9656130254925834,1.0254409387036465,0,0.0,0,0.0,0.0,0
2008,50,94,9024,1.1,1.1,0.5,0,0,0,0,0,0,1.4096947681967211,0.9682849541196746,1.024415582821626,0.9682849541196746,1.024415582821626,0,0.0,0,0.0,0.0,0
2008,51,95,9120,1.1,1.1,0.5,0,0,0,0,0,0,1.4162631245231343,0.966910069944266,1.0244193259475856,0.966910069944266,1.0244193259475856,0,0.0,0,0.0,0.0,0
2008,52,97,9312,1.1,1.1,0.5,0,0,0,0,0,0,1.4099890015735383,0.9667939087751825,1.024243078995262,0.9667939087751825,1.024243078995262,0,0.0,0,0.0,0.0,0
2008,53,98,9408,1.1,1.1,0.5,0,0,0,0,0,0,1.3996980560500774,0.9641590753021038,1.0245545547952366,0.9641590753021038,1.0245545547952366,0,0.0,0,0.0,0.0,0
2008,54,101,9696,1.1,1.1,0.5,0,0,0,0,0,0,1.4207359284096124,0.965400580481588,1.024481505931693,0.965400580481588,1.024481505931693,0,0.0,0,0.0,0.0,0
2008,55,102,9792,1.1,1.1,0.5,0,0,0,0,0,0,1.4201910234418824,0.9658165900469488,1.0250333623176733,0.9658165900469488,1.0250333623176733,0,0.0,0,0.0,0.0,0
2008,56,107,10272,1.1,1.1,0.5,0,0,0,0,0,0,1.4002818231497396,0.9619372553556866,1.0244679097296463,0.9619372553556866,1.0244679097296463,0,0.0,0,0.0,0.0,0
2008,57,109,10464,1.1,1.1,0.5,0,0,0,0,0,0,1.4060165924542471,0.9629057335596436,1.0250464370278465,0.9629057335596436,1.0250464370278465,0,0.0,0,0.0,0.0,0
2008,58,111,10656,1.1,1.1,0.5,0,0,0,0,0,0,1.4242992310633271,0.9631743438895692,1.0255754134017323,0.9631743438895692,1.0255754134017323,0,0.0,0,0.0,0.0,0
2008,59,114,10944,1.1,1.1,0.5,0,0,0,0,0,0,1.4041470820399389,0.9661947540383964,1.0247714744189589,0.9661947540383964,1.0247714744189589,0,0.0,0,0.0,0.0,0
2008,60,116,11136,1.1,1.1,0.5,0,0,0,0,0,0,1.4324144259657232,0.9616909680248132,1.0259052687852108,0.9616909680248132,1.0259052687852108,0,0.0,0,0.0,0.0,0
2008,61,117,11232,1.1,1.1,0.5,0,0,0,0,0,0,1.4152354401996574,0.9669384144670312,1.024620677863071,0.9669384144670312,1.024620677863071,0,0.0,0,0.0,0.0,0
2008,62,119,11424,1.1,1.1,0.5,0,0,0,0,0,0,1.4138171105371136,0.965335638885562,1.025669841542694,0.965335638885562,1.025669841542694,0,0.0,0,0.0,0.0,0
2008,63,120,11520,1.1,1.1,0.5,0,0,0,0,0,0,1.4137172755752625,0.9635923005620048,1.0247098000612611,0.9635923005620048,1.0247098000612611,0,0.0,0,0.0,0.0,0
2008,63,122,11712,1.1,1.1,0.5,0,0,0,0,0,0,1.414394423293667,0.9672718017934898,1.026292559857927,0.9672718017934898,1.026292559857927,0,0.0,0,0.0,0.0,0
2008,64,123,11808,1.1,1.1,0.5,0,0,0,0,0,0,1.406693504636033,0.9636862470648822,1.0241049123899169,0.9636862470648822,1.0241049123899169,0,0.0,0,0.0,0.0,0
2008,65,125,12000,1.1,1.1,0.5,0,0,0,0,0,0,1.4134249893758917,0.9644733784346984,1.0240666942025198,0.9644733784346984,1.0240666942025198,0,0.0,0,0.0,0.0,0
2008,66,126,12096,1.1,1.1,0.5,0,0,0,0,0,0,1.425721309442635,0.9641101277036896,1.0250653102580605,0.9641101277036896,1.0250653102580605,0,0.0,0,0.0,0.0,0
2008,67,128,12288,1.1,1.1,0.5,0,0,0,0,0,0,1.4179999337552982,0.9654804645783166,1.0250731133037954,0.9654804645783166,1.0250731133037954,0,0.0,0,0.0,0.0,0
2008,68,129,12384,1.1,1.1,0.5,0,0,0,0,0,0,1.434582190787628,0.9624199630986,1.024840573535038,0.9624199630986,1.024840573535038,0,0.0,0,0.0,0.0,0
2008,69,131,12576,1.1,1.1,0.5,0,0,0,0,0,0,1.4056252060056087,0.9651917452043982,1.0264403610104391,0.9651917452043982,1.0264403610104391,0,0.0,0,0.0,0.0,0
2008,70,133,12768,1.1,1.1,0.5,0,0,0,0,0,0,1.4235432162933706,0.9634023855538508,1.023243146641354,0.9634023855538508,1.023243146641354,0,0.0,0,0.0,0.0,0
2008,71,134,12864,1.1,1.1,0.5,0,0,0,0,0,0,1.3960544327692015,0.9635594086050208,1.0241767618201272,0.9635594086050208,1.0241767618201272,0,0.0,0,0.0,0.0,0
2008,72,136,13056,1.1,1.1,0.5,0,0,0,0,0,0,1.4337663839446704,0.9670225781203444,1.026443581464142,0.9670225781203444,1.026443581464142,0,0.0,0,0.0,0.0,0
2008,73,140,13440,1.1,1.1,0.5,0,0,0,0,0,0,1.3955982471463548,0.9646948086743986,1.0247068129461014,0.9646948086743986,1.0247068129461014,0,0.0,0,0.0,0.0,0
2008,74,141,13536,1.1,1.1,0.5,0,0,0,0,0,0,1.40984498573563,0.9637137469542026,1.0254334522748372,0.9637137469542026,1.0254334522748372,0,0.0,0,0.0,0.0,0
2008,75,142,13632,1.1,1.1,0.5,0,0,0,0,0,0,1.41851941392971,0.9658307562770836,1.025515993644473,0.9658307562770836,1.025515993644473,0,0.0,0,0.0,0.0,0
2008,76,143,13728,1.1,1.1,0.5,0,0,0,0,0,0,1.4215275546514368,0.964184283684642,1.0253308829941132,0.964184283684642,1.0253308829941132,0,0.0,0,0.0,0.0,0
2008,77,145,13920,1.1,1.1,0.5,0,0,0,0,0,0,1.4064798118128092,0.9685759601051074,1.0258505257750274,0.9685759601051074,1.0258505257750274,0,0.0,0,0.0,0.0,0
2008,78,148,14208,1.1,1.1,0.5,0,0,0,0,0,0,1.4051424955108112,0.9631425455202212,1.02376394106461,0.9631425455202212,1.02376394106461,0,0.0,0,0.0,0.0,0
2008,79,149,14304,1.1,1.1,0.5,0,0,0,0,0,0,1.4236440118860672,0.9622753284452492,1.0256701897778924,0.9622753284452492,1.0256701897778924,0,0.0,0,0.0,0.0,0
2008,80,151,14496,1.1,1.1,0.5,0,0,0,0,0,0,1.4231072260308362,0.9655807742159151,1.024625632815446,0.9655807742159151,1.024625632815446,0,0.0,0,0.0,0.0,0
2008,81,152,14592,1.1,1.1,0.5,0,0,0,0,0,0,1.4061697215312816,0.965812836328561,1.024202513672008,0.965812836328561,1.024202513672008,0,0.0,0,0.0,0.0,0
2008,82,154,14784,1.1,1.1,0.5,0,0,0,0,0,0,1.4062475450205372,0.9652339057131678,1.023809379940094,0.9652339057131678,1.023809379940094,0,0.0,0,0.0,0.0,0
2008,83,156,14976,1.1,1.1,0.5,0,0,0,0,0,0,1.4344485615369824,0.9628332442778756,1.0256065135428856,0.9628332442778756,1.0256065135428856,0,0.0,0,0.0,0.0,0
2008,84,157,15072,1.1,1.1,0.5,0,0,0,0,0,0,1.413420732046816,0.965600291382423,1.02435200775086,0.965600291382423,1.02435200775086,0,0.0,0,0.0,0.0,0
2008,85,166,15936,1.1,1.1,0.5,0,0,0,0,0,0,1.4058557313587512,0.9654662487428686,1.0244833304102254,0.9654662487428686,1.0244833304102254,0,0.0,0,0.0,0.0,0
2008,87,168,16128,1.1,1.1,0.5,0,0,0,0,0,0,1.4241220367006888,0.965152216782006,1.0237351161445614,0.965152216782006,1.0237351161445614,0,0.0,0,0.0,0.0,0
2008,86,169,16224,1.1,1.1,0.5,0,0,0,0,0,0,1.41476119759418,0.9667496754355492,1.024884005699563,0.9667496754355492,1.024884005699563,0,0.0,0,0.0,0.0,0
2008,87,171,16416,1.1,1.1,0.5,0,0,0,0,0,0,1.4029007919777985,0.9648731578027552,1.023640381978638,0.9648731578027552,1.023640381978638,0,0.0,0,0.0,0.0,0
2008,88,172,16512,1.1,1.1,0.5,0,0,0,0,0,0,1.411766835975452,0.9620922265373416,1.0257409743156598,0.9620922265373416,1.0257409743156598,0,0.0,0,0.0,0.0,0
2008,89,173,16608,1.1,1.1,0.5,0,0,0,0,0,0,1.4074627595082272,0.9643537970431793,1.0251800278348795,0.9643537970431793,1.0251800278348795,0,0.0,0,0.0,0.0,0
2008,90,175,16800,1.1,1.1,0.5,0,0,0,0,0,0,1.4191065413746442,0.9642406443156027,1.0244497486247215,0.9642406443156027,1.0244497486247215,0,0.0,0,0.0,0.0,0
2008,91,176,16896,1.1,1.1,0.5,0,0,0,0,0,0,1.4289777094659593,0.9655356102762088,1.0251155907991598,0.9655356102762088,1.0251155907991598,0,0.0,0,0.0,0.0,0
2008,92,178,17088,1.1,1.1,0.5,0,0,0,0,0,0,1.4229762489336968,0.9647065871881216,1.0248989903868018,0.9647065871881216,1.0248989903868018,0,0.0,0,0.0,0.0,0
2008,93,179,17184,1.1,1.1,0.5,0,0,0,0,0,0,1.4314701015973004,0.9629385286805712,1.0263280468833655,0.9629385286805712,1.0263280468833655,0,0.0,0,0.0,0.0,0
2008,94,181,17376,1.1,1.1,0.5,0,0,0,0,0,0,1.4217537624729888,0.965202190142204,1.0248399663334076,0.965202190142204,1.0248399663334076,0,0.0,0,0.0,0.0,0
2008,95,183,17568,1.1,1.1,0.5,0,0,0,0,0,0,1.4182409550524688,0.9646610899772716,1.0254580730986416,0.9646610899772716,1.0254580730986416,0,0.0,0,0.0,0.0,0
2008,96,184,17664,1.1,1.1,0.5,0,0,0,0,0,0,1.4201626045071505,0.9666248485050992,1.0248457769822856,0.9666248485050992,1.0248457769822856,0,0.0,0,0.0,0.0,0
2008,97,187,17952,1.1,1.1,0.5,0,0,0,0,0,0,1.409254481557937,0.9623965933492532,1.0276811150143976,0.9623965933492532,1.0276811150143976,0,0.0,0,0.0,0.0,0
2008,100,190,18240,1.1,1.1,0.5,0,0,0,0,0,0,1.406749055376391,0.9668495148707672,1.0240544398179263,0.9668495148707672,1.0240544398179263,0,0.0,0,0.0,0.0,0
2008,98,192,18432,1.1,1.1,0.5,0,0,0,0,0,0,1.4330510341124223,0.9640769872113938,1.0249403253392932,0.9640769872113938,1.0249403253392932,0,0.0,0,0.0,0.0,0
2008,99,193,18528,1.1,1.1,0.5,0,0,0,0,0,0,1.418437011194482,0.9642015787124852,1.0260450823419018,0.9642015787124852,1.0260450823419018,0,0.0,0,0.0,0.0,0
2008,100,197,18912,1.1,1.1,0.5,0,0,0,0,0,0,1.41640618203624,0.9641999074147356,1.026131162786752,0.9641999074147356,1.026131162786752,0,0.0,0,0.0,0.0,0
2008,101,201,19296,1.1,1.1,0.5,0,0,0,0,0,0,1.4098422790413596,0.963708885005106,1.0251259811198423,0.963708885005106,1.0251259811198423,0,0.0,0,0.0,0.0,0
2008,102,205,19680,1.1,1.1,0.5,0,0,0,0,0,0,1.4062282417707364,0.9658898574197182,1.0241138621567718,0.9658898574197182,1.0241138621567718,0,0.0,0,0.0,0.0,0
2008,103,207,19872,1.1,1.1,0.5,0,0,0,0,0,0,1.4245878239892589,0.9583096896408496,1.0251003108627024,0.9583096896408496,1.0251003108627024,0,0.0,0,0.0,0.0,0
2008,104,210,20160,1.1,1.1,0.5,0,0,0,0,0,0,1.404017018299466,0.9603620761628184,1.023941645153537,0.9603620761628184,1.023941645153537,0,0.0,0,0.0,0.0,0
2008,105,212,20352,1.1,1.1,0.5,0,0,0,0,0,0,1.414756551197714,0.9626290649973528,1.0242926940681554,0.9626290649973528,1.0242926940681554,0,0.0,0,0.0,0.0,0
2008,106,213,20448,1.1,1.1,0.5,0,0,0,0,0,0,1.4172948526104845,0.96511525727129,1.0251838675658345,0.96511525727129,1.0251838675658345,0,0.0,0,0.0,0.0,0
2008,107,216,20736,1.1,1.1,0.5,0,0,0,0,0,0,1.4017275018629782,0.9653251675239732,1.026683536841063,0.9653251675239732,1.026683536841063,0,0.0,0,0.0,0.0,0
2008,108,219,21024,1.1,1.1,0.5,0,0,0,0,0,0,1.4350005081858572,0.9636747164409614,1.0245646889313278,0.9636747164409614,1.0245646889313278,0,0.0,0,0.0,0.0,0
2008,109,220,21120,1.1,1.1,0.5,0,0,0,0,0,0,1.431292741951616,0.9667468287928292,1.024700701062086,0.9667468287928292,1.024700701062086,0,0.0,0,0.0,0.0,0
2008,110,226,21696,1.1,1.1,0.5,0,0,0,0,0,0,1.410986455285108,0.9635280757421508,1.0238177175644834,0.9635280757421508,1.0238177175644834,0,0.0,0,0.0,0.0,0
2008,114,228,21888,1.1,1.1,0.5,0,0,0,0,0,0,1.4343908520944073,0.9684699001410514,1.0258235127815167,0.9684699001410514,1.0258235127815167,0,0.0,0,0.0,0.0,0
2008,111,230,22080,1.1,1.1,0.5,0,0,0,0,0,0,1.4132701606042604,0.9657519849650864,1.025316872328626,0.9657519849650864,1.025316872328626,0,0.0,0,0.0,0.0,0
2008,112,231,22176,1.1,1.1,0.5,0,0,0,0,0,0,1.4184657183790972,0.9666398317042614,1.0251613440039204,0.9666398317042614,1.0251613440039204,0,0.0,0,0.0,0.0,0
2008,113,232,22272,1.1,1.1,0.5,0,0,0,0,0,0,1.4089436543349572,0.967195185163093,1.0249142413708228,0.967195185163093,1.0249142413708228,0,0.0,0,0.0,0.0,0
2008,114,234,22464,1.1,1.1,0.5,0,0,0,0,0,0,1.4172553830063417,0.9652088698558056,1.0243705132542849,0.9652088698558056,1.0243705132542849,0,0.0,0,0.0,0.0,0
2008,115,235,22560,1.1,1.1,0.5,0,0,0,0,0,0,1.4230335764460895,0.963367061256251,1.0259722382013965,0.963367061256251,1.0259722382013965,0,0.0,0,0.0,0.0,0
2008,116,236,22656,1.1,1.1,0.5,0,0,0,0,0,0,1.4257866008103912,0.966632703675295,1.0256483762967443,0.966632703675295,1.0256483762967443,0,0.0,0,0.0,0.0,0
2008,117,239,22944,1.1,1.1,0.5,0,0,0,0,0,0,1.4124467317131175,0.9652243294607206,1.0259939553055917,0.9652243294607206,1.0259939553055917,0,0.0,0,0.0,0.0,0
2008,118,240,23040,1.1,1.1,0.5,0,0,0,0,0,0,1.4188226112663591,0.9657032996624328,1.0251362293857764,0.9657032996624328,1.0251362293857764,0,0.0,0,0.0,0.0,0
2008,123,241,23136,1.1,1.1,0.5,0,0,0,0,0,0,1.4060796634091268,0.9645444831267036,1.02597452579237,0.9645444831267036,1.02597452579237,0,0.0,0,0.0,0.0,0
2008,119,244,23424,1.1,1.1,0.5,0,0,0,0,0,0,1.4207019744181275,0.9662198980878794,1.0248529890243874,0.9662198980878794,1.0248529890243874,0,0.0,0,0.0,0.0,0
2008,120,245,23520,1.1,1.1,0.5,0,0,0,0,0,0,1.405094680669604,0.9652621335045678,1.0251913325146884,0.9652621335045678,1.0251913325146884,0,0.0,0,0.0,0.0,0
2008,121,248,23808,1.1,1.1,0.5,0,0,0,0,0,0,1.4249423539895545,0.9666882962462066,1.024525635403013,0.9666882962462066,1.024525635403013,0,0.0,0,0.0,0.0,0
2008,122,251,24096,1.1,1.1,0.5,0,0,0,0,0,0,1.4029316772550884,0.965308720945348,1.0251577481014296,0.965308720945348,1.0251577481014296,0,0.0,0,0.0,0.0,0
2008,123,253,24288,1.1,1.1,0.5,0,0,0,0,0,0,1.4077723858639004,0.9654504674946736,1.0239773096919482,0.9654504674946736,1.0239773096919482,0,0.0,0,0.0,0.0,0
2008,124,254,24384,1.1,1.1,0.5,0,0,0,0,0,0,1.40333590948541,0.9672829647922012,1.0244149115877612,0.9672829647922012,1.0244149115877612,0,0.0,0,0.0,0.0,0
2008,125,257,24672,1.1,1.1,0.5,0,0,0,0,0,0,1.397420064621271,0.9677089087596892,1.024030743017048,0.9677089087596892,1.024030743017048,0,0.0,0,0.0,0.0,0
2008,126,259,24864,1.1,1.1,0.5,0,0,0,0,0,0,1.4100464902943954,0.968546646392865,1.0247930494725703,0.968546646392865,1.0247930494725703,0,0.0,0,0.0,0.0,0
2008,127,261,25056,1.1,1.1,0.5,0,0,0,0,0,0,1.4290143286831152,0.9642724206996232,1.0254121458537566,0.9642724206996232,1.0254121458537566,0,0.0,0,0.0,0.0,0
2008,128,266,25536,1.1,1.1,0.5,0,0,0,0,0,0,1.414308711039572,0.963864710372872,1.0250963590266196,0.963864710372872,1.0250963590266196,0,0.0,0,0.0,0.0,0
2008,129,267,25632,1.1,1.1,0.5,0,0,0,0,0,0,1.4170854872419336,0.966137907896781,1.0247921515761609,0.966137907896781,1.0247921515761609,0,0.0,0,0.0,0.0,0
2008,130,268,25728,1.1,1.1,0.5,0,0,0,0,0,0,1.4089474853321216,0.9666180064857268,1.024647089434842,0.9666180064857268,1.024647089434842,0,0.0,0,0.0,0.0,0
2008,131,269,25824,1.1,1.1,0.5,0,0,0,0,0,0,1.4240819135588425,0.9658652565651688,1.0238571108822836,0.9658652565651688,1.0238571108822836,0,0.0,0,0.0,0.0,0
2008,132,271,26016,1.1,1.1,0.5,0,0,0,0,0,0,1.42407390224362,0.9622547546510462,1.0255783869913793,0.9622547546510462,1.0255783869913793,0,0.0,0,0.0,0.0,0
2008,133,272,26112,1.1,1.1,0.5,0,0,0,0,0,0,1.4172823682861422,0.9676935963942124,1.0250276633468816,0.9676935963942124,1.0250276633468816,0,0.0,0,0.0,0.0,0
2008,134,273,26208,1.1,1.1,0.5,0,0,0,0,0,0,1.4187779665460911,0.9584621113290278,1.0246291255380584,0.9584621113290278,1.0246291255380584,0,0.0,0,0.0,0.0,0
2008,135,275,26400,1.1,1.1,0.5,0,0,0,0,0,0,1.3948920517323709,0.9674382372047308,1.02446488527403,0.9674382372047308,1.02446488527403,0,0.0,0,0.0,0.0,0
2008,136,276,26496,1.1,1.1,0.5,0,0,0,0,0,0,1.422302090819533,0.9632932687706294,1.024597431073475,0.9632932687706294,1.024597431073475,0,0.0,0,0.0,0.0,0
2008,142,278,26688,1.1,1.1,0.5,0,0,0,0,0,0,1.41484943324882,0.9662771511709954,1.024101417094338,0.9662771511709954,1.024101417094338,0,0.0,0,0.0,0.0,0
2008,143,280,26880,1.1,1.1,0.5,0,0,0,0,0,0,1.4045747603829906,0.9632313078861156,1.0244995900101717,0.9632313078861156,1.0244995900101717,0,0.0,0,0.0,0.0,0
2008,144,281,26976,1.1,1.1,0.5,0,0,0,0,0,0,1.3783131934377182,0.9669334803330406,1.0236379462964609,0.9669334803330406,1.0236379462964609,0,0.0,0,0.0,0.0,0
2008,137,282,27072,1.1,1.1,0.5,0,0,0,0,0,0,1.4089238789834406,0.968385893364724,1.0241505328772753,0.968385893364724,1.0241505328772753,0,0.0,0,0.0,0.0,0
2008,138,283,27168,1.1,1.1,0.5,0,0,0,0,0,0,1.4025190432620824,0.9671441347935786,1.0265427409818348,0.9671441347935786,1.0265427409818348,0,0.0,0,0.0,0.0,0
2008,139,284,27264,1.1,1.1,0.5,0,0,0,0,0,0,1.4238931678982494,0.9652966518595012,1.025463516595808,0.9652966518595012,1.025463516595808,0,0.0,0,0.0,0.0,0
2008,140,285,27360,1.1,1.1,0.5,0,0,0,0,0,0,1.4329143697430775,0.9664227242295044,1.0253236106797652,0.9664227242295044,1.0253236106797652,0,0.0,0,0.0,0.0,0
2008,141,287,27552,1.1,1.1,0.5,0,0,0,0,0,0,1.4276370166290009,0.9650949396845564,1.025781730192003,0.9650949396845564,1.025781730192003,0,0.0,0,0.0,0.0,0
2008,142,288,27648,1.1,1.1,0.5,0,0,0,0,0,0,1.4060756303902977,0.9666326238251132,1.0263410131576955,0.9666326238251132,1.0263410131576955,0,0.0,0,0.0,0.0,0
2008,143,289,27744,1.1,1.1,0.5,0,0,0,0,0,0,1.3990500804843713,0.9638837314764545,1.0237096911475774,0.9638837314764545,1.0237096911475774,0,0.0,0,0.0,0.0,0
2008,144,290,27840,1.1,1.1,0.5,0,0,0,0,0,0,1.4163678222397504,0.9636333977904192,1.0248912935125156,0.9636333977904192,1.0248912935125156,0,0.0,0,0.0,0.0,0
2008,153,291,27936,1.1,1.1,0.5,0,0,0,0,0,0,1.4277069632069472,0.9642538300939402,1.0252428023675864,0.9642538300939402,1.0252428023675864,0,0.0,0,0.0,0.0,0
2008,145,292,28032,1.1,1.1,0.5,0,0,0,0,0,0,1.3868030315291882,0.965480486157392,1.0244566111178206,0.965480486157392,1.0244566111178206,0,0.0,0,0.0,0.0,0
2008,146,293,28128,1.1,1.1,0.5,0,0,0,0,0,0,1.4234912940790292,0.9655263577810008,1.0253836854140093,0.9655263577810008,1.0253836854140093,0,0.0,0,0.0,0.0,0
2008,147,294,28224,1.1,1.1,0.5,0,0,0,0,0,0,1.408299365110976,0.9658606252889366,1.025655140112133,0.9658606252889366,1.025655140112133,0,0.0,0,0.0,0.0,0
2008,148,295,28320,1.1,1.1,0.5,0,0,0,0,0,0,1.4087749292274123,0.9658925600165308,1.0266837813664098,0.9658925600165308,1.0266837813664098,0,0.0,0,0.0,0.0,0
2008,149,296,28416,1.1,1.1,0.5,0,0,0,0,0,0,1.4108464777824663,0.9655708162978812,1.0250794315314624,0.9655708162978812,1.0250794315314624,0,0.0,0,0.0,0.0,0
2008,150,297,28512,1.1,1.1,0.5,0,0,0,0,0,0,1.4287171282972615,0.9639460094815396,1.0251419584108732,0.9639460094815396,1.0251419584108732,0,0.0,0,0.0,0.0,0
2008,160,298,28608,1.1,1.1,0.5,0,0,0,0,0,0,1.4176902242736982,0.9694474432052916,1.024382876696361,0.9694474432052916,1.024382876696361,0,0.0,0,0.0,0.0,0
2008,151,299,28704,1.1,1.1,0.5,0,0,0,0,0,0,1.4254828407283735,0.9622946840620328,1.025145293734271,0.9622946840620328,1.025145293734271,0,0.0,0,0.0,0.0,0
2008,152,300,28800,1.1,1.1,0.5,0,0,0,0,0,0,1.4127081392777117,0.9687026443081344,1.024040906102384,0.9687026443081344,1.024040906102384,0,0.0,0,0.0,0.0,0
2008,153,302,28992,1.1,1.1,0.5,0,0,0,0,0,0,1.4213773027532952,0.968715498671598,1.025403691843283,0.968715498671598,1.025403691843283,0,0.0,0,0.0,0.0,0
2008,154,305,29280,1.1,1.1,0.5,0,0,0,0,0,0,1.417023042064976,0.9652066663239746,1.0243709016516926,0.9652066663239746,1.0243709016516926,0,0.0,0,0.0,0.0,0
2008,155,306,29376,1.1,1.1,0.5,0,0,0,0,0,0,1.3919023647395647,0.9642962559498112,1.0257823200950011,0.9642962559498112,1.0257823200950011,0,0.0,0,0.0,0.0,0
2008,156,307,29472,1.1,1.1,0.5,0,0,0,0,0,0,1.4124472251959344,0.9659866181620796,1.0250700104498658,0.9659866181620796,1.0250700104498658,0,0.0,0,0.0,0.0,0
2008,157,308,29568,1.1,1.1,0.5,0,0,0,0,0,0,1.4083734422999974,0.9618890644172856,1.0253734235164869,0.9618890644172856,1.0253734235164869,0,0.0,0,0.0,0.0,0
2008,158,312,29952,1.1,1.1,0.5,0,0,0,0,0,0,1.4035499836156855,0.9617382409266012,1.0246638243298036,0.9617382409266012,1.0246638243298036,0,0.0,0,0.0,0.0,0
2008,159,315,30240,1.1,1.1,0.5,0,0,0,0,0,0,1.4268777297415611,0.9655851113512344,1.025499033467374,0.9655851113512344,1.025499033467374,0,0.0,0,0.0,0.0,0
2008,160,317,30432,1.1,1.1,0.5,0,0,0,0,0,0,1.4310859073016218,0.9627676212049422,1.0248471490316586,0.9627676212049422,1.0248471490316586,0,0.0,0,0.0,0.0,0
2008,161,319,30624,1.1,1.1,0.5,0,0,0,0,0,0,1.418160851265908,0.96092809964427,1.0242696767191777,0.96092809964427,1.0242696767191777,0,0.0,0,0.0,0.0,0
2008,162,321,30816,1.1,1.1,0.5,0,0,0,0,0,0,1.4081816554454014,0.9647207160047871,1.0238921356610675,0.9647207160047871,1.0238921356610675,0,0.0,0,0.0,0.0,0
2008,173,322,30912,1.1,1.1,0.5,0,0,0,0,0,0,1.4053273576314442,0.9643942834307366,1.0240260086492357,0.9643942834307366,1.0240260086492357,0,0.0,0,0.0,0.0,0
2008,163,326,31296,1.1,1.1,0.5,0,0,0,0,0,0,1.4160160739457437,0.9591568018364596,1.0241948491247013,0.9591568018364596,1.0241948491247013,0,0.0,0,0.0,0.0,0
2008,164,329,31584,1.1,1.1,0.5,0,0,0,0,0,0,1.4300173663127418,0.9657391217456428,1.02557393209982,0.9657391217456428,1.02557393209982,0,0.0,0,0.0,0.0,0
2008,165,331,31776,1.1,1.1,0.5,0,0,0,0,0,0,1.4371901994689569,0.9670821779464238,1.0248671725204743,0.9670821779464238,1.0248671725204743,0,0.0,0,0.0,0.0,0
2008,166,332,31872,1.1,1.1,0.5,0,0,0,0,0,0,1.416406047438033,0.9620460473890472,1.0240814495875383,0.9620460473890472,1.0240814495875383,0,0.0,0,0.0,0.0,0
2008,167,333,31968,1.1,1.1,0.5,0,0,0,0,0,0,1.399311704634125,0.9679223557802044,1.0251961101050655,0.9679223557802044,1.0251961101050655,0,0.0,0,0.0,0.0,0
2008,168,335,32160,1.1,1.1,0.5,0,0,0,0,0,0,1.412535626354278,0.965326247176464,1.0273826160445627,0.965326247176464,1.0273826160445627,0,0.0,0,0.0,0.0,0
2008,169,336,32256,1.1,1.1,0.5,0,0,0,0,0,0,1.427649484344667,0.9617407167733464,1.024627101557246,0.9617407167733464,1.024627101557246,0,0.0,0,0.0,0.0,0
2008,170,337,32352,1.1,1.1,0.5,0,0,0,0,0,0,1.4187492890672355,0.968066649724141,1.0246380112255264,0.968066649724141,1.0246380112255264,0,0.0,0,0.0,0.0,0
2008,171,338,32448,1.1,1.1,0.5,0,0,0,0,0,0,1.421698424522306,0.964686391632007,1.0255379306159682,0.964686391632007,1.0255379306159682,0,0.0,0,0.0,0.0,0
2008,172,339,32544,1.1,1.1,0.5,0,0,0,0,0,0,1.4345164729210986,0.9660242187804272,1.0255029105106832,0.9660242187804272,1.0255029105106832,0,0.0,0,0.0,0.0,0
2008,173,341,32736,1.1,1.1,0.5,0,0,0,0,0,0,1.3899947284009664,0.9653283421067492,1.0242447290541163,0.9653283421067492,1.0242447290541163,0,0.0,0,0.0,0.0,0
2008,174,342,32832,1.1,1.1,0.5,0,0,0,0,0,0,1.40879469565359,0.9603636487280128,1.0262887661769629,0.9603636487280128,1.0262887661769629,0,0.0,0,0.0,0.0,0
2008,175,345,33120,1.1,1.1,0.5,0,0,0,0,0,0,1.3945594021663483,0.9604709083992906,1.0244867072143258,0.9604709083992906,1.0244867072143258,0,0.0,0,0.0,0.0,0
2008,176,347,33312,1.1,1.1,0.5,0,0,0,0,0,0,1.420505159311232,0.9625726714212658,1.024844313294079,0.9625726714212658,1.024844313294079,0,0.0,0,0.0,0.0,0
2008,177,348,33408,1.1,1.1,0.5,0,0,0,0,0,0,1.4038050837728862,0.963754173641063,1.025522842185882,0.963754173641063,1.025522842185882,0,0.0,0,0.0,0.0,0
2008,178,349,33504,1.1,1.1,0.5,0,0,0,0,0,0,1.4196200987470884,0.9601952637573088,1.0243562616919513,0.9601952637573088,1.0243562616919513,0,0.0,0,0.0,0.0,0
2008,179,351,33696,1.1,1.1,0.5,0,0,0,0,0,0,1.4063321281991072,0.9670490349283324,1.0234543141015489,0.9670490349283324,1.0234543141015489,0,0.0,0,0.0,0.0,0
2008,191,352,33792,1.1,1.1,0.5,0,0,0,0,0,0,1.4359874103478,0.9678682585976454,1.025591025533631,0.9678682585976454,1.025591025533631,0,0.0,0,0.0,0.0,0
2008,180,354,33984,1.1,1.1,0.5,0,0,0,0,0,0,1.4206913225187925,0.9653684741458408,1.0262611060410527,0.9653684741458408,1.0262611060410527,0,0.0,0,0.0,0.0,0
2008,181,355,34080,1.1,1.1,0.5,0,0,0,0,0,0,1.450947745278678,0.9650767863150468,1.0262850320282553,0.9650767863150468,1.0262850320282553,0,0.0,0,0.0,0.0,0
2008,182,356,34176,1.1,1.1,0.5,0,0,0,0,0,0,1.4129324220606514,0.9684604650875316,1.0249803517351024,0.9684604650875316,1.0249803517351024,0,0.0,0,0.0,0.0,0
2008,183,361,34656,1.1,1.1,0.5,0,0,0,0,0,0,1.4141594237047723,0.967419212867758,1.023882481351411,0.967419212867758,1.023882481351411,0,0.0,0,0.0,0.0,0
2008,196,362,34752,1.1,1.1,0.5,0,0,0,0,0,0,1.4167711729685102,0.9669334291147628,1.0261935909733648,0.9669334291147628,1.0261935909733648,0,0.0,0,0.0,0.0,0
2008,184,364,34944,1.1,1.1,0.5,0,0,0,0,0,0,1.4062035982270746,0.9622357499216988,1.0249153123872394,0.9622357499216988,1.0249153123872394,0,0.0,0,0.0,0.0,0
2008,198,366,35136,1.1,1.1,0.5,0,0,0,0,0,0,1.4136746774681384,0.9626373464377456,1.02388674976282,0.9626373464377456,1.02388674976282,0,0.0,0,0.0,0.0,0
2008,185,367,35232,1.1,1.1,0.5,0,0,0,0,0,0,1.4155056128280623,0.96407910506232,1.0249674023390385,0.96407910506232,1.0249674023390385,0,0.0,0,0.0,0.0,0
2009,1,2,192,1.15,1.15,0.5625,0,0,0,0,0,0,1.518800792454361,0.9625042866573872,1.0255728846123109,0.9625042866573872,1.0255728846123109,0,0.0,0,0.0,0.0,0
2009,2,4,384,1.15,1.15,0.5625,0,0,0,0,0,0,1.5125505756638224,0.9678324102562896,1.0262709289335985,0.9678324102562896,1.0262709289335985,0,0.0,0,0.0,0.0,0
2009,3,6,576,1.15,1.15,0.5625,0,0,0,0,0,0,1.5269827409576855,0.9653683540438488,1.0255494779017396,0.9653683540438488,1.0255494779017396,0,0.0,0,0.0,0.0,0
2009,4,7,672,1.15,1.15,0.5625,0,0,0,0,0,0,1.5346363115363808,0.9662374100169782,1.0254854352260254,0.9662374100169782,1.0254854352260254,0,0.0,0,0.0,0.0,0
2009,5,10,960,1.15,1.15,0.5625,0,0,0,0,0,0,1.515687242019338,0.9667093479826604,1.0265286744791813,0.9667093479826604,1.0265286744791813,0,0.0,0,0.0,0.0,0
2009,6,13,1248,1.15,1.15,0.5625,0,0,0,0,0,0,1.5313000741925753,0.964463351854906,1.0251493830429634,0.964463351854906,1.0251493830429634,0,0.0,0,0.0,0.0,0
2009,7,16,1536,1.15,1.15,0.5625,0,0,0,0,0,0,1.5402027442300343,0.9641587123768988,1.0246638196840878,0.9641587123768988,1.0246638196840878,0,0.0,0,0.0,0.0,0
2009,8,17,1632,1.15,1.15,0.5625,0,0,0,0,0,0,1.523082980782993,0.9688781493221232,1.0251327855392225,0.9688781493221232,1.0251327855392225,0,0.0,0,0.0,0.0,0
2009,9,20,1920,1.15,1.15,0.5625,0,0,0,0,0,0,1.5163632851022395,0.9673919732248688,1.0253396596956337,0.9673919732248688,1.0253396596956337,0,0.0,0,0.0,0.0,0
2009,10,22,2112,1.15,1.15,0.5625,0,0,0,0,0,0,1.52817410049418,0.9686819803925468,1.0262707789169416,0.9686819803925468,1.0262707789169416,0,0.0,0,0.0,0.0,0
2009,11,23,2208,1.15,1.15,0.5625,0,0,0,0,0,0,1.521806383523912,0.9674972643513926,1.024957563664563,0.9674972643513926,1.024957563664563,0,0.0,0,0.0,0.0,0
2009,12,25,2400,1.15,1.15,0.5625,0,0,0,0,0,0,1.5014540028854408,0.9677636391035036,1.026121613340589,0.9677636391035036,1.026121613340589,0,0.0,0,0.0,0.0,0
2009,13,26,2496,1.15,1.15,0.5625,0,0,0,0,0,0,1.5311668044491278,0.9682329286337168,1.0249624474485572,0.9682329286337168,1.0249624474485572,0,0.0,0,0.0,0.0,0
2009,14,29,2784,1.15,1.15,0.5625,0,0,0,0,0,0,1.5328802997651163,0.9661149581483244,1.0256781922301508,0.9661149581483244,1.0256781922301508,0,0.0,0,0.0,0.0,0
2009,15,30,2880,1.15,1.15,0.5625,0,0,0,0,0,0,1.5213118684758242,0.96542726334633,1.0253169638843544,0.96542726334633,1.0253169638843544,0,0.0,0,0.0,0.0,0
2009,16,31,2976,1.15,1.15,0.5625,0,0,0,0,0,0,1.5047234602821682,0.9657893473682366,1.026954078242349,0.9657893473682366,1.026954078242349,0,0.0,0,0.0,0.0,0
2009,17,34,3264,1.15,1.15,0.5625,0,0,0,0,0,0,1.522143665353325,0.9645019861317908,1.025831847781357,0.9645019861317908,1.025831847781357,0,0.0,0,0.0,0.0,0
2009,18,37,3552,1.15,1.15,0.5625,0,0,0,0,0,0,1.5110066543867506,0.9706413605322152,1.0270140708939557,0.9706413605322152,1.0270140708939557,0,0.0,0,0.0,0.0,0
2009,19,38,3648,1.15,1.15,0.5625,0,0,0,0,0,0,1.5365628141474958,0.9683372559051314,1.0263797293974828,0.9683372559051314,1.0263797293974828,0,0.0,0,0.0,0.0,0
2009,20,39,3744,1.15,1.15,0.5625,0,0,0,0,0,0,1.5350296552808982,0.9660922364913956,1.0261067554220975,0.9660922364913956,1.0261067554220975,0,0.0,0,0.0,0.0,0
2009,21,43,4128,1.15,1.15,0.5625,0,0,0,0,0,0,1.5284379676995217,0.965722250394836,1.0254083614715797,0.965722250394836,1.0254083614715797,0,0.0,0,0.0,0.0,0
2009,22,44,4224,1.15,1.15,0.5625,0,0,0,0,0,0,1.5160883861339538,0.969572993008382,1.0255713719261736,0.969572993008382,1.0255713719261736,0,0.0,0,0.0,0.0,0
2009,23,46,4416,1.15,1.15,0.5625,0,0,0,0,0,0,1.5300950557638746,0.9646755773109698,1.0260804918328117,0.9646755773109698,1.0260804918328117,0,0.0,0,0.0,0.0,0
2009,24,49,4704,1.15,1.15,0.5625,0,0,0,0,0,0,1.537573903677884,0.966857813140868,1.0256152328240151,0.966857813140868,1.0256152328240151,0,0.0,0,0.0,0.0,0
2009,25,50,4800,1.15,1.15,0.5625,0,0,0,0,0,0,1.4960358144976875,0.968616626300332,1.0252786415646424,0.968616626300332,1.0252786415646424,0,0.0,0,0.0,0.0,0
2009,26,51,4896,1.15,1.15,0.5625,0,0,0,0,0,0,1.539251352258368,0.9667978741123996,1.025610845993186,0.9667978741123996,1.025610845993186,0,0.0,0,0.0,0.0,0
2009,27,53,5088,1.15,1.15,0.5625,0,0,0,0,0,0,1.5026834704502223,0.9672912838597242,1.024701362654489,0.9672912838597242,1.024701362654489,0,0.0,0,0.0,0.0,0
2009,28,54,5184,1.15,1.15,0.5625,0,0,0,0,0,0,1.5254456865066457,0.9658008572710493,1.0265224922725833,0.9658008572710493,1.0265224922725833,0,0.0,0,0.0,0.0,0
2009,29,55,5280,1.15,1.15,0.5625,0,0,0,0,0,0,1.5330516320328136,0.9656357363172802,1.0267507229293678,0.9656357363172802,1.0267507229293678,0,0.0,0,0.0,0.0,0
2009,30,56,5376,1.15,1.15,0.5625,0,0,0,0,0,0,1.5300907465761011,0.969012485188766,1.0262729196561973,0.969012485188766,1.0262729196561973,0,0.0,0,0.0,0.0,0
2009,31,57,5472,1.15,1.15,0.5625,0,0,0,0,0,0,1.5088600037427078,0.9695964180012135,1.0253462431536016,0.9695964180012135,1.0253462431536016,0,0.0,0,0.0,0.0,0
2009,32,59,5664,1.15,1.15,0.5625,0,0,0,0,0,0,1.5012063877255333,0.9674468777620712,1.0263145849595594,0.9674468777620712,1.0263145849595594,0,0.0,0,0.0,0.0,0
2009,33,60,5760,1.15,1.15,0.5625,0,0,0,0,0,0,1.5180440238433623,0.9640242755433404,1.0249047858110414,0.9640242755433404,1.0249047858110414,0,0.0,0,0.0,0.0,0
2009,34,62,5952,1.15,1.15,0.5625,0,0,0,0,0,0,1.524049809378491,0.964743952854954,1.0256366458284238,0.964743952854954,1.0256366458284238,0,0.0,0,0.0,0.0,0
2009,35,65,6240,1.15,1.15,0.5625,0,0,0,0,0,0,1.5227863786882372,0.9688942060327436,1.0243391194169118,0.9688942060327436,1.0243391194169118,0,0.0,0,0.0,0.0,0
2009,36,66,6336,1.15,1.15,0.5625,0,0,0,0,0,0,1.518432214139249,0.962691630659619,1.024332869678574,0.962691630659619,1.024332869678574,0,0.0,0,0.0,0.0,0
2009,37,67,6432,1.15,1.15,0.5625,0,0,0,0,0,0,1.515969743253477,0.96749959240964,1.0250700781023907,0.96749959240964,1.0250700781023907,0,0.0,0,0.0,0.0,0
2009,38,68,6528,1.15,1.15,0.5625,0,0,0,0,0,0,1.5211878382348036,0.967130454931778,1.026172613823543,0.967130454931778,1.026172613823543,0,0.0,0,0.0,0.0,0
2009,39,69,6624,1.15,1.15,0.5625,0,0,0,0,0,0,1.5334789943013751,0.966724828871015,1.0260238248028233,0.966724828871015,1.0260238248028233,0,0.0,0,0.0,0.0,0
2009,40,70,6720,1.15,1.15,0.5625,0,0,0,0,0,0,1.5289178632595788,0.9666052823080784,1.0260860479476177,0.9666052823080784,1.0260860479476177,0,0.0,0,0.0,0.0,0
2009,41,71,6816,1.15,1.15,0.5625,0,0,0,0,0,0,1.5335297692824452,0.9687328956723552,1.0257893656402006,0.9687328956723552,1.0257893656402006,0,0.0,0,0.0,0.0,0
2009,42,74,7104,1.15,1.15,0.5625,0,0,0,0,0,0,1.5444601226730874,0.9696316813686076,1.026954259116307,0.9696316813686076,1.026954259116307,0,0.0,0,0.0,0.0,0
2009,43,80,7680,1.15,1.15,0.5625,0,0,0,0,0,0,1.4933979286315124,0.9649566603806674,1.0253362329279028,0.9649566603806674,1.0253362329279028,0,0.0,0,0.0,0.0,0
2009,44,81,7776,1.15,1.15,0.5625,0,0,0,0,0,0,1.5142608670060915,0.9665342707622177,1.024809038740268,0.9665342707622177,1.024809038740268,0,0.0,0,0.0,0.0,0
2009,45,82,7872,1.15,1.15,0.5625,0,0,0,0,0,0,1.5236152446340592,0.9647055694489176,1.0258496694336126,0.9647055694489176,1.0258496694336126,0,0.0,0,0.0,0.0,0
2009,46,84,8064,1.15,1.15,0.5625,0,0,0,0,0,0,1.5218064638078312,0.9652579822426202,1.0257584051763986,0.9652579822426202,1.0257584051763986,0,0.0,0,0.0,0.0,0
2009,47,85,8160,1.15,1.15,0.5625,0,0,0,0,0,0,1.5040873532555832,0.9704815039628664,1.0262597713236468,0.9704815039628664,1.0262597713236468,0,0.0,0,0.0,0.0,0
2009,47,86,8256,1.15,1.15,0.5625,0,0,0,0,0,0,1.5267483083843878,0.9675825246454426,1.025332722501537,0.9675825246454426,1.025332722501537,0,0.0,0,0.0,0.0,0
2009,48,87,8352,1.15,1.15,0.5625,0,0,0,0,0,0,1.544782009723528,0.9666303914782096,1.0251162725966667,0.9666303914782096,1.0251162725966667,0,0.0,0,0.0,0.0,0
2009,49,93,8928,1.15,1.15,0.5625,0,0,0,0,0,0,1.5160610405605666,0.9669710598270314,1.0260743124535034,0.9669710598270314,1.0260743124535034,0,0.0,0,0.0,0.0,0
2009,50,94,9024,1.15,1.15,0.5625,0,0,0,0,0,0,1.519927544842144,0.9695987772725324,1.025104386063738,0.9695987772725324,1.025104386063738,0,0.0,0,0.0,0.0,0
2009,51,95,9120,1.15,1.15,0.5625,0,0,0,0,0,0,1.525760216174271,0.9683178241671744,1.0250693757745968,0.9683178241671744,1.0250693757745968,0,0.0,0,0.0,0.0,0
2009,52,97,9312,1.15,1.15,0.5625,0,0,0,0,0,0,1.5196153012695064,0.968133875618302,1.0251063294459704,0.968133875618302,1.0251063294459704,0,0.0,0,0.0,0.0,0
2009,53,98,9408,1.15,1.15,0.5625,0,0,0,0,0,0,1.5095208496765486,0.9655977262345792,1.0252433720632843,0.9655977262345792,1.0252433720632843,0,0.0,0,0.0,0.0,0
2009,54,101,9696,1.15,1.15,0.5625,0,0,0,0,0,0,1.5317270594834471,0.9667515904665456,1.0252458071944095,0.9667515904665456,1.0252458071944095,0,0.0,0,0.0,0.0,0
2009,55,102,9792,1.15,1.15,0.5625,0,0,0,0,0,0,1.5295293557726883,0.9671071093409274,1.024736664002303,0.9671071093409274,1.024736664002303,0,0.0,0,0.0,0.0,0
2009,56,107,10272,1.15,1.15,0.5625,0,0,0,0,0,0,1.509903187103528,0.9634053139189728,1.0256154932710797,0.9634053139189728,1.0256154932710797,0,0.0,0,0.0,0.0,0
2009,57,109,10464,1.15,1.15,0.5625,0,0,0,0,0,0,1.515278465858259,0.964303278326624,1.025807965833491,0.964303278326624,1.025807965833491,0,0.0,0,0.0,0.0,0
2009,58,111,10656,1.15,1.15,0.5625,0,0,0,0,0,0,1.5342469325071848,0.9646127718097244,1.0262245895208586,0.9646127718097244,1.0262245895208586,0,0.0,0,0.0,0.0,0
2009,59,114,10944,1.15,1.15,0.5625,0,0,0,0,0,0,1.5143019512663891,0.9675758310120648,1.0254413645836054,0.9675758310120648,1.0254413645836054,0,0.0,0,0.0,0.0,0
2009,60,116,11136,1.15,1.15,0.5625,0,0,0,0,0,0,1.5429924588087405,0.9631248715383256,1.026484998025274,0.9631248715383256,1.026484998025274,0,0.0,0,0.0,0.0,0
2009,61,117,11232,1.15,1.15,0.5625,0,0,0,0,0,0,1.5243489972335271,0.968312930172872,1.0253274844117457,0.968312930172872,1.0253274844117457,0,0.0,0,0.0,0.0,0
2009,62,119,11424,1.15,1.15,0.5625,0,0,0,0,0,0,1.5227894220996612,0.9667476969557768,1.0262931446092147,0.9667476969557768,1.0262931446092147,0,0.0,0,0.0,0.0,0
2009,63,120,11520,1.15,1.15,0.5625,0,0,0,0,0,0,1.5224808690527296,0.9649580274189288,1.0254001666589918,0.9649580274189288,1.0254001666589918,0,0.0,0,0.0,0.0,0
2009,63,122,11712,1.15,1.15,0.5625,0,0,0,0,0,0,1.5233445084128845,0.9686092800180048,1.026906410944782,0.9686092800180048,1.026906410944782,0,0.0,0,0.0,0.0,0
2009,64,123,11808,1.15,1.15,0.5625,0,0,0,0,0,0,1.5159231998623888,0.9650786312550816,1.0248275680282597,0.9650786312550816,1.0248275680282597,0,0.0,0,0.0,0.0,0
2009,65,125,12000,1.15,1.15,0.5625,0,0,0,0,0,0,1.5223938163122086,0.9659359987776976,1.024665103318254,0.9659359987776976,1.024665103318254,0,0.0,0,0.0,0.0,0
2009,66,126,12096,1.15,1.15,0.5625,0,0,0,0,0,0,1.5356897997208194,0.9655212555266,1.0257155782082712,0.9655212555266,1.0257155782082712,0,0.0,0,0.0,0.0,0
2009,67,128,12288,1.15,1.15,0.5625,0,0,0,0,0,0,1.5274012342665633,0.9668307453253204,1.025711229626709,0.9668307453253204,1.025711229626709,0,0.0,0,0.0,0.0,0
2009,68,129,12384,1.15,1.15,0.5625,0,0,0,0,0,0,1.5442373155990268,0.9638435473221212,1.0254969355817176,0.9638435473221212,1.0254969355817176,0,0.0,0,0.0,0.0,0
2009,69,131,12576,1.15,1.15,0.5625,0,0,0,0,0,0,1.5155646911006588,0.9665451504377188,1.0257867822966988,0.9665451504377188,1.0257867822966988,0,0.0,0,0.0,0.0,0
2009,70,133,12768,1.15,1.15,0.5625,0,0,0,0,0,0,1.5333692830647976,0.964737599370259,1.0240614174738696,0.964737599370259,1.0240614174738696,0,0.0,0,0.0,0.0,0
2009,71,134,12864,1.15,1.15,0.5625,0,0,0,0,0,0,1.5049478899488091,0.964973346719566,1.0256417962072917,0.964973346719566,1.0256417962072917,0,0.0,0,0.0,0.0,0
2009,72,136,13056,1.15,1.15,0.5625,0,0,0,0,0,0,1.543043375836047,0.9683753166342912,1.0270550042794275,0.9683753166342912,1.0270550042794275,0,0.0,0,0.0,0.0,0
2009,73,140,13440,1.15,1.15,0.5625,0,0,0,0,0,0,1.5045930898679611,0.9660581652219647,1.0253827260506336,0.9660581652219647,1.0253827260506336,0,0.0,0,0.0,0.0,0
2009,74,141,13536,1.15,1.15,0.5625,0,0,0,0,0,0,1.5187223405725536,0.9651367074989898,1.0260419166299095,0.9651367074989898,1.0260419166299095,0,0.0,0,0.0,0.0,0
2009,75,142,13632,1.15,1.15,0.5625,0,0,0,0,0,0,1.5280474087108988,0.96724926073652,1.0262231063791636,0.96724926073652,1.0262231063791636,0,0.0,0,0.0,0.0,0
2009,76,143,13728,1.15,1.15,0.5625,0,0,0,0,0,0,1.531979955290807,0.965631331739124,1.025992897720451,0.965631331739124,1.025992897720451,0,0.0,0,0.0,0.0,0
2009,77,145,13920,1.15,1.15,0.5625,0,0,0,0,0,0,1.5155701791873664,0.9699217016413602,1.0258382331847709,0.9699217016413602,1.0258382331847709,0,0.0,0,0.0,0.0,0
2009,78,148,14208,1.15,1.15,0.5625,0,0,0,0,0,0,1.513749551926796,0.964594179643956,1.024957498659557,0.964594179643956,1.024957498659557,0,0.0,0,0.0,0.0,0
2009,79,149,14304,1.15,1.15,0.5625,0,0,0,0,0,0,1.5332246471206905,0.9636937315303244,1.026349922123159,0.9636937315303244,1.026349922123159,0,0.0,0,0.0,0.0,0
2009,80,151,14496,1.15,1.15,0.5625,0,0,0,0,0,0,1.5321842945195436,0.9669355701932804,1.025283545600295,0.9669355701932804,1.025283545600295,0,0.0,0,0.0,0.0,0
2009,81,152,14592,1.15,1.15,0.5625,0,0,0,0,0,0,1.5154192697429916,0.967116699195804,1.0249063560765874,0.967116699195804,1.0249063560765874,0,0.0,0,0.0,0.0,0
2009,82,154,14784,1.15,1.15,0.5625,0,0,0,0,0,0,1.5161962202946089,0.966588145293171,1.0244547606299963,0.966588145293171,1.0244547606299963,0,0.0,0,0.0,0.0,0
2009,83,156,14976,1.15,1.15,0.5625,0,0,0,0,0,0,1.5441563903969473,0.9642563550332044,1.0263027734372685,0.9642563550332044,1.0263027734372685,0,0.0,0,0.0,0.0,0
2009,84,157,15072,1.15,1.15,0.5625,0,0,0,0,0,0,1.5226907163726364,0.9669877418452348,1.0249988612779932,0.9669877418452348,1.0249988612779932,0,0.0,0,0.0,0.0,0
2009,85,166,15936,1.15,1.15,0.5625,0,0,0,0,0,0,1.5156483579787254,0.9669100578598876,1.0252446214586008,0.9669100578598876,1.0252446214586008,0,0.0,0,0.0,0.0,0
2009,87,168,16128,1.15,1.15,0.5625,0,0,0,0,0,0,1.5344746207702908,0.9665178129648544,1.0248366981244272,0.9665178129648544,1.0248366981244272,0,0.0,0,0.0,0.0,0
2009,86,169,16224,1.15,1.15,0.5625,0,0,0,0,0,0,1.524155672109711,0.9681964852955328,1.0255957194897911,0.9681964852955328,1.0255957194897911,0,0.0,0,0.0,0.0,0
2009,87,171,16416,1.15,1.15,0.5625,0,0,0,0,0,0,1.5120594013774409,0.9663025547457418,1.0243122376318718,0.9663025547457418,1.0243122376318718,0,0.0,0,0.0,0.0,0
2009,88,172,16512,1.15,1.15,0.5625,0,0,0,0,0,0,1.5217430389433608,0.96357802675125,1.026404589646141,0.96357802675125,1.026404589646141,0,0.0,0,0.0,0.0,0
2009,89,173,16608,1.15,1.15,0.5625,0,0,0,0,0,0,1.5156632328989934,0.965825042178814,1.0258735066116769,0.965825042178814,1.0258735066116769,0,0.0,0,0.0,0.0,0
2009,90,175,16800,1.15,1.15,0.5625,0,0,0,0,0,0,1.5296743130715822,0.9655559372742571,1.0252390059271412,0.9655559372742571,1.0252390059271412,0,0.0,0,0.0,0.0,0
2009,91,176,16896,1.15,1.15,0.5625,0,0,0,0,0,0,1.5384712517824872,0.9668720950626318,1.025766704295691,0.9668720950626318,1.025766704295691,0,0.0,0,0.0,0.0,0
2009,92,178,17088,1.15,1.15,0.5625,0,0,0,0,0,0,1.533095860300425,0.966079416385619,1.025536655127372,0.966079416385619,1.025536655127372,0,0.0,0,0.0,0.0,0
2009,93,179,17184,1.15,1.15,0.5625,0,0,0,0,0,0,1.5411857569386436,0.964306650224964,1.0269422737649443,0.964306650224964,1.0269422737649443,0,0.0,0,0.0,0.0,0
2009,94,181,17376,1.15,1.15,0.5625,0,0,0,0,0,0,1.5315079059716274,0.9666266384086086,1.0255138556264825,0.9666266384086086,1.0255138556264825,0,0.0,0,0.0,0.0,0
2009,95,183,17568,1.15,1.15,0.5625,0,0,0,0,0,0,1.5281163230857693,0.966120957009134,1.026120964119793,0.966120957009134,1.026120964119793,0,0.0,0,0.0,0.0,0
2009,96,184,17664,1.15,1.15,0.5625,0,0,0,0,0,0,1.5296931385744814,0.9680313200919992,1.0255648933921744,0.9680313200919992,1.0255648933921744,0,0.0,0,0.0,0.0,0
2009,97,187,17952,1.15,1.15,0.5625,0,0,0,0,0,0,1.5178790311962411,0.9638687636653428,1.0270932895321814,0.9638687636653428,1.0270932895321814,0,0.0,0,0.0,0.0,0
2009,100,190,18240,1.15,1.15,0.5625,0,0,0,0,0,0,1.516252777837918,0.9681918083343928,1.0247798564093566,0.9681918083343928,1.0247798564093566,0,0.0,0,0.0,0.0,0
2009,98,192,18432,1.15,1.15,0.5625,0,0,0,0,0,0,1.5434406604536617,0.9655293281832108,1.0256963207995582,0.9655293281832108,1.0256963207995582,0,0.0,0,0.0,0.0,0
2009,99,193,18528,1.15,1.15,0.5625,0,0,0,0,0,0,1.5280014470583505,0.965670183879594,1.0266723044743324,0.965670183879594,1.0266723044743324,0,0.0,0,0.0,0.0,0
2009,100,197,18912,1.15,1.15,0.5625,0,0,0,0,0,0,1.5264794409387703,0.9655561688197206,1.0267649475156362,0.9655561688197206,1.0267649475156362,0,0.0,0,0.0,0.0,0
2009,101,201,19296,1.15,1.15,0.5625,0,0,0,0,0,0,1.5193322093927677,0.9650843061007778,1.024977867345723,0.9650843061007778,1.024977867345723,0,0.0,0,0.0,0.0,0
2009,102,205,19680,1.15,1.15,0.5625,0,0,0,0,0,0,1.5157100199624645,0.9672125552842294,1.0247904684427502,0.9672125552842294,1.0247904684427502,0,0.0,0,0.0,0.0,0
2009,103,207,19872,1.15,1.15,0.5625,0,0,0,0,0,0,1.5345290624398928,0.9598022189809066,1.025779610095282,0.9598022189809066,1.025779610095282,0,0.0,0,0.0,0.0,0
2009,104,210,20160,1.15,1.15,0.5625,0,0,0,0,0,0,1.5139011011630534,0.9618603121251076,1.0251175468118496,0.9618603121251076,1.0251175468118496,0,0.0,0,0.0,0.0,0
2009,105,212,20352,1.15,1.15,0.5625,0,0,0,0,0,0,1.5233921040151028,0.964067097759696,1.0250215322475926,0.964067097759696,1.0250215322475926,0,0.0,0,0.0,0.0,0
2009,106,213,20448,1.15,1.15,0.5625,0,0,0,0,0,0,1.5268889839930362,0.9664794934168982,1.0250074989058489,0.9664794934168982,1.0250074989058489,0,0.0,0,0.0,0.0,0
2009,107,216,20736,1.15,1.15,0.5625,0,0,0,0,0,0,1.5120055044030964,0.9666661794967846,1.0273604887913723,0.9666661794967846,1.0273604887913723,0,0.0,0,0.0,0.0,0
2009,108,219,21024,1.15,1.15,0.5625,0,0,0,0,0,0,1.5446809922697569,0.9651183814735128,1.0253036157182354,0.9651183814735128,1.0253036157182354,0,0.0,0,0.0,0.0,0
2009,109,220,21120,1.15,1.15,0.5625,0,0,0,0,0,0,1.5416003287924995,0.9681453327632392,1.0254191184624064,0.9681453327632392,1.0254191184624064,0,0.0,0,0.0,0.0,0
2009,110,226,21696,1.15,1.15,0.5625,0,0,0,0,0,0,1.52033904965881,0.9648534434552704,1.024844677319482,0.9648534434552704,1.024844677319482,0,0.0,0,0.0,0.0,0
2009,114,228,21888,1.15,1.15,0.5625,0,0,0,0,0,0,1.5443205602803207,0.9698569407995292,1.0264365455235431,0.9698569407995292,1.0264365455235431,0,0.0,0,0.0,0.0,0
2009,111,230,22080,1.15,1.15,0.5625,0,0,0,0,0,0,1.5227188174986177,0.9671129796679764,1.0260141433411736,0.9671129796679764,1.0260141433411736,0,0.0,0,0.0,0.0,0
2009,112,231,22176,1.15,1.15,0.5625,0,0,0,0,0,0,1.5290385373815072,0.967982668639602,1.0258344944244835,0.967982668639602,1.0258344944244835,0,0.0,0,0.0,0.0,0
2009,113,232,22272,1.15,1.15,0.5625,0,0,0,0,0,0,1.5184359923249209,0.9685469319593016,1.025535407696042,0.9685469319593016,1.025535407696042,0,0.0,0,0.0,0.0,0
2009,114,234,22464,1.15,1.15,0.5625,0,0,0,0,0,0,1.5267690892879515,0.966526928709982,1.024974456043278,0.966526928709982,1.024974456043278,0,0.0,0,0.0,0.0,0
2009,115,235,22560,1.15,1.15,0.5625,0,0,0,0,0,0,1.5325127050550822,0.9647702193377408,1.0266161270441885,0.9647702193377408,1.0266161270441885,0,0.0,0,0.0,0.0,0
2009,116,236,22656,1.15,1.15,0.5625,0,0,0,0,0,0,1.5363099789645454,0.9680194978957356,1.026291596773593,0.9680194978957356,1.026291596773593,0,0.0,0,0.0,0.0,0
2009,117,239,22944,1.15,1.15,0.5625,0,0,0,0,0,0,1.5227096988429478,0.9666460617018888,1.026629918700708,0.9666460617018888,1.026629918700708,0,0.0,0,0.0,0.0,0
2009,118,240,23040,1.15,1.15,0.5625,0,0,0,0,0,0,1.5294418293239274,0.9671149130822988,1.0258273297521068,0.9671149130822988,1.0258273297521068,0,0.0,0,0.0,0.0,0
2009,123,241,23136,1.15,1.15,0.5625,0,0,0,0,0,0,1.5155320390701068,0.9659596759250508,1.026615968507971,0.9659596759250508,1.026615968507971,0,0.0,0,0.0,0.0,0
2009,119,244,23424,1.15,1.15,0.5625,0,0,0,0,0,0,1.5303854847879923,0.9676695069528,1.0255379576268833,0.9676695069528,1.0255379576268833,0,0.0,0,0.0,0.0,0
2009,120,245,23520,1.15,1.15,0.5625,0,0,0,0,0,0,1.5141528909818418,0.9666162954120148,1.0258736468355498,0.9666162954120148,1.0258736468355498,0,0.0,0,0.0,0.0,0
2009,121,248,23808,1.15,1.15,0.5625,0,0,0,0,0,0,1.535054150751054,0.9681293827676098,1.0251813273891297,0.9681293827676098,1.0251813273891297,0,0.0,0,0.0,0.0,0
2009,122,251,24096,1.15,1.15,0.5625,0,0,0,0,0,0,1.5124691389142535,0.9667684992101376,1.0258007909356488,0.9667684992101376,1.0258007909356488,0,0.0,0,0.0,0.0,0
2009,123,253,24288,1.15,1.15,0.5625,0,0,0,0,0,0,1.5171868948540448,0.966872957572946,1.0254400003072457,0.966872957572946,1.0254400003072457,0,0.0,0,0.0,0.0,0
2009,124,254,24384,1.15,1.15,0.5625,0,0,0,0,0,0,1.511808821844192,0.968694011019264,1.025058419059934,0.968694011019264,1.025058419059934,0,0.0,0,0.0,0.0,0
2009,125,257,24672,1.15,1.15,0.5625,0,0,0,0,0,0,1.5068959480991635,0.9690284746035064,1.0240479560605174,0.9690284746035064,1.0240479560605174,0,0.0,0,0.0,0.0,0
2009,126,259,24864,1.15,1.15,0.5625,0,0,0,0,0,0,1.5199031713493707,0.9698664964822112,1.025506002504072,0.9698664964822112,1.025506002504072,0,0.0,0,0.0,0.0,0
2009,127,261,25056,1.15,1.15,0.5625,0,0,0,0,0,0,1.538944662583746,0.9657154718395508,1.0261188574117155,0.9657154718395508,1.0261188574117155,0,0.0,0,0.0,0.0,0
2009,128,266,25536,1.15,1.15,0.5625,0,0,0,0,0,0,1.5242323274337155,0.9653421400270052,1.0257954789300177,0.9653421400270052,1.0257954789300177,0,0.0,0,0.0,0.0,0
2009,129,267,25632,1.15,1.15,0.5625,0,0,0,0,0,0,1.5271856779446855,0.9675562076397096,1.0255088123673737,0.9675562076397096,1.0255088123673737,0,0.0,0,0.0,0.0,0
2009,130,268,25728,1.15,1.15,0.5625,0,0,0,0,0,0,1.5188800163929257,0.9679372343479244,1.0254163511992862,0.9679372343479244,1.0254163511992862,0,0.0,0,0.0,0.0,0
2009,131,269,25824,1.15,1.15,0.5625,0,0,0,0,0,0,1.5332956586869928,0.9672797611041394,1.0246041274904858,0.9672797611041394,1.0246041274904858,0,0.0,0,0.0,0.0,0
2009,132,271,26016,1.15,1.15,0.5625,0,0,0,0,0,0,1.5344397556959275,0.9637200888541756,1.0262128557777832,0.9637200888541756,1.0262128557777832,0,0.0,0,0.0,0.0,0
2009,133,272,26112,1.15,1.15,0.5625,0,0,0,0,0,0,1.5260461524381876,0.968982122568008,1.025643986654635,0.968982122568008,1.025643986654635,0,0.0,0,0.0,0.0,0
2009,134,273,26208,1.15,1.15,0.5625,0,0,0,0,0,0,1.5284862840058415,0.9599691714604436,1.0253482260468323,0.9599691714604436,1.0253482260468323,0,0.0,0,0.0,0.0,0
2009,135,275,26400,1.15,1.15,0.5625,0,0,0,0,0,0,1.504996461694145,0.9687968105698608,1.024561620192973,0.9687968105698608,1.024561620192973,0,0.0,0,0.0,0.0,0
2009,136,276,26496,1.15,1.15,0.5625,0,0,0,0,0,0,1.5320015392249695,0.9647369306113128,1.0253510653946092,0.9647369306113128,1.0253510653946092,0,0.0,0,0.0,0.0,0
2009,142,278,26688,1.15,1.15,0.5625,0,0,0,0,0,0,1.5256277693854865,0.9677130800243188,1.024844727867404,0.9677130800243188,1.024844727867404,0,0.0,0,0.0,0.0,0
2009,143,280,26880,1.15,1.15,0.5625,0,0,0,0,0,0,1.51385702244715,0.964596197608345,1.025183888376496,0.964596197608345,1.025183888376496,0,0.0,0,0.0,0.0,0
2009,144,281,26976,1.15,1.15,0.5625,0,0,0,0,0,0,1.4869056177013336,0.9682538449001052,1.025097226468088,0.9682538449001052,1.025097226468088,0,0.0,0,0.0,0.0,0
2009,137,282,27072,1.15,1.15,0.5625,0,0,0,0,0,0,1.518496156395836,0.969714419735862,1.0248470158498428,0.969714419735862,1.0248470158498428,0,0.0,0,0.0,0.0,0
2009,138,283,27168,1.15,1.15,0.5625,0,0,0,0,0,0,1.512209406509399,0.9684312806425892,1.025064946348913,0.9684312806425892,1.025064946348913,0,0.0,0,0.0,0.0,0
2009,139,284,27264,1.15,1.15,0.5625,0,0,0,0,0,0,1.5335001576414369,0.9667131107493396,1.0260996148777544,0.9667131107493396,1.0260996148777544,0,0.0,0,0.0,0.0,0
2009,140,285,27360,1.15,1.15,0.5625,0,0,0,0,0,0,1.5427524760378648,0.9677317876783422,1.0259876647265522,0.9677317876783422,1.0259876647265522,0,0.0,0,0.0,0.0,0
2009,141,287,27552,1.15,1.15,0.5625,0,0,0,0,0,0,1.5373856841783349,0.9664323187151498,1.02646039058878,0.9664323187151498,1.02646039058878,0,0.0,0,0.0,0.0,0
2009,142,288,27648,1.15,1.15,0.5625,0,0,0,0,0,0,1.515209773243808,0.9679879480002832,1.026932265343646,0.9679879480002832,1.026932265343646,0,0.0,0,0.0,0.0,0
2009,143,289,27744,1.15,1.15,0.5625,0,0,0,0,0,0,1.5080518219440575,0.9653112030726314,1.0245176736080568,0.9653112030726314,1.0245176736080568,0,0.0,0,0.0,0.0,0
2009,144,290,27840,1.15,1.15,0.5625,0,0,0,0,0,0,1.5259837075585108,0.9651168816242596,1.0243874806757136,0.9651168816242596,1.0243874806757136,0,0.0,0,0.0,0.0,0
2009,153,291,27936,1.15,1.15,0.5625,0,0,0,0,0,0,1.5370746274024358,0.9656300673378416,1.0259023159345702,0.9656300673378416,1.0259023159345702,0,0.0,0,0.0,0.0,0
2009,145,292,28032,1.15,1.15,0.5625,0,0,0,0,0,0,1.4950514406348043,0.9667902816369134,1.0254217995098034,0.9667902816369134,1.0254217995098034,0,0.0,0,0.0,0.0,0
2009,146,293,28128,1.15,1.15,0.5625,0,0,0,0,0,0,1.5321725449317485,0.9668235023365576,1.0259896914476396,0.9668235023365576,1.0259896914476396,0,0.0,0,0.0,0.0,0
2009,147,294,28224,1.15,1.15,0.5625,0,0,0,0,0,0,1.5176226285304222,0.9672969560578342,1.0263341047578336,0.9672969560578342,1.0263341047578336,0,0.0,0,0.0,0.0,0
2009,148,295,28320,1.15,1.15,0.5625,0,0,0,0,0,0,1.519213971996081,0.967277100393546,1.0273600214051444,0.967277100393546,1.0273600214051444,0,0.0,0,0.0,0.0,0
2009,149,296,28416,1.15,1.15,0.5625,0,0,0,0,0,0,1.5204677566517886,0.966924239008346,1.0257335594557186,0.966924239008346,1.0257335594557186,0,0.0,0,0.0,0.0,0
2009,150,297,28512,1.15,1.15,0.5625,0,0,0,0,0,0,1.5388922383411356,0.9653500213638372,1.02580849518386,0.9653500213638372,1.02580849518386,0,0.0,0,0.0,0.0,0
2009,160,298,28608,1.15,1.15,0.5625,0,0,0,0,0,0,1.527202750210966,0.9707641882256244,1.0249892493598485,0.9707641882256244,1.0249892493598485,0,0.0,0,0.0,0.0,0
2009,151,299,28704,1.15,1.15,0.5625,0,0,0,0,0,0,1.535751369949391,0.9637467178761762,1.0257401723924124,0.9637467178761762,1.0257401723924124,0,0.0,0,0.0,0.0,0
2009,152,300,28800,1.15,1.15,0.5625,0,0,0,0,0,0,1.522480832423012,0.9700066536237596,1.0250755961401696,0.9700066536237596,1.0250755961401696,0,0.0,0,0.0,0.0,0
2009,153,302,28992,1.15,1.15,0.5625,0,0,0,0,0,0,1.5310799682135705,0.970073857078599,1.026111930671202,0.970073857078599,1.026111930671202,0,0.0,0,0.0,0.0,0
2009,154,305,29280,1.15,1.15,0.5625,0,0,0,0,0,0,1.5267034323902413,0.9666361922280112,1.0250878116173303,0.9666361922280112,1.0250878116173303,0,0.0,0,0.0,0.0,0
2009,155,306,29376,1.15,1.15,0.5625,0,0,0,0,0,0,1.5010079556595737,0.9657060607459454,1.026460782302884,0.9657060607459454,1.026460782302884,0,0.0,0,0.0,0.0,0
2009,156,307,29472,1.15,1.15,0.5625,0,0,0,0,0,0,1.5219419817755424,0.96734231775609,1.0257066956591328,0.96734231775609,1.0257066956591328,0,0.0,0,0.0,0.0,0
2009,157,308,29568,1.15,1.15,0.5625,0,0,0,0,0,0,1.5175572279572256,0.9633174035681068,1.0260098440309184,0.9633174035681068,1.0260098440309184,0,0.0,0,0.0,0.0,0
2009,158,312,29952,1.15,1.15,0.5625,0,0,0,0,0,0,1.5120551817044516,0.9631488315058456,1.025377974108881,0.9631488315058456,1.025377974108881,0,0.0,0,0.0,0.0,0
2009,159,315,30240,1.15,1.15,0.5625,0,0,0,0,0,0,1.536291170142054,0.9668733610796738,1.0261266306700247,0.9668733610796738,1.0261266306700247,0,0.0,0,0.0,0.0,0
2009,160,317,30432,1.15,1.15,0.5625,0,0,0,0,0,0,1.5416967694330466,0.9641976683358208,1.0255639156000245,0.9641976683358208,1.0255639156000245,0,0.0,0,0.0,0.0,0
2009,161,319,30624,1.15,1.15,0.5625,0,0,0,0,0,0,1.5277576484528177,0.962425172212056,1.0250302405620726,0.962425172212056,1.0250302405620726,0,0.0,0,0.0,0.0,0
2009,162,321,30816,1.15,1.15,0.5625,0,0,0,0,0,0,1.516657120222751,0.9660548232085868,1.0245080250337288,0.9660548232085868,1.0245080250337288,0,0.0,0,0.0,0.0,0
2009,173,322,30912,1.15,1.15,0.5625,0,0,0,0,0,0,1.51465666684393,0.965775137582804,1.0248845580173571,0.965775137582804,1.0248845580173571,0,0.0,0,0.0,0.0,0
2009,163,326,31296,1.15,1.15,0.5625,0,0,0,0,0,0,1.5251645815831232,0.9606571342634384,1.0248766000276486,0.9606571342634384,1.0248766000276486,0,0.0,0,0.0,0.0,0
2009,164,329,31584,1.15,1.15,0.5625,0,0,0,0,0,0,1.5403184708428208,0.96715339858909,1.0262306788269933,0.96715339858909,1.0262306788269933,0,0.0,0,0.0,0.0,0
2009,165,331,31776,1.15,1.15,0.5625,0,0,0,0,0,0,1.5463676001965887,0.9683981261471296,1.0255460635250568,0.9683981261471296,1.0255460635250568,0,0.0,0,0.0,0.0,0
2009,166,332,31872,1.15,1.15,0.5625,0,0,0,0,0,0,1.5267392903221395,0.9634836332147456,1.0247446206318285,0.9634836332147456,1.0247446206318285,0,0.0,0,0.0,0.0,0
2009,167,333,31968,1.15,1.15,0.5625,0,0,0,0,0,0,1.5089841015250811,0.96927440205518,1.0259086139342546,0.96927440205518,1.0259086139342546,0,0.0,0,0.0,0.0,0
2009,168,335,32160,1.15,1.15,0.5625,0,0,0,0,0,0,1.52270634672892,0.9667460476018404,1.028038910798075,0.9667460476018404,1.028038910798075,0,0.0,0,0.0,0.0,0
2009,169,336,32256,1.15,1.15,0.5625,0,0,0,0,0,0,1.5374867330420727,0.9632029927020016,1.0252802476213096,0.9632029927020016,1.0252802476213096,0,0.0,0,0.0,0.0,0
2009,170,337,32352,1.15,1.15,0.5625,0,0,0,0,0,0,1.528042811371458,0.9694025736202332,1.0253624239488976,0.9694025736202332,1.0253624239488976,0,0.0,0,0.0,0.0,0
2009,171,338,32448,1.15,1.15,0.5625,0,0,0,0,0,0,1.53140509864521,0.9660514867397592,1.026172978339038,0.9660514867397592,1.026172978339038,0,0.0,0,0.0,0.0,0
2009,172,339,32544,1.15,1.15,0.5625,0,0,0,0,0,0,1.5445571827964313,0.967306171360145,1.02618010604232,0.967306171360145,1.02618010604232,0,0.0,0,0.0,0.0,0
2009,173,341,32736,1.15,1.15,0.5625,0,0,0,0,0,0,1.4986860962149071,0.9667146647020228,1.0250232615503263,0.9667146647020228,1.0250232615503263,0,0.0,0,0.0,0.0,0
2009,174,342,32832,1.15,1.15,0.5625,0,0,0,0,0,0,1.5179834650648856,0.9617410604428732,1.02689792347876,0.9617410604428732,1.02689792347876,0,0.0,0,0.0,0.0,0
2009,175,345,33120,1.15,1.15,0.5625,0,0,0,0,0,0,1.5036671153242869,0.961931950533484,1.0251938320426306,0.961931950533484,1.0251938320426306,0,0.0,0,0.0,0.0,0
2009,176,347,33312,1.15,1.15,0.5625,0,0,0,0,0,0,1.5300663466692934,0.963949313385024,1.025563622806831,0.963949313385024,1.025563622806831,0,0.0,0,0.0,0.0,0
2009,177,348,33408,1.15,1.15,0.5625,0,0,0,0,0,0,1.513373413018232,0.965157005935638,1.026220806052752,0.965157005935638,1.026220806052752,0,0.0,0,0.0,0.0,0
2009,178,349,33504,1.15,1.15,0.5625,0,0,0,0,0,0,1.5286220484750674,0.9616467251605408,1.025111658733752,0.9616467251605408,1.025111658733752,0,0.0,0,0.0,0.0,0
2009,179,351,33696,1.15,1.15,0.5625,0,0,0,0,0,0,1.515778150027097,0.9684450235798,1.024824431358721,0.9684450235798,1.024824431358721,0,0.0,0,0.0,0.0,0
2009,191,352,33792,1.15,1.15,0.5625,0,0,0,0,0,0,1.5467635708854044,0.9692577097472646,1.0262524915586193,0.9692577097472646,1.0262524915586193,0,0.0,0,0.0,0.0,0
2009,180,354,33984,1.15,1.15,0.5625,0,0,0,0,0,0,1.5303034156664883,0.9667389692898152,1.0269304736875502,0.9667389692898152,1.0269304736875502,0,0.0,0,0.0,0.0,0
2009,181,355,34080,1.15,1.15,0.5625,0,0,0,0,0,0,1.5609722085908897,0.9664781287993136,1.0256256962144454,0.9664781287993136,1.0256256962144454,0,0.0,0,0.0,0.0,0
2009,182,356,34176,1.15,1.15,0.5625,0,0,0,0,0,0,1.5220236427282503,0.9698199615705037,1.0256789878183867,0.9698199615705037,1.0256789878183867,0,0.0,0,0.0,0.0,0
2009,183,361,34656,1.15,1.15,0.5625,0,0,0,0,0,0,1.5234762145696343,0.9687173104423754,1.0249568892612215,0.9687173104423754,1.0249568892612215,0,0.0,0,0.0,0.0,0
2009,196,362,34752,1.15,1.15,0.5625,0,0,0,0,0,0,1.5270324324659317,0.96833321336685,1.026780004114762,0.96833321336685,1.026780004114762,0,0.0,0,0.0,0.0,0
2009,184,364,34944,1.15,1.15,0.5625,0,0,0,0,0,0,1.5154415738208884,0.963710754166784,1.025627485311443,0.963710754166784,1.025627485311443,0,0.0,0,0.0,0.0,0
2009,198,366,35136,1.15,1.15,0.5625,0,0,0,0,0,0,1.5231761203368956,0.9640836418526328,1.024500410005852,0.9640836418526328,1.024500410005852,0,0.0,0,0.0,0.0,0
2009,185,367,35232,1.15,1.15,0.5625,0,0,0,0,0,0,1.5252802530450802,0.9655298452651532,1.0256147838806755,0.9655298452651532,1.0256147838806755,0,0.0,0,0.0,0.0,0
2010,1,2,192,1.2,1.2,0.625,0,0,0,0,0,0,1.6332392857094673,0.9638907140350792,1.0270042373142596,0.9638907140350792,1.0270042373142596,0,0.0,0,0.0,0.0,0
2010,2,4,384,1.2,1.2,0.625,0,0,0,0,0,0,1.6271359956994138,0.969121901320612,1.0269532197361808,0.969121901320612,1.0269532197361808,0,0.0,0,0.0,0.0,0
2010,3,6,576,1.2,1.2,0.625,0,0,0,0,0,0,1.6410736269656718,0.9666500402545672,1.0266902177616075,0.9666500402545672,1.0266902177616075,0,0.0,0,0.0,0.0,0
2010,4,7,672,1.2,1.2,0.625,0,0,0,0,0,0,1.6493510753915934,0.9675739155735882,1.0264639953041592,0.9675739155735882,1.0264639953041592,0,0.0,0,0.0,0.0,0
2010,5,10,960,1.2,1.2,0.625,0,0,0,0,0,0,1.6305587330613835,0.9680546231174972,1.0271923603898687,0.9680546231174972,1.0271923603898687,0,0.0,0,0.0,0.0,0
2010,6,13,1248,1.2,1.2,0.625,0,0,0,0,0,0,1.6458533050532684,0.965860198952922,1.026130066760501,0.965860198952922,1.026130066760501,0,0.0,0,0.0,0.0,0
2010,7,16,1536,1.2,1.2,0.625,0,0,0,0,0,0,1.6551078335515748,0.9654773747419396,1.0255520973429249,0.9654773747419396,1.0255520973429249,0,0.0,0,0.0,0.0,0
2010,8,17,1632,1.2,1.2,0.625,0,0,0,0,0,0,1.6387734383777433,0.9701531194750828,1.0257539867537069,0.9701531194750828,1.0257539867537069,0,0.0,0,0.0,0.0,0
2010,9,20,1920,1.2,1.2,0.625,0,0,0,0,0,0,1.6321141514959845,0.9687901628426469,1.026770679256816,0.9687901628426469,1.026770679256816,0,0.0,0,0.0,0.0,0
2010,10,22,2112,1.2,1.2,0.625,0,0,0,0,0,0,1.6427336752636217,0.9700582762141172,1.0258514916490258,0.9700582762141172,1.0258514916490258,0,0.0,0,0.0,0.0,0
2010,11,23,2208,1.2,1.2,0.625,0,0,0,0,0,0,1.6371100622619426,0.968772109707281,1.0263153662692353,0.968772109707281,1.0263153662692353,0,0.0,0,0.0,0.0,0
2010,12,25,2400,1.2,1.2,0.625,0,0,0,0,0,0,1.615556901768768,0.9691045256730896,1.0268035620558384,0.9691045256730896,1.0268035620558384,0,0.0,0,0.0,0.0,0
2010,13,26,2496,1.2,1.2,0.625,0,0,0,0,0,0,1.646514706956986,0.969592713907382,1.026031174795213,0.969592713907382,1.026031174795213,0,0.0,0,0.0,0.0,0
2010,14,29,2784,1.2,1.2,0.625,0,0,0,0,0,0,1.6484033158532143,0.967418765486545,1.0263553649092751,0.967418765486545,1.0263553649092751,0,0.0,0,0.0,0.0,0
2010,15,30,2880,1.2,1.2,0.625,0,0,0,0,0,0,1.6364043437874969,0.966715129402478,1.0267496468975954,0.966715129402478,1.0267496468975954,0,0.0,0,0.0,0.0,0
2010,16,31,2976,1.2,1.2,0.625,0,0,0,0,0,0,1.6196936362380512,0.9671112150014384,1.0275800860362294,0.9671112150014384,1.0275800860362294,0,0.0,0,0.0,0.0,0
2010,17,34,3264,1.2,1.2,0.625,0,0,0,0,0,0,1.6370767244289597,0.9658742707746848,1.02646846574077,0.9658742707746848,1.02646846574077,0,0.0,0,0.0,0.0,0
2010,18,37,3552,1.2,1.2,0.625,0,0,0,0,0,0,1.6258488846500017,0.9719341040465084,1.0277028473847274,0.9719341040465084,1.0277028473847274,0,0.0,0,0.0,0.0,0
2010,19,38,3648,1.2,1.2,0.625,0,0,0,0,0,0,1.65184375863859,0.9696008101439432,1.0273535045066078,0.9696008101439432,1.0273535045066078,0,0.0,0,0.0,0.0,0
2010,20,39,3744,1.2,1.2,0.625,0,0,0,0,0,0,1.6495732418444344,0.967384477565032,1.0268105452815603,0.967384477565032,1.0268105452815603,0,0.0,0,0.0,0.0,0
2010,21,43,4128,1.2,1.2,0.625,0,0,0,0,0,0,1.6440459328312111,0.9670554053725368,1.026098136737794,0.9670554053725368,1.026098136737794,0,0.0,0,0.0,0.0,0
2010,22,44,4224,1.2,1.2,0.625,0,0,0,0,0,0,1.6314057054317148,0.9709122597101502,1.0262380336882673,0.9709122597101502,1.0262380336882673,0,0.0,0,0.0,0.0,0
2010,23,46,4416,1.2,1.2,0.625,0,0,0,0,0,0,1.6446599731010676,0.9659768922694664,1.026758392483746,0.9659768922694664,1.026758392483746,0,0.0,0,0.0,0.0,0
2010,24,49,4704,1.2,1.2,0.625,0,0,0,0,0,0,1.6530744810402211,0.9681934007554838,1.0263290001045606,0.9681934007554838,1.0263290001045606,0,0.0,0,0.0,0.0,0
2010,25,50,4800,1.2,1.2,0.625,0,0,0,0,0,0,1.6098458649206056,0.9698793147181792,1.0267201207700418,0.9698793147181792,1.0267201207700418,0,0.0,0,0.0,0.0,0
2010,26,51,4896,1.2,1.2,0.625,0,0,0,0,0,0,1.6546658471808833,0.9681907027735976,1.0263454653324813,0.9681907027735976,1.0263454653324813,0,0.0,0,0.0,0.0,0
2010,27,53,5088,1.2,1.2,0.625,0,0,0,0,0,0,1.6165393240055963,0.9685919245295708,1.0253924140062456,0.9685919245295708,1.0253924140062456,0,0.0,0,0.0,0.0,0
2010,28,54,5184,1.2,1.2,0.625,0,0,0,0,0,0,1.6405760362996904,0.9671794578284224,1.0271875357273017,0.9671794578284224,1.0271875357273017,0,0.0,0,0.0,0.0,0
2010,29,55,5280,1.2,1.2,0.625,0,0,0,0,0,0,1.6486275111647577,0.9670590638507554,1.0273754882204311,0.9670590638507554,1.0273754882204311,0,0.0,0,0.0,0.0,0
2010,30,56,5376,1.2,1.2,0.625,0,0,0,0,0,0,1.646079288023898,0.9703069664630062,1.0269848056315372,0.9703069664630062,1.0269848056315372,0,0.0,0,0.0,0.0,0
2010,31,57,5472,1.2,1.2,0.625,0,0,0,0,0,0,1.623969204961773,0.970952303569172,1.0260715646755894,0.970952303569172,1.0260715646755894,0,0.0,0,0.0,0.0,0
2010,32,59,5664,1.2,1.2,0.625,0,0,0,0,0,0,1.616060435651421,0.968817457269401,1.0269839901407296,0.968817457269401,1.0269839901407296,0,0.0,0,0.0,0.0,0
2010,33,60,5760,1.2,1.2,0.625,0,0,0,0,0,0,1.632084096585192,0.96535254878646,1.0256045297629994,0.96535254878646,1.0256045297629994,0,0.0,0,0.0,0.0,0
2010,34,62,5952,1.2,1.2,0.625,0,0,0,0,0,0,1.6400829861856954,0.9660949458438416,1.027072606572027,0.9660949458438416,1.027072606572027,0,0.0,0,0.0,0.0,0
2010,35,65,6240,1.2,1.2,0.625,0,0,0,0,0,0,1.6380763666284202,0.970215163692428,1.0256848992506884,0.970215163692428,1.0256848992506884,0,0.0,0,0.0,0.0,0
2010,36,66,6336,1.2,1.2,0.625,0,0,0,0,0,0,1.6323844634064877,0.9640470868963384,1.025535319297736,0.9640470868963384,1.025535319297736,0,0.0,0,0.0,0.0,0
2010,37,67,6432,1.2,1.2,0.625,0,0,0,0,0,0,1.6308608679749412,0.9687636978043138,1.0260427040632465,0.9687636978043138,1.0260427040632465,0,0.0,0,0.0,0.0,0
2010,38,68,6528,1.2,1.2,0.625,0,0,0,0,0,0,1.6362115866322715,0.968423964548592,1.0268491704332587,0.968423964548592,1.0268491704332587,0,0.0,0,0.0,0.0,0
2010,39,69,6624,1.2,1.2,0.625,0,0,0,0,0,0,1.649033603896674,0.968023625166019,1.026739544195408,0.968023625166019,1.026739544195408,0,0.0,0,0.0,0.0,0
2010,40,70,6720,1.2,1.2,0.625,0,0,0,0,0,0,1.64386820399881,0.9678997689990008,1.0267527125695903,0.9678997689990008,1.0267527125695903,0,0.0,0,0.0,0.0,0
2010,41,71,6816,1.2,1.2,0.625,0,0,0,0,0,0,1.6483161324751745,0.970035208483508,1.026464580318713,0.970035208483508,1.026464580318713,0,0.0,0,0.0,0.0,0
2010,42,74,7104,1.2,1.2,0.625,0,0,0,0,0,0,1.6599876559984343,0.9709245254611276,1.0276052139932872,0.9709245254611276,1.0276052139932872,0,0.0,0,0.0,0.0,0
2010,43,80,7680,1.2,1.2,0.625,0,0,0,0,0,0,1.6077540834568789,0.9662957498443132,1.026773271290056,0.9662957498443132,1.026773271290056,0,0.0,0,0.0,0.0,0
2010,44,81,7776,1.2,1.2,0.625,0,0,0,0,0,0,1.6296692594368147,0.9678897670821336,1.026255984954565,0.9678897670821336,1.026255984954565,0,0.0,0,0.0,0.0,0
2010,45,82,7872,1.2,1.2,0.625,0,0,0,0,0,0,1.6378566729590105,0.966031946740113,1.0265274085378189,0.966031946740113,1.0265274085378189,0,0.0,0,0.0,0.0,0
2010,46,84,8064,1.2,1.2,0.625,0,0,0,0,0,0,1.636592498198679,0.9666511337957708,1.026466000186079,0.9666511337957708,1.026466000186079,0,0.0,0,0.0,0.0,0
2010,47,85,8160,1.2,1.2,0.625,0,0,0,0,0,0,1.617865682575821,0.9717151869084074,1.026984020422899,0.9717151869084074,1.026984020422899,0,0.0,0,0.0,0.0,0
2010,47,86,8256,1.2,1.2,0.625,0,0,0,0,0,0,1.6420158604387396,0.9688569987986873,1.02605627339921,0.9688569987986873,1.02605627339921,0,0.0,0,0.0,0.0,0
2010,48,87,8352,1.2,1.2,0.625,0,0,0,0,0,0,1.6607305669452908,0.9679294083078642,1.026559493496788,0.9679294083078642,1.026559493496788,0,0.0,0,0.0,0.0,0
2010,49,93,8928,1.2,1.2,0.625,0,0,0,0,0,0,1.6308352289338672,0.968286326492022,1.0267211787246282,0.968286326492022,1.0267211787246282,0,0.0,0,0.0,0.0,0
2010,50,94,9024,1.2,1.2,0.625,0,0,0,0,0,0,1.6356539784098898,0.9708769151488216,1.025795415165106,0.9708769151488216,1.025795415165106,0,0.0,0,0.0,0.0,0
2010,51,95,9120,1.2,1.2,0.625,0,0,0,0,0,0,1.6405922145767668,0.9696700716981989,1.026405836001042,0.9696700716981989,1.026405836001042,0,0.0,0,0.0,0.0,0
2010,52,97,9312,1.2,1.2,0.625,0,0,0,0,0,0,1.6345106344048954,0.9694250909674054,1.0265438172566494,0.9694250909674054,1.0265438172566494,0,0.0,0,0.0,0.0,0
2010,53,98,9408,1.2,1.2,0.625,0,0,0,0,0,0,1.6244992668421838,0.9669718441106976,1.025929536790856,0.9669718441106976,1.025929536790856,0,0.0,0,0.0,0.0,0
2010,54,101,9696,1.2,1.2,0.625,0,0,0,0,0,0,1.6475734917696832,0.9680607594328212,1.0261333734426783,0.9680607594328212,1.0261333734426783,0,0.0,0,0.0,0.0,0
2010,55,102,9792,1.2,1.2,0.625,0,0,0,0,0,0,1.6442503127256596,0.968379349298954,1.0261740890743627,0.968379349298954,1.0261740890743627,0,0.0,0,0.0,0.0,0
2010,56,107,10272,1.2,1.2,0.625,0,0,0,0,0,0,1.6247349009076033,0.9648122273679982,1.0270553486653475,0.9648122273679982,1.0270553486653475,0,0.0,0,0.0,0.0,0
2010,57,109,10464,1.2,1.2,0.625,0,0,0,0,0,0,1.6297842185842648,0.965617959889481,1.0265507664984197,0.965617959889481,1.0265507664984197,0,0.0,0,0.0,0.0,0
2010,58,111,10656,1.2,1.2,0.625,0,0,0,0,0,0,1.6495581492267442,0.965997557719925,1.0268989211218844,0.965997557719925,1.0268989211218844,0,0.0,0,0.0,0.0,0
2010,59,114,10944,1.2,1.2,0.625,0,0,0,0,0,0,1.6299015489798587,0.9688876787650808,1.0261157134693686,0.9688876787650808,1.0261157134693686,0,0.0,0,0.0,0.0,0
2010,60,116,11136,1.2,1.2,0.625,0,0,0,0,0,0,1.6587782705704144,0.9645066389882012,1.0271546591303338,0.9645066389882012,1.0271546591303338,0,0.0,0,0.0,0.0,0
2010,61,117,11232,1.2,1.2,0.625,0,0,0,0,0,0,1.6387226407977509,0.969624854713158,1.026016778737071,0.969624854713158,1.026016778737071,0,0.0,0,0.0,0.0,0
2010,62,119,11424,1.2,1.2,0.625,0,0,0,0,0,0,1.6370273374702289,0.9680773288120488,1.0269346040155776,0.9680773288120488,1.0269346040155776,0,0.0,0,0.0,0.0,0
2010,63,120,11520,1.2,1.2,0.625,0,0,0,0,0,0,1.6369139300928788,0.966252575556045,1.026258540123069,0.966252575556045,1.026258540123069,0,0.0,0,0.0,0.0,0
2010,63,122,11712,1.2,1.2,0.625,0,0,0,0,0,0,1.637642250792149,0.969900989902512,1.027555414656747,0.969900989902512,1.027555414656747,0,0.0,0,0.0,0.0,0
2010,64,123,11808,1.2,1.2,0.625,0,0,0,0,0,0,1.630594364545042,0.9664321004853422,1.02556082907916,0.9664321004853422,1.02556082907916,0,0.0,0,0.0,0.0,0
2010,65,125,12000,1.2,1.2,0.625,0,0,0,0,0,0,1.6366683729189244,0.9673287126950092,1.025380121579852,0.9673287126950092,1.025380121579852,0,0.0,0,0.0,0.0,0
2010,66,126,12096,1.2,1.2,0.625,0,0,0,0,0,0,1.6506491936778074,0.966865111811062,1.0263668939361887,0.966865111811062,1.0263668939361887,0,0.0,0,0.0,0.0,0
2010,67,128,12288,1.2,1.2,0.625,0,0,0,0,0,0,1.64184394745446,0.9681510009204845,1.0268093162201974,0.9681510009204845,1.0268093162201974,0,0.0,0,0.0,0.0,0
2010,68,129,12384,1.2,1.2,0.625,0,0,0,0,0,0,1.659323509268073,0.9651897835708756,1.0261413227088454,0.9651897835708756,1.0261413227088454,0,0.0,0,0.0,0.0,0
2010,69,131,12576,1.2,1.2,0.625,0,0,0,0,0,0,1.6310900975981564,0.9678511689698855,1.0264570716801282,0.9678511689698855,1.0264570716801282,0,0.0,0,0.0,0.0,0
2010,70,133,12768,1.2,1.2,0.625,0,0,0,0,0,0,1.6486398933836997,0.966032631789046,1.0255177242381688,0.966032631789046,1.0255177242381688,0,0.0,0,0.0,0.0,0
2010,71,134,12864,1.2,1.2,0.625,0,0,0,0,0,0,1.619322887213149,0.9663124594651012,1.027073277325754,0.9663124594651012,1.027073277325754,0,0.0,0,0.0,0.0,0
2010,72,136,13056,1.2,1.2,0.625,0,0,0,0,0,0,1.657397756217558,0.969674094918633,1.0276732474052332,0.969674094918633,1.0276732474052332,0,0.0,0,0.0,0.0,0
2010,73,140,13440,1.2,1.2,0.625,0,0,0,0,0,0,1.6190652679094395,0.9673626322778566,1.0261038064857928,0.9673626322778566,1.0261038064857928,0,0.0,0,0.0,0.0,0
2010,74,141,13536,1.2,1.2,0.625,0,0,0,0,0,0,1.6329313496050415,0.9664522587508156,1.026676027156146,0.9664522587508156,1.026676027156146,0,0.0,0,0.0,0.0,0
2010,75,142,13632,1.2,1.2,0.625,0,0,0,0,0,0,1.6428922996638118,0.968617542835508,1.026936822241817,0.968617542835508,1.026936822241817,0,0.0,0,0.0,0.0,0
2010,76,143,13728,1.2,1.2,0.625,0,0,0,0,0,0,1.6475781582604236,0.9670327455923592,1.026692257903298,0.9670327455923592,1.026692257903298,0,0.0,0,0.0,0.0,0
2010,77,145,13920,1.2,1.2,0.625,0,0,0,0,0,0,1.6303691291384323,0.9712255251535722,1.0265441773743191,0.9712255251535722,1.0265441773743191,0,0.0,0,0.0,0.0,0
2010,78,148,14208,1.2,1.2,0.625,0,0,0,0,0,0,1.6276734168542966,0.9659639966506736,1.026392245334232,0.9659639966506736,1.026392245334232,0,0.0,0,0.0,0.0,0
2010,79,149,14304,1.2,1.2,0.625,0,0,0,0,0,0,1.6481276314910318,0.965045064836242,1.02703386331972,0.965045064836242,1.02703386331972,0,0.0,0,0.0,0.0,0
2010,80,151,14496,1.2,1.2,0.625,0,0,0,0,0,0,1.6468419743207248,0.9682409869322648,1.0259612755814318,0.9682409869322648,1.0259612755814318,0,0.0,0,0.0,0.0,0
2010,81,152,14592,1.2,1.2,0.625,0,0,0,0,0,0,1.6298475332335456,0.968405180083876,1.0261528016902135,0.968405180083876,1.0261528016902135,0,0.0,0,0.0,0.0,0
2010,82,154,14784,1.2,1.2,0.625,0,0,0,0,0,0,1.631402600960096,0.9678935714518012,1.0251260682944334,0.9678935714518012,1.0251260682944334,0,0.0,0,0.0,0.0,0
2010,83,156,14976,1.2,1.2,0.625,0,0,0,0,0,0,1.659066401525693,0.9655831036354836,1.0269986197936758,0.9655831036354836,1.0269986197936758,0,0.0,0,0.0,0.0,0
2010,84,157,15072,1.2,1.2,0.625,0,0,0,0,0,0,1.6372723301987495,0.9683156014010932,1.0262260931106717,0.9683156014010932,1.0262260931106717,0,0.0,0,0.0,0.0,0
2010,85,166,15936,1.2,1.2,0.625,0,0,0,0,0,0,1.6308227404467075,0.9682878065053292,1.0260239207048538,0.9682878065053292,1.0260239207048538,0,0.0,0,0.0,0.0,0
2010,87,168,16128,1.2,1.2,0.625,0,0,0,0,0,0,1.650396549490767,0.967821441801865,1.0262757638876447,0.967821441801865,1.0262757638876447,0,0.0,0,0.0,0.0,0
2010,86,169,16224,1.2,1.2,0.625,0,0,0,0,0,0,1.638976538788412,0.969585758348804,1.0263077227550808,0.969585758348804,1.0263077227550808,0,0.0,0,0.0,0.0,0
2010,87,171,16416,1.2,1.2,0.625,0,0,0,0,0,0,1.626391709010085,0.9676690348064058,1.0255440695331508,0.9676690348064058,1.0255440695331508,0,0.0,0,0.0,0.0,0
2010,88,172,16512,1.2,1.2,0.625,0,0,0,0,0,0,1.6370832277014884,0.965008991635746,1.0270771058216248,0.965008991635746,1.0270771058216248,0,0.0,0,0.0,0.0,0
2010,89,173,16608,1.2,1.2,0.625,0,0,0,0,0,0,1.6292353475677102,0.967246172496538,1.0265810731211145,0.967246172496538,1.0265810731211145,0,0.0,0,0.0,0.0,0
2010,90,175,16800,1.2,1.2,0.625,0,0,0,0,0,0,1.6454686201566122,0.966839232586816,1.0260078660114755,0.966839232586816,1.0260078660114755,0,0.0,0,0.0,0.0,0
2010,91,176,16896,1.2,1.2,0.625,0,0,0,0,0,0,1.6532003360610603,0.9681752153791716,1.0268176882841349,0.9681752153791716,1.0268176882841349,0,0.0,0,0.0,0.0,0
2010,92,178,17088,1.2,1.2,0.625,0,0,0,0,0,0,1.6482993026269952,0.967395332311962,1.0264028174382258,0.967395332311962,1.0264028174382258,0,0.0,0,0.0,0.0,0
2010,93,179,17184,1.2,1.2,0.625,0,0,0,0,0,0,1.6566184755643218,0.965633286202612,1.0275823072800014,0.965633286202612,1.0275823072800014,0,0.0,0,0.0,0.0,0
2010,94,181,17376,1.2,1.2,0.625,0,0,0,0,0,0,1.6466100037175146,0.967969613235624,1.0261911365948648,0.967969613235624,1.0261911365948648,0,0.0,0,0.0,0.0,0
2010,95,183,17568,1.2,1.2,0.625,0,0,0,0,0,0,1.6432971014765732,0.9675339175822538,1.0267897796249517,0.9675339175822538,1.0267897796249517,0,0.0,0,0.0,0.0,0
2010,96,184,17664,1.2,1.2,0.625,0,0,0,0,0,0,1.6445602713450085,0.9693728540768644,1.0262903865872333,0.9693728540768644,1.0262903865872333,0,0.0,0,0.0,0.0,0
2010,97,187,17952,1.2,1.2,0.625,0,0,0,0,0,0,1.6318496087855543,0.9652758620031467,1.027115799321879,0.9652758620031467,1.027115799321879,0,0.0,0,0.0,0.0,0
2010,100,190,18240,1.2,1.2,0.625,0,0,0,0,0,0,1.6312584372128,0.9694964401260908,1.0255424848997792,0.9694964401260908,1.0255424848997792,0,0.0,0,0.0,0.0,0
2010,98,192,18432,1.2,1.2,0.625,0,0,0,0,0,0,1.6593488112504369,0.9669331943655848,1.026410317114568,0.9669331943655848,1.026410317114568,0,0.0,0,0.0,0.0,0
2010,99,193,18528,1.2,1.2,0.625,0,0,0,0,0,0,1.643002693987624,0.9671151591655702,1.027333532325772,0.9671151591655702,1.027333532325772,0,0.0,0,0.0,0.0,0
2010,100,197,18912,1.2,1.2,0.625,0,0,0,0,0,0,1.6421938671992014,0.9668499522532568,1.0274255128343193,0.9668499522532568,1.0274255128343193,0,0.0,0,0.0,0.0,0
2010,101,201,19296,1.2,1.2,0.625,0,0,0,0,0,0,1.6339161258492771,0.966401951663292,1.025853536879374,0.966401951663292,1.025853536879374,0,0.0,0,0.0,0.0,0
2010,102,205,19680,1.2,1.2,0.625,0,0,0,0,0,0,1.6306275637497356,0.968501655073032,1.0254617827715118,0.968501655073032,1.0254617827715118,0,0.0,0,0.0,0.0,0
2010,103,207,19872,1.2,1.2,0.625,0,0,0,0,0,0,1.6497611986864262,0.96124968446006,1.0266372178192864,0.96124968446006,1.0266372178192864,0,0.0,0,0.0,0.0,0
2010,104,210,20160,1.2,1.2,0.625,0,0,0,0,0,0,1.62942633294925,0.963288929673837,1.0265575959211417,0.963288929673837,1.0265575959211417,0,0.0,0,0.0,0.0,0
2010,105,212,20352,1.2,1.2,0.625,0,0,0,0,0,0,1.6372691523487477,0.965461450189522,1.0261718200123724,0.965461450189522,1.0261718200123724,0,0.0,0,0.0,0.0,0
2010,106,213,20448,1.2,1.2,0.625,0,0,0,0,0,0,1.64190026096406,0.9678087869198329,1.0262223056596873,0.9678087869198329,1.0262223056596873,0,0.0,0,0.0,0.0,0
2010,107,216,20736,1.2,1.2,0.625,0,0,0,0,0,0,1.627126663232694,0.9679784759128842,1.0280417181571566,0.9679784759128842,1.0280417181571566,0,0.0,0,0.0,0.0,0
2010,108,219,21024,1.2,1.2,0.625,0,0,0,0,0,0,1.6601309728439675,0.9665142337177848,1.0260195092319364,0.9665142337177848,1.0260195092319364,0,0.0,0,0.0,0.0,0
2010,109,220,21120,1.2,1.2,0.625,0,0,0,0,0,0,1.65729618326541,0.9695000549135736,1.0261385998484216,0.9695000549135736,1.0261385998484216,0,0.0,0,0.0,0.0,0
2010,110,226,21696,1.2,1.2,0.625,0,0,0,0,0,0,1.6352162774700756,0.9661417410110816,1.026285498713002,0.9661417410110816,1.026285498713002,0,0.0,0,0.0,0.0,0
2010,114,228,21888,1.2,1.2,0.625,0,0,0,0,0,0,1.6596463752995612,0.9712038991850582,1.027090751499961,0.9712038991850582,1.027090751499961,0,0.0,0,0.0,0.0,0
2010,111,230,22080,1.2,1.2,0.625,0,0,0,0,0,0,1.6372068949095775,0.9684310361892212,1.0267080816036298,0.9684310361892212,1.0267080816036298,0,0.0,0,0.0,0.0,0
2010,112,231,22176,1.2,1.2,0.625,0,0,0,0,0,0,1.6449736080555102,0.9692671319929402,1.0265358215993994,0.9692671319929402,1.0265358215993994,0,0.0,0,0.0,0.0,0
2010,113,232,22272,1.2,1.2,0.625,0,0,0,0,0,0,1.6332697140193186,0.9698593365309636,1.0264908066577487,0.9698593365309636,1.0264908066577487,0,0.0,0,0.0,0.0,0
2010,114,234,22464,1.2,1.2,0.625,0,0,0,0,0,0,1.641837463582966,0.9677956104958872,1.025976429220358,0.9677956104958872,1.025976429220358,0,0.0,0,0.0,0.0,0
2010,115,235,22560,1.2,1.2,0.625,0,0,0,0,0,0,1.6474783843943397,0.9660962679538264,1.027286271094368,0.9660962679538264,1.027286271094368,0,0.0,0,0.0,0.0,0
2010,116,236,22656,1.2,1.2,0.625,0,0,0,0,0,0,1.6520980767601603,0.9693634067698986,1.0269443639631826,0.9693634067698986,1.0269443639631826,0,0.0,0,0.0,0.0,0
2010,117,239,22944,1.2,1.2,0.625,0,0,0,0,0,0,1.638205172363373,0.968023600982154,1.0272835841019403,0.968023600982154,1.0272835841019403,0,0.0,0,0.0,0.0,0
2010,118,240,23040,1.2,1.2,0.625,0,0,0,0,0,0,1.645332300241842,0.9684640376937108,1.0265263891601946,0.9684640376937108,1.0265263891601946,0,0.0,0,0.0,0.0,0
2010,123,241,23136,1.2,1.2,0.625,0,0,0,0,0,0,1.6306514834187442,0.9673199677020128,1.0272617880986208,0.9673199677020128,1.0272617880986208,0,0.0,0,0.0,0.0,0
2010,119,244,23424,1.2,1.2,0.625,0,0,0,0,0,0,1.6453315841607423,0.9690562453673104,1.026246563331615,0.9690562453673104,1.026246563331615,0,0.0,0,0.0,0.0,0
2010,120,245,23520,1.2,1.2,0.625,0,0,0,0,0,0,1.6287190490990713,0.967922066654036,1.026560405225699,0.967922066654036,1.026560405225699,0,0.0,0,0.0,0.0,0
2010,121,248,23808,1.2,1.2,0.625,0,0,0,0,0,0,1.6505647784259343,0.9694876388188072,1.026527002603136,0.9694876388188072,1.026527002603136,0,0.0,0,0.0,0.0,0
2010,122,251,24096,1.2,1.2,0.625,0,0,0,0,0,0,1.6274886632702172,0.9681652092307772,1.0264668436290318,0.9681652092307772,1.0264668436290318,0,0.0,0,0.0,0.0,0
2010,123,253,24288,1.2,1.2,0.625,0,0,0,0,0,0,1.6318103931144594,0.9682234547531732,1.02687425354186,0.9682234547531732,1.02687425354186,0,0.0,0,0.0,0.0,0
2010,124,254,24384,1.2,1.2,0.625,0,0,0,0,0,0,1.6255871588053838,0.9700602867823436,1.025708372327666,0.9700602867823436,1.025708372327666,0,0.0,0,0.0,0.0,0
2010,125,257,24672,1.2,1.2,0.625,0,0,0,0,0,0,1.6215617553976864,0.970264930538848,1.025504545304794,0.970264930538848,1.025504545304794,0,0.0,0,0.0,0.0,0
2010,126,259,24864,1.2,1.2,0.625,0,0,0,0,0,0,1.6351733164271085,0.9711277639320112,1.0263804118456674,0.9711277639320112,1.0263804118456674,0,0.0,0,0.0,0.0,0
2010,127,261,25056,1.2,1.2,0.625,0,0,0,0,0,0,1.6542165856046214,0.9670945284360772,1.026839160195561,0.9670945284360772,1.026839160195561,0,0.0,0,0.0,0.0,0
2010,128,266,25536,1.2,1.2,0.625,0,0,0,0,0,0,1.6395200145283106,0.9667537663069748,1.0265014111938566,0.9667537663069748,1.0265014111938566,0,0.0,0,0.0,0.0,0
2010,129,267,25632,1.2,1.2,0.625,0,0,0,0,0,0,1.6425205078008391,0.968912308206121,1.0267454163645169,0.968912308206121,1.0267454163645169,0,0.0,0,0.0,0.0,0
2010,130,268,25728,1.2,1.2,0.625,0,0,0,0,0,0,1.6342038556991905,0.969181921377643,1.0262097316235903,0.969181921377643,1.0262097316235903,0,0.0,0,0.0,0.0,0
2010,131,269,25824,1.2,1.2,0.625,0,0,0,0,0,0,1.6481616399143058,0.968647602616574,1.0253211642936584,0.968647602616574,1.0253211642936584,0,0.0,0,0.0,0.0,0
2010,132,271,26016,1.2,1.2,0.625,0,0,0,0,0,0,1.649974139278575,0.965134345561876,1.0268552017781698,0.965134345561876,1.0268552017781698,0,0.0,0,0.0,0.0,0
2010,133,272,26112,1.2,1.2,0.625,0,0,0,0,0,0,1.639823572969475,0.9702451288196005,1.0263425051056323,0.9702451288196005,1.0263425051056323,0,0.0,0,0.0,0.0,0
2010,134,273,26208,1.2,1.2,0.625,0,0,0,0,0,0,1.6433373350237293,0.9614169933164096,1.0260554911276578,0.9614169933164096,1.0260554911276578,0,0.0,0,0.0,0.0,0
2010,135,275,26400,1.2,1.2,0.625,0,0,0,0,0,0,1.620192363703164,0.9701119749039993,1.0260091907731717,0.9701119749039993,1.0260091907731717,0,0.0,0,0.0,0.0,0
2010,136,276,26496,1.2,1.2,0.625,0,0,0,0,0,0,1.6471240818498945,0.9661319426955524,1.026108581638164,0.9661319426955524,1.026108581638164,0,0.0,0,0.0,0.0,0
2010,142,278,26688,1.2,1.2,0.625,0,0,0,0,0,0,1.6414521667610855,0.9690914596448508,1.0262918134208097,0.9690914596448508,1.0262918134208097,0,0.0,0,0.0,0.0,0
2010,143,280,26880,1.2,1.2,0.625,0,0,0,0,0,0,1.6284347947485898,0.965895124628,1.0259207026201236,0.965895124628,1.0259207026201236,0,0.0,0,0.0,0.0,0
2010,144,281,26976,1.2,1.2,0.625,0,0,0,0,0,0,1.6009593622984684,0.9695194568572594,1.0265343170848285,0.9695194568572594,1.0265343170848285,0,0.0,0,0.0,0.0,0
2010,137,282,27072,1.2,1.2,0.625,0,0,0,0,0,0,1.6335978394522386,0.9709926161358394,1.0255669706941528,0.9709926161358394,1.0255669706941528,0,0.0,0,0.0,0.0,0
2010,138,283,27168,1.2,1.2,0.625,0,0,0,0,0,0,1.6273701687759825,0.9696844725589604,1.0261536692195343,0.9696844725589604,1.0261536692195343,0,0.0,0,0.0,0.0,0
2010,139,284,27264,1.2,1.2,0.625,0,0,0,0,0,0,1.648666985691344,0.9680729963899686,1.0267603740491191,0.9680729963899686,1.0267603740491191,0,0.0,0,0.0,0.0,0
2010,140,285,27360,1.2,1.2,0.625,0,0,0,0,0,0,1.6579911731668453,0.9690152458162704,1.0266762641294311,0.9690152458162704,1.0266762641294311,0,0.0,0,0.0,0.0,0
2010,141,287,27552,1.2,1.2,0.625,0,0,0,0,0,0,1.6522764201316016,0.9676982831106508,1.0271438365752268,0.9676982831106508,1.0271438365752268,0,0.0,0,0.0,0.0,0
2010,142,288,27648,1.2,1.2,0.625,0,0,0,0,0,0,1.630070364368843,0.969303529684848,1.027566554437496,0.969303529684848,1.027566554437496,0,0.0,0,0.0,0.0,0
2010,143,289,27744,1.2,1.2,0.625,0,0,0,0,0,0,1.6224163816396455,0.9666682542593502,1.0259607280812766,0.9666682542593502,1.0259607280812766,0,0.0,0,0.0,0.0,0
2010,144,290,27840,1.2,1.2,0.625,0,0,0,0,0,0,1.6408581151421504,0.966557379033747,1.0255231822722497,0.966557379033747,1.0255231822722497,0,0.0,0,0.0,0.0,0
2010,153,291,27936,1.2,1.2,0.625,0,0,0,0,0,0,1.652048595662588,0.9669574840527548,1.026588991577057,0.9669574840527548,1.026588991577057,0,0.0,0,0.0,0.0,0
2010,145,292,28032,1.2,1.2,0.625,0,0,0,0,0,0,1.6087780223948591,0.96808127161607,1.0268512266886276,0.96808127161607,1.0268512266886276,0,0.0,0,0.0,0.0,0
2010,146,293,28128,1.2,1.2,0.625,0,0,0,0,0,0,1.646419610476792,0.9680795791565168,1.0266253379010006,0.9680795791565168,1.0266253379010006,0,0.0,0,0.0,0.0,0
2010,147,294,28224,1.2,1.2,0.625,0,0,0,0,0,0,1.632281294705312,0.9686843010856602,1.027017853620613,0.9686843010856602,1.027017853620613,0,0.0,0,0.0,0.0,0
2010,148,295,28320,1.2,1.2,0.625,0,0,0,0,0,0,1.634859571761976,0.9686015406036812,1.0280526325271913,0.9686015406036812,1.0280526325271913,0,0.0,0,0.0,0.0,0
2010,149,296,28416,1.2,1.2,0.625,0,0,0,0,0,0,1.6355108988170328,0.968226635250744,1.027141662579,0.968226635250744,1.027141662579,0,0.0,0,0.0,0.0,0
2010,150,297,28512,1.2,1.2,0.625,0,0,0,0,0,0,1.6544952018071752,0.9667077052869686,1.02671870625576,0.9667077052869686,1.02671870625576,0,0.0,0,0.0,0.0,0
2010,160,298,28608,1.2,1.2,0.625,0,0,0,0,0,0,1.6420020747574788,0.972007226960111,1.0256352899285783,0.972007226960111,1.0256352899285783,0,0.0,0,0.0,0.0,0
2010,151,299,28704,1.2,1.2,0.625,0,0,0,0,0,0,1.6513459921032394,0.9651389316906496,1.0263844179104595,0.9651389316906496,1.0263844179104595,0,0.0,0,0.0,0.0,0
2010,152,300,28800,1.2,1.2,0.625,0,0,0,0,0,0,1.6376761248439056,0.9712702984288052,1.026521634437534,0.9712702984288052,1.026521634437534,0,0.0,0,0.0,0.0,0
2010,153,302,28992,1.2,1.2,0.625,0,0,0,0,0,0,1.6465173096316097,0.9713723985836056,1.0267946975534072,0.9713723985836056,1.0267946975534072,0,0.0,0,0.0,0.0,0
2010,154,305,29280,1.2,1.2,0.625,0,0,0,0,0,0,1.6419397973624157,0.9680176596538348,1.0258037313349508,0.9680176596538348,1.0258037313349508,0,0.0,0,0.0,0.0,0
2010,155,306,29376,1.2,1.2,0.625,0,0,0,0,0,0,1.615567494256662,0.9670426825666386,1.0271471621770891,0.9670426825666386,1.0271471621770891,0,0.0,0,0.0,0.0,0
2010,156,307,29472,1.2,1.2,0.625,0,0,0,0,0,0,1.6366624114120614,0.9686477200147802,1.0263652669235364,0.9686477200147802,1.0263652669235364,0,0.0,0,0.0,0.0,0
2010,157,308,29568,1.2,1.2,0.625,0,0,0,0,0,0,1.632077553127428,0.96466070515358,1.026663882205627,0.96466070515358,1.026663882205627,0,0.0,0,0.0,0.0,0
2010,158,312,29952,1.2,1.2,0.625,0,0,0,0,0,0,1.6261764142903214,0.9644684628224812,1.0265155580358518,0.9644684628224812,1.0265155580358518,0,0.0,0,0.0,0.0,0
2010,159,315,30240,1.2,1.2,0.625,0,0,0,0,0,0,1.6510491424124545,0.9681405238347152,1.026802399671781,0.9681405238347152,1.026802399671781,0,0.0,0,0.0,0.0,0
2010,160,317,30432,1.2,1.2,0.625,0,0,0,0,0,0,1.6579259195502871,0.9655546214645486,1.0262739581492797,0.9655546214645486,1.0262739581492797,0,0.0,0,0.0,0.0,0
2010,161,319,30624,1.2,1.2,0.625,0,0,0,0,0,0,1.642937749169463,0.963861652509622,1.0262334952061378,0.963861652509622,1.0262334952061378,0,0.0,0,0.0,0.0,0
2010,162,321,30816,1.2,1.2,0.625,0,0,0,0,0,0,1.6305218426058252,0.967334383716664,1.025368536213462,0.967334383716664,1.025368536213462,0,0.0,0,0.0,0.0,0
2010,173,322,30912,1.2,1.2,0.625,0,0,0,0,0,0,1.6292788921474688,0.9671024459876444,1.0263275627937387,0.9671024459876444,1.0263275627937387,0,0.0,0,0.0,0.0,0
2010,163,326,31296,1.2,1.2,0.625,0,0,0,0,0,0,1.6395560194235623,0.9621015805220062,1.0259857564869623,0.9621015805220062,1.0259857564869623,0,0.0,0,0.0,0.0,0
2010,164,329,31584,1.2,1.2,0.625,0,0,0,0,0,0,1.65605475607047,0.968490915371484,1.02686923481851,0.968490915371484,1.02686923481851,0,0.0,0,0.0,0.0,0
2010,165,331,31776,1.2,1.2,0.625,0,0,0,0,0,0,1.6608995737476464,0.9696494149582744,1.0262618669417058,0.9696494149582744,1.0262618669417058,0,0.0,0,0.0,0.0,0
2010,166,332,31872,1.2,1.2,0.625,0,0,0,0,0,0,1.642545385797349,0.9648705937259748,1.0261490217813227,0.9648705937259748,1.0261490217813227,0,0.0,0,0.0,0.0,0
2010,167,333,31968,1.2,1.2,0.625,0,0,0,0,0,0,1.6239574259543903,0.970591373405722,1.0266046094467236,0.970591373405722,1.0266046094467236,0,0.0,0,0.0,0.0,0
2010,168,335,32160,1.2,1.2,0.625,0,0,0,0,0,0,1.6383008039379798,0.9681024994938964,1.02870846622948,0.9681024994938964,1.02870846622948,0,0.0,0,0.0,0.0,0
2010,169,336,32256,1.2,1.2,0.625,0,0,0,0,0,0,1.6526838761074978,0.964616179620192,1.0259476781723096,0.964616179620192,1.0259476781723096,0,0.0,0,0.0,0.0,0
2010,170,337,32352,1.2,1.2,0.625,0,0,0,0,0,0,1.642903158337664,0.9707119453042882,1.0260733895028498,0.9707119453042882,1.0260733895028498,0,0.0,0,0.0,0.0,0
2010,171,338,32448,1.2,1.2,0.625,0,0,0,0,0,0,1.6466027019557894,0.96736259059521,1.0268294570194545,0.96736259059521,1.0268294570194545,0,0.0,0,0.0,0.0,0
2010,172,339,32544,1.2,1.2,0.625,0,0,0,0,0,0,1.660113552759375,0.9685650367538148,1.0268482785970352,0.9685650367538148,1.0268482785970352,0,0.0,0,0.0,0.0,0
2010,173,341,32736,1.2,1.2,0.625,0,0,0,0,0,0,1.6125733852093345,0.968043274003846,1.0258148298639147,0.968043274003846,1.0258148298639147,0,0.0,0,0.0,0.0,0
2010,174,342,32832,1.2,1.2,0.625,0,0,0,0,0,0,1.6327201846259407,0.9630379283398104,1.0275312179801388,0.9630379283398104,1.0275312179801388,0,0.0,0,0.0,0.0,0
2010,175,345,33120,1.2,1.2,0.625,0,0,0,0,0,0,1.618294931330794,0.9633501793471876,1.026306088291086,0.9633501793471876,1.026306088291086,0,0.0,0,0.0,0.0,0
2010,176,347,33312,1.2,1.2,0.625,0,0,0,0,0,0,1.6451956704752098,0.9652712128840054,1.0266205250839666,0.9652712128840054,1.0266205250839666,0,0.0,0,0.0,0.0,0
2010,177,348,33408,1.2,1.2,0.625,0,0,0,0,0,0,1.628173754859275,0.9665043227557208,1.026922500240218,0.9665043227557208,1.026922500240218,0,0.0,0,0.0,0.0,0
2010,178,349,33504,1.2,1.2,0.625,0,0,0,0,0,0,1.6430517028454126,0.9630696099278212,1.0258342184894762,0.9630696099278212,1.0258342184894762,0,0.0,0,0.0,0.0,0
2010,179,351,33696,1.2,1.2,0.625,0,0,0,0,0,0,1.6304699369818196,0.9697835181760318,1.0262698083161126,0.9697835181760318,1.0262698083161126,0,0.0,0,0.0,0.0,0
2010,191,352,33792,1.2,1.2,0.625,0,0,0,0,0,0,1.662984222625772,0.9705652677633552,1.0269370405318168,0.9705652677633552,1.0269370405318168,0,0.0,0,0.0,0.0,0
2010,180,354,33984,1.2,1.2,0.625,0,0,0,0,0,0,1.6454317570501,0.9680745272378376,1.0276038034896282,0.9680745272378376,1.0276038034896282,0,0.0,0,0.0,0.0,0
2010,181,355,34080,1.2,1.2,0.625,0,0,0,0,0,0,1.6762518992493387,0.967822671818277,1.0262861075918894,0.967822671818277,1.0262861075918894,0,0.0,0,0.0,0.0,0
2010,182,356,34176,1.2,1.2,0.625,0,0,0,0,0,0,1.636779980982952,0.9711220090659692,1.0263885039073402,0.9711220090659692,1.0263885039073402,0,0.0,0,0.0,0.0,0
2010,183,361,34656,1.2,1.2,0.625,0,0,0,0,0,0,1.6378729068909277,0.9699491789289786,1.0263990010637745,0.9699491789289786,1.0263990010637745,0,0.0,0,0.0,0.0,0
2010,196,362,34752,1.2,1.2,0.625,0,0,0,0,0,0,1.642623302161775,0.9696918571686872,1.0274307048617275,0.9696918571686872,1.0274307048617275,0,0.0,0,0.0,0.0,0
2010,184,364,34944,1.2,1.2,0.625,0,0,0,0,0,0,1.6300962310815776,0.9651163237006924,1.0263393914686103,0.9651163237006924,1.0263393914686103,0,0.0,0,0.0,0.0,0
2010,198,366,35136,1.2,1.2,0.625,0,0,0,0,0,0,1.6377248071167454,0.9654441518650266,1.025907800801256,0.9654441518650266,1.025907800801256,0,0.0,0,0.0,0.0,0
2010,185,367,35232,1.2,1.2,0.625,0,0,0,0,0,0,1.640251756492726,0.9669137197793454,1.026297790372658,0.9669137197793454,1.026297790372658,0,0.0,0,0.0,0.0,0
2011,1,2,192,1.25,1.25,0.6875,0,0,0,0,0,0,1.753038072909532,0.9652012112574938,1.028417857083791,0.9652012112574938,1.028417857083791,0,0.0,0,0.0,0.0,0
2011,2,4,384,1.25,1.25,0.6875,0,0,0,0,0,0,1.7470517019164746,0.9703831596172164,1.0276400332470534,0.9703831596172164,1.0276400332470534,0,0.0,0,0.0,0.0,0
2011,3,6,576,1.25,1.25,0.6875,0,0,0,0,0,0,1.7602195567531744,0.9678909678305316,1.0281078051949222,0.9678909678305316,1.0281078051949222,0,0.0,0,0.0,0.0,0
2011,4,7,672,1.25,1.25,0.6875,0,0,0,0,0,0,1.7692071698890608,0.9688497343635842,1.027883822276335,0.9688497343635842,1.027883822276335,0,0.0,0,0.0,0.0,0
2011,5,10,960,1.25,1.25,0.6875,0,0,0,0,0,0,1.7506914117456642,0.9693513492697642,1.0278597943335148,0.9693513492697642,1.0278597943335148,0,0.0,0,0.0,0.0,0
2011,6,13,1248,1.25,1.25,0.6875,0,0,0,0,0,0,1.7657400380710009,0.9671903451812508,1.0276044417736725,0.9671903451812508,1.0276044417736725,0,0.0,0,0.0,0.0,0
2011,7,16,1536,1.25,1.25,0.6875,0,0,0,0,0,0,1.7754474318691036,0.9667570020233718,1.0269752053854964,0.9667570020233718,1.0269752053854964,0,0.0,0,0.0,0.0,0
2011,8,17,1632,1.25,1.25,0.6875,0,0,0,0,0,0,1.7595707919060857,0.971352943786438,1.0272166111881935,0.971352943786438,1.0272166111881935,0,0.0,0,0.0,0.0,0
2011,9,20,1920,1.25,1.25,0.6875,0,0,0,0,0,0,1.7530629958970538,0.970132279689628,1.028183305536826,0.970132279689628,1.028183305536826,0,0.0,0,0.0,0.0,0
2011,10,22,2112,1.25,1.25,0.6875,0,0,0,0,0,0,1.7626070975587986,0.9713788318710068,1.0271378384576757,0.9713788318710068,1.0271378384576757,0,0.0,0,0.0,0.0,0
2011,11,23,2208,1.25,1.25,0.6875,0,0,0,0,0,0,1.757648310367314,0.9699964017936724,1.027737131958009,0.9699964017936724,1.027737131958009,0,0.0,0,0.0,0.0,0
2011,12,25,2400,1.25,1.25,0.6875,0,0,0,0,0,0,1.734859831582089,0.9703599102410024,1.027496810319216,0.9703599102410024,1.027496810319216,0,0.0,0,0.0,0.0,0
2011,13,26,2496,1.25,1.25,0.6875,0,0,0,0,0,0,1.7671262136048946,0.9709024390308396,1.027498053884829,0.9709024390308396,1.027498053884829,0,0.0,0,0.0,0.0,0
2011,14,29,2784,1.25,1.25,0.6875,0,0,0,0,0,0,1.769286676289049,0.9686632537598592,1.0270362644172508,0.9686632537598592,1.0270362644172508,0,0.0,0,0.0,0.0,0
2011,15,30,2880,1.25,1.25,0.6875,0,0,0,0,0,0,1.7565898002592888,0.9679295388483684,1.0281640957567002,0.9679295388483684,1.0281640957567002,0,0.0,0,0.0,0.0,0
2011,16,31,2976,1.25,1.25,0.6875,0,0,0,0,0,0,1.739917466087567,0.9683904076461066,1.0282444658054144,0.9683904076461066,1.0282444658054144,0,0.0,0,0.0,0.0,0
2011,17,34,3264,1.25,1.25,0.6875,0,0,0,0,0,0,1.757431969365655,0.9671907130135688,1.0274428948213936,0.9671907130135688,1.0274428948213936,0,0.0,0,0.0,0.0,0
2011,18,37,3552,1.25,1.25,0.6875,0,0,0,0,0,0,1.7459643153288114,0.973166404965474,1.0283918116318835,0.973166404965474,1.0283918116318835,0,0.0,0,0.0,0.0,0
2011,19,38,3648,1.25,1.25,0.6875,0,0,0,0,0,0,1.772325943917292,0.9708007073938728,1.0287699942194883,0.9708007073938728,1.0287699942194883,0,0.0,0,0.0,0.0,0
2011,20,39,3744,1.25,1.25,0.6875,0,0,0,0,0,0,1.7695512834526386,0.9686198260888034,1.0275431725511983,0.9686198260888034,1.0275431725511983,0,0.0,0,0.0,0.0,0
2011,21,43,4128,1.25,1.25,0.6875,0,0,0,0,0,0,1.7650299839427273,0.9683456133283744,1.0274671382512344,0.9683456133283744,1.0274671382512344,0,0.0,0,0.0,0.0,0
2011,22,44,4224,1.25,1.25,0.6875,0,0,0,0,0,0,1.7520146730493291,0.97220565732239,1.0269144351808948,0.97220565732239,1.0269144351808948,0,0.0,0,0.0,0.0,0
2011,23,46,4416,1.25,1.25,0.6875,0,0,0,0,0,0,1.7641177869391098,0.967228628548135,1.0276386005147038,0.967228628548135,1.0276386005147038,0,0.0,0,0.0,0.0,0
2011,24,49,4704,1.25,1.25,0.6875,0,0,0,0,0,0,1.773744529630318,0.9694711902449158,1.027036478944385,0.9694711902449158,1.027036478944385,0,0.0,0,0.0,0.0,0
2011,25,50,4800,1.25,1.25,0.6875,0,0,0,0,0,0,1.7290055390517955,0.971073457347828,1.0281372510492175,0.971073457347828,1.0281372510492175,0,0.0,0,0.0,0.0,0
2011,26,51,4896,1.25,1.25,0.6875,0,0,0,0,0,0,1.7750561067813373,0.9695251484527412,1.0278196919723646,0.9695251484527412,1.0278196919723646,0,0.0,0,0.0,0.0,0
2011,27,53,5088,1.25,1.25,0.6875,0,0,0,0,0,0,1.73573690468677,0.9698397141958888,1.026815499447703,0.9698397141958888,1.026815499447703,0,0.0,0,0.0,0.0,0
2011,28,54,5184,1.25,1.25,0.6875,0,0,0,0,0,0,1.7606056582078478,0.9685020434492396,1.0278489758873175,0.9685020434492396,1.0278489758873175,0,0.0,0,0.0,0.0,0
2011,29,55,5280,1.25,1.25,0.6875,0,0,0,0,0,0,1.769290706741368,0.9684307055872826,1.0280496767041136,0.9684307055872826,1.0280496767041136,0,0.0,0,0.0,0.0,0
2011,30,56,5376,1.25,1.25,0.6875,0,0,0,0,0,0,1.7673338841169866,0.9715721503143758,1.027695397803998,0.9715721503143758,1.027695397803998,0,0.0,0,0.0,0.0,0
2011,31,57,5472,1.25,1.25,0.6875,0,0,0,0,0,0,1.7442109416510094,0.972243296741372,1.027498559295722,0.972243296741372,1.027498559295722,0,0.0,0,0.0,0.0,0
2011,32,59,5664,1.25,1.25,0.6875,0,0,0,0,0,0,1.7361633035029769,0.970127283404976,1.0276561124669783,0.970127283404976,1.0276561124669783,0,0.0,0,0.0,0.0,0
2011,33,60,5760,1.25,1.25,0.6875,0,0,0,0,0,0,1.7513639834038963,0.9666334228894584,1.02662959609738,0.9666334228894584,1.02662959609738,0,0.0,0,0.0,0.0,0
2011,34,62,5952,1.25,1.25,0.6875,0,0,0,0,0,0,1.761233363357244,0.9673986151474196,1.0284878087534115,0.9673986151474196,1.0284878087534115,0,0.0,0,0.0,0.0,0
2011,35,65,6240,1.25,1.25,0.6875,0,0,0,0,0,0,1.7583639412455965,0.9714908712357522,1.0271109989708151,0.9714908712357522,1.0271109989708151,0,0.0,0,0.0,0.0,0
2011,36,66,6336,1.25,1.25,0.6875,0,0,0,0,0,0,1.751811092433646,0.965356047346313,1.026958538051525,0.965356047346313,1.026958538051525,0,0.0,0,0.0,0.0,0
2011,37,67,6432,1.25,1.25,0.6875,0,0,0,0,0,0,1.7511489731381134,0.969980425019364,1.0274608444729862,0.969980425019364,1.0274608444729862,0,0.0,0,0.0,0.0,0
2011,38,68,6528,1.25,1.25,0.6875,0,0,0,0,0,0,1.7564839643519827,0.9696498274159624,1.0281360050114492,0.9696498274159624,1.0281360050114492,0,0.0,0,0.0,0.0,0
2011,39,69,6624,1.25,1.25,0.6875,0,0,0,0,0,0,1.7695003835323746,0.9692605976883676,1.0274654517552906,0.9692605976883676,1.0274654517552906,0,0.0,0,0.0,0.0,0
2011,40,70,6720,1.25,1.25,0.6875,0,0,0,0,0,0,1.764146212772566,0.969138934119308,1.0278489163075022,0.969138934119308,1.0278489163075022,0,0.0,0,0.0,0.0,0
2011,41,71,6816,1.25,1.25,0.6875,0,0,0,0,0,0,1.7682538539714612,0.9713023629056536,1.0271409327368992,0.9713023629056536,1.0271409327368992,0,0.0,0,0.0,0.0,0
2011,42,74,7104,1.25,1.25,0.6875,0,0,0,0,0,0,1.7806359835191128,0.9721769151658752,1.0282884056583943,0.9721769151658752,1.0282884056583943,0,0.0,0,0.0,0.0,0
2011,43,80,7680,1.25,1.25,0.6875,0,0,0,0,0,0,1.7271101981786388,0.9675856671041432,1.0281881589805548,0.9675856671041432,1.0281881589805548,0,0.0,0,0.0,0.0,0
2011,44,81,7776,1.25,1.25,0.6875,0,0,0,0,0,0,1.7499786077607768,0.9691974690583138,1.027678265462548,0.9691974690583138,1.027678265462548,0,0.0,0,0.0,0.0,0
2011,45,82,7872,1.25,1.25,0.6875,0,0,0,0,0,0,1.7573367455611055,0.9673211745669557,1.0275166799846993,0.9673211745669557,1.0275166799846993,0,0.0,0,0.0,0.0,0
2011,46,84,8064,1.25,1.25,0.6875,0,0,0,0,0,0,1.7566273268654031,0.9680012860879924,1.027634689109746,0.9680012860879924,1.027634689109746,0,0.0,0,0.0,0.0,0
2011,47,85,8160,1.25,1.25,0.6875,0,0,0,0,0,0,1.73697266691706,0.9728770244971722,1.027698975625709,0.9728770244971722,1.027698975625709,0,0.0,0,0.0,0.0,0
2011,47,86,8256,1.25,1.25,0.6875,0,0,0,0,0,0,1.7624540340810946,0.9700854126443604,1.027223166111621,0.9700854126443604,1.027223166111621,0,0.0,0,0.0,0.0,0
2011,48,87,8352,1.25,1.25,0.6875,0,0,0,0,0,0,1.781851375561114,0.9691859438288196,1.027979013806146,0.9691859438288196,1.027979013806146,0,0.0,0,0.0,0.0,0
2011,49,93,8928,1.25,1.25,0.6875,0,0,0,0,0,0,1.7507742960360313,0.9695625616341992,1.028124076627588,0.9695625616341992,1.028124076627588,0,0.0,0,0.0,0.0,0
2011,50,94,9024,1.25,1.25,0.6875,0,0,0,0,0,0,1.756592509987589,0.972095149769321,1.0267913832743385,0.972095149769321,1.0267913832743385,0,0.0,0,0.0,0.0,0
2011,51,95,9120,1.25,1.25,0.6875,0,0,0,0,0,0,1.760637054124876,0.9709730446152172,1.0278717734877416,0.9709730446152172,1.0278717734877416,0,0.0,0,0.0,0.0,0
2011,52,97,9312,1.25,1.25,0.6875,0,0,0,0,0,0,1.7546174940891248,0.9706570849320428,1.0279682533320245,0.9706570849320428,1.0279682533320245,0,0.0,0,0.0,0.0,0
2011,53,98,9408,1.25,1.25,0.6875,0,0,0,0,0,0,1.744650267385886,0.9682967067423216,1.0269039657396886,0.9682967067423216,1.0269039657396886,0,0.0,0,0.0,0.0,0
2011,54,101,9696,1.25,1.25,0.6875,0,0,0,0,0,0,1.7686606828771223,0.9693139516756668,1.027559423171593,0.9693139516756668,1.027559423171593,0,0.0,0,0.0,0.0,0
2011,55,102,9792,1.25,1.25,0.6875,0,0,0,0,0,0,1.764393283043474,0.9695936629929884,1.027594101899428,0.9695936629929884,1.027594101899428,0,0.0,0,0.0,0.0,0
2011,56,107,10272,1.25,1.25,0.6875,0,0,0,0,0,0,1.7445921173845609,0.966139717251824,1.0284734485917024,0.966139717251824,1.0284734485917024,0,0.0,0,0.0,0.0,0
2011,57,109,10464,1.25,1.25,0.6875,0,0,0,0,0,0,1.749529414559028,0.9668836099513064,1.0273155965220797,0.9668836099513064,1.0273155965220797,0,0.0,0,0.0,0.0,0
2011,58,111,10656,1.25,1.25,0.6875,0,0,0,0,0,0,1.7700326842354557,0.9673394087253075,1.027586974885671,0.9673394087253075,1.027586974885671,0,0.0,0,0.0,0.0,0
2011,59,114,10944,1.25,1.25,0.6875,0,0,0,0,0,0,1.7504568174835364,0.970155436616646,1.0272300389502402,0.970155436616646,1.0272300389502402,0,0.0,0,0.0,0.0,0
2011,60,116,11136,1.25,1.25,0.6875,0,0,0,0,0,0,1.7798042202411184,0.9658407434550988,1.027895259887214,0.9658407434550988,1.027895259887214,0,0.0,0,0.0,0.0,0
2011,61,117,11232,1.25,1.25,0.6875,0,0,0,0,0,0,1.758457419088023,0.9708972901637336,1.0273379370836395,0.9708972901637336,1.0273379370836395,0,0.0,0,0.0,0.0,0
2011,62,119,11424,1.25,1.25,0.6875,0,0,0,0,0,0,1.756564276954315,0.96934884820433,1.028060245003136,0.96934884820433,1.028060245003136,0,0.0,0,0.0,0.0,0
2011,63,120,11520,1.25,1.25,0.6875,0,0,0,0,0,0,1.7565274840177292,0.9675110462235098,1.027678963218059,0.9675110462235098,1.027678963218059,0,0.0,0,0.0,0.0,0
2011,63,122,11712,1.25,1.25,0.6875,0,0,0,0,0,0,1.7570057441344191,0.9711325348475875,1.028507358912406,0.9711325348475875,1.028507358912406,0,0.0,0,0.0,0.0,0
2011,64,123,11808,1.25,1.25,0.6875,0,0,0,0,0,0,1.7504949204766906,0.9677206194682548,1.0269053918232258,0.9677206194682548,1.0269053918232258,0,0.0,0,0.0,0.0,0
2011,65,125,12000,1.25,1.25,0.6875,0,0,0,0,0,0,1.7564447958859146,0.9686829623520358,1.0268035510732294,0.9686829623520358,1.0268035510732294,0,0.0,0,0.0,0.0,0
2011,66,126,12096,1.25,1.25,0.6875,0,0,0,0,0,0,1.7708173147762625,0.9681700123760916,1.0274166727117098,0.9681700123760916,1.0274166727117098,0,0.0,0,0.0,0.0,0
2011,67,128,12288,1.25,1.25,0.6875,0,0,0,0,0,0,1.7617609283748834,0.9694207232287134,1.0282317249963502,0.9694207232287134,1.0282317249963502,0,0.0,0,0.0,0.0,0
2011,68,129,12384,1.25,1.25,0.6875,0,0,0,0,0,0,1.7795760030410346,0.96648489507596,1.027205929593472,0.96648489507596,1.027205929593472,0,0.0,0,0.0,0.0,0
2011,69,131,12576,1.25,1.25,0.6875,0,0,0,0,0,0,1.751614663855272,0.9691155875465538,1.0271382103181248,0.9691155875465538,1.0271382103181248,0,0.0,0,0.0,0.0,0
2011,70,133,12768,1.25,1.25,0.6875,0,0,0,0,0,0,1.7689225157061714,0.9672630257881412,1.0269504430636651,0.9672630257881412,1.0269504430636651,0,0.0,0,0.0,0.0,0
2011,71,134,12864,1.25,1.25,0.6875,0,0,0,0,0,0,1.739084659117386,0.9675926333972106,1.0284938834207282,0.9675926333972106,1.0284938834207282,0,0.0,0,0.0,0.0,0
2011,72,136,13056,1.25,1.25,0.6875,0,0,0,0,0,0,1.777152898068696,0.9709349115048832,1.0282948591102816,0.9709349115048832,1.0282948591102816,0,0.0,0,0.0,0.0,0
2011,73,140,13440,1.25,1.25,0.6875,0,0,0,0,0,0,1.7386927453232164,0.9686321552197004,1.0270616755512496,0.9686321552197004,1.0270616755512496,0,0.0,0,0.0,0.0,0
2011,74,141,13536,1.25,1.25,0.6875,0,0,0,0,0,0,1.752579650539489,0.9677330290025292,1.027337259882216,0.9677330290025292,1.027337259882216,0,0.0,0,0.0,0.0,0
2011,75,142,13632,1.25,1.25,0.6875,0,0,0,0,0,0,1.7627578356023714,0.9699258070208644,1.027649998340528,0.9699258070208644,1.027649998340528,0,0.0,0,0.0,0.0,0
2011,76,143,13728,1.25,1.25,0.6875,0,0,0,0,0,0,1.7684074555082618,0.968369322295874,1.0275162589384317,0.968369322295874,1.0275162589384317,0,0.0,0,0.0,0.0,0
2011,77,145,13920,1.25,1.25,0.6875,0,0,0,0,0,0,1.7503280151483516,0.972481129153683,1.0278347826957634,0.972481129153683,1.0278347826957634,0,0.0,0,0.0,0.0,0
2011,78,148,14208,1.25,1.25,0.6875,0,0,0,0,0,0,1.7468596029065406,0.9672873414569704,1.0278083140219891,0.9672873414569704,1.0278083140219891,0,0.0,0,0.0,0.0,0
2011,79,149,14304,1.25,1.25,0.6875,0,0,0,0,0,0,1.768328277191326,0.9663486986683268,1.0282339441642647,0.9663486986683268,1.0282339441642647,0,0.0,0,0.0,0.0,0
2011,80,151,14496,1.25,1.25,0.6875,0,0,0,0,0,0,1.7669297344021062,0.9694952463016538,1.0272575915054385,0.9694952463016538,1.0272575915054385,0,0.0,0,0.0,0.0,0
2011,81,152,14592,1.25,1.25,0.6875,0,0,0,0,0,0,1.7494459106263225,0.9696183373813066,1.0275707326245964,0.9696183373813066,1.0275707326245964,0,0.0,0,0.0,0.0,0
2011,82,154,14784,1.25,1.25,0.6875,0,0,0,0,0,0,1.751782698719607,0.9691511868792418,1.0265563748275033,0.9691511868792418,1.0265563748275033,0,0.0,0,0.0,0.0,0
2011,83,156,14976,1.25,1.25,0.6875,0,0,0,0,0,0,1.7790886247172102,0.966869461169414,1.0276964194697509,0.966869461169414,1.0276964194697509,0,0.0,0,0.0,0.0,0
2011,84,157,15072,1.25,1.25,0.6875,0,0,0,0,0,0,1.7573619347448255,0.9696017457501184,1.0276489586320994,0.9696017457501184,1.0276489586320994,0,0.0,0,0.0,0.0,0
2011,85,166,15936,1.25,1.25,0.6875,0,0,0,0,0,0,1.7510848241209132,0.9696060230214498,1.027258958004768,0.9696060230214498,1.027258958004768,0,0.0,0,0.0,0.0,0
2011,87,168,16128,1.25,1.25,0.6875,0,0,0,0,0,0,1.7715922168229543,0.9690909706609828,1.027696839128932,0.9690909706609828,1.027696839128932,0,0.0,0,0.0,0.0,0
2011,86,169,16224,1.25,1.25,0.6875,0,0,0,0,0,0,1.7592251472789306,0.9709159713505272,1.0273998795692012,0.9709159713505272,1.0273998795692012,0,0.0,0,0.0,0.0,0
2011,87,171,16416,1.25,1.25,0.6875,0,0,0,0,0,0,1.745981627061213,0.9689644123427944,1.0269706690365548,0.9689644123427944,1.0269706690365548,0,0.0,0,0.0,0.0,0
2011,88,172,16512,1.25,1.25,0.6875,0,0,0,0,0,0,1.7576076282393482,0.9663849873915616,1.0279791450100444,0.9663849873915616,1.0279791450100444,0,0.0,0,0.0,0.0,0
2011,89,173,16608,1.25,1.25,0.6875,0,0,0,0,0,0,1.7478978176443445,0.9686040017797524,1.0272607605227324,0.9686040017797524,1.0272607605227324,0,0.0,0,0.0,0.0,0
2011,90,175,16800,1.25,1.25,0.6875,0,0,0,0,0,0,1.7663513934669497,0.9680425706897304,1.027262348919605,0.9680425706897304,1.027262348919605,0,0.0,0,0.0,0.0,0
2011,91,176,16896,1.25,1.25,0.6875,0,0,0,0,0,0,1.7732709956242805,0.9694305010232676,1.0282361616246714,0.9694305010232676,1.0282361616246714,0,0.0,0,0.0,0.0,0
2011,92,178,17088,1.25,1.25,0.6875,0,0,0,0,0,0,1.7689340259411794,0.9686790684688278,1.0278225740332785,0.9686790684688278,1.0278225740332785,0,0.0,0,0.0,0.0,0
2011,93,179,17184,1.25,1.25,0.6875,0,0,0,0,0,0,1.7772121514525177,0.966929700285626,1.0282667365051834,0.966929700285626,1.0282667365051834,0,0.0,0,0.0,0.0,0
2011,94,181,17376,1.25,1.25,0.6875,0,0,0,0,0,0,1.7670797450503342,0.9692695478175288,1.0275681962919665,0.9692695478175288,1.0275681962919665,0,0.0,0,0.0,0.0,0
2011,95,183,17568,1.25,1.25,0.6875,0,0,0,0,0,0,1.7637104682616342,0.9688935731986672,1.0274696344421992,0.9688935731986672,1.0274696344421992,0,0.0,0,0.0,0.0,0
2011,96,184,17664,1.25,1.25,0.6875,0,0,0,0,0,0,1.7646495253409926,0.9706475020867664,1.0276980338050203,0.9706475020867664,1.0276980338050203,0,0.0,0,0.0,0.0,0
2011,97,187,17952,1.25,1.25,0.6875,0,0,0,0,0,0,1.7512431896197342,0.9666418149970916,1.027797787727134,0.9666418149970916,1.027797787727134,0,0.0,0,0.0,0.0,0
2011,100,190,18240,1.25,1.25,0.6875,0,0,0,0,0,0,1.7515647185186378,0.9707511509849795,1.0268102626595332,0.9707511509849795,1.0268102626595332,0,0.0,0,0.0,0.0,0
2011,98,192,18432,1.25,1.25,0.6875,0,0,0,0,0,0,1.7805131546097672,0.9682725728273316,1.0276223931943491,0.9682725728273316,1.0276223931943491,0,0.0,0,0.0,0.0,0
2011,99,193,18528,1.25,1.25,0.6875,0,0,0,0,0,0,1.7633273192924983,0.9684844269880356,1.0279906790451905,0.9684844269880356,1.0279906790451905,0,0.0,0,0.0,0.0,0
2011,100,197,18912,1.25,1.25,0.6875,0,0,0,0,0,0,1.7633341242697418,0.9681029550538948,1.0280822097794091,0.9681029550538948,1.0280822097794091,0,0.0,0,0.0,0.0,0
2011,101,201,19296,1.25,1.25,0.6875,0,0,0,0,0,0,1.753478282651513,0.9676561549800315,1.0272782353730925,0.9676561549800315,1.0272782353730925,0,0.0,0,0.0,0.0,0
2011,102,205,19680,1.25,1.25,0.6875,0,0,0,0,0,0,1.7506957999043309,0.9697417369565944,1.0262400781316905,0.9697417369565944,1.0262400781316905,0,0.0,0,0.0,0.0,0
2011,103,207,19872,1.25,1.25,0.6875,0,0,0,0,0,0,1.7705796969624947,0.9626426411606236,1.0280583097332805,0.9626426411606236,1.0280583097332805,0,0.0,0,0.0,0.0,0
2011,104,210,20160,1.25,1.25,0.6875,0,0,0,0,0,0,1.750032709267548,0.9646669010118728,1.027973955609217,0.9646669010118728,1.027973955609217,0,0.0,0,0.0,0.0,0
2011,105,212,20352,1.25,1.25,0.6875,0,0,0,0,0,0,1.7564159322837087,0.9667919555106136,1.027592662970339,0.9667919555106136,1.027592662970339,0,0.0,0,0.0,0.0,0
2011,106,213,20448,1.25,1.25,0.6875,0,0,0,0,0,0,1.762225059617826,0.9690815028173104,1.0276433118241326,0.9690815028173104,1.0276433118241326,0,0.0,0,0.0,0.0,0
2011,107,216,20736,1.25,1.25,0.6875,0,0,0,0,0,0,1.7476038618234349,0.9692054120530073,1.028723138896901,0.9692054120530073,1.028723138896901,0,0.0,0,0.0,0.0,0
2011,108,219,21024,1.25,1.25,0.6875,0,0,0,0,0,0,1.7808409224402988,0.9678629458130183,1.027045391752777,0.9678629458130183,1.027045391752777,0,0.0,0,0.0,0.0,0
2011,109,220,21120,1.25,1.25,0.6875,0,0,0,0,0,0,1.7782780813934171,0.9707616875181074,1.0269842363467774,0.9707616875181074,1.0269842363467774,0,0.0,0,0.0,0.0,0
2011,110,226,21696,1.25,1.25,0.6875,0,0,0,0,0,0,1.7551211683699577,0.9673751863368096,1.027704658393488,0.9673751863368096,1.027704658393488,0,0.0,0,0.0,0.0,0
2011,114,228,21888,1.25,1.25,0.6875,0,0,0,0,0,0,1.7802480813943498,0.9724341879222668,1.027746259542086,0.9724341879222668,1.027746259542086,0,0.0,0,0.0,0.0,0
2011,111,230,22080,1.25,1.25,0.6875,0,0,0,0,0,0,1.756875558885062,0.9696888408672096,1.027646885176314,0.9696888408672096,1.027646885176314,0,0.0,0,0.0,0.0,0
2011,112,231,22176,1.25,1.25,0.6875,0,0,0,0,0,0,1.7660110301689014,0.9705062007010856,1.0276473198982166,0.9705062007010856,1.0276473198982166,0,0.0,0,0.0,0.0,0
2011,113,232,22272,1.25,1.25,0.6875,0,0,0,0,0,0,1.753343449531121,0.9711304660080536,1.0279092720672378,0.9711304660080536,1.0279092720672378,0,0.0,0,0.0,0.0,0
2011,114,234,22464,1.25,1.25,0.6875,0,0,0,0,0,0,1.7618680687274173,0.969009990238,1.0274001376143556,0.969009990238,1.0274001376143556,0,0.0,0,0.0,0.0,0
2011,115,235,22560,1.25,1.25,0.6875,0,0,0,0,0,0,1.7679555772043432,0.9673735964515078,1.0281663368012113,0.9673735964515078,1.0281663368012113,0,0.0,0,0.0,0.0,0
2011,116,236,22656,1.25,1.25,0.6875,0,0,0,0,0,0,1.7732065152406238,0.9706651651023092,1.027605969863886,0.9706651651023092,1.027605969863886,0,0.0,0,0.0,0.0,0
2011,117,239,22944,1.25,1.25,0.6875,0,0,0,0,0,0,1.7587808521112025,0.9693456781568468,1.027978571782354,0.9693456781568468,1.027978571782354,0,0.0,0,0.0,0.0,0
2011,118,240,23040,1.25,1.25,0.6875,0,0,0,0,0,0,1.7664048413459377,0.9697579783273834,1.0272276016061006,0.9697579783273834,1.0272276016061006,0,0.0,0,0.0,0.0,0
2011,123,241,23136,1.25,1.25,0.6875,0,0,0,0,0,0,1.7510719324767547,0.9686374179189216,1.0279322511440736,0.9686374179189216,1.0279322511440736,0,0.0,0,0.0,0.0,0
2011,119,244,23424,1.25,1.25,0.6875,0,0,0,0,0,0,1.7656356773198232,0.9704069928666949,1.027608051160336,0.9704069928666949,1.027608051160336,0,0.0,0,0.0,0.0,0
2011,120,245,23520,1.25,1.25,0.6875,0,0,0,0,0,0,1.7485570867006994,0.9691905873460528,1.0278773888152846,0.9691905873460528,1.0278773888152846,0,0.0,0,0.0,0.0,0
2011,121,248,23808,1.25,1.25,0.6875,0,0,0,0,0,0,1.7710645695584322,0.9707877291330972,1.027949893724501,0.9707877291330972,1.027949893724501,0,0.0,0,0.0,0.0,0
2011,122,251,24096,1.25,1.25,0.6875,0,0,0,0,0,0,1.747807078351597,0.969517170263914,1.027143233225654,0.969517170263914,1.027143233225654,0,0.0,0,0.0,0.0,0
2011,123,253,24288,1.25,1.25,0.6875,0,0,0,0,0,0,1.7517106182492372,0.9695200879326566,1.028290570369205,0.9695200879326566,1.028290570369205,0,0.0,0,0.0,0.0,0
2011,124,254,24384,1.25,1.25,0.6875,0,0,0,0,0,0,1.7446518265609692,0.971384622174007,1.0270897536480346,0.971384622174007,1.0270897536480346,0,0.0,0,0.0,0.0,0
2011,125,257,24672,1.25,1.25,0.6875,0,0,0,0,0,0,1.7413361960111675,0.9714206546652434,1.0269313377663614,0.9714206546652434,1.0269313377663614,0,0.0,0,0.0,0.0,0
2011,126,259,24864,1.25,1.25,0.6875,0,0,0,0,0,0,1.7557487053751997,0.9723224350983968,1.0278020120675146,0.9723224350983968,1.0278020120675146,0,0.0,0,0.0,0.0,0
2011,127,261,25056,1.25,1.25,0.6875,0,0,0,0,0,0,1.7748640781628702,0.9684260830337766,1.0275567432414443,0.9684260830337766,1.0275567432414443,0,0.0,0,0.0,0.0,0
2011,128,266,25536,1.25,1.25,0.6875,0,0,0,0,0,0,1.7599347446746203,0.9681131209595104,1.027826359144402,0.9681131209595104,1.027826359144402,0,0.0,0,0.0,0.0,0
2011,129,267,25632,1.25,1.25,0.6875,0,0,0,0,0,0,1.7630584481943032,0.970213143540016,1.0281612840648997,0.970213143540016,1.0281612840648997,0,0.0,0,0.0,0.0,0
2011,130,268,25728,1.25,1.25,0.6875,0,0,0,0,0,0,1.754697003631466,0.9703692502891226,1.0273756717845282,0.9703692502891226,1.0273756717845282,0,0.0,0,0.0,0.0,0
2011,131,269,25824,1.25,1.25,0.6875,0,0,0,0,0,0,1.768407437963537,0.9699381998379848,1.0265391294299808,0.9699381998379848,1.0265391294299808,0,0.0,0,0.0,0.0,0
2011,132,271,26016,1.25,1.25,0.6875,0,0,0,0,0,0,1.770884882906464,0.9664965932073604,1.02795122479418,0.9664965932073604,1.02795122479418,0,0.0,0,0.0,0.0,0
2011,133,272,26112,1.25,1.25,0.6875,0,0,0,0,0,0,1.7589839416171116,0.9714511649915554,1.0277605077632712,0.9714511649915554,1.0277605077632712,0,0.0,0,0.0,0.0,0
2011,134,273,26208,1.25,1.25,0.6875,0,0,0,0,0,0,1.763530939071872,0.962827896919828,1.0271940563915678,0.962827896919828,1.0271940563915678,0,0.0,0,0.0,0.0,0
2011,135,275,26400,1.25,1.25,0.6875,0,0,0,0,0,0,1.740309603748563,0.9713841986992998,1.0274359280617726,0.9713841986992998,1.0274359280617726,0,0.0,0,0.0,0.0,0
2011,136,276,26496,1.25,1.25,0.6875,0,0,0,0,0,0,1.767628062530582,0.9674631401954692,1.027300600797057,0.9674631401954692,1.027300600797057,0,0.0,0,0.0,0.0,0
2011,142,278,26688,1.25,1.25,0.6875,0,0,0,0,0,0,1.7626349286295728,0.970430524280486,1.0277133883152332,0.970430524280486,1.0277133883152332,0,0.0,0,0.0,0.0,0
2011,143,280,26880,1.25,1.25,0.6875,0,0,0,0,0,0,1.7481583986029143,0.9671236675061544,1.0273433973412551,0.9671236675061544,1.0273433973412551,0,0.0,0,0.0,0.0,0
2011,144,281,26976,1.25,1.25,0.6875,0,0,0,0,0,0,1.720085822174464,0.970690999832632,1.027948791090708,0.970690999832632,1.027948791090708,0,0.0,0,0.0,0.0,0
2011,137,282,27072,1.25,1.25,0.6875,0,0,0,0,0,0,1.753768817255491,0.9722245317180002,1.0263978087297705,0.9722245317180002,1.0263978087297705,0,0.0,0,0.0,0.0,0
2011,138,283,27168,1.25,1.25,0.6875,0,0,0,0,0,0,1.7477786089132714,0.9708610819396783,1.0275757141561406,0.9708610819396783,1.0275757141561406,0,0.0,0,0.0,0.0,0
2011,139,284,27264,1.25,1.25,0.6875,0,0,0,0,0,0,1.768825716347648,0.9693609860873846,1.0275071001108185,0.9693609860873846,1.0275071001108185,0,0.0,0,0.0,0.0,0
2011,140,285,27360,1.25,1.25,0.6875,0,0,0,0,0,0,1.778567671688378,0.9702306234324584,1.0280130163376962,0.9702306234324584,1.0280130163376962,0,0.0,0,0.0,0.0,0
2011,141,287,27552,1.25,1.25,0.6875,0,0,0,0,0,0,1.7725678970357333,0.9689260294571862,1.0280287166910214,0.9689260294571862,1.0280287166910214,0,0.0,0,0.0,0.0,0
2011,142,288,27648,1.25,1.25,0.6875,0,0,0,0,0,0,1.750230292574455,0.970575065023956,1.028248535179195,0.970575065023956,1.028248535179195,0,0.0,0,0.0,0.0,0
2011,143,289,27744,1.25,1.25,0.6875,0,0,0,0,0,0,1.7419467291271395,0.9679625845403446,1.0273854109142977,0.9679625845403446,1.0273854109142977,0,0.0,0,0.0,0.0,0
2011,144,290,27840,1.25,1.25,0.6875,0,0,0,0,0,0,1.7609960462585204,0.9679027177841164,1.0269478719089205,0.9679027177841164,1.0269478719089205,0,0.0,0,0.0,0.0,0
2011,153,291,27936,1.25,1.25,0.6875,0,0,0,0,0,0,1.772097502676995,0.968229293182588,1.027270771062979,0.968229293182588,1.027270771062979,0,0.0,0,0.0,0.0,0
2011,145,292,28032,1.25,1.25,0.6875,0,0,0,0,0,0,1.72772546519678,0.9693236686933872,1.0282632575872892,0.9693236686933872,1.0282632575872892,0,0.0,0,0.0,0.0,0
2011,146,293,28128,1.25,1.25,0.6875,0,0,0,0,0,0,1.7658734824584343,0.969256362697313,1.0272771191954648,0.969256362697313,1.0272771191954648,0,0.0,0,0.0,0.0,0
2011,147,294,28224,1.25,1.25,0.6875,0,0,0,0,0,0,1.7523033867030358,0.9700095220022072,1.0277040174678038,0.9700095220022072,1.0277040174678038,0,0.0,0,0.0,0.0,0
2011,148,295,28320,1.25,1.25,0.6875,0,0,0,0,0,0,1.7559678432660577,0.9698785811039116,1.0287433913788189,0.9698785811039116,1.0287433913788189,0,0.0,0,0.0,0.0,0
2011,149,296,28416,1.25,1.25,0.6875,0,0,0,0,0,0,1.7561136579807424,0.9694824703014268,1.0285626669749308,0.9694824703014268,1.0285626669749308,0,0.0,0,0.0,0.0,0
2011,150,297,28512,1.25,1.25,0.6875,0,0,0,0,0,0,1.7753935683661326,0.9679921317760588,1.028139656830784,0.9679921317760588,1.028139656830784,0,0.0,0,0.0,0.0,0
2011,160,298,28608,1.25,1.25,0.6875,0,0,0,0,0,0,1.762097375605192,0.9731949998495536,1.0269015489690352,0.9731949998495536,1.0269015489690352,0,0.0,0,0.0,0.0,0
2011,151,299,28704,1.25,1.25,0.6875,0,0,0,0,0,0,1.7720299580080838,0.9665002710039828,1.0271018897630044,0.9665002710039828,1.0271018897630044,0,0.0,0,0.0,0.0,0
2011,152,300,28800,1.25,1.25,0.6875,0,0,0,0,0,0,1.7581956342415166,0.9724951463736716,1.027943645331653,0.9724951463736716,1.027943645331653,0,0.0,0,0.0,0.0,0
2011,153,302,28992,1.25,1.25,0.6875,0,0,0,0,0,0,1.7673272812375662,0.9726374512776798,1.0274673304160582,0.9726374512776798,1.0274673304160582,0,0.0,0,0.0,0.0,0
2011,154,305,29280,1.25,1.25,0.6875,0,0,0,0,0,0,1.7624135137413517,0.9693494806388676,1.0265088185916191,0.9693494806388676,1.0265088185916191,0,0.0,0,0.0,0.0,0
2011,155,306,29376,1.25,1.25,0.6875,0,0,0,0,0,0,1.7351789249712073,0.9683332596401294,1.0278415934760874,0.9683332596401294,1.0278415934760874,0,0.0,0,0.0,0.0,0
2011,156,307,29472,1.25,1.25,0.6875,0,0,0,0,0,0,1.7562834262871212,0.969903748521274,1.027444168037446,0.969903748521274,1.027444168037446,0,0.0,0,0.0,0.0,0
2011,157,308,29568,1.25,1.25,0.6875,0,0,0,0,0,0,1.7517816454302086,0.9659512356058936,1.0275080390137967,0.9659512356058936,1.0275080390137967,0,0.0,0,0.0,0.0,0
2011,158,312,29952,1.25,1.25,0.6875,0,0,0,0,0,0,1.7453657311348378,0.9657446268702964,1.0279349886852092,0.9657446268702964,1.0279349886852092,0,0.0,0,0.0,0.0,0
2011,159,315,30240,1.25,1.25,0.6875,0,0,0,0,0,0,1.771214709113122,0.9693382434068292,1.0274821428848255,0.9693382434068292,1.0274821428848255,0,0.0,0,0.0,0.0,0
2011,160,317,30432,1.25,1.25,0.6875,0,0,0,0,0,0,1.7792513660092368,0.966869176554473,1.0272216546722377,0.966869176554473,1.0272216546722377,0,0.0,0,0.0,0.0,0
2011,161,319,30624,1.25,1.25,0.6875,0,0,0,0,0,0,1.7631446178699242,0.9652419437958828,1.0276577016779371,0.9652419437958828,1.0276577016779371,0,0.0,0,0.0,0.0,0
2011,162,321,30816,1.25,1.25,0.6875,0,0,0,0,0,0,1.749692210262122,0.9685429767114108,1.0267970594715274,0.9685429767114108,1.0267970594715274,0,0.0,0,0.0,0.0,0
2011,173,322,30912,1.25,1.25,0.6875,0,0,0,0,0,0,1.7492447987081357,0.968383732508322,1.027751766617649,0.968383732508322,1.027751766617649,0,0.0,0,0.0,0.0,0
2011,163,326,31296,1.25,1.25,0.6875,0,0,0,0,0,0,1.7596360513277685,0.9634981531998684,1.027406835058801,0.9634981531998684,1.027406835058801,0,0.0,0,0.0,0.0,0
2011,164,329,31584,1.25,1.25,0.6875,0,0,0,0,0,0,1.7770506681548977,0.969778213309626,1.0282081472428724,0.969778213309626,1.0282081472428724,0,0.0,0,0.0,0.0,0
2011,165,331,31776,1.25,1.25,0.6875,0,0,0,0,0,0,1.780672149749871,0.9708111108825338,1.0269818458977855,0.9708111108825338,1.0269818458977855,0,0.0,0,0.0,0.0,0
2011,166,332,31872,1.25,1.25,0.6875,0,0,0,0,0,0,1.7635449882389125,0.9662053228997234,1.027619640839644,0.9662053228997234,1.027619640839644,0,0.0,0,0.0,0.0,0
2011,167,333,31968,1.25,1.25,0.6875,0,0,0,0,0,0,1.7443346402002913,0.971860991010102,1.0273063483538392,0.971860991010102,1.0273063483538392,0,0.0,0,0.0,0.0,0
2011,168,335,32160,1.25,1.25,0.6875,0,0,0,0,0,0,1.7587264497872133,0.9694092728176578,1.0293966771562435,0.9694092728176578,1.0293966771562435,0,0.0,0,0.0,0.0,0
2011,169,336,32256,1.25,1.25,0.6875,0,0,0,0,0,0,1.773032274966993,0.965979603877832,1.0266201909976782,0.965979603877832,1.0266201909976782,0,0.0,0,0.0,0.0,0
2011,170,337,32352,1.25,1.25,0.6875,0,0,0,0,0,0,1.763002538172522,0.971967247785483,1.0270710507905672,0.971967247785483,1.0270710507905672,0,0.0,0,0.0,0.0,0
2011,171,338,32448,1.25,1.25,0.6875,0,0,0,0,0,0,1.7669172278655672,0.9686232585905608,1.027519103958892,0.9686232585905608,1.027519103958892,0,0.0,0,0.0,0.0,0
2011,172,339,32544,1.25,1.25,0.6875,0,0,0,0,0,0,1.7811702619536205,0.9697424821084544,1.0276102820227384,0.9697424821084544,1.0276102820227384,0,0.0,0,0.0,0.0,0
2011,173,341,32736,1.25,1.25,0.6875,0,0,0,0,0,0,1.7317462909402106,0.9693166142886638,1.027177468655356,0.9693166142886638,1.027177468655356,0,0.0,0,0.0,0.0,0
2011,174,342,32832,1.25,1.25,0.6875,0,0,0,0,0,0,1.7528447860708294,0.9643003205053784,1.0281710759386704,0.9643003205053784,1.0281710759386704,0,0.0,0,0.0,0.0,0
2011,175,345,33120,1.25,1.25,0.6875,0,0,0,0,0,0,1.7380126579598512,0.9646692382028992,1.027726384326176,0.9646692382028992,1.027726384326176,0,0.0,0,0.0,0.0,0
2011,176,347,33312,1.25,1.25,0.6875,0,0,0,0,0,0,1.7656959553304166,0.9665350138691792,1.0280405567087485,0.9665350138691792,1.0280405567087485,0,0.0,0,0.0,0.0,0
2011,177,348,33408,1.25,1.25,0.6875,0,0,0,0,0,0,1.7483523167648332,0.9678185632194016,1.0276969137668648,0.9678185632194016,1.0276969137668648,0,0.0,0,0.0,0.0,0
2011,178,349,33504,1.25,1.25,0.6875,0,0,0,0,0,0,1.762801782480909,0.9644115216257056,1.0265900611377317,0.9644115216257056,1.0265900611377317,0,0.0,0,0.0,0.0,0
2011,179,351,33696,1.25,1.25,0.6875,0,0,0,0,0,0,1.7503826102597198,0.9710901998398244,1.0276924182352225,0.9710901998398244,1.0276924182352225,0,0.0,0,0.0,0.0,0
2011,191,352,33792,1.25,1.25,0.6875,0,0,0,0,0,0,1.784603553489015,0.9718235282414472,1.0283546608811722,0.9718235282414472,1.0283546608811722,0,0.0,0,0.0,0.0,0
2011,180,354,33984,1.25,1.25,0.6875,0,0,0,0,0,0,1.765820291610697,0.9693570219300228,1.0282827410664772,0.9693570219300228,1.0282827410664772,0,0.0,0,0.0,0.0,0
2011,181,355,34080,1.25,1.25,0.6875,0,0,0,0,0,0,1.7968718513373536,0.9691109203242598,1.0276467543827952,0.9691109203242598,1.0276467543827952,0,0.0,0,0.0,0.0,0
2011,182,356,34176,1.25,1.25,0.6875,0,0,0,0,0,0,1.7567205062317184,0.972365498323116,1.0273983983392616,0.972365498323116,1.0273983983392616,0,0.0,0,0.0,0.0,0
2011,183,361,34656,1.25,1.25,0.6875,0,0,0,0,0,0,1.7575443520035503,0.9711242803515836,1.0278184318894716,0.9711242803515836,1.0278184318894716,0,0.0,0,0.0,0.0,0
2011,196,362,34752,1.25,1.25,0.6875,0,0,0,0,0,0,1.7632671969770195,0.9709835992546104,1.0281193018666424,0.9709835992546104,1.0281193018666424,0,0.0,0,0.0,0.0,0
2011,184,364,34944,1.25,1.25,0.6875,0,0,0,0,0,0,1.7498002643350294,0.9664482984778204,1.0271748128422336,0.9664482984778204,1.0271748128422336,0,0.0,0,0.0,0.0,0
2011,198,366,35136,1.25,1.25,0.6875,0,0,0,0,0,0,1.7577228755131695,0.966762283646982,1.0273326791542352,0.966762283646982,1.0273326791542352,0,0.0,0,0.0,0.0,0
2011,185,367,35232,1.25,1.25,0.6875,0,0,0,0,0,0,1.7602950969482762,0.9682493547868928,1.0269623964892485,0.9682493547868928,1.0269623964892485,0,0.0,0,0.0,0.0,0
2012,1,2,192,1.3,1.3,0.75,0,0,0,0,0,0,1.8779108080443987,0.9664439699406272,1.0298061878644311,0.9664439699406272,1.0298061878644311,0,0.0,0,0.0,0.0,0
2012,2,4,384,1.3,1.3,0.75,0,0,0,0,0,0,1.872166346550466,0.9715711152568264,1.028772351599952,0.9715711152568264,1.028772351599952,0,0.0,0,0.0,0.0,0
2012,3,6,576,1.3,1.3,0.75,0,0,0,0,0,0,1.8847788430251091,0.9690632675290248,1.0295016789235338,0.9690632675290248,1.0295016789235338,0,0.0,0,0.0,0.0,0
2012,4,7,672,1.3,1.3,0.75,0,0,0,0,0,0,1.89425535212592,0.9700627772736956,1.0292776606777632,0.9700627772736956,1.0292776606777632,0,0.0,0,0.0,0.0,0
2012,5,10,960,1.3,1.3,0.75,0,0,0,0,0,0,1.875868679574881,0.970580498674921,1.0290148781524486,0.970580498674921,1.0290148781524486,0,0.0,0,0.0,0.0,0
2012,6,13,1248,1.3,1.3,0.75,0,0,0,0,0,0,1.890619730386059,0.9684767379108972,1.029050335444381,0.9684767379108972,1.029050335444381,0,0.0,0,0.0,0.0,0
2012,7,16,1536,1.3,1.3,0.75,0,0,0,0,0,0,1.9010689638669425,0.9679732983692416,1.028372617300665,0.9679732983692416,1.028372617300665,0,0.0,0,0.0,0.0,0
2012,8,17,1632,1.3,1.3,0.75,0,0,0,0,0,0,1.885320299179386,0.9725114802124626,1.0286624836503635,0.9725114802124626,1.0286624836503635,0,0.0,0,0.0,0.0,0
2012,9,20,1920,1.3,1.3,0.75,0,0,0,0,0,0,1.8790484804138108,0.9714180087597096,1.0295671749593214,0.9714180087597096,1.0295671749593214,0,0.0,0,0.0,0.0,0
2012,10,22,2112,1.3,1.3,0.75,0,0,0,0,0,0,1.8874705388959476,0.9726472645244554,1.0285398090047393,0.9726472645244554,1.0285398090047393,0,0.0,0,0.0,0.0,0
2012,11,23,2208,1.3,1.3,0.75,0,0,0,0,0,0,1.883524073719493,0.971161299109231,1.0291364362875814,0.971161299109231,1.0291364362875814,0,0.0,0,0.0,0.0,0
2012,12,25,2400,1.3,1.3,0.75,0,0,0,0,0,0,1.859479348626174,0.9715518945560724,1.0289402457585122,0.9715518945560724,1.0289402457585122,0,0.0,0,0.0,0.0,0
2012,13,26,2496,1.3,1.3,0.75,0,0,0,0,0,0,1.8926791416107196,0.9721637035688492,1.0289425274629782,0.9721637035688492,1.0289425274629782,0,0.0,0,0.0,0.0,0
2012,14,29,2784,1.3,1.3,0.75,0,0,0,0,0,0,1.8951500026758128,0.9698646921836396,1.0284352644252257,0.9698646921836396,1.0284352644252257,0,0.0,0,0.0,0.0,0
2012,15,30,2880,1.3,1.3,0.75,0,0,0,0,0,0,1.8819600797155105,0.969070273347149,1.0295509121510251,0.969070273347149,1.0295509121510251,0,0.0,0,0.0,0.0,0
2012,16,31,2976,1.3,1.3,0.75,0,0,0,0,0,0,1.865089702516216,0.9696044457821696,1.0289706050229686,0.9696044457821696,1.0289706050229686,0,0.0,0,0.0,0.0,0
2012,17,34,3264,1.3,1.3,0.75,0,0,0,0,0,0,1.8829743451648573,0.9684546340755334,1.0288409620731014,0.9684546340755334,1.0288409620731014,0,0.0,0,0.0,0.0,0
2012,18,37,3552,1.3,1.3,0.75,0,0,0,0,0,0,1.8713959949764123,0.9743466553435562,1.029071000210135,0.9743466553435562,1.029071000210135,0,0.0,0,0.0,0.0,0
2012,19,38,3648,1.3,1.3,0.75,0,0,0,0,0,0,1.897738764442847,0.9719414115149896,1.0301645098282906,0.9719414115149896,1.0301645098282906,0,0.0,0,0.0,0.0,0
2012,20,39,3744,1.3,1.3,0.75,0,0,0,0,0,0,1.8946430400450136,0.9697694809858248,1.0286463610989638,0.9697694809858248,1.0286463610989638,0,0.0,0,0.0,0.0,0
2012,21,43,4128,1.3,1.3,0.75,0,0,0,0,0,0,1.8912443630121287,0.9695702691296753,1.028863941532576,0.9695702691296753,1.028863941532576,0,0.0,0,0.0,0.0,0
2012,22,44,4224,1.3,1.3,0.75,0,0,0,0,0,0,1.8774574869624092,0.9734143676556872,1.0282280132282782,0.9734143676556872,1.0282280132282782,0,0.0,0,0.0,0.0,0
2012,23,46,4416,1.3,1.3,0.75,0,0,0,0,0,0,1.889018055111344,0.9684196151161628,1.0290373743569876,0.9684196151161628,1.0290373743569876,0,0.0,0,0.0,0.0,0
2012,24,49,4704,1.3,1.3,0.75,0,0,0,0,0,0,1.899452677054628,0.9706805386173374,1.0280984454242612,0.9706805386173374,1.0280984454242612,0,0.0,0,0.0,0.0,0
2012,25,50,4800,1.3,1.3,0.75,0,0,0,0,0,0,1.8532501246438164,0.9721949610550574,1.0295272318872954,0.9721949610550574,1.0295272318872954,0,0.0,0,0.0,0.0,0
2012,26,51,4896,1.3,1.3,0.75,0,0,0,0,0,0,1.9005313900135083,0.9707740316170156,1.0292664602176562,0.9707740316170156,1.0292664602176562,0,0.0,0,0.0,0.0,0
2012,27,53,5088,1.3,1.3,0.75,0,0,0,0,0,0,1.8600746787324811,0.9710010103261814,1.028213865156416,0.9710010103261814,1.028213865156416,0,0.0,0,0.0,0.0,0
2012,28,54,5184,1.3,1.3,0.75,0,0,0,0,0,0,1.886012915965442,0.969780436976122,1.029147115723674,0.969780436976122,1.029147115723674,0,0.0,0,0.0,0.0,0
2012,29,55,5280,1.3,1.3,0.75,0,0,0,0,0,0,1.8953738596880312,0.9697587919257968,1.028738410515042,0.9697587919257968,1.028738410515042,0,0.0,0,0.0,0.0,0
2012,30,56,5376,1.3,1.3,0.75,0,0,0,0,0,0,1.8934917698397529,0.9727453397726058,1.028578682959201,0.9727453397726058,1.028578682959201,0,0.0,0,0.0,0.0,0
2012,31,57,5472,1.3,1.3,0.75,0,0,0,0,0,0,1.8696796603440216,0.9734672943328232,1.0289027472679282,0.9734672943328232,1.0289027472679282,0,0.0,0,0.0,0.0,0
2012,32,59,5664,1.3,1.3,0.75,0,0,0,0,0,0,1.8613716188769664,0.9713600760424116,1.0286333893468695,0.9713600760424116,1.0286333893468695,0,0.0,0,0.0,0.0,0
2012,33,60,5760,1.3,1.3,0.75,0,0,0,0,0,0,1.8758596212748928,0.9678689019955756,1.0280269555746822,0.9678689019955756,1.0280269555746822,0,0.0,0,0.0,0.0,0
2012,34,62,5952,1.3,1.3,0.75,0,0,0,0,0,0,1.8873402365068537,0.9686374690407014,1.029876230396813,0.9686374690407014,1.029876230396813,0,0.0,0,0.0,0.0,0
2012,35,65,6240,1.3,1.3,0.75,0,0,0,0,0,0,1.8838032088844283,0.9727002067373984,1.0285127821320443,0.9727002067373984,1.0285127821320443,0,0.0,0,0.0,0.0,0
2012,36,66,6336,1.3,1.3,0.75,0,0,0,0,0,0,1.8762579192800044,0.9666259815132494,1.0283534580321203,0.9666259815132494,1.0283534580321203,0,0.0,0,0.0,0.0,0
2012,37,67,6432,1.3,1.3,0.75,0,0,0,0,0,0,1.8765015440891992,0.9711403988966364,1.0288501730582218,0.9711403988966364,1.0288501730582218,0,0.0,0,0.0,0.0,0
2012,38,68,6528,1.3,1.3,0.75,0,0,0,0,0,0,1.881718952491164,0.9708144784541924,1.0295261387192898,0.9708144784541924,1.0295261387192898,0,0.0,0,0.0,0.0,0
2012,39,69,6624,1.3,1.3,0.75,0,0,0,0,0,0,1.895052480321605,0.97042675683528,1.0286169890164494,0.97042675683528,1.0286169890164494,0,0.0,0,0.0,0.0,0
2012,40,70,6720,1.3,1.3,0.75,0,0,0,0,0,0,1.8896614820805484,0.9702953972807624,1.0292452698322097,0.9702953972807624,1.0292452698322097,0,0.0,0,0.0,0.0,0
2012,41,71,6816,1.3,1.3,0.75,0,0,0,0,0,0,1.8933001799291809,0.9725109817560772,1.0282822126844406,0.9725109817560772,1.0282822126844406,0,0.0,0,0.0,0.0,0
2012,42,74,7104,1.3,1.3,0.75,0,0,0,0,0,0,1.9064193875039612,0.9733606653636092,1.029227449040021,0.9733606653636092,1.029227449040021,0,0.0,0,0.0,0.0,0
2012,43,80,7680,1.3,1.3,0.75,0,0,0,0,0,0,1.851717147874009,0.9687974982957808,1.0295756265154177,0.9687974982957808,1.0295756265154177,0,0.0,0,0.0,0.0,0
2012,44,81,7776,1.3,1.3,0.75,0,0,0,0,0,0,1.875770888774324,0.9704770291313072,1.0290746850270702,0.9704770291313072,1.0290746850270702,0,0.0,0,0.0,0.0,0
2012,45,82,7872,1.3,1.3,0.75,0,0,0,0,0,0,1.881937759063679,0.9685309231942324,1.0289610641193343,0.9685309231942324,1.0289610641193343,0,0.0,0,0.0,0.0,0
2012,46,84,8064,1.3,1.3,0.75,0,0,0,0,0,0,1.8818038473253804,0.9692637430113966,1.029079877117998,0.9692637430113966,1.029079877117998,0,0.0,0,0.0,0.0,0
2012,47,85,8160,1.3,1.3,0.75,0,0,0,0,0,0,1.8613818740227983,0.9739811557815417,1.0285937131061518,0.9739811557815417,1.0285937131061518,0,0.0,0,0.0,0.0,0
2012,47,86,8256,1.3,1.3,0.75,0,0,0,0,0,0,1.8880869852667024,0.9712393765300464,1.0286297906335031,0.9712393765300464,1.0286297906335031,0,0.0,0,0.0,0.0,0
2012,48,87,8352,1.3,1.3,0.75,0,0,0,0,0,0,1.908058909142783,0.9703705597179652,1.029371615612051,0.9703705597179652,1.029371615612051,0,0.0,0,0.0,0.0,0
2012,49,93,8928,1.3,1.3,0.75,0,0,0,0,0,0,1.87608556577464,0.9707635844128102,1.029520118042685,0.9707635844128102,1.029520118042685,0,0.0,0,0.0,0.0,0
2012,50,94,9024,1.3,1.3,0.75,0,0,0,0,0,0,1.8827066972282416,0.9732467465071308,1.0281835128948136,0.9732467465071308,1.0281835128948136,0,0.0,0,0.0,0.0,0
2012,51,95,9120,1.3,1.3,0.75,0,0,0,0,0,0,1.885700545175197,0.9722179148488538,1.0293165689446375,0.9722179148488538,1.0293165689446375,0,0.0,0,0.0,0.0,0
2012,52,97,9312,1.3,1.3,0.75,0,0,0,0,0,0,1.8797748368602585,0.9718196167811128,1.0293711328409,0.9718196167811128,1.0293711328409,0,0.0,0,0.0,0.0,0
2012,53,98,9408,1.3,1.3,0.75,0,0,0,0,0,0,1.8699897280374729,0.9695654405466928,1.028301971487856,0.9695654405466928,1.028301971487856,0,0.0,0,0.0,0.0,0
2012,54,101,9696,1.3,1.3,0.75,0,0,0,0,0,0,1.894906750596209,0.9704971216010868,1.028961687904278,0.9704971216010868,1.028961687904278,0,0.0,0,0.0,0.0,0
2012,55,102,9792,1.3,1.3,0.75,0,0,0,0,0,0,1.8896309611425672,0.9707423965177854,1.0289876932333086,0.9707423965177854,1.0289876932333086,0,0.0,0,0.0,0.0,0
2012,56,107,10272,1.3,1.3,0.75,0,0,0,0,0,0,1.8698084492103064,0.967424216023866,1.029864384847166,0.967424216023866,1.029864384847166,0,0.0,0,0.0,0.0,0
2012,57,109,10464,1.3,1.3,0.75,0,0,0,0,0,0,1.8743104746500328,0.96808333085507,1.0286653796197416,0.96808333085507,1.0286653796197416,0,0.0,0,0.0,0.0,0
2012,58,111,10656,1.3,1.3,0.75,0,0,0,0,0,0,1.8958318580590048,0.968636764377066,1.028934188157114,0.968636764377066,1.028934188157114,0,0.0,0,0.0,0.0,0
2012,59,114,10944,1.3,1.3,0.75,0,0,0,0,0,0,1.87629208304909,0.971352467185356,1.0286324623597327,0.971352467185356,1.0286324623597327,0,0.0,0,0.0,0.0,0
2012,60,116,11136,1.3,1.3,0.75,0,0,0,0,0,0,1.9060087694010728,0.9671070898817832,1.0288509024392982,0.9671070898817832,1.0288509024392982,0,0.0,0,0.0,0.0,0
2012,61,117,11232,1.3,1.3,0.75,0,0,0,0,0,0,1.883595642246409,0.9720870796301988,1.0287411860716331,0.9720870796301988,1.0287411860716331,0,0.0,0,0.0,0.0,0
2012,62,119,11424,1.3,1.3,0.75,0,0,0,0,0,0,1.8812294677771315,0.970543582579348,1.0294541932393146,0.970543582579348,1.0294541932393146,0,0.0,0,0.0,0.0,0
2012,63,120,11520,1.3,1.3,0.75,0,0,0,0,0,0,1.8812104165847907,0.9686926154908496,1.0290752283754652,0.9686926154908496,1.0290752283754652,0,0.0,0,0.0,0.0,0
2012,63,122,11712,1.3,1.3,0.75,0,0,0,0,0,0,1.8815812134935048,0.972301780087895,1.0299003123037265,0.972301780087895,1.0299003123037265,0,0.0,0,0.0,0.0,0
2012,64,123,11808,1.3,1.3,0.75,0,0,0,0,0,0,1.8754963903993744,0.9689244425266382,1.028309512473013,0.9689244425266382,1.028309512473013,0,0.0,0,0.0,0.0,0
2012,65,125,12000,1.3,1.3,0.75,0,0,0,0,0,0,1.881432178079256,0.9699674718278256,1.0281983168343665,0.9699674718278256,1.0281983168343665,0,0.0,0,0.0,0.0,0
2012,66,126,12096,1.3,1.3,0.75,0,0,0,0,0,0,1.8963098569753785,0.969417390570704,1.0288112286367572,0.969417390570704,1.0288112286367572,0,0.0,0,0.0,0.0,0
2012,67,128,12288,1.3,1.3,0.75,0,0,0,0,0,0,1.8868306321271664,0.970586255136114,1.0296321664657655,0.970586255136114,1.0296321664657655,0,0.0,0,0.0,0.0,0
2012,68,129,12384,1.3,1.3,0.75,0,0,0,0,0,0,1.9053568384506496,0.9677180260000322,1.0286521873259684,0.9677180260000322,1.0286521873259684,0,0.0,0,0.0,0.0,0
2012,69,131,12576,1.3,1.3,0.75,0,0,0,0,0,0,1.877529748192893,0.9703152246175988,1.028196563789405,0.9703152246175988,1.028196563789405,0,0.0,0,0.0,0.0,0
2012,70,133,12768,1.3,1.3,0.75,0,0,0,0,0,0,1.894475876741595,0.968418503529508,1.0283574675411955,0.968418503529508,1.0283574675411955,0,0.0,0,0.0,0.0,0
2012,71,134,12864,1.3,1.3,0.75,0,0,0,0,0,0,1.863792404611481,0.9688057383572802,1.0298906551112494,0.9688057383572802,1.0298906551112494,0,0.0,0,0.0,0.0,0
2012,72,136,13056,1.3,1.3,0.75,0,0,0,0,0,0,1.9022737407860577,0.9721205683788188,1.0292162644195524,0.9721205683788188,1.0292162644195524,0,0.0,0,0.0,0.0,0
2012,73,140,13440,1.3,1.3,0.75,0,0,0,0,0,0,1.8635062914292049,0.9698395143377402,1.0284671705880006,0.9698395143377402,1.0284671705880006,0,0.0,0,0.0,0.0,0
2012,74,141,13536,1.3,1.3,0.75,0,0,0,0,0,0,1.8773136561692672,0.9689534828536324,1.0287142122170785,0.9689534828536324,1.0287142122170785,0,0.0,0,0.0,0.0,0
2012,75,142,13632,1.3,1.3,0.75,0,0,0,0,0,0,1.887873154994682,0.9711747905257376,1.028629774795477,0.9711747905257376,1.028629774795477,0,0.0,0,0.0,0.0,0
2012,76,143,13728,1.3,1.3,0.75,0,0,0,0,0,0,1.8943560103537795,0.9696713556621384,1.028911972183572,0.9696713556621384,1.028911972183572,0,0.0,0,0.0,0.0,0
2012,77,145,13920,1.3,1.3,0.75,0,0,0,0,0,0,1.875501580381285,0.9736741921235552,1.0292254079438865,0.9736741921235552,1.0292254079438865,0,0.0,0,0.0,0.0,0
2012,78,148,14208,1.3,1.3,0.75,0,0,0,0,0,0,1.871468865343421,0.9685571681345808,1.0291963893240783,0.9685571681345808,1.0291963893240783,0,0.0,0,0.0,0.0,0
2012,79,149,14304,1.3,1.3,0.75,0,0,0,0,0,0,1.8935580773244705,0.9676130657319164,1.0296190202885471,0.9676130657319164,1.0296190202885471,0,0.0,0,0.0,0.0,0
2012,80,151,14496,1.3,1.3,0.75,0,0,0,0,0,0,1.8919871437008215,0.9706727755358744,1.0286622779568364,0.9706727755358744,1.0286622779568364,0,0.0,0,0.0,0.0,0
2012,81,152,14592,1.3,1.3,0.75,0,0,0,0,0,0,1.87430448479831,0.9707740272865976,1.0289608627984614,0.9707740272865976,1.0289608627984614,0,0.0,0,0.0,0.0,0
2012,82,154,14784,1.3,1.3,0.75,0,0,0,0,0,0,1.877210466748051,0.9703404990642632,1.0279689342943368,0.9703404990642632,1.0279689342943368,0,0.0,0,0.0,0.0,0
2012,83,156,14976,1.3,1.3,0.75,0,0,0,0,0,0,1.904256789325058,0.968102129111344,1.0290024789453571,0.968102129111344,1.0290024789453571,0,0.0,0,0.0,0.0,0
2012,84,157,15072,1.3,1.3,0.75,0,0,0,0,0,0,1.8824935748183456,0.9708301512344428,1.029050280013886,0.9708301512344428,1.029050280013886,0,0.0,0,0.0,0.0,0
2012,85,166,15936,1.3,1.3,0.75,0,0,0,0,0,0,1.8762267531695576,0.9708421679065898,1.0286527845418167,0.9708421679065898,1.0286527845418167,0,0.0,0,0.0,0.0,0
2012,87,168,16128,1.3,1.3,0.75,0,0,0,0,0,0,1.8977149486410652,0.9703002489570188,1.0290957442030375,0.9703002489570188,1.0290957442030375,0,0.0,0,0.0,0.0,0
2012,86,169,16224,1.3,1.3,0.75,0,0,0,0,0,0,1.884519930333453,0.9721685149271584,1.028785668433977,0.9721685149271584,1.028785668433977,0,0.0,0,0.0,0.0,0
2012,87,171,16416,1.3,1.3,0.75,0,0,0,0,0,0,1.8708508110169408,0.9702012369094308,1.0283736256304818,0.9702012369094308,1.0283736256304818,0,0.0,0,0.0,0.0,0
2012,88,172,16512,1.3,1.3,0.75,0,0,0,0,0,0,1.883298303157361,0.9677060456310208,1.0293789865953398,0.9677060456310208,1.0293789865953398,0,0.0,0,0.0,0.0,0
2012,89,173,16608,1.3,1.3,0.75,0,0,0,0,0,0,1.8719242440668529,0.9698973468139904,1.0286170355386743,0.9698973468139904,1.0286170355386743,0,0.0,0,0.0,0.0,0
2012,90,175,16800,1.3,1.3,0.75,0,0,0,0,0,0,1.8922722842097215,0.9691788449918888,1.0286500403540153,0.9691788449918888,1.0286500403540153,0,0.0,0,0.0,0.0,0
2012,91,176,16896,1.3,1.3,0.75,0,0,0,0,0,0,1.898433432423149,0.9705932377556586,1.0296277394614393,0.9705932377556586,1.0296277394614393,0,0.0,0,0.0,0.0,0
2012,92,178,17088,1.3,1.3,0.75,0,0,0,0,0,0,1.8947929285754173,0.96988523627954,1.0292170550481992,0.96988523627954,1.0292170550481992,0,0.0,0,0.0,0.0,0
2012,93,179,17184,1.3,1.3,0.75,0,0,0,0,0,0,1.9029147889203368,0.9681697378790588,1.028985890312971,0.9681697378790588,1.028985890312971,0,0.0,0,0.0,0.0,0
2012,94,181,17376,1.3,1.3,0.75,0,0,0,0,0,0,1.892729970491084,0.9705060668942128,1.028962618484197,0.9705060668942128,1.028962618484197,0,0.0,0,0.0,0.0,0
2012,95,183,17568,1.3,1.3,0.75,0,0,0,0,0,0,1.8890245216106183,0.9702127008396942,1.0282771026602198,0.9702127008396942,1.0282771026602198,0,0.0,0,0.0,0.0,0
2012,96,184,17664,1.3,1.3,0.75,0,0,0,0,0,0,1.8900624181938368,0.971853746322932,1.0290973367744882,0.971853746322932,1.0290973367744882,0,0.0,0,0.0,0.0,0
2012,97,187,17952,1.3,1.3,0.75,0,0,0,0,0,0,1.8758743014363848,0.9679420626778767,1.0284905215968934,0.9679420626778767,1.0284905215968934,0,0.0,0,0.0,0.0,0
2012,100,190,18240,1.3,1.3,0.75,0,0,0,0,0,0,1.876908539899402,0.9719453867353828,1.0282106759400698,0.9719453867353828,1.0282106759400698,0,0.0,0,0.0,0.0,0
2012,98,192,18432,1.3,1.3,0.75,0,0,0,0,0,0,1.9067706878186876,0.9695734850773704,1.0290172892439415,0.9695734850773704,1.0290172892439415,0,0.0,0,0.0,0.0,0
2012,99,193,18528,1.3,1.3,0.75,0,0,0,0,0,0,1.8887103525913735,0.9697979740627428,1.0286619808118274,0.9697979740627428,1.0286619808118274,0,0.0,0,0.0,0.0,0
2012,100,197,18912,1.3,1.3,0.75,0,0,0,0,0,0,1.889268239733306,0.9692863794711336,1.0289788898914396,0.9692863794711336,1.0289788898914396,0,0.0,0,0.0,0.0,0
2012,101,201,19296,1.3,1.3,0.75,0,0,0,0,0,0,1.8783559351926835,0.9688535476971152,1.028678220366163,0.9688535476971152,1.028678220366163,0,0.0,0,0.0,0.0,0
2012,102,205,19680,1.3,1.3,0.75,0,0,0,0,0,0,1.8757844201649052,0.9709012418291452,1.0276528693538585,0.9709012418291452,1.0276528693538585,0,0.0,0,0.0,0.0,0
2012,103,207,19872,1.3,1.3,0.75,0,0,0,0,0,0,1.896291063600396,0.9639625924031344,1.029455453140074,0.9639625924031344,1.029455453140074,0,0.0,0,0.0,0.0,0
2012,104,210,20160,1.3,1.3,0.75,0,0,0,0,0,0,1.8756748365718507,0.9659752119654272,1.0293649911181737,0.9659752119654272,1.0293649911181737,0,0.0,0,0.0,0.0,0
2012,105,212,20352,1.3,1.3,0.75,0,0,0,0,0,0,1.8807735848733245,0.9680875971517496,1.028985473084301,0.9680875971517496,1.028985473084301,0,0.0,0,0.0,0.0,0
2012,106,213,20448,1.3,1.3,0.75,0,0,0,0,0,0,1.88749054847268,0.970316585810002,1.029041563643598,0.970316585810002,1.029041563643598,0,0.0,0,0.0,0.0,0
2012,107,216,20736,1.3,1.3,0.75,0,0,0,0,0,0,1.8732466679897104,0.9703817995521674,1.0296183247715796,0.9703817995521674,1.0296183247715796,0,0.0,0,0.0,0.0,0
2012,108,219,21024,1.3,1.3,0.75,0,0,0,0,0,0,1.9064973813212096,0.9691343208818092,1.028440468178867,0.9691343208818092,1.028440468178867,0,0.0,0,0.0,0.0,0
2012,109,220,21120,1.3,1.3,0.75,0,0,0,0,0,0,1.9044064525391429,0.9719626088856432,1.0283951985011084,0.9719626088856432,1.0283951985011084,0,0.0,0,0.0,0.0,0
2012,110,226,21696,1.3,1.3,0.75,0,0,0,0,0,0,1.8800511121632737,0.9685122527104276,1.0291006075975426,0.9685122527104276,1.0291006075975426,0,0.0,0,0.0,0.0,0
2012,114,228,21888,1.3,1.3,0.75,0,0,0,0,0,0,1.9058409927095863,0.9735778011260364,1.0291466788725532,0.9735778011260364,1.0291466788725532,0,0.0,0,0.0,0.0,0
2012,111,230,22080,1.3,1.3,0.75,0,0,0,0,0,0,1.8817726090876248,0.9708797397780498,1.0290432738769582,0.9708797397780498,1.0290432738769582,0,0.0,0,0.0,0.0,0
2012,112,231,22176,1.3,1.3,0.75,0,0,0,0,0,0,1.891992481700036,0.9716720166699933,1.0290466020142943,0.9716720166699933,1.0290466020142943,0,0.0,0,0.0,0.0,0
2012,113,232,22272,1.3,1.3,0.75,0,0,0,0,0,0,1.8785148444526,0.9723194167296972,1.0293015827626482,0.9723194167296972,1.0293015827626482,0,0.0,0,0.0,0.0,0
2012,114,234,22464,1.3,1.3,0.75,0,0,0,0,0,0,1.8867547727425589,0.9701622269896802,1.0287971679109689,0.9701622269896802,1.0287971679109689,0,0.0,0,0.0,0.0,0
2012,115,235,22560,1.3,1.3,0.75,0,0,0,0,0,0,1.893494295768112,0.9685962412807044,1.0295549176729426,0.9685962412807044,1.0295549176729426,0,0.0,0,0.0,0.0,0
2012,116,236,22656,1.3,1.3,0.75,0,0,0,0,0,0,1.8991608345463649,0.971906118930186,1.028419782548462,0.971906118930186,1.028419782548462,0,0.0,0,0.0,0.0,0
2012,117,239,22944,1.3,1.3,0.75,0,0,0,0,0,0,1.884602562156668,0.9705933727642934,1.028690499872514,0.9705933727642934,1.028690499872514,0,0.0,0,0.0,0.0,0
2012,118,240,23040,1.3,1.3,0.75,0,0,0,0,0,0,1.892602069440453,0.9710064877325943,1.0284313719938158,0.9710064877325943,1.0284313719938158,0,0.0,0,0.0,0.0,0
2012,123,241,23136,1.3,1.3,0.75,0,0,0,0,0,0,1.8762914605225591,0.9698639146150424,1.028636404310825,0.9698639146150424,1.028636404310825,0,0.0,0,0.0,0.0,0
2012,119,244,23424,1.3,1.3,0.75,0,0,0,0,0,0,1.891177810059785,0.9716980233328764,1.0289959251053216,0.9716980233328764,1.0289959251053216,0,0.0,0,0.0,0.0,0
2012,120,245,23520,1.3,1.3,0.75,0,0,0,0,0,0,1.873309065555753,0.970375664256638,1.029273789226845,0.970375664256638,1.029273789226845,0,0.0,0,0.0,0.0,0
2012,121,248,23808,1.3,1.3,0.75,0,0,0,0,0,0,1.896729641246853,0.9720552589068532,1.0293463112969743,0.9720552589068532,1.0293463112969743,0,0.0,0,0.0,0.0,0
2012,122,251,24096,1.3,1.3,0.75,0,0,0,0,0,0,1.8732690277605315,0.9708037953702172,1.0282669821255763,0.9708037953702172,1.0282669821255763,0,0.0,0,0.0,0.0,0
2012,123,253,24288,1.3,1.3,0.75,0,0,0,0,0,0,1.8766430623274253,0.9707435686858982,1.0296797253845589,0.9707435686858982,1.0296797253845589,0,0.0,0,0.0,0.0,0
2012,124,254,24384,1.3,1.3,0.75,0,0,0,0,0,0,1.8689230618937736,0.9725821350811696,1.0285351547450063,0.9725821350811696,1.0285351547450063,0,0.0,0,0.0,0.0,0
2012,125,257,24672,1.3,1.3,0.75,0,0,0,0,0,0,1.866139527270415,0.9725320704400294,1.028331360592803,0.9725320704400294,1.028331360592803,0,0.0,0,0.0,0.0,0
2012,126,259,24864,1.3,1.3,0.75,0,0,0,0,0,0,1.8815555627223115,0.9734649095366664,1.0291965744661191,0.9734649095366664,1.0291965744661191,0,0.0,0,0.0,0.0,0
2012,127,261,25056,1.3,1.3,0.75,0,0,0,0,0,0,1.9005815367452,0.9696854483009864,1.028485507541876,0.9696854483009864,1.028485507541876,0,0.0,0,0.0,0.0,0
2012,128,266,25536,1.3,1.3,0.75,0,0,0,0,0,0,1.8856066597594248,0.9694067165896462,1.0292247655007392,0.9694067165896462,1.0292247655007392,0,0.0,0,0.0,0.0,0
2012,129,267,25632,1.3,1.3,0.75,0,0,0,0,0,0,1.888789670277894,0.9714441701675406,1.0295500523112933,0.9714441701675406,1.0295500523112933,0,0.0,0,0.0,0.0,0
2012,130,268,25728,1.3,1.3,0.75,0,0,0,0,0,0,1.880209251059599,0.9715049171043816,1.0287791334245788,0.9715049171043816,1.0287791334245788,0,0.0,0,0.0,0.0,0
2012,131,269,25824,1.3,1.3,0.75,0,0,0,0,0,0,1.8937127832729863,0.9711612173328996,1.027987075727589,0.9711612173328996,1.027987075727589,0,0.0,0,0.0,0.0,0
2012,132,271,26016,1.3,1.3,0.75,0,0,0,0,0,0,1.896987497135083,0.9677977369423154,1.0293482347353038,0.9677977369423154,1.0293482347353038,0,0.0,0,0.0,0.0,0
2012,133,272,26112,1.3,1.3,0.75,0,0,0,0,0,0,1.8836588960246896,0.9725849636723108,1.0291497555060172,0.9725849636723108,1.0291497555060172,0,0.0,0,0.0,0.0,0
2012,134,273,26208,1.3,1.3,0.75,0,0,0,0,0,0,1.8890735889327868,0.9641918989130271,1.0285916266499158,0.9641918989130271,1.0285916266499158,0,0.0,0,0.0,0.0,0
2012,135,275,26400,1.3,1.3,0.75,0,0,0,0,0,0,1.8656947295125337,0.9725955876778196,1.028838648336268,0.9725955876778196,1.028838648336268,0,0.0,0,0.0,0.0,0
2012,136,276,26496,1.3,1.3,0.75,0,0,0,0,0,0,1.8930827642255528,0.9687284473746728,1.0286953177285576,0.9687284473746728,1.0286953177285576,0,0.0,0,0.0,0.0,0
2012,142,278,26688,1.3,1.3,0.75,0,0,0,0,0,0,1.8890294867398956,0.9717118868176234,1.029108692364316,0.9717118868176234,1.029108692364316,0,0.0,0,0.0,0.0,0
2012,143,280,26880,1.3,1.3,0.75,0,0,0,0,0,0,1.8729875655911723,0.9683012559386838,1.02874208929866,0.9683012559386838,1.02874208929866,0,0.0,0,0.0,0.0,0
2012,144,281,26976,1.3,1.3,0.75,0,0,0,0,0,0,1.844165314362923,0.9718075824400756,1.0293345069107476,0.9718075824400756,1.0293345069107476,0,0.0,0,0.0,0.0,0
2012,137,282,27072,1.3,1.3,0.75,0,0,0,0,0,0,1.8790790760396092,0.9733948247818324,1.027794192617458,0.9733948247818324,1.027794192617458,0,0.0,0,0.0,0.0,0
2012,138,283,27168,1.3,1.3,0.75,0,0,0,0,0,0,1.8730835051947707,0.9719553626309158,1.0289716348174265,0.9719553626309158,1.0289716348174265,0,0.0,0,0.0,0.0,0
2012,139,284,27264,1.3,1.3,0.75,0,0,0,0,0,0,1.8940682459297755,0.970564017000762,1.0288960899647746,0.970564017000762,1.0288960899647746,0,0.0,0,0.0,0.0,0
2012,140,285,27360,1.3,1.3,0.75,0,0,0,0,0,0,1.9041081249129004,0.9713700797699348,1.0294189554002302,0.9713700797699348,1.0294189554002302,0,0.0,0,0.0,0.0,0
2012,141,287,27552,1.3,1.3,0.75,0,0,0,0,0,0,1.898125968929909,0.9700740745521323,1.0294294819873917,0.9700740745521323,1.0294294819873917,0,0.0,0,0.0,0.0,0
2012,142,288,27648,1.3,1.3,0.75,0,0,0,0,0,0,1.8753765949445227,0.9717705020016476,1.0289376145339033,0.9717705020016476,1.0289376145339033,0,0.0,0,0.0,0.0,0
2012,143,289,27744,1.3,1.3,0.75,0,0,0,0,0,0,1.8665755340639043,0.9691872674392846,1.0287879661800536,0.9691872674392846,1.0287879661800536,0,0.0,0,0.0,0.0,0
2012,144,290,27840,1.3,1.3,0.75,0,0,0,0,0,0,1.8863282861220805,0.9692064145729768,1.0283467958752284,0.9692064145729768,1.0283467958752284,0,0.0,0,0.0,0.0,0
2012,153,291,27936,1.3,1.3,0.75,0,0,0,0,0,0,1.8974359840611652,0.9694366182860796,1.02823802440097,0.9694366182860796,1.02823802440097,0,0.0,0,0.0,0.0,0
2012,145,292,28032,1.3,1.3,0.75,0,0,0,0,0,0,1.851406730329712,0.9704720988952182,1.0296466963628648,0.9704720988952182,1.0296466963628648,0,0.0,0,0.0,0.0,0
2012,146,293,28128,1.3,1.3,0.75,0,0,0,0,0,0,1.8903541575002831,0.9703756366516646,1.028599038083534,0.9703756366516646,1.028599038083534,0,0.0,0,0.0,0.0,0
2012,147,294,28224,1.3,1.3,0.75,0,0,0,0,0,0,1.8774394618496064,0.9712721409182916,1.028393967021032,0.9712721409182916,1.028393967021032,0,0.0,0,0.0,0.0,0
2012,148,295,28320,1.3,1.3,0.75,0,0,0,0,0,0,1.8819971068377053,0.9710755556619268,1.0294363855024995,0.9710755556619268,1.0294363855024995,0,0.0,0,0.0,0.0,0
2012,149,296,28416,1.3,1.3,0.75,0,0,0,0,0,0,1.8816495626041867,0.9706701954799968,1.02995966248555,0.9706701954799968,1.02995966248555,0,0.0,0,0.0,0.0,0
2012,150,297,28512,1.3,1.3,0.75,0,0,0,0,0,0,1.901412845693501,0.9692152005175344,1.0295338456429677,0.9692152005175344,1.0295338456429677,0,0.0,0,0.0,0.0,0
2012,160,298,28608,1.3,1.3,0.75,0,0,0,0,0,0,1.887128307455184,0.974332939211348,1.0283496917107855,0.974332939211348,1.0283496917107855,0,0.0,0,0.0,0.0,0
2012,151,299,28704,1.3,1.3,0.75,0,0,0,0,0,0,1.8979026409060755,0.96778458956132,1.0284974198885806,0.96778458956132,1.0284974198885806,0,0.0,0,0.0,0.0,0
2012,152,300,28800,1.3,1.3,0.75,0,0,0,0,0,0,1.883511567253076,0.973658077824318,1.0293394148146953,0.973658077824318,1.0293394148146953,0,0.0,0,0.0,0.0,0
2012,153,302,28992,1.3,1.3,0.75,0,0,0,0,0,0,1.8932560492264423,0.9738270726535928,1.0285699697451227,0.9738270726535928,1.0285699697451227,0,0.0,0,0.0,0.0,0
2012,154,305,29280,1.3,1.3,0.75,0,0,0,0,0,0,1.888048461026557,0.970604008912198,1.027829015532965,0.970604008912198,1.027829015532965,0,0.0,0,0.0,0.0,0
2012,155,306,29376,1.3,1.3,0.75,0,0,0,0,0,0,1.8600662876181209,0.9695752326088511,1.0290986322684286,0.9695752326088511,1.0290986322684286,0,0.0,0,0.0,0.0,0
2012,156,307,29472,1.3,1.3,0.75,0,0,0,0,0,0,1.8810633360673612,0.9710762377329472,1.0288385860889389,0.9710762377329472,1.0288385860889389,0,0.0,0,0.0,0.0,0
2012,157,308,29568,1.3,1.3,0.75,0,0,0,0,0,0,1.8765697191272264,0.96720374678938,1.0288992913429298,0.96720374678938,1.0288992913429298,0,0.0,0,0.0,0.0,0
2012,158,312,29952,1.3,1.3,0.75,0,0,0,0,0,0,1.8699350522006888,0.9669523706761204,1.0293282525064829,0.9669523706761204,1.0293282525064829,0,0.0,0,0.0,0.0,0
2012,159,315,30240,1.3,1.3,0.75,0,0,0,0,0,0,1.896330869741682,0.9704820545420736,1.0284585609952308,0.9704820545420736,1.0284585609952308,0,0.0,0,0.0,0.0,0
2012,160,317,30432,1.3,1.3,0.75,0,0,0,0,0,0,1.9060089030355385,0.9681031173217548,1.028621796345928,0.9681031173217548,1.028621796345928,0,0.0,0,0.0,0.0,0
2012,161,319,30624,1.3,1.3,0.75,0,0,0,0,0,0,1.8882734119749875,0.966590348356934,1.029058916022351,0.966590348356934,1.029058916022351,0,0.0,0,0.0,0.0,0
2012,162,321,30816,1.3,1.3,0.75,0,0,0,0,0,0,1.8738959848458028,0.9696877240332497,1.0282002317605885,0.9696877240332497,1.0282002317605885,0,0.0,0,0.0,0.0,0
2012,173,322,30912,1.3,1.3,0.75,0,0,0,0,0,0,1.8742690910437247,0.969601075925218,1.0291507198105885,0.969601075925218,1.0291507198105885,0,0.0,0,0.0,0.0,0
2012,163,326,31296,1.3,1.3,0.75,0,0,0,0,0,0,1.8849388341725912,0.9648200778629608,1.0288012587266688,0.9648200778629608,1.0288012587266688,0,0.0,0,0.0,0.0,0
2012,164,329,31584,1.3,1.3,0.75,0,0,0,0,0,0,1.9030884003805049,0.9710151858305516,1.0296060496656123,0.9710151858305516,1.0296060496656123,0,0.0,0,0.0,0.0,0
2012,165,331,31776,1.3,1.3,0.75,0,0,0,0,0,0,1.9055319130971704,0.9719253493216446,1.0283656913284704,0.9719253493216446,1.0283656913284704,0,0.0,0,0.0,0.0,0
2012,166,332,31872,1.3,1.3,0.75,0,0,0,0,0,0,1.8895444585108845,0.9674483920082572,1.0290664116704376,0.9674483920082572,1.0290664116704376,0,0.0,0,0.0,0.0,0
2012,167,333,31968,1.3,1.3,0.75,0,0,0,0,0,0,1.8698650018087375,0.9730377517004698,1.0286912253398497,0.9730377517004698,1.0286912253398497,0,0.0,0,0.0,0.0,0
2012,168,335,32160,1.3,1.3,0.75,0,0,0,0,0,0,1.884292254909669,0.9706560457829878,1.0301283783647028,0.9706560457829878,1.0301283783647028,0,0.0,0,0.0,0.0,0
2012,169,336,32256,1.3,1.3,0.75,0,0,0,0,0,0,1.8984781928623689,0.96729790891888,1.0279830263138627,0.96729790891888,1.0279830263138627,0,0.0,0,0.0,0.0,0
2012,170,337,32352,1.3,1.3,0.75,0,0,0,0,0,0,1.8882222027521596,0.9731449475737176,1.0284745021715485,0.9731449475737176,1.0284745021715485,0,0.0,0,0.0,0.0,0
2012,171,338,32448,1.3,1.3,0.75,0,0,0,0,0,0,1.892295528015853,0.9698007543997031,1.028885731458004,0.9698007543997031,1.028885731458004,0,0.0,0,0.0,0.0,0
2012,172,339,32544,1.3,1.3,0.75,0,0,0,0,0,0,1.9072848935466973,0.9708632420446572,1.029009835752607,0.9708632420446572,1.029009835752607,0,0.0,0,0.0,0.0,0
2012,173,341,32736,1.3,1.3,0.75,0,0,0,0,0,0,1.8564257644091544,0.970532988762272,1.028620181834076,0.970532988762272,1.028620181834076,0,0.0,0,0.0,0.0,0
2012,174,342,32832,1.3,1.3,0.75,0,0,0,0,0,0,1.8779363160151232,0.965526006753936,1.0291426054942845,0.965526006753936,1.0291426054942845,0,0.0,0,0.0,0.0,0
2012,175,345,33120,1.3,1.3,0.75,0,0,0,0,0,0,1.8630540960886304,0.965955210376885,1.0291195880152353,0.965955210376885,1.0291195880152353,0,0.0,0,0.0,0.0,0
2012,176,347,33312,1.3,1.3,0.75,0,0,0,0,0,0,1.8912137260128223,0.967733373350619,1.0294345846360866,0.967733373350619,1.0294345846360866,0,0.0,0,0.0,0.0,0
2012,177,348,33408,1.3,1.3,0.75,0,0,0,0,0,0,1.8735964314392588,0.9690697084914024,1.0291031504105788,0.9690697084914024,1.0291031504105788,0,0.0,0,0.0,0.0,0
2012,178,349,33504,1.3,1.3,0.75,0,0,0,0,0,0,1.8876977062957847,0.9656956999262368,1.027993388375649,0.9656956999262368,1.027993388375649,0,0.0,0,0.0,0.0,0
2012,179,351,33696,1.3,1.3,0.75,0,0,0,0,0,0,1.8755582579769816,0.9723124213692964,1.0290895936080515,0.9723124213692964,1.0290895936080515,0,0.0,0,0.0,0.0,0
2012,191,352,33792,1.3,1.3,0.75,0,0,0,0,0,0,1.9111281958814537,0.9730143045088766,1.0297462019053514,0.9730143045088766,1.0297462019053514,0,0.0,0,0.0,0.0,0
2012,180,354,33984,1.3,1.3,0.75,0,0,0,0,0,0,1.891274976277572,0.9705754721918852,1.0290866543294457,0.9705754721918852,1.0290866543294457,0,0.0,0,0.0,0.0,0
2012,181,355,34080,1.3,1.3,0.75,0,0,0,0,0,0,1.922680444239516,0.9703413012927352,1.0290485106690763,0.9703413012927352,1.0290485106690763,0,0.0,0,0.0,0.0,0
2012,182,356,34176,1.3,1.3,0.75,0,0,0,0,0,0,1.8818284584439269,0.9735507296688508,1.0288027097062418,0.9735507296688508,1.0288027097062418,0,0.0,0,0.0,0.0,0
2012,183,361,34656,1.3,1.3,0.75,0,0,0,0,0,0,1.882466518478468,0.972253501485454,1.0292113559047558,0.972253501485454,1.0292113559047558,0,0.0,0,0.0,0.0,0
2012,196,362,34752,1.3,1.3,0.75,0,0,0,0,0,0,1.889049179567052,0.972204706182351,1.0288307894424586,0.972204706182351,1.0288307894424586,0,0.0,0,0.0,0.0,0
2012,184,364,34944,1.3,1.3,0.75,0,0,0,0,0,0,1.8747469554398188,0.9677419362830316,1.0286219458011514,0.9677419362830316,1.0286219458011514,0,0.0,0,0.0,0.0,0
2012,198,366,35136,1.3,1.3,0.75,0,0,0,0,0,0,1.883214861239158,0.9680375875410696,1.028730304204712,0.9680375875410696,1.028730304204712,0,0.0,0,0.0,0.0,0
2012,185,367,35232,1.3,1.3,0.75,0,0,0,0,0,0,1.885466815544004,0.969513880441502,1.0279824288149513,0.969513880441502,1.0279824288149513,0,0.0,0,0.0,0.0,0
2013,1,2,192,1.35,1.35,0.8125,0,0,0,0,0,0,2.0078364623859937,0.9676252941462004,1.0311724779625815,0.9676252941462004,1.0311724779625815,0,0.0,0,0.0,0.0,0
2013,2,4,384,1.35,1.35,0.8125,0,0,0,0,0,0,2.0023408894634485,0.9727238056218992,1.030147578089094,0.9727238056218992,1.030147578089094,0,0.0,0,0.0,0.0,0
2013,3,6,576,1.35,1.35,0.8125,0,0,0,0,0,0,2.014241823464374,0.9701849246300256,1.030873694979761,0.9701849246300256,1.030873694979761,0,0.0,0,0.0,0.0,0
2013,4,7,672,1.35,1.35,0.8125,0,0,0,0,0,0,2.0243654733091496,0.9712368392154944,1.0306486200945228,0.9712368392154944,1.0306486200945228,0,0.0,0,0.0,0.0,0
2013,5,10,960,1.35,1.35,0.8125,0,0,0,0,0,0,2.006078981445162,0.9717350941216264,1.0303959845163109,0.9717350941216264,1.0303959845163109,0,0.0,0,0.0,0.0,0
2013,6,13,1248,1.35,1.35,0.8125,0,0,0,0,0,0,2.020579556461703,0.9696848948725886,1.030472315131354,0.9696848948725886,1.030472315131354,0,0.0,0,0.0,0.0,0
2013,7,16,1536,1.35,1.35,0.8125,0,0,0,0,0,0,2.031589906402718,0.969127863254045,1.0297482522262524,0.969127863254045,1.0297482522262524,0,0.0,0,0.0,0.0,0
2013,8,17,1632,1.35,1.35,0.8125,0,0,0,0,0,0,2.016256494681392,0.973642059984782,1.0300843324008473,0.973642059984782,1.0300843324008473,0,0.0,0,0.0,0.0,0
2013,9,20,1920,1.35,1.35,0.8125,0,0,0,0,0,0,2.009985585265144,0.972612300019154,1.0309305425639532,0.972612300019154,1.0309305425639532,0,0.0,0,0.0,0.0,0
2013,10,22,2112,1.35,1.35,0.8125,0,0,0,0,0,0,2.01739122778924,0.9738302047668096,1.0299187019476672,0.9738302047668096,1.0299187019476672,0,0.0,0,0.0,0.0,0
2013,11,23,2208,1.35,1.35,0.8125,0,0,0,0,0,0,2.014470169044872,0.9722813258258332,1.0305099705655398,0.9722813258258332,1.0305099705655398,0,0.0,0,0.0,0.0,0
2013,12,25,2400,1.35,1.35,0.8125,0,0,0,0,0,0,1.989146604594818,0.972710689724884,1.0303610616589516,0.972710689724884,1.0303610616589516,0,0.0,0,0.0,0.0,0
2013,13,26,2496,1.35,1.35,0.8125,0,0,0,0,0,0,2.023344772834444,0.9733541185353048,1.030360448463105,0.9733541185353048,1.030360448463105,0,0.0,0,0.0,0.0,0
2013,14,29,2784,1.35,1.35,0.8125,0,0,0,0,0,0,2.0259330842903047,0.9710180641283078,1.0298090579717103,0.9710180641283078,1.0298090579717103,0,0.0,0,0.0,0.0,0
2013,15,30,2880,1.35,1.35,0.8125,0,0,0,0,0,0,2.012424847699565,0.9701724047305108,1.0309176298309608,0.9701724047305108,1.0309176298309608,0,0.0,0,0.0,0.0,0
2013,16,31,2976,1.35,1.35,0.8125,0,0,0,0,0,0,1.9952101421440085,0.970761000168133,1.0298438588292924,0.970761000168133,1.0298438588292924,0,0.0,0,0.0,0.0,0
2013,17,34,3264,1.35,1.35,0.8125,0,0,0,0,0,0,2.013326514391834,0.9696355437242702,1.0302182192912233,0.9696355437242702,1.0302182192912233,0,0.0,0,0.0,0.0,0
2013,18,37,3552,1.35,1.35,0.8125,0,0,0,0,0,0,2.001799017464552,0.9754892297442616,1.0297518564858024,0.9754892297442616,1.0297518564858024,0,0.0,0,0.0,0.0,0
2013,19,38,3648,1.35,1.35,0.8125,0,0,0,0,0,0,2.028289890083252,0.9730567526448928,1.0315335061420772,0.9730567526448928,1.0315335061420772,0,0.0,0,0.0,0.0,0
2013,20,39,3744,1.35,1.35,0.8125,0,0,0,0,0,0,2.0248231696282017,0.9708879229955624,1.030023971323938,0.9708879229955624,1.030023971323938,0,0.0,0,0.0,0.0,0
2013,21,43,4128,1.35,1.35,0.8125,0,0,0,0,0,0,2.02261074480121,0.9707488712859348,1.0302369046570825,0.9707488712859348,1.0302369046570825,0,0.0,0,0.0,0.0,0
2013,22,44,4224,1.35,1.35,0.8125,0,0,0,0,0,0,2.0081004477298805,0.9745772759170608,1.0296060672828868,0.9745772759170608,1.0296060672828868,0,0.0,0,0.0,0.0,0
2013,23,46,4416,1.35,1.35,0.8125,0,0,0,0,0,0,2.019323452147006,0.9695765936823442,1.0304143197339282,0.9695765936823442,1.0304143197339282,0,0.0,0,0.0,0.0,0
2013,24,49,4704,1.35,1.35,0.8125,0,0,0,0,0,0,2.030191304746824,0.971847589361171,1.029476182714777,0.971847589361171,1.029476182714777,0,0.0,0,0.0,0.0,0
2013,25,50,4800,1.35,1.35,0.8125,0,0,0,0,0,0,1.9826044256574744,0.973285198140388,1.030896902810953,0.973285198140388,1.030896902810953,0,0.0,0,0.0,0.0,0
2013,26,51,4896,1.35,1.35,0.8125,0,0,0,0,0,0,2.0313072665205163,0.9719733476027352,1.0306882872596888,0.9719733476027352,1.0306882872596888,0,0.0,0,0.0,0.0,0
2013,27,53,5088,1.35,1.35,0.8125,0,0,0,0,0,0,1.9895505819494368,0.9721380113096724,1.0295920111239687,0.9721380113096724,1.0295920111239687,0,0.0,0,0.0,0.0,0
2013,28,54,5184,1.35,1.35,0.8125,0,0,0,0,0,0,2.016478759260327,0.9709952060581928,1.0305302936546767,0.9709952060581928,1.0305302936546767,0,0.0,0,0.0,0.0,0
2013,29,55,5280,1.35,1.35,0.8125,0,0,0,0,0,0,2.0264679256183022,0.9709979520401144,1.0300959362342967,0.9709979520401144,1.0300959362342967,0,0.0,0,0.0,0.0,0
2013,30,56,5376,1.35,1.35,0.8125,0,0,0,0,0,0,2.024669258947453,0.9738905824512838,1.029960232263297,0.9738905824512838,1.029960232263297,0,0.0,0,0.0,0.0,0
2013,31,57,5472,1.35,1.35,0.8125,0,0,0,0,0,0,2.000381157955967,0.9746406466039084,1.0302831730487156,0.9746406466039084,1.0302831730487156,0,0.0,0,0.0,0.0,0
2013,32,59,5664,1.35,1.35,0.8125,0,0,0,0,0,0,1.9916465704820687,0.9725383817230502,1.0300137140794796,0.9725383817230502,1.0300137140794796,0,0.0,0,0.0,0.0,0
2013,33,60,5760,1.35,1.35,0.8125,0,0,0,0,0,0,2.0057239245331555,0.9690378478424498,1.0294029965787503,0.9690378478424498,1.0294029965787503,0,0.0,0,0.0,0.0,0
2013,34,62,5952,1.35,1.35,0.8125,0,0,0,0,0,0,2.01833274810592,0.969816100151694,1.031242837324577,0.969816100151694,1.031242837324577,0,0.0,0,0.0,0.0,0
2013,35,65,6240,1.35,1.35,0.8125,0,0,0,0,0,0,2.01431177983057,0.9738614984475192,1.0298924373559173,0.9738614984475192,1.0298924373559173,0,0.0,0,0.0,0.0,0
2013,36,66,6336,1.35,1.35,0.8125,0,0,0,0,0,0,2.0060326176592924,0.9678200348849292,1.0297279925419367,0.9678200348849292,1.0297279925419367,0,0.0,0,0.0,0.0,0
2013,37,67,6432,1.35,1.35,0.8125,0,0,0,0,0,0,2.006681671340396,0.9722654130166434,1.0302156000498977,0.9722654130166434,1.0302156000498977,0,0.0,0,0.0,0.0,0
2013,38,68,6528,1.35,1.35,0.8125,0,0,0,0,0,0,2.011912780175371,0.9719471618972868,1.030894346593147,0.9719471618972868,1.030894346593147,0,0.0,0,0.0,0.0,0
2013,39,69,6624,1.35,1.35,0.8125,0,0,0,0,0,0,2.025756452503997,0.9715659949450728,1.0299948648234865,0.9715659949450728,1.0299948648234865,0,0.0,0,0.0,0.0,0
2013,40,70,6720,1.35,1.35,0.8125,0,0,0,0,0,0,2.0202723973039167,0.97140188149011,1.0306208469894265,0.97140188149011,1.0306208469894265,0,0.0,0,0.0,0.0,0
2013,41,71,6816,1.35,1.35,0.8125,0,0,0,0,0,0,2.0235049003077963,0.9736723617819372,1.029664445500672,0.9736723617819372,1.029664445500672,0,0.0,0,0.0,0.0,0
2013,42,74,7104,1.35,1.35,0.8125,0,0,0,0,0,0,2.037236767568255,0.9744880635216974,1.0306007483096284,0.9744880635216974,1.0306007483096284,0,0.0,0,0.0,0.0,0
2013,43,80,7680,1.35,1.35,0.8125,0,0,0,0,0,0,1.981220945744825,0.9699723226011708,1.0309417062829336,0.9699723226011708,1.0309417062829336,0,0.0,0,0.0,0.0,0
2013,44,81,7776,1.35,1.35,0.8125,0,0,0,0,0,0,2.0065880733078,0.9716537413353848,1.0304476209466813,0.9716537413353848,1.0304476209466813,0,0.0,0,0.0,0.0,0
2013,45,82,7872,1.35,1.35,0.8125,0,0,0,0,0,0,2.011416202869515,0.9697002070933156,1.0303799360821193,0.9697002070933156,1.0303799360821193,0,0.0,0,0.0,0.0,0
2013,46,84,8064,1.35,1.35,0.8125,0,0,0,0,0,0,2.012257007739399,0.970479749531712,1.0305032553932658,0.970479749531712,1.0305032553932658,0,0.0,0,0.0,0.0,0
2013,47,85,8160,1.35,1.35,0.8125,0,0,0,0,0,0,1.9907785620715384,0.9750457532566852,1.0299765449780134,0.9750457532566852,1.0299765449780134,0,0.0,0,0.0,0.0,0
2013,47,86,8256,1.35,1.35,0.8125,0,0,0,0,0,0,2.01867900055458,0.9723576278024058,1.0300122769629054,0.9723576278024058,1.0300122769629054,0,0.0,0,0.0,0.0,0
2013,48,87,8352,1.35,1.35,0.8125,0,0,0,0,0,0,2.039439888296872,0.9715149958018142,1.0307408418279729,0.9715149958018142,1.0307408418279729,0,0.0,0,0.0,0.0,0
2013,49,93,8928,1.35,1.35,0.8125,0,0,0,0,0,0,2.006264401964692,0.9719212821824762,1.030889116551046,0.9719212821824762,1.030889116551046,0,0.0,0,0.0,0.0,0
2013,50,94,9024,1.35,1.35,0.8125,0,0,0,0,0,0,2.013804142571697,0.974370318568898,1.0295524746260851,0.974370318568898,1.0295524746260851,0,0.0,0,0.0,0.0,0
2013,51,95,9120,1.35,1.35,0.8125,0,0,0,0,0,0,2.016020663000662,0.9733943337823427,1.0307373127157036,0.9733943337823427,1.0307373127157036,0,0.0,0,0.0,0.0,0
2013,52,97,9312,1.35,1.35,0.8125,0,0,0,0,0,0,2.010055865413191,0.9729514119081956,1.0307481066383148,0.9729514119081956,1.0307481066383148,0,0.0,0,0.0,0.0,0
2013,53,98,9408,1.35,1.35,0.8125,0,0,0,0,0,0,2.0003003350638853,0.9707497571817112,1.0296777960956531,0.9707497571817112,1.0296777960956531,0,0.0,0,0.0,0.0,0
2013,54,101,9696,1.35,1.35,0.8125,0,0,0,0,0,0,2.026156818974376,0.9716369761661132,1.0303405688600469,0.9716369761661132,1.0303405688600469,0,0.0,0,0.0,0.0,0
2013,55,102,9792,1.35,1.35,0.8125,0,0,0,0,0,0,2.0200226453093064,0.9718577566504784,1.0303611900745504,0.9718577566504784,1.0303611900745504,0,0.0,0,0.0,0.0,0
2013,56,107,10272,1.35,1.35,0.8125,0,0,0,0,0,0,2.000045297722873,0.9686309739064014,1.0312315874007216,0.9686309739064014,1.0312315874007216,0,0.0,0,0.0,0.0,0
2013,57,109,10464,1.35,1.35,0.8125,0,0,0,0,0,0,2.004103853316922,0.969231734200545,1.0300416668720591,0.969231734200545,1.0300416668720591,0,0.0,0,0.0,0.0,0
2013,58,111,10656,1.35,1.35,0.8125,0,0,0,0,0,0,2.026654502244976,0.9698374987639408,1.0303045769613708,0.9698374987639408,1.0303045769613708,0,0.0,0,0.0,0.0,0
2013,59,114,10944,1.35,1.35,0.8125,0,0,0,0,0,0,2.007002571782556,0.9725163489993706,1.0300136803169553,0.9725163489993706,1.0300136803169553,0,0.0,0,0.0,0.0,0
2013,60,116,11136,1.35,1.35,0.8125,0,0,0,0,0,0,2.0372473053943128,0.9682975760502792,1.0302213275180143,0.9682975760502792,1.0302213275180143,0,0.0,0,0.0,0.0,0
2013,61,117,11232,1.35,1.35,0.8125,0,0,0,0,0,0,2.0138226628378586,0.9732427574764732,1.0301307170795813,0.9732427574764732,1.0301307170795813,0,0.0,0,0.0,0.0,0
2013,62,119,11424,1.35,1.35,0.8125,0,0,0,0,0,0,2.011104308592464,0.97169576406947,1.0308236765681615,0.97169576406947,1.0308236765681615,0,0.0,0,0.0,0.0,0
2013,63,120,11520,1.35,1.35,0.8125,0,0,0,0,0,0,2.0109227529608966,0.969829977669496,1.03044838716584,0.969829977669496,1.03044838716584,0,0.0,0,0.0,0.0,0
2013,63,122,11712,1.35,1.35,0.8125,0,0,0,0,0,0,2.011313240291325,0.9734440204190904,1.0312706388898931,0.9734440204190904,1.0312706388898931,0,0.0,0,0.0,0.0,0
2013,64,123,11808,1.35,1.35,0.8125,0,0,0,0,0,0,2.00542101131232,0.97007497398068,1.0296883467514242,0.97007497398068,1.0296883467514242,0,0.0,0,0.0,0.0,0
2013,65,125,12000,1.35,1.35,0.8125,0,0,0,0,0,0,2.011273246455442,0.971158701772294,1.0295706897806751,0.971158701772294,1.0295706897806751,0,0.0,0,0.0,0.0,0
2013,66,126,12096,1.35,1.35,0.8125,0,0,0,0,0,0,2.0267033352351884,0.9705998645773064,1.030182419084031,0.9705998645773064,1.030182419084031,0,0.0,0,0.0,0.0,0
2013,67,128,12288,1.35,1.35,0.8125,0,0,0,0,0,0,2.0171790902998428,0.9717268125122674,1.0310077017399333,0.9717268125122674,1.0310077017399333,0,0.0,0,0.0,0.0,0
2013,68,129,12384,1.35,1.35,0.8125,0,0,0,0,0,0,2.035992966786606,0.968889520238764,1.0300782232731085,0.968889520238764,1.0300782232731085,0,0.0,0,0.0,0.0,0
2013,69,131,12576,1.35,1.35,0.8125,0,0,0,0,0,0,2.0086020976365755,0.9714611947314404,1.029576683748365,0.9714611947314404,1.029576683748365,0,0.0,0,0.0,0.0,0
2013,70,133,12768,1.35,1.35,0.8125,0,0,0,0,0,0,2.0250223661344284,0.969543362830244,1.0297426869498898,0.969543362830244,1.0297426869498898,0,0.0,0,0.0,0.0,0
2013,71,134,12864,1.35,1.35,0.8125,0,0,0,0,0,0,1.99357226918052,0.9699702122406972,1.0312638474305935,0.9699702122406972,1.0312638474305935,0,0.0,0,0.0,0.0,0
2013,72,136,13056,1.35,1.35,0.8125,0,0,0,0,0,0,2.032463394983629,0.9732673596254192,1.0305955951636674,0.9732673596254192,1.0305955951636674,0,0.0,0,0.0,0.0,0
2013,73,140,13440,1.35,1.35,0.8125,0,0,0,0,0,0,1.9932598513832125,0.9709816734575504,1.0298507347053645,0.9709816734575504,1.0298507347053645,0,0.0,0,0.0,0.0,0
2013,74,141,13536,1.35,1.35,0.8125,0,0,0,0,0,0,2.00733196900432,0.9701129877225944,1.0300842115879258,0.9701129877225944,1.0300842115879258,0,0.0,0,0.0,0.0,0
2013,75,142,13632,1.35,1.35,0.8125,0,0,0,0,0,0,2.018011233638508,0.972357535521173,1.0300069466137851,0.972357535521173,1.0300069466137851,0,0.0,0,0.0,0.0,0
2013,76,143,13728,1.35,1.35,0.8125,0,0,0,0,0,0,2.0254954339737266,0.9709127208847376,1.0302854500997958,0.9709127208847376,1.0302854500997958,0,0.0,0,0.0,0.0,0
2013,77,145,13920,1.35,1.35,0.8125,0,0,0,0,0,0,2.005471105793254,0.9748402572613084,1.0305956631609463,0.9748402572613084,1.0305956631609463,0,0.0,0,0.0,0.0,0
2013,78,148,14208,1.35,1.35,0.8125,0,0,0,0,0,0,2.0010505058865147,0.9697513313740286,1.03056472930879,0.9697513313740286,1.03056472930879,0,0.0,0,0.0,0.0,0
2013,79,149,14304,1.35,1.35,0.8125,0,0,0,0,0,0,2.023907714847526,0.968792114747378,1.0309825076592816,0.968792114747378,1.0309825076592816,0,0.0,0,0.0,0.0,0
2013,80,151,14496,1.35,1.35,0.8125,0,0,0,0,0,0,2.021874930482117,0.9718070351945516,1.0300443149176788,0.9718070351945516,1.0300443149176788,0,0.0,0,0.0,0.0,0
2013,81,152,14592,1.35,1.35,0.8125,0,0,0,0,0,0,2.0042695015643037,0.9718844013926784,1.030330407541608,0.9718844013926784,1.030330407541608,0,0.0,0,0.0,0.0,0
2013,82,154,14784,1.35,1.35,0.8125,0,0,0,0,0,0,2.0077022764141006,0.9714853092052332,1.0293561993247515,0.9714853092052332,1.0293561993247515,0,0.0,0,0.0,0.0,0
2013,83,156,14976,1.35,1.35,0.8125,0,0,0,0,0,0,2.0345342550069625,0.9692674967013076,1.030380298419258,0.9692674967013076,1.030380298419258,0,0.0,0,0.0,0.0,0
2013,84,157,15072,1.35,1.35,0.8125,0,0,0,0,0,0,2.012656301021728,0.971988398207736,1.0304263089099577,0.971988398207736,1.0304263089099577,0,0.0,0,0.0,0.0,0
2013,85,166,15936,1.35,1.35,0.8125,0,0,0,0,0,0,2.0063249691711342,0.9720208160446304,1.030026272709067,0.9720208160446304,1.030026272709067,0,0.0,0,0.0,0.0,0
2013,87,168,16128,1.35,1.35,0.8125,0,0,0,0,0,0,2.028942992812923,0.9714536389343236,1.0304689596098526,0.9714536389343236,1.0304689596098526,0,0.0,0,0.0,0.0,0
2013,86,169,16224,1.35,1.35,0.8125,0,0,0,0,0,0,2.0147286007932483,0.9733585337512964,1.030150104069122,0.9733585337512964,1.030150104069122,0,0.0,0,0.0,0.0,0
2013,87,171,16416,1.35,1.35,0.8125,0,0,0,0,0,0,2.000867533379818,0.9713822419851204,1.0297553195747022,0.9713822419851204,1.0297553195747022,0,0.0,0,0.0,0.0,0
2013,88,172,16512,1.35,1.35,0.8125,0,0,0,0,0,0,2.0140317112781765,0.9689648876793364,1.030755132302719,0.9689648876793364,1.030755132302719,0,0.0,0,0.0,0.0,0
2013,89,173,16608,1.35,1.35,0.8125,0,0,0,0,0,0,2.00110012748272,0.971110353773056,1.0300005220542643,0.971110353773056,1.0300005220542643,0,0.0,0,0.0,0.0,0
2013,90,175,16800,1.35,1.35,0.8125,0,0,0,0,0,0,2.0233304861660977,0.9702572431246544,1.0300162228847,0.9702572431246544,1.0300162228847,0,0.0,0,0.0,0.0,0
2013,91,176,16896,1.35,1.35,0.8125,0,0,0,0,0,0,2.02877493904344,0.9717205551763743,1.0309976781442547,0.9717205551763743,1.0309976781442547,0,0.0,0,0.0,0.0,0
2013,92,178,17088,1.35,1.35,0.8125,0,0,0,0,0,0,2.0256119804073505,0.9710451501744988,1.0305891060940129,0.9710451501744988,1.0305891060940129,0,0.0,0,0.0,0.0,0
2013,93,179,17184,1.35,1.35,0.8125,0,0,0,0,0,0,2.03380231093063,0.9693504891038608,1.0300661515533518,0.9693504891038608,1.0300661515533518,0,0.0,0,0.0,0.0,0
2013,94,181,17376,1.35,1.35,0.8125,0,0,0,0,0,0,2.023359592864206,0.9716864850266514,1.0303326790355845,0.9716864850266514,1.0303326790355845,0,0.0,0,0.0,0.0,0
2013,95,183,17568,1.35,1.35,0.8125,0,0,0,0,0,0,2.019397260795049,0.9714497299033004,1.029699863742764,0.9714497299033004,1.029699863742764,0,0.0,0,0.0,0.0,0
2013,96,184,17664,1.35,1.35,0.8125,0,0,0,0,0,0,2.020411293650396,0.97302069905311,1.030473421039909,0.97302069905311,1.030473421039909,0,0.0,0,0.0,0.0,0
2013,97,187,17952,1.35,1.35,0.8125,0,0,0,0,0,0,2.00558758308258,0.9691886218183738,1.0298463799936437,0.9691886218183738,1.0298463799936437,0,0.0,0,0.0,0.0,0
2013,100,190,18240,1.35,1.35,0.8125,0,0,0,0,0,0,2.007367848280952,0.9730879196722624,1.029591981679584,0.9730879196722624,1.029591981679584,0,0.0,0,0.0,0.0,0
2013,98,192,18432,1.35,1.35,0.8125,0,0,0,0,0,0,2.038185192703786,0.9708243106803774,1.0303907026231451,0.9708243106803774,1.0303907026231451,0,0.0,0,0.0,0.0,0
2013,99,193,18528,1.35,1.35,0.8125,0,0,0,0,0,0,2.0190429139788724,0.9710116979226864,1.029953978580429,0.9710116979226864,1.029953978580429,0,0.0,0,0.0,0.0,0
2013,100,197,18912,1.35,1.35,0.8125,0,0,0,0,0,0,2.0199247201511388,0.9704303654702996,1.0303517142251055,0.9704303654702996,1.0303517142251055,0,0.0,0,0.0,0.0,0
2013,101,201,19296,1.35,1.35,0.8125,0,0,0,0,0,0,2.0083020381588312,0.9700064701530116,1.0300556883729506,0.9700064701530116,1.0300556883729506,0,0.0,0,0.0,0.0,0
2013,102,205,19680,1.35,1.35,0.8125,0,0,0,0,0,0,2.005885809745032,0.97202374046362,1.0290406185193917,0.97202374046362,1.0290406185193917,0,0.0,0,0.0,0.0,0
2013,103,207,19872,1.35,1.35,0.8125,0,0,0,0,0,0,2.0269716231703043,0.965222072404155,1.030829220442944,0.965222072404155,1.030829220442944,0,0.0,0,0.0,0.0,0
2013,104,210,20160,1.35,1.35,0.8125,0,0,0,0,0,0,2.0060298347360352,0.9672084591622104,1.0307325235275495,0.9672084591622104,1.0307325235275495,0,0.0,0,0.0,0.0,0
2013,105,212,20352,1.35,1.35,0.8125,0,0,0,0,0,0,2.0100927641822945,0.9693190981503153,1.030354095597708,0.9693190981503153,1.030354095597708,0,0.0,0,0.0,0.0,0
2013,106,213,20448,1.35,1.35,0.8125,0,0,0,0,0,0,2.0176693511029766,0.9714817920002572,1.0304150524284157,0.9714817920002572,1.0304150524284157,0,0.0,0,0.0,0.0,0
2013,107,216,20736,1.35,1.35,0.8125,0,0,0,0,0,0,2.004050228625995,0.9715254791388632,1.0309871051058404,0.9715254791388632,1.0309871051058404,0,0.0,0,0.0,0.0,0
2013,108,219,21024,1.35,1.35,0.8125,0,0,0,0,0,0,2.037105412187048,0.9703420649871256,1.0298149119047797,0.9703420649871256,1.0298149119047797,0,0.0,0,0.0,0.0,0
2013,109,220,21120,1.35,1.35,0.8125,0,0,0,0,0,0,2.035646618875392,0.9731358052269214,1.0298179163788876,0.9731358052269214,1.0298179163788876,0,0.0,0,0.0,0.0,0
2013,110,226,21696,1.35,1.35,0.8125,0,0,0,0,0,0,2.0099830890196646,0.9696169649742876,1.0304718344726922,0.9696169649742876,1.0304718344726922,0,0.0,0,0.0,0.0,0
2013,114,228,21888,1.35,1.35,0.8125,0,0,0,0,0,0,2.036538651172818,0.974694834912574,1.0305193739481453,0.974694834912574,1.0305193739481453,0,0.0,0,0.0,0.0,0
2013,111,230,22080,1.35,1.35,0.8125,0,0,0,0,0,0,2.011722640466971,0.9720376143401568,1.0304167595403022,0.9720376143401568,1.0304167595403022,0,0.0,0,0.0,0.0,0
2013,112,231,22176,1.35,1.35,0.8125,0,0,0,0,0,0,2.022909338287833,0.9728044326952208,1.0304217172257293,0.9728044326952208,1.0304217172257293,0,0.0,0,0.0,0.0,0
2013,113,232,22272,1.35,1.35,0.8125,0,0,0,0,0,0,2.008706389229243,0.9734703900948124,1.03067286237911,0.9734703900948124,1.03067286237911,0,0.0,0,0.0,0.0,0
2013,114,234,22464,1.35,1.35,0.8125,0,0,0,0,0,0,2.0166667625995345,0.9712901239061348,1.0301710156398864,0.9712901239061348,1.0301710156398864,0,0.0,0,0.0,0.0,0
2013,115,235,22560,1.35,1.35,0.8125,0,0,0,0,0,0,2.023987804868178,0.96975388567025,1.030922916469414,0.96975388567025,1.030922916469414,0,0.0,0,0.0,0.0,0
2013,116,236,22656,1.35,1.35,0.8125,0,0,0,0,0,0,2.0302770100016927,0.9730958191804988,1.0297941641066892,0.9730958191804988,1.0297941641066892,0,0.0,0,0.0,0.0,0
2013,117,239,22944,1.35,1.35,0.8125,0,0,0,0,0,0,2.015630716909329,0.971779578598687,1.0294476555157732,0.971779578598687,1.0294476555157732,0,0.0,0,0.0,0.0,0
2013,118,240,23040,1.35,1.35,0.8125,0,0,0,0,0,0,2.0238649101947925,0.9721895949211669,1.0298548780011674,0.9721895949211669,1.0298548780011674,0,0.0,0,0.0,0.0,0
2013,123,241,23136,1.35,1.35,0.8125,0,0,0,0,0,0,2.0061852855715205,0.9710380189743784,1.029681894400554,0.9710380189743784,1.029681894400554,0,0.0,0,0.0,0.0,0
2013,119,244,23424,1.35,1.35,0.8125,0,0,0,0,0,0,2.021726349913735,0.972917531550541,1.0303625329501631,0.972917531550541,1.0303625329501631,0,0.0,0,0.0,0.0,0
2013,120,245,23520,1.35,1.35,0.8125,0,0,0,0,0,0,2.003123639132069,0.971520814562904,1.0306500868738675,0.971520814562904,1.0306500868738675,0,0.0,0,0.0,0.0,0
2013,121,248,23808,1.35,1.35,0.8125,0,0,0,0,0,0,2.027608633174181,0.9732345796634464,1.0307201991343562,0.9732345796634464,1.0307201991343562,0,0.0,0,0.0,0.0,0
2013,122,251,24096,1.35,1.35,0.8125,0,0,0,0,0,0,2.003675548345277,0.9720131759101948,1.0296514238801906,0.9720131759101948,1.0296514238801906,0,0.0,0,0.0,0.0,0
2013,123,253,24288,1.35,1.35,0.8125,0,0,0,0,0,0,2.0066625052161102,0.9719198887252356,1.0310497273403452,0.9719198887252356,1.0310497273403452,0,0.0,0,0.0,0.0,0
2013,124,254,24384,1.35,1.35,0.8125,0,0,0,0,0,0,1.9984647996543212,0.9737200598605597,1.0299573800058672,0.9737200598605597,1.0299573800058672,0,0.0,0,0.0,0.0,0
2013,125,257,24672,1.35,1.35,0.8125,0,0,0,0,0,0,1.996269356996567,0.973614973481176,1.0297086323146694,0.973614973481176,1.0297086323146694,0,0.0,0,0.0,0.0,0
2013,126,259,24864,1.35,1.35,0.8125,0,0,0,0,0,0,2.0124172657539328,0.9745797924359004,1.0305710303314009,0.9745797924359004,1.0305710303314009,0,0.0,0,0.0,0.0,0
2013,127,261,25056,1.35,1.35,0.8125,0,0,0,0,0,0,2.031219229811612,0.970875014500156,1.0298681342107987,0.970875014500156,1.0298681342107987,0,0.0,0,0.0,0.0,0
2013,128,266,25536,1.35,1.35,0.8125,0,0,0,0,0,0,2.0162718198733227,0.9706051634515878,1.0306007293756512,0.9706051634515878,1.0306007293756512,0,0.0,0,0.0,0.0,0
2013,129,267,25632,1.35,1.35,0.8125,0,0,0,0,0,0,2.0198301767326474,0.9726250301552954,1.030919637478984,0.9726250301552954,1.030919637478984,0,0.0,0,0.0,0.0,0
2013,130,268,25728,1.35,1.35,0.8125,0,0,0,0,0,0,2.0109135046568207,0.972616749118037,1.03015882041832,0.972616749118037,1.03015882041832,0,0.0,0,0.0,0.0,0
2013,131,269,25824,1.35,1.35,0.8125,0,0,0,0,0,0,2.0241824522456304,0.9723403578636908,1.029416169892054,0.9723403578636908,1.029416169892054,0,0.0,0,0.0,0.0,0
2013,132,271,26016,1.35,1.35,0.8125,0,0,0,0,0,0,2.027958883711415,0.9690081260772108,1.0307253974899993,0.9690081260772108,1.0307253974899993,0,0.0,0,0.0,0.0,0
2013,133,272,26112,1.35,1.35,0.8125,0,0,0,0,0,0,2.0136184653140647,0.9736840721147242,1.0305165010704096,0.9736840721147242,1.0305165010704096,0,0.0,0,0.0,0.0,0
2013,134,273,26208,1.35,1.35,0.8125,0,0,0,0,0,0,2.01961542970352,0.9654863745962698,1.0299694635000332,0.9654863745962698,1.0299694635000332,0,0.0,0,0.0,0.0,0
2013,135,275,26400,1.35,1.35,0.8125,0,0,0,0,0,0,1.996069982644914,0.9737560451726416,1.0302162073553,0.9737560451726416,1.0302162073553,0,0.0,0,0.0,0.0,0
2013,136,276,26496,1.35,1.35,0.8125,0,0,0,0,0,0,2.023497808504781,0.969920116655355,1.0300692164981395,0.969920116655355,1.0300692164981395,0,0.0,0,0.0,0.0,0
2013,142,278,26688,1.35,1.35,0.8125,0,0,0,0,0,0,2.02017009028842,0.9729018559753578,1.0304829837224614,0.9729018559753578,1.0304829837224614,0,0.0,0,0.0,0.0,0
2013,143,280,26880,1.35,1.35,0.8125,0,0,0,0,0,0,2.002795531963176,0.9694510434009274,1.0301189184528132,0.9694510434009274,1.0301189184528132,0,0.0,0,0.0,0.0,0
2013,144,281,26976,1.35,1.35,0.8125,0,0,0,0,0,0,1.973122616935016,0.972895885287576,1.03069539353709,0.972895885287576,1.03069539353709,0,0.0,0,0.0,0.0,0
2013,137,282,27072,1.35,1.35,0.8125,0,0,0,0,0,0,2.009285446445808,0.9745366436830596,1.0291708116532206,0.9745366436830596,1.0291708116532206,0,0.0,0,0.0,0.0,0
2013,138,283,27168,1.35,1.35,0.8125,0,0,0,0,0,0,2.003632349164333,0.9730126920869056,1.0303468625994918,0.9730126920869056,1.0303468625994918,0,0.0,0,0.0,0.0,0
2013,139,284,27264,1.35,1.35,0.8125,0,0,0,0,0,0,2.024335433894269,0.9717092089772909,1.0302634371970198,0.9717092089772909,1.0302634371970198,0,0.0,0,0.0,0.0,0
2013,140,285,27360,1.35,1.35,0.8125,0,0,0,0,0,0,2.0347015630903247,0.9724742512493438,1.0307997271657665,0.9724742512493438,1.0307997271657665,0,0.0,0,0.0,0.0,0
2013,141,287,27552,1.35,1.35,0.8125,0,0,0,0,0,0,2.028869491957406,0.9711888992592644,1.0308054719940047,0.9711888992592644,1.0308054719940047,0,0.0,0,0.0,0.0,0
2013,142,288,27648,1.35,1.35,0.8125,0,0,0,0,0,0,2.005699221110852,0.9729277896824028,1.0303049867824945,0.9729277896824028,1.0303049867824945,0,0.0,0,0.0,0.0,0
2013,143,289,27744,1.35,1.35,0.8125,0,0,0,0,0,0,1.9964282576183443,0.9703559790472378,1.0301848107371416,0.9703559790472378,1.0301848107371416,0,0.0,0,0.0,0.0,0
2013,144,290,27840,1.35,1.35,0.8125,0,0,0,0,0,0,2.016546668553556,0.970428246390882,1.029724997017727,0.970428246390882,1.029724997017727,0,0.0,0,0.0,0.0,0
2013,153,291,27936,1.35,1.35,0.8125,0,0,0,0,0,0,2.027715737056234,0.9705961759215248,1.0296123569779372,0.9705961759215248,1.0296123569779372,0,0.0,0,0.0,0.0,0
2013,145,292,28032,1.35,1.35,0.8125,0,0,0,0,0,0,1.9802023103128064,0.9715915626360696,1.0310091516251678,0.9715915626360696,1.0310091516251678,0,0.0,0,0.0,0.0,0
2013,146,293,28128,1.35,1.35,0.8125,0,0,0,0,0,0,2.020121999788413,0.9714657751678922,1.0299805135883564,0.9714657751678922,1.0299805135883564,0,0.0,0,0.0,0.0,0
2013,147,294,28224,1.35,1.35,0.8125,0,0,0,0,0,0,2.0077050420064824,0.972469879397909,1.0295572680757668,0.972469879397909,1.0295572680757668,0,0.0,0,0.0,0.0,0
2013,148,295,28320,1.35,1.35,0.8125,0,0,0,0,0,0,2.012844479579244,0.9722312129030232,1.0302897176894004,0.9722312129030232,1.0302897176894004,0,0.0,0,0.0,0.0,0
2013,149,296,28416,1.35,1.35,0.8125,0,0,0,0,0,0,2.0121637819840124,0.971821384140645,1.031331467739497,0.971821384140645,1.031331467739497,0,0.0,0,0.0,0.0,0
2013,150,297,28512,1.35,1.35,0.8125,0,0,0,0,0,0,2.032590557815045,0.9703891024095032,1.0309081229639192,0.9703891024095032,1.0309081229639192,0,0.0,0,0.0,0.0,0
2013,160,298,28608,1.35,1.35,0.8125,0,0,0,0,0,0,2.017466804161248,0.9754128019882852,1.029772699932212,0.9754128019882852,1.029772699932212,0,0.0,0,0.0,0.0,0
2013,151,299,28704,1.35,1.35,0.8125,0,0,0,0,0,0,2.02879344636516,0.9689848215169342,1.0298694272033797,0.9689848215169342,1.0298694272033797,0,0.0,0,0.0,0.0,0
2013,152,300,28800,1.35,1.35,0.8125,0,0,0,0,0,0,2.013905157425318,0.9747919525673624,1.030713668472664,0.9747919525673624,1.030713668472664,0,0.0,0,0.0,0.0,0
2013,153,302,28992,1.35,1.35,0.8125,0,0,0,0,0,0,2.024265375662404,0.974980183987418,1.0299939353505494,0.974980183987418,1.0299939353505494,0,0.0,0,0.0,0.0,0
2013,154,305,29280,1.35,1.35,0.8125,0,0,0,0,0,0,2.018812191283659,0.9718086048249308,1.029211885190949,0.9718086048249308,1.029211885190949,0,0.0,0,0.0,0.0,0
2013,155,306,29376,1.35,1.35,0.8125,0,0,0,0,0,0,1.9897407303306007,0.9707500135141156,1.0304724690872116,0.9707500135141156,1.0304724690872116,0,0.0,0,0.0,0.0,0
2013,156,307,29472,1.35,1.35,0.8125,0,0,0,0,0,0,2.010985719344117,0.9722190784649336,1.030210947088659,0.9722190784649336,1.030210947088659,0,0.0,0,0.0,0.0,0
2013,157,308,29568,1.35,1.35,0.8125,0,0,0,0,0,0,2.006365240459063,0.9683757527166064,1.0302705378418806,0.9683757527166064,1.0302705378418806,0,0.0,0,0.0,0.0,0
2013,158,312,29952,1.35,1.35,0.8125,0,0,0,0,0,0,1.9996722696912443,0.9681117859820108,1.0306995238335446,0.9681117859820108,1.0306995238335446,0,0.0,0,0.0,0.0,0
2013,159,315,30240,1.35,1.35,0.8125,0,0,0,0,0,0,2.0264757073397464,0.9715723482748614,1.0298334280397092,0.9715723482748614,1.0298334280397092,0,0.0,0,0.0,0.0,0
2013,160,317,30432,1.35,1.35,0.8125,0,0,0,0,0,0,2.0376731250395204,0.969278844788497,1.0299992328871173,0.969278844788497,1.0299992328871173,0,0.0,0,0.0,0.0,0
2013,161,319,30624,1.35,1.35,0.8125,0,0,0,0,0,0,2.018480746653509,0.967833329876711,1.0304355702571573,0.967833329876711,1.0304355702571573,0,0.0,0,0.0,0.0,0
2013,162,321,30816,1.35,1.35,0.8125,0,0,0,0,0,0,2.003476727648073,0.9707932759152604,1.0295803505561252,0.9707932759152604,1.0295803505561252,0,0.0,0,0.0,0.0,0
2013,173,322,30912,1.35,1.35,0.8125,0,0,0,0,0,0,2.004199435733727,0.9707631810951493,1.030528094486053,0.9707631810951493,1.030528094486053,0,0.0,0,0.0,0.0,0
2013,163,326,31296,1.35,1.35,0.8125,0,0,0,0,0,0,2.015369133735116,0.9660735530731588,1.030175746244373,0.9660735530731588,1.030175746244373,0,0.0,0,0.0,0.0,0
2013,164,329,31584,1.35,1.35,0.8125,0,0,0,0,0,0,2.0340816511058413,0.9721911364824184,1.030980478047199,0.9721911364824184,1.030980478047199,0,0.0,0,0.0,0.0,0
2013,165,331,31776,1.35,1.35,0.8125,0,0,0,0,0,0,2.035632854424336,0.9730120671310224,1.029746908240791,0.9730120671310224,1.029746908240791,0,0.0,0,0.0,0.0,0
2013,166,332,31872,1.35,1.35,0.8125,0,0,0,0,0,0,2.0204823892530515,0.9686331829396316,1.0304889268488164,0.9686331829396316,1.0304889268488164,0,0.0,0,0.0,0.0,0
2013,167,333,31968,1.35,1.35,0.8125,0,0,0,0,0,0,2.000435546850558,0.9741866450894406,1.030068257990596,0.9741866450894406,1.030068257990596,0,0.0,0,0.0,0.0,0
2013,168,335,32160,1.35,1.35,0.8125,0,0,0,0,0,0,2.015031791976285,0.9718384654022206,1.0308880888640803,0.9718384654022206,1.0308880888640803,0,0.0,0,0.0,0.0,0
2013,169,336,32256,1.35,1.35,0.8125,0,0,0,0,0,0,2.028965633740277,0.9685224744381752,1.0293639804500283,0.9685224744381752,1.0293639804500283,0,0.0,0,0.0,0.0,0
2013,170,337,32352,1.35,1.35,0.8125,0,0,0,0,0,0,2.0185886298316085,0.9743109566365362,1.029854161473928,0.9743109566365362,1.029854161473928,0,0.0,0,0.0,0.0,0
2013,171,338,32448,1.35,1.35,0.8125,0,0,0,0,0,0,2.0226407749865096,0.9709501342462818,1.030266575474595,0.9709501342462818,1.030266575474595,0,0.0,0,0.0,0.0,0
2013,172,339,32544,1.35,1.35,0.8125,0,0,0,0,0,0,2.038629389836159,0.971919116955834,1.0303858198075162,0.971919116955834,1.0303858198075162,0,0.0,0,0.0,0.0,0
2013,173,341,32736,1.35,1.35,0.8125,0,0,0,0,0,0,1.9860719713797208,0.9716998925936776,1.0300421065724292,0.9716998925936776,1.0300421065724292,0,0.0,0,0.0,0.0,0
2013,174,342,32832,1.35,1.35,0.8125,0,0,0,0,0,0,2.0075742891750705,0.966687561090868,1.030515728593768,0.966687561090868,1.030515728593768,0,0.0,0,0.0,0.0,0
2013,175,345,33120,1.35,1.35,0.8125,0,0,0,0,0,0,1.9930247017573808,0.9671655160676204,1.0304897052562996,0.9671655160676204,1.0304897052562996,0,0.0,0,0.0,0.0,0
2013,176,347,33312,1.35,1.35,0.8125,0,0,0,0,0,0,2.021960675192452,0.9688902468111764,1.030806345798163,0.9688902468111764,1.030806345798163,0,0.0,0,0.0,0.0,0
2013,177,348,33408,1.35,1.35,0.8125,0,0,0,0,0,0,2.00391198186394,0.9702518084505029,1.030485921984108,0.9702518084505029,1.030485921984108,0,0.0,0,0.0,0.0,0
2013,178,349,33504,1.35,1.35,0.8125,0,0,0,0,0,0,2.0175508013472365,0.9668991943413447,1.0293737345225067,0.9668991943413447,1.0293737345225067,0,0.0,0,0.0,0.0,0
2013,179,351,33696,1.35,1.35,0.8125,0,0,0,0,0,0,2.0055605243551,0.9734863027954536,1.0304645010598548,0.9734863027954536,1.0304645010598548,0,0.0,0,0.0,0.0,0
2013,191,352,33792,1.35,1.35,0.8125,0,0,0,0,0,0,2.0426189288296213,0.9741706823700362,1.031115380870486,0.9741706823700362,1.031115380870486,0,0.0,0,0.0,0.0,0
2013,180,354,33984,1.35,1.35,0.8125,0,0,0,0,0,0,2.0221134372915315,0.9717425411009104,1.0304691139083684,0.9717425411009104,1.0304691139083684,0,0.0,0,0.0,0.0,0
2013,181,355,34080,1.35,1.35,0.8125,0,0,0,0,0,0,2.0533933248781566,0.97151587568289,1.0304268922961566,0.97151587568289,1.0304268922961566,0,0.0,0,0.0,0.0,0
2013,182,356,34176,1.35,1.35,0.8125,0,0,0,0,0,0,2.0119983108269444,0.974706497695518,1.0301806391538233,0.974706497695518,1.0301806391538233,0,0.0,0,0.0,0.0,0
2013,183,361,34656,1.35,1.35,0.8125,0,0,0,0,0,0,2.012620279632502,0.9733580533953258,1.030583868693009,0.9733580533953258,1.030583868693009,0,0.0,0,0.0,0.0,0
2013,196,362,34752,1.35,1.35,0.8125,0,0,0,0,0,0,2.019717177240456,0.9733851339694792,1.030050240178321,0.9733851339694792,1.030050240178321,0,0.0,0,0.0,0.0,0
2013,184,364,34944,1.35,1.35,0.8125,0,0,0,0,0,0,2.0046850206064284,0.968942736896878,1.0300435724712165,0.968942736896878,1.0300435724712165,0,0.0,0,0.0,0.0,0
2013,198,366,35136,1.35,1.35,0.8125,0,0,0,0,0,0,2.013753166477235,0.9692253022648664,1.0301039692012663,0.9692253022648664,1.0301039692012663,0,0.0,0,0.0,0.0,0
2013,185,367,35232,1.35,1.35,0.8125,0,0,0,0,0,0,2.0155132091826893,0.9707024790421328,1.0293709920711862,0.9707024790421328,1.0293709920711862,0,0.0,0,0.0,0.0,0
2014,1,2,192,1.4,1.4,0.875,0,0,0,0,0,0,2.142749365057974,0.9687769102058218,1.032524949762361,0.9687769102058218,1.032524949762361,0,0.0,0,0.0,0.0,0
2014,2,4,384,1.4,1.4,0.875,0,0,0,0,0,0,2.137386399850962,0.9738490271044768,1.031501158244121,0.9738490271044768,1.031501158244121,0,0.0,0,0.0,0.0,0
2014,3,6,576,1.4,1.4,0.875,0,0,0,0,0,0,2.1490853215211208,0.9712571754258812,1.032222256210274,0.9712571754258812,1.032222256210274,0,0.0,0,0.0,0.0,0
2014,4,7,672,1.4,1.4,0.875,0,0,0,0,0,0,2.159664321767905,0.9723823424300944,1.0320028046702323,0.9723823424300944,1.0320028046702323,0,0.0,0,0.0,0.0,0
2014,5,10,960,1.4,1.4,0.875,0,0,0,0,0,0,2.1415849957766837,0.972872011247184,1.0317580083587292,0.972872011247184,1.0317580083587292,0,0.0,0,0.0,0.0,0
2014,6,13,1248,1.4,1.4,0.875,0,0,0,0,0,0,2.155844564375136,0.9708477432027344,1.0318828699075862,0.9708477432027344,1.0318828699075862,0,0.0,0,0.0,0.0,0
2014,7,16,1536,1.4,1.4,0.875,0,0,0,0,0,0,2.167328757841237,0.9702553011657592,1.0311037244315908,0.9702553011657592,1.0311037244315908,0,0.0,0,0.0,0.0,0
2014,8,17,1632,1.4,1.4,0.875,0,0,0,0,0,0,2.151899861118535,0.9747449814638248,1.0314932322127828,0.9747449814638248,1.0314932322127828,0,0.0,0,0.0,0.0,0
2014,9,20,1920,1.4,1.4,0.875,0,0,0,0,0,0,2.145961384043701,0.9737782042719624,1.0322744734158262,0.9737782042719624,1.0322744734158262,0,0.0,0,0.0,0.0,0
2014,10,22,2112,1.4,1.4,0.875,0,0,0,0,0,0,2.152762655692257,0.9749843309026052,1.0312762208302877,0.9749843309026052,1.0312762208302877,0,0.0,0,0.0,0.0,0
2014,11,23,2208,1.4,1.4,0.875,0,0,0,0,0,0,2.150488082698068,0.973366025554971,1.0318650399926816,0.973366025554971,1.0318650399926816,0,0.0,0,0.0,0.0,0
2014,12,25,2400,1.4,1.4,0.875,0,0,0,0,0,0,2.1241147047592746,0.9738408068408952,1.0317661980208763,0.9738408068408952,1.0317661980208763,0,0.0,0,0.0,0.0,0
2014,13,26,2496,1.4,1.4,0.875,0,0,0,0,0,0,2.159058262193096,0.9745088700648212,1.0317675487197682,0.9745088700648212,1.0317675487197682,0,0.0,0,0.0,0.0,0
2014,14,29,2784,1.4,1.4,0.875,0,0,0,0,0,0,2.161862465285348,0.9721396573672246,1.0311621964011852,0.9721396573672246,1.0311621964011852,0,0.0,0,0.0,0.0,0
2014,15,30,2880,1.4,1.4,0.875,0,0,0,0,0,0,2.1479583024911304,0.9712440828396603,1.0322642620092153,0.9712440828396603,1.0322642620092153,0,0.0,0,0.0,0.0,0
2014,16,31,2976,1.4,1.4,0.875,0,0,0,0,0,0,2.130362930492815,0.9718892181054613,1.0312053228598457,0.9718892181054613,1.0312053228598457,0,0.0,0,0.0,0.0,0
2014,17,34,3264,1.4,1.4,0.875,0,0,0,0,0,0,2.1486212012596786,0.9707921319964016,1.0315732720936537,0.9707921319964016,1.0315732720936537,0,0.0,0,0.0,0.0,0
2014,18,37,3552,1.4,1.4,0.875,0,0,0,0,0,0,2.1373272800000698,0.9766126543605084,1.0309785434588652,0.9766126543605084,1.0309785434588652,0,0.0,0,0.0,0.0,0
2014,19,38,3648,1.4,1.4,0.875,0,0,0,0,0,0,2.1639654603922662,0.974139788782689,1.0328833144717238,0.974139788782689,1.0328833144717238,0,0.0,0,0.0,0.0,0
2014,20,39,3744,1.4,1.4,0.875,0,0,0,0,0,0,2.160350967153505,0.9719748250729878,1.031384183284868,0.9719748250729878,1.031384183284868,0,0.0,0,0.0,0.0,0
2014,21,43,4128,1.4,1.4,0.875,0,0,0,0,0,0,2.158831884580247,0.9718845285389758,1.0315899324877131,0.9718845285389758,1.0315899324877131,0,0.0,0,0.0,0.0,0
2014,22,44,4224,1.4,1.4,0.875,0,0,0,0,0,0,2.143714184831293,0.9756804923490866,1.0309647688892825,0.9756804923490866,1.0309647688892825,0,0.0,0,0.0,0.0,0
2014,23,46,4416,1.4,1.4,0.875,0,0,0,0,0,0,2.154727678165449,0.9706985546498392,1.031769606418844,0.9706985546498392,1.031769606418844,0,0.0,0,0.0,0.0,0
2014,24,49,4704,1.4,1.4,0.875,0,0,0,0,0,0,2.1662483327498405,0.972984055090585,1.03083215418224,0.972984055090585,1.03083215418224,0,0.0,0,0.0,0.0,0
2014,25,50,4800,1.4,1.4,0.875,0,0,0,0,0,0,2.1171131598613337,0.974350030337278,1.0322484475759066,0.974350030337278,1.0322484475759066,0,0.0,0,0.0,0.0,0
2014,26,51,4896,1.4,1.4,0.875,0,0,0,0,0,0,2.1672332310373923,0.9731375864550492,1.0320988259629698,0.9731375864550492,1.0320988259629698,0,0.0,0,0.0,0.0,0
2014,27,53,5088,1.4,1.4,0.875,0,0,0,0,0,0,2.124226894188828,0.9732467804731328,1.030948952135848,0.9732467804731328,1.030948952135848,0,0.0,0,0.0,0.0,0
2014,28,54,5184,1.4,1.4,0.875,0,0,0,0,0,0,2.1518255912305486,0.9721580792385368,1.0318966241573926,0.9721580792385368,1.0318966241573926,0,0.0,0,0.0,0.0,0
2014,29,55,5280,1.4,1.4,0.875,0,0,0,0,0,0,2.162496501550585,0.972171782459158,1.031504633704338,0.972171782459158,1.031504633704338,0,0.0,0,0.0,0.0,0
2014,30,56,5376,1.4,1.4,0.875,0,0,0,0,0,0,2.1611874697794717,0.974987569429934,1.0313222940779987,0.974987569429934,1.0313222940779987,0,0.0,0,0.0,0.0,0
2014,31,57,5472,1.4,1.4,0.875,0,0,0,0,0,0,2.136104672187223,0.9757792624014624,1.0316452394299,0.9757792624014624,1.0316452394299,0,0.0,0,0.0,0.0,0
2014,32,59,5664,1.4,1.4,0.875,0,0,0,0,0,0,2.126840581430552,0.9736850740898632,1.0313756362277542,0.9736850740898632,1.0313756362277542,0,0.0,0,0.0,0.0,0
2014,33,60,5760,1.4,1.4,0.875,0,0,0,0,0,0,2.140882740364239,0.9701751035523112,1.03076032102936,0.9701751035523112,1.03076032102936,0,0.0,0,0.0,0.0,0
2014,34,62,5952,1.4,1.4,0.875,0,0,0,0,0,0,2.1544781352050104,0.970968951331034,1.0325916435353495,0.970968951331034,1.0325916435353495,0,0.0,0,0.0,0.0,0
2014,35,65,6240,1.4,1.4,0.875,0,0,0,0,0,0,2.150143302475407,0.974997009050712,1.0312551598910225,0.974997009050712,1.0312551598910225,0,0.0,0,0.0,0.0,0
2014,36,66,6336,1.4,1.4,0.875,0,0,0,0,0,0,2.1410795886000558,0.968982755075627,1.031085787604764,0.968982755075627,1.031085787604764,0,0.0,0,0.0,0.0,0
2014,37,67,6432,1.4,1.4,0.875,0,0,0,0,0,0,2.141998542901661,0.97335928942671,1.0315622064613226,0.97335928942671,1.0315622064613226,0,0.0,0,0.0,0.0,0
2014,38,68,6528,1.4,1.4,0.875,0,0,0,0,0,0,2.147484988969591,0.9730230089992832,1.0322397729182582,0.9730230089992832,1.0322397729182582,0,0.0,0,0.0,0.0,0
2014,39,69,6624,1.4,1.4,0.875,0,0,0,0,0,0,2.161840408550188,0.972683401509218,1.0313513845779598,0.972683401509218,1.0313513845779598,0,0.0,0,0.0,0.0,0
2014,40,70,6720,1.4,1.4,0.875,0,0,0,0,0,0,2.156068234035536,0.972465377769566,1.031981276765003,0.972465377769566,1.031981276765003,0,0.0,0,0.0,0.0,0
2014,41,71,6816,1.4,1.4,0.875,0,0,0,0,0,0,2.15885570809491,0.9747999798378466,1.031078401747992,0.9747999798378466,1.031078401747992,0,0.0,0,0.0,0.0,0
2014,42,74,7104,1.4,1.4,0.875,0,0,0,0,0,0,2.1732819768608715,0.9756008202858372,1.0319556046756404,0.9756008202858372,1.0319556046756404,0,0.0,0,0.0,0.0,0
2014,43,80,7680,1.4,1.4,0.875,0,0,0,0,0,0,2.115807551343211,0.9711198989971878,1.0322915679992724,0.9711198989971878,1.0322915679992724,0,0.0,0,0.0,0.0,0
2014,44,81,7776,1.4,1.4,0.875,0,0,0,0,0,0,2.142228922201142,0.9727927845386536,1.031800722107756,0.9727927845386536,1.031800722107756,0,0.0,0,0.0,0.0,0
2014,45,82,7872,1.4,1.4,0.875,0,0,0,0,0,0,2.145927300673415,0.9708370490269927,1.031787097647053,0.9708370490269927,1.031787097647053,0,0.0,0,0.0,0.0,0
2014,46,84,8064,1.4,1.4,0.875,0,0,0,0,0,0,2.1479171365076515,0.9716473131532084,1.0319118614022862,0.9716473131532084,1.0319118614022862,0,0.0,0,0.0,0.0,0
2014,47,85,8160,1.4,1.4,0.875,0,0,0,0,0,0,2.125576665532738,0.976063246255964,1.03134247368261,0.976063246255964,1.03134247368261,0,0.0,0,0.0,0.0,0
2014,47,86,8256,1.4,1.4,0.875,0,0,0,0,0,0,2.1542412013424523,0.9734438367795284,1.0313772824863967,0.9734438367795284,1.0313772824863967,0,0.0,0,0.0,0.0,0
2014,48,87,8352,1.4,1.4,0.875,0,0,0,0,0,0,2.1761092242957205,0.9726265001684056,1.0320898624569517,0.9726265001684056,1.0320898624569517,0,0.0,0,0.0,0.0,0
2014,49,93,8928,1.4,1.4,0.875,0,0,0,0,0,0,2.141528320847407,0.9730484695061424,1.032242848986899,0.9730484695061424,1.032242848986899,0,0.0,0,0.0,0.0,0
2014,50,94,9024,1.4,1.4,0.875,0,0,0,0,0,0,2.1499577476404346,0.9754663025494026,1.0309028194028074,0.9754663025494026,1.0309028194028074,0,0.0,0,0.0,0.0,0
2014,51,95,9120,1.4,1.4,0.875,0,0,0,0,0,0,2.151515678402872,0.9745426890539658,1.032143514699723,0.9745426890539658,1.032143514699723,0,0.0,0,0.0,0.0,0
2014,52,97,9312,1.4,1.4,0.875,0,0,0,0,0,0,2.145624882219031,0.974054592347054,1.032106314243405,0.974054592347054,1.032106314243405,0,0.0,0,0.0,0.0,0
2014,53,98,9408,1.4,1.4,0.875,0,0,0,0,0,0,2.1357091059211326,0.971909016366331,1.0310322857636864,0.971909016366331,1.0310322857636864,0,0.0,0,0.0,0.0,0
2014,54,101,9696,1.4,1.4,0.875,0,0,0,0,0,0,2.1624161340728065,0.9727606038036576,1.0317011059778318,0.9727606038036576,1.0317011059778318,0,0.0,0,0.0,0.0,0
2014,55,102,9792,1.4,1.4,0.875,0,0,0,0,0,0,2.155544897106765,0.9729388960394856,1.0317133937881644,0.9729388960394856,1.0317133937881644,0,0.0,0,0.0,0.0,0
2014,56,107,10272,1.4,1.4,0.875,0,0,0,0,0,0,2.1353575654096923,0.9697929821886198,1.032583742185767,0.9697929821886198,1.032583742185767,0,0.0,0,0.0,0.0,0
2014,57,109,10464,1.4,1.4,0.875,0,0,0,0,0,0,2.1391809652161884,0.9703529673105444,1.0313979153826822,0.9703529673105444,1.0313979153826822,0,0.0,0,0.0,0.0,0
2014,58,111,10656,1.4,1.4,0.875,0,0,0,0,0,0,2.162635803374439,0.9710090064876978,1.0316550654562269,0.9710090064876978,1.0316550654562269,0,0.0,0,0.0,0.0,0
2014,59,114,10944,1.4,1.4,0.875,0,0,0,0,0,0,2.1426803762109663,0.9736411425041552,1.0313805249820234,0.9736411425041552,1.0313805249820234,0,0.0,0,0.0,0.0,0
2014,60,116,11136,1.4,1.4,0.875,0,0,0,0,0,0,2.1736797997726724,0.9694515028606252,1.0315699910021874,0.9694515028606252,1.0315699910021874,0,0.0,0,0.0,0.0,0
2014,61,117,11232,1.4,1.4,0.875,0,0,0,0,0,0,2.149394565959694,0.974371908185542,1.03153894933356,0.974371908185542,1.03153894933356,0,0.0,0,0.0,0.0,0
2014,62,119,11424,1.4,1.4,0.875,0,0,0,0,0,0,2.1462975891460334,0.972822060363692,1.0321765563450491,0.972822060363692,1.0321765563450491,0,0.0,0,0.0,0.0,0
2014,63,120,11520,1.4,1.4,0.875,0,0,0,0,0,0,2.145910448827951,0.9709483074162096,1.0317997669950092,0.9709483074162096,1.0317997669950092,0,0.0,0,0.0,0.0,0
2014,63,122,11712,1.4,1.4,0.875,0,0,0,0,0,0,2.146437145407168,0.9745581984552252,1.0326263993254907,0.9745581984552252,1.0326263993254907,0,0.0,0,0.0,0.0,0
2014,64,123,11808,1.4,1.4,0.875,0,0,0,0,0,0,2.140431644547201,0.971197206896604,1.031046616876896,0.971197206896604,1.031046616876896,0,0.0,0,0.0,0.0,0
2014,65,125,12000,1.4,1.4,0.875,0,0,0,0,0,0,2.146282213636972,0.9723229550643252,1.0309234285881483,0.9723229550643252,1.0309234285881483,0,0.0,0,0.0,0.0,0
2014,66,126,12096,1.4,1.4,0.875,0,0,0,0,0,0,2.162314591944355,0.9717551297315103,1.0315324401651889,0.9717551297315103,1.0315324401651889,0,0.0,0,0.0,0.0,0
2014,67,128,12288,1.4,1.4,0.875,0,0,0,0,0,0,2.1524387449911164,0.9728405796786312,1.0323671181680103,0.9728405796786312,1.0323671181680103,0,0.0,0,0.0,0.0,0
2014,68,129,12384,1.4,1.4,0.875,0,0,0,0,0,0,2.171770877342696,0.970036656653412,1.0314892507183822,0.970036656653412,1.0314892507183822,0,0.0,0,0.0,0.0,0
2014,69,131,12576,1.4,1.4,0.875,0,0,0,0,0,0,2.144718492128533,0.972585877559901,1.0309371922821855,0.972585877559901,1.0309371922821855,0,0.0,0,0.0,0.0,0
2014,70,133,12768,1.4,1.4,0.875,0,0,0,0,0,0,2.160514438096491,0.9706436708857842,1.031110182751929,0.9706436708857842,1.031110182751929,0,0.0,0,0.0,0.0,0
2014,71,134,12864,1.4,1.4,0.875,0,0,0,0,0,0,2.1284133284137488,0.9711113060647724,1.032617781850978,0.9711113060647724,1.032617781850978,0,0.0,0,0.0,0.0,0
2014,72,136,13056,1.4,1.4,0.875,0,0,0,0,0,0,2.16772442956012,0.9743789326495866,1.03195649947874,0.9743789326495866,1.03195649947874,0,0.0,0,0.0,0.0,0
2014,73,140,13440,1.4,1.4,0.875,0,0,0,0,0,0,2.1276840079428467,0.9721007253875744,1.03121538894909,0.9721007253875744,1.03121538894909,0,0.0,0,0.0,0.0,0
2014,74,141,13536,1.4,1.4,0.875,0,0,0,0,0,0,2.1426572724008697,0.9712487583403449,1.0314347762824423,0.9712487583403449,1.0314347762824423,0,0.0,0,0.0,0.0,0
2014,75,142,13632,1.4,1.4,0.875,0,0,0,0,0,0,2.1530846991034367,0.9735055487932724,1.0313644265164374,0.9735055487932724,1.0313644265164374,0,0.0,0,0.0,0.0,0
2014,76,143,13728,1.4,1.4,0.875,0,0,0,0,0,0,2.1617575867892675,0.972120342143446,1.0316384676172108,0.972120342143446,1.0316384676172108,0,0.0,0,0.0,0.0,0
2014,77,145,13920,1.4,1.4,0.875,0,0,0,0,0,0,2.1407496907023016,0.9759708295042836,1.0319435094682226,0.9759708295042836,1.0319435094682226,0,0.0,0,0.0,0.0,0
2014,78,148,14208,1.4,1.4,0.875,0,0,0,0,0,0,2.1358892990684235,0.9709095484600412,1.03191554594236,0.9709095484600412,1.03191554594236,0,0.0,0,0.0,0.0,0
2014,79,149,14304,1.4,1.4,0.875,0,0,0,0,0,0,2.1595244287069986,0.9699449235074532,1.0323272721897752,0.9699449235074532,1.0323272721897752,0,0.0,0,0.0,0.0,0
2014,80,151,14496,1.4,1.4,0.875,0,0,0,0,0,0,2.157182578692495,0.9729255591418332,1.0314103346194898,0.9729255591418332,1.0314103346194898,0,0.0,0,0.0,0.0,0
2014,81,152,14592,1.4,1.4,0.875,0,0,0,0,0,0,2.1395296993098203,0.9729621956639116,1.031679027824453,0.9729621956639116,1.031679027824453,0,0.0,0,0.0,0.0,0
2014,82,154,14784,1.4,1.4,0.875,0,0,0,0,0,0,2.143338607578259,0.972588358778254,1.030759111096695,0.972588358778254,1.030759111096695,0,0.0,0,0.0,0.0,0
2014,83,156,14976,1.4,1.4,0.875,0,0,0,0,0,0,2.170142231368378,0.9704097535389548,1.03173957874535,0.9704097535389548,1.03173957874535,0,0.0,0,0.0,0.0,0
2014,84,157,15072,1.4,1.4,0.875,0,0,0,0,0,0,2.148101954099482,0.9731242640375876,1.0317821609135531,0.9731242640375876,1.0317821609135531,0,0.0,0,0.0,0.0,0
2014,85,166,15936,1.4,1.4,0.875,0,0,0,0,0,0,2.1416160455957622,0.973175491003125,1.0313785346105846,0.973175491003125,1.0313785346105846,0,0.0,0,0.0,0.0,0
2014,87,168,16128,1.4,1.4,0.875,0,0,0,0,0,0,2.1650272187618613,0.972577988889106,1.031823659153727,0.972577988889106,1.031823659153727,0,0.0,0,0.0,0.0,0
2014,86,169,16224,1.4,1.4,0.875,0,0,0,0,0,0,2.1501011891816213,0.9745172814302714,1.0314959134968325,0.9745172814302714,1.0314959134968325,0,0.0,0,0.0,0.0,0
2014,87,171,16416,1.4,1.4,0.875,0,0,0,0,0,0,2.1359386342129683,0.972538371920058,1.0311176798497266,0.972538371920058,1.0311176798497266,0,0.0,0,0.0,0.0,0
2014,88,172,16512,1.4,1.4,0.875,0,0,0,0,0,0,2.1501095538535844,0.970141880723864,1.0321107863601169,0.970141880723864,1.0321107863601169,0,0.0,0,0.0,0.0,0
2014,89,173,16608,1.4,1.4,0.875,0,0,0,0,0,0,2.135634288124628,0.972278755149862,1.0313651967874398,0.972278755149862,1.0313651967874398,0,0.0,0,0.0,0.0,0
2014,90,175,16800,1.4,1.4,0.875,0,0,0,0,0,0,2.159446607467421,0.9713120628258552,1.0313663963773512,0.9713120628258552,1.0313663963773512,0,0.0,0,0.0,0.0,0
2014,91,176,16896,1.4,1.4,0.875,0,0,0,0,0,0,2.1643578409208417,0.9728187148625632,1.0323515984682172,0.9728187148625632,1.0323515984682172,0,0.0,0,0.0,0.0,0
2014,92,178,17088,1.4,1.4,0.875,0,0,0,0,0,0,2.1614405202153706,0.9721754867325134,1.0319436316121433,0.9721754867325134,1.0319436316121433,0,0.0,0,0.0,0.0,0
2014,93,179,17184,1.4,1.4,0.875,0,0,0,0,0,0,2.1698350145865546,0.9705039456009008,1.031420382528341,0.9705039456009008,1.031420382528341,0,0.0,0,0.0,0.0,0
2014,94,181,17376,1.4,1.4,0.875,0,0,0,0,0,0,2.1589999310770853,0.9728336894635032,1.0316848770020584,0.9728336894635032,1.0316848770020584,0,0.0,0,0.0,0.0,0
2014,95,183,17568,1.4,1.4,0.875,0,0,0,0,0,0,2.1550680446817867,0.9726190585172052,1.0311099860129571,0.9726190585172052,1.0311099860129571,0,0.0,0,0.0,0.0,0
2014,96,184,17664,1.4,1.4,0.875,0,0,0,0,0,0,2.155956483300243,0.9741623030746688,1.0318320376514116,0.9741623030746688,1.0318320376514116,0,0.0,0,0.0,0.0,0
2014,97,187,17952,1.4,1.4,0.875,0,0,0,0,0,0,2.140281569920825,0.9703689416083257,1.031204265337797,0.9703689416083257,1.031204265337797,0,0.0,0,0.0,0.0,0
2014,100,190,18240,1.4,1.4,0.875,0,0,0,0,0,0,2.143053670750963,0.9741990486287078,1.0309547237524868,0.9741990486287078,1.0309547237524868,0,0.0,0,0.0,0.0,0
2014,98,192,18432,1.4,1.4,0.875,0,0,0,0,0,0,2.17482924500734,0.9719952065056248,1.0317429719137334,0.9719952065056248,1.0317429719137334,0,0.0,0,0.0,0.0,0
2014,99,193,18528,1.4,1.4,0.875,0,0,0,0,0,0,2.1542882206007548,0.9721822979143916,1.0313153500176837,0.9721822979143916,1.0313153500176837,0,0.0,0,0.0,0.0,0
2014,100,197,18912,1.4,1.4,0.875,0,0,0,0,0,0,2.1554078342102927,0.9715480012494968,1.031705502082357,0.9715480012494968,1.031705502082357,0,0.0,0,0.0,0.0,0
2014,101,201,19296,1.4,1.4,0.875,0,0,0,0,0,0,2.143619796825065,0.9711316478496136,1.0314155140484564,0.9711316478496136,1.0314155140484564,0,0.0,0,0.0,0.0,0
2014,102,205,19680,1.4,1.4,0.875,0,0,0,0,0,0,2.141221087173951,0.973124198296712,1.030408840674805,0.973124198296712,1.030408840674805,0,0.0,0,0.0,0.0,0
2014,103,207,19872,1.4,1.4,0.875,0,0,0,0,0,0,2.1628798360396595,0.966405763157711,1.0321857734939437,0.966405763157711,1.0321857734939437,0,0.0,0,0.0,0.0,0
2014,104,210,20160,1.4,1.4,0.875,0,0,0,0,0,0,2.141365357329681,0.9683861457018422,1.032084915011804,0.9683861457018422,1.032084915011804,0,0.0,0,0.0,0.0,0
2014,105,212,20352,1.4,1.4,0.875,0,0,0,0,0,0,2.144705606922668,0.9704804426267154,1.031706309862548,0.9704804426267154,1.031706309862548,0,0.0,0,0.0,0.0,0
2014,106,213,20448,1.4,1.4,0.875,0,0,0,0,0,0,2.1528103238295504,0.9726099201082756,1.0317707582959943,0.9726099201082756,1.0317707582959943,0,0.0,0,0.0,0.0,0
2014,107,216,20736,1.4,1.4,0.875,0,0,0,0,0,0,2.1400150946342054,0.9726380009921408,1.032342401952399,0.9726380009921408,1.032342401952399,0,0.0,0,0.0,0.0,0
2014,108,219,21024,1.4,1.4,0.875,0,0,0,0,0,0,2.1729372627117103,0.9715108089127028,1.0311723844417788,0.9715108089127028,1.0311723844417788,0,0.0,0,0.0,0.0,0
2014,109,220,21120,1.4,1.4,0.875,0,0,0,0,0,0,2.172009378784218,0.974279242667118,1.0312271578274204,0.974279242667118,1.0312271578274204,0,0.0,0,0.0,0.0,0
2014,110,226,21696,1.4,1.4,0.875,0,0,0,0,0,0,2.1451042937843234,0.9706861542855856,1.031822662265702,0.9706861542855856,1.031822662265702,0,0.0,0,0.0,0.0,0
2014,114,228,21888,1.4,1.4,0.875,0,0,0,0,0,0,2.172147106962077,0.9757742833220356,1.0318722473235769,0.9757742833220356,1.0318722473235769,0,0.0,0,0.0,0.0,0
2014,111,230,22080,1.4,1.4,0.875,0,0,0,0,0,0,2.14653651283525,0.9731580512054708,1.03177449665187,0.9731580512054708,1.03177449665187,0,0.0,0,0.0,0.0,0
2014,112,231,22176,1.4,1.4,0.875,0,0,0,0,0,0,2.158819144291244,0.9739003892989996,1.0317748178818833,0.9739003892989996,1.0317748178818833,0,0.0,0,0.0,0.0,0
2014,113,232,22272,1.4,1.4,0.875,0,0,0,0,0,0,2.144134639803628,0.9745848283463784,1.0320260883803234,0.9745848283463784,1.0320260883803234,0,0.0,0,0.0,0.0,0
2014,114,234,22464,1.4,1.4,0.875,0,0,0,0,0,0,2.151662259010353,0.9723701810022588,1.0315299914189369,0.9723701810022588,1.0315299914189369,0,0.0,0,0.0,0.0,0
2014,115,235,22560,1.4,1.4,0.875,0,0,0,0,0,0,2.1593738820120505,0.9708871594744828,1.0322707448065525,0.9708871594744828,1.0322707448065525,0,0.0,0,0.0,0.0,0
2014,116,236,22656,1.4,1.4,0.875,0,0,0,0,0,0,2.166233233756785,0.9742422914771428,1.0311498139351,0.9742422914771428,1.0311498139351,0,0.0,0,0.0,0.0,0
2014,117,239,22944,1.4,1.4,0.875,0,0,0,0,0,0,2.1515888476430107,0.9729322892371436,1.030859970601241,0.9729322892371436,1.030859970601241,0,0.0,0,0.0,0.0,0
2014,118,240,23040,1.4,1.4,0.875,0,0,0,0,0,0,2.1602388299630766,0.9733432360513606,1.0312664728235943,0.9733432360513606,1.0312664728235943,0,0.0,0,0.0,0.0,0
2014,123,241,23136,1.4,1.4,0.875,0,0,0,0,0,0,2.141442600141244,0.9721804427549672,1.031045751599745,0.9721804427549672,1.031045751599745,0,0.0,0,0.0,0.0,0
2014,119,244,23424,1.4,1.4,0.875,0,0,0,0,0,0,2.1577652609014195,0.9740860257076732,1.0317122337378728,0.9740860257076732,1.0317122337378728,0,0.0,0,0.0,0.0,0
2014,120,245,23520,1.4,1.4,0.875,0,0,0,0,0,0,2.1379563563827326,0.9726387795955104,1.0320077968202384,0.9726387795955104,1.0320077968202384,0,0.0,0,0.0,0.0,0
2014,121,248,23808,1.4,1.4,0.875,0,0,0,0,0,0,2.1637525080105475,0.9743875034703436,1.032076024464782,0.9743875034703436,1.032076024464782,0,0.0,0,0.0,0.0,0
2014,122,251,24096,1.4,1.4,0.875,0,0,0,0,0,0,2.139253272302701,0.9731807429010924,1.0310204815043376,0.9731807429010924,1.0310204815043376,0,0.0,0,0.0,0.0,0
2014,123,253,24288,1.4,1.4,0.875,0,0,0,0,0,0,2.14204789820805,0.9730630586484356,1.0323995979510394,0.9730630586484356,1.0323995979510394,0,0.0,0,0.0,0.0,0
2014,124,254,24384,1.4,1.4,0.875,0,0,0,0,0,0,2.132966052386632,0.9748262914851328,1.0313683644091003,0.9748262914851328,1.0313683644091003,0,0.0,0,0.0,0.0,0
2014,125,257,24672,1.4,1.4,0.875,0,0,0,0,0,0,2.1314022335333807,0.9746712473587956,1.0310657908892586,0.9746712473587956,1.0310657908892586,0,0.0,0,0.0,0.0,0
2014,126,259,24864,1.4,1.4,0.875,0,0,0,0,0,0,2.1482163875410287,0.975666041027377,1.0319256064249605,0.975666041027377,1.0319256064249605,0,0.0,0,0.0,0.0,0
2014,127,261,25056,1.4,1.4,0.875,0,0,0,0,0,0,2.1668643269954884,0.972031545485151,1.0312336509103004,0.972031545485151,1.0312336509103004,0,0.0,0,0.0,0.0,0
2014,128,266,25536,1.4,1.4,0.875,0,0,0,0,0,0,2.151931692430285,0.9717748053614224,1.031955760133441,0.9717748053614224,1.031955760133441,0,0.0,0,0.0,0.0,0
2014,129,267,25632,1.4,1.4,0.875,0,0,0,0,0,0,2.156115780472331,0.9737713534591292,1.0322666221305166,0.9737713534591292,1.0322666221305166,0,0.0,0,0.0,0.0,0
2014,130,268,25728,1.4,1.4,0.875,0,0,0,0,0,0,2.146779647011502,0.973703348247938,1.0315243711698876,0.973703348247938,1.0315243711698876,0,0.0,0,0.0,0.0,0
2014,131,269,25824,1.4,1.4,0.875,0,0,0,0,0,0,2.159920013568878,0.9734539839872796,1.0308324830289255,0.9734539839872796,1.0308324830289255,0,0.0,0,0.0,0.0,0
2014,132,271,26016,1.4,1.4,0.875,0,0,0,0,0,0,2.163878532916069,0.9701761646964686,1.032084345801294,0.9701761646964686,1.032084345801294,0,0.0,0,0.0,0.0,0
2014,133,272,26112,1.4,1.4,0.875,0,0,0,0,0,0,2.1486393830260653,0.9747565934195824,1.0318689758820043,0.9747565934195824,1.0318689758820043,0,0.0,0,0.0,0.0,0
2014,134,273,26208,1.4,1.4,0.875,0,0,0,0,0,0,2.155158562085999,0.9666894093277062,1.0313254757302153,0.9666894093277062,1.0313254757302153,0,0.0,0,0.0,0.0,0
2014,135,275,26400,1.4,1.4,0.875,0,0,0,0,0,0,2.13161104207723,0.9748810834581528,1.0315745199769082,0.9748810834581528,1.0315745199769082,0,0.0,0,0.0,0.0,0
2014,136,276,26496,1.4,1.4,0.875,0,0,0,0,0,0,2.159144116337795,0.9710865276688936,1.031420152282435,0.9710865276688936,1.031420152282435,0,0.0,0,0.0,0.0,0
2014,142,278,26688,1.4,1.4,0.875,0,0,0,0,0,0,2.156399714689345,0.9740618105982942,1.031841368071066,0.9740618105982942,1.031841368071066,0,0.0,0,0.0,0.0,0
2014,143,280,26880,1.4,1.4,0.875,0,0,0,0,0,0,2.137648954136377,0.9705723843585488,1.0314750657577163,0.9705723843585488,1.0314750657577163,0,0.0,0,0.0,0.0,0
2014,144,281,26976,1.4,1.4,0.875,0,0,0,0,0,0,2.107355736661614,0.973952655664709,1.0320927712143355,0.973952655664709,1.0320927712143355,0,0.0,0,0.0,0.0,0
2014,137,282,27072,1.4,1.4,0.875,0,0,0,0,0,0,2.144521890018722,0.975655237195178,1.0305242857921562,0.975655237195178,1.0305242857921562,0,0.0,0,0.0,0.0,0
2014,138,283,27168,1.4,1.4,0.875,0,0,0,0,0,0,2.138994457954358,0.9740432314824105,1.0317015554434206,0.9740432314824105,1.0317015554434206,0,0.0,0,0.0,0.0,0
2014,139,284,27264,1.4,1.4,0.875,0,0,0,0,0,0,2.1598260300287464,0.9728322309263422,1.0316150708669043,0.9728322309263422,1.0316150708669043,0,0.0,0,0.0,0.0,0
2014,140,285,27360,1.4,1.4,0.875,0,0,0,0,0,0,2.1704074243843774,0.9735500773981924,1.0321640063233313,0.9735500773981924,1.0321640063233313,0,0.0,0,0.0,0.0,0
2014,141,287,27552,1.4,1.4,0.875,0,0,0,0,0,0,2.1649321434887367,0.9722772426038612,1.03216255454636,0.9722772426038612,1.03216255454636,0,0.0,0,0.0,0.0,0
2014,142,288,27648,1.4,1.4,0.875,0,0,0,0,0,0,2.1408756153753887,0.9740577047177844,1.0316582338223874,0.9740577047177844,1.0316582338223874,0,0.0,0,0.0,0.0,0
2014,143,289,27744,1.4,1.4,0.875,0,0,0,0,0,0,2.1317746341251747,0.9715009675450996,1.031590132381048,0.9715009675450996,1.031590132381048,0,0.0,0,0.0,0.0,0
2014,144,290,27840,1.4,1.4,0.875,0,0,0,0,0,0,2.1520761030316247,0.971603681806132,1.0310794373276844,0.971603681806132,1.0310794373276844,0,0.0,0,0.0,0.0,0
2014,153,291,27936,1.4,1.4,0.875,0,0,0,0,0,0,2.163299193744448,0.9717132224027186,1.03097148052862,0.9717132224027186,1.03097148052862,0,0.0,0,0.0,0.0,0
2014,145,292,28032,1.4,1.4,0.875,0,0,0,0,0,0,2.11437297294908,0.9726700227377204,1.0323513295275832,0.9726700227377204,1.0323513295275832,0,0.0,0,0.0,0.0,0
2014,146,293,28128,1.4,1.4,0.875,0,0,0,0,0,0,2.1551265455450674,0.9725194765275128,1.031341120826379,0.9725194765275128,1.031341120826379,0,0.0,0,0.0,0.0,0
2014,147,294,28224,1.4,1.4,0.875,0,0,0,0,0,0,2.1429978497839746,0.9736294399502788,1.0309181913262406,0.9736294399502788,1.0309181913262406,0,0.0,0,0.0,0.0,0
2014,148,295,28320,1.4,1.4,0.875,0,0,0,0,0,0,2.1486600708864527,0.9733570786685242,1.0316389608246666,0.9733570786685242,1.0316389608246666,0,0.0,0,0.0,0.0,0
2014,149,296,28416,1.4,1.4,0.875,0,0,0,0,0,0,2.1477148420553216,0.9729398980381831,1.0326831884217051,0.9729398980381831,1.0326831884217051,0,0.0,0,0.0,0.0,0
2014,150,297,28512,1.4,1.4,0.875,0,0,0,0,0,0,2.16898123785012,0.9715402734375088,1.0322634043898564,0.9715402734375088,1.0322634043898564,0,0.0,0,0.0,0.0,0
2014,160,298,28608,1.4,1.4,0.875,0,0,0,0,0,0,2.1529706088896554,0.9764449609154616,1.03118298456772,0.9764449609154616,1.03118298456772,0,0.0,0,0.0,0.0,0
2014,151,299,28704,1.4,1.4,0.875,0,0,0,0,0,0,2.164804566263237,0.9701532520475148,1.0312229053165392,0.9701532520475148,1.0312229053165392,0,0.0,0,0.0,0.0,0
2014,152,300,28800,1.4,1.4,0.875,0,0,0,0,0,0,2.149474565256223,0.9758996623068672,1.032070229422282,0.9758996623068672,1.032070229422282,0,0.0,0,0.0,0.0,0
2014,153,302,28992,1.4,1.4,0.875,0,0,0,0,0,0,2.1601975834622547,0.976113492454215,1.0314053303172044,0.976113492454215,1.0314053303172044,0,0.0,0,0.0,0.0,0
2014,154,305,29280,1.4,1.4,0.875,0,0,0,0,0,0,2.154522440477216,0.9729703669554538,1.030573277439988,0.9729703669554538,1.030573277439988,0,0.0,0,0.0,0.0,0
2014,155,306,29376,1.4,1.4,0.875,0,0,0,0,0,0,2.124570181402752,0.9718862660655369,1.0318289145975408,0.9718862660655369,1.0318289145975408,0,0.0,0,0.0,0.0,0
2014,156,307,29472,1.4,1.4,0.875,0,0,0,0,0,0,2.14615691476929,0.9733360672068871,1.031564985333468,0.9733360672068871,1.031564985333468,0,0.0,0,0.0,0.0,0
2014,157,308,29568,1.4,1.4,0.875,0,0,0,0,0,0,2.141066207987627,0.9695222085740808,1.031622348491787,0.9695222085740808,1.031622348491787,0,0.0,0,0.0,0.0,0
2014,158,312,29952,1.4,1.4,0.875,0,0,0,0,0,0,2.13469240423923,0.9692355929976324,1.0320539677907865,0.9692355929976324,1.0320539677907865,0,0.0,0,0.0,0.0,0
2014,159,315,30240,1.4,1.4,0.875,0,0,0,0,0,0,2.161977975331861,0.9726063474551572,1.0311846157783078,0.9726063474551572,1.0311846157783078,0,0.0,0,0.0,0.0,0
2014,160,317,30432,1.4,1.4,0.875,0,0,0,0,0,0,2.1744459564495178,0.9704304661918616,1.0313556152525305,0.9704304661918616,1.0313556152525305,0,0.0,0,0.0,0.0,0
2014,161,319,30624,1.4,1.4,0.875,0,0,0,0,0,0,2.153849794060088,0.9690101915466208,1.031791228187838,0.9690101915466208,1.031791228187838,0,0.0,0,0.0,0.0,0
2014,162,321,30816,1.4,1.4,0.875,0,0,0,0,0,0,2.1382016011953064,0.971876622427705,1.030943045115334,0.971876622427705,1.030943045115334,0,0.0,0,0.0,0.0,0
2014,173,322,30912,1.4,1.4,0.875,0,0,0,0,0,0,2.1392250635206307,0.971898186486262,1.03188504160335,0.971898186486262,1.03188504160335,0,0.0,0,0.0,0.0,0
2014,163,326,31296,1.4,1.4,0.875,0,0,0,0,0,0,2.1509533265033918,0.9672517388726924,1.0315324090883562,0.9672517388726924,1.0315324090883562,0,0.0,0,0.0,0.0,0
2014,164,329,31584,1.4,1.4,0.875,0,0,0,0,0,0,2.1699467877151446,0.973291295809349,1.0323350289933992,0.973291295809349,1.0323350289933992,0,0.0,0,0.0,0.0,0
2014,165,331,31776,1.4,1.4,0.875,0,0,0,0,0,0,2.171167732661288,0.9740717200004132,1.031107793645368,0.9740717200004132,1.031107793645368,0,0.0,0,0.0,0.0,0
2014,166,332,31872,1.4,1.4,0.875,0,0,0,0,0,0,2.156677919880382,0.9697920578025998,1.0318987777957311,0.9697920578025998,1.0318987777957311,0,0.0,0,0.0,0.0,0
2014,167,333,31968,1.4,1.4,0.875,0,0,0,0,0,0,2.1362545962135444,0.9753044037783124,1.0314239352204373,0.9753044037783124,1.0314239352204373,0,0.0,0,0.0,0.0,0
2014,168,335,32160,1.4,1.4,0.875,0,0,0,0,0,0,2.1506516288785487,0.9729815591885956,1.0322415529984956,0.9729815591885956,1.0322415529984956,0,0.0,0,0.0,0.0,0
2014,169,336,32256,1.4,1.4,0.875,0,0,0,0,0,0,2.1644437384524937,0.9696941677774292,1.0307239389407696,0.9696941677774292,1.0307239389407696,0,0.0,0,0.0,0.0,0
2014,170,337,32352,1.4,1.4,0.875,0,0,0,0,0,0,2.1542801861594025,0.9754367933038922,1.0312133140103,0.9754367933038922,1.0312133140103,0,0.0,0,0.0,0.0,0
2014,171,338,32448,1.4,1.4,0.875,0,0,0,0,0,0,2.1582655944577223,0.9720631319926823,1.031627865853551,0.9720631319926823,1.031627865853551,0,0.0,0,0.0,0.0,0
2014,172,339,32544,1.4,1.4,0.875,0,0,0,0,0,0,2.175130475383422,0.9729425368047562,1.0317436964463085,0.9729425368047562,1.0317436964463085,0,0.0,0,0.0,0.0,0
2014,173,341,32736,1.4,1.4,0.875,0,0,0,0,0,0,2.121071614982094,0.9728298875899658,1.031448890876016,0.9728298875899658,1.031448890876016,0,0.0,0,0.0,0.0,0
2014,174,342,32832,1.4,1.4,0.875,0,0,0,0,0,0,2.142580262887788,0.9677964771049822,1.0318692046295066,0.9677964771049822,1.0318692046295066,0,0.0,0,0.0,0.0,0
2014,175,345,33120,1.4,1.4,0.875,0,0,0,0,0,0,2.1279563344097103,0.9683346139431872,1.031841859631004,0.9683346139431872,1.031841859631004,0,0.0,0,0.0,0.0,0
2014,176,347,33312,1.4,1.4,0.875,0,0,0,0,0,0,2.157985917397938,0.9700163603294528,1.0321614909064396,0.9700163603294528,1.0321614909064396,0,0.0,0,0.0,0.0,0
2014,177,348,33408,1.4,1.4,0.875,0,0,0,0,0,0,2.139408232120124,0.971391209668601,1.0318521143057229,0.971391209668601,1.0318521143057229,0,0.0,0,0.0,0.0,0
2014,178,349,33504,1.4,1.4,0.875,0,0,0,0,0,0,2.1526747797556127,0.968062792018684,1.030736220605551,0.968062792018684,1.030736220605551,0,0.0,0,0.0,0.0,0
2014,179,351,33696,1.4,1.4,0.875,0,0,0,0,0,0,2.140660348180752,0.9746143088270351,1.031821036630748,0.9746143088270351,1.031821036630748,0,0.0,0,0.0,0.0,0
2014,191,352,33792,1.4,1.4,0.875,0,0,0,0,0,0,2.1790337537701503,0.9752685797133844,1.0324656707293456,0.9752685797133844,1.0324656707293456,0,0.0,0,0.0,0.0,0
2014,180,354,33984,1.4,1.4,0.875,0,0,0,0,0,0,2.1583075752340157,0.9728705016324014,1.0318359361019265,0.9728705016324014,1.0318359361019265,0,0.0,0,0.0,0.0,0
2014,181,355,34080,1.4,1.4,0.875,0,0,0,0,0,0,2.189324959645558,0.9726671219924016,1.0317850799402355,0.9726671219924016,1.0317850799402355,0,0.0,0,0.0,0.0,0
2014,182,356,34176,1.4,1.4,0.875,0,0,0,0,0,0,2.1473962386194554,0.975835569428696,1.0315370896590448,0.975835569428696,1.0315370896590448,0,0.0,0,0.0,0.0,0
2014,183,361,34656,1.4,1.4,0.875,0,0,0,0,0,0,2.1477191347502704,0.974434004241647,1.0319373221764525,0.974434004241647,1.0319373221764525,0,0.0,0,0.0,0.0,0
2014,196,362,34752,1.4,1.4,0.875,0,0,0,0,0,0,2.1557528716111083,0.9745283705576048,1.031462322356395,0.9745283705576048,1.031462322356395,0,0.0,0,0.0,0.0,0
2014,184,364,34944,1.4,1.4,0.875,0,0,0,0,0,0,2.139887762459779,0.9701147092589976,1.031453862890189,0.9701147092589976,1.031453862890189,0,0.0,0,0.0,0.0,0
2014,198,366,35136,1.4,1.4,0.875,0,0,0,0,0,0,2.149011782001522,0.9703841555000962,1.031460914185972,0.9703841555000962,1.031460914185972,0,0.0,0,0.0,0.0,0
2014,185,367,35232,1.4,1.4,0.875,0,0,0,0,0,0,2.150785902852614,0.9718632432283943,1.0307403560779904,0.9718632432283943,1.0307403560779904,0,0.0,0,0.0,0.0,0
2015,1,2,192,1.45,1.45,0.9375,0,0,0,0,0,0,2.283207281285977,0.9699004217925628,1.0338617639323204,0.9699004217925628,1.0338617639323204,0,0.0,0,0.0,0.0,0
2015,2,4,384,1.45,1.45,0.9375,0,0,0,0,0,0,2.278056504235076,0.9749459324519296,1.032849291384281,0.9749459324519296,1.032849291384281,0,0.0,0,0.0,0.0,0
2015,3,6,576,1.45,1.45,0.9375,0,0,0,0,0,0,2.289295917206904,0.9723051210064378,1.0335628916574418,0.9723051210064378,1.0335628916574418,0,0.0,0,0.0,0.0,0
2015,4,7,672,1.45,1.45,0.9375,0,0,0,0,0,0,2.300515177307552,0.9734781430850556,1.033350378199074,0.9734781430850556,1.033350378199074,0,0.0,0,0.0,0.0,0
2015,5,10,960,1.45,1.45,0.9375,0,0,0,0,0,0,2.2827962305019662,0.9739843917164566,1.0331121664353236,0.9739843917164566,1.0331121664353236,0,0.0,0,0.0,0.0,0
2015,6,13,1248,1.45,1.45,0.9375,0,0,0,0,0,0,2.2965342250788305,0.9719833668695822,1.0332686125551631,0.9719833668695822,1.0332686125551631,0,0.0,0,0.0,0.0,0
2015,7,16,1536,1.45,1.45,0.9375,0,0,0,0,0,0,2.3085809544968736,0.971353780457524,1.032451401005985,0.971353780457524,1.032451401005985,0,0.0,0,0.0,0.0,0
2015,8,17,1632,1.45,1.45,0.9375,0,0,0,0,0,0,2.2928811536156437,0.9757740749146704,1.0328782235907654,0.9757740749146704,1.0328782235907654,0,0.0,0,0.0,0.0,0
2015,9,20,1920,1.45,1.45,0.9375,0,0,0,0,0,0,2.287180324536131,0.9749162148462512,1.033610067250202,0.9749162148462512,1.033610067250202,0,0.0,0,0.0,0.0,0
2015,10,22,2112,1.45,1.45,0.9375,0,0,0,0,0,0,2.293660955129769,0.976110346717712,1.0326605018208928,0.976110346717712,1.0326605018208928,0,0.0,0,0.0,0.0,0
2015,11,23,2208,1.45,1.45,0.9375,0,0,0,0,0,0,2.292071846888118,0.9744164661510964,1.033215771538068,0.9744164661510964,1.033215771538068,0,0.0,0,0.0,0.0,0
2015,12,25,2400,1.45,1.45,0.9375,0,0,0,0,0,0,2.2645560788295804,0.9749064577083562,1.0331476031938622,0.9749064577083562,1.0331476031938622,0,0.0,0,0.0,0.0,0
2015,13,26,2496,1.45,1.45,0.9375,0,0,0,0,0,0,2.29996229874746,0.9756331184158232,1.03314927866378,0.9756331184158232,1.03314927866378,0,0.0,0,0.0,0.0,0
2015,14,29,2784,1.45,1.45,0.9375,0,0,0,0,0,0,2.3035153500498025,0.9732238948500036,1.0325120994465151,0.9732238948500036,1.0325120994465151,0,0.0,0,0.0,0.0,0
2015,15,30,2880,1.45,1.45,0.9375,0,0,0,0,0,0,2.289008630016908,0.9722667488579828,1.033599946705558,0.9722667488579828,1.033599946705558,0,0.0,0,0.0,0.0,0
2015,16,31,2976,1.45,1.45,0.9375,0,0,0,0,0,0,2.271150098173332,0.9729825668219216,1.032556669480626,0.9729825668219216,1.032556669480626,0,0.0,0,0.0,0.0,0
2015,17,34,3264,1.45,1.45,0.9375,0,0,0,0,0,0,2.2894238837208705,0.971914134023874,1.0329165138542846,0.971914134023874,1.0329165138542846,0,0.0,0,0.0,0.0,0
2015,18,37,3552,1.45,1.45,0.9375,0,0,0,0,0,0,2.278539641033741,0.977691970618631,1.0323643935156497,0.977691970618631,1.0323643935156497,0,0.0,0,0.0,0.0,0
2015,19,38,3648,1.45,1.45,0.9375,0,0,0,0,0,0,2.305156971259254,0.975195631096964,1.0342223501345078,0.975195631096964,1.0342223501345078,0,0.0,0,0.0,0.0,0
2015,20,39,3744,1.45,1.45,0.9375,0,0,0,0,0,0,2.301587862887383,0.9730131040902518,1.032737349916628,0.9730131040902518,1.032737349916628,0,0.0,0,0.0,0.0,0
2015,21,43,4128,1.45,1.45,0.9375,0,0,0,0,0,0,2.3006447020033045,0.972982221999608,1.0329380210095536,0.972982221999608,1.0329380210095536,0,0.0,0,0.0,0.0,0
2015,22,44,4224,1.45,1.45,0.9375,0,0,0,0,0,0,2.2848339070502,0.9767463352762108,1.032314432196617,0.9767463352762108,1.032314432196617,0,0.0,0,0.0,0.0,0
2015,23,46,4416,1.45,1.45,0.9375,0,0,0,0,0,0,2.295539311934305,0.9717942612787482,1.0331181867764223,0.9717942612787482,1.0331181867764223,0,0.0,0,0.0,0.0,0
2015,24,49,4704,1.45,1.45,0.9375,0,0,0,0,0,0,2.3075735858675506,0.9740663504675144,1.0321849892856654,0.9740663504675144,1.0321849892856654,0,0.0,0,0.0,0.0,0
2015,25,50,4800,1.45,1.45,0.9375,0,0,0,0,0,0,2.257140015427171,0.9753863060548824,1.033598477354012,0.9753863060548824,1.033598477354012,0,0.0,0,0.0,0.0,0
2015,26,51,4896,1.45,1.45,0.9375,0,0,0,0,0,0,2.308948218515772,0.97427387975288,1.0334840473894225,0.97427387975288,1.0334840473894225,0,0.0,0,0.0,0.0,0
2015,27,53,5088,1.45,1.45,0.9375,0,0,0,0,0,0,2.2644920604275782,0.9743096232881782,1.032297428589427,0.9743096232881782,1.032297428589427,0,0.0,0,0.0,0.0,0
2015,28,54,5184,1.45,1.45,0.9375,0,0,0,0,0,0,2.2926980632549907,0.9732912283611296,1.033251847992072,0.9732912283611296,1.033251847992072,0,0.0,0,0.0,0.0,0
2015,29,55,5280,1.45,1.45,0.9375,0,0,0,0,0,0,2.304033635878669,0.97330667903999,1.0328880971965326,0.97330667903999,1.0328880971965326,0,0.0,0,0.0,0.0,0
2015,30,56,5376,1.45,1.45,0.9375,0,0,0,0,0,0,2.303096077787164,0.9760408975909548,1.032676623313099,0.9760408975909548,1.032676623313099,0,0.0,0,0.0,0.0,0
2015,31,57,5472,1.45,1.45,0.9375,0,0,0,0,0,0,2.2774585070366165,0.9768704585690052,1.0329967128717046,0.9768704585690052,1.0329967128717046,0,0.0,0,0.0,0.0,0
2015,32,59,5664,1.45,1.45,0.9375,0,0,0,0,0,0,2.2674843295571123,0.9747978092915206,1.0327270501022394,0.9747978092915206,1.0327270501022394,0,0.0,0,0.0,0.0,0
2015,33,60,5760,1.45,1.45,0.9375,0,0,0,0,0,0,2.281635088342287,0.9712844020766208,1.0321104200202915,0.9712844020766208,1.0321104200202915,0,0.0,0,0.0,0.0,0
2015,34,62,5952,1.45,1.45,0.9375,0,0,0,0,0,0,2.2962218505189287,0.972065430520621,1.0339356074578776,0.972065430520621,1.0339356074578776,0,0.0,0,0.0,0.0,0
2015,35,65,6240,1.45,1.45,0.9375,0,0,0,0,0,0,2.291575392996135,0.97610634335742,1.032607220459939,0.97610634335742,1.032607220459939,0,0.0,0,0.0,0.0,0
2015,36,66,6336,1.45,1.45,0.9375,0,0,0,0,0,0,2.2816918222981477,0.9701052516077446,1.032434707825849,0.9701052516077446,1.032434707825849,0,0.0,0,0.0,0.0,0
2015,37,67,6432,1.45,1.45,0.9375,0,0,0,0,0,0,2.282695965679701,0.9744135152141282,1.0329058679790732,0.9744135152141282,1.0329058679790732,0,0.0,0,0.0,0.0,0
2015,38,68,6528,1.45,1.45,0.9375,0,0,0,0,0,0,2.2883797215845303,0.9740578491906524,1.0335795890115147,0.9740578491906524,1.0335795890115147,0,0.0,0,0.0,0.0,0
2015,39,69,6624,1.45,1.45,0.9375,0,0,0,0,0,0,2.303467685202109,0.9737427632518132,1.032702249378968,0.9737427632518132,1.032702249378968,0,0.0,0,0.0,0.0,0
2015,40,70,6720,1.45,1.45,0.9375,0,0,0,0,0,0,2.297213631965135,0.973499343851216,1.0333321013518786,0.973499343851216,1.0333321013518786,0,0.0,0,0.0,0.0,0
2015,41,71,6816,1.45,1.45,0.9375,0,0,0,0,0,0,2.299860178706591,0.975882299369639,1.032467144632622,0.975882299369639,1.032467144632622,0,0.0,0,0.0,0.0,0
2015,42,74,7104,1.45,1.45,0.9375,0,0,0,0,0,0,2.3148487326780924,0.9766671667360756,1.033304319004076,0.9766671667360756,1.033304319004076,0,0.0,0,0.0,0.0,0
2015,43,80,7680,1.45,1.45,0.9375,0,0,0,0,0,0,2.255960921074852,0.9722285025559791,1.0336390216712288,0.9722285025559791,1.0336390216712288,0,0.0,0,0.0,0.0,0
2015,44,81,7776,1.45,1.45,0.9375,0,0,0,0,0,0,2.2834516792901938,0.9738877229943602,1.0331494342173264,0.9738877229943602,1.0331494342173264,0,0.0,0,0.0,0.0,0
2015,45,82,7872,1.45,1.45,0.9375,0,0,0,0,0,0,2.285987595165207,0.9719350588597694,1.033168976253021,0.9719350588597694,1.033168976253021,0,0.0,0,0.0,0.0,0
2015,46,84,8064,1.45,1.45,0.9375,0,0,0,0,0,0,2.2891466219135275,0.9727853393464404,1.0332951767961644,0.9727853393464404,1.0332951767961644,0,0.0,0,0.0,0.0,0
2015,47,85,8160,1.45,1.45,0.9375,0,0,0,0,0,0,2.265818943150858,0.977034604411874,1.0326951843634815,0.977034604411874,1.0326951843634815,0,0.0,0,0.0,0.0,0
2015,47,86,8256,1.45,1.45,0.9375,0,0,0,0,0,0,2.294971514431255,0.9744939581505554,1.0327323679832234,0.9744939581505554,1.0327323679832234,0,0.0,0,0.0,0.0,0
2015,48,87,8352,1.45,1.45,0.9375,0,0,0,0,0,0,2.3184308266607254,0.9737106933866456,1.0334369429572143,0.9737106933866456,1.0334369429572143,0,0.0,0,0.0,0.0,0
2015,49,93,8928,1.45,1.45,0.9375,0,0,0,0,0,0,2.282454231744189,0.9741517303779008,1.0335877566302951,0.9741517303779008,1.0335877566302951,0,0.0,0,0.0,0.0,0
2015,50,94,9024,1.45,1.45,0.9375,0,0,0,0,0,0,2.29149422832738,0.9765336862460524,1.032247935801846,0.9765336862460524,1.032247935801846,0,0.0,0,0.0,0.0,0
2015,51,95,9120,1.45,1.45,0.9375,0,0,0,0,0,0,2.292757541055745,0.9756243074053746,1.0335247688110576,0.9756243074053746,1.0335247688110576,0,0.0,0,0.0,0.0,0
2015,52,97,9312,1.45,1.45,0.9375,0,0,0,0,0,0,2.286751298412056,0.9751315808926184,1.0334546545842087,0.9751315808926184,1.0334546545842087,0,0.0,0,0.0,0.0,0
2015,53,98,9408,1.45,1.45,0.9375,0,0,0,0,0,0,2.2766553398156164,0.97303175884759,1.032383610701984,0.97303175884759,1.032383610701984,0,0.0,0,0.0,0.0,0
2015,54,101,9696,1.45,1.45,0.9375,0,0,0,0,0,0,2.303967663646913,0.9738600199997628,1.0330540299956537,0.9738600199997628,1.0330540299956537,0,0.0,0,0.0,0.0,0
2015,55,102,9792,1.45,1.45,0.9375,0,0,0,0,0,0,2.2963847268232334,0.9739857884095242,1.0330577627935411,0.9739857884095242,1.0330577627935411,0,0.0,0,0.0,0.0,0
2015,56,107,10272,1.45,1.45,0.9375,0,0,0,0,0,0,2.2764410509325645,0.970917957061977,1.0339305063034188,0.970917957061977,1.0339305063034188,0,0.0,0,0.0,0.0,0
2015,57,109,10464,1.45,1.45,0.9375,0,0,0,0,0,0,2.2797055027209687,0.9714288534610244,1.032747440386614,0.9714288534610244,1.032747440386614,0,0.0,0,0.0,0.0,0
2015,58,111,10656,1.45,1.45,0.9375,0,0,0,0,0,0,2.304174517888496,0.9721284946801212,1.0329980451179408,0.9721284946801212,1.0329980451179408,0,0.0,0,0.0,0.0,0
2015,59,114,10944,1.45,1.45,0.9375,0,0,0,0,0,0,2.283580707299446,0.974722578312042,1.0327692296902409,0.974722578312042,1.0327692296902409,0,0.0,0,0.0,0.0,0
2015,60,116,11136,1.45,1.45,0.9375,0,0,0,0,0,0,2.3156934165311176,0.970543005977245,1.0329161912286164,0.970543005977245,1.0329161912286164,0,0.0,0,0.0,0.0,0
2015,61,117,11232,1.45,1.45,0.9375,0,0,0,0,0,0,2.290528249538371,0.9754347543019825,1.0329217237132893,0.9754347543019825,1.0329217237132893,0,0.0,0,0.0,0.0,0
2015,62,119,11424,1.45,1.45,0.9375,0,0,0,0,0,0,2.286974494962396,0.9738827875165632,1.0335204595581051,0.9738827875165632,1.0335204595581051,0,0.0,0,0.0,0.0,0
2015,63,120,11520,1.45,1.45,0.9375,0,0,0,0,0,0,2.28648859051667,0.9720390243977388,1.033148077632961,0.9720390243977388,1.033148077632961,0,0.0,0,0.0,0.0,0
2015,63,122,11712,1.45,1.45,0.9375,0,0,0,0,0,0,2.286999824803581,0.9755962202867396,1.0339734066312103,0.9755962202867396,1.0339734066312103,0,0.0,0,0.0,0.0,0
2015,64,123,11808,1.45,1.45,0.9375,0,0,0,0,0,0,2.281173965354995,0.9723029834650324,1.0323961000353727,0.9723029834650324,1.0323961000353727,0,0.0,0,0.0,0.0,0
2015,65,125,12000,1.45,1.45,0.9375,0,0,0,0,0,0,2.286987601387364,0.9734499278929668,1.032271906580644,0.9734499278929668,1.032271906580644,0,0.0,0,0.0,0.0,0
2015,66,126,12096,1.45,1.45,0.9375,0,0,0,0,0,0,2.303365804079516,0.9728718058270016,1.032881347682321,0.9728718058270016,1.032881347682321,0,0.0,0,0.0,0.0,0
2015,67,128,12288,1.45,1.45,0.9375,0,0,0,0,0,0,2.2934491669077515,0.97393320698305,1.0337149477264431,0.97393320698305,1.0337149477264431,0,0.0,0,0.0,0.0,0
2015,68,129,12384,1.45,1.45,0.9375,0,0,0,0,0,0,2.3130276944690764,0.9711410125103576,1.0328748176871028,0.9711410125103576,1.0328748176871028,0,0.0,0,0.0,0.0,0
2015,69,131,12576,1.45,1.45,0.9375,0,0,0,0,0,0,2.286504540254437,0.973675970629531,1.0322874775380235,0.973675970629531,1.0322874775380235,0,0.0,0,0.0,0.0,0
2015,70,133,12768,1.45,1.45,0.9375,0,0,0,0,0,0,2.301596536580045,0.9717148173602806,1.032463937841947,0.9717148173602806,1.032463937841947,0,0.0,0,0.0,0.0,0
2015,71,134,12864,1.45,1.45,0.9375,0,0,0,0,0,0,2.268795850698303,0.9721837864157732,1.0339636275340305,0.9721837864157732,1.0339636275340305,0,0.0,0,0.0,0.0,0
2015,72,136,13056,1.45,1.45,0.9375,0,0,0,0,0,0,2.308486785962993,0.9754504943155882,1.0333097345254951,0.9754504943155882,1.0333097345254951,0,0.0,0,0.0,0.0,0
2015,73,140,13440,1.45,1.45,0.9375,0,0,0,0,0,0,2.267761706974707,0.9731884808624256,1.0325699505733457,0.9731884808624256,1.0325699505733457,0,0.0,0,0.0,0.0,0
2015,74,141,13536,1.45,1.45,0.9375,0,0,0,0,0,0,2.2836989612013685,0.9723551343031068,1.0327818206559096,0.9723551343031068,1.0327818206559096,0,0.0,0,0.0,0.0,0
2015,75,142,13632,1.45,1.45,0.9375,0,0,0,0,0,0,2.2936452857193794,0.9746114264029352,1.0327148687436174,0.9746114264029352,1.0327148687436174,0,0.0,0,0.0,0.0,0
2015,76,143,13728,1.45,1.45,0.9375,0,0,0,0,0,0,2.3031206330282035,0.9732638746950728,1.032986722525878,0.9732638746950728,1.032986722525878,0,0.0,0,0.0,0.0,0
2015,77,145,13920,1.45,1.45,0.9375,0,0,0,0,0,0,2.281644238972559,0.9770424170436728,1.0332825236155925,0.9770424170436728,1.0332825236155925,0,0.0,0,0.0,0.0,0
2015,78,148,14208,1.45,1.45,0.9375,0,0,0,0,0,0,2.2763962455093565,0.9720394939693024,1.033251543867484,0.9720394939693024,1.033251543867484,0,0.0,0,0.0,0.0,0
2015,79,149,14304,1.45,1.45,0.9375,0,0,0,0,0,0,2.300808194915549,0.9710681353803484,1.0336677156758658,0.9710681353803484,1.0336677156758658,0,0.0,0,0.0,0.0,0
2015,80,151,14496,1.45,1.45,0.9375,0,0,0,0,0,0,2.298063914671764,0.974012427487416,1.0327643117757956,0.974012427487416,1.0327643117757956,0,0.0,0,0.0,0.0,0
2015,81,152,14592,1.45,1.45,0.9375,0,0,0,0,0,0,2.2803237490316155,0.9740028500857748,1.0330224431964674,0.9740028500857748,1.0330224431964674,0,0.0,0,0.0,0.0,0
2015,82,154,14784,1.45,1.45,0.9375,0,0,0,0,0,0,2.284467130922496,0.9736644426393332,1.032147225801251,0.9736644426393332,1.032147225801251,0,0.0,0,0.0,0.0,0
2015,83,156,14976,1.45,1.45,0.9375,0,0,0,0,0,0,2.311360123623359,0.9715032946965364,1.033090860765989,0.9715032946965364,1.033090860765989,0,0.0,0,0.0,0.0,0
2015,84,157,15072,1.45,1.45,0.9375,0,0,0,0,0,0,2.2892981501378,0.9742344392423424,1.0331305891937426,0.9742344392423424,1.0331305891937426,0,0.0,0,0.0,0.0,0
2015,85,166,15936,1.45,1.45,0.9375,0,0,0,0,0,0,2.2824761065299213,0.9742985326741636,1.0327279889882628,0.9742985326741636,1.0327279889882628,0,0.0,0,0.0,0.0,0
2015,87,168,16128,1.45,1.45,0.9375,0,0,0,0,0,0,2.3063616935141145,0.9736862425182652,1.0331699429221235,0.9736862425182652,1.0331699429221235,0,0.0,0,0.0,0.0,0
2015,86,169,16224,1.45,1.45,0.9375,0,0,0,0,0,0,2.290904666481708,0.9755447969864854,1.0328289158841633,0.9755447969864854,1.0328289158841633,0,0.0,0,0.0,0.0,0
2015,87,171,16416,1.45,1.45,0.9375,0,0,0,0,0,0,2.276223173194782,0.9736448234143428,1.0324733734500613,0.9736448234143428,1.0324733734500613,0,0.0,0,0.0,0.0,0
2015,88,172,16512,1.45,1.45,0.9375,0,0,0,0,0,0,2.2912601743214838,0.9712837639765064,1.0334545613077255,0.9712837639765064,1.0334545613077255,0,0.0,0,0.0,0.0,0
2015,89,173,16608,1.45,1.45,0.9375,0,0,0,0,0,0,2.275981060092995,0.9734123999351684,1.0327162232244382,0.9734123999351684,1.0327162232244382,0,0.0,0,0.0,0.0,0
2015,90,175,16800,1.45,1.45,0.9375,0,0,0,0,0,0,2.3009570001808326,0.9723469300774444,1.0327098685994418,0.9723469300774444,1.0327098685994418,0,0.0,0,0.0,0.0,0
2015,91,176,16896,1.45,1.45,0.9375,0,0,0,0,0,0,2.3052224147714946,0.9738802423185744,1.0336988953569088,0.9738802423185744,1.0336988953569088,0,0.0,0,0.0,0.0,0
2015,92,178,17088,1.45,1.45,0.9375,0,0,0,0,0,0,2.302858516237927,0.9732771503357066,1.033290313658252,0.9732771503357066,1.033290313658252,0,0.0,0,0.0,0.0,0
2015,93,179,17184,1.45,1.45,0.9375,0,0,0,0,0,0,2.311477936634009,0.9716201964056091,1.0327694984720228,0.9716201964056091,1.0327694984720228,0,0.0,0,0.0,0.0,0
2015,94,181,17376,1.45,1.45,0.9375,0,0,0,0,0,0,2.3003798038134557,0.973943891326492,1.033031846471179,0.973943891326492,1.033031846471179,0,0.0,0,0.0,0.0,0
2015,95,183,17568,1.45,1.45,0.9375,0,0,0,0,0,0,2.2962217727947194,0.9737465640983584,1.0324964661439493,0.9737465640983584,1.0324964661439493,0,0.0,0,0.0,0.0,0
2015,96,184,17664,1.45,1.45,0.9375,0,0,0,0,0,0,2.2972166111735755,0.9752309267401932,1.0331847637991929,0.9752309267401932,1.0331847637991929,0,0.0,0,0.0,0.0,0
2015,97,187,17952,1.45,1.45,0.9375,0,0,0,0,0,0,2.280690563794016,0.9715171708179346,1.0325536165754028,0.9715171708179346,1.0325536165754028,0,0.0,0,0.0,0.0,0
2015,100,190,18240,1.45,1.45,0.9375,0,0,0,0,0,0,2.284422601557408,0.975287647382526,1.0323086610364514,0.975287647382526,1.0323086610364514,0,0.0,0,0.0,0.0,0
2015,98,192,18432,1.45,1.45,0.9375,0,0,0,0,0,0,2.3169241101925384,0.973111345826746,1.0330900610305518,0.973111345826746,1.0330900610305518,0,0.0,0,0.0,0.0,0
2015,99,193,18528,1.45,1.45,0.9375,0,0,0,0,0,0,2.295258971527269,0.9733229888337208,1.032668219539271,0.9733229888337208,1.032668219539271,0,0.0,0,0.0,0.0,0
2015,100,197,18912,1.45,1.45,0.9375,0,0,0,0,0,0,2.2967102994912327,0.9726404215087452,1.033050081605423,0.9726404215087452,1.033050081605423,0,0.0,0,0.0,0.0,0
2015,101,201,19296,1.45,1.45,0.9375,0,0,0,0,0,0,2.2844228531909936,0.9722314930523114,1.0327668193039177,0.9722314930523114,1.0327668193039177,0,0.0,0,0.0,0.0,0
2015,102,205,19680,1.45,1.45,0.9375,0,0,0,0,0,0,2.2821168761229904,0.9741850578149606,1.031765410059052,0.9741850578149606,1.031765410059052,0,0.0,0,0.0,0.0,0
2015,103,207,19872,1.45,1.45,0.9375,0,0,0,0,0,0,2.3041973886782423,0.9675571734270656,1.033536312215945,0.9675571734270656,1.033536312215945,0,0.0,0,0.0,0.0,0
2015,104,210,20160,1.45,1.45,0.9375,0,0,0,0,0,0,2.2823042185319022,0.9695362668104808,1.033432161140695,0.9695362668104808,1.033432161140695,0,0.0,0,0.0,0.0,0
2015,105,212,20352,1.45,1.45,0.9375,0,0,0,0,0,0,2.2846771747374417,0.9715915507194306,1.0330554850576328,0.9715915507194306,1.0330554850576328,0,0.0,0,0.0,0.0,0
2015,106,213,20448,1.45,1.45,0.9375,0,0,0,0,0,0,2.293737577788089,0.973714928801456,1.0331188081439862,0.973714928801456,1.0331188081439862,0,0.0,0,0.0,0.0,0
2015,107,216,20736,1.45,1.45,0.9375,0,0,0,0,0,0,2.281083288972045,0.973714812074046,1.0336817820541802,0.973714812074046,1.0336817820541802,0,0.0,0,0.0,0.0,0
2015,108,219,21024,1.45,1.45,0.9375,0,0,0,0,0,0,2.314496769501939,0.9726504294692954,1.0325202276971708,0.9726504294692954,1.0325202276971708,0,0.0,0,0.0,0.0,0
2015,109,220,21120,1.45,1.45,0.9375,0,0,0,0,0,0,2.313767711363377,0.9753171766619396,1.0326110298940172,0.9753171766619396,1.0326110298940172,0,0.0,0,0.0,0.0,0
2015,110,226,21696,1.45,1.45,0.9375,0,0,0,0,0,0,2.285821215677792,0.971734415717637,1.0331689793414054,0.971734415717637,1.0331689793414054,0,0.0,0,0.0,0.0,0
2015,114,228,21888,1.45,1.45,0.9375,0,0,0,0,0,0,2.3132126740714347,0.9768074416838396,1.033215873908608,0.9768074416838396,1.033215873908608,0,0.0,0,0.0,0.0,0
2015,111,230,22080,1.45,1.45,0.9375,0,0,0,0,0,0,2.287272889194269,0.9742426639048268,1.0331258889129815,0.9742426639048268,1.0331258889129815,0,0.0,0,0.0,0.0,0
2015,112,231,22176,1.45,1.45,0.9375,0,0,0,0,0,0,2.3000199479817,0.9749450107853068,1.0331241224067484,0.9749450107853068,1.0331241224067484,0,0.0,0,0.0,0.0,0
2015,113,232,22272,1.45,1.45,0.9375,0,0,0,0,0,0,2.2851213928614933,0.9756799185166192,1.0333745853628633,0.9756799185166192,1.0333745853628633,0,0.0,0,0.0,0.0,0
2015,114,234,22464,1.45,1.45,0.9375,0,0,0,0,0,0,2.2924075356126195,0.9734163377881292,1.032879802431209,0.9734163377881292,1.032879802431209,0,0.0,0,0.0,0.0,0
2015,115,235,22560,1.45,1.45,0.9375,0,0,0,0,0,0,2.30041030860774,0.9719852725049598,1.0336111727085473,0.9719852725049598,1.0336111727085473,0,0.0,0,0.0,0.0,0
2015,116,236,22656,1.45,1.45,0.9375,0,0,0,0,0,0,2.3077388004565016,0.9753494522741164,1.0324976569835334,0.9753494522741164,1.0324976569835334,0,0.0,0,0.0,0.0,0
2015,117,239,22944,1.45,1.45,0.9375,0,0,0,0,0,0,2.292677431793579,0.974053998924836,1.032247524871181,0.974053998924836,1.032247524871181,0,0.0,0,0.0,0.0,0
2015,118,240,23040,1.45,1.45,0.9375,0,0,0,0,0,0,2.30174679015204,0.9744544126938258,1.0326527264722738,0.9744544126938258,1.0326527264722738,0,0.0,0,0.0,0.0,0
2015,123,241,23136,1.45,1.45,0.9375,0,0,0,0,0,0,2.2822440792907863,0.9732864210106786,1.0323963511989591,0.9732864210106786,1.0323963511989591,0,0.0,0,0.0,0.0,0
2015,119,244,23424,1.45,1.45,0.9375,0,0,0,0,0,0,2.29899338256207,0.9751849587853122,1.033052096544446,0.9751849587853122,1.033052096544446,0,0.0,0,0.0,0.0,0
2015,120,245,23520,1.45,1.45,0.9375,0,0,0,0,0,0,2.278393171343806,0.973723100681498,1.0333593805378596,0.973723100681498,1.0333593805378596,0,0.0,0,0.0,0.0,0
2015,121,248,23808,1.45,1.45,0.9375,0,0,0,0,0,0,2.305421025454454,0.975513115030344,1.0334254885834169,0.975513115030344,1.0334254885834169,0,0.0,0,0.0,0.0,0
2015,122,251,24096,1.45,1.45,0.9375,0,0,0,0,0,0,2.280383055452413,0.9742983372322672,1.0323761760878671,0.9742983372322672,1.0323761760878671,0,0.0,0,0.0,0.0,0
2015,123,253,24288,1.45,1.45,0.9375,0,0,0,0,0,0,2.282830270164711,0.9741336920602872,1.0337422529362048,0.9741336920602872,1.0337422529362048,0,0.0,0,0.0,0.0,0
2015,124,254,24384,1.45,1.45,0.9375,0,0,0,0,0,0,2.2729458489259646,0.9759115783805646,1.0327536490407454,0.9759115783805646,1.0327536490407454,0,0.0,0,0.0,0.0,0
2015,125,257,24672,1.45,1.45,0.9375,0,0,0,0,0,0,2.272201116900284,0.975701595082992,1.0324190037098566,0.975701595082992,1.0324190037098566,0,0.0,0,0.0,0.0,0
2015,126,259,24864,1.45,1.45,0.9375,0,0,0,0,0,0,2.2894456899976885,0.97672469602414,1.033274614183422,0.97672469602414,1.033274614183422,0,0.0,0,0.0,0.0,0
2015,127,261,25056,1.45,1.45,0.9375,0,0,0,0,0,0,2.3081338987970077,0.973132770987644,1.032587456117317,0.973132770987644,1.032587456117317,0,0.0,0,0.0,0.0,0
2015,128,266,25536,1.45,1.45,0.9375,0,0,0,0,0,0,2.2931255693901726,0.972901389926812,1.0333074896681085,0.972901389926812,1.0333074896681085,0,0.0,0,0.0,0.0,0
2015,129,267,25632,1.45,1.45,0.9375,0,0,0,0,0,0,2.2979509523633075,0.9748533597338478,1.0336048381499288,0.9748533597338478,1.0336048381499288,0,0.0,0,0.0,0.0,0
2015,130,268,25728,1.45,1.45,0.9375,0,0,0,0,0,0,2.288029907829072,0.9747327915686488,1.0328789826584803,0.9747327915686488,1.0328789826584803,0,0.0,0,0.0,0.0,0
2015,131,269,25824,1.45,1.45,0.9375,0,0,0,0,0,0,2.3012522831106,0.974530734222996,1.032223100219227,0.974530734222996,1.032223100219227,0,0.0,0,0.0,0.0,0
2015,132,271,26016,1.45,1.45,0.9375,0,0,0,0,0,0,2.3052261579458166,0.9713129368485548,1.0334355445141394,0.9713129368485548,1.0334355445141394,0,0.0,0,0.0,0.0,0
2015,133,272,26112,1.45,1.45,0.9375,0,0,0,0,0,0,2.2891214988955206,0.9757966461577116,1.033213643924363,0.9757966461577116,1.033213643924363,0,0.0,0,0.0,0.0,0
2015,134,273,26208,1.45,1.45,0.9375,0,0,0,0,0,0,2.295942378836496,0.9678320650762816,1.032676120139649,0.9678320650762816,1.032676120139649,0,0.0,0,0.0,0.0,0
2015,135,275,26400,1.45,1.45,0.9375,0,0,0,0,0,0,2.2726113488091846,0.9759885800233904,1.0329275888803593,0.9759885800233904,1.0329275888803593,0,0.0,0,0.0,0.0,0
2015,136,276,26496,1.45,1.45,0.9375,0,0,0,0,0,0,2.3004449132469507,0.9722189578164492,1.032764489471535,0.9722189578164492,1.032764489471535,0,0.0,0,0.0,0.0,0
2015,142,278,26688,1.45,1.45,0.9375,0,0,0,0,0,0,2.298236724364205,0.9751689954343952,1.0331918464316463,0.9751689954343952,1.0331918464316463,0,0.0,0,0.0,0.0,0
2015,143,280,26880,1.45,1.45,0.9375,0,0,0,0,0,0,2.27821470694455,0.9716525667205228,1.0328232175958894,0.9716525667205228,1.0328232175958894,0,0.0,0,0.0,0.0,0
2015,144,281,26976,1.45,1.45,0.9375,0,0,0,0,0,0,2.2470828352403536,0.9749722839265555,1.033470735522437,0.9749722839265555,1.033470735522437,0,0.0,0,0.0,0.0,0
2015,137,282,27072,1.45,1.45,0.9375,0,0,0,0,0,0,2.2854135119759684,0.9767290955457428,1.0318741686723896,0.9767290955457428,1.0318741686723896,0,0.0,0,0.0,0.0,0
2015,138,283,27168,1.45,1.45,0.9375,0,0,0,0,0,0,2.2797776107067325,0.9750381144388665,1.0330529580710914,0.9750381144388665,1.0330529580710914,0,0.0,0,0.0,0.0,0
2015,139,284,27264,1.45,1.45,0.9375,0,0,0,0,0,0,2.30076577672324,0.9739297043110332,1.0329626813293395,0.9739297043110332,1.0329626813293395,0,0.0,0,0.0,0.0,0
2015,140,285,27360,1.45,1.45,0.9375,0,0,0,0,0,0,2.311736783661454,0.9745786028085492,1.0335181312922772,0.9745786028085492,1.0335181312922772,0,0.0,0,0.0,0.0,0
2015,141,287,27552,1.45,1.45,0.9375,0,0,0,0,0,0,2.306389873705587,0.973336994802692,1.033513643947776,0.973336994802692,1.033513643947776,0,0.0,0,0.0,0.0,0
2015,142,288,27648,1.45,1.45,0.9375,0,0,0,0,0,0,2.281303205148456,0.9751600426329065,1.0330086596926382,0.9751600426329065,1.0330086596926382,0,0.0,0,0.0,0.0,0
2015,143,289,27744,1.45,1.45,0.9375,0,0,0,0,0,0,2.27276270177076,0.9726143780631322,1.032971777070117,0.9726143780631322,1.032971777070117,0,0.0,0,0.0,0.0,0
2015,144,290,27840,1.45,1.45,0.9375,0,0,0,0,0,0,2.2930110466236333,0.9727419992395008,1.0324293017625972,0.9727419992395008,1.0324293017625972,0,0.0,0,0.0,0.0,0
2015,153,291,27936,1.45,1.45,0.9375,0,0,0,0,0,0,2.304422738664928,0.9728086976753334,1.032353107108401,0.9728086976753334,1.032353107108401,0,0.0,0,0.0,0.0,0
2015,145,292,28032,1.45,1.45,0.9375,0,0,0,0,0,0,2.253992893132972,0.9737057900439824,1.033683465993224,0.9737057900439824,1.033683465993224,0,0.0,0,0.0,0.0,0
2015,146,293,28128,1.45,1.45,0.9375,0,0,0,0,0,0,2.295866417937015,0.9735345302145744,1.0326903398704157,0.9735345302145744,1.0326903398704157,0,0.0,0,0.0,0.0,0
2015,147,294,28224,1.45,1.45,0.9375,0,0,0,0,0,0,2.283966270660276,0.9747595993449416,1.032272960512455,0.9747595993449416,1.032272960512455,0,0.0,0,0.0,0.0,0
2015,148,295,28320,1.45,1.45,0.9375,0,0,0,0,0,0,2.2898597908705964,0.9744506742043918,1.0329778349574898,0.9744506742043918,1.0329778349574898,0,0.0,0,0.0,0.0,0
2015,149,296,28416,1.45,1.45,0.9375,0,0,0,0,0,0,2.288673375842829,0.9740113911995606,1.0340340547793023,0.9740113911995606,1.0340340547793023,0,0.0,0,0.0,0.0,0
2015,150,297,28512,1.45,1.45,0.9375,0,0,0,0,0,0,2.3107814796165944,0.9726556632649572,1.0336108656416811,0.9726556632649572,1.0336108656416811,0,0.0,0,0.0,0.0,0
2015,160,298,28608,1.45,1.45,0.9375,0,0,0,0,0,0,2.293820058199661,0.977429483449554,1.0325690641277685,0.977429483449554,1.0325690641277685,0,0.0,0,0.0,0.0,0
2015,151,299,28704,1.45,1.45,0.9375,0,0,0,0,0,0,2.3063289646426117,0.9712925081664258,1.032570302840082,0.9712925081664258,1.032570302840082,0,0.0,0,0.0,0.0,0
2015,152,300,28800,1.45,1.45,0.9375,0,0,0,0,0,0,2.2906070664351423,0.9769504153811258,1.033423538589182,0.9769504153811258,1.033423538589182,0,0.0,0,0.0,0.0,0
2015,153,302,28992,1.45,1.45,0.9375,0,0,0,0,0,0,2.301514543331308,0.9771775527071892,1.032791370317613,0.9771775527071892,1.032791370317613,0,0.0,0,0.0,0.0,0
2015,154,305,29280,1.45,1.45,0.9375,0,0,0,0,0,0,2.295794961250585,0.9740990083047648,1.031925161311197,0.9740990083047648,1.031925161311197,0,0.0,0,0.0,0.0,0
2015,155,306,29376,1.45,1.45,0.9375,0,0,0,0,0,0,2.2649146889621945,0.9729988045772718,1.0331773751795554,0.9729988045772718,1.0331773751795554,0,0.0,0,0.0,0.0,0
2015,156,307,29472,1.45,1.45,0.9375,0,0,0,0,0,0,2.286932825139931,0.974429471187454,1.032911756866285,0.974429471187454,1.032911756866285,0,0.0,0,0.0,0.0,0
2015,157,308,29568,1.45,1.45,0.9375,0,0,0,0,0,0,2.2812856032457423,0.9706319258873084,1.032962202330993,0.9706319258873084,1.032962202330993,0,0.0,0,0.0,0.0,0
2015,158,312,29952,1.45,1.45,0.9375,0,0,0,0,0,0,2.275144276589654,0.9703271056483546,1.0334019496324631,0.9703271056483546,1.0334019496324631,0,0.0,0,0.0,0.0,0
2015,159,315,30240,1.45,1.45,0.9375,0,0,0,0,0,0,2.3027832367799927,0.973606633439194,1.0325285904555854,0.973606633439194,1.0325285904555854,0,0.0,0,0.0,0.0,0
2015,160,317,30432,1.45,1.45,0.9375,0,0,0,0,0,0,2.3164328655147366,0.97153013773934,1.0327092888133118,0.97153013773934,1.0327092888133118,0,0.0,0,0.0,0.0,0
2015,161,319,30624,1.45,1.45,0.9375,0,0,0,0,0,0,2.294590638338534,0.9701490429494446,1.033143930276066,0.9701490429494446,1.033143930276066,0,0.0,0,0.0,0.0,0
2015,162,321,30816,1.45,1.45,0.9375,0,0,0,0,0,0,2.278393983525467,0.9729306532397988,1.032293984594622,0.9729306532397988,1.032293984594622,0,0.0,0,0.0,0.0,0
2015,173,322,30912,1.45,1.45,0.9375,0,0,0,0,0,0,2.27964098041925,0.973005227128872,1.0332342186421797,0.973005227128872,1.0332342186421797,0,0.0,0,0.0,0.0,0
2015,163,326,31296,1.45,1.45,0.9375,0,0,0,0,0,0,2.2918704930170017,0.9683991371791266,1.0328824466932405,0.9683991371791266,1.0328824466932405,0,0.0,0,0.0,0.0,0
2015,164,329,31584,1.45,1.45,0.9375,0,0,0,0,0,0,2.311164313629447,0.97433269767964,1.033678485098515,0.97433269767964,1.033678485098515,0,0.0,0,0.0,0.0,0
2015,165,331,31776,1.45,1.45,0.9375,0,0,0,0,0,0,2.312357184821011,0.975108591842772,1.032457699458141,0.975108591842772,1.032457699458141,0,0.0,0,0.0,0.0,0
2015,166,332,31872,1.45,1.45,0.9375,0,0,0,0,0,0,2.298301352909412,0.9709045493546208,1.0332832386937416,0.9709045493546208,1.0332832386937416,0,0.0,0,0.0,0.0,0
2015,167,333,31968,1.45,1.45,0.9375,0,0,0,0,0,0,2.277421020401336,0.9763841679512378,1.0327748493963715,0.9763841679512378,1.0327748493963715,0,0.0,0,0.0,0.0,0
2015,168,335,32160,1.45,1.45,0.9375,0,0,0,0,0,0,2.2917929002045203,0.9740672240572807,1.0335847448090043,0.9740672240572807,1.0335847448090043,0,0.0,0,0.0,0.0,0
2015,169,336,32256,1.45,1.45,0.9375,0,0,0,0,0,0,2.3056178642400256,0.9708367407930256,1.0320744474293688,0.9708367407930256,1.0320744474293688,0,0.0,0,0.0,0.0,0
2015,170,337,32352,1.45,1.45,0.9375,0,0,0,0,0,0,2.295205158575866,0.9765239595514206,1.0325664111195116,0.9765239595514206,1.0325664111195116,0,0.0,0,0.0,0.0,0
2015,171,338,32448,1.45,1.45,0.9375,0,0,0,0,0,0,2.2990629608583046,0.9731453586326674,1.0329767969612924,0.9731453586326674,1.0329767969612924,0,0.0,0,0.0,0.0,0
2015,172,339,32544,1.45,1.45,0.9375,0,0,0,0,0,0,2.317211787794529,0.9739413401721512,1.0330918403238465,0.9739413401721512,1.0330918403238465,0,0.0,0,0.0,0.0,0
2015,173,341,32736,1.45,1.45,0.9375,0,0,0,0,0,0,2.2614613110009785,0.9739307292173074,1.032826813491105,0.9739307292173074,1.032826813491105,0,0.0,0,0.0,0.0,0
2015,174,342,32832,1.45,1.45,0.9375,0,0,0,0,0,0,2.28308046889282,0.968872375156619,1.0332150984893889,0.968872375156619,1.0332150984893889,0,0.0,0,0.0,0.0,0
2015,175,345,33120,1.45,1.45,0.9375,0,0,0,0,0,0,2.268783220930268,0.9694746022458116,1.0331895017501478,0.9694746022458116,1.0331895017501478,0,0.0,0,0.0,0.0,0
2015,176,347,33312,1.45,1.45,0.9375,0,0,0,0,0,0,2.2996447303288794,0.97111496320881,1.0335086519863086,0.97111496320881,1.0335086519863086,0,0.0,0,0.0,0.0,0
2015,177,348,33408,1.45,1.45,0.9375,0,0,0,0,0,0,2.280397433371748,0.9725214731785776,1.033204986325851,0.9725214731785776,1.033204986325851,0,0.0,0,0.0,0.0,0
2015,178,349,33504,1.45,1.45,0.9375,0,0,0,0,0,0,2.2935106798418263,0.969201057317512,1.032087903198702,0.969201057317512,1.032087903198702,0,0.0,0,0.0,0.0,0
2015,179,351,33696,1.45,1.45,0.9375,0,0,0,0,0,0,2.281413272583047,0.9756262664369012,1.0331705133075526,0.9756262664369012,1.0331705133075526,0,0.0,0,0.0,0.0,0
2015,191,352,33792,1.45,1.45,0.9375,0,0,0,0,0,0,2.320987834518679,0.9763271204763918,1.0338161710341942,0.9763271204763918,1.0338161710341942,0,0.0,0,0.0,0.0,0
2015,180,354,33984,1.45,1.45,0.9375,0,0,0,0,0,0,2.299912108640806,0.973973781443894,1.0331896460695458,0.973973781443894,1.0331896460695458,0,0.0,0,0.0,0.0,0
2015,181,355,34080,1.45,1.45,0.9375,0,0,0,0,0,0,2.330780311652623,0.9737952607201222,1.033135097442223,0.9737952607201222,1.033135097442223,0,0.0,0,0.0,0.0,0
2015,182,356,34176,1.45,1.45,0.9375,0,0,0,0,0,0,2.288549675854519,0.9769199170059952,1.032890135850529,0.9769199170059952,1.032890135850529,0,0.0,0,0.0,0.0,0
2015,183,361,34656,1.45,1.45,0.9375,0,0,0,0,0,0,2.288291598625064,0.9754715174526432,1.0332867044417813,0.9754715174526432,1.0332867044417813,0,0.0,0,0.0,0.0,0
2015,196,362,34752,1.45,1.45,0.9375,0,0,0,0,0,0,2.297287058735282,0.9756231794835704,1.0328489293567609,0.9756231794835704,1.0328489293567609,0,0.0,0,0.0,0.0,0
2015,184,364,34944,1.45,1.45,0.9375,0,0,0,0,0,0,2.280949769193515,0.971253551081915,1.0328388082604485,0.971253551081915,1.0328388082604485,0,0.0,0,0.0,0.0,0
2015,198,366,35136,1.45,1.45,0.9375,0,0,0,0,0,0,2.289949977068674,0.9715176607151436,1.0328133058694522,0.9715176607151436,1.0328133058694522,0,0.0,0,0.0,0.0,0
2015,185,367,35232,1.45,1.45,0.9375,0,0,0,0,0,0,2.291370533165741,0.9729569879612026,1.0320971908744558,0.9729569879612026,1.0320971908744558,0,0.0,0,0.0,0.0,0
2016,1,2,192,1.5,1.5,1.0,0,0,0,0,0,0,2.4296326907341,0.9709520648641694,1.0351971853084687,0.9709520648641694,1.0351971853084687,0,0.0,0,0.0,0.0,0
2016,2,4,384,1.5,1.5,1.0,0,0,0,0,0,0,2.424922017630959,0.9759757783027582,1.034191860758869,0.9759757783027582,1.034191860758869,0,0.0,0,0.0,0.0,0
2016,3,6,576,1.5,1.5,1.0,0,0,0,0,0,0,2.4357783373601976,0.9733253726905394,1.0349064975748357,0.9733253726905394,1.0349064975748357,0,0.0,0,0.0,0.0,0
2016,4,7,672,1.5,1.5,1.0,0,0,0,0,0,0,2.447339305492477,0.974524684622604,1.034691619426838,0.974524684622604,1.034691619426838,0,0.0,0,0.0,0.0,0
2016,5,10,960,1.5,1.5,1.0,0,0,0,0,0,0,2.430106597441016,0.975073351583772,1.034454840672176,0.975073351583772,1.034454840672176,0,0.0,0,0.0,0.0,0
2016,6,13,1248,1.5,1.5,1.0,0,0,0,0,0,0,2.4431211355921034,0.9730746555220824,1.0346366767759272,0.9730746555220824,1.0346366767759272,0,0.0,0,0.0,0.0,0
2016,7,16,1536,1.5,1.5,1.0,0,0,0,0,0,0,2.4559784187570792,0.9724224379937852,1.0337914626792406,0.9724224379937852,1.0337914626792406,0,0.0,0,0.0,0.0,0
2016,8,17,1632,1.5,1.5,1.0,0,0,0,0,0,0,2.439837140613629,0.9767596228930184,1.0342524976669856,0.9767596228930184,1.0342524976669856,0,0.0,0,0.0,0.0,0
2016,9,20,1920,1.5,1.5,1.0,0,0,0,0,0,0,2.434777097149485,0.9759900355474548,1.0349446765046857,0.9759900355474548,1.0349446765046857,0,0.0,0,0.0,0.0,0
2016,10,22,2112,1.5,1.5,1.0,0,0,0,0,0,0,2.440624371641821,0.9771742378613708,1.034032006745549,0.9771742378613708,1.034032006745549,0,0.0,0,0.0,0.0,0
2016,11,23,2208,1.5,1.5,1.0,0,0,0,0,0,0,2.439808423392813,0.9754036161154388,1.0345537953203343,0.9754036161154388,1.0345537953203343,0,0.0,0,0.0,0.0,0
2016,12,25,2400,1.5,1.5,1.0,0,0,0,0,0,0,2.411167859306575,0.9759359566887412,1.0345166228863267,0.9759359566887412,1.0345166228863267,0,0.0,0,0.0,0.0,0
2016,13,26,2496,1.5,1.5,1.0,0,0,0,0,0,0,2.4471895200578166,0.976714047540954,1.03451948129453,0.976714047540954,1.03451948129453,0,0.0,0,0.0,0.0,0
2016,14,29,2784,1.5,1.5,1.0,0,0,0,0,0,0,2.451330673570584,0.9742589749824206,1.033847229832452,0.9742589749824206,1.033847229832452,0,0.0,0,0.0,0.0,0
2016,15,30,2880,1.5,1.5,1.0,0,0,0,0,0,0,2.43634094597149,0.9732464030131815,1.034935151025788,0.9732464030131815,1.034935151025788,0,0.0,0,0.0,0.0,0
2016,16,31,2976,1.5,1.5,1.0,0,0,0,0,0,0,2.4180574682577416,0.9740304641013844,1.0338999954596633,0.9740304641013844,1.0338999954596633,0,0.0,0,0.0,0.0,0
2016,17,34,3264,1.5,1.5,1.0,0,0,0,0,0,0,2.436483456413706,0.9729885173387572,1.034259694974083,0.9729885173387572,1.034259694974083,0,0.0,0,0.0,0.0,0
2016,18,37,3552,1.5,1.5,1.0,0,0,0,0,0,0,2.426227808950873,0.9787308352685196,1.0337322100632294,0.9787308352685196,1.0337322100632294,0,0.0,0,0.0,0.0,0
2016,19,38,3648,1.5,1.5,1.0,0,0,0,0,0,0,2.4524368934816425,0.976181403482806,1.0355619089174564,0.976181403482806,1.0355619089174564,0,0.0,0,0.0,0.0,0
2016,20,39,3744,1.5,1.5,1.0,0,0,0,0,0,0,2.449092059350564,0.9740264106025878,1.0340778871983314,0.9740264106025878,1.0340778871983314,0,0.0,0,0.0,0.0,0
2016,21,43,4128,1.5,1.5,1.0,0,0,0,0,0,0,2.4486118230302334,0.9740203017331044,1.0342757781434415,0.9740203017331044,1.0342757781434415,0,0.0,0,0.0,0.0,0
2016,22,44,4224,1.5,1.5,1.0,0,0,0,0,0,0,2.4322652361125017,0.9777856811065744,1.0336536063161303,0.9777856811065744,1.0336536063161303,0,0.0,0,0.0,0.0,0
2016,23,46,4416,1.5,1.5,1.0,0,0,0,0,0,0,2.4427149467957467,0.9728371683864508,1.0344578231344803,0.9728371683864508,1.0344578231344803,0,0.0,0,0.0,0.0,0
2016,24,49,4704,1.5,1.5,1.0,0,0,0,0,0,0,2.4551258354034355,0.9751131112193092,1.0335254465470636,0.9751131112193092,1.0335254465470636,0,0.0,0,0.0,0.0,0
2016,25,50,4800,1.5,1.5,1.0,0,0,0,0,0,0,2.4032463049832824,0.9763946737251884,1.034929371571364,0.9763946737251884,1.034929371571364,0,0.0,0,0.0,0.0,0
2016,26,51,4896,1.5,1.5,1.0,0,0,0,0,0,0,2.4567617155061545,0.9753608397472164,1.0348519071984603,0.9753608397472164,1.0348519071984603,0,0.0,0,0.0,0.0,0
2016,27,53,5088,1.5,1.5,1.0,0,0,0,0,0,0,2.410969751157556,0.9753450183261098,1.0336371901962242,0.9753450183261098,1.0336371901962242,0,0.0,0,0.0,0.0,0
2016,28,54,5184,1.5,1.5,1.0,0,0,0,0,0,0,2.4399719554638524,0.9743952211161044,1.0345996811718714,0.9743952211161044,1.0345996811718714,0,0.0,0,0.0,0.0,0
2016,29,55,5280,1.5,1.5,1.0,0,0,0,0,0,0,2.451883489518218,0.9743780979857718,1.0342621934780212,0.9743780979857718,1.0342621934780212,0,0.0,0,0.0,0.0,0
2016,30,56,5376,1.5,1.5,1.0,0,0,0,0,0,0,2.4510350646184014,0.9770794733307648,1.0340199049899856,0.9770794733307648,1.0340199049899856,0,0.0,0,0.0,0.0,0
2016,31,57,5472,1.5,1.5,1.0,0,0,0,0,0,0,2.424982082340525,0.977902410682368,1.0343395251609704,0.977902410682368,1.0343395251609704,0,0.0,0,0.0,0.0,0
2016,32,59,5664,1.5,1.5,1.0,0,0,0,0,0,0,2.414457267112648,0.9758639556917764,1.0340638906996165,0.9758639556917764,1.0340638906996165,0,0.0,0,0.0,0.0,0
2016,33,60,5760,1.5,1.5,1.0,0,0,0,0,0,0,2.428482961349159,0.9723548279219896,1.033454554978329,0.9723548279219896,1.033454554978329,0,0.0,0,0.0,0.0,0
2016,34,62,5952,1.5,1.5,1.0,0,0,0,0,0,0,2.444161209216636,0.973108498013184,1.0352655191341555,0.973108498013184,1.0352655191341555,0,0.0,0,0.0,0.0,0
2016,35,65,6240,1.5,1.5,1.0,0,0,0,0,0,0,2.4391256800394148,0.977163782002694,1.033955291836105,0.977163782002694,1.033955291836105,0,0.0,0,0.0,0.0,0
2016,36,66,6336,1.5,1.5,1.0,0,0,0,0,0,0,2.428472801495876,0.971205135524252,1.0337773300117343,0.971205135524252,1.0337773300117343,0,0.0,0,0.0,0.0,0
2016,37,67,6432,1.5,1.5,1.0,0,0,0,0,0,0,2.429709261368008,0.975419463178134,1.0342418264490212,0.975419463178134,1.0342418264490212,0,0.0,0,0.0,0.0,0
2016,38,68,6528,1.5,1.5,1.0,0,0,0,0,0,0,2.4354002053413595,0.9750676746177066,1.0349185589350045,0.9750676746177066,1.0349185589350045,0,0.0,0,0.0,0.0,0
2016,39,69,6624,1.5,1.5,1.0,0,0,0,0,0,0,2.451306390094987,0.9747506538125827,1.0340433049740838,0.9747506538125827,1.0340433049740838,0,0.0,0,0.0,0.0,0
2016,40,70,6720,1.5,1.5,1.0,0,0,0,0,0,0,2.444667952933219,0.974506138140126,1.0346716430100211,0.974506138140126,1.0346716430100211,0,0.0,0,0.0,0.0,0
2016,41,71,6816,1.5,1.5,1.0,0,0,0,0,0,0,2.447058058316696,0.9768499454382604,1.0338367144586214,0.9768499454382604,1.0338367144586214,0,0.0,0,0.0,0.0,0
2016,42,74,7104,1.5,1.5,1.0,0,0,0,0,0,0,2.462685633606354,0.9776852589487712,1.0346489746787566,0.9776852589487712,1.0346489746787566,0,0.0,0,0.0,0.0,0
2016,43,80,7680,1.5,1.5,1.0,0,0,0,0,0,0,2.402469613887718,0.9732744110278106,1.0349733787301123,0.9732744110278106,1.0349733787301123,0,0.0,0,0.0,0.0,0
2016,44,81,7776,1.5,1.5,1.0,0,0,0,0,0,0,2.4308796517549918,0.9749348592230216,1.034484672731787,0.9749348592230216,1.034484672731787,0,0.0,0,0.0,0.0,0
2016,45,82,7872,1.5,1.5,1.0,0,0,0,0,0,0,2.4324451967989043,0.9729802245885616,1.0345397899768725,0.9729802245885616,1.0345397899768725,0,0.0,0,0.0,0.0,0
2016,46,84,8064,1.5,1.5,1.0,0,0,0,0,0,0,2.4366663481794557,0.9738808372430204,1.0346629896429256,0.9738808372430204,1.0346629896429256,0,0.0,0,0.0,0.0,0
2016,47,85,8160,1.5,1.5,1.0,0,0,0,0,0,0,2.4123124708145283,0.9779503268596076,1.034043598798556,0.9779503268596076,1.034043598798556,0,0.0,0,0.0,0.0,0
2016,47,86,8256,1.5,1.5,1.0,0,0,0,0,0,0,2.442024836682452,0.975492669880742,1.0340741072058692,0.975492669880742,1.0340741072058692,0,0.0,0,0.0,0.0,0
2016,48,87,8352,1.5,1.5,1.0,0,0,0,0,0,0,2.4669448972170893,0.974762246762972,1.03477221677312,0.974762246762972,1.03477221677312,0,0.0,0,0.0,0.0,0
2016,49,93,8928,1.5,1.5,1.0,0,0,0,0,0,0,2.429597760626262,0.9752029786202264,1.0349223052937115,0.9752029786202264,1.0349223052937115,0,0.0,0,0.0,0.0,0
2016,50,94,9024,1.5,1.5,1.0,0,0,0,0,0,0,2.4391995032850797,0.9775458720014776,1.0335859068305282,0.9775458720014776,1.0335859068305282,0,0.0,0,0.0,0.0,0
2016,51,95,9120,1.5,1.5,1.0,0,0,0,0,0,0,2.439981526608633,0.9766658327636724,1.034894933130492,0.9766658327636724,1.034894933130492,0,0.0,0,0.0,0.0,0
2016,52,97,9312,1.5,1.5,1.0,0,0,0,0,0,0,2.4338412536930685,0.9761667963753442,1.0347951732959022,0.9761667963753442,1.0347951732959022,0,0.0,0,0.0,0.0,0
2016,53,98,9408,1.5,1.5,1.0,0,0,0,0,0,0,2.4238053397809733,0.974073810800536,1.0337276695374202,0.974073810800536,1.0337276695374202,0,0.0,0,0.0,0.0,0
2016,54,101,9696,1.5,1.5,1.0,0,0,0,0,0,0,2.4517983601190503,0.974905826652001,1.0343965749594095,0.974905826652001,1.0343965749594095,0,0.0,0,0.0,0.0,0
2016,55,102,9792,1.5,1.5,1.0,0,0,0,0,0,0,2.443719023017872,0.9749794272481404,1.034394390918286,0.9749794272481404,1.034394390918286,0,0.0,0,0.0,0.0,0
2016,56,107,10272,1.5,1.5,1.0,0,0,0,0,0,0,2.423875020839174,0.9719701722189888,1.0352638234298637,0.9719701722189888,1.0352638234298637,0,0.0,0,0.0,0.0,0
2016,57,109,10464,1.5,1.5,1.0,0,0,0,0,0,0,2.426269140374197,0.9724720140504134,1.0340887817662712,0.9724720140504134,1.0340887817662712,0,0.0,0,0.0,0.0,0
2016,58,111,10656,1.5,1.5,1.0,0,0,0,0,0,0,2.451686771043924,0.9731886011344958,1.034335974943054,0.9731886011344958,1.034335974943054,0,0.0,0,0.0,0.0,0
2016,59,114,10944,1.5,1.5,1.0,0,0,0,0,0,0,2.431051728656193,0.9757615242998648,1.0341370036066335,0.9757615242998648,1.0341370036066335,0,0.0,0,0.0,0.0,0
2016,60,116,11136,1.5,1.5,1.0,0,0,0,0,0,0,2.463564489498664,0.971585789426873,1.034251065628719,0.971585789426873,1.034251065628719,0,0.0,0,0.0,0.0,0
2016,61,117,11232,1.5,1.5,1.0,0,0,0,0,0,0,2.437980028993436,0.9764781823010183,1.0342930028436323,0.9764781823010183,1.0342930028436323,0,0.0,0,0.0,0.0,0
2016,62,119,11424,1.5,1.5,1.0,0,0,0,0,0,0,2.434106882302749,0.9749233923638816,1.034852367329468,0.9749233923638816,1.034852367329468,0,0.0,0,0.0,0.0,0
2016,63,120,11520,1.5,1.5,1.0,0,0,0,0,0,0,2.4334755206226832,0.9730749989708242,1.0344858238715482,0.9730749989708242,1.0344858238715482,0,0.0,0,0.0,0.0,0
2016,63,122,11712,1.5,1.5,1.0,0,0,0,0,0,0,2.4337252766658013,0.9766000219997826,1.0353085910073905,0.9766000219997826,1.0353085910073905,0,0.0,0,0.0,0.0,0
2016,64,123,11808,1.5,1.5,1.0,0,0,0,0,0,0,2.427976640175034,0.973365491403989,1.0337393652824454,0.973365491403989,1.0337393652824454,0,0.0,0,0.0,0.0,0
2016,65,125,12000,1.5,1.5,1.0,0,0,0,0,0,0,2.433904572063859,0.9745084578848284,1.0336094709993917,0.9745084578848284,1.0336094709993917,0,0.0,0,0.0,0.0,0
2016,66,126,12096,1.5,1.5,1.0,0,0,0,0,0,0,2.4507089291764013,0.9739383290117664,1.0342147140739133,0.9739383290117664,1.0342147140739133,0,0.0,0,0.0,0.0,0
2016,67,128,12288,1.5,1.5,1.0,0,0,0,0,0,0,2.440594383014843,0.9749897693853096,1.035056750146928,0.9749897693853096,1.035056750146928,0,0.0,0,0.0,0.0,0
2016,68,129,12384,1.5,1.5,1.0,0,0,0,0,0,0,2.4604356762849027,0.9721907383758264,1.0342444769714902,0.9721907383758264,1.0342444769714902,0,0.0,0,0.0,0.0,0
2016,69,131,12576,1.5,1.5,1.0,0,0,0,0,0,0,2.434441310729829,0.9747116192924804,1.033625869611676,0.9747116192924804,1.033625869611676,0,0.0,0,0.0,0.0,0
2016,70,133,12768,1.5,1.5,1.0,0,0,0,0,0,0,2.448779134535856,0.972732623926858,1.033809527256818,0.972732623926858,1.033809527256818,0,0.0,0,0.0,0.0,0
2016,71,134,12864,1.5,1.5,1.0,0,0,0,0,0,0,2.415414761110637,0.973221851474806,1.0352993771405845,0.973221851474806,1.0352993771405845,0,0.0,0,0.0,0.0,0
2016,72,136,13056,1.5,1.5,1.0,0,0,0,0,0,0,2.45566652185897,0.976486139489403,1.0346521059893738,0.976486139489403,1.0346521059893738,0,0.0,0,0.0,0.0,0
2016,73,140,13440,1.5,1.5,1.0,0,0,0,0,0,0,2.414187581554047,0.9742462202805096,1.0339165875736094,0.9742462202805096,1.0339165875736094,0,0.0,0,0.0,0.0,0
2016,74,141,13536,1.5,1.5,1.0,0,0,0,0,0,0,2.430686956302209,0.9734030453506024,1.034117160965651,0.9734030453506024,1.034117160965651,0,0.0,0,0.0,0.0,0
2016,75,142,13632,1.5,1.5,1.0,0,0,0,0,0,0,2.440214562832248,0.9756587462680192,1.034051011183647,0.9756587462680192,1.034051011183647,0,0.0,0,0.0,0.0,0
2016,76,143,13728,1.5,1.5,1.0,0,0,0,0,0,0,2.4507547178954074,0.9743232984917832,1.0343193792347714,0.9743232984917832,1.0343193792347714,0,0.0,0,0.0,0.0,0
2016,77,145,13920,1.5,1.5,1.0,0,0,0,0,0,0,2.428888107959909,0.978063665159743,1.0346193639221115,0.978063665159743,1.0346193639221115,0,0.0,0,0.0,0.0,0
2016,78,148,14208,1.5,1.5,1.0,0,0,0,0,0,0,2.423110757587596,0.9731196659395271,1.03458913488755,0.9731196659395271,1.03458913488755,0,0.0,0,0.0,0.0,0
2016,79,149,14304,1.5,1.5,1.0,0,0,0,0,0,0,2.4482549688087656,0.9721475896113668,1.0349976915948895,0.9721475896113668,1.0349976915948895,0,0.0,0,0.0,0.0,0
2016,80,151,14496,1.5,1.5,1.0,0,0,0,0,0,0,2.445132049005517,0.9750463898362544,1.0341111303394972,0.9750463898362544,1.0341111303394972,0,0.0,0,0.0,0.0,0
2016,81,152,14592,1.5,1.5,1.0,0,0,0,0,0,0,2.4272906212075056,0.9749880423191934,1.034361367031807,0.9749880423191934,1.034361367031807,0,0.0,0,0.0,0.0,0
2016,82,154,14784,1.5,1.5,1.0,0,0,0,0,0,0,2.431886673296633,0.9746853413304242,1.0335205972428474,0.9746853413304242,1.0335205972428474,0,0.0,0,0.0,0.0,0
2016,83,156,14976,1.5,1.5,1.0,0,0,0,0,0,0,2.4590765182221856,0.9725481350319858,1.0344380080425633,0.9725481350319858,1.0344380080425633,0,0.0,0,0.0,0.0,0
2016,84,157,15072,1.5,1.5,1.0,0,0,0,0,0,0,2.43674138774884,0.9753028982411406,1.034471864578698,0.9753028982411406,1.034471864578698,0,0.0,0,0.0,0.0,0
2016,85,166,15936,1.5,1.5,1.0,0,0,0,0,0,0,2.4295663827939924,0.975348485277274,1.0340676681418035,0.975348485277274,1.0340676681418035,0,0.0,0,0.0,0.0,0
2016,87,168,16128,1.5,1.5,1.0,0,0,0,0,0,0,2.453829135942595,0.9747315749857858,1.0345040704434432,0.9747315749857858,1.0345040704434432,0,0.0,0,0.0,0.0,0
2016,86,169,16224,1.5,1.5,1.0,0,0,0,0,0,0,2.4379761372639948,0.976539852006274,1.0341631013263557,0.976539852006274,1.0341631013263557,0,0.0,0,0.0,0.0,0
2016,87,171,16416,1.5,1.5,1.0,0,0,0,0,0,0,2.422652681537685,0.974684428480992,1.033818198941753,0.974684428480992,1.033818198941753,0,0.0,0,0.0,0.0,0
2016,88,172,16512,1.5,1.5,1.0,0,0,0,0,0,0,2.438392618738469,0.9723638957981726,1.0347964648556265,0.9723638957981726,1.0347964648556265,0,0.0,0,0.0,0.0,0
2016,89,173,16608,1.5,1.5,1.0,0,0,0,0,0,0,2.4223632813107883,0.9744732913598476,1.034059061798253,0.9744732913598476,1.034059061798253,0,0.0,0,0.0,0.0,0
2016,90,175,16800,1.5,1.5,1.0,0,0,0,0,0,0,2.4485973394130087,0.9733160181954577,1.0340364065347751,0.9733160181954577,1.0340364065347751,0,0.0,0,0.0,0.0,0
2016,91,176,16896,1.5,1.5,1.0,0,0,0,0,0,0,2.452386210845253,0.9749110097934818,1.0350311955575942,0.9749110097934818,1.0350311955575942,0,0.0,0,0.0,0.0,0
2016,92,178,17088,1.5,1.5,1.0,0,0,0,0,0,0,2.450166272657432,0.9743336292504644,1.0346249371224754,0.9743336292504644,1.0346249371224754,0,0.0,0,0.0,0.0,0
2016,93,179,17184,1.5,1.5,1.0,0,0,0,0,0,0,2.4592935698751446,0.9726975038061246,1.0341054160042564,0.9726975038061246,1.0341054160042564,0,0.0,0,0.0,0.0,0
2016,94,181,17376,1.5,1.5,1.0,0,0,0,0,0,0,2.447931982809244,0.9750280466174266,1.0343645577910887,0.9750280466174266,1.0343645577910887,0,0.0,0,0.0,0.0,0
2016,95,183,17568,1.5,1.5,1.0,0,0,0,0,0,0,2.443277021451484,0.9748111064371152,1.0338681211125984,0.9748111064371152,1.0338681211125984,0,0.0,0,0.0,0.0,0
2016,96,184,17664,1.5,1.5,1.0,0,0,0,0,0,0,2.4447488661067798,0.976275604900402,1.034526700739962,0.976275604900402,1.034526700739962,0,0.0,0,0.0,0.0,0
2016,97,187,17952,1.5,1.5,1.0,0,0,0,0,0,0,2.4273034940913143,0.9726293532182572,1.033889994762812,0.9726293532182572,1.033889994762812,0,0.0,0,0.0,0.0,0
2016,100,190,18240,1.5,1.5,1.0,0,0,0,0,0,0,2.432046781892642,0.9763293092096192,1.0336553202641066,0.9763293092096192,1.0336553202641066,0,0.0,0,0.0,0.0,0
2016,98,192,18432,1.5,1.5,1.0,0,0,0,0,0,0,2.464842744651886,0.9741636486796628,1.0344255083694225,0.9741636486796628,1.0344255083694225,0,0.0,0,0.0,0.0,0
2016,99,193,18528,1.5,1.5,1.0,0,0,0,0,0,0,2.442323007094171,0.9743958765759227,1.0340053907123987,0.9743958765759227,1.0340053907123987,0,0.0,0,0.0,0.0,0
2016,100,197,18912,1.5,1.5,1.0,0,0,0,0,0,0,2.444662125434357,0.973651263455859,1.034384149448585,0.973651263455859,1.034384149448585,0,0.0,0,0.0,0.0,0
2016,101,201,19296,1.5,1.5,1.0,0,0,0,0,0,0,2.431622034184443,0.9732655390939428,1.034108148117796,0.9732655390939428,1.034108148117796,0,0.0,0,0.0,0.0,0
2016,102,205,19680,1.5,1.5,1.0,0,0,0,0,0,0,2.4291057651130146,0.9751986333617388,1.0331130077207615,0.9751986333617388,1.0331130077207615,0,0.0,0,0.0,0.0,0
2016,103,207,19872,1.5,1.5,1.0,0,0,0,0,0,0,2.451699987076317,0.968668389400991,1.03487741521304,0.968668389400991,1.03487741521304,0,0.0,0,0.0,0.0,0
2016,104,210,20160,1.5,1.5,1.0,0,0,0,0,0,0,2.4296621577312503,0.9706523048343676,1.0347605548365086,0.9706523048343676,1.0347605548365086,0,0.0,0,0.0,0.0,0
2016,105,212,20352,1.5,1.5,1.0,0,0,0,0,0,0,2.4308643031242325,0.972631841648894,1.034391484068415,0.972631841648894,1.034391484068415,0,0.0,0,0.0,0.0,0
2016,106,213,20448,1.5,1.5,1.0,0,0,0,0,0,0,2.44073794044088,0.9747868584630466,1.0344545248393624,0.9747868584630466,1.0344545248393624,0,0.0,0,0.0,0.0,0
2016,107,216,20736,1.5,1.5,1.0,0,0,0,0,0,0,2.4284147666121867,0.9747414825260984,1.0350186917910429,0.9747414825260984,1.0350186917910429,0,0.0,0,0.0,0.0,0
2016,108,219,21024,1.5,1.5,1.0,0,0,0,0,0,0,2.4621360989471928,0.973750668039667,1.0338565248202307,0.973750668039667,1.0338565248202307,0,0.0,0,0.0,0.0,0
2016,109,220,21120,1.5,1.5,1.0,0,0,0,0,0,0,2.4616766004986106,0.9762684124533416,1.0339853205148943,0.9762684124533416,1.0339853205148943,0,0.0,0,0.0,0.0,0
2016,110,226,21696,1.5,1.5,1.0,0,0,0,0,0,0,2.43266620908469,0.9727492974559948,1.0345011808756912,0.9727492974559948,1.0345011808756912,0,0.0,0,0.0,0.0,0
2016,114,228,21888,1.5,1.5,1.0,0,0,0,0,0,0,2.4607262370849914,0.9778075963145018,1.0345635100376676,0.9778075963145018,1.0345635100376676,0,0.0,0,0.0,0.0,0
2016,111,230,22080,1.5,1.5,1.0,0,0,0,0,0,0,2.4341436951608184,0.9752981762919016,1.03446472424374,0.9752981762919016,1.03446472424374,0,0.0,0,0.0,0.0,0
2016,112,231,22176,1.5,1.5,1.0,0,0,0,0,0,0,2.447416546779025,0.975935848355511,1.0344643005061906,0.975935848355511,1.0344643005061906,0,0.0,0,0.0,0.0,0
2016,113,232,22272,1.5,1.5,1.0,0,0,0,0,0,0,2.432371720623632,0.9767410484838338,1.0347128542413722,0.9767410484838338,1.0347128542413722,0,0.0,0,0.0,0.0,0
2016,114,234,22464,1.5,1.5,1.0,0,0,0,0,0,0,2.439368669045405,0.9744049131108788,1.034226440032996,0.9744049131108788,1.034226440032996,0,0.0,0,0.0,0.0,0
2016,115,235,22560,1.5,1.5,1.0,0,0,0,0,0,0,2.447961946877711,0.9730527232642712,1.034943775630546,0.9730527232642712,1.034943775630546,0,0.0,0,0.0,0.0,0
2016,116,236,22656,1.5,1.5,1.0,0,0,0,0,0,0,2.455490538461162,0.9764043140886368,1.033834170339599,0.9764043140886368,1.033834170339599,0,0.0,0,0.0,0.0,0
2016,117,239,22944,1.5,1.5,1.0,0,0,0,0,0,0,2.439848220427943,0.9751112702223542,1.0336187426060468,0.9751112702223542,1.0336187426060468,0,0.0,0,0.0,0.0,0
2016,118,240,23040,1.5,1.5,1.0,0,0,0,0,0,0,2.449398578382524,0.9755174151864192,1.0340237442628697,0.9755174151864192,1.0340237442628697,0,0.0,0,0.0,0.0,0
2016,123,241,23136,1.5,1.5,1.0,0,0,0,0,0,0,2.429295238094165,0.9743260337439288,1.0337385801296186,0.9743260337439288,1.0337385801296186,0,0.0,0,0.0,0.0,0
2016,119,244,23424,1.5,1.5,1.0,0,0,0,0,0,0,2.4462516989570617,0.9762393226900766,1.0343873101309091,0.9762393226900766,1.0343873101309091,0,0.0,0,0.0,0.0,0
2016,120,245,23520,1.5,1.5,1.0,0,0,0,0,0,0,2.425075600310396,0.9747671562014196,1.03469890214296,0.9747671562014196,1.03469890214296,0,0.0,0,0.0,0.0,0
2016,121,248,23808,1.5,1.5,1.0,0,0,0,0,0,0,2.4533822956835585,0.9765675359621684,1.0347683100217098,0.9765675359621684,1.0347683100217098,0,0.0,0,0.0,0.0,0
2016,122,251,24096,1.5,1.5,1.0,0,0,0,0,0,0,2.427470186406375,0.9753589880159604,1.0337190084674954,0.9753589880159604,1.0337190084674954,0,0.0,0,0.0,0.0,0
2016,123,253,24288,1.5,1.5,1.0,0,0,0,0,0,0,2.429771467638812,0.9751789826615332,1.0350799366696557,0.9751789826615332,1.0350799366696557,0,0.0,0,0.0,0.0,0
2016,124,254,24384,1.5,1.5,1.0,0,0,0,0,0,0,2.41922800785443,0.9769523275522112,1.034121473313378,0.9769523275522112,1.034121473313378,0,0.0,0,0.0,0.0,0
2016,125,257,24672,1.5,1.5,1.0,0,0,0,0,0,0,2.4192970477411024,0.976677985300242,1.0337590546808744,0.976677985300242,1.0337590546808744,0,0.0,0,0.0,0.0,0
2016,126,259,24864,1.5,1.5,1.0,0,0,0,0,0,0,2.4366388184252594,0.9777335210610096,1.0346093430742749,0.9777335210610096,1.0346093430742749,0,0.0,0,0.0,0.0,0
2016,127,261,25056,1.5,1.5,1.0,0,0,0,0,0,0,2.4557308097143644,0.9741786718369888,1.033930924853679,0.9741786718369888,1.033930924853679,0,0.0,0,0.0,0.0,0
2016,128,266,25536,1.5,1.5,1.0,0,0,0,0,0,0,2.440747832570337,0.9739660383802664,1.0346466618855066,0.9739660383802664,1.0346466618855066,0,0.0,0,0.0,0.0,0
2016,129,267,25632,1.5,1.5,1.0,0,0,0,0,0,0,2.446200786298226,0.975910555051934,1.034944907035017,0.975910555051934,1.034944907035017,0,0.0,0,0.0,0.0,0
2016,130,268,25728,1.5,1.5,1.0,0,0,0,0,0,0,2.435627655869144,0.975720778398844,1.0342210134325347,0.975720778398844,1.0342210134325347,0,0.0,0,0.0,0.0,0
2016,131,269,25824,1.5,1.5,1.0,0,0,0,0,0,0,2.448536531281721,0.9755648908580816,1.0335927213612297,0.9755648908580816,1.0335927213612297,0,0.0,0,0.0,0.0,0
2016,132,271,26016,1.5,1.5,1.0,0,0,0,0,0,0,2.452843269762748,0.9723908238630504,1.034776985738262,0.9723908238630504,1.034776985738262,0,0.0,0,0.0,0.0,0
2016,133,272,26112,1.5,1.5,1.0,0,0,0,0,0,0,2.4356376999995097,0.9767506672335576,1.0345448144948153,0.9767506672335576,1.0345448144948153,0,0.0,0,0.0,0.0,0
2016,134,273,26208,1.5,1.5,1.0,0,0,0,0,0,0,2.44287026149165,0.9689025497969024,1.0340176946709512,0.9689025497969024,1.0340176946709512,0,0.0,0,0.0,0.0,0
2016,135,275,26400,1.5,1.5,1.0,0,0,0,0,0,0,2.419813860745057,0.977044322705636,1.03426842601715,0.977044322705636,1.03426842601715,0,0.0,0,0.0,0.0,0
2016,136,276,26496,1.5,1.5,1.0,0,0,0,0,0,0,2.447493859181213,0.9732633001612891,1.0341042282569803,0.9732633001612891,1.0341042282569803,0,0.0,0,0.0,0.0,0
2016,142,278,26688,1.5,1.5,1.0,0,0,0,0,0,0,2.4462438265310653,0.9762219771105156,1.0345333053765011,0.9762219771105156,1.0345333053765011,0,0.0,0,0.0,0.0,0
2016,143,280,26880,1.5,1.5,1.0,0,0,0,0,0,0,2.4250977172235006,0.9726657520536052,1.0341652974049127,0.9726657520536052,1.0341652974049127,0,0.0,0,0.0,0.0,0
2016,144,281,26976,1.5,1.5,1.0,0,0,0,0,0,0,2.3930727296808074,0.9759425162417518,1.0348423107353495,0.9759425162417518,1.0348423107353495,0,0.0,0,0.0,0.0,0
2016,137,282,27072,1.5,1.5,1.0,0,0,0,0,0,0,2.432413992011658,0.977763324899218,1.03321669820957,0.977763324899218,1.03321669820957,0,0.0,0,0.0,0.0,0
2016,138,283,27168,1.5,1.5,1.0,0,0,0,0,0,0,2.4271924830543514,0.9759633604806586,1.0343870464582012,0.9759633604806586,1.0343870464582012,0,0.0,0,0.0,0.0,0
2016,139,284,27264,1.5,1.5,1.0,0,0,0,0,0,0,2.447888899028984,0.9749810960006756,1.0342954304247958,0.9749810960006756,1.0342954304247958,0,0.0,0,0.0,0.0,0
2016,140,285,27360,1.5,1.5,1.0,0,0,0,0,0,0,2.459450091532681,0.9755490009454868,1.034864118303369,0.9755490009454868,1.034864118303369,0,0.0,0,0.0,0.0,0
2016,141,287,27552,1.5,1.5,1.0,0,0,0,0,0,0,2.454019561332525,0.9743523043951262,1.034856465977524,0.9743523043951262,1.034856465977524,0,0.0,0,0.0,0.0,0
2016,142,288,27648,1.5,1.5,1.0,0,0,0,0,0,0,2.428062187034019,0.9762052368795012,1.034340981030839,0.9762052368795012,1.034340981030839,0,0.0,0,0.0,0.0,0
2016,143,289,27744,1.5,1.5,1.0,0,0,0,0,0,0,2.419901805137984,0.9736662028642908,1.0343440681297686,0.9736662028642908,1.0343440681297686,0,0.0,0,0.0,0.0,0
2016,144,290,27840,1.5,1.5,1.0,0,0,0,0,0,0,2.440004187612216,0.9738313943071858,1.0337703252216837,0.9738313943071858,1.0337703252216837,0,0.0,0,0.0,0.0,0
2016,153,291,27936,1.5,1.5,1.0,0,0,0,0,0,0,2.4515262219296,0.9738673548122972,1.0337229528519274,0.9738673548122972,1.0337229528519274,0,0.0,0,0.0,0.0,0
2016,145,292,28032,1.5,1.5,1.0,0,0,0,0,0,0,2.39969738371229,0.9747144839263776,1.0350170442514623,0.9747144839263776,1.0350170442514623,0,0.0,0,0.0,0.0,0
2016,146,293,28128,1.5,1.5,1.0,0,0,0,0,0,0,2.442615843704823,0.974494408792113,1.034028762380661,0.974494408792113,1.034028762380661,0,0.0,0,0.0,0.0,0
2016,147,294,28224,1.5,1.5,1.0,0,0,0,0,0,0,2.430966080183417,0.9758580880304912,1.0336156433587251,0.9758580880304912,1.0336156433587251,0,0.0,0,0.0,0.0,0
2016,148,295,28320,1.5,1.5,1.0,0,0,0,0,0,0,2.437530347374591,0.975498541774971,1.0343138075486986,0.975498541774971,1.0343138075486986,0,0.0,0,0.0,0.0,0
2016,149,296,28416,1.5,1.5,1.0,0,0,0,0,0,0,2.435972900863011,0.9750489191110392,1.0353677330339786,0.9750489191110392,1.0353677330339786,0,0.0,0,0.0,0.0,0
2016,150,297,28512,1.5,1.5,1.0,0,0,0,0,0,0,2.458509921971274,0.9737067131173012,1.034947698403348,0.9737067131173012,1.034947698403348,0,0.0,0,0.0,0.0,0
2016,160,298,28608,1.5,1.5,1.0,0,0,0,0,0,0,2.440904480102695,0.978360626614766,1.0339401576601408,0.978360626614766,1.0339401576601408,0,0.0,0,0.0,0.0,0
2016,151,299,28704,1.5,1.5,1.0,0,0,0,0,0,0,2.453839280228048,0.9723753682538852,1.0339114934993596,0.9723753682538852,1.0339114934993596,0,0.0,0,0.0,0.0,0
2016,152,300,28800,1.5,1.5,1.0,0,0,0,0,0,0,2.437891005876009,0.9779626712251108,1.034764630419562,0.9779626712251108,1.034764630419562,0,0.0,0,0.0,0.0,0
2016,153,302,28992,1.5,1.5,1.0,0,0,0,0,0,0,2.4490829138607486,0.9781784828776368,1.0341598055868708,0.9781784828776368,1.0341598055868708,0,0.0,0,0.0,0.0,0
2016,154,305,29280,1.5,1.5,1.0,0,0,0,0,0,0,2.443376737602465,0.975160628878038,1.0332691717125533,0.975160628878038,1.0332691717125533,0,0.0,0,0.0,0.0,0
2016,155,306,29376,1.5,1.5,1.0,0,0,0,0,0,0,2.4118491811531038,0.9740558067596846,1.034516887297567,0.9740558067596846,1.034516887297567,0,0.0,0,0.0,0.0,0
2016,156,307,29472,1.5,1.5,1.0,0,0,0,0,0,0,2.4336440539853537,0.9754755260197618,1.0342503481491094,0.9754755260197618,1.0342503481491094,0,0.0,0,0.0,0.0,0
2016,157,308,29568,1.5,1.5,1.0,0,0,0,0,0,0,2.427890139357661,0.971693773553585,1.0342971724444765,0.971693773553585,1.0342971724444765,0,0.0,0,0.0,0.0,0
2016,158,312,29952,1.5,1.5,1.0,0,0,0,0,0,0,2.4215494894639398,0.971369295239616,1.0347375107879466,0.971369295239616,1.0347375107879466,0,0.0,0,0.0,0.0,0
2016,159,315,30240,1.5,1.5,1.0,0,0,0,0,0,0,2.4498056169452336,0.974564509849685,1.033868953491658,0.974564509849685,1.033868953491658,0,0.0,0,0.0,0.0,0
2016,160,317,30432,1.5,1.5,1.0,0,0,0,0,0,0,2.464460365534578,0.9725735797497044,1.0340507145890276,0.9725735797497044,1.0340507145890276,0,0.0,0,0.0,0.0,0
2016,161,319,30624,1.5,1.5,1.0,0,0,0,0,0,0,2.4414560681196327,0.9712184103897668,1.0344862983570378,0.9712184103897668,1.0344862983570378,0,0.0,0,0.0,0.0,0
2016,162,321,30816,1.5,1.5,1.0,0,0,0,0,0,0,2.424521376653637,0.97395107801397,1.033632608180637,0.97395107801397,1.033632608180637,0,0.0,0,0.0,0.0,0
2016,173,322,30912,1.5,1.5,1.0,0,0,0,0,0,0,2.4264358488224937,0.974071310296714,1.0345703072127048,0.974071310296714,1.0345703072127048,0,0.0,0,0.0,0.0,0
2016,163,326,31296,1.5,1.5,1.0,0,0,0,0,0,0,2.4390907448380035,0.9694815899567648,1.034215375941456,0.9694815899567648,1.034215375941456,0,0.0,0,0.0,0.0,0
2016,164,329,31584,1.5,1.5,1.0,0,0,0,0,0,0,2.458770026789416,0.9753236067458148,1.03501797138725,0.9753236067458148,1.03501797138725,0,0.0,0,0.0,0.0,0
2016,165,331,31776,1.5,1.5,1.0,0,0,0,0,0,0,2.459750968582328,0.976096385703492,1.0338031316745997,0.976096385703492,1.0338031316745997,0,0.0,0,0.0,0.0,0
2016,166,332,31872,1.5,1.5,1.0,0,0,0,0,0,0,2.44617894801081,0.9719446265011924,1.034654168922091,0.9719446265011924,1.034654168922091,0,0.0,0,0.0,0.0,0
2016,167,333,31968,1.5,1.5,1.0,0,0,0,0,0,0,2.424840188335697,0.9774306305452658,1.0341135887119706,0.9774306305452658,1.0341135887119706,0,0.0,0,0.0,0.0,0
2016,168,335,32160,1.5,1.5,1.0,0,0,0,0,0,0,2.4395157625098647,0.9751087934445896,1.0349289524236451,0.9751087934445896,1.0349289524236451,0,0.0,0,0.0,0.0,0
2016,169,336,32256,1.5,1.5,1.0,0,0,0,0,0,0,2.4529318818195813,0.9719364257585358,1.0334211993761109,0.9719364257585358,1.0334211993761109,0,0.0,0,0.0,0.0,0
2016,170,337,32352,1.5,1.5,1.0,0,0,0,0,0,0,2.442347189520241,0.9775882384217016,1.0339147924179892,0.9775882384217016,1.0339147924179892,0,0.0,0,0.0,0.0,0
2016,171,338,32448,1.5,1.5,1.0,0,0,0,0,0,0,2.4459683691903056,0.9741753240907302,1.034322430909302,0.9741753240907302,1.034322430909302,0,0.0,0,0.0,0.0,0
2016,172,339,32544,1.5,1.5,1.0,0,0,0,0,0,0,2.4654570082208123,0.9748925958890292,1.0344338963650068,0.9748925958890292,1.0344338963650068,0,0.0,0,0.0,0.0,0
2016,173,341,32736,1.5,1.5,1.0,0,0,0,0,0,0,2.407927054415686,0.974980265006562,1.034195852728062,0.974980265006562,1.034195852728062,0,0.0,0,0.0,0.0,0
2016,174,342,32832,1.5,1.5,1.0,0,0,0,0,0,0,2.429776601754487,0.9699209348861084,1.0345500323486403,0.9699209348861084,1.0345500323486403,0,0.0,0,0.0,0.0,0
2016,175,345,33120,1.5,1.5,1.0,0,0,0,0,0,0,2.415612618819373,0.970534799334724,1.0345230715647535,0.970534799334724,1.0345230715647535,0,0.0,0,0.0,0.0,0
2016,176,347,33312,1.5,1.5,1.0,0,0,0,0,0,0,2.447526923565814,0.9721710648127508,1.0348456941721464,0.9721710648127508,1.0348456941721464,0,0.0,0,0.0,0.0,0
2016,177,348,33408,1.5,1.5,1.0,0,0,0,0,0,0,2.4274872017587,0.973611691270918,1.0345517043544137,0.973611691270918,1.0345517043544137,0,0.0,0,0.0,0.0,0
2016,178,349,33504,1.5,1.5,1.0,0,0,0,0,0,0,2.4404789297931093,0.9702618803075266,1.0334267248716729,0.9702618803075266,1.0334267248716729,0,0.0,0,0.0,0.0,0
2016,179,351,33696,1.5,1.5,1.0,0,0,0,0,0,0,2.4283057847399734,0.9765949237941404,1.0345137816121583,0.9765949237941404,1.0345137816121583,0,0.0,0,0.0,0.0,0
2016,191,352,33792,1.5,1.5,1.0,0,0,0,0,0,0,2.469100872944081,0.9773610626830582,1.0351575899355592,0.9773610626830582,1.0351575899355592,0,0.0,0,0.0,0.0,0
2016,180,354,33984,1.5,1.5,1.0,0,0,0,0,0,0,2.447535116650928,0.9750520177577424,1.0345347952208406,0.9750520177577424,1.0345347952208406,0,0.0,0,0.0,0.0,0
2016,181,355,34080,1.5,1.5,1.0,0,0,0,0,0,0,2.4785156272011206,0.974849310306425,1.03447903664883,0.974849310306425,1.03447903664883,0,0.0,0,0.0,0.0,0
2016,182,356,34176,1.5,1.5,1.0,0,0,0,0,0,0,2.4357771806854105,0.9779525161589832,1.034229491967625,0.9779525161589832,1.034229491967625,0,0.0,0,0.0,0.0,0
2016,183,361,34656,1.5,1.5,1.0,0,0,0,0,0,0,2.4352864345488743,0.9764546893412976,1.034621103921315,0.9764546893412976,1.034621103921315,0,0.0,0,0.0,0.0,0
2016,196,362,34752,1.5,1.5,1.0,0,0,0,0,0,0,2.4449515599648186,0.976675365154846,1.0342167263704158,0.976675365154846,1.0342167263704158,0,0.0,0,0.0,0.0,0
2016,184,364,34944,1.5,1.5,1.0,0,0,0,0,0,0,2.4281847689239218,0.9723400177680686,1.034209322139774,0.9723400177680686,1.034209322139774,0,0.0,0,0.0,0.0,0
2016,198,366,35136,1.5,1.5,1.0,0,0,0,0,0,0,2.436859596983365,0.9725777873259656,1.034153395198354,0.9725777873259656,1.034153395198354,0,0.0,0,0.0,0.0,0
2016,185,367,35232,1.5,1.5,1.0,0,0,0,0,0,0,2.4380221522303027,0.974004822339223,1.033444040729062,0.974004822339223,1.033444040729062,0,0.0,0,0.0,0.0,0
