candidate_id,scenario_index,day_index,t0,pv_s_scale,svc_q_scale,cap_total_mvar,risk,under_risk,over_risk,under_steps,over_steps,pf_fail,daily_loss_mwh,vmin,vmax,raw_vmin,raw_vmax,intervention_steps,intervention_rate,projection_failures,mean_correction_norm,max_correction_norm,power_flow_previews,projection_iterations,steps_within_0_001_of_reporting_limit,steps_within_0_001_of_projection_guard,actor_total_seconds,actor_mean_ms,projection_total_seconds,projection_mean_ms,preview_total_seconds,optimiser_total_seconds,execution_total_seconds,execution_mean_ms,balance_audit_total_seconds,online_path_total_seconds,completed_steps,max_p_balance_residual_mw,max_q_balance_residual_mvar
100,0,2,192,0.45,0.375,0.0,0,0,0,0,0,0,2.2554949131169897,0.952464623509389,1.0,0.952464623509389,1.0,0,0.0,0,0.0,0.0,0,0,0,0,0.01937980003276607,0.2018729170079799,0.0,0.0,0.0,0.0,1.1308089999947697,11.779260416612184,0.07448430000658846,1.1501888000275358,96,8.465674401075818e-08,9.971891021254287e-08
100,1,3,288,0.45,0.375,0.0,0,0,0,0,0,0,2.311152757778131,0.9532044858149322,1.0,0.9532044858149322,1.0,0,0.0,0,0.0,0.0,0,0,0,0,0.020037900045281276,0.20872812547167996,0.0,0.0,0.0,0.0,1.1986223000349128,12.485648958697007,0.07548039995890576,1.218660200080194,96,9.08513965967861e-08,9.214106200250427e-08
100,2,4,384,0.45,0.375,0.0,0,0,0,0,0,0,2.161538585912714,0.9536514309727357,1.0,0.9536514309727357,1.0,0,0.0,0,0.0,0.0,0,0,0,0,0.018641999980900437,0.19418749980104621,0.0,0.0,0.0,0.0,1.0246186000003945,10.673110416670776,0.06515300001774449,1.043260599981295,96,9.598581946629325e-08,8.51631445225598e-08
100,3,5,480,0.45,0.375,0.0,0,0,0,0,0,0,1.8725244545343334,0.9560956234452491,1.0009329195909116,0.9560956234452491,1.0009329195909116,0,0.0,0,0.0,0.0,0,0,0,0,0.01932399997167522,0.20129166637161688,0.0,0.0,0.0,0.0,1.1030365999758942,11.489964583082232,0.07276910000655334,1.1223605999475694,96,9.88621221432312e-08,9.515696709760935e-08
100,4,6,576,0.45,0.375,0.0,0,0,0,0,0,0,1.7343114878558294,0.957474347738668,1.0,0.957474347738668,1.0,0,0.0,0,0.0,0.0,0,0,0,0,0.021073699979751837,0.21951770812241497,0.0,0.0,0.0,0.0,1.270196300036332,13.231211458711792,0.08457490000728285,1.291270000016084,96,9.52380147314913e-08,8.843816283465866e-08
100,5,7,672,0.45,0.375,0.0,0,0,0,0,0,0,1.4271548964293699,0.960164613800608,1.0,0.960164613800608,1.0,0,0.0,0,0.0,0.0,0,0,0,0,0.018606799982080702,0.19382083314667398,0.0,0.0,0.0,0.0,1.0585898999852361,11.02697812484621,0.06881259999499889,1.0771966999673168,96,9.800206598499506e-08,8.657452373050933e-08
100,6,8,768,0.45,0.375,0.0,0,0,0,0,0,0,2.4111758963702554,0.9520777795406318,1.0,0.9520777795406318,1.0,0,0.0,0,0.0,0.0,0,0,0,0,0.019504500007315073,0.2031718750761987,0.0,0.0,0.0,0.0,1.1352798999796505,11.825832291454693,0.07378549997520167,1.1547843999869656,96,9.640243625076705e-08,9.826312374894286e-08
100,7,10,960,0.45,0.375,0.0,0,0,0,0,0,0,2.6891616311392417,0.950207674860853,1.0,0.950207674860853,1.0,0,0.0,0,0.0,0.0,0,0,0,0,0.019180600000254344,0.1997979166693161,0.0,0.0,0.0,0.0,1.130316800023138,11.774133333574355,0.07689889998437138,1.1494974000233924,96,9.376845451145033e-08,9.588808400073923e-08
100,8,11,1056,0.45,0.375,0.0,0,0,0,0,0,0,2.443461538666183,0.9517399390945991,1.0,0.9517399390945991,1.0,0,0.0,0,0.0,0.0,0,0,0,0,0.01850359994568862,0.1927458327675898,0.0,0.0,0.0,0.0,1.1511304000086966,11.990941666757257,0.07466700000077253,1.1696339999543852,96,9.226183908007946e-08,9.469166353803793e-08
100,9,12,1152,0.45,0.375,0.0,0,0,0,0,0,0,2.4703032005987846,0.9519626559014381,1.0,0.9519626559014381,1.0,0,0.0,0,0.0,0.0,0,0,0,0,0.017923500039614737,0.18670312541265352,0.0,0.0,0.0,0.0,0.9864643999680993,10.275670833001035,0.06319170001370367,1.004387900007714,96,9.881715940310287e-08,9.881147344792396e-08
100,10,13,1248,0.45,0.375,0.0,0,0,0,0,0,0,1.6733616914325358,0.9582505690104441,1.0,0.9582505690104441,1.0,0,0.0,0,0.0,0.0,0,0,0,0,0.01846570002817316,0.19235104196013708,0.0,0.0,0.0,0.0,1.072451899999578,11.171373958328937,0.07139000000461238,1.0909176000277512,96,9.98882891938696e-08,9.685024872363446e-08
100,11,14,1344,0.45,0.375,0.0,0,0,0,0,0,0,1.4268689544340047,0.9595493256003508,1.0,0.9595493256003508,1.0,0,0.0,0,0.0,0.0,0,0,0,0,0.01937779999570921,0.2018520832886376,0.0,0.0,0.0,0.0,1.163565299990296,12.120471874898916,0.076149800013809,1.182943099986005,96,9.595612039323131e-08,8.572480864055265e-08
100,12,16,1536,0.45,0.375,0.0,0,0,0,0,0,0,2.500318079801153,0.9509658168739531,1.0,0.9509658168739531,1.0,0,0.0,0,0.0,0.0,0,0,0,0,0.018084200004523154,0.18837708338044953,0.0,0.0,0.0,0.0,1.0116388999449555,10.537905207759954,0.06602949998341501,1.0297230999494786,96,9.674980500778974e-08,9.848508231158348e-08
100,13,17,1632,0.45,0.375,0.0,0,0,0,0,0,0,2.514756442645603,0.9512157464969478,1.0,0.9512157464969478,1.0,0,0.0,0,0.0,0.0,0,0,0,0,0.019765000004554167,0.2058854167141059,0.0,0.0,0.0,0.0,1.2015125000398257,12.515755208748184,0.07767600000806851,1.2212775000443798,96,9.863593097673984e-08,9.261353101086556e-08
100,14,18,1728,0.45,0.375,0.0,0,0,0,0,0,0,2.4176924201500216,0.9512683060467271,1.0004757095024701,0.9512683060467271,1.0004757095024701,0,0.0,0,0.0,0.0,0,0,0,0,0.019762699972488917,0.20586145804675957,0.0,0.0,0.0,0.0,1.1433630999817979,11.91003229147706,0.07503539999015629,1.1631257999542868,96,9.821320926667321e-08,9.723456095844796e-08
100,15,19,1824,0.45,0.375,0.0,0,0,0,0,0,0,2.2719445746682836,0.9525778398424396,1.0005643251389638,0.9525778398424396,1.0005643251389638,0,0.0,0,0.0,0.0,0,0,0,0,0.018433199991704896,0.19201249991359268,0.0,0.0,0.0,0.0,1.0497477999597322,10.93487291624721,0.07134950000909157,1.0681809999514371,96,9.478350000702296e-08,9.641655307479624e-08
100,16,20,1920,0.45,0.375,0.0,0,0,0,0,0,0,1.5829398529430188,0.95788690959847,1.0025827524289126,0.95788690959847,1.0025827524289126,0,0.0,0,0.0,0.0,0,0,0,0,0.017897199984872714,0.18642916650909078,0.0,0.0,0.0,0.0,1.029526399943279,10.724233332742491,0.06691180005145725,1.0474235999281518,96,9.826821484142101e-08,9.352510682569815e-08
100,17,21,2016,0.45,0.375,0.0,0,0,0,0,0,0,1.3640622974276189,0.9592003925382854,1.0035910941836346,0.9592003925382854,1.0035910941836346,0,0.0,0,0.0,0.0,0,0,0,0,0.0174371000030078,0.18163645836466458,0.0,0.0,0.0,0.0,1.0112752999702934,10.53411770802389,0.0657967999795801,1.0287123999733012,96,9.907802371936225e-08,8.762123485106521e-08
100,18,22,2112,0.45,0.375,0.0,0,0,0,0,0,0,2.4407048108505998,0.9510988222617033,1.0,0.9510988222617033,1.0,0,0.0,0,0.0,0.0,0,0,0,0,0.017920999962370843,0.18667708294136295,0.0,0.0,0.0,0.0,1.0324460000556428,10.754645833912946,0.06776709996483987,1.0503670000180136,96,9.885278057925051e-08,9.931330577361841e-08
100,19,23,2208,0.45,0.375,0.0,0,0,0,0,0,0,2.6669053954008097,0.9506542997829932,1.0,0.9506542997829932,1.0,0,0.0,0,0.0,0.0,0,0,0,0,0.016899699956411496,0.17603854121261975,0.0,0.0,0.0,0.0,0.9716790999882505,10.121657291544276,0.06464060000143945,0.988578799944662,96,9.780348822485685e-08,9.94430857104156e-08
100,20,24,2304,0.45,0.375,0.0,0,0,0,0,0,0,2.578789597474813,0.9509074231374787,1.0,0.9509074231374787,1.0,0,0.0,0,0.0,0.0,0,0,0,0,0.017806999996537343,0.18548958329726398,0.0,0.0,0.0,0.0,1.0020913000626024,10.438451042318775,0.06408569995983271,1.0198983000591397,96,9.534059321539279e-08,9.978671680621609e-08
100,21,25,2400,0.45,0.375,0.0,0,0,0,0,0,0,2.323320080198032,0.950854368080941,1.0030222993747315,0.950854368080941,1.0030222993747315,0,0.0,0,0.0,0.0,0,0,0,0,0.01746090003871359,0.18188437540326655,0.0,0.0,0.0,0.0,1.0262930999670061,10.690553124656313,0.0677847000406473,1.0437540000057197,96,9.300947569415574e-08,9.922897087344396e-08
100,22,26,2496,0.45,0.375,0.0,0,0,0,0,0,0,2.1890560596766746,0.9523177135590452,1.0044638461045179,0.9523177135590452,1.0044638461045179,0,0.0,0,0.0,0.0,0,0,0,0,0.01969730002747383,0.20518020861951905,0.0,0.0,0.0,0.0,1.2098156998908962,12.602246873863502,0.07955580007546814,1.22951299991837,96,9.331948496935083e-08,9.861877425798582e-08
100,23,27,2592,0.45,0.375,0.0,0,0,0,0,0,0,1.531149785512997,0.9579082031611895,1.0053334129596447,0.9579082031611895,1.0053334129596447,0,0.0,0,0.0,0.0,0,0,0,0,0.01779660004103789,0.18538125042747802,0.0,0.0,0.0,0.0,0.9758399999773246,10.164999999763799,0.06581440001173178,0.9936366000183625,96,9.401944566639342e-08,8.8506070597405e-08
100,24,28,2688,0.45,0.375,0.0,0,0,0,0,0,0,1.317787284780507,0.9595997791396867,1.0037561311726333,0.9595997791396867,1.0037561311726333,0,0.0,0,0.0,0.0,0,0,0,0,0.01767280005151406,0.18409166720327144,0.0,0.0,0.0,0.0,0.9968516999506392,10.383871874485825,0.06336760001431685,1.0145245000021532,96,9.540039160559066e-08,8.439728318987427e-08
100,25,29,2784,0.45,0.375,0.0,0,0,0,0,0,0,2.416096298198331,0.9517107908867358,1.0,0.9517107908867358,1.0,0,0.0,0,0.0,0.0,0,0,0,0,0.01809850001882296,0.18852604186273916,0.0,0.0,0.0,0.0,1.0011441999304225,10.428585415941901,0.06518920002417872,1.0192426999492454,96,9.304854291583564e-08,9.84514890445265e-08
100,26,30,2880,0.45,0.375,0.0,0,0,0,0,0,0,2.4397076740869346,0.9525363137122925,1.0,0.9525363137122925,1.0,0,0.0,0,0.0,0.0,0,0,0,0,0.017995499969401862,0.1874531246812694,0.0,0.0,0.0,0.0,1.0514648000098532,10.952758333435971,0.06893370000761934,1.069460299979255,96,9.94815407828753e-08,9.436775777471595e-08
100,27,31,2976,0.45,0.375,0.0,0,0,0,0,0,0,2.3788558418869656,0.9521107480254755,1.0,0.9521107480254755,1.0,0,0.0,0,0.0,0.0,0,0,0,0,0.019783499992627185,0.20607812492319985,0.0,0.0,0.0,0.0,1.1667149000131758,12.153280208470582,0.0764625000228989,1.186498400005803,96,9.553038523429924e-08,9.886936061520579e-08
100,28,32,3072,0.45,0.375,0.0,0,0,0,0,0,0,2.237863738108967,0.9524136021382237,1.00131598070227,0.9524136021382237,1.00131598070227,0,0.0,0,0.0,0.0,0,0,0,0,0.018794599985994864,0.1957770831874465,0.0,0.0,0.0,0.0,1.1139854999710224,11.60401562469815,0.07215900002483977,1.1327800999570172,96,9.313878029937328e-08,9.653037633117201e-08
100,29,33,3168,0.45,0.375,0.0,0,0,0,0,0,0,2.1802989907333012,0.9541536521834261,1.0,0.9541536521834261,1.0,0,0.0,0,0.0,0.0,0,0,0,0,0.018596999972942285,0.1937187497181488,0.0,0.0,0.0,0.0,1.0945805999726872,11.401881249715492,0.07098300002689939,1.1131775999456295,96,9.32088840138734e-08,8.440371776496924e-08
100,30,34,3264,0.45,0.375,0.0,0,0,0,0,0,0,1.437546717169466,0.9585834379757526,1.002849447550188,0.9585834379757526,1.002849447550188,0,0.0,0,0.0,0.0,0,0,0,0,0.018697899977269117,0.19476979142988662,0.0,0.0,0.0,0.0,1.1610843000162276,12.094628125169038,0.07531029999518069,1.1797821999934968,96,9.862534456651917e-08,9.125116162689295e-08
100,31,35,3360,0.45,0.375,0.0,0,0,0,0,0,0,1.1971673239904512,0.9606933049764536,1.0022535370897376,0.9606933049764536,1.0022535370897376,0,0.0,0,0.0,0.0,0,0,0,0,0.018447899987222627,0.19216562486690236,0.0,0.0,0.0,0.0,1.0546295999956783,10.985724999954982,0.07054150000476511,1.073077499982901,96,9.80984661731743e-08,8.659819673850766e-08
100,32,36,3456,0.45,0.375,0.0,0,0,0,0,0,0,2.1761019829338153,0.95329470453086,1.0,0.95329470453086,1.0,0,0.0,0,0.0,0.0,0,0,0,0,0.020164599984127562,0.21004791650132879,0.0,0.0,0.0,0.0,1.234479700004158,12.85916354170998,0.08213360000081593,1.2546442999882856,96,9.933553459830213e-08,9.004476733687206e-08
100,33,37,3552,0.45,0.375,0.0,0,0,0,0,0,0,2.348586598896268,0.9519367652543017,1.0,0.9519367652543017,1.0,0,0.0,0,0.0,0.0,0,0,0,0,0.020022499971673824,0.208567708038269,0.0,0.0,0.0,0.0,1.1530305999549455,12.010735416197349,0.07610570000542793,1.1730530999266193,96,9.492492790072471e-08,9.368825562572347e-08
100,34,40,3840,0.45,0.375,0.0,0,0,0,0,0,0,2.306070544984631,0.9528623170879449,1.0,0.9528623170879449,1.0,0,0.0,0,0.0,0.0,0,0,0,0,0.01764609998645028,0.18381354152552376,0.0,0.0,0.0,0.0,1.0366720000092755,10.798666666763287,0.0657973999841488,1.0543180999957258,96,9.214697213599798e-08,8.899160186537358e-08
100,35,42,4032,0.45,0.375,0.0,0,0,0,0,0,0,1.3259537295803294,0.959860165740241,1.0015281861554421,0.959860165740241,1.0015281861554421,0,0.0,0,0.0,0.0,0,0,0,0,0.019010500000149477,0.1980260416682237,0.0,0.0,0.0,0.0,1.104482700000517,11.505028125005387,0.07442799997807015,1.1234932000006665,96,9.861830979444874e-08,8.800669748509904e-08
100,36,43,4128,0.45,0.375,0.0,0,0,0,0,0,0,2.082028652857703,0.9515168185043493,1.0063889211603285,0.9515168185043493,1.0063889211603285,0,0.0,0,0.0,0.0,0,0,0,0,0.019071999995503575,0.1986666666198289,0.0,0.0,0.0,0.0,1.1821045999822672,12.313589583148618,0.07810790000803536,1.2011765999777708,96,9.921889390814009e-08,9.89489545161204e-08
100,37,44,4224,0.45,0.375,0.0,0,0,0,0,0,0,2.0119084893859793,0.9529110713560184,1.0085724466689698,0.9529110713560184,1.0085724466689698,0,0.0,0,0.0,0.0,0,0,0,0,0.01881810001214035,0.19602187512646196,0.0,0.0,0.0,0.0,1.1116220000258181,11.579395833602272,0.07185179997759406,1.1304401000379585,96,9.852138930198373e-08,9.920098575921799e-08
100,38,45,4320,0.45,0.375,0.0,0,0,0,0,0,0,1.9460685835328602,0.9528914407796587,1.0088352203146393,0.9528914407796587,1.0088352203146393,0,0.0,0,0.0,0.0,0,0,0,0,0.019537700020009652,0.2035177085417672,0.0,0.0,0.0,0.0,1.1792915999903926,12.284287499899923,0.0778615000017453,1.1988293000104022,96,9.955419051632663e-08,9.807136977513231e-08
100,39,46,4416,0.45,0.375,0.0,0,0,0,0,0,0,1.9725890107173603,0.9527803575321252,1.006390912137522,0.9527803575321252,1.006390912137522,0,0.0,0,0.0,0.0,0,0,0,0,0.02065850001963554,0.2151927085378702,0.0,0.0,0.0,0.0,1.24464619999344,12.965064583264999,0.08319580001261784,1.2653047000130755,96,8.802797407669871e-08,9.863163522028096e-08
100,40,47,4512,0.45,0.375,0.0,0,0,0,0,0,0,2.1496010548594597,0.9541559869618604,1.0,0.9541559869618604,1.0,0,0.0,0,0.0,0.0,0,0,0,0,0.020871900051133707,0.2174156255326428,0.0,0.0,0.0,0.0,1.2234893999702763,12.744681249690379,0.0795908000000054,1.24436130002141,96,8.707103578073361e-08,7.854674959062447e-08
100,41,48,4608,0.45,0.375,0.0,0,0,0,0,0,0,1.4398870661060368,0.9591238357585552,1.0006469973963144,0.9591238357585552,1.0006469973963144,0,0.0,0,0.0,0.0,0,0,0,0,0.017748200007190462,0.18487708340823397,0.0,0.0,0.0,0.0,1.0554814999632072,10.994598957950075,0.06885859999601962,1.0732296999703976,96,9.365472811335984e-08,8.744916207836795e-08
100,42,50,4800,0.45,0.375,0.0,0,0,0,0,0,0,2.2395199791380245,0.9519659065016519,1.0,0.9519659065016519,1.0,0,0.0,0,0.0,0.0,0,0,0,0,0.020013199937238824,0.2084708326795711,0.0,0.0,0.0,0.0,1.2088790000416338,12.59248958376702,0.07860469994193409,1.2288921999788727,96,9.755934813476808e-08,8.917368329863784e-08
100,43,52,4992,0.45,0.375,0.0,0,0,0,0,0,0,2.375564454972424,0.9518429426155042,1.0,0.9518429426155042,1.0,0,0.0,0,0.0,0.0,0,0,0,0,0.020057900008396246,0.20893645842079422,0.0,0.0,0.0,0.0,1.29413329999079,13.480555208237396,0.08245370000804542,1.3141911999991862,96,8.71171511838964e-08,8.938954479398298e-08
100,44,53,5088,0.45,0.375,0.0,0,0,0,0,0,0,2.1290245634359537,0.9524807289647125,1.0009864565554596,0.9524807289647125,1.0009864565554596,0,0.0,0,0.0,0.0,0,0,0,0,0.018340399947192054,0.19104583278325057,0.0,0.0,0.0,0.0,1.0836171000264585,11.28767812527561,0.070027099987783,1.1019574999736506,96,9.749252582319512e-08,9.987898952346086e-08
100,45,54,5184,0.45,0.375,0.0,0,0,0,0,0,0,1.8906817538157874,0.9550330328228104,1.0036007890597884,0.9550330328228104,1.0036007890597884,0,0.0,0,0.0,0.0,0,0,0,0,0.02018380002846243,0.2102479169631503,0.0,0.0,0.0,0.0,1.2083329999586567,12.586802082902674,0.07777890002034837,1.2285167999871192,96,9.03310620227471e-08,9.693030572632821e-08
100,46,55,5280,0.45,0.375,0.0,0,0,0,0,0,0,1.2697538829679968,0.9593246029981188,1.0075642114307632,0.9593246029981188,1.0075642114307632,0,0.0,0,0.0,0.0,0,0,0,0,0.018350900027144235,0.1911552086160858,0.0,0.0,0.0,0.0,1.0823513001014362,11.27449270938996,0.07087039996986277,1.1007022001285804,96,9.647015159798544e-08,8.946156940248251e-08
100,47,58,5568,0.45,0.375,0.0,0,0,0,0,0,0,2.019719291210799,0.9542375130871003,1.0013931763585429,0.9542375130871003,1.0013931763585429,0,0.0,0,0.0,0.0,0,0,0,0,0.018644599986146204,0.19421458318902296,0.0,0.0,0.0,0.0,1.1404536999907577,11.879726041570393,0.07477900003141258,1.159098299976904,96,9.937463011332193e-08,8.730514242105691e-08
100,48,59,5664,0.45,0.375,0.0,0,0,0,0,0,0,2.014415517887992,0.9547216910551741,1.0013160771617315,0.9547216910551741,1.0013160771617315,0,0.0,0,0.0,0.0,0,0,0,0,0.01760700002341764,0.18340625024393375,0.0,0.0,0.0,0.0,1.0242422000228544,10.6691895835714,0.06810599999153055,1.041849200046272,96,8.699089764502288e-08,7.88335204754409e-08
100,49,61,5856,0.45,0.375,0.0,0,0,0,0,0,0,1.7198858664920398,0.955810717611608,1.006102640841689,0.955810717611608,1.006102640841689,0,0.0,0,0.0,0.0,0,0,0,0,0.021056599980511237,0.2193395831303254,0.0,0.0,0.0,0.0,1.2773394000032567,13.305618750033924,0.0832793999943533,1.298395999983768,96,8.709848676492771e-08,9.604782170991033e-08
100,50,62,5952,0.45,0.375,0.0,0,0,0,0,0,0,1.1509525181519626,0.9610710394993915,1.0075588270546127,0.9610710394993915,1.0075588270546127,0,0.0,0,0.0,0.0,0,0,0,0,0.020378999979584478,0.2122812497873383,0.0,0.0,0.0,0.0,1.1719122999857063,12.207419791517774,0.07594620000600116,1.1922912999652908,96,9.917111343064888e-08,8.90274805959157e-08
100,51,63,6048,0.45,0.375,0.0,0,0,0,0,0,0,1.0660456523184898,0.9614511444928078,1.005337042585048,0.9614511444928078,1.005337042585048,0,0.0,0,0.0,0.0,0,0,0,0,0.01762199998483993,0.18356249984208262,0.0,0.0,0.0,0.0,0.9719358000002103,10.124331250002191,0.06290839999564923,0.9895577999850502,96,9.963304351684465e-08,8.881835926455306e-08
100,52,64,6144,0.45,0.375,0.0,0,0,0,0,0,0,1.9098805238306449,0.954147158198751,1.0005810974843905,0.954147158198751,1.0005810974843905,0,0.0,0,0.0,0.0,0,0,0,0,0.018622899988258723,0.1939885415443617,0.0,0.0,0.0,0.0,1.0874288999766577,11.327384374756852,0.07083020002755802,1.1060517999649164,96,9.722646512541622e-08,8.550568336707087e-08
100,53,65,6240,0.45,0.375,0.0,0,0,0,0,0,0,2.0720065937318193,0.9538343739410486,1.0,0.9538343739410486,1.0,0,0.0,0,0.0,0.0,0,0,0,0,0.017744700038747396,0.1848406254036187,0.0,0.0,0.0,0.0,1.021382899969467,10.639405208015281,0.06603600002563326,1.0391276000082144,96,9.195309392390216e-08,8.402871627677388e-08
100,54,66,6336,0.45,0.375,0.0,0,0,0,0,0,0,2.0817116760752112,0.9530088468174737,1.0016291790276752,0.9530088468174737,1.0016291790276752,0,0.0,0,0.0,0.0,0,0,0,0,0.018552700013970025,0.19325729181218776,0.0,0.0,0.0,0.0,1.0716018000093754,11.16251875009766,0.07016590000421274,1.0901545000233455,96,8.848208873923902e-08,9.887194202251592e-08
100,55,67,6432,0.45,0.375,0.0,0,0,0,0,0,0,2.0297568496176703,0.9538408956319573,1.0000875827632807,0.9538408956319573,1.0000875827632807,0,0.0,0,0.0,0.0,0,0,0,0,0.01858180002454901,0.19356041692238554,0.0,0.0,0.0,0.0,1.1010063999565318,11.468816666213874,0.07101360001979629,1.1195881999810808,96,8.993208839951083e-08,8.187654089442109e-08
100,56,68,6528,0.45,0.375,0.0,0,0,0,0,0,0,1.6941627515882645,0.9558467811011528,1.0068649220020118,0.9558467811011528,1.0068649220020118,0,0.0,0,0.0,0.0,0,0,0,0,0.01716299997497117,0.17878124973928303,0.0,0.0,0.0,0.0,0.9641913999876124,10.043660416537628,0.06298130003415281,0.9813543999625836,96,9.205952176787047e-08,9.693278547884265e-08
100,57,69,6624,0.45,0.375,0.0,0,0,0,0,0,0,1.160340711838323,0.9600485860242667,1.0093775373138958,0.9600485860242667,1.0093775373138958,0,0.0,0,0.0,0.0,0,0,0,0,0.020046399993589148,0.20881666659988696,0.0,0.0,0.0,0.0,1.2168778000195744,12.675810416870567,0.08174100002361229,1.2369242000131635,96,9.872808338223793e-08,8.846041010812655e-08
100,58,70,6720,0.45,0.375,0.0,0,0,0,0,0,0,1.004454396165242,0.9621042232793449,1.0136296043473623,0.9621042232793449,1.0136296043473623,0,0.0,0,0.0,0.0,0,0,0,0,0.017837399980635382,0.18580624979828522,0.0,0.0,0.0,0.0,1.0647651999533991,11.09130416618124,0.07175450002250727,1.0826025999340345,96,9.357750166763545e-08,8.839956391892834e-08
100,59,73,7008,0.45,0.375,0.0,0,0,0,0,0,0,1.6720905573696394,0.9550873772397003,1.0075391195243248,0.9550873772397003,1.0075391195243248,0,0.0,0,0.0,0.0,0,0,0,0,0.01925230002234457,0.20054479189942262,0.0,0.0,0.0,0.0,1.1822993999812752,12.31561874980495,0.0776016999661806,1.2015517000036198,96,8.912676196029534e-08,9.751228130516765e-08
100,60,74,7104,0.45,0.375,0.0,0,0,0,0,0,0,1.5780373980531912,0.9556870580294388,1.011299469490385,0.9556870580294388,1.011299469490385,0,0.0,0,0.0,0.0,0,0,0,0,0.018319700029678643,0.19083020864248587,0.0,0.0,0.0,0.0,1.0913287999865133,11.368008333192847,0.07115229999908479,1.109648500016192,96,9.927320271385653e-08,9.030838608176106e-08
100,61,75,7200,0.45,0.375,0.0,0,0,0,0,0,0,1.6384776000651544,0.956167825735959,1.0052923042858883,0.956167825735959,1.0052923042858883,0,0.0,0,0.0,0.0,0,0,0,0,0.01817630001460202,0.1893364584854377,0.0,0.0,0.0,0.0,1.0415289000666235,10.849259375693995,0.0683262999591534,1.0597052000812255,96,9.802289760267591e-08,9.917663787439857e-08
100,62,76,7296,0.45,0.375,0.0,0,0,0,0,0,0,1.3840996836203872,0.9601026454058755,1.0009944843461365,0.9601026454058755,1.0009944843461365,0,0.0,0,0.0,0.0,0,0,0,0,0.01811070005351212,0.1886531255574179,0.0,0.0,0.0,0.0,1.0141032000246923,10.563575000257211,0.06713450000825105,1.0322139000782045,96,8.643921729431514e-08,8.565790382553118e-08
100,63,77,7392,0.45,0.375,0.0,0,0,0,0,0,0,1.2178959955270947,0.9595918456433197,1.0001150283840237,0.9595918456433197,1.0001150283840237,0,0.0,0,0.0,0.0,0,0,0,0,0.018648499957635067,0.19425520789203196,0.0,0.0,0.0,0.0,1.0564646999482648,11.00484062446109,0.06953950003662612,1.0751131999058998,96,9.497813654481269e-08,8.811933904784297e-08
100,64,78,7488,0.45,0.375,0.0,0,0,0,0,0,0,1.8177206687831668,0.9542525093196748,1.0015286585132066,0.9542525093196748,1.0015286585132066,0,0.0,0,0.0,0.0,0,0,0,0,0.01864539996313397,0.1942229162826455,0.0,0.0,0.0,0.0,1.0934424999868497,11.390026041529685,0.07161330003873445,1.1120878999499837,96,7.980950691120758e-08,7.3513959086835e-08
100,65,79,7584,0.45,0.375,0.0,0,0,0,0,0,0,1.8042813351784155,0.9551722690231065,1.002342189512525,0.9551722690231065,1.002342189512525,0,0.0,0,0.0,0.0,0,0,0,0,0.018909300008090213,0.19697187508427305,0.0,0.0,0.0,0.0,1.0797834000040893,11.247743750042597,0.0714544999791542,1.0986927000121796,96,9.890115474850414e-08,8.935984806279773e-08
100,66,80,7680,0.45,0.375,0.0,0,0,0,0,0,0,1.7883096003263146,0.9547642368809347,1.004397727133444,0.9547642368809347,1.004397727133444,0,0.0,0,0.0,0.0,0,0,0,0,0.01874539998243563,0.19526458315037112,0.0,0.0,0.0,0.0,1.1213658000269788,11.68089375028103,0.07416529998590704,1.1401112000094145,96,9.968056607564946e-08,9.96053768631544e-08
100,67,81,7776,0.45,0.375,0.0,0,0,0,0,0,0,1.7162965284027436,0.9553232658504288,1.00541081753252,0.9553232658504288,1.00541081753252,0,0.0,0,0.0,0.0,0,0,0,0,0.018287899991264567,0.19049895824233923,0.0,0.0,0.0,0.0,1.0716570999720716,11.163094791375746,0.07339180003327783,1.0899449999633362,96,9.059554169355e-08,9.966340280831432e-08
100,68,82,7872,0.45,0.375,0.0,0,0,0,0,0,0,1.585182249128117,0.9564151778780441,1.0071723430131405,0.9564151778780441,1.0071723430131405,0,0.0,0,0.0,0.0,0,0,0,0,0.018777800010866486,0.19560208344652588,0.0,0.0,0.0,0.0,1.1485280999841052,11.963834374834429,0.07608410002285382,1.1673058999949717,96,9.229515140866951e-08,9.709192484719242e-08
100,69,83,7968,0.45,0.375,0.0,0,0,0,0,0,0,1.0836261264954579,0.96212051297661,1.0169532835328792,0.96212051297661,1.0169532835328792,0,0.0,0,0.0,0.0,0,0,0,0,0.018366499978583306,0.19131770811024276,0.0,0.0,0.0,0.0,1.0599057000581524,11.040684375605755,0.07005919994116994,1.0782722000367357,96,9.292783836704899e-08,8.716033669114998e-08
100,70,84,8064,0.45,0.375,0.0,0,0,0,0,0,0,0.9311224075398675,0.9636686507226825,1.0224290503512772,0.9636686507226825,1.0224290503512772,0,0.0,0,0.0,0.0,0,0,0,0,0.019141000011586584,0.19938541678736024,0.0,0.0,0.0,0.0,1.1401680000126362,11.876750000131628,0.07558920000155922,1.1593090000242228,96,5.18513527340142e-08,8.644204237823194e-08
100,71,85,8160,0.45,0.375,0.0,0,0,0,0,0,0,1.4796848900262878,0.957825406734018,1.015565435762375,0.957825406734018,1.015565435762375,0,0.0,0,0.0,0.0,0,0,0,0,0.016945499955909327,0.17651562454072214,0.0,0.0,0.0,0.0,0.9622456999932183,10.02339270826269,0.062776999991911,0.9791911999491276,96,8.910122531284592e-08,9.888511807998324e-08
100,72,86,8256,0.45,0.375,0.0,0,0,0,0,0,0,1.5004665910701749,0.9577624218664906,1.0140551906929007,0.9577624218664906,1.0140551906929007,0,0.0,0,0.0,0.0,0,0,0,0,0.017474100037361495,0.18202187538918224,0.0,0.0,0.0,0.0,1.0183041000709636,10.607334375739205,0.06731089999084361,1.035778200108325,96,9.898345172155987e-08,9.413669552205128e-08
100,73,87,8352,0.45,0.375,0.0,0,0,0,0,0,0,1.5837058012560963,0.9565609718643189,1.0065141215120426,0.9565609718643189,1.0065141215120426,0,0.0,0,0.0,0.0,0,0,0,0,0.019256099963968154,0.20058437462466827,0.0,0.0,0.0,0.0,1.137599700014107,11.849996875146948,0.07433489998220466,1.156855799978075,96,9.553947714555089e-08,9.836555250886114e-08
100,74,88,8448,0.45,0.375,0.0,0,0,0,0,0,0,1.5050702117443426,0.9573706028704514,1.0094918966081274,0.9573706028704514,1.0094918966081274,0,0.0,0,0.0,0.0,0,0,0,0,0.018615099979797378,0.19390729145622268,0.0,0.0,0.0,0.0,1.075432399964484,11.202420832963375,0.07017360004101647,1.0940474999442813,96,9.39183082606515e-08,9.425301816801124e-08
100,75,89,8544,0.45,0.375,0.0,0,0,0,0,0,0,1.4131898457058123,0.9578205961718579,1.0116923607831994,0.9578205961718579,1.0116923607831994,0,0.0,0,0.0,0.0,0,0,0,0,0.01859719995991327,0.19372083291576322,0.0,0.0,0.0,0.0,1.1056116999679944,11.516788541333275,0.07377090001682518,1.1242088999279076,96,8.751274240860474e-08,9.548105764367598e-08
100,76,90,8640,0.45,0.375,0.0,0,0,0,0,0,0,0.9614876089816293,0.9643397912336953,1.0105278352160627,0.9643397912336953,1.0105278352160627,0,0.0,0,0.0,0.0,0,0,0,0,0.019901200008462183,0.20730416675481442,0.0,0.0,0.0,0.0,1.2568184999981895,13.09185937498114,0.08213589998922544,1.2767197000066517,96,4.4291033392956924e-08,7.713642783541141e-08
100,77,91,8736,0.45,0.375,0.0,0,0,0,0,0,0,0.826655157766222,0.9649960226711366,1.010045553621533,0.9649960226711366,1.010045553621533,0,0.0,0,0.0,0.0,0,0,0,0,0.019052199968427885,0.19846041633779046,0.0,0.0,0.0,0.0,1.1678975999602699,12.165599999586144,0.07813420001912164,1.1869497999286978,96,3.633302894656687e-08,5.542893210391808e-08
100,78,93,8928,0.45,0.375,0.0,0,0,0,0,0,0,1.437840169119244,0.958321511982063,1.0069355583013326,0.958321511982063,1.0069355583013326,0,0.0,0,0.0,0.0,0,0,0,0,0.018069000034302007,0.1882187503573126,0.0,0.0,0.0,0.0,1.0337572999706026,10.76830520802711,0.06725430003280053,1.0518263000049046,96,8.953815321989522e-08,8.86474130212811e-08
100,79,94,9024,0.45,0.375,0.0,0,0,0,0,0,0,1.5584036572493654,0.9574534139729898,1.007385347525105,0.9574534139729898,1.007385347525105,0,0.0,0,0.0,0.0,0,0,0,0,0.0184398999917903,0.19208229158114895,0.0,0.0,0.0,0.0,1.0933147000687313,11.388694792382617,0.07204929996805731,1.1117546000605216,96,9.698130055101062e-08,9.076951114350695e-08
100,80,95,9120,0.45,0.375,0.0,0,0,0,0,0,0,1.5344803868705996,0.9577180094564047,1.0069662700895783,0.9577180094564047,1.0069662700895783,0,0.0,0,0.0,0.0,0,0,0,0,0.018811499954608735,0.1959531245271743,0.0,0.0,0.0,0.0,1.1040225999895483,11.500235416557794,0.07321009998122463,1.122834099944157,96,9.091333344132813e-08,9.879565610049212e-08
100,81,96,9216,0.45,0.375,0.0,0,0,0,0,0,0,1.542717451826474,0.9569071362972791,1.00489883048985,0.9569071362972791,1.00489883048985,0,0.0,0,0.0,0.0,0,0,0,0,0.01757929995073937,0.18311770782020176,0.0,0.0,0.0,0.0,0.9859619999406277,10.270437499381538,0.06438490002619801,1.003541299891367,96,9.053008608386759e-08,9.820230330304103e-08
100,82,97,9312,0.45,0.375,0.0,0,0,0,0,0,0,0.9897137512473477,0.9642281581595653,1.0089807065599776,0.9642281581595653,1.0089807065599776,0,0.0,0,0.0,0.0,0,0,0,0,0.01749139995808946,0.1822020828967652,0.0,0.0,0.0,0.0,1.039464199973736,10.82775208305975,0.06676340002741199,1.0569555999318254,96,4.592352881652162e-08,4.875901848944153e-08
100,83,98,9408,0.45,0.375,0.0,0,0,0,0,0,0,0.9221788952087597,0.9651483552993391,1.0268356594872883,0.9651483552993391,1.0268356594872883,0,0.0,0,0.0,0.0,0,0,0,0,0.01848799995786976,0.19258333289447668,0.0,0.0,0.0,0.0,1.1078195000227424,11.539786458570234,0.07459010000457056,1.1263074999806122,96,3.8635495774874684e-08,9.48333713120253e-08
100,84,99,9504,0.45,0.375,0.0,0,0,0,0,0,0,1.4135962858858464,0.9585878183278065,1.0094844319478253,0.9585878183278065,1.0094844319478253,0,0.0,0,0.0,0.0,0,0,0,0,0.01821589997416595,0.18974895806422865,0.0,0.0,0.0,0.0,1.0559893999889027,10.999889583217737,0.06711750002432382,1.0742052999630687,96,9.185640824360686e-08,9.873571134300096e-08
100,85,100,9600,0.45,0.375,0.0,0,0,0,0,0,0,1.4670549439275822,0.958681336081667,1.008049785942186,0.958681336081667,1.008049785942186,0,0.0,0,0.0,0.0,0,0,0,0,0.01928349999798229,0.20086979164564886,0.0,0.0,0.0,0.0,1.1058545000196318,11.519317708537832,0.07268720000138273,1.125138000017614,96,9.818051783030968e-08,9.322588832849643e-08
100,86,101,9696,0.45,0.375,0.0,0,0,0,0,0,0,1.5525581015418939,0.9578699460883768,1.0065144124342256,0.9578699460883768,1.0065144124342256,0,0.0,0,0.0,0.0,0,0,0,0,0.01892410006985301,0.1971260423943022,0.0,0.0,0.0,0.0,1.1211394999554614,11.67853645786939,0.07360590001917444,1.1400636000253144,96,8.872394691335217e-08,9.876405616948691e-08
100,87,102,9792,0.45,0.375,0.0,0,0,0,0,0,0,1.467264730404854,0.9581663963434497,1.0044944293058637,0.9581663963434497,1.0044944293058637,0,0.0,0,0.0,0.0,0,0,0,0,0.019078299941611476,0.1987322910584529,0.0,0.0,0.0,0.0,1.1050491000132752,11.510928125138284,0.07339809999393765,1.1241273999548866,96,9.522724344311617e-08,9.847604773294272e-08
100,88,103,9888,0.45,0.375,0.0,0,0,0,0,0,0,0.8517621110291036,0.9659825273217258,1.007387821713409,0.9659825273217258,1.007387821713409,0,0.0,0,0.0,0.0,0,0,0,0,0.017791599944757763,0.1853291660912267,0.0,0.0,0.0,0.0,1.035971899946162,10.791373957772521,0.06680570002936292,1.0537634998909198,96,2.7681680029797984e-08,3.191862385509836e-08
100,89,104,9984,0.45,0.375,0.0,0,0,0,0,0,0,0.9419015686476881,0.9648672015544958,1.003899413198283,0.9648672015544958,1.003899413198283,0,0.0,0,0.0,0.0,0,0,0,0,0.018659300010767765,0.19436770844549756,0.0,0.0,0.0,0.0,1.0709350999677554,11.155573957997452,0.07009670002298662,1.0895943999785231,96,3.835500841410655e-08,4.285447226248795e-08
100,90,105,10080,0.45,0.375,0.0,0,0,0,0,0,0,0.742807312640145,0.9673666121910035,1.006053353670224,0.9673666121910035,1.006053353670224,0,0.0,0,0.0,0.0,0,0,0,0,0.01726790000248002,0.17987395835916686,0.0,0.0,0.0,0.0,0.9928090999965207,10.341761458297091,0.06491450003522914,1.0100769999990007,96,1.960272323804635e-08,2.244109821580853e-08
100,91,106,10176,0.45,0.375,0.0,0,0,0,0,0,0,0.7989389065016204,0.9657554207121273,1.0054980183684208,0.9657554207121273,1.0054980183684208,0,0.0,0,0.0,0.0,0,0,0,0,0.017469200014602393,0.1819708334854416,0.0,0.0,0.0,0.0,1.0339608000285807,10.770425000297715,0.06933599997864803,1.051430000043183,96,2.9227674430004624e-08,3.3757771716880214e-08
100,92,108,10368,0.45,0.375,0.0,0,0,0,0,0,0,1.5115850368036852,0.9588482195954235,1.0054373153422964,0.9588482195954235,1.0054373153422964,0,0.0,0,0.0,0.0,0,0,0,0,0.01796269996702904,0.18711145798988582,0.0,0.0,0.0,0.0,1.0151229999901261,10.574197916563813,0.06668109999736771,1.0330856999571552,96,9.676367194490221e-08,9.290670975603543e-08
100,93,109,10464,0.45,0.375,0.0,0,0,0,0,0,0,1.4557413620283008,0.9591268205011545,1.0107164946137956,0.9591268205011545,1.0107164946137956,0,0.0,0,0.0,0.0,0,0,0,0,0.018860200019844342,0.19646041687337856,0.0,0.0,0.0,0.0,1.167531500068435,12.161786459046198,0.07451879997097421,1.1863917000882793,96,9.286477234762835e-08,9.629200381500169e-08
100,94,110,10560,0.45,0.375,0.0,0,0,0,0,0,0,1.470778033450082,0.9587363383884533,1.0092084745719005,0.9587363383884533,1.0092084745719005,0,0.0,0,0.0,0.0,0,0,0,0,0.0169446000145399,0.1765062501514573,0.0,0.0,0.0,0.0,0.9954501999818604,10.369272916477712,0.06615979999332922,1.0123947999964003,96,9.952884875638612e-08,9.502930470306481e-08
100,95,111,10656,0.45,0.375,0.0,0,0,0,0,0,0,1.0951776053174616,0.9637738371030782,1.0048289681608775,0.9637738371030782,1.0048289681608775,0,0.0,0,0.0,0.0,0,0,0,0,0.016982300010567997,0.17689895844341663,0.0,0.0,0.0,0.0,0.9674036000360502,10.077120833708856,0.06414709996897727,0.9843859000466182,96,5.2146010695239275e-08,5.820089174490839e-08
100,96,112,10752,0.45,0.375,0.0,0,0,0,0,0,0,0.8876067867742932,0.9646290096898472,1.007820429996349,0.9646290096898472,1.007820429996349,0,0.0,0,0.0,0.0,0,0,0,0,0.017741799980285577,0.1848104164613081,0.0,0.0,0.0,0.0,1.0430666000684141,10.86527708404598,0.06758369995077373,1.0608084000486997,96,4.0411312490773454e-08,4.4108987157231994e-08
100,97,113,10848,0.45,0.375,0.0,0,0,0,0,0,0,1.4421938112891497,0.9587694313523334,1.012272823242629,0.9587694313523334,1.012272823242629,0,0.0,0,0.0,0.0,0,0,0,0,0.01815830000123242,0.18914895834617104,0.0,0.0,0.0,0.0,1.0880841000107466,11.334209375111945,0.07163680002122419,1.106242400011979,96,9.864334359760418e-08,9.790605950965592e-08
100,98,115,11040,0.45,0.375,0.0,0,0,0,0,0,0,1.6014777119059274,0.9573622328018818,1.0043508752227832,0.9573622328018818,1.0043508752227832,0,0.0,0,0.0,0.0,0,0,0,0,0.018544300030043814,0.19316979197962306,0.0,0.0,0.0,0.0,1.1050203000340844,11.510628125355046,0.07323839998571202,1.1235646000641282,96,9.735353482566433e-08,9.969906955564767e-08
100,99,116,11136,0.45,0.375,0.0,0,0,0,0,0,0,1.5687476509961265,0.9580622202448252,1.0047678550454198,0.9580622202448252,1.0047678550454198,0,0.0,0,0.0,0.0,0,0,0,0,0.017635499963944312,0.18370312462441993,0.0,0.0,0.0,0.0,1.0064993000632967,10.484367708992673,0.06608129996311618,1.024134800027241,96,8.768613433442207e-08,9.880340982870717e-08
100,100,117,11232,0.45,0.375,0.0,0,0,0,0,0,0,1.4981111637744569,0.9583593908687252,1.0041343253776713,0.9583593908687252,1.0041343253776713,0,0.0,0,0.0,0.0,0,0,0,0,0.01861759999883361,0.19393333332118345,0.0,0.0,0.0,0.0,1.0977876000106335,11.435287500110766,0.0719199999657576,1.116405200009467,96,9.993545804255766e-08,9.953551982633257e-08
100,101,118,11328,0.45,0.375,0.0,0,0,0,0,0,0,0.9360622573008741,0.9650573235546962,1.0086966555308206,0.9650573235546962,1.0086966555308206,0,0.0,0,0.0,0.0,0,0,0,0,0.017905000007885974,0.18651041674881222,0.0,0.0,0.0,0.0,1.0284831000317354,10.713365625330576,0.06847519995790208,1.0463881000396213,96,3.601663267106814e-08,4.00837731756587e-08
100,102,121,11616,0.45,0.375,0.0,0,0,0,0,0,0,1.5840529719586691,0.9573517903708484,1.0034877891936884,0.9573517903708484,1.0034877891936884,0,0.0,0,0.0,0.0,0,0,0,0,0.01902969999355264,0.19822604159950666,0.0,0.0,0.0,0.0,1.1863897999937763,12.358227083268503,0.07818650002445793,1.205419499987329,96,9.802402463517101e-08,9.95436329198629e-08
100,103,122,11712,0.45,0.375,0.0,0,0,0,0,0,0,1.531649834154335,0.958202151760863,1.0058860940977234,0.958202151760863,1.0058860940977234,0,0.0,0,0.0,0.0,0,0,0,0,0.019682699981785845,0.20502812481026922,0.0,0.0,0.0,0.0,1.173696700054279,12.226007292232074,0.07529060000524623,1.193379400036065,96,9.856320246949546e-08,9.729838039429506e-08
100,104,123,11808,0.45,0.375,0.0,0,0,0,0,0,0,1.6946514102031436,0.9571156834259485,1.0028138096071528,0.9571156834259485,1.0028138096071528,0,0.0,0,0.0,0.0,0,0,0,0,0.018562600074801594,0.19336041744584995,0.0,0.0,0.0,0.0,1.0755745000205934,11.203901041881181,0.07026659995608497,1.094137100095395,96,8.925681119556494e-08,9.981367114775264e-08
100,105,124,11904,0.45,0.375,0.0,0,0,0,0,0,0,1.5375397840367964,0.9573822410452971,1.0026629750411487,0.9573822410452971,1.0026629750411487,0,0.0,0,0.0,0.0,0,0,0,0,0.017289900002651848,0.1801031250276234,0.0,0.0,0.0,0.0,1.0130432999576442,10.552534374558794,0.06700690004072385,1.030333199960296,96,9.11596288732941e-08,9.988721794140787e-08
100,106,125,12000,0.45,0.375,0.0,0,0,0,0,0,0,0.9514343048544014,0.9659596750176064,1.0107141103649981,0.9659596750176064,1.0107141103649981,0,0.0,0,0.0,0.0,0,0,0,0,0.01755120002781041,0.18282500028969176,0.0,0.0,0.0,0.0,1.0038704000253347,10.456983333597236,0.06533820000186097,1.021421600053145,96,3.025510469760462e-08,8.589245830206704e-08
100,107,126,12096,0.45,0.375,0.0,0,0,0,0,0,0,0.8383907765870393,0.9652377673695223,1.0067699478701633,0.9652377673695223,1.0067699478701633,0,0.0,0,0.0,0.0,0,0,0,0,0.017640800004301127,0.18375833337813674,0.0,0.0,0.0,0.0,1.0208664999954635,10.634026041619412,0.06689909998385701,1.0385072999997647,96,3.3443268016020156e-08,3.79637606073846e-08
100,108,127,12192,0.45,0.375,0.0,0,0,0,0,0,0,1.6401245526248782,0.9568361614932388,1.0005537062090581,0.9568361614932388,1.0005537062090581,0,0.0,0,0.0,0.0,0,0,0,0,0.0181049000020721,0.1885927083549177,0.0,0.0,0.0,0.0,1.04169290002028,10.850967708544582,0.06842109996068757,1.059797800022352,96,9.851962835816241e-08,9.812853994650705e-08
100,109,128,12288,0.45,0.375,0.0,0,0,0,0,0,0,1.3628504419890537,0.95994361940733,1.0076088273492039,0.95994361940733,1.0076088273492039,0,0.0,0,0.0,0.0,0,0,0,0,0.01763879998907214,0.18373749988616814,0.0,0.0,0.0,0.0,1.005231300019659,10.471159375204783,0.06516340002417564,1.0228701000087312,96,9.445868787670564e-08,9.746875022365042e-08
100,110,130,12480,0.45,0.375,0.0,0,0,0,0,0,0,1.3535162433574592,0.9595280385967203,1.013730817346651,0.9595280385967203,1.013730817346651,0,0.0,0,0.0,0.0,0,0,0,0,0.019441199969151057,0.20251249967865684,0.0,0.0,0.0,0.0,1.1680607999951462,12.16729999994944,0.07707389997085556,1.1875019999642973,96,9.692867061067423e-08,9.372687344993968e-08
100,111,131,12576,0.45,0.375,0.0,0,0,0,0,0,0,1.328080638108399,0.9592240777383751,1.008462288804058,0.9592240777383751,1.008462288804058,0,0.0,0,0.0,0.0,0,0,0,0,0.01779690003604628,0.1853843753754821,0.0,0.0,0.0,0.0,1.0282485000207089,10.710921875215718,0.0667104999665753,1.0460454000567552,96,9.956443110942237e-08,9.70049119503047e-08
100,112,132,12672,0.45,0.375,0.0,0,0,0,0,0,0,0.9112921978849179,0.9661708519531718,1.0095060616446812,0.9661708519531718,1.0095060616446812,0,0.0,0,0.0,0.0,0,0,0,0,0.017817200023273472,0.18559583357576534,0.0,0.0,0.0,0.0,1.0401118000008864,10.8344979166759,0.06857819997821935,1.05792900002416,96,2.843143959412736e-08,4.302298560812656e-08
100,113,133,12768,0.45,0.375,0.0,0,0,0,0,0,0,0.7663429888627673,0.9665230756571249,1.0094408448962267,0.9665230756571249,1.0094408448962267,0,0.0,0,0.0,0.0,0,0,0,0,0.01844580000761198,0.19214375007929144,0.0,0.0,0.0,0.0,1.1242892000227585,11.7113458335704,0.07324469999730354,1.1427350000303704,96,2.459149626120316e-08,3.953546705293132e-08
100,114,134,12864,0.45,0.375,0.0,0,0,0,0,0,0,1.2543820764758808,0.9604570054340654,1.010974260956904,0.9604570054340654,1.010974260956904,0,0.0,0,0.0,0.0,0,0,0,0,0.019153599976561964,0.19951666642252044,0.0,0.0,0.0,0.0,1.1679342999777873,12.165982291435284,0.07770410001830896,1.1870878999543493,96,9.774693208487728e-08,9.956654112297514e-08
100,115,135,12960,0.45,0.375,0.0,0,0,0,0,0,0,1.3444080024991953,0.9597091053147481,1.010144250376246,0.9597091053147481,1.010144250376246,0,0.0,0,0.0,0.0,0,0,0,0,0.01720609999028966,0.17923020823218394,0.0,0.0,0.0,0.0,1.0144699000084074,10.567394791754245,0.0648297000079765,1.031675999998697,96,9.849440610332216e-08,8.889001430756327e-08
100,116,136,13056,0.45,0.375,0.0,0,0,0,0,0,0,1.3761737434276138,0.9596212821057611,1.0152103847681508,0.9596212821057611,1.0152103847681508,0,0.0,0,0.0,0.0,0,0,0,0,0.01755510000657523,0.182865625068492,0.0,0.0,0.0,0.0,1.0123655999996117,10.545474999995955,0.06500439997762442,1.029920700006187,96,9.723411269722815e-08,9.288905727933283e-08
100,117,137,13152,0.45,0.375,0.0,0,0,0,0,0,0,1.353158841370086,0.9598379634904732,1.0097058897442996,0.9598379634904732,1.0097058897442996,0,0.0,0,0.0,0.0,0,0,0,0,0.01790110000729328,0.18646979174263834,0.0,0.0,0.0,0.0,1.0484810000270954,10.921677083615577,0.06975429998419713,1.0663821000343887,96,9.673788576615439e-08,9.687181931616884e-08
100,118,139,13344,0.45,0.375,0.0,0,0,0,0,0,0,0.8828426940123527,0.9670194318774185,1.0097166158822053,0.9670194318774185,1.0097166158822053,0,0.0,0,0.0,0.0,0,0,0,0,0.018173799959186,0.1893104162415208,0.0,0.0,0.0,0.0,0.9919706000509905,10.333027083864485,0.06532929995591985,1.0101444000101765,96,2.3534820550730196e-08,4.937885361017136e-08
100,119,140,13440,0.45,0.375,0.0,0,0,0,0,0,0,0.7948520147127401,0.9662871485459757,1.0159835783562756,0.9662871485459757,1.0159835783562756,0,0.0,0,0.0,0.0,0,0,0,0,0.016949399934674148,0.17655624931952238,0.0,0.0,0.0,0.0,0.9593292000354268,9.993012500369028,0.06292069998016814,0.9762785999701009,96,3.776136056621304e-08,9.0234325740568e-08
100,120,141,13536,0.45,0.375,0.0,0,0,0,0,0,0,1.2316140595672473,0.9610539087403296,1.0122767742985637,0.9610539087403296,1.0122767742985637,0,0.0,0,0.0,0.0,0,0,0,0,0.017179300040879752,0.17895104209249743,0.0,0.0,0.0,0.0,0.987610400065023,10.287608334010656,0.06465139997453662,1.0047897001059027,96,9.680438415281267e-08,9.657028579579396e-08
100,121,142,13632,0.45,0.375,0.0,0,0,0,0,0,0,1.3227196515057054,0.959741063719937,1.0121310966578003,0.959741063719937,1.0121310966578003,0,0.0,0,0.0,0.0,0,0,0,0,0.019389000000956003,0.20196875000995837,0.0,0.0,0.0,0.0,1.177547000013874,12.266114583477853,0.07961980002437485,1.19693600001483,96,8.686118427823908e-08,9.695360937700404e-08
100,122,144,13824,0.45,0.375,0.0,0,0,0,0,0,0,0.7991153277090706,0.9672091781994167,1.0159858657403738,0.9672091781994167,1.0159858657403738,0,0.0,0,0.0,0.0,0,0,0,0,0.017158800015749875,0.1787375001640612,0.0,0.0,0.0,0.0,0.9693545999762136,10.097443749752225,0.06329520002327627,0.9865133999919635,96,4.033836722983075e-08,9.8787146657342e-08
100,123,145,13920,0.45,0.375,0.0,0,0,0,0,0,0,1.0335633540015041,0.96515388426198,1.0230409237070108,0.96515388426198,1.0230409237070108,0,0.0,0,0.0,0.0,0,0,0,0,0.017689499982225243,0.1842656248148463,0.0,0.0,0.0,0.0,0.9741136000084225,10.147016666754402,0.06599620002089068,0.9918030999906478,96,4.5159956191254125e-08,8.436866698324774e-08
100,124,146,14016,0.45,0.375,0.0,0,0,0,0,0,0,0.9504256563451438,0.966941294790604,1.027513178368556,0.966941294790604,1.027513178368556,0,0.0,0,0.0,0.0,0,0,0,0,0.019146300037391484,0.1994406253894946,0.0,0.0,0.0,0.0,1.096333700013929,11.420142708478428,0.0704177999868989,1.1154800000513205,96,5.9244390226975696e-08,8.682808257109986e-08
100,125,147,14112,0.45,0.375,0.0,0,0,0,0,0,0,0.8491971798570058,0.9660692333279518,1.0242548417182438,0.9660692333279518,1.0242548417182438,0,0.0,0,0.0,0.0,0,0,0,0,0.018454400000337046,0.19223333333684423,0.0,0.0,0.0,0.0,1.0910852999877534,11.365471874872432,0.07068999999319203,1.1095396999880904,96,3.0754801066956716e-08,7.562988655479552e-08
100,126,148,14208,0.45,0.375,0.0,0,0,0,0,0,0,1.3073166461214285,0.9595515418097287,1.0127369403037245,0.9595515418097287,1.0127369403037245,0,0.0,0,0.0,0.0,0,0,0,0,0.01805039998725988,0.1880249998672904,0.0,0.0,0.0,0.0,1.0531989000664908,10.970821875692613,0.0684069999406347,1.0712493000537506,96,9.199272984865281e-08,9.430527976583836e-08
100,127,150,14400,0.45,0.375,0.0,0,0,0,0,0,0,1.3154308525153087,0.9603649969997228,1.010545597975079,0.9603649969997228,1.010545597975079,0,0.0,0,0.0,0.0,0,0,0,0,0.018145999980333727,0.1890208331284763,0.0,0.0,0.0,0.0,1.0657543001070735,11.101607292782015,0.06986569993023295,1.0839003000874072,96,8.96776352395795e-08,9.612544066284201e-08
100,128,152,14592,0.45,0.375,0.0,0,0,0,0,0,0,1.2386086807186578,0.9620975831118215,1.0125929705546894,0.9620975831118215,1.0125929705546894,0,0.0,0,0.0,0.0,0,0,0,0,0.01860939998732647,0.19384791653465072,0.0,0.0,0.0,0.0,1.1083678999420954,11.54549895773016,0.07245610003883485,1.1269772999294219,96,7.196959197000585e-08,9.854454800783952e-08
100,129,153,14688,0.45,0.375,0.0,0,0,0,0,0,0,0.8661262897842378,0.9670877606320206,1.0105642490965632,0.9670877606320206,1.0105642490965632,0,0.0,0,0.0,0.0,0,0,0,0,0.01744450003025122,0.18171354198178355,0.0,0.0,0.0,0.0,1.0215292999782832,10.640930208107116,0.06712830000469694,1.0389738000085345,96,2.216370080521113e-08,7.945494040484391e-08
100,130,154,14784,0.45,0.375,0.0,0,0,0,0,0,0,0.6786130515930028,0.9688021140656793,1.0076895567006774,0.9688021140656793,1.0076895567006774,0,0.0,0,0.0,0.0,0,0,0,0,0.018014999957813416,0.1876562495605564,0.0,0.0,0.0,0.0,1.0136961999887717,10.559335416549706,0.06666200002655387,1.0317111999465851,96,1.2012320196701232e-08,1.3755756186895063e-08
100,131,155,14880,0.45,0.375,0.0,0,0,0,0,0,0,0.7004842642205428,0.9675627057380086,1.0100902757535166,0.9675627057380086,1.0100902757535166,0,0.0,0,0.0,0.0,0,0,0,0,0.01783709999290295,0.1858031249260724,0.0,0.0,0.0,0.0,1.0181889000232331,10.606134375242013,0.06862509999336908,1.036026000016136,96,1.8238317418817207e-08,5.732128140201187e-08
100,132,156,14976,0.45,0.375,0.0,0,0,0,0,0,0,1.303933991692717,0.9603365260019004,1.0049813756193697,0.9603365260019004,1.0049813756193697,0,0.0,0,0.0,0.0,0,0,0,0,0.020089300036488567,0.2092635420467559,0.0,0.0,0.0,0.0,1.1954579999583075,12.452687499565704,0.07927949998702388,1.215547299994796,96,9.063775058618107e-08,9.803851834522259e-08
100,133,157,15072,0.45,0.375,0.0,0,0,0,0,0,0,1.3600242125793103,0.9594184294020888,1.008700164785224,0.9594184294020888,1.008700164785224,0,0.0,0,0.0,0.0,0,0,0,0,0.019053299984079786,0.19847187483416442,0.0,0.0,0.0,0.0,1.1043477000202984,11.503621875211442,0.07192999999824679,1.1234010000043781,96,9.879709653680402e-08,9.463330334635867e-08
100,134,158,15168,0.45,0.375,0.0,0,0,0,0,0,0,1.2621068436856961,0.9611063724672546,1.0103408690526539,0.9611063724672546,1.0103408690526539,0,0.0,0,0.0,0.0,0,0,0,0,0.019102099977317266,0.19898020809705486,0.0,0.0,0.0,0.0,1.175887099969259,12.248823958013114,0.07736829999339534,1.1949891999465763,96,9.959213058408078e-08,9.379139687126781e-08
100,135,159,15264,0.45,0.375,0.0,0,0,0,0,0,0,1.2589183997470785,0.9611694462890961,1.0084815155165125,0.9611694462890961,1.0084815155165125,0,0.0,0,0.0,0.0,0,0,0,0,0.018658899993170053,0.19436354159552138,0.0,0.0,0.0,0.0,1.082139299949631,11.272284374475324,0.07027630002994556,1.1007981999428011,96,8.004955908205713e-08,9.029058785359201e-08
100,136,160,15360,0.45,0.375,0.0,0,0,0,0,0,0,0.9044518419061511,0.967341010143786,1.018844234610788,0.967341010143786,1.018844234610788,0,0.0,0,0.0,0.0,0,0,0,0,0.017826699993747752,0.1856947916015391,0.0,0.0,0.0,0.0,1.04262589996506,10.860686457969374,0.06980900001508417,1.0604525999588077,96,2.5953815069312824e-08,9.11177703601107e-08
100,137,161,15456,0.45,0.375,0.0,0,0,0,0,0,0,0.88387288152424,0.9660495786067532,1.0271691431634131,0.9660495786067532,1.0271691431634131,0,0.0,0,0.0,0.0,0,0,0,0,0.020817099961277563,0.21684479126330794,0.0,0.0,0.0,0.0,1.267629299982218,13.204471874814772,0.08421020000241697,1.2884463999434956,96,4.437797615497452e-08,9.297970245299159e-08
100,138,162,15552,0.45,0.375,0.0,0,0,0,0,0,0,1.323085891520457,0.959786144129791,1.0090878475864757,0.959786144129791,1.0090878475864757,0,0.0,0,0.0,0.0,0,0,0,0,0.01840869998704875,0.1917572915317578,0.0,0.0,0.0,0.0,1.0720638000202598,11.16733125021104,0.0697495999847888,1.0904725000073086,96,9.450689405533785e-08,8.807663383347819e-08
100,139,163,15648,0.45,0.375,0.0,0,0,0,0,0,0,1.3124648225578546,0.9605738396467579,1.0086731285969164,0.9605738396467579,1.0086731285969164,0,0.0,0,0.0,0.0,0,0,0,0,0.022125999959826004,0.23047916624818754,0.0,0.0,0.0,0.0,1.315383200024371,13.701908333587198,0.0856940000448958,1.337509199984197,96,9.631299238178903e-08,9.921649890554107e-08
100,140,165,15840,0.45,0.375,0.0,0,0,0,0,0,0,1.0255849441680103,0.9648412422473394,1.0205828595219146,0.9648412422473394,1.0205828595219146,0,0.0,0,0.0,0.0,0,0,0,0,0.01886929997272091,0.19655520804917614,0.0,0.0,0.0,0.0,1.1221255999844288,11.688808333171133,0.07468850001168903,1.1409948999571498,96,4.075268785624919e-08,9.587370586663924e-08
100,141,166,15936,0.45,0.375,0.0,0,0,0,0,0,0,1.136099610582023,0.9629400583025756,1.0086688660824212,0.9629400583025756,1.0086688660824212,0,0.0,0,0.0,0.0,0,0,0,0,0.0188982999388827,0.19685729103002814,0.0,0.0,0.0,0.0,1.1066885000182083,11.528005208523004,0.0693124999961583,1.125586799957091,96,5.4109323384746166e-08,6.234194424581396e-08
100,142,168,16128,0.45,0.375,0.0,0,0,0,0,0,0,0.8417746649190706,0.9662266560102998,1.0240876834960706,0.9662266560102998,1.0240876834960706,0,0.0,0,0.0,0.0,0,0,0,0,0.01910999998654006,0.1990624998597923,0.0,0.0,0.0,0.0,1.0820274999787216,11.271119791445017,0.07105450000381097,1.1011374999652617,96,3.973932752310283e-08,9.39375614187471e-08
100,143,169,16224,0.45,0.375,0.0,0,0,0,0,0,0,1.3020519475254004,0.9599381414442638,1.015494842807456,0.9599381414442638,1.015494842807456,0,0.0,0,0.0,0.0,0,0,0,0,0.019773300031374674,0.20597187532681951,0.0,0.0,0.0,0.0,1.1693639999866718,12.180874999861166,0.07406729999638628,1.1891373000180465,96,9.723218352859775e-08,9.533101103659236e-08
100,144,170,16320,0.45,0.375,0.0,0,0,0,0,0,0,1.3680593498847677,0.9597824559808446,1.0125763945145878,0.9597824559808446,1.0125763945145878,0,0.0,0,0.0,0.0,0,0,0,0,0.021624199995130766,0.22525208328261215,0.0,0.0,0.0,0.0,1.319556799971906,13.745383333040687,0.08736789999966277,1.3411809999670368,96,9.55205421877825e-08,9.922896289371597e-08
100,145,171,16416,0.45,0.375,0.0,0,0,0,0,0,0,1.3454671141752654,0.9604454293766953,1.0127045034983606,0.9604454293766953,1.0127045034983606,0,0.0,0,0.0,0.0,0,0,0,0,0.02311850002297433,0.24081770857264928,0.0,0.0,0.0,0.0,1.4016015998786315,14.600016665402412,0.09208860005310271,1.4247200999016059,96,9.693399481529308e-08,9.440351497053134e-08
100,146,172,16512,0.45,0.375,0.0,0,0,0,0,0,0,1.4310303652366843,0.9584523835618981,1.0113589048968856,0.9584523835618981,1.0113589048968856,0,0.0,0,0.0,0.0,0,0,0,0,0.019946699976571836,0.2077781247559566,0.0,0.0,0.0,0.0,1.1403156999731436,11.878288541386913,0.07376150001800852,1.1602623999497155,96,9.457800073491007e-08,9.538455240931665e-08
100,147,174,16704,0.45,0.375,0.0,0,0,0,0,0,0,0.9479937373935456,0.9664600849219172,1.0102650556654553,0.9664600849219172,1.0102650556654553,0,0.0,0,0.0,0.0,0,0,0,0,0.01995300000271527,0.20784375002828406,0.0,0.0,0.0,0.0,1.1499562000462902,11.978710417148855,0.07472169999527978,1.1699092000490054,96,2.7957175619680585e-08,6.642404095508203e-08
100,148,176,16896,0.45,0.375,0.0,0,0,0,0,0,0,1.2764933358002475,0.96120413091006,1.0102340135855548,0.96120413091006,1.0102340135855548,0,0.0,0,0.0,0.0,0,0,0,0,0.019851600016409066,0.20678750017092776,0.0,0.0,0.0,0.0,1.1619282999599818,12.103419791249811,0.07711750002636109,1.1817798999763909,96,8.995474326360664e-08,8.945516827285616e-08
100,149,177,16992,0.45,0.375,0.0,0,0,0,0,0,0,1.3519158174174335,0.9600994529793512,1.0078694770958487,0.9600994529793512,1.0078694770958487,0,0.0,0,0.0,0.0,0,0,0,0,0.020294399961130694,0.21139999959511138,0.0,0.0,0.0,0.0,1.2229501000110758,12.73906354178204,0.07929240000521531,1.2432444999722065,96,9.433861919948272e-08,9.57812060914387e-08
100,150,178,17088,0.45,0.375,0.0,0,0,0,0,0,0,1.375678011707743,0.95983791922727,1.0067647477521875,0.95983791922727,1.0067647477521875,0,0.0,0,0.0,0.0,0,0,0,0,0.020466100082558114,0.213188542526647,0.0,0.0,0.0,0.0,1.2494241999665974,13.014835416318723,0.08172250000643544,1.2698903000491555,96,9.494045364547704e-08,9.980601053949378e-08
100,151,180,17280,0.45,0.375,0.0,0,0,0,0,0,0,1.3215500589394777,0.9594887419611157,1.0075567894776631,0.9594887419611157,1.0075567894776631,0,0.0,0,0.0,0.0,0,0,0,0,0.021130300025106408,0.22010729192819176,0.0,0.0,0.0,0.0,1.2591585999762174,13.116235416418931,0.08194349998666439,1.2802889000013238,96,8.717141019437546e-08,9.812728234137591e-08
100,152,181,17376,0.45,0.375,0.0,0,0,0,0,0,0,0.933132344491501,0.966860186871841,1.0053400610671597,0.966860186871841,1.0053400610671597,0,0.0,0,0.0,0.0,0,0,0,0,0.025076999962038826,0.2612187496045711,0.0,0.0,0.0,0.0,1.4794210000472958,15.410635417159332,0.09612899999774527,1.5044980000093346,96,2.6778220144768605e-08,3.0548932966611986e-08
100,153,183,17568,0.45,0.375,0.0,0,0,0,0,0,0,1.2378315030448537,0.9608674003600448,1.0114967918748305,0.9608674003600448,1.0114967918748305,0,0.0,0,0.0,0.0,0,0,0,0,0.02346400000533322,0.244416666722221,0.0,0.0,0.0,0.0,1.350445599986415,14.067141666525155,0.08641270001680823,1.373909599991748,96,8.529531469146645e-08,9.446280445357669e-08
100,154,184,17664,0.45,0.375,0.0,0,0,0,0,0,0,1.3032366951467893,0.9607802319024187,1.0102220897339593,0.9607802319024187,1.0102220897339593,0,0.0,0,0.0,0.0,0,0,0,0,0.023780500028806273,0.247713541966732,0.0,0.0,0.0,0.0,1.3180724999619997,13.729921874604164,0.0874332000312279,1.341852999990806,96,9.80252019139316e-08,9.603388480272645e-08
100,155,185,17760,0.45,0.375,0.0,0,0,0,0,0,0,1.3383694738890966,0.9603765805780837,1.0117729355746754,0.9603765805780837,1.0117729355746754,0,0.0,0,0.0,0.0,0,0,0,0,0.023377700039418414,0.24351770874394182,0.0,0.0,0.0,0.0,1.3843572999394382,14.420388541035814,0.09231130007538013,1.4077349999788566,96,9.993278662044636e-08,9.992135598102525e-08
100,156,187,17952,0.45,0.375,0.0,0,0,0,0,0,0,1.3557935954465825,0.9592598894945912,1.0104145705845056,0.9592598894945912,1.0104145705845056,0,0.0,0,0.0,0.0,0,0,0,0,0.02307549995748559,0.24036979122380822,0.0,0.0,0.0,0.0,1.3500359999452485,14.062874999429672,0.08890640003664885,1.373111499902734,96,8.862548643746859e-08,9.981863745289754e-08
100,157,188,18048,0.45,0.375,0.0,0,0,0,0,0,0,0.9432458452909414,0.9667031101506964,1.0111771672386567,0.9667031101506964,1.0111771672386567,0,0.0,0,0.0,0.0,0,0,0,0,0.02185360001749359,0.22764166684889156,0.0,0.0,0.0,0.0,1.286167399979604,13.397577083120874,0.0837957000330789,1.3080209999970975,96,2.601373338961821e-08,9.525970219234625e-08
100,158,189,18144,0.45,0.375,0.0,0,0,0,0,0,0,0.825149426730877,0.9661751986193269,1.0172486238567,0.9661751986193269,1.0172486238567,0,0.0,0,0.0,0.0,0,0,0,0,0.022619599978497718,0.23562083310935122,0.0,0.0,0.0,0.0,1.300683899964497,13.548790624630177,0.08416770002804697,1.3233034999429947,96,3.4903738649338933e-08,9.689271140631006e-08
100,159,190,18240,0.45,0.375,0.0,0,0,0,0,0,0,1.4098421309285052,0.9589221628570371,1.0066813759515787,0.9589221628570371,1.0066813759515787,0,0.0,0,0.0,0.0,0,0,0,0,0.022432699966884684,0.2336739579883821,0.0,0.0,0.0,0.0,1.346007299987832,14.02090937487325,0.0875452000182122,1.3684399999547168,96,9.748224469828537e-08,9.895572083973292e-08
100,160,191,18336,0.45,0.375,0.0,0,0,0,0,0,0,1.3867382121151053,0.9593461182501896,1.0082963236564904,0.9593461182501896,1.0082963236564904,0,0.0,0,0.0,0.0,0,0,0,0,0.021060599989141338,0.21938124988688892,0.0,0.0,0.0,0.0,1.2025154999719234,12.526203124707536,0.0789099000103306,1.2235760999610648,96,9.874916361181374e-08,9.8852254715176e-08
100,161,192,18432,0.45,0.375,0.0,0,0,0,0,0,0,1.538077826498363,0.9572924164063064,1.00190599843505,0.9572924164063064,1.00190599843505,0,0.0,0,0.0,0.0,0,0,0,0,0.023839399982534815,0.24832708315140434,0.0,0.0,0.0,0.0,1.4122916999986046,14.711371874985465,0.0923771000088891,1.4361310999811394,96,9.796001218531636e-08,9.913966286800857e-08
100,162,193,18528,0.45,0.375,0.0,0,0,0,0,0,0,1.2925641299679123,0.9611840275829506,1.0113464255796816,0.9611840275829506,1.0113464255796816,0,0.0,0,0.0,0.0,0,0,0,0,0.02222820002498338,0.23154375026024354,0.0,0.0,0.0,0.0,1.306424199938192,13.608585416022834,0.08365180004329886,1.3286523999631754,96,9.201240064142524e-08,9.781292786142926e-08
100,163,194,18624,0.45,0.375,0.0,0,0,0,0,0,0,1.2862102656122618,0.9608417589743056,1.0077262121247685,0.9608417589743056,1.0077262121247685,0,0.0,0,0.0,0.0,0,0,0,0,0.021368799993069842,0.22259166659447752,0.0,0.0,0.0,0.0,1.1791566000465536,12.282881250484934,0.07880359995760955,1.2005254000396235,96,7.52791061951752e-08,8.367281610632826e-08
100,164,195,18720,0.45,0.375,0.0,0,0,0,0,0,0,0.8652350809953484,0.9674783889599546,1.0084213372066742,0.9674783889599546,1.0084213372066742,0,0.0,0,0.0,0.0,0,0,0,0,0.02349580000009155,0.2447479166676203,0.0,0.0,0.0,0.0,1.4437641000404255,15.0392093754211,0.09550809995562304,1.467259900040517,96,1.9655608898307142e-08,2.2154289028297747e-08
100,165,196,18816,0.45,0.375,0.0,0,0,0,0,0,0,0.7665866500288598,0.966497613936256,1.0090274727072615,0.966497613936256,1.0090274727072615,0,0.0,0,0.0,0.0,0,0,0,0,0.022007200022926554,0.22924166690548495,0.0,0.0,0.0,0.0,1.372237200026575,14.294137500276824,0.08848199995554751,1.3942444000495016,96,2.4634217873041597e-08,3.020138396314653e-08
100,166,197,18912,0.45,0.375,0.0,0,0,0,0,0,0,1.2501076956214452,0.9611615134713476,1.009490021846463,0.9611615134713476,1.009490021846463,0,0.0,0,0.0,0.0,0,0,0,0,0.022771100033423863,0.23719895868149857,0.0,0.0,0.0,0.0,1.4282618999350234,14.877728124323161,0.09461430003284477,1.4510329999684473,96,9.226124439952466e-08,9.169575529432983e-08
100,167,198,19008,0.45,0.375,0.0,0,0,0,0,0,0,1.3210687529647143,0.960529173870179,1.0125847551205,0.960529173870179,1.0125847551205,0,0.0,0,0.0,0.0,0,0,0,0,0.02081559998623561,0.21682916652328763,0.0,0.0,0.0,0.0,1.2287641999791958,12.799627083116624,0.08049050001864089,1.2495797999654314,96,9.630708890963346e-08,9.455684971126921e-08
100,168,199,19104,0.45,0.375,0.0,0,0,0,0,0,0,1.368189073640325,0.9599243607343262,1.0131656252733336,0.9599243607343262,1.0131656252733336,0,0.0,0,0.0,0.0,0,0,0,0,0.022286799998255447,0.23215416664849423,0.0,0.0,0.0,0.0,1.3207541000156198,13.75785520849604,0.08516950000193901,1.3430409000138752,96,9.694052342107407e-08,9.30326703174611e-08
100,169,200,19200,0.45,0.375,0.0,0,0,0,0,0,0,1.3610328871753743,0.9604254948549259,1.0060127580954494,0.9604254948549259,1.0060127580954494,0,0.0,0,0.0,0.0,0,0,0,0,0.02236420002009254,0.23296041687596394,0.0,0.0,0.0,0.0,1.388919499986514,14.467911458192853,0.09036809999088291,1.4112837000066065,96,9.520342557703398e-08,9.977903385471887e-08
100,170,202,19392,0.45,0.375,0.0,0,0,0,0,0,0,0.9017978884884305,0.9671183205746987,1.010080633070745,0.9671183205746987,1.010080633070745,0,0.0,0,0.0,0.0,0,0,0,0,0.02296080000087386,0.23917500000910272,0.0,0.0,0.0,0.0,1.4784929000088596,15.40096770842562,0.09832849999656901,1.5014537000097334,96,2.2405674360119476e-08,5.98740696605704e-08
100,171,203,19488,0.45,0.375,0.0,0,0,0,0,0,0,0.7517433385424289,0.9668560762123446,1.0087036302498802,0.9668560762123446,1.0087036302498802,0,0.0,0,0.0,0.0,0,0,0,0,0.022305399914330337,0.23234791577427436,0.0,0.0,0.0,0.0,1.4141973000223516,14.731221875232828,0.09390110000094865,1.436502699936682,96,2.2656440122441335e-08,2.5933272404521368e-08
100,172,204,19584,0.45,0.375,0.0,0,0,0,0,0,0,1.3183611754898272,0.9606590000511068,1.0030417353543029,0.9606590000511068,1.0030417353543029,0,0.0,0,0.0,0.0,0,0,0,0,0.021319799969205633,0.22208124967922535,0.0,0.0,0.0,0.0,1.311614300000656,13.662648958340165,0.08620229998632567,1.3329340999698616,96,9.696705862306115e-08,9.974132381129763e-08
100,173,205,19680,0.45,0.375,0.0,0,0,0,0,0,0,1.500941485089394,0.9581888871947687,1.0020417264372081,0.9581888871947687,1.0020417264372081,0,0.0,0,0.0,0.0,0,0,0,0,0.023201399948447943,0.2416812494629994,0.0,0.0,0.0,0.0,1.4265401000302518,14.859792708648456,0.0932854999700794,1.4497414999786997,96,8.984707797199398e-08,9.93114892405833e-08
100,174,206,19776,0.45,0.375,0.0,0,0,0,0,0,0,1.456863393860379,0.958468984752369,1.0023000100867039,0.958468984752369,1.0023000100867039,0,0.0,0,0.0,0.0,0,0,0,0,0.021167600025364663,0.22049583359754857,0.0,0.0,0.0,0.0,1.3326517999375938,13.881789582683268,0.0891376000654418,1.3538193999629584,96,9.610851330055237e-08,9.877404054392525e-08
100,175,207,19872,0.45,0.375,0.0,0,0,0,0,0,0,1.3924386764546686,0.9594803903684987,1.0036189957098218,0.9594803903684987,1.0036189957098218,0,0.0,0,0.0,0.0,0,0,0,0,0.023578899948915932,0.24561354113454098,0.0,0.0,0.0,0.0,1.4988199999788776,15.612708333113309,0.09927029997197678,1.5223988999277935,96,9.248743688440586e-08,9.866729940022356e-08
100,176,208,19968,0.45,0.375,0.0,0,0,0,0,0,0,1.186773657681245,0.9622267903775147,1.0080291297058426,0.9622267903775147,1.0080291297058426,0,0.0,0,0.0,0.0,0,0,0,0,0.020896500012895558,0.21767187513432873,0.0,0.0,0.0,0.0,1.2072916000688565,12.575954167383921,0.07896689993503969,1.228188100081752,96,5.982992741862536e-08,6.654460260602235e-08
100,177,210,20160,0.45,0.375,0.0,0,0,0,0,0,0,0.795108026790925,0.966630416714091,1.0183762180005878,0.966630416714091,1.0183762180005878,0,0.0,0,0.0,0.0,0,0,0,0,0.02010640005028108,0.20944166719042792,0.0,0.0,0.0,0.0,1.1607043000403792,12.090669792087283,0.075797599980433,1.1808107000906602,96,3.637914899878858e-08,9.536405961782513e-08
100,178,211,20256,0.45,0.375,0.0,0,0,0,0,0,0,1.2121929905094058,0.9613453919619195,1.0107909105157207,0.9613453919619195,1.0107909105157207,0,0.0,0,0.0,0.0,0,0,0,0,0.022165899979881942,0.23089479145710357,0.0,0.0,0.0,0.0,1.3572980999742867,14.138521874732154,0.08680469998944318,1.3794639999541687,96,9.191670239175331e-08,9.891680884110965e-08
100,179,212,20352,0.45,0.375,0.0,0,0,0,0,0,0,1.3042142955729277,0.9602219746250007,1.0097351278405209,0.9602219746250007,1.0097351278405209,0,0.0,0,0.0,0.0,0,0,0,0,0.020360299982712604,0.2120864581532563,0.0,0.0,0.0,0.0,1.2113507000831305,12.618236459199276,0.08042709995788755,1.231711000065843,96,9.597161431014467e-08,8.87102701713216e-08
100,180,213,20448,0.45,0.375,0.0,0,0,0,0,0,0,1.2888080792219163,0.9609388300762374,1.0093782557275879,0.9609388300762374,1.0093782557275879,0,0.0,0,0.0,0.0,0,0,0,0,0.02263069998298306,0.23573645815607355,0.0,0.0,0.0,0.0,1.3679675999301253,14.249662499272139,0.08837710002262611,1.3905982999131083,96,9.927634454960643e-08,9.804700010218603e-08
100,181,214,20544,0.45,0.375,0.0,0,0,0,0,0,0,1.3885879197280344,0.959374492457852,1.0056840298917546,0.959374492457852,1.0056840298917546,0,0.0,0,0.0,0.0,0,0,0,0,0.022471300027973484,0.23407604195805712,0.0,0.0,0.0,0.0,1.393776699937007,14.518507291010488,0.09048570005688816,1.4162479999649804,96,9.910067512268472e-08,9.908457103413593e-08
100,182,215,20640,0.45,0.375,0.0,0,0,0,0,0,0,1.26447514367241,0.9604432858793138,1.0075962001793775,0.9604432858793138,1.0075962001793775,0,0.0,0,0.0,0.0,0,0,0,0,0.022017800030880608,0.22935208365500634,0.0,0.0,0.0,0.0,1.303075899988471,13.573707291546574,0.08529650000127731,1.3250937000193517,96,7.992902912451472e-08,9.07901719776616e-08
100,183,218,20928,0.45,0.375,0.0,0,0,0,0,0,0,1.1741524301866693,0.9618905010229722,1.014829019163949,0.9618905010229722,1.014829019163949,0,0.0,0,0.0,0.0,0,0,0,0,0.01995720001286827,0.20788750013404447,0.0,0.0,0.0,0.0,1.156099300038477,12.042701042067469,0.07514909993187757,1.1760565000513452,96,8.431094982754017e-08,9.376252198267654e-08
100,184,220,21120,0.45,0.375,0.0,0,0,0,0,0,0,1.2919589718199127,0.9608132364039079,1.0106188257087974,0.9608132364039079,1.0106188257087974,0,0.0,0,0.0,0.0,0,0,0,0,0.022654899992630817,0.23598854158990434,0.0,0.0,0.0,0.0,1.43073060005554,14.90344375057854,0.09374369995202869,1.4533855000481708,96,9.722044821101894e-08,9.984643917215763e-08
100,185,221,21216,0.45,0.375,0.0,0,0,0,0,0,0,1.4439371632215403,0.9599559203350578,1.001965294303587,0.9599559203350578,1.001965294303587,0,0.0,0,0.0,0.0,0,0,0,0,0.019946299988077953,0.20777395820914535,0.0,0.0,0.0,0.0,1.174160100017616,12.2308343751835,0.07574159999057883,1.194106400005694,96,9.906896606889926e-08,9.624389549212076e-08
100,186,222,21312,0.45,0.375,0.0,0,0,0,0,0,0,1.4886074711471409,0.9580178541712643,1.0,0.9580178541712643,1.0,0,0.0,0,0.0,0.0,0,0,0,0,0.021206699988397304,0.22090312487913857,0.0,0.0,0.0,0.0,1.2307020000152988,12.819812500159363,0.07981159998598741,1.2519087000036961,96,9.639869657726563e-08,9.834549861975628e-08
100,187,223,21408,0.45,0.375,0.0,0,0,0,0,0,0,0.8945728331723054,0.9670460730060519,1.0038939618051297,0.9670460730060519,1.0038939618051297,0,0.0,0,0.0,0.0,0,0,0,0,0.021805500022310298,0.22714062523239895,0.0,0.0,0.0,0.0,1.3636679999835906,14.204874999829068,0.08934230001614196,1.3854735000059009,96,2.3230123436836225e-08,2.655971373388688e-08
100,188,224,21504,0.45,0.375,0.0,0,0,0,0,0,0,0.7147386104573926,0.9671561561141816,1.008946534934947,0.9671561561141816,1.008946534934947,0,0.0,0,0.0,0.0,0,0,0,0,0.02242890005436493,0.23363437556630137,0.0,0.0,0.0,0.0,1.403140300011728,14.616044791788832,0.09209109995572362,1.425569200066093,96,2.0699825803091598e-08,2.7879645710104928e-08
100,189,225,21600,0.45,0.375,0.0,0,0,0,0,0,0,1.1449780836857006,0.9622733555729952,1.0137754673515547,0.9622733555729952,1.0137754673515547,0,0.0,0,0.0,0.0,0,0,0,0,0.023371200019028038,0.24345000019820873,0.0,0.0,0.0,0.0,1.4069823000172619,14.656065625179812,0.09249009998893598,1.43035350003629,96,7.507615189250583e-08,9.629192929128116e-08
100,190,226,21696,0.45,0.375,0.0,0,0,0,0,0,0,1.2023340486279557,0.9615730703789241,1.0111348988514481,0.9615730703789241,1.0111348988514481,0,0.0,0,0.0,0.0,0,0,0,0,0.022031899985449854,0.22949895818176932,0.0,0.0,0.0,0.0,1.374604500051646,14.318796875537979,0.08969829996931367,1.3966364000370959,96,9.076247404690707e-08,9.84449045893232e-08
100,191,227,21792,0.45,0.375,0.0,0,0,0,0,0,0,1.2957534147070566,0.9601084323169801,1.0094820952909802,0.9601084323169801,1.0094820952909802,0,0.0,0,0.0,0.0,0,0,0,0,0.02185479997569928,0.22765416641353417,0.0,0.0,0.0,0.0,1.3393939000307,13.952019791986459,0.08754009995027445,1.3612487000063993,96,9.92470346444091e-08,9.876518894391673e-08
100,192,228,21888,0.45,0.375,0.0,0,0,0,0,0,0,1.3309932605057366,0.9598106493082988,1.0085162284797478,0.9598106493082988,1.0085162284797478,0,0.0,0,0.0,0.0,0,0,0,0,0.021729000021878164,0.22634375022789754,0.0,0.0,0.0,0.0,1.3570980000076815,14.136437500080016,0.08946100001048762,1.3788270000295597,96,9.085339749623222e-08,9.22913920287094e-08
100,193,229,21984,0.45,0.375,0.0,0,0,0,0,0,0,1.3065917842058432,0.9606362358801495,1.0070217489423892,0.9606362358801495,1.0070217489423892,0,0.0,0,0.0,0.0,0,0,0,0,0.01933439999993425,0.2013999999993151,0.0,0.0,0.0,0.0,1.1238135000166949,11.706390625173904,0.07255430002260255,1.1431479000166291,96,9.933689526335499e-08,9.257828406661339e-08
100,194,230,22080,0.45,0.375,0.0,0,0,0,0,0,0,0.8676018410286456,0.966938124314186,1.0092489073937623,0.966938124314186,1.0092489073937623,0,0.0,0,0.0,0.0,0,0,0,0,0.021657499979482964,0.2255989581196142,0.0,0.0,0.0,0.0,1.3457321999812848,14.01804374980505,0.08859769999253331,1.3673896999607678,96,2.3460480971099207e-08,3.540221915968034e-08
100,195,231,22176,0.45,0.375,0.0,0,0,0,0,0,0,0.7481437293679714,0.9666362647503225,1.0102261237298358,0.9666362647503225,1.0102261237298358,0,0.0,0,0.0,0.0,0,0,0,0,0.021214999978838023,0.22098958311289607,0.0,0.0,0.0,0.0,1.2794291999089182,13.327387499051232,0.08519470004102914,1.3006441998877563,96,2.3855707517901614e-08,6.30074149798876e-08
100,196,232,22272,0.45,0.375,0.0,0,0,0,0,0,0,1.2162192203359583,0.9612941654687988,1.0091124889461571,0.9612941654687988,1.0091124889461571,0,0.0,0,0.0,0.0,0,0,0,0,0.021130499997525476,0.2201093749742237,0.0,0.0,0.0,0.0,1.269271899938758,13.22158229102873,0.08300080005574273,1.2904023999362835,96,9.315463720717398e-08,9.07537964917049e-08
100,197,235,22560,0.45,0.375,0.0,0,0,0,0,0,0,1.322596232585942,0.9603834015524538,1.0085052784916642,0.9603834015524538,1.0085052784916642,0,0.0,0,0.0,0.0,0,0,0,0,0.02216859998588916,0.23092291651967875,0.0,0.0,0.0,0.0,1.3604393000496202,14.17124270885021,0.08848969993414357,1.3826079000355094,96,9.529616198586388e-08,9.32046770318884e-08
100,198,236,22656,0.45,0.375,0.0,0,0,0,0,0,0,1.259003524199199,0.960895719058562,1.0113694543795742,0.960895719058562,1.0113694543795742,0,0.0,0,0.0,0.0,0,0,0,0,0.019559500011382625,0.20374479178523566,0.0,0.0,0.0,0.0,1.121714999921096,11.684531249178084,0.07431940004607895,1.1412744999324786,96,9.606328892942939e-08,9.261118025238879e-08
100,199,237,22752,0.45,0.375,0.0,0,0,0,0,0,0,0.8895706231523041,0.966195044841964,1.0106870882160055,0.966195044841964,1.0106870882160055,0,0.0,0,0.0,0.0,0,0,0,0,0.023633200027688872,0.2461791669550924,0.0,0.0,0.0,0.0,1.4041922000178602,14.627002083519377,0.092653399988194,1.427825400045549,96,2.6442824145600508e-08,8.265797995718471e-08
100,200,238,22848,0.45,0.375,0.0,0,0,0,0,0,0,0.7704563321298007,0.9663497089565608,1.0101857000047003,0.9663497089565608,1.0101857000047003,0,0.0,0,0.0,0.0,0,0,0,0,0.022236699987843167,0.23163229154003298,0.0,0.0,0.0,0.0,1.3774866999519872,14.348819791166534,0.08900070000527194,1.3997233999398304,96,2.5512119751838758e-08,6.070222349947862e-08
100,201,239,22944,0.45,0.375,0.0,0,0,0,0,0,0,1.258506725363342,0.960455396164511,1.0114296261267373,0.960455396164511,1.0114296261267373,0,0.0,0,0.0,0.0,0,0,0,0,0.022002600038831588,0.22919375040449572,0.0,0.0,0.0,0.0,1.3329544000152964,13.884941666826004,0.08551650001027156,1.354957000054128,96,9.388511110902664e-08,9.738754074006817e-08
100,202,240,23040,0.45,0.375,0.0,0,0,0,0,0,0,1.3411580600413588,0.9597982135314369,1.0127786153846543,0.9597982135314369,1.0127786153846543,0,0.0,0,0.0,0.0,0,0,0,0,0.022161900022183545,0.2308531252310786,0.0,0.0,0.0,0.0,1.4591056000062963,15.199016666732254,0.0951786000005086,1.4812675000284798,96,8.878965558449525e-08,9.835835625138234e-08
100,203,241,23136,0.45,0.375,0.0,0,0,0,0,0,0,1.3869397383742736,0.9594387818199754,1.009395742783947,0.9594387818199754,1.009395742783947,0,0.0,0,0.0,0.0,0,0,0,0,0.0210462000395637,0.21923125041212188,0.0,0.0,0.0,0.0,1.2953449000196997,13.493176041871871,0.08670090001396602,1.3163911000592634,96,9.727663296404954e-08,9.576978834968664e-08
100,204,243,23328,0.45,0.375,0.0,0,0,0,0,0,0,1.3402519572425666,0.9597947606737662,1.0029586534312591,0.9597947606737662,1.0029586534312591,0,0.0,0,0.0,0.0,0,0,0,0,0.021447299994179048,0.22340937493936508,0.0,0.0,0.0,0.0,1.3005916999754845,13.547830208077963,0.08338740000181133,1.3220389999696636,96,9.822668587365635e-08,8.913776279595442e-08
100,205,246,23616,0.45,0.375,0.0,0,0,0,0,0,0,1.2662758843746063,0.9599199633137511,1.011520006872185,0.9599199633137511,1.011520006872185,0,0.0,0,0.0,0.0,0,0,0,0,0.02269189997605281,0.23637395808388342,0.0,0.0,0.0,0.0,1.4183411999765667,14.774387499755903,0.09250250000332016,1.4410330999526195,96,8.89787957290139e-08,9.756202259264546e-08
100,206,247,23712,0.45,0.375,0.0,0,0,0,0,0,0,1.3757874096550793,0.959233376787964,1.0091301684365566,0.959233376787964,1.0091301684365566,0,0.0,0,0.0,0.0,0,0,0,0,0.02194650003366405,0.2286093753506672,0.0,0.0,0.0,0.0,1.2841886999667622,13.376965624653772,0.08426500001951354,1.3061352000004263,96,8.585708341328491e-08,9.730507434524416e-08
100,207,248,23808,0.45,0.375,0.0,0,0,0,0,0,0,1.5240272036679603,0.9577141984414522,1.004646313603427,0.9577141984414522,1.004646313603427,0,0.0,0,0.0,0.0,0,0,0,0,0.02204889996937709,0.22967604134767802,0.0,0.0,0.0,0.0,1.3647800000035204,14.216458333370005,0.09118659997329814,1.3868288999728975,96,9.640781628746098e-08,9.578106960339561e-08
100,208,249,23904,0.45,0.375,0.0,0,0,0,0,0,0,1.4147903406082383,0.9590768163342586,1.0045235404450785,0.9590768163342586,1.0045235404450785,0,0.0,0,0.0,0.0,0,0,0,0,0.022247100023378152,0.23174062524352243,0.0,0.0,0.0,0.0,1.417193999972369,14.762437499712178,0.0949718999909237,1.4394410999957472,96,9.67869432429852e-08,9.26746859808425e-08
100,209,250,24000,0.45,0.375,0.0,0,0,0,0,0,0,1.505003779902001,0.9580266465887892,1.002784127105505,0.9580266465887892,1.002784127105505,0,0.0,0,0.0,0.0,0,0,0,0,0.023657299963815603,0.24643020795641252,0.0,0.0,0.0,0.0,1.4279810000007274,14.87480208334091,0.09159180000278866,1.451638299964543,96,9.922707600029668e-08,9.906398930337179e-08
100,210,252,24192,0.45,0.375,0.0,0,0,0,0,0,0,0.8070446734684351,0.9650476919140523,1.0081118554270785,0.9650476919140523,1.0081118554270785,0,0.0,0,0.0,0.0,0,0,0,0,0.021992599955410697,0.2290895828688614,0.0,0.0,0.0,0.0,1.3390253000179655,13.948180208520474,0.08789569998771185,1.3610178999733762,96,3.5930599242423034e-08,4.006437605286184e-08
100,211,253,24288,0.45,0.375,0.0,0,0,0,0,0,0,1.4668848442662477,0.9583009794946794,1.0047121518009154,0.9583009794946794,1.0047121518009154,0,0.0,0,0.0,0.0,0,0,0,0,0.02289989994460484,0.23854062442296708,0.0,0.0,0.0,0.0,1.3674773000384448,14.2445552087338,0.08939919999829726,1.3903771999830496,96,8.8650315812136e-08,9.242682973142902e-08
100,212,254,24384,0.45,0.375,0.0,0,0,0,0,0,0,1.521284315319118,0.9575627557542853,1.0046740076890621,0.9575627557542853,1.0046740076890621,0,0.0,0,0.0,0.0,0,0,0,0,0.02545179998560343,0.2651229165167024,0.0,0.0,0.0,0.0,1.5118992000207072,15.7489500002157,0.09857150001334958,1.5373510000063106,96,9.658081999083801e-08,9.800713983432185e-08
100,213,256,24576,0.45,0.375,0.0,0,0,0,0,0,0,1.7054805190325146,0.9571557602954512,1.0010312751876176,0.9571557602954512,1.0010312751876176,0,0.0,0,0.0,0.0,0,0,0,0,0.02504839994799113,0.26092083279157424,0.0,0.0,0.0,0.0,1.5320689000436687,15.959051042121548,0.09912789997906657,1.5571172999916598,96,9.816697810541286e-08,9.858446198274251e-08
100,214,257,24672,0.45,0.375,0.0,0,0,0,0,0,0,1.4028422820958324,0.9584767382516235,1.006831411152432,0.9584767382516235,1.006831411152432,0,0.0,0,0.0,0.0,0,0,0,0,0.024554200019338168,0.25577291686810594,0.0,0.0,0.0,0.0,1.4925593999505509,15.547493749484905,0.09617719999369001,1.517113599969889,96,9.615653474848163e-08,9.538529424646391e-08
100,215,258,24768,0.45,0.375,0.0,0,0,0,0,0,0,0.9648417476184978,0.9639868144131033,1.0060756094477563,0.9639868144131033,1.0060756094477563,0,0.0,0,0.0,0.0,0,0,0,0,0.02538050002476666,0.2643802085913194,0.0,0.0,0.0,0.0,1.5481272000615718,16.126325000641373,0.10031189995788736,1.5735077000863384,96,4.860481717626486e-08,5.1226788436165016e-08
100,216,259,24864,0.45,0.375,0.0,0,0,0,0,0,0,0.8254893336169042,0.9644828999698143,1.0097427024472174,0.9644828999698143,1.0097427024472174,0,0.0,0,0.0,0.0,0,0,0,0,0.02533860000403365,0.2639437500420172,0.0,0.0,0.0,0.0,1.5468150999950012,16.112657291614596,0.09940669996285578,1.5721536999990349,96,4.240068809079067e-08,4.7364973956853795e-08
100,217,260,24960,0.45,0.375,0.0,0,0,0,0,0,0,1.437014672487393,0.9580657841059964,1.0059374387117808,0.9580657841059964,1.0059374387117808,0,0.0,0,0.0,0.0,0,0,0,0,0.023002900001301896,0.23961354168022808,0.0,0.0,0.0,0.0,1.336724900000263,13.924217708336073,0.08522609999636188,1.359727800001565,96,9.082550884997875e-08,9.210336195109026e-08
100,218,261,25056,0.45,0.375,0.0,0,0,0,0,0,0,1.5144570183788921,0.9576684512588283,1.0047194513411208,0.9576684512588283,1.0047194513411208,0,0.0,0,0.0,0.0,0,0,0,0,0.024504199951479677,0.2552520828279133,0.0,0.0,0.0,0.0,1.462142499978654,15.230651041444313,0.0975912999783759,1.4866466999301338,96,9.450552395338929e-08,9.918203737468989e-08
100,219,262,25152,0.45,0.375,0.0,0,0,0,0,0,0,1.5555491485707615,0.9574277060375003,1.0045728808869763,0.9574277060375003,1.0045728808869763,0,0.0,0,0.0,0.0,0,0,0,0,0.024170899989258032,0.2517802082214378,0.0,0.0,0.0,0.0,1.3956739999775891,14.538270833099887,0.09218580000742804,1.4198448999668472,96,9.824299795554992e-08,9.837678435764552e-08
100,220,263,25248,0.45,0.375,0.0,0,0,0,0,0,0,1.4551275794018834,0.9578550080741086,1.0084926113747033,0.9578550080741086,1.0084926113747033,0,0.0,0,0.0,0.0,0,0,0,0,0.021985399995173793,0.22901458328306035,0.0,0.0,0.0,0.0,1.2602020000413177,13.127104167097059,0.08299389998137485,1.2821874000364915,96,8.985624945501147e-08,9.592872073083125e-08
100,221,264,25344,0.45,0.375,0.0,0,0,0,0,0,0,1.4150802405049834,0.9583924881988889,1.0075534673439428,0.9583924881988889,1.0075534673439428,0,0.0,0,0.0,0.0,0,0,0,0,0.023520000002463348,0.24500000002565986,0.0,0.0,0.0,0.0,1.4565963999048108,15.172879165675113,0.09409110001433874,1.4801163999072742,96,9.777142370888392e-08,9.982287933751888e-08
100,222,265,25440,0.45,0.375,0.0,0,0,0,0,0,0,0.990049102606103,0.9633440935056424,1.0090653649050456,0.9633440935056424,1.0090653649050456,0,0.0,0,0.0,0.0,0,0,0,0,0.02344169997377321,0.24418437472680427,0.0,0.0,0.0,0.0,1.3706780999928014,14.277896874925014,0.08901579998200759,1.3941197999665746,96,6.006655992908672e-08,6.039372488220174e-08
100,223,266,25536,0.45,0.375,0.0,0,0,0,0,0,0,0.8816935788196393,0.9637353643660486,1.0067353706259028,0.9637353643660486,1.0067353706259028,0,0.0,0,0.0,0.0,0,0,0,0,0.023402100028761197,0.2437718752995958,0.0,0.0,0.0,0.0,1.4401017000200227,15.00105937520857,0.09441789996344596,1.4635038000487839,96,5.2181810955564956e-08,5.4278820951769724e-08
100,224,267,25632,0.45,0.375,0.0,0,0,0,0,0,0,1.5190053317071122,0.9574000216323049,1.005109555679395,0.9574000216323049,1.005109555679395,0,0.0,0,0.0,0.0,0,0,0,0,0.02028029999200953,0.21125312491676596,0.0,0.0,0.0,0.0,1.20072710000386,12.507573958373541,0.07738799999060575,1.2210073999958695,96,9.774550045228703e-08,9.263286353256017e-08
100,225,269,25824,0.45,0.375,0.0,0,0,0,0,0,0,1.5588874538572355,0.9567934255322301,1.0072439843805543,0.9567934255322301,1.0072439843805543,0,0.0,0,0.0,0.0,0,0,0,0,0.02136859996971907,0.222589583017907,0.0,0.0,0.0,0.0,1.3014654999642516,13.556932291294288,0.08494730001257267,1.3228340999339707,96,8.893981106282423e-08,9.409247214708927e-08
100,226,270,25920,0.45,0.375,0.0,0,0,0,0,0,0,1.611479926893426,0.9566558202879749,1.004306569194212,0.9566558202879749,1.004306569194212,0,0.0,0,0.0,0.0,0,0,0,0,0.024217799975303933,0.2522687497427493,0.0,0.0,0.0,0.0,1.430720000025758,14.903333333601646,0.09333779997541569,1.454937800001062,96,9.583833750909099e-08,9.759338767678649e-08
100,227,272,26112,0.45,0.375,0.0,0,0,0,0,0,0,1.0498653811203233,0.9628019605786957,1.0063085931025029,0.9628019605786957,1.0063085931025029,0,0.0,0,0.0,0.0,0,0,0,0,0.02215460000297753,0.2307770833643493,0.0,0.0,0.0,0.0,1.3933327999766334,14.51388333308993,0.09188110000104643,1.415487399979611,96,7.369158126595277e-08,7.017243126850037e-08
100,228,273,26208,0.45,0.375,0.0,0,0,0,0,0,0,0.8488489937468204,0.9645238187161871,1.0067479742191572,0.9645238187161871,1.0067479742191572,0,0.0,0,0.0,0.0,0,0,0,0,0.022173299992573448,0.23097187492264007,0.0,0.0,0.0,0.0,1.3197759999384289,13.747666666025301,0.08758490002946928,1.3419492999310023,96,4.2019776191545843e-08,4.541475293051711e-08
100,229,274,26304,0.45,0.375,0.0,0,0,0,0,0,0,1.376678114996476,0.9591150182094057,1.0019869957364125,0.9591150182094057,1.0019869957364125,0,0.0,0,0.0,0.0,0,0,0,0,0.02403490000142483,0.25036354168150865,0.0,0.0,0.0,0.0,1.3669451999812736,14.239012499804934,0.08947930001886562,1.3909800999826984,96,9.196498974243378e-08,9.584490250069688e-08
100,230,275,26400,0.45,0.375,0.0,0,0,0,0,0,0,1.0108010449098352,0.9624752300541033,1.0058755457156254,0.9624752300541033,1.0058755457156254,0,0.0,0,0.0,0.0,0,0,0,0,0.022354800006723963,0.23286250007004128,0.0,0.0,0.0,0.0,1.3127797999841277,13.674789583167998,0.08382489998621168,1.3351345999908517,96,8.20754889573061e-08,7.632093519671646e-08
100,231,276,26496,0.45,0.375,0.0,0,0,0,0,0,0,1.6265560895736066,0.9566408694798556,1.0034428711024561,0.9566408694798556,1.0034428711024561,0,0.0,0,0.0,0.0,0,0,0,0,0.02327569996123202,0.24245520792950023,0.0,0.0,0.0,0.0,1.283090299963078,13.36552395794873,0.08051620003971038,1.30636599992431,96,9.652495859893695e-08,9.49587185966605e-08
100,232,278,26688,0.45,0.375,0.0,0,0,0,0,0,0,1.7058877891173034,0.9566571032451516,1.002356587007447,0.9566571032451516,1.002356587007447,0,0.0,0,0.0,0.0,0,0,0,0,0.022497400008433033,0.23434791675451075,0.0,0.0,0.0,0.0,1.274495299985574,13.275992708183063,0.08357409996824572,1.2969926999940071,96,9.258661454701611e-08,9.76185696860421e-08
100,233,280,26880,0.45,0.375,0.0,0,0,0,0,0,0,0.9796522144666321,0.9626238526568003,1.0036712260654292,0.9626238526568003,1.0036712260654292,0,0.0,0,0.0,0.0,0,0,0,0,0.022333699991577305,0.23264270824559694,0.0,0.0,0.0,0.0,1.3240516000878415,13.792204167581682,0.08618399993429193,1.3463853000794188,96,7.754972408159644e-08,7.320683254041782e-08
100,234,281,26976,0.45,0.375,0.0,0,0,0,0,0,0,1.6951213168204156,0.9559165386708496,1.003333915949829,0.9559165386708496,1.003333915949829,0,0.0,0,0.0,0.0,0,0,0,0,0.02212960001634201,0.23051666683689595,0.0,0.0,0.0,0.0,1.3115984999894863,13.662484374890482,0.08427660002053017,1.3337281000058283,96,9.810317946022662e-08,9.753905856613176e-08
100,235,283,27168,0.45,0.375,0.0,0,0,0,0,0,0,1.8217825725626284,0.9552390353641954,1.0021927047384918,0.9552390353641954,1.0021927047384918,0,0.0,0,0.0,0.0,0,0,0,0,0.021277300016663503,0.2216385418402448,0.0,0.0,0.0,0.0,1.22502650001843,12.760692708525312,0.08158299994101981,1.2463038000350934,96,9.502349376105945e-08,8.69680984172394e-08
100,236,286,27456,0.45,0.375,0.0,0,0,0,0,0,0,1.0836641131326727,0.9617259814612374,1.0088744572260393,0.9617259814612374,1.0088744572260393,0,0.0,0,0.0,0.0,0,0,0,0,0.02199860002292553,0.22915208357214092,0.0,0.0,0.0,0.0,1.2880462999964948,13.41714895829682,0.0857567999701132,1.3100449000194203,96,9.981557945633324e-08,8.813440942334605e-08
100,237,288,27648,0.45,0.375,0.0,0,0,0,0,0,0,1.5534839792568815,0.9561502087016127,1.0086682621089273,0.9561502087016127,1.0086682621089273,0,0.0,0,0.0,0.0,0,0,0,0,0.022209299982932862,0.2313468748222173,0.0,0.0,0.0,0.0,1.2720893000150681,13.250930208490294,0.08204979993024608,1.294298599998001,96,9.516177327043018e-08,9.13638528027283e-08
100,238,290,27840,0.45,0.375,0.0,0,0,0,0,0,0,1.6932080580283375,0.9549791233734264,1.0068569468426494,0.9549791233734264,1.0068569468426494,0,0.0,0,0.0,0.0,0,0,0,0,0.02239319998625433,0.23326249985681594,0.0,0.0,0.0,0.0,1.3201507000048878,13.75156979171758,0.08751550000306452,1.342543899991142,96,9.237962736788341e-08,9.436206968582717e-08
100,239,292,28032,0.45,0.375,0.0,0,0,0,0,0,0,1.7839553747668764,0.9555617806037452,1.0028090416562854,0.9555617806037452,1.0028090416562854,0,0.0,0,0.0,0.0,0,0,0,0,0.021702899990486912,0.22607187490090533,0.0,0.0,0.0,0.0,1.235356800032605,12.868300000339636,0.08006929997645784,1.2570597000230919,96,9.731814592031651e-08,9.680582606363952e-08
100,240,294,28224,0.45,0.375,0.0,0,0,0,0,0,0,1.0488332609319961,0.9621974719828372,1.0021265870470646,0.9621974719828372,1.0021265870470646,0,0.0,0,0.0,0.0,0,0,0,0,0.021778299953439273,0.2268572911816591,0.0,0.0,0.0,0.0,1.2516432999982499,13.037951041648435,0.08209900002111681,1.2734215999516891,96,9.039930711114696e-08,8.185814685812698e-08
100,241,295,28320,0.45,0.375,0.0,0,0,0,0,0,0,1.9489835060100367,0.9551860375572913,1.0,0.9551860375572913,1.0,0,0.0,0,0.0,0.0,0,0,0,0,0.021663599960447755,0.22566249958799744,0.0,0.0,0.0,0.0,1.2043287000633427,12.54509062565982,0.07993259993963875,1.2259923000237904,96,8.852550398459613e-08,7.960572923071396e-08
100,242,297,28512,0.45,0.375,0.0,0,0,0,0,0,0,1.9489852587292211,0.9547143948365161,1.0013645468267431,0.9547143948365161,1.0013645468267431,0,0.0,0,0.0,0.0,0,0,0,0,0.02120739999372745,0.2209104166013276,0.0,0.0,0.0,0.0,1.1831005000058212,12.323963541727304,0.07785420001891907,1.2043078999995487,96,8.484086400431523e-08,7.712910747581514e-08
100,243,298,28608,0.45,0.375,0.0,0,0,0,0,0,0,1.8724807408832203,0.9549531186772874,1.0020549043930418,0.9549531186772874,1.0020549043930418,0,0.0,0,0.0,0.0,0,0,0,0,0.022879300035128836,0.23832604203259203,0.0,0.0,0.0,0.0,1.3097784999481519,13.643526041126583,0.08551900001475587,1.3326577999832807,96,8.982632675874624e-08,9.934250588816695e-08
100,244,300,28800,0.45,0.375,0.0,0,0,0,0,0,0,1.3578542608909843,0.9604823091877995,1.0,0.9604823091877995,1.0,0,0.0,0,0.0,0.0,0,0,0,0,0.022227700013900176,0.23153854181146016,0.0,0.0,0.0,0.0,1.302643299997726,13.569201041642978,0.08488910002051853,1.3248710000116262,96,8.934749882658077e-08,8.275432929194526e-08
100,245,302,28992,0.45,0.375,0.0,0,0,0,0,0,0,1.3887051254353273,0.9583368129918566,1.004727577322957,0.9583368129918566,1.004727577322957,0,0.0,0,0.0,0.0,0,0,0,0,0.024721299960219767,0.25751354125228926,0.0,0.0,0.0,0.0,1.4493116000448936,15.096995833800975,0.0961315999738872,1.4740329000051133,96,9.417804183210754e-08,9.741082794556544e-08
100,246,303,29088,0.45,0.375,0.0,0,0,0,0,0,0,1.113591462651282,0.9620655101295408,1.0037256476717031,0.9620655101295408,1.0037256476717031,0,0.0,0,0.0,0.0,0,0,0,0,0.021080999977129977,0.2195937497617706,0.0,0.0,0.0,0.0,1.1870971000025747,12.365594791693487,0.07689449994359165,1.2081780999797047,96,9.515685741104396e-08,8.523177857933106e-08
100,247,304,29184,0.45,0.375,0.0,0,0,0,0,0,0,1.515683059580299,0.9563594210324413,1.0008988865107065,0.9563594210324413,1.0008988865107065,0,0.0,0,0.0,0.0,0,0,0,0,0.022889599989866838,0.23843333322777957,0.0,0.0,0.0,0.0,1.3046018000750337,13.589602084114935,0.0871753999235807,1.3274914000649005,96,9.118199087269907e-08,9.152901186970652e-08
100,248,305,29280,0.45,0.375,0.0,0,0,0,0,0,0,1.8219780105670147,0.9554702681986624,1.0026184072588573,0.9554702681986624,1.0026184072588573,0,0.0,0,0.0,0.0,0,0,0,0,0.02182300001004478,0.2273229167712998,0.0,0.0,0.0,0.0,1.267186099976243,13.199855208085864,0.08275639997737017,1.2890090999862878,96,9.717949580462237e-08,9.913188867005651e-08
100,249,306,29376,0.45,0.375,0.0,0,0,0,0,0,0,1.7780052732097351,0.9557100520855527,1.0020104840441415,0.9557100520855527,1.0020104840441415,0,0.0,0,0.0,0.0,0,0,0,0,0.021964000043226406,0.22879166711694174,0.0,0.0,0.0,0.0,1.3069586000274285,13.614152083619047,0.08535409995965892,1.3289226000706549,96,9.123292872906252e-08,9.849920108717658e-08
100,250,307,29472,0.45,0.375,0.0,0,0,0,0,0,0,1.3009702876070868,0.9592071814261435,1.003482640248688,0.9592071814261435,1.003482640248688,0,0.0,0,0.0,0.0,0,0,0,0,0.022374299944203813,0.23306562441878972,0.0,0.0,0.0,0.0,1.263522900022508,13.16169687523446,0.08038890000170795,1.285897199966712,96,9.727437451888254e-08,8.759368008703916e-08
100,251,309,29664,0.45,0.375,0.0,0,0,0,0,0,0,1.9450917628038658,0.9539644606591368,1.000529441333516,0.9539644606591368,1.000529441333516,0,0.0,0,0.0,0.0,0,0,0,0,0.021391799993580207,0.22283124993312717,0.0,0.0,0.0,0.0,1.2260679999308195,12.771541665946037,0.08171600005880464,1.2474597999243997,96,8.59141601871477e-08,7.888251989107697e-08
100,252,310,29760,0.45,0.375,0.0,0,0,0,0,0,0,2.1433773995426026,0.9531625880009058,1.0,0.9531625880009058,1.0,0,0.0,0,0.0,0.0,0,0,0,0,0.024105000011331867,0.2510937501180403,0.0,0.0,0.0,0.0,1.4067237999261124,14.653372915897004,0.09463670005061431,1.4308287999374443,96,9.238574962336377e-08,9.319923360839866e-08
100,253,312,29952,0.45,0.375,0.0,0,0,0,0,0,0,2.2073293718291778,0.953541441912351,1.0,0.953541441912351,1.0,0,0.0,0,0.0,0.0,0,0,0,0,0.023645199988095555,0.24630416654266202,0.0,0.0,0.0,0.0,1.3323823999526212,13.878983332839804,0.08854229999269592,1.3560275999407168,96,8.442701282009024e-08,8.449227428819484e-08
100,254,313,30048,0.45,0.375,0.0,0,0,0,0,0,0,2.261773184754474,0.9532500605514994,1.0,0.9532500605514994,1.0,0,0.0,0,0.0,0.0,0,0,0,0,0.0247753000294324,0.2580760419732542,0.0,0.0,0.0,0.0,1.4741248999998788,15.355467708332071,0.09598550001828698,1.4989002000293112,96,9.14209706028013e-08,9.041170617729577e-08
100,255,314,30144,0.45,0.375,0.0,0,0,0,0,0,0,1.5464430497683908,0.9591839800819375,1.0,0.9591839800819375,1.0,0,0.0,0,0.0,0.0,0,0,0,0,0.023232799947436433,0.24200833278579617,0.0,0.0,0.0,0.0,1.347433800001454,14.035768750015146,0.08808009999484057,1.3706665999488905,96,9.951888346390603e-08,9.857665239643154e-08
100,256,315,30240,0.45,0.375,0.0,0,0,0,0,0,0,1.310592876535273,0.9604713426242962,1.0,0.9604713426242962,1.0,0,0.0,0,0.0,0.0,0,0,0,0,0.022264300016104244,0.23191979183441921,0.0,0.0,0.0,0.0,1.3005499000501004,13.547394792188546,0.08696789995883591,1.3228142000662046,96,8.899197939324366e-08,8.160564897441436e-08
100,257,316,30336,0.45,0.375,0.0,0,0,0,0,0,0,2.0717107127917966,0.9533884918324784,1.0003095746365482,0.9533884918324784,1.0003095746365482,0,0.0,0,0.0,0.0,0,0,0,0,0.023219400020025205,0.24186875020859588,0.0,0.0,0.0,0.0,1.3673817999660969,14.243560416313509,0.09083640004246263,1.390601199986122,96,9.065519780172837e-08,8.755866268139734e-08
100,258,317,30432,0.45,0.375,0.0,0,0,0,0,0,0,2.155935863917644,0.9527320311940255,1.0002688803427666,0.9527320311940255,1.0002688803427666,0,0.0,0,0.0,0.0,0,0,0,0,0.023090000031515956,0.24052083366162455,0.0,0.0,0.0,0.0,1.3644809999896097,14.213343749891768,0.0884851999944658,1.3875710000211257,96,9.87366711047849e-08,9.284887830807165e-08
100,259,320,30720,0.45,0.375,0.0,0,0,0,0,0,0,2.12774159113467,0.9538649808293844,1.0,0.9538649808293844,1.0,0,0.0,0,0.0,0.0,0,0,0,0,0.02375249996839557,0.2474218746707872,0.0,0.0,0.0,0.0,1.3829127999633783,14.40534166628519,0.0912299000119674,1.406665299931774,96,8.859561095170276e-08,8.135229559447232e-08
100,260,321,30816,0.45,0.375,0.0,0,0,0,0,0,0,1.6081346025174774,0.9581134376953037,1.0,0.9581134376953037,1.0,0,0.0,0,0.0,0.0,0,0,0,0,0.023739500029478222,0.24728645864039817,0.0,0.0,0.0,0.0,1.3884852998671704,14.463388540283026,0.091437500086613,1.4122247998966486,96,9.134088148170239e-08,9.97014746456637e-08
100,261,322,30912,0.45,0.375,0.0,0,0,0,0,0,0,1.2862899575050428,0.9601646607926934,1.0002637638679075,0.9601646607926934,1.0002637638679075,0,0.0,0,0.0,0.0,0,0,0,0,0.023142799982451834,0.24107083315053993,0.0,0.0,0.0,0.0,1.3299961999800871,13.854127083125908,0.0872568000049796,1.353138999962539,96,9.943730378166038e-08,8.753391525506693e-08
100,262,323,31008,0.45,0.375,0.0,0,0,0,0,0,0,2.3336493687894375,0.9523585282633885,1.0,0.9523585282633885,1.0,0,0.0,0,0.0,0.0,0,0,0,0,0.022288600033789407,0.23217291701863965,0.0,0.0,0.0,0.0,1.2544893999802298,13.067597916460727,0.08153730000776704,1.2767780000140192,96,9.926497715820326e-08,9.450913829311958e-08
100,263,324,31104,0.45,0.375,0.0,0,0,0,0,0,0,2.3671711115638954,0.9523409554678428,1.0,0.9523409554678428,1.0,0,0.0,0,0.0,0.0,0,0,0,0,0.023243799994816072,0.2421229166126674,0.0,0.0,0.0,0.0,1.328779499999655,13.841453124996406,0.08792690001428127,1.352023299994471,96,9.20809555427643e-08,9.798747951927922e-08
100,264,325,31200,0.45,0.375,0.0,0,0,0,0,0,0,2.137552942835795,0.9523489941079654,1.0016202745816383,0.9523489941079654,1.0016202745816383,0,0.0,0,0.0,0.0,0,0,0,0,0.02270859997224761,0.2365479163775793,0.0,0.0,0.0,0.0,1.3189112999316421,13.73865937428794,0.08719620003103046,1.3416198999038897,96,9.0449921467603e-08,9.934004091549653e-08
100,265,326,31296,0.45,0.375,0.0,0,0,0,0,0,0,2.2593744982535795,0.9510932038878943,1.0005183995144213,0.9510932038878943,1.0005183995144213,0,0.0,0,0.0,0.0,0,0,0,0,0.023829799974919297,0.24822708307207603,0.0,0.0,0.0,0.0,1.4371146999619668,14.969944791270487,0.0948883000164642,1.4609444999368861,96,9.061354029962776e-08,9.513273627193009e-08
100,266,327,31392,0.45,0.375,0.0,0,0,0,0,0,0,2.152922061474068,0.9533839447217972,1.0,0.9533839447217972,1.0,0,0.0,0,0.0,0.0,0,0,0,0,0.023462899967853446,0.24440520799847337,0.0,0.0,0.0,0.0,1.3595289999866509,14.161760416527613,0.08976940000138711,1.3829918999545043,96,9.493733015009109e-08,8.727556649601453e-08
100,267,328,31488,0.45,0.375,0.0,0,0,0,0,0,0,1.5999813631315662,0.9582178639125387,1.0,0.9582178639125387,1.0,0,0.0,0,0.0,0.0,0,0,0,0,0.02363640002295142,0.24621250023907731,0.0,0.0,0.0,0.0,1.3103786999345175,13.64977812431789,0.08359990002645645,1.334015099957469,96,9.947934298364103e-08,9.961952533721341e-08
100,268,331,31776,0.45,0.375,0.0,0,0,0,0,0,0,2.4868411361448914,0.9509366394020836,1.0,0.9509366394020836,1.0,0,0.0,0,0.0,0.0,0,0,0,0,0.024728500000492204,0.2575885416717938,0.0,0.0,0.0,0.0,1.4692553999848315,15.304743749841995,0.09663169999112142,1.4939838999853237,96,9.098709207941424e-08,9.695139011056675e-08
100,269,332,31872,0.45,0.375,0.0,0,0,0,0,0,0,2.3108234028948207,0.9527741649828928,1.0,0.9527741649828928,1.0,0,0.0,0,0.0,0.0,0,0,0,0,0.02536030003830092,0.26416979206563457,0.0,0.0,0.0,0.0,1.4771114000686794,15.386577084048744,0.0961535999449552,1.5024717001069803,96,8.858005807153846e-08,9.804337869345758e-08
100,270,333,31968,0.45,0.375,0.0,0,0,0,0,0,0,2.4154783842474536,0.952246542213662,1.0,0.952246542213662,1.0,0,0.0,0,0.0,0.0,0,0,0,0,0.023517599984188564,0.24497499983529752,0.0,0.0,0.0,0.0,1.3031124000408454,13.574087500425472,0.08435139999346575,1.326630000025034,96,9.284888068464281e-08,9.952879437280515e-08
100,271,334,32064,0.45,0.375,0.0,0,0,0,0,0,0,2.2611083290021727,0.9540205435904101,1.0,0.9540205435904101,1.0,0,0.0,0,0.0,0.0,0,0,0,0,0.024993800005177036,0.2603520833872608,0.0,0.0,0.0,0.0,1.4101748000612133,14.689320833970973,0.09222300000692485,1.4351686000663904,96,9.843061661747587e-08,8.625392539096666e-08
100,272,335,32160,0.45,0.375,0.0,0,0,0,0,0,0,1.6724256256555705,0.9584386090173506,1.0,0.9584386090173506,1.0,0,0.0,0,0.0,0.0,0,0,0,0,0.025484799945843406,0.2654666661025355,0.0,0.0,0.0,0.0,1.525007300042489,15.885492708775928,0.09886329995788401,1.5504920999883325,96,9.95020551716741e-08,9.927202164472515e-08
100,273,336,32256,0.45,0.375,0.0,0,0,0,0,0,0,1.5256568708109528,0.9590614052058357,1.0,0.9590614052058357,1.0,0,0.0,0,0.0,0.0,0,0,0,0,0.02511710001999745,0.26163645854164014,0.0,0.0,0.0,0.0,1.4321688000491122,14.918425000511585,0.09365499995328719,1.4572859000691096,96,9.948067552882633e-08,8.797471043320293e-08
100,274,337,32352,0.45,0.375,0.0,0,0,0,0,0,0,2.6085349221497727,0.9504573821194254,1.0,0.9504573821194254,1.0,0,0.0,0,0.0,0.0,0,0,0,0,0.02479850001691375,0.25831770850951824,0.0,0.0,0.0,0.0,1.3913398000368034,14.493122917050036,0.08957669996016193,1.416138300053717,96,9.422016367631458e-08,9.799022052114914e-08
100,275,338,32448,0.45,0.375,0.0,1,1,0,3,0,0,2.6603255563360815,0.9495863266678914,1.0,0.9495863266678914,1.0,0,0.0,0,0.0,0.0,0,0,0,0,0.024579399956564885,0.25603541621421755,0.0,0.0,0.0,0.0,1.4253566000625142,14.847464583984523,0.09102099994197488,1.449936000019079,96,9.803960486325092e-08,9.831352065781118e-08
100,276,339,32544,0.45,0.375,0.0,0,0,0,0,0,0,2.6504243176375493,0.9506183225721041,1.0,0.9506183225721041,1.0,0,0.0,0,0.0,0.0,0,0,0,0,0.023575599989271723,0.2455791665549138,0.0,0.0,0.0,0.0,1.3860697000200162,14.438226041875168,0.09034850000898587,1.409645300009288,96,9.814000315536142e-08,9.681246235238028e-08
100,277,340,32640,0.45,0.375,0.0,1,1,0,8,0,0,2.4255860301374876,0.9493344075907173,1.0014483825508778,0.9493344075907173,1.0014483825508778,0,0.0,0,0.0,0.0,0,0,0,0,0.02186089995666407,0.2277177078819174,0.0,0.0,0.0,0.0,1.2728697000566171,13.259059375589763,0.08355059997120406,1.2947306000132812,96,9.016111007960348e-08,9.11920508550601e-08
100,278,343,32928,0.45,0.375,0.0,0,0,0,0,0,0,1.5261434861937793,0.9588981585287573,1.0,0.9588981585287573,1.0,0,0.0,0,0.0,0.0,0,0,0,0,0.02124569996522041,0.2213093746377126,0.0,0.0,0.0,0.0,1.223344200043357,12.743168750451636,0.0801888999849325,1.2445899000085774,96,9.949861591758424e-08,9.353149393875881e-08
100,279,344,33024,0.45,0.375,0.0,0,0,0,0,0,0,2.6060904906742173,0.9503152809459986,1.0,0.9503152809459986,1.0,0,0.0,0,0.0,0.0,0,0,0,0,0.023259300003701355,0.2422843750385558,0.0,0.0,0.0,0.0,1.4074912999858498,14.661367708185935,0.09354360001452733,1.4307505999895511,96,9.07835381695754e-08,9.977015602569139e-08
100,280,345,33120,0.45,0.375,0.0,1,1,0,1,0,0,2.6674956709085875,0.9499769377098622,1.0,0.9499769377098622,1.0,0,0.0,0,0.0,0.0,0,0,0,0,0.02406720002181828,0.25070000022727373,0.0,0.0,0.0,0.0,1.4439798999737832,15.041457291393575,0.0957552000254509,1.4680470999956015,96,8.902898244143864e-08,9.646103374394421e-08
100,281,346,33216,0.45,0.375,0.0,1,1,0,11,0,0,2.521430771015171,0.9487932835954672,1.0007670435474176,0.9487932835954672,1.0007670435474176,0,0.0,0,0.0,0.0,0,0,0,0,0.019650899979751557,0.20469687478907872,0.0,0.0,0.0,0.0,1.1251926999757416,11.720757291413975,0.07457560001785168,1.1448435999554931,96,8.539473192806235e-08,9.621564905915037e-08
100,282,347,33312,0.45,0.375,0.0,1,1,0,5,0,0,2.6025587575029525,0.9493726207863274,1.0,0.9493726207863274,1.0,0,0.0,0,0.0,0.0,0,0,0,0,0.022274300012213644,0.2320239584605588,0.0,0.0,0.0,0.0,1.2722621999200783,13.252731249167482,0.08012210002925713,1.294536499932292,96,9.346246447779205e-08,9.819588003834312e-08
100,283,348,33408,0.45,0.375,0.0,0,0,0,0,0,0,2.2706835769124645,0.9531306661436573,1.0,0.9531306661436573,1.0,0,0.0,0,0.0,0.0,0,0,0,0,0.023215299952425994,0.2418260411711041,0.0,0.0,0.0,0.0,1.3959621000321931,14.541271875335346,0.0914102999959141,1.4191773999846191,96,8.948699164491869e-08,9.223959943072124e-08
100,284,349,33504,0.45,0.375,0.0,0,0,0,0,0,0,1.6685183424695518,0.9580900335570388,1.0,0.9580900335570388,1.0,0,0.0,0,0.0,0.0,0,0,0,0,0.022903699995367788,0.2385802082850811,0.0,0.0,0.0,0.0,1.3799378000258002,14.374352083602085,0.09130550002737436,1.402841500021168,96,9.918832958102919e-08,9.857155723602684e-08
100,285,351,33696,0.45,0.375,0.0,0,0,0,0,0,0,2.3582206385509847,0.952494921162796,1.0,0.952494921162796,1.0,0,0.0,0,0.0,0.0,0,0,0,0,0.022784899949328974,0.23734270780551014,0.0,0.0,0.0,0.0,1.4593817999993917,15.201893749993664,0.09549729998980183,1.4821666999487206,96,9.653728126786387e-08,9.843967474498783e-08
100,286,352,33792,0.45,0.375,0.0,0,0,0,0,0,0,2.4022362030428885,0.952929960022562,1.0,0.952929960022562,1.0,0,0.0,0,0.0,0.0,0,0,0,0,0.021889900002861395,0.22801979169647288,0.0,0.0,0.0,0.0,1.3238609000181896,13.790217708522809,0.08696009999403032,1.345750800021051,96,9.069604891762117e-08,9.942430823084436e-08
100,287,353,33888,0.45,0.375,0.0,0,0,0,0,0,0,2.2745797916612838,0.9539878438840994,1.0,0.9539878438840994,1.0,0,0.0,0,0.0,0.0,0,0,0,0,0.02095919998100726,0.21832499980215894,0.0,0.0,0.0,0.0,1.2234435000136727,12.744203125142425,0.0810894999813172,1.24440269999468,96,9.792997060845132e-08,8.610486691706942e-08
100,288,354,33984,0.45,0.375,0.0,0,0,0,0,0,0,2.1725855550511173,0.9549367925872864,1.0,0.9549367925872864,1.0,0,0.0,0,0.0,0.0,0,0,0,0,0.02080199997726595,0.216687499763187,0.0,0.0,0.0,0.0,1.3285633999839774,13.839202083166432,0.08790110002155416,1.3493653999612434,96,9.766133138300326e-08,8.865067749330713e-08
100,289,355,34080,0.45,0.375,0.0,0,0,0,0,0,0,1.8311457303219174,0.95735171802639,1.0,0.95735171802639,1.0,0,0.0,0,0.0,0.0,0,0,0,0,0.024148900054569822,0.25155104223510233,0.0,0.0,0.0,0.0,1.508681199971761,15.715429166372513,0.09812210000382038,1.532830100026331,96,9.735846670522186e-08,8.605643794790119e-08
100,290,356,34176,0.45,0.375,0.0,0,0,0,0,0,0,1.3889690284452376,0.9599015910734031,1.0,0.9599015910734031,1.0,0,0.0,0,0.0,0.0,0,0,0,0,0.02252680001402041,0.2346541668127126,0.0,0.0,0.0,0.0,1.435819700054708,14.956455208903208,0.09642299995903159,1.4583465000687283,96,9.864396155814803e-08,8.680799107319004e-08
100,291,357,34272,0.45,0.375,0.0,0,0,0,0,0,0,1.077983733369129,0.9636989802249132,1.0,0.9636989802249132,1.0,0,0.0,0,0.0,0.0,0,0,0,0,0.0196279999872786,0.20445833320081874,0.0,0.0,0.0,0.0,1.102937900024699,11.488936458590615,0.07316309997986536,1.1225659000119776,96,5.3314527567044356e-08,5.505945928352407e-08
100,292,358,34368,0.45,0.375,0.0,0,0,0,0,0,0,1.0064796286017925,0.964725588757758,1.0,0.964725588757758,1.0,0,0.0,0,0.0,0.0,0,0,0,0,0.021533999999519438,0.22431249999499414,0.0,0.0,0.0,0.0,1.3436139999976149,13.995979166641822,0.08983470001112437,1.3651479999971343,96,3.9244858291917484e-08,4.3096438293033223e-08
100,293,359,34464,0.45,0.375,0.0,0,0,0,0,0,0,1.017069348043156,0.9640402829546795,1.0016772851677465,0.9640402829546795,1.0016772851677465,0,0.0,0,0.0,0.0,0,0,0,0,0.020594800007529557,0.21452916674509956,0.0,0.0,0.0,0.0,1.2117491000535665,12.622386458891318,0.08085509997908957,1.232343900061096,96,4.814527247362643e-08,5.075267865695121e-08
100,294,360,34560,0.45,0.375,0.0,0,0,0,0,0,0,1.389777621225468,0.9594672611502164,1.0,0.9594672611502164,1.0,0,0.0,0,0.0,0.0,0,0,0,0,0.02137089997268049,0.22261354138208844,0.0,0.0,0.0,0.0,1.3093077999874367,13.6386229165358,0.08456240003579296,1.3306786999601172,96,8.878538828617499e-08,8.099121893978545e-08
100,295,361,34656,0.45,0.375,0.0,0,0,0,0,0,0,1.4797461103401734,0.9592157150420322,1.0,0.9592157150420322,1.0,0,0.0,0,0.0,0.0,0,0,0,0,0.019842399990011472,0.2066916665626195,0.0,0.0,0.0,0.0,1.1465155000041705,11.942869791710109,0.07403730000078212,1.166357899994182,96,9.869930490090384e-08,9.652760896150525e-08
100,296,362,34752,0.45,0.375,0.0,0,0,0,0,0,0,1.3824320868678337,0.9589143213426792,1.001428015505151,0.9589143213426792,1.001428015505151,0,0.0,0,0.0,0.0,0,0,0,0,0.02164830001129303,0.22550312511763573,0.0,0.0,0.0,0.0,1.299087999999756,13.532166666664125,0.0853115000136313,1.320736300011049,96,9.757963811973802e-08,8.698222454806004e-08
100,297,363,34848,0.45,0.375,0.0,0,0,0,0,0,0,1.260140640619142,0.9614386881630911,1.0,0.9614386881630911,1.0,0,0.0,0,0.0,0.0,0,0,0,0,0.022516499979246873,0.2345468747838216,0.0,0.0,0.0,0.0,1.394285499896796,14.523807290591625,0.09152370007359423,1.4168019998760428,96,9.900718984240386e-08,8.787502260576563e-08
100,298,364,34944,0.45,0.375,0.0,0,0,0,0,0,0,1.0002162979487519,0.9630297730146727,1.0,0.9630297730146727,1.0,0,0.0,0,0.0,0.0,0,0,0,0,0.020667899974796455,0.21529062473746308,0.0,0.0,0.0,0.0,1.2710161000140943,13.239751041813483,0.08447510001860792,1.2916839999888907,96,6.761047380808571e-08,6.581018174856013e-08
101,0,2,192,0.45,0.375,0.25,0,0,0,0,0,0,2.235014203617968,0.9530353800641388,1.0,0.9530353800641388,1.0,0,0.0,0,0.0,0.0,0,0,0,0,0.02175910002551973,0.22665729193249717,0.0,0.0,0.0,0.0,1.4082471999863628,14.669241666524613,0.08789259995683096,1.4300063000118826,96,9.166008624848787e-08,9.803880818282096e-08
101,1,3,288,0.45,0.375,0.25,0,0,0,0,0,0,2.290776247947956,0.9535537669577713,1.0,0.9535537669577713,1.0,0,0.0,0,0.0,0.0,0,0,0,0,0.021736299982876517,0.22641979148829705,0.0,0.0,0.0,0.0,1.3956640000105835,14.538166666776911,0.08675659998698393,1.41740029999346,96,9.278542067482631e-08,9.513212349820943e-08
101,2,4,384,0.45,0.375,0.25,0,0,0,0,0,0,2.1412223261343386,0.9537971687404433,1.0,0.9537971687404433,1.0,0,0.0,0,0.0,0.0,0,0,0,0,0.022534399991855025,0.23473333324848986,0.0,0.0,0.0,0.0,1.5017339000332868,15.64306145868007,0.09296009995887289,1.5242683000251418,96,9.117039840959851e-08,9.392012730036203e-08
101,3,5,480,0.45,0.375,0.25,0,0,0,0,0,0,1.8530292874019922,0.9558655967196398,1.0023731304890506,0.9558655967196398,1.0023731304890506,0,0.0,0,0.0,0.0,0,0,0,0,0.023646000008739065,0.24631250009103195,0.0,0.0,0.0,0.0,1.553527399963059,16.18257708294853,0.09887570001592394,1.577173399971798,96,9.76241995402638e-08,9.88503596338619e-08
101,4,6,576,0.45,0.375,0.25,0,0,0,0,0,0,1.7178488368250542,0.957246619420335,1.0,0.957246619420335,1.0,0,0.0,0,0.0,0.0,0,0,0,0,0.02186420000361977,0.22775208337103928,0.0,0.0,0.0,0.0,1.3778256000005058,14.352350000005268,0.08606240001245169,1.3996898000041256,96,9.048147664274253e-08,9.353400484690688e-08
101,5,7,672,0.45,0.375,0.25,0,0,0,0,0,0,1.414276763251599,0.9600842001221278,1.0,0.9600842001221278,1.0,0,0.0,0,0.0,0.0,0,0,0,0,0.021852800011401996,0.22763333345210413,0.0,0.0,0.0,0.0,1.434685800006264,14.944643750065248,0.09002119999058777,1.4565386000176659,96,9.317995475904839e-08,9.670747806722613e-08
101,6,8,768,0.45,0.375,0.25,0,0,0,0,0,0,2.3897541477680986,0.9527312703842914,1.0,0.9527312703842914,1.0,0,0.0,0,0.0,0.0,0,0,0,0,0.02097089998278534,0.21844687482068062,0.0,0.0,0.0,0.0,1.2816429000376957,13.350446875392663,0.08051589997921837,1.302613800020481,96,9.168850740280676e-08,9.690334583367655e-08
101,7,10,960,0.45,0.375,0.25,0,0,0,0,0,0,2.6695157916478176,0.9508169213032364,1.0,0.9508169213032364,1.0,0,0.0,0,0.0,0.0,0,0,0,0,0.021728599997004494,0.22633958330213014,0.0,0.0,0.0,0.0,1.3960900000165566,14.542604166839132,0.08763640002871398,1.417818600013561,96,8.074376492070434e-08,9.994542388147565e-08
101,8,11,1056,0.45,0.375,0.25,0,0,0,0,0,0,2.420958303220958,0.95246175771964,1.0,0.95246175771964,1.0,0,0.0,0,0.0,0.0,0,0,0,0,0.022858600023027975,0.23811041690654142,0.0,0.0,0.0,0.0,1.4756289999713772,15.371135416368512,0.09141440002713352,1.4984875999944052,96,9.543886983660876e-08,9.71178531344874e-08
101,9,12,1152,0.45,0.375,0.25,0,0,0,0,0,0,2.448113716731054,0.9526640216045239,1.0,0.9526640216045239,1.0,0,0.0,0,0.0,0.0,0,0,0,0,0.021954399955575354,0.22869166620390993,0.0,0.0,0.0,0.0,1.4137909000346554,14.72698854202766,0.08697050000773743,1.4357452999902307,96,8.785497405960907e-08,9.832186717573244e-08
101,10,13,1248,0.45,0.375,0.25,0,0,0,0,0,0,1.6574413703275148,0.9580250748370895,1.0002395303913496,0.9580250748370895,1.0002395303913496,0,0.0,0,0.0,0.0,0,0,0,0,0.022748599993065,0.23696458326109374,0.0,0.0,0.0,0.0,1.4808046999678481,15.425048957998419,0.09179310000035912,1.5035532999609131,96,9.474496823376477e-08,9.981614146337137e-08
101,11,14,1344,0.45,0.375,0.25,0,0,0,0,0,0,1.4132387133685043,0.9593663282184366,1.0004092971881278,0.9593663282184366,1.0004092971881278,0,0.0,0,0.0,0.0,0,0,0,0,0.020815099975152407,0.21682395807450425,0.0,0.0,0.0,0.0,1.3089248999749543,13.634634374739107,0.08174110002437374,1.3297399999501067,96,9.69506135962972e-08,9.813505043310133e-08
101,12,16,1536,0.45,0.375,0.25,0,0,0,0,0,0,2.4780653705859614,0.9516858123396582,1.0,0.9516858123396582,1.0,0,0.0,0,0.0,0.0,0,0,0,0,0.022003800004313234,0.22920625004492953,0.0,0.0,0.0,0.0,1.4816555999932461,15.433912499929647,0.09409249998134328,1.5036593999975594,96,9.910889285473512e-08,9.986054601285321e-08
101,13,17,1632,0.45,0.375,0.25,0,0,0,0,0,0,2.490485739084142,0.9519364371956,1.0,0.9519364371956,1.0,0,0.0,0,0.0,0.0,0,0,0,0,0.021517900022445247,0.22414479190047132,0.0,0.0,0.0,0.0,1.3714122000237694,14.285543750247598,0.08372919997782446,1.3929301000462146,96,8.725211727601823e-08,9.870835301906133e-08
101,14,18,1728,0.45,0.375,0.25,0,0,0,0,0,0,2.3942878041940276,0.9518148536520985,1.0019107316856943,0.9518148536520985,1.0019107316856943,0,0.0,0,0.0,0.0,0,0,0,0,0.02315980002458673,0.24124791692277844,0.0,0.0,0.0,0.0,1.5107974000711692,15.737472917408013,0.09262209997541504,1.533957200095756,96,9.348822454027794e-08,9.972377798539434e-08
101,15,19,1824,0.45,0.375,0.25,0,0,0,0,0,0,2.2499633980548066,0.9531775187431609,1.0020139964967567,0.9531775187431609,1.0020139964967567,0,0.0,0,0.0,0.0,0,0,0,0,0.022230200018384494,0.23156458352483847,0.0,0.0,0.0,0.0,1.4347986999709974,14.945819791364556,0.08901520001381868,1.457028899989382,96,9.197901002476472e-08,9.454317814738822e-08
101,16,20,1920,0.45,0.375,0.25,0,0,0,0,0,0,1.566608786415419,0.9576589321607396,1.0039785354224848,0.9576589321607396,1.0039785354224848,0,0.0,0,0.0,0.0,0,0,0,0,0.02314110001316294,0.24105312513711397,0.0,0.0,0.0,0.0,1.4595166000071913,15.203297916741576,0.09113869997963775,1.4826577000203542,96,9.355719096139359e-08,9.756209888578393e-08
101,17,21,2016,0.45,0.375,0.25,0,0,0,0,0,0,1.348908355724246,0.959009743647563,1.0049469569262273,0.959009743647563,1.0049469569262273,0,0.0,0,0.0,0.0,0,0,0,0,0.02120010001817718,0.22083437518934565,0.0,0.0,0.0,0.0,1.3248881000108668,13.800917708446528,0.0808895999653032,1.346088200029044,96,9.812800595525306e-08,9.922218255353776e-08
101,18,22,2112,0.45,0.375,0.25,0,0,0,0,0,0,2.418924706156029,0.9516453044951078,1.0005961349194479,0.9516453044951078,1.0005961349194479,0,0.0,0,0.0,0.0,0,0,0,0,0.02309960004640743,0.24062083381674407,0.0,0.0,0.0,0.0,1.508322799949383,15.711695832806072,0.09373320001759566,1.5314223999957903,96,9.579534971694559e-08,9.930815392245051e-08
101,19,23,2208,0.45,0.375,0.25,0,0,0,0,0,0,2.6459363874095727,0.9513641836699565,1.0,0.9513641836699565,1.0,0,0.0,0,0.0,0.0,0,0,0,0,0.020392100006574765,0.21241770840182048,0.0,0.0,0.0,0.0,1.2908449999886216,13.446302083214809,0.08062189996417146,1.3112370999951963,96,9.711890049113325e-08,9.939436503014765e-08
101,20,24,2304,0.45,0.375,0.25,0,0,0,0,0,0,2.5571673707505123,0.9515390762533157,1.0,0.9515390762533157,1.0,0,0.0,0,0.0,0.0,0,0,0,0,0.023333399985858705,0.24305624985269483,0.0,0.0,0.0,0.0,1.5573431999946479,16.22232499994425,0.09742709998681676,1.5806765999805066,96,9.629932978642841e-08,9.776071029088396e-08
101,21,25,2400,0.45,0.375,0.25,0,0,0,0,0,0,2.301822300027725,0.9514724064074999,1.0044305131010525,0.9514724064074999,1.0044305131010525,0,0.0,0,0.0,0.0,0,0,0,0,0.02056189995346358,0.21418645784857895,0.0,0.0,0.0,0.0,1.223769500022172,12.747598958564291,0.07573749998118728,1.2443313999756356,96,9.873645389138486e-08,9.950678947490132e-08
101,22,26,2496,0.45,0.375,0.25,0,0,0,0,0,0,2.166424891631828,0.9530179052787218,1.0058637655397416,0.9530179052787218,1.0058637655397416,0,0.0,0,0.0,0.0,0,0,0,0,0.0218328999762889,0.22742604141967604,0.0,0.0,0.0,0.0,1.392604500069865,14.506296875727761,0.08729439997114241,1.414437400046154,96,9.245288551222586e-08,9.942583562017049e-08
101,23,27,2592,0.45,0.375,0.25,0,0,0,0,0,0,1.5143428929955987,0.9576818915033048,1.0067100839724734,0.9576818915033048,1.0067100839724734,0,0.0,0,0.0,0.0,0,0,0,0,0.024713899998459965,0.2574364583172913,0.0,0.0,0.0,0.0,1.5872800000288407,16.534166666967092,0.10079620000033174,1.6119939000273007,96,8.906781217947468e-08,9.234939660207608e-08
101,24,28,2688,0.45,0.375,0.25,0,0,0,0,0,0,1.3028395324967927,0.9594178971390307,1.0051530930126271,0.9594178971390307,1.0051530930126271,0,0.0,0,0.0,0.0,0,0,0,0,0.022498300044389907,0.23435729212906153,0.0,0.0,0.0,0.0,1.4536604999593692,15.142296874576763,0.09324320001178421,1.476158800003759,96,9.009108100158092e-08,9.442396906034212e-08
101,25,29,2784,0.45,0.375,0.25,0,0,0,0,0,0,2.3943717843617818,0.9524411568573896,1.0,0.9524411568573896,1.0,0,0.0,0,0.0,0.0,0,0,0,0,0.025207900020177476,0.26258229187684873,0.0,0.0,0.0,0.0,1.52200950000406,15.854265625042292,0.09501059997273842,1.5472174000242376,96,8.951550440131073e-08,9.483750881833508e-08
101,26,30,2880,0.45,0.375,0.25,0,0,0,0,0,0,2.41896884010671,0.9531800595484181,1.0,0.9531800595484181,1.0,0,0.0,0,0.0,0.0,0,0,0,0,0.025357599988637958,0.26414166654831206,0.0,0.0,0.0,0.0,1.5422141999806627,16.06473124979857,0.0931903000237071,1.5675717999693006,96,8.644254062550871e-08,9.552862931250239e-08
101,27,31,2976,0.45,0.375,0.25,0,0,0,0,0,0,2.356316128521048,0.9528570472324936,1.0,0.9528570472324936,1.0,0,0.0,0,0.0,0.0,0,0,0,0,0.025766200000362005,0.26839791667043755,0.0,0.0,0.0,0.0,1.6379699000608525,17.062186458967215,0.10120059995097108,1.6637361000612145,96,9.072259001333127e-08,9.35140561514336e-08
101,28,32,3072,0.45,0.375,0.25,0,0,0,0,0,0,2.2156859384238348,0.9528735485615379,1.002759535292968,0.9528735485615379,1.002759535292968,0,0.0,0,0.0,0.0,0,0,0,0,0.026226999951177277,0.27319791615809663,0.0,0.0,0.0,0.0,1.5890031000162708,16.55211562516949,0.09775339999760035,1.615230099967448,96,9.38443357832025e-08,9.849718984877853e-08
101,29,33,3168,0.45,0.375,0.25,0,0,0,0,0,0,2.1595980686262792,0.9542335854479516,1.0,0.9542335854479516,1.0,0,0.0,0,0.0,0.0,0,0,0,0,0.0250216999775148,0.2606427080991125,0.0,0.0,0.0,0.0,1.5128793999683694,15.759160416337181,0.09430579999752808,1.5379010999458842,96,8.064901518313461e-08,8.705760251581651e-08
101,30,34,3264,0.45,0.375,0.25,0,0,0,0,0,0,1.4225488847886572,0.9583719248726497,1.0042443205284977,0.9583719248726497,1.0042443205284977,0,0.0,0,0.0,0.0,0,0,0,0,0.024327900042408146,0.2534156254417515,0.0,0.0,0.0,0.0,1.5226800000091316,15.861250000095122,0.0963412999844877,1.5470079000515398,96,8.873095059050429e-08,9.41080980504383e-08
101,31,35,3360,0.45,0.375,0.25,0,0,0,0,0,0,1.1838709964035392,0.9606745623243793,1.0036056194902772,0.9606745623243793,1.0036056194902772,0,0.0,0,0.0,0.0,0,0,0,0,0.026790600015374366,0.27906875016014965,0.0,0.0,0.0,0.0,1.6635335999089875,17.328474999051952,0.1015658000469557,1.690324199924362,96,9.353849974094719e-08,9.584254612171605e-08
101,32,36,3456,0.45,0.375,0.25,0,0,0,0,0,0,2.155358789472896,0.9535942495565045,1.0002226206603388,0.9535942495565045,1.0002226206603388,0,0.0,0,0.0,0.0,0,0,0,0,0.025173200039716903,0.2622208337470511,0.0,0.0,0.0,0.0,1.5937807999289362,16.601883332593086,0.09657680004602298,1.618953999968653,96,8.902459608037261e-08,9.277570087173892e-08
101,33,37,3552,0.45,0.375,0.25,0,0,0,0,0,0,2.325627667184386,0.9526170455319733,1.0003891170439205,0.9526170455319733,1.0003891170439205,0,0.0,0,0.0,0.0,0,0,0,0,0.023518500027421396,0.24498437528563954,0.0,0.0,0.0,0.0,1.503550199973688,15.661981249725915,0.09516710001480533,1.5270687000011094,96,9.179113249872806e-08,9.4322759186527e-08
101,34,40,3840,0.45,0.375,0.25,0,0,0,0,0,0,2.284508489422827,0.953469409898378,1.0007545530660873,0.953469409898378,1.0007545530660873,0,0.0,0,0.0,0.0,0,0,0,0,0.022428300020692404,0.23362812521554588,0.0,0.0,0.0,0.0,1.3886760000459617,14.465375000478767,0.08662499999627471,1.411104300066654,96,9.601151728690083e-08,9.876906827133158e-08
101,35,42,4032,0.45,0.375,0.25,0,0,0,0,0,0,1.3118743270504174,0.9597093865965757,1.0028851677722588,0.9597093865965757,1.0028851677722588,0,0.0,0,0.0,0.0,0,0,0,0,0.021898000020883046,0.2281041668841984,0.0,0.0,0.0,0.0,1.3588584999961313,14.154776041626368,0.08576120003272081,1.3807565000170143,96,9.188486568834087e-08,9.442796169989442e-08
101,36,43,4128,0.45,0.375,0.25,0,0,0,0,0,0,2.058682749990371,0.952149300909765,1.007793723548011,0.952149300909765,1.007793723548011,0,0.0,0,0.0,0.0,0,0,0,0,0.022913199973118026,0.2386791663866461,0.0,0.0,0.0,0.0,1.4325631999963662,14.922533333295481,0.08754990000306861,1.4554763999694842,96,9.756886579052881e-08,9.90586481591782e-08
101,37,44,4224,0.45,0.375,0.25,0,0,0,0,0,0,1.9892052507654845,0.9533746086056848,1.0099588810116134,0.9533746086056848,1.0099588810116134,0,0.0,0,0.0,0.0,0,0,0,0,0.024360199982766062,0.25375208315381315,0.0,0.0,0.0,0.0,1.486340299990843,15.482711458237949,0.0898326000169618,1.5107004999736091,96,9.605543567145491e-08,9.936030199997337e-08
101,38,45,4320,0.45,0.375,0.25,0,0,0,0,0,0,1.9237560514951146,0.9533588747090319,1.0102184813897852,0.9533588747090319,1.0102184813897852,0,0.0,0,0.0,0.0,0,0,0,0,0.023922699991089758,0.24919479157385166,0.0,0.0,0.0,0.0,1.582562199953827,16.4850229161857,0.09793300002638716,1.6064848999449168,96,9.528431185561181e-08,9.882281160056294e-08
101,39,46,4416,0.45,0.375,0.25,0,0,0,0,0,0,1.9510132801708526,0.9533224139708452,1.0077913174239206,0.9533224139708452,1.0077913174239206,0,0.0,0,0.0,0.0,0,0,0,0,0.023153900016041007,0.24118645850042716,0.0,0.0,0.0,0.0,1.4302580000658054,14.898520834018806,0.08885509996616747,1.4534119000818464,96,9.453567615357039e-08,9.941361324428133e-08
101,40,47,4512,0.45,0.375,0.25,0,0,0,0,0,0,2.1286571860350794,0.9541839124077255,1.0003246504756254,0.9541839124077255,1.0003246504756254,0,0.0,0,0.0,0.0,0,0,0,0,0.022518400008266326,0.23456666675277424,0.0,0.0,0.0,0.0,1.4044181000062963,14.62935520839892,0.08973110000806628,1.4269365000145626,96,9.643974608480876e-08,9.778714463171134e-08
101,41,48,4608,0.45,0.375,0.25,0,0,0,0,0,0,1.4256852994148086,0.9589279114488003,1.0020704275548564,0.9589279114488003,1.0020704275548564,0,0.0,0,0.0,0.0,0,0,0,0,0.022446599992690608,0.2338187499238605,0.0,0.0,0.0,0.0,1.4266334000203642,14.86076458354546,0.08727749992976896,1.4490800000130548,96,8.678053613382641e-08,9.04082960578867e-08
101,42,50,4800,0.45,0.375,0.25,0,0,0,0,0,0,2.21668843822222,0.9525169001868329,1.000748089202388,0.9525169001868329,1.000748089202388,0,0.0,0,0.0,0.0,0,0,0,0,0.023816699984308798,0.24809062483654998,0.0,0.0,0.0,0.0,1.5120612999089644,15.75063854071838,0.092698200038285,1.5358779998932732,96,9.813329175309415e-08,9.85293015925981e-08
101,43,52,4992,0.45,0.375,0.25,0,0,0,0,0,0,2.3533976400694008,0.952540964381371,1.0,0.952540964381371,1.0,0,0.0,0,0.0,0.0,0,0,0,0,0.024384499978623353,0.2540052081106599,0.0,0.0,0.0,0.0,1.5060366999532562,15.68788229117975,0.09485110005334718,1.5304211999318795,96,9.204776814895899e-08,9.736688712236319e-08
101,44,53,5088,0.45,0.375,0.25,0,0,0,0,0,0,2.107434784948584,0.9529724575459119,1.0024273319027466,0.9529724575459119,1.0024273319027466,0,0.0,0,0.0,0.0,0,0,0,0,0.023390399968775455,0.24364999967474432,0.0,0.0,0.0,0.0,1.4976676999649499,15.600705207968227,0.09307809996971628,1.5210580999337253,96,9.825875003401097e-08,9.979784554303706e-08
101,45,54,5184,0.45,0.375,0.25,0,0,0,0,0,0,1.870304731581566,0.9549213112624936,1.0050244318974515,0.9549213112624936,1.0050244318974515,0,0.0,0,0.0,0.0,0,0,0,0,0.02383149997331202,0.2482447913886669,0.0,0.0,0.0,0.0,1.492407799945795,15.545914582768697,0.09278160001849756,1.516239299919107,96,9.067766783103781e-08,9.804378975353245e-08
101,46,55,5280,0.45,0.375,0.25,0,0,0,0,0,0,1.2542685360909216,0.9591376171133427,1.0089325125731805,0.9591376171133427,1.0089325125731805,0,0.0,0,0.0,0.0,0,0,0,0,0.023583499983942602,0.24566145816606877,0.0,0.0,0.0,0.0,1.4735228999634273,15.349196874619034,0.09017029997630743,1.49710639994737,96,8.295712713990433e-08,9.232781962575931e-08
101,47,58,5568,0.45,0.375,0.25,0,0,0,0,0,0,1.9990726666860694,0.954200431180653,1.0028400206390842,0.954200431180653,1.0028400206390842,0,0.0,0,0.0,0.0,0,0,0,0,0.024747199982812162,0.25778333315429336,0.0,0.0,0.0,0.0,1.506306900002528,15.690696875026333,0.09497189996909583,1.5310540999853401,96,8.56707443180893e-08,9.001191625390703e-08
101,48,59,5664,0.45,0.375,0.25,0,0,0,0,0,0,1.9934193341786361,0.9545822057095364,1.0027619152361946,0.9545822057095364,1.0027619152361946,0,0.0,0,0.0,0.0,0,0,0,0,0.0235008000236121,0.24480000024595938,0.0,0.0,0.0,0.0,1.4586408999603009,15.194176041253135,0.09150330001284601,1.482141699983913,96,8.646803242168266e-08,9.030806102927613e-08
101,49,61,5856,0.45,0.375,0.25,0,0,0,0,0,0,1.699735495132945,0.9555881360033608,1.0074838138819866,0.9555881360033608,1.0074838138819866,0,0.0,0,0.0,0.0,0,0,0,0,0.023855100000218954,0.24849062500228075,0.0,0.0,0.0,0.0,1.4666252000897657,15.277345834268393,0.08861009992688196,1.4904803000899847,96,9.075121262108743e-08,9.967302226632224e-08
101,50,62,5952,0.45,0.375,0.25,0,0,0,0,0,0,1.1362244037222877,0.9610718995564713,1.0089348428478666,0.9610718995564713,1.0089348428478666,0,0.0,0,0.0,0.0,0,0,0,0,0.02215570002590539,0.23078854193651446,0.0,0.0,0.0,0.0,1.4023449000233086,14.607759375242798,0.08574399993813131,1.424500600049214,96,9.846494885938639e-08,9.954802711320543e-08
101,51,63,6048,0.45,0.375,0.25,0,0,0,0,0,0,1.0528849376565053,0.9614836325167306,1.006735874570823,0.9614836325167306,1.006735874570823,0,0.0,0,0.0,0.0,0,0,0,0,0.023679199963225983,0.24665833295027068,0.0,0.0,0.0,0.0,1.4348284000734566,14.94612916743184,0.08872119995794492,1.4585076000366826,96,9.760701581186526e-08,9.932685084146353e-08
101,52,64,6144,0.45,0.375,0.25,0,0,0,0,0,0,1.8898102674794148,0.9541665073142629,1.0020484978197648,0.9541665073142629,1.0020484978197648,0,0.0,0,0.0,0.0,0,0,0,0,0.023865200026193634,0.2485958336061837,0.0,0.0,0.0,0.0,1.4282345999599784,14.877443749583108,0.09000960002595093,1.452099799986172,96,8.36537858948938e-08,8.80531347141611e-08
101,53,65,6240,0.45,0.375,0.25,0,0,0,0,0,0,2.051431948265754,0.9539031632466828,1.0013434324883086,0.9539031632466828,1.0013434324883086,0,0.0,0,0.0,0.0,0,0,0,0,0.022717299987562,0.23663854153710417,0.0,0.0,0.0,0.0,1.3286222999813617,13.839815624805851,0.08101109998096945,1.3513395999689237,96,9.633934203341632e-08,9.730886610381795e-08
101,54,66,6336,0.45,0.375,0.25,0,0,0,0,0,0,2.0606100095340323,0.9534101065772015,1.003066596336225,0.9534101065772015,1.003066596336225,0,0.0,0,0.0,0.0,0,0,0,0,0.023259000008692965,0.2422812500905517,0.0,0.0,0.0,0.0,1.4002377999859164,14.585810416519962,0.08861590001470177,1.4234967999946093,96,9.23554186772757e-08,9.441444931423959e-08
101,55,67,6432,0.45,0.375,0.25,0,0,0,0,0,0,2.0093650267798466,0.9538713127244108,1.001545040229098,0.9538713127244108,1.001545040229098,0,0.0,0,0.0,0.0,0,0,0,0,0.024149600008968264,0.25155833342675277,0.0,0.0,0.0,0.0,1.5725313000002643,16.380534375002753,0.09696470003837021,1.5966809000092326,96,9.780508776133234e-08,9.841556118661554e-08
101,56,68,6528,0.45,0.375,0.25,0,0,0,0,0,0,1.6739233028526528,0.9556163422596061,1.0082412744269575,0.9556163422596061,1.0082412744269575,0,0.0,0,0.0,0.0,0,0,0,0,0.023377799974696245,0.2435187497364192,0.0,0.0,0.0,0.0,1.375298799976008,14.32602916641675,0.08602729998528957,1.3986765999507043,96,9.003365760394677e-08,9.535045746023041e-08
101,57,69,6624,0.45,0.375,0.25,0,0,0,0,0,0,1.1449724024764059,0.9599560725596643,1.010766961688174,0.9599560725596643,1.010766961688174,0,0.0,0,0.0,0.0,0,0,0,0,0.02480879997892771,0.258424999780497,0.0,0.0,0.0,0.0,1.550200399964524,16.14792083296379,0.09826789998624008,1.5750091999434517,96,8.800478837854564e-08,9.156288192924134e-08
101,58,70,6720,0.45,0.375,0.25,0,0,0,0,0,0,0.990143986603983,0.9622059377901268,1.0146477984524847,0.9622059377901268,1.0146477984524847,0,0.0,0,0.0,0.0,0,0,0,0,0.022788600050262176,0.23738125052356432,0.0,0.0,0.0,0.0,1.3617330999622936,14.184719791273892,0.08600710001337575,1.3845217000125558,96,8.07289372069947e-08,9.297962674098548e-08
101,59,73,7008,0.45,0.375,0.25,0,0,0,0,0,0,1.651452673904065,0.9548670228612268,1.0089205280148361,0.9548670228612268,1.0089205280148361,0,0.0,0,0.0,0.0,0,0,0,0,0.023426000014296733,0.24402083348225764,0.0,0.0,0.0,0.0,1.5011323999788146,15.636795833112654,0.09441320002224529,1.5245583999931114,96,9.770169557936359e-08,9.927100579065762e-08
101,60,74,7104,0.45,0.375,0.25,0,0,0,0,0,0,1.5568121923933103,0.9554692259282578,1.012682007188709,0.9554692259282578,1.012682007188709,0,0.0,0,0.0,0.0,0,0,0,0,0.02350079996540444,0.24479999963962956,0.0,0.0,0.0,0.0,1.5175514999355073,15.8078281243282,0.09524579999560956,1.5410522999009117,96,9.521189186893764e-08,9.907668477304732e-08
101,61,75,7200,0.45,0.375,0.25,0,0,0,0,0,0,1.6189074046444647,0.9559390088848861,1.0066840259332048,0.9559390088848861,1.0066840259332048,0,0.0,0,0.0,0.0,0,0,0,0,0.023683700019319076,0.24670520853457373,0.0,0.0,0.0,0.0,1.5007340999945882,15.632646874943628,0.09267000001273118,1.5244178000139073,96,8.644698890752922e-08,9.973957756925778e-08
101,62,76,7296,0.45,0.375,0.25,0,0,0,0,0,0,1.3701641711476982,0.9600128659144125,1.0024079483881718,0.9600128659144125,1.0024079483881718,0,0.0,0,0.0,0.0,0,0,0,0,0.025664999993750826,0.26734374993490445,0.0,0.0,0.0,0.0,1.5729292000105488,16.38467916677655,0.09833109998726286,1.5985942000042996,96,9.741197962848114e-08,9.841532526422281e-08
101,63,77,7392,0.45,0.375,0.25,0,0,0,0,0,0,1.2048334329843902,0.9594102460188751,1.0014697471290006,0.9594102460188751,1.0014697471290006,0,0.0,0,0.0,0.0,0,0,0,0,0.023158799980592448,0.241237499797838,0.0,0.0,0.0,0.0,1.4019282000372186,14.603418750387695,0.08687459996144753,1.425087000017811,96,9.487738628598252e-08,9.6604118038357e-08
101,64,78,7488,0.45,0.375,0.25,0,0,0,0,0,0,1.7982669684274448,0.9541760300961862,1.0029716117388425,0.9541760300961862,1.0029716117388425,0,0.0,0,0.0,0.0,0,0,0,0,0.030038000004424248,0.31289583337941923,0.0,0.0,0.0,0.0,1.9090551000481355,19.88599062550141,0.11900489999243291,1.9390931000525597,96,8.89406134418208e-08,9.207486155460298e-08
101,65,79,7584,0.45,0.375,0.25,0,0,0,0,0,0,1.7848320685362706,0.9549402101633221,1.0037742308841189,0.9549402101633221,1.0037742308841189,0,0.0,0,0.0,0.0,0,0,0,0,0.03038990001368802,0.3165614584759169,0.0,0.0,0.0,0.0,1.8371022999999695,19.13648229166635,0.1146987000174704,1.8674922000136576,96,8.997453167930436e-08,9.289421336322601e-08
101,66,80,7680,0.45,0.375,0.25,0,0,0,0,0,0,1.768148107841304,0.9545737057969544,1.005812748308713,0.9545737057969544,1.005812748308713,0,0.0,0,0.0,0.0,0,0,0,0,0.025065500078198966,0.2610989591479059,0.0,0.0,0.0,0.0,1.5427011000210769,16.06980312521955,0.09575439995387569,1.5677666000992758,96,8.587107030652574e-08,9.902975967035488e-08
101,67,81,7776,0.45,0.375,0.25,0,0,0,0,0,0,1.6960664958712726,0.9550814321578147,1.0067928042089287,0.9550814321578147,1.0067928042089287,0,0.0,0,0.0,0.0,0,0,0,0,0.026894400027231313,0.2801500002836595,0.0,0.0,0.0,0.0,1.6638179999936256,17.3314374999336,0.1014570000115782,1.6907124000208569,96,9.640350794558328e-08,9.822412501414579e-08
101,68,82,7872,0.45,0.375,0.25,0,0,0,0,0,0,1.5649901602458403,0.9562054052589496,1.0085504433151578,0.9562054052589496,1.0085504433151578,0,0.0,0,0.0,0.0,0,0,0,0,0.025488000006589573,0.2655000000686414,0.0,0.0,0.0,0.0,1.5055091000322136,15.68238645866889,0.09446729996125214,1.5309971000388032,96,9.325877329061094e-08,9.976556213098231e-08
101,69,83,7968,0.45,0.375,0.25,0,0,0,0,0,0,1.0676323825088554,0.9622365721769637,1.0182494423806,0.9622365721769637,1.0182494423806,0,0.0,0,0.0,0.0,0,0,0,0,0.024647500016726553,0.2567447918409016,0.0,0.0,0.0,0.0,1.5169116000543,15.801162500565624,0.09528849995695055,1.5415591000710265,96,8.014846782783414e-08,9.258829702929461e-08
101,70,84,8064,0.45,0.375,0.25,0,0,0,0,0,0,0.9173154504530375,0.9645937023749371,1.0234244572786682,0.9645937023749371,1.0234244572786682,0,0.0,0,0.0,0.0,0,0,0,0,0.02551079999830108,0.26573749998230295,0.0,0.0,0.0,0.0,1.507949999977427,15.707812499764866,0.09207990000868449,1.5334607999757282,96,4.7703931568832125e-08,9.073467678588631e-08
101,71,85,8160,0.45,0.375,0.25,0,0,0,0,0,0,1.4581580657226532,0.9575957391284666,1.0166172705777603,0.9575957391284666,1.0166172705777603,0,0.0,0,0.0,0.0,0,0,0,0,0.026307600004656706,0.27403750004850735,0.0,0.0,0.0,0.0,1.6603082000438008,17.29487708378959,0.10574479997012531,1.6866158000484575,96,9.590188101114838e-08,9.968559026851675e-08
101,72,86,8256,0.45,0.375,0.25,0,0,0,0,0,0,1.4789514865345776,0.957562589562156,1.0151256497359757,0.957562589562156,1.0151256497359757,0,0.0,0,0.0,0.0,0,0,0,0,0.026192300036200322,0.27283645871042,0.0,0.0,0.0,0.0,1.5993373000819702,16.659763542520523,0.09932639999169623,1.6255296001181705,96,9.538412476528535e-08,9.965768456993152e-08
101,73,87,8352,0.45,0.375,0.25,0,0,0,0,0,0,1.5633701797831976,0.9565064964506544,1.0079142929200384,0.9565064964506544,1.0079142929200384,0,0.0,0,0.0,0.0,0,0,0,0,0.02560430001176428,0.2667114584558779,0.0,0.0,0.0,0.0,1.5893667999771424,16.555904166428565,0.0924401000229409,1.6149710999889066,96,8.679397913921583e-08,9.859707446324695e-08
101,74,88,8448,0.45,0.375,0.25,0,0,0,0,0,0,1.4844544530358783,0.9573060715338778,1.0108855735726756,0.9573060715338778,1.0108855735726756,0,0.0,0,0.0,0.0,0,0,0,0,0.026613500034727622,0.2772239586950794,0.0,0.0,0.0,0.0,1.5844394000450848,16.504577083802968,0.09624299999995856,1.6110529000798124,96,9.364312851187218e-08,9.774058278011477e-08
101,75,89,8544,0.45,0.375,0.25,0,0,0,0,0,0,1.3929481386010287,0.9577964041719864,1.0130659297804077,0.9577964041719864,1.0130659297804077,0,0.0,0,0.0,0.0,0,0,0,0,0.02551290003611939,0.26575937537624367,0.0,0.0,0.0,0.0,1.544917000028363,16.092885416962115,0.09733019999112003,1.5704299000644824,96,9.166571649302235e-08,9.921041078941872e-08
101,76,90,8640,0.45,0.375,0.25,0,0,0,0,0,0,0.9471444284791857,0.9653725482321617,1.0119161583528118,0.9653725482321617,1.0119161583528118,0,0.0,0,0.0,0.0,0,0,0,0,0.025859800014586654,0.269372916818611,0.0,0.0,0.0,0.0,1.5922651000146288,16.58609479181905,0.10041699997964315,1.6181249000292155,96,4.0946575696060306e-08,8.18012681202962e-08
101,77,91,8736,0.45,0.375,0.25,0,0,0,0,0,0,0.8139312294865894,0.9662449117212344,1.0114871113916726,0.9662449117212344,1.0114871113916726,0,0.0,0,0.0,0.0,0,0,0,0,0.02600390001316555,0.27087395847047446,0.0,0.0,0.0,0.0,1.6004785999466549,16.671652082777655,0.09873870001320029,1.6264824999598204,96,3.405361176204991e-08,5.795108215349287e-08
101,78,93,8928,0.45,0.375,0.25,0,0,0,0,0,0,1.4185800528238914,0.9582781481096677,1.0083087868056304,0.9582781481096677,1.0083087868056304,0,0.0,0,0.0,0.0,0,0,0,0,0.025563499999407213,0.26628645832715847,0.0,0.0,0.0,0.0,1.5861533000061172,16.522430208397054,0.09520390001125634,1.6117168000055244,96,8.985920844223338e-08,9.481684513923394e-08
101,79,94,9024,0.45,0.375,0.25,0,0,0,0,0,0,1.5382096948438406,0.9572285855925561,1.0087659480089473,0.9572285855925561,1.0087659480089473,0,0.0,0,0.0,0.0,0,0,0,0,0.024870999994163867,0.2590729166058736,0.0,0.0,0.0,0.0,1.5819900000060443,16.479062500062962,0.09998980005184421,1.6068610000002082,96,8.346445526039026e-08,9.429982433806217e-08
101,80,95,9120,0.45,0.375,0.25,0,0,0,0,0,0,1.514258981422235,0.9577231476377223,1.008337743129644,0.9577231476377223,1.008337743129644,0,0.0,0,0.0,0.0,0,0,0,0,0.024659400012751576,0.2568687501328289,0.0,0.0,0.0,0.0,1.4911362999555422,15.532669791203565,0.09369120000337716,1.5157956999682938,96,9.603762603747901e-08,9.993619161374756e-08
101,81,96,9216,0.45,0.375,0.25,0,0,0,0,0,0,1.5239341131552495,0.9568801735257586,1.0062813294075061,0.9568801735257586,1.0062813294075061,0,0.0,0,0.0,0.0,0,0,0,0,0.02625940002326388,0.27353541690899874,0.0,0.0,0.0,0.0,1.570917900011409,16.363728125118843,0.09489389997906983,1.597177300034673,96,8.859238138231307e-08,9.967480167627496e-08
101,82,97,9312,0.45,0.375,0.25,0,0,0,0,0,0,0.9755261169509215,0.9652160120618734,1.0103575195692018,0.9652160120618734,1.0103575195692018,0,0.0,0,0.0,0.0,0,0,0,0,0.027876200030732434,0.2903770836534629,0.0,0.0,0.0,0.0,1.689471399942704,17.598660416069833,0.1057942000188632,1.7173475999734364,96,4.2336790488303744e-08,5.141597932134534e-08
101,83,98,9408,0.45,0.375,0.25,0,0,0,0,0,0,0.9080579510343754,0.9664647423363053,1.0278591264929096,0.9664647423363053,1.0278591264929096,0,0.0,0,0.0,0.0,0,0,0,0,0.025487100007012486,0.2654906250730467,0.0,0.0,0.0,0.0,1.537270399974659,16.013233333069365,0.09394969999266323,1.5627574999816716,96,3.711036936082657e-08,9.80219773839136e-08
101,84,99,9504,0.45,0.375,0.25,0,0,0,0,0,0,1.3933909269029388,0.9583720888168192,1.0108785248865029,0.9583720888168192,1.0108785248865029,0,0.0,0,0.0,0.0,0,0,0,0,0.029127899993909523,0.30341562493655755,0.0,0.0,0.0,0.0,1.7298835000183317,18.01961979185762,0.10090089999721386,1.7590114000122412,96,9.066392145720692e-08,9.799657488263058e-08
101,85,100,9600,0.45,0.375,0.25,0,0,0,0,0,0,1.4471644956784981,0.958461461322436,1.0094315626655526,0.958461461322436,1.0094315626655526,0,0.0,0,0.0,0.0,0,0,0,0,0.027846000048157293,0.29006250050163845,0.0,0.0,0.0,0.0,1.7135868000477785,17.849862500497693,0.10357279997697333,1.7414328000959358,96,8.73439115478547e-08,9.693914324038211e-08
101,86,101,9696,0.45,0.375,0.25,0,0,0,0,0,0,1.5326020770360027,0.9579301037646013,1.0078998769701175,0.9579301037646013,1.0078998769701175,0,0.0,0,0.0,0.0,0,0,0,0,0.02752100003999658,0.28667708374996437,0.0,0.0,0.0,0.0,1.6070213000421063,16.73980520877194,0.10012069998629158,1.6345423000821029,96,9.165670897606781e-08,9.480345328216622e-08
101,87,102,9792,0.45,0.375,0.25,0,0,0,0,0,0,1.449223730703596,0.9581137952278291,1.0058872806950598,0.9581137952278291,1.0058872806950598,0,0.0,0,0.0,0.0,0,0,0,0,0.027526600046257954,0.28673541714852036,0.0,0.0,0.0,0.0,1.654611600053613,17.23553750055847,0.10059619995445246,1.682138200099871,96,9.728231469517679e-08,9.831937770876653e-08
101,88,103,9888,0.45,0.375,0.25,0,0,0,0,0,0,0.8390177633432283,0.9673878187960732,1.0087608398784553,0.9673878187960732,1.0087608398784553,0,0.0,0,0.0,0.0,0,0,0,0,0.02701050000905525,0.2813593750943255,0.0,0.0,0.0,0.0,1.633818899972539,17.018946874713947,0.10172509998665191,1.6608293999815942,96,2.562174421412433e-08,3.3923454739737124e-08
101,89,104,9984,0.45,0.375,0.25,0,0,0,0,0,0,0.9293309461809215,0.9658576221686785,1.0052552888705593,0.9658576221686785,1.0052552888705593,0,0.0,0,0.0,0.0,0,0,0,0,0.026893599992035888,0.28014166658370715,0.0,0.0,0.0,0.0,1.5596015000483021,16.24584895883648,0.09399819996906444,1.586495100040338,96,3.5647757176682227e-08,4.53197940980532e-08
101,90,105,10080,0.45,0.375,0.25,0,0,0,0,0,0,0.7311065281477455,0.9684236695380462,1.0074453574685833,0.9684236695380462,1.0074453574685833,0,0.0,0,0.0,0.0,0,0,0,0,0.02630249999492662,0.2739843749471523,0.0,0.0,0.0,0.0,1.6872468999645207,17.57548854129709,0.10396250002668239,1.7135493999594473,96,1.769103233264374e-08,2.380331709517236e-08
101,91,106,10176,0.45,0.375,0.25,0,0,0,0,0,0,0.7872555073087977,0.9671923595968127,1.006881998001188,0.9671923595968127,1.006881998001188,0,0.0,0,0.0,0.0,0,0,0,0,0.027755499999329913,0.2891197916596866,0.0,0.0,0.0,0.0,1.7084362999958103,17.79621145828969,0.1064789999727509,1.7361917999951402,96,2.717561421554382e-08,3.5885076646313685e-08
101,92,108,10368,0.45,0.375,0.25,0,0,0,0,0,0,1.4920766092470574,0.9586586954142553,1.006799634129003,0.9586586954142553,1.006799634129003,0,0.0,0,0.0,0.0,0,0,0,0,0.02510460002667969,0.26150625027791347,0.0,0.0,0.0,0.0,1.663477399983094,17.32788958315723,0.10144850002689054,1.6885820000097738,96,8.984087524269158e-08,9.627443238457989e-08
101,93,109,10464,0.45,0.375,0.25,0,0,0,0,0,0,1.4349061719285654,0.9589316699694459,1.012104751832859,0.9589316699694459,1.012104751832859,0,0.0,0,0.0,0.0,0,0,0,0,0.024680900023668073,0.25709270857987576,0.0,0.0,0.0,0.0,1.6922185999719659,17.62727708304131,0.103367600007914,1.716899499995634,96,9.4912520195653e-08,9.907491077543185e-08
101,94,110,10560,0.45,0.375,0.25,0,0,0,0,0,0,1.4506683286212483,0.958675181019537,1.0106008650202303,0.958675181019537,1.0106008650202303,0,0.0,0,0.0,0.0,0,0,0,0,0.02502599998115329,0.2606874998036801,0.0,0.0,0.0,0.0,1.6736782999578281,17.434148957894042,0.1016679000313161,1.6987042999389814,96,8.587343241009404e-08,9.880253275251771e-08
101,95,111,10656,0.45,0.375,0.25,0,0,0,0,0,0,1.0808231269810287,0.9639922047354766,1.0062281768231296,0.9639922047354766,1.0062281768231296,0,0.0,0,0.0,0.0,0,0,0,0,0.02513669998734258,0.2618406248681519,0.0,0.0,0.0,0.0,1.6618420000595506,17.310854167286987,0.10240009998960886,1.6869787000468932,96,4.771637526941597e-08,6.116795063515479e-08
101,96,112,10752,0.45,0.375,0.25,0,0,0,0,0,0,0.8743704910110716,0.9657617541348916,1.0092196799960325,0.9657617541348916,1.0092196799960325,0,0.0,0,0.0,0.0,0,0,0,0,0.025268500001402572,0.2632135416812768,0.0,0.0,0.0,0.0,1.6876917000263347,17.58012187527432,0.10659819997817976,1.7129602000277373,96,3.760145571643503e-08,4.665794549330027e-08
101,97,113,10848,0.45,0.375,0.25,0,0,0,0,0,0,1.4207259779158972,0.9586018775292393,1.0136395343500686,0.9586018775292393,1.0136395343500686,0,0.0,0,0.0,0.0,0,0,0,0,0.02613669997663237,0.2722572914232539,0.0,0.0,0.0,0.0,1.6971944000397343,17.679108333747234,0.10357309995015385,1.7233311000163667,96,9.799044431782478e-08,9.997885880297375e-08
101,98,115,11040,0.45,0.375,0.25,0,0,0,0,0,0,1.581894977327262,0.9574537791915003,1.005753090430516,0.9574537791915003,1.005753090430516,0,0.0,0,0.0,0.0,0,0,0,0,0.02623069998662686,0.2732364581940298,0.0,0.0,0.0,0.0,1.800622500028112,18.756484375292832,0.1099941999418661,1.8268532000147388,96,9.569664167000114e-08,9.978322439152532e-08
101,99,116,11136,0.45,0.375,0.25,0,0,0,0,0,0,1.5491866343024123,0.9582286957961731,1.006169803635591,0.9582286957961731,1.006169803635591,0,0.0,0,0.0,0.0,0,0,0,0,0.025905099995725323,0.26984479162213876,0.0,0.0,0.0,0.0,1.7405615999596193,18.130849999579368,0.10816760003945092,1.7664666999553447,96,8.75186105444431e-08,9.693580986513961e-08
101,100,117,11232,0.45,0.375,0.25,0,0,0,0,0,0,1.4799584309208762,0.9584807732041661,1.0055440813581487,0.9584807732041661,1.0055440813581487,0,0.0,0,0.0,0.0,0,0,0,0,0.02488180003274465,0.25918541700775677,0.0,0.0,0.0,0.0,1.625635999989754,16.933708333226605,0.10211310003796825,1.6505178000224987,96,8.977508420687785e-08,9.601276523829583e-08
101,101,118,11328,0.45,0.375,0.25,0,0,0,0,0,0,0.9216620459318879,0.966297867802106,1.0100839179069006,0.966297867802106,1.0100839179069006,0,0.0,0,0.0,0.0,0,0,0,0,0.025522899988573045,0.26586354154763586,0.0,0.0,0.0,0.0,1.7390716999798315,18.115330208123243,0.10702729999320582,1.7645945999684045,96,3.374820156838709e-08,4.2507437708616536e-08
101,102,121,11616,0.45,0.375,0.25,0,0,0,0,0,0,1.565135855242047,0.9573588851597287,1.0049182978884332,0.9573588851597287,1.0049182978884332,0,0.0,0,0.0,0.0,0,0,0,0,0.02666610007872805,0.27777187582008384,0.0,0.0,0.0,0.0,1.7945084999664687,18.692796874650714,0.11025610000069719,1.8211746000451967,96,8.435792924442465e-08,9.956191343585274e-08
101,103,122,11712,0.45,0.375,0.25,0,0,0,0,0,0,1.5117712984683516,0.9580580735556647,1.0072689353832647,0.9580580735556647,1.0072689353832647,0,0.0,0,0.0,0.0,0,0,0,0,0.026038600015453994,0.2712354168276458,0.0,0.0,0.0,0.0,1.7817563999415142,18.559962499390775,0.11016060003021266,1.8077949999569682,96,9.279327689050432e-08,9.809576081987181e-08
101,104,123,11808,0.45,0.375,0.25,0,0,0,0,0,0,1.6753512417288305,0.9571533200732963,1.004242830476774,0.9571533200732963,1.004242830476774,0,0.0,0,0.0,0.0,0,0,0,0,0.02535050000733463,0.26406770840973576,0.0,0.0,0.0,0.0,1.699372899987793,17.70180104153951,0.10558500002662186,1.7247233999951277,96,9.575705560947723e-08,9.711844793647284e-08
101,105,124,11904,0.45,0.375,0.25,0,0,0,0,0,0,1.5200206974319437,0.957338574371661,1.0040778581108403,0.957338574371661,1.0040778581108403,0,0.0,0,0.0,0.0,0,0,0,0,0.026051600041682832,0.2713708337675295,0.0,0.0,0.0,0.0,1.7805835999388364,18.54774583269621,0.10993580003560055,1.8066351999805192,96,9.858305812307511e-08,9.98982468969345e-08
101,106,125,12000,0.45,0.375,0.25,0,0,0,0,0,0,0.9364138008843583,0.9668539002138778,1.012097329340357,0.9668539002138778,1.012097329340357,0,0.0,0,0.0,0.0,0,0,0,0,0.023851199955970515,0.24844999954135955,0.0,0.0,0.0,0.0,1.6224182000514702,16.90018958386948,0.10018149996903958,1.6462694000074407,96,2.8200634171610117e-08,9.071304046467943e-08
101,107,126,12096,0.45,0.375,0.25,0,0,0,0,0,0,0.8260762449674512,0.9665819543095198,1.0081693333507684,0.9665819543095198,1.0081693333507684,0,0.0,0,0.0,0.0,0,0,0,0,0.024477000035403762,0.2549687503687892,0.0,0.0,0.0,0.0,1.6716348999761976,17.412863541418726,0.10320690001390176,1.6961119000116014,96,3.1504334358292696e-08,4.0330014466904984e-08
101,108,127,12192,0.45,0.375,0.25,0,0,0,0,0,0,1.6220630619361158,0.9569692760582666,1.0020350151924964,0.9569692760582666,1.0020350151924964,0,0.0,0,0.0,0.0,0,0,0,0,0.02626290004263865,0.27357187544415257,0.0,0.0,0.0,0.0,1.7706136000488186,18.443891667175194,0.10912010001629824,1.7968765000914573,96,9.671987306544838e-08,9.865754879712085e-08
101,109,128,12288,0.45,0.375,0.25,0,0,0,0,0,0,1.343779877306845,0.9598858764350112,1.0089867694142365,0.9598858764350112,1.0089867694142365,0,0.0,0,0.0,0.0,0,0,0,0,0.025064800021937117,0.2610916668951783,0.0,0.0,0.0,0.0,1.7293675000109943,18.01424479178119,0.10736759996507317,1.7544323000329314,96,9.799724834565204e-08,9.890685596924964e-08
101,110,130,12480,0.45,0.375,0.25,0,0,0,0,0,0,1.333473705903535,0.9594010033825924,1.0148320681838683,0.9594010033825924,1.0148320681838683,0,0.0,0,0.0,0.0,0,0,0,0,0.023041099979309365,0.2400114581178059,0.0,0.0,0.0,0.0,1.610826600001019,16.779443750010614,0.09970390002854401,1.6338676999803283,96,9.819380113705589e-08,9.89570323600697e-08
101,111,131,12576,0.45,0.375,0.25,0,0,0,0,0,0,1.309453074035423,0.9594327619175915,1.0098482003826483,0.9594327619175915,1.0098482003826483,0,0.0,0,0.0,0.0,0,0,0,0,0.02468780003982829,0.25716458374821133,0.0,0.0,0.0,0.0,1.6935454999984358,17.64109895831704,0.10514029995829333,1.7182333000382641,96,8.585370091934719e-08,9.97775526090372e-08
101,112,132,12672,0.45,0.375,0.25,0,0,0,0,0,0,0.8966801609842034,0.9670766503423458,1.0108992336227047,0.9670766503423458,1.0108992336227047,0,0.0,0,0.0,0.0,0,0,0,0,0.024940300019807182,0.2597947918729915,0.0,0.0,0.0,0.0,1.6698413999911281,17.394181249907586,0.10489100001723273,1.6947817000109353,96,2.645621269802001e-08,4.769783939345684e-08
101,113,133,12768,0.45,0.375,0.25,0,0,0,0,0,0,0.753145300760193,0.9677834793858431,1.0108410690506187,0.9677834793858431,1.0108410690506187,0,0.0,0,0.0,0.0,0,0,0,0,0.025757399984286167,0.26830624983631424,0.0,0.0,0.0,0.0,1.7374279000796378,18.098207292496227,0.10758129994792398,1.763185300063924,96,2.2484267360282917e-08,4.324152598489395e-08
101,114,134,12864,0.45,0.375,0.25,0,0,0,0,0,0,1.2351407886659587,0.96042951207004,1.012359919104966,0.96042951207004,1.012359919104966,0,0.0,0,0.0,0.0,0,0,0,0,0.02492489997530356,0.2596343747427454,0.0,0.0,0.0,0.0,1.6859421999688493,17.56189791634218,0.10454370002116775,1.7108670999441529,96,9.659952449926623e-08,9.853169016804664e-08
101,115,135,12960,0.45,0.375,0.25,0,0,0,0,0,0,1.3245759182636794,0.9596396542524935,1.0115346039120066,0.9596396542524935,1.0115346039120066,0,0.0,0,0.0,0.0,0,0,0,0,0.02489199996489333,0.25929166630097217,0.0,0.0,0.0,0.0,1.6624914000713034,17.317618750742742,0.10305810000136262,1.6873834000361967,96,9.819734466537389e-08,9.913827585250612e-08
101,116,136,13056,0.45,0.375,0.25,0,0,0,0,0,0,1.3552418036794376,0.9595522078206601,1.016277486405055,0.9595522078206601,1.016277486405055,0,0.0,0,0.0,0.0,0,0,0,0,0.026403599993500393,0.27503749993229576,0.0,0.0,0.0,0.0,1.799052300004405,18.740128125045885,0.11142069996276405,1.8254558999979054,96,9.755617329590405e-08,9.892616649465058e-08
101,117,137,13152,0.45,0.375,0.25,0,0,0,0,0,0,1.3331622094574807,0.9597725531270191,1.0110976929999624,0.9597725531270191,1.0110976929999624,0,0.0,0,0.0,0.0,0,0,0,0,0.025261100046918727,0.2631364588220701,0.0,0.0,0.0,0.0,1.6781638000175008,17.480872916848966,0.10378750000381842,1.7034249000644195,96,9.819989790077477e-08,9.953193720602105e-08
101,118,139,13344,0.45,0.375,0.25,0,0,0,0,0,0,0.8678442223077021,0.9678051150850049,1.0111063054846263,0.9678051150850049,1.0111063054846263,0,0.0,0,0.0,0.0,0,0,0,0,0.02631649997056229,0.2741302080266905,0.0,0.0,0.0,0.0,1.7706544999819016,18.44431770814481,0.11087609997775871,1.796970999952464,96,2.1536204594836683e-08,5.47749884512172e-08
101,119,140,13440,0.45,0.375,0.25,0,0,0,0,0,0,0.7806528709276552,0.9676263240717458,1.017079946125361,0.9676263240717458,1.017079946125361,0,0.0,0,0.0,0.0,0,0,0,0,0.025884600028803106,0.2696312503000324,0.0,0.0,0.0,0.0,1.7407100000200444,18.13239583354213,0.10849679999228101,1.7665946000488475,96,3.545349250289043e-08,9.219241387664612e-08
101,120,141,13536,0.45,0.375,0.25,0,0,0,0,0,0,1.2122188320180831,0.961068299085197,1.0136496084996003,0.961068299085197,1.0136496084996003,0,0.0,0,0.0,0.0,0,0,0,0,0.02670489998126868,0.2781760414715488,0.0,0.0,0.0,0.0,1.8207384000488673,18.966025000509035,0.11333009997179033,1.847443300030136,96,9.129792480182253e-08,9.938499724582162e-08
101,121,142,13632,0.45,0.375,0.25,0,0,0,0,0,0,1.302558475232072,0.9596740843133742,1.0135084276570139,0.9596740843133742,1.0135084276570139,0,0.0,0,0.0,0.0,0,0,0,0,0.02509830002236413,0.2614406252329597,0.0,0.0,0.0,0.0,1.6639620999631006,17.3329385412823,0.10161960004188586,1.6890603999854648,96,9.701616579538275e-08,9.965425658287064e-08
101,122,144,13824,0.45,0.375,0.25,0,0,0,0,0,0,0.7849695895104706,0.9683027821777694,1.017077644907973,0.9683027821777694,1.017077644907973,0,0.0,0,0.0,0.0,0,0,0,0,0.025820499977271538,0.26896354142991186,0.0,0.0,0.0,0.0,1.7523892000026535,18.254054166694306,0.1074204000105965,1.778209699979925,96,3.79897691082931e-08,9.645456983033845e-08
101,123,145,13920,0.45,0.375,0.25,0,0,0,0,0,0,1.016278336126446,0.9653950755073618,1.024406243569563,0.9653950755073618,1.024406243569563,0,0.0,0,0.0,0.0,0,0,0,0,0.02383789998566499,0.2483114581840103,0.0,0.0,0.0,0.0,1.6516437000027508,17.204621875028653,0.10404999998718267,1.6754815999884158,96,4.3435280927539566e-08,8.910837965073193e-08
101,124,146,14016,0.45,0.375,0.25,0,0,0,0,0,0,0.9340427946650908,0.9678384803043558,1.0288718284077547,0.9678384803043558,1.0288718284077547,0,0.0,0,0.0,0.0,0,0,0,0,0.02603390000149375,0.2711864583488932,0.0,0.0,0.0,0.0,1.7436804000099073,18.1633375001032,0.10958009999012575,1.769714300011401,96,5.659218288434076e-08,9.136303914802912e-08
101,125,147,14112,0.45,0.375,0.25,0,0,0,0,0,0,0.8345327820472258,0.9674511958676338,1.0252672852744318,0.9674511958676338,1.0252672852744318,0,0.0,0,0.0,0.0,0,0,0,0,0.025802500022109598,0.26877604189697496,0.0,0.0,0.0,0.0,1.7185384999684175,17.90144270800435,0.10574730001098942,1.744340999990527,96,2.9577989085760592e-08,7.812857210146018e-08
101,126,148,14208,0.45,0.375,0.25,0,0,0,0,0,0,1.287092246823468,0.9594792982101858,1.0141081349070682,0.9594792982101858,1.0141081349070682,0,0.0,0,0.0,0.0,0,0,0,0,0.02344290002656635,0.24419687527673278,0.0,0.0,0.0,0.0,1.5658714000164764,16.311160416838295,0.09752699999808101,1.5893143000430427,96,9.900427382428245e-08,9.970794349889456e-08
101,127,150,14400,0.45,0.375,0.25,0,0,0,0,0,0,1.295232556151814,0.9603369676917282,1.0119286031373673,0.9603369676917282,1.0119286031373673,0,0.0,0,0.0,0.0,0,0,0,0,0.023826100004953332,0.24818854171826388,0.0,0.0,0.0,0.0,1.5690396999489167,16.34416354113455,0.09786110003187787,1.59286579995387,96,8.939023648027455e-08,9.875221321231642e-08
101,128,152,14592,0.45,0.375,0.25,0,0,0,0,0,0,1.2192932759331192,0.962195051151526,1.0139660582809824,0.962195051151526,1.0139660582809824,0,0.0,0,0.0,0.0,0,0,0,0,0.026083899989316706,0.27170729155538237,0.0,0.0,0.0,0.0,1.7384158999484498,18.108498957796353,0.10746880000806414,1.7644997999377665,96,6.258369718292744e-08,8.727052015072845e-08
101,129,153,14688,0.45,0.375,0.25,0,0,0,0,0,0,0.8515138827849046,0.9682197498452746,1.0119509220761174,0.9682197498452746,1.0119509220761174,0,0.0,0,0.0,0.0,0,0,0,0,0.024905800011765677,0.2594354167892258,0.0,0.0,0.0,0.0,1.6547083999976167,17.236545833308508,0.10203670000919374,1.6796142000093823,96,2.011493931055458e-08,8.44364577215484e-08
101,130,154,14784,0.45,0.375,0.25,0,0,0,0,0,0,0.666990103303548,0.969795660736567,1.0091430572938231,0.969795660736567,1.0091430572938231,0,0.0,0,0.0,0.0,0,0,0,0,0.025887499970849603,0.2696614580296834,0.0,0.0,0.0,0.0,1.6127013999648625,16.798972916300652,0.09915820001333486,1.638588899935712,96,1.0850794108716033e-08,1.4780991638985164e-08
101,131,155,14880,0.45,0.375,0.25,0,0,0,0,0,0,0.6875453543201481,0.96855936399796,1.0115311198943322,0.96855936399796,1.0115311198943322,0,0.0,0,0.0,0.0,0,0,0,0,0.025835299944446888,0.2691177077546551,0.0,0.0,0.0,0.0,1.5674908000364667,16.328029167046527,0.09868189998087473,1.5933260999809136,96,1.644137590829653e-08,5.990529539437461e-08
101,132,156,14976,0.45,0.375,0.25,0,0,0,0,0,0,1.2863937332016644,0.9603060143024004,1.0063603237300687,0.9603060143024004,1.0063603237300687,0,0.0,0,0.0,0.0,0,0,0,0,0.023784299970429856,0.2477531246919777,0.0,0.0,0.0,0.0,1.4765740999937407,15.380980208268133,0.09141389997239457,1.5003583999641705,96,9.234348252208646e-08,9.515864894671378e-08
101,133,157,15072,0.45,0.375,0.25,0,0,0,0,0,0,1.3403460212639855,0.9593738264079215,1.010089709967973,0.9593738264079215,1.010089709967973,0,0.0,0,0.0,0.0,0,0,0,0,0.02587530000892002,0.2695343750929169,0.0,0.0,0.0,0.0,1.6747332000450115,17.44513750046887,0.10268430001451634,1.7006085000539315,96,9.569147588900373e-08,9.806502512810233e-08
101,134,158,15168,0.45,0.375,0.25,0,0,0,0,0,0,1.2426801423558957,0.9611244623096213,1.0117282420831748,0.9611244623096213,1.0117282420831748,0,0.0,0,0.0,0.0,0,0,0,0,0.02306290002889,0.24023854196760416,0.0,0.0,0.0,0.0,1.505161099936231,15.678761457669072,0.09379010004340671,1.528223999965121,96,8.882768439202882e-08,9.657998310819149e-08
101,135,159,15264,0.45,0.375,0.25,0,0,0,0,0,0,1.2403446899433919,0.961197508745194,1.0098653682859866,0.961197508745194,1.0098653682859866,0,0.0,0,0.0,0.0,0,0,0,0,0.02353089998359792,0.24511354149581166,0.0,0.0,0.0,0.0,1.566520699991088,16.3179239582405,0.0986563000260503,1.5900515999746858,96,7.200942764816476e-08,9.293586518410724e-08
101,136,160,15360,0.45,0.375,0.25,0,0,0,0,0,0,0.8885325457012175,0.9683992180768222,1.0199101911824318,0.9683992180768222,1.0199101911824318,0,0.0,0,0.0,0.0,0,0,0,0,0.023632199976418633,0.24616874975436076,0.0,0.0,0.0,0.0,1.4717592999732005,15.330826041387505,0.0920661000200198,1.4953914999496192,96,2.301110385571903e-08,9.607367242037146e-08
101,137,161,15456,0.45,0.375,0.25,0,0,0,0,0,0,0.8691546597828205,0.9674356542471729,1.0282386367454868,0.9674356542471729,1.0282386367454868,0,0.0,0,0.0,0.0,0,0,0,0,0.02483789997495478,0.2587281247391123,0.0,0.0,0.0,0.0,1.5654569999533123,16.30684374951367,0.09583560004102765,1.5902948999282671,96,4.259168670528446e-08,9.488980871885655e-08
101,138,162,15552,0.45,0.375,0.25,0,0,0,0,0,0,1.3035877734209467,0.9598318612155909,1.0104823845628592,0.9598318612155909,1.0104823845628592,0,0.0,0,0.0,0.0,0,0,0,0,0.026632299945049454,0.2774197910942651,0.0,0.0,0.0,0.0,1.7290335999059607,18.01076666568709,0.10843000002205372,1.7556658998510102,96,9.426438928039627e-08,9.662335986870829e-08
101,139,163,15648,0.45,0.375,0.25,0,0,0,0,0,0,1.2928262446984318,0.9605577300637208,1.010059956740855,0.9605577300637208,1.010059956740855,0,0.0,0,0.0,0.0,0,0,0,0,0.023086800036253408,0.24048750037763966,0.0,0.0,0.0,0.0,1.4589090999870677,15.196969791531956,0.09204090001003351,1.4819959000233212,96,8.765453486311858e-08,9.964200270440315e-08
101,140,165,15840,0.45,0.375,0.25,0,0,0,0,0,0,1.0089967205440173,0.9650769703829509,1.0219517068623944,0.9650769703829509,1.0219517068623944,0,0.0,0,0.0,0.0,0,0,0,0,0.02233510002406547,0.23265729191734863,0.0,0.0,0.0,0.0,1.3320280000480125,13.875291667166797,0.08139559995470336,1.354363100072078,96,3.787252710225897e-08,8.070724659761663e-08
101,141,166,15936,0.45,0.375,0.25,0,0,0,0,0,0,1.1190898991025564,0.963130113212834,1.0100498257289103,0.963130113212834,1.0100498257289103,0,0.0,0,0.0,0.0,0,0,0,0,0.02675830004591262,0.2787322921449231,0.0,0.0,0.0,0.0,1.6363078000067617,17.044872916737102,0.10125839997635921,1.6630661000526743,96,5.0128451728123635e-08,6.540823722922529e-08
101,142,168,16128,0.45,0.375,0.25,0,0,0,0,0,0,0.8271426938531798,0.9675847976832279,1.0250371822815139,0.9675847976832279,1.0250371822815139,0,0.0,0,0.0,0.0,0,0,0,0,0.0288798999536084,0.30083229118342086,0.0,0.0,0.0,0.0,1.8737236999950255,19.517955208281517,0.11556710001605097,1.902603599948634,96,3.738723650115183e-08,9.629999029973912e-08
101,143,169,16224,0.45,0.375,0.25,0,0,0,0,0,0,1.281275420445259,0.9598875927750766,1.0165693354460386,0.9598875927750766,1.0165693354460386,0,0.0,0,0.0,0.0,0,0,0,0,0.026970200044161174,0.28093958379334555,0.0,0.0,0.0,0.0,1.6890579999817419,17.594354166476478,0.10805570000957232,1.716028200025903,96,9.407817466028368e-08,9.662957121958637e-08
101,144,170,16320,0.45,0.375,0.25,0,0,0,0,0,0,1.3468666560316676,0.959745563969133,1.01393754998099,0.959745563969133,1.01393754998099,0,0.0,0,0.0,0.0,0,0,0,0,0.027385600042180158,0.2852666671060433,0.0,0.0,0.0,0.0,1.6773514000378782,17.47241041706123,0.10407519997534109,1.7047370000800584,96,9.008956082003083e-08,9.484117997893282e-08
101,145,171,16416,0.45,0.375,0.25,0,0,0,0,0,0,1.3245520414212961,0.9604396028034167,1.0140760874861163,0.9604396028034167,1.0140760874861163,0,0.0,0,0.0,0.0,0,0,0,0,0.025444899969443213,0.2650510413483668,0.0,0.0,0.0,0.0,1.6177622999457526,16.851690624434923,0.101102400032687,1.6432071999151958,96,9.121548657023415e-08,9.478881700386577e-08
101,146,172,16512,0.45,0.375,0.25,0,0,0,0,0,0,1.4103401461518794,0.9584152877046014,1.0127350202016034,0.9584152877046014,1.0127350202016034,0,0.0,0,0.0,0.0,0,0,0,0,0.025786400015931576,0.26860833349928726,0.0,0.0,0.0,0.0,1.5989906000177143,16.656152083517856,0.09856239997316152,1.624777000033646,96,9.298429379765716e-08,9.929991016954798e-08
101,147,174,16704,0.45,0.375,0.25,0,0,0,0,0,0,0.9325157561623604,0.9669592591315797,1.0116535433558247,0.9669592591315797,1.0116535433558247,0,0.0,0,0.0,0.0,0,0,0,0,0.027471300090837758,0.28615937594622665,0.0,0.0,0.0,0.0,1.730868799953896,18.029883332853085,0.10890630005451385,1.7583401000447338,96,2.6020184236419386e-08,7.112989202848197e-08
101,148,176,16896,0.45,0.375,0.25,0,0,0,0,0,0,1.2568621756406821,0.9613312467495468,1.0116240626651742,0.9613312467495468,1.0116240626651742,0,0.0,0,0.0,0.0,0,0,0,0,0.024046800026553683,0.2504875002766009,0.0,0.0,0.0,0.0,1.5702159000065876,16.35641562506862,0.09694800000579562,1.5942627000331413,96,7.714460422900138e-08,9.210335966125527e-08
101,149,177,16992,0.45,0.375,0.25,0,0,0,0,0,0,1.332894258685186,0.9601471835962991,1.0092504322120366,0.9601471835962991,1.0092504322120366,0,0.0,0,0.0,0.0,0,0,0,0,0.026544500011368655,0.2765052084517568,0.0,0.0,0.0,0.0,1.7565565999830142,18.297464583156398,0.11042310002085287,1.7831010999943828,96,9.093802406413831e-08,9.880842727350014e-08
101,150,178,17088,0.45,0.375,0.25,0,0,0,0,0,0,1.3567650315426443,0.9600478540128069,1.0081358093945765,0.9600478540128069,1.0081358093945765,0,0.0,0,0.0,0.0,0,0,0,0,0.029092200020386372,0.303043750212358,0.0,0.0,0.0,0.0,1.824565100025211,19.00588645859595,0.11260929999116343,1.8536573000455974,96,9.23248673258964e-08,9.83022445388837e-08
101,151,180,17280,0.45,0.375,0.25,0,0,0,0,0,0,1.303007261130652,0.9596546055377758,1.0089376123071685,0.9596546055377758,1.0089376123071685,0,0.0,0,0.0,0.0,0,0,0,0,0.02997910000703996,0.3122822917399996,0.0,0.0,0.0,0.0,1.932873399971868,20.134097916373623,0.11979449998761993,1.9628524999789079,96,7.65830692091296e-08,9.862867050847157e-08
101,152,181,17376,0.45,0.375,0.25,0,0,0,0,0,0,0.9194023268485759,0.9670884412023899,1.006737957420565,0.9670884412023899,1.006737957420565,0,0.0,0,0.0,0.0,0,0,0,0,0.026053500041598454,0.2713906254333172,0.0,0.0,0.0,0.0,1.6631292000165558,17.324262500172456,0.10642799999186536,1.6891827000581543,96,2.4820014359744347e-08,3.2371944222453486e-08
101,153,183,17568,0.45,0.375,0.25,0,0,0,0,0,0,1.2186390001418594,0.960873968102928,1.0128748871806732,0.960873968102928,1.0128748871806732,0,0.0,0,0.0,0.0,0,0,0,0,0.024911600041377824,0.2594958337643523,0.0,0.0,0.0,0.0,1.5639019999580341,16.29064583289619,0.0937778000079561,1.588813599999412,96,7.581832134340161e-08,9.706371081885656e-08
101,154,184,17664,0.45,0.375,0.25,0,0,0,0,0,0,1.2833708628407359,0.9607851940969073,1.0116113149558215,0.9607851940969073,1.0116113149558215,0,0.0,0,0.0,0.0,0,0,0,0,0.024832999959471636,0.25867708291116287,0.0,0.0,0.0,0.0,1.5796703999803867,16.454899999795696,0.0954270000293036,1.6045033999398584,96,8.462743384535232e-08,9.864993738561978e-08
101,155,185,17760,0.45,0.375,0.25,0,0,0,0,0,0,1.317968094533257,0.9603669051912073,1.013152261071863,0.9603669051912073,1.013152261071863,0,0.0,0,0.0,0.0,0,0,0,0,0.024430600009509362,0.2544854167657225,0.0,0.0,0.0,0.0,1.570517700012715,16.35955937513245,0.09671979997801827,1.5949483000222244,96,8.992334377122546e-08,9.937001374527021e-08
101,156,187,17952,0.45,0.375,0.25,0,0,0,0,0,0,1.3361464656660005,0.9594459550093051,1.0118025939922983,0.9594459550093051,1.0118025939922983,0,0.0,0,0.0,0.0,0,0,0,0,0.02769560000160709,0.28849583335007384,0.0,0.0,0.0,0.0,1.7370260000534472,18.094020833890074,0.10563160001038341,1.7647216000550543,96,7.606316329393514e-08,9.785701901576793e-08
101,157,188,18048,0.45,0.375,0.25,0,0,0,0,0,0,0.927556837289997,0.9672519919081622,1.0124993944730636,0.9672519919081622,1.0124993944730636,0,0.0,0,0.0,0.0,0,0,0,0,0.025603099973523058,0.26669895805753185,0.0,0.0,0.0,0.0,1.686771700020472,17.570538541879916,0.10752519997913623,1.7123747999939951,96,2.356073169028361e-08,9.611205054049776e-08
101,158,189,18144,0.45,0.375,0.25,0,0,0,0,0,0,0.8110141147380625,0.9675310770110249,1.0183372643639763,0.9675310770110249,1.0183372643639763,0,0.0,0,0.0,0.0,0,0,0,0,0.02644439994037384,0.27546249937889417,0.0,0.0,0.0,0.0,1.6952163000169094,17.65850312517614,0.10424879998754477,1.7216606999572832,96,2.9730523043447477e-08,8.906218778095831e-08
101,159,190,18240,0.45,0.375,0.25,0,0,0,0,0,0,1.3913571500826185,0.9591281702593045,1.0080533479089135,0.9591281702593045,1.0080533479089135,0,0.0,0,0.0,0.0,0,0,0,0,0.026333100082410965,0.27430312585844757,0.0,0.0,0.0,0.0,1.6869398999406258,17.57229062438152,0.10425290004786802,1.7132730000230367,96,9.752724136093127e-08,9.932711125815175e-08
101,160,191,18336,0.45,0.375,0.25,0,0,0,0,0,0,1.367327759021965,0.9595182310580285,1.009676903594412,0.9595182310580285,1.009676903594412,0,0.0,0,0.0,0.0,0,0,0,0,0.026007900029071607,0.27091562530282925,0.0,0.0,0.0,0.0,1.6624224000333925,17.31690000034784,0.10328599993954413,1.688430300062464,96,9.420330401160859e-08,9.898940285524294e-08
101,161,192,18432,0.45,0.375,0.25,0,0,0,0,0,0,1.5204935849556636,0.9574814060124148,1.0033269689659459,0.9574814060124148,1.0033269689659459,0,0.0,0,0.0,0.0,0,0,0,0,0.02531840001756791,0.2637333335163324,0.0,0.0,0.0,0.0,1.5263256000180263,15.899225000187773,0.09244809993833769,1.5516440000355942,96,9.186100325721258e-08,9.811638605750073e-08
101,162,193,18528,0.45,0.375,0.25,0,0,0,0,0,0,1.2726978888385456,0.9612224602342008,1.0127245062044286,0.9612224602342008,1.0127245062044286,0,0.0,0,0.0,0.0,0,0,0,0,0.024552299997594673,0.2557531249749445,0.0,0.0,0.0,0.0,1.5489462000114145,16.1348562501189,0.09529440000915201,1.5734985000090091,96,7.911518796858974e-08,9.221381089274949e-08
101,163,194,18624,0.45,0.375,0.25,0,0,0,0,0,0,1.268133714263451,0.9611733340173145,1.0091061608500205,0.9611733340173145,1.0091061608500205,0,0.0,0,0.0,0.0,0,0,0,0,0.02584039999783272,0.2691708333107575,0.0,0.0,0.0,0.0,1.6913547999793082,17.618279166451128,0.1033199000012246,1.7171951999771409,96,6.715620699294933e-08,8.638116943959773e-08
101,164,195,18720,0.45,0.375,0.25,0,0,0,0,0,0,0.8506924596901759,0.9684979159718589,1.0097880329452962,0.9684979159718589,1.0097880329452962,0,0.0,0,0.0,0.0,0,0,0,0,0.025299799970525783,0.26353958302631025,0.0,0.0,0.0,0.0,1.572006499969575,16.375067708016406,0.09932610003306763,1.5973062999401009,96,1.7662091368435273e-08,2.341130594940566e-08
101,165,196,18816,0.45,0.375,0.25,0,0,0,0,0,0,0.7532961127888714,0.9677644873588763,1.0104401593469876,0.9677644873588763,1.0104401593469876,0,0.0,0,0.0,0.0,0,0,0,0,0.025661899948318023,0.2673114577949794,0.0,0.0,0.0,0.0,1.6475178999608033,17.161644791258368,0.10139260000869399,1.6731797999091214,96,2.254652534117163e-08,3.310083834633104e-08
101,166,197,18912,0.45,0.375,0.25,0,0,0,0,0,0,1.2312409204910435,0.9611825549766363,1.010877498648849,0.9611825549766363,1.010877498648849,0,0.0,0,0.0,0.0,0,0,0,0,0.024167999959900044,0.2517499995822921,0.0,0.0,0.0,0.0,1.5179316999347066,15.811788540986527,0.09213010004168609,1.5420996998946066,96,7.92925053220983e-08,9.433091224808621e-08
101,167,198,19008,0.45,0.375,0.25,0,0,0,0,0,0,1.3005420306673283,0.9605104101849499,1.0139589225062149,0.9605104101849499,1.0139589225062149,0,0.0,0,0.0,0.0,0,0,0,0,0.024081700015813112,0.25085104183138657,0.0,0.0,0.0,0.0,1.5173821000062162,15.806063541731419,0.09534590001567267,1.5414638000220293,96,9.242757856818551e-08,9.950597922026017e-08
101,168,199,19104,0.45,0.375,0.25,0,0,0,0,0,0,1.3473779807750166,0.9598672286574955,1.0145345280952494,0.9598672286574955,1.0145345280952494,0,0.0,0,0.0,0.0,0,0,0,0,0.027204300022276584,0.28337812523204775,0.0,0.0,0.0,0.0,1.7648267000331543,18.38361145867869,0.11010389999864856,1.792031000055431,96,9.469062904436665e-08,9.752681003061259e-08
101,169,200,19200,0.45,0.375,0.25,0,0,0,0,0,0,1.3425534004977486,0.9606583338809196,1.007390154830038,0.9606583338809196,1.007390154830038,0,0.0,0,0.0,0.0,0,0,0,0,0.025900299981003627,0.26979479146878776,0.0,0.0,0.0,0.0,1.6278018999219057,16.956269790853185,0.09997950004617451,1.6537021999029093,96,8.200769124541707e-08,9.582876561720077e-08
101,170,202,19392,0.45,0.375,0.25,0,0,0,0,0,0,0.8869957801195637,0.9679807927758248,1.0114670051293992,0.9679807927758248,1.0114670051293992,0,0.0,0,0.0,0.0,0,0,0,0,0.02650100002938416,0.2760520836394183,0.0,0.0,0.0,0.0,1.7039628000129596,17.749612500134997,0.106214400009776,1.7304638000423438,96,2.0390773188862232e-08,6.451833779036464e-08
101,171,203,19488,0.45,0.375,0.25,0,0,0,0,0,0,0.7389107689961876,0.9680255436415133,1.0101119122075786,0.9680255436415133,1.0101119122075786,0,0.0,0,0.0,0.0,0,0,0,0,0.023832499944546726,0.24825520775569504,0.0,0.0,0.0,0.0,1.5105423999775667,15.734816666432987,0.09375270002055913,1.5343748999221134,96,2.0570889978401008e-08,2.748166243182748e-08
101,172,204,19584,0.45,0.375,0.25,0,0,0,0,0,0,1.3024264437573998,0.9606447263443173,1.004452149318035,0.9606447263443173,1.004452149318035,0,0.0,0,0.0,0.0,0,0,0,0,0.02621079995878972,0.27302916623739293,0.0,0.0,0.0,0.0,1.7342227999979514,18.064820833311995,0.10965379999834113,1.760433599956741,96,8.284776194938948e-08,9.809997411625027e-08
101,173,205,19680,0.45,0.375,0.25,0,0,0,0,0,0,1.4842050481945206,0.9583754858090794,1.0034579395112948,0.9583754858090794,1.0034579395112948,0,0.0,0,0.0,0.0,0,0,0,0,0.02632330000778893,0.27420104174780136,0.0,0.0,0.0,0.0,1.6923693000280764,17.628846875292464,0.10085059999983059,1.7186926000358653,96,9.690117049911129e-08,9.841828192691526e-08
101,174,206,19776,0.45,0.375,0.25,0,0,0,0,0,0,1.440109041794576,0.9586493780113564,1.0037159546716723,0.9586493780113564,1.0037159546716723,0,0.0,0,0.0,0.0,0,0,0,0,0.02707009996083798,0.28198020792539563,0.0,0.0,0.0,0.0,1.806457699931343,18.817267707618157,0.11166300003969809,1.833527799892181,96,8.291848297391213e-08,9.94631188522277e-08
101,175,207,19872,0.45,0.375,0.25,0,0,0,0,0,0,1.3752268325243182,0.9599245804966162,1.0050286154744739,0.9599245804966162,1.0050286154744739,0,0.0,0,0.0,0.0,0,0,0,0,0.026201299981039483,0.27293020813582797,0.0,0.0,0.0,0.0,1.764590600025258,18.381152083596437,0.1087527999698068,1.7907919000062975,96,9.26860904172655e-08,9.885036893197974e-08
101,176,208,19968,0.45,0.375,0.25,0,0,0,0,0,0,1.1694074522525446,0.9625365487597435,1.0094106935033633,0.9625365487597435,1.0094106935033633,0,0.0,0,0.0,0.0,0,0,0,0,0.02595709998422535,0.2703864581690141,0.0,0.0,0.0,0.0,1.664997099978791,17.34371979144574,0.1037744000350358,1.6909541999630164,96,5.3492157248841155e-08,6.958425446956795e-08
101,177,210,20160,0.45,0.375,0.25,0,0,0,0,0,0,0.7812058904811758,0.967860194320689,1.0194598700964375,0.967860194320689,1.0194598700964375,0,0.0,0,0.0,0.0,0,0,0,0,0.02730100000917446,0.28438541676223394,0.0,0.0,0.0,0.0,1.8170038999742246,18.92712395806484,0.1121834000441595,1.844304899983399,96,3.3595721204982e-08,9.870916910237337e-08
101,178,211,20256,0.45,0.375,0.25,0,0,0,0,0,0,1.193699615325034,0.9613805389498972,1.0121789462091975,0.9613805389498972,1.0121789462091975,0,0.0,0,0.0,0.0,0,0,0,0,0.024017499985347968,0.2501822915140413,0.0,0.0,0.0,0.0,1.619616300056805,16.871003125591717,0.10038029996940168,1.6436338000421529,96,7.902482997840243e-08,9.992666420016727e-08
101,179,212,20352,0.45,0.375,0.25,0,0,0,0,0,0,1.2856208953762485,0.9602658403052208,1.01112357966949,0.9602658403052208,1.01112357966949,0,0.0,0,0.0,0.0,0,0,0,0,0.02601880000293022,0.2710291666971898,0.0,0.0,0.0,0.0,1.7146388999390183,17.860821874364774,0.10682860000088112,1.7406576999419485,96,9.430281440285515e-08,9.705703622742146e-08
101,180,213,20448,0.45,0.375,0.25,0,0,0,0,0,0,1.270097811519827,0.9609453672864765,1.0107600289536087,0.9609453672864765,1.0107600289536087,0,0.0,0,0.0,0.0,0,0,0,0,0.026642000055289827,0.277520833909269,0.0,0.0,0.0,0.0,1.7926182000228437,18.673106250237954,0.11129039997467771,1.8192602000781335,96,9.241598580150834e-08,9.907478421000704e-08
101,181,214,20544,0.45,0.375,0.25,0,0,0,0,0,0,1.3705640866189919,0.9595174419053716,1.0070418987551866,0.9595174419053716,1.0070418987551866,0,0.0,0,0.0,0.0,0,0,0,0,0.0265679000003729,0.27674895833721774,0.0,0.0,0.0,0.0,1.8159136999893235,18.91576770822212,0.11260470003617229,1.8424815999896964,96,9.454423927773847e-08,9.992057362073758e-08
101,182,215,20640,0.45,0.375,0.25,0,0,0,0,0,0,1.2467413018913023,0.9606051769702125,1.0089772455470305,0.9606051769702125,1.0089772455470305,0,0.0,0,0.0,0.0,0,0,0,0,0.02558990001125494,0.2665614584505723,0.0,0.0,0.0,0.0,1.7543702000039048,18.27468958337401,0.1085811000157264,1.7799601000151597,96,7.394347391331824e-08,9.380531539038284e-08
101,183,218,20928,0.45,0.375,0.25,0,0,0,0,0,0,1.1556876319940315,0.9619647967458373,1.0159504667862451,0.9619647967458373,1.0159504667862451,0,0.0,0,0.0,0.0,0,0,0,0,0.02295350000349572,0.23909895836974707,0.0,0.0,0.0,0.0,1.5064497000639676,15.69218437566633,0.09275709994835779,1.5294032000674633,96,7.281197656090754e-08,9.180620109613957e-08
101,184,220,21120,0.45,0.375,0.25,0,0,0,0,0,0,1.2731312703376925,0.9608065192938011,1.0120065748468268,0.9608065192938011,1.0120065748468268,0,0.0,0,0.0,0.0,0,0,0,0,0.02616089998628013,0.27250937485708465,0.0,0.0,0.0,0.0,1.736949299920525,18.093221874172134,0.10959340002591489,1.763110199906805,96,9.427919105998994e-08,9.911683723773379e-08
101,185,221,21216,0.45,0.375,0.25,0,0,0,0,0,0,1.4277698723741,0.9600371690585275,1.0033845623638469,0.9600371690585275,1.0033845623638469,0,0.0,0,0.0,0.0,0,0,0,0,0.025574900028004777,0.26640520862504974,0.0,0.0,0.0,0.0,1.686297000007471,17.565593750077824,0.10414970000419999,1.7118719000354758,96,9.21506613984352e-08,9.93789225217645e-08
101,186,222,21312,0.45,0.375,0.25,0,0,0,0,0,0,1.4733111899916966,0.9581952156810506,1.0009659740288017,0.9581952156810506,1.0009659740288017,0,0.0,0,0.0,0.0,0,0,0,0,0.025839900015853345,0.26916562516513903,0.0,0.0,0.0,0.0,1.708333100003074,17.795136458365352,0.10578650000388734,1.7341730000189273,96,8.311404776223386e-08,9.60486126050375e-08
101,187,223,21408,0.45,0.375,0.25,0,0,0,0,0,0,0.882091802483271,0.9680049196670459,1.0052421112361183,0.9680049196670459,1.0052421112361183,0,0.0,0,0.0,0.0,0,0,0,0,0.024304099977598526,0.2531677080999846,0.0,0.0,0.0,0.0,1.584347100040759,16.503615625424572,0.09887049996177666,1.6086512000183575,96,2.1179903482090867e-08,2.8158395753985488e-08
101,188,224,21504,0.45,0.375,0.25,0,0,0,0,0,0,0.7023861062175449,0.9682602191134768,1.0103756730151354,0.9682602191134768,1.0103756730151354,0,0.0,0,0.0,0.0,0,0,0,0,0.023570099961943924,0.24552187460358255,0.0,0.0,0.0,0.0,1.581080599942652,16.46958958273596,0.09917730002052849,1.604650699904596,96,1.8729719537466383e-08,3.029517770328227e-08
101,189,225,21600,0.45,0.375,0.25,0,0,0,0,0,0,1.1273140488066806,0.9623674905139064,1.0148745304109914,0.9623674905139064,1.0148745304109914,0,0.0,0,0.0,0.0,0,0,0,0,0.024915000016335398,0.2595312501701604,0.0,0.0,0.0,0.0,1.6425058000459103,17.109435417144898,0.10214160001487471,1.6674208000622457,96,6.541397112348746e-08,9.245449622899415e-08
101,190,226,21696,0.45,0.375,0.25,0,0,0,0,0,0,1.1846053792904592,0.9616275991888517,1.0125032754839531,0.9616275991888517,1.0125032754839531,0,0.0,0,0.0,0.0,0,0,0,0,0.02418349996150937,0.2519114579323893,0.0,0.0,0.0,0.0,1.6044132000315585,16.712637500328736,0.09955419997277204,1.6285966999930679,96,7.799963899594864e-08,9.897139770925767e-08
101,191,227,21792,0.45,0.375,0.25,0,0,0,0,0,0,1.2775559336755697,0.960117208194354,1.0108644206644921,0.960117208194354,1.0108644206644921,0,0.0,0,0.0,0.0,0,0,0,0,0.022891000022355,0.23844791689953126,0.0,0.0,0.0,0.0,1.4262907000011182,14.857194791678316,0.0887274999768124,1.4491817000234732,96,9.645959603982179e-08,9.938870365600039e-08
101,192,228,21888,0.45,0.375,0.25,0,0,0,0,0,0,1.3126808596282717,0.9597048674001003,1.0099028875212863,0.9597048674001003,1.0099028875212863,0,0.0,0,0.0,0.0,0,0,0,0,0.023976999989827164,0.24976041656069964,0.0,0.0,0.0,0.0,1.6606268999967142,17.29819687496577,0.10301560000516474,1.6846038999865414,96,9.331860189969177e-08,9.531890186875724e-08
101,193,229,21984,0.45,0.375,0.25,0,0,0,0,0,0,1.2890554485681356,0.9606401323584399,1.0083927751253696,0.9606401323584399,1.0083927751253696,0,0.0,0,0.0,0.0,0,0,0,0,0.025074299992411397,0.2611906249209521,0.0,0.0,0.0,0.0,1.628684100076498,16.965459375796854,0.09939169993594987,1.6537584000689094,96,9.669321930812214e-08,9.903236987407471e-08
101,194,230,22080,0.45,0.375,0.25,0,0,0,0,0,0,0.8537636355521978,0.9679870196917746,1.0106373807638143,0.9679870196917746,1.0106373807638143,0,0.0,0,0.0,0.0,0,0,0,0,0.02632210002775537,0.27418854195578507,0.0,0.0,0.0,0.0,1.7435138000000734,18.1616020833341,0.10767949998989934,1.7698359000278288,96,2.148382529168491e-08,3.950674820271671e-08
101,195,231,22176,0.45,0.375,0.25,0,0,0,0,0,0,0.7351974081890195,0.9678619127023186,1.0116384045852727,0.9678619127023186,1.0116384045852727,0,0.0,0,0.0,0.0,0,0,0,0,0.02395000000251457,0.24947916669286013,0.0,0.0,0.0,0.0,1.5523002000409178,16.169793750426226,0.09667489995626966,1.5762502000434324,96,2.1760236694132185e-08,6.653333190810573e-08
101,196,232,22272,0.45,0.375,0.25,0,0,0,0,0,0,1.1984777695910538,0.9613212979253081,1.0104911921880932,0.9613212979253081,1.0104911921880932,0,0.0,0,0.0,0.0,0,0,0,0,0.026068999955896288,0.2715520828739197,0.0,0.0,0.0,0.0,1.6953314999555005,17.659703124536463,0.1052998000086518,1.7214004999113968,96,9.4051050576055e-08,9.964731748079991e-08
101,197,235,22560,0.45,0.375,0.25,0,0,0,0,0,0,1.3042240612993754,0.9603401388773554,1.0098927553773605,0.9603401388773554,1.0098927553773605,0,0.0,0,0.0,0.0,0,0,0,0,0.026425499985634815,0.27526562485036266,0.0,0.0,0.0,0.0,1.7106358000237378,17.819122916913937,0.10356479997426504,1.7370613000093726,96,9.766531068253204e-08,9.859001323664351e-08
101,198,236,22656,0.45,0.375,0.25,0,0,0,0,0,0,1.2407300395284246,0.9611189663735105,1.0127424286953444,0.9611189663735105,1.0127424286953444,0,0.0,0,0.0,0.0,0,0,0,0,0.027584099996602163,0.28733437496460584,0.0,0.0,0.0,0.0,1.8201138000367791,18.959518750383115,0.11440299997047987,1.8476979000333813,96,8.990645740912517e-08,9.825627481779842e-08
101,199,237,22752,0.45,0.375,0.25,0,0,0,0,0,0,0.875507934085507,0.9675543293102491,1.0120942460708968,0.9675543293102491,1.0120942460708968,0,0.0,0,0.0,0.0,0,0,0,0,0.027562299983401317,0.28710729149376374,0.0,0.0,0.0,0.0,1.773751100001391,18.476573958347824,0.11062419998052064,1.8013133999847923,96,2.4372788969342918e-08,8.676030883308927e-08
101,200,238,22848,0.45,0.375,0.25,0,0,0,0,0,0,0.7575986453961704,0.9676585573059792,1.0116277494296808,0.9676585573059792,1.0116277494296808,0,0.0,0,0.0,0.0,0,0,0,0,0.02840300001844298,0.2958645835254477,0.0,0.0,0.0,0.0,1.7885447000298882,18.630673958644667,0.11139439997350564,1.8169477000483312,96,2.343297571608116e-08,6.326495767365603e-08
101,201,239,22944,0.45,0.375,0.25,0,0,0,0,0,0,1.2400250923818674,0.9604172715380247,1.0128062758844933,0.9604172715380247,1.0128062758844933,0,0.0,0,0.0,0.0,0,0,0,0,0.028828299989982042,0.3002947915623129,0.0,0.0,0.0,0.0,1.850492200050212,19.275960417189708,0.11508079995837761,1.879320500040194,96,9.744718578071077e-08,9.848647355981122e-08
101,202,240,23040,0.45,0.375,0.25,0,0,0,0,0,0,1.3212390377630094,0.9596312473160026,1.0141492396885514,0.9596312473160026,1.0141492396885514,0,0.0,0,0.0,0.0,0,0,0,0,0.026544799977273215,0.276508333096596,0.0,0.0,0.0,0.0,1.7397702999733156,18.122607291388704,0.10619050003151642,1.7663150999505888,96,9.30417257734989e-08,9.739783514428613e-08
101,203,241,23136,0.45,0.375,0.25,0,0,0,0,0,0,1.3673402648505513,0.9592506967517995,1.010792231428684,0.9592506967517995,1.010792231428684,0,0.0,0,0.0,0.0,0,0,0,0,0.028011200025503058,0.29178333359899017,0.0,0.0,0.0,0.0,1.8415850999081158,19.183178124042872,0.11643710001953878,1.8695962999336189,96,8.371537836213139e-08,9.852031600254829e-08
101,204,243,23328,0.45,0.375,0.25,0,0,0,0,0,0,1.3243454009610063,0.9597745069719761,1.004355900267599,0.9597745069719761,1.004355900267599,0,0.0,0,0.0,0.0,0,0,0,0,0.02437439999630442,0.25389999996150436,0.0,0.0,0.0,0.0,1.530868499990902,15.946546874905227,0.09312660001160111,1.5552428999872063,96,8.993438225038397e-08,9.89309550947226e-08
101,205,246,23616,0.45,0.375,0.25,0,0,0,0,0,0,1.2478345509232378,0.9597814797568962,1.0128960287389799,0.9597814797568962,1.0128960287389799,0,0.0,0,0.0,0.0,0,0,0,0,0.02603020001697587,0.27114791684349865,0.0,0.0,0.0,0.0,1.7279155000360333,17.999119792042013,0.10791949998383643,1.7539457000530092,96,9.015440977089284e-08,9.563400413595269e-08
101,206,247,23712,0.45,0.375,0.25,0,0,0,0,0,0,1.3568837193776528,0.9590436743340106,1.010519405104959,0.9590436743340106,1.010519405104959,0,0.0,0,0.0,0.0,0,0,0,0,0.02526669999497244,0.26319479161429626,0.0,0.0,0.0,0.0,1.6985833999569877,17.693577082885287,0.10531730002549011,1.7238500999519601,96,9.195756224197882e-08,9.822159585670676e-08
101,207,248,23808,0.45,0.375,0.25,0,0,0,0,0,0,1.5054592341566813,0.9576835399398267,1.0060393887239347,0.9576835399398267,1.0060393887239347,0,0.0,0,0.0,0.0,0,0,0,0,0.02553930001158733,0.2660343751207013,0.0,0.0,0.0,0.0,1.7109242000296945,17.822127083642652,0.10689689998980612,1.7364635000412818,96,9.899341048280608e-08,9.928035019091119e-08
101,208,249,23904,0.45,0.375,0.25,0,0,0,0,0,0,1.3971498788350851,0.9590671747196436,1.005921520450276,0.9590671747196436,1.005921520450276,0,0.0,0,0.0,0.0,0,0,0,0,0.024406599943176843,0.2542354160747588,0.0,0.0,0.0,0.0,1.5815560000191908,16.47454166686657,0.09704439995402936,1.6059625999623677,96,8.836194161782052e-08,9.60627155599525e-08
101,209,250,24000,0.45,0.375,0.25,0,0,0,0,0,0,1.4872412754658313,0.958094661286578,1.004212192214945,0.958094661286578,1.004212192214945,0,0.0,0,0.0,0.0,0,0,0,0,0.025876899999275338,0.2695510416591181,0.0,0.0,0.0,0.0,1.7001137999759521,17.709518749749503,0.10538720003387425,1.7259906999752275,96,8.550649883455608e-08,9.813732701480227e-08
101,210,252,24192,0.45,0.375,0.25,0,0,0,0,0,0,0.7949706023456159,0.9663000741795712,1.0095194313469218,0.9663000741795712,1.0095194313469218,0,0.0,0,0.0,0.0,0,0,0,0,0.027839899958053138,0.28999895789638686,0.0,0.0,0.0,0.0,1.8807643000254757,19.59129479193204,0.1172088999664993,1.9086041999835288,96,3.369022967721069e-08,4.249206944639816e-08
101,211,253,24288,0.45,0.375,0.25,0,0,0,0,0,0,1.448290295573461,0.9580768076893017,1.0060978910812652,0.9580768076893017,1.0060978910812652,0,0.0,0,0.0,0.0,0,0,0,0,0.027081200008979067,0.2820958334268653,0.0,0.0,0.0,0.0,1.8072231000624015,18.825240625650014,0.11195449997467222,1.8343043000713806,96,9.189518045821243e-08,9.648669974104962e-08
101,212,254,24384,0.45,0.375,0.25,0,0,0,0,0,0,1.502111265129556,0.9575714804466682,1.0060668655869571,0.9575714804466682,1.0060668655869571,0,0.0,0,0.0,0.0,0,0,0,0,0.02551340000354685,0.2657645833702797,0.0,0.0,0.0,0.0,1.6928324000764405,17.63367083412959,0.10503319995768834,1.7183458000799874,96,9.154073161814213e-08,9.95215680005268e-08
101,213,256,24576,0.45,0.375,0.25,0,0,0,0,0,0,1.6865769744838608,0.9569326953941966,1.002474034385818,0.9569326953941966,1.002474034385818,0,0.0,0,0.0,0.0,0,0,0,0,0.02414110000245273,0.25146979169221595,0.0,0.0,0.0,0.0,1.6064485998940654,16.733839582229848,0.09998380008619279,1.6305896998965181,96,9.886753659683889e-08,9.96910605455259e-08
101,214,257,24672,0.45,0.375,0.25,0,0,0,0,0,0,1.3843078303140266,0.958409428638199,1.0082074372872447,0.958409428638199,1.0082074372872447,0,0.0,0,0.0,0.0,0,0,0,0,0.025162599951727316,0.2621104161638262,0.0,0.0,0.0,0.0,1.6610323000058997,17.302419791728123,0.10338409999530995,1.686194899957627,96,9.566192091074732e-08,9.928057854990957e-08
101,215,258,24768,0.45,0.375,0.25,0,0,0,0,0,0,0.9516602728700013,0.9649356288145087,1.0074698977559995,0.9649356288145087,1.0074698977559995,0,0.0,0,0.0,0.0,0,0,0,0,0.023547199984022882,0.24528333316690504,0.0,0.0,0.0,0.0,1.5779214999492979,16.43668229113852,0.09721590003027814,1.6014686999333207,96,4.471819772984553e-08,5.396035902827112e-08
101,216,259,24864,0.45,0.375,0.25,0,0,0,0,0,0,0.8131825891920627,0.9655657857587557,1.0111624170345592,0.9655657857587557,1.0111624170345592,0,0.0,0,0.0,0.0,0,0,0,0,0.022799699996539857,0.23749687496395686,0.0,0.0,0.0,0.0,1.4633203000121284,15.242919791793005,0.08813539998664055,1.4861200000086683,96,3.932655786957617e-08,5.058755658295111e-08
101,217,260,24960,0.45,0.375,0.25,0,0,0,0,0,0,1.4183948093433894,0.9578377138769547,1.007289374635756,0.9578377138769547,1.007289374635756,0,0.0,0,0.0,0.0,0,0,0,0,0.026199799991445616,0.2729145832442252,0.0,0.0,0.0,0.0,1.8160188000183553,18.9168625001912,0.11321749998751329,1.8422186000098009,96,9.390537154298217e-08,9.582042437283889e-08
101,218,261,25056,0.45,0.375,0.25,0,0,0,0,0,0,1.4956072434181078,0.9574378804332422,1.0061082748415735,0.9574378804332422,1.0061082748415735,0,0.0,0,0.0,0.0,0,0,0,0,0.02512929998920299,0.26176354155419784,0.0,0.0,0.0,0.0,1.7201675999240251,17.918412499208596,0.10513070002343738,1.7452968999132281,96,8.883217868758952e-08,9.424668802326952e-08
101,219,262,25152,0.45,0.375,0.25,0,0,0,0,0,0,1.5367896910644734,0.9573137922804483,1.0059687771600527,0.9573137922804483,1.0059687771600527,0,0.0,0,0.0,0.0,0,0,0,0,0.025212699954863638,0.2626322911964962,0.0,0.0,0.0,0.0,1.7116166000341764,17.829339583689336,0.10801110001193592,1.73682929998904,96,9.569777502556331e-08,9.949284687782445e-08
101,220,263,25248,0.45,0.375,0.25,0,0,0,0,0,0,1.4357041743023795,0.9576244337765175,1.009879661738306,0.9576244337765175,1.009879661738306,0,0.0,0,0.0,0.0,0,0,0,0,0.02458699999260716,0.2561145832563246,0.0,0.0,0.0,0.0,1.669023099959304,17.38565729124275,0.10459400001855101,1.6936100999519113,96,9.942439230421762e-08,9.984080659442007e-08
101,221,264,25344,0.45,0.375,0.25,0,0,0,0,0,0,1.3966102098607807,0.9582702012904605,1.0089352091747745,0.9582702012904605,1.0089352091747745,0,0.0,0,0.0,0.0,0,0,0,0,0.025208199986082036,0.2625854165216879,0.0,0.0,0.0,0.0,1.6808909000610583,17.509280208969358,0.10319969996635336,1.7060991000471404,96,9.00878204760508e-08,9.897111873102826e-08
101,222,265,25440,0.45,0.375,0.25,0,0,0,0,0,0,0.9763459248512346,0.9640283286381012,1.010445538122222,0.9640283286381012,1.010445538122222,0,0.0,0,0.0,0.0,0,0,0,0,0.024508399998012464,0.25529583331262984,0.0,0.0,0.0,0.0,1.6674181999769644,17.36893958309338,0.10395210004935507,1.6919265999749769,96,5.4436243377559146e-08,6.327006939199631e-08
101,223,266,25536,0.45,0.375,0.25,0,0,0,0,0,0,0.8699449930024443,0.964614882125815,1.0081334680448726,0.964614882125815,1.0081334680448726,0,0.0,0,0.0,0.0,0,0,0,0,0.028802699940570164,0.30002812438093923,0.0,0.0,0.0,0.0,1.8937582000289694,19.72664791696843,0.11956990001635859,1.9225608999695396,96,4.791519691432766e-08,5.7104473649705056e-08
101,224,267,25632,0.45,0.375,0.25,0,0,0,0,0,0,1.5002145205716575,0.9571740991737968,1.006484659178355,0.9571740991737968,1.006484659178355,0,0.0,0,0.0,0.0,0,0,0,0,0.025939100043615326,0.27019895878765965,0.0,0.0,0.0,0.0,1.7532944000631687,18.263483333991342,0.10846909994870657,1.779233500106784,96,9.843193315983711e-08,9.913497696356632e-08
101,225,269,25824,0.45,0.375,0.25,0,0,0,0,0,0,1.5390794275391138,0.9565651709926488,1.0086192048321758,0.9565651709926488,1.0086192048321758,0,0.0,0,0.0,0.0,0,0,0,0,0.02448179998464184,0.25501874984001915,0.0,0.0,0.0,0.0,1.6807205000004615,17.50750520833814,0.10434670001995983,1.7052022999851033,96,9.553215420989025e-08,9.931060543366677e-08
101,226,270,25920,0.45,0.375,0.25,0,0,0,0,0,0,1.592256371037682,0.956432567189894,1.00571171458289,0.956432567189894,1.00571171458289,0,0.0,0,0.0,0.0,0,0,0,0,0.023199300027044956,0.2416593752817183,0.0,0.0,0.0,0.0,1.541170500102453,16.05385937606722,0.09431989993026946,1.564369800129498,96,9.581733626147504e-08,9.795144299828973e-08
101,227,272,26112,0.45,0.375,0.25,0,0,0,0,0,0,1.0364799710062278,0.9632098188184336,1.007701460196606,0.9632098188184336,1.007701460196606,0,0.0,0,0.0,0.0,0,0,0,0,0.024633899978653062,0.2566031247776361,0.0,0.0,0.0,0.0,1.6337385999431717,17.018110416074705,0.1024855000214302,1.6583724999218248,96,6.486047469077272e-08,7.288949013806167e-08
101,228,273,26208,0.45,0.375,0.25,0,0,0,0,0,0,0.837325751583513,0.965615518378626,1.0081564275205432,0.965615518378626,1.0081564275205432,0,0.0,0,0.0,0.0,0,0,0,0,0.027447399967059027,0.28591041632353154,0.0,0.0,0.0,0.0,1.8092928999685682,18.84680104133925,0.11300949997530552,1.8367402999356273,96,3.899418917971409e-08,4.799335998062482e-08
101,229,274,26304,0.45,0.375,0.25,0,0,0,0,0,0,1.3616689649081077,0.9589196200031879,1.003409713749497,0.9589196200031879,1.003409713749497,0,0.0,0,0.0,0.0,0,0,0,0,0.025498400027572643,0.26560833362054836,0.0,0.0,0.0,0.0,1.7069235000162735,17.780453125169515,0.10608779997710371,1.732421900043846,96,8.829712059600647e-08,9.867845610078696e-08
101,230,275,26400,0.45,0.375,0.25,0,0,0,0,0,0,0.998058717392166,0.9627414285163904,1.00724470045304,0.9627414285163904,1.00724470045304,0,0.0,0,0.0,0.0,0,0,0,0,0.025049100011528935,0.26092812512009306,0.0,0.0,0.0,0.0,1.651367200036475,17.201741667046615,0.10351030001038453,1.676416300048004,96,7.133162468683785e-08,7.894796136276305e-08
101,231,276,26496,0.45,0.375,0.25,0,0,0,0,0,0,1.6077713957963633,0.9564032341806218,1.0048546983905564,0.9564032341806218,1.0048546983905564,0,0.0,0,0.0,0.0,0,0,0,0,0.026411500039102975,0.27511979207398934,0.0,0.0,0.0,0.0,1.7478771999740275,18.20705416639612,0.10778600004414329,1.7742887000131304,96,9.87658830241267e-08,9.936904493690335e-08
101,232,278,26688,0.45,0.375,0.25,0,0,0,0,0,0,1.686773798080189,0.9564686709787553,1.0037720304854831,0.9564686709787553,1.0037720304854831,0,0.0,0,0.0,0.0,0,0,0,0,0.02583879998564953,0.2691541665171826,0.0,0.0,0.0,0.0,1.737403500090295,18.097953125940574,0.10731659996963572,1.7632423000759445,96,8.853058831165272e-08,9.954267438105902e-08
101,233,280,26880,0.45,0.375,0.25,0,0,0,0,0,0,0.9678414758579408,0.9629719983308195,1.0050089579738934,0.9629719983308195,1.0050089579738934,0,0.0,0,0.0,0.0,0,0,0,0,0.024894300004234537,0.25931562504410977,0.0,0.0,0.0,0.0,1.610008600022411,16.770922916900115,0.1003859000193188,1.6349029000266455,96,6.784269609635962e-08,7.588847480977101e-08
101,234,281,26976,0.45,0.375,0.25,0,0,0,0,0,0,1.6759605425706858,0.9557006612878118,1.004742170336403,0.9557006612878118,1.004742170336403,0,0.0,0,0.0,0.0,0,0,0,0,0.02484759997605579,0.2588291664172478,0.0,0.0,0.0,0.0,1.6845454999274807,17.547348957577924,0.10508740002114791,1.7093930999035365,96,9.623120098521676e-08,9.944666735928198e-08
101,235,283,27168,0.45,0.375,0.25,0,0,0,0,0,0,1.8022520184996846,0.9550073562757332,1.0036237379753443,0.9550073562757332,1.0036237379753443,0,0.0,0,0.0,0.0,0,0,0,0,0.023711799942248035,0.2469979160650837,0.0,0.0,0.0,0.0,1.5987768999912078,16.65392604157508,0.09938880000845529,1.6224886999334558,96,8.316007040105877e-08,8.989416218352364e-08
101,236,286,27456,0.45,0.375,0.25,0,0,0,0,0,0,1.0695547076258325,0.9617763420925117,1.0102569700948663,0.9617763420925117,1.0102569700948663,0,0.0,0,0.0,0.0,0,0,0,0,0.026151999954890925,0.27241666619678045,0.0,0.0,0.0,0.0,1.749473299991223,18.223680208241905,0.1086721999963629,1.775625299946114,96,8.975801561207641e-08,9.413141682790283e-08
101,237,288,27648,0.45,0.375,0.25,0,0,0,0,0,0,1.5333741155167944,0.9559270508878452,1.010054036998922,0.9559270508878452,1.010054036998922,0,0.0,0,0.0,0.0,0,0,0,0,0.02378149999276502,0.24772395825796895,0.0,0.0,0.0,0.0,1.6180264000577154,16.854441667267867,0.09910499993566191,1.6418079000504804,96,8.891826435743211e-08,9.503535597366053e-08
101,238,290,27840,0.45,0.375,0.25,0,0,0,0,0,0,1.6729966918860886,0.9547678416163201,1.0082332483728518,0.9547678416163201,1.0082332483728518,0,0.0,0,0.0,0.0,0,0,0,0,0.02432860005501425,0.25342291723973176,0.0,0.0,0.0,0.0,1.5552098999760346,16.20010312475036,0.09566460002679378,1.579538500031049,96,9.094006908627605e-08,9.795335959017493e-08
101,239,292,28032,0.45,0.375,0.25,0,0,0,0,0,0,1.764494531280703,0.9554007607156646,1.0042387019092032,0.9554007607156646,1.0042387019092032,0,0.0,0,0.0,0.0,0,0,0,0,0.025129999994533136,0.26177083327638684,0.0,0.0,0.0,0.0,1.742122300041956,18.14710729210371,0.10869410000304924,1.767252300036489,96,9.596209542273026e-08,9.991632750339097e-08
101,240,294,28224,0.45,0.375,0.25,0,0,0,0,0,0,1.03691347452103,0.9623539698577329,1.0034958911504712,0.9623539698577329,1.0034958911504712,0,0.0,0,0.0,0.0,0,0,0,0,0.023716600037005264,0.2470479170521382,0.0,0.0,0.0,0.0,1.6139215999792214,16.81168333311689,0.10114970004360657,1.6376382000162266,96,7.77396977607453e-08,8.439074467014862e-08
101,241,295,28320,0.45,0.375,0.25,0,0,0,0,0,0,1.9289652672113682,0.9549587264600885,1.0003052879786638,0.9549587264600885,1.0003052879786638,0,0.0,0,0.0,0.0,0,0,0,0,0.025939300008758437,0.2702010417579004,0.0,0.0,0.0,0.0,1.75513700004376,18.282677083789167,0.10813129993039183,1.7810763000525185,96,9.633362075926744e-08,9.779410926891163e-08
101,242,297,28512,0.45,0.375,0.25,0,0,0,0,0,0,1.9288083601312143,0.9545554476172485,1.0028140640766772,0.9545554476172485,1.0028140640766772,0,0.0,0,0.0,0.0,0,0,0,0,0.02598730003228411,0.27070104200295947,0.0,0.0,0.0,0.0,1.7330644999674405,18.05275520799417,0.10555200003000209,1.7590517999997246,96,9.064838507426287e-08,9.350320122336608e-08
101,243,298,28608,0.45,0.375,0.25,0,0,0,0,0,0,1.8528620521082684,0.9547479990267678,1.0034769152032594,0.9547479990267678,1.0034769152032594,0,0.0,0,0.0,0.0,0,0,0,0,0.025291999991168268,0.2634583332413361,0.0,0.0,0.0,0.0,1.6658274999717833,17.35236979137274,0.10371890007081674,1.6911194999629515,96,9.240606153523845e-08,9.976048591375797e-08
101,244,300,28800,0.45,0.375,0.25,0,0,0,0,0,0,1.3449838966150724,0.9604472487452325,1.0010745860586086,0.9604472487452325,1.0010745860586086,0,0.0,0,0.0,0.0,0,0,0,0,0.024276799980725627,0.2528833331325586,0.0,0.0,0.0,0.0,1.6427701000502566,17.11218854219017,0.10196599997289013,1.6670469000309822,96,9.189819107080499e-08,9.571529735463713e-08
101,245,302,28992,0.45,0.375,0.25,0,0,0,0,0,0,1.3723754188249606,0.958121748070966,1.0061000433766836,0.958121748070966,1.0061000433766836,0,0.0,0,0.0,0.0,0,0,0,0,0.02559280003333697,0.2665916670139268,0.0,0.0,0.0,0.0,1.7006655999502982,17.71526666614894,0.10700540003745118,1.7262583999836352,96,9.857268923850471e-08,9.919006602188141e-08
101,246,303,29088,0.45,0.375,0.25,0,0,0,0,0,0,1.1007116730567503,0.9621404487983767,1.0050828536485574,0.9621404487983767,1.0050828536485574,0,0.0,0,0.0,0.0,0,0,0,0,0.02721360004215967,0.28347500043916324,0.0,0.0,0.0,0.0,1.8043541999941226,18.795356249938777,0.11208320000150707,1.8315678000362823,96,8.21054926911785e-08,8.783806376699843e-08
101,247,304,29184,0.45,0.375,0.25,0,0,0,0,0,0,1.4999210672263312,0.9561296116307235,1.0023170269260304,0.9561296116307235,1.0023170269260304,0,0.0,0,0.0,0.0,0,0,0,0,0.02454619996569818,0.2556895829760227,0.0,0.0,0.0,0.0,1.6237100000143982,16.913645833483315,0.10199159999319818,1.6482561999800964,96,9.652990886656332e-08,9.776577360176564e-08
101,248,305,29280,0.45,0.375,0.25,0,0,0,0,0,0,1.8025192546393685,0.9552254175178629,1.0040412535354544,0.9552254175178629,1.0040412535354544,0,0.0,0,0.0,0.0,0,0,0,0,0.024729599979764316,0.2575999997892116,0.0,0.0,0.0,0.0,1.6996155999513576,17.704329166159976,0.10598470001423266,1.724345199931122,96,9.810222509343269e-08,9.999850843211977e-08
101,249,306,29376,0.45,0.375,0.25,0,0,0,0,0,0,1.7589624257535907,0.9554863917169456,1.0034300877736744,0.9554863917169456,1.0034300877736744,0,0.0,0,0.0,0.0,0,0,0,0,0.024531700008083135,0.255538541750866,0.0,0.0,0.0,0.0,1.6618368999916129,17.3108010415793,0.10169989999121753,1.686368599999696,96,9.265274315134464e-08,9.962970434762575e-08
101,250,307,29472,0.45,0.375,0.25,0,0,0,0,0,0,1.286391360799274,0.9590177864206281,1.004870155626739,0.9590177864206281,1.004870155626739,0,0.0,0,0.0,0.0,0,0,0,0,0.02449820001493208,0.2551895834888758,0.0,0.0,0.0,0.0,1.6407262000138871,17.090897916811326,0.10053529994911514,1.6652244000288192,96,8.455885921153372e-08,9.036445175469865e-08
101,251,309,29664,0.45,0.375,0.25,0,0,0,0,0,0,1.9255063993679395,0.9540053958408276,1.0020012426294105,0.9540053958408276,1.0020012426294105,0,0.0,0,0.0,0.0,0,0,0,0,0.026505200010433327,0.2760958334420138,0.0,0.0,0.0,0.0,1.7459204000697355,18.186670834059743,0.10870299997623079,1.7724256000801688,96,9.270770667639538e-08,9.483219695627376e-08
101,252,310,29760,0.45,0.375,0.25,0,0,0,0,0,0,2.1231525289461355,0.953542022556459,1.0002604563947992,0.953542022556459,1.0002604563947992,0,0.0,0,0.0,0.0,0,0,0,0,0.024417599961452652,0.2543499995984651,0.0,0.0,0.0,0.0,1.6314925999904517,16.994714583233872,0.10085730002901983,1.6559101999519044,96,9.790658347420822e-08,9.85915542262017e-08
101,253,312,29952,0.45,0.375,0.25,0,0,0,0,0,0,2.187396398228329,0.9537510124217714,1.0,0.9537510124217714,1.0,0,0.0,0,0.0,0.0,0,0,0,0,0.026616100018145517,0.27725104185568245,0.0,0.0,0.0,0.0,1.7264177999750245,17.98351874973984,0.10743820000789128,1.75303389999317,96,9.771452221148114e-08,9.849574572617925e-08
101,254,313,30048,0.45,0.375,0.25,0,0,0,0,0,0,2.2420210377324232,0.9536100697868857,1.0,0.9536100697868857,1.0,0,0.0,0,0.0,0.0,0,0,0,0,0.028347100000246428,0.29528229166923364,0.0,0.0,0.0,0.0,1.7914562999940244,18.661003124937753,0.10949479998816969,1.8198033999942709,96,9.186369246891313e-08,9.438004558437463e-08
101,255,314,30144,0.45,0.375,0.25,0,0,0,0,0,0,1.5311894736895442,0.9589911455792058,1.0,0.9589911455792058,1.0,0,0.0,0,0.0,0.0,0,0,0,0,0.027728599990950897,0.28883958323907183,0.0,0.0,0.0,0.0,1.7999998000086634,18.74999791675691,0.11160679997556144,1.8277283999996143,96,9.437014509248998e-08,9.918368182315618e-08
101,256,315,30240,0.45,0.375,0.25,0,0,0,0,0,0,1.298416787146708,0.9604379919233513,1.0,0.9604379919233513,1.0,0,0.0,0,0.0,0.0,0,0,0,0,0.028646299986576196,0.29839895819350204,0.0,0.0,0.0,0.0,1.8700992999365553,19.480201041005785,0.11778890004643472,1.8987455999231315,96,9.743764467148863e-08,9.876320331003718e-08
101,257,316,30336,0.45,0.375,0.25,0,0,0,0,0,0,2.0515316447550918,0.9536621018310629,1.001779255509084,0.9536621018310629,1.001779255509084,0,0.0,0,0.0,0.0,0,0,0,0,0.027179700031410903,0.2831218753271969,0.0,0.0,0.0,0.0,1.7535169000402675,18.26580104208612,0.10898509997059591,1.7806966000716784,96,9.361179242363404e-08,9.557938392135146e-08
101,258,317,30432,0.45,0.375,0.25,0,0,0,0,0,0,2.1351210993248526,0.9532101788753484,1.0017124368304706,0.9532101788753484,1.0017124368304706,0,0.0,0,0.0,0.0,0,0,0,0,0.02706610001041554,0.28193854177516187,0.0,0.0,0.0,0.0,1.7521670999922208,18.251740624918966,0.10608709999360144,1.7792332000026363,96,8.499500423787831e-08,9.637927247951872e-08
101,259,320,30720,0.45,0.375,0.25,0,0,0,0,0,0,2.1074470533258127,0.9539281167112761,1.0013934515707483,0.9539281167112761,1.0013934515707483,0,0.0,0,0.0,0.0,0,0,0,0,0.028787599985662382,0.29987083318398317,0.0,0.0,0.0,0.0,1.8654381000233116,19.43164687524283,0.1179743000320741,1.894225700008974,96,9.911238839192815e-08,9.958966519507673e-08
101,260,321,30816,0.45,0.375,0.25,0,0,0,0,0,0,1.592143331668084,0.9578852109332193,1.0,0.9578852109332193,1.0,0,0.0,0,0.0,0.0,0,0,0,0,0.027439099991170224,0.2858239582413565,0.0,0.0,0.0,0.0,1.7703633999917656,18.441285416580893,0.11161510000238195,1.7978024999829358,96,9.346930111842067e-08,9.929133334973805e-08
101,261,322,30912,0.45,0.375,0.25,0,0,0,0,0,0,1.27349150533214,0.9600980442140896,1.0016906547269164,0.9600980442140896,1.0016906547269164,0,0.0,0,0.0,0.0,0,0,0,0,0.026040400000056252,0.2712541666672526,0.0,0.0,0.0,0.0,1.7191777000189177,17.908101041863727,0.10338100001536077,1.745218100018974,96,9.53797733328765e-08,9.854266382058885e-08
101,262,323,31008,0.45,0.375,0.25,0,0,0,0,0,0,2.3126192544287036,0.9528101123936361,1.0,0.9528101123936361,1.0,0,0.0,0,0.0,0.0,0,0,0,0,0.02570039996498963,0.26771249963530863,0.0,0.0,0.0,0.0,1.7143549999818788,17.857864583144572,0.10514669999975013,1.7400553999468684,96,8.551820942365174e-08,9.88558442049925e-08
101,263,324,31104,0.45,0.375,0.25,0,0,0,0,0,0,2.346666469819732,0.9530221474519684,1.0,0.9530221474519684,1.0,0,0.0,0,0.0,0.0,0,0,0,0,0.026853799958189484,0.2797270828978071,0.0,0.0,0.0,0.0,1.7423439000049257,18.149415625051308,0.10770309998042649,1.7691976999631152,96,9.493020173764743e-08,9.668069955726111e-08
101,264,325,31200,0.45,0.375,0.25,0,0,0,0,0,0,2.1165090363019035,0.9530257230503726,1.0030570226145437,0.9530257230503726,1.0030570226145437,0,0.0,0,0.0,0.0,0,0,0,0,0.026242199994158,0.2733562499391458,0.0,0.0,0.0,0.0,1.70995950003271,17.81207812534073,0.10562020001088968,1.736201700026868,96,9.172336607257692e-08,9.650417437390146e-08
101,265,326,31296,0.45,0.375,0.25,0,0,0,0,0,0,2.2376182706975247,0.9518154077835334,1.0019721406891962,0.9518154077835334,1.0019721406891962,0,0.0,0,0.0,0.0,0,0,0,0,0.02550529997824924,0.2656802081067629,0.0,0.0,0.0,0.0,1.6578694000054384,17.269472916723316,0.10115239997685421,1.6833746999836876,96,9.270984263273774e-08,9.642837424383988e-08
101,266,327,31392,0.45,0.375,0.25,0,0,0,0,0,0,2.1325020879500434,0.9536819565711956,1.0007520743041636,0.9536819565711956,1.0007520743041636,0,0.0,0,0.0,0.0,0,0,0,0,0.025702100007038098,0.26773020840664685,0.0,0.0,0.0,0.0,1.715277299961599,17.86747187459999,0.106501600050251,1.7409793999686372,96,9.303659606607617e-08,9.532953447466408e-08
101,267,328,31488,0.45,0.375,0.25,0,0,0,0,0,0,1.5839408285816223,0.9579927403294238,1.0,0.9579927403294238,1.0,0,0.0,0,0.0,0.0,0,0,0,0,0.02495070001896238,0.2599031251975248,0.0,0.0,0.0,0.0,1.6779699999533477,17.478854166180707,0.10514120000152616,1.70292069997231,96,8.843370576626375e-08,9.921618249197905e-08
101,268,331,31776,0.45,0.375,0.25,0,0,0,0,0,0,2.4666493659798987,0.9515923036113527,1.0,0.9515923036113527,1.0,0,0.0,0,0.0,0.0,0,0,0,0,0.02463630001147976,0.25662812511958083,0.0,0.0,0.0,0.0,1.7386050000131945,18.110468750137443,0.10831619994860375,1.7632413000246743,96,9.604551176080334e-08,9.885321776426093e-08
101,269,332,31872,0.45,0.375,0.25,0,0,0,0,0,0,2.2897020789532814,0.9532047620683843,1.0000238931404544,0.9532047620683843,1.0000238931404544,0,0.0,0,0.0,0.0,0,0,0,0,0.025259800037019886,0.26312291705229046,0.0,0.0,0.0,0.0,1.6414195000033942,17.098119791702022,0.10138669998559635,1.666679300040414,96,9.710647056425381e-08,9.98096166132667e-08
101,270,333,31968,0.45,0.375,0.25,0,0,0,0,0,0,2.3938789042076696,0.9528012006982054,1.0,0.9528012006982054,1.0,0,0.0,0,0.0,0.0,0,0,0,0,0.02466519998415606,0.2569291665016256,0.0,0.0,0.0,0.0,1.683569599968905,17.537183333009427,0.10363310000684578,1.7082347999530612,96,9.219464570248137e-08,9.796980449117143e-08
101,271,334,32064,0.45,0.375,0.25,0,0,0,0,0,0,2.2403064808496205,0.9541033060156817,1.0,0.9541033060156817,1.0,0,0.0,0,0.0,0.0,0,0,0,0,0.024816399993142113,0.25850416659523034,0.0,0.0,0.0,0.0,1.694105899965507,17.646936457974032,0.10736649999307701,1.718922299958649,96,9.002694603688077e-08,9.43185863439e-08
101,272,335,32160,0.45,0.375,0.25,0,0,0,0,0,0,1.656123333733837,0.9582163830092029,1.0,0.9582163830092029,1.0,0,0.0,0,0.0,0.0,0,0,0,0,0.02579079997667577,0.26865416642370593,0.0,0.0,0.0,0.0,1.7370971999916947,18.094762499913486,0.10820150002109585,1.7628879999683704,96,9.413239553286712e-08,9.909742651470488e-08
101,273,336,32256,0.45,0.375,0.25,0,0,0,0,0,0,1.5107221105501016,0.958863588623823,1.0,0.958863588623823,1.0,0,0.0,0,0.0,0.0,0,0,0,0,0.02608029996190453,0.27166979126983887,0.0,0.0,0.0,0.0,1.710139100003289,17.813948958367593,0.10581630001252051,1.7362193999651936,96,9.866832899330102e-08,9.966269781669368e-08
101,274,337,32352,0.45,0.375,0.25,0,0,0,0,0,0,2.5967170235033192,0.9501888991572083,1.0,0.9501888991572083,1.0,0,0.0,0,0.0,0.0,0,0,0,0,0.02492469995195279,0.25963229116617487,0.0,0.0,0.0,0.0,1.6643029999977443,17.336489583309838,0.1003667000477435,1.6892276999496971,96,8.112275344529518e-08,9.889675314789237e-08
101,275,338,32448,0.45,0.375,0.25,1,1,0,21,0,0,2.702931858242318,0.9389936172960096,1.0,0.9389936172960096,1.0,0,0.0,0,0.0,0.0,0,0,0,0,0.024914899993746076,0.2595302082681883,0.0,0.0,0.0,0.0,1.6722873999751755,17.419660416408078,0.10365129999263445,1.6972022999689216,96,9.367244356919824e-08,9.710414111685495e-08
101,276,339,32544,0.45,0.375,0.25,0,0,0,0,0,0,2.6345130917982718,0.9508116254855711,1.0,0.9508116254855711,1.0,0,0.0,0,0.0,0.0,0,0,0,0,0.024058099996182136,0.2506052082935639,0.0,0.0,0.0,0.0,1.5783913999985089,16.4415770833178,0.09890320001431974,1.602449499994691,96,8.452295557036249e-08,9.86631573662855e-08
101,277,340,32640,0.45,0.375,0.25,1,1,0,24,0,0,2.4729810997367476,0.9389602164415592,1.002887449039672,0.9389602164415592,1.002887449039672,0,0.0,0,0.0,0.0,0,0,0,0,0.02509600001940271,0.26141666686877824,0.0,0.0,0.0,0.0,1.6398281000074348,17.08154270841078,0.10068429999228101,1.6649241000268376,96,9.003979095298376e-08,9.8070975160236e-08
101,278,343,32928,0.45,0.375,0.25,0,0,0,0,0,0,1.5109522407171236,0.9586864333479287,1.0,0.9586864333479287,1.0,0,0.0,0,0.0,0.0,0,0,0,0,0.024632200045743957,0.25658541714316624,0.0,0.0,0.0,0.0,1.6658176999844727,17.352267708171592,0.10215939999761758,1.6904499000302167,96,9.692124240331945e-08,9.93091181511474e-08
101,279,344,33024,0.45,0.375,0.25,0,0,0,0,0,0,2.594941534818966,0.9502202163419271,1.0,0.9502202163419271,1.0,0,0.0,0,0.0,0.0,0,0,0,0,0.024822100058372598,0.25856354227471456,0.0,0.0,0.0,0.0,1.6760876000189455,17.459245833530684,0.10521469997183885,1.7009097000773181,96,9.17393775789338e-08,9.666824021814513e-08
101,280,345,33120,0.45,0.375,0.25,1,1,0,17,0,0,2.6833255076294233,0.9440411035832554,1.0,0.9440411035832554,1.0,0,0.0,0,0.0,0.0,0,0,0,0,0.02497100000618957,0.260114583397808,0.0,0.0,0.0,0.0,1.6576959998783423,17.2676666653994,0.10263090005901176,1.6826669998845318,96,9.043993141194528e-08,9.954060811723231e-08
101,281,346,33216,0.45,0.375,0.25,1,1,0,27,0,0,2.60917201157829,0.9345871022124993,1.0021849778015306,0.9345871022124993,1.0021849778015306,0,0.0,0,0.0,0.0,0,0,0,0,0.022778700025810394,0.23727812526885828,0.0,0.0,0.0,0.0,1.5431504999287426,16.074484374257736,0.09623720002127811,1.565929199954553,96,8.756256986847122e-08,9.96270356490303e-08
101,282,347,33312,0.45,0.375,0.25,1,1,0,24,0,0,2.640967016587101,0.9403414806136206,1.0,0.9403414806136206,1.0,0,0.0,0,0.0,0.0,0,0,0,0,0.02632259998790687,0.2741937498740299,0.0,0.0,0.0,0.0,1.7841216999586322,18.584601041235754,0.11039530000562081,1.810444299946539,96,9.670085484962676e-08,9.948903131884457e-08
101,283,348,33408,0.45,0.375,0.25,0,0,0,0,0,0,2.2500031037931922,0.9535356640998578,1.0,0.9535356640998578,1.0,0,0.0,0,0.0,0.0,0,0,0,0,0.024102499992295634,0.2510677082530795,0.0,0.0,0.0,0.0,1.6029686999536352,16.697590624517034,0.09962410003208788,1.6270711999459309,96,8.658544095249687e-08,9.032249087548294e-08
101,284,349,33504,0.45,0.375,0.25,0,0,0,0,0,0,1.6518968361350865,0.9578622918270548,1.0,0.9578622918270548,1.0,0,0.0,0,0.0,0.0,0,0,0,0,0.02449170003819745,0.2551218753978901,0.0,0.0,0.0,0.0,1.6474530999184935,17.160969790817642,0.10174030005873647,1.671944799956691,96,9.361023367918109e-08,9.877913050015952e-08
101,285,351,33696,0.45,0.375,0.25,0,0,0,0,0,0,2.337061093900245,0.9529590702218307,1.0,0.9529590702218307,1.0,0,0.0,0,0.0,0.0,0,0,0,0,0.02555089998350013,0.2661552081614597,0.0,0.0,0.0,0.0,1.738804499982507,18.11254687481778,0.10777940003026742,1.764355399966007,96,9.658508943154176e-08,9.960353555826806e-08
101,286,352,33792,0.45,0.375,0.25,0,0,0,0,0,0,2.3824615603827692,0.953353442986905,1.0,0.953353442986905,1.0,0,0.0,0,0.0,0.0,0,0,0,0,0.02558569997199811,0.266517708041647,0.0,0.0,0.0,0.0,1.7213047000404913,17.930257292088452,0.10497749994101468,1.7468904000124894,96,9.264567256590805e-08,9.481585176718266e-08
101,287,353,33888,0.45,0.375,0.25,0,0,0,0,0,0,2.254577060825021,0.954006071486666,1.0,0.954006071486666,1.0,0,0.0,0,0.0,0.0,0,0,0,0,0.026522200008912478,0.276272916759505,0.0,0.0,0.0,0.0,1.7542309999989811,18.27323958332272,0.10879419998673256,1.7807532000078936,96,9.328384158006908e-08,9.736792663805893e-08
101,288,354,33984,0.45,0.375,0.25,0,0,0,0,0,0,2.1524145073975602,0.9547764090107242,1.0,0.9547764090107242,1.0,0,0.0,0,0.0,0.0,0,0,0,0,0.024103200077661313,0.251075000808972,0.0,0.0,0.0,0.0,1.6079654999557533,16.749640624539097,0.09952150001481641,1.6320687000334146,96,8.554515830080933e-08,9.158448124879648e-08
101,289,355,34080,0.45,0.375,0.25,0,0,0,0,0,0,1.8117419292876056,0.9571243778422495,1.0,0.9571243778422495,1.0,0,0.0,0,0.0,0.0,0,0,0,0,0.027116799996292684,0.2824666666280488,0.0,0.0,0.0,0.0,1.8215906000768882,18.974902084134253,0.11208609996538144,1.848707400073181,96,9.303661820114772e-08,9.523891529583661e-08
101,290,356,34176,0.45,0.375,0.25,0,0,0,0,0,0,1.3761082134346898,0.9597603086723924,1.0,0.9597603086723924,1.0,0,0.0,0,0.0,0.0,0,0,0,0,0.024044200006756,0.25046041673704167,0.0,0.0,0.0,0.0,1.6841326999856392,17.543048958183743,0.1023962999752257,1.7081768999923952,96,9.786523076302234e-08,9.907102672956913e-08
101,291,357,34272,0.45,0.375,0.25,0,0,0,0,0,0,1.067891553322639,0.964537441384541,1.0,0.964537441384541,1.0,0,0.0,0,0.0,0.0,0,0,0,0,0.025622399974963628,0.2668999997392045,0.0,0.0,0.0,0.0,1.7097519001181354,17.809915626230577,0.1064926999315503,1.735374300093099,96,4.8886612665985374e-08,5.789913382070466e-08
101,292,358,34368,0.45,0.375,0.25,0,0,0,0,0,0,0.9963417317530752,0.9658946432720342,1.0009875910185995,0.9658946432720342,1.0009875910185995,0,0.0,0,0.0,0.0,0,0,0,0,0.025305999966803938,0.26360416632087436,0.0,0.0,0.0,0.0,1.686229699946125,17.564892707772135,0.10428090003551915,1.711535699912929,96,3.6600996356980775e-08,4.561881733478046e-08
101,293,359,34464,0.45,0.375,0.25,0,0,0,0,0,0,1.006239726931319,0.9649889805209877,1.0030585573606883,0.9649889805209877,1.0030585573606883,0,0.0,0,0.0,0.0,0,0,0,0,0.024610999957076274,0.25636458288621117,0.0,0.0,0.0,0.0,1.647468699979072,17.161132291448666,0.10096049997810042,1.6720796999361482,96,4.429034423936162e-08,5.346703593755997e-08
101,294,360,34560,0.45,0.375,0.25,0,0,0,0,0,0,1.3765291798953707,0.9592833582105637,1.0004056179206915,0.9592833582105637,1.0004056179206915,0,0.0,0,0.0,0.0,0,0,0,0,0.026502999986405484,0.2760729165250571,0.0,0.0,0.0,0.0,1.7636414999942644,18.371265624940254,0.10793539999576751,1.79014449998067,96,9.228970481930943e-08,9.465492556426369e-08
101,295,361,34656,0.45,0.375,0.25,0,0,0,0,0,0,1.4650620666000194,0.9590246593022206,1.0,0.9590246593022206,1.0,0,0.0,0,0.0,0.0,0,0,0,0,0.025386200002685655,0.2644395833613089,0.0,0.0,0.0,0.0,1.7401008000597358,18.126050000622246,0.10847999997349689,1.7654870000624214,96,9.537906816778352e-08,9.941751331898896e-08
101,296,362,34752,0.45,0.375,0.25,0,0,0,0,0,0,1.3682163380145302,0.9587019282817537,1.002809767229455,0.9587019282817537,1.002809767229455,0,0.0,0,0.0,0.0,0,0,0,0,0.025498900009552017,0.26561354176616686,0.0,0.0,0.0,0.0,1.7102480999892578,17.8150843748881,0.10809860003064387,1.7357469999988098,96,9.671627478925748e-08,9.792635216610002e-08
101,297,363,34848,0.45,0.375,0.25,0,0,0,0,0,0,1.2487914324898148,0.9614669404213535,1.0,0.9614669404213535,1.0,0,0.0,0,0.0,0.0,0,0,0,0,0.025871999969240278,0.2694999996795862,0.0,0.0,0.0,0.0,1.7999706999835325,18.74969479149513,0.11230920001253253,1.8258426999527728,96,9.804737873160552e-08,9.955190123644986e-08
101,298,364,34944,0.45,0.375,0.25,0,0,0,0,0,0,0.9896856841503909,0.9635629907705926,1.00111413937309,0.9635629907705926,1.00111413937309,0,0.0,0,0.0,0.0,0,0,0,0,0.024214800039771944,0.2522375004142911,0.0,0.0,0.0,0.0,1.596035499998834,16.62536979165452,0.09971509999741102,1.620250300038606,96,6.021734650848987e-08,6.860280774012573e-08
