seed,day,shift_id,random_seed,event,under_steps,over_steps,pf_fail,minimum_voltage_pu,maximum_voltage_pu,line_loss_mwh,load_multiplier,pv_multiplier,mean_r_multiplier,mean_x_multiplier,topology_reconfiguration,observation_delay_steps
42,4,0,2026096037,0,0,0,0,0.9570474622620004,1.0001761179061424,1.3129881102226453,1.0,1.0,1.0,1.0,none,0
42,4,1,2026096038,0,0,0,0,0.9565118868737403,1.0001607193635875,1.3129176791614026,1.0,1.0,1.0,1.0,none,0
42,4,2,2026096039,0,0,0,0,0.9567150268155659,1.0001410121504848,1.313239746569483,1.0,1.0,1.0,1.0,none,0
42,4,3,2026096040,0,0,0,0,0.9569354728392458,1.0001861329287167,1.3131472766798211,1.0,1.0,1.0,1.0,none,0
42,4,4,2026096041,0,0,0,0,0.9565928348939792,1.000174164714983,1.3131117549854,1.0,1.0,1.0,1.0,none,0
42,4,5,2026096042,0,0,0,0,0.9569899964239541,1.0001552696790807,1.3132398219916905,1.0,1.0,1.0,1.0,none,0
42,4,6,2026096043,0,0,0,0,0.9568858050044163,1.000154610099987,1.3131599331206523,1.0,1.0,1.0,1.0,none,0
42,4,7,2026096044,0,0,0,0,0.9568701989634468,1.0001649990274708,1.313023174053313,1.0,1.0,1.0,1.0,none,0
42,4,8,2026096045,0,0,0,0,0.9569780939656674,1.0001476124826223,1.3132302540583178,1.0,1.0,1.0,1.0,none,0
42,4,9,2026096046,0,0,0,0,0.9573255585342761,1.0001621307139987,1.3132260965532387,1.0,1.0,1.0,1.0,none,0
42,4,10,2026096047,0,0,0,0,0.9569085213446475,1.0001713571980673,1.3132457066838825,1.0,1.0,1.0,1.0,none,0
42,4,11,2026096048,0,0,0,0,0.9570912273010828,1.000183252212235,1.3131336339135173,1.0,1.0,1.0,1.0,none,0
42,4,12,2026096049,0,0,0,0,0.9568013977230055,1.000157260450454,1.3131693653391059,1.0,1.0,1.0,1.0,none,0
42,4,13,2026096050,0,0,0,0,0.9570863322965806,1.0001831300810182,1.3132512593056822,1.0,1.0,1.0,1.0,none,0
42,4,14,2026096051,0,0,0,0,0.9566771147504738,1.0001502338171688,1.3130961200542113,1.0,1.0,1.0,1.0,none,0
42,4,15,2026096052,0,0,0,0,0.9570068794726913,1.0001827029750399,1.3131413231191196,1.0,1.0,1.0,1.0,none,0
42,4,16,2026096053,0,0,0,0,0.9569202829156491,1.0001537283831516,1.3131172743426875,1.0,1.0,1.0,1.0,none,0
42,4,17,2026096054,0,0,0,0,0.9574514968377977,1.0001359088810495,1.313278515331985,1.0,1.0,1.0,1.0,none,0
42,4,18,2026096055,0,0,0,0,0.9568711453565214,1.0001724902188995,1.3134195861725466,1.0,1.0,1.0,1.0,none,0
42,4,19,2026096056,0,0,0,0,0.9571842936237257,1.000154635494743,1.3132601983639423,1.0,1.0,1.0,1.0,none,0
42,38,0,2026130343,0,0,0,0,0.9519371887618978,1.0001382353925954,2.1457067295757977,1.0,1.0,1.0,1.0,none,0
42,38,1,2026130344,0,0,0,0,0.9523131386003489,1.000145389641013,2.146290238267229,1.0,1.0,1.0,1.0,none,0
42,38,2,2026130345,0,0,0,0,0.9523603671221955,1.0002110145110232,2.143778181107901,1.0,1.0,1.0,1.0,none,0
42,38,3,2026130346,0,0,0,0,0.9520549855323389,1.0001896826826182,2.146799336716922,1.0,1.0,1.0,1.0,none,0
42,38,4,2026130347,0,0,0,0,0.9521948563330448,1.0001821317630029,2.143683909559956,1.0,1.0,1.0,1.0,none,0
42,38,5,2026130348,0,0,0,0,0.9522389453831968,1.0002016655191008,2.1446009401396933,1.0,1.0,1.0,1.0,none,0
42,38,6,2026130349,0,0,0,0,0.9519577900624379,1.0001834177682456,2.146577716736243,1.0,1.0,1.0,1.0,none,0
42,38,7,2026130350,0,0,0,0,0.951672909513347,1.0001259457848082,2.146082185387159,1.0,1.0,1.0,1.0,none,0
42,38,8,2026130351,0,0,0,0,0.9516484458134725,1.0000951676882954,2.145080259159044,1.0,1.0,1.0,1.0,none,0
42,38,9,2026130352,0,0,0,0,0.9516610731681467,1.0001570840416003,2.1452964467540667,1.0,1.0,1.0,1.0,none,0
42,38,10,2026130353,0,0,0,0,0.9520929685462376,1.0001424783987036,2.1461770077627134,1.0,1.0,1.0,1.0,none,0
42,38,11,2026130354,0,0,0,0,0.9520967796772444,1.000168669085436,2.1456523323836754,1.0,1.0,1.0,1.0,none,0
42,38,12,2026130355,0,0,0,0,0.9521059776550251,1.0002186147723675,2.1462752280600608,1.0,1.0,1.0,1.0,none,0
42,38,13,2026130356,0,0,0,0,0.9519153247310768,1.000114980265651,2.1496022164261563,1.0,1.0,1.0,1.0,none,0
42,38,14,2026130357,0,0,0,0,0.9522196035929807,1.0001525506974138,2.1454384641217055,1.0,1.0,1.0,1.0,none,0
42,38,15,2026130358,0,0,0,0,0.9520769867082891,1.0001703063015446,2.1471876459737684,1.0,1.0,1.0,1.0,none,0
42,38,16,2026130359,0,0,0,0,0.9519450064886215,1.0001731130148235,2.1481386496412744,1.0,1.0,1.0,1.0,none,0
42,38,17,2026130360,0,0,0,0,0.9523493302194685,1.0001421360393594,2.147006672808978,1.0,1.0,1.0,1.0,none,0
42,38,18,2026130361,0,0,0,0,0.9521758033312755,1.0002385599158947,2.1448039191688455,1.0,1.0,1.0,1.0,none,0
42,38,19,2026130362,0,0,0,0,0.952388805153522,1.0002128043056446,2.145630367313111,1.0,1.0,1.0,1.0,none,0
42,77,0,2026169694,0,0,0,0,0.952134945911239,1.0045000870994218,2.037955280110568,1.0,1.0,1.0,1.0,none,0
42,77,1,2026169695,0,0,0,0,0.9515105118740305,1.0045070657021269,2.0400016579049507,1.0,1.0,1.0,1.0,none,0
42,77,2,2026169696,0,0,0,0,0.9521865418210437,1.0044895729609484,2.03889804957811,1.0,1.0,1.0,1.0,none,0
42,77,3,2026169697,0,0,0,0,0.9505541721635878,1.004541974830635,2.0350142570260066,1.0,1.0,1.0,1.0,none,0
42,77,4,2026169698,0,0,0,0,0.9515827515389836,1.0045325413654027,2.0362600755692015,1.0,1.0,1.0,1.0,none,0
42,77,5,2026169699,0,0,0,0,0.951670033961179,1.0045115080747837,2.0366345513601565,1.0,1.0,1.0,1.0,none,0
42,77,6,2026169700,0,0,0,0,0.95197033878768,1.0045090734129085,2.043591503455816,1.0,1.0,1.0,1.0,none,0
42,77,7,2026169701,0,0,0,0,0.9520381567952262,1.0044752849299785,2.0388497068193328,1.0,1.0,1.0,1.0,none,0
42,77,8,2026169702,0,0,0,0,0.9520893996552594,1.0045183582523936,2.0402201615316105,1.0,1.0,1.0,1.0,none,0
42,77,9,2026169703,0,0,0,0,0.9519348367941964,1.0045133289579629,2.038212998414292,1.0,1.0,1.0,1.0,none,0
42,77,10,2026169704,0,0,0,0,0.9521449809278978,1.0045200697119065,2.0336986381995703,1.0,1.0,1.0,1.0,none,0
42,77,11,2026169705,0,0,0,0,0.9513888591329743,1.0045334706147173,2.032082856689352,1.0,1.0,1.0,1.0,none,0
42,77,12,2026169706,0,0,0,0,0.9506197885127827,1.0045319635877514,2.03587643679588,1.0,1.0,1.0,1.0,none,0
42,77,13,2026169707,0,0,0,0,0.9524667338281418,1.004490381504392,2.0364056198647984,1.0,1.0,1.0,1.0,none,0
42,77,14,2026169708,0,0,0,0,0.9512764900585684,1.0045275322462797,2.0391941584542135,1.0,1.0,1.0,1.0,none,0
42,77,15,2026169709,0,0,0,0,0.952332019944608,1.004531571197431,2.0397092983832965,1.0,1.0,1.0,1.0,none,0
42,77,16,2026169710,0,0,0,0,0.9518208709374082,1.0045249854264737,2.035283690975667,1.0,1.0,1.0,1.0,none,0
42,77,17,2026169711,0,0,0,0,0.9517103748817034,1.0045009106088039,2.0422251441585586,1.0,1.0,1.0,1.0,none,0
42,77,18,2026169712,0,0,0,0,0.9518394372606537,1.004577619451586,2.034041156317864,1.0,1.0,1.0,1.0,none,0
42,77,19,2026169713,0,0,0,0,0.9522852746916151,1.0045268879902105,2.040042470007221,1.0,1.0,1.0,1.0,none,0
42,85,0,2026177766,0,0,0,0,0.9526479196730521,1.0,1.9904785333370556,1.0,1.0,1.0,1.0,none,0
42,85,1,2026177767,0,0,0,0,0.9528079387251077,1.0,1.9899767861312314,1.0,1.0,1.0,1.0,none,0
42,85,2,2026177768,0,0,0,0,0.9523622776975508,1.0,1.9901146661482167,1.0,1.0,1.0,1.0,none,0
42,85,3,2026177769,0,0,0,0,0.9526740716963841,1.0,1.9899091545911247,1.0,1.0,1.0,1.0,none,0
42,85,4,2026177770,0,0,0,0,0.9530700914321012,1.0,1.9903580677717947,1.0,1.0,1.0,1.0,none,0
42,85,5,2026177771,0,0,0,0,0.9520204049269886,1.0,1.9895312955098048,1.0,1.0,1.0,1.0,none,0
42,85,6,2026177772,0,0,0,0,0.9522538351460359,1.0,1.9897061396731772,1.0,1.0,1.0,1.0,none,0
42,85,7,2026177773,0,0,0,0,0.95274390014798,1.0,1.9905817962548036,1.0,1.0,1.0,1.0,none,0
42,85,8,2026177774,0,0,0,0,0.9527728066779811,1.0,1.9902483528860313,1.0,1.0,1.0,1.0,none,0
42,85,9,2026177775,0,0,0,0,0.9524116254345207,1.0,1.989983267097521,1.0,1.0,1.0,1.0,none,0
42,85,10,2026177776,0,0,0,0,0.9524554575611393,1.0,1.9900123848488844,1.0,1.0,1.0,1.0,none,0
42,85,11,2026177777,0,0,0,0,0.9530774581000084,1.0,1.9908574912323942,1.0,1.0,1.0,1.0,none,0
42,85,12,2026177778,0,0,0,0,0.9528583485826309,1.0,1.9901952098471352,1.0,1.0,1.0,1.0,none,0
42,85,13,2026177779,0,0,0,0,0.9531938235592966,1.0,1.9900067327419022,1.0,1.0,1.0,1.0,none,0
42,85,14,2026177780,0,0,0,0,0.9529421254779634,1.0,1.9911479351337873,1.0,1.0,1.0,1.0,none,0
42,85,15,2026177781,0,0,0,0,0.9529388499373375,1.0,1.9906598323181834,1.0,1.0,1.0,1.0,none,0
42,85,16,2026177782,0,0,0,0,0.9528380361291077,1.0,1.9902597985220691,1.0,1.0,1.0,1.0,none,0
42,85,17,2026177783,0,0,0,0,0.9528424818631952,1.0,1.990023820352089,1.0,1.0,1.0,1.0,none,0
42,85,18,2026177784,0,0,0,0,0.9526771589454055,1.0,1.9899631014996244,1.0,1.0,1.0,1.0,none,0
42,85,19,2026177785,0,0,0,0,0.9524031243439786,1.0,1.9895210923951536,1.0,1.0,1.0,1.0,none,0
42,105,0,2026197946,0,0,0,0,0.9560452571613657,1.0143641416655818,1.3706494053478866,1.0,1.0,1.0,1.0,none,0
42,105,1,2026197947,0,0,0,0,0.95629213187541,1.0142073426126783,1.3711440554916319,1.0,1.0,1.0,1.0,none,0
42,105,2,2026197948,0,0,0,0,0.9557596668126049,1.0144787129708164,1.3707539557588346,1.0,1.0,1.0,1.0,none,0
42,105,3,2026197949,0,0,0,0,0.9560388744093847,1.0146930727932797,1.370926209715106,1.0,1.0,1.0,1.0,none,0
42,105,4,2026197950,0,0,0,0,0.9558873260064151,1.0144964009959,1.3706273566729323,1.0,1.0,1.0,1.0,none,0
42,105,5,2026197951,0,0,0,0,0.9562059924854457,1.0144685503292838,1.3709424148815315,1.0,1.0,1.0,1.0,none,0
42,105,6,2026197952,0,0,0,0,0.956235391297534,1.014206757356916,1.37084746474373,1.0,1.0,1.0,1.0,none,0
42,105,7,2026197953,0,0,0,0,0.9560709809091488,1.0143889389624268,1.3708984029512576,1.0,1.0,1.0,1.0,none,0
42,105,8,2026197954,0,0,0,0,0.9557474027655525,1.0146145315758024,1.3709681636779067,1.0,1.0,1.0,1.0,none,0
42,105,9,2026197955,0,0,0,0,0.9558303268071291,1.0145869746300988,1.3707259705374037,1.0,1.0,1.0,1.0,none,0
42,105,10,2026197956,0,0,0,0,0.9560305373208077,1.0146764322450248,1.3709673096540775,1.0,1.0,1.0,1.0,none,0
42,105,11,2026197957,0,0,0,0,0.9562357880194929,1.0143509888398645,1.3708637901616345,1.0,1.0,1.0,1.0,none,0
42,105,12,2026197958,0,0,0,0,0.9560620092554594,1.0141349229667018,1.3709793504486696,1.0,1.0,1.0,1.0,none,0
42,105,13,2026197959,0,0,0,0,0.9558969479449554,1.0144759782023027,1.3710928189821046,1.0,1.0,1.0,1.0,none,0
42,105,14,2026197960,0,0,0,0,0.9561401066630865,1.0142709757413257,1.3711253251744335,1.0,1.0,1.0,1.0,none,0
42,105,15,2026197961,0,0,0,0,0.9559265528558327,1.0144683740785183,1.3706954893005665,1.0,1.0,1.0,1.0,none,0
42,105,16,2026197962,0,0,0,0,0.9553911890139727,1.0140206939621563,1.3706226486842834,1.0,1.0,1.0,1.0,none,0
42,105,17,2026197963,0,0,0,0,0.9559139198204167,1.0145420689792284,1.370783651150234,1.0,1.0,1.0,1.0,none,0
42,105,18,2026197964,0,0,0,0,0.9562591575708645,1.0144490194963345,1.3708849666677487,1.0,1.0,1.0,1.0,none,0
42,105,19,2026197965,0,0,0,0,0.9554368879489942,1.0143253028020744,1.3708102617538331,1.0,1.0,1.0,1.0,none,0
42,133,0,2026226198,0,0,0,0,0.9567220833880845,1.0087813140297694,1.4239783045836059,1.0,1.0,1.0,1.0,none,0
42,133,1,2026226199,0,0,0,0,0.9565677191640711,1.0088246350266787,1.423977732263528,1.0,1.0,1.0,1.0,none,0
42,133,2,2026226200,0,0,0,0,0.9564329058258507,1.0087670688341055,1.4239043662134643,1.0,1.0,1.0,1.0,none,0
42,133,3,2026226201,0,0,0,0,0.9564211618373334,1.008767216940433,1.4240268373335843,1.0,1.0,1.0,1.0,none,0
42,133,4,2026226202,0,0,0,0,0.9562174003845137,1.0087864516921052,1.4238355060075296,1.0,1.0,1.0,1.0,none,0
42,133,5,2026226203,0,0,0,0,0.9565215398819557,1.008768205295551,1.423953443744005,1.0,1.0,1.0,1.0,none,0
42,133,6,2026226204,0,0,0,0,0.9566550883971863,1.0088022728622272,1.4238487058731786,1.0,1.0,1.0,1.0,none,0
42,133,7,2026226205,0,0,0,0,0.9566898309178792,1.0087758351438678,1.424210310610089,1.0,1.0,1.0,1.0,none,0
42,133,8,2026226206,0,0,0,0,0.9567499471048725,1.00877216458088,1.4240111029998468,1.0,1.0,1.0,1.0,none,0
42,133,9,2026226207,0,0,0,0,0.9563929613423562,1.0087870377053754,1.4240260949337045,1.0,1.0,1.0,1.0,none,0
42,133,10,2026226208,0,0,0,0,0.9563790477515944,1.0088095848066556,1.424038290572968,1.0,1.0,1.0,1.0,none,0
42,133,11,2026226209,0,0,0,0,0.9567554534707443,1.008752259165575,1.4241950426599002,1.0,1.0,1.0,1.0,none,0
42,133,12,2026226210,0,0,0,0,0.9563381991499783,1.0087975290125233,1.4240858229858524,1.0,1.0,1.0,1.0,none,0
42,133,13,2026226211,0,0,0,0,0.9566039563471668,1.008792774029194,1.4239798732646576,1.0,1.0,1.0,1.0,none,0
42,133,14,2026226212,0,0,0,0,0.9566996642092802,1.0088026762617603,1.4240427441506651,1.0,1.0,1.0,1.0,none,0
42,133,15,2026226213,0,0,0,0,0.9563990808145718,1.0087887473619297,1.4239041253130644,1.0,1.0,1.0,1.0,none,0
42,133,16,2026226214,0,0,0,0,0.9565269512426285,1.008773171688399,1.42398552374529,1.0,1.0,1.0,1.0,none,0
42,133,17,2026226215,0,0,0,0,0.9564096113801753,1.0087836617127424,1.423974878567401,1.0,1.0,1.0,1.0,none,0
42,133,18,2026226216,0,0,0,0,0.9568699422879186,1.0087769274757392,1.4240721247341686,1.0,1.0,1.0,1.0,none,0
42,133,19,2026226217,0,0,0,0,0.9564356821102431,1.0087772791962626,1.4237706846941236,1.0,1.0,1.0,1.0,none,0
42,137,0,2026230234,0,0,0,0,0.9640469132068963,1.015335973227218,0.9314938227854181,1.0,1.0,1.0,1.0,none,0
42,137,1,2026230235,0,0,0,0,0.964171599695561,1.0152418447300513,0.9315221799038556,1.0,1.0,1.0,1.0,none,0
42,137,2,2026230236,0,0,0,0,0.9640069201893043,1.0153028756963132,0.9314854474568182,1.0,1.0,1.0,1.0,none,0
42,137,3,2026230237,0,0,0,0,0.9642430512354722,1.0152664709342876,0.9315148505189395,1.0,1.0,1.0,1.0,none,0
42,137,4,2026230238,0,0,0,0,0.9644195574124564,1.0154133340074583,0.9315434661130486,1.0,1.0,1.0,1.0,none,0
42,137,5,2026230239,0,0,0,0,0.9639964123187407,1.0153320423037442,0.9314913849803644,1.0,1.0,1.0,1.0,none,0
42,137,6,2026230240,0,0,0,0,0.9644971469705024,1.0153437840010324,0.9315847662686846,1.0,1.0,1.0,1.0,none,0
42,137,7,2026230241,0,0,0,0,0.9645739282962048,1.0152142318332964,0.9315823302689926,1.0,1.0,1.0,1.0,none,0
42,137,8,2026230242,0,0,0,0,0.9645331351724349,1.0150628446074565,0.9316046668119994,1.0,1.0,1.0,1.0,none,0
42,137,9,2026230243,0,0,0,0,0.9642904145816502,1.015195232681671,0.9315103585615391,1.0,1.0,1.0,1.0,none,0
42,137,10,2026230244,0,0,0,0,0.9640625716305385,1.0151123113350564,0.9315149329516689,1.0,1.0,1.0,1.0,none,0
42,137,11,2026230245,0,0,0,0,0.9642840314953327,1.0151644850415928,0.9315842273544676,1.0,1.0,1.0,1.0,none,0
42,137,12,2026230246,0,0,0,0,0.9643886831282447,1.0150644944347393,0.931545017182299,1.0,1.0,1.0,1.0,none,0
42,137,13,2026230247,0,0,0,0,0.9642532838035092,1.0153028133241977,0.9315327361961344,1.0,1.0,1.0,1.0,none,0
42,137,14,2026230248,0,0,0,0,0.9642749895746686,1.015221297870763,0.9315304853687318,1.0,1.0,1.0,1.0,none,0
42,137,15,2026230249,0,0,0,0,0.9642980827258103,1.0152454838397422,0.9315019080578855,1.0,1.0,1.0,1.0,none,0
42,137,16,2026230250,0,0,0,0,0.9642723618316957,1.0151545440918024,0.9315222436246487,1.0,1.0,1.0,1.0,none,0
42,137,17,2026230251,0,0,0,0,0.9641694312224602,1.0153098758746002,0.9315465116469904,1.0,1.0,1.0,1.0,none,0
42,137,18,2026230252,0,0,0,0,0.9642455993035145,1.0153193499054725,0.9315339814743488,1.0,1.0,1.0,1.0,none,0
42,137,19,2026230253,0,0,0,0,0.9643260654663813,1.0151433834032788,0.9315516340214215,1.0,1.0,1.0,1.0,none,0
42,147,0,2026240324,0,0,0,0,0.9560435702131393,1.0104308255402878,1.4597249682989852,1.0,1.0,1.0,1.0,none,0
42,147,1,2026240325,0,0,0,0,0.9564775982199368,1.010430881391084,1.4597799469923025,1.0,1.0,1.0,1.0,none,0
42,147,2,2026240326,0,0,0,0,0.9562271210076261,1.0104654719561608,1.459492139378928,1.0,1.0,1.0,1.0,none,0
42,147,3,2026240327,0,0,0,0,0.9563644927824312,1.010426814899627,1.4596781309970253,1.0,1.0,1.0,1.0,none,0
42,147,4,2026240328,0,0,0,0,0.9564086334176062,1.0104603996319472,1.4595878062667669,1.0,1.0,1.0,1.0,none,0
42,147,5,2026240329,0,0,0,0,0.9566199932086775,1.0104517105440023,1.4599262191334874,1.0,1.0,1.0,1.0,none,0
42,147,6,2026240330,0,0,0,0,0.9559449806130751,1.0104478508269075,1.4596012657869393,1.0,1.0,1.0,1.0,none,0
42,147,7,2026240331,0,0,0,0,0.9559855615831795,1.0104303836569117,1.4597059800300651,1.0,1.0,1.0,1.0,none,0
42,147,8,2026240332,0,0,0,0,0.9560675852044944,1.010420559557623,1.4596612805858002,1.0,1.0,1.0,1.0,none,0
42,147,9,2026240333,0,0,0,0,0.9565014088673727,1.0104482603941771,1.4598572914213956,1.0,1.0,1.0,1.0,none,0
42,147,10,2026240334,0,0,0,0,0.9565681743499111,1.0104301833576506,1.459980423540836,1.0,1.0,1.0,1.0,none,0
42,147,11,2026240335,0,0,0,0,0.956201544346343,1.0104335831714732,1.4597202338996025,1.0,1.0,1.0,1.0,none,0
42,147,12,2026240336,0,0,0,0,0.9565640152160401,1.0104243554820191,1.4597006474240202,1.0,1.0,1.0,1.0,none,0
42,147,13,2026240337,0,0,0,0,0.956195614819857,1.0104414525289709,1.4598363422101062,1.0,1.0,1.0,1.0,none,0
42,147,14,2026240338,0,0,0,0,0.9566241523367719,1.010447722824394,1.459734450670098,1.0,1.0,1.0,1.0,none,0
42,147,15,2026240339,0,0,0,0,0.956552522526444,1.0104291521014024,1.4596784748057563,1.0,1.0,1.0,1.0,none,0
42,147,16,2026240340,0,0,0,0,0.9568357299998295,1.0104237674034842,1.460041975114913,1.0,1.0,1.0,1.0,none,0
42,147,17,2026240341,0,0,0,0,0.9560682726868565,1.0104279110887953,1.4601203019454878,1.0,1.0,1.0,1.0,none,0
42,147,18,2026240342,0,0,0,0,0.956679159450422,1.010464853488063,1.4599885629199485,1.0,1.0,1.0,1.0,none,0
42,147,19,2026240343,0,0,0,0,0.9565283079792947,1.010430753250671,1.4595918956445162,1.0,1.0,1.0,1.0,none,0
42,159,0,2026252432,0,0,0,0,0.9627275856189226,1.012423268692258,0.8541940580469043,1.0,1.0,1.0,1.0,none,0
42,159,1,2026252433,0,0,0,0,0.9625584564281725,1.0122205877725616,0.8541872090150026,1.0,1.0,1.0,1.0,none,0
42,159,2,2026252434,0,0,0,0,0.9626667009299484,1.0121685174344068,0.8541485863183647,1.0,1.0,1.0,1.0,none,0
42,159,3,2026252435,0,0,0,0,0.9627584548867302,1.0121963013914643,0.8542351414149693,1.0,1.0,1.0,1.0,none,0
42,159,4,2026252436,0,0,0,0,0.9627083610733564,1.011992389378666,0.8542014905802187,1.0,1.0,1.0,1.0,none,0
42,159,5,2026252437,0,0,0,0,0.9626687321294366,1.0120062655436042,0.8542062008751004,1.0,1.0,1.0,1.0,none,0
42,159,6,2026252438,0,0,0,0,0.9622352930180107,1.0122284749376587,0.8541657543710302,1.0,1.0,1.0,1.0,none,0
42,159,7,2026252439,0,0,0,0,0.9625274569888912,1.0122195408265968,0.8541659038955044,1.0,1.0,1.0,1.0,none,0
42,159,8,2026252440,0,0,0,0,0.96305032036278,1.012300124522341,0.8542402392006454,1.0,1.0,1.0,1.0,none,0
42,159,9,2026252441,0,0,0,0,0.9627360849807833,1.0122688591118982,0.8540913443903463,1.0,1.0,1.0,1.0,none,0
42,159,10,2026252442,0,0,0,0,0.9624618365170973,1.0121720076100647,0.8542270698482047,1.0,1.0,1.0,1.0,none,0
42,159,11,2026252443,0,0,0,0,0.9626367832734024,1.012223157463782,0.8542279024110322,1.0,1.0,1.0,1.0,none,0
42,159,12,2026252444,0,0,0,0,0.9626703506245579,1.012310406254757,0.8541845860352121,1.0,1.0,1.0,1.0,none,0
42,159,13,2026252445,0,0,0,0,0.9630382073107355,1.0122785652059323,0.85420087469659,1.0,1.0,1.0,1.0,none,0
42,159,14,2026252446,0,0,0,0,0.9626074971102201,1.0123630802350327,0.8541559250572283,1.0,1.0,1.0,1.0,none,0
42,159,15,2026252447,0,0,0,0,0.9628539840859163,1.0123146602497743,0.8542587012314868,1.0,1.0,1.0,1.0,none,0
42,159,16,2026252448,0,0,0,0,0.9625566655151324,1.01233819651556,0.8541766680514657,1.0,1.0,1.0,1.0,none,0
42,159,17,2026252449,0,0,0,0,0.962710540871868,1.0122592739673686,0.8542175640762316,1.0,1.0,1.0,1.0,none,0
42,159,18,2026252450,0,0,0,0,0.96293042944755,1.0123649917294555,0.854128407717463,1.0,1.0,1.0,1.0,none,0
42,159,19,2026252451,0,0,0,0,0.9624609232787434,1.0122902389813084,0.8541476963017243,1.0,1.0,1.0,1.0,none,0
42,220,0,2026313981,0,0,0,0,0.959076008088276,1.0067900208830465,1.3158305926728646,1.0,1.0,1.0,1.0,none,0
42,220,1,2026313982,0,0,0,0,0.9592243150209212,1.00678005545507,1.3159510992330075,1.0,1.0,1.0,1.0,none,0
42,220,2,2026313983,0,0,0,0,0.9591838215972878,1.0067879790266718,1.3159779631823265,1.0,1.0,1.0,1.0,none,0
42,220,3,2026313984,0,0,0,0,0.9593050061108233,1.006798577125879,1.3159799119563593,1.0,1.0,1.0,1.0,none,0
42,220,4,2026313985,0,0,0,0,0.958649708105953,1.0067806748102832,1.3155880009425283,1.0,1.0,1.0,1.0,none,0
42,220,5,2026313986,0,0,0,0,0.9589155438900323,1.006802734727616,1.315781516074941,1.0,1.0,1.0,1.0,none,0
42,220,6,2026313987,0,0,0,0,0.9592743320872223,1.0067912243054795,1.315850442005687,1.0,1.0,1.0,1.0,none,0
42,220,7,2026313988,0,0,0,0,0.9588193071478075,1.0067712599365906,1.3159333029454805,1.0,1.0,1.0,1.0,none,0
42,220,8,2026313989,0,0,0,0,0.9589058257423858,1.0067787535320063,1.315797778298484,1.0,1.0,1.0,1.0,none,0
42,220,9,2026313990,0,0,0,0,0.9589186302900153,1.0067803213520228,1.3157373603086147,1.0,1.0,1.0,1.0,none,0
42,220,10,2026313991,0,0,0,0,0.9589195982175732,1.0067939961571617,1.3156842127654154,1.0,1.0,1.0,1.0,none,0
42,220,11,2026313992,0,0,0,0,0.9590239290594644,1.0067849418748491,1.3158564712961076,1.0,1.0,1.0,1.0,none,0
42,220,12,2026313993,0,0,0,0,0.9586728998557917,1.0067752013010083,1.3157889053330547,1.0,1.0,1.0,1.0,none,0
42,220,13,2026313994,0,0,0,0,0.9591934522438498,1.0067862983113947,1.31592235498365,1.0,1.0,1.0,1.0,none,0
42,220,14,2026313995,0,0,0,0,0.9591508859008613,1.0068030800982812,1.3158733747728264,1.0,1.0,1.0,1.0,none,0
42,220,15,2026313996,0,0,0,0,0.9591293506775117,1.0068130668005795,1.3160005853489332,1.0,1.0,1.0,1.0,none,0
42,220,16,2026313997,0,0,0,0,0.9592066930774886,1.0067568083034464,1.316007037904841,1.0,1.0,1.0,1.0,none,0
42,220,17,2026313998,0,0,0,0,0.9588634911263304,1.0067798957960266,1.3158455184153752,1.0,1.0,1.0,1.0,none,0
42,220,18,2026313999,0,0,0,0,0.9592288550645752,1.006775493734614,1.3157088446809533,1.0,1.0,1.0,1.0,none,0
42,220,19,2026314000,0,0,0,0,0.9590302507641358,1.0068172131888111,1.3160627696759812,1.0,1.0,1.0,1.0,none,0
42,236,0,2026330125,0,0,0,0,0.964110008312901,1.018114789510068,0.812707705245712,1.0,1.0,1.0,1.0,none,0
42,236,1,2026330126,0,0,0,0,0.964029196292227,1.0179688726728555,0.8126409810021037,1.0,1.0,1.0,1.0,none,0
42,236,2,2026330127,0,0,0,0,0.9640313935894872,1.0181069820988127,0.8126994920718781,1.0,1.0,1.0,1.0,none,0
42,236,3,2026330128,0,0,0,0,0.9639930703679256,1.018112040568361,0.812667765739642,1.0,1.0,1.0,1.0,none,0
42,236,4,2026330129,0,0,0,0,0.9640926802377107,1.0183240609398418,0.8127336974692357,1.0,1.0,1.0,1.0,none,0
42,236,5,2026330130,0,0,0,0,0.9642583796781795,1.018052887980736,0.81276225949709,1.0,1.0,1.0,1.0,none,0
42,236,6,2026330131,0,0,0,0,0.9641629647369244,1.0181276437482907,0.8127365848936347,1.0,1.0,1.0,1.0,none,0
42,236,7,2026330132,0,0,0,0,0.9637089235453069,1.0181104599995483,0.8127160897446546,1.0,1.0,1.0,1.0,none,0
42,236,8,2026330133,0,0,0,0,0.9639431208638249,1.0180046848010338,0.81270389980165,1.0,1.0,1.0,1.0,none,0
42,236,9,2026330134,0,0,0,0,0.9639854610051779,1.0180847075595367,0.8126710699297358,1.0,1.0,1.0,1.0,none,0
42,236,10,2026330135,0,0,0,0,0.964132635300728,1.0180649473860033,0.8127063039175763,1.0,1.0,1.0,1.0,none,0
42,236,11,2026330136,0,0,0,0,0.9643459043865862,1.0182013953763238,0.8127006896362162,1.0,1.0,1.0,1.0,none,0
42,236,12,2026330137,0,0,0,0,0.9639535562048579,1.018202948167497,0.8126305369050123,1.0,1.0,1.0,1.0,none,0
42,236,13,2026330138,0,0,0,0,0.964048125870329,1.018216251633242,0.8127830988445592,1.0,1.0,1.0,1.0,none,0
42,236,14,2026330139,0,0,0,0,0.9640011710948991,1.0180979697466335,0.812708951473022,1.0,1.0,1.0,1.0,none,0
42,236,15,2026330140,0,0,0,0,0.9639990196493752,1.0182591024214056,0.8126990032981892,1.0,1.0,1.0,1.0,none,0
42,236,16,2026330141,0,0,0,0,0.9640089088856004,1.0180598421867542,0.8126343480814833,1.0,1.0,1.0,1.0,none,0
42,236,17,2026330142,0,0,0,0,0.9640778320708051,1.0180427094791926,0.8126563670200553,1.0,1.0,1.0,1.0,none,0
42,236,18,2026330143,0,0,0,0,0.9641035435341155,1.0181171277305512,0.8126984275089538,1.0,1.0,1.0,1.0,none,0
42,236,19,2026330144,0,0,0,0,0.9640342992027022,1.018150503181074,0.8127253052347154,1.0,1.0,1.0,1.0,none,0
42,241,0,2026335170,0,0,0,0,0.9577641431364466,1.0035144053079998,1.385917219260651,1.0,1.0,1.0,1.0,none,0
42,241,1,2026335171,0,0,0,0,0.9578249343739452,1.0035050264330234,1.386192624520207,1.0,1.0,1.0,1.0,none,0
42,241,2,2026335172,0,0,0,0,0.9579450004671809,1.0035034892958445,1.3860531281983655,1.0,1.0,1.0,1.0,none,0
42,241,3,2026335173,0,0,0,0,0.9580245465647775,1.0035209925038184,1.3862317410938885,1.0,1.0,1.0,1.0,none,0
42,241,4,2026335174,0,0,0,0,0.9584207492715089,1.0034982498962386,1.3860432525991462,1.0,1.0,1.0,1.0,none,0
42,241,5,2026335175,0,0,0,0,0.9581574420010374,1.0035173746303228,1.3861049109542527,1.0,1.0,1.0,1.0,none,0
42,241,6,2026335176,0,0,0,0,0.9580085494492432,1.003528270080274,1.3860851029601462,1.0,1.0,1.0,1.0,none,0
42,241,7,2026335177,0,0,0,0,0.9578651176725487,1.0035395503295712,1.3860473147368177,1.0,1.0,1.0,1.0,none,0
42,241,8,2026335178,0,0,0,0,0.9580189040133472,1.0035087179138291,1.3860100753463707,1.0,1.0,1.0,1.0,none,0
42,241,9,2026335179,0,0,0,0,0.9580527710988732,1.0034910432249409,1.3857167126434524,1.0,1.0,1.0,1.0,none,0
42,241,10,2026335180,0,0,0,0,0.9581083957002859,1.0035110317878893,1.3862250465399406,1.0,1.0,1.0,1.0,none,0
42,241,11,2026335181,0,0,0,0,0.9579147149403527,1.003520345710146,1.3860085739196473,1.0,1.0,1.0,1.0,none,0
42,241,12,2026335182,0,0,0,0,0.9582833467637147,1.0035398324598652,1.38613570104709,1.0,1.0,1.0,1.0,none,0
42,241,13,2026335183,0,0,0,0,0.9577782278112279,1.0034832056093428,1.3859160320267727,1.0,1.0,1.0,1.0,none,0
42,241,14,2026335184,0,0,0,0,0.9577804208210785,1.0035185736159473,1.3861128513966154,1.0,1.0,1.0,1.0,none,0
42,241,15,2026335185,0,0,0,0,0.9582716745082804,1.0035095226401416,1.3861337539795173,1.0,1.0,1.0,1.0,none,0
42,241,16,2026335186,0,0,0,0,0.9578095942799107,1.0034911521223149,1.3862767146014547,1.0,1.0,1.0,1.0,none,0
42,241,17,2026335187,0,0,0,0,0.9582136342887739,1.0035206866726074,1.385889045134849,1.0,1.0,1.0,1.0,none,0
42,241,18,2026335188,0,0,0,0,0.9579704605089977,1.0035197208296924,1.3860343296142916,1.0,1.0,1.0,1.0,none,0
42,241,19,2026335189,0,0,0,0,0.9579006255005735,1.0035153659948135,1.3860391661480587,1.0,1.0,1.0,1.0,none,0
42,245,0,2026339206,0,0,0,0,0.9553304902948366,1.0067649332302255,1.4633283163857058,1.0,1.0,1.0,1.0,none,0
42,245,1,2026339207,0,0,0,0,0.9555327559292646,1.0067310039850794,1.4632973887153347,1.0,1.0,1.0,1.0,none,0
42,245,2,2026339208,0,0,0,0,0.9561766283450698,1.0067429130816603,1.4635243939600466,1.0,1.0,1.0,1.0,none,0
42,245,3,2026339209,0,0,0,0,0.9551760081458973,1.0067614300432657,1.4630026791141155,1.0,1.0,1.0,1.0,none,0
42,245,4,2026339210,0,0,0,0,0.9554644807632466,1.0067575034240106,1.4634473599773368,1.0,1.0,1.0,1.0,none,0
42,245,5,2026339211,0,0,0,0,0.9556340044716326,1.0067603942416927,1.4634998115447315,1.0,1.0,1.0,1.0,none,0
42,245,6,2026339212,0,0,0,0,0.9557546268503861,1.0067544940774504,1.46355880627738,1.0,1.0,1.0,1.0,none,0
42,245,7,2026339213,0,0,0,0,0.9556417397110051,1.0067367419025532,1.4631106523210489,1.0,1.0,1.0,1.0,none,0
42,245,8,2026339214,0,0,0,0,0.955360049897247,1.0067588984621372,1.4633590938552148,1.0,1.0,1.0,1.0,none,0
42,245,9,2026339215,0,0,0,0,0.9552742462245777,1.0067421240868208,1.463249946599942,1.0,1.0,1.0,1.0,none,0
42,245,10,2026339216,0,0,0,0,0.9557071635524441,1.0067398204789162,1.4632013584283314,1.0,1.0,1.0,1.0,none,0
42,245,11,2026339217,0,0,0,0,0.9554806793675886,1.0067577785361639,1.4633230763922944,1.0,1.0,1.0,1.0,none,0
42,245,12,2026339218,0,0,0,0,0.9554960012760473,1.0067389011633379,1.4633791384638712,1.0,1.0,1.0,1.0,none,0
42,245,13,2026339219,0,0,0,0,0.9554227318172678,1.0067658504435886,1.4631413858494946,1.0,1.0,1.0,1.0,none,0
42,245,14,2026339220,0,0,0,0,0.9557970592892364,1.0067500643930958,1.4637058280830402,1.0,1.0,1.0,1.0,none,0
42,245,15,2026339221,0,0,0,0,0.9554204457211787,1.0067813345099383,1.463440877012497,1.0,1.0,1.0,1.0,none,0
42,245,16,2026339222,0,0,0,0,0.9551030933695892,1.006731319026431,1.463204734016831,1.0,1.0,1.0,1.0,none,0
42,245,17,2026339223,0,0,0,0,0.9551288541349919,1.0067533619524347,1.4633571997392618,1.0,1.0,1.0,1.0,none,0
42,245,18,2026339224,0,0,0,0,0.9556491154152129,1.0067447749444716,1.4633842837574276,1.0,1.0,1.0,1.0,none,0
42,245,19,2026339225,0,0,0,0,0.9555927013742834,1.006741451779249,1.463470134827619,1.0,1.0,1.0,1.0,none,0
42,257,0,2026351314,0,0,0,0,0.9618912957670974,1.0200232505769398,0.8622785304883881,1.0,1.0,1.0,1.0,none,0
42,257,1,2026351315,0,0,0,0,0.9618386118894993,1.0201562544476965,0.8623566387844596,1.0,1.0,1.0,1.0,none,0
42,257,2,2026351316,0,0,0,0,0.96157262570217,1.0200372327252214,0.8622049023500181,1.0,1.0,1.0,1.0,none,0
42,257,3,2026351317,0,0,0,0,0.9616476251169161,1.020027178138181,0.8622148172076739,1.0,1.0,1.0,1.0,none,0
42,257,4,2026351318,0,0,0,0,0.9612740450935481,1.0201739207342986,0.8622662304830229,1.0,1.0,1.0,1.0,none,0
42,257,5,2026351319,0,0,0,0,0.9615872942649125,1.0200862174522807,0.8622676466090368,1.0,1.0,1.0,1.0,none,0
42,257,6,2026351320,0,0,0,0,0.9616748586999921,1.020106703575134,0.862226573602244,1.0,1.0,1.0,1.0,none,0
42,257,7,2026351321,0,0,0,0,0.9617167169298648,1.0200639770471183,0.8623731394499294,1.0,1.0,1.0,1.0,none,0
42,257,8,2026351322,0,0,0,0,0.9617557511799363,1.0199803424822438,0.8623332004260835,1.0,1.0,1.0,1.0,none,0
42,257,9,2026351323,0,0,0,0,0.9615667253056378,1.0199883587026055,0.8622593641401864,1.0,1.0,1.0,1.0,none,0
42,257,10,2026351324,0,0,0,0,0.9614330987362358,1.0202649187830137,0.8623251954353565,1.0,1.0,1.0,1.0,none,0
42,257,11,2026351325,0,0,0,0,0.9618432214972711,1.0198814395177682,0.862359507724918,1.0,1.0,1.0,1.0,none,0
42,257,12,2026351326,0,0,0,0,0.9618898637226805,1.0201706212810664,0.8622993954898646,1.0,1.0,1.0,1.0,none,0
42,257,13,2026351327,0,0,0,0,0.9617280194688602,1.0201951086294343,0.862292335871322,1.0,1.0,1.0,1.0,none,0
42,257,14,2026351328,0,0,0,0,0.9617642255661998,1.0201321398971084,0.8622852108131958,1.0,1.0,1.0,1.0,none,0
42,257,15,2026351329,0,0,0,0,0.9620665537802371,1.0200069983362774,0.8623707664107644,1.0,1.0,1.0,1.0,none,0
42,257,16,2026351330,0,0,0,0,0.9616625804975727,1.020170973512262,0.8622709024058087,1.0,1.0,1.0,1.0,none,0
42,257,17,2026351331,0,0,0,0,0.9614409378336242,1.020227146250384,0.8622786575673549,1.0,1.0,1.0,1.0,none,0
42,257,18,2026351332,0,0,0,0,0.9621725438653621,1.0201338959925055,0.8623857305018229,1.0,1.0,1.0,1.0,none,0
42,257,19,2026351333,0,0,0,0,0.9615313892190068,1.020129768484914,0.8623000399031123,1.0,1.0,1.0,1.0,none,0
42,282,0,2026376539,0,0,0,0,0.9521947300837769,1.0077749699418581,1.6272698436661162,1.0,1.0,1.0,1.0,none,0
42,282,1,2026376540,0,0,0,0,0.9529745036647693,1.0077978683076696,1.6274109693848138,1.0,1.0,1.0,1.0,none,0
42,282,2,2026376541,0,0,0,0,0.9533117199750005,1.0078097399748973,1.6276003188390742,1.0,1.0,1.0,1.0,none,0
42,282,3,2026376542,0,0,0,0,0.9528093594125929,1.0078342208998965,1.6267349843813321,1.0,1.0,1.0,1.0,none,0
42,282,4,2026376543,0,0,0,0,0.9531874272128411,1.0077938541428275,1.6270676920962428,1.0,1.0,1.0,1.0,none,0
42,282,5,2026376544,0,0,0,0,0.9528472378386271,1.007763336781067,1.6271861279477642,1.0,1.0,1.0,1.0,none,0
42,282,6,2026376545,0,0,0,0,0.952869293894935,1.0077825992661567,1.6269308838400578,1.0,1.0,1.0,1.0,none,0
42,282,7,2026376546,0,0,0,0,0.9528043399031383,1.0078092676810522,1.6268700441870898,1.0,1.0,1.0,1.0,none,0
42,282,8,2026376547,0,0,0,0,0.9526733849817232,1.007807748053369,1.6273054288151059,1.0,1.0,1.0,1.0,none,0
42,282,9,2026376548,0,0,0,0,0.9533013515461761,1.00777884525666,1.6272141010133823,1.0,1.0,1.0,1.0,none,0
42,282,10,2026376549,0,0,0,0,0.9529487637935903,1.0077978774644187,1.6273633960561293,1.0,1.0,1.0,1.0,none,0
42,282,11,2026376550,0,0,0,0,0.9531777235853272,1.0078103169926136,1.6266299629345324,1.0,1.0,1.0,1.0,none,0
42,282,12,2026376551,0,0,0,0,0.9526785587767083,1.0078068235333355,1.627095342525939,1.0,1.0,1.0,1.0,none,0
42,282,13,2026376552,0,0,0,0,0.9525091592829477,1.0077931902231563,1.6270634881879509,1.0,1.0,1.0,1.0,none,0
42,282,14,2026376553,0,0,0,0,0.9529637584552857,1.0077986636203746,1.6273717112736927,1.0,1.0,1.0,1.0,none,0
42,282,15,2026376554,0,0,0,0,0.9532146640922674,1.0078307546031797,1.627704626461616,1.0,1.0,1.0,1.0,none,0
42,282,16,2026376555,0,0,0,0,0.9526155172995633,1.0078085289011371,1.6269539936041708,1.0,1.0,1.0,1.0,none,0
42,282,17,2026376556,0,0,0,0,0.9529578077744391,1.007794112928957,1.6272763039318865,1.0,1.0,1.0,1.0,none,0
42,282,18,2026376557,0,0,0,0,0.9523076749171765,1.0077776000932954,1.626709587630604,1.0,1.0,1.0,1.0,none,0
42,282,19,2026376558,0,0,0,0,0.9527719923392938,1.0078009236661583,1.6272130560584674,1.0,1.0,1.0,1.0,none,0
42,295,0,2026389656,0,0,0,0,0.9519662697951603,1.0,2.043190462351532,1.0,1.0,1.0,1.0,none,0
42,295,1,2026389657,0,0,0,0,0.9524700290233074,1.0,2.044937720188154,1.0,1.0,1.0,1.0,none,0
42,295,2,2026389658,0,0,0,0,0.9516606060187901,1.0,2.0445116974600026,1.0,1.0,1.0,1.0,none,0
42,295,3,2026389659,0,0,0,0,0.9519615753028843,1.0,2.042637057839874,1.0,1.0,1.0,1.0,none,0
42,295,4,2026389660,0,0,0,0,0.9523139619439444,1.0,2.0441784832258016,1.0,1.0,1.0,1.0,none,0
42,295,5,2026389661,0,0,0,0,0.9519103057969084,1.0,2.04430968105523,1.0,1.0,1.0,1.0,none,0
42,295,6,2026389662,0,0,0,0,0.9517559353044694,1.0,2.0432231376660206,1.0,1.0,1.0,1.0,none,0
42,295,7,2026389663,0,0,0,0,0.9523488981977282,1.0,2.0425521913334954,1.0,1.0,1.0,1.0,none,0
42,295,8,2026389664,0,0,0,0,0.9521872547911417,1.0,2.043851310478401,1.0,1.0,1.0,1.0,none,0
42,295,9,2026389665,0,0,0,0,0.9521344405681795,1.0,2.0428524869855393,1.0,1.0,1.0,1.0,none,0
42,295,10,2026389666,0,0,0,0,0.9514619642394696,1.0,2.043487252501733,1.0,1.0,1.0,1.0,none,0
42,295,11,2026389667,0,0,0,0,0.9524429333277463,1.0,2.044194039439942,1.0,1.0,1.0,1.0,none,0
42,295,12,2026389668,0,0,0,0,0.9520366352305548,1.0,2.04426361760139,1.0,1.0,1.0,1.0,none,0
42,295,13,2026389669,0,0,0,0,0.9519183162039927,1.0,2.044471099178966,1.0,1.0,1.0,1.0,none,0
42,295,14,2026389670,0,0,0,0,0.9516033824144746,1.0,2.0439421131041047,1.0,1.0,1.0,1.0,none,0
42,295,15,2026389671,0,0,0,0,0.9527226705603794,1.0,2.043780007784482,1.0,1.0,1.0,1.0,none,0
42,295,16,2026389672,0,0,0,0,0.9521289714478187,1.0,2.043246881488273,1.0,1.0,1.0,1.0,none,0
42,295,17,2026389673,0,0,0,0,0.952491942845453,1.0,2.0433111081679236,1.0,1.0,1.0,1.0,none,0
42,295,18,2026389674,0,0,0,0,0.9518052442606947,1.0,2.0437849475101117,1.0,1.0,1.0,1.0,none,0
42,295,19,2026389675,0,0,0,0,0.95226091418211,1.0,2.045221711534552,1.0,1.0,1.0,1.0,none,0
42,299,0,2026393692,0,0,0,0,0.9578705141136443,1.0,1.1994867199407384,1.0,1.0,1.0,1.0,none,0
42,299,1,2026393693,0,0,0,0,0.9579960287446401,1.0,1.199564239505591,1.0,1.0,1.0,1.0,none,0
42,299,2,2026393694,0,0,0,0,0.9576802768488563,1.0,1.1994143568638804,1.0,1.0,1.0,1.0,none,0
42,299,3,2026393695,0,0,0,0,0.9575965705693477,1.0,1.1994583419718554,1.0,1.0,1.0,1.0,none,0
42,299,4,2026393696,0,0,0,0,0.957485268308151,1.0,1.1994706486165776,1.0,1.0,1.0,1.0,none,0
42,299,5,2026393697,0,0,0,0,0.957961457908657,1.0,1.1996338256984382,1.0,1.0,1.0,1.0,none,0
42,299,6,2026393698,0,0,0,0,0.9578100283572776,1.0,1.1995957209033186,1.0,1.0,1.0,1.0,none,0
42,299,7,2026393699,0,0,0,0,0.9578210820664932,1.0,1.19948246961439,1.0,1.0,1.0,1.0,none,0
42,299,8,2026393700,0,0,0,0,0.957978948625266,1.0,1.1995689487971903,1.0,1.0,1.0,1.0,none,0
42,299,9,2026393701,0,0,0,0,0.95793216903755,1.0,1.1998214145161472,1.0,1.0,1.0,1.0,none,0
42,299,10,2026393702,0,0,0,0,0.9576573341263589,1.0,1.1995851966787183,1.0,1.0,1.0,1.0,none,0
42,299,11,2026393703,0,0,0,0,0.9575919773631066,1.0,1.199499157434086,1.0,1.0,1.0,1.0,none,0
42,299,12,2026393704,0,0,0,0,0.9580573586797122,1.0,1.1995585080454252,1.0,1.0,1.0,1.0,none,0
42,299,13,2026393705,0,0,0,0,0.9575138959267052,1.0,1.1996590780858485,1.0,1.0,1.0,1.0,none,0
42,299,14,2026393706,0,0,0,0,0.957684495434621,1.0,1.1996440811496898,1.0,1.0,1.0,1.0,none,0
42,299,15,2026393707,0,0,0,0,0.9577249670841844,1.0,1.1997157930024056,1.0,1.0,1.0,1.0,none,0
42,299,16,2026393708,0,0,0,0,0.9578612702019915,1.0,1.1997355498142306,1.0,1.0,1.0,1.0,none,0
42,299,17,2026393709,0,0,0,0,0.9579258645218307,1.0,1.1995197748786066,1.0,1.0,1.0,1.0,none,0
42,299,18,2026393710,0,0,0,0,0.9580612807554113,1.0,1.1996920028785885,1.0,1.0,1.0,1.0,none,0
42,299,19,2026393711,0,0,0,0,0.9577345393605741,1.0,1.199544406097174,1.0,1.0,1.0,1.0,none,0
43,4,0,2026096037,0,0,0,0,0.9568801469128148,1.0001897629539735,1.3124042472109012,1.0,1.0,1.0,1.0,none,0
43,4,1,2026096038,0,0,0,0,0.9564803353423628,1.0001758701994226,1.3123723521336315,1.0,1.0,1.0,1.0,none,0
43,4,2,2026096039,0,0,0,0,0.9566007878209403,1.0001526452112852,1.312576410277318,1.0,1.0,1.0,1.0,none,0
43,4,3,2026096040,0,0,0,0,0.9569149582750556,1.0001999011567626,1.3126040785391953,1.0,1.0,1.0,1.0,none,0
43,4,4,2026096041,0,0,0,0,0.9564024436633539,1.000181697942301,1.312559481924626,1.0,1.0,1.0,1.0,none,0
43,4,5,2026096042,0,0,0,0,0.9568444656683065,1.0001649008028857,1.3126017804320453,1.0,1.0,1.0,1.0,none,0
43,4,6,2026096043,0,0,0,0,0.9567248620237437,1.0001677419233934,1.3125225285986892,1.0,1.0,1.0,1.0,none,0
43,4,7,2026096044,0,0,0,0,0.9566917652486165,1.0001770109378492,1.3124421868974432,1.0,1.0,1.0,1.0,none,0
43,4,8,2026096045,0,0,0,0,0.9569376411162417,1.000164998327402,1.3126304783292753,1.0,1.0,1.0,1.0,none,0
43,4,9,2026096046,0,0,0,0,0.9571623961826914,1.000165584814256,1.3126337294023123,1.0,1.0,1.0,1.0,none,0
43,4,10,2026096047,0,0,0,0,0.9568130242135837,1.0001816180188774,1.3126500907357153,1.0,1.0,1.0,1.0,none,0
43,4,11,2026096048,0,0,0,0,0.9569347746410792,1.0001899338577778,1.3125155540589497,1.0,1.0,1.0,1.0,none,0
43,4,12,2026096049,0,0,0,0,0.9567130574133063,1.000164596334764,1.3125676715377386,1.0,1.0,1.0,1.0,none,0
43,4,13,2026096050,0,0,0,0,0.9569209489726205,1.0001894810135776,1.3126547130884694,1.0,1.0,1.0,1.0,none,0
43,4,14,2026096051,0,0,0,0,0.9566080058898049,1.0001740882552648,1.3124826375433682,1.0,1.0,1.0,1.0,none,0
43,4,15,2026096052,0,0,0,0,0.9568345286884159,1.0001903264797218,1.3125581788263343,1.0,1.0,1.0,1.0,none,0
43,4,16,2026096053,0,0,0,0,0.9567213857931264,1.000161016902788,1.31251693958317,1.0,1.0,1.0,1.0,none,0
43,4,17,2026096054,0,0,0,0,0.957135603887318,1.0001583326889905,1.312612989773124,1.0,1.0,1.0,1.0,none,0
43,4,18,2026096055,0,0,0,0,0.9566094201499895,1.0001836733147837,1.3127387520834746,1.0,1.0,1.0,1.0,none,0
43,4,19,2026096056,0,0,0,0,0.956908921194789,1.0001565084391888,1.312651709864869,1.0,1.0,1.0,1.0,none,0
43,38,0,2026130343,0,0,0,0,0.9523660133560167,1.0001622113183788,2.1418830303026497,1.0,1.0,1.0,1.0,none,0
43,38,1,2026130344,0,0,0,0,0.9521582768194027,1.0001587657219342,2.142348776771343,1.0,1.0,1.0,1.0,none,0
43,38,2,2026130345,0,0,0,0,0.9521803108992823,1.0002216447914576,2.1399125455223933,1.0,1.0,1.0,1.0,none,0
43,38,3,2026130346,0,0,0,0,0.9518875777446443,1.00016445127707,2.142295532672827,1.0,1.0,1.0,1.0,none,0
43,38,4,2026130347,0,0,0,0,0.9519626133625745,1.0001671818252993,2.1393206362715134,1.0,1.0,1.0,1.0,none,0
43,38,5,2026130348,0,0,0,0,0.9524002079322382,1.000198323173588,2.141468036878316,1.0,1.0,1.0,1.0,none,0
43,38,6,2026130349,0,0,0,0,0.9521342854038884,1.0001866020171784,2.1429588597217277,1.0,1.0,1.0,1.0,none,0
43,38,7,2026130350,0,0,0,0,0.9514085429362311,1.0001429523544239,2.141553255408176,1.0,1.0,1.0,1.0,none,0
43,38,8,2026130351,0,0,0,0,0.9516218974149074,1.0001428649111264,2.1407143215320463,1.0,1.0,1.0,1.0,none,0
43,38,9,2026130352,0,0,0,0,0.9516869140226707,1.0001841979728443,2.1421244363939915,1.0,1.0,1.0,1.0,none,0
43,38,10,2026130353,0,0,0,0,0.9522265452419348,1.000166213084307,2.141535789039344,1.0,1.0,1.0,1.0,none,0
43,38,11,2026130354,0,0,0,0,0.9519988888046714,1.0001828538232396,2.141912131278236,1.0,1.0,1.0,1.0,none,0
43,38,12,2026130355,0,0,0,0,0.9519042894509022,1.000212488436965,2.1417934215914856,1.0,1.0,1.0,1.0,none,0
43,38,13,2026130356,0,0,0,0,0.9517993160569936,1.0001377742651734,2.1444754128676276,1.0,1.0,1.0,1.0,none,0
43,38,14,2026130357,0,0,0,0,0.9521728862239922,1.000156270895271,2.140953741600399,1.0,1.0,1.0,1.0,none,0
43,38,15,2026130358,0,0,0,0,0.9521300565821433,1.0001573462012807,2.142667541225787,1.0,1.0,1.0,1.0,none,0
43,38,16,2026130359,0,0,0,0,0.9516800235336543,1.000190754233366,2.142452574189404,1.0,1.0,1.0,1.0,none,0
43,38,17,2026130360,0,0,0,0,0.952472487593514,1.0001670627714652,2.142615466002775,1.0,1.0,1.0,1.0,none,0
43,38,18,2026130361,0,0,0,0,0.9521211144986783,1.0002267093570953,2.1407624626785173,1.0,1.0,1.0,1.0,none,0
43,38,19,2026130362,0,0,0,0,0.9521899470106292,1.0002081157695721,2.1409925514105788,1.0,1.0,1.0,1.0,none,0
43,77,0,2026169694,0,0,0,0,0.9518955177258196,1.0045619128464716,2.0346622538873538,1.0,1.0,1.0,1.0,none,0
43,77,1,2026169695,0,0,0,0,0.9515405096369851,1.0045696879304364,2.0380258522419177,1.0,1.0,1.0,1.0,none,0
43,77,2,2026169696,0,0,0,0,0.9518915759103497,1.0045628470066037,2.037349473787507,1.0,1.0,1.0,1.0,none,0
43,77,3,2026169697,0,0,0,0,0.9509385866945841,1.0045903003025707,2.0324550450895993,1.0,1.0,1.0,1.0,none,0
43,77,4,2026169698,0,0,0,0,0.9517369308080923,1.0045975233682232,2.0340368224403904,1.0,1.0,1.0,1.0,none,0
43,77,5,2026169699,0,0,0,0,0.9515748811632804,1.0045812655477173,2.035131399581958,1.0,1.0,1.0,1.0,none,0
43,77,6,2026169700,0,0,0,0,0.9519726077844425,1.0045779121403222,2.0386915582618568,1.0,1.0,1.0,1.0,none,0
43,77,7,2026169701,0,0,0,0,0.9515385369449227,1.004546584548356,2.035088828224643,1.0,1.0,1.0,1.0,none,0
43,77,8,2026169702,0,0,0,0,0.9521529846805316,1.0045876223895591,2.0367142813268524,1.0,1.0,1.0,1.0,none,0
43,77,9,2026169703,0,0,0,0,0.9519077737509193,1.004551462011784,2.036377906636401,1.0,1.0,1.0,1.0,none,0
43,77,10,2026169704,0,0,0,0,0.9523511418858954,1.004589489742971,2.032134570148458,1.0,1.0,1.0,1.0,none,0
43,77,11,2026169705,0,0,0,0,0.9517225390267816,1.00459383444445,2.028733896997496,1.0,1.0,1.0,1.0,none,0
43,77,12,2026169706,0,0,0,0,0.9510630052839414,1.0045978132411333,2.0323609162366147,1.0,1.0,1.0,1.0,none,0
43,77,13,2026169707,0,0,0,0,0.9524546057635446,1.004553531259073,2.0343964416584708,1.0,1.0,1.0,1.0,none,0
43,77,14,2026169708,0,0,0,0,0.9514118728542061,1.0045968718818328,2.0339545146423137,1.0,1.0,1.0,1.0,none,0
43,77,15,2026169709,0,0,0,0,0.9522328780190682,1.004594816693583,2.038692326114789,1.0,1.0,1.0,1.0,none,0
43,77,16,2026169710,0,0,0,0,0.95204728085495,1.004593111496094,2.033848811131585,1.0,1.0,1.0,1.0,none,0
43,77,17,2026169711,0,0,0,0,0.9519138218660653,1.004575499521672,2.0398169059000972,1.0,1.0,1.0,1.0,none,0
43,77,18,2026169712,0,0,0,0,0.9517847533642503,1.004634760618116,2.0310914092301737,1.0,1.0,1.0,1.0,none,0
43,77,19,2026169713,0,0,0,0,0.952308775915929,1.0045833832142577,2.035663460231733,1.0,1.0,1.0,1.0,none,0
43,85,0,2026177766,0,0,0,0,0.952419656752752,1.0,1.9882124831272314,1.0,1.0,1.0,1.0,none,0
43,85,1,2026177767,0,0,0,0,0.9527138476471751,1.0,1.9879311859164075,1.0,1.0,1.0,1.0,none,0
43,85,2,2026177768,0,0,0,0,0.95210007486679,1.0,1.9877645201327523,1.0,1.0,1.0,1.0,none,0
43,85,3,2026177769,0,0,0,0,0.9524385107637734,1.0,1.9874903836501434,1.0,1.0,1.0,1.0,none,0
43,85,4,2026177770,0,0,0,0,0.9529274061228072,1.0,1.9879100803523375,1.0,1.0,1.0,1.0,none,0
43,85,5,2026177771,0,0,0,0,0.9520904883292363,1.0,1.987305230972314,1.0,1.0,1.0,1.0,none,0
43,85,6,2026177772,0,0,0,0,0.9522717811936042,1.0,1.9871817753692436,1.0,1.0,1.0,1.0,none,0
43,85,7,2026177773,0,0,0,0,0.9526847863438225,1.0,1.9882360273624193,1.0,1.0,1.0,1.0,none,0
43,85,8,2026177774,0,0,0,0,0.9525239499677521,1.0,1.9878548900286155,1.0,1.0,1.0,1.0,none,0
43,85,9,2026177775,0,0,0,0,0.9523974007603261,1.0,1.9876965507045272,1.0,1.0,1.0,1.0,none,0
43,85,10,2026177776,0,0,0,0,0.952293827794576,1.0,1.9879070395493497,1.0,1.0,1.0,1.0,none,0
43,85,11,2026177777,0,0,0,0,0.9529496618169923,1.0,1.98838077769136,1.0,1.0,1.0,1.0,none,0
43,85,12,2026177778,0,0,0,0,0.9528348504754683,1.0,1.9879151143333598,1.0,1.0,1.0,1.0,none,0
43,85,13,2026177779,0,0,0,0,0.9529251541333825,1.0,1.9877843503672894,1.0,1.0,1.0,1.0,none,0
43,85,14,2026177780,0,0,0,0,0.9529372144295171,1.0,1.9885511512665721,1.0,1.0,1.0,1.0,none,0
43,85,15,2026177781,0,0,0,0,0.9527708685286264,1.0,1.9881595364567746,1.0,1.0,1.0,1.0,none,0
43,85,16,2026177782,0,0,0,0,0.9527311135106282,1.0,1.9877221187936276,1.0,1.0,1.0,1.0,none,0
43,85,17,2026177783,0,0,0,0,0.9527225860617914,1.0,1.9876707799306488,1.0,1.0,1.0,1.0,none,0
43,85,18,2026177784,0,0,0,0,0.9527310882703863,1.0,1.987817010681201,1.0,1.0,1.0,1.0,none,0
43,85,19,2026177785,0,0,0,0,0.9522648475136858,1.0,1.9873794254922792,1.0,1.0,1.0,1.0,none,0
43,105,0,2026197946,0,0,0,0,0.9559823689434298,1.01445215497739,1.3703438822448821,1.0,1.0,1.0,1.0,none,0
43,105,1,2026197947,0,0,0,0,0.9561817197172269,1.0143184480975183,1.370724574624243,1.0,1.0,1.0,1.0,none,0
43,105,2,2026197948,0,0,0,0,0.9556705488193592,1.0145703404305682,1.3704323315578386,1.0,1.0,1.0,1.0,none,0
43,105,3,2026197949,0,0,0,0,0.9559675093314115,1.014770634621592,1.3705974575931537,1.0,1.0,1.0,1.0,none,0
43,105,4,2026197950,0,0,0,0,0.9558030276663612,1.0146510071448611,1.370303007842645,1.0,1.0,1.0,1.0,none,0
43,105,5,2026197951,0,0,0,0,0.9561196927603988,1.0145146491100008,1.3705504074332573,1.0,1.0,1.0,1.0,none,0
43,105,6,2026197952,0,0,0,0,0.956107772166407,1.0144498208188828,1.3705084158602245,1.0,1.0,1.0,1.0,none,0
43,105,7,2026197953,0,0,0,0,0.9559359901883615,1.0145761531908601,1.3704636776778183,1.0,1.0,1.0,1.0,none,0
43,105,8,2026197954,0,0,0,0,0.955746796038985,1.014645761532382,1.3706254999696688,1.0,1.0,1.0,1.0,none,0
43,105,9,2026197955,0,0,0,0,0.9557441075187131,1.0146515825396512,1.3703731900937985,1.0,1.0,1.0,1.0,none,0
43,105,10,2026197956,0,0,0,0,0.9558798656044494,1.0147164204004078,1.3705576105756854,1.0,1.0,1.0,1.0,none,0
43,105,11,2026197957,0,0,0,0,0.9561607570794516,1.014522044190027,1.3704736561666588,1.0,1.0,1.0,1.0,none,0
43,105,12,2026197958,0,0,0,0,0.9559501517329789,1.0143836019433536,1.3705974476327314,1.0,1.0,1.0,1.0,none,0
43,105,13,2026197959,0,0,0,0,0.9558397155748695,1.0146409245231438,1.3706825931414888,1.0,1.0,1.0,1.0,none,0
43,105,14,2026197960,0,0,0,0,0.9561751209849879,1.0144031794131758,1.3707096402428596,1.0,1.0,1.0,1.0,none,0
43,105,15,2026197961,0,0,0,0,0.9559350375828175,1.0145193630678984,1.3703931049908942,1.0,1.0,1.0,1.0,none,0
43,105,16,2026197962,0,0,0,0,0.9553897650945711,1.0144056512996882,1.3702989487281239,1.0,1.0,1.0,1.0,none,0
43,105,17,2026197963,0,0,0,0,0.9557422115755676,1.014573194374946,1.3704257728307547,1.0,1.0,1.0,1.0,none,0
43,105,18,2026197964,0,0,0,0,0.9561396483323283,1.0144808985192841,1.3704793981814678,1.0,1.0,1.0,1.0,none,0
43,105,19,2026197965,0,0,0,0,0.9553897871224366,1.0145165465695691,1.3704611790321939,1.0,1.0,1.0,1.0,none,0
43,133,0,2026226198,0,0,0,0,0.9566168388137696,1.008815806208856,1.4234605421343876,1.0,1.0,1.0,1.0,none,0
43,133,1,2026226199,0,0,0,0,0.9564433274399392,1.0088506886150268,1.423469030172455,1.0,1.0,1.0,1.0,none,0
43,133,2,2026226200,0,0,0,0,0.9564491089806989,1.0087934026900331,1.4234523542217496,1.0,1.0,1.0,1.0,none,0
43,133,3,2026226201,0,0,0,0,0.9564863491001884,1.008791998559067,1.4234736161705857,1.0,1.0,1.0,1.0,none,0
43,133,4,2026226202,0,0,0,0,0.9563955221522956,1.0087872098009762,1.423378952876854,1.0,1.0,1.0,1.0,none,0
43,133,5,2026226203,0,0,0,0,0.9564104431622213,1.0087892648784567,1.4234538726825932,1.0,1.0,1.0,1.0,none,0
43,133,6,2026226204,0,0,0,0,0.9564399689065947,1.008814415476316,1.4233984629714964,1.0,1.0,1.0,1.0,none,0
43,133,7,2026226205,0,0,0,0,0.9567782804406015,1.0088069969820574,1.4236518083365781,1.0,1.0,1.0,1.0,none,0
43,133,8,2026226206,0,0,0,0,0.9566908006241679,1.008801641803593,1.4235174345798096,1.0,1.0,1.0,1.0,none,0
43,133,9,2026226207,0,0,0,0,0.9564456220356838,1.0088113595309893,1.423502856424389,1.0,1.0,1.0,1.0,none,0
43,133,10,2026226208,0,0,0,0,0.9564792537871639,1.0088292236435155,1.4235454582838662,1.0,1.0,1.0,1.0,none,0
43,133,11,2026226209,0,0,0,0,0.9565057784867652,1.0087958133363404,1.4236240273068232,1.0,1.0,1.0,1.0,none,0
43,133,12,2026226210,0,0,0,0,0.9564573203747554,1.0088238166937722,1.4235836648418747,1.0,1.0,1.0,1.0,none,0
43,133,13,2026226211,0,0,0,0,0.9565539523125428,1.0088220236913459,1.423479137090449,1.0,1.0,1.0,1.0,none,0
43,133,14,2026226212,0,0,0,0,0.9565726311895002,1.008815305387027,1.42355141911497,1.0,1.0,1.0,1.0,none,0
43,133,15,2026226213,0,0,0,0,0.9565663161082832,1.00881337631241,1.4234265801083565,1.0,1.0,1.0,1.0,none,0
43,133,16,2026226214,0,0,0,0,0.9565971952248745,1.0088022239845726,1.4235045137057674,1.0,1.0,1.0,1.0,none,0
43,133,17,2026226215,0,0,0,0,0.9563435873378388,1.008818518192701,1.423482875674569,1.0,1.0,1.0,1.0,none,0
43,133,18,2026226216,0,0,0,0,0.9569027966447283,1.0087986505612632,1.4236135416379518,1.0,1.0,1.0,1.0,none,0
43,133,19,2026226217,0,0,0,0,0.9564659469973348,1.0088113654819575,1.423318610726769,1.0,1.0,1.0,1.0,none,0
43,137,0,2026230234,0,0,0,0,0.9638167130197718,1.0158841287282263,0.9312910550326868,1.0,1.0,1.0,1.0,none,0
43,137,1,2026230235,0,0,0,0,0.9637835177861228,1.0156984320706726,0.9313206613216072,1.0,1.0,1.0,1.0,none,0
43,137,2,2026230236,0,0,0,0,0.9637067339128519,1.0157931181281132,0.9313040565332603,1.0,1.0,1.0,1.0,none,0
43,137,3,2026230237,0,0,0,0,0.9638434205181663,1.0157428948412437,0.9313313110278543,1.0,1.0,1.0,1.0,none,0
43,137,4,2026230238,0,0,0,0,0.9640534843942274,1.0158246212985045,0.9313645542647887,1.0,1.0,1.0,1.0,none,0
43,137,5,2026230239,0,0,0,0,0.9637105856125044,1.0157361454415188,0.9313283296438719,1.0,1.0,1.0,1.0,none,0
43,137,6,2026230240,0,0,0,0,0.9641079538955879,1.015771138566933,0.9313623233786053,1.0,1.0,1.0,1.0,none,0
43,137,7,2026230241,0,0,0,0,0.9641912715478858,1.0156733563689928,0.9313687931006741,1.0,1.0,1.0,1.0,none,0
43,137,8,2026230242,0,0,0,0,0.9640987993777836,1.0155109365890689,0.9313949951907413,1.0,1.0,1.0,1.0,none,0
43,137,9,2026230243,0,0,0,0,0.9638312920552794,1.0156907876004648,0.9313186918522518,1.0,1.0,1.0,1.0,none,0
43,137,10,2026230244,0,0,0,0,0.963816645811512,1.0156052962247875,0.9313254644769685,1.0,1.0,1.0,1.0,none,0
43,137,11,2026230245,0,0,0,0,0.9639542699301069,1.0157242247068061,0.9313660660756693,1.0,1.0,1.0,1.0,none,0
43,137,12,2026230246,0,0,0,0,0.9639639985750541,1.0154930780889548,0.9313218960378911,1.0,1.0,1.0,1.0,none,0
43,137,13,2026230247,0,0,0,0,0.9638790116043401,1.0157803913813257,0.9313289196040336,1.0,1.0,1.0,1.0,none,0
43,137,14,2026230248,0,0,0,0,0.9639118567710862,1.0156678773271446,0.9313296271775872,1.0,1.0,1.0,1.0,none,0
43,137,15,2026230249,0,0,0,0,0.963925620360284,1.015548255128277,0.9313277467340113,1.0,1.0,1.0,1.0,none,0
43,137,16,2026230250,0,0,0,0,0.9638831718249592,1.0156267521067155,0.931322713245328,1.0,1.0,1.0,1.0,none,0
43,137,17,2026230251,0,0,0,0,0.9638387286147629,1.0157617807736568,0.9313444673694272,1.0,1.0,1.0,1.0,none,0
43,137,18,2026230252,0,0,0,0,0.9639299528524851,1.0158621150733063,0.9313484855791067,1.0,1.0,1.0,1.0,none,0
43,137,19,2026230253,0,0,0,0,0.9639439195736992,1.0156219955959047,0.931343563844042,1.0,1.0,1.0,1.0,none,0
43,147,0,2026240324,0,0,0,0,0.956047617262415,1.010503070084958,1.4589914520672362,1.0,1.0,1.0,1.0,none,0
43,147,1,2026240325,0,0,0,0,0.956608061687318,1.0105059778284837,1.4590071176601145,1.0,1.0,1.0,1.0,none,0
43,147,2,2026240326,0,0,0,0,0.9560271088380077,1.0105292589956023,1.4587790031481929,1.0,1.0,1.0,1.0,none,0
43,147,3,2026240327,0,0,0,0,0.9564380940997315,1.0104960909281409,1.4588998391214945,1.0,1.0,1.0,1.0,none,0
43,147,4,2026240328,0,0,0,0,0.9564294727863033,1.0105420877020574,1.45881135208722,1.0,1.0,1.0,1.0,none,0
43,147,5,2026240329,0,0,0,0,0.956659385349558,1.0105472966439413,1.4591161959885768,1.0,1.0,1.0,1.0,none,0
43,147,6,2026240330,0,0,0,0,0.9561625058418669,1.0105235760369917,1.4588839202535089,1.0,1.0,1.0,1.0,none,0
43,147,7,2026240331,0,0,0,0,0.9560231884507594,1.0105082187286263,1.458937884686248,1.0,1.0,1.0,1.0,none,0
43,147,8,2026240332,0,0,0,0,0.9560780281440951,1.0105024040548878,1.4589206284809706,1.0,1.0,1.0,1.0,none,0
43,147,9,2026240333,0,0,0,0,0.9565461705626379,1.0105403148995042,1.4590214701604551,1.0,1.0,1.0,1.0,none,0
43,147,10,2026240334,0,0,0,0,0.9566001771167922,1.010504353927021,1.4591371696301887,1.0,1.0,1.0,1.0,none,0
43,147,11,2026240335,0,0,0,0,0.9562308582954238,1.0105028222918746,1.4589487861851944,1.0,1.0,1.0,1.0,none,0
43,147,12,2026240336,0,0,0,0,0.956536360466118,1.0105011127733912,1.4589495524167422,1.0,1.0,1.0,1.0,none,0
43,147,13,2026240337,0,0,0,0,0.9559895261215705,1.0104963500513684,1.4590413956707693,1.0,1.0,1.0,1.0,none,0
43,147,14,2026240338,0,0,0,0,0.9566940253446233,1.010503439897392,1.458945283353284,1.0,1.0,1.0,1.0,none,0
43,147,15,2026240339,0,0,0,0,0.9563508491704307,1.0104975420962385,1.4588948346452355,1.0,1.0,1.0,1.0,none,0
43,147,16,2026240340,0,0,0,0,0.9567824931617407,1.0104866402266566,1.459152198918731,1.0,1.0,1.0,1.0,none,0
43,147,17,2026240341,0,0,0,0,0.9561897094753319,1.0105016107241973,1.45923260622138,1.0,1.0,1.0,1.0,none,0
43,147,18,2026240342,0,0,0,0,0.9564621707809817,1.0105214046158122,1.459181162160999,1.0,1.0,1.0,1.0,none,0
43,147,19,2026240343,0,0,0,0,0.9566699030085157,1.010517451316161,1.4589413946000773,1.0,1.0,1.0,1.0,none,0
43,159,0,2026252432,0,0,0,0,0.962401207131502,1.012807019285948,0.8539678363965807,1.0,1.0,1.0,1.0,none,0
43,159,1,2026252433,0,0,0,0,0.9623026290075642,1.0125584683872433,0.8539514630551095,1.0,1.0,1.0,1.0,none,0
43,159,2,2026252434,0,0,0,0,0.9623976806161266,1.012524612856665,0.853922670704643,1.0,1.0,1.0,1.0,none,0
43,159,3,2026252435,0,0,0,0,0.9625058721663431,1.0125568819825377,0.8540167477933052,1.0,1.0,1.0,1.0,none,0
43,159,4,2026252436,0,0,0,0,0.9624098725136616,1.0124957896158129,0.8539537766487327,1.0,1.0,1.0,1.0,none,0
43,159,5,2026252437,0,0,0,0,0.9623586174643314,1.0124607358136886,0.853966240033243,1.0,1.0,1.0,1.0,none,0
43,159,6,2026252438,0,0,0,0,0.9620246964527701,1.0125734648229887,0.8539589172975723,1.0,1.0,1.0,1.0,none,0
43,159,7,2026252439,0,0,0,0,0.9622545633312005,1.0125601869979375,0.8539631562300168,1.0,1.0,1.0,1.0,none,0
43,159,8,2026252440,0,0,0,0,0.9627089439043715,1.0126684449387022,0.8539819963325195,1.0,1.0,1.0,1.0,none,0
43,159,9,2026252441,0,0,0,0,0.9624623954709174,1.0126258018773209,0.8538859822875182,1.0,1.0,1.0,1.0,none,0
43,159,10,2026252442,0,0,0,0,0.9621847586740869,1.012534436671023,0.8540021162422098,1.0,1.0,1.0,1.0,none,0
43,159,11,2026252443,0,0,0,0,0.9623298675601848,1.0125503557321167,0.8539718477389945,1.0,1.0,1.0,1.0,none,0
43,159,12,2026252444,0,0,0,0,0.9623719430171875,1.0126862313356866,0.8539587269741648,1.0,1.0,1.0,1.0,none,0
43,159,13,2026252445,0,0,0,0,0.9626946013739901,1.012619734154145,0.8539694204733318,1.0,1.0,1.0,1.0,none,0
43,159,14,2026252446,0,0,0,0,0.9624148575561364,1.0127055689757691,0.8539577869406154,1.0,1.0,1.0,1.0,none,0
43,159,15,2026252447,0,0,0,0,0.9625717719521129,1.0125948531575846,0.8540186246122036,1.0,1.0,1.0,1.0,none,0
43,159,16,2026252448,0,0,0,0,0.9622766009338087,1.0127094567975032,0.853958715601854,1.0,1.0,1.0,1.0,none,0
43,159,17,2026252449,0,0,0,0,0.9624177494092313,1.0124832360171387,0.8539925529221484,1.0,1.0,1.0,1.0,none,0
43,159,18,2026252450,0,0,0,0,0.9626040901357129,1.0127672000070504,0.8538891921610703,1.0,1.0,1.0,1.0,none,0
43,159,19,2026252451,0,0,0,0,0.9621975704114419,1.0126343957952026,0.8539440764727316,1.0,1.0,1.0,1.0,none,0
43,220,0,2026313981,0,0,0,0,0.959089994737889,1.0067879628292904,1.3154409992843483,1.0,1.0,1.0,1.0,none,0
43,220,1,2026313982,0,0,0,0,0.9591967977272124,1.006785668296352,1.3155032870168013,1.0,1.0,1.0,1.0,none,0
43,220,2,2026313983,0,0,0,0,0.959210786318697,1.0067739582752144,1.3156014821524318,1.0,1.0,1.0,1.0,none,0
43,220,3,2026313984,0,0,0,0,0.9592879216364005,1.0067878945034934,1.3155753534848769,1.0,1.0,1.0,1.0,none,0
43,220,4,2026313985,0,0,0,0,0.958612096912077,1.006781928929278,1.315274976546957,1.0,1.0,1.0,1.0,none,0
43,220,5,2026313986,0,0,0,0,0.9589422238509548,1.0067960180947575,1.3154353735713473,1.0,1.0,1.0,1.0,none,0
43,220,6,2026313987,0,0,0,0,0.9592792731763841,1.0067886168909577,1.3154387059463635,1.0,1.0,1.0,1.0,none,0
43,220,7,2026313988,0,0,0,0,0.9588181532434336,1.0067682566160423,1.3155595345013822,1.0,1.0,1.0,1.0,none,0
43,220,8,2026313989,0,0,0,0,0.9589336845120784,1.006765422180242,1.315429885026733,1.0,1.0,1.0,1.0,none,0
43,220,9,2026313990,0,0,0,0,0.9589270601025808,1.0067894185969075,1.3153743982523836,1.0,1.0,1.0,1.0,none,0
43,220,10,2026313991,0,0,0,0,0.9589733198980718,1.0067935343965095,1.3153519444857742,1.0,1.0,1.0,1.0,none,0
43,220,11,2026313992,0,0,0,0,0.9590484423258324,1.006778768476913,1.3154528013756766,1.0,1.0,1.0,1.0,none,0
43,220,12,2026313993,0,0,0,0,0.9586950470362496,1.006780096638723,1.3153917007726201,1.0,1.0,1.0,1.0,none,0
43,220,13,2026313994,0,0,0,0,0.9590546737399557,1.006780064834233,1.3155781279135677,1.0,1.0,1.0,1.0,none,0
43,220,14,2026313995,0,0,0,0,0.9591469670282602,1.0067954863658608,1.3155052332302002,1.0,1.0,1.0,1.0,none,0
43,220,15,2026313996,0,0,0,0,0.9591090984730084,1.006793504373304,1.3155749810916886,1.0,1.0,1.0,1.0,none,0
43,220,16,2026313997,0,0,0,0,0.9591823684258816,1.0067524358046442,1.3155896914698995,1.0,1.0,1.0,1.0,none,0
43,220,17,2026313998,0,0,0,0,0.9588972576013781,1.006782978676923,1.3154597192909194,1.0,1.0,1.0,1.0,none,0
43,220,18,2026313999,0,0,0,0,0.9591209315551323,1.0067723364499908,1.3153574928487624,1.0,1.0,1.0,1.0,none,0
43,220,19,2026314000,0,0,0,0,0.9590319213250053,1.006806950187653,1.3156881881100555,1.0,1.0,1.0,1.0,none,0
43,236,0,2026330125,0,0,0,0,0.963720288590964,1.0181509552686556,0.8124861827250132,1.0,1.0,1.0,1.0,none,0
43,236,1,2026330126,0,0,0,0,0.9636726467357523,1.0178935571818921,0.8124378994639807,1.0,1.0,1.0,1.0,none,0
43,236,2,2026330127,0,0,0,0,0.9636616687476967,1.0181940281282245,0.8124890637512193,1.0,1.0,1.0,1.0,none,0
43,236,3,2026330128,0,0,0,0,0.9636115949859012,1.0180819327905386,0.8124522685333148,1.0,1.0,1.0,1.0,none,0
43,236,4,2026330129,0,0,0,0,0.9637133511732918,1.0182239591228366,0.8125186387127249,1.0,1.0,1.0,1.0,none,0
43,236,5,2026330130,0,0,0,0,0.963874680252019,1.0180636931784126,0.8125377275704316,1.0,1.0,1.0,1.0,none,0
43,236,6,2026330131,0,0,0,0,0.9637842339864581,1.0180246858900408,0.8125247942239173,1.0,1.0,1.0,1.0,none,0
43,236,7,2026330132,0,0,0,0,0.9633889869001449,1.0180960171267632,0.8125198187941535,1.0,1.0,1.0,1.0,none,0
43,236,8,2026330133,0,0,0,0,0.9635532686181933,1.0181147724753388,0.8124941925293647,1.0,1.0,1.0,1.0,none,0
43,236,9,2026330134,0,0,0,0,0.9636432054257243,1.0181404244523797,0.8124714373969854,1.0,1.0,1.0,1.0,none,0
43,236,10,2026330135,0,0,0,0,0.9637620857936028,1.0180090026398518,0.8124909076305377,1.0,1.0,1.0,1.0,none,0
43,236,11,2026330136,0,0,0,0,0.9639577011034017,1.0180421535113182,0.8124643043496627,1.0,1.0,1.0,1.0,none,0
43,236,12,2026330137,0,0,0,0,0.9636078158850935,1.0182578522889663,0.8124316198859202,1.0,1.0,1.0,1.0,none,0
43,236,13,2026330138,0,0,0,0,0.9636709553590621,1.0182339792933985,0.8125421110544768,1.0,1.0,1.0,1.0,none,0
43,236,14,2026330139,0,0,0,0,0.9636898564248072,1.0180430347945237,0.8125045070453937,1.0,1.0,1.0,1.0,none,0
43,236,15,2026330140,0,0,0,0,0.9636043584046219,1.0181375003437692,0.8124920440357508,1.0,1.0,1.0,1.0,none,0
43,236,16,2026330141,0,0,0,0,0.9636724451504014,1.0180508137791717,0.8124200573900812,1.0,1.0,1.0,1.0,none,0
43,236,17,2026330142,0,0,0,0,0.9637227309186396,1.0180777925504896,0.8124579556436965,1.0,1.0,1.0,1.0,none,0
43,236,18,2026330143,0,0,0,0,0.9637671197926816,1.01820511345786,0.812496193164199,1.0,1.0,1.0,1.0,none,0
43,236,19,2026330144,0,0,0,0,0.9637447010357084,1.018235989975217,0.8124978586590434,1.0,1.0,1.0,1.0,none,0
43,241,0,2026335170,0,0,0,0,0.9575395642777234,1.0035301303940551,1.385587567319486,1.0,1.0,1.0,1.0,none,0
43,241,1,2026335171,0,0,0,0,0.9574683511144974,1.0035350830817418,1.385809100370232,1.0,1.0,1.0,1.0,none,0
43,241,2,2026335172,0,0,0,0,0.9578108308131056,1.003524438938124,1.3856709368986875,1.0,1.0,1.0,1.0,none,0
43,241,3,2026335173,0,0,0,0,0.9580124382582561,1.003545027035522,1.3858671794836692,1.0,1.0,1.0,1.0,none,0
43,241,4,2026335174,0,0,0,0,0.9580765418388247,1.003526630954798,1.3857159227992963,1.0,1.0,1.0,1.0,none,0
43,241,5,2026335175,0,0,0,0,0.9581459922667359,1.0035477178942496,1.3856622703102215,1.0,1.0,1.0,1.0,none,0
43,241,6,2026335176,0,0,0,0,0.9576885866152797,1.0035476860616381,1.3857173568734045,1.0,1.0,1.0,1.0,none,0
43,241,7,2026335177,0,0,0,0,0.9578344860686843,1.003551048628367,1.3857184230838195,1.0,1.0,1.0,1.0,none,0
43,241,8,2026335178,0,0,0,0,0.9580290271044083,1.0035292463379977,1.385644519948226,1.0,1.0,1.0,1.0,none,0
43,241,9,2026335179,0,0,0,0,0.9577437237467704,1.003519093278436,1.385359405691308,1.0,1.0,1.0,1.0,none,0
43,241,10,2026335180,0,0,0,0,0.9578234240526843,1.0035361828978042,1.3858314003614676,1.0,1.0,1.0,1.0,none,0
43,241,11,2026335181,0,0,0,0,0.9577643137254799,1.0035359844733966,1.3856849730582,1.0,1.0,1.0,1.0,none,0
43,241,12,2026335182,0,0,0,0,0.9580343793614006,1.0035442200853886,1.385733836951855,1.0,1.0,1.0,1.0,none,0
43,241,13,2026335183,0,0,0,0,0.9577391944857491,1.0035163655507169,1.38557369066976,1.0,1.0,1.0,1.0,none,0
43,241,14,2026335184,0,0,0,0,0.9578663358524753,1.003532621992883,1.3857333573481785,1.0,1.0,1.0,1.0,none,0
43,241,15,2026335185,0,0,0,0,0.95792423906803,1.0035381397424468,1.3857456160196373,1.0,1.0,1.0,1.0,none,0
43,241,16,2026335186,0,0,0,0,0.957860292042643,1.0035167961055744,1.3858560206926867,1.0,1.0,1.0,1.0,none,0
43,241,17,2026335187,0,0,0,0,0.9580107747154207,1.0035448521846335,1.3855555148803382,1.0,1.0,1.0,1.0,none,0
43,241,18,2026335188,0,0,0,0,0.9577923131985083,1.0035368587663174,1.3856799068869547,1.0,1.0,1.0,1.0,none,0
43,241,19,2026335189,0,0,0,0,0.9577692074686444,1.003534052974393,1.3856800812901093,1.0,1.0,1.0,1.0,none,0
43,245,0,2026339206,0,0,0,0,0.9553024520216405,1.0067737690477936,1.4629415797604017,1.0,1.0,1.0,1.0,none,0
43,245,1,2026339207,0,0,0,0,0.9554880095420043,1.0067351645156872,1.462907168036491,1.0,1.0,1.0,1.0,none,0
43,245,2,2026339208,0,0,0,0,0.956066665632526,1.0067256263810918,1.463139750583449,1.0,1.0,1.0,1.0,none,0
43,245,3,2026339209,0,0,0,0,0.9552333509501146,1.0067323136163908,1.4626786684593864,1.0,1.0,1.0,1.0,none,0
43,245,4,2026339210,0,0,0,0,0.9555418787641823,1.006741466109864,1.463069370110135,1.0,1.0,1.0,1.0,none,0
43,245,5,2026339211,0,0,0,0,0.9556437136041582,1.006744098120999,1.4631419414888773,1.0,1.0,1.0,1.0,none,0
43,245,6,2026339212,0,0,0,0,0.9555903421591476,1.0067397742853237,1.4631700824836626,1.0,1.0,1.0,1.0,none,0
43,245,7,2026339213,0,0,0,0,0.9556881819646837,1.006735007059573,1.4627804816763657,1.0,1.0,1.0,1.0,none,0
43,245,8,2026339214,0,0,0,0,0.9553849197273209,1.0067507072998747,1.463000006955929,1.0,1.0,1.0,1.0,none,0
43,245,9,2026339215,0,0,0,0,0.9553245595460367,1.0067453224999965,1.4629059348272135,1.0,1.0,1.0,1.0,none,0
43,245,10,2026339216,0,0,0,0,0.9556867374716544,1.006739284043506,1.4628386164548748,1.0,1.0,1.0,1.0,none,0
43,245,11,2026339217,0,0,0,0,0.9555688647546882,1.0067469929324744,1.4629734422165614,1.0,1.0,1.0,1.0,none,0
43,245,12,2026339218,0,0,0,0,0.9554875800657778,1.00673476144399,1.4630374265946697,1.0,1.0,1.0,1.0,none,0
43,245,13,2026339219,0,0,0,0,0.9554321542513547,1.0067626809094437,1.4628122241845722,1.0,1.0,1.0,1.0,none,0
43,245,14,2026339220,0,0,0,0,0.9557173206437005,1.0067587019663975,1.463280172480226,1.0,1.0,1.0,1.0,none,0
43,245,15,2026339221,0,0,0,0,0.955455357321205,1.006774748843243,1.4630166690776534,1.0,1.0,1.0,1.0,none,0
43,245,16,2026339222,0,0,0,0,0.9552224520702763,1.006723481346374,1.4628295399397975,1.0,1.0,1.0,1.0,none,0
43,245,17,2026339223,0,0,0,0,0.9551382243010444,1.006749355344528,1.462951758214271,1.0,1.0,1.0,1.0,none,0
43,245,18,2026339224,0,0,0,0,0.9555769483589371,1.006739548754145,1.4630149824680285,1.0,1.0,1.0,1.0,none,0
43,245,19,2026339225,0,0,0,0,0.9556043873640311,1.006729875707069,1.4630998865162848,1.0,1.0,1.0,1.0,none,0
43,257,0,2026351314,0,0,0,0,0.9616494412808277,1.0202218551480948,0.8620471993857719,1.0,1.0,1.0,1.0,none,0
43,257,1,2026351315,0,0,0,0,0.9615653431753547,1.0202672583528285,0.8621101782776825,1.0,1.0,1.0,1.0,none,0
43,257,2,2026351316,0,0,0,0,0.9613035597520734,1.0202143052241264,0.8619817471159943,1.0,1.0,1.0,1.0,none,0
43,257,3,2026351317,0,0,0,0,0.9614022604457103,1.0200312231286004,0.8619792113475421,1.0,1.0,1.0,1.0,none,0
43,257,4,2026351318,0,0,0,0,0.9610317147705502,1.020185560505641,0.8620358627027223,1.0,1.0,1.0,1.0,none,0
43,257,5,2026351319,0,0,0,0,0.9613651470861103,1.0201458510880712,0.8620345624095327,1.0,1.0,1.0,1.0,none,0
43,257,6,2026351320,0,0,0,0,0.9613869952294198,1.02012619269897,0.8620219048940907,1.0,1.0,1.0,1.0,none,0
43,257,7,2026351321,0,0,0,0,0.9613961895188367,1.0201587765417974,0.8621057358618986,1.0,1.0,1.0,1.0,none,0
43,257,8,2026351322,0,0,0,0,0.9615130455298329,1.0199768987277131,0.8620844793563548,1.0,1.0,1.0,1.0,none,0
43,257,9,2026351323,0,0,0,0,0.9613395895398007,1.0200833340348692,0.8620325591149931,1.0,1.0,1.0,1.0,none,0
43,257,10,2026351324,0,0,0,0,0.961139304244152,1.0202458828369227,0.862071579627304,1.0,1.0,1.0,1.0,none,0
43,257,11,2026351325,0,0,0,0,0.9615825120868375,1.020096683465602,0.862099664155198,1.0,1.0,1.0,1.0,none,0
43,257,12,2026351326,0,0,0,0,0.9615691217642527,1.020141470450033,0.8620571958731846,1.0,1.0,1.0,1.0,none,0
43,257,13,2026351327,0,0,0,0,0.9614862194835224,1.020145888218303,0.8620453917283667,1.0,1.0,1.0,1.0,none,0
43,257,14,2026351328,0,0,0,0,0.9615678923484646,1.0202076408038236,0.8620364526118812,1.0,1.0,1.0,1.0,none,0
43,257,15,2026351329,0,0,0,0,0.9617803418521526,1.0200463141931682,0.8621148917742589,1.0,1.0,1.0,1.0,none,0
43,257,16,2026351330,0,0,0,0,0.9613574832037024,1.0200863114672627,0.8620518544713934,1.0,1.0,1.0,1.0,none,0
43,257,17,2026351331,0,0,0,0,0.9612344153100741,1.0204325789489654,0.8620392552290408,1.0,1.0,1.0,1.0,none,0
43,257,18,2026351332,0,0,0,0,0.9619059406796678,1.0201310763276914,0.8621309712198895,1.0,1.0,1.0,1.0,none,0
43,257,19,2026351333,0,0,0,0,0.9613052492127777,1.0201400335805337,0.8620601535034974,1.0,1.0,1.0,1.0,none,0
43,282,0,2026376539,0,0,0,0,0.9520664189209809,1.007780144059427,1.6262656411921153,1.0,1.0,1.0,1.0,none,0
43,282,1,2026376540,0,0,0,0,0.9529448957158491,1.0077888175639915,1.6265205990863605,1.0,1.0,1.0,1.0,none,0
43,282,2,2026376541,0,0,0,0,0.9531774078722829,1.007801532895265,1.6266812068553598,1.0,1.0,1.0,1.0,none,0
43,282,3,2026376542,0,0,0,0,0.9526539359984164,1.0078222664809404,1.6258410064343483,1.0,1.0,1.0,1.0,none,0
43,282,4,2026376543,0,0,0,0,0.9530053092949621,1.0078016334771458,1.6261630059944712,1.0,1.0,1.0,1.0,none,0
43,282,5,2026376544,0,0,0,0,0.9527423679994825,1.0077656954277674,1.6262784054474284,1.0,1.0,1.0,1.0,none,0
43,282,6,2026376545,0,0,0,0,0.9527320828222208,1.0077719137599301,1.6259202385118747,1.0,1.0,1.0,1.0,none,0
43,282,7,2026376546,0,0,0,0,0.9526644177457274,1.0078064006093086,1.6260281646495842,1.0,1.0,1.0,1.0,none,0
43,282,8,2026376547,0,0,0,0,0.9524663247066594,1.0078187573636326,1.626401492902444,1.0,1.0,1.0,1.0,none,0
43,282,9,2026376548,0,0,0,0,0.9530719083633276,1.0077862229657244,1.6263167231624942,1.0,1.0,1.0,1.0,none,0
43,282,10,2026376549,0,0,0,0,0.9528544712168412,1.0077997120118214,1.626495128567215,1.0,1.0,1.0,1.0,none,0
43,282,11,2026376550,0,0,0,0,0.9531048049460905,1.007799850265867,1.6259084803859158,1.0,1.0,1.0,1.0,none,0
43,282,12,2026376551,0,0,0,0,0.9525647828453001,1.0077976082040072,1.6261817055108085,1.0,1.0,1.0,1.0,none,0
43,282,13,2026376552,0,0,0,0,0.952365651152794,1.0078000568338599,1.6261680214261125,1.0,1.0,1.0,1.0,none,0
43,282,14,2026376553,0,0,0,0,0.9529263058105422,1.0077880401313992,1.6264356064802987,1.0,1.0,1.0,1.0,none,0
43,282,15,2026376554,0,0,0,0,0.9529395036105945,1.0078205194235896,1.6266459219331377,1.0,1.0,1.0,1.0,none,0
43,282,16,2026376555,0,0,0,0,0.9525609839923006,1.0077868675129773,1.626223133210338,1.0,1.0,1.0,1.0,none,0
43,282,17,2026376556,0,0,0,0,0.952691817789301,1.0077964497726364,1.6262807751242596,1.0,1.0,1.0,1.0,none,0
43,282,18,2026376557,0,0,0,0,0.9521951769761111,1.0077803985089682,1.6259265712377804,1.0,1.0,1.0,1.0,none,0
43,282,19,2026376558,0,0,0,0,0.9526709583275793,1.0078019553976982,1.626273265271129,1.0,1.0,1.0,1.0,none,0
43,295,0,2026389656,0,0,0,0,0.9517658850826859,1.0,2.038687003831155,1.0,1.0,1.0,1.0,none,0
43,295,1,2026389657,0,0,0,0,0.9525236797487602,1.0,2.0403119860625742,1.0,1.0,1.0,1.0,none,0
43,295,2,2026389658,0,0,0,0,0.9517472039745752,1.0,2.040071048843397,1.0,1.0,1.0,1.0,none,0
43,295,3,2026389659,0,0,0,0,0.9517507750731752,1.0,2.0378231881996043,1.0,1.0,1.0,1.0,none,0
43,295,4,2026389660,0,0,0,0,0.9523661601035529,1.0,2.0395199258105996,1.0,1.0,1.0,1.0,none,0
43,295,5,2026389661,0,0,0,0,0.9517963033972491,1.0,2.0401030752000358,1.0,1.0,1.0,1.0,none,0
43,295,6,2026389662,0,0,0,0,0.9517224865647015,1.0,2.0393604190278762,1.0,1.0,1.0,1.0,none,0
43,295,7,2026389663,0,0,0,0,0.9523264786148445,1.0,2.0381160607230018,1.0,1.0,1.0,1.0,none,0
43,295,8,2026389664,0,0,0,0,0.9520798466296961,1.0,2.0387064357147224,1.0,1.0,1.0,1.0,none,0
43,295,9,2026389665,0,0,0,0,0.9521879970433133,1.0,2.0384913989694047,1.0,1.0,1.0,1.0,none,0
43,295,10,2026389666,0,0,0,0,0.9514162706036404,1.0,2.0386970534733786,1.0,1.0,1.0,1.0,none,0
43,295,11,2026389667,0,0,0,0,0.9523586517667062,1.0,2.039296404862309,1.0,1.0,1.0,1.0,none,0
43,295,12,2026389668,0,0,0,0,0.9521184494062673,1.0,2.0404434635218376,1.0,1.0,1.0,1.0,none,0
43,295,13,2026389669,0,0,0,0,0.9517234002833108,1.0,2.0405401974768553,1.0,1.0,1.0,1.0,none,0
43,295,14,2026389670,0,0,0,0,0.9517024778408808,1.0,2.040204053099517,1.0,1.0,1.0,1.0,none,0
43,295,15,2026389671,0,0,0,0,0.9523944710574517,1.0,2.039421945581032,1.0,1.0,1.0,1.0,none,0
43,295,16,2026389672,0,0,0,0,0.9519045935004468,1.0,2.0390483840996962,1.0,1.0,1.0,1.0,none,0
43,295,17,2026389673,0,0,0,0,0.9524565825654222,1.0,2.0389712422562343,1.0,1.0,1.0,1.0,none,0
43,295,18,2026389674,0,0,0,0,0.95178343499341,1.0,2.0391700402132122,1.0,1.0,1.0,1.0,none,0
43,295,19,2026389675,0,0,0,0,0.952121232940188,1.0,2.040257650311972,1.0,1.0,1.0,1.0,none,0
43,299,0,2026393692,0,0,0,0,0.9576987539052254,1.0,1.198843876724548,1.0,1.0,1.0,1.0,none,0
43,299,1,2026393693,0,0,0,0,0.9578261399711138,1.0,1.1989187273565767,1.0,1.0,1.0,1.0,none,0
43,299,2,2026393694,0,0,0,0,0.9574563383185118,1.0,1.1988082182289286,1.0,1.0,1.0,1.0,none,0
43,299,3,2026393695,0,0,0,0,0.957391628813241,1.0,1.1988285939940542,1.0,1.0,1.0,1.0,none,0
43,299,4,2026393696,0,0,0,0,0.9572846282086757,1.0,1.1988311151290698,1.0,1.0,1.0,1.0,none,0
43,299,5,2026393697,0,0,0,0,0.9577409275914238,1.0,1.1989692815347803,1.0,1.0,1.0,1.0,none,0
43,299,6,2026393698,0,0,0,0,0.9574774318259572,1.0,1.1989616960883374,1.0,1.0,1.0,1.0,none,0
43,299,7,2026393699,0,0,0,0,0.9575967492259035,1.0,1.1988811084392532,1.0,1.0,1.0,1.0,none,0
43,299,8,2026393700,0,0,0,0,0.9576401959913708,1.0,1.1989123699781923,1.0,1.0,1.0,1.0,none,0
43,299,9,2026393701,0,0,0,0,0.957681576231186,1.0,1.1991130636989427,1.0,1.0,1.0,1.0,none,0
43,299,10,2026393702,0,0,0,0,0.9575690648529932,1.0,1.1989339787824105,1.0,1.0,1.0,1.0,none,0
43,299,11,2026393703,0,0,0,0,0.9573643131798044,1.0,1.1989071401349536,1.0,1.0,1.0,1.0,none,0
43,299,12,2026393704,0,0,0,0,0.9578456143982288,1.0,1.1989096868112157,1.0,1.0,1.0,1.0,none,0
43,299,13,2026393705,0,0,0,0,0.9571559251436276,1.0,1.1989932240675074,1.0,1.0,1.0,1.0,none,0
43,299,14,2026393706,0,0,0,0,0.9574092711000087,1.0,1.1989856286776344,1.0,1.0,1.0,1.0,none,0
43,299,15,2026393707,0,0,0,0,0.9575035070940491,1.0,1.1990403360862778,1.0,1.0,1.0,1.0,none,0
43,299,16,2026393708,0,0,0,0,0.9575495697410963,1.0,1.199062891458957,1.0,1.0,1.0,1.0,none,0
43,299,17,2026393709,0,0,0,0,0.9577162900605213,1.0,1.198897274423589,1.0,1.0,1.0,1.0,none,0
43,299,18,2026393710,0,0,0,0,0.9577905776334316,1.0,1.1990153554228626,1.0,1.0,1.0,1.0,none,0
43,299,19,2026393711,0,0,0,0,0.9574998096603953,1.0,1.1988874060556987,1.0,1.0,1.0,1.0,none,0
44,4,0,2026096037,0,0,0,0,0.956900648565316,1.000253576000381,1.3125505682001115,1.0,1.0,1.0,1.0,none,0
44,4,1,2026096038,0,0,0,0,0.9564654247566506,1.000238451412236,1.312553997958417,1.0,1.0,1.0,1.0,none,0
44,4,2,2026096039,0,0,0,0,0.9565639272142187,1.000236113654196,1.3127378002203598,1.0,1.0,1.0,1.0,none,0
44,4,3,2026096040,0,0,0,0,0.9568691507188096,1.0002479452447286,1.3127241543663362,1.0,1.0,1.0,1.0,none,0
44,4,4,2026096041,0,0,0,0,0.9564355925143019,1.0002519457636727,1.3127058289601699,1.0,1.0,1.0,1.0,none,0
44,4,5,2026096042,0,0,0,0,0.9568936541927239,1.0002456138351485,1.3127763916363377,1.0,1.0,1.0,1.0,none,0
44,4,6,2026096043,0,0,0,0,0.9566663195869424,1.0002379558104022,1.312690211291707,1.0,1.0,1.0,1.0,none,0
44,4,7,2026096044,0,0,0,0,0.9567322904850342,1.0002483671950833,1.312596328831754,1.0,1.0,1.0,1.0,none,0
44,4,8,2026096045,0,0,0,0,0.9568174360115921,1.000233984629319,1.3127377248764631,1.0,1.0,1.0,1.0,none,0
44,4,9,2026096046,0,0,0,0,0.957136119480136,1.0002258393208252,1.3127902632006836,1.0,1.0,1.0,1.0,none,0
44,4,10,2026096047,0,0,0,0,0.9568302393148521,1.0002449520729477,1.3127851150040397,1.0,1.0,1.0,1.0,none,0
44,4,11,2026096048,0,0,0,0,0.9568932355414104,1.0002542837064656,1.3127149129203377,1.0,1.0,1.0,1.0,none,0
44,4,12,2026096049,0,0,0,0,0.9567435379492533,1.0002383470158411,1.3127020547094963,1.0,1.0,1.0,1.0,none,0
44,4,13,2026096050,0,0,0,0,0.9569721976018176,1.000248282719336,1.3127867504254689,1.0,1.0,1.0,1.0,none,0
44,4,14,2026096051,0,0,0,0,0.9565675894959957,1.000238779418206,1.3126487735738825,1.0,1.0,1.0,1.0,none,0
44,4,15,2026096052,0,0,0,0,0.9568842773656298,1.0002571544261745,1.312711306425462,1.0,1.0,1.0,1.0,none,0
44,4,16,2026096053,0,0,0,0,0.9567147948276161,1.0002339977287997,1.3126690716658913,1.0,1.0,1.0,1.0,none,0
44,4,17,2026096054,0,0,0,0,0.9571161272055866,1.0002228322140467,1.3127415664648445,1.0,1.0,1.0,1.0,none,0
44,4,18,2026096055,0,0,0,0,0.9567035363355971,1.000249176696072,1.312894133309703,1.0,1.0,1.0,1.0,none,0
44,4,19,2026096056,0,0,0,0,0.9570217911887151,1.0002344823738707,1.3128361734137977,1.0,1.0,1.0,1.0,none,0
44,38,0,2026130343,0,0,0,0,0.9518101850072892,1.0002143369951835,2.1398755478264104,1.0,1.0,1.0,1.0,none,0
44,38,1,2026130344,0,0,0,0,0.9519960095248182,1.0002086950211064,2.1391628107098994,1.0,1.0,1.0,1.0,none,0
44,38,2,2026130345,0,0,0,0,0.9518974208210916,1.0002642529352503,2.1382335212815633,1.0,1.0,1.0,1.0,none,0
44,38,3,2026130346,0,0,0,0,0.9518402672715295,1.000242741269417,2.1402093580565924,1.0,1.0,1.0,1.0,none,0
44,38,4,2026130347,0,0,0,0,0.9512976098743203,1.0002307982643743,2.1389210112546904,1.0,1.0,1.0,1.0,none,0
44,38,5,2026130348,0,0,0,0,0.9521222100662124,1.0002431599604191,2.140646759988474,1.0,1.0,1.0,1.0,none,0
44,38,6,2026130349,0,0,0,0,0.9518376057666543,1.0002326286464573,2.1421388227880063,1.0,1.0,1.0,1.0,none,0
44,38,7,2026130350,0,0,0,0,0.9510932753465811,1.000182539506283,2.140336934076337,1.0,1.0,1.0,1.0,none,0
44,38,8,2026130351,0,0,0,0,0.951142304960835,1.0001845347465566,2.1394170787028144,1.0,1.0,1.0,1.0,none,0
44,38,9,2026130352,0,0,0,0,0.9514082831640587,1.0002205412647602,2.141778980606395,1.0,1.0,1.0,1.0,none,0
44,38,10,2026130353,0,0,0,0,0.9520500482826879,1.000205352113099,2.138263054381975,1.0,1.0,1.0,1.0,none,0
44,38,11,2026130354,0,0,0,0,0.9515749573564177,1.0002252446941622,2.1403734092005937,1.0,1.0,1.0,1.0,none,0
44,38,12,2026130355,0,0,0,0,0.9516247619986881,1.0002535891280777,2.13968035784371,1.0,1.0,1.0,1.0,none,0
44,38,13,2026130356,0,0,0,0,0.951395344565148,1.0001788625968948,2.1441503331992235,1.0,1.0,1.0,1.0,none,0
44,38,14,2026130357,0,0,0,0,0.9520027699973679,1.0002097368395093,2.1386100439705635,1.0,1.0,1.0,1.0,none,0
44,38,15,2026130358,0,0,0,0,0.9520224377560826,1.0002174072508951,2.1408111486546515,1.0,1.0,1.0,1.0,none,0
44,38,16,2026130359,0,0,0,0,0.9514573670436889,1.000222093177283,2.141798777032677,1.0,1.0,1.0,1.0,none,0
44,38,17,2026130360,0,0,0,0,0.952089981291568,1.000202563421074,2.142260307390676,1.0,1.0,1.0,1.0,none,0
44,38,18,2026130361,0,0,0,0,0.9517592735273446,1.0002821468100938,2.138416462636113,1.0,1.0,1.0,1.0,none,0
44,38,19,2026130362,0,0,0,0,0.9519111302821487,1.000255178123607,2.1389203175083376,1.0,1.0,1.0,1.0,none,0
44,77,0,2026169694,0,0,0,0,0.9517297030408876,1.0045792994092526,2.034546495699448,1.0,1.0,1.0,1.0,none,0
44,77,1,2026169695,0,0,0,0,0.9513264316635259,1.0045877435478563,2.0364962261002035,1.0,1.0,1.0,1.0,none,0
44,77,2,2026169696,0,0,0,0,0.9520979094292398,1.0045905621942772,2.036356271166994,1.0,1.0,1.0,1.0,none,0
44,77,3,2026169697,0,0,0,0,0.9508628601439587,1.0046097796960451,2.029716461442643,1.0,1.0,1.0,1.0,none,0
44,77,4,2026169698,0,0,0,0,0.9515477549494986,1.0046150924450143,2.033232151181293,1.0,1.0,1.0,1.0,none,0
44,77,5,2026169699,0,0,0,0,0.9516431958440208,1.004598976756248,2.034040408135636,1.0,1.0,1.0,1.0,none,0
44,77,6,2026169700,0,0,0,0,0.9515763678384591,1.004602634499953,2.0424756820972076,1.0,1.0,1.0,1.0,none,0
44,77,7,2026169701,0,0,0,0,0.9515881565992734,1.0045665280408211,2.035797749276102,1.0,1.0,1.0,1.0,none,0
44,77,8,2026169702,0,0,0,0,0.9517884851580445,1.0046027695775064,2.0391630046623,1.0,1.0,1.0,1.0,none,0
44,77,9,2026169703,0,0,0,0,0.9522552599562085,1.0045805607364022,2.034063605633325,1.0,1.0,1.0,1.0,none,0
44,77,10,2026169704,0,0,0,0,0.9521663288095117,1.0046131174943769,2.0301692184484406,1.0,1.0,1.0,1.0,none,0
44,77,11,2026169705,0,0,0,0,0.951414895447835,1.004616318637293,2.0263300512745452,1.0,1.0,1.0,1.0,none,0
44,77,12,2026169706,0,0,0,0,0.9512538156194084,1.0046053151996233,2.0313083113195547,1.0,1.0,1.0,1.0,none,0
44,77,13,2026169707,0,0,0,0,0.9524023922729362,1.0045889921031015,2.032602906426664,1.0,1.0,1.0,1.0,none,0
44,77,14,2026169708,0,0,0,0,0.9512847787526719,1.0046100672748068,2.034975026897743,1.0,1.0,1.0,1.0,none,0
44,77,15,2026169709,0,0,0,0,0.9523185766560249,1.0046094350068133,2.038666118433483,1.0,1.0,1.0,1.0,none,0
44,77,16,2026169710,0,0,0,0,0.9516737852586489,1.0046056176542444,2.0330750272573654,1.0,1.0,1.0,1.0,none,0
44,77,17,2026169711,0,0,0,0,0.9517380296046831,1.0045942906996985,2.040275367085611,1.0,1.0,1.0,1.0,none,0
44,77,18,2026169712,0,0,0,0,0.9512839496856821,1.0046345961736962,2.029302611447786,1.0,1.0,1.0,1.0,none,0
44,77,19,2026169713,0,0,0,0,0.9522373563931208,1.0046034697366466,2.0350236495106726,1.0,1.0,1.0,1.0,none,0
44,85,0,2026177766,0,0,0,0,0.9525507297252701,1.0,1.9879912273189964,1.0,1.0,1.0,1.0,none,0
44,85,1,2026177767,0,0,0,0,0.9525729439183719,1.0,1.9876817519979841,1.0,1.0,1.0,1.0,none,0
44,85,2,2026177768,0,0,0,0,0.9522606775069526,1.0,1.9878182729172715,1.0,1.0,1.0,1.0,none,0
44,85,3,2026177769,0,0,0,0,0.9524641048627354,1.0,1.9873928905892624,1.0,1.0,1.0,1.0,none,0
44,85,4,2026177770,0,0,0,0,0.9528798529478302,1.0,1.9876084796085394,1.0,1.0,1.0,1.0,none,0
44,85,5,2026177771,0,0,0,0,0.9518500473312188,1.0,1.987094616941964,1.0,1.0,1.0,1.0,none,0
44,85,6,2026177772,0,0,0,0,0.9520318019812193,1.0,1.9870561809999387,1.0,1.0,1.0,1.0,none,0
44,85,7,2026177773,0,0,0,0,0.9525395007309261,1.0,1.9878199167043233,1.0,1.0,1.0,1.0,none,0
44,85,8,2026177774,0,0,0,0,0.9525520449925431,1.0,1.9876503233769813,1.0,1.0,1.0,1.0,none,0
44,85,9,2026177775,0,0,0,0,0.9525685850717227,1.0,1.9875242208725132,1.0,1.0,1.0,1.0,none,0
44,85,10,2026177776,0,0,0,0,0.9521609314972619,1.0,1.98754138565702,1.0,1.0,1.0,1.0,none,0
44,85,11,2026177777,0,0,0,0,0.9525095927079108,1.0,1.9879729932351191,1.0,1.0,1.0,1.0,none,0
44,85,12,2026177778,0,0,0,0,0.9524983834146391,1.0,1.987541003216868,1.0,1.0,1.0,1.0,none,0
44,85,13,2026177779,0,0,0,0,0.9527434710036298,1.0,1.9874053218115921,1.0,1.0,1.0,1.0,none,0
44,85,14,2026177780,0,0,0,0,0.9524119270799913,1.0,1.9881391712936345,1.0,1.0,1.0,1.0,none,0
44,85,15,2026177781,0,0,0,0,0.952708124459995,1.0,1.9878324858587924,1.0,1.0,1.0,1.0,none,0
44,85,16,2026177782,0,0,0,0,0.9524515280918057,1.0,1.9873916757328711,1.0,1.0,1.0,1.0,none,0
44,85,17,2026177783,0,0,0,0,0.9524374029249864,1.0,1.9875299741768597,1.0,1.0,1.0,1.0,none,0
44,85,18,2026177784,0,0,0,0,0.9522375498804527,1.0,1.9875778557231751,1.0,1.0,1.0,1.0,none,0
44,85,19,2026177785,0,0,0,0,0.9522882115159572,1.0,1.9874620108537404,1.0,1.0,1.0,1.0,none,0
44,105,0,2026197946,0,0,0,0,0.9559027640023012,1.0140684847891839,1.3704438551225129,1.0,1.0,1.0,1.0,none,0
44,105,1,2026197947,0,0,0,0,0.9560347763545403,1.0138806252767358,1.3707761771943006,1.0,1.0,1.0,1.0,none,0
44,105,2,2026197948,0,0,0,0,0.9556737282543498,1.0141709065940687,1.370470428000259,1.0,1.0,1.0,1.0,none,0
44,105,3,2026197949,0,0,0,0,0.955906245496832,1.0141658513251384,1.3705976637751232,1.0,1.0,1.0,1.0,none,0
44,105,4,2026197950,0,0,0,0,0.9558406850201764,1.0140567360938129,1.37037311475313,1.0,1.0,1.0,1.0,none,0
44,105,5,2026197951,0,0,0,0,0.9560912850428306,1.0140873860957118,1.3706168367383302,1.0,1.0,1.0,1.0,none,0
44,105,6,2026197952,0,0,0,0,0.956061083335963,1.0139484436900208,1.3705455530474997,1.0,1.0,1.0,1.0,none,0
44,105,7,2026197953,0,0,0,0,0.9557889898241929,1.014002128316021,1.3704882172350439,1.0,1.0,1.0,1.0,none,0
44,105,8,2026197954,0,0,0,0,0.9556216295227178,1.014036757475918,1.370616976264476,1.0,1.0,1.0,1.0,none,0
44,105,9,2026197955,0,0,0,0,0.9556869038647975,1.014002564137633,1.370424580034218,1.0,1.0,1.0,1.0,none,0
44,105,10,2026197956,0,0,0,0,0.9558083243356092,1.014241924199317,1.3705518718830516,1.0,1.0,1.0,1.0,none,0
44,105,11,2026197957,0,0,0,0,0.9560335830523051,1.0140293776250644,1.3705490289165174,1.0,1.0,1.0,1.0,none,0
44,105,12,2026197958,0,0,0,0,0.9558978620042106,1.013785964636227,1.3706382036591045,1.0,1.0,1.0,1.0,none,0
44,105,13,2026197959,0,0,0,0,0.9557681406288426,1.0140259819933903,1.370707031546602,1.0,1.0,1.0,1.0,none,0
44,105,14,2026197960,0,0,0,0,0.9559859968839846,1.0138006669643131,1.3707137140121721,1.0,1.0,1.0,1.0,none,0
44,105,15,2026197961,0,0,0,0,0.955766847190134,1.0140132026409883,1.3703814653840574,1.0,1.0,1.0,1.0,none,0
44,105,16,2026197962,0,0,0,0,0.9552843605751077,1.013759688427525,1.3703908204409427,1.0,1.0,1.0,1.0,none,0
44,105,17,2026197963,0,0,0,0,0.9557305771137011,1.0140179103026017,1.370481743103267,1.0,1.0,1.0,1.0,none,0
44,105,18,2026197964,0,0,0,0,0.9560003459274029,1.013928258673394,1.3705530070717082,1.0,1.0,1.0,1.0,none,0
44,105,19,2026197965,0,0,0,0,0.9553883945850344,1.0138722311636148,1.370524329276578,1.0,1.0,1.0,1.0,none,0
44,133,0,2026226198,0,0,0,0,0.9565768546799867,1.0088500919915628,1.4236054663936835,1.0,1.0,1.0,1.0,none,0
44,133,1,2026226199,0,0,0,0,0.9564665922434016,1.0088894533139519,1.4235894877346793,1.0,1.0,1.0,1.0,none,0
44,133,2,2026226200,0,0,0,0,0.9564218888027353,1.0088283352379994,1.42357246107034,1.0,1.0,1.0,1.0,none,0
44,133,3,2026226201,0,0,0,0,0.9565234733202128,1.0088350434421778,1.4236518633965458,1.0,1.0,1.0,1.0,none,0
44,133,4,2026226202,0,0,0,0,0.9563616837137684,1.008835979681386,1.423466329785972,1.0,1.0,1.0,1.0,none,0
44,133,5,2026226203,0,0,0,0,0.9564547600881124,1.008834547756428,1.423560109554119,1.0,1.0,1.0,1.0,none,0
44,133,6,2026226204,0,0,0,0,0.9564868435571661,1.008852563411775,1.4234605487725245,1.0,1.0,1.0,1.0,none,0
44,133,7,2026226205,0,0,0,0,0.9567325300142704,1.0088564160468296,1.4237210510148819,1.0,1.0,1.0,1.0,none,0
44,133,8,2026226206,0,0,0,0,0.9565509819615744,1.008842197976823,1.4235847667977988,1.0,1.0,1.0,1.0,none,0
44,133,9,2026226207,0,0,0,0,0.9563773636226923,1.008852781049051,1.423627650062774,1.0,1.0,1.0,1.0,none,0
44,133,10,2026226208,0,0,0,0,0.9564818141481246,1.0088660988135385,1.4236005383502723,1.0,1.0,1.0,1.0,none,0
44,133,11,2026226209,0,0,0,0,0.9565849401719839,1.0088296648219126,1.4237244239376536,1.0,1.0,1.0,1.0,none,0
44,133,12,2026226210,0,0,0,0,0.9565393853657606,1.0088605647342943,1.423664428207653,1.0,1.0,1.0,1.0,none,0
44,133,13,2026226211,0,0,0,0,0.9565180698828935,1.0088665838263469,1.4235621917632642,1.0,1.0,1.0,1.0,none,0
44,133,14,2026226212,0,0,0,0,0.9565704041873021,1.0088571101881756,1.4236386056422312,1.0,1.0,1.0,1.0,none,0
44,133,15,2026226213,0,0,0,0,0.9565692041007494,1.0088595471063482,1.4235216087434535,1.0,1.0,1.0,1.0,none,0
44,133,16,2026226214,0,0,0,0,0.9566999372005932,1.0088362382759384,1.4236183080242486,1.0,1.0,1.0,1.0,none,0
44,133,17,2026226215,0,0,0,0,0.9564043637858414,1.0088661877390086,1.4235726636210422,1.0,1.0,1.0,1.0,none,0
44,133,18,2026226216,0,0,0,0,0.9568352651323307,1.008838745472573,1.4237087670711164,1.0,1.0,1.0,1.0,none,0
44,133,19,2026226217,0,0,0,0,0.9563901545123776,1.0088493643092251,1.423436129069516,1.0,1.0,1.0,1.0,none,0
44,137,0,2026230234,0,0,0,0,0.9638734218425178,1.0151565600891355,0.9313217383291147,1.0,1.0,1.0,1.0,none,0
44,137,1,2026230235,0,0,0,0,0.9639098622666079,1.0151136470089253,0.9313425420107091,1.0,1.0,1.0,1.0,none,0
44,137,2,2026230236,0,0,0,0,0.9638599665484072,1.0150998957360817,0.9313317541436328,1.0,1.0,1.0,1.0,none,0
44,137,3,2026230237,0,0,0,0,0.9640193713831859,1.0150867432526212,0.9313443338451058,1.0,1.0,1.0,1.0,none,0
44,137,4,2026230238,0,0,0,0,0.9641104510706673,1.015234740624623,0.9313652391859012,1.0,1.0,1.0,1.0,none,0
44,137,5,2026230239,0,0,0,0,0.9638026947898133,1.0152462297096134,0.9313434605577435,1.0,1.0,1.0,1.0,none,0
44,137,6,2026230240,0,0,0,0,0.9642516233247782,1.0151762637526034,0.9313866022154946,1.0,1.0,1.0,1.0,none,0
44,137,7,2026230241,0,0,0,0,0.9642800027980322,1.015097263499223,0.9313837277539946,1.0,1.0,1.0,1.0,none,0
44,137,8,2026230242,0,0,0,0,0.9641743442842714,1.0149570108421133,0.9314079154157376,1.0,1.0,1.0,1.0,none,0
44,137,9,2026230243,0,0,0,0,0.9640270533990066,1.015066486453088,0.9313477484397479,1.0,1.0,1.0,1.0,none,0
44,137,10,2026230244,0,0,0,0,0.9638491248617918,1.0150077439331397,0.9313423359130979,1.0,1.0,1.0,1.0,none,0
44,137,11,2026230245,0,0,0,0,0.9640657517824407,1.0150568896117504,0.9313916600562121,1.0,1.0,1.0,1.0,none,0
44,137,12,2026230246,0,0,0,0,0.9641768782582267,1.0148371321797713,0.9313744325139266,1.0,1.0,1.0,1.0,none,0
44,137,13,2026230247,0,0,0,0,0.9640481248392428,1.0151003360496837,0.9313546066822339,1.0,1.0,1.0,1.0,none,0
44,137,14,2026230248,0,0,0,0,0.964103374929872,1.0150156763007434,0.931364279077776,1.0,1.0,1.0,1.0,none,0
44,137,15,2026230249,0,0,0,0,0.9640202219226156,1.0149929660664883,0.9313536846748933,1.0,1.0,1.0,1.0,none,0
44,137,16,2026230250,0,0,0,0,0.9640612611142662,1.0150301981648253,0.9313490774272795,1.0,1.0,1.0,1.0,none,0
44,137,17,2026230251,0,0,0,0,0.9640074498494527,1.0151008018558243,0.9313791336251327,1.0,1.0,1.0,1.0,none,0
44,137,18,2026230252,0,0,0,0,0.9640372048629177,1.0151977325790893,0.9313411145114933,1.0,1.0,1.0,1.0,none,0
44,137,19,2026230253,0,0,0,0,0.9640278174859864,1.0149467518075719,0.9313624363641196,1.0,1.0,1.0,1.0,none,0
44,147,0,2026240324,0,0,0,0,0.9560756002819459,1.0105417319611627,1.459053786181691,1.0,1.0,1.0,1.0,none,0
44,147,1,2026240325,0,0,0,0,0.9565623021832208,1.010544051283662,1.4590779847566002,1.0,1.0,1.0,1.0,none,0
44,147,2,2026240326,0,0,0,0,0.956088245822605,1.010567042097778,1.45890772394053,1.0,1.0,1.0,1.0,none,0
44,147,3,2026240327,0,0,0,0,0.9564450274884325,1.0105382457069214,1.4589829234434613,1.0,1.0,1.0,1.0,none,0
44,147,4,2026240328,0,0,0,0,0.9563862749599168,1.0105684708025233,1.458872600377454,1.0,1.0,1.0,1.0,none,0
44,147,5,2026240329,0,0,0,0,0.9565165414537602,1.0105732490913046,1.4591866422141704,1.0,1.0,1.0,1.0,none,0
44,147,6,2026240330,0,0,0,0,0.9562364511289541,1.0105516260947325,1.4589610458329316,1.0,1.0,1.0,1.0,none,0
44,147,7,2026240331,0,0,0,0,0.9560279779841575,1.0105455716860543,1.4589853067826006,1.0,1.0,1.0,1.0,none,0
44,147,8,2026240332,0,0,0,0,0.9561148127880998,1.0105439604002961,1.4590282035817508,1.0,1.0,1.0,1.0,none,0
44,147,9,2026240333,0,0,0,0,0.956620548290761,1.0105707044363919,1.459129018546772,1.0,1.0,1.0,1.0,none,0
44,147,10,2026240334,0,0,0,0,0.9565798163258081,1.0105398818555646,1.4591532009933574,1.0,1.0,1.0,1.0,none,0
44,147,11,2026240335,0,0,0,0,0.9562406399899647,1.0105427550162407,1.4589765139759308,1.0,1.0,1.0,1.0,none,0
44,147,12,2026240336,0,0,0,0,0.9565160150464855,1.0105502740565304,1.4590386023872624,1.0,1.0,1.0,1.0,none,0
44,147,13,2026240337,0,0,0,0,0.9562001405936297,1.0105388447168548,1.459128833020549,1.0,1.0,1.0,1.0,none,0
44,147,14,2026240338,0,0,0,0,0.9566850638554845,1.0105537946035952,1.4590176738555225,1.0,1.0,1.0,1.0,none,0
44,147,15,2026240339,0,0,0,0,0.9564402492216946,1.0105400838495266,1.4589692844978799,1.0,1.0,1.0,1.0,none,0
44,147,16,2026240340,0,0,0,0,0.9567335475893517,1.0105230754687113,1.4591822453688823,1.0,1.0,1.0,1.0,none,0
44,147,17,2026240341,0,0,0,0,0.9562553575101663,1.0105329182912421,1.459299248821648,1.0,1.0,1.0,1.0,none,0
44,147,18,2026240342,0,0,0,0,0.9565834707033944,1.0105647392590575,1.4592639176561517,1.0,1.0,1.0,1.0,none,0
44,147,19,2026240343,0,0,0,0,0.9565975420148133,1.0105571363687293,1.4589880701815816,1.0,1.0,1.0,1.0,none,0
44,159,0,2026252432,0,0,0,0,0.9625600672155312,1.0121996346613653,0.8539920387002814,1.0,1.0,1.0,1.0,none,0
44,159,1,2026252433,0,0,0,0,0.9624457164945244,1.012043308266311,0.853981863147864,1.0,1.0,1.0,1.0,none,0
44,159,2,2026252434,0,0,0,0,0.962563932127567,1.0119401464053985,0.8539577607870211,1.0,1.0,1.0,1.0,none,0
44,159,3,2026252435,0,0,0,0,0.9626629664475486,1.011958461328147,0.85403419422562,1.0,1.0,1.0,1.0,none,0
44,159,4,2026252436,0,0,0,0,0.9625248973392736,1.011889842339548,0.8539861027762694,1.0,1.0,1.0,1.0,none,0
44,159,5,2026252437,0,0,0,0,0.9624772064521271,1.011878767605436,0.8539847391600273,1.0,1.0,1.0,1.0,none,0
44,159,6,2026252438,0,0,0,0,0.9621264402995748,1.0119740910631727,0.8539877276594041,1.0,1.0,1.0,1.0,none,0
44,159,7,2026252439,0,0,0,0,0.962379398601137,1.012035559215013,0.8539765444376002,1.0,1.0,1.0,1.0,none,0
44,159,8,2026252440,0,0,0,0,0.9627778653714533,1.0120129720916249,0.8540184381331501,1.0,1.0,1.0,1.0,none,0
44,159,9,2026252441,0,0,0,0,0.9626171579073001,1.0120399917250473,0.8539304168103737,1.0,1.0,1.0,1.0,none,0
44,159,10,2026252442,0,0,0,0,0.9623215169694737,1.0119811960260636,0.8540073569051474,1.0,1.0,1.0,1.0,none,0
44,159,11,2026252443,0,0,0,0,0.962540156354314,1.012035930576332,0.8539974294216279,1.0,1.0,1.0,1.0,none,0
44,159,12,2026252444,0,0,0,0,0.9624491524907429,1.0120585620508014,0.8539880726928273,1.0,1.0,1.0,1.0,none,0
44,159,13,2026252445,0,0,0,0,0.9627992043784002,1.0120345158137578,0.8539940910047954,1.0,1.0,1.0,1.0,none,0
44,159,14,2026252446,0,0,0,0,0.962508741199075,1.0121316646340444,0.853959774066471,1.0,1.0,1.0,1.0,none,0
44,159,15,2026252447,0,0,0,0,0.9627026919381649,1.0120292952935321,0.854055375478454,1.0,1.0,1.0,1.0,none,0
44,159,16,2026252448,0,0,0,0,0.9624282130477614,1.0120850470311296,0.8539725047852985,1.0,1.0,1.0,1.0,none,0
44,159,17,2026252449,0,0,0,0,0.962556201022118,1.0120098266327917,0.8539958491798847,1.0,1.0,1.0,1.0,none,0
44,159,18,2026252450,0,0,0,0,0.962752270402693,1.0122158185613293,0.8539402900952283,1.0,1.0,1.0,1.0,none,0
44,159,19,2026252451,0,0,0,0,0.9623021759401402,1.0120533294088245,0.8539661572280716,1.0,1.0,1.0,1.0,none,0
44,220,0,2026313981,0,0,0,0,0.9591711833343632,1.0068149271880664,1.3155590237301231,1.0,1.0,1.0,1.0,none,0
44,220,1,2026313982,0,0,0,0,0.9591815498790851,1.0068063602011836,1.315570308250695,1.0,1.0,1.0,1.0,none,0
44,220,2,2026313983,0,0,0,0,0.9591685508306753,1.0068159674929023,1.3156246636403355,1.0,1.0,1.0,1.0,none,0
44,220,3,2026313984,0,0,0,0,0.9592929101458013,1.006818431265176,1.3156587839624168,1.0,1.0,1.0,1.0,none,0
44,220,4,2026313985,0,0,0,0,0.9587016905728677,1.006806172359766,1.3153847534153158,1.0,1.0,1.0,1.0,none,0
44,220,5,2026313986,0,0,0,0,0.958964383850341,1.0068332796736772,1.315494818966818,1.0,1.0,1.0,1.0,none,0
44,220,6,2026313987,0,0,0,0,0.9592649034602936,1.006829358440209,1.3155041691306475,1.0,1.0,1.0,1.0,none,0
44,220,7,2026313988,0,0,0,0,0.9588400716962004,1.0067963021183925,1.3156259525447427,1.0,1.0,1.0,1.0,none,0
44,220,8,2026313989,0,0,0,0,0.9589332952007228,1.0068088621729867,1.315505161885781,1.0,1.0,1.0,1.0,none,0
44,220,9,2026313990,0,0,0,0,0.9589337039857604,1.0068183207908599,1.3154325372661189,1.0,1.0,1.0,1.0,none,0
44,220,10,2026313991,0,0,0,0,0.959032575327417,1.0068281126382275,1.3154364112019994,1.0,1.0,1.0,1.0,none,0
44,220,11,2026313992,0,0,0,0,0.9590820411329252,1.0068106550325469,1.3155340560572577,1.0,1.0,1.0,1.0,none,0
44,220,12,2026313993,0,0,0,0,0.9587294700619184,1.006799749509928,1.3154935378097812,1.0,1.0,1.0,1.0,none,0
44,220,13,2026313994,0,0,0,0,0.9591308218283262,1.0068160870213445,1.3156153052116146,1.0,1.0,1.0,1.0,none,0
44,220,14,2026313995,0,0,0,0,0.9591592680636053,1.0068345648431432,1.3155692517863993,1.0,1.0,1.0,1.0,none,0
44,220,15,2026313996,0,0,0,0,0.9591434810175568,1.0068342352330328,1.3156331486430985,1.0,1.0,1.0,1.0,none,0
44,220,16,2026313997,0,0,0,0,0.9592157526915797,1.0067895651884105,1.3156840001164796,1.0,1.0,1.0,1.0,none,0
44,220,17,2026313998,0,0,0,0,0.9589039910683632,1.0068074073661506,1.3155251347133126,1.0,1.0,1.0,1.0,none,0
44,220,18,2026313999,0,0,0,0,0.9592188614248812,1.006799751895345,1.3154756960461405,1.0,1.0,1.0,1.0,none,0
44,220,19,2026314000,0,0,0,0,0.9590243377961426,1.0068426761228702,1.3157517525095146,1.0,1.0,1.0,1.0,none,0
44,236,0,2026330125,0,0,0,0,0.9638895635718622,1.017948034335734,0.8124975562361764,1.0,1.0,1.0,1.0,none,0
44,236,1,2026330126,0,0,0,0,0.9637916755535629,1.0178053179685438,0.8124436973864734,1.0,1.0,1.0,1.0,none,0
44,236,2,2026330127,0,0,0,0,0.9637838057185965,1.0179586667265297,0.8124877095168402,1.0,1.0,1.0,1.0,none,0
44,236,3,2026330128,0,0,0,0,0.9638126674041173,1.0178914689356537,0.8124681332970735,1.0,1.0,1.0,1.0,none,0
44,236,4,2026330129,0,0,0,0,0.9638910793288858,1.018068984743812,0.8125164093482946,1.0,1.0,1.0,1.0,none,0
44,236,5,2026330130,0,0,0,0,0.9640402703471378,1.0178662792219055,0.8125256794385234,1.0,1.0,1.0,1.0,none,0
44,236,6,2026330131,0,0,0,0,0.963929653625364,1.0178473051179588,0.8125214763204109,1.0,1.0,1.0,1.0,none,0
44,236,7,2026330132,0,0,0,0,0.9635313161466352,1.0179576589238826,0.8125209315189118,1.0,1.0,1.0,1.0,none,0
44,236,8,2026330133,0,0,0,0,0.9637182154600206,1.0179030933020636,0.8124898799404907,1.0,1.0,1.0,1.0,none,0
44,236,9,2026330134,0,0,0,0,0.963827069466454,1.0179489616315698,0.8124669269713601,1.0,1.0,1.0,1.0,none,0
44,236,10,2026330135,0,0,0,0,0.9639750133837552,1.017845741110428,0.8125057774953527,1.0,1.0,1.0,1.0,none,0
44,236,11,2026330136,0,0,0,0,0.9641672324862436,1.0179775683644374,0.8124926236160634,1.0,1.0,1.0,1.0,none,0
44,236,12,2026330137,0,0,0,0,0.9637178998047421,1.0179852452872624,0.812425941322527,1.0,1.0,1.0,1.0,none,0
44,236,13,2026330138,0,0,0,0,0.9638257774807685,1.0179439993556076,0.8125496771305591,1.0,1.0,1.0,1.0,none,0
44,236,14,2026330139,0,0,0,0,0.9638520364208348,1.017881157137569,0.8125051283683833,1.0,1.0,1.0,1.0,none,0
44,236,15,2026330140,0,0,0,0,0.9637774014364002,1.0180714968507318,0.8125025709265512,1.0,1.0,1.0,1.0,none,0
44,236,16,2026330141,0,0,0,0,0.9638140139937473,1.0178753302025132,0.8124262585307025,1.0,1.0,1.0,1.0,none,0
44,236,17,2026330142,0,0,0,0,0.963918984797453,1.0178780109952295,0.8124629179332808,1.0,1.0,1.0,1.0,none,0
44,236,18,2026330143,0,0,0,0,0.9639133376316744,1.0179345271894833,0.8125022942681744,1.0,1.0,1.0,1.0,none,0
44,236,19,2026330144,0,0,0,0,0.9638615698307862,1.0179802104608742,0.8125147403422724,1.0,1.0,1.0,1.0,none,0
44,241,0,2026335170,0,0,0,0,0.9577196621730348,1.003586403051452,1.385668931234764,1.0,1.0,1.0,1.0,none,0
44,241,1,2026335171,0,0,0,0,0.9576840812675698,1.0035881713820591,1.3858776501723418,1.0,1.0,1.0,1.0,none,0
44,241,2,2026335172,0,0,0,0,0.9578700257463266,1.0035920496267603,1.3857580123462432,1.0,1.0,1.0,1.0,none,0
44,241,3,2026335173,0,0,0,0,0.9579513483303553,1.0035968033400797,1.385910073565401,1.0,1.0,1.0,1.0,none,0
44,241,4,2026335174,0,0,0,0,0.9582016694974884,1.003582013986595,1.385745461594416,1.0,1.0,1.0,1.0,none,0
44,241,5,2026335175,0,0,0,0,0.9580550838935178,1.003605268791144,1.38574435581377,1.0,1.0,1.0,1.0,none,0
44,241,6,2026335176,0,0,0,0,0.9578308200035314,1.0036090932222812,1.3857840193871442,1.0,1.0,1.0,1.0,none,0
44,241,7,2026335177,0,0,0,0,0.9577718852252011,1.0036061744107576,1.385797904900634,1.0,1.0,1.0,1.0,none,0
44,241,8,2026335178,0,0,0,0,0.957985354788357,1.0035968048545016,1.3857048180824463,1.0,1.0,1.0,1.0,none,0
44,241,9,2026335179,0,0,0,0,0.9579230341571521,1.0035758556369654,1.3854678459314989,1.0,1.0,1.0,1.0,none,0
44,241,10,2026335180,0,0,0,0,0.9579667622537646,1.0035929237577466,1.3859403775986967,1.0,1.0,1.0,1.0,none,0
44,241,11,2026335181,0,0,0,0,0.9578407200438095,1.0035931926472574,1.3857483298983195,1.0,1.0,1.0,1.0,none,0
44,241,12,2026335182,0,0,0,0,0.9580993462477615,1.0036101346806896,1.3858098793444407,1.0,1.0,1.0,1.0,none,0
44,241,13,2026335183,0,0,0,0,0.9576780592924956,1.0035744823613284,1.385669749414016,1.0,1.0,1.0,1.0,none,0
44,241,14,2026335184,0,0,0,0,0.9578188818511474,1.0035942477046604,1.385789461344759,1.0,1.0,1.0,1.0,none,0
44,241,15,2026335185,0,0,0,0,0.9580563988982606,1.00360418181965,1.3858233714428247,1.0,1.0,1.0,1.0,none,0
44,241,16,2026335186,0,0,0,0,0.9578791662128332,1.0035755717386943,1.3859152511668589,1.0,1.0,1.0,1.0,none,0
44,241,17,2026335187,0,0,0,0,0.9581031859647612,1.003599083623624,1.3856543014710454,1.0,1.0,1.0,1.0,none,0
44,241,18,2026335188,0,0,0,0,0.9578576708626917,1.0035934206576993,1.3857285941759974,1.0,1.0,1.0,1.0,none,0
44,241,19,2026335189,0,0,0,0,0.9578837808802559,1.003581831630591,1.3857635293588035,1.0,1.0,1.0,1.0,none,0
44,245,0,2026339206,0,0,0,0,0.9552005253793187,1.0068096190919653,1.4629019132224732,1.0,1.0,1.0,1.0,none,0
44,245,1,2026339207,0,0,0,0,0.9554050692875643,1.0067675208785367,1.4629165246192493,1.0,1.0,1.0,1.0,none,0
44,245,2,2026339208,0,0,0,0,0.9558930747582368,1.0067718462972022,1.4631087256010022,1.0,1.0,1.0,1.0,none,0
44,245,3,2026339209,0,0,0,0,0.9550796727337472,1.0067838455844997,1.4626958981744127,1.0,1.0,1.0,1.0,none,0
44,245,4,2026339210,0,0,0,0,0.9553739281932324,1.006782699596448,1.4630293256245845,1.0,1.0,1.0,1.0,none,0
44,245,5,2026339211,0,0,0,0,0.9555067634763712,1.0067902254233836,1.4631209954838902,1.0,1.0,1.0,1.0,none,0
44,245,6,2026339212,0,0,0,0,0.9554150646010625,1.006781642638418,1.4630935625801933,1.0,1.0,1.0,1.0,none,0
44,245,7,2026339213,0,0,0,0,0.9555769250362592,1.0067745268841959,1.4627944856659418,1.0,1.0,1.0,1.0,none,0
44,245,8,2026339214,0,0,0,0,0.9552713071825858,1.0067961961288343,1.4629436999724377,1.0,1.0,1.0,1.0,none,0
44,245,9,2026339215,0,0,0,0,0.9551668863535144,1.0067816655944741,1.4628775318271332,1.0,1.0,1.0,1.0,none,0
44,245,10,2026339216,0,0,0,0,0.9555592688790046,1.0067811946552576,1.4628763631691264,1.0,1.0,1.0,1.0,none,0
44,245,11,2026339217,0,0,0,0,0.9553226860738512,1.0067902360172911,1.462904225438033,1.0,1.0,1.0,1.0,none,0
44,245,12,2026339218,0,0,0,0,0.9553515633391941,1.0067800325818759,1.4630299080292322,1.0,1.0,1.0,1.0,none,0
44,245,13,2026339219,0,0,0,0,0.9552680399944201,1.0068087136021207,1.462816100352526,1.0,1.0,1.0,1.0,none,0
44,245,14,2026339220,0,0,0,0,0.9555493948993933,1.0067961864917832,1.4631763205855493,1.0,1.0,1.0,1.0,none,0
44,245,15,2026339221,0,0,0,0,0.9553454423570195,1.0068115552618415,1.462961622962964,1.0,1.0,1.0,1.0,none,0
44,245,16,2026339222,0,0,0,0,0.9550995645756838,1.006775209626155,1.4628659734012577,1.0,1.0,1.0,1.0,none,0
44,245,17,2026339223,0,0,0,0,0.9550798886022621,1.0067871701982551,1.4629602628917617,1.0,1.0,1.0,1.0,none,0
44,245,18,2026339224,0,0,0,0,0.9553498646723183,1.0067870459208148,1.4629871468096185,1.0,1.0,1.0,1.0,none,0
44,245,19,2026339225,0,0,0,0,0.9555247045638169,1.006777423733436,1.4631058409966102,1.0,1.0,1.0,1.0,none,0
44,257,0,2026351314,0,0,0,0,0.9617773280356746,1.01987312428098,0.8620872574403673,1.0,1.0,1.0,1.0,none,0
44,257,1,2026351315,0,0,0,0,0.9616963768596984,1.0200683646496451,0.8621340869669132,1.0,1.0,1.0,1.0,none,0
44,257,2,2026351316,0,0,0,0,0.9614247687181627,1.0198452948236805,0.862030537861249,1.0,1.0,1.0,1.0,none,0
44,257,3,2026351317,0,0,0,0,0.9615876438980525,1.019895079478203,0.8620140834575059,1.0,1.0,1.0,1.0,none,0
44,257,4,2026351318,0,0,0,0,0.9611704809390453,1.0199945828149373,0.8620621202139249,1.0,1.0,1.0,1.0,none,0
44,257,5,2026351319,0,0,0,0,0.9615385611357667,1.0200067516371247,0.862063224177023,1.0,1.0,1.0,1.0,none,0
44,257,6,2026351320,0,0,0,0,0.9615476740946135,1.0199894474224827,0.8620355371206088,1.0,1.0,1.0,1.0,none,0
44,257,7,2026351321,0,0,0,0,0.9615462108906048,1.0199407738793334,0.8621359963650539,1.0,1.0,1.0,1.0,none,0
44,257,8,2026351322,0,0,0,0,0.9616222199959884,1.0199014250538654,0.8621095989379496,1.0,1.0,1.0,1.0,none,0
44,257,9,2026351323,0,0,0,0,0.9614616731635965,1.0198566972370953,0.862069366096037,1.0,1.0,1.0,1.0,none,0
44,257,10,2026351324,0,0,0,0,0.961288881582073,1.0200920754967107,0.8620964064127469,1.0,1.0,1.0,1.0,none,0
44,257,11,2026351325,0,0,0,0,0.9617127141824731,1.0197350028234573,0.862113298955586,1.0,1.0,1.0,1.0,none,0
44,257,12,2026351326,0,0,0,0,0.9617168535886166,1.020070702316495,0.8620748263501319,1.0,1.0,1.0,1.0,none,0
44,257,13,2026351327,0,0,0,0,0.9615894676098424,1.0200189385350302,0.8620885997481238,1.0,1.0,1.0,1.0,none,0
44,257,14,2026351328,0,0,0,0,0.961635865597714,1.020049877965501,0.8620935844393297,1.0,1.0,1.0,1.0,none,0
44,257,15,2026351329,0,0,0,0,0.9619808508346976,1.019915099340292,0.862137391820314,1.0,1.0,1.0,1.0,none,0
44,257,16,2026351330,0,0,0,0,0.9615169901405376,1.0200196884154475,0.862067073560341,1.0,1.0,1.0,1.0,none,0
44,257,17,2026351331,0,0,0,0,0.9613704290383015,1.0200281055836091,0.8620552378478998,1.0,1.0,1.0,1.0,none,0
44,257,18,2026351332,0,0,0,0,0.9620096753346115,1.0200069615596923,0.862155154880875,1.0,1.0,1.0,1.0,none,0
44,257,19,2026351333,0,0,0,0,0.9615010691386721,1.0199796320958816,0.8620910992562946,1.0,1.0,1.0,1.0,none,0
44,282,0,2026376539,0,0,0,0,0.9521137384487999,1.0078136807521663,1.6262677671801136,1.0,1.0,1.0,1.0,none,0
44,282,1,2026376540,0,0,0,0,0.9526319492227246,1.0078342363763308,1.6265316883000016,1.0,1.0,1.0,1.0,none,0
44,282,2,2026376541,0,0,0,0,0.9529098660562625,1.0078504486510635,1.6265832925947004,1.0,1.0,1.0,1.0,none,0
44,282,3,2026376542,0,0,0,0,0.9525818915314601,1.0078626266618387,1.6259243067149036,1.0,1.0,1.0,1.0,none,0
44,282,4,2026376543,0,0,0,0,0.9528767084959224,1.0078471691959037,1.626139399123047,1.0,1.0,1.0,1.0,none,0
44,282,5,2026376544,0,0,0,0,0.9529028314039085,1.0078141879709996,1.6263385330143332,1.0,1.0,1.0,1.0,none,0
44,282,6,2026376545,0,0,0,0,0.9526279946468671,1.0078169294620525,1.6258620102349883,1.0,1.0,1.0,1.0,none,0
44,282,7,2026376546,0,0,0,0,0.9525237606236917,1.0078507080811616,1.626002592592822,1.0,1.0,1.0,1.0,none,0
44,282,8,2026376547,0,0,0,0,0.9526410582702791,1.0078561718453503,1.6262845011418139,1.0,1.0,1.0,1.0,none,0
44,282,9,2026376548,0,0,0,0,0.9527493374694173,1.007828911383734,1.6262335849669944,1.0,1.0,1.0,1.0,none,0
44,282,10,2026376549,0,0,0,0,0.9527069784139718,1.0078393317651047,1.626326873710475,1.0,1.0,1.0,1.0,none,0
44,282,11,2026376550,0,0,0,0,0.9529053471390256,1.0078415887666385,1.625882720618557,1.0,1.0,1.0,1.0,none,0
44,282,12,2026376551,0,0,0,0,0.9525819080768929,1.0078332071235407,1.626198007401751,1.0,1.0,1.0,1.0,none,0
44,282,13,2026376552,0,0,0,0,0.9524315818221228,1.0078397136478952,1.6262297348900476,1.0,1.0,1.0,1.0,none,0
44,282,14,2026376553,0,0,0,0,0.9526771639291448,1.0078345343697486,1.6263827698219318,1.0,1.0,1.0,1.0,none,0
44,282,15,2026376554,0,0,0,0,0.9527520326591823,1.0078561300782276,1.6264858359139944,1.0,1.0,1.0,1.0,none,0
44,282,16,2026376555,0,0,0,0,0.9526684754534499,1.0078318104440327,1.6261186436970598,1.0,1.0,1.0,1.0,none,0
44,282,17,2026376556,0,0,0,0,0.9527814181011337,1.007835577791624,1.626307731955084,1.0,1.0,1.0,1.0,none,0
44,282,18,2026376557,0,0,0,0,0.9521093112695265,1.0078249921828053,1.6259975985213313,1.0,1.0,1.0,1.0,none,0
44,282,19,2026376558,0,0,0,0,0.9524474565618879,1.0078441512104852,1.626233514061866,1.0,1.0,1.0,1.0,none,0
44,295,0,2026389656,0,0,0,0,0.9516852664826342,1.0,2.038781683644499,1.0,1.0,1.0,1.0,none,0
44,295,1,2026389657,0,0,0,0,0.951979031564916,1.0,2.0393243904798157,1.0,1.0,1.0,1.0,none,0
44,295,2,2026389658,0,0,0,0,0.951581925458418,1.0,2.0396201913342193,1.0,1.0,1.0,1.0,none,0
44,295,3,2026389659,0,0,0,0,0.9513383348914328,1.0,2.03778400761126,1.0,1.0,1.0,1.0,none,0
44,295,4,2026389660,0,0,0,0,0.9520851482993025,1.0,2.0393345131887943,1.0,1.0,1.0,1.0,none,0
44,295,5,2026389661,0,0,0,0,0.9513709904435622,1.0,2.039662917447596,1.0,1.0,1.0,1.0,none,0
44,295,6,2026389662,0,0,0,0,0.9512900242442095,1.0,2.0391631450024033,1.0,1.0,1.0,1.0,none,0
44,295,7,2026389663,0,0,0,0,0.9518641565913912,1.0,2.037532237719563,1.0,1.0,1.0,1.0,none,0
44,295,8,2026389664,0,0,0,0,0.9517743838575801,1.0,2.038737409777008,1.0,1.0,1.0,1.0,none,0
44,295,9,2026389665,0,0,0,0,0.9517936659798345,1.0,2.039193157931517,1.0,1.0,1.0,1.0,none,0
44,295,10,2026389666,0,0,0,0,0.9509259713396884,1.0,2.03833469841739,1.0,1.0,1.0,1.0,none,0
44,295,11,2026389667,0,0,0,0,0.9520160396188463,1.0,2.0385846424295444,1.0,1.0,1.0,1.0,none,0
44,295,12,2026389668,0,0,0,0,0.951609717748303,1.0,2.0402160032361842,1.0,1.0,1.0,1.0,none,0
44,295,13,2026389669,0,0,0,0,0.9513358975294258,1.0,2.0396231857402665,1.0,1.0,1.0,1.0,none,0
44,295,14,2026389670,0,0,0,0,0.9516253671713222,1.0,2.039720425180472,1.0,1.0,1.0,1.0,none,0
44,295,15,2026389671,0,0,0,0,0.95206858775056,1.0,2.039239316734682,1.0,1.0,1.0,1.0,none,0
44,295,16,2026389672,0,0,0,0,0.951428769655837,1.0,2.0391297087674025,1.0,1.0,1.0,1.0,none,0
44,295,17,2026389673,0,0,0,0,0.9520062187669992,1.0,2.0389183883052717,1.0,1.0,1.0,1.0,none,0
44,295,18,2026389674,0,0,0,0,0.9516644035922583,1.0,2.040318667921188,1.0,1.0,1.0,1.0,none,0
44,295,19,2026389675,0,0,0,0,0.9517735333815027,1.0,2.0409407616196376,1.0,1.0,1.0,1.0,none,0
44,299,0,2026393692,0,0,0,0,0.9577732628790224,1.0,1.1989174892561203,1.0,1.0,1.0,1.0,none,0
44,299,1,2026393693,0,0,0,0,0.9578970683211766,1.0,1.198974775078128,1.0,1.0,1.0,1.0,none,0
44,299,2,2026393694,0,0,0,0,0.9575629190036242,1.0,1.1988862074284279,1.0,1.0,1.0,1.0,none,0
44,299,3,2026393695,0,0,0,0,0.9574138194769024,1.0,1.1988848575313085,1.0,1.0,1.0,1.0,none,0
44,299,4,2026393696,0,0,0,0,0.9574104446518915,1.0,1.198882920367486,1.0,1.0,1.0,1.0,none,0
44,299,5,2026393697,0,0,0,0,0.9577326251301524,1.0,1.1990456949840278,1.0,1.0,1.0,1.0,none,0
44,299,6,2026393698,0,0,0,0,0.9576785235011372,1.0,1.1990197565711145,1.0,1.0,1.0,1.0,none,0
44,299,7,2026393699,0,0,0,0,0.9576662277975451,1.0,1.1989337320841764,1.0,1.0,1.0,1.0,none,0
44,299,8,2026393700,0,0,0,0,0.9577269643107197,1.0,1.198965437226829,1.0,1.0,1.0,1.0,none,0
44,299,9,2026393701,0,0,0,0,0.9577311052850905,1.0,1.1991261615123279,1.0,1.0,1.0,1.0,none,0
44,299,10,2026393702,0,0,0,0,0.9576244020838623,1.0,1.1990087398174707,1.0,1.0,1.0,1.0,none,0
44,299,11,2026393703,0,0,0,0,0.9574479497468729,1.0,1.1989365902758948,1.0,1.0,1.0,1.0,none,0
44,299,12,2026393704,0,0,0,0,0.9577837410137032,1.0,1.1989820059103025,1.0,1.0,1.0,1.0,none,0
44,299,13,2026393705,0,0,0,0,0.957276599357882,1.0,1.1990367015666163,1.0,1.0,1.0,1.0,none,0
44,299,14,2026393706,0,0,0,0,0.9574873096803752,1.0,1.1990079521447177,1.0,1.0,1.0,1.0,none,0
44,299,15,2026393707,0,0,0,0,0.9575850422290184,1.0,1.199076425874541,1.0,1.0,1.0,1.0,none,0
44,299,16,2026393708,0,0,0,0,0.9576232959362981,1.0,1.1991112395211192,1.0,1.0,1.0,1.0,none,0
44,299,17,2026393709,0,0,0,0,0.9577797915025642,1.0,1.1989695252517705,1.0,1.0,1.0,1.0,none,0
44,299,18,2026393710,0,0,0,0,0.9577831580968692,1.0,1.1990545357639326,1.0,1.0,1.0,1.0,none,0
44,299,19,2026393711,0,0,0,0,0.9575348459685853,1.0,1.1989468007639037,1.0,1.0,1.0,1.0,none,0
45,4,0,2026096037,0,0,0,0,0.9570611338164424,1.0002932738674222,1.3132631731256477,1.0,1.0,1.0,1.0,none,0
45,4,1,2026096038,0,0,0,0,0.9565668130242031,1.0002833244215819,1.3132521417106018,1.0,1.0,1.0,1.0,none,0
45,4,2,2026096039,0,0,0,0,0.9566871645689569,1.0002461005492849,1.3135013603310397,1.0,1.0,1.0,1.0,none,0
45,4,3,2026096040,0,0,0,0,0.9569989501903244,1.0003048586444265,1.3134474858537986,1.0,1.0,1.0,1.0,none,0
45,4,4,2026096041,0,0,0,0,0.9566687052275343,1.0002811353888368,1.3134251744829806,1.0,1.0,1.0,1.0,none,0
45,4,5,2026096042,0,0,0,0,0.9570308592914543,1.0002680531746055,1.313495441416648,1.0,1.0,1.0,1.0,none,0
45,4,6,2026096043,0,0,0,0,0.9569047540831199,1.0002789715159517,1.3134311425428566,1.0,1.0,1.0,1.0,none,0
45,4,7,2026096044,0,0,0,0,0.9569159553054529,1.0002799457799416,1.3133198369544379,1.0,1.0,1.0,1.0,none,0
45,4,8,2026096045,0,0,0,0,0.9570352731472901,1.0002709490812804,1.3134732385193173,1.0,1.0,1.0,1.0,none,0
45,4,9,2026096046,0,0,0,0,0.957343648900614,1.0002772732030685,1.31350344778183,1.0,1.0,1.0,1.0,none,0
45,4,10,2026096047,0,0,0,0,0.9569695727404576,1.0002824355253683,1.31352464930696,1.0,1.0,1.0,1.0,none,0
45,4,11,2026096048,0,0,0,0,0.9570801060500109,1.000296765718467,1.3134355384335141,1.0,1.0,1.0,1.0,none,0
45,4,12,2026096049,0,0,0,0,0.9569257742700121,1.0002712998739525,1.3134432401940264,1.0,1.0,1.0,1.0,none,0
45,4,13,2026096050,0,0,0,0,0.9571655764653128,1.000293536875317,1.313548501923774,1.0,1.0,1.0,1.0,none,0
45,4,14,2026096051,0,0,0,0,0.9567662032712632,1.0002749050753195,1.3133754938915578,1.0,1.0,1.0,1.0,none,0
45,4,15,2026096052,0,0,0,0,0.9570648126289376,1.0002972293553396,1.31344498262329,1.0,1.0,1.0,1.0,none,0
45,4,16,2026096053,0,0,0,0,0.956941857005182,1.0002678477426457,1.3134115324683573,1.0,1.0,1.0,1.0,none,0
45,4,17,2026096054,0,0,0,0,0.9573921742185734,1.0002646260610335,1.3134720358323346,1.0,1.0,1.0,1.0,none,0
45,4,18,2026096055,0,0,0,0,0.9568822630635455,1.000281631701495,1.3136541917189253,1.0,1.0,1.0,1.0,none,0
45,4,19,2026096056,0,0,0,0,0.9571817143170989,1.0002716489144532,1.3135670317504213,1.0,1.0,1.0,1.0,none,0
45,38,0,2026130343,0,0,0,0,0.9517872873529066,1.0002456397786401,2.148291795576887,1.0,1.0,1.0,1.0,none,0
45,38,1,2026130344,0,0,0,0,0.9521064623622583,1.0002559889391862,2.149305226809173,1.0,1.0,1.0,1.0,none,0
45,38,2,2026130345,0,0,0,0,0.9521920654085618,1.000335222319563,2.1474006438731377,1.0,1.0,1.0,1.0,none,0
45,38,3,2026130346,0,0,0,0,0.9520786070985622,1.00029041775639,2.149887348137,1.0,1.0,1.0,1.0,none,0
45,38,4,2026130347,0,0,0,0,0.9520524117306585,1.0002756294875152,2.1461167998609296,1.0,1.0,1.0,1.0,none,0
45,38,5,2026130348,0,0,0,0,0.9526681006703341,1.0002991817942057,2.1464378163297653,1.0,1.0,1.0,1.0,none,0
45,38,6,2026130349,0,0,0,0,0.9523936188424532,1.0002952074920062,2.1510235713348305,1.0,1.0,1.0,1.0,none,0
45,38,7,2026130350,0,0,0,0,0.9513894515019614,1.000224139718505,2.148221738809093,1.0,1.0,1.0,1.0,none,0
45,38,8,2026130351,0,0,0,0,0.9516176111675491,1.0002136220371856,2.147672021853184,1.0,1.0,1.0,1.0,none,0
45,38,9,2026130352,0,0,0,0,0.951871272055792,1.0002700008355354,2.149433757919721,1.0,1.0,1.0,1.0,none,0
45,38,10,2026130353,0,0,0,0,0.9521736728582377,1.0002541417356403,2.1466086344500988,1.0,1.0,1.0,1.0,none,0
45,38,11,2026130354,0,0,0,0,0.9522909542167005,1.0002748251405231,2.147393969990066,1.0,1.0,1.0,1.0,none,0
45,38,12,2026130355,0,0,0,0,0.9522138939917362,1.0003132177627898,2.148722528649436,1.0,1.0,1.0,1.0,none,0
45,38,13,2026130356,0,0,0,0,0.9522779582634596,1.0002228970550946,2.155501912551531,1.0,1.0,1.0,1.0,none,0
45,38,14,2026130357,0,0,0,0,0.9521311150227594,1.000268291792694,2.1494278195053513,1.0,1.0,1.0,1.0,none,0
45,38,15,2026130358,0,0,0,0,0.9521219629322987,1.0002811040513966,2.1513032600978423,1.0,1.0,1.0,1.0,none,0
45,38,16,2026130359,0,0,0,0,0.9521783078569582,1.000281388036922,2.1515199045945628,1.0,1.0,1.0,1.0,none,0
45,38,17,2026130360,0,0,0,0,0.9523425242835709,1.0002648449576916,2.151601778409364,1.0,1.0,1.0,1.0,none,0
45,38,18,2026130361,0,0,0,0,0.9521391901159869,1.0003495243499616,2.1488038930430324,1.0,1.0,1.0,1.0,none,0
45,38,19,2026130362,0,0,0,0,0.9521582681411682,1.0003200836864667,2.147400900215658,1.0,1.0,1.0,1.0,none,0
45,77,0,2026169694,0,0,0,0,0.9522049578736025,1.0046130069029082,2.0409177837722274,1.0,1.0,1.0,1.0,none,0
45,77,1,2026169695,0,0,0,0,0.9519188655373841,1.0046285551953689,2.0457281366742484,1.0,1.0,1.0,1.0,none,0
45,77,2,2026169696,0,0,0,0,0.9522474162639569,1.0046212485088046,2.042656627710254,1.0,1.0,1.0,1.0,none,0
45,77,3,2026169697,0,0,0,0,0.9505096975760403,1.0046643898126322,2.0387091764530814,1.0,1.0,1.0,1.0,none,0
45,77,4,2026169698,0,0,0,0,0.9515092304816717,1.0046576426194396,2.041186172511876,1.0,1.0,1.0,1.0,none,0
45,77,5,2026169699,0,0,0,0,0.9518651857737466,1.0046375488705734,2.0399547235676185,1.0,1.0,1.0,1.0,none,0
45,77,6,2026169700,0,0,0,0,0.9521972171388441,1.0046347929948407,2.049149174813117,1.0,1.0,1.0,1.0,none,0
45,77,7,2026169701,0,0,0,0,0.9520148616587362,1.004591643100366,2.042801617923311,1.0,1.0,1.0,1.0,none,0
45,77,8,2026169702,0,0,0,0,0.9520755713264619,1.0046552540158116,2.0448086440138726,1.0,1.0,1.0,1.0,none,0
45,77,9,2026169703,0,0,0,0,0.9521371366745169,1.0046227640126801,2.045481374549298,1.0,1.0,1.0,1.0,none,0
45,77,10,2026169704,0,0,0,0,0.9520270212750569,1.004649605404462,2.0359182699390344,1.0,1.0,1.0,1.0,none,0
45,77,11,2026169705,0,0,0,0,0.9516322960665466,1.004655362789574,2.0375795200523785,1.0,1.0,1.0,1.0,none,0
45,77,12,2026169706,0,0,0,0,0.9508388406696925,1.0046465916124925,2.036757741515513,1.0,1.0,1.0,1.0,none,0
45,77,13,2026169707,0,0,0,0,0.9523731208109607,1.0046144127187333,2.044163441121336,1.0,1.0,1.0,1.0,none,0
45,77,14,2026169708,0,0,0,0,0.9512175250114983,1.0046553048880609,2.0443878034748413,1.0,1.0,1.0,1.0,none,0
45,77,15,2026169709,0,0,0,0,0.9522497553737371,1.00464386122336,2.0467062840800163,1.0,1.0,1.0,1.0,none,0
45,77,16,2026169710,0,0,0,0,0.9520681564688235,1.0046424843555113,2.0421877879556667,1.0,1.0,1.0,1.0,none,0
45,77,17,2026169711,0,0,0,0,0.9516117896095839,1.0046309080508171,2.0477353298030647,1.0,1.0,1.0,1.0,none,0
45,77,18,2026169712,0,0,0,0,0.9518390443392974,1.0046961199949709,2.0355971965107957,1.0,1.0,1.0,1.0,none,0
45,77,19,2026169713,0,0,0,0,0.9523070455882261,1.0046476499118064,2.043391558475945,1.0,1.0,1.0,1.0,none,0
45,85,0,2026177766,0,0,0,0,0.9527356841292037,1.0,1.9902557744195113,1.0,1.0,1.0,1.0,none,0
45,85,1,2026177767,0,0,0,0,0.9529800542073595,1.0,1.9898524268840325,1.0,1.0,1.0,1.0,none,0
45,85,2,2026177768,0,0,0,0,0.9525755916108052,1.0,1.9897837590034264,1.0,1.0,1.0,1.0,none,0
45,85,3,2026177769,0,0,0,0,0.9527763182037703,1.0,1.9894850323880025,1.0,1.0,1.0,1.0,none,0
45,85,4,2026177770,0,0,0,0,0.9532415568450702,1.0,1.9899158447143017,1.0,1.0,1.0,1.0,none,0
45,85,5,2026177771,0,0,0,0,0.9523005680843762,1.0,1.989062262113359,1.0,1.0,1.0,1.0,none,0
45,85,6,2026177772,0,0,0,0,0.9524979933896551,1.0,1.9890840920302741,1.0,1.0,1.0,1.0,none,0
45,85,7,2026177773,0,0,0,0,0.9530106117199406,1.0,1.9902340631863422,1.0,1.0,1.0,1.0,none,0
45,85,8,2026177774,0,0,0,0,0.9528336273279059,1.0,1.989854207012922,1.0,1.0,1.0,1.0,none,0
45,85,9,2026177775,0,0,0,0,0.9526911342315137,1.0,1.9896371912257014,1.0,1.0,1.0,1.0,none,0
45,85,10,2026177776,0,0,0,0,0.9525773628831037,1.0,1.989713872414173,1.0,1.0,1.0,1.0,none,0
45,85,11,2026177777,0,0,0,0,0.9532224496069721,1.0,1.9902468169399774,1.0,1.0,1.0,1.0,none,0
45,85,12,2026177778,0,0,0,0,0.953250737734566,1.0,1.9897950737791397,1.0,1.0,1.0,1.0,none,0
45,85,13,2026177779,0,0,0,0,0.9532966931038465,1.0,1.9898123598196282,1.0,1.0,1.0,1.0,none,0
45,85,14,2026177780,0,0,0,0,0.9532821296962998,1.0,1.9905707273043272,1.0,1.0,1.0,1.0,none,0
45,85,15,2026177781,0,0,0,0,0.9530481097537645,1.0,1.9902693693573448,1.0,1.0,1.0,1.0,none,0
45,85,16,2026177782,0,0,0,0,0.9529952077607728,1.0,1.989632713019728,1.0,1.0,1.0,1.0,none,0
45,85,17,2026177783,0,0,0,0,0.9531653838102113,1.0,1.9896715300465242,1.0,1.0,1.0,1.0,none,0
45,85,18,2026177784,0,0,0,0,0.9529673202784569,1.0,1.9897290629102031,1.0,1.0,1.0,1.0,none,0
45,85,19,2026177785,0,0,0,0,0.9525788861449489,1.0,1.9893367080935058,1.0,1.0,1.0,1.0,none,0
45,105,0,2026197946,0,0,0,0,0.9561505076782164,1.0148297034351719,1.3710786958069827,1.0,1.0,1.0,1.0,none,0
45,105,1,2026197947,0,0,0,0,0.956288506137135,1.0146016749750548,1.3715043709897443,1.0,1.0,1.0,1.0,none,0
45,105,2,2026197948,0,0,0,0,0.9558857007680434,1.0150355773782715,1.3711547730095686,1.0,1.0,1.0,1.0,none,0
45,105,3,2026197949,0,0,0,0,0.9562007364206814,1.0151954271423071,1.3712713111179866,1.0,1.0,1.0,1.0,none,0
45,105,4,2026197950,0,0,0,0,0.9560115649225975,1.0149891686380887,1.3709966290297266,1.0,1.0,1.0,1.0,none,0
45,105,5,2026197951,0,0,0,0,0.9563497393661817,1.0149567486317048,1.3713206766896193,1.0,1.0,1.0,1.0,none,0
45,105,6,2026197952,0,0,0,0,0.9563500134383183,1.014696768930212,1.3712259970865754,1.0,1.0,1.0,1.0,none,0
45,105,7,2026197953,0,0,0,0,0.9561282074301998,1.014896867797296,1.3712146476108684,1.0,1.0,1.0,1.0,none,0
45,105,8,2026197954,0,0,0,0,0.9558883367468353,1.01498277628835,1.3713209250737228,1.0,1.0,1.0,1.0,none,0
45,105,9,2026197955,0,0,0,0,0.955909299716505,1.0149205765723015,1.371117544382376,1.0,1.0,1.0,1.0,none,0
45,105,10,2026197956,0,0,0,0,0.9561156877540878,1.0151446981021872,1.3712848270585776,1.0,1.0,1.0,1.0,none,0
45,105,11,2026197957,0,0,0,0,0.9562811028132933,1.014878001499479,1.3711854052375572,1.0,1.0,1.0,1.0,none,0
45,105,12,2026197958,0,0,0,0,0.9561927701440383,1.0146197667407095,1.371316546660229,1.0,1.0,1.0,1.0,none,0
45,105,13,2026197959,0,0,0,0,0.9560303162140592,1.0148270148948026,1.371439701212884,1.0,1.0,1.0,1.0,none,0
45,105,14,2026197960,0,0,0,0,0.9562596679036629,1.0146936817906924,1.371456162353395,1.0,1.0,1.0,1.0,none,0
45,105,15,2026197961,0,0,0,0,0.9560595463649926,1.0149142687334918,1.371060594497616,1.0,1.0,1.0,1.0,none,0
45,105,16,2026197962,0,0,0,0,0.9555534653284654,1.0146801639204917,1.3710203987038458,1.0,1.0,1.0,1.0,none,0
45,105,17,2026197963,0,0,0,0,0.9559887255363817,1.0150442304228178,1.3711635608574801,1.0,1.0,1.0,1.0,none,0
45,105,18,2026197964,0,0,0,0,0.9562560821034909,1.0149371734099004,1.371252659040957,1.0,1.0,1.0,1.0,none,0
45,105,19,2026197965,0,0,0,0,0.9555704114088571,1.0148387883402423,1.3712241203108084,1.0,1.0,1.0,1.0,none,0
45,133,0,2026226198,0,0,0,0,0.9568289295346254,1.0088934556878646,1.4243325689660296,1.0,1.0,1.0,1.0,none,0
45,133,1,2026226199,0,0,0,0,0.9566666333325012,1.0089318725132987,1.4242832709073552,1.0,1.0,1.0,1.0,none,0
45,133,2,2026226200,0,0,0,0,0.9565767617117364,1.0088834846112336,1.424277902269312,1.0,1.0,1.0,1.0,none,0
45,133,3,2026226201,0,0,0,0,0.9565771207821347,1.008864246925398,1.424355798226043,1.0,1.0,1.0,1.0,none,0
45,133,4,2026226202,0,0,0,0,0.9564744813657527,1.0088781117736039,1.4241714963950356,1.0,1.0,1.0,1.0,none,0
45,133,5,2026226203,0,0,0,0,0.956658420237376,1.0088869966744909,1.4243009251438983,1.0,1.0,1.0,1.0,none,0
45,133,6,2026226204,0,0,0,0,0.9567500356526596,1.0088963298256384,1.4242165334138572,1.0,1.0,1.0,1.0,none,0
45,133,7,2026226205,0,0,0,0,0.9568138972390929,1.008895847105589,1.4244400986445906,1.0,1.0,1.0,1.0,none,0
45,133,8,2026226206,0,0,0,0,0.9568574940641837,1.0088859413997213,1.4243596282313267,1.0,1.0,1.0,1.0,none,0
45,133,9,2026226207,0,0,0,0,0.9565395548630946,1.0088986506620121,1.4243184691459132,1.0,1.0,1.0,1.0,none,0
45,133,10,2026226208,0,0,0,0,0.9565678464635583,1.0089175111093047,1.4243550580103737,1.0,1.0,1.0,1.0,none,0
45,133,11,2026226209,0,0,0,0,0.9567495401062641,1.0088859572372693,1.4244285202939269,1.0,1.0,1.0,1.0,none,0
45,133,12,2026226210,0,0,0,0,0.9565346304353582,1.0089119544118421,1.4243993601611695,1.0,1.0,1.0,1.0,none,0
45,133,13,2026226211,0,0,0,0,0.9566729787343572,1.0089115040674548,1.4242773366302048,1.0,1.0,1.0,1.0,none,0
45,133,14,2026226212,0,0,0,0,0.9567816974852345,1.0088970103769794,1.4243357856920997,1.0,1.0,1.0,1.0,none,0
45,133,15,2026226213,0,0,0,0,0.9566296894173708,1.0088993949629452,1.4242103179174992,1.0,1.0,1.0,1.0,none,0
45,133,16,2026226214,0,0,0,0,0.9567184861131618,1.0088846525798587,1.4243016030048952,1.0,1.0,1.0,1.0,none,0
45,133,17,2026226215,0,0,0,0,0.9565549230124673,1.00892250846693,1.424290120761092,1.0,1.0,1.0,1.0,none,0
45,133,18,2026226216,0,0,0,0,0.9569754620442836,1.008881147166487,1.4244099754825434,1.0,1.0,1.0,1.0,none,0
45,133,19,2026226217,0,0,0,0,0.9566160670081835,1.0088980436677184,1.4241234901597168,1.0,1.0,1.0,1.0,none,0
45,137,0,2026230234,0,0,0,0,0.9642353093818676,1.0163959050248446,0.9317588341230881,1.0,1.0,1.0,1.0,none,0
45,137,1,2026230235,0,0,0,0,0.9642749550079501,1.0161464652480297,0.9317939012899965,1.0,1.0,1.0,1.0,none,0
45,137,2,2026230236,0,0,0,0,0.9641404831387073,1.0162628661215547,0.9317732768589833,1.0,1.0,1.0,1.0,none,0
45,137,3,2026230237,0,0,0,0,0.9643254931299508,1.0162540695387705,0.9318012502054924,1.0,1.0,1.0,1.0,none,0
45,137,4,2026230238,0,0,0,0,0.9644676133324791,1.0163575455644063,0.9318438021494714,1.0,1.0,1.0,1.0,none,0
45,137,5,2026230239,0,0,0,0,0.964146417124849,1.0161735546778328,0.9318001181476352,1.0,1.0,1.0,1.0,none,0
45,137,6,2026230240,0,0,0,0,0.9645900306248996,1.0163196285028873,0.9318529376522438,1.0,1.0,1.0,1.0,none,0
45,137,7,2026230241,0,0,0,0,0.9646721998166276,1.0161798947649434,0.9318477629246289,1.0,1.0,1.0,1.0,none,0
45,137,8,2026230242,0,0,0,0,0.9645872327224707,1.0160158158966701,0.9318816164868301,1.0,1.0,1.0,1.0,none,0
45,137,9,2026230243,0,0,0,0,0.9643637960506298,1.016178721444422,0.9318069379381431,1.0,1.0,1.0,1.0,none,0
45,137,10,2026230244,0,0,0,0,0.9642017968907827,1.0160997543704235,0.9317874701259261,1.0,1.0,1.0,1.0,none,0
45,137,11,2026230245,0,0,0,0,0.9643932731120916,1.0161401156011383,0.93187799403291,1.0,1.0,1.0,1.0,none,0
45,137,12,2026230246,0,0,0,0,0.9645054681108488,1.0160338522576735,0.9318257424273353,1.0,1.0,1.0,1.0,none,0
45,137,13,2026230247,0,0,0,0,0.9643621207646702,1.0162875620861689,0.931810075712086,1.0,1.0,1.0,1.0,none,0
45,137,14,2026230248,0,0,0,0,0.9643797046605466,1.0161547773953876,0.9318117088437983,1.0,1.0,1.0,1.0,none,0
45,137,15,2026230249,0,0,0,0,0.9644106874421265,1.0161678999779298,0.931808203639939,1.0,1.0,1.0,1.0,none,0
45,137,16,2026230250,0,0,0,0,0.9643373908454765,1.01607808187477,0.9317904887113763,1.0,1.0,1.0,1.0,none,0
45,137,17,2026230251,0,0,0,0,0.964310884854083,1.0162997935619176,0.9318237673192646,1.0,1.0,1.0,1.0,none,0
45,137,18,2026230252,0,0,0,0,0.9643403369853992,1.0162921322529535,0.9317970593688519,1.0,1.0,1.0,1.0,none,0
45,137,19,2026230253,0,0,0,0,0.964402402360552,1.0161332396563691,0.9318227038963259,1.0,1.0,1.0,1.0,none,0
45,147,0,2026240324,0,0,0,0,0.9562422938803768,1.0105728319783498,1.4599041307231941,1.0,1.0,1.0,1.0,none,0
45,147,1,2026240325,0,0,0,0,0.9566633911548753,1.0105727106445557,1.4599426242257743,1.0,1.0,1.0,1.0,none,0
45,147,2,2026240326,0,0,0,0,0.9562422051487521,1.01059429731163,1.4597139901256682,1.0,1.0,1.0,1.0,none,0
45,147,3,2026240327,0,0,0,0,0.9565806902734384,1.0105837001561493,1.4598447684692992,1.0,1.0,1.0,1.0,none,0
45,147,4,2026240328,0,0,0,0,0.9565472590791781,1.0106120726625853,1.459683786400605,1.0,1.0,1.0,1.0,none,0
45,147,5,2026240329,0,0,0,0,0.9567454683879377,1.0106115217923013,1.4600535921667706,1.0,1.0,1.0,1.0,none,0
45,147,6,2026240330,0,0,0,0,0.9562909756686506,1.0105850415774773,1.459768951863937,1.0,1.0,1.0,1.0,none,0
45,147,7,2026240331,0,0,0,0,0.9561901087795444,1.010571312849782,1.4598574245787108,1.0,1.0,1.0,1.0,none,0
45,147,8,2026240332,0,0,0,0,0.9562204933659555,1.0105904409507864,1.4597910103594331,1.0,1.0,1.0,1.0,none,0
45,147,9,2026240333,0,0,0,0,0.9567001979336809,1.0105989150115255,1.4599915093940674,1.0,1.0,1.0,1.0,none,0
45,147,10,2026240334,0,0,0,0,0.9567060174156796,1.0105809881029937,1.4600226285514075,1.0,1.0,1.0,1.0,none,0
45,147,11,2026240335,0,0,0,0,0.9563656656285863,1.0105858898839721,1.459805000049579,1.0,1.0,1.0,1.0,none,0
45,147,12,2026240336,0,0,0,0,0.95669733130881,1.010588785394047,1.4598667663916551,1.0,1.0,1.0,1.0,none,0
45,147,13,2026240337,0,0,0,0,0.9563388916714216,1.0105780378092615,1.4599656670921408,1.0,1.0,1.0,1.0,none,0
45,147,14,2026240338,0,0,0,0,0.9568111910048703,1.0105708383131133,1.4598157766656896,1.0,1.0,1.0,1.0,none,0
45,147,15,2026240339,0,0,0,0,0.9565455984458697,1.0105787758866176,1.4598033789433105,1.0,1.0,1.0,1.0,none,0
45,147,16,2026240340,0,0,0,0,0.9569397821143251,1.0105568725122265,1.4600770201637483,1.0,1.0,1.0,1.0,none,0
45,147,17,2026240341,0,0,0,0,0.9562943901128249,1.0105595782942927,1.4601557285914473,1.0,1.0,1.0,1.0,none,0
45,147,18,2026240342,0,0,0,0,0.9567305980784085,1.010592142645462,1.4601226977951118,1.0,1.0,1.0,1.0,none,0
45,147,19,2026240343,0,0,0,0,0.9567054694009945,1.0105838205789706,1.4597967677769534,1.0,1.0,1.0,1.0,none,0
45,159,0,2026252432,0,0,0,0,0.9628228452177584,1.013282725128262,0.8544766400755728,1.0,1.0,1.0,1.0,none,0
45,159,1,2026252433,0,0,0,0,0.9627275461841419,1.0130561470498192,0.8544466963932084,1.0,1.0,1.0,1.0,none,0
45,159,2,2026252434,0,0,0,0,0.9627773519504731,1.0130384746518264,0.854411678864498,1.0,1.0,1.0,1.0,none,0
45,159,3,2026252435,0,0,0,0,0.9628303282001215,1.0130720469171843,0.8545120899232436,1.0,1.0,1.0,1.0,none,0
45,159,4,2026252436,0,0,0,0,0.9628388797410249,1.0129087208325198,0.8544644505345648,1.0,1.0,1.0,1.0,none,0
45,159,5,2026252437,0,0,0,0,0.9627693534023293,1.012933689933915,0.8544723620331479,1.0,1.0,1.0,1.0,none,0
45,159,6,2026252438,0,0,0,0,0.962423928707001,1.0131057484831973,0.8544556609792355,1.0,1.0,1.0,1.0,none,0
45,159,7,2026252439,0,0,0,0,0.962672475377204,1.0130430563181292,0.8544411686755626,1.0,1.0,1.0,1.0,none,0
45,159,8,2026252440,0,0,0,0,0.9630860481059094,1.0131728809253149,0.8545028969536531,1.0,1.0,1.0,1.0,none,0
45,159,9,2026252441,0,0,0,0,0.9628503497584475,1.0131943332769606,0.8543781794540724,1.0,1.0,1.0,1.0,none,0
45,159,10,2026252442,0,0,0,0,0.962617022951147,1.01304439131736,0.8544984089557294,1.0,1.0,1.0,1.0,none,0
45,159,11,2026252443,0,0,0,0,0.9627683017054048,1.0130166592486598,0.8544986007873832,1.0,1.0,1.0,1.0,none,0
45,159,12,2026252444,0,0,0,0,0.9627592972822333,1.0131361609987335,0.8544732079379747,1.0,1.0,1.0,1.0,none,0
45,159,13,2026252445,0,0,0,0,0.9630762013367499,1.0131306056284473,0.8544787082025187,1.0,1.0,1.0,1.0,none,0
45,159,14,2026252446,0,0,0,0,0.9626977766662781,1.013198258673227,0.8544222240021231,1.0,1.0,1.0,1.0,none,0
45,159,15,2026252447,0,0,0,0,0.9629452469003839,1.0131382386274679,0.854544823224287,1.0,1.0,1.0,1.0,none,0
45,159,16,2026252448,0,0,0,0,0.9626797579398282,1.0131528193591597,0.8544490702757817,1.0,1.0,1.0,1.0,none,0
45,159,17,2026252449,0,0,0,0,0.962851085720339,1.0130463099770284,0.854502793489816,1.0,1.0,1.0,1.0,none,0
45,159,18,2026252450,0,0,0,0,0.963019772903742,1.0131882322410013,0.8544136899155929,1.0,1.0,1.0,1.0,none,0
45,159,19,2026252451,0,0,0,0,0.9626142053983446,1.013060022569084,0.8544287870150992,1.0,1.0,1.0,1.0,none,0
45,220,0,2026313981,0,0,0,0,0.9591033656916585,1.0068915271401024,1.3162187195907282,1.0,1.0,1.0,1.0,none,0
45,220,1,2026313982,0,0,0,0,0.9592049850080749,1.0068802276271902,1.3162464746481386,1.0,1.0,1.0,1.0,none,0
45,220,2,2026313983,0,0,0,0,0.9591748222357989,1.006886868358,1.3163055609860879,1.0,1.0,1.0,1.0,none,0
45,220,3,2026313984,0,0,0,0,0.9592657379709892,1.0068974361776692,1.3163343508200025,1.0,1.0,1.0,1.0,none,0
45,220,4,2026313985,0,0,0,0,0.9586564980518743,1.0068705635554462,1.3160477017551835,1.0,1.0,1.0,1.0,none,0
45,220,5,2026313986,0,0,0,0,0.9589244178254782,1.0069035817772836,1.3161305530328404,1.0,1.0,1.0,1.0,none,0
45,220,6,2026313987,0,0,0,0,0.9592431039915624,1.0069087722962886,1.3161508456997253,1.0,1.0,1.0,1.0,none,0
45,220,7,2026313988,0,0,0,0,0.9588344727156835,1.0068738141594997,1.3162959527086704,1.0,1.0,1.0,1.0,none,0
45,220,8,2026313989,0,0,0,0,0.9589540014349994,1.0068732908365252,1.3161724042637681,1.0,1.0,1.0,1.0,none,0
45,220,9,2026313990,0,0,0,0,0.9588874884205782,1.006899102006268,1.316092629414995,1.0,1.0,1.0,1.0,none,0
45,220,10,2026313991,0,0,0,0,0.9589758881577145,1.006902997999801,1.3160790822731196,1.0,1.0,1.0,1.0,none,0
45,220,11,2026313992,0,0,0,0,0.9590548182257832,1.0068817003771628,1.3161940024512722,1.0,1.0,1.0,1.0,none,0
45,220,12,2026313993,0,0,0,0,0.9586815882389462,1.0068746769305432,1.3161224171062382,1.0,1.0,1.0,1.0,none,0
45,220,13,2026313994,0,0,0,0,0.9590901154803053,1.006873714311291,1.3162717200683713,1.0,1.0,1.0,1.0,none,0
45,220,14,2026313995,0,0,0,0,0.9591071625677795,1.006897835402427,1.3162153904221436,1.0,1.0,1.0,1.0,none,0
45,220,15,2026313996,0,0,0,0,0.9591256676005334,1.0069070361866463,1.3163387331634675,1.0,1.0,1.0,1.0,none,0
45,220,16,2026313997,0,0,0,0,0.9591819552733701,1.0068431052132378,1.3163646709080745,1.0,1.0,1.0,1.0,none,0
45,220,17,2026313998,0,0,0,0,0.958829044782402,1.0068750861727018,1.3161879144812274,1.0,1.0,1.0,1.0,none,0
45,220,18,2026313999,0,0,0,0,0.9592424742202029,1.0068743324289753,1.3161034795258504,1.0,1.0,1.0,1.0,none,0
45,220,19,2026314000,0,0,0,0,0.9589899159909041,1.006923590075753,1.3164429209029207,1.0,1.0,1.0,1.0,none,0
45,236,0,2026330125,0,0,0,0,0.9642321554410233,1.0189763189886447,0.8129434856303838,1.0,1.0,1.0,1.0,none,0
45,236,1,2026330126,0,0,0,0,0.9641502564897082,1.0188144337912253,0.8128947160965075,1.0,1.0,1.0,1.0,none,0
45,236,2,2026330127,0,0,0,0,0.9641598446692355,1.0190231485434424,0.812958462311533,1.0,1.0,1.0,1.0,none,0
45,236,3,2026330128,0,0,0,0,0.9641188145472531,1.018954409312382,0.8129133113068442,1.0,1.0,1.0,1.0,none,0
45,236,4,2026330129,0,0,0,0,0.9642294373552609,1.0191397085010905,0.8130060058525853,1.0,1.0,1.0,1.0,none,0
45,236,5,2026330130,0,0,0,0,0.9643666946277965,1.0188858045292226,0.8130186114461424,1.0,1.0,1.0,1.0,none,0
45,236,6,2026330131,0,0,0,0,0.964298837772633,1.018956562475131,0.8129972187472003,1.0,1.0,1.0,1.0,none,0
45,236,7,2026330132,0,0,0,0,0.9638073069571651,1.0190321198163192,0.8129948366371995,1.0,1.0,1.0,1.0,none,0
45,236,8,2026330133,0,0,0,0,0.9640725826899611,1.0188398016980078,0.812963775791673,1.0,1.0,1.0,1.0,none,0
45,236,9,2026330134,0,0,0,0,0.9641311456186392,1.0189333920272983,0.8129352967457869,1.0,1.0,1.0,1.0,none,0
45,236,10,2026330135,0,0,0,0,0.964241245689269,1.0189372223868494,0.8129578954205248,1.0,1.0,1.0,1.0,none,0
45,236,11,2026330136,0,0,0,0,0.9644475299561309,1.0190473688612913,0.8129518000847179,1.0,1.0,1.0,1.0,none,0
45,236,12,2026330137,0,0,0,0,0.9640576177576428,1.0190787232896528,0.8129123872057112,1.0,1.0,1.0,1.0,none,0
45,236,13,2026330138,0,0,0,0,0.9641556587419273,1.019161462927678,0.8130324254082794,1.0,1.0,1.0,1.0,none,0
45,236,14,2026330139,0,0,0,0,0.9641625090193406,1.018918974668093,0.8129746470474717,1.0,1.0,1.0,1.0,none,0
45,236,15,2026330140,0,0,0,0,0.9641218791394004,1.0190089373809665,0.8129758957307696,1.0,1.0,1.0,1.0,none,0
45,236,16,2026330141,0,0,0,0,0.9641411642956293,1.0188596939375987,0.8128943519999116,1.0,1.0,1.0,1.0,none,0
45,236,17,2026330142,0,0,0,0,0.9642120567296538,1.0189329689488984,0.812915677864285,1.0,1.0,1.0,1.0,none,0
45,236,18,2026330143,0,0,0,0,0.9642498338661927,1.0189212894579307,0.8129545168095189,1.0,1.0,1.0,1.0,none,0
45,236,19,2026330144,0,0,0,0,0.964182190754784,1.019028561504812,0.8129666727277032,1.0,1.0,1.0,1.0,none,0
45,241,0,2026335170,0,0,0,0,0.9578012346892136,1.0036360917694767,1.3862923529934452,1.0,1.0,1.0,1.0,none,0
45,241,1,2026335171,0,0,0,0,0.957823676610575,1.0036359794443401,1.3865689954206788,1.0,1.0,1.0,1.0,none,0
45,241,2,2026335172,0,0,0,0,0.957915485583725,1.0036281966652851,1.3863973801371376,1.0,1.0,1.0,1.0,none,0
45,241,3,2026335173,0,0,0,0,0.9580477987493875,1.0036552410423294,1.3866020903253113,1.0,1.0,1.0,1.0,none,0
45,241,4,2026335174,0,0,0,0,0.9583350426636524,1.0036214758982904,1.3864112131079067,1.0,1.0,1.0,1.0,none,0
45,241,5,2026335175,0,0,0,0,0.9581770990886548,1.0036449660038402,1.3864238785737735,1.0,1.0,1.0,1.0,none,0
45,241,6,2026335176,0,0,0,0,0.9579958654595234,1.0036499706083344,1.3864090211231106,1.0,1.0,1.0,1.0,none,0
45,241,7,2026335177,0,0,0,0,0.9578765242662022,1.0036638352184946,1.3864628155735537,1.0,1.0,1.0,1.0,none,0
45,241,8,2026335178,0,0,0,0,0.9579636286017431,1.0036318261445205,1.3863592403586076,1.0,1.0,1.0,1.0,none,0
45,241,9,2026335179,0,0,0,0,0.9580320754347451,1.003614037219054,1.3860931723279777,1.0,1.0,1.0,1.0,none,0
45,241,10,2026335180,0,0,0,0,0.9581269087971352,1.0036433138472811,1.3865859717261346,1.0,1.0,1.0,1.0,none,0
45,241,11,2026335181,0,0,0,0,0.9579426796618034,1.0036392815418753,1.3864022193624033,1.0,1.0,1.0,1.0,none,0
45,241,12,2026335182,0,0,0,0,0.958217629069106,1.0036604407872245,1.3864776010383424,1.0,1.0,1.0,1.0,none,0
45,241,13,2026335183,0,0,0,0,0.9577297428289981,1.0036163891374024,1.3863055149432484,1.0,1.0,1.0,1.0,none,0
45,241,14,2026335184,0,0,0,0,0.9578472327975931,1.0036426788188766,1.386444353034789,1.0,1.0,1.0,1.0,none,0
45,241,15,2026335185,0,0,0,0,0.95824406265661,1.0036383634227881,1.3864743164803042,1.0,1.0,1.0,1.0,none,0
45,241,16,2026335186,0,0,0,0,0.9578659554814779,1.0036124600880636,1.386594348069345,1.0,1.0,1.0,1.0,none,0
45,241,17,2026335187,0,0,0,0,0.9582193105865328,1.0036425746439543,1.3863156275628425,1.0,1.0,1.0,1.0,none,0
45,241,18,2026335188,0,0,0,0,0.9580285642506698,1.0036344840816365,1.386392533636946,1.0,1.0,1.0,1.0,none,0
45,241,19,2026335189,0,0,0,0,0.957882769914156,1.0036221182723746,1.3864164519601843,1.0,1.0,1.0,1.0,none,0
45,245,0,2026339206,0,0,0,0,0.9554692587292078,1.006863082958728,1.4637348148188198,1.0,1.0,1.0,1.0,none,0
45,245,1,2026339207,0,0,0,0,0.9556660040018075,1.0068180258655473,1.4637069017419055,1.0,1.0,1.0,1.0,none,0
45,245,2,2026339208,0,0,0,0,0.9561401331598881,1.0068196144077028,1.4639293861625342,1.0,1.0,1.0,1.0,none,0
45,245,3,2026339209,0,0,0,0,0.9553360629879952,1.0068312301879045,1.4634550144141916,1.0,1.0,1.0,1.0,none,0
45,245,4,2026339210,0,0,0,0,0.9555981675941781,1.0068388184145085,1.463818128338881,1.0,1.0,1.0,1.0,none,0
45,245,5,2026339211,0,0,0,0,0.9557819559344936,1.0068374787944696,1.4639526316595555,1.0,1.0,1.0,1.0,none,0
45,245,6,2026339212,0,0,0,0,0.9557284045022794,1.0068291769641566,1.463964499517753,1.0,1.0,1.0,1.0,none,0
45,245,7,2026339213,0,0,0,0,0.9558405432754663,1.006826725912627,1.463568082195332,1.0,1.0,1.0,1.0,none,0
45,245,8,2026339214,0,0,0,0,0.9555165214550433,1.0068419201221586,1.4637511600943023,1.0,1.0,1.0,1.0,none,0
45,245,9,2026339215,0,0,0,0,0.9554721728597876,1.006828120430309,1.463666181645346,1.0,1.0,1.0,1.0,none,0
45,245,10,2026339216,0,0,0,0,0.9557787662807263,1.0068320987493078,1.4636351882804117,1.0,1.0,1.0,1.0,none,0
45,245,11,2026339217,0,0,0,0,0.9556142346390242,1.0068376844453586,1.4637274507933056,1.0,1.0,1.0,1.0,none,0
45,245,12,2026339218,0,0,0,0,0.9555924736810989,1.0068283263293478,1.4638237801115568,1.0,1.0,1.0,1.0,none,0
45,245,13,2026339219,0,0,0,0,0.95553861455653,1.0068533505060462,1.463571869270733,1.0,1.0,1.0,1.0,none,0
45,245,14,2026339220,0,0,0,0,0.9558446879290997,1.006839362201073,1.4640615516091187,1.0,1.0,1.0,1.0,none,0
45,245,15,2026339221,0,0,0,0,0.9556273990804096,1.006863689274634,1.4638313014875517,1.0,1.0,1.0,1.0,none,0
45,245,16,2026339222,0,0,0,0,0.9553421468730229,1.0068275623543188,1.4635911100647432,1.0,1.0,1.0,1.0,none,0
45,245,17,2026339223,0,0,0,0,0.9553616939084937,1.006836929547605,1.4637569167829358,1.0,1.0,1.0,1.0,none,0
45,245,18,2026339224,0,0,0,0,0.9556870588981886,1.0068346861071313,1.4638283061636665,1.0,1.0,1.0,1.0,none,0
45,245,19,2026339225,0,0,0,0,0.955821021866196,1.006817927746307,1.4639054171382335,1.0,1.0,1.0,1.0,none,0
45,257,0,2026351314,0,0,0,0,0.9619843465467921,1.0210823032630796,0.8625556018400526,1.0,1.0,1.0,1.0,none,0
45,257,1,2026351315,0,0,0,0,0.9619093828937619,1.0211533461914366,0.8626196034973033,1.0,1.0,1.0,1.0,none,0
45,257,2,2026351316,0,0,0,0,0.9616988058435701,1.0211091883676982,0.8624923050322252,1.0,1.0,1.0,1.0,none,0
45,257,3,2026351317,0,0,0,0,0.9617503627681732,1.020923507145019,0.862462089743482,1.0,1.0,1.0,1.0,none,0
45,257,4,2026351318,0,0,0,0,0.9613686765132984,1.0211517818566573,0.8625258620388893,1.0,1.0,1.0,1.0,none,0
45,257,5,2026351319,0,0,0,0,0.9616912717665264,1.0210998112692957,0.8625659526436551,1.0,1.0,1.0,1.0,none,0
45,257,6,2026351320,0,0,0,0,0.9618040617259834,1.0210586925659824,0.8625191619464616,1.0,1.0,1.0,1.0,none,0
45,257,7,2026351321,0,0,0,0,0.9617557105614981,1.0210949372947795,0.8626307131269573,1.0,1.0,1.0,1.0,none,0
45,257,8,2026351322,0,0,0,0,0.9618712654063589,1.0208951678906193,0.8626051453843366,1.0,1.0,1.0,1.0,none,0
45,257,9,2026351323,0,0,0,0,0.9616372604144565,1.0209845949421001,0.8625354235384141,1.0,1.0,1.0,1.0,none,0
45,257,10,2026351324,0,0,0,0,0.9615164836070101,1.0211240093964924,0.862586234992968,1.0,1.0,1.0,1.0,none,0
45,257,11,2026351325,0,0,0,0,0.9619090393209544,1.0210735854324584,0.8626234849798042,1.0,1.0,1.0,1.0,none,0
45,257,12,2026351326,0,0,0,0,0.9619467740186122,1.0210482824655576,0.8625684707298422,1.0,1.0,1.0,1.0,none,0
45,257,13,2026351327,0,0,0,0,0.9618261308878904,1.0210353166488528,0.8625531111527089,1.0,1.0,1.0,1.0,none,0
45,257,14,2026351328,0,0,0,0,0.9618596384412565,1.0211885166453265,0.8625454611045351,1.0,1.0,1.0,1.0,none,0
45,257,15,2026351329,0,0,0,0,0.9621321122109143,1.0209654676654,0.8626162287185186,1.0,1.0,1.0,1.0,none,0
45,257,16,2026351330,0,0,0,0,0.9617714150002089,1.0210560361432188,0.8625392208567572,1.0,1.0,1.0,1.0,none,0
45,257,17,2026351331,0,0,0,0,0.9616166404732946,1.0212645939413405,0.8625645333376012,1.0,1.0,1.0,1.0,none,0
45,257,18,2026351332,0,0,0,0,0.9622549207167007,1.0210437372530405,0.8626612505460152,1.0,1.0,1.0,1.0,none,0
45,257,19,2026351333,0,0,0,0,0.9616950314399901,1.0211710568878334,0.8625569070374226,1.0,1.0,1.0,1.0,none,0
45,282,0,2026376539,0,0,0,0,0.952406929549598,1.0078714450990331,1.6274985646396736,1.0,1.0,1.0,1.0,none,0
45,282,1,2026376540,0,0,0,0,0.9531756384050094,1.0078897460470588,1.6278131863330096,1.0,1.0,1.0,1.0,none,0
45,282,2,2026376541,0,0,0,0,0.9534407459203975,1.007908725560655,1.6279882833137473,1.0,1.0,1.0,1.0,none,0
45,282,3,2026376542,0,0,0,0,0.953035055537496,1.007920353223156,1.6270827867996374,1.0,1.0,1.0,1.0,none,0
45,282,4,2026376543,0,0,0,0,0.9533548285112085,1.0078889161400666,1.6274322194326585,1.0,1.0,1.0,1.0,none,0
45,282,5,2026376544,0,0,0,0,0.9531763335473197,1.007875267050971,1.6275807863250413,1.0,1.0,1.0,1.0,none,0
45,282,6,2026376545,0,0,0,0,0.9530598336787017,1.0078697583868945,1.6271167517552676,1.0,1.0,1.0,1.0,none,0
45,282,7,2026376546,0,0,0,0,0.952901430811111,1.007895400083587,1.6273234094117888,1.0,1.0,1.0,1.0,none,0
45,282,8,2026376547,0,0,0,0,0.9528010839744019,1.0078972548663414,1.627687897795292,1.0,1.0,1.0,1.0,none,0
45,282,9,2026376548,0,0,0,0,0.9532928019675044,1.0078873486357613,1.627515234967889,1.0,1.0,1.0,1.0,none,0
45,282,10,2026376549,0,0,0,0,0.9531045963265072,1.0078923659990038,1.6276385999034537,1.0,1.0,1.0,1.0,none,0
45,282,11,2026376550,0,0,0,0,0.9533568892145821,1.0079047009358295,1.6270923432870814,1.0,1.0,1.0,1.0,none,0
45,282,12,2026376551,0,0,0,0,0.9529168402245414,1.007879154649038,1.6274420694708718,1.0,1.0,1.0,1.0,none,0
45,282,13,2026376552,0,0,0,0,0.9526882466620484,1.0078906019079918,1.627442240557174,1.0,1.0,1.0,1.0,none,0
45,282,14,2026376553,0,0,0,0,0.9531179828041683,1.0078900300771256,1.6276198194395948,1.0,1.0,1.0,1.0,none,0
45,282,15,2026376554,0,0,0,0,0.9532191180322556,1.0079154568315545,1.6278608556404026,1.0,1.0,1.0,1.0,none,0
45,282,16,2026376555,0,0,0,0,0.9528712427335914,1.0078733980639738,1.6274418046671772,1.0,1.0,1.0,1.0,none,0
45,282,17,2026376556,0,0,0,0,0.9531524211143318,1.0078892757509443,1.6275441689987376,1.0,1.0,1.0,1.0,none,0
45,282,18,2026376557,0,0,0,0,0.9524791874949735,1.0078779361317567,1.6271966723280522,1.0,1.0,1.0,1.0,none,0
45,282,19,2026376558,0,0,0,0,0.95293154153359,1.0078986534040637,1.6275118342572314,1.0,1.0,1.0,1.0,none,0
45,295,0,2026389656,0,0,0,0,0.9522344998714614,1.0,2.042834625437417,1.0,1.0,1.0,1.0,none,0
45,295,1,2026389657,0,0,0,0,0.9524642709729216,1.0,2.045575592536439,1.0,1.0,1.0,1.0,none,0
45,295,2,2026389658,0,0,0,0,0.9520535893317538,1.0,2.0442433498620343,1.0,1.0,1.0,1.0,none,0
45,295,3,2026389659,0,0,0,0,0.9521780343441405,1.0,2.042057406188517,1.0,1.0,1.0,1.0,none,0
45,295,4,2026389660,0,0,0,0,0.9526819423706102,1.0,2.043227315377878,1.0,1.0,1.0,1.0,none,0
45,295,5,2026389661,0,0,0,0,0.9521674175229257,1.0,2.0441321547561344,1.0,1.0,1.0,1.0,none,0
45,295,6,2026389662,0,0,0,0,0.952203604014046,1.0,2.043334600409678,1.0,1.0,1.0,1.0,none,0
45,295,7,2026389663,0,0,0,0,0.9526607863220201,1.0,2.0420084106885588,1.0,1.0,1.0,1.0,none,0
45,295,8,2026389664,0,0,0,0,0.9521730585719764,1.0,2.0427100354596015,1.0,1.0,1.0,1.0,none,0
45,295,9,2026389665,0,0,0,0,0.952270931527228,1.0,2.044461704411838,1.0,1.0,1.0,1.0,none,0
45,295,10,2026389666,0,0,0,0,0.9519700137107305,1.0,2.042685704972082,1.0,1.0,1.0,1.0,none,0
45,295,11,2026389667,0,0,0,0,0.9526235977741155,1.0,2.04327684924253,1.0,1.0,1.0,1.0,none,0
45,295,12,2026389668,0,0,0,0,0.9522436520402778,1.0,2.04417429259902,1.0,1.0,1.0,1.0,none,0
45,295,13,2026389669,0,0,0,0,0.9521563123363551,1.0,2.0445413193943693,1.0,1.0,1.0,1.0,none,0
45,295,14,2026389670,0,0,0,0,0.9521176933390905,1.0,2.0439760464284205,1.0,1.0,1.0,1.0,none,0
45,295,15,2026389671,0,0,0,0,0.952809768047034,1.0,2.043620923743102,1.0,1.0,1.0,1.0,none,0
45,295,16,2026389672,0,0,0,0,0.9523165593310443,1.0,2.0431298075646,1.0,1.0,1.0,1.0,none,0
45,295,17,2026389673,0,0,0,0,0.9527757753110926,1.0,2.043297985683195,1.0,1.0,1.0,1.0,none,0
45,295,18,2026389674,0,0,0,0,0.9521778793401406,1.0,2.0467582984384154,1.0,1.0,1.0,1.0,none,0
45,295,19,2026389675,0,0,0,0,0.9526698159353136,1.0,2.0466112581766285,1.0,1.0,1.0,1.0,none,0
45,299,0,2026393692,0,0,0,0,0.9578749908874395,1.0,1.1996490186000461,1.0,1.0,1.0,1.0,none,0
45,299,1,2026393693,0,0,0,0,0.9580032105469303,1.0,1.1997161821000575,1.0,1.0,1.0,1.0,none,0
45,299,2,2026393694,0,0,0,0,0.9576147391808977,1.0,1.1995827226712954,1.0,1.0,1.0,1.0,none,0
45,299,3,2026393695,0,0,0,0,0.9575693096710525,1.0,1.1996007767962666,1.0,1.0,1.0,1.0,none,0
45,299,4,2026393696,0,0,0,0,0.9574725267615948,1.0,1.1995929518305428,1.0,1.0,1.0,1.0,none,0
45,299,5,2026393697,0,0,0,0,0.9578902710238125,1.0,1.1997482870719502,1.0,1.0,1.0,1.0,none,0
45,299,6,2026393698,0,0,0,0,0.957777065606309,1.0,1.1997173125725664,1.0,1.0,1.0,1.0,none,0
45,299,7,2026393699,0,0,0,0,0.9577879861353102,1.0,1.1996195178925029,1.0,1.0,1.0,1.0,none,0
45,299,8,2026393700,0,0,0,0,0.9578465197653199,1.0,1.1996771339893153,1.0,1.0,1.0,1.0,none,0
45,299,9,2026393701,0,0,0,0,0.9578995848551124,1.0,1.1999202263947957,1.0,1.0,1.0,1.0,none,0
45,299,10,2026393702,0,0,0,0,0.9577405212602923,1.0,1.1997223610738068,1.0,1.0,1.0,1.0,none,0
45,299,11,2026393703,0,0,0,0,0.9575798573521669,1.0,1.199656842219152,1.0,1.0,1.0,1.0,none,0
45,299,12,2026393704,0,0,0,0,0.9579977454177443,1.0,1.199690058400966,1.0,1.0,1.0,1.0,none,0
45,299,13,2026393705,0,0,0,0,0.9574146369619445,1.0,1.1997760234023833,1.0,1.0,1.0,1.0,none,0
45,299,14,2026393706,0,0,0,0,0.9576534622018751,1.0,1.1997570907222956,1.0,1.0,1.0,1.0,none,0
45,299,15,2026393707,0,0,0,0,0.9577115614911217,1.0,1.1998428858984547,1.0,1.0,1.0,1.0,none,0
45,299,16,2026393708,0,0,0,0,0.9577940355313572,1.0,1.1998385968425918,1.0,1.0,1.0,1.0,none,0
45,299,17,2026393709,0,0,0,0,0.9578874746540782,1.0,1.1996661216747508,1.0,1.0,1.0,1.0,none,0
45,299,18,2026393710,0,0,0,0,0.9580248704948465,1.0,1.1998138260595617,1.0,1.0,1.0,1.0,none,0
45,299,19,2026393711,0,0,0,0,0.9576661125012079,1.0,1.1996505432444233,1.0,1.0,1.0,1.0,none,0
46,4,0,2026096037,0,0,0,0,0.9568783070744601,1.0001637252332591,1.3125683606935752,1.0,1.0,1.0,1.0,none,0
46,4,1,2026096038,0,0,0,0,0.9563084281786496,1.0001482738673717,1.3124890752435603,1.0,1.0,1.0,1.0,none,0
46,4,2,2026096039,0,0,0,0,0.9565713954455818,1.00011619083537,1.312825410682706,1.0,1.0,1.0,1.0,none,0
46,4,3,2026096040,0,0,0,0,0.9568157988514652,1.0001744309311542,1.3127621176796864,1.0,1.0,1.0,1.0,none,0
46,4,4,2026096041,0,0,0,0,0.9565490061689857,1.0001553947233572,1.3127142104632348,1.0,1.0,1.0,1.0,none,0
46,4,5,2026096042,0,0,0,0,0.9568638761675121,1.0001285533998379,1.3128270950453975,1.0,1.0,1.0,1.0,none,0
46,4,6,2026096043,0,0,0,0,0.9567544429222486,1.0001384436536194,1.3127518076815639,1.0,1.0,1.0,1.0,none,0
46,4,7,2026096044,0,0,0,0,0.95672457135602,1.000138217197308,1.3126091971734517,1.0,1.0,1.0,1.0,none,0
46,4,8,2026096045,0,0,0,0,0.9568451254484557,1.0001344932166134,1.3128382090281112,1.0,1.0,1.0,1.0,none,0
46,4,9,2026096046,0,0,0,0,0.9571464904136303,1.0001395792882206,1.3128279767271607,1.0,1.0,1.0,1.0,none,0
46,4,10,2026096047,0,0,0,0,0.956684402974041,1.0001442424968248,1.3128122980762138,1.0,1.0,1.0,1.0,none,0
46,4,11,2026096048,0,0,0,0,0.9568740551955667,1.0001560033087764,1.3127000468977266,1.0,1.0,1.0,1.0,none,0
46,4,12,2026096049,0,0,0,0,0.956686258638219,1.0001465757741315,1.3127351778949956,1.0,1.0,1.0,1.0,none,0
46,4,13,2026096050,0,0,0,0,0.9570302118935714,1.0001598347755227,1.3128149229876864,1.0,1.0,1.0,1.0,none,0
46,4,14,2026096051,0,0,0,0,0.9565229420507141,1.0001360026366901,1.3126185875727365,1.0,1.0,1.0,1.0,none,0
46,4,15,2026096052,0,0,0,0,0.9568471001922317,1.0001724809898098,1.3127065199731232,1.0,1.0,1.0,1.0,none,0
46,4,16,2026096053,0,0,0,0,0.9568009547047595,1.000133130884185,1.312709172727431,1.0,1.0,1.0,1.0,none,0
46,4,17,2026096054,0,0,0,0,0.9574031034154624,1.0001357577012226,1.3128663783894996,1.0,1.0,1.0,1.0,none,0
46,4,18,2026096055,0,0,0,0,0.9566488669494605,1.0001574264010236,1.3129990228502901,1.0,1.0,1.0,1.0,none,0
46,4,19,2026096056,0,0,0,0,0.9570342146003918,1.000126059133169,1.3128394061545712,1.0,1.0,1.0,1.0,none,0
46,38,0,2026130343,0,0,0,0,0.9518614243866502,1.0001697130803326,2.1427626075305235,1.0,1.0,1.0,1.0,none,0
46,38,1,2026130344,0,0,0,0,0.9518847646824614,1.000199957000877,2.1436045318096273,1.0,1.0,1.0,1.0,none,0
46,38,2,2026130345,0,0,0,0,0.9517764858472689,1.0002379023544368,2.140315422649392,1.0,1.0,1.0,1.0,none,0
46,38,3,2026130346,0,0,0,0,0.9514684778894792,1.0002052578325078,2.144072899789728,1.0,1.0,1.0,1.0,none,0
46,38,4,2026130347,0,0,0,0,0.9508057710117789,1.0002015136246423,2.1402544171478874,1.0,1.0,1.0,1.0,none,0
46,38,5,2026130348,0,0,0,0,0.9520002509705779,1.0002172545057522,2.142570229796792,1.0,1.0,1.0,1.0,none,0
46,38,6,2026130349,0,0,0,0,0.9516766614777751,1.000222095836517,2.143373057589011,1.0,1.0,1.0,1.0,none,0
46,38,7,2026130350,0,0,0,0,0.9509501333513622,1.0001550069438698,2.1426031653144904,1.0,1.0,1.0,1.0,none,0
46,38,8,2026130351,0,0,0,0,0.9506690324399724,1.000153761058948,2.1418885999849215,1.0,1.0,1.0,1.0,none,0
46,38,9,2026130352,0,0,0,0,0.9509644393307154,1.000191578823396,2.1424828084924687,1.0,1.0,1.0,1.0,none,0
46,38,10,2026130353,0,0,0,0,0.9519208027812365,1.0001757053014395,2.1417432061313595,1.0,1.0,1.0,1.0,none,0
46,38,11,2026130354,0,0,0,0,0.9515499861328574,1.000206727243235,2.1430836883992366,1.0,1.0,1.0,1.0,none,0
46,38,12,2026130355,0,0,0,0,0.9510302399974321,1.0002306775932683,2.1432622809036785,1.0,1.0,1.0,1.0,none,0
46,38,13,2026130356,0,0,0,0,0.9507864660090931,1.000150953895292,2.1485283220459306,1.0,1.0,1.0,1.0,none,0
46,38,14,2026130357,0,0,0,0,0.9516927666019622,1.0002335334677201,2.1431549947365998,1.0,1.0,1.0,1.0,none,0
46,38,15,2026130358,0,0,0,0,0.9516700312012437,1.0001838004421901,2.1453618840064688,1.0,1.0,1.0,1.0,none,0
46,38,16,2026130359,0,0,0,0,0.9507982059686767,1.0002102836579287,2.146802562130371,1.0,1.0,1.0,1.0,none,0
46,38,17,2026130360,0,0,0,0,0.9517314471238073,1.000186405316161,2.1456323478613717,1.0,1.0,1.0,1.0,none,0
46,38,18,2026130361,0,0,0,0,0.9514459441497851,1.0002659856418756,2.1423522183648505,1.0,1.0,1.0,1.0,none,0
46,38,19,2026130362,0,0,0,0,0.9517849197062506,1.0002388909700175,2.142131475010512,1.0,1.0,1.0,1.0,none,0
46,77,0,2026169694,0,0,0,0,0.9510703545727763,1.004560002317606,2.0387877795430702,1.0,1.0,1.0,1.0,none,0
46,77,1,2026169695,0,0,0,0,0.9509024455483864,1.0045626066682518,2.0414764717290304,1.0,1.0,1.0,1.0,none,0
46,77,2,2026169696,0,0,0,0,0.9514010240681381,1.0045564121138857,2.038736974495642,1.0,1.0,1.0,1.0,none,0
46,77,3,2026169697,0,0,0,0,0.9501860127453615,1.0046176044321515,2.032497921398405,1.0,1.0,1.0,1.0,none,0
46,77,4,2026169698,0,0,0,0,0.9512015129244031,1.0045939656120297,2.0386233254772823,1.0,1.0,1.0,1.0,none,0
46,77,5,2026169699,0,0,0,0,0.9512603509165967,1.0045865727615402,2.036439979463183,1.0,1.0,1.0,1.0,none,0
46,77,6,2026169700,0,0,0,0,0.951450052067828,1.004574887327596,2.0435227588574647,1.0,1.0,1.0,1.0,none,0
46,77,7,2026169701,0,0,0,0,0.9514494061738141,1.004540839759682,2.0402978916391876,1.0,1.0,1.0,1.0,none,0
46,77,8,2026169702,0,0,0,0,0.9516617521451938,1.0046002751386662,2.0445865637474485,1.0,1.0,1.0,1.0,none,0
46,77,9,2026169703,0,0,0,0,0.9512016079425303,1.004570917159479,2.0423560488413943,1.0,1.0,1.0,1.0,none,0
46,77,10,2026169704,0,0,0,0,0.9514246223688516,1.0045957383457254,2.032922789513072,1.0,1.0,1.0,1.0,none,0
46,77,11,2026169705,0,0,0,0,0.9509399615482075,1.0046092005100582,2.032188297953292,1.0,1.0,1.0,1.0,none,0
46,77,12,2026169706,0,0,0,0,0.9500908514122529,1.004601779218905,2.032890036145264,1.0,1.0,1.0,1.0,none,0
46,77,13,2026169707,0,0,0,0,0.9522559828698386,1.0045478787722826,2.0396775263433025,1.0,1.0,1.0,1.0,none,0
46,77,14,2026169708,0,0,0,0,0.9508179358899552,1.004605893472717,2.043099784124782,1.0,1.0,1.0,1.0,none,0
46,77,15,2026169709,0,0,0,0,0.9519607255576709,1.0045862406327897,2.0428433121420877,1.0,1.0,1.0,1.0,none,0
46,77,16,2026169710,0,0,0,0,0.9514479950352676,1.0045973320156738,2.036548120267952,1.0,1.0,1.0,1.0,none,0
46,77,17,2026169711,0,0,0,0,0.9514601865734864,1.0045796444410697,2.044742871359699,1.0,1.0,1.0,1.0,none,0
46,77,18,2026169712,0,0,0,0,0.9510783109868051,1.004646399852124,2.0313110937008094,1.0,1.0,1.0,1.0,none,0
46,77,19,2026169713,0,0,0,0,0.9515757643082817,1.0046088138398293,2.039724839353397,1.0,1.0,1.0,1.0,none,0
46,85,0,2026177766,0,0,0,0,0.9523869463226895,1.0,1.9886097593942016,1.0,1.0,1.0,1.0,none,0
46,85,1,2026177767,0,0,0,0,0.9523259539677191,1.0,1.9882401382158639,1.0,1.0,1.0,1.0,none,0
46,85,2,2026177768,0,0,0,0,0.9519986387119972,1.0,1.9882445369018582,1.0,1.0,1.0,1.0,none,0
46,85,3,2026177769,0,0,0,0,0.9523711110621668,1.0,1.9880248410756294,1.0,1.0,1.0,1.0,none,0
46,85,4,2026177770,0,0,0,0,0.9527702956026097,1.0,1.9885275952186348,1.0,1.0,1.0,1.0,none,0
46,85,5,2026177771,0,0,0,0,0.951608238170408,1.0,1.9878342431002896,1.0,1.0,1.0,1.0,none,0
46,85,6,2026177772,0,0,0,0,0.951901205405897,1.0,1.987811401812539,1.0,1.0,1.0,1.0,none,0
46,85,7,2026177773,0,0,0,0,0.952476371779717,1.0,1.9886580136729763,1.0,1.0,1.0,1.0,none,0
46,85,8,2026177774,0,0,0,0,0.9524184862374496,1.0,1.988363074471588,1.0,1.0,1.0,1.0,none,0
46,85,9,2026177775,0,0,0,0,0.9522525759620427,1.0,1.988218206535101,1.0,1.0,1.0,1.0,none,0
46,85,10,2026177776,0,0,0,0,0.9519114422755028,1.0,1.9883225126645585,1.0,1.0,1.0,1.0,none,0
46,85,11,2026177777,0,0,0,0,0.9526194414303588,1.0,1.988871064939858,1.0,1.0,1.0,1.0,none,0
46,85,12,2026177778,0,0,0,0,0.9523611294067161,1.0,1.988310744490288,1.0,1.0,1.0,1.0,none,0
46,85,13,2026177779,0,0,0,0,0.9526873888703542,1.0,1.988356473481786,1.0,1.0,1.0,1.0,none,0
46,85,14,2026177780,0,0,0,0,0.9523138247083909,1.0,1.988961749376669,1.0,1.0,1.0,1.0,none,0
46,85,15,2026177781,0,0,0,0,0.9526547355599914,1.0,1.98867322600565,1.0,1.0,1.0,1.0,none,0
46,85,16,2026177782,0,0,0,0,0.952444008417879,1.0,1.9883288451586443,1.0,1.0,1.0,1.0,none,0
46,85,17,2026177783,0,0,0,0,0.9524724605176771,1.0,1.9882425836520674,1.0,1.0,1.0,1.0,none,0
46,85,18,2026177784,0,0,0,0,0.9522007639907618,1.0,1.9883537018512056,1.0,1.0,1.0,1.0,none,0
46,85,19,2026177785,0,0,0,0,0.9520430900515312,1.0,1.9879842795279385,1.0,1.0,1.0,1.0,none,0
46,105,0,2026197946,0,0,0,0,0.9559479302068558,1.0146253814891264,1.3703555438967856,1.0,1.0,1.0,1.0,none,0
46,105,1,2026197947,0,0,0,0,0.9561828513762433,1.0146078605632047,1.370858201783027,1.0,1.0,1.0,1.0,none,0
46,105,2,2026197948,0,0,0,0,0.9556694590501993,1.0148521629289755,1.3704757887858863,1.0,1.0,1.0,1.0,none,0
46,105,3,2026197949,0,0,0,0,0.956000371912743,1.0151785956979933,1.3706279916902386,1.0,1.0,1.0,1.0,none,0
46,105,4,2026197950,0,0,0,0,0.9558042282450955,1.01490541219773,1.3703183553138003,1.0,1.0,1.0,1.0,none,0
46,105,5,2026197951,0,0,0,0,0.9561664824296376,1.014798193055008,1.3706320670439291,1.0,1.0,1.0,1.0,none,0
46,105,6,2026197952,0,0,0,0,0.9562078451290814,1.0145100416314863,1.3705364509279774,1.0,1.0,1.0,1.0,none,0
46,105,7,2026197953,0,0,0,0,0.9560343893453886,1.014837527572013,1.370558636513898,1.0,1.0,1.0,1.0,none,0
46,105,8,2026197954,0,0,0,0,0.955681810464019,1.0148091426711263,1.3706327406665084,1.0,1.0,1.0,1.0,none,0
46,105,9,2026197955,0,0,0,0,0.9556753923861893,1.0149265721337664,1.3703555206727573,1.0,1.0,1.0,1.0,none,0
46,105,10,2026197956,0,0,0,0,0.955972959559521,1.0149601919345939,1.3706516265797983,1.0,1.0,1.0,1.0,none,0
46,105,11,2026197957,0,0,0,0,0.9561154385999686,1.0147198902036034,1.3704994246305877,1.0,1.0,1.0,1.0,none,0
46,105,12,2026197958,0,0,0,0,0.9559859259681959,1.0145016045150745,1.370658628694391,1.0,1.0,1.0,1.0,none,0
46,105,13,2026197959,0,0,0,0,0.9558507804098769,1.014778820120588,1.3707730262273332,1.0,1.0,1.0,1.0,none,0
46,105,14,2026197960,0,0,0,0,0.9560750394478115,1.0146319336141187,1.3707970566168164,1.0,1.0,1.0,1.0,none,0
46,105,15,2026197961,0,0,0,0,0.9558656769320103,1.0147784173555916,1.3703961735079557,1.0,1.0,1.0,1.0,none,0
46,105,16,2026197962,0,0,0,0,0.9553669110484044,1.0143907283112221,1.3702677865334818,1.0,1.0,1.0,1.0,none,0
46,105,17,2026197963,0,0,0,0,0.9557731887468219,1.0148506665710464,1.370467224760542,1.0,1.0,1.0,1.0,none,0
46,105,18,2026197964,0,0,0,0,0.9561757059966995,1.014749451331694,1.3705770193318285,1.0,1.0,1.0,1.0,none,0
46,105,19,2026197965,0,0,0,0,0.9553303033996092,1.0148149296398996,1.3705097987696107,1.0,1.0,1.0,1.0,none,0
46,133,0,2026226198,0,0,0,0,0.956612750021329,1.0087655483739284,1.4236093642931662,1.0,1.0,1.0,1.0,none,0
46,133,1,2026226199,0,0,0,0,0.956489485948182,1.008798594184666,1.4236199435679675,1.0,1.0,1.0,1.0,none,0
46,133,2,2026226200,0,0,0,0,0.9562926670719093,1.0087348490198298,1.423560139209817,1.0,1.0,1.0,1.0,none,0
46,133,3,2026226201,0,0,0,0,0.9563396534020235,1.0087204983446538,1.4236540895166112,1.0,1.0,1.0,1.0,none,0
46,133,4,2026226202,0,0,0,0,0.9562456856777707,1.0087311417669895,1.4235134852541813,1.0,1.0,1.0,1.0,none,0
46,133,5,2026226203,0,0,0,0,0.9564665283181637,1.0087404975628143,1.4236335058168796,1.0,1.0,1.0,1.0,none,0
46,133,6,2026226204,0,0,0,0,0.9566057313836965,1.0087575939525,1.423522316785589,1.0,1.0,1.0,1.0,none,0
46,133,7,2026226205,0,0,0,0,0.9566789823219279,1.0087482844869815,1.423857495236397,1.0,1.0,1.0,1.0,none,0
46,133,8,2026226206,0,0,0,0,0.9566857517792182,1.0087560069398966,1.423699610484971,1.0,1.0,1.0,1.0,none,0
46,133,9,2026226207,0,0,0,0,0.9563559241756505,1.0087538827859968,1.4236206652970185,1.0,1.0,1.0,1.0,none,0
46,133,10,2026226208,0,0,0,0,0.9564086132865567,1.008776055493763,1.4237669270462814,1.0,1.0,1.0,1.0,none,0
46,133,11,2026226209,0,0,0,0,0.9566422787269588,1.0087341387183195,1.4238656797681233,1.0,1.0,1.0,1.0,none,0
46,133,12,2026226210,0,0,0,0,0.956323460476759,1.0087721304438735,1.4237229978198898,1.0,1.0,1.0,1.0,none,0
46,133,13,2026226211,0,0,0,0,0.9564978592426608,1.0087817642915065,1.4236418907021615,1.0,1.0,1.0,1.0,none,0
46,133,14,2026226212,0,0,0,0,0.9566130033559958,1.0087472925541117,1.4236930756057649,1.0,1.0,1.0,1.0,none,0
46,133,15,2026226213,0,0,0,0,0.9564464824874835,1.0087539493259077,1.4235455257102083,1.0,1.0,1.0,1.0,none,0
46,133,16,2026226214,0,0,0,0,0.9564594667534726,1.0087352150718907,1.423651263855493,1.0,1.0,1.0,1.0,none,0
46,133,17,2026226215,0,0,0,0,0.9563701701560824,1.00877087510764,1.4236411684702148,1.0,1.0,1.0,1.0,none,0
46,133,18,2026226216,0,0,0,0,0.9567885191793146,1.0087390035370052,1.423760352102746,1.0,1.0,1.0,1.0,none,0
46,133,19,2026226217,0,0,0,0,0.956373428534285,1.0087547521456934,1.4234219941433863,1.0,1.0,1.0,1.0,none,0
46,137,0,2026230234,0,0,0,0,0.9638937630612558,1.0161598641144078,0.9313683304695829,1.0,1.0,1.0,1.0,none,0
46,137,1,2026230235,0,0,0,0,0.9640090986531678,1.016004911937053,0.9314020718884864,1.0,1.0,1.0,1.0,none,0
46,137,2,2026230236,0,0,0,0,0.9637769741740247,1.0161059021879233,0.9313668905368405,1.0,1.0,1.0,1.0,none,0
46,137,3,2026230237,0,0,0,0,0.964031592768879,1.0161562451280715,0.931402173191243,1.0,1.0,1.0,1.0,none,0
46,137,4,2026230238,0,0,0,0,0.9642341973760761,1.0161657568755103,0.9314343955929445,1.0,1.0,1.0,1.0,none,0
46,137,5,2026230239,0,0,0,0,0.9638183789001105,1.0159785708915106,0.9313848663182012,1.0,1.0,1.0,1.0,none,0
46,137,6,2026230240,0,0,0,0,0.9642448318589246,1.016072370711607,0.9314598091833126,1.0,1.0,1.0,1.0,none,0
46,137,7,2026230241,0,0,0,0,0.9643975139805315,1.0159701652847228,0.9314608145129915,1.0,1.0,1.0,1.0,none,0
46,137,8,2026230242,0,0,0,0,0.9643237786859604,1.015836068648713,0.931462222848465,1.0,1.0,1.0,1.0,none,0
46,137,9,2026230243,0,0,0,0,0.9640120243958328,1.0160304949648507,0.9313904802917627,1.0,1.0,1.0,1.0,none,0
46,137,10,2026230244,0,0,0,0,0.9639375694506628,1.0159381737784026,0.9313830290545548,1.0,1.0,1.0,1.0,none,0
46,137,11,2026230245,0,0,0,0,0.9640890217598077,1.0158979720653312,0.9314609375292952,1.0,1.0,1.0,1.0,none,0
46,137,12,2026230246,0,0,0,0,0.9641265778624774,1.0158039233017595,0.9314072572102444,1.0,1.0,1.0,1.0,none,0
46,137,13,2026230247,0,0,0,0,0.9640767761499086,1.0161596931935757,0.9314152419946472,1.0,1.0,1.0,1.0,none,0
46,137,14,2026230248,0,0,0,0,0.9640210293777609,1.0159994984462162,0.9314163703924979,1.0,1.0,1.0,1.0,none,0
46,137,15,2026230249,0,0,0,0,0.9641161371249987,1.0159138516786639,0.9313998346839504,1.0,1.0,1.0,1.0,none,0
46,137,16,2026230250,0,0,0,0,0.9640533051542275,1.015927424210248,0.9313856098439707,1.0,1.0,1.0,1.0,none,0
46,137,17,2026230251,0,0,0,0,0.9639605061752256,1.0161210729422703,0.9314231136362668,1.0,1.0,1.0,1.0,none,0
46,137,18,2026230252,0,0,0,0,0.9640063022355546,1.016171199617645,0.9313956422898346,1.0,1.0,1.0,1.0,none,0
46,137,19,2026230253,0,0,0,0,0.9641694050504175,1.0159025466182465,0.9314203590923565,1.0,1.0,1.0,1.0,none,0
46,147,0,2026240324,0,0,0,0,0.9560140636311039,1.0104388444916919,1.459082501497522,1.0,1.0,1.0,1.0,none,0
46,147,1,2026240325,0,0,0,0,0.9564622396169709,1.010432836012728,1.4591485065967598,1.0,1.0,1.0,1.0,none,0
46,147,2,2026240326,0,0,0,0,0.9560225496953785,1.010477957688305,1.4589308355238966,1.0,1.0,1.0,1.0,none,0
46,147,3,2026240327,0,0,0,0,0.9563731523684594,1.0104342417267542,1.4591185395351696,1.0,1.0,1.0,1.0,none,0
46,147,4,2026240328,0,0,0,0,0.9563018745558866,1.0104675485076127,1.4589995196904146,1.0,1.0,1.0,1.0,none,0
46,147,5,2026240329,0,0,0,0,0.9565783466005185,1.0104753186601219,1.4592783598688532,1.0,1.0,1.0,1.0,none,0
46,147,6,2026240330,0,0,0,0,0.9560524593620877,1.010458813455039,1.458995556059587,1.0,1.0,1.0,1.0,none,0
46,147,7,2026240331,0,0,0,0,0.9559466663940662,1.0104311589139214,1.4590843401608231,1.0,1.0,1.0,1.0,none,0
46,147,8,2026240332,0,0,0,0,0.956027551065281,1.0104360650343747,1.4591023251529989,1.0,1.0,1.0,1.0,none,0
46,147,9,2026240333,0,0,0,0,0.9564857703024733,1.0104778784477402,1.4592613662822536,1.0,1.0,1.0,1.0,none,0
46,147,10,2026240334,0,0,0,0,0.9564888132904453,1.0104365894850438,1.4593006607544037,1.0,1.0,1.0,1.0,none,0
46,147,11,2026240335,0,0,0,0,0.9561917766348038,1.0104397183452705,1.459081141021225,1.0,1.0,1.0,1.0,none,0
46,147,12,2026240336,0,0,0,0,0.956502637345987,1.0104347872980415,1.4590741863047545,1.0,1.0,1.0,1.0,none,0
46,147,13,2026240337,0,0,0,0,0.9561562149929881,1.010442331192003,1.4591986667417203,1.0,1.0,1.0,1.0,none,0
46,147,14,2026240338,0,0,0,0,0.9565753282060303,1.0104285618229376,1.4590425195261918,1.0,1.0,1.0,1.0,none,0
46,147,15,2026240339,0,0,0,0,0.9564302259416456,1.0104361396979467,1.459083333040744,1.0,1.0,1.0,1.0,none,0
46,147,16,2026240340,0,0,0,0,0.956763766849583,1.0104215815867892,1.4593366049432,1.0,1.0,1.0,1.0,none,0
46,147,17,2026240341,0,0,0,0,0.9560973246488206,1.0104323682712253,1.4594463365512274,1.0,1.0,1.0,1.0,none,0
46,147,18,2026240342,0,0,0,0,0.9565535014972248,1.01046092246628,1.459348028628018,1.0,1.0,1.0,1.0,none,0
46,147,19,2026240343,0,0,0,0,0.9565291967215239,1.0104443663239167,1.4591358099273068,1.0,1.0,1.0,1.0,none,0
46,159,0,2026252432,0,0,0,0,0.9625237643025696,1.0131327529108365,0.8540716735887742,1.0,1.0,1.0,1.0,none,0
46,159,1,2026252433,0,0,0,0,0.9624370878263836,1.0128636192142177,0.8540494474244774,1.0,1.0,1.0,1.0,none,0
46,159,2,2026252434,0,0,0,0,0.9624928849986094,1.012812941788595,0.8540173518393986,1.0,1.0,1.0,1.0,none,0
46,159,3,2026252435,0,0,0,0,0.9625398505523809,1.0128674487556986,0.8541028425053058,1.0,1.0,1.0,1.0,none,0
46,159,4,2026252436,0,0,0,0,0.962582681869654,1.0127112214061655,0.8540578522260683,1.0,1.0,1.0,1.0,none,0
46,159,5,2026252437,0,0,0,0,0.9624694062698168,1.0127168411290404,0.8540639097701755,1.0,1.0,1.0,1.0,none,0
46,159,6,2026252438,0,0,0,0,0.9621168706109889,1.0129129000025048,0.854043697586254,1.0,1.0,1.0,1.0,none,0
46,159,7,2026252439,0,0,0,0,0.9623568010702811,1.0128889139248545,0.8540465367864097,1.0,1.0,1.0,1.0,none,0
46,159,8,2026252440,0,0,0,0,0.9629428331865898,1.0130376684531737,0.8541005911802421,1.0,1.0,1.0,1.0,none,0
46,159,9,2026252441,0,0,0,0,0.9625517743989705,1.0130467754426034,0.8539681850816044,1.0,1.0,1.0,1.0,none,0
46,159,10,2026252442,0,0,0,0,0.9622641393240977,1.0128013437988648,0.8540856988816463,1.0,1.0,1.0,1.0,none,0
46,159,11,2026252443,0,0,0,0,0.9623777338514277,1.0128821036806703,0.8540840678724774,1.0,1.0,1.0,1.0,none,0
46,159,12,2026252444,0,0,0,0,0.9624717559476018,1.0130655281828018,0.8540600595869754,1.0,1.0,1.0,1.0,none,0
46,159,13,2026252445,0,0,0,0,0.9627802951179062,1.0129929465938066,0.8540709863962797,1.0,1.0,1.0,1.0,none,0
46,159,14,2026252446,0,0,0,0,0.9623936750047959,1.0129687457129726,0.8540217929370374,1.0,1.0,1.0,1.0,none,0
46,159,15,2026252447,0,0,0,0,0.9626154136765319,1.0129814607178174,0.8541301024559583,1.0,1.0,1.0,1.0,none,0
46,159,16,2026252448,0,0,0,0,0.9623532889345712,1.0129905285137184,0.8540460496006336,1.0,1.0,1.0,1.0,none,0
46,159,17,2026252449,0,0,0,0,0.9625382580012916,1.0128375739501394,0.8540847564253043,1.0,1.0,1.0,1.0,none,0
46,159,18,2026252450,0,0,0,0,0.9626476272691551,1.0129533448953103,0.8540090366269755,1.0,1.0,1.0,1.0,none,0
46,159,19,2026252451,0,0,0,0,0.9623437235507382,1.012843871283301,0.8540391204861765,1.0,1.0,1.0,1.0,none,0
46,220,0,2026313981,0,0,0,0,0.9589219904031484,1.0067468681959464,1.315586676958484,1.0,1.0,1.0,1.0,none,0
46,220,1,2026313982,0,0,0,0,0.9590821192711411,1.0067387689358207,1.3156626548734565,1.0,1.0,1.0,1.0,none,0
46,220,2,2026313983,0,0,0,0,0.9590707737864412,1.006738290360565,1.3156737005197452,1.0,1.0,1.0,1.0,none,0
46,220,3,2026313984,0,0,0,0,0.9591369385000333,1.0067399751878061,1.3157048728617347,1.0,1.0,1.0,1.0,none,0
46,220,4,2026313985,0,0,0,0,0.9583918189731506,1.0067398949978983,1.315360842802477,1.0,1.0,1.0,1.0,none,0
46,220,5,2026313986,0,0,0,0,0.9587477227246669,1.0067714940167487,1.3155067593567977,1.0,1.0,1.0,1.0,none,0
46,220,6,2026313987,0,0,0,0,0.9591527762616812,1.0067540732723288,1.3155505039468645,1.0,1.0,1.0,1.0,none,0
46,220,7,2026313988,0,0,0,0,0.9586021700068618,1.0067213146782572,1.3156942924235289,1.0,1.0,1.0,1.0,none,0
46,220,8,2026313989,0,0,0,0,0.9588168089945692,1.0067230740200728,1.315522726607871,1.0,1.0,1.0,1.0,none,0
46,220,9,2026313990,0,0,0,0,0.9587064266775341,1.0067483946594766,1.3154692202364169,1.0,1.0,1.0,1.0,none,0
46,220,10,2026313991,0,0,0,0,0.9587883988517556,1.0067666331736222,1.3154457514576094,1.0,1.0,1.0,1.0,none,0
46,220,11,2026313992,0,0,0,0,0.9589577937680808,1.0067445902734087,1.3155700972879305,1.0,1.0,1.0,1.0,none,0
46,220,12,2026313993,0,0,0,0,0.9584997392181799,1.006739304736001,1.3155013510615134,1.0,1.0,1.0,1.0,none,0
46,220,13,2026313994,0,0,0,0,0.9589525779197302,1.0067391104248393,1.3156850481048095,1.0,1.0,1.0,1.0,none,0
46,220,14,2026313995,0,0,0,0,0.9590261477172894,1.0067623334021656,1.3156008135905697,1.0,1.0,1.0,1.0,none,0
46,220,15,2026313996,0,0,0,0,0.9589549543862917,1.006756285284563,1.3157366508803192,1.0,1.0,1.0,1.0,none,0
46,220,16,2026313997,0,0,0,0,0.959115633841915,1.0067057943382058,1.3157307460535534,1.0,1.0,1.0,1.0,none,0
46,220,17,2026313998,0,0,0,0,0.9587020182723577,1.0067281424972856,1.3155924134414279,1.0,1.0,1.0,1.0,none,0
46,220,18,2026313999,0,0,0,0,0.9590153051521898,1.0067262232196823,1.315413939574664,1.0,1.0,1.0,1.0,none,0
46,220,19,2026314000,0,0,0,0,0.958856509594876,1.0067792256280848,1.3158284430390284,1.0,1.0,1.0,1.0,none,0
46,236,0,2026330125,0,0,0,0,0.9638867123975905,1.0188559297547506,0.8125331596919457,1.0,1.0,1.0,1.0,none,0
46,236,1,2026330126,0,0,0,0,0.9638499871452997,1.0186015097928405,0.8124799551067804,1.0,1.0,1.0,1.0,none,0
46,236,2,2026330127,0,0,0,0,0.9638693814520669,1.018893477547895,0.8125379220464883,1.0,1.0,1.0,1.0,none,0
46,236,3,2026330128,0,0,0,0,0.9637582911603565,1.018733488878537,0.8124993107509644,1.0,1.0,1.0,1.0,none,0
46,236,4,2026330129,0,0,0,0,0.9638657631411703,1.0190134995646112,0.8125993807486757,1.0,1.0,1.0,1.0,none,0
46,236,5,2026330130,0,0,0,0,0.9640228180064911,1.018629346929169,0.8125689461934986,1.0,1.0,1.0,1.0,none,0
46,236,6,2026330131,0,0,0,0,0.9639111735430881,1.018835424476679,0.8125653437097119,1.0,1.0,1.0,1.0,none,0
46,236,7,2026330132,0,0,0,0,0.9634935126159545,1.0187797415268844,0.8125647563514379,1.0,1.0,1.0,1.0,none,0
46,236,8,2026330133,0,0,0,0,0.9637171475411455,1.0186629934922489,0.8125277733817263,1.0,1.0,1.0,1.0,none,0
46,236,9,2026330134,0,0,0,0,0.9637763328720927,1.0186572908767784,0.8125223244425791,1.0,1.0,1.0,1.0,none,0
46,236,10,2026330135,0,0,0,0,0.9639273826587379,1.0187410744304737,0.8125336865146734,1.0,1.0,1.0,1.0,none,0
46,236,11,2026330136,0,0,0,0,0.9641521292183953,1.018829024470338,0.8125146017465169,1.0,1.0,1.0,1.0,none,0
46,236,12,2026330137,0,0,0,0,0.9637194611515139,1.0189508374913503,0.812490019274256,1.0,1.0,1.0,1.0,none,0
46,236,13,2026330138,0,0,0,0,0.9638442553745138,1.0189986995153832,0.8126222636786385,1.0,1.0,1.0,1.0,none,0
46,236,14,2026330139,0,0,0,0,0.9637964234275693,1.018678766987599,0.8125374386303816,1.0,1.0,1.0,1.0,none,0
46,236,15,2026330140,0,0,0,0,0.9637420422435938,1.018764078115454,0.8125239028625216,1.0,1.0,1.0,1.0,none,0
46,236,16,2026330141,0,0,0,0,0.9637892376334339,1.0186290951332237,0.8124727285561044,1.0,1.0,1.0,1.0,none,0
46,236,17,2026330142,0,0,0,0,0.9638053314151566,1.0187260873471253,0.8124953706801489,1.0,1.0,1.0,1.0,none,0
46,236,18,2026330143,0,0,0,0,0.9639459168909017,1.018734716140992,0.8125384950811515,1.0,1.0,1.0,1.0,none,0
46,236,19,2026330144,0,0,0,0,0.963813592082604,1.0188209235220724,0.8125397844233461,1.0,1.0,1.0,1.0,none,0
46,241,0,2026335170,0,0,0,0,0.9574865175593141,1.0035253730395672,1.385575308260882,1.0,1.0,1.0,1.0,none,0
46,241,1,2026335171,0,0,0,0,0.9575819418611683,1.0035051335928757,1.385867904172001,1.0,1.0,1.0,1.0,none,0
46,241,2,2026335172,0,0,0,0,0.9578081955805503,1.0035059653866587,1.3857336691500217,1.0,1.0,1.0,1.0,none,0
46,241,3,2026335173,0,0,0,0,0.9579191923667548,1.003532022438751,1.3859143422215203,1.0,1.0,1.0,1.0,none,0
46,241,4,2026335174,0,0,0,0,0.958174790425966,1.003496443977818,1.3857364975447057,1.0,1.0,1.0,1.0,none,0
46,241,5,2026335175,0,0,0,0,0.9579141138780226,1.0035281915604648,1.3857199348860854,1.0,1.0,1.0,1.0,none,0
46,241,6,2026335176,0,0,0,0,0.9577915460512468,1.0035227109019815,1.3857346776193342,1.0,1.0,1.0,1.0,none,0
46,241,7,2026335177,0,0,0,0,0.957710488488913,1.0035328209153416,1.385722308344785,1.0,1.0,1.0,1.0,none,0
46,241,8,2026335178,0,0,0,0,0.9577893639436513,1.0035139709772778,1.385674358123019,1.0,1.0,1.0,1.0,none,0
46,241,9,2026335179,0,0,0,0,0.9578452156520363,1.0034961046519602,1.3853483658784627,1.0,1.0,1.0,1.0,none,0
46,241,10,2026335180,0,0,0,0,0.9578681150947793,1.0035097226479146,1.3858580675195196,1.0,1.0,1.0,1.0,none,0
46,241,11,2026335181,0,0,0,0,0.9578232467665311,1.00353013657105,1.3856877099227192,1.0,1.0,1.0,1.0,none,0
46,241,12,2026335182,0,0,0,0,0.9581521950130175,1.003532010623018,1.385807826962674,1.0,1.0,1.0,1.0,none,0
46,241,13,2026335183,0,0,0,0,0.9575982148898826,1.0034894647278763,1.3855589570933715,1.0,1.0,1.0,1.0,none,0
46,241,14,2026335184,0,0,0,0,0.957639395046998,1.0035204813577798,1.3857760996839126,1.0,1.0,1.0,1.0,none,0
46,241,15,2026335185,0,0,0,0,0.9580797032958849,1.0035116785574576,1.3857966719977046,1.0,1.0,1.0,1.0,none,0
46,241,16,2026335186,0,0,0,0,0.9576163793050555,1.0035002168997662,1.3859341091910198,1.0,1.0,1.0,1.0,none,0
46,241,17,2026335187,0,0,0,0,0.9580497887295377,1.0035356478173094,1.385554256447366,1.0,1.0,1.0,1.0,none,0
46,241,18,2026335188,0,0,0,0,0.9577223373275073,1.0035077464089943,1.3857123111157847,1.0,1.0,1.0,1.0,none,0
46,241,19,2026335189,0,0,0,0,0.9577960938728614,1.0035099992431065,1.3856632171106193,1.0,1.0,1.0,1.0,none,0
46,245,0,2026339206,0,0,0,0,0.9552978795159239,1.00675416960149,1.463089324833577,1.0,1.0,1.0,1.0,none,0
46,245,1,2026339207,0,0,0,0,0.9554742925482868,1.0067141832584396,1.4630447548690733,1.0,1.0,1.0,1.0,none,0
46,245,2,2026339208,0,0,0,0,0.9560489680765439,1.0067036780351972,1.463239515231444,1.0,1.0,1.0,1.0,none,0
46,245,3,2026339209,0,0,0,0,0.9551175771048381,1.0067209791703262,1.462783578419178,1.0,1.0,1.0,1.0,none,0
46,245,4,2026339210,0,0,0,0,0.9554574917609454,1.006749291755892,1.463188817129436,1.0,1.0,1.0,1.0,none,0
46,245,5,2026339211,0,0,0,0,0.9555816692508167,1.0067246282679283,1.463264216342642,1.0,1.0,1.0,1.0,none,0
46,245,6,2026339212,0,0,0,0,0.9557267297780034,1.0067229945440332,1.4633328718580094,1.0,1.0,1.0,1.0,none,0
46,245,7,2026339213,0,0,0,0,0.955612169314953,1.0067237256017731,1.4629159605263389,1.0,1.0,1.0,1.0,none,0
46,245,8,2026339214,0,0,0,0,0.9553185547655421,1.0067346249554479,1.4631154024253068,1.0,1.0,1.0,1.0,none,0
46,245,9,2026339215,0,0,0,0,0.9552711157441449,1.0067253332736172,1.4629791890237855,1.0,1.0,1.0,1.0,none,0
46,245,10,2026339216,0,0,0,0,0.955665311679136,1.0067229395626893,1.4629850953453336,1.0,1.0,1.0,1.0,none,0
46,245,11,2026339217,0,0,0,0,0.955402792349636,1.0067385716368495,1.463064794862528,1.0,1.0,1.0,1.0,none,0
46,245,12,2026339218,0,0,0,0,0.955401674656972,1.0067213125227996,1.4631091170080646,1.0,1.0,1.0,1.0,none,0
46,245,13,2026339219,0,0,0,0,0.9553449288412409,1.006753422742244,1.4628956206110872,1.0,1.0,1.0,1.0,none,0
46,245,14,2026339220,0,0,0,0,0.9556635720393849,1.0067362115852028,1.4634483253237323,1.0,1.0,1.0,1.0,none,0
46,245,15,2026339221,0,0,0,0,0.955374130651988,1.0067613389668602,1.4631723218635295,1.0,1.0,1.0,1.0,none,0
46,245,16,2026339222,0,0,0,0,0.9550049238313848,1.0067084457649205,1.4629308804215495,1.0,1.0,1.0,1.0,none,0
46,245,17,2026339223,0,0,0,0,0.9550002718372097,1.006725776208014,1.4631045087144696,1.0,1.0,1.0,1.0,none,0
46,245,18,2026339224,0,0,0,0,0.9555000596454923,1.0067253817357567,1.4631443289680193,1.0,1.0,1.0,1.0,none,0
46,245,19,2026339225,0,0,0,0,0.9555599571853243,1.0067039522208223,1.463248179708314,1.0,1.0,1.0,1.0,none,0
46,257,0,2026351314,0,0,0,0,0.9616208955975497,1.0208026969546595,0.8620860767302172,1.0,1.0,1.0,1.0,none,0
46,257,1,2026351315,0,0,0,0,0.9616486718742673,1.0209466130273794,0.8621608408795259,1.0,1.0,1.0,1.0,none,0
46,257,2,2026351316,0,0,0,0,0.9614041279037249,1.0209444409200736,0.8620279596606812,1.0,1.0,1.0,1.0,none,0
46,257,3,2026351317,0,0,0,0,0.9614041712154895,1.0207595894040788,0.8620163287714909,1.0,1.0,1.0,1.0,none,0
46,257,4,2026351318,0,0,0,0,0.9610505778267555,1.0208480089094805,0.8620740569178541,1.0,1.0,1.0,1.0,none,0
46,257,5,2026351319,0,0,0,0,0.9613220508809597,1.0209441259331669,0.8621207169049523,1.0,1.0,1.0,1.0,none,0
46,257,6,2026351320,0,0,0,0,0.9615553305716424,1.020843669005788,0.8620675305191757,1.0,1.0,1.0,1.0,none,0
46,257,7,2026351321,0,0,0,0,0.9615077531681352,1.020906465584546,0.8621901339747449,1.0,1.0,1.0,1.0,none,0
46,257,8,2026351322,0,0,0,0,0.9615194914252222,1.02065529067994,0.8621166730327492,1.0,1.0,1.0,1.0,none,0
46,257,9,2026351323,0,0,0,0,0.9613165646066952,1.0207408901108568,0.8620834176693679,1.0,1.0,1.0,1.0,none,0
46,257,10,2026351324,0,0,0,0,0.9612306555569579,1.020946594019298,0.8621210667291072,1.0,1.0,1.0,1.0,none,0
46,257,11,2026351325,0,0,0,0,0.9616619459764486,1.0207244551805332,0.8621758635329597,1.0,1.0,1.0,1.0,none,0
46,257,12,2026351326,0,0,0,0,0.961636626595187,1.0209088632992338,0.86209631992599,1.0,1.0,1.0,1.0,none,0
46,257,13,2026351327,0,0,0,0,0.961522484553575,1.0208781626919738,0.8620886922499349,1.0,1.0,1.0,1.0,none,0
46,257,14,2026351328,0,0,0,0,0.9616597302965134,1.0210401909731295,0.8621016188814753,1.0,1.0,1.0,1.0,none,0
46,257,15,2026351329,0,0,0,0,0.9618765605435864,1.0207668361253603,0.8621622454449799,1.0,1.0,1.0,1.0,none,0
46,257,16,2026351330,0,0,0,0,0.9614604970949121,1.0208419930121797,0.8620937094503954,1.0,1.0,1.0,1.0,none,0
46,257,17,2026351331,0,0,0,0,0.9611872135270524,1.021089115324335,0.8620741383236006,1.0,1.0,1.0,1.0,none,0
46,257,18,2026351332,0,0,0,0,0.961980739356644,1.0208635999464841,0.862189687233833,1.0,1.0,1.0,1.0,none,0
46,257,19,2026351333,0,0,0,0,0.9612630075857416,1.0209601031038131,0.86210361832821,1.0,1.0,1.0,1.0,none,0
46,282,0,2026376539,0,0,0,0,0.9519997157066921,1.007748109906285,1.6265157351863584,1.0,1.0,1.0,1.0,none,0
46,282,1,2026376540,0,0,0,0,0.9527301816880562,1.007766864820887,1.6267568662955922,1.0,1.0,1.0,1.0,none,0
46,282,2,2026376541,0,0,0,0,0.9529100781510061,1.0077848273259868,1.626843551017656,1.0,1.0,1.0,1.0,none,0
46,282,3,2026376542,0,0,0,0,0.952550101573422,1.007790749568766,1.626054814888958,1.0,1.0,1.0,1.0,none,0
46,282,4,2026376543,0,0,0,0,0.9529966904695081,1.0077580708105704,1.626241722046959,1.0,1.0,1.0,1.0,none,0
46,282,5,2026376544,0,0,0,0,0.9525550323674751,1.0077247770630922,1.6264308468836752,1.0,1.0,1.0,1.0,none,0
46,282,6,2026376545,0,0,0,0,0.9525458994789091,1.0077502477570046,1.626176822874528,1.0,1.0,1.0,1.0,none,0
46,282,7,2026376546,0,0,0,0,0.952518945337102,1.0077538643963257,1.626170777589352,1.0,1.0,1.0,1.0,none,0
46,282,8,2026376547,0,0,0,0,0.9524755092570509,1.0077702512084201,1.6265813568051417,1.0,1.0,1.0,1.0,none,0
46,282,9,2026376548,0,0,0,0,0.9529972208234639,1.007766057890779,1.626387217258787,1.0,1.0,1.0,1.0,none,0
46,282,10,2026376549,0,0,0,0,0.9525599979418058,1.0077671473499243,1.626594910090292,1.0,1.0,1.0,1.0,none,0
46,282,11,2026376550,0,0,0,0,0.9528905533836377,1.0077782804481366,1.62597408228188,1.0,1.0,1.0,1.0,none,0
46,282,12,2026376551,0,0,0,0,0.952448245806172,1.0077630670348172,1.6264185950009717,1.0,1.0,1.0,1.0,none,0
46,282,13,2026376552,0,0,0,0,0.9523010828462312,1.0077525698670795,1.6264274040218816,1.0,1.0,1.0,1.0,none,0
46,282,14,2026376553,0,0,0,0,0.9525882065671313,1.007751928149156,1.6266045678734062,1.0,1.0,1.0,1.0,none,0
46,282,15,2026376554,0,0,0,0,0.9527857097523715,1.0077844036686852,1.6268822833263783,1.0,1.0,1.0,1.0,none,0
46,282,16,2026376555,0,0,0,0,0.9524393202857044,1.0077461208191958,1.6264111575452167,1.0,1.0,1.0,1.0,none,0
46,282,17,2026376556,0,0,0,0,0.9526219326338485,1.007769632502441,1.626484028547507,1.0,1.0,1.0,1.0,none,0
46,282,18,2026376557,0,0,0,0,0.9520836577666999,1.0077542890573938,1.6261335410152842,1.0,1.0,1.0,1.0,none,0
46,282,19,2026376558,0,0,0,0,0.9524257530588202,1.0077789369604466,1.6264992693830083,1.0,1.0,1.0,1.0,none,0
46,295,0,2026389656,0,0,0,0,0.9509714958733149,1.0,2.0383621957759996,1.0,1.0,1.0,1.0,none,0
46,295,1,2026389657,0,0,0,0,0.9518998759587617,1.0,2.0406999891918853,1.0,1.0,1.0,1.0,none,0
46,295,2,2026389658,0,0,0,0,0.951458619712611,1.0,2.0402052393488375,1.0,1.0,1.0,1.0,none,0
46,295,3,2026389659,0,0,0,0,0.9511239549039618,1.0,2.0375726289255054,1.0,1.0,1.0,1.0,none,0
46,295,4,2026389660,0,0,0,0,0.9519441240190432,1.0,2.0392086085264522,1.0,1.0,1.0,1.0,none,0
46,295,5,2026389661,0,0,0,0,0.95120578272242,1.0,2.040220890666536,1.0,1.0,1.0,1.0,none,0
46,295,6,2026389662,0,0,0,0,0.9508758979303439,1.0,2.038752547157961,1.0,1.0,1.0,1.0,none,0
46,295,7,2026389663,0,0,0,0,0.9517106070370464,1.0,2.03801782502466,1.0,1.0,1.0,1.0,none,0
46,295,8,2026389664,0,0,0,0,0.951348512716738,1.0,2.037993125310892,1.0,1.0,1.0,1.0,none,0
46,295,9,2026389665,0,0,0,0,0.9515897429866557,1.0,2.037818624324115,1.0,1.0,1.0,1.0,none,0
46,295,10,2026389666,0,0,0,0,0.9506987380259889,1.0,2.038729489698047,1.0,1.0,1.0,1.0,none,0
46,295,11,2026389667,0,0,0,0,0.9520296723051095,1.0,2.0397299806051414,1.0,1.0,1.0,1.0,none,0
46,295,12,2026389668,0,0,0,0,0.9514162379565889,1.0,2.0407232647295697,1.0,1.0,1.0,1.0,none,0
46,295,13,2026389669,0,0,0,0,0.9512437047088756,1.0,2.0403859749350217,1.0,1.0,1.0,1.0,none,0
46,295,14,2026389670,0,0,0,0,0.9515097857324816,1.0,2.039877915114364,1.0,1.0,1.0,1.0,none,0
46,295,15,2026389671,0,0,0,0,0.9515329163735614,1.0,2.039297401496185,1.0,1.0,1.0,1.0,none,0
46,295,16,2026389672,0,0,0,0,0.9509262540758615,1.0,2.0390198338973082,1.0,1.0,1.0,1.0,none,0
46,295,17,2026389673,0,0,0,0,0.9516578100380128,1.0,2.0389170629210747,1.0,1.0,1.0,1.0,none,0
46,295,18,2026389674,0,0,0,0,0.9511462616164973,1.0,2.0401049517338286,1.0,1.0,1.0,1.0,none,0
46,295,19,2026389675,0,0,0,0,0.9513165439063963,1.0,2.041646287342702,1.0,1.0,1.0,1.0,none,0
46,299,0,2026393692,0,0,0,0,0.9576389312562923,1.0,1.1990330399285534,1.0,1.0,1.0,1.0,none,0
46,299,1,2026393693,0,0,0,0,0.9577698391769262,1.0,1.19912127668868,1.0,1.0,1.0,1.0,none,0
46,299,2,2026393694,0,0,0,0,0.9574018732412005,1.0,1.1989762106483461,1.0,1.0,1.0,1.0,none,0
46,299,3,2026393695,0,0,0,0,0.9574103846156694,1.0,1.1990278753330115,1.0,1.0,1.0,1.0,none,0
46,299,4,2026393696,0,0,0,0,0.9572006097090225,1.0,1.1990576767544237,1.0,1.0,1.0,1.0,none,0
46,299,5,2026393697,0,0,0,0,0.9578048158487148,1.0,1.199210216354095,1.0,1.0,1.0,1.0,none,0
46,299,6,2026393698,0,0,0,0,0.9575963129942944,1.0,1.1991603820731795,1.0,1.0,1.0,1.0,none,0
46,299,7,2026393699,0,0,0,0,0.9576342423772942,1.0,1.1990519187912094,1.0,1.0,1.0,1.0,none,0
46,299,8,2026393700,0,0,0,0,0.9577831946010014,1.0,1.1991347125657672,1.0,1.0,1.0,1.0,none,0
46,299,9,2026393701,0,0,0,0,0.9577612175212799,1.0,1.1993854256959604,1.0,1.0,1.0,1.0,none,0
46,299,10,2026393702,0,0,0,0,0.9574143481434773,1.0,1.1991246885781948,1.0,1.0,1.0,1.0,none,0
46,299,11,2026393703,0,0,0,0,0.9573564534901569,1.0,1.199104838728419,1.0,1.0,1.0,1.0,none,0
46,299,12,2026393704,0,0,0,0,0.9578605528625209,1.0,1.1990814107727898,1.0,1.0,1.0,1.0,none,0
46,299,13,2026393705,0,0,0,0,0.9572593545974908,1.0,1.1992159441650267,1.0,1.0,1.0,1.0,none,0
46,299,14,2026393706,0,0,0,0,0.9575242922063165,1.0,1.199200724138367,1.0,1.0,1.0,1.0,none,0
46,299,15,2026393707,0,0,0,0,0.9575589114953951,1.0,1.1992652415305178,1.0,1.0,1.0,1.0,none,0
46,299,16,2026393708,0,0,0,0,0.9577011534506574,1.0,1.1992926763214664,1.0,1.0,1.0,1.0,none,0
46,299,17,2026393709,0,0,0,0,0.9577193972879053,1.0,1.1991068041636894,1.0,1.0,1.0,1.0,none,0
46,299,18,2026393710,0,0,0,0,0.9579334049135025,1.0,1.199267715886705,1.0,1.0,1.0,1.0,none,0
46,299,19,2026393711,0,0,0,0,0.9575076618882988,1.0,1.199123133514995,1.0,1.0,1.0,1.0,none,0
