candidate_id,scenario_index,mismatch_id,mismatch_seed,pv_s_scale,svc_q_scale,cap_total_mvar,r_std,x_std,load_std,pv_std,topology_reconfiguration,mean_r_multiplier,mean_x_multiplier,load_multiplier,pv_multiplier,risk,under_steps,over_steps,pf_fail,projection_failures,intervention_rate,daily_loss_mwh,actual_vmin,actual_vmax
100,0,0,2026091801,0.45,0.375,0.0,0.1,0.1,0.05,0.05,none,0.9889967592218081,1.0363994700919803,1.0017081933725862,0.9425052335361234,0,0,0,0,0,0.0,0.8889621108038046,0.9630705370410382,1.0013913597781556
100,0,1,2026091802,0.45,0.375,0.0,0.1,0.1,0.05,0.05,none,0.9962807048015033,0.9762384048164686,1.093008165825665,1.0333582246357056,0,0,0,0,0,0.0,1.1405616869727588,0.9596989143313727,1.0016138087860706
100,0,2,2026091803,0.45,0.375,0.0,0.1,0.1,0.05,0.05,none,1.0060888371384116,0.9730445374151065,1.0175059850596113,0.9850925603579922,0,0,0,0,0,0.0,0.900471646564197,0.9646307714292215,1.0020155901567243
100,0,3,2026091804,0.45,0.375,0.0,0.1,0.1,0.05,0.05,none,1.0033446561941979,1.0010961419707638,0.9804974886836634,1.0550128384114694,0,0,0,0,0,0.0,0.913401077688281,0.9621441781977388,1.0020826967639676
100,0,4,2026091805,0.45,0.375,0.0,0.1,0.1,0.05,0.05,none,1.0069221146578282,1.0026512588060241,1.08303764220964,0.939413046090093,0,0,0,0,0,0.0,1.0715108104341091,0.9616412058293164,1.001110273626577
100,0,5,2026091806,0.45,0.375,0.0,0.1,0.1,0.05,0.05,none,1.0076181417536656,0.9972807514879373,1.0443312004014336,0.9665335812519337,0,0,0,0,0,0.0,1.0240099990968592,0.9619727044653777,1.0014065504358323
100,0,6,2026091807,0.45,0.375,0.0,0.1,0.1,0.05,0.05,none,1.0281076678247543,1.0019363691485061,0.9636295955122052,1.1218049888237394,0,0,0,0,0,0.0,0.8787844033593463,0.9619279160170522,1.0027752135291816
100,0,7,2026091808,0.45,0.375,0.0,0.1,0.1,0.05,0.05,none,1.0123118615190798,1.0147043761497327,1.0304933779367527,0.9679493476973527,0,0,0,0,0,0.0,1.076521767171524,0.9581821770006306,1.0015530142922036
100,0,8,2026091809,0.45,0.375,0.0,0.1,0.1,0.05,0.05,none,1.000476243277857,0.9932359322061797,0.9583696928160006,1.0179857527291252,0,0,0,0,0,0.0,0.8275007008499898,0.9641787371212606,1.0022463829950017
100,0,9,2026091810,0.45,0.375,0.0,0.1,0.1,0.05,0.05,none,0.9978372126063686,0.9922205664191598,1.0608452111750875,0.9793466459775978,0,0,0,0,0,0.0,0.9885898788287454,0.9637785618807245,1.001605456092519
100,0,10,2026091811,0.45,0.375,0.0,0.1,0.1,0.05,0.05,none,0.9903338102568245,1.0037220914405145,1.0234983111130693,1.0034512693331532,0,0,0,0,0,0.0,0.9689586522109662,0.9618057363611293,1.0017054170532684
100,0,11,2026091812,0.45,0.375,0.0,0.1,0.1,0.05,0.05,none,0.9956996041717471,1.0123034240279487,1.009237412877944,1.1004489610627894,0,0,0,0,0,0.0,0.9450793094301987,0.961714788669456,1.0023969367139611
100,0,12,2026091813,0.45,0.375,0.0,0.1,0.1,0.05,0.05,none,0.9903889077156555,1.0197399028974827,0.9830756310778348,0.9969508426136476,0,0,0,0,0,0.0,0.8390047618107727,0.96503982323662,1.0016290450126615
100,0,13,2026091814,0.45,0.375,0.0,0.1,0.1,0.05,0.05,none,1.0058515372536767,0.9993799940720951,1.012883741026731,1.0174642987793532,0,0,0,0,0,0.0,0.9773124990087465,0.9611356134008249,1.0019902706832318
100,0,14,2026091815,0.45,0.375,0.0,0.1,0.1,0.05,0.05,none,0.9830333009103916,1.0002297677567988,1.0286864886325722,0.9249314943245451,0,0,0,0,0,0.0,0.948618755335856,0.963696492550113,1.0013030182279548
100,0,15,2026091816,0.45,0.375,0.0,0.1,0.1,0.05,0.05,none,0.9878506366022383,1.0235985043236053,1.1043625034652162,0.9850688509714395,0,0,0,0,0,0.0,1.0812137266126978,0.9624713532481811,1.001493071393327
100,0,16,2026091817,0.45,0.375,0.0,0.1,0.1,0.05,0.05,none,0.9802011232502715,1.0047048076204208,1.0331354624518914,1.0224968051208851,0,0,0,0,0,0.0,1.0082567993434781,0.9618452727492016,1.0017060908499633
100,0,17,2026091818,0.45,0.375,0.0,0.1,0.1,0.05,0.05,none,0.9991995767398845,1.000316733735941,1.0348893879358085,0.9301525884726269,0,0,0,0,0,0.0,0.9710554162050831,0.9632439628394082,1.0014233175881238
100,0,18,2026091819,0.45,0.375,0.0,0.1,0.1,0.05,0.05,none,1.010062239207677,1.002511699313374,0.9865363827179132,0.992564513795951,0,0,0,0,0,0.0,0.8770770150474902,0.9638694353951751,1.001902032980671
100,0,19,2026091820,0.45,0.375,0.0,0.1,0.1,0.05,0.05,none,1.0011504335099028,1.0241966228840402,0.9352217463992087,1.0284670292533187,0,0,0,0,0,0.0,0.8034033924958166,0.9630149625958627,1.0022929814146422
100,1,0,2026092810,0.45,0.375,0.0,0.1,0.1,0.05,0.05,none,0.9750701020667297,0.9913815410816361,0.9643819409075606,0.974958894789504,0,0,0,0,0,0.0,2.3618416553864585,0.9554107269656028,1.0
100,1,1,2026092811,0.45,0.375,0.0,0.1,0.1,0.05,0.05,none,0.9955434861078069,1.0274723048920387,1.0238698030200035,0.959020153853565,0,0,0,0,0,0.0,2.813345519354399,0.9520603104160692,1.0
100,1,2,2026092812,0.45,0.375,0.0,0.1,0.1,0.05,0.05,none,0.9821753374918364,1.0096993145772195,1.0690843379591108,1.0173129012940922,0,0,0,0,0,0.0,2.944466680821966,0.9503770298064268,1.0
100,1,3,2026092813,0.45,0.375,0.0,0.1,0.1,0.05,0.05,none,0.9892911178879423,1.035976470534268,1.014251705601933,1.0276216167473466,0,0,0,0,0,0.0,2.7625748794288185,0.9505307608104753,1.0
100,1,4,2026092814,0.45,0.375,0.0,0.1,0.1,0.05,0.05,none,1.0062138706455113,0.9704687183995101,1.0235689002570312,0.913932753790876,1,24,0,0,0,0.0,2.999553544013969,0.9479639971562605,1.0
100,1,5,2026092815,0.45,0.375,0.0,0.1,0.1,0.05,0.05,none,1.0032836540114345,1.0069695170783461,0.9948173981479156,1.0052882325261239,0,0,0,0,0,0.0,2.542431800607245,0.9544064945991414,1.0
100,1,6,2026092816,0.45,0.375,0.0,0.1,0.1,0.05,0.05,none,1.015744106770369,0.998460503604598,1.0186452991779469,1.0009616306358817,1,4,0,0,0,0.0,2.920120267440632,0.9494165534415276,1.0
100,1,7,2026092817,0.45,0.375,0.0,0.1,0.1,0.05,0.05,none,0.9574522027074377,1.0019504194141629,0.9309389692465325,1.0374023427511179,0,0,0,0,0,0.22916666666666666,3.306803724482112,0.9550848029372785,1.0489349510398776
100,1,8,2026092818,0.45,0.375,0.0,0.1,0.1,0.05,0.05,none,1.0301034234028408,0.9908240571425756,0.966223297784483,0.9131758926796765,0,0,0,0,0,0.0,2.5467039718020095,0.9533068745374341,1.0
100,1,9,2026092819,0.45,0.375,0.0,0.1,0.1,0.05,0.05,none,0.9646955849703485,1.008370142661812,1.0814939801348726,0.9736081548053686,1,7,0,0,0,0.0,3.2227650315649496,0.9488472582191164,1.0
100,1,10,2026092820,0.45,0.375,0.0,0.1,0.1,0.05,0.05,none,1.010130231485679,0.9921481344267907,1.0538080148600188,1.0282503539044383,1,51,0,0,0,0.0,3.143301458450049,0.9458891344068028,1.0
100,1,11,2026092821,0.45,0.375,0.0,0.1,0.1,0.05,0.05,none,1.0036942323710558,0.973539824142658,1.0048306314606332,0.9531590097450731,0,0,0,0,0,0.0,2.7943502492784953,0.9519493153139652,1.0
100,1,12,2026092822,0.45,0.375,0.0,0.1,0.1,0.05,0.05,none,1.0026751532942069,1.0180372155385153,1.045344316992607,1.0031259824225824,1,46,0,0,0,0.0,3.1513126447448734,0.9463556758260079,1.0
100,1,13,2026092823,0.45,0.375,0.0,0.1,0.1,0.05,0.05,none,1.0232430100269445,1.0144916989123567,1.0482153472802742,1.0548274683221328,1,38,0,0,0,0.0,3.0692314987409777,0.9467924015015613,1.0
100,1,14,2026092824,0.45,0.375,0.0,0.1,0.1,0.05,0.05,none,1.0050509721814969,0.984259906871883,1.0442748969336189,1.0144341703103963,0,0,0,0,0,0.0,2.929126992276382,0.9512903829042136,1.0
100,1,15,2026092825,0.45,0.375,0.0,0.1,0.1,0.05,0.05,none,1.0059359509387071,0.9796778546687164,0.9034956432489607,1.0305488857382321,0,0,0,0,2,0.59375,5.863646384267462,0.954227588673784,1.0488018431602093
100,1,16,2026092826,0.45,0.375,0.0,0.1,0.1,0.05,0.05,none,1.0155225111512203,1.0283819238179084,0.9220228040719293,1.0267283918537455,1,0,2,0,3,0.375,3.738096225507737,0.9550138601340218,1.0508695610461092
100,1,17,2026092827,0.45,0.375,0.0,0.1,0.1,0.05,0.05,none,1.021674849025522,1.0025111670098903,1.0821403461534305,1.0109050706204865,1,55,0,0,0,0.0,3.3983466307842045,0.9435137097673029,1.0
100,1,18,2026092828,0.45,0.375,0.0,0.1,0.1,0.05,0.05,none,1.0150723464163227,0.9971841085649548,1.0114347490080706,0.9702952586116584,1,4,0,0,0,0.0,2.853642640686981,0.9493917058987809,1.0
100,1,19,2026092829,0.45,0.375,0.0,0.1,0.1,0.05,0.05,none,1.0178506256817828,0.97066553702142,1.0751962517817706,1.0153275509495554,1,53,0,0,0,0.0,3.3543705045366146,0.9446956856535051,1.0
100,2,0,2026093819,0.45,0.375,0.0,0.1,0.1,0.05,0.05,none,1.0068376073801988,1.003920933324885,1.0297679578439154,0.9511727825984772,0,0,0,0,0,0.0,1.628192013837183,0.9569703935732057,1.0009519080258868
100,2,1,2026093820,0.45,0.375,0.0,0.1,0.1,0.05,0.05,none,1.038179135908264,0.9992680192629161,0.9498583310494816,0.905061927235297,0,0,0,0,0,0.0,1.35252696076431,0.9607550885800938,1.0008852499575835
100,2,2,2026093821,0.45,0.375,0.0,0.1,0.1,0.05,0.05,none,0.96391099932309,0.9963325161258306,1.022060114807026,1.114613492590722,0,0,0,0,0,0.0,1.4871803573556102,0.9598890825113262,1.001888707481537
100,2,3,2026093822,0.45,0.375,0.0,0.1,0.1,0.05,0.05,none,0.9966631679953777,0.9969897509962973,1.0458561296972022,0.9550766475099396,0,0,0,0,0,0.0,1.7915427607571695,0.954348541563581,1.0006779266468968
100,2,4,2026093823,0.45,0.375,0.0,0.1,0.1,0.05,0.05,none,0.9838099152049741,1.017366377889382,1.0034485936342645,1.1062417268014682,0,0,0,0,0,0.0,1.6098276208938742,0.956191142632219,1.0018051218860022
100,2,5,2026093824,0.45,0.375,0.0,0.1,0.1,0.05,0.05,none,1.0111428014966741,0.9775984983413158,0.9386584925774516,1.0665186158026785,0,0,0,0,0,0.0,1.3548813800843424,0.9594069708653014,1.0025949367148252
100,2,6,2026093825,0.45,0.375,0.0,0.1,0.1,0.05,0.05,none,1.0008517974138194,1.0035668922331378,1.0522540314954096,0.9244384399948065,0,0,0,0,0,0.0,1.7902356214005415,0.956904658007114,1.000507005017535
100,2,7,2026093826,0.45,0.375,0.0,0.1,0.1,0.05,0.05,none,1.015760272310287,0.9931501671766965,0.9657684875444493,0.9731770860884624,0,0,0,0,0,0.0,1.436766901313196,0.9586198665435591,1.0013764805702816
100,2,8,2026093827,0.45,0.375,0.0,0.1,0.1,0.05,0.05,none,0.9881629625157949,0.9925593592832452,1.056230001005784,0.9780978316470516,0,0,0,0,0,0.0,1.7488135538234142,0.9563469711076864,1.0008515612212514
100,2,9,2026093828,0.45,0.375,0.0,0.1,0.1,0.05,0.05,none,1.0167820911470289,1.0175276389104893,1.132095023797478,0.9914286414065194,0,0,0,0,0,0.0,2.0776046706317626,0.9542657018067026,1.000451531669696
100,2,10,2026093829,0.45,0.375,0.0,0.1,0.1,0.05,0.05,none,0.9994402848764555,0.9895402957507179,0.9512077940114694,0.9826625323570946,0,0,0,0,0,0.0,1.4165377737535643,0.9583943272144944,1.0011673429708314
100,2,11,2026093830,0.45,0.375,0.0,0.1,0.1,0.05,0.05,none,1.0174353259068072,0.9853904907738088,1.1031065879398656,0.8889273767610164,0,0,0,0,0,0.0,2.06591658377157,0.9529197199338708,1.0
100,2,12,2026093831,0.45,0.375,0.0,0.1,0.1,0.05,0.05,none,0.9715021116693732,0.9798564997914483,1.028035458395571,0.9351341747615022,0,0,0,0,0,0.0,1.5487102418926832,0.959841398932695,1.0006496306990755
100,2,13,2026093832,0.45,0.375,0.0,0.1,0.1,0.05,0.05,none,1.001129673863791,1.0151452909705632,1.0702503181175036,1.0508160757529965,0,0,0,0,0,0.0,1.8575201049475836,0.9542130188187142,1.0011199866469422
100,2,14,2026093833,0.45,0.375,0.0,0.1,0.1,0.05,0.05,none,1.0046078002158303,0.9922707604614168,1.0598353112859007,1.085173084791014,0,0,0,0,0,0.0,1.888431919573104,0.9524110445228446,1.0011426794075347
100,2,15,2026093834,0.45,0.375,0.0,0.1,0.1,0.05,0.05,none,0.9997149142306817,0.9861513107405455,0.892260762494501,1.0466529195434373,0,0,0,0,0,0.0,1.2058111976827033,0.9604691548418666,1.0022228100859751
100,2,16,2026093835,0.45,0.375,0.0,0.1,0.1,0.05,0.05,none,0.9974949802519275,0.9730067817443347,1.1453160370586688,1.005030900171067,0,0,0,0,0,0.0,2.187338095025569,0.9531788951404574,1.000663932779254
100,2,17,2026093836,0.45,0.375,0.0,0.1,0.1,0.05,0.05,none,0.9990224477289337,1.0224110835800664,1.051714745224683,0.9832253284136238,0,0,0,0,0,0.0,1.7885775197352574,0.9552391034278657,1.000922065549603
100,2,18,2026093837,0.45,0.375,0.0,0.1,0.1,0.05,0.05,none,1.0296446100719543,0.9802761024437872,1.0063508339984206,0.9458312777004148,0,0,0,0,0,0.0,1.605697498473259,0.9584837002079625,1.0007786862440253
100,2,19,2026093838,0.45,0.375,0.0,0.1,0.1,0.05,0.05,none,1.0059635068978903,1.010203351030038,0.9843914968153441,1.005642380084285,0,0,0,0,0,0.0,1.482127985684015,0.9589848889636312,1.0011033565344822
100,3,0,2026094828,0.45,0.375,0.0,0.1,0.1,0.05,0.05,none,0.9839763986272074,0.9929164832083185,0.9867571753663931,0.9820620315746132,0,0,0,0,0,0.0,2.305687705781213,0.9543427009095612,1.0
100,3,1,2026094829,0.45,0.375,0.0,0.1,0.1,0.05,0.05,none,1.0279532286414819,0.9936989684606927,1.0778638872335444,0.9910364507155465,1,12,0,0,0,0.0,2.9543091340630134,0.9488594098373011,1.0
100,3,2,2026094830,0.45,0.375,0.0,0.1,0.1,0.05,0.05,none,1.0171488682975622,1.008676744014774,1.0463344422663148,1.0342038613753315,0,0,0,0,0,0.0,2.585932927104716,0.9514568103357627,1.0
100,3,3,2026094831,0.45,0.375,0.0,0.1,0.1,0.05,0.05,none,1.0092117407591963,1.010869306684495,0.9758353584445152,1.077116380234679,0,0,0,0,0,0.0,2.164938614646625,0.9547630414171179,1.0
100,3,4,2026094832,0.45,0.375,0.0,0.1,0.1,0.05,0.05,none,0.9860448027153917,1.0122305746625953,1.0509471621204864,0.9050346032073505,0,0,0,0,0,0.0,2.6599226105169516,0.9516153924633288,1.0
100,3,5,2026094833,0.45,0.375,0.0,0.1,0.1,0.05,0.05,none,1.005031794465642,1.0155226854793846,1.0241043658272255,0.9982356080707377,0,0,0,0,0,0.0,2.589864368045356,0.9519497463435326,1.0
100,3,6,2026094834,0.45,0.375,0.0,0.1,0.1,0.05,0.05,none,1.028849267457331,1.0081688565920246,0.9783043811429302,1.0269971901077664,0,0,0,0,0,0.0,2.299930105227383,0.9535732299417183,1.0
100,3,7,2026094835,0.45,0.375,0.0,0.1,0.1,0.05,0.05,none,1.0008648619763594,0.9814376363890605,1.0635829559464711,1.0722065557052685,1,42,0,0,0,0.0,2.9130967397780694,0.946054246647054,1.0
100,3,8,2026094836,0.45,0.375,0.0,0.1,0.1,0.05,0.05,none,1.0086699451715901,1.0009309729585791,0.9910052159187566,1.0136336825972212,0,0,0,0,0,0.0,2.3915084225659875,0.9532160386027475,1.0
100,3,9,2026094837,0.45,0.375,0.0,0.1,0.1,0.05,0.05,none,1.0258822376763836,1.0201276889711552,1.0452977102040868,0.9741577811811398,1,7,0,0,0,0.0,2.788085955132563,0.9494329345295249,1.0
100,3,10,2026094838,0.45,0.375,0.0,0.1,0.1,0.05,0.05,none,0.9773293388902354,0.9795901435630251,0.9358798130941404,1.0051586245402233,0,0,0,0,0,0.0,1.834539854681696,0.9575330461451707,1.0
100,3,11,2026094839,0.45,0.375,0.0,0.1,0.1,0.05,0.05,none,1.0074594966511554,1.0224809025372328,1.082316465275969,1.028371744119069,1,2,0,0,0,0.0,2.809942761345347,0.9496751037892157,1.0
100,3,12,2026094840,0.45,0.375,0.0,0.1,0.1,0.05,0.05,none,1.0133956713006198,1.0006571135113314,1.0209426472308087,0.9375943086013869,0,0,0,0,0,0.0,2.508510523577256,0.9524111517206001,1.0
100,3,13,2026094841,0.45,0.375,0.0,0.1,0.1,0.05,0.05,none,1.0088960227123764,0.9932736387314067,1.0052460332224438,0.9499842722506822,0,0,0,0,0,0.0,2.4942643889391403,0.9513675278302988,1.0
100,3,14,2026094842,0.45,0.375,0.0,0.1,0.1,0.05,0.05,none,1.0164096018924638,0.9922910354606373,0.9544277080004494,1.0625293225216965,0,0,0,0,0,0.0,2.0565940705626,0.9569649162867354,1.0
100,3,15,2026094843,0.45,0.375,0.0,0.1,0.1,0.05,0.05,none,1.0091027490125435,1.0083640562995875,1.0553784558436412,1.007467011292428,0,0,0,0,0,0.0,2.670408199858157,0.952417689150119,1.0
100,3,16,2026094844,0.45,0.375,0.0,0.1,0.1,0.05,0.05,none,1.011447851491728,0.9896945358659087,0.915370011392904,0.9968016714726319,0,0,0,0,0,0.0,1.9519879578118373,0.9551617506074268,1.0
100,3,17,2026094845,0.45,0.375,0.0,0.1,0.1,0.05,0.05,none,0.9902877055241901,0.9779199432033518,1.0590199456275957,0.965074291925527,0,0,0,0,0,0.0,2.643709882601779,0.9515934479221576,1.0
100,3,18,2026094846,0.45,0.375,0.0,0.1,0.1,0.05,0.05,none,0.9742756611420502,0.9753229848002868,0.9977058526862308,1.0131257909720073,0,0,0,0,0,0.0,2.1838805378171324,0.9572027092517882,1.0
100,3,19,2026094847,0.45,0.375,0.0,0.1,0.1,0.05,0.05,none,0.9950404727835697,0.9957511837725463,1.0752951902038723,1.1263376494112287,0,0,0,0,0,0.0,2.7986961836179027,0.9506860013612549,1.0
100,4,0,2026095837,0.45,0.375,0.0,0.1,0.1,0.05,0.05,none,1.0073137069977274,0.9825875886370043,1.01427173792534,0.9665861599685073,0,0,0,0,0,0.0,1.6419485508479372,0.9557915910746154,1.0083387320900559
100,4,1,2026095838,0.45,0.375,0.0,0.1,0.1,0.05,0.05,none,1.0047642490924793,1.030088756027601,0.9520713437640131,0.9379158274718208,0,0,0,0,0,0.0,1.552536461329381,0.9546065142765906,1.0075464008573285
100,4,2,2026095839,0.45,0.375,0.0,0.1,0.1,0.05,0.05,none,0.995738148241023,0.9870953624501884,0.9208932831556211,1.015097729108356,0,0,0,0,0,0.0,1.2934422833217782,0.960388184952107,1.0100961843457086
100,4,3,2026095840,0.45,0.375,0.0,0.1,0.1,0.05,0.05,none,0.9850773547601629,0.9912676633664486,1.0572905833673483,0.9383416684150144,0,0,0,0,0,0.0,1.8970805183307327,0.9534603395417953,1.0074693545267495
100,4,4,2026095841,0.45,0.375,0.0,0.1,0.1,0.05,0.05,none,1.04048421556652,1.0222992254994643,0.9401137684535914,1.019785193395073,0,0,0,0,0,0.0,1.5234361746790697,0.9539099497819946,1.0119378768713625
100,4,5,2026095842,0.45,0.375,0.0,0.1,0.1,0.05,0.05,none,0.9910060266876359,0.9782835111820076,1.0493334220873276,0.9414060197176262,0,0,0,0,0,0.0,1.8928640663993568,0.9531670442167717,1.0074060582063267
100,4,6,2026095843,0.45,0.375,0.0,0.1,0.1,0.05,0.05,none,1.022251354186967,0.9997856863095946,0.9758489086322241,1.0208747205011826,0,0,0,0,0,0.0,1.6619917602596972,0.9534443474318263,1.0091493940545604
100,4,7,2026095844,0.45,0.375,0.0,0.1,0.1,0.05,0.05,none,0.9643247674227255,1.0255423189919666,0.9952225338644016,1.025161231538314,0,0,0,0,0,0.0,1.550160190754536,0.957018774869796,1.0089847909930378
100,4,8,2026095845,0.45,0.375,0.0,0.1,0.1,0.05,0.05,none,0.9851585197014036,1.003189073360995,0.980426329476559,0.91894187895131,0,0,0,0,0,0.0,1.5031086214600542,0.9574284224425741,1.0076007359714758
100,4,9,2026095846,0.45,0.375,0.0,0.1,0.1,0.05,0.05,none,1.0316902804228378,0.9977491569258273,0.9832650032456633,0.9415235982712223,0,0,0,0,0,0.0,1.5440308112998902,0.9568888501841838,1.0092438125895478
100,4,10,2026095847,0.45,0.375,0.0,0.1,0.1,0.05,0.05,none,0.9611158462372084,1.0234579003368618,1.0752282567951328,1.08055639491139,0,0,0,0,0,0.0,1.9126239730018855,0.9525488636992694,1.0092035198936495
100,4,11,2026095848,0.45,0.375,0.0,0.1,0.1,0.05,0.05,none,0.9963912521814553,0.9880690813825961,0.936455417509347,1.0318799257421998,0,0,0,0,0,0.0,1.3894106879895005,0.956852322266373,1.010619408232659
100,4,12,2026095849,0.45,0.375,0.0,0.1,0.1,0.05,0.05,none,0.9892638228783418,0.9908127105807231,1.018595031477293,1.073775675193002,0,0,0,0,0,0.0,1.636789886409656,0.957004290163549,1.0108160266213173
100,4,13,2026095850,0.45,0.375,0.0,0.1,0.1,0.05,0.05,none,0.9933764209082685,1.0225783381705957,0.9156386297641518,1.0407284795962055,0,0,0,0,0,0.0,1.2832740891414585,0.9595783233132513,1.0112153730553421
100,4,14,2026095851,0.45,0.375,0.0,0.1,0.1,0.05,0.05,none,1.0046817430892316,0.9735618451155632,1.038989035171373,0.9497538401486401,0,0,0,0,0,0.0,1.7712759919402297,0.9539139395132177,1.007894368197081
100,4,15,2026095852,0.45,0.375,0.0,0.1,0.1,0.05,0.05,none,0.9948546689220304,1.0351255930659011,0.9080466304831427,0.9262903700269817,0,0,0,0,0,0.0,1.3649432250508466,0.9565016808254658,1.0082113627100855
100,4,16,2026095853,0.45,0.375,0.0,0.1,0.1,0.05,0.05,none,1.0077773139148045,1.0011210749380495,1.006151882364902,0.9390756942017193,0,0,0,0,0,0.0,1.7574014521116166,0.9520547898242756,1.0076285757423553
100,4,17,2026095854,0.45,0.375,0.0,0.1,0.1,0.05,0.05,none,0.9896804666669826,0.9882663667300307,0.9466582786776291,0.949311141940119,0,0,0,0,0,0.0,1.4106823053240223,0.9580248393555612,1.008811816042369
100,4,18,2026095855,0.45,0.375,0.0,0.1,0.1,0.05,0.05,none,0.9970738032249582,0.986469254662527,1.0116650381077499,1.0544158004830924,0,0,0,0,0,0.0,1.7155844167707464,0.9536497429140213,1.0102473463534942
100,4,19,2026095856,0.45,0.375,0.0,0.1,0.1,0.05,0.05,none,0.9977903715966382,0.9820324251601305,1.0550711341596182,1.0694779153088274,0,0,0,0,0,0.0,1.79522897225693,0.9552252350213037,1.0104529437705498
100,5,0,2026096846,0.45,0.375,0.0,0.1,0.1,0.05,0.05,none,0.9970568131545174,0.990353110905286,0.9116087337005888,0.9585450879999081,0,0,0,0,0,0.0,0.7051109009779776,0.964346753187106,1.0071813613286498
100,5,1,2026096847,0.45,0.375,0.0,0.1,0.1,0.05,0.05,none,1.0230434651010925,0.9904551262684144,0.9676589711000054,0.9931219616671163,0,0,0,0,0,0.0,0.8883589586554659,0.9604095199862768,1.0061670841362151
100,5,2,2026096848,0.45,0.375,0.0,0.1,0.1,0.05,0.05,none,1.0188727445107175,0.9928646329100071,0.9087414866244906,0.9580117460539487,0,0,0,0,0,0.0,0.7387524062972989,0.9637139470616346,1.007339997425988
100,5,3,2026096849,0.45,0.375,0.0,0.1,0.1,0.05,0.05,none,0.9939432110030477,0.997781049551035,0.9985051459232375,0.9768084027662299,0,0,0,0,0,0.0,0.7956359981916606,0.9647811386087545,1.0056889874033734
100,5,4,2026096850,0.45,0.375,0.0,0.1,0.1,0.05,0.05,none,0.9927573064035518,0.9955365205470198,1.0121271288464173,1.0432675084304677,0,0,0,0,0,0.0,0.9037204807349357,0.9619274849194451,1.0073390568424492
100,5,5,2026096851,0.45,0.375,0.0,0.1,0.1,0.05,0.05,none,1.0017760331436096,1.020315877868295,0.9364149683128711,1.0522055058885391,0,0,0,0,0,0.0,0.7601480025715949,0.9641883763040986,1.00778045052695
100,5,6,2026096852,0.45,0.375,0.0,0.1,0.1,0.05,0.05,none,1.0189413264591187,1.0148026250192141,1.1324554763066053,0.9723893895825775,0,0,0,0,0,0.0,1.0981410510968306,0.9614314659134757,1.0057371995776927
100,5,7,2026096853,0.45,0.375,0.0,0.1,0.1,0.05,0.05,none,1.0195161778813808,0.9717261115527265,1.0435150199115646,0.925328284311302,0,0,0,0,0,0.0,0.9413348094706915,0.9630680673929788,1.0056255687045637
100,5,8,2026096854,0.45,0.375,0.0,0.1,0.1,0.05,0.05,none,1.0278297721642888,0.9903637402940388,1.007190554052218,0.9945321181641216,0,0,0,0,0,0.0,0.8972829555022608,0.9626766968674213,1.0069635590009698
100,5,9,2026096855,0.45,0.375,0.0,0.1,0.1,0.05,0.05,none,1.0099871914164218,0.9850526117815993,1.1006738413431563,1.077894730664088,0,0,0,0,0,0.0,1.0436130730320345,0.9624341201876955,1.0065721239612624
100,5,10,2026096856,0.45,0.375,0.0,0.1,0.1,0.05,0.05,none,0.9914215971508274,0.9797397975646076,1.0757436724885252,1.0414988803099896,0,0,0,0,0,0.0,1.0223074812398907,0.9618393666851631,1.0073207644600215
100,5,11,2026096857,0.45,0.375,0.0,0.1,0.1,0.05,0.05,none,0.9923255754926427,0.9940283680909459,0.9711800683394453,0.9513364543220694,0,0,0,0,0,0.0,0.7796426226455029,0.9643878777100288,1.0058875912935554
100,5,12,2026096858,0.45,0.375,0.0,0.1,0.1,0.05,0.05,none,1.0026332967896283,0.9898224077582717,0.9463804470323192,0.9497959197603725,0,0,0,0,0,0.0,0.7896984485357251,0.9627406362910766,1.006447473657108
100,5,13,2026096859,0.45,0.375,0.0,0.1,0.1,0.05,0.05,none,0.988093851786745,1.0037647250036132,0.9501702064437269,1.0011012163186113,0,0,0,0,0,0.0,0.7413302004766548,0.9634456209651677,1.0063479587467195
100,5,14,2026096860,0.45,0.375,0.0,0.1,0.1,0.05,0.05,none,1.0074634193248146,0.987673204815064,0.9957073866704579,1.0049856558115664,0,0,0,0,0,0.0,0.8740420295677169,0.9615985767602334,1.0067931213971544
100,5,15,2026096861,0.45,0.375,0.0,0.1,0.1,0.05,0.05,none,0.9777681552644044,1.0031114181174323,0.9750287592721192,1.0059494531706565,0,0,0,0,0,0.0,0.8387950494714448,0.96232729679036,1.006523412169487
100,5,16,2026096862,0.45,0.375,0.0,0.1,0.1,0.05,0.05,none,0.9967932663113825,1.006731954155538,1.004906838633004,0.9665261085000575,0,0,0,0,0,0.0,0.8696016226535851,0.9626402545960842,1.0064726545719913
100,5,17,2026096863,0.45,0.375,0.0,0.1,0.1,0.05,0.05,none,1.0122735085722645,0.9672193963165199,1.026190557889414,1.0731723865509504,0,0,0,0,0,0.0,0.8932434747691101,0.963391890247371,1.0064168301649894
100,5,18,2026096864,0.45,0.375,0.0,0.1,0.1,0.05,0.05,none,0.9931863342672366,0.990978445815651,1.0594611425261897,1.0079102441796073,0,0,0,0,0,0.0,0.929456908138906,0.9636007637638077,1.0063008057752636
100,5,19,2026096865,0.45,0.375,0.0,0.1,0.1,0.05,0.05,none,1.0444579075689142,0.978671884972707,1.0299240249942185,0.9199252762061397,0,0,0,0,0,0.0,0.9689491816544025,0.9608056673589362,1.0057536106399525
100,6,0,2026097855,0.45,0.375,0.0,0.1,0.1,0.05,0.05,none,0.9736405195484531,0.9985604829844279,1.011132184097985,0.9257924476193478,0,0,0,0,0,0.0,1.356437533935789,0.9623265359946386,1.0057980456961177
100,6,1,2026097856,0.45,0.375,0.0,0.1,0.1,0.05,0.05,none,0.9982733423893214,0.9962726552477006,0.9857558323989161,0.9531348495964092,0,0,0,0,0,0.0,1.3665397224024967,0.9612786556468771,1.0063309068160373
100,6,2,2026097857,0.45,0.375,0.0,0.1,0.1,0.05,0.05,none,1.0184834208243194,0.9978813809462558,0.919045984792353,0.9344188390307197,0,0,0,0,0,0.0,1.1208033765781047,0.9635619870495374,1.0072122143014846
100,6,3,2026097858,0.45,0.375,0.0,0.1,0.1,0.05,0.05,none,1.0076656445400334,0.9893249911055424,0.943994850944357,0.9572117943318988,0,0,0,0,0,0.0,1.221609705251211,0.962415247498071,1.0067645125387203
100,6,4,2026097859,0.45,0.375,0.0,0.1,0.1,0.05,0.05,none,0.9949161594975205,0.9935853526306702,0.916296080985242,0.9527721602990724,0,0,0,0,0,0.0,1.2155508395574854,0.9605091456524182,1.0073101052873719
100,6,5,2026097860,0.45,0.375,0.0,0.1,0.1,0.05,0.05,none,0.9802054510684138,0.994409354687362,1.0356739356235534,0.9896861798888887,0,0,0,0,0,0.0,1.5014242097432895,0.9601812580612388,1.0065827800093154
100,6,6,2026097861,0.45,0.375,0.0,0.1,0.1,0.05,0.05,none,0.978533593008218,1.0033572402870792,0.9900688948825289,1.0023919103778456,0,0,0,0,0,0.0,1.3014078266806985,0.9625132484774488,1.0073070180105934
100,6,7,2026097862,0.45,0.375,0.0,0.1,0.1,0.05,0.05,none,1.0046318525668543,1.0002916572121954,0.9642662206593811,0.9910801841896703,0,0,0,0,0,0.0,1.273132432364463,0.9619037093533715,1.0079251878225064
100,6,8,2026097863,0.45,0.375,0.0,0.1,0.1,0.05,0.05,none,1.0028853939955145,1.0122400884943858,0.9650439901704326,0.9861093473161742,0,0,0,0,0,0.0,1.2937741803264762,0.9609488535637295,1.0073667560430273
100,6,9,2026097864,0.45,0.375,0.0,0.1,0.1,0.05,0.05,none,0.9753759896173385,1.0227535432707993,1.0165769637001276,1.0789381687817325,0,0,0,0,0,0.0,1.413687941780756,0.9598614281531647,1.0079350378870648
100,6,10,2026097865,0.45,0.375,0.0,0.1,0.1,0.05,0.05,none,0.9879983220498032,0.9965164855993626,1.0051198976728144,1.0680702683878947,0,0,0,0,0,0.0,1.3781510107591035,0.9610311444293569,1.0079205344961393
100,6,11,2026097866,0.45,0.375,0.0,0.1,0.1,0.05,0.05,none,1.0077393013442053,0.9697469582985729,0.9445168851941118,1.0266621490203003,0,0,0,0,0,0.0,1.2541797260819894,0.9611769916733194,1.0070514607920518
100,6,12,2026097867,0.45,0.375,0.0,0.1,0.1,0.05,0.05,none,0.9783749355090989,1.001778534026402,0.9990936376070979,0.9532667767758507,0,0,0,0,0,0.0,1.378996351062326,0.9615861588103634,1.0056205169510146
100,6,13,2026097868,0.45,0.375,0.0,0.1,0.1,0.05,0.05,none,0.9899027481100341,1.001077669802222,1.0829858264036925,1.083119268762535,0,0,0,0,0,0.0,1.6957565144784326,0.9572795639364015,1.0068787356202262
100,6,14,2026097869,0.45,0.375,0.0,0.1,0.1,0.05,0.05,none,1.0020982717291307,1.0019927282239438,0.9798615438147248,0.9664249241252503,0,0,0,0,0,0.0,1.2738647071015143,0.962141621909196,1.0063485825677152
100,6,15,2026097870,0.45,0.375,0.0,0.1,0.1,0.05,0.05,none,1.0161607607110428,1.0139173258311527,0.9661176902971482,1.0432989606098044,0,0,0,0,0,0.0,1.2928234129800755,0.9609071437827768,1.0073203002726434
100,6,16,2026097871,0.45,0.375,0.0,0.1,0.1,0.05,0.05,none,1.0044654288019426,0.9900404672759956,0.9150902332342226,0.9302454202965801,0,0,0,0,0,0.0,1.139535565159092,0.9628254549397731,1.007029372353553
100,6,17,2026097872,0.45,0.375,0.0,0.1,0.1,0.05,0.05,none,1.006599257953703,1.014837887759878,0.9780143103007052,0.9561446287988677,0,0,0,0,0,0.0,1.3611783473388765,0.9600946534502456,1.0069538915684468
100,6,18,2026097873,0.45,0.375,0.0,0.1,0.1,0.05,0.05,none,1.0130124543672239,0.980193173090273,0.9521732636767605,1.0298912972983325,0,0,0,0,0,0.0,1.269620159535287,0.9613527013141974,1.0075437012503918
100,6,19,2026097874,0.45,0.375,0.0,0.1,0.1,0.05,0.05,none,0.9899791219598966,0.9974189139775979,1.0989188862230157,0.9558184247884601,0,0,0,0,0,0.0,1.8144772940576281,0.9572842177591978,1.0050888542767733
100,7,0,2026098864,0.45,0.375,0.0,0.1,0.1,0.05,0.05,none,0.9826137341729969,1.0155714155786768,1.0046212053540275,0.9946710304275297,0,0,0,0,0,0.0,0.8212433182020603,0.9636735253911458,1.004904402878867
100,7,1,2026098865,0.45,0.375,0.0,0.1,0.1,0.05,0.05,none,1.017380805909071,1.0119606684068003,1.0434407545496793,0.9750550986114587,0,0,0,0,0,0.0,0.9328840313494097,0.962124984797221,1.0044365392841317
100,7,2,2026098866,0.45,0.375,0.0,0.1,0.1,0.05,0.05,none,1.013648839448725,0.9986710427519573,0.9423848419670576,0.9797165049657266,0,0,0,0,0,0.0,0.7435680308851418,0.9629121849571671,1.0052874609063673
100,7,3,2026098867,0.45,0.375,0.0,0.1,0.1,0.05,0.05,none,0.9979385315040298,1.032254263511293,0.9923700458377885,1.0012293262287133,0,0,0,0,0,0.0,0.8109547875303366,0.9631978718596137,1.0048913084503368
100,7,4,2026098868,0.45,0.375,0.0,0.1,0.1,0.05,0.05,none,1.018943389587655,0.9850990641245947,0.9904254597571814,1.0700401038698264,0,0,0,0,0,0.0,0.813419411878635,0.9632686260926024,1.0058819665194112
100,7,5,2026098869,0.45,0.375,0.0,0.1,0.1,0.05,0.05,none,0.9981458239511187,1.0139676342789203,0.9679300871264426,0.9324868647886358,0,0,0,0,0,0.0,0.7728824479806102,0.9629182845303068,1.0051539682932156
100,7,6,2026098870,0.45,0.375,0.0,0.1,0.1,0.05,0.05,none,0.9925566185159467,1.017369053367632,0.9656440514461521,1.0436658980150044,0,0,0,0,0,0.0,0.8167100269591103,0.96251682005205,1.0056813692328048
100,7,7,2026098871,0.45,0.375,0.0,0.1,0.1,0.05,0.05,none,1.0104027892989962,1.0294915189961376,0.9345770000596446,1.0429240395848585,0,0,0,0,0,0.0,0.7130598199401369,0.9644594967558496,1.0059317897128173
100,7,8,2026098872,0.45,0.375,0.0,0.1,0.1,0.05,0.05,none,1.0122394943639956,1.0073167247288488,1.0172710838037464,1.0535455090771666,0,0,0,0,0,0.0,0.8630198603638726,0.9622541272810853,1.0059868219030081
100,7,9,2026098873,0.45,0.375,0.0,0.1,0.1,0.05,0.05,none,0.992710437393558,1.0101417145620466,0.9757826900144404,1.1035189580784905,0,0,0,0,0,0.0,0.7858520284056971,0.9639773683327844,1.0066977264326873
100,7,10,2026098874,0.45,0.375,0.0,0.1,0.1,0.05,0.05,none,0.989698997685181,1.0121342561574025,0.893767362036934,1.0067034803730142,0,0,0,0,0,0.0,0.677988348011048,0.9638464843154727,1.0056598168273647
100,7,11,2026098875,0.45,0.375,0.0,0.1,0.1,0.05,0.05,none,1.000147446742605,0.9993766586044978,0.9677632499146593,0.9842369574857627,0,0,0,0,0,0.0,0.7535941638362463,0.9645785797668941,1.0052602743453796
100,7,12,2026098876,0.45,0.375,0.0,0.1,0.1,0.05,0.05,none,1.0069816380296719,1.0238317445258067,1.025977710992287,1.0157540352146632,0,0,0,0,0,0.0,0.9070817709653679,0.9613461978645992,1.0052631799076301
100,7,13,2026098877,0.45,0.375,0.0,0.1,0.1,0.05,0.05,none,0.9648407576615641,0.9941011162961952,0.9988194678095285,1.0237317551524885,0,0,0,0,0,0.0,0.7829749700478726,0.9647539885094752,1.0048151367386555
100,7,14,2026098878,0.45,0.375,0.0,0.1,0.1,0.05,0.05,none,0.9957110631244415,0.9997066041778847,1.0162316008192742,0.9653747742177461,0,0,0,0,0,0.0,0.8852475921293462,0.9621262071294288,1.0038162514510585
100,7,15,2026098879,0.45,0.375,0.0,0.1,0.1,0.05,0.05,none,0.9855138234954142,0.9738658064345043,0.9705104110347931,0.9952233853645905,0,0,0,0,0,0.0,0.7962439903311753,0.9635538826181395,1.005333102418395
100,7,16,2026098880,0.45,0.375,0.0,0.1,0.1,0.05,0.05,none,1.0111973695685397,0.9785570355246359,0.9821851619444489,0.8543730509560052,0,0,0,0,0,0.0,0.8506324599749112,0.9624753021047903,1.0036827910044697
100,7,17,2026098881,0.45,0.375,0.0,0.1,0.1,0.05,0.05,none,0.9812337165776602,1.0097816004419282,0.9691982591969468,1.0180874729173812,0,0,0,0,0,0.0,0.7796126864735065,0.9640613689727295,1.0053765948123765
100,7,18,2026098882,0.45,0.375,0.0,0.1,0.1,0.05,0.05,none,1.0060717192299358,1.0159368670663376,0.9465287730379378,1.0807696819932924,0,0,0,0,0,0.0,0.7468869650058196,0.9632470343606282,1.0075735827839927
100,7,19,2026098883,0.45,0.375,0.0,0.1,0.1,0.05,0.05,none,0.9820512465072629,1.032027043858836,0.9454229176370065,1.0191506585154126,0,0,0,0,0,0.0,0.7994261967861873,0.9617324365092067,1.0055030549679196
100,8,0,2026099873,0.45,0.375,0.0,0.1,0.1,0.05,0.05,none,1.0322759207450243,0.9878181903056826,1.0293740647068446,1.141750355869353,0,0,0,0,0,0.0,1.3442776582779914,0.9626217880257727,1.0221024492068211
100,8,1,2026099874,0.45,0.375,0.0,0.1,0.1,0.05,0.05,none,0.9691465485234234,1.0128587219220235,1.05537906290725,1.0159085868986195,0,0,0,0,0,0.0,1.34549236340026,0.9617986484113515,1.0120734361320607
100,8,2,2026099875,0.45,0.375,0.0,0.1,0.1,0.05,0.05,none,0.9823841531771376,1.0027638763848024,1.0151832168338721,1.0035822287713458,0,0,0,0,0,0.0,1.248919009043202,0.9625178904077724,1.0128389562697355
100,8,3,2026099876,0.45,0.375,0.0,0.1,0.1,0.05,0.05,none,1.0156012221303876,1.0300128292803519,1.034270106143035,0.8563582458800046,0,0,0,0,0,0.0,1.4157055568745027,0.9590166302482589,1.0078468655826947
100,8,4,2026099877,0.45,0.375,0.0,0.1,0.1,0.05,0.05,none,1.0136717935970114,1.0205717916529873,1.0429837816291476,0.9643264806839351,0,0,0,0,0,0.0,1.3880991472936062,0.9600658765542098,1.0102663884100083
100,8,5,2026099878,0.45,0.375,0.0,0.1,0.1,0.05,0.05,none,1.0033491687369172,1.0182746332619075,1.019571905549723,0.9613632713047181,0,0,0,0,0,0.0,1.207920359926109,0.9643342840915444,1.0113985325583885
100,8,6,2026099879,0.45,0.375,0.0,0.1,0.1,0.05,0.05,none,0.9813932419667235,0.9854021959794184,1.0998722228485034,0.9809511399807437,0,0,0,0,0,0.0,1.5340101367633043,0.9586331783370695,1.0095386341250574
100,8,7,2026099880,0.45,0.375,0.0,0.1,0.1,0.05,0.05,none,0.9724178691322071,0.9818412335482363,1.0210312320995825,0.9830959343336662,0,0,0,0,0,0.0,1.3081605756761094,0.961542370910048,1.0103846424331862
100,8,8,2026099881,0.45,0.375,0.0,0.1,0.1,0.05,0.05,none,0.9871757194386663,0.9846239808471547,0.979197890579008,1.0632855526760445,0,0,0,0,0,0.0,1.1823449376982973,0.9619193370285082,1.0142067986350143
100,8,9,2026099882,0.45,0.375,0.0,0.1,0.1,0.05,0.05,none,1.0013101460625573,0.9992903404370191,0.9761517613045595,1.0559980249838175,0,0,0,0,0,0.0,1.253587280289529,0.9608748394087673,1.0140351569110253
100,8,10,2026099883,0.45,0.375,0.0,0.1,0.1,0.05,0.05,none,0.9918991204213146,1.0317508721223576,0.9439823999515015,0.9489399409054704,0,0,0,0,0,0.0,1.095343201245225,0.9630217630564879,1.0101349942490545
100,8,11,2026099884,0.45,0.375,0.0,0.1,0.1,0.05,0.05,none,0.9973279881589876,1.024257035702424,0.9670008198403285,1.0468300300870106,0,0,0,0,0,0.0,1.1834014313649053,0.9623836943779723,1.0158490155188453
100,8,12,2026099885,0.45,0.375,0.0,0.1,0.1,0.05,0.05,none,1.036182235888381,1.009729346554146,1.0875072437134499,0.9946321425182825,0,0,0,0,0,0.0,1.610343826290251,0.9555696434237413,1.010617280781366
100,8,13,2026099886,0.45,0.375,0.0,0.1,0.1,0.05,0.05,none,1.0243607522735922,1.0015157475811727,1.011910610620291,0.9914126308022679,0,0,0,0,0,0.0,1.3728002151093486,0.9586858090582714,1.011590208767224
100,8,14,2026099887,0.45,0.375,0.0,0.1,0.1,0.05,0.05,none,0.9802892476248567,0.9726311617320871,0.9164382630851724,1.0196051788552902,0,0,0,0,0,0.0,1.084977368293208,0.9623477361364647,1.012383722547751
100,8,15,2026099888,0.45,0.375,0.0,0.1,0.1,0.05,0.05,none,1.0161675744796212,0.9888614894717273,1.133727833892223,0.9304766273225502,0,0,0,0,0,0.0,1.674346671911201,0.9571666045203445,1.0095750332684066
100,8,16,2026099889,0.45,0.375,0.0,0.1,0.1,0.05,0.05,none,0.9819730282831575,0.9819286317572715,1.0227044959534408,1.0169951233513932,0,0,0,0,0,0.0,1.2993580481354305,0.9620155872384172,1.012079036718767
100,8,17,2026099890,0.45,0.375,0.0,0.1,0.1,0.05,0.05,none,0.991435632416507,1.0110947813106348,0.9964793119705374,0.9520611589036055,0,0,0,0,0,0.0,1.2860217860295626,0.959845728977576,1.0100169417440357
100,8,18,2026099891,0.45,0.375,0.0,0.1,0.1,0.05,0.05,none,0.9664433173774535,0.9696328293389793,0.9922777627559045,0.9172725689383013,0,0,0,0,0,0.0,1.153017984028128,0.9642023219337402,1.0098825635685156
100,8,19,2026099892,0.45,0.375,0.0,0.1,0.1,0.05,0.05,none,0.9793297770221059,1.0054372250386954,0.9933794309505253,1.0171806923338533,0,0,0,0,0,0.0,1.1551910340894798,0.9644052665217232,1.012277193353361
100,9,0,2026100882,0.45,0.375,0.0,0.1,0.1,0.05,0.05,none,0.9902274797114082,1.0109954125353615,1.0382007600526977,1.0757649853887115,0,0,0,0,0,0.0,0.9483347272084324,0.9635323769674022,1.010274129919915
100,9,1,2026100883,0.45,0.375,0.0,0.1,0.1,0.05,0.05,none,0.993047349522963,1.0066740484993035,1.0080920199588994,1.0322077614390635,0,0,0,0,0,0.0,0.9204055637101649,0.9624503840209782,1.009633754329683
100,9,2,2026100884,0.45,0.375,0.0,0.1,0.1,0.05,0.05,none,1.0163936276779075,0.9925860257148064,1.02429306923355,0.982496007397068,0,0,0,0,0,0.0,0.9469936177487918,0.963132161598849,1.0097553415400706
100,9,3,2026100885,0.45,0.375,0.0,0.1,0.1,0.05,0.05,none,1.0046191681072276,0.9951333703634552,0.9724570988494285,1.079339677629782,0,0,0,0,0,0.0,0.8426502341026902,0.9641126250706927,1.012173306473667
100,9,4,2026100886,0.45,0.375,0.0,0.1,0.1,0.05,0.05,none,1.0044479086235714,0.9744640549305578,1.0321300675268652,0.966049073827176,0,0,0,0,0,0.0,0.9816961082977244,0.9619006913597129,1.009117507385385
100,9,5,2026100887,0.45,0.375,0.0,0.1,0.1,0.05,0.05,none,1.0174137483871393,1.0140801729006736,0.9536782853812362,1.0648001723966067,0,0,0,0,0,0.0,0.796622345093383,0.9643445453644381,1.0143530397074663
100,9,6,2026100888,0.45,0.375,0.0,0.1,0.1,0.05,0.05,none,1.0155544739548357,1.0267394846737459,0.9056376212313377,0.9140368612009874,0,0,0,0,0,0.0,0.7764413479956498,0.9637395133739317,1.0096237097482663
100,9,7,2026100889,0.45,0.375,0.0,0.1,0.1,0.05,0.05,none,1.0142611740943817,0.9793929989681087,1.0425724412448882,0.9753121111402422,0,0,0,0,0,0.0,0.9864648405797395,0.962659087892697,1.0090579959243895
100,9,8,2026100890,0.45,0.375,0.0,0.1,0.1,0.05,0.05,none,0.9899444355862351,0.9816492055541498,1.0229236766708716,1.0021766638909722,0,0,0,0,0,0.0,0.8969737936101062,0.9642324260585584,1.0089094638981464
100,9,9,2026100891,0.45,0.375,0.0,0.1,0.1,0.05,0.05,none,1.0105464181034476,0.9862517968695675,1.028709641439809,0.9473879598629857,0,0,0,0,0,0.0,0.9604633350539498,0.9618141675275443,1.0083444536371335
100,9,10,2026100892,0.45,0.375,0.0,0.1,0.1,0.05,0.05,none,0.9844818764785966,1.0264938560648935,1.0363467029353701,1.071532469661649,0,0,0,0,0,0.0,0.9304609467603392,0.9631476041422096,1.0119028701579655
100,9,11,2026100893,0.45,0.375,0.0,0.1,0.1,0.05,0.05,none,0.9764461516293753,1.004096009590862,1.0138648596008957,0.9606129538995378,0,0,0,0,0,0.0,0.850515340055634,0.9655015943859037,1.007984006264059
100,9,12,2026100894,0.45,0.375,0.0,0.1,0.1,0.05,0.05,none,1.027934886921047,1.0226090912367902,1.0281490944873104,0.9715412227787419,0,0,0,0,0,0.0,0.9512880136400623,0.9625080000030449,1.00944175174797
100,9,13,2026100895,0.45,0.375,0.0,0.1,0.1,0.05,0.05,none,1.0014679035610137,1.0001498487197413,1.084609595268512,1.0063809670421686,0,0,0,0,0,0.0,1.0527465919578445,0.9623031593559136,1.0093991345350593
100,9,14,2026100896,0.45,0.375,0.0,0.1,0.1,0.05,0.05,none,1.0024554770696679,1.010604573876797,1.0463355783019512,1.0320001134194072,0,0,0,0,0,0.0,1.025665832270567,0.9614860945127316,1.0092771715873172
100,9,15,2026100897,0.45,0.375,0.0,0.1,0.1,0.05,0.05,none,1.004675620561886,1.0111375156880824,1.0551913582415449,0.983329975909114,0,0,0,0,0,0.0,1.024914775788114,0.9618827156416208,1.0099343260705693
100,9,16,2026100898,0.45,0.375,0.0,0.1,0.1,0.05,0.05,none,0.9889314930029816,0.9919947541632039,1.021687927552423,1.0047062764019752,0,0,0,0,0,0.0,0.9124342611312033,0.9631050749303861,1.0084337540041226
100,9,17,2026100899,0.45,0.375,0.0,0.1,0.1,0.05,0.05,none,1.010732319963924,0.9958639410473069,1.0516038258724651,0.9891236552386261,0,0,0,0,0,0.0,0.947844421897633,0.9638053429653681,1.0100896503784447
100,9,18,2026100900,0.45,0.375,0.0,0.1,0.1,0.05,0.05,none,1.019017747258683,1.0061019051886477,0.9845188261258371,1.0769392213189564,0,0,0,0,0,0.0,0.8628216767607052,0.9634743656188202,1.0117795944927053
100,9,19,2026100901,0.45,0.375,0.0,0.1,0.1,0.05,0.05,none,0.9926687186252076,1.0059796050904743,1.0390550700171992,1.081625392284883,0,0,0,0,0,0.0,0.955430777922645,0.9623026942652668,1.010155461751755
100,10,0,2026101891,0.45,0.375,0.0,0.1,0.1,0.05,0.05,none,1.0073749860135313,1.0331175736098521,0.9844856989664011,0.9579742346086926,0,0,0,0,0,0.0,0.889535861539382,0.9620432129910341,1.0077474378729259
100,10,1,2026101892,0.45,0.375,0.0,0.1,0.1,0.05,0.05,none,0.9937648495224198,1.0011495712620722,0.9643406625784773,1.0253273122468343,0,0,0,0,0,0.0,0.8590350969272501,0.9609996658724022,1.0070856491977607
100,10,2,2026101893,0.45,0.375,0.0,0.1,0.1,0.05,0.05,none,1.018594383927708,0.9785777635674388,0.9592540581011612,0.9781144770746044,0,0,0,0,0,0.0,0.789763234201226,0.9650800836511989,1.0083200463452753
100,10,3,2026101894,0.45,0.375,0.0,0.1,0.1,0.05,0.05,none,1.0427758557254994,0.9765810585460141,0.9940617150619714,0.9932030217893885,0,0,0,0,0,0.0,0.8623889937544631,0.9626476507150649,1.0083382398503278
100,10,4,2026101895,0.45,0.375,0.0,0.1,0.1,0.05,0.05,none,1.0064418510766326,0.982449835423959,0.9702969310738621,1.0145957043328229,0,0,0,0,0,0.0,0.8425696223491222,0.9631813354183647,1.0076988531395665
100,10,5,2026101896,0.45,0.375,0.0,0.1,0.1,0.05,0.05,none,1.0182364305614657,0.991399121119062,1.0559411752042953,1.0513854343073141,0,0,0,0,0,0.0,1.0054918105274386,0.9617603976807706,1.0084933957640387
100,10,6,2026101897,0.45,0.375,0.0,0.1,0.1,0.05,0.05,none,1.024730986390337,0.9890402014850811,0.9826819606156664,1.0188238064591553,0,0,0,0,0,0.0,0.8298331045053507,0.963410664701451,1.007628759887446
100,10,7,2026101898,0.45,0.375,0.0,0.1,0.1,0.05,0.05,none,0.9848319873145776,0.9914242317361708,1.0382147323500512,0.9718852520780427,0,0,0,0,0,0.0,0.9169114700934526,0.9643925491109981,1.0067130666131217
100,10,8,2026101899,0.45,0.375,0.0,0.1,0.1,0.05,0.05,none,0.9996200687281598,0.973005257583225,0.9879578390274273,0.9801766108337169,0,0,0,0,0,0.0,0.819822600492098,0.9639816255337075,1.0074162222589613
100,10,9,2026101900,0.45,0.375,0.0,0.1,0.1,0.05,0.05,none,0.9819739747380498,1.0059640950387656,1.0908829361749401,0.94376007933816,0,0,0,0,0,0.0,1.0343418051025945,0.9629266228594677,1.0060168550202144
100,10,10,2026101901,0.45,0.375,0.0,0.1,0.1,0.05,0.05,none,0.9863942215318009,1.021004921064796,1.040826497433517,0.9754973277615145,0,0,0,0,0,0.0,0.9198825146620943,0.9633810973358474,1.0065275965684166
100,10,11,2026101902,0.45,0.375,0.0,0.1,0.1,0.05,0.05,none,1.0016371898872252,0.9919256449866924,0.9627588065914698,1.0365637537988988,0,0,0,0,0,0.0,0.8077277921709487,0.9650013527121057,1.0092135265498279
100,10,12,2026101903,0.45,0.375,0.0,0.1,0.1,0.05,0.05,none,0.9945740631264168,1.008808177687219,0.9525444718598175,1.056581205465242,0,0,0,0,0,0.0,0.7873395128804512,0.9638426760365228,1.0094063581138026
100,10,13,2026101904,0.45,0.375,0.0,0.1,0.1,0.05,0.05,none,0.9993364314415821,0.9994422197911751,1.06125534561447,1.019102547541083,0,0,0,0,0,0.0,0.961176498229234,0.9634685622376613,1.0080980673512039
100,10,14,2026101905,0.45,0.375,0.0,0.1,0.1,0.05,0.05,none,1.0152656100246986,0.9973027754586996,1.0063711642014912,1.0298496876385759,0,0,0,0,0,0.0,0.8687704833324462,0.9635842042198707,1.0079730602089279
100,10,15,2026101906,0.45,0.375,0.0,0.1,0.1,0.05,0.05,none,1.0158729269197413,0.994992128176111,1.0205969756406903,1.055310673439071,0,0,0,0,0,0.0,0.9019174201871705,0.9624285392136374,1.0088079107895274
100,10,16,2026101907,0.45,0.375,0.0,0.1,0.1,0.05,0.05,none,0.985291306787489,0.9852897860563532,0.9758132449734866,0.9726429483659328,0,0,0,0,0,0.0,0.7876434400468256,0.9648653022249225,1.0082140507354294
100,10,17,2026101908,0.45,0.375,0.0,0.1,0.1,0.05,0.05,none,1.0096004119021902,1.0196663352199296,1.0410886959964614,0.9423122194213484,0,0,0,0,0,0.0,0.9317658287620448,0.9628464583313664,1.0056605988983933
100,10,18,2026101909,0.45,0.375,0.0,0.1,0.1,0.05,0.05,none,0.971987579109816,0.9935482966323638,1.0157126337095461,1.0197853948556617,0,0,0,0,0,0.0,0.8410073434506242,0.9642658355248876,1.0074433122509556
100,10,19,2026101910,0.45,0.375,0.0,0.1,0.1,0.05,0.05,none,0.9918132654938461,0.9999481522034956,1.0203849787201733,0.7985293970767117,0,0,0,0,0,0.0,0.8994721459511013,0.9634614386915347,1.0043324035089853
100,11,0,2026102900,0.45,0.375,0.0,0.1,0.1,0.05,0.05,none,0.9723406275871785,1.0450588423297718,1.0945631689506388,1.1136273363976483,0,0,0,0,0,0.0,1.5918099733517816,0.9565721768093083,1.0174694769079269
100,11,1,2026102901,0.45,0.375,0.0,0.1,0.1,0.05,0.05,none,0.9797388783389198,1.0218284167719507,0.8817178330384886,0.9149204092858936,0,0,0,0,0,0.0,0.9677971841112941,0.9649737852983773,1.0138752982682755
100,11,2,2026102902,0.45,0.375,0.0,0.1,0.1,0.05,0.05,none,1.020270357078585,0.9944551618246044,0.9438794907842989,0.9400793297157672,0,0,0,0,0,0.0,1.177541528116903,0.9606463529345347,1.0141474749985382
100,11,3,2026102903,0.45,0.375,0.0,0.1,0.1,0.05,0.05,none,0.9862976847072181,1.0057836056292666,0.929958826271238,1.019037634489688,0,0,0,0,0,0.0,1.0772242531470548,0.9643200455565254,1.0184631800688986
100,11,4,2026102904,0.45,0.375,0.0,0.1,0.1,0.05,0.05,none,0.9803238653882689,0.99720278440733,1.042767569931544,1.0933657515430908,0,0,0,0,0,0.0,1.3854020968569487,0.9609511112173379,1.0181668051047377
100,11,5,2026102905,0.45,0.375,0.0,0.1,0.1,0.05,0.05,none,1.0022340331824893,1.0085806218751088,1.002627520690484,1.0529964269482588,0,0,0,0,0,0.0,1.2999242147202945,0.9618828499086668,1.019733327117601
100,11,6,2026102906,0.45,0.375,0.0,0.1,0.1,0.05,0.05,none,0.9936071899195572,1.009539021513371,0.9414113531686712,0.9989470626256772,0,0,0,0,0,0.0,1.1386921256351092,0.9625999712511374,1.0151669904313996
100,11,7,2026102907,0.45,0.375,0.0,0.1,0.1,0.05,0.05,none,0.994789512353993,1.0109143322299652,0.9989344059753,1.0082910581326585,0,0,0,0,0,0.0,1.2748127560697002,0.9606861009376326,1.0130419645423903
100,11,8,2026102908,0.45,0.375,0.0,0.1,0.1,0.05,0.05,none,1.0185636620896183,1.0096739638843468,0.9765052055433032,1.106650473638595,0,0,0,0,0,0.0,1.3577562322560108,0.9575534392236877,1.020607164675201
100,11,9,2026102909,0.45,0.375,0.0,0.1,0.1,0.05,0.05,none,0.9915521219816983,0.9886927751816977,1.024510060142946,1.0401653587569604,0,0,0,0,0,0.0,1.3730859165234766,0.9598459871051538,1.0164596156781132
100,11,10,2026102910,0.45,0.375,0.0,0.1,0.1,0.05,0.05,none,0.9780517742187076,1.0298402133700564,0.9776001951911545,0.9431104985238062,0,0,0,0,0,0.0,1.2949302627941806,0.9590252218785887,1.0112074272087035
100,11,11,2026102911,0.45,0.375,0.0,0.1,0.1,0.05,0.05,none,1.006338031754298,0.9665716771310482,1.0078482062428993,1.0533275535748268,0,0,0,0,0,0.0,1.3164636935180425,0.9614738101711279,1.0179201670051015
100,11,12,2026102912,0.45,0.375,0.0,0.1,0.1,0.05,0.05,none,0.9878633283747414,0.98533823827594,0.9383689542585469,0.9466848227168746,0,0,0,0,0,0.0,1.1214227683983935,0.9631586608783458,1.0134696954069489
100,11,13,2026102913,0.45,0.375,0.0,0.1,0.1,0.05,0.05,none,1.0174866196094208,1.012027719250342,1.0160270052936253,1.0526850559308882,0,0,0,0,0,0.0,1.3676036188412863,0.9601973568434439,1.0167312245089613
100,11,14,2026102914,0.45,0.375,0.0,0.1,0.1,0.05,0.05,none,0.9808751447092361,0.9962942675931548,1.0004431611368225,0.9726174097316423,0,0,0,0,0,0.0,1.2430203904555077,0.9618906597910447,1.0135357715434887
100,11,15,2026102915,0.45,0.375,0.0,0.1,0.1,0.05,0.05,none,0.9816610572877144,0.9444999510090474,0.9323916220074793,0.9425788169474714,0,0,0,0,0,0.0,1.0922307966076643,0.9633659099130459,1.0133958953243578
100,11,16,2026102916,0.45,0.375,0.0,0.1,0.1,0.05,0.05,none,0.9715883710544438,1.0010941167807963,1.0233821282974929,1.0064257563876016,0,0,0,0,0,0.0,1.3332769487899159,0.9608406230874876,1.0146892563832166
100,11,17,2026102917,0.45,0.375,0.0,0.1,0.1,0.05,0.05,none,0.9999832420993026,0.9940368421056657,1.0378039371005723,1.054148633665338,0,0,0,0,0,0.0,1.4909358683529035,0.9567499068007859,1.015139400008427
100,11,18,2026102918,0.45,0.375,0.0,0.1,0.1,0.05,0.05,none,0.9821150601466505,0.9814636355691648,1.064650605929996,1.057309810889382,0,0,0,0,0,0.0,1.4952146665693145,0.9575348343628319,1.0153838961034136
100,11,19,2026102919,0.45,0.375,0.0,0.1,0.1,0.05,0.05,none,1.0259982239670111,1.0014972811244505,1.1055671252489887,0.9329684254057402,0,0,0,0,0,0.0,1.6726645707624237,0.9561457888761122,1.0110194127592407
100,12,0,2026103909,0.45,0.375,0.0,0.1,0.1,0.05,0.05,none,1.0030182005865824,0.974232783714522,1.0880655662768521,1.0015660592854263,0,0,0,0,0,0.0,1.8719825290243708,0.9552746175288754,1.0044034187116182
100,12,1,2026103910,0.45,0.375,0.0,0.1,0.1,0.05,0.05,none,1.018802092225518,0.9897583228979633,1.0095019345442489,0.9558433209637962,0,0,0,0,0,0.0,1.645866831088796,0.9563250606881238,1.0042822035856358
100,12,2,2026103911,0.45,0.375,0.0,0.1,0.1,0.05,0.05,none,0.996724880066401,1.0131160872360778,1.013477391218593,1.0014841657117957,0,0,0,0,0,0.0,1.651779721676189,0.9568231915277706,1.005012880174779
100,12,3,2026103912,0.45,0.375,0.0,0.1,0.1,0.05,0.05,none,1.0039380541264835,0.9834128903308318,0.9968278386060584,1.0316027987132221,0,0,0,0,0,0.0,1.6150500510193164,0.9559522759991594,1.005568634973852
100,12,4,2026103913,0.45,0.375,0.0,0.1,0.1,0.05,0.05,none,1.0113100402638915,0.9969063540891846,1.0287901737025174,1.0314705999937415,0,0,0,0,0,0.0,1.6221733673831886,0.9581987478811389,1.0053039054643502
100,12,5,2026103914,0.45,0.375,0.0,0.1,0.1,0.05,0.05,none,0.9830048707601751,0.9796036267475875,0.9490188768772855,0.9819361859251319,0,0,0,0,0,0.0,1.4400549658579704,0.957611662797309,1.004996909733585
100,12,6,2026103915,0.45,0.375,0.0,0.1,0.1,0.05,0.05,none,0.9926609234985735,0.9972609348248035,0.9186670614924657,1.0571291912794099,0,0,0,0,0,0.0,1.2382554670482633,0.9607581716456148,1.005920485653396
100,12,7,2026103916,0.45,0.375,0.0,0.1,0.1,0.05,0.05,none,1.0022964654590372,1.0455715890120463,0.9834029421126171,1.0492485088017882,0,0,0,0,0,0.0,1.5506116931555027,0.9572759284037017,1.005195745713708
100,12,8,2026103917,0.45,0.375,0.0,0.1,0.1,0.05,0.05,none,1.01767045597636,0.9954957845145976,1.046282398594175,0.9230666569148767,0,0,0,0,0,0.0,1.7711899603314913,0.9564157612787092,1.0034725006920717
100,12,9,2026103918,0.45,0.375,0.0,0.1,0.1,0.05,0.05,none,1.0099078614639603,1.023174040829347,0.9633379871617477,0.9288293985784075,0,0,0,0,0,0.0,1.4085594017972216,0.9588662494426449,1.004189832023946
100,12,10,2026103919,0.45,0.375,0.0,0.1,0.1,0.05,0.05,none,1.0170824020335059,0.9926262767444938,1.0256625196306088,0.9627848042839134,0,0,0,0,0,0.0,1.7541260231844524,0.9546799742150742,1.0037980698068794
100,12,11,2026103920,0.45,0.375,0.0,0.1,0.1,0.05,0.05,none,1.0230426316143832,1.0053121338957518,0.9518255949495781,0.9186276914715004,0,0,0,0,0,0.0,1.4532677331660342,0.9584352525459698,1.0039905524904709
100,12,12,2026103921,0.45,0.375,0.0,0.1,0.1,0.05,0.05,none,0.9911446239229539,0.9873783256954841,0.9429045130751633,0.9375649010344529,0,0,0,0,0,0.0,1.372665045445201,0.9592849483857642,1.0045390932799854
100,12,13,2026103922,0.45,0.375,0.0,0.1,0.1,0.05,0.05,none,0.9648167742683474,1.02196147198197,0.9722265094465382,1.0540689567849468,0,0,0,0,0,0.0,1.3840621972675657,0.960412497006902,1.0055985985125722
100,12,14,2026103923,0.45,0.375,0.0,0.1,0.1,0.05,0.05,none,0.9946410886576886,1.0237977301133574,0.9513569779004889,0.9967185698579019,0,0,0,0,0,0.0,1.3738053099549172,0.95948200756196,1.0051880547165866
100,12,15,2026103924,0.45,0.375,0.0,0.1,0.1,0.05,0.05,none,1.0009920584732608,0.9974827330933757,1.069099256486202,1.0848350410699026,0,0,0,0,0,0.0,1.9772589451262095,0.9512052993261535,1.0046552051986077
100,12,16,2026103925,0.45,0.375,0.0,0.1,0.1,0.05,0.05,none,1.0098483215473757,1.020630354226728,0.9147680753572861,0.9796744201189871,0,0,0,0,0,0.0,1.3624738925261932,0.9572304061792484,1.0051685762367688
100,12,17,2026103926,0.45,0.375,0.0,0.1,0.1,0.05,0.05,none,0.9788198405517103,0.9703704330215952,0.9910124474098393,1.0122926088584538,0,0,0,0,0,0.0,1.5027596298194412,0.9581625725941448,1.005334904688909
100,12,18,2026103927,0.45,0.375,0.0,0.1,0.1,0.05,0.05,none,1.0068850138767886,0.9864557494095483,0.9514122321741134,0.9859549352966931,0,0,0,0,0,0.0,1.4978187616167185,0.9556502649194175,1.0043802480690045
100,12,19,2026103928,0.45,0.375,0.0,0.1,0.1,0.05,0.05,none,0.9967976151574259,0.9816074263538879,0.9174604724533908,1.0111093796936692,0,0,0,0,0,0.0,1.2332133931917582,0.9616238473451116,1.00539356866719
100,13,0,2026104918,0.45,0.375,0.0,0.1,0.1,0.05,0.05,none,1.0185122610007233,1.0049532641902836,0.9610913418448789,0.8746489668718255,0,0,0,0,0,0.0,1.7947708187092917,0.953759354253708,1.0005888675722843
100,13,1,2026104919,0.45,0.375,0.0,0.1,0.1,0.05,0.05,none,0.9972035619229921,1.023763614322988,1.0492376465359516,0.9484409612032981,0,0,0,0,0,0.0,2.0960741534222422,0.9545367956080575,1.0003002509350152
100,13,2,2026104920,0.45,0.375,0.0,0.1,0.1,0.05,0.05,none,0.9742600542949489,0.9906221075526926,0.9432213280182647,0.9720094830914225,0,0,0,0,0,0.0,1.6176648261700737,0.9564708996058455,1.0013252535832193
100,13,3,2026104921,0.45,0.375,0.0,0.1,0.1,0.05,0.05,none,0.9867664610645551,0.9989864366276503,1.01705014543356,1.0275313276839773,0,0,0,0,0,0.0,1.9708318138745131,0.9539508454762214,1.001594323074228
100,13,4,2026104922,0.45,0.375,0.0,0.1,0.1,0.05,0.05,none,1.0318938642742406,0.9828257888214833,1.0131019641006462,1.0452120397434068,0,0,0,0,0,0.0,2.0734811327148903,0.9510175751321506,1.0019329569565054
100,13,5,2026104923,0.45,0.375,0.0,0.1,0.1,0.05,0.05,none,0.9656230179353247,1.0033318991084965,0.893207180795192,0.8898508874773126,0,0,0,0,0,0.0,1.4053792195932673,0.959473441346096,1.000977119004634
100,13,6,2026104924,0.45,0.375,0.0,0.1,0.1,0.05,0.05,none,1.0015143457200333,1.013968553769517,0.9529760629064332,0.9901276065164921,0,0,0,0,0,0.0,1.6855873567498743,0.9565256812869523,1.0014034439805917
100,13,7,2026104925,0.45,0.375,0.0,0.1,0.1,0.05,0.05,none,0.9959552305356002,0.9775316283745746,0.961224654027558,0.9748876669051489,0,0,0,0,0,0.0,1.7160338707006972,0.9552292374754544,1.0014944985681802
100,13,8,2026104926,0.45,0.375,0.0,0.1,0.1,0.05,0.05,none,1.007909383839568,1.003355040047696,0.9608342489624462,1.0411950244888648,0,0,0,0,0,0.0,1.6619864820551515,0.9566890788948398,1.0018595699053698
100,13,9,2026104927,0.45,0.375,0.0,0.1,0.1,0.05,0.05,none,0.9974271188902611,0.9948597187700069,0.9477965241251847,1.0352424729638419,0,0,0,0,0,0.0,1.6439709017603152,0.956119005682255,1.0015819508713
100,13,10,2026104928,0.45,0.375,0.0,0.1,0.1,0.05,0.05,none,1.006384248410452,0.9817973861729483,1.0201608401272768,0.9737384538426588,0,0,0,0,0,0.0,1.8894650187141435,0.9548134060619909,1.0007547923422395
100,13,11,2026104929,0.45,0.375,0.0,0.1,0.1,0.05,0.05,none,0.9756085860263023,0.9987927669958444,1.0237800134036603,0.9787751883966063,0,0,0,0,0,0.0,1.9597621243030803,0.9543259543715946,1.0005961634242488
100,13,12,2026104930,0.45,0.375,0.0,0.1,0.1,0.05,0.05,none,1.0109969282945634,0.9976537558351058,1.0575822540942994,0.9969758184504338,0,0,0,0,0,0.0,2.0991434995460003,0.9540033657756554,1.000719515988089
100,13,13,2026104931,0.45,0.375,0.0,0.1,0.1,0.05,0.05,none,1.037876881750679,0.9792557666275841,0.9814624702545691,0.9344841691486295,0,0,0,0,0,0.0,1.771774669439198,0.9569835115265815,1.0010966795210514
100,13,14,2026104932,0.45,0.375,0.0,0.1,0.1,0.05,0.05,none,0.9717580235861429,0.9919409021382155,0.9168681329764323,1.0532598710149776,0,0,0,0,0,0.0,1.3999372362161366,0.9595008737493508,1.0024273404538344
100,13,15,2026104933,0.45,0.375,0.0,0.1,0.1,0.05,0.05,none,0.9799553721808326,0.9997646709217426,1.0430383556682674,1.0865173631714742,0,0,0,0,0,0.0,1.9654743911484887,0.9542494790067225,1.001939128899399
100,13,16,2026104934,0.45,0.375,0.0,0.1,0.1,0.05,0.05,none,0.976664305326091,1.014570503643339,0.951691492536668,0.9892737477999505,0,0,0,0,0,0.0,1.5554356940667122,0.959479453353365,1.001663194354258
100,13,17,2026104935,0.45,0.375,0.0,0.1,0.1,0.05,0.05,none,0.9857830316804107,0.9884663476305041,0.9538939483303995,0.9512196622728983,0,0,0,0,0,0.0,1.6357513008827993,0.9577368808489923,1.0013709754634246
100,13,18,2026104936,0.45,0.375,0.0,0.1,0.1,0.05,0.05,none,0.9875243258753138,1.0173675172024992,0.9485281204670406,1.0286245782065089,0,0,0,0,0,0.0,1.4932189323202625,0.9600810561002271,1.0018460755715142
100,13,19,2026104937,0.45,0.375,0.0,0.1,0.1,0.05,0.05,none,0.9824258698538146,1.0076072779504177,1.094711016210393,0.9683709369705198,0,0,0,0,0,0.0,2.2168727889117985,0.9545095746471917,1.0003054086311796
100,14,0,2026105927,0.45,0.375,0.0,0.1,0.1,0.05,0.05,none,0.9942628852047006,1.0112696503914567,1.0319940759437012,1.0542197697368176,0,0,0,0,0,0.0,1.8773360214502037,0.9537503389435861,1.004570830791238
100,14,1,2026105928,0.45,0.375,0.0,0.1,0.1,0.05,0.05,none,1.0083363741096227,0.9671192588118477,1.0613576443366715,1.0340979682898395,0,0,0,0,0,0.0,2.0000844943189136,0.9540511080548733,1.0050412544877103
100,14,2,2026105929,0.45,0.375,0.0,0.1,0.1,0.05,0.05,none,0.9837792351899,0.9853167624276943,0.9541497624247535,0.9801048117965155,0,0,0,0,0,0.0,1.6060303351281977,0.9551254779477187,1.0041497422626104
100,14,3,2026105930,0.45,0.375,0.0,0.1,0.1,0.05,0.05,none,0.9781352162417876,0.9956833227302436,1.020368441673904,1.0248304558307537,0,0,0,0,0,0.0,1.8109756676617736,0.9560133259469642,1.0046828763790945
100,14,4,2026105931,0.45,0.375,0.0,0.1,0.1,0.05,0.05,none,0.9956741200724729,0.9992408441093033,1.1292044959590508,0.9684408009853517,1,4,0,0,0,0.0,2.4516893651414264,0.9485273638105098,1.0032710665576903
100,14,5,2026105932,0.45,0.375,0.0,0.1,0.1,0.05,0.05,none,0.9839395294452823,1.012667760032084,1.1089263867983368,1.0065451880435483,1,2,0,0,0,0.0,2.3347266328403786,0.9497135854332445,1.0036005746001404
100,14,6,2026105933,0.45,0.375,0.0,0.1,0.1,0.05,0.05,none,0.983917761420231,1.0132043911089272,0.9168589044895388,0.9590864535000811,0,0,0,0,0,0.0,1.4729965020931517,0.9567108490078289,1.005290458509578
100,14,7,2026105934,0.45,0.375,0.0,0.1,0.1,0.05,0.05,none,1.01131608513053,0.9957255493704633,0.9309403089643632,0.9801758367457838,0,0,0,0,0,0.0,1.474949827774567,0.9571177565165749,1.0043604648419744
100,14,8,2026105935,0.45,0.375,0.0,0.1,0.1,0.05,0.05,none,0.9680855934891704,0.9971557698663307,1.0039310959729761,0.9435937867318286,0,0,0,0,0,0.0,1.668115252929361,0.9580406645342361,1.0035354579840048
100,14,9,2026105936,0.45,0.375,0.0,0.1,0.1,0.05,0.05,none,1.015198472393671,1.004319063658836,1.048538423082223,1.0545163395318335,0,0,0,0,0,0.0,2.014919490985754,0.9523107868752287,1.0053187729720408
100,14,10,2026105937,0.45,0.375,0.0,0.1,0.1,0.05,0.05,none,0.9896724344862375,1.0109127180414457,1.0430284904371514,1.0274762914047744,0,0,0,0,0,0.0,1.9415549095500275,0.9534231296933453,1.0047046622170648
100,14,11,2026105938,0.45,0.375,0.0,0.1,0.1,0.05,0.05,none,1.010440555383238,1.0062775851419266,0.9510325739368523,1.0055111481134336,0,0,0,0,0,0.0,1.569966971426909,0.9563067623520516,1.0052302782640599
100,14,12,2026105939,0.45,0.375,0.0,0.1,0.1,0.05,0.05,none,0.9683507317855986,0.9802264924176366,1.0148348801081846,1.0239361792744957,0,0,0,0,0,0.0,1.851513962672355,0.9539609471327883,1.0044913517555418
100,14,13,2026105940,0.45,0.375,0.0,0.1,0.1,0.05,0.05,none,1.007233434652246,0.9821887599325457,1.057646515583233,1.075100035748545,0,0,0,0,0,0.0,1.9711083701738923,0.9536192585862598,1.0052789270551181
100,14,14,2026105941,0.45,0.375,0.0,0.1,0.1,0.05,0.05,none,1.002874039261794,0.9758711552747568,1.0799224848630538,1.0392106541735266,0,0,0,0,0,0.0,2.1380245089108656,0.9524803999637771,1.0042637544628155
100,14,15,2026105942,0.45,0.375,0.0,0.1,0.1,0.05,0.05,none,1.0015456712306743,0.9620104868205038,0.9976979990442151,1.0475810673677521,0,0,0,0,0,0.0,1.716638632779965,0.9550525147473399,1.005425607290316
100,14,16,2026105943,0.45,0.375,0.0,0.1,0.1,0.05,0.05,none,0.9851623980744009,0.9920337514068119,1.0316835731838387,0.9444787928134204,0,0,0,0,0,0.0,1.862782311057676,0.9550378196483199,1.0036053034130246
100,14,17,2026105944,0.45,0.375,0.0,0.1,0.1,0.05,0.05,none,0.9749395212337796,1.0195325356692013,0.9419202041750341,1.0853666764600878,0,0,0,0,0,0.0,1.4523584752187468,0.9576591827091103,1.0058939503740463
100,14,18,2026105945,0.45,0.375,0.0,0.1,0.1,0.05,0.05,none,0.9978350197597703,0.9794885247864534,1.036285170453479,1.0626668170478264,0,0,0,0,0,0.0,1.9356843872706029,0.952448389432491,1.0047788532714481
100,14,19,2026105946,0.45,0.375,0.0,0.1,0.1,0.05,0.05,none,0.988426646290645,1.008657923925218,0.9973854577325095,1.0372447304122048,0,0,0,0,0,0.0,1.6796188755154626,0.9573970722363199,1.0049907382948045
100,15,0,2026106936,0.45,0.375,0.0,0.1,0.1,0.05,0.05,none,1.0017349448469524,1.0094833322845131,1.0066066505778564,0.9342225229872908,0,0,0,0,0,0.0,2.1882388860068973,0.9526806873108669,1.0
100,15,1,2026106937,0.45,0.375,0.0,0.1,0.1,0.05,0.05,none,0.9806867379683485,0.9943906074338363,0.9559181865912342,0.9907501011926076,0,0,0,0,0,0.0,1.8666434853091016,0.9553363616779296,1.0
100,15,2,2026106938,0.45,0.375,0.0,0.1,0.1,0.05,0.05,none,1.0009974346273025,0.995653119272953,0.9917746155308941,0.9882923758852525,0,0,0,0,0,0.0,2.1212886954939094,0.9548237868937197,1.0
100,15,3,2026106939,0.45,0.375,0.0,0.1,0.1,0.05,0.05,none,1.0010388334111766,1.0086091336235636,1.109152567262843,0.9884431403300936,0,0,0,0,0,0.0,2.614114023877155,0.9514752679661023,1.0
100,15,4,2026106940,0.45,0.375,0.0,0.1,0.1,0.05,0.05,none,1.0024077199549801,1.0082185364284129,1.041128176746744,1.0257017092176501,0,0,0,0,0,0.0,2.307733260229237,0.9531530618314649,1.0
100,15,5,2026106941,0.45,0.375,0.0,0.1,0.1,0.05,0.05,none,0.9753681447280335,1.006627935661401,0.9668941044537169,1.0853233574849086,0,0,0,0,0,0.0,1.9985363628902955,0.9534204467891478,1.0
100,15,6,2026106942,0.45,0.375,0.0,0.1,0.1,0.05,0.05,none,0.988285923896838,0.9976344133036624,1.0606620223899275,0.975609917701155,0,0,0,0,0,0.0,2.389427914179731,0.9522186451778222,1.0
100,15,7,2026106943,0.45,0.375,0.0,0.1,0.1,0.05,0.05,none,0.9993137405557643,0.9915467951442715,1.1208148893844796,1.1124802742302633,1,30,0,0,0,0.0,2.9052521711234545,0.946081805509641,1.0
100,15,8,2026106944,0.45,0.375,0.0,0.1,0.1,0.05,0.05,none,1.008220175184056,0.9969515854419828,1.0741023640801388,0.9450359451867465,0,0,0,0,0,0.0,2.5888429172321503,0.9502688942374089,1.0
100,15,9,2026106945,0.45,0.375,0.0,0.1,0.1,0.05,0.05,none,0.9725211288943109,1.0146242887775243,0.9459610688971742,1.0370124430212135,0,0,0,0,0,0.0,1.7462642963218522,0.9568004163724136,1.0
100,15,10,2026106946,0.45,0.375,0.0,0.1,0.1,0.05,0.05,none,0.9879362265247569,1.0301899304941167,1.0030397012790215,0.9804307109335393,0,0,0,0,0,0.0,2.0756517279293347,0.955505736365825,1.0
100,15,11,2026106947,0.45,0.375,0.0,0.1,0.1,0.05,0.05,none,0.9541356408167668,1.016871116014095,1.1160024021429171,0.886792040600909,1,3,0,0,0,0.0,2.7694134799761083,0.9489463117524606,1.0
100,15,12,2026106948,0.45,0.375,0.0,0.1,0.1,0.05,0.05,none,1.0035349064183794,0.9877366780243673,1.079061988033297,0.9307261924158199,0,0,0,0,0,0.0,2.585509508750339,0.950400214637615,1.0
100,15,13,2026106949,0.45,0.375,0.0,0.1,0.1,0.05,0.05,none,0.9861413984319101,1.006933844488292,1.0086290706406273,1.0782126587451153,0,0,0,0,0,0.0,2.0160166163094804,0.9561882081151685,1.0
100,15,14,2026106950,0.45,0.375,0.0,0.1,0.1,0.05,0.05,none,1.0100731704037713,0.9981594871133963,0.95182371959613,1.110288706018511,0,0,0,0,0,0.0,1.8421699004173533,0.9557466692351784,1.0
100,15,15,2026106951,0.45,0.375,0.0,0.1,0.1,0.05,0.05,none,1.0087186105163841,0.9916509946576186,0.9961476891331793,1.0584521600709251,0,0,0,0,0,0.0,2.1174415538324163,0.9542117461876568,1.0
100,15,16,2026106952,0.45,0.375,0.0,0.1,0.1,0.05,0.05,none,0.9954786949066555,1.008756664463252,1.0194632422170433,0.9507517973082688,0,0,0,0,0,0.0,2.150834010127665,0.9550104844934791,1.0
100,15,17,2026106953,0.45,0.375,0.0,0.1,0.1,0.05,0.05,none,0.9891784084342716,0.988044679882545,1.0765688277649716,0.8819943408099405,0,0,0,0,0,0.0,2.506992062401465,0.9539771514875713,1.0
100,15,18,2026106954,0.45,0.375,0.0,0.1,0.1,0.05,0.05,none,1.0165463815056421,1.0228169072327746,0.9350742650611034,0.9912710820668901,0,0,0,0,0,0.0,1.7381568170711073,0.9567894352405689,1.0
100,15,19,2026106955,0.45,0.375,0.0,0.1,0.1,0.05,0.05,none,1.0456063263831588,0.9798741756941259,0.9705631001444321,1.0443038308124695,0,0,0,0,0,0.0,2.031501743274156,0.9528935340408647,1.0
100,16,0,2026107945,0.45,0.375,0.0,0.1,0.1,0.05,0.05,none,1.0001097949641113,0.9989245324883463,0.9891518811894942,1.0328326532481056,0,0,0,0,0,0.0,1.5016471469866894,0.9583369090315456,1.0
100,16,1,2026107946,0.45,0.375,0.0,0.1,0.1,0.05,0.05,none,0.9737065345522761,1.028159523488684,0.9613847893189187,1.0426477664833367,0,0,0,0,0,0.0,1.349547133539888,0.9606038708290939,1.0
100,16,2,2026107947,0.45,0.375,0.0,0.1,0.1,0.05,0.05,none,0.9851595966243923,0.9995002083870214,0.9736442796115056,1.059318544092526,0,0,0,0,0,0.0,1.3978619654521274,0.9596295565460504,1.0
100,16,3,2026107948,0.45,0.375,0.0,0.1,0.1,0.05,0.05,none,0.9970799138785656,0.9959699284280998,1.0308267395597515,1.0042896039943825,0,0,0,0,0,0.0,1.623367797690398,0.9590002169936854,1.0
100,16,4,2026107949,0.45,0.375,0.0,0.1,0.1,0.05,0.05,none,1.0195727990431684,0.9905822408883914,0.9593500944524918,1.1341850425331348,0,0,0,0,0,0.0,1.3957316654335072,0.9587929897628904,1.0
100,16,5,2026107950,0.45,0.375,0.0,0.1,0.1,0.05,0.05,none,0.9676694704495805,0.9973382617219465,0.960190072848913,1.0624145384871146,0,0,0,0,0,0.0,1.2947646473368788,0.9610376553910025,1.0
100,16,6,2026107951,0.45,0.375,0.0,0.1,0.1,0.05,0.05,none,0.9877068755620891,1.0161968913796042,1.00490963536262,1.07573875410162,0,0,0,0,0,0.0,1.5356138578701441,0.9579513858961591,1.0
100,16,7,2026107952,0.45,0.375,0.0,0.1,0.1,0.05,0.05,none,0.982252396071298,1.0211754160907354,0.9600650332178711,1.055979505008233,0,0,0,0,0,0.0,1.4289647384112747,0.9582590515373303,1.0
100,16,8,2026107953,0.45,0.375,0.0,0.1,0.1,0.05,0.05,none,0.9793090135890857,0.9844016491102419,0.9581081575977098,1.0925581445003305,0,0,0,0,0,0.0,1.2341669091482654,0.9637130449446469,1.0
100,16,9,2026107954,0.45,0.375,0.0,0.1,0.1,0.05,0.05,none,1.0103419371489089,1.0182364647688131,1.0367111079829012,1.01410266004451,0,0,0,0,0,0.0,1.7267213559397567,0.956342889857577,1.0
100,16,10,2026107955,0.45,0.375,0.0,0.1,0.1,0.05,0.05,none,0.9834151317149088,1.0186112947569725,1.037763684218478,0.9867715327183995,0,0,0,0,0,0.0,1.5459705567968463,0.9596668397977156,1.0
100,16,11,2026107956,0.45,0.375,0.0,0.1,0.1,0.05,0.05,none,1.0010832942361696,1.010843486253632,0.935449738142102,0.9572117390593442,0,0,0,0,0,0.0,1.2521370912165721,0.9623391759587525,1.0
100,16,12,2026107957,0.45,0.375,0.0,0.1,0.1,0.05,0.05,none,1.0126156663734394,0.9982031472769127,1.01171211729191,1.0031630896048274,0,0,0,0,0,0.0,1.5716638333250377,0.9583363678466669,1.0
100,16,13,2026107958,0.45,0.375,0.0,0.1,0.1,0.05,0.05,none,1.0105888127455507,1.0280882251609007,1.0040964040451719,1.0541580514394688,0,0,0,0,0,0.0,1.659852103152548,0.9561082818869907,1.0
100,16,14,2026107959,0.45,0.375,0.0,0.1,0.1,0.05,0.05,none,0.982570964399204,1.0209222016425656,1.0189854712893465,1.0130712680275422,0,0,0,0,0,0.0,1.4966582357557359,0.9602866415992367,1.0
100,16,15,2026107960,0.45,0.375,0.0,0.1,0.1,0.05,0.05,none,0.986387448051897,1.0047579953337795,1.0775328563457067,0.9984470006541645,0,0,0,0,0,0.0,1.795941423051913,0.9575488514683247,1.0
100,16,16,2026107961,0.45,0.375,0.0,0.1,0.1,0.05,0.05,none,1.01323054462829,0.9851951657097662,0.9549078731247371,0.9282636354719338,0,0,0,0,0,0.0,1.4816871517512116,0.9582840016499533,1.0
100,16,17,2026107962,0.45,0.375,0.0,0.1,0.1,0.05,0.05,none,0.9852610204870434,1.002591735607505,0.996095627198953,0.937805684621065,0,0,0,0,0,0.0,1.4600416649210717,0.9593557683289383,1.0
100,16,18,2026107963,0.45,0.375,0.0,0.1,0.1,0.05,0.05,none,0.9937487929666642,0.967664412052291,0.9886096193497519,0.963511893287166,0,0,0,0,0,0.0,1.490573442762843,0.9591727551110967,1.0
100,16,19,2026107964,0.45,0.375,0.0,0.1,0.1,0.05,0.05,none,1.0347232221258231,0.9876357602202801,1.0168158062983432,0.9747120470917078,0,0,0,0,0,0.0,1.5522632833879586,0.9594030436793831,1.0
105,0,0,2026091801,0.45,0.5625,0.0,0.1,0.1,0.05,0.05,none,0.9889967592218081,1.0363994700919803,1.0017081933725862,0.9425052335361234,0,0,0,0,0,0.0,0.8648809934846952,0.9644831421760844,1.0014183076594554
105,0,1,2026091802,0.45,0.5625,0.0,0.1,0.1,0.05,0.05,none,0.9962807048015033,0.9762384048164686,1.093008165825665,1.0333582246357056,0,0,0,0,0,0.0,1.1163813978782986,0.9618287363810964,1.0016532525041195
105,0,2,2026091803,0.45,0.5625,0.0,0.1,0.1,0.05,0.05,none,1.0060888371384116,0.9730445374151065,1.0175059850596113,0.9850925603579922,0,0,0,0,0,0.0,0.8770260359126117,0.9658918931310742,1.0020621286094675
105,0,3,2026091804,0.45,0.5625,0.0,0.1,0.1,0.05,0.05,none,1.0033446561941979,1.0010961419707638,0.9804974886836634,1.0550128384114694,0,0,0,0,0,0.0,0.8869449048930222,0.963913453639181,1.002119695975213
105,0,4,2026091805,0.45,0.5625,0.0,0.1,0.1,0.05,0.05,none,1.0069221146578282,1.0026512588060241,1.08303764220964,0.939413046090093,0,0,0,0,0,0.0,1.0506379042811302,0.9635497325382172,1.001184636564768
105,0,5,2026091806,0.45,0.5625,0.0,0.1,0.1,0.05,0.05,none,1.0076181417536656,0.9972807514879373,1.0443312004014336,0.9665335812519337,0,0,0,0,0,0.0,0.9993825808051097,0.9637482016751954,1.0014680576908435
105,0,6,2026091807,0.45,0.5625,0.0,0.1,0.1,0.05,0.05,none,1.0281076678247543,1.0019363691485061,0.9636295955122052,1.1218049888237394,0,0,0,0,0,0.0,0.8537885375371408,0.9638219087250076,1.0028165835989866
105,0,7,2026091808,0.45,0.5625,0.0,0.1,0.1,0.05,0.05,none,1.0123118615190798,1.0147043761497327,1.0304933779367527,0.9679493476973527,0,0,0,0,0,0.0,1.047326420288505,0.960705760097471,1.0016040795036707
105,0,8,2026091809,0.45,0.5625,0.0,0.1,0.1,0.05,0.05,none,1.000476243277857,0.9932359322061797,0.9583696928160006,1.0179857527291252,0,0,0,0,0,0.0,0.803995479572729,0.9659784351355171,1.0022609834254084
105,0,9,2026091810,0.45,0.5625,0.0,0.1,0.1,0.05,0.05,none,0.9978372126063686,0.9922205664191598,1.0608452111750875,0.9793466459775978,0,0,0,0,0,0.0,0.9664820211540072,0.9653754191810328,1.0016685581741975
105,0,10,2026091811,0.45,0.5625,0.0,0.1,0.1,0.05,0.05,none,0.9903338102568245,1.0037220914405145,1.0234983111130693,1.0034512693331532,0,0,0,0,0,0.0,0.9446810466241801,0.963155764460512,1.0017607573684593
105,0,11,2026091812,0.45,0.5625,0.0,0.1,0.1,0.05,0.05,none,0.9956996041717471,1.0123034240279487,1.009237412877944,1.1004489610627894,0,0,0,0,0,0.0,0.9192666578189187,0.9647145982735916,1.0024544090092486
105,0,12,2026091813,0.45,0.5625,0.0,0.1,0.1,0.05,0.05,none,0.9903889077156555,1.0197399028974827,0.9830756310778348,0.9969508426136476,0,0,0,0,0,0.0,0.8149320338666289,0.9664899289437123,1.0016517932495443
105,0,13,2026091814,0.45,0.5625,0.0,0.1,0.1,0.05,0.05,none,1.0058515372536767,0.9993799940720951,1.012883741026731,1.0174642987793532,0,0,0,0,0,0.0,0.9512310457940143,0.9626343892642631,1.0020430300192422
105,0,14,2026091815,0.45,0.5625,0.0,0.1,0.1,0.05,0.05,none,0.9830333009103916,1.0002297677567988,1.0286864886325722,0.9249314943245451,0,0,0,0,0,0.0,0.9247702573763269,0.9648490887283196,1.0013427741100145
105,0,15,2026091816,0.45,0.5625,0.0,0.1,0.1,0.05,0.05,none,0.9878506366022383,1.0235985043236053,1.1043625034652162,0.9850688509714395,0,0,0,0,0,0.0,1.062775381990016,0.9649332565999997,1.0015365832669112
105,0,16,2026091817,0.45,0.5625,0.0,0.1,0.1,0.05,0.05,none,0.9802011232502715,1.0047048076204208,1.0331354624518914,1.0224968051208851,0,0,0,0,0,0.0,0.9821031887304921,0.9630259816495631,1.0017611000134443
105,0,17,2026091818,0.45,0.5625,0.0,0.1,0.1,0.05,0.05,none,0.9991995767398845,1.000316733735941,1.0348893879358085,0.9301525884726269,0,0,0,0,0,0.0,0.9462922774557202,0.9643564722922711,1.0014650474701077
105,0,18,2026091819,0.45,0.5625,0.0,0.1,0.1,0.05,0.05,none,1.010062239207677,1.002511699313374,0.9865363827179132,0.992564513795951,0,0,0,0,0,0.0,0.852551965543943,0.9653713720775339,1.0019275854893823
105,0,19,2026091820,0.45,0.5625,0.0,0.1,0.1,0.05,0.05,none,1.0011504335099028,1.0241966228840402,0.9352217463992087,1.0284670292533187,0,0,0,0,0,0.0,0.7789994281263853,0.9649606755804608,1.0023034231041057
105,1,0,2026092810,0.45,0.5625,0.0,0.1,0.1,0.05,0.05,none,0.9750701020667297,0.9913815410816361,0.9643819409075606,0.974958894789504,0,0,0,0,0,0.0,2.3728519978721336,0.9569048164540843,1.0
105,1,1,2026092811,0.45,0.5625,0.0,0.1,0.1,0.05,0.05,none,0.9955434861078069,1.0274723048920387,1.0238698030200035,0.959020153853565,0,0,0,0,0,0.0,2.8189385182420987,0.9540938560036881,1.0
105,1,2,2026092812,0.45,0.5625,0.0,0.1,0.1,0.05,0.05,none,0.9821753374918364,1.0096993145772195,1.0690843379591108,1.0173129012940922,0,0,0,0,0,0.0,2.9358961877698375,0.9530955625092807,1.0
105,1,3,2026092813,0.45,0.5625,0.0,0.1,0.1,0.05,0.05,none,0.9892911178879423,1.035976470534268,1.014251705601933,1.0276216167473466,0,0,0,0,0,0.0,2.7686672093077567,0.9523912264041783,1.0
105,1,4,2026092814,0.45,0.5625,0.0,0.1,0.1,0.05,0.05,none,1.0062138706455113,0.9704687183995101,1.0235689002570312,0.913932753790876,0,0,0,0,0,0.0,3.00502065333029,0.950238598237537,1.0
105,1,5,2026092815,0.45,0.5625,0.0,0.1,0.1,0.05,0.05,none,1.0032836540114345,1.0069695170783461,0.9948173981479156,1.0052882325261239,0,0,0,0,0,0.0,2.5545061416409913,0.9557406473253065,1.0
105,1,6,2026092816,0.45,0.5625,0.0,0.1,0.1,0.05,0.05,none,1.015744106770369,0.998460503604598,1.0186452991779469,1.0009616306358817,0,0,0,0,0,0.0,2.9244692278249023,0.9516385434272348,1.0
105,1,7,2026092817,0.45,0.5625,0.0,0.1,0.1,0.05,0.05,none,0.9574522027074377,1.0019504194141629,0.9309389692465325,1.0374023427511179,0,0,0,0,0,0.0,2.1961439822265634,0.9560699483920421,1.0
105,1,8,2026092818,0.45,0.5625,0.0,0.1,0.1,0.05,0.05,none,1.0301034234028408,0.9908240571425756,0.966223297784483,0.9131758926796765,0,0,0,0,0,0.0,2.558145367218512,0.9546351232701412,1.0
105,1,9,2026092819,0.45,0.5625,0.0,0.1,0.1,0.05,0.05,none,0.9646955849703485,1.008370142661812,1.0814939801348726,0.9736081548053686,0,0,0,0,0,0.0,3.2040954031543185,0.9516292711733891,1.0
105,1,10,2026092820,0.45,0.5625,0.0,0.1,0.1,0.05,0.05,none,1.010130231485679,0.9921481344267907,1.0538080148600188,1.0282503539044383,1,16,0,0,0,0.0,3.139581239050782,0.9486069685379763,1.0
105,1,11,2026092821,0.45,0.5625,0.0,0.1,0.1,0.05,0.05,none,1.0036942323710558,0.973539824142658,1.0048306314606332,0.9531590097450731,0,0,0,0,0,0.0,2.7965813548629663,0.9535943533543945,1.0
105,1,12,2026092822,0.45,0.5625,0.0,0.1,0.1,0.05,0.05,none,1.0026751532942069,1.0180372155385153,1.045344316992607,1.0031259824225824,1,8,0,0,0,0.0,3.1509770979375094,0.9490622902108873,1.0
105,1,13,2026092823,0.45,0.5625,0.0,0.1,0.1,0.05,0.05,none,1.0232430100269445,1.0144916989123567,1.0482153472802742,1.0548274683221328,1,4,0,0,0,0.0,3.069426688735349,0.9494098265205057,1.0
105,1,14,2026092824,0.45,0.5625,0.0,0.1,0.1,0.05,0.05,none,1.0050509721814969,0.984259906871883,1.0442748969336189,1.0144341703103963,0,0,0,0,0,0.0,2.9322598885240487,0.9537204044280153,1.0
105,1,15,2026092825,0.45,0.5625,0.0,0.1,0.1,0.05,0.05,none,1.0059359509387071,0.9796778546687164,0.9034956432489607,1.0305488857382321,0,0,0,0,0,0.03125,2.180235561618257,0.955784522409935,1.0
105,1,16,2026092826,0.45,0.5625,0.0,0.1,0.1,0.05,0.05,none,1.0155225111512203,1.0283819238179084,0.9220228040719293,1.0267283918537455,0,0,0,0,0,0.0,2.2058306598362654,0.9566704691921567,1.0
105,1,17,2026092827,0.45,0.5625,0.0,0.1,0.1,0.05,0.05,none,1.021674849025522,1.0025111670098903,1.0821403461534305,1.0109050706204865,1,50,0,0,0,0.0,3.373813387489178,0.9463745404003883,1.0
105,1,18,2026092828,0.45,0.5625,0.0,0.1,0.1,0.05,0.05,none,1.0150723464163227,0.9971841085649548,1.0114347490080706,0.9702952586116584,0,0,0,0,0,0.0,2.85836094380212,0.9513641056978281,1.0
105,1,19,2026092829,0.45,0.5625,0.0,0.1,0.1,0.05,0.05,none,1.0178506256817828,0.97066553702142,1.0751962517817706,1.0153275509495554,1,36,0,0,0,0.0,3.3341887028594517,0.9474134411890517,1.0
105,2,0,2026093819,0.45,0.5625,0.0,0.1,0.1,0.05,0.05,none,1.0068376073801988,1.003920933324885,1.0297679578439154,0.9511727825984772,0,0,0,0,0,0.0,1.6268424599707358,0.9583090641798625,1.0009728285202621
105,2,1,2026093820,0.45,0.5625,0.0,0.1,0.1,0.05,0.05,none,1.038179135908264,0.9992680192629161,0.9498583310494816,0.905061927235297,0,0,0,0,0,0.0,1.34523971253134,0.9620279395321798,1.0008990170725445
105,2,2,2026093821,0.45,0.5625,0.0,0.1,0.1,0.05,0.05,none,0.96391099932309,0.9963325161258306,1.022060114807026,1.114613492590722,0,0,0,0,0,0.0,1.486780981217398,0.9612771455886856,1.001910939981276
105,2,3,2026093822,0.45,0.5625,0.0,0.1,0.1,0.05,0.05,none,0.9966631679953777,0.9969897509962973,1.0458561296972022,0.9550766475099396,0,0,0,0,0,0.0,1.7913501709148933,0.9557777052773269,1.0006934445071451
105,2,4,2026093823,0.45,0.5625,0.0,0.1,0.1,0.05,0.05,none,0.9838099152049741,1.017366377889382,1.0034485936342645,1.1062417268014682,0,0,0,0,0,0.0,1.6062094335714348,0.9575741204693334,1.0018201362059926
105,2,5,2026093824,0.45,0.5625,0.0,0.1,0.1,0.05,0.05,none,1.0111428014966741,0.9775984983413158,0.9386584925774516,1.0665186158026785,0,0,0,0,0,0.0,1.3458993627837903,0.9605602606837185,1.0026071896485458
105,2,6,2026093825,0.45,0.5625,0.0,0.1,0.1,0.05,0.05,none,1.0008517974138194,1.0035668922331378,1.0522540314954096,0.9244384399948065,0,0,0,0,0,0.0,1.7934966120555684,0.958411372438409,1.0005198582400423
105,2,7,2026093826,0.45,0.5625,0.0,0.1,0.1,0.05,0.05,none,1.015760272310287,0.9931501671766965,0.9657684875444493,0.9731770860884624,0,0,0,0,0,0.0,1.430365126104706,0.9598700499474088,1.0013932981622424
105,2,8,2026093827,0.45,0.5625,0.0,0.1,0.1,0.05,0.05,none,0.9881629625157949,0.9925593592832452,1.056230001005784,0.9780978316470516,0,0,0,0,0,0.0,1.752198249716322,0.9577466954571073,1.0008668961703222
105,2,9,2026093828,0.45,0.5625,0.0,0.1,0.1,0.05,0.05,none,1.0167820911470289,1.0175276389104893,1.132095023797478,0.9914286414065194,0,0,0,0,0,0.0,2.0849592248745843,0.9557192030882495,1.0004191263873565
105,2,10,2026093829,0.45,0.5625,0.0,0.1,0.1,0.05,0.05,none,0.9994402848764555,0.9895402957507179,0.9512077940114694,0.9826625323570946,0,0,0,0,0,0.0,1.4070850025363175,0.9597051506134159,1.001184860990376
105,2,11,2026093830,0.45,0.5625,0.0,0.1,0.1,0.05,0.05,none,1.0174353259068072,0.9853904907738088,1.1031065879398656,0.8889273767610164,0,0,0,0,0,0.0,2.069407140171741,0.9542941186022791,1.0
105,2,12,2026093831,0.45,0.5625,0.0,0.1,0.1,0.05,0.05,none,0.9715021116693732,0.9798564997914483,1.028035458395571,0.9351341747615022,0,0,0,0,0,0.0,1.5488596801295316,0.9611904182970601,1.0006683958020033
105,2,13,2026093832,0.45,0.5625,0.0,0.1,0.1,0.05,0.05,none,1.001129673863791,1.0151452909705632,1.0702503181175036,1.0508160757529965,0,0,0,0,0,0.0,1.861920272378584,0.9557408047796668,1.00113565349232
105,2,14,2026093833,0.45,0.5625,0.0,0.1,0.1,0.05,0.05,none,1.0046078002158303,0.9922707604614168,1.0598353112859007,1.085173084791014,0,0,0,0,0,0.0,1.8901525377807802,0.953756484890359,1.0011553562971571
105,2,15,2026093834,0.45,0.5625,0.0,0.1,0.1,0.05,0.05,none,0.9997149142306817,0.9861513107405455,0.892260762494501,1.0466529195434373,0,0,0,0,0,0.0,1.1919044985830707,0.9618626763976827,1.0022312604903618
105,2,16,2026093835,0.45,0.5625,0.0,0.1,0.1,0.05,0.05,none,0.9974949802519275,0.9730067817443347,1.1453160370586688,1.005030900171067,0,0,0,0,0,0.0,2.192981003756414,0.9544366936957331,1.0006322817656448
105,2,17,2026093836,0.45,0.5625,0.0,0.1,0.1,0.05,0.05,none,0.9990224477289337,1.0224110835800664,1.051714745224683,0.9832253284136238,0,0,0,0,0,0.0,1.7899572984393561,0.9566987522980519,1.0009358494961123
105,2,18,2026093837,0.45,0.5625,0.0,0.1,0.1,0.05,0.05,none,1.0296446100719543,0.9802761024437872,1.0063508339984206,0.9458312777004148,0,0,0,0,0,0.0,1.6052204987664855,0.9596892427578638,1.0008063471906654
105,2,19,2026093838,0.45,0.5625,0.0,0.1,0.1,0.05,0.05,none,1.0059635068978903,1.010203351030038,0.9843914968153441,1.005642380084285,0,0,0,0,0,0.0,1.4777052732855314,0.9603766914329056,1.0011270349495769
105,3,0,2026094828,0.45,0.5625,0.0,0.1,0.1,0.05,0.05,none,0.9839763986272074,0.9929164832083185,0.9867571753663931,0.9820620315746132,0,0,0,0,0,0.0,2.3146262434749634,0.9558055185342584,1.0
105,3,1,2026094829,0.45,0.5625,0.0,0.1,0.1,0.05,0.05,none,1.0279532286414819,0.9936989684606927,1.0778638872335444,0.9910364507155465,0,0,0,0,0,0.0,2.9566046694656607,0.951581314849073,1.0
105,3,2,2026094830,0.45,0.5625,0.0,0.1,0.1,0.05,0.05,none,1.0171488682975622,1.008676744014774,1.0463344422663148,1.0342038613753315,0,0,0,0,0,0.0,2.5948448540321145,0.9535382999552297,1.0
105,3,3,2026094831,0.45,0.5625,0.0,0.1,0.1,0.05,0.05,none,1.0092117407591963,1.010869306684495,0.9758353584445152,1.077116380234679,0,0,0,0,0,0.0,2.173078759052142,0.956448312346106,1.0
105,3,4,2026094832,0.45,0.5625,0.0,0.1,0.1,0.05,0.05,none,0.9860448027153917,1.0122305746625953,1.0509471621204864,0.9050346032073505,0,0,0,0,0,0.0,2.6680075268068917,0.9540064863951029,1.0
105,3,5,2026094833,0.45,0.5625,0.0,0.1,0.1,0.05,0.05,none,1.005031794465642,1.0155226854793846,1.0241043658272255,0.9982356080707377,0,0,0,0,0,0.0,2.5988673679721135,0.953138128610008,1.0
105,3,6,2026094834,0.45,0.5625,0.0,0.1,0.1,0.05,0.05,none,1.028849267457331,1.0081688565920246,0.9783043811429302,1.0269971901077664,0,0,0,0,0,0.0,2.307460592549173,0.9550834039423263,1.0
105,3,7,2026094835,0.45,0.5625,0.0,0.1,0.1,0.05,0.05,none,1.0008648619763594,0.9814376363890605,1.0635829559464711,1.0722065557052685,1,24,0,0,0,0.0,2.9226988050198917,0.9489487608799999,1.0
105,3,8,2026094836,0.45,0.5625,0.0,0.1,0.1,0.05,0.05,none,1.0086699451715901,1.0009309729585791,0.9910052159187566,1.0136336825972212,0,0,0,0,0,0.0,2.3993742202644985,0.9546082847109018,1.0
105,3,9,2026094837,0.45,0.5625,0.0,0.1,0.1,0.05,0.05,none,1.0258822376763836,1.0201276889711552,1.0452977102040868,0.9741577811811398,0,0,0,0,0,0.0,2.799674137444395,0.9515642011353778,1.0
105,3,10,2026094838,0.45,0.5625,0.0,0.1,0.1,0.05,0.05,none,0.9773293388902354,0.9795901435630251,0.9358798130941404,1.0051586245402233,0,0,0,0,0,0.0,1.8366169431238584,0.9592477477711786,1.0
105,3,11,2026094839,0.45,0.5625,0.0,0.1,0.1,0.05,0.05,none,1.0074594966511554,1.0224809025372328,1.082316465275969,1.028371744119069,0,0,0,0,0,0.0,2.812472953843465,0.952268599642677,1.0
105,3,12,2026094840,0.45,0.5625,0.0,0.1,0.1,0.05,0.05,none,1.0133956713006198,1.0006571135113314,1.0209426472308087,0.9375943086013869,0,0,0,0,0,0.0,2.518087702900905,0.9536127227239021,1.0
105,3,13,2026094841,0.45,0.5625,0.0,0.1,0.1,0.05,0.05,none,1.0088960227123764,0.9932736387314067,1.0052460332224438,0.9499842722506822,0,0,0,0,0,0.0,2.504601168490099,0.9525078147221997,1.0
105,3,14,2026094842,0.45,0.5625,0.0,0.1,0.1,0.05,0.05,none,1.0164096018924638,0.9922910354606373,0.9544277080004494,1.0625293225216965,0,0,0,0,0,0.0,2.0634562407306434,0.9584642697128989,1.0
105,3,15,2026094843,0.45,0.5625,0.0,0.1,0.1,0.05,0.05,none,1.0091027490125435,1.0083640562995875,1.0553784558436412,1.007467011292428,0,0,0,0,0,0.0,2.679314868148183,0.9544708406538801,1.0
105,3,16,2026094844,0.45,0.5625,0.0,0.1,0.1,0.05,0.05,none,1.011447851491728,0.9896945358659087,0.915370011392904,0.9968016714726319,0,0,0,0,0,0.0,1.9523104631709278,0.9566719690235257,1.0
105,3,17,2026094845,0.45,0.5625,0.0,0.1,0.1,0.05,0.05,none,0.9902877055241901,0.9779199432033518,1.0590199456275957,0.965074291925527,0,0,0,0,0,0.0,2.6503285523882743,0.9539498875554561,1.0
105,3,18,2026094846,0.45,0.5625,0.0,0.1,0.1,0.05,0.05,none,0.9742756611420502,0.9753229848002868,0.9977058526862308,1.0131257909720073,0,0,0,0,0,0.0,2.1941055877824045,0.9588546150715634,1.0
105,3,19,2026094847,0.45,0.5625,0.0,0.1,0.1,0.05,0.05,none,0.9950404727835697,0.9957511837725463,1.0752951902038723,1.1263376494112287,0,0,0,0,0,0.0,2.8046491154262707,0.9533703607291643,1.0
105,4,0,2026095837,0.45,0.5625,0.0,0.1,0.1,0.05,0.05,none,1.0073137069977274,0.9825875886370043,1.01427173792534,0.9665861599685073,0,0,0,0,0,0.0,1.6403994233486434,0.9574522918497873,1.0082794720794013
105,4,1,2026095838,0.45,0.5625,0.0,0.1,0.1,0.05,0.05,none,1.0047642490924793,1.030088756027601,0.9520713437640131,0.9379158274718208,0,0,0,0,0,0.0,1.5475928365925955,0.9561407182773061,1.007545713497664
105,4,2,2026095839,0.45,0.5625,0.0,0.1,0.1,0.05,0.05,none,0.995738148241023,0.9870953624501884,0.9208932831556211,1.015097729108356,0,0,0,0,0,0.0,1.2887373519651009,0.9617886570184396,1.0100909686980049
105,4,3,2026095840,0.45,0.5625,0.0,0.1,0.1,0.05,0.05,none,0.9850773547601629,0.9912676633664486,1.0572905833673483,0.9383416684150144,0,0,0,0,0,0.0,1.896788555478073,0.9545506268177444,1.0073010556139215
105,4,4,2026095841,0.45,0.5625,0.0,0.1,0.1,0.05,0.05,none,1.04048421556652,1.0222992254994643,0.9401137684535914,1.019785193395073,0,0,0,0,0,0.0,1.51749500190032,0.955351279423033,1.0119281633810924
105,4,5,2026095842,0.45,0.5625,0.0,0.1,0.1,0.05,0.05,none,0.9910060266876359,0.9782835111820076,1.0493334220873276,0.9414060197176262,0,0,0,0,0,0.0,1.8944677875736482,0.9543622100367273,1.007272656193153
105,4,6,2026095843,0.45,0.5625,0.0,0.1,0.1,0.05,0.05,none,1.022251354186967,0.9997856863095946,0.9758489086322241,1.0208747205011826,0,0,0,0,0,0.0,1.6586188000214852,0.9548509342355224,1.009146914685629
105,4,7,2026095844,0.45,0.5625,0.0,0.1,0.1,0.05,0.05,none,0.9643247674227255,1.0255423189919666,0.9952225338644016,1.025161231538314,0,0,0,0,0,0.0,1.54867210796634,0.9586476304369828,1.0089527390500594
105,4,8,2026095845,0.45,0.5625,0.0,0.1,0.1,0.05,0.05,none,0.9851585197014036,1.003189073360995,0.980426329476559,0.91894187895131,0,0,0,0,0,0.0,1.5010433832533663,0.9589790911331824,1.0075936214224779
105,4,9,2026095846,0.45,0.5625,0.0,0.1,0.1,0.05,0.05,none,1.0316902804228378,0.9977491569258273,0.9832650032456633,0.9415235982712223,0,0,0,0,0,0.0,1.541289905623361,0.9584069455858533,1.0092349736830337
105,4,10,2026095847,0.45,0.5625,0.0,0.1,0.1,0.05,0.05,none,0.9611158462372084,1.0234579003368618,1.0752282567951328,1.08055639491139,0,0,0,0,0,0.0,1.9123329227933226,0.9536630965993552,1.0090219025554001
105,4,11,2026095848,0.45,0.5625,0.0,0.1,0.1,0.05,0.05,none,0.9963912521814553,0.9880690813825961,0.936455417509347,1.0318799257421998,0,0,0,0,0,0.0,1.3828927390779246,0.958326865071743,1.0106097133936898
105,4,12,2026095849,0.45,0.5625,0.0,0.1,0.1,0.05,0.05,none,0.9892638228783418,0.9908127105807231,1.018595031477293,1.073775675193002,0,0,0,0,0,0.0,1.635599776087916,0.9584846371453071,1.0110436986766882
105,4,13,2026095850,0.45,0.5625,0.0,0.1,0.1,0.05,0.05,none,0.9933764209082685,1.0225783381705957,0.9156386297641518,1.0407284795962055,0,0,0,0,0,0.0,1.2768013920349817,0.9609257357626996,1.0112132392903614
105,4,14,2026095851,0.45,0.5625,0.0,0.1,0.1,0.05,0.05,none,1.0046817430892316,0.9735618451155632,1.038989035171373,0.9497538401486401,0,0,0,0,0,0.0,1.7710280037135597,0.9553345322475678,1.0077870315382225
105,4,15,2026095852,0.45,0.5625,0.0,0.1,0.1,0.05,0.05,none,0.9948546689220304,1.0351255930659011,0.9080466304831427,0.9262903700269817,0,0,0,0,0,0.0,1.3581033488788519,0.9579086611297661,1.0082130468357589
105,4,16,2026095853,0.45,0.5625,0.0,0.1,0.1,0.05,0.05,none,1.0077773139148045,1.0011210749380495,1.006151882364902,0.9390756942017193,0,0,0,0,0,0.0,1.754438304142506,0.9535800541639617,1.0076044324056206
105,4,17,2026095854,0.45,0.5625,0.0,0.1,0.1,0.05,0.05,none,0.9896804666669826,0.9882663667300307,0.9466582786776291,0.949311141940119,0,0,0,0,0,0.0,1.4066238696634825,0.9598498453212378,1.0088115810819949
105,4,18,2026095855,0.45,0.5625,0.0,0.1,0.1,0.05,0.05,none,0.9970738032249582,0.986469254662527,1.0116650381077499,1.0544158004830924,0,0,0,0,0,0.0,1.7130917966259096,0.95507822331477,1.0101388621745928
105,4,19,2026095856,0.45,0.5625,0.0,0.1,0.1,0.05,0.05,none,0.9977903715966382,0.9820324251601305,1.0550711341596182,1.0694779153088274,0,0,0,0,0,0.0,1.7960257098470125,0.9564243071648534,1.0103099933197406
105,5,0,2026096846,0.45,0.5625,0.0,0.1,0.1,0.05,0.05,none,0.9970568131545174,0.990353110905286,0.9116087337005888,0.9585450879999081,0,0,0,0,0,0.0,0.6865438832149479,0.9666134422302403,1.0071890264739147
105,5,1,2026096847,0.45,0.5625,0.0,0.1,0.1,0.05,0.05,none,1.0230434651010925,0.9904551262684144,0.9676589711000054,0.9931219616671163,0,0,0,0,0,0.0,0.8690178145967788,0.9628704046660264,1.0061875427849412
105,5,2,2026096848,0.45,0.5625,0.0,0.1,0.1,0.05,0.05,none,1.0188727445107175,0.9928646329100071,0.9087414866244906,0.9580117460539487,0,0,0,0,0,0.0,0.7199130225800406,0.9660539468820044,1.007347450753643
105,5,3,2026096849,0.45,0.5625,0.0,0.1,0.1,0.05,0.05,none,0.9939432110030477,0.997781049551035,0.9985051459232375,0.9768084027662299,0,0,0,0,0,0.0,0.7810796222493592,0.9672927402053658,1.0057135278296732
105,5,4,2026096850,0.45,0.5625,0.0,0.1,0.1,0.05,0.05,none,0.9927573064035518,0.9955365205470198,1.0121271288464173,1.0432675084304677,0,0,0,0,0,0.0,0.8878918824288589,0.9638634213988648,1.0073630122959372
105,5,5,2026096851,0.45,0.5625,0.0,0.1,0.1,0.05,0.05,none,1.0017760331436096,1.020315877868295,0.9364149683128711,1.0522055058885391,0,0,0,0,0,0.0,0.7425416358697463,0.9668708928473525,1.0077947074287286
105,5,6,2026096852,0.45,0.5625,0.0,0.1,0.1,0.05,0.05,none,1.0189413264591187,1.0148026250192141,1.1324554763066053,0.9723893895825775,0,0,0,0,0,0.0,1.0865805170959189,0.9628541018891692,1.005750954026515
105,5,7,2026096853,0.45,0.5625,0.0,0.1,0.1,0.05,0.05,none,1.0195161778813808,0.9717261115527265,1.0435150199115646,0.925328284311302,0,0,0,0,0,0.0,0.9258622847224125,0.9649418574253379,1.0056309382035409
105,5,8,2026096854,0.45,0.5625,0.0,0.1,0.1,0.05,0.05,none,1.0278297721642888,0.9903637402940388,1.007190554052218,0.9945321181641216,0,0,0,0,0,0.0,0.8815948007970772,0.9652640240617346,1.006985450539832
105,5,9,2026096855,0.45,0.5625,0.0,0.1,0.1,0.05,0.05,none,1.0099871914164218,0.9850526117815993,1.1006738413431563,1.077894730664088,0,0,0,0,0,0.0,1.031675054200865,0.9639336784728904,1.006582255709066
105,5,10,2026096856,0.45,0.5625,0.0,0.1,0.1,0.05,0.05,none,0.9914215971508274,0.9797397975646076,1.0757436724885252,1.0414988803099896,0,0,0,0,0,0.0,1.008276140218766,0.9634251423810133,1.0073254602216326
105,5,11,2026096857,0.45,0.5625,0.0,0.1,0.1,0.05,0.05,none,0.9923255754926427,0.9940283680909459,0.9711800683394453,0.9513364543220694,0,0,0,0,0,0.0,0.7626988759186847,0.9669298738845773,1.0059087329109904
105,5,12,2026096858,0.45,0.5625,0.0,0.1,0.1,0.05,0.05,none,1.0026332967896283,0.9898224077582717,0.9463804470323192,0.9497959197603725,0,0,0,0,0,0.0,0.7696858692415242,0.9654204963340364,1.0064596454928316
105,5,13,2026096859,0.45,0.5625,0.0,0.1,0.1,0.05,0.05,none,0.988093851786745,1.0037647250036132,0.9501702064437269,1.0011012163186113,0,0,0,0,0,0.0,0.7246795897322583,0.966049815488477,1.0063648558799836
105,5,14,2026096860,0.45,0.5625,0.0,0.1,0.1,0.05,0.05,none,1.0074634193248146,0.987673204815064,0.9957073866704579,1.0049856558115664,0,0,0,0,0,0.0,0.8584536956748858,0.9638096492509802,1.0068195270803562
105,5,15,2026096861,0.45,0.5625,0.0,0.1,0.1,0.05,0.05,none,0.9777681552644044,1.0031114181174323,0.9750287592721192,1.0059494531706565,0,0,0,0,0,0.0,0.8197206283156806,0.9647453387346698,1.0065490889114608
105,5,16,2026096862,0.45,0.5625,0.0,0.1,0.1,0.05,0.05,none,0.9967932663113825,1.006731954155538,1.004906838633004,0.9665261085000575,0,0,0,0,0,0.0,0.8533680373897611,0.9656687967056684,1.0064951251474161
105,5,17,2026096863,0.45,0.5625,0.0,0.1,0.1,0.05,0.05,none,1.0122735085722645,0.9672193963165199,1.026190557889414,1.0731723865509504,0,0,0,0,0,0.0,0.8791107865416895,0.9652156593133083,1.0064354874165573
105,5,18,2026096864,0.45,0.5625,0.0,0.1,0.1,0.05,0.05,none,0.9931863342672366,0.990978445815651,1.0594611425261897,1.0079102441796073,0,0,0,0,0,0.0,0.9156255671244927,0.9654192657961643,1.0063071175396725
105,5,19,2026096865,0.45,0.5625,0.0,0.1,0.1,0.05,0.05,none,1.0444579075689142,0.978671884972707,1.0299240249942185,0.9199252762061397,0,0,0,0,0,0.0,0.9537059794386448,0.9632039428975808,1.0057619920325855
105,6,0,2026097855,0.45,0.5625,0.0,0.1,0.1,0.05,0.05,none,0.9736405195484531,0.9985604829844279,1.011132184097985,0.9257924476193478,0,0,0,0,0,0.0,1.3505416173778746,0.9632046787415323,1.005791056041101
105,6,1,2026097856,0.45,0.5625,0.0,0.1,0.1,0.05,0.05,none,0.9982733423893214,0.9962726552477006,0.9857558323989161,0.9531348495964092,0,0,0,0,0,0.0,1.3604434272313821,0.9620805559610837,1.0063250242381347
105,6,2,2026097857,0.45,0.5625,0.0,0.1,0.1,0.05,0.05,none,1.0184834208243194,0.9978813809462558,0.919045984792353,0.9344188390307197,0,0,0,0,0,0.0,1.111450420231196,0.9644970429405445,1.0072140784104224
105,6,3,2026097858,0.45,0.5625,0.0,0.1,0.1,0.05,0.05,none,1.0076656445400334,0.9893249911055424,0.943994850944357,0.9572117943318988,0,0,0,0,0,0.0,1.213608862165406,0.9631170138813394,1.006765797431074
105,6,4,2026097859,0.45,0.5625,0.0,0.1,0.1,0.05,0.05,none,0.9949161594975205,0.9935853526306702,0.916296080985242,0.9527721602990724,0,0,0,0,0,0.0,1.205531422234958,0.9613141040613475,1.0073111243232322
105,6,5,2026097860,0.45,0.5625,0.0,0.1,0.1,0.05,0.05,none,0.9802054510684138,0.994409354687362,1.0356739356235534,0.9896861798888887,0,0,0,0,0,0.0,1.4974181401352709,0.9609898612391267,1.0064568685847264
105,6,6,2026097861,0.45,0.5625,0.0,0.1,0.1,0.05,0.05,none,0.978533593008218,1.0033572402870792,0.9900688948825289,1.0023919103778456,0,0,0,0,0,0.0,1.294769234659566,0.96337121190147,1.007299497954593
105,6,7,2026097862,0.45,0.5625,0.0,0.1,0.1,0.05,0.05,none,1.0046318525668543,1.0002916572121954,0.9642662206593811,0.9910801841896703,0,0,0,0,0,0.0,1.2643561304050117,0.9626190837647044,1.00792425709445
105,6,8,2026097863,0.45,0.5625,0.0,0.1,0.1,0.05,0.05,none,1.0028853939955145,1.0122400884943858,0.9650439901704326,0.9861093473161742,0,0,0,0,0,0.0,1.2850318182778746,0.9616680578261032,1.0073666474029122
105,6,9,2026097864,0.45,0.5625,0.0,0.1,0.1,0.05,0.05,none,0.9753759896173385,1.0227535432707993,1.0165769637001276,1.0789381687817325,0,0,0,0,0,0.0,1.4056833106666682,0.9606245414901389,1.0078320440097885
105,6,10,2026097865,0.45,0.5625,0.0,0.1,0.1,0.05,0.05,none,0.9879983220498032,0.9965164855993626,1.0051198976728144,1.0680702683878947,0,0,0,0,0,0.0,1.371723248723273,0.9617596337267323,1.0078498269865983
105,6,11,2026097866,0.45,0.5625,0.0,0.1,0.1,0.05,0.05,none,1.0077393013442053,0.9697469582985729,0.9445168851941118,1.0266621490203003,0,0,0,0,0,0.0,1.2450671136962823,0.9618563374942988,1.0070533164660125
105,6,12,2026097867,0.45,0.5625,0.0,0.1,0.1,0.05,0.05,none,0.9783749355090989,1.001778534026402,0.9990936376070979,0.9532667767758507,0,0,0,0,0,0.0,1.3722358603161808,0.9622668325279347,1.0056120956019816
105,6,13,2026097868,0.45,0.5625,0.0,0.1,0.1,0.05,0.05,none,0.9899027481100341,1.001077669802222,1.0829858264036925,1.083119268762535,0,0,0,0,0,0.0,1.6942856677835665,0.958116639919071,1.0066444944434925
105,6,14,2026097869,0.45,0.5625,0.0,0.1,0.1,0.05,0.05,none,1.0020982717291307,1.0019927282239438,0.9798615438147248,0.9664249241252503,0,0,0,0,0,0.0,1.2662257959502334,0.962901256570636,1.0063395302246272
105,6,15,2026097870,0.45,0.5625,0.0,0.1,0.1,0.05,0.05,none,1.0161607607110428,1.0139173258311527,0.9661176902971482,1.0432989606098044,0,0,0,0,0,0.0,1.2838209807338794,0.9616279439014395,1.0073112406506268
105,6,16,2026097871,0.45,0.5625,0.0,0.1,0.1,0.05,0.05,none,1.0044654288019426,0.9900404672759956,0.9150902332342226,0.9302454202965801,0,0,0,0,0,0.0,1.1295048979948146,0.9636974388805026,1.007030658055851
105,6,17,2026097872,0.45,0.5625,0.0,0.1,0.1,0.05,0.05,none,1.006599257953703,1.014837887759878,0.9780143103007052,0.9561446287988677,0,0,0,0,0,0.0,1.3540520697811185,0.9609144219799047,1.0069479543170943
105,6,18,2026097873,0.45,0.5625,0.0,0.1,0.1,0.05,0.05,none,1.0130124543672239,0.980193173090273,0.9521732636767605,1.0298912972983325,0,0,0,0,0,0.0,1.2607681732937477,0.9619704148783341,1.00754290757072
105,6,19,2026097874,0.45,0.5625,0.0,0.1,0.1,0.05,0.05,none,0.9899791219598966,0.9974189139775979,1.0989188862230157,0.9558184247884601,0,0,0,0,0,0.0,1.8160370429920651,0.9580964004452939,1.004827819004876
105,7,0,2026098864,0.45,0.5625,0.0,0.1,0.1,0.05,0.05,none,0.9826137341729969,1.0155714155786768,1.0046212053540275,0.9946710304275297,0,0,0,0,0,0.0,0.8051818177277371,0.9663232294363132,1.0049066818469592
105,7,1,2026098865,0.45,0.5625,0.0,0.1,0.1,0.05,0.05,none,1.017380805909071,1.0119606684068003,1.0434407545496793,0.9750550986114587,0,0,0,0,0,0.0,0.9165664223243659,0.9644073111598941,1.0044420751015677
105,7,2,2026098866,0.45,0.5625,0.0,0.1,0.1,0.05,0.05,none,1.013648839448725,0.9986710427519573,0.9423848419670576,0.9797165049657266,0,0,0,0,0,0.0,0.7258963535884423,0.9652748568121353,1.0052893069477773
105,7,3,2026098867,0.45,0.5625,0.0,0.1,0.1,0.05,0.05,none,0.9979385315040298,1.032254263511293,0.9923700458377885,1.0012293262287133,0,0,0,0,0,0.0,0.7940009573038472,0.965957766756423,1.00489659780608
105,7,4,2026098868,0.45,0.5625,0.0,0.1,0.1,0.05,0.05,none,1.018943389587655,0.9850990641245947,0.9904254597571814,1.0700401038698264,0,0,0,0,0,0.0,0.7974932847460406,0.9656868156003254,1.0058937233612877
105,7,5,2026098869,0.45,0.5625,0.0,0.1,0.1,0.05,0.05,none,0.9981458239511187,1.0139676342789203,0.9679300871264426,0.9324868647886358,0,0,0,0,0,0.0,0.7555505830002832,0.9656357067713662,1.0051550673439502
105,7,6,2026098870,0.45,0.5625,0.0,0.1,0.1,0.05,0.05,none,0.9925566185159467,1.017369053367632,0.9656440514461521,1.0436658980150044,0,0,0,0,0,0.0,0.7983401575410864,0.9652663626446559,1.0056887053371886
105,7,7,2026098871,0.45,0.5625,0.0,0.1,0.1,0.05,0.05,none,1.0104027892989962,1.0294915189961376,0.9345770000596446,1.0429240395848585,0,0,0,0,0,0.0,0.6948894124465552,0.9667006271864349,1.0059394900767635
105,7,8,2026098872,0.45,0.5625,0.0,0.1,0.1,0.05,0.05,none,1.0122394943639956,1.0073167247288488,1.0172710838037464,1.0535455090771666,0,0,0,0,0,0.0,0.847747076221254,0.9644622234066473,1.0059947128346407
105,7,9,2026098873,0.45,0.5625,0.0,0.1,0.1,0.05,0.05,none,0.992710437393558,1.0101417145620466,0.9757826900144404,1.1035189580784905,0,0,0,0,0,0.0,0.768924870166377,0.9665297514857102,1.0067047756019132
105,7,10,2026098874,0.45,0.5625,0.0,0.1,0.1,0.05,0.05,none,0.989698997685181,1.0121342561574025,0.893767362036934,1.0067034803730142,0,0,0,0,0,0.0,0.6590112986683064,0.9653452782811042,1.005675074070348
105,7,11,2026098875,0.45,0.5625,0.0,0.1,0.1,0.05,0.05,none,1.000147446742605,0.9993766586044978,0.9677632499146593,0.9842369574857627,0,0,0,0,0,0.0,0.7361144960520418,0.9671975256765457,1.0052635429311079
105,7,12,2026098876,0.45,0.5625,0.0,0.1,0.1,0.05,0.05,none,1.0069816380296719,1.0238317445258067,1.025977710992287,1.0157540352146632,0,0,0,0,0,0.0,0.8909029962305505,0.9637250187130687,1.005263257200315
105,7,13,2026098877,0.45,0.5625,0.0,0.1,0.1,0.05,0.05,none,0.9648407576615641,0.9941011162961952,0.9988194678095285,1.0237317551524885,0,0,0,0,0,0.0,0.7665316252650626,0.9673431040343903,1.0048230246995224
105,7,14,2026098878,0.45,0.5625,0.0,0.1,0.1,0.05,0.05,none,0.9957110631244415,0.9997066041778847,1.0162316008192742,0.9653747742177461,0,0,0,0,0,0.0,0.869141967598682,0.9646551596546021,1.0038145745537095
105,7,15,2026098879,0.45,0.5625,0.0,0.1,0.1,0.05,0.05,none,0.9855138234954142,0.9738658064345043,0.9705104110347931,0.9952233853645905,0,0,0,0,0,0.0,0.7782488055886928,0.9658984568270099,1.0053361866711386
105,7,16,2026098880,0.45,0.5625,0.0,0.1,0.1,0.05,0.05,none,1.0111973695685397,0.9785570355246359,0.9821851619444489,0.8543730509560052,0,0,0,0,0,0.0,0.8324558010933684,0.9649299467434314,1.0036821229855335
105,7,17,2026098881,0.45,0.5625,0.0,0.1,0.1,0.05,0.05,none,0.9812337165776602,1.0097816004419282,0.9691982591969468,1.0180874729173812,0,0,0,0,0,0.0,0.7615774183121947,0.9666830246513332,1.0053802205662479
105,7,18,2026098882,0.45,0.5625,0.0,0.1,0.1,0.05,0.05,none,1.0060717192299358,1.0159368670663376,0.9465287730379378,1.0807696819932924,0,0,0,0,0,0.0,0.7285280604063386,0.9656848100800889,1.0075849036708109
105,7,19,2026098883,0.45,0.5625,0.0,0.1,0.1,0.05,0.05,none,0.9820512465072629,1.032027043858836,0.9454229176370065,1.0191506585154126,0,0,0,0,0,0.0,0.7793137956176667,0.9643358808642006,1.0055084696466958
105,8,0,2026099873,0.45,0.5625,0.0,0.1,0.1,0.05,0.05,none,1.0322759207450243,0.9878181903056826,1.0293740647068446,1.141750355869353,0,0,0,0,0,0.0,1.3381636769014937,0.9637059392175747,1.0222077684006823
105,8,1,2026099874,0.45,0.5625,0.0,0.1,0.1,0.05,0.05,none,0.9691465485234234,1.0128587219220235,1.05537906290725,1.0159085868986195,0,0,0,0,0,0.0,1.3396827757773409,0.9630832686360006,1.0123237401200833
105,8,2,2026099875,0.45,0.5625,0.0,0.1,0.1,0.05,0.05,none,0.9823841531771376,1.0027638763848024,1.0151832168338721,1.0035822287713458,0,0,0,0,0,0.0,1.241481306045596,0.9637577979004561,1.0129961659913123
105,8,3,2026099876,0.45,0.5625,0.0,0.1,0.1,0.05,0.05,none,1.0156012221303876,1.0300128292803519,1.034270106143035,0.8563582458800046,0,0,0,0,0,0.0,1.4082841519863756,0.9602565522420651,1.0078406478017
105,8,4,2026099877,0.45,0.5625,0.0,0.1,0.1,0.05,0.05,none,1.0136717935970114,1.0205717916529873,1.0429837816291476,0.9643264806839351,0,0,0,0,0,0.0,1.382562901567449,0.9614530364173435,1.0105343448898165
105,8,5,2026099878,0.45,0.5625,0.0,0.1,0.1,0.05,0.05,none,1.0033491687369172,1.0182746332619075,1.019571905549723,0.9613632713047181,0,0,0,0,0,0.0,1.201855941427681,0.9655526585729306,1.011571536277963
105,8,6,2026099879,0.45,0.5625,0.0,0.1,0.1,0.05,0.05,none,0.9813932419667235,0.9854021959794184,1.0998722228485034,0.9809511399807437,0,0,0,0,0,0.0,1.5301668711741163,0.9598016142519894,1.0094047133175843
105,8,7,2026099880,0.45,0.5625,0.0,0.1,0.1,0.05,0.05,none,0.9724178691322071,0.9818412335482363,1.0210312320995825,0.9830959343336662,0,0,0,0,0,0.0,1.3013409212232854,0.9626537039004797,1.0103774206180338
105,8,8,2026099881,0.45,0.5625,0.0,0.1,0.1,0.05,0.05,none,0.9871757194386663,0.9846239808471547,0.979197890579008,1.0632855526760445,0,0,0,0,0,0.0,1.173461989906055,0.963504080615567,1.014271757659101
105,8,9,2026099882,0.45,0.5625,0.0,0.1,0.1,0.05,0.05,none,1.0013101460625573,0.9992903404370191,0.9761517613045595,1.0559980249838175,0,0,0,0,0,0.0,1.2435947318009486,0.9619817721795955,1.0140985575203267
105,8,10,2026099883,0.45,0.5625,0.0,0.1,0.1,0.05,0.05,none,0.9918991204213146,1.0317508721223576,0.9439823999515015,0.9489399409054704,0,0,0,0,0,0.0,1.085344369780109,0.964808554040119,1.0102080360774532
105,8,11,2026099884,0.45,0.5625,0.0,0.1,0.1,0.05,0.05,none,0.9973279881589876,1.024257035702424,0.9670008198403285,1.0468300300870106,0,0,0,0,0,0.0,1.1736994544054857,0.9637415863200464,1.01591587194727
105,8,12,2026099885,0.45,0.5625,0.0,0.1,0.1,0.05,0.05,none,1.036182235888381,1.009729346554146,1.0875072437134499,0.9946321425182825,0,0,0,0,0,0.0,1.6088790383329852,0.9571094515042963,1.0104933603190047
105,8,13,2026099886,0.45,0.5625,0.0,0.1,0.1,0.05,0.05,none,1.0243607522735922,1.0015157475811727,1.011910610620291,0.9914126308022679,0,0,0,0,0,0.0,1.362735383300935,0.9599181240257927,1.0115859841809685
105,8,14,2026099887,0.45,0.5625,0.0,0.1,0.1,0.05,0.05,none,0.9802892476248567,0.9726311617320871,0.9164382630851724,1.0196051788552902,0,0,0,0,0,0.0,1.0734252489756873,0.9643399914250608,1.0124329765114468
105,8,15,2026099888,0.45,0.5625,0.0,0.1,0.1,0.05,0.05,none,1.0161675744796212,0.9888614894717273,1.133727833892223,0.9304766273225502,0,0,0,0,0,0.0,1.6742050829594977,0.9582143504738354,1.0093692618358856
105,8,16,2026099889,0.45,0.5625,0.0,0.1,0.1,0.05,0.05,none,0.9819730282831575,0.9819286317572715,1.0227044959534408,1.0169951233513932,0,0,0,0,0,0.0,1.2926549989203293,0.9632223471167791,1.0120808914307586
105,8,17,2026099890,0.45,0.5625,0.0,0.1,0.1,0.05,0.05,none,0.991435632416507,1.0110947813106348,0.9964793119705374,0.9520611589036055,0,0,0,0,0,0.0,1.277668395037809,0.9613217092426547,1.0100092811226644
105,8,18,2026099891,0.45,0.5625,0.0,0.1,0.1,0.05,0.05,none,0.9664433173774535,0.9696328293389793,0.9922777627559045,0.9172725689383013,0,0,0,0,0,0.0,1.14472965358046,0.9654205084105284,1.0098771545174894
105,8,19,2026099892,0.45,0.5625,0.0,0.1,0.1,0.05,0.05,none,0.9793297770221059,1.0054372250386954,0.9933794309505253,1.0171806923338533,0,0,0,0,0,0.0,1.1479819098221344,0.9659197037222381,1.0123547602643848
105,9,0,2026100882,0.45,0.5625,0.0,0.1,0.1,0.05,0.05,none,0.9902274797114082,1.0109954125353615,1.0382007600526977,1.0757649853887115,0,0,0,0,0,0.0,0.9332588463846796,0.9656424277841075,1.0102747283770968
105,9,1,2026100883,0.45,0.5625,0.0,0.1,0.1,0.05,0.05,none,0.993047349522963,1.0066740484993035,1.0080920199588994,1.0322077614390635,0,0,0,0,0,0.0,0.9026763805298961,0.964680332758512,1.0096359116231102
105,9,2,2026100884,0.45,0.5625,0.0,0.1,0.1,0.05,0.05,none,1.0163936276779075,0.9925860257148064,1.02429306923355,0.982496007397068,0,0,0,0,0,0.0,0.9313082372861227,0.96516195122498,1.0097722282246973
105,9,3,2026100885,0.45,0.5625,0.0,0.1,0.1,0.05,0.05,none,1.0046191681072276,0.9951333703634552,0.9724570988494285,1.079339677629782,0,0,0,0,0,0.0,0.827393315675297,0.9662472220814418,1.0121653914030124
105,9,4,2026100886,0.45,0.5625,0.0,0.1,0.1,0.05,0.05,none,1.0044479086235714,0.9744640549305578,1.0321300675268652,0.966049073827176,0,0,0,0,0,0.0,0.9642640973356593,0.9640743585485649,1.0091307205328774
105,9,5,2026100887,0.45,0.5625,0.0,0.1,0.1,0.05,0.05,none,1.0174137483871393,1.0140801729006736,0.9536782853812362,1.0648001723966067,0,0,0,0,0,0.0,0.7812239851422423,0.9662045965625448,1.0145062062329695
105,9,6,2026100888,0.45,0.5625,0.0,0.1,0.1,0.05,0.05,none,1.0155544739548357,1.0267394846737459,0.9056376212313377,0.9140368612009874,0,0,0,0,0,0.0,0.7592664740205586,0.965193637774644,1.0096377027062011
105,9,7,2026100889,0.45,0.5625,0.0,0.1,0.1,0.05,0.05,none,1.0142611740943817,0.9793929989681087,1.0425724412448882,0.9753121111402422,0,0,0,0,0,0.0,0.9713675379063579,0.9648128431380425,1.0090687774207239
105,9,8,2026100890,0.45,0.5625,0.0,0.1,0.1,0.05,0.05,none,0.9899444355862351,0.9816492055541498,1.0229236766708716,1.0021766638909722,0,0,0,0,0,0.0,0.8811328339336947,0.9663588956459748,1.0089241502827342
105,9,9,2026100891,0.45,0.5625,0.0,0.1,0.1,0.05,0.05,none,1.0105464181034476,0.9862517968695675,1.028709641439809,0.9473879598629857,0,0,0,0,0,0.0,0.9446250503220698,0.9640364455566703,1.008357919554275
105,9,10,2026100892,0.45,0.5625,0.0,0.1,0.1,0.05,0.05,none,0.9844818764785966,1.0264938560648935,1.0363467029353701,1.071532469661649,0,0,0,0,0,0.0,0.9159339252705303,0.9651226846778413,1.0119047984360912
105,9,11,2026100893,0.45,0.5625,0.0,0.1,0.1,0.05,0.05,none,0.9764461516293753,1.004096009590862,1.0138648596008957,0.9606129538995378,0,0,0,0,0,0.0,0.834549413226645,0.96749192040689,1.007999559394947
105,9,12,2026100894,0.45,0.5625,0.0,0.1,0.1,0.05,0.05,none,1.027934886921047,1.0226090912367902,1.0281490944873104,0.9715412227787419,0,0,0,0,0,0.0,0.9356511973912951,0.9646073147808152,1.009459657908872
105,9,13,2026100895,0.45,0.5625,0.0,0.1,0.1,0.05,0.05,none,1.0014679035610137,1.0001498487197413,1.084609595268512,1.0063809670421686,0,0,0,0,0,0.0,1.0377863723014318,0.9641015991714984,1.009409284653574
105,9,14,2026100896,0.45,0.5625,0.0,0.1,0.1,0.05,0.05,none,1.0024554770696679,1.010604573876797,1.0463355783019512,1.0320001134194072,0,0,0,0,0,0.0,1.0093880925505887,0.9639373731182058,1.009283179133329
105,9,15,2026100897,0.45,0.5625,0.0,0.1,0.1,0.05,0.05,none,1.004675620561886,1.0111375156880824,1.0551913582415449,0.983329975909114,0,0,0,0,0,0.0,1.0094214118160034,0.9639802308184385,1.0099422397226199
105,9,16,2026100898,0.45,0.5625,0.0,0.1,0.1,0.05,0.05,none,0.9889314930029816,0.9919947541632039,1.021687927552423,1.0047062764019752,0,0,0,0,0,0.0,0.8967892884772563,0.9652859400039998,1.0084487191360465
105,9,17,2026100899,0.45,0.5625,0.0,0.1,0.1,0.05,0.05,none,1.010732319963924,0.9958639410473069,1.0516038258724651,0.9891236552386261,0,0,0,0,0,0.0,0.9345309920955462,0.9658136670855977,1.0100982009728738
105,9,18,2026100900,0.45,0.5625,0.0,0.1,0.1,0.05,0.05,none,1.019017747258683,1.0061019051886477,0.9845188261258371,1.0769392213189564,0,0,0,0,0,0.0,0.8467963264786973,0.9657919660107962,1.0118855430625955
105,9,19,2026100901,0.45,0.5625,0.0,0.1,0.1,0.05,0.05,none,0.9926687186252076,1.0059796050904743,1.0390550700171992,1.081625392284883,0,0,0,0,0,0.0,0.9401289601934965,0.9643600578284139,1.010155736903427
105,10,0,2026101891,0.45,0.5625,0.0,0.1,0.1,0.05,0.05,none,1.0073749860135313,1.0331175736098521,0.9844856989664011,0.9579742346086926,0,0,0,0,0,0.0,0.8713269482100365,0.9641559961429539,1.0077575761730124
105,10,1,2026101892,0.45,0.5625,0.0,0.1,0.1,0.05,0.05,none,0.9937648495224198,1.0011495712620722,0.9643406625784773,1.0253273122468343,0,0,0,0,0,0.0,0.8398765359291731,0.9632300969572842,1.0070954071171423
105,10,2,2026101893,0.45,0.5625,0.0,0.1,0.1,0.05,0.05,none,1.018594383927708,0.9785777635674388,0.9592540581011612,0.9781144770746044,0,0,0,0,0,0.0,0.7732632374243288,0.9668592992059081,1.0083270216583176
105,10,3,2026101894,0.45,0.5625,0.0,0.1,0.1,0.05,0.05,none,1.0427758557254994,0.9765810585460141,0.9940617150619714,0.9932030217893885,0,0,0,0,0,0.0,0.845998081290229,0.9649606568825244,1.0083438498840205
105,10,4,2026101895,0.45,0.5625,0.0,0.1,0.1,0.05,0.05,none,1.0064418510766326,0.982449835423959,0.9702969310738621,1.0145957043328229,0,0,0,0,0,0.0,0.8251032117476733,0.9653519506448276,1.0077096123612421
105,10,5,2026101896,0.45,0.5625,0.0,0.1,0.1,0.05,0.05,none,1.0182364305614657,0.991399121119062,1.0559411752042953,1.0513854343073141,0,0,0,0,0,0.0,0.9906539517938625,0.9635267351621101,1.0084953941962909
105,10,6,2026101897,0.45,0.5625,0.0,0.1,0.1,0.05,0.05,none,1.024730986390337,0.9890402014850811,0.9826819606156664,1.0188238064591553,0,0,0,0,0,0.0,0.8133003672613969,0.9654440976244282,1.007640689896766
105,10,7,2026101898,0.45,0.5625,0.0,0.1,0.1,0.05,0.05,none,0.9848319873145776,0.9914242317361708,1.0382147323500512,0.9718852520780427,0,0,0,0,0,0.0,0.9016866139799766,0.9661993286619626,1.0067101163648866
105,10,8,2026101899,0.45,0.5625,0.0,0.1,0.1,0.05,0.05,none,0.9996200687281598,0.973005257583225,0.9879578390274273,0.9801766108337169,0,0,0,0,0,0.0,0.8039021047133684,0.9660308114483548,1.0074253459825846
105,10,9,2026101900,0.45,0.5625,0.0,0.1,0.1,0.05,0.05,none,0.9819739747380498,1.0059640950387656,1.0908829361749401,0.94376007933816,0,0,0,0,0,0.0,1.0193649490209642,0.9644822837202199,1.0060122137025638
105,10,10,2026101901,0.45,0.5625,0.0,0.1,0.1,0.05,0.05,none,0.9863942215318009,1.021004921064796,1.040826497433517,0.9754973277615145,0,0,0,0,0,0.0,0.9036712684907047,0.9651103195375735,1.006524717992605
105,10,11,2026101902,0.45,0.5625,0.0,0.1,0.1,0.05,0.05,none,1.0016371898872252,0.9919256449866924,0.9627588065914698,1.0365637537988988,0,0,0,0,0,0.0,0.7904741135279789,0.966899781173972,1.0092245972134837
105,10,12,2026101903,0.45,0.5625,0.0,0.1,0.1,0.05,0.05,none,0.9945740631264168,1.008808177687219,0.9525444718598175,1.056581205465242,0,0,0,0,0,0.0,0.7714320024609921,0.9658901933901782,1.0094243164277115
105,10,13,2026101904,0.45,0.5625,0.0,0.1,0.1,0.05,0.05,none,0.9993364314415821,0.9994422197911751,1.06125534561447,1.019102547541083,0,0,0,0,0,0.0,0.9471546399310531,0.9650675492173352,1.008099402168202
105,10,14,2026101905,0.45,0.5625,0.0,0.1,0.1,0.05,0.05,none,1.0152656100246986,0.9973027754586996,1.0063711642014912,1.0298496876385759,0,0,0,0,0,0.0,0.8509991288071261,0.9656814215884223,1.0079757559816296
105,10,15,2026101906,0.45,0.5625,0.0,0.1,0.1,0.05,0.05,none,1.0158729269197413,0.994992128176111,1.0205969756406903,1.055310673439071,0,0,0,0,0,0.0,0.8862183288763129,0.9646752223965905,1.0088059994872134
105,10,16,2026101907,0.45,0.5625,0.0,0.1,0.1,0.05,0.05,none,0.985291306787489,0.9852897860563532,0.9758132449734866,0.9726429483659328,0,0,0,0,0,0.0,0.7724418991423455,0.9668794700727973,1.008225072443669
105,10,17,2026101908,0.45,0.5625,0.0,0.1,0.1,0.05,0.05,none,1.0096004119021902,1.0196663352199296,1.0410886959964614,0.9423122194213484,0,0,0,0,0,0.0,0.9169756319469483,0.9647968498606962,1.0056601396538616
105,10,18,2026101909,0.45,0.5625,0.0,0.1,0.1,0.05,0.05,none,0.971987579109816,0.9935482966323638,1.0157126337095461,1.0197853948556617,0,0,0,0,0,0.0,0.8256755310939686,0.96622242535286,1.0074406940800968
105,10,19,2026101910,0.45,0.5625,0.0,0.1,0.1,0.05,0.05,none,0.9918132654938461,0.9999481522034956,1.0203849787201733,0.7985293970767117,0,0,0,0,0,0.0,0.8838808880405985,0.9653931236087581,1.0043332467660508
105,11,0,2026102900,0.45,0.5625,0.0,0.1,0.1,0.05,0.05,none,0.9723406275871785,1.0450588423297718,1.0945631689506388,1.1136273363976483,0,0,0,0,0,0.0,1.5861283239675934,0.9581667175659174,1.0176968500563883
105,11,1,2026102901,0.45,0.5625,0.0,0.1,0.1,0.05,0.05,none,0.9797388783389198,1.0218284167719507,0.8817178330384886,0.9149204092858936,0,0,0,0,0,0.0,0.9577160502545152,0.9665047426889681,1.0139518182430933
105,11,2,2026102902,0.45,0.5625,0.0,0.1,0.1,0.05,0.05,none,1.020270357078585,0.9944551618246044,0.9438794907842989,0.9400793297157672,0,0,0,0,0,0.0,1.1684234168574337,0.9620017892358519,1.0142184290585199
105,11,3,2026102903,0.45,0.5625,0.0,0.1,0.1,0.05,0.05,none,0.9862976847072181,1.0057836056292666,0.929958826271238,1.019037634489688,0,0,0,0,0,0.0,1.0677571410340658,0.9661337785107633,1.0184912048991286
105,11,4,2026102904,0.45,0.5625,0.0,0.1,0.1,0.05,0.05,none,0.9803238653882689,0.99720278440733,1.042767569931544,1.0933657515430908,0,0,0,0,0,0.0,1.3797374321286706,0.9622665390675165,1.0182743959752998
105,11,5,2026102905,0.45,0.5625,0.0,0.1,0.1,0.05,0.05,none,1.0022340331824893,1.0085806218751088,1.002627520690484,1.0529964269482588,0,0,0,0,0,0.0,1.2926550255798626,0.9631809307003583,1.0197662035073611
105,11,6,2026102906,0.45,0.5625,0.0,0.1,0.1,0.05,0.05,none,0.9936071899195572,1.009539021513371,0.9414113531686712,0.9989470626256772,0,0,0,0,0,0.0,1.1287846827238472,0.9642763984540685,1.0152375734765993
105,11,7,2026102907,0.45,0.5625,0.0,0.1,0.1,0.05,0.05,none,0.994789512353993,1.0109143322299652,0.9989344059753,1.0082910581326585,0,0,0,0,0,0.0,1.2663993494461856,0.9618995788820931,1.013081280481871
105,11,8,2026102908,0.45,0.5625,0.0,0.1,0.1,0.05,0.05,none,1.0185636620896183,1.0096739638843468,0.9765052055433032,1.106650473638595,0,0,0,0,0,0.0,1.3472535861405501,0.9588301866758142,1.0206630640545544
105,11,9,2026102909,0.45,0.5625,0.0,0.1,0.1,0.05,0.05,none,0.9915521219816983,0.9886927751816977,1.024510060142946,1.0401653587569604,0,0,0,0,0,0.0,1.3665026016737236,0.9610478957892221,1.0165244863046372
105,11,10,2026102910,0.45,0.5625,0.0,0.1,0.1,0.05,0.05,none,0.9780517742187076,1.0298402133700564,0.9776001951911545,0.9431104985238062,0,0,0,0,0,0.0,1.286230127322845,0.9602419983443783,1.0111941820037544
105,11,11,2026102911,0.45,0.5625,0.0,0.1,0.1,0.05,0.05,none,1.006338031754298,0.9665716771310482,1.0078482062428993,1.0533275535748268,0,0,0,0,0,0.0,1.3095527012788037,0.962552885039306,1.017946171715825
105,11,12,2026102912,0.45,0.5625,0.0,0.1,0.1,0.05,0.05,none,0.9878633283747414,0.98533823827594,0.9383689542585469,0.9466848227168746,0,0,0,0,0,0.0,1.1125741928776962,0.9648093207110106,1.0135354839810191
105,11,13,2026102913,0.45,0.5625,0.0,0.1,0.1,0.05,0.05,none,1.0174866196094208,1.012027719250342,1.0160270052936253,1.0526850559308882,0,0,0,0,0,0.0,1.3605897632447517,0.9613859277599948,1.0167772554775174
105,11,14,2026102914,0.45,0.5625,0.0,0.1,0.1,0.05,0.05,none,0.9808751447092361,0.9962942675931548,1.0004431611368225,0.9726174097316423,0,0,0,0,0,0.0,1.2354149259464964,0.9631724631942566,1.0135933276183795
105,11,15,2026102915,0.45,0.5625,0.0,0.1,0.1,0.05,0.05,none,0.9816610572877144,0.9444999510090474,0.9323916220074793,0.9425788169474714,0,0,0,0,0,0.0,1.083054276188539,0.9653596597782756,1.0134437872769204
105,11,16,2026102916,0.45,0.5625,0.0,0.1,0.1,0.05,0.05,none,0.9715883710544438,1.0010941167807963,1.0233821282974929,1.0064257563876016,0,0,0,0,0,0.0,1.3261655196042765,0.962072534351592,1.0147592259603488
105,11,17,2026102917,0.45,0.5625,0.0,0.1,0.1,0.05,0.05,none,0.9999832420993026,0.9940368421056657,1.0378039371005723,1.054148633665338,0,0,0,0,0,0.0,1.4835126953394449,0.9580051405211971,1.015241218068204
105,11,18,2026102918,0.45,0.5625,0.0,0.1,0.1,0.05,0.05,none,0.9821150601466505,0.9814636355691648,1.064650605929996,1.057309810889382,0,0,0,0,0,0.0,1.489620141155585,0.9590231894317407,1.0155822587797003
105,11,19,2026102919,0.45,0.5625,0.0,0.1,0.1,0.05,0.05,none,1.0259982239670111,1.0014972811244505,1.1055671252489887,0.9329684254057402,0,0,0,0,0,0.0,1.6707915568875173,0.9576015419898917,1.0109120025029068
105,12,0,2026103909,0.45,0.5625,0.0,0.1,0.1,0.05,0.05,none,1.0030182005865824,0.974232783714522,1.0880655662768521,1.0015660592854263,0,0,0,0,0,0.0,1.876534326100661,0.9565969913519538,1.004352193129819
105,12,1,2026103910,0.45,0.5625,0.0,0.1,0.1,0.05,0.05,none,1.018802092225518,0.9897583228979633,1.0095019345442489,0.9558433209637962,0,0,0,0,0,0.0,1.643703846080226,0.9577500276239995,1.0042908816489309
105,12,2,2026103911,0.45,0.5625,0.0,0.1,0.1,0.05,0.05,none,0.996724880066401,1.0131160872360778,1.013477391218593,1.0014841657117957,0,0,0,0,0,0.0,1.6497965214629695,0.9582652100570191,1.0050169525454398
105,12,3,2026103912,0.45,0.5625,0.0,0.1,0.1,0.05,0.05,none,1.0039380541264835,0.9834128903308318,0.9968278386060584,1.0316027987132221,0,0,0,0,0,0.0,1.6103680950598518,0.9572670636011116,1.005568328648844
105,12,4,2026103913,0.45,0.5625,0.0,0.1,0.1,0.05,0.05,none,1.0113100402638915,0.9969063540891846,1.0287901737025174,1.0314705999937415,0,0,0,0,0,0.0,1.621646465205781,0.9597249666222031,1.0053033072044526
105,12,5,2026103914,0.45,0.5625,0.0,0.1,0.1,0.05,0.05,none,0.9830048707601751,0.9796036267475875,0.9490188768772855,0.9819361859251319,0,0,0,0,0,0.0,1.432795151699483,0.958846320868399,1.0049920594726915
105,12,6,2026103915,0.45,0.5625,0.0,0.1,0.1,0.05,0.05,none,0.9926609234985735,0.9972609348248035,0.9186670614924657,1.0571291912794099,0,0,0,0,0,0.0,1.231058559495462,0.9619369290230853,1.0059228991465925
105,12,7,2026103916,0.45,0.5625,0.0,0.1,0.1,0.05,0.05,none,1.0022964654590372,1.0455715890120463,0.9834029421126171,1.0492485088017882,0,0,0,0,0,0.0,1.5462947387917136,0.9586485678110687,1.0051857293716344
105,12,8,2026103917,0.45,0.5625,0.0,0.1,0.1,0.05,0.05,none,1.01767045597636,0.9954957845145976,1.046282398594175,0.9230666569148767,0,0,0,0,0,0.0,1.7732758763708782,0.9578842849980166,1.0034656925835808
105,12,9,2026103918,0.45,0.5625,0.0,0.1,0.1,0.05,0.05,none,1.0099078614639603,1.023174040829347,0.9633379871617477,0.9288293985784075,0,0,0,0,0,0.0,1.4047863284305766,0.9605842915196076,1.0041922583752594
105,12,10,2026103919,0.45,0.5625,0.0,0.1,0.1,0.05,0.05,none,1.0170824020335059,0.9926262767444938,1.0256625196306088,0.9627848042839134,0,0,0,0,0,0.0,1.7527324578475358,0.9561565137290838,1.0038046961291305
105,12,11,2026103920,0.45,0.5625,0.0,0.1,0.1,0.05,0.05,none,1.0230426316143832,1.0053121338957518,0.9518255949495781,0.9186276914715004,0,0,0,0,0,0.0,1.4466176773183395,0.9597675746111857,1.0039950700375788
105,12,12,2026103921,0.45,0.5625,0.0,0.1,0.1,0.05,0.05,none,0.9911446239229539,0.9873783256954841,0.9429045130751633,0.9375649010344529,0,0,0,0,0,0.0,1.3659520308003659,0.9607218365718083,1.0045380304082523
105,12,13,2026103922,0.45,0.5625,0.0,0.1,0.1,0.05,0.05,none,0.9648167742683474,1.02196147198197,0.9722265094465382,1.0540689567849468,0,0,0,0,0,0.0,1.3791569105577048,0.9617158232913203,1.0055923958626307
105,12,14,2026103923,0.45,0.5625,0.0,0.1,0.1,0.05,0.05,none,0.9946410886576886,1.0237977301133574,0.9513569779004889,0.9967185698579019,0,0,0,0,0,0.0,1.3672253940479704,0.9606876845432671,1.0051805979806276
105,12,15,2026103924,0.45,0.5625,0.0,0.1,0.1,0.05,0.05,none,1.0009920584732608,0.9974827330933757,1.069099256486202,1.0848350410699026,0,0,0,0,0,0.0,1.9788654844982918,0.9524737466967679,1.0045676182511494
105,12,16,2026103925,0.45,0.5625,0.0,0.1,0.1,0.05,0.05,none,1.0098483215473757,1.020630354226728,0.9147680753572861,0.9796744201189871,0,0,0,0,0,0.0,1.3536250414779272,0.9586638157114185,1.0051701121879837
105,12,17,2026103926,0.45,0.5625,0.0,0.1,0.1,0.05,0.05,none,0.9788198405517103,0.9703704330215952,0.9910124474098393,1.0122926088584538,0,0,0,0,0,0.0,1.4976552399115848,0.959559293650799,1.0053353032907555
105,12,18,2026103927,0.45,0.5625,0.0,0.1,0.1,0.05,0.05,none,1.0068850138767886,0.9864557494095483,0.9514122321741134,0.9859549352966931,0,0,0,0,0,0.0,1.490554217088721,0.9569258110728777,1.0043764261014445
105,12,19,2026103928,0.45,0.5625,0.0,0.1,0.1,0.05,0.05,none,0.9967976151574259,0.9816074263538879,0.9174604724533908,1.0111093796936692,0,0,0,0,0,0.0,1.2264015508957695,0.9627439871975181,1.0053953904005093
105,13,0,2026104918,0.45,0.5625,0.0,0.1,0.1,0.05,0.05,none,1.0185122610007233,1.0049532641902836,0.9610913418448789,0.8746489668718255,0,0,0,0,0,0.0,1.7907176962263673,0.955289994063728,1.0005821299580775
105,13,1,2026104919,0.45,0.5625,0.0,0.1,0.1,0.05,0.05,none,0.9972035619229921,1.023763614322988,1.0492376465359516,0.9484409612032981,0,0,0,0,0,0.0,2.102021550303628,0.9558967583795169,1.0002684226431555
105,13,2,2026104920,0.45,0.5625,0.0,0.1,0.1,0.05,0.05,none,0.9742600542949489,0.9906221075526926,0.9432213280182647,0.9720094830914225,0,0,0,0,0,0.0,1.6121807562131136,0.9578107134208733,1.0013397875387928
105,13,3,2026104921,0.45,0.5625,0.0,0.1,0.1,0.05,0.05,none,0.9867664610645551,0.9989864366276503,1.01705014543356,1.0275313276839773,0,0,0,0,0,0.0,1.9732104664425123,0.9553687840680744,1.001572150006229
105,13,4,2026104922,0.45,0.5625,0.0,0.1,0.1,0.05,0.05,none,1.0318938642742406,0.9828257888214833,1.0131019641006462,1.0452120397434068,0,0,0,0,0,0.0,2.075576157416479,0.9523203630106792,1.0019054342909977
105,13,5,2026104923,0.45,0.5625,0.0,0.1,0.1,0.05,0.05,none,0.9656230179353247,1.0033318991084965,0.893207180795192,0.8898508874773126,0,0,0,0,0,0.0,1.3972821641288216,0.9607375128279205,1.0010026938358578
105,13,6,2026104924,0.45,0.5625,0.0,0.1,0.1,0.05,0.05,none,1.0015143457200333,1.013968553769517,0.9529760629064332,0.9901276065164921,0,0,0,0,0,0.0,1.6817449968634137,0.9579093803284318,1.0014142718340289
105,13,7,2026104925,0.45,0.5625,0.0,0.1,0.1,0.05,0.05,none,0.9959552305356002,0.9775316283745746,0.961224654027558,0.9748876669051489,0,0,0,0,0,0.0,1.7123243665815913,0.9566499537911173,1.00150408035634
105,13,8,2026104926,0.45,0.5625,0.0,0.1,0.1,0.05,0.05,none,1.007909383839568,1.003355040047696,0.9608342489624462,1.0411950244888648,0,0,0,0,0,0.0,1.6592047302445976,0.9580894339073072,1.0018702840152225
105,13,9,2026104927,0.45,0.5625,0.0,0.1,0.1,0.05,0.05,none,0.9974271188902611,0.9948597187700069,0.9477965241251847,1.0352424729638419,0,0,0,0,0,0.0,1.6395438133016869,0.9574800956673809,1.0015939639338702
105,13,10,2026104928,0.45,0.5625,0.0,0.1,0.1,0.05,0.05,none,1.006384248410452,0.9817973861729483,1.0201608401272768,0.9737384538426588,0,0,0,0,0,0.0,1.892214104500812,0.956404614999639,1.0007223323231564
105,13,11,2026104929,0.45,0.5625,0.0,0.1,0.1,0.05,0.05,none,0.9756085860263023,0.9987927669958444,1.0237800134036603,0.9787751883966063,0,0,0,0,0,0.0,1.9628860483506658,0.9556757163029134,1.0005683460962276
105,13,12,2026104930,0.45,0.5625,0.0,0.1,0.1,0.05,0.05,none,1.0109969282945634,0.9976537558351058,1.0575822540942994,0.9969758184504338,0,0,0,0,0,0.0,2.1053584602845503,0.9553462830886893,1.0006869222483512
105,13,13,2026104931,0.45,0.5625,0.0,0.1,0.1,0.05,0.05,none,1.037876881750679,0.9792557666275841,0.9814624702545691,0.9344841691486295,0,0,0,0,0,0.0,1.7725394577964053,0.9584277743339285,1.0010749138471882
105,13,14,2026104932,0.45,0.5625,0.0,0.1,0.1,0.05,0.05,none,0.9717580235861429,0.9919409021382155,0.9168681329764323,1.0532598710149776,0,0,0,0,0,0.0,1.3922762364491106,0.9607657091711747,1.0024455127668068
105,13,15,2026104933,0.45,0.5625,0.0,0.1,0.1,0.05,0.05,none,0.9799553721808326,0.9997646709217426,1.0430383556682674,1.0865173631714742,0,0,0,0,0,0.0,1.9676732539477315,0.9555024328681908,1.0019122728078598
105,13,16,2026104934,0.45,0.5625,0.0,0.1,0.1,0.05,0.05,none,0.976664305326091,1.014570503643339,0.951691492536668,0.9892737477999505,0,0,0,0,0,0.0,1.5518738604621305,0.9609333377268174,1.001676178415825
105,13,17,2026104935,0.45,0.5625,0.0,0.1,0.1,0.05,0.05,none,0.9857830316804107,0.9884663476305041,0.9538939483303995,0.9512196622728983,0,0,0,0,0,0.0,1.6310317295631485,0.959100396963568,1.001381723840358
105,13,18,2026104936,0.45,0.5625,0.0,0.1,0.1,0.05,0.05,none,0.9875243258753138,1.0173675172024992,0.9485281204670406,1.0286245782065089,0,0,0,0,0,0.0,1.4902030823221062,0.9615309569979118,1.0018587575000832
105,13,19,2026104937,0.45,0.5625,0.0,0.1,0.1,0.05,0.05,none,0.9824258698538146,1.0076072779504177,1.094711016210393,0.9683709369705198,0,0,0,0,0,0.0,2.2225955303420406,0.9558194531566554,1.000277772634601
105,14,0,2026105927,0.45,0.5625,0.0,0.1,0.1,0.05,0.05,none,0.9942628852047006,1.0112696503914567,1.0319940759437012,1.0542197697368176,0,0,0,0,0,0.0,1.879997003073308,0.9552360183981615,1.004571409451066
105,14,1,2026105928,0.45,0.5625,0.0,0.1,0.1,0.05,0.05,none,1.0083363741096227,0.9671192588118477,1.0613576443366715,1.0340979682898395,0,0,0,0,0,0.0,2.003276139817367,0.9552142507448725,1.00502952807418
105,14,2,2026105929,0.45,0.5625,0.0,0.1,0.1,0.05,0.05,none,0.9837792351899,0.9853167624276943,0.9541497624247535,0.9801048117965155,0,0,0,0,0,0.0,1.6002588542176213,0.9565031423385528,1.0041460463127425
105,14,3,2026105930,0.45,0.5625,0.0,0.1,0.1,0.05,0.05,none,0.9781352162417876,0.9956833227302436,1.020368441673904,1.0248304558307537,0,0,0,0,0,0.0,1.8140822527848866,0.9574801984543084,1.0046875652168965
105,14,4,2026105931,0.45,0.5625,0.0,0.1,0.1,0.05,0.05,none,0.9956741200724729,0.9992408441093033,1.1292044959590508,0.9684408009853517,0,0,0,0,0,0.0,2.454819532298043,0.9510296029023325,1.0031236690334548
105,14,5,2026105932,0.45,0.5625,0.0,0.1,0.1,0.05,0.05,none,0.9839395294452823,1.012667760032084,1.1089263867983368,1.0065451880435483,0,0,0,0,0,0.0,2.3398310486427047,0.9517165113495948,1.003483100765292
105,14,6,2026105933,0.45,0.5625,0.0,0.1,0.1,0.05,0.05,none,0.983917761420231,1.0132043911089272,0.9168589044895388,0.9590864535000811,0,0,0,0,0,0.0,1.4659786536756134,0.9579691870437895,1.0052908381083079
105,14,7,2026105934,0.45,0.5625,0.0,0.1,0.1,0.05,0.05,none,1.01131608513053,0.9957255493704633,0.9309403089643632,0.9801758367457838,0,0,0,0,0,0.0,1.4690234888924343,0.9584712728555462,1.004360884145098
105,14,8,2026105935,0.45,0.5625,0.0,0.1,0.1,0.05,0.05,none,0.9680855934891704,0.9971557698663307,1.0039310959729761,0.9435937867318286,0,0,0,0,0,0.0,1.668671597299039,0.9594255454347853,1.0035432057766032
105,14,9,2026105936,0.45,0.5625,0.0,0.1,0.1,0.05,0.05,none,1.015198472393671,1.004319063658836,1.048538423082223,1.0545163395318335,0,0,0,0,0,0.0,2.0164514687828343,0.9535137049058183,1.0053185357306411
105,14,10,2026105937,0.45,0.5625,0.0,0.1,0.1,0.05,0.05,none,0.9896724344862375,1.0109127180414457,1.0430284904371514,1.0274762914047744,0,0,0,0,0,0.0,1.9454474678588067,0.9551142082251829,1.0047071702668664
105,14,11,2026105938,0.45,0.5625,0.0,0.1,0.1,0.05,0.05,none,1.010440555383238,1.0062775851419266,0.9510325739368523,1.0055111481134336,0,0,0,0,0,0.0,1.5655807856486235,0.957728008919148,1.00522361126055
105,14,12,2026105939,0.45,0.5625,0.0,0.1,0.1,0.05,0.05,none,0.9683507317855986,0.9802264924176366,1.0148348801081846,1.0239361792744957,0,0,0,0,0,0.0,1.8524135381202202,0.9553963397519054,1.0044954822232015
105,14,13,2026105940,0.45,0.5625,0.0,0.1,0.1,0.05,0.05,none,1.007233434652246,0.9821887599325457,1.057646515583233,1.075100035748545,0,0,0,0,0,0.0,1.9748254571829709,0.9548261807379186,1.0052672987077869
105,14,14,2026105941,0.45,0.5625,0.0,0.1,0.1,0.05,0.05,none,1.002874039261794,0.9758711552747568,1.0799224848630538,1.0392106541735266,0,0,0,0,0,0.0,2.143461096370101,0.9536284183962165,1.0042123963183116
105,14,15,2026105942,0.45,0.5625,0.0,0.1,0.1,0.05,0.05,none,1.0015456712306743,0.9620104868205038,0.9976979990442151,1.0475810673677521,0,0,0,0,0,0.0,1.7162685473487818,0.9564827777952134,1.005423371277384
105,14,16,2026105943,0.45,0.5625,0.0,0.1,0.1,0.05,0.05,none,0.9851623980744009,0.9920337514068119,1.0316835731838387,0.9444787928134204,0,0,0,0,0,0.0,1.8658441007991768,0.9564540545616489,1.0036146094203118
105,14,17,2026105944,0.45,0.5625,0.0,0.1,0.1,0.05,0.05,none,0.9749395212337796,1.0195325356692013,0.9419202041750341,1.0853666764600878,0,0,0,0,0,0.0,1.4477466675057002,0.9590518552114164,1.0058941110811446
105,14,18,2026105945,0.45,0.5625,0.0,0.1,0.1,0.05,0.05,none,0.9978350197597703,0.9794885247864534,1.036285170453479,1.0626668170478264,0,0,0,0,0,0.0,1.9363311138662542,0.9537289321425947,1.004778100638813
105,14,19,2026105946,0.45,0.5625,0.0,0.1,0.1,0.05,0.05,none,0.988426646290645,1.008657923925218,0.9973854577325095,1.0372447304122048,0,0,0,0,0,0.0,1.681075218187803,0.9588100606201312,1.0049893979023765
105,15,0,2026106936,0.45,0.5625,0.0,0.1,0.1,0.05,0.05,none,1.0017349448469524,1.0094833322845131,1.0066066505778564,0.9342225229872908,0,0,0,0,0,0.0,2.1943741318759367,0.9541240288338282,1.0
105,15,1,2026106937,0.45,0.5625,0.0,0.1,0.1,0.05,0.05,none,0.9806867379683485,0.9943906074338363,0.9559181865912342,0.9907501011926076,0,0,0,0,0,0.0,1.8671038243003375,0.9569881532881077,1.0
105,15,2,2026106938,0.45,0.5625,0.0,0.1,0.1,0.05,0.05,none,1.0009974346273025,0.995653119272953,0.9917746155308941,0.9882923758852525,0,0,0,0,0,0.0,2.126574652986961,0.9564372158201301,1.0
105,15,3,2026106939,0.45,0.5625,0.0,0.1,0.1,0.05,0.05,none,1.0010388334111766,1.0086091336235636,1.109152567262843,0.9884431403300936,0,0,0,0,0,0.0,2.6198063462375236,0.954033871438748,1.0
105,15,4,2026106940,0.45,0.5625,0.0,0.1,0.1,0.05,0.05,none,1.0024077199549801,1.0082185364284129,1.041128176746744,1.0257017092176501,0,0,0,0,0,0.0,2.314775456969707,0.9544215816954247,1.0
105,15,5,2026106941,0.45,0.5625,0.0,0.1,0.1,0.05,0.05,none,0.9753681447280335,1.006627935661401,0.9668941044537169,1.0853233574849086,0,0,0,0,0,0.0,1.9984452979644998,0.9549650825473934,1.0
105,15,6,2026106942,0.45,0.5625,0.0,0.1,0.1,0.05,0.05,none,0.988285923896838,0.9976344133036624,1.0606620223899275,0.975609917701155,0,0,0,0,0,0.0,2.394630961016784,0.9534379753157064,1.0
105,15,7,2026106943,0.45,0.5625,0.0,0.1,0.1,0.05,0.05,none,0.9993137405557643,0.9915467951442715,1.1208148893844796,1.1124802742302633,1,5,0,0,0,0.0,2.9067970461214667,0.9486429174757101,1.0
105,15,8,2026106944,0.45,0.5625,0.0,0.1,0.1,0.05,0.05,none,1.008220175184056,0.9969515854419828,1.0741023640801388,0.9450359451867465,0,0,0,0,0,0.0,2.5957875739511547,0.9520808956614649,1.0
105,15,9,2026106945,0.45,0.5625,0.0,0.1,0.1,0.05,0.05,none,0.9725211288943109,1.0146242887775243,0.9459610688971742,1.0370124430212135,0,0,0,0,0,0.0,1.744903544133227,0.9584021476645013,1.0
105,15,10,2026106946,0.45,0.5625,0.0,0.1,0.1,0.05,0.05,none,0.9879362265247569,1.0301899304941167,1.0030397012790215,0.9804307109335393,0,0,0,0,0,0.0,2.0815243203735996,0.9571820492827267,1.0
105,15,11,2026106947,0.45,0.5625,0.0,0.1,0.1,0.05,0.05,none,0.9541356408167668,1.016871116014095,1.1160024021429171,0.886792040600909,0,0,0,0,0,0.0,2.772887770488896,0.9516746169129067,1.0
105,15,12,2026106948,0.45,0.5625,0.0,0.1,0.1,0.05,0.05,none,1.0035349064183794,0.9877366780243673,1.079061988033297,0.9307261924158199,0,0,0,0,0,0.0,2.592606401613468,0.9523750126850505,1.0
105,15,13,2026106949,0.45,0.5625,0.0,0.1,0.1,0.05,0.05,none,0.9861413984319101,1.006933844488292,1.0086290706406273,1.0782126587451153,0,0,0,0,0,0.0,2.019934798740631,0.9577403642728909,1.0
105,15,14,2026106950,0.45,0.5625,0.0,0.1,0.1,0.05,0.05,none,1.0100731704037713,0.9981594871133963,0.95182371959613,1.110288706018511,0,0,0,0,0,0.0,1.840195667921968,0.9573465108571102,1.0
105,15,15,2026106951,0.45,0.5625,0.0,0.1,0.1,0.05,0.05,none,1.0087186105163841,0.9916509946576186,0.9961476891331793,1.0584521600709251,0,0,0,0,0,0.0,2.1246293043987414,0.9558508688684617,1.0
105,15,16,2026106952,0.45,0.5625,0.0,0.1,0.1,0.05,0.05,none,0.9954786949066555,1.008756664463252,1.0194632422170433,0.9507517973082688,0,0,0,0,0,0.0,2.1581945379341865,0.9566413345620017,1.0
105,15,17,2026106953,0.45,0.5625,0.0,0.1,0.1,0.05,0.05,none,0.9891784084342716,0.988044679882545,1.0765688277649716,0.8819943408099405,0,0,0,0,0,0.0,2.5137539702112583,0.9557070074870538,1.0
105,15,18,2026106954,0.45,0.5625,0.0,0.1,0.1,0.05,0.05,none,1.0165463815056421,1.0228169072327746,0.9350742650611034,0.9912710820668901,0,0,0,0,0,0.0,1.7365638061314144,0.9583468532622177,1.0
105,15,19,2026106955,0.45,0.5625,0.0,0.1,0.1,0.05,0.05,none,1.0456063263831588,0.9798741756941259,0.9705631001444321,1.0443038308124695,0,0,0,0,0,0.0,2.0336513825891234,0.95443477522995,1.0
105,16,0,2026107945,0.45,0.5625,0.0,0.1,0.1,0.05,0.05,none,1.0001097949641113,0.9989245324883463,0.9891518811894942,1.0328326532481056,0,0,0,0,0,0.0,1.4910215578240416,0.9596362548790547,1.0
105,16,1,2026107946,0.45,0.5625,0.0,0.1,0.1,0.05,0.05,none,0.9737065345522761,1.028159523488684,0.9613847893189187,1.0426477664833367,0,0,0,0,0,0.0,1.3389723657321484,0.9619982646017062,1.0
105,16,2,2026107947,0.45,0.5625,0.0,0.1,0.1,0.05,0.05,none,0.9851595966243923,0.9995002083870214,0.9736442796115056,1.059318544092526,0,0,0,0,0,0.0,1.3872212095464944,0.96102568516242,1.0
105,16,3,2026107948,0.45,0.5625,0.0,0.1,0.1,0.05,0.05,none,0.9970799138785656,0.9959699284280998,1.0308267395597515,1.0042896039943825,0,0,0,0,0,0.0,1.618709539382163,0.9604085236593339,1.0
105,16,4,2026107949,0.45,0.5625,0.0,0.1,0.1,0.05,0.05,none,1.0195727990431684,0.9905822408883914,0.9593500944524918,1.1341850425331348,0,0,0,0,0,0.0,1.3841495292421433,0.9601134107634645,1.0
105,16,5,2026107950,0.45,0.5625,0.0,0.1,0.1,0.05,0.05,none,0.9676694704495805,0.9973382617219465,0.960190072848913,1.0624145384871146,0,0,0,0,0,0.0,1.2842241354601809,0.962548873128331,1.0
105,16,6,2026107951,0.45,0.5625,0.0,0.1,0.1,0.05,0.05,none,0.9877068755620891,1.0161968913796042,1.00490963536262,1.07573875410162,0,0,0,0,0,0.0,1.527031958854655,0.9593327475265073,1.0
105,16,7,2026107952,0.45,0.5625,0.0,0.1,0.1,0.05,0.05,none,0.982252396071298,1.0211754160907354,0.9600650332178711,1.055979505008233,0,0,0,0,0,0.0,1.4190208335199772,0.959568745888537,1.0
105,16,8,2026107953,0.45,0.5625,0.0,0.1,0.1,0.05,0.05,none,0.9793090135890857,0.9844016491102419,0.9581081575977098,1.0925581445003305,0,0,0,0,0,0.0,1.2253463426416702,0.9651234444408872,1.0
105,16,9,2026107954,0.45,0.5625,0.0,0.1,0.1,0.05,0.05,none,1.0103419371489089,1.0182364647688131,1.0367111079829012,1.01410266004451,0,0,0,0,0,0.0,1.720227293610577,0.9578151821308842,1.0
105,16,10,2026107955,0.45,0.5625,0.0,0.1,0.1,0.05,0.05,none,0.9834151317149088,1.0186112947569725,1.037763684218478,0.9867715327183995,0,0,0,0,0,0.0,1.5404187940973477,0.9611600250182586,1.0
105,16,11,2026107956,0.45,0.5625,0.0,0.1,0.1,0.05,0.05,none,1.0010832942361696,1.010843486253632,0.935449738142102,0.9572117390593442,0,0,0,0,0,0.0,1.240997439955496,0.9637200028422136,1.0
105,16,12,2026107957,0.45,0.5625,0.0,0.1,0.1,0.05,0.05,none,1.0126156663734394,0.9982031472769127,1.01171211729191,1.0031630896048274,0,0,0,0,0,0.0,1.564782404013088,0.9600259976649229,1.0
105,16,13,2026107958,0.45,0.5625,0.0,0.1,0.1,0.05,0.05,none,1.0105888127455507,1.0280882251609007,1.0040964040451719,1.0541580514394688,0,0,0,0,0,0.0,1.6521472873624599,0.9575182371298193,1.0
105,16,14,2026107959,0.45,0.5625,0.0,0.1,0.1,0.05,0.05,none,0.982570964399204,1.0209222016425656,1.0189854712893465,1.0130712680275422,0,0,0,0,0,0.0,1.4904837226554615,0.9618211665832019,1.0
105,16,15,2026107960,0.45,0.5625,0.0,0.1,0.1,0.05,0.05,none,0.986387448051897,1.0047579953337795,1.0775328563457067,0.9984470006541645,0,0,0,0,0,0.0,1.794501876128388,0.9590742179124293,1.0
105,16,16,2026107961,0.45,0.5625,0.0,0.1,0.1,0.05,0.05,none,1.01323054462829,0.9851951657097662,0.9549078731247371,0.9282636354719338,0,0,0,0,0,0.0,1.4703467226820917,0.9595385701391997,1.0
105,16,17,2026107962,0.45,0.5625,0.0,0.1,0.1,0.05,0.05,none,0.9852610204870434,1.002591735607505,0.996095627198953,0.937805684621065,0,0,0,0,0,0.0,1.4521257067826074,0.9608535228814785,1.0
105,16,18,2026107963,0.45,0.5625,0.0,0.1,0.1,0.05,0.05,none,0.9937487929666642,0.967664412052291,0.9886096193497519,0.963511893287166,0,0,0,0,0,0.0,1.4803915527645035,0.9606337193080349,1.0
105,16,19,2026107964,0.45,0.5625,0.0,0.1,0.1,0.05,0.05,none,1.0347232221258231,0.9876357602202801,1.0168158062983432,0.9747120470917078,0,0,0,0,0,0.0,1.5459294208120957,0.9607380024375985,1.0
267,0,0,2026091801,0.9,1.5,0.5,0.1,0.1,0.05,0.05,none,0.9889967592218081,1.0363994700919803,1.0017081933725862,0.9425052335361234,0,0,0,0,0,0.0,0.836572903228524,0.9670686757968109,1.0051672082733827
267,0,1,2026091802,0.9,1.5,0.5,0.1,0.1,0.05,0.05,none,0.9962807048015033,0.9762384048164686,1.093008165825665,1.0333582246357056,0,0,0,0,0,0.0,1.0896529074314794,0.9631914170675218,1.0048856795850512
267,0,2,2026091803,0.9,1.5,0.5,0.1,0.1,0.05,0.05,none,1.0060888371384116,0.9730445374151065,1.0175059850596113,0.9850925603579922,0,0,0,0,0,0.0,0.8517802312638256,0.9681074783405084,1.0052938538184402
267,0,3,2026091804,0.9,1.5,0.5,0.1,0.1,0.05,0.05,none,1.0033446561941979,1.0010961419707638,0.9804974886836634,1.0550128384114694,0,0,0,0,0,0.0,0.8518371369858484,0.9658150769763609,1.0052540371900096
267,0,4,2026091805,0.9,1.5,0.5,0.1,0.1,0.05,0.05,none,1.0069221146578282,1.0026512588060241,1.08303764220964,0.939413046090093,0,0,0,0,0,0.0,1.0232569888611796,0.965661084606457,1.0042550351331327
267,0,5,2026091806,0.9,1.5,0.5,0.1,0.1,0.05,0.05,none,1.0076181417536656,0.9972807514879373,1.0443312004014336,0.9665335812519337,0,0,0,0,0,0.0,0.9723498327603768,0.9657801428637459,1.0047977992005135
267,0,6,2026091807,0.9,1.5,0.5,0.1,0.1,0.05,0.05,none,1.0281076678247543,1.0019363691485061,0.9636295955122052,1.1218049888237394,0,0,0,0,0,0.0,0.8201844643532502,0.9658632045738198,1.0061782557086638
267,0,7,2026091808,0.9,1.5,0.5,0.1,0.1,0.05,0.05,none,1.0123118615190798,1.0147043761497327,1.0304933779367527,0.9679493476973527,0,0,0,0,0,0.0,1.0150418259699747,0.9626637223589949,1.004312671734276
267,0,8,2026091809,0.9,1.5,0.5,0.1,0.1,0.05,0.05,none,1.000476243277857,0.9932359322061797,0.9583696928160006,1.0179857527291252,0,0,0,0,0,0.0,0.7722020933801143,0.968195098498112,1.0054190484556274
267,0,9,2026091810,0.9,1.5,0.5,0.1,0.1,0.05,0.05,none,0.9978372126063686,0.9922205664191598,1.0608452111750875,0.9793466459775978,0,0,0,0,0,0.0,0.940664635958742,0.9674094030298419,1.0049248382630198
267,0,10,2026091811,0.9,1.5,0.5,0.1,0.1,0.05,0.05,none,0.9903338102568245,1.0037220914405145,1.0234983111130693,1.0034512693331532,0,0,0,0,0,0.0,0.916490003698904,0.9656678207316666,1.0051959996406756
267,0,11,2026091812,0.9,1.5,0.5,0.1,0.1,0.05,0.05,none,0.9956996041717471,1.0123034240279487,1.009237412877944,1.1004489610627894,0,0,0,0,0,0.0,0.8869126198430785,0.9666324619599823,1.0058464599920387
267,0,12,2026091813,0.9,1.5,0.5,0.1,0.1,0.05,0.05,none,0.9903889077156555,1.0197399028974827,0.9830756310778348,0.9969508426136476,0,0,0,0,0,0.0,0.7861208381436326,0.9687861185274659,1.0051084097882914
267,0,13,2026091814,0.9,1.5,0.5,0.1,0.1,0.05,0.05,none,1.0058515372536767,0.9993799940720951,1.012883741026731,1.0174642987793532,0,0,0,0,0,0.0,0.9189214439406186,0.9651535709753837,1.0056498269686667
267,0,14,2026091815,0.9,1.5,0.5,0.1,0.1,0.05,0.05,none,0.9830333009103916,1.0002297677567988,1.0286864886325722,0.9249314943245451,0,0,0,0,0,0.0,0.8976945467359252,0.9672102102504191,1.0041080203174833
267,0,15,2026091816,0.9,1.5,0.5,0.1,0.1,0.05,0.05,none,0.9878506366022383,1.0235985043236053,1.1043625034652162,0.9850688509714395,0,0,0,0,0,0.0,1.0399678547558615,0.9662808341151767,1.0045193144147668
267,0,16,2026091817,0.9,1.5,0.5,0.1,0.1,0.05,0.05,none,0.9802011232502715,1.0047048076204208,1.0331354624518914,1.0224968051208851,0,0,0,0,0,0.0,0.9514324013146636,0.9656767861848199,1.004778423129254
267,0,17,2026091818,0.9,1.5,0.5,0.1,0.1,0.05,0.05,none,0.9991995767398845,1.000316733735941,1.0348893879358085,0.9301525884726269,0,0,0,0,0,0.0,0.9196982900232837,0.9667716371523901,1.0044642468842817
267,0,18,2026091819,0.9,1.5,0.5,0.1,0.1,0.05,0.05,none,1.010062239207677,1.002511699313374,0.9865363827179132,0.992564513795951,0,0,0,0,0,0.0,0.8227843606582732,0.9676376951928987,1.0053746998560027
267,0,19,2026091820,0.9,1.5,0.5,0.1,0.1,0.05,0.05,none,1.0011504335099028,1.0241966228840402,0.9352217463992087,1.0284670292533187,0,0,0,0,0,0.0,0.742673386568642,0.9670290049984201,1.0057953418733323
267,1,0,2026092810,0.9,1.5,0.5,0.1,0.1,0.05,0.05,none,0.9750701020667297,0.9913815410816361,0.9643819409075606,0.974958894789504,0,0,0,0,0,0.0,2.321391769982511,0.9591154288686222,1.0
267,1,1,2026092811,0.9,1.5,0.5,0.1,0.1,0.05,0.05,none,0.9955434861078069,1.0274723048920387,1.0238698030200035,0.959020153853565,0,0,0,0,0,0.0,2.77753088578664,0.9567086264226511,1.0
267,1,2,2026092812,0.9,1.5,0.5,0.1,0.1,0.05,0.05,none,0.9821753374918364,1.0096993145772195,1.0690843379591108,1.0173129012940922,0,0,0,0,0,0.0,2.9054727672916925,0.9553709088601849,1.0
267,1,3,2026092813,0.9,1.5,0.5,0.1,0.1,0.05,0.05,none,0.9892911178879423,1.035976470534268,1.014251705601933,1.0276216167473466,0,0,0,0,0,0.0,2.725606482598429,0.9551241964421249,1.0
267,1,4,2026092814,0.9,1.5,0.5,0.1,0.1,0.05,0.05,none,1.0062138706455113,0.9704687183995101,1.0235689002570312,0.913932753790876,0,0,0,0,0,0.0,2.9800509248049094,0.9525335120635388,1.0
267,1,5,2026092815,0.9,1.5,0.5,0.1,0.1,0.05,0.05,none,1.0032836540114345,1.0069695170783461,0.9948173981479156,1.0052882325261239,0,0,0,0,0,0.0,2.513017057012511,0.9583541986001981,1.0
267,1,6,2026092816,0.9,1.5,0.5,0.1,0.1,0.05,0.05,none,1.015744106770369,0.998460503604598,1.0186452991779469,1.0009616306358817,0,0,0,0,0,0.0,2.8935930930418823,0.953961599353276,1.0
267,1,7,2026092817,0.9,1.5,0.5,0.1,0.1,0.05,0.05,none,0.9574522027074377,1.0019504194141629,0.9309389692465325,1.0374023427511179,0,0,0,0,0,0.0,2.1366777792563116,0.9579477396723883,1.0
267,1,8,2026092818,0.9,1.5,0.5,0.1,0.1,0.05,0.05,none,1.0301034234028408,0.9908240571425756,0.966223297784483,0.9131758926796765,0,0,0,0,0,0.0,2.4991219244897778,0.9569002777064199,1.0
267,1,9,2026092819,0.9,1.5,0.5,0.1,0.1,0.05,0.05,none,0.9646955849703485,1.008370142661812,1.0814939801348726,0.9736081548053686,0,0,0,0,0,0.0,3.1732759275337847,0.9539779631228005,1.0
267,1,10,2026092820,0.9,1.5,0.5,0.1,0.1,0.05,0.05,none,1.010130231485679,0.9921481344267907,1.0538080148600188,1.0282503539044383,0,0,0,0,0,0.0,3.122182839051916,0.9509196481069236,1.0
267,1,11,2026092821,0.9,1.5,0.5,0.1,0.1,0.05,0.05,none,1.0036942323710558,0.973539824142658,1.0048306314606332,0.9531590097450731,0,0,0,0,0,0.0,2.7593618816877536,0.9560855854006098,1.0
267,1,12,2026092822,0.9,1.5,0.5,0.1,0.1,0.05,0.05,none,1.0026751532942069,1.0180372155385153,1.045344316992607,1.0031259824225824,0,0,0,0,0,0.0,3.126649527431601,0.9513014783100919,1.0
267,1,13,2026092823,0.9,1.5,0.5,0.1,0.1,0.05,0.05,none,1.0232430100269445,1.0144916989123567,1.0482153472802742,1.0548274683221328,0,0,0,0,0,0.0,3.0394146059618303,0.9517472128275662,1.0
267,1,14,2026092824,0.9,1.5,0.5,0.1,0.1,0.05,0.05,none,1.0050509721814969,0.984259906871883,1.0442748969336189,1.0144341703103963,0,0,0,0,0,0.0,2.9039268386028922,0.9560735137206271,1.0
267,1,15,2026092825,0.9,1.5,0.5,0.1,0.1,0.05,0.05,none,1.0059359509387071,0.9796778546687164,0.9034956432489607,1.0305488857382321,0,0,0,0,0,0.0,2.1225865880409116,0.957076063717331,1.0
267,1,16,2026092826,0.9,1.5,0.5,0.1,0.1,0.05,0.05,none,1.0155225111512203,1.0283819238179084,0.9220228040719293,1.0267283918537455,0,0,0,0,0,0.0,2.145018250994075,0.9584540707615259,1.0
267,1,17,2026092827,0.9,1.5,0.5,0.1,0.1,0.05,0.05,none,1.021674849025522,1.0025111670098903,1.0821403461534305,1.0109050706204865,1,9,0,0,0,0.0,3.355731401798913,0.948779248105116,1.0
267,1,18,2026092828,0.9,1.5,0.5,0.1,0.1,0.05,0.05,none,1.0150723464163227,0.9971841085649548,1.0114347490080706,0.9702952586116584,0,0,0,0,0,0.0,2.818835342257796,0.9539072256944081,1.0
267,1,19,2026092829,0.9,1.5,0.5,0.1,0.1,0.05,0.05,none,1.0178506256817828,0.97066553702142,1.0751962517817706,1.0153275509495554,1,2,0,0,0,0.0,3.3079914118250087,0.9496376264117941,1.0
267,2,0,2026093819,0.9,1.5,0.5,0.1,0.1,0.05,0.05,none,1.0068376073801988,1.003920933324885,1.0297679578439154,0.9511727825984772,0,0,0,0,0,0.0,1.5907588891935958,0.9598248187090356,1.004398942589117
267,2,1,2026093820,0.9,1.5,0.5,0.1,0.1,0.05,0.05,none,1.038179135908264,0.9992680192629161,0.9498583310494816,0.905061927235297,0,0,0,0,0,0.0,1.3166872978254507,0.9633416704971597,1.0039975245009904
267,2,2,2026093821,0.9,1.5,0.5,0.1,0.1,0.05,0.05,none,0.96391099932309,0.9963325161258306,1.022060114807026,1.114613492590722,0,0,0,0,0,0.0,1.4550301796022913,0.9628323931562294,1.0051910951834335
267,2,3,2026093822,0.9,1.5,0.5,0.1,0.1,0.05,0.05,none,0.9966631679953777,0.9969897509962973,1.0458561296972022,0.9550766475099396,0,0,0,0,0,0.0,1.7534588520651098,0.9572970878223307,1.0040615110701907
267,2,4,2026093823,0.9,1.5,0.5,0.1,0.1,0.05,0.05,none,0.9838099152049741,1.017366377889382,1.0034485936342645,1.1062417268014682,0,0,0,0,0,0.0,1.5718784358457876,0.9590359317933519,1.0046594147833237
267,2,5,2026093824,0.9,1.5,0.5,0.1,0.1,0.05,0.05,none,1.0111428014966741,0.9775984983413158,0.9386584925774516,1.0665186158026785,0,0,0,0,0,0.0,1.3182247867278867,0.9617639618714867,1.005678524313781
267,2,6,2026093825,0.9,1.5,0.5,0.1,0.1,0.05,0.05,none,1.0008517974138194,1.0035668922331378,1.0522540314954096,0.9244384399948065,0,0,0,0,0,0.0,1.7487790935591112,0.9602081561629034,1.0035343869950701
267,2,7,2026093826,0.9,1.5,0.5,0.1,0.1,0.05,0.05,none,1.015760272310287,0.9931501671766965,0.9657684875444493,0.9731770860884624,0,0,0,0,0,0.0,1.4026027915519654,0.9611602119264265,1.0044933783538137
267,2,8,2026093827,0.9,1.5,0.5,0.1,0.1,0.05,0.05,none,0.9881629625157949,0.9925593592832452,1.056230001005784,0.9780978316470516,0,0,0,0,0,0.0,1.711458157309198,0.9593444934205969,1.0041428397677712
267,2,9,2026093828,0.9,1.5,0.5,0.1,0.1,0.05,0.05,none,1.0167820911470289,1.0175276389104893,1.132095023797478,0.9914286414065194,0,0,0,0,0,0.0,2.0331617801244284,0.9577682754132916,1.0037551509822187
267,2,10,2026093829,0.9,1.5,0.5,0.1,0.1,0.05,0.05,none,0.9994402848764555,0.9895402957507179,0.9512077940114694,0.9826625323570946,0,0,0,0,0,0.0,1.378704844405062,0.9609947599850956,1.0044120524886335
267,2,11,2026093830,0.9,1.5,0.5,0.1,0.1,0.05,0.05,none,1.0174353259068072,0.9853904907738088,1.1031065879398656,0.8889273767610164,0,0,0,0,0,0.0,2.0187318503378564,0.9560027756090524,1.0028882358542814
267,2,12,2026093831,0.9,1.5,0.5,0.1,0.1,0.05,0.05,none,0.9715021116693732,0.9798564997914483,1.028035458395571,0.9351341747615022,0,0,0,0,0,0.0,1.5133475313526867,0.9627885766465417,1.0035126614098533
267,2,13,2026093832,0.9,1.5,0.5,0.1,0.1,0.05,0.05,none,1.001129673863791,1.0151452909705632,1.0702503181175036,1.0508160757529965,0,0,0,0,0,0.0,1.812885059540917,0.9574780022456871,1.0041835197186153
267,2,14,2026093833,0.9,1.5,0.5,0.1,0.1,0.05,0.05,none,1.0046078002158303,0.9922707604614168,1.0598353112859007,1.085173084791014,0,0,0,0,0,0.0,1.8451983612747977,0.955337597709984,1.0044730433670155
267,2,15,2026093834,0.9,1.5,0.5,0.1,0.1,0.05,0.05,none,0.9997149142306817,0.9861513107405455,0.892260762494501,1.0466529195434373,0,0,0,0,0,0.0,1.165306080349287,0.9630535523678795,1.0051143503360012
267,2,16,2026093835,0.9,1.5,0.5,0.1,0.1,0.05,0.05,none,0.9974949802519275,0.9730067817443347,1.1453160370586688,1.005030900171067,0,0,0,0,0,0.0,2.140311850169179,0.9565361553559254,1.0037378845996516
267,2,17,2026093836,0.9,1.5,0.5,0.1,0.1,0.05,0.05,none,0.9990224477289337,1.0224110835800664,1.051714745224683,0.9832253284136238,0,0,0,0,0,0.0,1.7490900913031944,0.958311614019613,1.0041464770682034
267,2,18,2026093837,0.9,1.5,0.5,0.1,0.1,0.05,0.05,none,1.0296446100719543,0.9802761024437872,1.0063508339984206,0.9458312777004148,0,0,0,0,0,0.0,1.569383138159513,0.96107684723003,1.004452555081203
267,2,19,2026093838,0.9,1.5,0.5,0.1,0.1,0.05,0.05,none,1.0059635068978903,1.010203351030038,0.9843914968153441,1.005642380084285,0,0,0,0,0,0.0,1.4458174861529909,0.9618546793231109,1.004480266492325
267,3,0,2026094828,0.9,1.5,0.5,0.1,0.1,0.05,0.05,none,0.9839763986272074,0.9929164832083185,0.9867571753663931,0.9820620315746132,0,0,0,0,0,0.0,2.263217768893724,0.9578519354661873,1.0
267,3,1,2026094829,0.9,1.5,0.5,0.1,0.1,0.05,0.05,none,1.0279532286414819,0.9936989684606927,1.0778638872335444,0.9910364507155465,0,0,0,0,0,0.0,2.9302429673200128,0.9535874422696942,1.0
267,3,2,2026094830,0.9,1.5,0.5,0.1,0.1,0.05,0.05,none,1.0171488682975622,1.008676744014774,1.0463344422663148,1.0342038613753315,0,0,0,0,0,0.0,2.558774197192695,0.9560580699519677,1.000020908570471
267,3,3,2026094831,0.9,1.5,0.5,0.1,0.1,0.05,0.05,none,1.0092117407591963,1.010869306684495,0.9758353584445152,1.077116380234679,0,0,0,0,0,0.0,2.1229774792450824,0.9583866657394485,1.000947160604667
267,3,4,2026094832,0.9,1.5,0.5,0.1,0.1,0.05,0.05,none,0.9860448027153917,1.0122305746625953,1.0509471621204864,0.9050346032073505,0,0,0,0,0,0.0,2.6374981954478036,0.9561151794124969,1.0
267,3,5,2026094833,0.9,1.5,0.5,0.1,0.1,0.05,0.05,none,1.005031794465642,1.0155226854793846,1.0241043658272255,0.9982356080707377,0,0,0,0,0,0.0,2.557448803671595,0.9556836012697638,1.0
267,3,6,2026094834,0.9,1.5,0.5,0.1,0.1,0.05,0.05,none,1.028849267457331,1.0081688565920246,0.9783043811429302,1.0269971901077664,0,0,0,0,0,0.0,2.2570305625689944,0.9570009273644675,1.0000578636218471
267,3,7,2026094835,0.9,1.5,0.5,0.1,0.1,0.05,0.05,none,1.0008648619763594,0.9814376363890605,1.0635829559464711,1.0722065557052685,0,0,0,0,0,0.0,2.8925661211491964,0.9511519219991067,1.0
267,3,8,2026094836,0.9,1.5,0.5,0.1,0.1,0.05,0.05,none,1.0086699451715901,1.0009309729585791,0.9910052159187566,1.0136336825972212,0,0,0,0,0,0.0,2.3503160184047744,0.9567487557585094,1.0
267,3,9,2026094837,0.9,1.5,0.5,0.1,0.1,0.05,0.05,none,1.0258822376763836,1.0201276889711552,1.0452977102040868,0.9741577811811398,0,0,0,0,0,0.0,2.7605419428088487,0.9540510748025937,1.0
267,3,10,2026094838,0.9,1.5,0.5,0.1,0.1,0.05,0.05,none,0.9773293388902354,0.9795901435630251,0.9358798130941404,1.0051586245402233,0,0,0,0,0,0.0,1.7832799792842744,0.9609309224333283,1.0005858781554502
267,3,11,2026094839,0.9,1.5,0.5,0.1,0.1,0.05,0.05,none,1.0074594966511554,1.0224809025372328,1.082316465275969,1.028371744119069,0,0,0,0,0,0.0,2.7748054030528415,0.9543904678776147,1.0
267,3,12,2026094840,0.9,1.5,0.5,0.1,0.1,0.05,0.05,none,1.0133956713006198,1.0006571135113314,1.0209426472308087,0.9375943086013869,0,0,0,0,0,0.0,2.4761457279646604,0.956180409878185,1.0
267,3,13,2026094841,0.9,1.5,0.5,0.1,0.1,0.05,0.05,none,1.0088960227123764,0.9932736387314067,1.0052460332224438,0.9499842722506822,0,0,0,0,0,0.0,2.4580205394319252,0.9548159557764025,1.0
267,3,14,2026094842,0.9,1.5,0.5,0.1,0.1,0.05,0.05,none,1.0164096018924638,0.9922910354606373,0.9544277080004494,1.0625293225216965,0,0,0,0,0,0.0,2.0186040661850577,0.9601542407346862,1.000795837583748
267,3,15,2026094843,0.9,1.5,0.5,0.1,0.1,0.05,0.05,none,1.0091027490125435,1.0083640562995875,1.0553784558436412,1.007467011292428,0,0,0,0,0,0.0,2.6455591763898023,0.9566670979434405,1.0
267,3,16,2026094844,0.9,1.5,0.5,0.1,0.1,0.05,0.05,none,1.011447851491728,0.9896945358659087,0.915370011392904,0.9968016714726319,0,0,0,0,0,0.0,1.8950860409768089,0.9581995820011008,1.0009905263633125
267,3,17,2026094845,0.9,1.5,0.5,0.1,0.1,0.05,0.05,none,0.9902877055241901,0.9779199432033518,1.0590199456275957,0.965074291925527,0,0,0,0,0,0.0,2.6154138816044887,0.9561467599907535,1.0
267,3,18,2026094846,0.9,1.5,0.5,0.1,0.1,0.05,0.05,none,0.9742756611420502,0.9753229848002868,0.9977058526862308,1.0131257909720073,0,0,0,0,0,0.0,2.141204779050376,0.9610494151144786,1.0000779364644605
267,3,19,2026094847,0.9,1.5,0.5,0.1,0.1,0.05,0.05,none,0.9950404727835697,0.9957511837725463,1.0752951902038723,1.1263376494112287,0,0,0,0,0,0.0,2.7775305253138725,0.955599794248382,1.0
267,4,0,2026095837,0.9,1.5,0.5,0.1,0.1,0.05,0.05,none,1.0073137069977274,0.9825875886370043,1.01427173792534,0.9665861599685073,0,0,0,0,0,0.0,1.6004727118186974,0.9593892831107974,1.0116367086501314
267,4,1,2026095838,0.9,1.5,0.5,0.1,0.1,0.05,0.05,none,1.0047642490924793,1.030088756027601,0.9520713437640131,0.9379158274718208,0,0,0,0,0,0.0,1.5061384041036316,0.9578393024280303,1.0106719061960319
267,4,2,2026095839,0.9,1.5,0.5,0.1,0.1,0.05,0.05,none,0.995738148241023,0.9870953624501884,0.9208932831556211,1.015097729108356,0,0,0,0,0,0.0,1.2514514012429707,0.9632881370118953,1.0135758545141145
267,4,3,2026095840,0.9,1.5,0.5,0.1,0.1,0.05,0.05,none,0.9850773547601629,0.9912676633664486,1.0572905833673483,0.9383416684150144,0,0,0,0,0,0.0,1.8607230362725642,0.9567931816769877,1.0105052353796582
267,4,4,2026095841,0.9,1.5,0.5,0.1,0.1,0.05,0.05,none,1.04048421556652,1.0222992254994643,0.9401137684535914,1.019785193395073,0,0,0,0,0,0.0,1.4766314880532907,0.9569878404207175,1.01515958036594
267,4,5,2026095842,0.9,1.5,0.5,0.1,0.1,0.05,0.05,none,0.9910060266876359,0.9782835111820076,1.0493334220873276,0.9414060197176262,0,0,0,0,0,0.0,1.8552293718246609,0.9563980426022474,1.010348884031768
267,4,6,2026095843,0.9,1.5,0.5,0.1,0.1,0.05,0.05,none,1.022251354186967,0.9997856863095946,0.9758489086322241,1.0208747205011826,0,0,0,0,0,0.0,1.6124655709840283,0.9564366915734921,1.0128435585929967
267,4,7,2026095844,0.9,1.5,0.5,0.1,0.1,0.05,0.05,none,0.9643247674227255,1.0255423189919666,0.9952225338644016,1.025161231538314,0,0,0,0,0,0.0,1.5110201265118623,0.9605561240031615,1.0123189054855197
267,4,8,2026095845,0.9,1.5,0.5,0.1,0.1,0.05,0.05,none,0.9851585197014036,1.003189073360995,0.980426329476559,0.91894187895131,0,0,0,0,0,0.0,1.4606845451158292,0.9606307643162132,1.0108495768570225
267,4,9,2026095846,0.9,1.5,0.5,0.1,0.1,0.05,0.05,none,1.0316902804228378,0.9977491569258273,0.9832650032456633,0.9415235982712223,0,0,0,0,0,0.0,1.5027765957225103,0.9600712690078249,1.0123339875259252
267,4,10,2026095847,0.9,1.5,0.5,0.1,0.1,0.05,0.05,none,0.9611158462372084,1.0234579003368618,1.0752282567951328,1.08055639491139,0,0,0,0,0,0.0,1.874363577292488,0.9561162527568418,1.0123792881390385
267,4,11,2026095848,0.9,1.5,0.5,0.1,0.1,0.05,0.05,none,0.9963912521814553,0.9880690813825961,0.936455417509347,1.0318799257421998,0,0,0,0,0,0.0,1.3442243029197225,0.9599932111930666,1.0137186131525657
267,4,12,2026095849,0.9,1.5,0.5,0.1,0.1,0.05,0.05,none,0.9892638228783418,0.9908127105807231,1.018595031477293,1.073775675193002,0,0,0,0,0,0.0,1.5913793923296298,0.9602850619773005,1.01545675137481
267,4,13,2026095850,0.9,1.5,0.5,0.1,0.1,0.05,0.05,none,0.9933764209082685,1.0225783381705957,0.9156386297641518,1.0407284795962055,0,0,0,0,0,0.0,1.2423991602113034,0.9624805973798416,1.0141217666892193
267,4,14,2026095851,0.9,1.5,0.5,0.1,0.1,0.05,0.05,none,1.0046817430892316,0.9735618451155632,1.038989035171373,0.9497538401486401,0,0,0,0,0,0.0,1.7305530152911708,0.9574316628979439,1.0110303942061183
267,4,15,2026095852,0.9,1.5,0.5,0.1,0.1,0.05,0.05,none,0.9948546689220304,1.0351255930659011,0.9080466304831427,0.9262903700269817,0,0,0,0,0,0.0,1.3176940576792255,0.9595643726453845,1.0118382012773217
267,4,16,2026095853,0.9,1.5,0.5,0.1,0.1,0.05,0.05,none,1.0077773139148045,1.0011210749380495,1.006151882364902,0.9390756942017193,0,0,0,0,0,0.0,1.7090475671970269,0.9553821944691804,1.0107259173980463
267,4,17,2026095854,0.9,1.5,0.5,0.1,0.1,0.05,0.05,none,0.9896804666669826,0.9882663667300307,0.9466582786776291,0.949311141940119,0,0,0,0,0,0.0,1.3696044631857427,0.9615225699826658,1.0118337147559655
267,4,18,2026095855,0.9,1.5,0.5,0.1,0.1,0.05,0.05,none,0.9970738032249582,0.986469254662527,1.0116650381077499,1.0544158004830924,0,0,0,0,0,0.0,1.6696817268084438,0.9567938707505537,1.013667529353905
267,4,19,2026095856,0.9,1.5,0.5,0.1,0.1,0.05,0.05,none,0.9977903715966382,0.9820324251601305,1.0550711341596182,1.0694779153088274,0,0,0,0,0,0.0,1.7542348123278604,0.9585354075463205,1.013533153873669
267,5,0,2026096846,0.9,1.5,0.5,0.1,0.1,0.05,0.05,none,0.9970568131545174,0.990353110905286,0.9116087337005888,0.9585450879999081,0,0,0,0,0,0.0,0.6535475617667621,0.9705018883429558,1.0102813870567617
267,5,1,2026096847,0.9,1.5,0.5,0.1,0.1,0.05,0.05,none,1.0230434651010925,0.9904551262684144,0.9676589711000054,0.9931219616671163,0,0,0,0,0,0.0,0.8320236194625193,0.965386987180614,1.009625025931283
267,5,2,2026096848,0.9,1.5,0.5,0.1,0.1,0.05,0.05,none,1.0188727445107175,0.9928646329100071,0.9087414866244906,0.9580117460539487,0,0,0,0,0,0.0,0.6861362037026074,0.9701655894451948,1.0102354939161537
267,5,3,2026096849,0.9,1.5,0.5,0.1,0.1,0.05,0.05,none,0.9939432110030477,0.997781049551035,0.9985051459232375,0.9768084027662299,0,0,0,0,0,0.0,0.7524681737270212,0.9701600647695093,1.0087499779547686
267,5,4,2026096850,0.9,1.5,0.5,0.1,0.1,0.05,0.05,none,0.9927573064035518,0.9955365205470198,1.0121271288464173,1.0432675084304677,0,0,0,0,0,0.0,0.8563450905943997,0.9667420277315961,1.0108121081220784
267,5,5,2026096851,0.9,1.5,0.5,0.1,0.1,0.05,0.05,none,1.0017760331436096,1.020315877868295,0.9364149683128711,1.0522055058885391,0,0,0,0,0,0.0,0.7076738989000773,0.9701326996716725,1.0117973724130707
267,5,6,2026096852,0.9,1.5,0.5,0.1,0.1,0.05,0.05,none,1.0189413264591187,1.0148026250192141,1.1324554763066053,0.9723893895825775,0,0,0,0,0,0.0,1.0548826145073444,0.9641314442312532,1.0085758462142818
267,5,7,2026096853,0.9,1.5,0.5,0.1,0.1,0.05,0.05,none,1.0195161778813808,0.9717261115527265,1.0435150199115646,0.925328284311302,0,0,0,0,0,0.0,0.8960079509051452,0.9663219342151762,1.0087725090659783
267,5,8,2026096854,0.9,1.5,0.5,0.1,0.1,0.05,0.05,none,1.0278297721642888,0.9903637402940388,1.007190554052218,0.9945321181641216,0,0,0,0,0,0.0,0.8493846031050103,0.9668581226486681,1.0100756524584793
267,5,9,2026096855,0.9,1.5,0.5,0.1,0.1,0.05,0.05,none,1.0099871914164218,0.9850526117815993,1.1006738413431563,1.077894730664088,0,0,0,0,0,0.0,1.0002086367016818,0.9652035167729864,1.009821612809394
267,5,10,2026096856,0.9,1.5,0.5,0.1,0.1,0.05,0.05,none,0.9914215971508274,0.9797397975646076,1.0757436724885252,1.0414988803099896,0,0,0,0,0,0.0,0.9762654315354425,0.9647143196989729,1.0103929575343313
267,5,11,2026096857,0.9,1.5,0.5,0.1,0.1,0.05,0.05,none,0.9923255754926427,0.9940283680909459,0.9711800683394453,0.9513364543220694,0,0,0,0,0,0.0,0.7332141555444226,0.9699348360171776,1.0089895427582223
267,5,12,2026096858,0.9,1.5,0.5,0.1,0.1,0.05,0.05,none,1.0026332967896283,0.9898224077582717,0.9463804470323192,0.9497959197603725,0,0,0,0,0,0.0,0.7324528129453594,0.9685585946292006,1.0101434378551921
267,5,13,2026096859,0.9,1.5,0.5,0.1,0.1,0.05,0.05,none,0.988093851786745,1.0037647250036132,0.9501702064437269,1.0011012163186113,0,0,0,0,0,0.0,0.691220036320747,0.969445540979051,1.0095948293345378
267,5,14,2026096860,0.9,1.5,0.5,0.1,0.1,0.05,0.05,none,1.0074634193248146,0.987673204815064,0.9957073866704579,1.0049856558115664,0,0,0,0,0,0.0,0.8255081662460773,0.9672229558599389,1.009925362394372
267,5,15,2026096861,0.9,1.5,0.5,0.1,0.1,0.05,0.05,none,0.9777681552644044,1.0031114181174323,0.9750287592721192,1.0059494531706565,0,0,0,0,0,0.0,0.7841966482279307,0.9675521681257513,1.0099348309616
267,5,16,2026096862,0.9,1.5,0.5,0.1,0.1,0.05,0.05,none,0.9967932663113825,1.006731954155538,1.004906838633004,0.9665261085000575,0,0,0,0,0,0.0,0.8207190865314292,0.9672958202822264,1.0099165857389738
267,5,17,2026096863,0.9,1.5,0.5,0.1,0.1,0.05,0.05,none,1.0122735085722645,0.9672193963165199,1.026190557889414,1.0731723865509504,0,0,0,0,0,0.0,0.8478034940631307,0.9674185655356073,1.0096251879148765
267,5,18,2026096864,0.9,1.5,0.5,0.1,0.1,0.05,0.05,none,0.9931863342672366,0.990978445815651,1.0594611425261897,1.0079102441796073,0,0,0,0,0,0.0,0.8863443336362826,0.966580413132008,1.0092412995896034
267,5,19,2026096865,0.9,1.5,0.5,0.1,0.1,0.05,0.05,none,1.0444579075689142,0.978671884972707,1.0299240249942185,0.9199252762061397,0,0,0,0,0,0.0,0.9213690066453812,0.9644842743612354,1.0089842385382461
267,6,0,2026097855,0.9,1.5,0.5,0.1,0.1,0.05,0.05,none,0.9736405195484531,0.9985604829844279,1.011132184097985,0.9257924476193478,0,0,0,0,0,0.0,1.3223243033098175,0.9646240120073337,1.008684621472688
267,6,1,2026097856,0.9,1.5,0.5,0.1,0.1,0.05,0.05,none,0.9982733423893214,0.9962726552477006,0.9857558323989161,0.9531348495964092,0,0,0,0,0,0.0,1.3319862921850587,0.9633979842168418,1.0096384661472808
267,6,2,2026097857,0.9,1.5,0.5,0.1,0.1,0.05,0.05,none,1.0184834208243194,0.9978813809462558,0.919045984792353,0.9344188390307197,0,0,0,0,0,0.0,1.0866341399830741,0.9658120949756231,1.0101606619378294
267,6,3,2026097858,0.9,1.5,0.5,0.1,0.1,0.05,0.05,none,1.0076656445400334,0.9893249911055424,0.943994850944357,0.9572117943318988,0,0,0,0,0,0.0,1.1861853136277491,0.9643895108465987,1.0099900428534592
267,6,4,2026097859,0.9,1.5,0.5,0.1,0.1,0.05,0.05,none,0.9949161594975205,0.9935853526306702,0.916296080985242,0.9527721602990724,0,0,0,0,0,0.0,1.1754105370822054,0.9627570950177838,1.010544574791102
267,6,5,2026097860,0.9,1.5,0.5,0.1,0.1,0.05,0.05,none,0.9802054510684138,0.994409354687362,1.0356739356235534,0.9896861798888887,0,0,0,0,0,0.0,1.466042774157958,0.9625049006820312,1.0098550268945126
267,6,6,2026097861,0.9,1.5,0.5,0.1,0.1,0.05,0.05,none,0.978533593008218,1.0033572402870792,0.9900688948825289,1.0023919103778456,0,0,0,0,0,0.0,1.2678142043954297,0.9647681355557869,1.0105660729216523
267,6,7,2026097862,0.9,1.5,0.5,0.1,0.1,0.05,0.05,none,1.0046318525668543,1.0002916572121954,0.9642662206593811,0.9910801841896703,0,0,0,0,0,0.0,1.2376834909814667,0.9637272394324092,1.01098576812217
267,6,8,2026097863,0.9,1.5,0.5,0.1,0.1,0.05,0.05,none,1.0028853939955145,1.0122400884943858,0.9650439901704326,0.9861093473161742,0,0,0,0,0,0.0,1.253962168061787,0.9630098051944682,1.0105715311467696
267,6,9,2026097864,0.9,1.5,0.5,0.1,0.1,0.05,0.05,none,0.9753759896173385,1.0227535432707993,1.0165769637001276,1.0789381687817325,0,0,0,0,0,0.0,1.375287149694644,0.9620307431272203,1.011126183458885
267,6,10,2026097865,0.9,1.5,0.5,0.1,0.1,0.05,0.05,none,0.9879983220498032,0.9965164855993626,1.0051198976728144,1.0680702683878947,0,0,0,0,0,0.0,1.3423636705397672,0.9631196976942575,1.0114845949675175
267,6,11,2026097866,0.9,1.5,0.5,0.1,0.1,0.05,0.05,none,1.0077393013442053,0.9697469582985729,0.9445168851941118,1.0266621490203003,0,0,0,0,0,0.0,1.2144124666388292,0.9631448006966271,1.0099969884836888
267,6,12,2026097867,0.9,1.5,0.5,0.1,0.1,0.05,0.05,none,0.9783749355090989,1.001778534026402,0.9990936376070979,0.9532667767758507,0,0,0,0,0,0.0,1.3448513939361997,0.9635844969671996,1.0090209740663847
267,6,13,2026097868,0.9,1.5,0.5,0.1,0.1,0.05,0.05,none,0.9899027481100341,1.001077669802222,1.0829858264036925,1.083119268762535,0,0,0,0,0,0.0,1.659392186553481,0.9597579549118005,1.0098606252611924
267,6,14,2026097869,0.9,1.5,0.5,0.1,0.1,0.05,0.05,none,1.0020982717291307,1.0019927282239438,0.9798615438147248,0.9664249241252503,0,0,0,0,0,0.0,1.2381515439008863,0.9641957325415373,1.0095517907502474
267,6,15,2026097870,0.9,1.5,0.5,0.1,0.1,0.05,0.05,none,1.0161607607110428,1.0139173258311527,0.9661176902971482,1.0432989606098044,0,0,0,0,0,0.0,1.2536108635911436,0.962936637851139,1.0110272353435317
267,6,16,2026097871,0.9,1.5,0.5,0.1,0.1,0.05,0.05,none,1.0044654288019426,0.9900404672759956,0.9150902332342226,0.9302454202965801,0,0,0,0,0,0.0,1.1036247633063014,0.9650299671836765,1.0107664644546988
267,6,17,2026097872,0.9,1.5,0.5,0.1,0.1,0.05,0.05,none,1.006599257953703,1.014837887759878,0.9780143103007052,0.9561446287988677,0,0,0,0,0,0.0,1.3244512600400018,0.9622651752407466,1.010003733844019
267,6,18,2026097873,0.9,1.5,0.5,0.1,0.1,0.05,0.05,none,1.0130124543672239,0.980193173090273,0.9521732636767605,1.0298912972983325,0,0,0,0,0,0.0,1.2341333199594706,0.9631395840715146,1.0107705745358884
267,6,19,2026097874,0.9,1.5,0.5,0.1,0.1,0.05,0.05,none,0.9899791219598966,0.9974189139775979,1.0989188862230157,0.9558184247884601,0,0,0,0,0,0.0,1.7816919375554532,0.9597028277853233,1.008408582525284
267,7,0,2026098864,0.9,1.5,0.5,0.1,0.1,0.05,0.05,none,0.9826137341729969,1.0155714155786768,1.0046212053540275,0.9946710304275297,0,0,0,0,0,0.0,0.7752747573946487,0.9688555903902979,1.0081764003680163
267,7,1,2026098865,0.9,1.5,0.5,0.1,0.1,0.05,0.05,none,1.017380805909071,1.0119606684068003,1.0434407545496793,0.9750550986114587,0,0,0,0,0,0.0,0.8834732585553255,0.966185592116385,1.0077008761758532
267,7,2,2026098866,0.9,1.5,0.5,0.1,0.1,0.05,0.05,none,1.013648839448725,0.9986710427519573,0.9423848419670576,0.9797165049657266,0,0,0,0,0,0.0,0.6912330616350948,0.9688698807796213,1.0088345757766728
267,7,3,2026098867,0.9,1.5,0.5,0.1,0.1,0.05,0.05,none,0.9979385315040298,1.032254263511293,0.9923700458377885,1.0012293262287133,0,0,0,0,0,0.0,0.7617621687039545,0.9687600466488218,1.0085229227873553
267,7,4,2026098868,0.9,1.5,0.5,0.1,0.1,0.05,0.05,none,1.018943389587655,0.9850990641245947,0.9904254597571814,1.0700401038698264,0,0,0,0,0,0.0,0.7637000662475366,0.968703204664869,1.0094408066963025
267,7,5,2026098869,0.9,1.5,0.5,0.1,0.1,0.05,0.05,none,0.9981458239511187,1.0139676342789203,0.9679300871264426,0.9324868647886358,0,0,0,0,0,0.0,0.72372238515638,0.9688593135857081,1.0085681320843165
267,7,6,2026098870,0.9,1.5,0.5,0.1,0.1,0.05,0.05,none,0.9925566185159467,1.017369053367632,0.9656440514461521,1.0436658980150044,0,0,0,0,0,0.0,0.7641007401384622,0.967861885798069,1.0089016907449027
267,7,7,2026098871,0.9,1.5,0.5,0.1,0.1,0.05,0.05,none,1.0104027892989962,1.0294915189961376,0.9345770000596446,1.0429240395848585,0,0,0,0,0,0.0,0.6613554465875613,0.9700413133574366,1.0095062772455103
267,7,8,2026098872,0.9,1.5,0.5,0.1,0.1,0.05,0.05,none,1.0122394943639956,1.0073167247288488,1.0172710838037464,1.0535455090771666,0,0,0,0,0,0.0,0.8178089615233582,0.9672466447841838,1.0088423738421728
267,7,9,2026098873,0.9,1.5,0.5,0.1,0.1,0.05,0.05,none,0.992710437393558,1.0101417145620466,0.9757826900144404,1.1035189580784905,0,0,0,0,0,0.0,0.7361393339207698,0.9691836631460041,1.0095580872337893
267,7,10,2026098874,0.9,1.5,0.5,0.1,0.1,0.05,0.05,none,0.989698997685181,1.0121342561574025,0.893767362036934,1.0067034803730142,0,0,0,0,0,0.0,0.6206472914080206,0.9699036432305123,1.008702592358514
267,7,11,2026098875,0.9,1.5,0.5,0.1,0.1,0.05,0.05,none,1.000147446742605,0.9993766586044978,0.9677632499146593,0.9842369574857627,0,0,0,0,0,0.0,0.7049385604547225,0.9700480004482362,1.0082803475278583
267,7,12,2026098876,0.9,1.5,0.5,0.1,0.1,0.05,0.05,none,1.0069816380296719,1.0238317445258067,1.025977710992287,1.0157540352146632,0,0,0,0,0,0.0,0.8575840376679816,0.9665593074059403,1.0085178560869288
267,7,13,2026098877,0.9,1.5,0.5,0.1,0.1,0.05,0.05,none,0.9648407576615641,0.9941011162961952,0.9988194678095285,1.0237317551524885,0,0,0,0,0,0.0,0.7341797939499042,0.9699566656581476,1.0076940249090116
267,7,14,2026098878,0.9,1.5,0.5,0.1,0.1,0.05,0.05,none,0.9957110631244415,0.9997066041778847,1.0162316008192742,0.9653747742177461,0,0,0,0,0,0.0,0.8370131233812185,0.9672274181784362,1.0070368448612104
267,7,15,2026098879,0.9,1.5,0.5,0.1,0.1,0.05,0.05,none,0.9855138234954142,0.9738658064345043,0.9705104110347931,0.9952233853645905,0,0,0,0,0,0.0,0.7452801761317562,0.9688144316491631,1.0085769088529541
267,7,16,2026098880,0.9,1.5,0.5,0.1,0.1,0.05,0.05,none,1.0111973695685397,0.9785570355246359,0.9821851619444489,0.8543730509560052,0,0,0,0,0,0.0,0.7987097372371849,0.967886721787539,1.006970192932599
267,7,17,2026098881,0.9,1.5,0.5,0.1,0.1,0.05,0.05,none,0.9812337165776602,1.0097816004419282,0.9691982591969468,1.0180874729173812,0,0,0,0,0,0.0,0.7260809475374429,0.9690318903713412,1.0089410024220007
267,7,18,2026098882,0.9,1.5,0.5,0.1,0.1,0.05,0.05,none,1.0060717192299358,1.0159368670663376,0.9465287730379378,1.0807696819932924,0,0,0,0,0,0.0,0.6972729805852761,0.9691301838502677,1.0108508026159093
267,7,19,2026098883,0.9,1.5,0.5,0.1,0.1,0.05,0.05,none,0.9820512465072629,1.032027043858836,0.9454229176370065,1.0191506585154126,0,0,0,0,0,0.0,0.7424666792639942,0.9680504615344132,1.0087363344954499
267,8,0,2026099873,0.9,1.5,0.5,0.1,0.1,0.05,0.05,none,1.0322759207450243,0.9878181903056826,1.0293740647068446,1.141750355869353,0,0,0,0,0,0.0,1.3078681137514205,0.9650862513282831,1.0260524667375708
267,8,1,2026099874,0.9,1.5,0.5,0.1,0.1,0.05,0.05,none,0.9691465485234234,1.0128587219220235,1.05537906290725,1.0159085868986195,0,0,0,0,0,0.0,1.3087870669221051,0.9645917373491698,1.0167367289251703
267,8,2,2026099875,0.9,1.5,0.5,0.1,0.1,0.05,0.05,none,0.9823841531771376,1.0027638763848024,1.0151832168338721,1.0035822287713458,0,0,0,0,0,0.0,1.2106020438707221,0.9651056376348239,1.0169198148949088
267,8,3,2026099876,0.9,1.5,0.5,0.1,0.1,0.05,0.05,none,1.0156012221303876,1.0300128292803519,1.034270106143035,0.8563582458800046,0,0,0,0,0,0.0,1.3785524074454627,0.9615450392412142,1.011399096456511
267,8,4,2026099877,0.9,1.5,0.5,0.1,0.1,0.05,0.05,none,1.0136717935970114,1.0205717916529873,1.0429837816291476,0.9643264806839351,0,0,0,0,0,0.0,1.3497493042599626,0.9630139812506258,1.0150527659208244
267,8,5,2026099878,0.9,1.5,0.5,0.1,0.1,0.05,0.05,none,1.0033491687369172,1.0182746332619075,1.019571905549723,0.9613632713047181,0,0,0,0,0,0.0,1.1752333118380116,0.9669314011278769,1.0157762098159988
267,8,6,2026099879,0.9,1.5,0.5,0.1,0.1,0.05,0.05,none,0.9813932419667235,0.9854021959794184,1.0998722228485034,0.9809511399807437,0,0,0,0,0,0.0,1.4946322848919256,0.9613999854640569,1.0127560659342092
267,8,7,2026099880,0.9,1.5,0.5,0.1,0.1,0.05,0.05,none,0.9724178691322071,0.9818412335482363,1.0210312320995825,0.9830959343336662,0,0,0,0,0,0.0,1.2723877156802132,0.9639899265741109,1.0138624161483132
267,8,8,2026099881,0.9,1.5,0.5,0.1,0.1,0.05,0.05,none,0.9871757194386663,0.9846239808471547,0.979197890579008,1.0632855526760445,0,0,0,0,0,0.0,1.141751057497997,0.9651048789628243,1.0184808883255143
267,8,9,2026099882,0.9,1.5,0.5,0.1,0.1,0.05,0.05,none,1.0013101460625573,0.9992903404370191,0.9761517613045595,1.0559980249838175,0,0,0,0,0,0.0,1.2103255099452679,0.9635442558445279,1.0181364402808528
267,8,10,2026099883,0.9,1.5,0.5,0.1,0.1,0.05,0.05,none,0.9918991204213146,1.0317508721223576,0.9439823999515015,0.9489399409054704,0,0,0,0,0,0.0,1.0554106913609587,0.9664922547006499,1.0143343722488225
267,8,11,2026099884,0.9,1.5,0.5,0.1,0.1,0.05,0.05,none,0.9973279881589876,1.024257035702424,0.9670008198403285,1.0468300300870106,0,0,0,0,0,0.0,1.1405119234201424,0.9653186251516795,1.0197284522851127
267,8,12,2026099885,0.9,1.5,0.5,0.1,0.1,0.05,0.05,none,1.036182235888381,1.009729346554146,1.0875072437134499,0.9946321425182825,0,0,0,0,0,0.0,1.5746038017168262,0.9585992509955972,1.013963111333446
267,8,13,2026099886,0.9,1.5,0.5,0.1,0.1,0.05,0.05,none,1.0243607522735922,1.0015157475811727,1.011910610620291,0.9914126308022679,0,0,0,0,0,0.0,1.3298282751056252,0.9613806008639666,1.015093155554721
267,8,14,2026099887,0.9,1.5,0.5,0.1,0.1,0.05,0.05,none,0.9802892476248567,0.9726311617320871,0.9164382630851724,1.0196051788552902,0,0,0,0,0,0.0,1.0388626785300614,0.9657782394903678,1.0160821545094307
267,8,15,2026099888,0.9,1.5,0.5,0.1,0.1,0.05,0.05,none,1.0161675744796212,0.9888614894717273,1.133727833892223,0.9304766273225502,0,0,0,0,0,0.0,1.6423611004545158,0.9604651819633951,1.0128114087800502
267,8,16,2026099889,0.9,1.5,0.5,0.1,0.1,0.05,0.05,none,0.9819730282831575,0.9819286317572715,1.0227044959534408,1.0169951233513932,0,0,0,0,0,0.0,1.2644964983562947,0.9645165433947341,1.0154837451649574
267,8,17,2026099890,0.9,1.5,0.5,0.1,0.1,0.05,0.05,none,0.991435632416507,1.0110947813106348,0.9964793119705374,0.9520611589036055,0,0,0,0,0,0.0,1.2472706850019357,0.9627771996847893,1.0133353160329033
267,8,18,2026099891,0.9,1.5,0.5,0.1,0.1,0.05,0.05,none,0.9664433173774535,0.9696328293389793,0.9922777627559045,0.9172725689383013,0,0,0,0,0,0.0,1.1184638505917508,0.9667153495818399,1.0133257887028322
267,8,19,2026099892,0.9,1.5,0.5,0.1,0.1,0.05,0.05,none,0.9793297770221059,1.0054372250386954,0.9933794309505253,1.0171806923338533,0,0,0,0,0,0.0,1.1216651725131983,0.9675850319809858,1.016498907270196
267,9,0,2026100882,0.9,1.5,0.5,0.1,0.1,0.05,0.05,none,0.9902274797114082,1.0109954125353615,1.0382007600526977,1.0757649853887115,0,0,0,0,0,0.0,0.8983310476109526,0.9674645175537031,1.0140307656292076
267,9,1,2026100883,0.9,1.5,0.5,0.1,0.1,0.05,0.05,none,0.993047349522963,1.0066740484993035,1.0080920199588994,1.0322077614390635,0,0,0,0,0,0.0,0.8652581579311603,0.9668955852659314,1.0130663896695047
267,9,2,2026100884,0.9,1.5,0.5,0.1,0.1,0.05,0.05,none,1.0163936276779075,0.9925860257148064,1.02429306923355,0.982496007397068,0,0,0,0,0,0.0,0.8998484289214631,0.9670589902887311,1.0126846833383143
267,9,3,2026100885,0.9,1.5,0.5,0.1,0.1,0.05,0.05,none,1.0046191681072276,0.9951333703634552,0.9724570988494285,1.079339677629782,0,0,0,0,0,0.0,0.7935918567320362,0.9686754223018637,1.0160573249515554
267,9,4,2026100886,0.9,1.5,0.5,0.1,0.1,0.05,0.05,none,1.0044479086235714,0.9744640549305578,1.0321300675268652,0.966049073827176,0,0,0,0,0,0.0,0.9305943121620983,0.9660593381430055,1.0122225291484592
267,9,5,2026100887,0.9,1.5,0.5,0.1,0.1,0.05,0.05,none,1.0174137483871393,1.0140801729006736,0.9536782853812362,1.0648001723966067,0,0,0,0,0,0.0,0.7490298603884363,0.9688766953717093,1.0186574670200588
267,9,6,2026100888,0.9,1.5,0.5,0.1,0.1,0.05,0.05,none,1.0155544739548357,1.0267394846737459,0.9056376212313377,0.9140368612009874,0,0,0,0,0,0.0,0.7202832001820053,0.9684338406887498,1.0129497366721367
267,9,7,2026100889,0.9,1.5,0.5,0.1,0.1,0.05,0.05,none,1.0142611740943817,0.9793929989681087,1.0425724412448882,0.9753121111402422,0,0,0,0,0,0.0,0.9390691124990587,0.9667242151129158,1.0122494680680219
267,9,8,2026100890,0.9,1.5,0.5,0.1,0.1,0.05,0.05,none,0.9899444355862351,0.9816492055541498,1.0229236766708716,1.0021766638909722,0,0,0,0,0,0.0,0.8473203957397644,0.9685541195244365,1.0117760220228957
267,9,9,2026100891,0.9,1.5,0.5,0.1,0.1,0.05,0.05,none,1.0105464181034476,0.9862517968695675,1.028709641439809,0.9473879598629857,0,0,0,0,0,0.0,0.9127004597887514,0.9663468261551303,1.0115835881088697
267,9,10,2026100892,0.9,1.5,0.5,0.1,0.1,0.05,0.05,none,0.9844818764785966,1.0264938560648935,1.0363467029353701,1.071532469661649,0,0,0,0,0,0.0,0.8849485716068867,0.9673211297797952,1.0151532993148036
267,9,11,2026100893,0.9,1.5,0.5,0.1,0.1,0.05,0.05,none,0.9764461516293753,1.004096009590862,1.0138648596008957,0.9606129538995378,0,0,0,0,0,0.0,0.8025131403606875,0.9695841896656877,1.0111469769724637
267,9,12,2026100894,0.9,1.5,0.5,0.1,0.1,0.05,0.05,none,1.027934886921047,1.0226090912367902,1.0281490944873104,0.9715412227787419,0,0,0,0,0,0.0,0.902597488295807,0.9668403961170182,1.012631917087872
267,9,13,2026100895,0.9,1.5,0.5,0.1,0.1,0.05,0.05,none,1.0014679035610137,1.0001498487197413,1.084609595268512,1.0063809670421686,0,0,0,0,0,0.0,1.0071364112144154,0.9655222363162637,1.0129522936749642
267,9,14,2026100896,0.9,1.5,0.5,0.1,0.1,0.05,0.05,none,1.0024554770696679,1.010604573876797,1.0463355783019512,1.0320001134194072,0,0,0,0,0,0.0,0.973490600749391,0.9656405168145868,1.012622040483533
267,9,15,2026100897,0.9,1.5,0.5,0.1,0.1,0.05,0.05,none,1.004675620561886,1.0111375156880824,1.0551913582415449,0.983329975909114,0,0,0,0,0,0.0,0.9769472161492234,0.9660144550127405,1.01281864342483
267,9,16,2026100898,0.9,1.5,0.5,0.1,0.1,0.05,0.05,none,0.9889314930029816,0.9919947541632039,1.021687927552423,1.0047062764019752,0,0,0,0,0,0.0,0.8633014919713923,0.9674068070390138,1.0120370969971715
267,9,17,2026100899,0.9,1.5,0.5,0.1,0.1,0.05,0.05,none,1.010732319963924,0.9958639410473069,1.0516038258724651,0.9891236552386261,0,0,0,0,0,0.0,0.906084828515693,0.9680344840432421,1.0134526920387816
267,9,18,2026100900,0.9,1.5,0.5,0.1,0.1,0.05,0.05,none,1.019017747258683,1.0061019051886477,0.9845188261258371,1.0769392213189564,0,0,0,0,0,0.0,0.8118249276097519,0.9679441821935736,1.015897448361868
267,9,19,2026100901,0.9,1.5,0.5,0.1,0.1,0.05,0.05,none,0.9926687186252076,1.0059796050904743,1.0390550700171992,1.081625392284883,0,0,0,0,0,0.0,0.9060780739464749,0.9666904368387403,1.0137623173923678
267,10,0,2026101891,0.9,1.5,0.5,0.1,0.1,0.05,0.05,none,1.0073749860135313,1.0331175736098521,0.9844856989664011,0.9579742346086926,0,0,0,0,0,0.0,0.8351589392415378,0.966252537932013,1.0113422460063966
267,10,1,2026101892,0.9,1.5,0.5,0.1,0.1,0.05,0.05,none,0.9937648495224198,1.0011495712620722,0.9643406625784773,1.0253273122468343,0,0,0,0,0,0.0,0.7982234435972582,0.9656449160495875,1.010341120399824
267,10,2,2026101893,0.9,1.5,0.5,0.1,0.1,0.05,0.05,none,1.018594383927708,0.9785777635674388,0.9592540581011612,0.9781144770746044,0,0,0,0,0,0.0,0.7394346088421494,0.9690111831593036,1.011356567013704
267,10,3,2026101894,0.9,1.5,0.5,0.1,0.1,0.05,0.05,none,1.0427758557254994,0.9765810585460141,0.9940617150619714,0.9932030217893885,0,0,0,0,0,0.0,0.8124231058254437,0.9669579418327297,1.0112354537369452
267,10,4,2026101895,0.9,1.5,0.5,0.1,0.1,0.05,0.05,none,1.0064418510766326,0.982449835423959,0.9702969310738621,1.0145957043328229,0,0,0,0,0,0.0,0.789090856209424,0.9675067715462246,1.0111804976511476
267,10,5,2026101896,0.9,1.5,0.5,0.1,0.1,0.05,0.05,none,1.0182364305614657,0.991399121119062,1.0559411752042953,1.0513854343073141,0,0,0,0,0,0.0,0.9568396937786603,0.965830325735132,1.0115260029601212
267,10,6,2026101897,0.9,1.5,0.5,0.1,0.1,0.05,0.05,none,1.024730986390337,0.9890402014850811,0.9826819606156664,1.0188238064591553,0,0,0,0,0,0.0,0.7796916083452177,0.9675874438480062,1.0109887255268588
267,10,7,2026101898,0.9,1.5,0.5,0.1,0.1,0.05,0.05,none,0.9848319873145776,0.9914242317361708,1.0382147323500512,0.9718852520780427,0,0,0,0,0,0.0,0.8696040797887751,0.9684240582849755,1.0097507782125337
267,10,8,2026101899,0.9,1.5,0.5,0.1,0.1,0.05,0.05,none,0.9996200687281598,0.973005257583225,0.9879578390274273,0.9801766108337169,0,0,0,0,0,0.0,0.7709120984600828,0.9685509840444081,1.0106747987159117
267,10,9,2026101900,0.9,1.5,0.5,0.1,0.1,0.05,0.05,none,0.9819739747380498,1.0059640950387656,1.0908829361749401,0.94376007933816,0,0,0,0,0,0.0,0.989253560477622,0.9660933623390253,1.0090826028351276
267,10,10,2026101901,0.9,1.5,0.5,0.1,0.1,0.05,0.05,none,0.9863942215318009,1.021004921064796,1.040826497433517,0.9754973277615145,0,0,0,0,0,0.0,0.8707846575570385,0.9671410573271655,1.0098449761170598
267,10,11,2026101902,0.9,1.5,0.5,0.1,0.1,0.05,0.05,none,1.0016371898872252,0.9919256449866924,0.9627588065914698,1.0365637537988988,0,0,0,0,0,0.0,0.7553063788036604,0.9692153452443873,1.0122982105322413
267,10,12,2026101903,0.9,1.5,0.5,0.1,0.1,0.05,0.05,none,0.9945740631264168,1.008808177687219,0.9525444718598175,1.056581205465242,0,0,0,0,0,0.0,0.7374219716350449,0.9684252981539264,1.0128068616001498
267,10,13,2026101904,0.9,1.5,0.5,0.1,0.1,0.05,0.05,none,0.9993364314415821,0.9994422197911751,1.06125534561447,1.019102547541083,0,0,0,0,0,0.0,0.9168173191957193,0.9671541108317452,1.0114120644820446
267,10,14,2026101905,0.9,1.5,0.5,0.1,0.1,0.05,0.05,none,1.0152656100246986,0.9973027754586996,1.0063711642014912,1.0298496876385759,0,0,0,0,0,0.0,0.8188247191413207,0.967608837509748,1.0112356367278736
267,10,15,2026101906,0.9,1.5,0.5,0.1,0.1,0.05,0.05,none,1.0158729269197413,0.994992128176111,1.0205969756406903,1.055310673439071,0,0,0,0,0,0.0,0.8543142620898282,0.9669909660294922,1.0121981327367158
267,10,16,2026101907,0.9,1.5,0.5,0.1,0.1,0.05,0.05,none,0.985291306787489,0.9852897860563532,0.9758132449734866,0.9726429483659328,0,0,0,0,0,0.0,0.7413132392210289,0.969044822181073,1.0112562823324809
267,10,17,2026101908,0.9,1.5,0.5,0.1,0.1,0.05,0.05,none,1.0096004119021902,1.0196663352199296,1.0410886959964614,0.9423122194213484,0,0,0,0,0,0.0,0.8853032740404417,0.9668045965416072,1.0090533916467255
267,10,18,2026101909,0.9,1.5,0.5,0.1,0.1,0.05,0.05,none,0.971987579109816,0.9935482966323638,1.0157126337095461,1.0197853948556617,0,0,0,0,0,0.0,0.7932354042797941,0.9685190971238721,1.0107467534736891
267,10,19,2026101910,0.9,1.5,0.5,0.1,0.1,0.05,0.05,none,0.9918132654938461,0.9999481522034956,1.0203849787201733,0.7985293970767117,0,0,0,0,0,0.0,0.8535610366324222,0.9672716076512443,1.0079021404702542
267,11,0,2026102900,0.9,1.5,0.5,0.1,0.1,0.05,0.05,none,0.9723406275871785,1.0450588423297718,1.0945631689506388,1.1136273363976483,0,0,0,0,0,0.0,1.5441949349212962,0.9598487133856103,1.0218917704084287
267,11,1,2026102901,0.9,1.5,0.5,0.1,0.1,0.05,0.05,none,0.9797388783389198,1.0218284167719507,0.8817178330384886,0.9149204092858936,0,0,0,0,0,0.0,0.9243793896979138,0.9690571922081942,1.018011423379823
267,11,2,2026102902,0.9,1.5,0.5,0.1,0.1,0.05,0.05,none,1.020270357078585,0.9944551618246044,0.9438794907842989,0.9400793297157672,0,0,0,0,0,0.0,1.1353623737416758,0.9643185841708813,1.018156122791541
267,11,3,2026102903,0.9,1.5,0.5,0.1,0.1,0.05,0.05,none,0.9862976847072181,1.0057836056292666,0.929958826271238,1.019037634489688,0,0,0,0,0,0.0,1.0383213939984155,0.9673770160135456,1.0223394653538265
267,11,4,2026102904,0.9,1.5,0.5,0.1,0.1,0.05,0.05,none,0.9803238653882689,0.99720278440733,1.042767569931544,1.0933657515430908,0,0,0,0,0,0.0,1.3421777773103007,0.963759064682152,1.022457157135308
267,11,5,2026102905,0.9,1.5,0.5,0.1,0.1,0.05,0.05,none,1.0022340331824893,1.0085806218751088,1.002627520690484,1.0529964269482588,0,0,0,0,0,0.0,1.2558126366990636,0.964552413261637,1.0235895599229128
267,11,6,2026102906,0.9,1.5,0.5,0.1,0.1,0.05,0.05,none,0.9936071899195572,1.009539021513371,0.9414113531686712,0.9989470626256772,0,0,0,0,0,0.0,1.0946837872875759,0.9655222939024874,1.01900390452913
267,11,7,2026102907,0.9,1.5,0.5,0.1,0.1,0.05,0.05,none,0.994789512353993,1.0109143322299652,0.9989344059753,1.0082910581326585,0,0,0,0,0,0.0,1.2322689063966377,0.9633289746797851,1.0171929244395448
267,11,8,2026102908,0.9,1.5,0.5,0.1,0.1,0.05,0.05,none,1.0185636620896183,1.0096739638843468,0.9765052055433032,1.106650473638595,0,0,0,0,0,0.0,1.3093338141789022,0.9602183168850295,1.0241703196153515
267,11,9,2026102909,0.9,1.5,0.5,0.1,0.1,0.05,0.05,none,0.9915521219816983,0.9886927751816977,1.024510060142946,1.0401653587569604,0,0,0,0,0,0.0,1.3292937368802347,0.9624868343007832,1.0206091645004862
267,11,10,2026102910,0.9,1.5,0.5,0.1,0.1,0.05,0.05,none,0.9780517742187076,1.0298402133700564,0.9776001951911545,0.9431104985238062,0,0,0,0,0,0.0,1.2510515082357723,0.9615602891458873,1.0146688041707448
267,11,11,2026102911,0.9,1.5,0.5,0.1,0.1,0.05,0.05,none,1.006338031754298,0.9665716771310482,1.0078482062428993,1.0533275535748268,0,0,0,0,0,0.0,1.2774416415432583,0.9638264946960878,1.021501451424981
267,11,12,2026102912,0.9,1.5,0.5,0.1,0.1,0.05,0.05,none,0.9878633283747414,0.98533823827594,0.9383689542585469,0.9466848227168746,0,0,0,0,0,0.0,1.081087858869208,0.9661436324899507,1.0175383306709813
267,11,13,2026102913,0.9,1.5,0.5,0.1,0.1,0.05,0.05,none,1.0174866196094208,1.012027719250342,1.0160270052936253,1.0526850559308882,0,0,0,0,0,0.0,1.3277936071485643,0.9627630789167141,1.020589731915082
267,11,14,2026102914,0.9,1.5,0.5,0.1,0.1,0.05,0.05,none,0.9808751447092361,0.9962942675931548,1.0004431611368225,0.9726174097316423,0,0,0,0,0,0.0,1.2017539244212254,0.9646330134681429,1.0179888640815853
267,11,15,2026102915,0.9,1.5,0.5,0.1,0.1,0.05,0.05,none,0.9816610572877144,0.9444999510090474,0.9323916220074793,0.9425788169474714,0,0,0,0,0,0.0,1.0522019802738558,0.9665227509840175,1.017042903482348
267,11,16,2026102916,0.9,1.5,0.5,0.1,0.1,0.05,0.05,none,0.9715883710544438,1.0010941167807963,1.0233821282974929,1.0064257563876016,0,0,0,0,0,0.0,1.2887423993371137,0.9635988926041733,1.0187730283145486
267,11,17,2026102917,0.9,1.5,0.5,0.1,0.1,0.05,0.05,none,0.9999832420993026,0.9940368421056657,1.0378039371005723,1.054148633665338,0,0,0,0,0,0.0,1.445201278038727,0.9593836925634344,1.0190140091772004
267,11,18,2026102918,0.9,1.5,0.5,0.1,0.1,0.05,0.05,none,0.9821150601466505,0.9814636355691648,1.064650605929996,1.057309810889382,0,0,0,0,0,0.0,1.4484796491042033,0.9605642402481974,1.0196978975435254
267,11,19,2026102919,0.9,1.5,0.5,0.1,0.1,0.05,0.05,none,1.0259982239670111,1.0014972811244505,1.1055671252489887,0.9329684254057402,0,0,0,0,0,0.0,1.6313754813691215,0.9591409596907531,1.013939261471417
267,12,0,2026103909,0.9,1.5,0.5,0.1,0.1,0.05,0.05,none,1.0030182005865824,0.974232783714522,1.0880655662768521,1.0015660592854263,0,0,0,0,0,0.0,1.8381437875309896,0.9584617878157549,1.007126641897224
267,12,1,2026103910,0.9,1.5,0.5,0.1,0.1,0.05,0.05,none,1.018802092225518,0.9897583228979633,1.0095019345442489,0.9558433209637962,0,0,0,0,0,0.0,1.6037153692302275,0.9593959825964066,1.007606049310749
267,12,2,2026103911,0.9,1.5,0.5,0.1,0.1,0.05,0.05,none,0.996724880066401,1.0131160872360778,1.013477391218593,1.0014841657117957,0,0,0,0,0,0.0,1.6110081436321113,0.9598880533082749,1.007862028675537
267,12,3,2026103912,0.9,1.5,0.5,0.1,0.1,0.05,0.05,none,1.0039380541264835,0.9834128903308318,0.9968278386060584,1.0316027987132221,0,0,0,0,0,0.0,1.5709844251572078,0.9587396211431347,1.0086550111761434
267,12,4,2026103913,0.9,1.5,0.5,0.1,0.1,0.05,0.05,none,1.0113100402638915,0.9969063540891846,1.0287901737025174,1.0314705999937415,0,0,0,0,0,0.0,1.5873097915147378,0.9613249958278155,1.0090619884298937
267,12,5,2026103914,0.9,1.5,0.5,0.1,0.1,0.05,0.05,none,0.9830048707601751,0.9796036267475875,0.9490188768772855,0.9819361859251319,0,0,0,0,0,0.0,1.3983414797739093,0.9603366203877871,1.008100056148903
267,12,6,2026103915,0.9,1.5,0.5,0.1,0.1,0.05,0.05,none,0.9926609234985735,0.9972609348248035,0.9186670614924657,1.0571291912794099,0,0,0,0,0,0.0,1.1981313442101502,0.9632864740165435,1.0094803958544376
267,12,7,2026103916,0.9,1.5,0.5,0.1,0.1,0.05,0.05,none,1.0022964654590372,1.0455715890120463,0.9834029421126171,1.0492485088017882,0,0,0,0,0,0.0,1.5084313331236254,0.9602386628886307,1.008420436891712
267,12,8,2026103917,0.9,1.5,0.5,0.1,0.1,0.05,0.05,none,1.01767045597636,0.9954957845145976,1.046282398594175,0.9230666569148767,0,0,0,0,0,0.0,1.7305948675868887,0.9596011745864023,1.006663474598136
267,12,9,2026103918,0.9,1.5,0.5,0.1,0.1,0.05,0.05,none,1.0099078614639603,1.023174040829347,0.9633379871617477,0.9288293985784075,0,0,0,0,0,0.0,1.3682758760707718,0.9622263157574406,1.0072118976457642
267,12,10,2026103919,0.9,1.5,0.5,0.1,0.1,0.05,0.05,none,1.0170824020335059,0.9926262767444938,1.0256625196306088,0.9627848042839134,0,0,0,0,0,0.0,1.7113536504961413,0.9578839698186791,1.00688623106705
267,12,11,2026103920,0.9,1.5,0.5,0.1,0.1,0.05,0.05,none,1.0230426316143832,1.0053121338957518,0.9518255949495781,0.9186276914715004,0,0,0,0,0,0.0,1.4095044623038346,0.9612234545668846,1.0072309075357357
267,12,12,2026103921,0.9,1.5,0.5,0.1,0.1,0.05,0.05,none,0.9911446239229539,0.9873783256954841,0.9429045130751633,0.9375649010344529,0,0,0,0,0,0.0,1.333880207340491,0.9621788318957367,1.0078694126723187
267,12,13,2026103922,0.9,1.5,0.5,0.1,0.1,0.05,0.05,none,0.9648167742683474,1.02196147198197,0.9722265094465382,1.0540689567849468,0,0,0,0,0,0.0,1.343901761994515,0.9632411488937834,1.008827553570267
267,12,14,2026103923,0.9,1.5,0.5,0.1,0.1,0.05,0.05,none,0.9946410886576886,1.0237977301133574,0.9513569779004889,0.9967185698579019,0,0,0,0,0,0.0,1.3334752021012488,0.962106694068928,1.0086718877563325
267,12,15,2026103924,0.9,1.5,0.5,0.1,0.1,0.05,0.05,none,1.0009920584732608,0.9974827330933757,1.069099256486202,1.0848350410699026,0,0,0,0,0,0.0,1.9388907098816353,0.9542112354309235,1.0080920289936295
267,12,16,2026103925,0.9,1.5,0.5,0.1,0.1,0.05,0.05,none,1.0098483215473757,1.020630354226728,0.9147680753572861,0.9796744201189871,0,0,0,0,0,0.0,1.3188562286969576,0.960054236487595,1.0088537131567703
267,12,17,2026103926,0.9,1.5,0.5,0.1,0.1,0.05,0.05,none,0.9788198405517103,0.9703704330215952,0.9910124474098393,1.0122926088584538,0,0,0,0,0,0.0,1.463773195142465,0.9610743525527238,1.0086316587990134
267,12,18,2026103927,0.9,1.5,0.5,0.1,0.1,0.05,0.05,none,1.0068850138767886,0.9864557494095483,0.9514122321741134,0.9859549352966931,0,0,0,0,0,0.0,1.4489280338098856,0.9583780482330844,1.0075527586733612
267,12,19,2026103928,0.9,1.5,0.5,0.1,0.1,0.05,0.05,none,0.9967976151574259,0.9816074263538879,0.9174604724533908,1.0111093796936692,0,0,0,0,0,0.0,1.1938807640909526,0.9639878419368177,1.0083730706935143
267,13,0,2026104918,0.9,1.5,0.5,0.1,0.1,0.05,0.05,none,1.0185122610007233,1.0049532641902836,0.9610913418448789,0.8746489668718255,0,0,0,0,0,0.0,1.7538527192432274,0.9569449929318952,1.003496214750014
267,13,1,2026104919,0.9,1.5,0.5,0.1,0.1,0.05,0.05,none,0.9972035619229921,1.023763614322988,1.0492376465359516,0.9484409612032981,0,0,0,0,0,0.0,2.068726571844508,0.9580218135632975,1.0036074964992174
267,13,2,2026104920,0.9,1.5,0.5,0.1,0.1,0.05,0.05,none,0.9742600542949489,0.9906221075526926,0.9432213280182647,0.9720094830914225,0,0,0,0,0,0.0,1.5738178662502929,0.9593311246446994,1.0047847410805868
267,13,3,2026104921,0.9,1.5,0.5,0.1,0.1,0.05,0.05,none,0.9867664610645551,0.9989864366276503,1.01705014543356,1.0275313276839773,0,0,0,0,0,0.0,1.930321897877582,0.9570419198704071,1.0043255921800691
267,13,4,2026104922,0.9,1.5,0.5,0.1,0.1,0.05,0.05,none,1.0318938642742406,0.9828257888214833,1.0131019641006462,1.0452120397434068,0,0,0,0,0,0.0,2.0304536666160073,0.9539682254588274,1.0049098071610367
267,13,5,2026104923,0.9,1.5,0.5,0.1,0.1,0.05,0.05,none,0.9656230179353247,1.0033318991084965,0.893207180795192,0.8898508874773126,0,0,0,0,0,0.0,1.3619607979956154,0.9621160120815706,1.004345654797277
267,13,6,2026104924,0.9,1.5,0.5,0.1,0.1,0.05,0.05,none,1.0015143457200333,1.013968553769517,0.9529760629064332,0.9901276065164921,0,0,0,0,0,0.0,1.6397427078973421,0.9596031136492857,1.0047341694370522
267,13,7,2026104925,0.9,1.5,0.5,0.1,0.1,0.05,0.05,none,0.9959552305356002,0.9775316283745746,0.961224654027558,0.9748876669051489,0,0,0,0,0,0.0,1.6711629848167662,0.9581369262852104,1.0049085352695626
267,13,8,2026104926,0.9,1.5,0.5,0.1,0.1,0.05,0.05,none,1.007909383839568,1.003355040047696,0.9608342489624462,1.0411950244888648,0,0,0,0,0,0.0,1.6224310903155563,0.9595977381152576,1.0052213113658046
267,13,9,2026104927,0.9,1.5,0.5,0.1,0.1,0.05,0.05,none,0.9974271188902611,0.9948597187700069,0.9477965241251847,1.0352424729638419,0,0,0,0,0,0.0,1.6035225631633732,0.9589508823587212,1.0050644866498968
267,13,10,2026104928,0.9,1.5,0.5,0.1,0.1,0.05,0.05,none,1.006384248410452,0.9817973861729483,1.0201608401272768,0.9737384538426588,0,0,0,0,0,0.0,1.8539213869788163,0.9581495888315593,1.0039801543482434
267,13,11,2026104929,0.9,1.5,0.5,0.1,0.1,0.05,0.05,none,0.9756085860263023,0.9987927669958444,1.0237800134036603,0.9787751883966063,0,0,0,0,0,0.0,1.9173629223059085,0.9574596809757999,1.0038747612203804
267,13,12,2026104930,0.9,1.5,0.5,0.1,0.1,0.05,0.05,none,1.0109969282945634,0.9976537558351058,1.0575822540942994,0.9969758184504338,0,0,0,0,0,0.0,2.070465343188786,0.957617225637011,1.0042138410997212
267,13,13,2026104931,0.9,1.5,0.5,0.1,0.1,0.05,0.05,none,1.037876881750679,0.9792557666275841,0.9814624702545691,0.9344841691486295,0,0,0,0,0,0.0,1.725215402652542,0.9600437725374784,1.0040260818048647
267,13,14,2026104932,0.9,1.5,0.5,0.1,0.1,0.05,0.05,none,0.9717580235861429,0.9919409021382155,0.9168681329764323,1.0532598710149776,0,0,0,0,0,0.0,1.3578085837360434,0.9623531134720783,1.005772623710636
267,13,15,2026104933,0.9,1.5,0.5,0.1,0.1,0.05,0.05,none,0.9799553721808326,0.9997646709217426,1.0430383556682674,1.0865173631714742,0,0,0,0,0,0.0,1.9275893630483427,0.9575096513664052,1.0052828371431473
267,13,16,2026104934,0.9,1.5,0.5,0.1,0.1,0.05,0.05,none,0.976664305326091,1.014570503643339,0.951691492536668,0.9892737477999505,0,0,0,0,0,0.0,1.5154038495370843,0.9625981917186276,1.0047890561241155
267,13,17,2026104935,0.9,1.5,0.5,0.1,0.1,0.05,0.05,none,0.9857830316804107,0.9884663476305041,0.9538939483303995,0.9512196622728983,0,0,0,0,0,0.0,1.5898395282990407,0.9606873788621102,1.004427236987998
267,13,18,2026104936,0.9,1.5,0.5,0.1,0.1,0.05,0.05,none,0.9875243258753138,1.0173675172024992,0.9485281204670406,1.0286245782065089,0,0,0,0,0,0.0,1.4539191078911786,0.9631433751369383,1.005019571669999
267,13,19,2026104937,0.9,1.5,0.5,0.1,0.1,0.05,0.05,none,0.9824258698538146,1.0076072779504177,1.094711016210393,0.9683709369705198,0,0,0,0,0,0.0,2.188704018204338,0.9584358965829983,1.003437171455348
267,14,0,2026105927,0.9,1.5,0.5,0.1,0.1,0.05,0.05,none,0.9942628852047006,1.0112696503914567,1.0319940759437012,1.0542197697368176,0,0,0,0,0,0.0,1.8406529084686507,0.957223925803839,1.0074573064689012
267,14,1,2026105928,0.9,1.5,0.5,0.1,0.1,0.05,0.05,none,1.0083363741096227,0.9671192588118477,1.0613576443366715,1.0340979682898395,0,0,0,0,0,0.0,1.9639759773065657,0.9572303028112232,1.0082585175737493
267,14,2,2026105929,0.9,1.5,0.5,0.1,0.1,0.05,0.05,none,0.9837792351899,0.9853167624276943,0.9541497624247535,0.9801048117965155,0,0,0,0,0,0.0,1.5575650644636496,0.9580951548667637,1.0070116050506215
267,14,3,2026105930,0.9,1.5,0.5,0.1,0.1,0.05,0.05,none,0.9781352162417876,0.9956833227302436,1.020368441673904,1.0248304558307537,0,0,0,0,0,0.0,1.7691525849044558,0.9592941092823071,1.0077160155131835
267,14,4,2026105931,0.9,1.5,0.5,0.1,0.1,0.05,0.05,none,0.9956741200724729,0.9992408441093033,1.1292044959590508,0.9684408009853517,0,0,0,0,0,0.0,2.425741534650364,0.9536725212114371,1.0060836209124107
267,14,5,2026105932,0.9,1.5,0.5,0.1,0.1,0.05,0.05,none,0.9839395294452823,1.012667760032084,1.1089263867983368,1.0065451880435483,0,0,0,0,0,0.0,2.3048266851959265,0.9543709840189064,1.0065578151453414
267,14,6,2026105933,0.9,1.5,0.5,0.1,0.1,0.05,0.05,none,0.983917761420231,1.0132043911089272,0.9168589044895388,0.9590864535000811,0,0,0,0,0,0.0,1.4268443443271226,0.9594445082297806,1.008606521775471
267,14,7,2026105934,0.9,1.5,0.5,0.1,0.1,0.05,0.05,none,1.01131608513053,0.9957255493704633,0.9309403089643632,0.9801758367457838,0,0,0,0,0,0.0,1.4264717789286139,0.9601008530689171,1.0076097148733232
267,14,8,2026105935,0.9,1.5,0.5,0.1,0.1,0.05,0.05,none,0.9680855934891704,0.9971557698663307,1.0039310959729761,0.9435937867318286,0,0,0,0,0,0.0,1.626678314765891,0.9611086971240845,1.0068020213795175
267,14,9,2026105936,0.9,1.5,0.5,0.1,0.1,0.05,0.05,none,1.015198472393671,1.004319063658836,1.048538423082223,1.0545163395318335,0,0,0,0,0,0.0,1.9811267725435235,0.9554221826677752,1.0081060545703329
267,14,10,2026105937,0.9,1.5,0.5,0.1,0.1,0.05,0.05,none,0.9896724344862375,1.0109127180414457,1.0430284904371514,1.0274762914047744,0,0,0,0,0,0.0,1.9051304611257571,0.9572544366527888,1.007791257142778
267,14,11,2026105938,0.9,1.5,0.5,0.1,0.1,0.05,0.05,none,1.010440555383238,1.0062775851419266,0.9510325739368523,1.0055111481134336,0,0,0,0,0,0.0,1.5211766470873613,0.9594186321518168,1.0087060804208916
267,14,12,2026105939,0.9,1.5,0.5,0.1,0.1,0.05,0.05,none,0.9683507317855986,0.9802264924176366,1.0148348801081846,1.0239361792744957,0,0,0,0,0,0.0,1.8087752609986907,0.957174174674047,1.0072585242365681
267,14,13,2026105940,0.9,1.5,0.5,0.1,0.1,0.05,0.05,none,1.007233434652246,0.9821887599325457,1.057646515583233,1.075100035748545,0,0,0,0,0,0.0,1.9399830337969495,0.9569247554928099,1.0081663286446378
267,14,14,2026105941,0.9,1.5,0.5,0.1,0.1,0.05,0.05,none,1.002874039261794,0.9758711552747568,1.0799224848630538,1.0392106541735266,0,0,0,0,0,0.0,2.10979580155811,0.9560613040215642,1.0073625719953443
267,14,15,2026105942,0.9,1.5,0.5,0.1,0.1,0.05,0.05,none,1.0015456712306743,0.9620104868205038,0.9976979990442151,1.0475810673677521,0,0,0,0,0,0.0,1.6745817234015323,0.9581644188156232,1.0081814503559943
267,14,16,2026105943,0.9,1.5,0.5,0.1,0.1,0.05,0.05,none,0.9851623980744009,0.9920337514068119,1.0316835731838387,0.9444787928134204,0,0,0,0,0,0.0,1.8207865913029233,0.9583696212558155,1.0066692259786802
267,14,17,2026105944,0.9,1.5,0.5,0.1,0.1,0.05,0.05,none,0.9749395212337796,1.0195325356692013,0.9419202041750341,1.0853666764600878,0,0,0,0,0,0.0,1.4077927674025457,0.9606803123434505,1.008958859229742
267,14,18,2026105945,0.9,1.5,0.5,0.1,0.1,0.05,0.05,none,0.9978350197597703,0.9794885247864534,1.036285170453479,1.0626668170478264,0,0,0,0,0,0.0,1.892282839729167,0.9557003562670667,1.0080343386052917
267,14,19,2026105946,0.9,1.5,0.5,0.1,0.1,0.05,0.05,none,0.988426646290645,1.008657923925218,0.9973854577325095,1.0372447304122048,0,0,0,0,0,0.0,1.6429490375699283,0.9605659156011577,1.0081359457318082
267,15,0,2026106936,0.9,1.5,0.5,0.1,0.1,0.05,0.05,none,1.0017349448469524,1.0094833322845131,1.0066066505778564,0.9342225229872908,0,0,0,0,0,0.0,2.1373867118783556,0.9560272596239596,1.0004606338757123
267,15,1,2026106937,0.9,1.5,0.5,0.1,0.1,0.05,0.05,none,0.9806867379683485,0.9943906074338363,0.9559181865912342,0.9907501011926076,0,0,0,0,0,0.0,1.8157667256486347,0.9586454733413013,1.0007119127858501
267,15,2,2026106938,0.9,1.5,0.5,0.1,0.1,0.05,0.05,none,1.0009974346273025,0.995653119272953,0.9917746155308941,0.9882923758852525,0,0,0,0,0,0.0,2.070296094662076,0.9582957015261198,1.000614613767711
267,15,3,2026106939,0.9,1.5,0.5,0.1,0.1,0.05,0.05,none,1.0010388334111766,1.0086091336235636,1.109152567262843,0.9884431403300936,0,0,0,0,0,0.0,2.5906644805012045,0.9564496877423868,1.0
267,15,4,2026106940,0.9,1.5,0.5,0.1,0.1,0.05,0.05,none,1.0024077199549801,1.0082185364284129,1.041128176746744,1.0257017092176501,0,0,0,0,0,0.0,2.2710716897352063,0.9569045970946713,1.0
267,15,5,2026106941,0.9,1.5,0.5,0.1,0.1,0.05,0.05,none,0.9753681447280335,1.006627935661401,0.9668941044537169,1.0853233574849086,0,0,0,0,0,0.0,1.9503925103644744,0.9565928177191672,1.0012123030992595
267,15,6,2026106942,0.9,1.5,0.5,0.1,0.1,0.05,0.05,none,0.988285923896838,0.9976344133036624,1.0606620223899275,0.975609917701155,0,0,0,0,0,0.0,2.3532504859270844,0.9560894103837547,1.000023187841245
267,15,7,2026106943,0.9,1.5,0.5,0.1,0.1,0.05,0.05,none,0.9993137405557643,0.9915467951442715,1.1208148893844796,1.1124802742302633,0,0,0,0,0,0.0,2.866455393220184,0.950847969270837,1.0002489997002189
267,15,8,2026106944,0.9,1.5,0.5,0.1,0.1,0.05,0.05,none,1.008220175184056,0.9969515854419828,1.0741023640801388,0.9450359451867465,0,0,0,0,0,0.0,2.562170812615294,0.9546768105079257,1.0
267,15,9,2026106945,0.9,1.5,0.5,0.1,0.1,0.05,0.05,none,0.9725211288943109,1.0146242887775243,0.9459610688971742,1.0370124430212135,0,0,0,0,0,0.0,1.7026014014077706,0.9599569412237919,1.001173244186965
267,15,10,2026106946,0.9,1.5,0.5,0.1,0.1,0.05,0.05,none,0.9879362265247569,1.0301899304941167,1.0030397012790215,0.9804307109335393,0,0,0,0,0,0.0,2.0340138096447373,0.959205153934792,1.0006766157280693
267,15,11,2026106947,0.9,1.5,0.5,0.1,0.1,0.05,0.05,none,0.9541356408167668,1.016871116014095,1.1160024021429171,0.886792040600909,0,0,0,0,0,0.0,2.7515928808148744,0.9541294777762614,1.0
267,15,12,2026106948,0.9,1.5,0.5,0.1,0.1,0.05,0.05,none,1.0035349064183794,0.9877366780243673,1.079061988033297,0.9307261924158199,0,0,0,0,0,0.0,2.562466485010446,0.9549934189861312,1.0
267,15,13,2026106949,0.9,1.5,0.5,0.1,0.1,0.05,0.05,none,0.9861413984319101,1.006933844488292,1.0086290706406273,1.0782126587451153,0,0,0,0,0,0.0,1.975541283512266,0.959726560752065,1.0010561529403368
267,15,14,2026106950,0.9,1.5,0.5,0.1,0.1,0.05,0.05,none,1.0100731704037713,0.9981594871133963,0.95182371959613,1.110288706018511,0,0,0,0,0,0.0,1.7952478241338392,0.959013518716948,1.0019958614300855
267,15,15,2026106951,0.9,1.5,0.5,0.1,0.1,0.05,0.05,none,1.0087186105163841,0.9916509946576186,0.9961476891331793,1.0584521600709251,0,0,0,0,0,0.0,2.074549552630734,0.9575941256128329,1.0009361741629392
267,15,16,2026106952,0.9,1.5,0.5,0.1,0.1,0.05,0.05,none,0.9954786949066555,1.008756664463252,1.0194632422170433,0.9507517973082688,0,0,0,0,0,0.0,2.1087042376454184,0.9587405873370026,1.0
267,15,17,2026106953,0.9,1.5,0.5,0.1,0.1,0.05,0.05,none,0.9891784084342716,0.988044679882545,1.0765688277649716,0.8819943408099405,0,0,0,0,0,0.0,2.474715377530619,0.9579929381599137,1.0
267,15,18,2026106954,0.9,1.5,0.5,0.1,0.1,0.05,0.05,none,1.0165463815056421,1.0228169072327746,0.9350742650611034,0.9912710820668901,0,0,0,0,0,0.0,1.6857349902663792,0.9599099600248829,1.0012707298950623
267,15,19,2026106955,0.9,1.5,0.5,0.1,0.1,0.05,0.05,none,1.0456063263831588,0.9798741756941259,0.9705631001444321,1.0443038308124695,0,0,0,0,0,0.0,1.9782797929920066,0.956020119305366,1.0014665047002622
267,16,0,2026107945,0.9,1.5,0.5,0.1,0.1,0.05,0.05,none,1.0001097949641113,0.9989245324883463,0.9891518811894942,1.0328326532481056,0,0,0,0,0,0.0,1.4527609165690571,0.9610503585201019,1.0
267,16,1,2026107946,0.9,1.5,0.5,0.1,0.1,0.05,0.05,none,0.9737065345522761,1.028159523488684,0.9613847893189187,1.0426477664833367,0,0,0,0,0,0.0,1.3064535372711872,0.9633596737886517,1.0
267,16,2,2026107947,0.9,1.5,0.5,0.1,0.1,0.05,0.05,none,0.9851595966243923,0.9995002083870214,0.9736442796115056,1.059318544092526,0,0,0,0,0,0.0,1.3529010172232832,0.9624637496281662,1.0
267,16,3,2026107948,0.9,1.5,0.5,0.1,0.1,0.05,0.05,none,0.9970799138785656,0.9959699284280998,1.0308267395597515,1.0042896039943825,0,0,0,0,0,0.0,1.5764232612095,0.9617723072198674,1.0
267,16,4,2026107949,0.9,1.5,0.5,0.1,0.1,0.05,0.05,none,1.0195727990431684,0.9905822408883914,0.9593500944524918,1.1341850425331348,0,0,0,0,0,0.0,1.352506849879929,0.9613595699371693,1.0
267,16,5,2026107950,0.9,1.5,0.5,0.1,0.1,0.05,0.05,none,0.9676694704495805,0.9973382617219465,0.960190072848913,1.0624145384871146,0,0,0,0,0,0.0,1.2533847348352896,0.9639641949308368,1.0
267,16,6,2026107951,0.9,1.5,0.5,0.1,0.1,0.05,0.05,none,0.9877068755620891,1.0161968913796042,1.00490963536262,1.07573875410162,0,0,0,0,0,0.0,1.486873968473716,0.960856063758332,1.0
267,16,7,2026107952,0.9,1.5,0.5,0.1,0.1,0.05,0.05,none,0.982252396071298,1.0211754160907354,0.9600650332178711,1.055979505008233,0,0,0,0,0,0.0,1.3859261669961038,0.9608154267057576,1.0
267,16,8,2026107953,0.9,1.5,0.5,0.1,0.1,0.05,0.05,none,0.9793090135890857,0.9844016491102419,0.9581081575977098,1.0925581445003305,0,0,0,0,0,0.0,1.1962150847793867,0.9665433911315238,1.0
267,16,9,2026107954,0.9,1.5,0.5,0.1,0.1,0.05,0.05,none,1.0103419371489089,1.0182364647688131,1.0367111079829012,1.01410266004451,0,0,0,0,0,0.0,1.6754923555469432,0.9593375328506687,1.0
267,16,10,2026107955,0.9,1.5,0.5,0.1,0.1,0.05,0.05,none,0.9834151317149088,1.0186112947569725,1.037763684218478,0.9867715327183995,0,0,0,0,0,0.0,1.4965986859465448,0.9627011966519117,1.0
267,16,11,2026107956,0.9,1.5,0.5,0.1,0.1,0.05,0.05,none,1.0010832942361696,1.010843486253632,0.935449738142102,0.9572117390593442,0,0,0,0,0,0.0,1.2145840585902683,0.9649519208643502,1.0
267,16,12,2026107957,0.9,1.5,0.5,0.1,0.1,0.05,0.05,none,1.0126156663734394,0.9982031472769127,1.01171211729191,1.0031630896048274,0,0,0,0,0,0.0,1.5236051858981798,0.9616212737348522,1.0
267,16,13,2026107958,0.9,1.5,0.5,0.1,0.1,0.05,0.05,none,1.0105888127455507,1.0280882251609007,1.0040964040451719,1.0541580514394688,0,0,0,0,0,0.0,1.6147406669596798,0.9590593095062495,1.0
267,16,14,2026107959,0.9,1.5,0.5,0.1,0.1,0.05,0.05,none,0.982570964399204,1.0209222016425656,1.0189854712893465,1.0130712680275422,0,0,0,0,0,0.0,1.4509227448420565,0.9634011692126115,1.0
267,16,15,2026107960,0.9,1.5,0.5,0.1,0.1,0.05,0.05,none,0.986387448051897,1.0047579953337795,1.0775328563457067,0.9984470006541645,0,0,0,0,0,0.0,1.7471899156974695,0.9605752377260881,1.0
267,16,16,2026107961,0.9,1.5,0.5,0.1,0.1,0.05,0.05,none,1.01323054462829,0.9851951657097662,0.9549078731247371,0.9282636354719338,0,0,0,0,0,0.0,1.4394212336324717,0.9607503953960308,1.0
267,16,17,2026107962,0.9,1.5,0.5,0.1,0.1,0.05,0.05,none,0.9852610204870434,1.002591735607505,0.996095627198953,0.937805684621065,0,0,0,0,0,0.0,1.4137860157147952,0.9623564553685976,1.0
267,16,18,2026107963,0.9,1.5,0.5,0.1,0.1,0.05,0.05,none,0.9937487929666642,0.967664412052291,0.9886096193497519,0.963511893287166,0,0,0,0,0,0.0,1.4471156946520598,0.9621002247530098,1.0
267,16,19,2026107964,0.9,1.5,0.5,0.1,0.1,0.05,0.05,none,1.0347232221258231,0.9876357602202801,1.0168158062983432,0.9747120470917078,0,0,0,0,0,0.0,1.5095638279240473,0.9620848562461396,1.0
