candidate_id,scenario_index,day_index,t0,pv_s_scale,svc_q_scale,cap_total_mvar,risk,under_risk,over_risk,under_steps,over_steps,pf_fail,daily_loss_mwh,vmin,vmax,raw_vmin,raw_vmax,intervention_steps,intervention_rate,projection_failures,mean_correction_norm,max_correction_norm,power_flow_previews,projection_iterations,steps_within_0_001_of_reporting_limit,steps_within_0_001_of_projection_guard,actor_total_seconds,actor_mean_ms,projection_total_seconds,projection_mean_ms,preview_total_seconds,optimiser_total_seconds,execution_total_seconds,execution_mean_ms,balance_audit_total_seconds,online_path_total_seconds,completed_steps,max_p_balance_residual_mw,max_q_balance_residual_mvar
105,0,2,192,0.45,0.5625,0.0,0,0,0,0,0,0,3.332130798012691,0.9611409758209175,1.002469643855581,0.9611409758209175,1.002469643855581,0,0.0,0,0.0,0.0,0,0,0,0,0.020053500033100136,0.20889062534479308,0.0,0.0,0.0,0.0,1.1134642000251915,11.598585416929078,0.07080769998719916,1.1335177000582917,96,9.928786817020585e-08,8.997603065385995e-08
105,1,3,288,0.45,0.5625,0.0,0,0,0,0,0,0,3.4341967289740944,0.9610157606822693,1.004694366766474,0.9610157606822693,1.004694366766474,0,0.0,0,0.0,0.0,0,0,0,0,0.018152800017560367,0.18909166684958714,0.0,0.0,0.0,0.0,1.0017618999481783,10.435019791126857,0.06363590004912112,1.0199146999657387,96,9.156113217438644e-08,8.82001112423314e-08
105,2,4,384,0.45,0.5625,0.0,0,0,0,0,0,0,3.1655851496284555,0.9613114443863208,1.0044293787650815,0.9613114443863208,1.0044293787650815,0,0.0,0,0.0,0.0,0,0,0,0,0.020488400041358545,0.21342083376415152,0.0,0.0,0.0,0.0,1.2089717999842833,12.593456249836285,0.07808360000490211,1.2294602000256418,96,9.655920514550775e-08,9.616954274593859e-08
105,3,5,480,0.45,0.5625,0.0,0,0,0,0,0,0,2.57334400104631,0.9617621000964887,1.0034585366377202,0.9617621000964887,1.0034585366377202,0,0.0,0,0.0,0.0,0,0,0,0,0.018170799972722307,0.18927916638252404,0.0,0.0,0.0,0.0,1.0202809999827878,10.62792708315404,0.06488770001305966,1.03845179995551,96,9.851365735322193e-08,9.563608072138408e-08
105,4,6,576,0.45,0.5625,0.0,0,0,0,0,0,0,2.292708399881523,0.9620648478321416,1.0,0.9620648478321416,1.0,0,0.0,0,0.0,0.0,0,0,0,0,0.021158200011996087,0.2203979167916259,0.0,0.0,0.0,0.0,1.2934326000104193,13.473256250108534,0.08488260001468007,1.3145908000224154,96,5.99459211263198e-08,9.429310901531984e-08
105,5,7,672,0.45,0.5625,0.0,0,0,0,0,0,0,1.7745785255996966,0.9626014435278908,1.0,0.9626014435278908,1.0,0,0.0,0,0.0,0.0,0,0,0,0,0.020209500020428095,0.21051562521279266,0.0,0.0,0.0,0.0,1.1798790999964694,12.29040729162989,0.0791010000029928,1.2000886000168975,96,4.307905257343314e-08,8.966987180558661e-08
105,6,8,768,0.45,0.5625,0.0,0,0,0,0,0,0,3.6237506843210174,0.9606252025262523,1.003088532153557,0.9606252025262523,1.003088532153557,0,0.0,0,0.0,0.0,0,0,0,0,0.01875220004149014,0.19533541709885563,0.0,0.0,0.0,0.0,1.0778181999412482,11.227272916054668,0.06791740002518054,1.0965703999827383,96,9.175380358272811e-08,9.101172163128446e-08
105,7,10,960,0.45,0.5625,0.0,0,0,0,0,0,0,4.059900248576089,0.9603757489353886,1.0043282225727588,0.9603757489353886,1.0043282225727588,0,0.0,0,0.0,0.0,0,0,0,0,0.019297700040624477,0.20101770875650496,0.0,0.0,0.0,0.0,1.1367929999541957,11.841593749522872,0.07340040000417503,1.1560906999948202,96,9.022257666663203e-08,8.867789516586733e-08
105,8,11,1056,0.45,0.5625,0.0,0,0,0,0,0,0,3.674495117042358,0.9604093968839568,1.0066498826336605,0.9604093968839568,1.0066498826336605,0,0.0,0,0.0,0.0,0,0,0,0,0.019758000002184417,0.20581250002275434,0.0,0.0,0.0,0.0,1.158947799980524,12.072372916463792,0.07362160000775475,1.1787057999827084,96,9.158405499254396e-08,8.031132675556663e-08
105,9,12,1152,0.45,0.5625,0.0,0,0,0,0,0,0,3.7198077966085683,0.9603802542660421,1.0054416890189024,0.9603802542660421,1.0054416890189024,0,0.0,0,0.0,0.0,0,0,0,0,0.022400000001653098,0.2333333333505531,0.0,0.0,0.0,0.0,1.299448800033133,13.535925000345136,0.08158959999127546,1.321848800034786,96,9.655788391939313e-08,8.604786494448291e-08
105,10,13,1248,0.45,0.5625,0.0,0,0,0,0,0,0,2.1781546062092954,0.9621980970290891,1.0,0.9621980970290891,1.0,0,0.0,0,0.0,0.0,0,0,0,0,0.022355200002493802,0.23286666669264378,0.0,0.0,0.0,0.0,1.4570646000865963,15.177756250902044,0.09400169995205943,1.4794198000890901,96,4.53702306713738e-08,9.855925908741625e-08
105,11,14,1344,0.45,0.5625,0.0,0,0,0,0,0,0,1.7814221340121164,0.9622121653666812,1.0,0.9622121653666812,1.0,0,0.0,0,0.0,0.0,0,0,0,0,0.021184500023082364,0.2206718752404413,0.0,0.0,0.0,0.0,1.1864736000061384,12.359100000063941,0.07576379996316973,1.2076581000292208,96,4.574576420793286e-08,9.653803936804373e-08
105,12,16,1536,0.45,0.5625,0.0,0,0,0,0,0,0,3.7744773755374412,0.9604592916295084,1.0074661824531947,0.9604592916295084,1.0074661824531947,0,0.0,0,0.0,0.0,0,0,0,0,0.021246399999654386,0.2213166666630665,0.0,0.0,0.0,0.0,1.2833519000560045,13.368248958916714,0.08228309994592564,1.304598300055659,96,9.911763522787997e-08,7.263247545075124e-08
105,13,17,1632,0.45,0.5625,0.0,0,0,0,0,0,0,3.7999451702567155,0.9603177369227758,1.0074427769711432,0.9603177369227758,1.0074427769711432,0,0.0,0,0.0,0.0,0,0,0,0,0.018073699975502677,0.18826770807815288,0.0,0.0,0.0,0.0,0.9919458000149461,10.332768750155688,0.061520499977632426,1.0100194999904488,96,9.928132732595074e-08,7.661364265221238e-08
105,14,18,1728,0.45,0.5625,0.0,0,0,0,0,0,0,3.6373621726055214,0.9602487762115832,1.0108496133552525,0.9602487762115832,1.0108496133552525,0,0.0,0,0.0,0.0,0,0,0,0,0.020578800023940857,0.21436250024938394,0.0,0.0,0.0,0.0,1.160994599937112,12.093693749344917,0.07372890004626242,1.181573399961053,96,9.859068390676018e-08,8.9854754331542e-08
105,15,19,1824,0.45,0.5625,0.0,0,0,0,0,0,0,3.3789867424477684,0.9605569007190948,1.0104181263114296,0.9605569007190948,1.0104181263114296,0,0.0,0,0.0,0.0,0,0,0,0,0.020266199913749006,0.21110624910155215,0.0,0.0,0.0,0.0,1.2209583999865572,12.718316666526638,0.0785590000305092,1.2412245999003062,96,8.835199873796773e-08,8.295538297953264e-08
105,16,20,1920,0.45,0.5625,0.0,0,0,0,0,0,0,2.0172766464986474,0.9616148652089722,1.0033597026803138,0.9616148652089722,1.0033597026803138,0,0.0,0,0.0,0.0,0,0,0,0,0.022049100065487437,0.2296781256821608,0.0,0.0,0.0,0.0,1.2291859000179102,12.80401979185323,0.08143789999303408,1.2512350000833976,96,4.8266014960815506e-08,9.684101659468425e-08
105,17,21,2016,0.45,0.5625,0.0,0,0,0,0,0,0,1.7133039871097668,0.9619644981473685,1.0041155898721574,0.9619644981473685,1.0041155898721574,0,0.0,0,0.0,0.0,0,0,0,0,0.018513200018787757,0.19284583352903914,0.0,0.0,0.0,0.0,1.0548726000561146,10.988256250584527,0.06751759996404871,1.0733858000749024,96,9.567464782228585e-08,9.685996157915433e-08
105,18,22,2112,0.45,0.5625,0.0,0,0,0,0,0,0,3.701413611876591,0.9599230885633856,1.0094764922032653,0.9599230885633856,1.0094764922032653,0,0.0,0,0.0,0.0,0,0,0,0,0.018419700005324557,0.19187187505546413,0.0,0.0,0.0,0.0,1.058687499978987,11.027994791447782,0.06796410000242759,1.0771071999843116,96,9.714116303016773e-08,9.598437419877648e-08
105,19,23,2208,0.45,0.5625,0.0,0,0,0,0,0,0,4.037261707200642,0.9601965344686506,1.0047866048631622,0.9601965344686506,1.0047866048631622,0,0.0,0,0.0,0.0,0,0,0,0,0.01789449996431358,0.18640104129493315,0.0,0.0,0.0,0.0,1.0219936999856145,10.645767708183485,0.06638030000613071,1.039888199949928,96,9.791160176034208e-08,9.54647581818957e-08
105,20,24,2304,0.45,0.5625,0.0,0,0,0,0,0,0,3.905754754298672,0.9603556039569255,1.006199477433769,0.9603556039569255,1.006199477433769,0,0.0,0,0.0,0.0,0,0,0,0,0.020525199943222106,0.21380416607523026,0.0,0.0,0.0,0.0,1.2164064000171493,12.670900000178639,0.07904349997988902,1.2369315999603714,96,9.723690295657117e-08,8.185741307009664e-08
105,21,25,2400,0.45,0.5625,0.0,0,0,0,0,0,0,3.459880138681982,0.9602293759141949,1.0141315658359527,0.9602293759141949,1.0141315658359527,0,0.0,0,0.0,0.0,0,0,0,0,0.018825099970854353,0.19609479136306618,0.0,0.0,0.0,0.0,1.07234539995261,11.170264582839687,0.06764630000543548,1.0911704999234644,96,8.643811125197409e-08,8.079165517149711e-08
105,22,26,2496,0.45,0.5625,0.0,0,0,0,0,0,0,3.2076784802869183,0.9601273064463146,1.0160121866117888,0.9601273064463146,1.0160121866117888,0,0.0,0,0.0,0.0,0,0,0,0,0.019258800086390693,0.20061250089990304,0.0,0.0,0.0,0.0,1.0820315000019036,11.271161458353163,0.06928370000969153,1.1012903000882943,96,9.570436181396969e-08,9.98348385905512e-08
105,23,27,2592,0.45,0.5625,0.0,0,0,0,0,0,0,1.9354328423732146,0.9614224386922579,1.006177621199338,0.9614224386922579,1.006177621199338,0,0.0,0,0.0,0.0,0,0,0,0,0.0196408999763662,0.2045927080871479,0.0,0.0,0.0,0.0,1.1257273000810528,11.726326042510967,0.07324099993275013,1.145368200057419,96,9.820195986248725e-08,9.434255515694545e-08
105,24,28,2688,0.45,0.5625,0.0,0,0,0,0,0,0,1.6359872340674413,0.9620283918413578,1.0043107201444812,0.9620283918413578,1.0043107201444812,0,0.0,0,0.0,0.0,0,0,0,0,0.018222300022898708,0.1898156252385282,0.0,0.0,0.0,0.0,1.03757779996522,10.808102082971041,0.06700100001762621,1.0558000999881187,96,9.192938060093025e-08,9.780877274767619e-08
105,25,29,2784,0.45,0.5625,0.0,0,0,0,0,0,0,3.6555801081945556,0.960191377516964,1.0059102453739925,0.960191377516964,1.0059102453739925,0,0.0,0,0.0,0.0,0,0,0,0,0.01860479998140363,0.19379999980628781,0.0,0.0,0.0,0.0,1.0991075000420096,11.449036458770934,0.0713225999934366,1.1177123000234133,96,8.629443938937276e-08,9.847728965617364e-08
105,26,30,2880,0.45,0.5625,0.0,0,0,0,0,0,0,3.6693086281343223,0.9605322492106216,1.004466092529275,0.9605322492106216,1.004466092529275,0,0.0,0,0.0,0.0,0,0,0,0,0.018959099987114314,0.1974906248657741,0.0,0.0,0.0,0.0,1.1157774999301182,11.622682290938732,0.07192770006804494,1.1347365999172325,96,9.900154805328465e-08,9.806007755797097e-08
105,27,31,2976,0.45,0.5625,0.0,0,0,0,0,0,0,3.5756530499612444,0.9605205641230563,1.007056377829874,0.9605205641230563,1.007056377829874,0,0.0,0,0.0,0.0,0,0,0,0,0.019900200022675563,0.20729375023620378,0.0,0.0,0.0,0.0,1.1783677999701467,12.274664583022362,0.07342860002972884,1.1982679999928223,96,9.55624705235858e-08,9.690913974069737e-08
105,28,32,3072,0.45,0.5625,0.0,0,0,0,0,0,0,3.3292640088744627,0.9604307871764404,1.0117530572041975,0.9604307871764404,1.0117530572041975,0,0.0,0,0.0,0.0,0,0,0,0,0.0177839000170934,0.1852489585113896,0.0,0.0,0.0,0.0,0.9557892999946489,9.956138541610926,0.06064769998192787,0.9735732000117423,96,9.103055800471771e-08,7.61575266738923e-08
105,29,33,3168,0.45,0.5625,0.0,0,0,0,0,0,0,3.2128262729071646,0.9604940500095739,1.0064499496244157,0.9604940500095739,1.0064499496244157,0,0.0,0,0.0,0.0,0,0,0,0,0.020983300004445482,0.21857604171297376,0.0,0.0,0.0,0.0,1.3367497999643092,13.924477082961554,0.08568509997712681,1.3577330999687547,96,9.159674954281605e-08,8.57218405980742e-08
105,30,34,3264,0.45,0.5625,0.0,0,0,0,0,0,0,1.7939131466980964,0.9618026335682169,1.003606786043352,0.9618026335682169,1.003606786043352,0,0.0,0,0.0,0.0,0,0,0,0,0.019269600030384026,0.20072500031650028,0.0,0.0,0.0,0.0,1.0592552000671276,11.03390833403258,0.06926269998803036,1.0785248000975116,96,4.4709717117799586e-08,9.528108690926018e-08
105,31,35,3360,0.45,0.5625,0.0,0,0,0,0,0,0,1.4676000411607921,0.962547679975396,1.0029443435143401,0.962547679975396,1.0029443435143401,0,0.0,0,0.0,0.0,0,0,0,0,0.018649800003913697,0.19426875004076768,0.0,0.0,0.0,0.0,1.0892227000076673,11.346069791746535,0.07088010000734357,1.107872500011581,96,9.290846592069357e-08,9.938650805119131e-08
105,32,36,3456,0.45,0.5625,0.0,0,0,0,0,0,0,3.247320475555329,0.9604491954178569,1.0069774840385843,0.9604491954178569,1.0069774840385843,0,0.0,0,0.0,0.0,0,0,0,0,0.019723200013686437,0.20545000014256706,0.0,0.0,0.0,0.0,1.152797999959148,12.008312499574458,0.07521880001149839,1.1725211999728344,96,9.697255606150312e-08,9.19152895462183e-08
105,33,37,3552,0.45,0.5625,0.0,0,0,0,0,0,0,3.5333435697139044,0.9604659986999049,1.0083606465465087,0.9604659986999049,1.0083606465465087,0,0.0,0,0.0,0.0,0,0,0,0,0.01887529996020021,0.1966177079187522,0.0,0.0,0.0,0.0,1.1023029999705614,11.482322916360014,0.07062070001848042,1.1211782999307616,96,9.6326029531274e-08,8.687060945589131e-08
105,34,40,3840,0.45,0.5625,0.0,0,0,0,0,0,0,3.4559522245927,0.9603625376346846,1.0087811658484078,0.9603625376346846,1.0087811658484078,0,0.0,0,0.0,0.0,0,0,0,0,0.020661800001107622,0.21522708334487106,0.0,0.0,0.0,0.0,1.1716616999547114,12.204809374528244,0.0732262000310584,1.192323499955819,96,9.721862575390317e-08,9.255706603927827e-08
105,35,42,4032,0.45,0.5625,0.0,0,0,0,0,0,0,1.6448166421211834,0.9620026720289893,1.0022986791167594,0.9620026720289893,1.0022986791167594,0,0.0,0,0.0,0.0,0,0,0,0,0.019743100012419745,0.205657291796039,0.0,0.0,0.0,0.0,1.1538418999843998,12.01918645817083,0.07411820002744207,1.1735849999968195,96,9.406126294519979e-08,9.430136782562215e-08
105,36,43,4128,0.45,0.5625,0.0,0,0,0,0,0,0,3.0176624912640015,0.9602145122531894,1.0177521080377878,0.9602145122531894,1.0177521080377878,0,0.0,0,0.0,0.0,0,0,0,0,0.019262999965576455,0.2006562496414214,0.0,0.0,0.0,0.0,1.1119069999695057,11.582364583015684,0.07142700000258628,1.1311699999350822,96,9.730833042988218e-08,9.924930266524967e-08
105,37,44,4224,0.45,0.5625,0.0,0,0,0,0,0,0,2.825169634617366,0.9605662018868315,1.0184918240135803,0.9605662018868315,1.0184918240135803,0,0.0,0,0.0,0.0,0,0,0,0,0.019067399953200947,0.19861874951250988,0.0,0.0,0.0,0.0,1.119840099956491,11.665001041213449,0.0704635000001872,1.138907499909692,96,9.291815858403218e-08,8.660393915893572e-08
105,38,45,4320,0.45,0.5625,0.0,0,0,0,0,0,0,2.701851083106188,0.9605450046584211,1.0173569076303024,0.9605450046584211,1.0173569076303024,0,0.0,0,0.0,0.0,0,0,0,0,0.01967810001951875,0.20498020853665366,0.0,0.0,0.0,0.0,1.1481503999020788,11.959899998979987,0.07477400001516799,1.1678284999215975,96,9.199879111992937e-08,7.860592621256046e-08
105,39,46,4416,0.45,0.5625,0.0,0,0,0,0,0,0,2.795403500323788,0.9604483219120183,1.0156648998296331,0.9604483219120183,1.0156648998296331,0,0.0,0,0.0,0.0,0,0,0,0,0.018476999997801613,0.19246874997710015,0.0,0.0,0.0,0.0,1.0609755999903427,11.05182916656607,0.06690419997903518,1.0794525999881444,96,9.603271569451344e-08,7.97850202571837e-08
105,40,47,4512,0.45,0.5625,0.0,0,0,0,0,0,0,3.177388670540635,0.9604942099971379,1.0074566407922403,0.9604942099971379,1.0074566407922403,0,0.0,0,0.0,0.0,0,0,0,0,0.019066000029852148,0.19860416697762653,0.0,0.0,0.0,0.0,1.0470105999775114,10.906360416432411,0.06592149999050889,1.0660766000073636,96,9.54312913154648e-08,9.823435509481726e-08
105,41,48,4608,0.45,0.5625,0.0,0,0,0,0,0,0,1.7968510491863086,0.9620373392339275,1.0016105102322699,0.9620373392339275,1.0016105102322699,0,0.0,0,0.0,0.0,0,0,0,0,0.019280800042906776,0.20084166711361226,0.0,0.0,0.0,0.0,1.1608841999259312,12.092543749228449,0.07602070005668793,1.180164999968838,96,4.070344680230653e-08,8.573988283244738e-08
105,42,50,4800,0.45,0.5625,0.0,0,0,0,0,0,0,3.373354574827383,0.960736246864495,1.008535630729254,0.960736246864495,1.008535630729254,0,0.0,0,0.0,0.0,0,0,0,0,0.020397999971464742,0.2124791663694244,0.0,0.0,0.0,0.0,1.1931260000128532,12.42839583346722,0.07582660001935437,1.213523999984318,96,9.897726031132814e-08,9.862415203953923e-08
105,43,52,4992,0.45,0.5625,0.0,0,0,0,0,0,0,3.597241487498315,0.9602951845365862,1.0066774702833834,0.9602951845365862,1.0066774702833834,0,0.0,0,0.0,0.0,0,0,0,0,0.021350700000766665,0.2224031250079861,0.0,0.0,0.0,0.0,1.3722953999822494,14.294743749815098,0.08880560002580751,1.393646099983016,96,9.380695610052003e-08,7.058880313604021e-08
105,44,53,5088,0.45,0.5625,0.0,0,0,0,0,0,0,3.159222502911487,0.960922502054747,1.0112309179388121,0.960922502054747,1.0112309179388121,0,0.0,0,0.0,0.0,0,0,0,0,0.019515399981173687,0.20328541647055923,0.0,0.0,0.0,0.0,1.1630724999995437,12.115338541661913,0.07416560003912309,1.1825878999807173,96,9.932580676344505e-08,8.914774543566928e-08
105,45,54,5184,0.45,0.5625,0.0,0,0,0,0,0,0,2.6734386855486507,0.9609198319869328,1.0128612495789961,0.9609198319869328,1.0128612495789961,0,0.0,0,0.0,0.0,0,0,0,0,0.02109200001723366,0.2197083335128506,0.0,0.0,0.0,0.0,1.266170900016732,13.189280208507626,0.07955580000270857,1.2872629000339657,96,9.890309899188154e-08,9.817010329649101e-08
105,46,55,5280,0.45,0.5625,0.0,0,0,0,0,0,0,1.5570541433137504,0.9620452864888206,1.013087291592327,0.9620452864888206,1.013087291592327,0,0.0,0,0.0,0.0,0,0,0,0,0.02059910000389209,0.21457395837387594,0.0,0.0,0.0,0.0,1.2020006999664474,12.520840624650495,0.07615049999731127,1.2225997999703395,96,9.620811668165086e-08,8.061900952371914e-08
105,47,58,5568,0.45,0.5625,0.0,0,0,0,0,0,0,2.9138842459632723,0.9612602284475099,1.0098086842226417,0.9612602284475099,1.0098086842226417,0,0.0,0,0.0,0.0,0,0,0,0,0.020328999969933648,0.2117604163534755,0.0,0.0,0.0,0.0,1.1128443000270636,11.592128125281912,0.06939239998609992,1.1331732999969972,96,9.093391685477403e-08,9.118209576275405e-08
105,48,59,5664,0.45,0.5625,0.0,0,0,0,0,0,0,2.9339293679006975,0.9609155799269725,1.010484945732034,0.9609155799269725,1.010484945732034,0,0.0,0,0.0,0.0,0,0,0,0,0.01927190002606949,0.2007489586048905,0.0,0.0,0.0,0.0,1.1175787000756827,11.641444792455028,0.0714348999390495,1.1368506001017522,96,9.91879771025661e-08,9.06782832155173e-08
105,49,61,5856,0.45,0.5625,0.0,0,0,0,0,0,0,2.3160318093296053,0.9612112800743785,1.0120881426453567,0.9612112800743785,1.0120881426453567,0,0.0,0,0.0,0.0,0,0,0,0,0.01887470002111513,0.19661145855328263,0.0,0.0,0.0,0.0,1.0622126000598655,11.064714583956933,0.06858879994979361,1.0810873000809806,96,9.740810226997743e-08,9.588200566845728e-08
105,50,62,5952,0.45,0.5625,0.0,0,0,0,0,0,0,1.390779579522641,0.9626430049939825,1.013294936526836,0.9626430049939825,1.013294936526836,0,0.0,0,0.0,0.0,0,0,0,0,0.019335800025146455,0.20141458359527556,0.0,0.0,0.0,0.0,1.1384852000046521,11.859220833381793,0.07403539995721076,1.1578210000297986,96,9.6925591892838e-08,9.538279527321336e-08
105,51,63,6048,0.45,0.5625,0.0,0,0,0,0,0,0,1.2922211761927174,0.9631356969846033,1.0071544744771852,0.9631356969846033,1.0071544744771852,0,0.0,0,0.0,0.0,0,0,0,0,0.019954999988840427,0.20786458321708778,0.0,0.0,0.0,0.0,1.1948225000305683,12.446067708651753,0.07934879997628741,1.2147775000194088,96,9.424398934865241e-08,7.886045053084878e-08
105,52,64,6144,0.45,0.5625,0.0,0,0,0,0,0,0,2.777604098776634,0.9612703657805797,1.0080848095810686,0.9612703657805797,1.0080848095810686,0,0.0,0,0.0,0.0,0,0,0,0,0.01876080002693925,0.19542500028061718,0.0,0.0,0.0,0.0,1.0672497999548796,11.117185416196662,0.0674218000494875,1.0860105999818188,96,9.635420800645222e-08,8.290140726674444e-08
105,53,65,6240,0.45,0.5625,0.0,0,0,0,0,0,0,3.0532931173435225,0.9608465020296446,1.0078172087338064,0.9608465020296446,1.0078172087338064,0,0.0,0,0.0,0.0,0,0,0,0,0.0199780999973882,0.20810520830612708,0.0,0.0,0.0,0.0,1.2106381000194233,12.610813541868993,0.07730710003670538,1.2306162000168115,96,9.407440333675243e-08,8.722671862582132e-08
105,54,66,6336,0.45,0.5625,0.0,0,0,0,0,0,0,3.072013857903345,0.9611683186472215,1.0103265931795886,0.9611683186472215,1.0103265931795886,0,0.0,0,0.0,0.0,0,0,0,0,0.018973699952766765,0.19764270784132046,0.0,0.0,0.0,0.0,1.0681248000037158,11.126300000038706,0.06995199997618329,1.0870984999564826,96,9.238600247665762e-08,7.902149226635125e-08
105,55,67,6432,0.45,0.5625,0.0,0,0,0,0,0,0,2.9755629132101644,0.961158442266361,1.00788911221875,0.961158442266361,1.00788911221875,0,0.0,0,0.0,0.0,0,0,0,0,0.020058100002643187,0.20893854169419987,0.0,0.0,0.0,0.0,1.1886214999831282,12.381473958157585,0.07641219997458393,1.2086795999857713,96,9.763521223275784e-08,7.868845769420929e-08
105,56,68,6528,0.45,0.5625,0.0,0,0,0,0,0,0,2.27262653281059,0.9611446341940406,1.0129856267820765,0.9611446341940406,1.0129856267820765,0,0.0,0,0.0,0.0,0,0,0,0,0.018302199998288415,0.19064791664883765,0.0,0.0,0.0,0.0,1.0578828000070644,11.019612500073587,0.0689156000080402,1.0761850000053528,96,9.707651851646737e-08,9.44387795742685e-08
105,57,69,6624,0.45,0.5625,0.0,0,0,0,0,0,0,1.4002159480656502,0.9623691297593995,1.0182567831425442,0.9623691297593995,1.0182567831425442,0,0.0,0,0.0,0.0,0,0,0,0,0.01903839997248724,0.19831666638007542,0.0,0.0,0.0,0.0,1.128249999928812,11.752604165925126,0.07352580002043396,1.1472883999012993,96,9.991741649340025e-08,8.884163779643295e-08
105,58,70,6720,0.45,0.5625,0.0,0,0,0,0,0,0,1.1882058209680284,0.963428094433398,1.0261230525076208,0.963428094433398,1.0261230525076208,0,0.0,0,0.0,0.0,0,0,0,0,0.01954570004454581,0.20360104213068553,0.0,0.0,0.0,0.0,1.172982000061893,12.218562500644717,0.07507309997890843,1.1925277001064387,96,9.849832172115214e-08,8.650647934094202e-08
105,59,73,7008,0.45,0.5625,0.0,0,0,0,0,0,0,2.237682381094228,0.9612877291828305,1.0128653175033806,0.9612877291828305,1.0128653175033806,0,0.0,0,0.0,0.0,0,0,0,0,0.019329399954585824,0.20134791619360234,0.0,0.0,0.0,0.0,1.1274999999732245,11.744791666387755,0.07326680002006469,1.1468293999278103,96,9.609586301174977e-08,9.573460316159021e-08
105,60,74,7104,0.45,0.5625,0.0,0,0,0,0,0,0,2.0340089489175446,0.9612540556573766,1.0215360628768508,0.9612540556573766,1.0215360628768508,0,0.0,0,0.0,0.0,0,0,0,0,0.018344000025535934,0.19108333359933263,0.0,0.0,0.0,0.0,1.0555507999888505,10.995320833217193,0.06742150005447911,1.0738948000143864,96,9.668808940987983e-08,9.985374110899059e-08
105,61,75,7200,0.45,0.5625,0.0,0,0,0,0,0,0,2.1891933687858063,0.9620789545125604,1.0104459286249192,0.9620789545125604,1.0104459286249192,0,0.0,0,0.0,0.0,0,0,0,0,0.018551699962699786,0.1932468746114561,0.0,0.0,0.0,0.0,1.0928128000014112,11.383466666681366,0.06916059999639401,1.111364499964111,96,9.978437839029686e-08,9.809670395433123e-08
105,62,76,7296,0.45,0.5625,0.0,0,0,0,0,0,0,1.7255881187341835,0.9627924232187995,1.0019396512495418,0.9627924232187995,1.0019396512495418,0,0.0,0,0.0,0.0,0,0,0,0,0.019177399983163923,0.19976458315795753,0.0,0.0,0.0,0.0,1.1012365999195026,11.471214582494818,0.07258780002302956,1.1204139999026665,96,4.3975709011767616e-08,9.138168680089542e-08
105,63,77,7392,0.45,0.5625,0.0,0,0,0,0,0,0,1.5095813530368156,0.9624999414093698,1.001003003960506,0.9624999414093698,1.001003003960506,0,0.0,0,0.0,0.0,0,0,0,0,0.021088400004373398,0.21967083337888957,0.0,0.0,0.0,0.0,1.3041046000435017,13.58442291711981,0.08547850000468316,1.325193000047875,96,9.472166263152504e-08,9.787776478198396e-08
105,64,78,7488,0.45,0.5625,0.0,0,0,0,0,0,0,2.6055751529375883,0.9614456127209486,1.0093630000975173,0.9614456127209486,1.0093630000975173,0,0.0,0,0.0,0.0,0,0,0,0,0.019266399984189775,0.2006916665019768,0.0,0.0,0.0,0.0,1.0791917999158613,11.241581249123556,0.06782520001434023,1.0984581999000511,96,9.911452548451438e-08,8.857682351481877e-08
105,65,79,7584,0.45,0.5625,0.0,0,0,0,0,0,0,2.543097590982023,0.9616709503794627,1.0095594569757738,0.9616709503794627,1.0095594569757738,0,0.0,0,0.0,0.0,0,0,0,0,0.02004550003039185,0.20880729198324843,0.0,0.0,0.0,0.0,1.2225211999830208,12.734595833156467,0.08018110002740286,1.2425667000134126,96,9.713125435906189e-08,8.91030894900613e-08
105,66,80,7680,0.45,0.5625,0.0,0,0,0,0,0,0,2.4908340497795813,0.9615934271150294,1.0106950620625534,0.9615934271150294,1.0106950620625534,0,0.0,0,0.0,0.0,0,0,0,0,0.019428799983870704,0.20238333316531984,0.0,0.0,0.0,0.0,1.1250316000005114,11.719079166671994,0.07320350001100451,1.144460399984382,96,9.764700745901189e-08,9.70034688685395e-08
105,67,81,7776,0.45,0.5625,0.0,0,0,0,0,0,0,2.3412789432077497,0.9614906276238215,1.01167200989297,0.9614906276238215,1.01167200989297,0,0.0,0,0.0,0.0,0,0,0,0,0.02040210001723608,0.2125218751795425,0.0,0.0,0.0,0.0,1.2288802999973996,12.800836458306245,0.08133640002051834,1.2492824000146356,96,8.42586841617865e-08,9.68060062667142e-08
105,68,82,7872,0.45,0.5625,0.0,0,0,0,0,0,0,2.072942317171026,0.9616865733409484,1.0127758007619851,0.9616865733409484,1.0127758007619851,0,0.0,0,0.0,0.0,0,0,0,0,0.02010020001034718,0.20937708344111647,0.0,0.0,0.0,0.0,1.174560500017833,12.235005208519093,0.07691880001948448,1.1946607000281801,96,9.750037929801003e-08,9.107252646467501e-08
105,69,83,7968,0.45,0.5625,0.0,0,0,0,0,0,0,1.2719931354968386,0.963343377881571,1.0293619746153444,0.963343377881571,1.0293619746153444,0,0.0,0,0.0,0.0,0,0,0,0,0.021201200026553124,0.22084583360992838,0.0,0.0,0.0,0.0,1.2588879999602796,13.113416666252911,0.0809797000256367,1.2800891999868327,96,9.76498995206021e-08,8.037979629116343e-08
105,70,84,8064,0.45,0.5625,0.0,0,0,0,0,0,0,1.084670442821987,0.9653551169969862,1.0348229709687087,0.9653551169969862,1.0348229709687087,0,0.0,0,0.0,0.0,0,0,0,0,0.019387099993764423,0.2019489582683794,0.0,0.0,0.0,0.0,1.0935600000084378,11.391250000087894,0.07156179998128209,1.1129471000022022,96,9.182920382433402e-08,7.496147605423609e-08
105,71,85,8160,0.45,0.5625,0.0,0,0,0,0,0,0,1.843450570170687,0.9613921752456558,1.0286575063836414,0.9613921752456558,1.0286575063836414,0,0.0,0,0.0,0.0,0,0,0,0,0.018289900006493554,0.19051979173430786,0.0,0.0,0.0,0.0,1.0580423000064911,11.021273958400949,0.07073129998025252,1.0763322000129847,96,9.44588164630833e-08,9.503661288490228e-08
105,72,86,8256,0.45,0.5625,0.0,0,0,0,0,0,0,1.8801996955216809,0.9613101205749249,1.0271615310733417,0.9613101205749249,1.0271615310733417,0,0.0,0,0.0,0.0,0,0,0,0,0.019635399999970105,0.20453541666635525,0.0,0.0,0.0,0.0,1.1803046000641189,12.294839584001238,0.07684500001050765,1.199940000064089,96,9.55821555237435e-08,8.533987128078735e-08
105,73,87,8352,0.45,0.5625,0.0,0,0,0,0,0,0,2.0899159607106457,0.961199878675045,1.012949694171697,0.961199878675045,1.012949694171697,0,0.0,0,0.0,0.0,0,0,0,0,0.022540999962075148,0.23480208293828278,0.0,0.0,0.0,0.0,1.3921255000095698,14.501307291766352,0.08961379998072516,1.414666499971645,96,6.182978487707935e-08,9.762557914849701e-08
105,74,88,8448,0.45,0.5625,0.0,0,0,0,0,0,0,1.9302957507018041,0.9614384413701715,1.0163647532832945,0.9614384413701715,1.0163647532832945,0,0.0,0,0.0,0.0,0,0,0,0,0.02228999992075842,0.23218749917456685,0.0,0.0,0.0,0.0,1.2755615999849397,13.287099999843122,0.08469900003547082,1.297851599905698,96,9.838730830047382e-08,8.766997308673474e-08
105,75,89,8544,0.45,0.5625,0.0,0,0,0,0,0,0,1.7507960510136598,0.961406494924364,1.023124403721105,0.961406494924364,1.023124403721105,0,0.0,0,0.0,0.0,0,0,0,0,0.019000700034666806,0.1979239586944459,0.0,0.0,0.0,0.0,1.0284433999986504,10.712952083319275,0.06522310001309961,1.0474441000333172,96,9.621840463269749e-08,9.066912401434202e-08
105,76,90,8640,0.45,0.5625,0.0,0,0,0,0,0,0,1.1351675976013296,0.9661456618826479,1.0225989349734694,0.9661456618826479,1.0225989349734694,0,0.0,0,0.0,0.0,0,0,0,0,0.01962769995589042,0.20445520787385854,0.0,0.0,0.0,0.0,1.0647796999692218,11.091455208012727,0.06697720002557617,1.0844073999251123,96,9.929552902132599e-08,7.707075193319479e-08
105,77,91,8736,0.45,0.5625,0.0,0,0,0,0,0,0,0.9769409958284085,0.9668371355637334,1.0234236693916525,0.9668371355637334,1.0234236693916525,0,0.0,0,0.0,0.0,0,0,0,0,0.02127659997495357,0.22163124973909967,0.0,0.0,0.0,0.0,1.1814806999755092,12.307090624744887,0.07583040003373753,1.2027572999504628,96,9.819405437198891e-08,5.6370662721016984e-08
105,78,93,8928,0.45,0.5625,0.0,0,0,0,0,0,0,1.8160415368668406,0.9618153375799466,1.0095678913511255,0.9618153375799466,1.0095678913511255,0,0.0,0,0.0,0.0,0,0,0,0,0.01997859998664353,0.20811041652753678,0.0,0.0,0.0,0.0,1.0942974999634316,11.398932291285746,0.06844160001492128,1.1142760999500751,96,9.98086727849179e-08,9.293358901873994e-08
105,79,94,9024,0.45,0.5625,0.0,0,0,0,0,0,0,2.0293038014336275,0.9617042638626805,1.0109122811493103,0.9617042638626805,1.0109122811493103,0,0.0,0,0.0,0.0,0,0,0,0,0.023122500024328474,0.2408593752534216,0.0,0.0,0.0,0.0,1.3241361999462242,13.793085416106502,0.08540869998978451,1.3472586999705527,96,9.528591964937105e-08,9.774924508709759e-08
105,80,95,9120,0.45,0.5625,0.0,0,0,0,0,0,0,1.9883919932942755,0.961679148978128,1.0108999390722093,0.961679148978128,1.0108999390722093,0,0.0,0,0.0,0.0,0,0,0,0,0.020645800075726584,0.21506041745548524,0.0,0.0,0.0,0.0,1.1289360999508062,11.759751041154232,0.07293420004862128,1.1495819000265328,96,9.965818691115569e-08,9.153868774092189e-08
105,81,96,9216,0.45,0.5625,0.0,0,0,0,0,0,0,2.0197521672830456,0.9614815771047696,1.0108408387147454,0.9614815771047696,1.0108408387147454,0,0.0,0,0.0,0.0,0,0,0,0,0.019585200047004037,0.20401250048962538,0.0,0.0,0.0,0.0,1.1561820999559131,12.043563541207428,0.07687130002886988,1.1757673000029172,96,4.4759683156050944e-08,8.944121249188086e-08
105,82,97,9312,0.45,0.5625,0.0,0,0,0,0,0,0,1.1774201549263918,0.9660165804828045,1.0180022100494206,0.9660165804828045,1.0180022100494206,0,0.0,0,0.0,0.0,0,0,0,0,0.020174199999019038,0.2101479166564483,0.0,0.0,0.0,0.0,1.1012730000147712,11.471593750153867,0.07218779998947866,1.1214472000137903,96,9.171394057400084e-08,4.2768553976113566e-08
105,83,98,9408,0.45,0.5625,0.0,0,0,0,0,0,0,1.06153365934649,0.9670016564184041,1.038857984600615,0.9670016564184041,1.038857984600615,0,0.0,0,0.0,0.0,0,0,0,0,0.02012480006669648,0.20963333402808834,0.0,0.0,0.0,0.0,1.1324883000052068,11.796753125054238,0.07129310000163969,1.1526131000719033,96,9.698059910689949e-08,8.835553760855319e-08
105,84,99,9504,0.45,0.5625,0.0,0,0,0,0,0,0,1.7567844836605009,0.9623704327016911,1.015384381310532,0.9623704327016911,1.015384381310532,0,0.0,0,0.0,0.0,0,0,0,0,0.019497200024488848,0.2030958335884255,0.0,0.0,0.0,0.0,1.0871823000270524,11.324815625281795,0.06773519996932009,1.1066795000515413,96,9.960183386392707e-08,9.493402786109328e-08
105,85,100,9600,0.45,0.5625,0.0,0,0,0,0,0,0,1.857962542652427,0.9619518913779324,1.0121129986222437,0.9619518913779324,1.0121129986222437,0,0.0,0,0.0,0.0,0,0,0,0,0.02122039997630054,0.22104583308646397,0.0,0.0,0.0,0.0,1.105814100104908,11.518896876092791,0.06993079993844731,1.1270345000812085,96,9.733105391096508e-08,9.017697644164713e-08
105,86,101,9696,0.45,0.5625,0.0,0,0,0,0,0,0,2.024927205208278,0.961861481051975,1.01128523889428,0.961861481051975,1.01128523889428,0,0.0,0,0.0,0.0,0,0,0,0,0.020032999935210682,0.20867708265844462,0.0,0.0,0.0,0.0,1.1132820000493666,11.596687500514236,0.07121109992294805,1.1333149999845773,96,4.50330129003057e-08,9.333071079864474e-08
105,87,102,9792,0.45,0.5625,0.0,0,0,0,0,0,0,1.8898991192577714,0.9619239733095792,1.009129248916455,0.9619239733095792,1.009129248916455,0,0.0,0,0.0,0.0,0,0,0,0,0.020646099968871567,0.21506354134241215,0.0,0.0,0.0,0.0,1.1295123000018066,11.765753125018819,0.0704989999794634,1.1501583999706781,96,4.57527622559073e-08,9.58450546706402e-08
105,88,103,9888,0.45,0.5625,0.0,0,0,0,0,0,0,1.017110575648404,0.967928629389171,1.0133790236511349,0.967928629389171,1.0133790236511349,0,0.0,0,0.0,0.0,0,0,0,0,0.020190600043861195,0.21031875045688744,0.0,0.0,0.0,0.0,1.1415714999166084,11.891369790798004,0.07324520004476653,1.1617620999604696,96,9.439697817685555e-08,2.650031777351458e-08
105,89,104,9984,0.45,0.5625,0.0,0,0,0,0,0,0,1.133059558049881,0.9664258254812744,1.004379701642402,0.9664258254812744,1.004379701642402,0,0.0,0,0.0,0.0,0,0,0,0,0.018842500023311004,0.19627604190948963,0.0,0.0,0.0,0.0,0.9866827999576344,10.277945832892025,0.06448060000548139,1.0055252999809454,96,9.74667761777237e-08,3.680046406495663e-08
105,90,105,10080,0.45,0.5625,0.0,0,0,0,0,0,0,0.88723434589962,0.9694989529463602,1.0112705094864545,0.9694989529463602,1.0112705094864545,0,0.0,0,0.0,0.0,0,0,0,0,0.019015200043213554,0.19807500045014118,0.0,0.0,0.0,0.0,1.0371380000578938,10.803520833936394,0.068596599950979,1.0561532001011074,96,9.895741306248373e-08,2.7274490721485023e-08
105,91,106,10176,0.45,0.5625,0.0,0,0,0,0,0,0,0.9587597155109965,0.9676831307183184,1.00935048612934,0.9676831307183184,1.00935048612934,0,0.0,0,0.0,0.0,0,0,0,0,0.01932300005137222,0.20128125053512727,0.0,0.0,0.0,0.0,1.1003693000675412,11.462180209036887,0.07210099996882491,1.1196923001189134,96,9.830142327742208e-08,2.9646211180400783e-08
105,92,108,10368,0.45,0.5625,0.0,0,0,0,0,0,0,1.9255119946387276,0.962232255349809,1.0083653668601684,0.962232255349809,1.0083653668601684,0,0.0,0,0.0,0.0,0,0,0,0,0.02078129999426892,0.21647187494030126,0.0,0.0,0.0,0.0,1.1103085999711766,11.56571458303309,0.0701534999825526,1.1310898999654455,96,4.341383710859681e-08,9.457070057616868e-08
105,93,109,10464,0.45,0.5625,0.0,0,0,0,0,0,0,1.7952857809267293,0.962341147212842,1.0199673665986633,0.962341147212842,1.0199673665986633,0,0.0,0,0.0,0.0,0,0,0,0,0.020598399969458114,0.21456666634852203,0.0,0.0,0.0,0.0,1.160745000015595,12.091093750162448,0.07478139999875566,1.181343399985053,96,9.449211461898255e-08,9.615982871080675e-08
105,94,110,10560,0.45,0.5625,0.0,0,0,0,0,0,0,1.845259856600763,0.9621758766788834,1.014638666260318,0.9621758766788834,1.014638666260318,0,0.0,0,0.0,0.0,0,0,0,0,0.021743500023148954,0.2264947919078016,0.0,0.0,0.0,0.0,1.2123675999755505,12.628829166411984,0.07741540003189584,1.2341110999986995,96,9.943071241358403e-08,9.829880381895251e-08
105,95,111,10656,0.45,0.5625,0.0,0,0,0,0,0,0,1.3142320053359329,0.9648323603791475,1.0053020612304533,0.9648323603791475,1.0053020612304533,0,0.0,0,0.0,0.0,0,0,0,0,0.020183899985568132,0.21024895818300138,0.0,0.0,0.0,0.0,1.0703305999923032,11.149277083253159,0.06798300002265023,1.0905144999778713,96,9.756694049900538e-08,5.054547537464149e-08
105,96,112,10752,0.45,0.5625,0.0,0,0,0,0,0,0,1.0558900048657365,0.9664428167409406,1.0156763134108984,0.9664428167409406,1.0156763134108984,0,0.0,0,0.0,0.0,0,0,0,0,0.02202940003189724,0.22947291699892958,0.0,0.0,0.0,0.0,1.2344034999841824,12.8583697915019,0.08204229998227675,1.2564329000160797,96,9.55145461768031e-08,3.6259545088679346e-08
105,97,113,10848,0.45,0.5625,0.0,0,0,0,0,0,0,1.7733024983438337,0.9621081829593773,1.0232774321448201,0.9621081829593773,1.0232774321448201,0,0.0,0,0.0,0.0,0,0,0,0,0.021229100042546634,0.22113645877652743,0.0,0.0,0.0,0.0,1.1775409000038053,12.266051041706305,0.07674730002327124,1.198770000046352,96,9.733163358616181e-08,9.731625241760078e-08
105,98,115,11040,0.45,0.5625,0.0,0,0,0,0,0,0,2.1317674613990563,0.9618553812410447,1.0096485676109885,0.9618553812410447,1.0096485676109885,0,0.0,0,0.0,0.0,0,0,0,0,0.021384000014222693,0.22275000014815305,0.0,0.0,0.0,0.0,1.217841000026965,12.685843750280887,0.07862869998643873,1.2392250000411877,96,3.8085749059710294e-08,9.852313090363829e-08
105,99,116,11136,0.45,0.5625,0.0,0,0,0,0,0,0,2.05528493532231,0.9619580188860056,1.0088718995946342,0.9619580188860056,1.0088718995946342,0,0.0,0,0.0,0.0,0,0,0,0,0.020235599971783813,0.21078749970608138,0.0,0.0,0.0,0.0,1.1231114999754936,11.699078124744725,0.07309079998958623,1.1433470999472775,96,4.7469620222465037e-08,9.752994786782487e-08
105,100,117,11232,0.45,0.5625,0.0,0,0,0,0,0,0,1.9263626943698424,0.9619837326080708,1.0085811829294602,0.9619837326080708,1.0085811829294602,0,0.0,0,0.0,0.0,0,0,0,0,0.023164000042015687,0.24129166710433006,0.0,0.0,0.0,0.0,1.3657471000333317,14.226532292013871,0.08805719999509165,1.3889111000753473,96,4.7143409549407767e-08,9.705275610949471e-08
105,101,118,11328,0.45,0.5625,0.0,0,0,0,0,0,0,1.1102475731843149,0.9669114770458109,1.0180080676182683,0.9669114770458109,1.0180080676182683,0,0.0,0,0.0,0.0,0,0,0,0,0.020292399989557452,0.21137916655789013,0.0,0.0,0.0,0.0,1.1266800000303192,11.736250000315826,0.07223979996342678,1.1469724000198767,96,9.792247817295985e-08,3.306087847931849e-08
105,102,121,11616,0.45,0.5625,0.0,0,0,0,0,0,0,2.158156015583232,0.9616266955687891,1.0110653469606665,0.9616266955687891,1.0110653469606665,0,0.0,0,0.0,0.0,0,0,0,0,0.021368799993069842,0.22259166659447752,0.0,0.0,0.0,0.0,1.2194850999803748,12.702969791462237,0.07737690000794828,1.2408538999734446,96,9.690037411358432e-08,9.192689831571954e-08
105,103,122,11712,0.45,0.5625,0.0,0,0,0,0,0,0,1.9814410221101861,0.9619749991025883,1.0098864885365355,0.9619749991025883,1.0098864885365355,0,0.0,0,0.0,0.0,0,0,0,0,0.020941499977197964,0.21814062476247878,0.0,0.0,0.0,0.0,1.19816510003875,12.48088645873698,0.07898009999189526,1.219106600015948,96,4.415468068431905e-08,9.77006819891102e-08
105,104,123,11808,0.45,0.5625,0.0,0,0,0,0,0,0,2.3444200826047816,0.961817015368636,1.009877473853756,0.961817015368636,1.009877473853756,0,0.0,0,0.0,0.0,0,0,0,0,0.021200700008193962,0.22084062508535376,0.0,0.0,0.0,0.0,1.196455400044215,12.463077083793905,0.07542839999223361,1.2176561000524089,96,5.1179234461518064e-08,9.911439211029993e-08
105,105,124,11904,0.45,0.5625,0.0,0,0,0,0,0,0,2.0342765868188764,0.9617388277881103,1.0082206634924278,0.9617388277881103,1.0082206634924278,0,0.0,0,0.0,0.0,0,0,0,0,0.018921700007922482,0.19710104174919252,0.0,0.0,0.0,0.0,1.0112433000540477,10.533784375562997,0.06541649997234344,1.0301650000619702,96,4.2567493956785496e-08,8.792457178996571e-08
105,106,125,12000,0.45,0.5625,0.0,0,0,0,0,0,0,1.1183656849691865,0.9673392424149699,1.0228208357569797,0.9673392424149699,1.0228208357569797,0,0.0,0,0.0,0.0,0,0,0,0,0.02048639996064594,0.21339999959006187,0.0,0.0,0.0,0.0,1.0611637999900267,11.053789583229445,0.06745709999813698,1.0816501999506727,96,9.46740394414114e-08,7.141822709610945e-08
105,107,126,12096,0.45,0.5625,0.0,0,0,0,0,0,0,1.0021080790414454,0.9670984794194827,1.0125060787504476,0.9670984794194827,1.0125060787504476,0,0.0,0,0.0,0.0,0,0,0,0,0.020448499970370904,0.2130052080246969,0.0,0.0,0.0,0.0,1.1316078999225283,11.78758229085967,0.07279250007559313,1.1520563998928992,96,7.984660863047388e-08,3.0321244473552333e-08
105,108,127,12192,0.45,0.5625,0.0,0,0,0,0,0,0,2.279085562186754,0.9617399221246657,1.0071224661713065,0.9617399221246657,1.0071224661713065,0,0.0,0,0.0,0.0,0,0,0,0,0.020777599987923168,0.216433333207533,0.0,0.0,0.0,0.0,1.1430992000969127,11.907283334342841,0.07277999993675621,1.1638768000848358,96,9.420962644550446e-08,9.604272072083475e-08
105,109,128,12288,0.45,0.5625,0.0,0,0,0,0,0,0,1.6671328889836978,0.9624486972408441,1.0103583641916738,0.9624486972408441,1.0103583641916738,0,0.0,0,0.0,0.0,0,0,0,0,0.018835199996829033,0.1961999999669691,0.0,0.0,0.0,0.0,1.0223227000169572,10.649194791843305,0.06714630001079058,1.0411579000137863,96,9.764014631541418e-08,8.64521410015584e-08
105,110,130,12480,0.45,0.5625,0.0,0,0,0,0,0,0,1.6250351366636302,0.962601493106205,1.0268243351580784,0.962601493106205,1.0268243351580784,0,0.0,0,0.0,0.0,0,0,0,0,0.019935799995437264,0.20766458328580484,0.0,0.0,0.0,0.0,1.1072187999161542,11.533529165793274,0.07011490003787912,1.1271545999115915,96,9.768649382457806e-08,9.87493582738086e-08
105,111,131,12576,0.45,0.5625,0.0,0,0,0,0,0,0,1.623930891260034,0.9621521638891526,1.0137979916255928,0.9621521638891526,1.0137979916255928,0,0.0,0,0.0,0.0,0,0,0,0,0.02192660001310287,0.22840208346982158,0.0,0.0,0.0,0.0,1.2042905000489554,12.544692708843286,0.07949529998586513,1.2262171000620583,96,9.828104580167363e-08,9.850743692974007e-08
105,112,132,12672,0.45,0.5625,0.0,0,0,0,0,0,0,1.0738034621635755,0.9675319997842688,1.0192301500999508,0.9675319997842688,1.0192301500999508,0,0.0,0,0.0,0.0,0,0,0,0,0.02077189999545226,0.21637395828596104,0.0,0.0,0.0,0.0,1.1128071999846725,11.591741666507005,0.07237739994889125,1.1335790999801247,96,9.616191160195797e-08,4.251063411009337e-08
105,113,133,12768,0.45,0.5625,0.0,0,0,0,0,0,0,0.8999198443187979,0.9684746595371877,1.0199403558208313,0.9684746595371877,1.0199403558208313,0,0.0,0,0.0,0.0,0,0,0,0,0.021338300037314184,0.22227395872202274,0.0,0.0,0.0,0.0,1.1502591999669676,11.98186666632258,0.07381860001623863,1.1715975000042818,96,9.935951723709369e-08,3.9815930136244404e-08
105,114,134,12864,0.45,0.5625,0.0,0,0,0,0,0,0,1.4881807716972286,0.9626338391183697,1.0208587781020548,0.9626338391183697,1.0208587781020548,0,0.0,0,0.0,0.0,0,0,0,0,0.020100100024137646,0.20937604191810047,0.0,0.0,0.0,0.0,1.0673391000018455,11.118115625019223,0.06729959997755941,1.0874392000259832,96,9.677523379880704e-08,9.845270459996058e-08
105,115,135,12960,0.45,0.5625,0.0,0,0,0,0,0,0,1.6256266863440672,0.9627070206688289,1.017659620951472,0.9627070206688289,1.017659620951472,0,0.0,0,0.0,0.0,0,0,0,0,0.020337199974164832,0.211845833064217,0.0,0.0,0.0,0.0,1.1519143000405165,11.999107292088715,0.07461010001134127,1.1722515000146814,96,9.711122128663874e-08,8.845039728422321e-08
105,116,136,13056,0.45,0.5625,0.0,0,0,0,0,0,0,1.6414186177490995,0.9625259319610664,1.0283096102425646,0.9625259319610664,1.0283096102425646,0,0.0,0,0.0,0.0,0,0,0,0,0.018868899984227028,0.19655104150236488,0.0,0.0,0.0,0.0,1.0782140000519576,11.231395833874558,0.06927429995994316,1.0970829000361846,96,9.687733147807631e-08,8.967002959603398e-08
105,117,137,13152,0.45,0.5625,0.0,0,0,0,0,0,0,1.6333009193864048,0.9623807069424012,1.0159892845684237,0.9623807069424012,1.0159892845684237,0,0.0,0,0.0,0.0,0,0,0,0,0.02065300002141157,0.21513541688970386,0.0,0.0,0.0,0.0,1.2178548000665614,12.685987500693349,0.07916179994936101,1.238507800087973,96,9.939979658812881e-08,8.870384982095914e-08
105,118,139,13344,0.45,0.5625,0.0,0,0,0,0,0,0,1.0332816855866322,0.9682124596979982,1.0195028131227095,0.9682124596979982,1.0195028131227095,0,0.0,0,0.0,0.0,0,0,0,0,0.017939099932846148,0.1868656243004807,0.0,0.0,0.0,0.0,0.9769963000362623,10.177044792044398,0.062315199967997614,0.9949353999691084,96,9.592496950623988e-08,4.843159498446603e-08
105,119,140,13440,0.45,0.5625,0.0,0,0,0,0,0,0,0.9140663026430016,0.9682303007420616,1.0286090813239956,0.9682303007420616,1.0286090813239956,0,0.0,0,0.0,0.0,0,0,0,0,0.020106399970245548,0.20944166635672445,0.0,0.0,0.0,0.0,1.1439681999399909,11.916335416041571,0.07303440002579009,1.1640745999102364,96,9.933099870407247e-08,9.029195759124864e-08
105,120,141,13536,0.45,0.5625,0.0,0,0,0,0,0,0,1.4429859285116176,0.963144992782005,1.0242233283551392,0.963144992782005,1.0242233283551392,0,0.0,0,0.0,0.0,0,0,0,0,0.02120350001496263,0.2208697918225274,0.0,0.0,0.0,0.0,1.242339499971422,12.941036458035645,0.07987809999031015,1.2635429999863845,96,9.802729857011361e-08,9.706901130113188e-08
105,121,142,13632,0.45,0.5625,0.0,0,0,0,0,0,0,1.5821582555711793,0.9627632839905846,1.0235263150846614,0.9627632839905846,1.0235263150846614,0,0.0,0,0.0,0.0,0,0,0,0,0.01885840001341421,0.19644166680639805,0.0,0.0,0.0,0.0,1.0778602000427782,11.227710417112272,0.069749199981743,1.0967186000561924,96,9.78131667328519e-08,9.630869879373449e-08
105,122,144,13824,0.45,0.5625,0.0,0,0,0,0,0,0,0.9247019958035939,0.9693132474237292,1.0289717368056723,0.9693132474237292,1.0289717368056723,0,0.0,0,0.0,0.0,0,0,0,0,0.01983959997596685,0.20666249974965467,0.0,0.0,0.0,0.0,1.1253853999296553,11.722764582600576,0.07151170002907747,1.145224999905622,96,9.823953570770039e-08,8.242861282425906e-08
105,123,145,13920,0.45,0.5625,0.0,0,0,0,0,0,0,1.1795837804158218,0.9659637954027179,1.0354593486595456,0.9659637954027179,1.0354593486595456,0,0.0,0,0.0,0.0,0,0,0,0,0.019106899984763004,0.19903020817461461,0.0,0.0,0.0,0.0,1.0578646000212757,11.019422916888288,0.06761039995762985,1.0769715000060387,96,9.89059752588145e-08,5.6043202995015307e-08
105,124,146,14016,0.45,0.5625,0.0,0,0,0,0,0,0,1.075255291232061,0.9682897335407894,1.0395455829827447,0.9682897335407894,1.0395455829827447,0,0.0,0,0.0,0.0,0,0,0,0,0.018482099985703826,0.19252187485108152,0.0,0.0,0.0,0.0,1.1057673000032082,11.51840937503342,0.07174310000118567,1.124249399988912,96,9.979025313543166e-08,7.333238162543498e-08
105,125,147,14112,0.45,0.5625,0.0,0,0,0,0,0,0,0.9683003548750162,0.9679965059855082,1.0364950063989835,0.9679965059855082,1.0364950063989835,0,0.0,0,0.0,0.0,0,0,0,0,0.01795559993479401,0.18703749932077093,0.0,0.0,0.0,0.0,1.022979800029134,10.656039583636812,0.06628570000611944,1.040935399963928,96,9.559451700710819e-08,7.553333590537559e-08
105,126,148,14208,0.45,0.5625,0.0,0,0,0,0,0,0,1.5584442590374763,0.9626902376040429,1.024863025028585,0.9626902376040429,1.024863025028585,0,0.0,0,0.0,0.0,0,0,0,0,0.020202299965603743,0.21044062464170565,0.0,0.0,0.0,0.0,1.204070400010096,12.542400000105166,0.07754369999020128,1.2242726999756997,96,9.569696348722678e-08,8.106871438040564e-08
105,127,150,14400,0.45,0.5625,0.0,0,0,0,0,0,0,1.5650237391874242,0.962835538765091,1.0187667135149787,0.962835538765091,1.0187667135149787,0,0.0,0,0.0,0.0,0,0,0,0,0.019325499975821003,0.2013072914148021,0.0,0.0,0.0,0.0,1.0904929000025732,11.35930104169347,0.06931540000368841,1.1098183999783942,96,9.836447420474848e-08,9.716911955615082e-08
105,128,152,14592,0.45,0.5625,0.0,0,0,0,0,0,0,1.442072041921911,0.963578179097922,1.0249858722649687,0.963578179097922,1.0249858722649687,0,0.0,0,0.0,0.0,0,0,0,0,0.0182570999750169,0.19017812473975937,0.0,0.0,0.0,0.0,0.9962704999925336,10.377817708255558,0.06393799999932526,1.0145275999675505,96,9.509198102553018e-08,6.001153421419936e-08
105,129,153,14688,0.45,0.5625,0.0,0,0,0,0,0,0,1.0145251475972683,0.9686614359735674,1.0222259335708264,0.9686614359735674,1.0222259335708264,0,0.0,0,0.0,0.0,0,0,0,0,0.019645699991087895,0.2046427082404989,0.0,0.0,0.0,0.0,1.2004216000350425,12.504391667031692,0.07870820000243839,1.2200673000261304,96,9.997876878817258e-08,6.837598556796998e-08
105,130,154,14784,0.45,0.5625,0.0,0,0,0,0,0,0,0.8031828398436914,0.9717396710165038,1.0169474913602914,0.9717396710165038,1.0169474913602914,0,0.0,0,0.0,0.0,0,0,0,0,0.018285400037711952,0.1904729170594995,0.0,0.0,0.0,0.0,1.031201600053464,10.74168333389025,0.06724559995200252,1.049487000091176,96,9.613452023153612e-08,2.373144472600508e-08
105,131,155,14880,0.45,0.5625,0.0,0,0,0,0,0,0,0.8159898072028413,0.9698163502353813,1.0232210251041927,0.9698163502353813,1.0232210251041927,0,0.0,0,0.0,0.0,0,0,0,0,0.02035549999709474,0.2120364583030702,0.0,0.0,0.0,0.0,1.1492856999539072,11.971726041186534,0.07300300004862947,1.169641199951002,96,9.832814679665292e-08,5.8082295223416125e-08
105,132,156,14976,0.45,0.5625,0.0,0,0,0,0,0,0,1.6141442782303757,0.9630678674518183,1.0062695601413751,0.9630678674518183,1.0062695601413751,0,0.0,0,0.0,0.0,0,0,0,0,0.020521400052530225,0.2137645838805232,0.0,0.0,0.0,0.0,1.1708428999991156,12.19628020832412,0.0747875999804819,1.1913643000516458,96,8.916075757911535e-08,9.925872068716757e-08
105,133,157,15072,0.45,0.5625,0.0,0,0,0,0,0,0,1.6646255525911515,0.9624814319457127,1.0133563544402528,0.9624814319457127,1.0133563544402528,0,0.0,0,0.0,0.0,0,0,0,0,0.019301000014820602,0.2010520834877146,0.0,0.0,0.0,0.0,1.1297530999217997,11.768261457518747,0.07160400002612732,1.1490540999366203,96,9.929495899119178e-08,8.760837083565676e-08
105,134,158,15168,0.45,0.5625,0.0,0,0,0,0,0,0,1.4938540435993448,0.9632170095862019,1.0192554122497834,0.9632170095862019,1.0192554122497834,0,0.0,0,0.0,0.0,0,0,0,0,0.01901059999363497,0.19802708326703092,0.0,0.0,0.0,0.0,1.0653439999441616,11.097333332751683,0.06883720002224436,1.0843545999377966,96,9.961115335355153e-08,9.946418522144285e-08
105,135,159,15264,0.45,0.5625,0.0,0,0,0,0,0,0,1.4989882075786387,0.9632650550118719,1.013179579368531,0.9632650550118719,1.013179579368531,0,0.0,0,0.0,0.0,0,0,0,0,0.019129499938571826,0.19926562436012318,0.0,0.0,0.0,0.0,1.0928415999296703,11.383766665934067,0.07013470002857503,1.1119710998682422,96,9.941174279604059e-08,8.345783397700757e-08
105,136,160,15360,0.45,0.5625,0.0,0,0,0,0,0,0,1.0382508290361303,0.9688953834908791,1.0312044997800387,0.9688953834908791,1.0312044997800387,0,0.0,0,0.0,0.0,0,0,0,0,0.020507199966232292,0.2136166663149197,0.0,0.0,0.0,0.0,1.2158449000417022,12.665051042101064,0.0782691999556846,1.2363521000079345,96,9.945257876779745e-08,7.937268939328668e-08
105,137,161,15456,0.45,0.5625,0.0,0,0,0,0,0,0,1.0071142713897296,0.967953574578513,1.0391980493010993,0.967953574578513,1.0391980493010993,0,0.0,0,0.0,0.0,0,0,0,0,0.01983890000701649,0.2066552084064218,0.0,0.0,0.0,0.0,1.1264874000989948,11.734243751031196,0.07197439993615262,1.1463263001060113,96,8.280840057064975e-08,6.841808342095135e-08
105,138,162,15552,0.45,0.5625,0.0,0,0,0,0,0,0,1.6026865706138658,0.9624731828425223,1.0148623468472355,0.9624731828425223,1.0148623468472355,0,0.0,0,0.0,0.0,0,0,0,0,0.021236799999314826,0.22121666665952944,0.0,0.0,0.0,0.0,1.307103700026346,13.615663541941103,0.08629989997280063,1.3283405000256607,96,9.953329945834588e-08,9.975203746348527e-08
105,139,163,15648,0.45,0.5625,0.0,0,0,0,0,0,0,1.5731510298837408,0.9630202267292964,1.014055275151075,0.9630202267292964,1.014055275151075,0,0.0,0,0.0,0.0,0,0,0,0,0.020090600046387408,0.2092770838165355,0.0,0.0,0.0,0.0,1.160939699941082,12.09312187438627,0.07676420002098894,1.1810302999874693,96,9.826003635748926e-08,9.252129562486999e-08
105,140,165,15840,0.45,0.5625,0.0,0,0,0,0,0,0,1.184504561085571,0.9657810949351051,1.0328498049318848,0.9657810949351051,1.0328498049318848,0,0.0,0,0.0,0.0,0,0,0,0,0.0202744999769493,0.21119270809322188,0.0,0.0,0.0,0.0,1.194691899967438,12.44470729132748,0.0773676000389969,1.2149663999443874,96,9.981166230544139e-08,6.963529267101087e-08
105,141,166,15936,0.45,0.5625,0.0,0,0,0,0,0,0,1.3361669495835382,0.963979988691176,1.0154319240102643,0.963979988691176,1.0154319240102643,0,0.0,0,0.0,0.0,0,0,0,0,0.01911379997181939,0.1991020830397853,0.0,0.0,0.0,0.0,1.1083696999485255,11.54551770779714,0.07130380003945902,1.127483499920345,96,9.808738675454176e-08,5.12139970015868e-08
105,142,168,16128,0.45,0.5625,0.0,0,0,0,0,0,0,0.9601438120433513,0.968178804074555,1.036297349184407,0.968178804074555,1.036297349184407,0,0.0,0,0.0,0.0,0,0,0,0,0.020403900009114295,0.21254062509494057,0.0,0.0,0.0,0.0,1.1796444000137853,12.287962500143598,0.07779360003041802,1.2000483000228996,96,8.895906733474845e-08,7.696614970353899e-08
105,143,169,16224,0.45,0.5625,0.0,0,0,0,0,0,0,1.5243112698253838,0.9626024969527499,1.0285701996098153,0.9626024969527499,1.0285701996098153,0,0.0,0,0.0,0.0,0,0,0,0,0.022989700017205905,0.23947604184589485,0.0,0.0,0.0,0.0,1.233234600018477,12.84619375019247,0.08019240002613515,1.256224300035683,96,9.888088244036641e-08,9.826801178336453e-08
105,144,170,16320,0.45,0.5625,0.0,0,0,0,0,0,0,1.630301898161213,0.9627649397277517,1.0240394529051355,0.9627649397277517,1.0240394529051355,0,0.0,0,0.0,0.0,0,0,0,0,0.01901700002781581,0.19809375028974804,0.0,0.0,0.0,0.0,1.0770707000629045,11.21948645898859,0.06965279996074969,1.0960877000907203,96,9.916991068614767e-08,8.564177936265516e-08
105,145,171,16416,0.45,0.5625,0.0,0,0,0,0,0,0,1.5923319997653105,0.9629864518001799,1.0247534986494973,0.9629864518001799,1.0247534986494973,0,0.0,0,0.0,0.0,0,0,0,0,0.02067760001955321,0.21539166687034594,0.0,0.0,0.0,0.0,1.2120254000474233,12.625264583827326,0.07837629995628959,1.2327030000669765,96,9.715506413265906e-08,9.125788416608493e-08
105,146,172,16512,0.45,0.5625,0.0,0,0,0,0,0,0,1.7481699334223773,0.9623861624048248,1.0201875269740899,0.9623861624048248,1.0201875269740899,0,0.0,0,0.0,0.0,0,0,0,0,0.01900389998627361,0.19795729152368344,0.0,0.0,0.0,0.0,1.1075261999867507,11.536731249861987,0.07121360002201982,1.1265300999730243,96,4.167089210152519e-08,8.670950513156583e-08
105,147,174,16704,0.45,0.5625,0.0,0,0,0,0,0,0,1.112636166160009,0.9674226009659366,1.0216621491345164,0.9674226009659366,1.0216621491345164,0,0.0,0,0.0,0.0,0,0,0,0,0.01875919999292819,0.19540833325966864,0.0,0.0,0.0,0.0,1.0844427000556607,11.296278125579798,0.06930919996375451,1.1032019000485889,96,9.857755882414221e-08,6.743163805111863e-08
105,148,176,16896,0.45,0.5625,0.0,0,0,0,0,0,0,1.5118648184890775,0.9628057621997488,1.018158109663853,0.9628057621997488,1.018158109663853,0,0.0,0,0.0,0.0,0,0,0,0,0.02212669999425998,0.23048645827354144,0.0,0.0,0.0,0.0,1.3139798000484006,13.687289583837506,0.0853653000012855,1.3361065000426606,96,9.554061285166338e-08,9.072591775072247e-08
105,149,177,16992,0.45,0.5625,0.0,0,0,0,0,0,0,1.6551381539722327,0.9625976622162903,1.011901272624853,0.9625976622162903,1.011901272624853,0,0.0,0,0.0,0.0,0,0,0,0,0.020658499997807667,0.21519270831049653,0.0,0.0,0.0,0.0,1.2407472999911988,12.924451041574988,0.08067049997771392,1.2614057999890065,96,9.975704394482587e-08,9.909888437631409e-08
105,150,178,17088,0.45,0.5625,0.0,0,0,0,0,0,0,1.7034881265932897,0.9623254748657228,1.009679538992997,0.9623254748657228,1.009679538992997,0,0.0,0,0.0,0.0,0,0,0,0,0.018361299982643686,0.19126354148587174,0.0,0.0,0.0,0.0,0.9964301999498275,10.37948124947737,0.06386180005210917,1.0147914999324712,96,4.6308470539116464e-08,9.649717080950637e-08
105,151,180,17280,0.45,0.5625,0.0,0,0,0,0,0,0,1.6080351346351338,0.9622976941733018,1.0111367011075238,0.9622976941733018,1.0111367011075238,0,0.0,0,0.0,0.0,0,0,0,0,0.019603900000220165,0.20420729166896004,0.0,0.0,0.0,0.0,1.11535639999056,11.618295833235,0.07249360001151217,1.1349602999907802,96,9.77792092432539e-08,8.534062886922378e-08
105,152,181,17376,0.45,0.5625,0.0,0,0,0,0,0,0,1.1160148556057394,0.9675102762625406,1.0072593201634374,0.9675102762625406,1.0072593201634374,0,0.0,0,0.0,0.0,0,0,0,0,0.017627599969273433,0.18362083301326493,0.0,0.0,0.0,0.0,0.9525051999662537,9.921929166315143,0.06259880003199214,0.9701327999355271,96,9.978677106836642e-08,3.6943524697741204e-08
105,153,183,17568,0.45,0.5625,0.0,0,0,0,0,0,0,1.4571151918857546,0.9631889803877014,1.021979888371516,0.9631889803877014,1.021979888371516,0,0.0,0,0.0,0.0,0,0,0,0,0.019938800011004787,0.20769583344796652,0.0,0.0,0.0,0.0,1.137762800019118,11.85169583353248,0.07320030000119004,1.1577016000301228,96,9.74810726670633e-08,9.243439305639534e-08
105,154,184,17664,0.45,0.5625,0.0,0,0,0,0,0,0,1.549579836933779,0.9631046064311994,1.0183353524465477,0.9631046064311994,1.0183353524465477,0,0.0,0,0.0,0.0,0,0,0,0,0.019950700021581724,0.20781979189147629,0.0,0.0,0.0,0.0,1.1242262000087067,11.710689583424028,0.07140559995605145,1.1441769000302884,96,9.696845514051144e-08,9.939754241905518e-08
105,155,185,17760,0.45,0.5625,0.0,0,0,0,0,0,0,1.5965444687839143,0.9627118119170873,1.0224749520526284,0.9627118119170873,1.0224749520526284,0,0.0,0,0.0,0.0,0,0,0,0,0.018391599973256234,0.19157916638808578,0.0,0.0,0.0,0.0,1.066380299969751,11.108128124684905,0.06867870000132825,1.0847718999430072,96,9.437833188574718e-08,9.723156904617447e-08
105,156,187,17952,0.45,0.5625,0.0,0,0,0,0,0,0,1.6455200810981443,0.9623567775283731,1.0189916660064362,0.9623567775283731,1.0189916660064362,0,0.0,0,0.0,0.0,0,0,0,0,0.01901940000243485,0.19811875002536303,0.0,0.0,0.0,0.0,0.9938059000050998,10.35214479171979,0.0646241000140435,1.0128253000075347,96,9.650502764968483e-08,8.804195678058235e-08
105,157,188,18048,0.45,0.5625,0.0,0,0,0,0,0,0,1.1018084866051092,0.9676810053520674,1.0240707177127717,0.9676810053520674,1.0240707177127717,0,0.0,0,0.0,0.0,0,0,0,0,0.021048499991593417,0.21925520824576475,0.0,0.0,0.0,0.0,1.1044164000122692,11.504337500127804,0.07128070002363529,1.1254649000038626,96,9.953624077740919e-08,7.653504392746147e-08
105,158,189,18144,0.45,0.5625,0.0,0,0,0,0,0,0,0.958676195654591,0.968097465109457,1.029827408444881,0.968097465109457,1.029827408444881,0,0.0,0,0.0,0.0,0,0,0,0,0.020872399996733293,0.21742083329930514,0.0,0.0,0.0,0.0,1.1691746000287822,12.178902083633147,0.07555559995671501,1.1900470000255154,96,9.703104431046938e-08,8.673403051329132e-08
105,159,190,18240,0.45,0.5625,0.0,0,0,0,0,0,0,1.7898719756663048,0.9622702738531117,1.0118613289826155,0.9622702738531117,1.0118613289826155,0,0.0,0,0.0,0.0,0,0,0,0,0.02030919990647817,0.21155416569248095,0.0,0.0,0.0,0.0,1.0889294000153313,11.343014583493035,0.07016339999972843,1.1092385999218095,96,6.179429661544444e-08,9.834217634674403e-08
105,160,191,18336,0.45,0.5625,0.0,0,0,0,0,0,0,1.7102746495812566,0.9623605839852581,1.0122502042660686,0.9623605839852581,1.0122502042660686,0,0.0,0,0.0,0.0,0,0,0,0,0.02088299999013543,0.21753124989724407,0.0,0.0,0.0,0.0,1.2153680000046734,12.660083333382014,0.07840320000832435,1.2362509999948088,96,4.4352616093701336e-08,9.208629886403585e-08
105,161,192,18432,0.45,0.5625,0.0,0,0,0,0,0,0,2.068128541867141,0.9621944106853542,1.0080497561159416,0.9621944106853542,1.0080497561159416,0,0.0,0,0.0,0.0,0,0,0,0,0.01876989997981582,0.19551979145641477,0.0,0.0,0.0,0.0,1.0193540999971447,10.618271874970256,0.06528049996268237,1.0381239999769605,96,4.539051265926852e-08,9.781127144337098e-08
105,162,193,18528,0.45,0.5625,0.0,0,0,0,0,0,0,1.5272136237731342,0.9631441519864671,1.0218826252370947,0.9631441519864671,1.0218826252370947,0,0.0,0,0.0,0.0,0,0,0,0,0.020651999984693248,0.21512499984055466,0.0,0.0,0.0,0.0,1.0962504999988596,11.419276041654788,0.07022180000785738,1.1169024999835528,96,9.683222862433283e-08,9.046660573441834e-08
105,163,194,18624,0.45,0.5625,0.0,0,0,0,0,0,0,1.5436971144181821,0.9629520716627521,1.010312102158808,0.9629520716627521,1.010312102158808,0,0.0,0,0.0,0.0,0,0,0,0,0.021022500011895318,0.21898437512390956,0.0,0.0,0.0,0.0,1.2521879999549128,13.043624999530342,0.08179450004536193,1.2732104999668081,96,9.852110967323302e-08,7.489504405544523e-08
105,164,195,18720,0.45,0.5625,0.0,0,0,0,0,0,0,1.019602912178782,0.9689829748251111,1.0167654729417053,0.9689829748251111,1.0167654729417053,0,0.0,0,0.0,0.0,0,0,0,0,0.019468000034976285,0.20279166703100296,0.0,0.0,0.0,0.0,1.0094064999429975,10.51465104107289,0.06349450002744561,1.0288744999779738,96,9.795540879733305e-08,3.227456968346587e-08
105,165,196,18816,0.45,0.5625,0.0,0,0,0,0,0,0,0.9009540174980782,0.9684408928691,1.0195332584356782,0.9684408928691,1.0195332584356782,0,0.0,0,0.0,0.0,0,0,0,0,0.02085209998767823,0.21720937487164824,0.0,0.0,0.0,0.0,1.1397826999382232,11.872736457689825,0.07268290004867595,1.1606347999259015,96,9.602479732369329e-08,3.055180525235457e-08
105,166,197,18912,0.45,0.5625,0.0,0,0,0,0,0,0,1.4843954931243215,0.9633310820506118,1.0166036557736269,0.9633310820506118,1.0166036557736269,0,0.0,0,0.0,0.0,0,0,0,0,0.019828700002108235,0.2065489583552941,0.0,0.0,0.0,0.0,1.064633000001777,11.089927083351844,0.06836920003115665,1.0844617000038852,96,9.968672727567185e-08,9.305739415155223e-08
105,167,198,19008,0.45,0.5625,0.0,0,0,0,0,0,0,1.5585902097815414,0.963006648646744,1.024737235276945,0.963006648646744,1.024737235276945,0,0.0,0,0.0,0.0,0,0,0,0,0.021409099994343705,0.2230114582744136,0.0,0.0,0.0,0.0,1.2315148999987287,12.82828020832009,0.0780595999895013,1.2529239999930724,96,9.935930744831012e-08,9.318876295627554e-08
105,168,199,19104,0.45,0.5625,0.0,0,0,0,0,0,0,1.6269164312710198,0.9628750805197169,1.0261910614983858,0.9628750805197169,1.0261910614983858,0,0.0,0,0.0,0.0,0,0,0,0,0.019306199967104476,0.20110624965733828,0.0,0.0,0.0,0.0,1.0037020000163466,10.455229166836943,0.0648297999650822,1.023008199983451,96,9.710762041703624e-08,9.22947902826099e-08
105,169,200,19200,0.45,0.5625,0.0,0,0,0,0,0,0,1.6737100412773511,0.9627223660382991,1.0090528526529008,0.9627223660382991,1.0090528526529008,0,0.0,0,0.0,0.0,0,0,0,0,0.020818500022869557,0.21685937523822454,0.0,0.0,0.0,0.0,1.163943399937125,12.124410416011719,0.07355460004328052,1.1847618999599945,96,4.450020018274825e-08,9.994163774340592e-08
105,170,202,19392,0.45,0.5625,0.0,0,0,0,0,0,0,1.059667987151977,0.9684156936208604,1.0212545004345277,0.9684156936208604,1.0212545004345277,0,0.0,0,0.0,0.0,0,0,0,0,0.018703400004596915,0.19482708338121787,0.0,0.0,0.0,0.0,1.0160629999518278,10.58398958283154,0.06717590000334894,1.0347663999564247,96,9.926188277581405e-08,6.08749355784921e-08
105,171,203,19488,0.45,0.5625,0.0,0,0,0,0,0,0,0.8864102876453488,0.9688513571747787,1.0188686573040178,0.9688513571747787,1.0188686573040178,0,0.0,0,0.0,0.0,0,0,0,0,0.01961950000259094,0.20436979169365563,0.0,0.0,0.0,0.0,1.1156174000279862,11.621014583624856,0.07323540000652429,1.135236900030577,96,9.923007047128729e-08,2.9355341074621677e-08
105,172,204,19584,0.45,0.5625,0.0,0,0,0,0,0,0,1.65830704590457,0.9630121783882457,1.0050371851401736,0.9630121783882457,1.0050371851401736,0,0.0,0,0.0,0.0,0,0,0,0,0.02048229998035822,0.2133572914620648,0.0,0.0,0.0,0.0,1.1406444999593077,11.881713541242789,0.07325840001431061,1.161126799939666,96,9.714777140720776e-08,9.815756832343148e-08
105,173,205,19680,0.45,0.5625,0.0,0,0,0,0,0,0,2.0075425165759926,0.9607779937058832,1.0067857461322314,0.9607779937058832,1.0067857461322314,0,0.0,0,0.0,0.0,0,0,0,0,0.019383499973628204,0.20191145805862712,0.0,0.0,0.0,0.0,1.0501505000283942,10.939067708629105,0.06723650001367787,1.0695340000020224,96,9.736069821013327e-08,9.951423393661507e-08
105,174,206,19776,0.45,0.5625,0.0,0,0,0,0,0,0,1.9018299558001857,0.9621869210869204,1.0073368045388311,0.9621869210869204,1.0073368045388311,0,0.0,0,0.0,0.0,0,0,0,0,0.019238800028688274,0.20040416696550287,0.0,0.0,0.0,0.0,1.0103260000178125,10.524229166852214,0.06398699997953372,1.0295648000465007,96,8.679473692714545e-08,9.964456676447853e-08
105,175,207,19872,0.45,0.5625,0.0,0,0,0,0,0,0,1.7716953226231242,0.9629260280402772,1.0075695581491524,0.9629260280402772,1.0075695581491524,0,0.0,0,0.0,0.0,0,0,0,0,0.021190200001001358,0.2207312500104308,0.0,0.0,0.0,0.0,1.2111571000277763,12.616219791956004,0.07895519999874523,1.2323473000287777,96,8.248011442238412e-08,9.310537160689414e-08
105,176,208,19968,0.45,0.5625,0.0,0,0,0,0,0,0,1.4025010365374924,0.9636226554980318,1.0126457485068932,0.9636226554980318,1.0126457485068932,0,0.0,0,0.0,0.0,0,0,0,0,0.019254900005762465,0.2005718750600257,0.0,0.0,0.0,0.0,1.0005489000031957,10.422384375033289,0.06356140000571031,1.0198038000089582,96,9.971600024860638e-08,5.6755531732677333e-08
105,177,210,20160,0.45,0.5625,0.0,0,0,0,0,0,0,0.918986235648512,0.9685860303000294,1.0308518288139004,0.9685860303000294,1.0308518288139004,0,0.0,0,0.0,0.0,0,0,0,0,0.01990470000600908,0.20734062506259457,0.0,0.0,0.0,0.0,1.1119009000321967,11.58230104200205,0.07269799998175586,1.1318056000382057,96,9.98581576542451e-08,7.518432418307519e-08
105,178,211,20256,0.45,0.5625,0.0,0,0,0,0,0,0,1.4285608886734422,0.9632875758161777,1.0200311442772083,0.9632875758161777,1.0200311442772083,0,0.0,0,0.0,0.0,0,0,0,0,0.019325300090713426,0.20130520927826487,0.0,0.0,0.0,0.0,1.0393325000550249,10.826380208906508,0.06751870003790827,1.0586578001457383,96,9.798632107094196e-08,8.692982195190879e-08
105,179,212,20352,0.45,0.5625,0.0,0,0,0,0,0,0,1.5754866697207506,0.9627619468450899,1.0169776341138257,0.9627619468450899,1.0169776341138257,0,0.0,0,0.0,0.0,0,0,0,0,0.02078599996457342,0.21652083296430646,0.0,0.0,0.0,0.0,1.101490900007775,11.473863541747656,0.07128820000798441,1.1222768999723485,96,9.703746681188896e-08,9.704192990844795e-08
105,180,213,20448,0.45,0.5625,0.0,0,0,0,0,0,0,1.547423640802216,0.9630628387870255,1.0167750782909244,0.9630628387870255,1.0167750782909244,0,0.0,0,0.0,0.0,0,0,0,0,0.021466899990628008,0.22361354156904176,0.0,0.0,0.0,0.0,1.2510891999845626,13.03217916650586,0.08186660000501433,1.2725560999751906,96,9.759149197097194e-08,9.971700298816444e-08
105,181,214,20544,0.45,0.5625,0.0,0,0,0,0,0,0,1.7502433489016456,0.9623145186870591,1.0087953690924665,0.9623145186870591,1.0087953690924665,0,0.0,0,0.0,0.0,0,0,0,0,0.023076000004948583,0.24037500005154774,0.0,0.0,0.0,0.0,1.2860956000295118,13.396829166974081,0.08035739999468205,1.3091716000344604,96,8.541602205050514e-08,9.947641890772907e-08
105,182,215,20640,0.45,0.5625,0.0,0,0,0,0,0,0,1.5220287001067792,0.9627701447011487,1.0114348370276305,0.9627701447011487,1.0114348370276305,0,0.0,0,0.0,0.0,0,0,0,0,0.020258000018657185,0.211020833527679,0.0,0.0,0.0,0.0,1.1453978000135976,11.931227083474974,0.07313510000676615,1.1656558000322548,96,9.83583609698302e-08,6.052711581938652e-08
105,183,218,20928,0.45,0.5625,0.0,0,0,0,0,0,0,1.3606551604525254,0.9635347415066704,1.0277806719423732,0.9635347415066704,1.0277806719423732,0,0.0,0,0.0,0.0,0,0,0,0,0.020257700016372837,0.2110177085038837,0.0,0.0,0.0,0.0,1.0960411000341992,11.417094792022908,0.07074859994463623,1.116298800050572,96,9.728260169650227e-08,6.844234790026604e-08
105,184,220,21120,0.45,0.5625,0.0,0,0,0,0,0,0,1.551354243889747,0.9628593830192372,1.0194434886001016,0.9628593830192372,1.0194434886001016,0,0.0,0,0.0,0.0,0,0,0,0,0.020909500002744608,0.21780729169525634,0.0,0.0,0.0,0.0,1.1689858999743592,12.176936458066242,0.07499200000893325,1.1898953999771038,96,9.913437945541226e-08,9.469689490892996e-08
105,185,221,21216,0.45,0.5625,0.0,0,0,0,0,0,0,1.8663909932047884,0.9627261583123291,1.0045925922407002,0.9627261583123291,1.0045925922407002,0,0.0,0,0.0,0.0,0,0,0,0,0.02176720003626542,0.22674166704443147,0.0,0.0,0.0,0.0,1.211609599973599,12.620933333058323,0.07824770001025172,1.2333768000098644,96,8.437999624542891e-08,9.827331171052833e-08
105,186,222,21312,0.45,0.5625,0.0,0,0,0,0,0,0,1.9527852097509717,0.9623284722573635,1.0023781632247495,0.9623284722573635,1.0023781632247495,0,0.0,0,0.0,0.0,0,0,0,0,0.021859199972823262,0.227699999716909,0.0,0.0,0.0,0.0,1.2505693999919458,13.026764583249436,0.08049930001288885,1.272428599964769,96,9.253284036572773e-08,9.553358937264278e-08
105,187,223,21408,0.45,0.5625,0.0,0,0,0,0,0,0,1.0768330941778899,0.9684122952225447,1.004355636949708,0.9684122952225447,1.004355636949708,0,0.0,0,0.0,0.0,0,0,0,0,0.021579100022790954,0.22478229190407242,0.0,0.0,0.0,0.0,1.2140289000308258,12.646134375321102,0.0777247999649262,1.2356080000536167,96,9.954274317151846e-08,3.916881000098904e-08
105,188,224,21504,0.45,0.5625,0.0,0,0,0,0,0,0,0.8403807375148724,0.9692602191276556,1.0203339662801043,0.9692602191276556,1.0203339662801043,0,0.0,0,0.0,0.0,0,0,0,0,0.020746600013808347,0.2161104168105036,0.0,0.0,0.0,0.0,1.1385338999243686,11.859728124212173,0.07473110002320027,1.159280499938177,96,9.348110935510079e-08,2.8513410799124728e-08
105,189,225,21600,0.45,0.5625,0.0,0,0,0,0,0,0,1.3303112097010001,0.963696693414916,1.0267249144301127,0.963696693414916,1.0267249144301127,0,0.0,0,0.0,0.0,0,0,0,0,0.020632899999327492,0.21492604165966137,0.0,0.0,0.0,0.0,1.0600795000209473,11.042494791884868,0.0685090999759268,1.0807124000202748,96,9.962293582091442e-08,5.62202444320814e-08
105,190,226,21696,0.45,0.5625,0.0,0,0,0,0,0,0,1.4202966284781764,0.9633740060782648,1.022038431816636,0.9633740060782648,1.022038431816636,0,0.0,0,0.0,0.0,0,0,0,0,0.022928999933355954,0.2388437493057912,0.0,0.0,0.0,0.0,1.2879280999986804,13.415917708319588,0.08183590001863195,1.3108570999320364,96,9.866751082832081e-08,7.808024782285372e-08
105,191,227,21792,0.45,0.5625,0.0,0,0,0,0,0,0,1.569119594612456,0.9625455681609271,1.017042844270275,0.9625455681609271,1.017042844270275,0,0.0,0,0.0,0.0,0,0,0,0,0.02139149996219203,0.22282812460616697,0.0,0.0,0.0,0.0,1.1136504000460263,11.600525000479442,0.07466279994696379,1.1350419000082184,96,9.827706357046218e-08,9.96721169488346e-08
105,192,228,21888,0.45,0.5625,0.0,0,0,0,0,0,0,1.6280182503449405,0.9628629836848076,1.0138391274193963,0.9628629836848076,1.0138391274193963,0,0.0,0,0.0,0.0,0,0,0,0,0.020073300001968164,0.2090968750205017,0.0,0.0,0.0,0.0,1.1098355999711202,11.560787499699169,0.0719329000057769,1.1299088999730884,96,9.986317772714415e-08,9.346718843339374e-08
105,193,229,21984,0.45,0.5625,0.0,0,0,0,0,0,0,1.5972269953109408,0.9629085888929251,1.0094560553007241,0.9629085888929251,1.0094560553007241,0,0.0,0,0.0,0.0,0,0,0,0,0.020282200042856857,0.21127291711309226,0.0,0.0,0.0,0.0,1.1168447999225464,11.633799999193192,0.07187770006567007,1.1371269999654032,96,9.962189045920056e-08,9.475233708755582e-08
105,194,230,22080,0.45,0.5625,0.0,0,0,0,0,0,0,1.0252983192582663,0.968395721804121,1.0190052557754683,0.968395721804121,1.0190052557754683,0,0.0,0,0.0,0.0,0,0,0,0,0.02014990002498962,0.20989479192697522,0.0,0.0,0.0,0.0,1.0831918999610934,11.283248957928057,0.06921100002364255,1.103341799986083,96,9.759888694102492e-08,3.538849012441059e-08
105,195,231,22176,0.45,0.5625,0.0,0,0,0,0,0,0,0.8743461321439805,0.9685904305077419,1.0229292461028396,0.9685904305077419,1.0229292461028396,0,0.0,0,0.0,0.0,0,0,0,0,0.020269199965696316,0.21113749964266995,0.0,0.0,0.0,0.0,1.11709890000202,11.636446875021042,0.07365779997780919,1.1373680999677163,96,9.277239150506933e-08,6.33130860239195e-08
105,196,232,22272,0.45,0.5625,0.0,0,0,0,0,0,0,1.4505602164625608,0.9632011365398179,1.01623072198482,0.9632011365398179,1.01623072198482,0,0.0,0,0.0,0.0,0,0,0,0,0.0222734000053606,0.2320145833891729,0.0,0.0,0.0,0.0,1.2243306999735069,12.753444791390697,0.07958360000338871,1.2466040999788675,96,9.997338734635264e-08,9.550682592007753e-08
105,197,235,22560,0.45,0.5625,0.0,0,0,0,0,0,0,1.6100503296615505,0.9627822583551501,1.0141938418409586,0.9627822583551501,1.0141938418409586,0,0.0,0,0.0,0.0,0,0,0,0,0.020145900052739307,0.20985312554936777,0.0,0.0,0.0,0.0,1.0528365999489324,10.967047916134712,0.06870190002518939,1.0729825000016717,96,9.801306044554536e-08,8.964843326020322e-08
105,198,236,22656,0.45,0.5625,0.0,0,0,0,0,0,0,1.497320428259002,0.9630260662934247,1.022467903290178,0.9630260662934247,1.022467903290178,0,0.0,0,0.0,0.0,0,0,0,0,0.02091259998269379,0.21783958315306032,0.0,0.0,0.0,0.0,1.1235554000377306,11.70370208372636,0.06994599998142803,1.1444680000204244,96,9.283966269368893e-08,8.832135162117893e-08
105,199,237,22752,0.45,0.5625,0.0,0,0,0,0,0,0,1.0468204655484814,0.9681495731341386,1.0234814715701201,0.9681495731341386,1.0234814715701201,0,0.0,0,0.0,0.0,0,0,0,0,0.020519799953035545,0.2137479161774536,0.0,0.0,0.0,0.0,1.1290965000225697,11.7614218752351,0.0725958999901195,1.1496162999756052,96,9.997415631457507e-08,8.348514719813682e-08
105,200,238,22848,0.45,0.5625,0.0,0,0,0,0,0,0,0.9047026918070945,0.9682883068000256,1.0236046651876887,0.9682883068000256,1.0236046651876887,0,0.0,0,0.0,0.0,0,0,0,0,0.021911400028329808,0.22824375029510216,0.0,0.0,0.0,0.0,1.2853525999962585,13.389089583294359,0.08352799999556737,1.3072640000245883,96,9.748778645457534e-08,6.138508229502904e-08
105,201,239,22944,0.45,0.5625,0.0,0,0,0,0,0,0,1.5018208511239706,0.9628269705712581,1.0220615185374364,0.9628269705712581,1.0220615185374364,0,0.0,0,0.0,0.0,0,0,0,0,0.018887699996412266,0.19674687496262777,0.0,0.0,0.0,0.0,1.0599092999764252,11.04072187475443,0.06868960001156665,1.0787969999728375,96,9.978929460530139e-08,9.139469528407496e-08
105,202,240,23040,0.45,0.5625,0.0,0,0,0,0,0,0,1.6079971747934156,0.9626044643129835,1.025558478632765,0.9626044643129835,1.025558478632765,0,0.0,0,0.0,0.0,0,0,0,0,0.022504800035676453,0.23442500037162972,0.0,0.0,0.0,0.0,1.3653722999733873,14.222628124722783,0.09045600002718857,1.3878771000090637,96,9.970737652187367e-08,9.818162172159361e-08
105,203,241,23136,0.45,0.5625,0.0,0,0,0,0,0,0,1.705381486055696,0.9626777760242771,1.015566674637464,0.9626777760242771,1.015566674637464,0,0.0,0,0.0,0.0,0,0,0,0,0.020229499990819022,0.21072395823769816,0.0,0.0,0.0,0.0,1.1544378000762663,12.025393750794441,0.0737975999727496,1.1746673000670853,96,9.912508598663994e-08,8.791256542184378e-08
105,204,243,23328,0.45,0.5625,0.0,0,0,0,0,0,0,1.6719136439191615,0.9625806231009905,1.0045463501497067,0.9625806231009905,1.0045463501497067,0,0.0,0,0.0,0.0,0,0,0,0,0.02057269999932032,0.21429895832625334,0.0,0.0,0.0,0.0,1.203006599964283,12.531318749627948,0.07692230003158329,1.2235792999636033,96,9.312236315395239e-08,9.323531086069536e-08
105,205,246,23616,0.45,0.5625,0.0,0,0,0,0,0,0,1.5235544081177124,0.9626328910505217,1.0221601122115773,0.9626328910505217,1.0221601122115773,0,0.0,0,0.0,0.0,0,0,0,0,0.020606099984433968,0.21464687483785383,0.0,0.0,0.0,0.0,1.1876128000149038,12.370966666821914,0.07715900000039255,1.2082188999993377,96,9.988745316991121e-08,8.02011471123798e-08
105,206,247,23712,0.45,0.5625,0.0,0,0,0,0,0,0,1.709530669267951,0.9622887967226851,1.0155099875388924,0.9622887967226851,1.0155099875388924,0,0.0,0,0.0,0.0,0,0,0,0,0.019479100024909712,0.20290729192614285,0.0,0.0,0.0,0.0,1.1259051999732037,11.72817916638754,0.07236209999973653,1.1453842999981134,96,9.898803242369691e-08,9.877890824738778e-08
105,207,248,23808,0.45,0.5625,0.0,0,0,0,0,0,0,2.0187607261752727,0.9619492648484491,1.0114581484926646,0.9619492648484491,1.0114581484926646,0,0.0,0,0.0,0.0,0,0,0,0,0.021182500022405293,0.22065104190005513,0.0,0.0,0.0,0.0,1.2925374000478769,13.463931250498717,0.08273439997719834,1.3137199000702822,96,8.331632046602866e-08,8.981328264434651e-08
105,208,249,23904,0.45,0.5625,0.0,0,0,0,0,0,0,1.790671017969646,0.9621793269534976,1.0068724040033004,0.9621793269534976,1.0068724040033004,0,0.0,0,0.0,0.0,0,0,0,0,0.021025099988037255,0.2190114582087214,0.0,0.0,0.0,0.0,1.1553187999670627,12.034570832990235,0.0735253000020748,1.1763438999551,96,9.083630576021962e-08,9.671361184127036e-08
105,209,250,24000,0.45,0.5625,0.0,0,0,0,0,0,0,1.9883980970219606,0.9619213589671918,1.0082824022407373,0.9619213589671918,1.0082824022407373,0,0.0,0,0.0,0.0,0,0,0,0,0.018652199978532735,0.19429374977638267,0.0,0.0,0.0,0.0,1.0102062000660226,10.522981250687735,0.0645935999637004,1.0288584000445553,96,7.89306932834355e-08,9.309690365832957e-08
105,210,252,24192,0.45,0.5625,0.0,0,0,0,0,0,0,0.961665547681527,0.9668953436553297,1.0168225747134356,0.9668953436553297,1.0168225747134356,0,0.0,0,0.0,0.0,0,0,0,0,0.01891500000783708,0.19703125008163624,0.0,0.0,0.0,0.0,1.093446400060202,11.390066667293771,0.07131489995663287,1.112361400068039,96,9.8155199740671e-08,2.775578447633542e-08
105,211,253,24288,0.45,0.5625,0.0,0,0,0,0,0,0,1.903599013319187,0.9618840953048572,1.0079125994783835,0.9618840953048572,1.0079125994783835,0,0.0,0,0.0,0.0,0,0,0,0,0.02167399999598274,0.22577083329148687,0.0,0.0,0.0,0.0,1.3449210999970092,14.009594791635513,0.08832670001720544,1.366595099992992,96,9.810448817031137e-08,9.807279641171895e-08
105,212,254,24384,0.45,0.5625,0.0,0,0,0,0,0,0,2.000194386605111,0.9617863036251283,1.010288129312426,0.9617863036251283,1.010288129312426,0,0.0,0,0.0,0.0,0,0,0,0,0.020307699996919837,0.21153854163458163,0.0,0.0,0.0,0.0,1.178789699995832,12.279059374956583,0.07443280002189567,1.1990973999927519,96,4.366134400204946e-08,9.299150019459468e-08
105,213,256,24576,0.45,0.5625,0.0,0,0,0,0,0,0,2.3763832898354993,0.9617266608534081,1.0075452524895834,0.9617266608534081,1.0075452524895834,0,0.0,0,0.0,0.0,0,0,0,0,0.019879400002537295,0.2070770833597635,0.0,0.0,0.0,0.0,1.1200400999659905,11.667084374645734,0.07300310005666688,1.1399194999685278,96,7.201396909350954e-08,9.74246114338051e-08
105,214,257,24672,0.45,0.5625,0.0,0,0,0,0,0,0,1.7573182166947845,0.9616432736719562,1.0102815245760548,0.9616432736719562,1.0102815245760548,0,0.0,0,0.0,0.0,0,0,0,0,0.018514200048230123,0.1928562505023971,0.0,0.0,0.0,0.0,1.0722454000715516,11.169222917411995,0.06934609996824292,1.0907596001197817,96,9.938352044103205e-08,8.968172787726658e-08
105,215,258,24768,0.45,0.5625,0.0,0,0,0,0,0,0,1.157526839053325,0.9657361807837845,1.0096269385535217,0.9657361807837845,1.0096269385535217,0,0.0,0,0.0,0.0,0,0,0,0,0.01989510000566952,0.2072406250590575,0.0,0.0,0.0,0.0,1.084323900002346,11.295040625024436,0.06978589999926044,1.1042190000080154,96,9.341904937121281e-08,4.045853485568074e-08
105,216,259,24864,0.45,0.5625,0.0,0,0,0,0,0,0,0.9806064547391782,0.9662845654609612,1.0214028955152528,0.9662845654609612,1.0214028955152528,0,0.0,0,0.0,0.0,0,0,0,0,0.020370399972307496,0.21219166637820308,0.0,0.0,0.0,0.0,1.1702179000203614,12.189769791878765,0.0748149999853922,1.190588299992669,96,9.679081411362311e-08,4.801347951166601e-08
105,217,260,24960,0.45,0.5625,0.0,0,0,0,0,0,0,1.842295506622224,0.961978472013139,1.008756099716662,0.961978472013139,1.008756099716662,0,0.0,0,0.0,0.0,0,0,0,0,0.022066099969379138,0.229855208014366,0.0,0.0,0.0,0.0,1.2623081000419916,13.149042708770745,0.08335320000333013,1.2843742000113707,96,9.988972834648613e-08,9.153501290271038e-08
105,218,261,25056,0.45,0.5625,0.0,0,0,0,0,0,0,1.9768996530167608,0.9617379363962684,1.00823272165791,0.9617379363962684,1.00823272165791,0,0.0,0,0.0,0.0,0,0,0,0,0.023300399974687025,0.24271249973632317,0.0,0.0,0.0,0.0,1.3856310999763082,14.433657291419877,0.08790460000454914,1.4089314999509952,96,8.880696196651716e-08,8.882528768072717e-08
105,219,262,25152,0.45,0.5625,0.0,0,0,0,0,0,0,2.060861106783567,0.9616065624301275,1.0095424745902233,0.9616065624301275,1.0095424745902233,0,0.0,0,0.0,0.0,0,0,0,0,0.018864599995140452,0.1965062499493797,0.0,0.0,0.0,0.0,1.064606200059643,11.089647917287948,0.06841669996356359,1.0834708000547835,96,9.134604663819934e-08,9.834256547991416e-08
105,220,263,25248,0.45,0.5625,0.0,0,0,0,0,0,0,1.8523842675790099,0.9618436541269516,1.0138673709707215,0.9618436541269516,1.0138673709707215,0,0.0,0,0.0,0.0,0,0,0,0,0.019920900005672593,0.2075093750590895,0.0,0.0,0.0,0.0,1.1473077999107772,11.951122915737264,0.07538980006211204,1.1672286999164498,96,9.926769801993363e-08,9.564976061193775e-08
105,221,264,25344,0.45,0.5625,0.0,0,0,0,0,0,0,1.789033429150887,0.9618072492074734,1.0117880842064533,0.9618072492074734,1.0117880842064533,0,0.0,0,0.0,0.0,0,0,0,0,0.01862360001541674,0.19399583349392438,0.0,0.0,0.0,0.0,1.0377364000232774,10.809754166909139,0.06602370000473456,1.0563600000386941,96,9.878267308305322e-08,9.277436360810576e-08
105,222,265,25440,0.45,0.5625,0.0,0,0,0,0,0,0,1.18114587931509,0.9649218534965729,1.0181327257039106,0.9649218534965729,1.0181327257039106,0,0.0,0,0.0,0.0,0,0,0,0,0.02168830000300659,0.2259197916979853,0.0,0.0,0.0,0.0,1.3290457999974024,13.844227083306274,0.0846673999549239,1.350734100000409,96,9.652225603853926e-08,4.057976295268606e-08
105,223,266,25536,0.45,0.5625,0.0,0,0,0,0,0,0,1.0600566126538478,0.9654407103228944,1.0122774722997117,0.9654407103228944,1.0122774722997117,0,0.0,0,0.0,0.0,0,0,0,0,0.02123489998484729,0.22119687484215925,0.0,0.0,0.0,0.0,1.287694399994507,13.413483333276114,0.08493769998312928,1.3089292999793543,96,8.915301377568699e-08,3.332593326299538e-08
105,224,267,25632,0.45,0.5625,0.0,0,0,0,0,0,0,1.9986164599725695,0.9619210235512676,1.009372183286336,0.9619210235512676,1.009372183286336,0,0.0,0,0.0,0.0,0,0,0,0,0.018907199992099777,0.196949999917706,0.0,0.0,0.0,0.0,1.0589633000272443,11.030867708617128,0.07056059997557895,1.077870500019344,96,9.957186493728121e-08,9.603653455814154e-08
105,225,269,25824,0.45,0.5625,0.0,0,0,0,0,0,0,2.047001176548511,0.9613739875796684,1.0120812168593338,0.9613739875796684,1.0120812168593338,0,0.0,0,0.0,0.0,0,0,0,0,0.01906190004228847,0.19856145877383824,0.0,0.0,0.0,0.0,1.0743032999744173,11.190659374733514,0.06830630002514226,1.0933652000167058,96,9.953715129906726e-08,9.922007035423341e-08
105,226,270,25920,0.45,0.5625,0.0,0,0,0,0,0,0,2.1651510223682915,0.9612612119858843,1.0089732852633457,0.9612612119858843,1.0089732852633457,0,0.0,0,0.0,0.0,0,0,0,0,0.019054500007769093,0.19848437508092806,0.0,0.0,0.0,0.0,1.0498612999799661,10.936055208124648,0.06741309998324141,1.0689157999877352,96,8.199934595047587e-08,9.325360580958453e-08
105,227,272,26112,0.45,0.5625,0.0,0,0,0,0,0,0,1.2613315030265844,0.9641711064253491,1.0098225105823286,0.9641711064253491,1.0098225105823286,0,0.0,0,0.0,0.0,0,0,0,0,0.018341000024520326,0.1910520835887534,0.0,0.0,0.0,0.0,0.9918280000129016,10.331541666801058,0.06403699995280476,1.010169000037422,96,9.751532588364586e-08,4.345521845139366e-08
105,228,273,26208,0.45,0.5625,0.0,0,0,0,0,0,0,1.020306893924445,0.9662989311690037,1.0130570499217761,0.9662989311690037,1.0130570499217761,0,0.0,0,0.0,0.0,0,0,0,0,0.020382899965625256,0.21232187464192975,0.0,0.0,0.0,0.0,1.2026216999947792,12.527309374945617,0.07806029998755548,1.2230045999604044,96,9.273769445081181e-08,2.7796980966998674e-08
105,229,274,26304,0.45,0.5625,0.0,0,0,0,0,0,0,1.7338234368476135,0.962534931996873,1.0029074576379966,0.962534931996873,1.0029074576379966,0,0.0,0,0.0,0.0,0,0,0,0,0.02113739999185782,0.22018124991518562,0.0,0.0,0.0,0.0,1.195832600016729,12.456589583507593,0.07879470000625588,1.2169700000085868,96,9.175551676093852e-08,9.873439496543845e-08
105,230,275,26400,0.45,0.5625,0.0,0,0,0,0,0,0,1.2194279479862262,0.9638471336008799,1.0093760893327777,0.9638471336008799,1.0093760893327777,0,0.0,0,0.0,0.0,0,0,0,0,0.020901199997751974,0.2177208333099164,0.0,0.0,0.0,0.0,1.1750011999392882,12.23959583270092,0.07553450002160389,1.1959023999370402,96,9.477718785136369e-08,4.7675715458828094e-08
105,231,276,26496,0.45,0.5625,0.0,0,0,0,0,0,0,2.218187846697811,0.9611149768404315,1.0096899441876535,0.9611149768404315,1.0096899441876535,0,0.0,0,0.0,0.0,0,0,0,0,0.0202857999902335,0.2113104165649323,0.0,0.0,0.0,0.0,1.0837967999759712,11.2895499997497,0.0691439999936847,1.1040825999662047,96,8.879818743159906e-08,9.79268327538918e-08
105,232,278,26688,0.45,0.5625,0.0,0,0,0,0,0,0,2.371648085439039,0.9605657482643966,1.009878582879882,0.9605657482643966,1.009878582879882,0,0.0,0,0.0,0.0,0,0,0,0,0.020485799963353202,0.21339374961826252,0.0,0.0,0.0,0.0,1.1877052999843727,12.371930208170548,0.07684030001837527,1.2081910999477259,96,7.863177764293183e-08,9.945236301156513e-08
105,233,280,26880,0.45,0.5625,0.0,0,0,0,0,0,0,1.1856477304114525,0.9639629327686239,1.0041380980721448,0.9639629327686239,1.0041380980721448,0,0.0,0,0.0,0.0,0,0,0,0,0.019931300019379705,0.20761770853520525,0.0,0.0,0.0,0.0,1.1779991999574122,12.270824999556377,0.07529140000406187,1.197930499976792,96,9.792406528881525e-08,4.4358983569692256e-08
105,234,281,26976,0.45,0.5625,0.0,0,0,0,0,0,0,2.3432754581114015,0.9610129387454557,1.0092759476912108,0.9610129387454557,1.0092759476912108,0,0.0,0,0.0,0.0,0,0,0,0,0.01878450004005572,0.19567187541724707,0.0,0.0,0.0,0.0,1.060502299995278,11.046898958284146,0.0685196999766049,1.0792868000353337,96,8.826851273339986e-08,9.131114642180194e-08
105,235,283,27168,0.45,0.5625,0.0,0,0,0,0,0,0,2.5974895105618767,0.9606488916660165,1.0108330174120796,0.9606488916660165,1.0108330174120796,0,0.0,0,0.0,0.0,0,0,0,0,0.02083220002532471,0.21700208359713238,0.0,0.0,0.0,0.0,1.1278065999722457,11.74798541637756,0.07291490003990475,1.1486387999975705,96,9.758941897641815e-08,7.806223889517128e-08
105,236,286,27456,0.45,0.5625,0.0,0,0,0,0,0,0,1.2976249843158205,0.963046450765961,1.0174929200348393,0.963046450765961,1.0174929200348393,0,0.0,0,0.0,0.0,0,0,0,0,0.01990150001802249,0.20730729185440092,0.0,0.0,0.0,0.0,1.0959341999914614,11.415981249911056,0.07033100000990089,1.1158357000094838,96,9.813135580169496e-08,6.723338122349709e-08
105,237,288,27648,0.45,0.5625,0.0,0,0,0,0,0,0,2.0379870783313647,0.960951687997529,1.013636880181946,0.960951687997529,1.013636880181946,0,0.0,0,0.0,0.0,0,0,0,0,0.01831770002900157,0.1908093753020997,0.0,0.0,0.0,0.0,1.016209599976719,10.585516666424155,0.06640680001146393,1.0345273000057205,96,9.949176760226663e-08,9.76204773961431e-08
105,238,290,27840,0.45,0.5625,0.0,0,0,0,0,0,0,2.2959259707196193,0.9607180045801573,1.0129915623652892,0.9607180045801573,1.0129915623652892,0,0.0,0,0.0,0.0,0,0,0,0,0.02012179994926555,0.2096020828048495,0.0,0.0,0.0,0.0,1.1030017999364645,11.489602082671505,0.06851230000029318,1.12312359988573,96,9.596704079843643e-08,9.385544036399907e-08
105,239,292,28032,0.45,0.5625,0.0,0,0,0,0,0,0,2.514967935543874,0.9606070771584148,1.0110176016498738,0.9606070771584148,1.0110176016498738,0,0.0,0,0.0,0.0,0,0,0,0,0.018079699962981977,0.18833020794772892,0.0,0.0,0.0,0.0,1.0116408000394586,10.537925000411027,0.06546109995542793,1.0297205000024405,96,9.336607480203707e-08,9.656426436244203e-08
105,240,294,28224,0.45,0.5625,0.0,0,0,0,0,0,0,1.2742540630387937,0.963555903224585,1.0028103462557774,0.963555903224585,1.0028103462557774,0,0.0,0,0.0,0.0,0,0,0,0,0.019966600004408974,0.2079854167125935,0.0,0.0,0.0,0.0,1.1554563000390772,12.036003125407055,0.07482370004436234,1.1754229000434862,96,9.340661608764345e-08,5.679355721821544e-08
105,241,295,28320,0.45,0.5625,0.0,0,0,0,0,0,0,2.839667730269898,0.961051273587758,1.00647144883844,0.961051273587758,1.00647144883844,0,0.0,0,0.0,0.0,0,0,0,0,0.019885600020643324,0.2071416668817013,0.0,0.0,0.0,0.0,1.0418501999956788,10.852606249954988,0.06535770001937635,1.0617358000163222,96,9.801846789954383e-08,9.9533048192324e-08
105,242,297,28512,0.45,0.5625,0.0,0,0,0,0,0,0,2.8382563445497726,0.9605840988270651,1.0103870051349042,0.9605840988270651,1.0103870051349042,0,0.0,0,0.0,0.0,0,0,0,0,0.019260900000517722,0.20063437500539294,0.0,0.0,0.0,0.0,1.1016982999863103,11.476023958190732,0.07045299999299459,1.120959199986828,96,9.949364608227707e-08,8.870123399673524e-08
105,243,298,28608,0.45,0.5625,0.0,0,0,0,0,0,0,2.672677402456774,0.9607489782898065,1.009431709299353,0.9607489782898065,1.009431709299353,0,0.0,0,0.0,0.0,0,0,0,0,0.01894630001334008,0.1973572918056258,0.0,0.0,0.0,0.0,1.057076299955952,11.0112114578745,0.06703690004360396,1.076022599969292,96,9.662187988070114e-08,9.656521651746353e-08
105,244,300,28800,0.45,0.5625,0.0,0,0,0,0,0,0,1.6768909931479477,0.9626398110354111,1.0006356125205007,0.9626398110354111,1.0006356125205007,0,0.0,0,0.0,0.0,0,0,0,0,0.018585700003313832,0.19360104170118575,0.0,0.0,0.0,0.0,1.0418041000230005,10.852126041906255,0.06844419996923534,1.0603898000263143,96,9.082156974399291e-08,9.033347833642402e-08
105,245,302,28992,0.45,0.5625,0.0,0,0,0,0,0,0,1.748419484538881,0.9621732376684288,1.0053095950412927,0.9621732376684288,1.0053095950412927,0,0.0,0,0.0,0.0,0,0,0,0,0.020495399992796592,0.2134937499249645,0.0,0.0,0.0,0.0,1.1738089000136824,12.227176041809193,0.07532850000279723,1.194304300006479,96,9.287607655172891e-08,9.908969464400563e-08
105,246,303,29088,0.45,0.5625,0.0,0,0,0,0,0,0,1.3531143732484827,0.9635343425949007,1.004228923074504,0.9635343425949007,1.004228923074504,0,0.0,0,0.0,0.0,0,0,0,0,0.01958439998270478,0.20400416648650813,0.0,0.0,0.0,0.0,1.1195220999870799,11.661688541532081,0.07112440001947107,1.1391064999697846,96,9.897920302814889e-08,6.334505489591358e-08
105,247,304,29184,0.45,0.5625,0.0,0,0,0,0,0,0,1.9782208636376362,0.9612556897872142,1.0018802388864598,0.9612556897872142,1.0018802388864598,0,0.0,0,0.0,0.0,0,0,0,0,0.01978619997680653,0.20610624975840133,0.0,0.0,0.0,0.0,1.1908230000117328,12.404406250122216,0.0755531000031624,1.2106091999885393,96,8.804758391996181e-08,9.192513736322461e-08
105,248,305,29280,0.45,0.5625,0.0,0,0,0,0,0,0,2.5709814782961584,0.9613871747429514,1.0079126744818443,0.9613871747429514,1.0079126744818443,0,0.0,0,0.0,0.0,0,0,0,0,0.020627500030968804,0.21486979198925837,0.0,0.0,0.0,0.0,1.1728197000556975,12.216871875580182,0.07643439998355461,1.1934472000866663,96,9.146422071983074e-08,9.438529277594476e-08
105,249,306,29376,0.45,0.5625,0.0,0,0,0,0,0,0,2.4751793206264323,0.9614052548790387,1.0075097613258122,0.9614052548790387,1.0075097613258122,0,0.0,0,0.0,0.0,0,0,0,0,0.018715700003667735,0.1949552083715389,0.0,0.0,0.0,0.0,1.0468762000091374,10.904960416761847,0.06720719997974811,1.0655919000128051,96,9.442317218041896e-08,9.933435712872196e-08
105,250,307,29472,0.45,0.5625,0.0,0,0,0,0,0,0,1.610372897858553,0.9619569139198951,1.0040740630818294,0.9619569139198951,1.0040740630818294,0,0.0,0,0.0,0.0,0,0,0,0,0.01975020003010286,0.20573125031357145,0.0,0.0,0.0,0.0,1.1157916000011028,11.622829166678153,0.07222450001427205,1.1355418000312056,96,9.787225429408464e-08,8.862430470046867e-08
105,251,309,29664,0.45,0.5625,0.0,0,0,0,0,0,0,2.823680260814538,0.9607371868328709,1.007017245006914,0.9607371868328709,1.007017245006914,0,0.0,0,0.0,0.0,0,0,0,0,0.019861099994159304,0.20688645827249275,0.0,0.0,0.0,0.0,1.129139500000747,11.761869791674448,0.07201210004859604,1.1490005999949062,96,9.683389403693232e-08,8.81802300622958e-08
105,252,310,29760,0.45,0.5625,0.0,0,0,0,0,0,0,3.1681738303059115,0.9608164018559721,1.0059733558522563,0.9608164018559721,1.0059733558522563,0,0.0,0,0.0,0.0,0,0,0,0,0.021148900043044705,0.220301042115049,0.0,0.0,0.0,0.0,1.2440724999978556,12.959088541644329,0.0796170999892638,1.2652214000409003,96,9.993737362830324e-08,7.625315448511749e-08
105,253,312,29952,0.45,0.5625,0.0,0,0,0,0,0,0,3.272788571023608,0.9608197525921364,1.0036402049093955,0.9608197525921364,1.0036402049093955,0,0.0,0,0.0,0.0,0,0,0,0,0.02016190002177609,0.21001979189350095,0.0,0.0,0.0,0.0,1.1528031999769155,12.008366666426204,0.0722501999916858,1.1729650999986916,96,9.986063028300917e-08,9.495266919956613e-08
105,254,313,30048,0.45,0.5625,0.0,0,0,0,0,0,0,3.367211639597545,0.960654167902799,1.0037897336810222,0.960654167902799,1.0037897336810222,0,0.0,0,0.0,0.0,0,0,0,0,0.01863030000095023,0.1940656250098982,0.0,0.0,0.0,0.0,1.0231707000930328,10.658028125969091,0.06525909992342349,1.041801000093983,96,8.684554578079762e-08,8.925586422736664e-08
105,255,314,30144,0.45,0.5625,0.0,0,0,0,0,0,0,1.9948628719877957,0.9624897244408613,1.0,0.9624897244408613,1.0,0,0.0,0,0.0,0.0,0,0,0,0,0.02022889997897437,0.21071770811431634,0.0,0.0,0.0,0.0,1.1128282999634393,11.591961457952493,0.0731703000201378,1.1330571999424137,96,4.774687836078817e-08,9.931880845526209e-08
105,256,315,30240,0.45,0.5625,0.0,0,0,0,0,0,0,1.6161646001903809,0.9628839602849738,1.0,0.9628839602849738,1.0,0,0.0,0,0.0,0.0,0,0,0,0,0.019339400008902885,0.2014520834260717,0.0,0.0,0.0,0.0,1.1232063999850652,11.700066666511097,0.07427239999378799,1.142545799993968,96,9.786941974725127e-08,9.131373615578475e-08
105,257,316,30336,0.45,0.5625,0.0,0,0,0,0,0,0,3.0581254865166545,0.9604620016169436,1.008840381387646,0.9604620016169436,1.008840381387646,0,0.0,0,0.0,0.0,0,0,0,0,0.0203060000349069,0.21152083369694688,0.0,0.0,0.0,0.0,1.1588172999836388,12.071013541496237,0.07309720003104303,1.1791233000185457,96,9.780916865494149e-08,9.813276066750198e-08
105,258,317,30432,0.45,0.5625,0.0,0,0,0,0,0,0,3.1947640178198005,0.9604723824086098,1.0091044236047757,0.9604723824086098,1.0091044236047757,0,0.0,0,0.0,0.0,0,0,0,0,0.019322500011185184,0.201276041783179,0.0,0.0,0.0,0.0,1.121349300017755,11.680721875184949,0.07039079998503439,1.1406718000289402,96,9.675743594143513e-08,8.591005282165831e-08
105,259,320,30720,0.45,0.5625,0.0,0,0,0,0,0,0,3.12963837496419,0.9603838154076002,1.0080725105007773,0.9603838154076002,1.0080725105007773,0,0.0,0,0.0,0.0,0,0,0,0,0.018801999991410412,0.1958541665771918,0.0,0.0,0.0,0.0,1.0674010999209713,11.118761457510118,0.06876420004846295,1.0862030999123817,96,9.377019662484831e-08,8.392127895384682e-08
105,260,321,30816,0.45,0.5625,0.0,0,0,0,0,0,0,2.0939002541656357,0.9623065871651478,1.0,0.9623065871651478,1.0,0,0.0,0,0.0,0.0,0,0,0,0,0.02111039999726927,0.21989999997155488,0.0,0.0,0.0,0.0,1.2218192999789608,12.727284374780842,0.0800223000042024,1.24292969997623,96,4.559065907780435e-08,9.905303507973251e-08
105,261,322,30912,0.45,0.5625,0.0,0,0,0,0,0,0,1.5867131694737187,0.9627202066484608,1.0012025403840246,0.9627202066484608,1.0012025403840246,0,0.0,0,0.0,0.0,0,0,0,0,0.019641799975943286,0.20460208308274255,0.0,0.0,0.0,0.0,1.1109016000118572,11.57189166679018,0.07088680000742897,1.1305433999878005,96,9.980922487801136e-08,9.751550678060994e-08
105,262,323,31008,0.45,0.5625,0.0,0,0,0,0,0,0,3.5129878763633076,0.9602756889506863,1.0048689170890612,0.9602756889506863,1.0048689170890612,0,0.0,0,0.0,0.0,0,0,0,0,0.018665699994016904,0.1944343749376761,0.0,0.0,0.0,0.0,1.0764879000125802,11.213415625131043,0.06794550001359312,1.0951536000065971,96,9.421338514892241e-08,8.648360999563565e-08
105,263,324,31104,0.45,0.5625,0.0,0,0,0,0,0,0,3.5426550953172304,0.9605755905183962,1.0040395482754791,0.9605755905183962,1.0040395482754791,0,0.0,0,0.0,0.0,0,0,0,0,0.01931969996803673,0.20124687466704927,0.0,0.0,0.0,0.0,1.1533489000357804,12.014051042039378,0.07465929999307264,1.1726686000038171,96,8.996196974864201e-08,8.204957394064571e-08
105,264,325,31200,0.45,0.5625,0.0,0,0,0,0,0,0,3.1499853494176397,0.9602518571780398,1.0102790800968142,0.9602518571780398,1.0102790800968142,0,0.0,0,0.0,0.0,0,0,0,0,0.0182583999921917,0.19019166658533018,0.0,0.0,0.0,0.0,0.9994368000188842,10.41080000019671,0.06452460000582505,1.017695200011076,96,9.935004739898556e-08,9.868677389168745e-08
105,265,326,31296,0.45,0.5625,0.0,0,0,0,0,0,0,3.373217405884749,0.9599374049960608,1.0099377864546648,0.9599374049960608,1.0099377864546648,0,0.0,0,0.0,0.0,0,0,0,0,0.01873290004004957,0.19513437541718304,0.0,0.0,0.0,0.0,1.066418699985661,11.108528124850636,0.06962670003122184,1.0851516000257106,96,9.534088655713258e-08,7.49794756838007e-08
105,266,327,31392,0.45,0.5625,0.0,0,0,0,0,0,0,3.1849044398614206,0.9605034828430398,1.0075164448334752,0.9605034828430398,1.0075164448334752,0,0.0,0,0.0,0.0,0,0,0,0,0.019677100019180216,0.20496979186646058,0.0,0.0,0.0,0.0,1.104514199985715,11.505356249851198,0.06961730002512923,1.1241913000048953,96,9.104773266918609e-08,9.383529786521905e-08
105,267,328,31488,0.45,0.5625,0.0,0,0,0,0,0,0,2.080147475850519,0.9624579632797061,1.0,0.9624579632797061,1.0,0,0.0,0,0.0,0.0,0,0,0,0,0.019383599967113696,0.20191249965743432,0.0,0.0,0.0,0.0,1.1514607000208343,11.99438229188369,0.07346789996518055,1.170844299987948,96,4.529003483876026e-08,9.877899456722794e-08
105,268,331,31776,0.45,0.5625,0.0,0,0,0,0,0,0,3.760076095119805,0.9601870991284566,1.0066332868777004,0.9601870991284566,1.0066332868777004,0,0.0,0,0.0,0.0,0,0,0,0,0.019533399994543288,0.20347291660982592,0.0,0.0,0.0,0.0,1.148287399977562,11.961327083099604,0.0744310000227415,1.1678207999721053,96,9.505739851506378e-08,9.122231997560348e-08
105,269,332,31872,0.45,0.5625,0.0,0,0,0,0,0,0,3.4540064141148186,0.9605270844305085,1.006584621323799,0.9605270844305085,1.006584621323799,0,0.0,0,0.0,0.0,0,0,0,0,0.02074919996812241,0.2161374996679418,0.0,0.0,0.0,0.0,1.1818582000487368,12.311022917174341,0.07761339995340677,1.2026074000168592,96,9.70495321259146e-08,9.201927095303652e-08
105,270,333,31968,0.45,0.5625,0.0,0,0,0,0,0,0,3.62748432513595,0.9606069631130849,1.0045913152241395,0.9606069631130849,1.0045913152241395,0,0.0,0,0.0,0.0,0,0,0,0,0.019404700033192057,0.20213229201241725,0.0,0.0,0.0,0.0,1.119857299963769,11.665180207955927,0.07117690002633026,1.139261999996961,96,9.265359909860216e-08,9.87124364193459e-08
105,271,334,32064,0.45,0.5625,0.0,0,0,0,0,0,0,3.352396182060135,0.9606496606974152,1.0057597124656106,0.9606496606974152,1.0057597124656106,0,0.0,0,0.0,0.0,0,0,0,0,0.01877590001822682,0.1955822918565294,0.0,0.0,0.0,0.0,1.0340217000120902,10.771059375125938,0.06578999997873325,1.052797600030317,96,9.728967008751366e-08,9.691673866218942e-08
105,272,335,32160,0.45,0.5625,0.0,0,0,0,0,0,0,2.186972900771722,0.9623765207655351,1.0,0.9623765207655351,1.0,0,0.0,0,0.0,0.0,0,0,0,0,0.01712999993469566,0.17843749931974648,0.0,0.0,0.0,0.0,0.9275306000345154,9.661777083692868,0.059538699948461726,0.944660599969211,96,4.2558314502713634e-08,9.696174793627499e-08
105,273,336,32256,0.45,0.5625,0.0,0,0,0,0,0,0,1.9445423783400322,0.9624592142259166,1.0,0.9624592142259166,1.0,0,0.0,0,0.0,0.0,0,0,0,0,0.02094489998125937,0.21817604147145175,0.0,0.0,0.0,0.0,1.1869978999748128,12.364561458070966,0.07786119999946095,1.2079427999560721,96,4.7512792901438505e-08,9.81125160282037e-08
105,274,337,32352,0.45,0.5625,0.0,0,0,0,0,0,0,3.960582093822208,0.9597969606008755,1.0051905253510722,0.9597969606008755,1.0051905253510722,0,0.0,0,0.0,0.0,0,0,0,0,0.020598299990524538,0.21456562490129727,0.0,0.0,0.0,0.0,1.1798864999727812,12.29048437471647,0.07519910003611585,1.2004847999633057,96,8.873872576857511e-08,7.779718730338558e-08
105,275,338,32448,0.45,0.5625,0.0,0,0,0,0,0,0,4.032667188999273,0.960213949821518,1.0050174989915566,0.960213949821518,1.0050174989915566,0,0.0,0,0.0,0.0,0,0,0,0,0.019201400042220484,0.20001458377313006,0.0,0.0,0.0,0.0,1.072505900003307,11.171936458367782,0.06807510000362527,1.0917073000455275,96,9.939724425478413e-08,8.489291367097529e-08
105,276,339,32544,0.45,0.5625,0.0,0,0,0,0,0,0,4.005618684224531,0.9599742050143211,1.0043679192764134,0.9599742050143211,1.0043679192764134,0,0.0,0,0.0,0.0,0,0,0,0,0.02056379998975899,0.21420624989332282,0.0,0.0,0.0,0.0,1.2445782999202493,12.96435729083593,0.07926040003803791,1.2651420999100083,96,9.210766589544395e-08,8.285971991872643e-08
105,277,340,32640,0.45,0.5625,0.0,0,0,0,0,0,0,3.6539894751137467,0.9601447555181829,1.0133632246858457,0.9601447555181829,1.0133632246858457,0,0.0,0,0.0,0.0,0,0,0,0,0.01904239995928947,0.1983583329092653,0.0,0.0,0.0,0.0,1.1270070999817108,11.739657291476155,0.07315600002038991,1.1460494999410002,96,9.84163509801933e-08,8.187320182928559e-08
105,278,343,32928,0.45,0.5625,0.0,0,0,0,0,0,0,1.9532724053852195,0.9623735261088344,1.0,0.9623735261088344,1.0,0,0.0,0,0.0,0.0,0,0,0,0,0.020131299941567704,0.20970104105799692,0.0,0.0,0.0,0.0,1.1612565000614268,12.096421875639862,0.07521639996411977,1.1813878000029945,96,4.7472553683231e-08,9.707902509648036e-08
105,279,344,33024,0.45,0.5625,0.0,0,0,0,0,0,0,3.941144791405306,0.9603504463306115,1.0034357814993455,0.9603504463306115,1.0034357814993455,0,0.0,0,0.0,0.0,0,0,0,0,0.01918110001133755,0.19980312511809947,0.0,0.0,0.0,0.0,1.1364402000108385,11.8379187501129,0.07335639998927945,1.155621300022176,96,9.9340063709763e-08,7.907284452213226e-08
105,280,345,33120,0.45,0.5625,0.0,0,0,0,0,0,0,4.048716037142083,0.9602171436039335,1.006077138518757,0.9602171436039335,1.006077138518757,0,0.0,0,0.0,0.0,0,0,0,0,0.01884389995393576,0.1962906245201642,0.0,0.0,0.0,0.0,1.0623114000627538,11.065743750653686,0.0693678999596159,1.0811553000166896,96,8.432741596155202e-08,8.746219568034341e-08
105,281,346,33216,0.45,0.5625,0.0,0,0,0,0,0,0,3.8127411604801247,0.9598948103885148,1.011828155703858,0.9598948103885148,1.011828155703858,0,0.0,0,0.0,0.0,0,0,0,0,0.019672300011734478,0.20491979178890082,0.0,0.0,0.0,0.0,1.173677500031772,12.225807291997626,0.07490309997228906,1.1933498000435065,96,9.629491929535883e-08,9.448986371118906e-08
105,282,347,33312,0.45,0.5625,0.0,0,0,0,0,0,0,3.9513222809147477,0.9602245059260277,1.0078671358825972,0.9602245059260277,1.0078671358825972,0,0.0,0,0.0,0.0,0,0,0,0,0.019652000009955373,0.20470833343703512,0.0,0.0,0.0,0.0,1.1552271999462391,12.033616666106658,0.075012000008428,1.1748791999561945,96,9.839858958887726e-08,9.622345600868165e-08
105,283,348,33408,0.45,0.5625,0.0,0,0,0,0,0,0,3.3686330761289063,0.9605697390019818,1.0066551727484974,0.9605697390019818,1.0066551727484974,0,0.0,0,0.0,0.0,0,0,0,0,0.019660999976622406,0.20480208308981673,0.0,0.0,0.0,0.0,1.1260762000019895,11.72996041668739,0.07282199997280259,1.145737199978612,96,9.685202494169598e-08,8.822165942223847e-08
105,284,349,33504,0.45,0.5625,0.0,0,0,0,0,0,0,2.1928347834968593,0.962323555060274,1.0,0.962323555060274,1.0,0,0.0,0,0.0,0.0,0,0,0,0,0.019545799965271726,0.20360208297158047,0.0,0.0,0.0,0.0,1.0865379000024404,11.318103125025422,0.06960650000837632,1.1060836999677122,96,4.684457028877875e-08,9.649553517343534e-08
105,285,351,33696,0.45,0.5625,0.0,0,0,0,0,0,0,3.544427410609191,0.9604817835943376,1.0056609176781088,0.9604817835943376,1.0056609176781088,0,0.0,0,0.0,0.0,0,0,0,0,0.02009449998877244,0.2093177082163796,0.0,0.0,0.0,0.0,1.128052099942579,11.750542707735198,0.07351009998819791,1.1481465999313514,96,8.823135675198324e-08,7.76680637859517e-08
105,286,352,33792,0.45,0.5625,0.0,0,0,0,0,0,0,3.595175208048698,0.9604655065393841,1.0033853263642765,0.9604655065393841,1.0033853263642765,0,0.0,0,0.0,0.0,0,0,0,0,0.02042519993847236,0.2127624993590871,0.0,0.0,0.0,0.0,1.241694499985897,12.934317708186427,0.08076040003652452,1.2621196999243693,96,9.939348533452574e-08,9.559936758885001e-08
105,287,353,33888,0.45,0.5625,0.0,0,0,0,0,0,0,3.371711932655944,0.9607940258027028,1.0028974933002825,0.9607940258027028,1.0028974933002825,0,0.0,0,0.0,0.0,0,0,0,0,0.021971900074277073,0.22887395910705285,0.0,0.0,0.0,0.0,1.2845569999553845,13.38080208286859,0.08369640000455547,1.3065289000296616,96,9.55093484595465e-08,9.389692745553901e-08
105,288,354,33984,0.45,0.5625,0.0,0,0,0,0,0,0,3.180392372264562,0.9611290684588111,1.002157465632087,0.9611290684588111,1.002157465632087,0,0.0,0,0.0,0.0,0,0,0,0,0.020926000019244384,0.217979166867129,0.0,0.0,0.0,0.0,1.1590680000299471,12.07362500031195,0.07488709998870036,1.1799940000491915,96,9.945628263660633e-08,8.119656183525059e-08
105,289,355,34080,0.45,0.5625,0.0,0,0,0,0,0,0,2.532373802399268,0.9617514674643335,1.0,0.9617514674643335,1.0,0,0.0,0,0.0,0.0,0,0,0,0,0.01954020002449397,0.2035437502551455,0.0,0.0,0.0,0.0,1.1242124000418698,11.710545833769478,0.07163369999761926,1.1437526000663638,96,6.816041798682337e-08,9.289354938046834e-08
105,290,356,34176,0.45,0.5625,0.0,0,0,0,0,0,0,1.7395369030284746,0.9626602842908386,1.0,0.9626602842908386,1.0,0,0.0,0,0.0,0.0,0,0,0,0,0.01966979994176654,0.20489374939340146,0.0,0.0,0.0,0.0,1.1049425000237534,11.509817708580764,0.07089070002257358,1.12461229996552,96,8.776296636474334e-08,9.626620264824304e-08
105,291,357,34272,0.45,0.5625,0.0,0,0,0,0,0,0,1.3154684203757534,0.9654054121698479,1.0,0.9654054121698479,1.0,0,0.0,0,0.0,0.0,0,0,0,0,0.018971899982716423,0.19762395815329606,0.0,0.0,0.0,0.0,1.0927452000323683,11.38276250033717,0.07063509998988593,1.1117171000150847,96,9.928133331074673e-08,3.405528359312626e-08
105,292,358,34368,0.45,0.5625,0.0,0,0,0,0,0,0,1.2276750637656084,0.9665351442177951,1.0003962996722937,0.9665351442177951,1.0003962996722937,0,0.0,0,0.0,0.0,0,0,0,0,0.019404500038945116,0.20213020873901164,0.0,0.0,0.0,0.0,1.069864899967797,11.14442604133122,0.06975479999528034,1.0892694000067422,96,9.989155179239428e-08,2.963727312177422e-08
105,293,359,34464,0.45,0.5625,0.0,0,0,0,0,0,0,1.2381469669627343,0.9657957596844654,1.002431417746026,0.9657957596844654,1.002431417746026,0,0.0,0,0.0,0.0,0,0,0,0,0.01833159998204792,0.19095416647966582,0.0,0.0,0.0,0.0,0.9996747999975923,10.413279166641587,0.06326040000567446,1.0180063999796403,96,9.917027120505406e-08,3.409705094659099e-08
105,294,360,34560,0.45,0.5625,0.0,0,0,0,0,0,0,1.7529283016641133,0.9626820441320321,1.000087923719218,0.9626820441320321,1.000087923719218,0,0.0,0,0.0,0.0,0,0,0,0,0.01893309993465664,0.19721979098600664,0.0,0.0,0.0,0.0,1.0909927999673528,11.364508332993259,0.07012560002476675,1.1099258999020094,96,9.921052591434221e-08,9.940259310114996e-08
105,295,361,34656,0.45,0.5625,0.0,0,0,0,0,0,0,1.8955393394055131,0.9623791087585404,1.0,0.9623791087585404,1.0,0,0.0,0,0.0,0.0,0,0,0,0,0.02132650004205061,0.22215104210469386,0.0,0.0,0.0,0.0,1.285261899967736,13.388144791330584,0.0826003000329365,1.3065884000097867,96,9.711002883772135e-08,9.522540145301406e-08
105,296,362,34752,0.45,0.5625,0.0,0,0,0,0,0,0,1.7336303294717923,0.9621284514373835,1.0022185446024938,0.9621284514373835,1.0022185446024938,0,0.0,0,0.0,0.0,0,0,0,0,0.01848850001260871,0.1925885417980074,0.0,0.0,0.0,0.0,1.04071930002101,10.84082604188552,0.06736019998061238,1.0592078000336187,96,8.493619153490672e-08,9.795518132738046e-08
105,297,363,34848,0.45,0.5625,0.0,0,0,0,0,0,0,1.5482114670044647,0.9632422147208446,1.0,0.9632422147208446,1.0,0,0.0,0,0.0,0.0,0,0,0,0,0.019066900022153277,0.19861354189742997,0.0,0.0,0.0,0.0,1.0971160999615677,11.428292707932997,0.07330250001541572,1.116182999983721,96,9.832289088809731e-08,9.702136774536463e-08
105,298,364,34944,0.45,0.5625,0.0,0,0,0,0,0,0,1.2175136029915938,0.964461035444212,1.0006688957366272,0.964461035444212,1.0006688957366272,0,0.0,0,0.0,0.0,0,0,0,0,0.018859700074244756,0.1964552091067162,0.0,0.0,0.0,0.0,1.031113400007598,10.74076458341248,0.06683139997767285,1.0499731000818429,96,9.974073988602838e-08,3.967363576551364e-08
