candidate_id,scenario_index,day_index,t0,pv_s_scale,svc_q_scale,cap_total_mvar,risk,under_risk,over_risk,under_steps,over_steps,pf_fail,daily_loss_mwh,vmin,vmax,raw_vmin,raw_vmax,intervention_steps,intervention_rate,projection_failures,mean_correction_norm,max_correction_norm,power_flow_previews,variant,seed
0,1,2,192,0.7,0.7,0.0,1,1,0,3,0,0,0.8688613439141043,0.9469714142688468,1.0315547594378005,0.9469714142688468,1.0315547594378005,0,0.0,0,0.0,0.0,0,wg_raw,42
0,2,4,384,0.7,0.7,0.0,0,0,0,0,0,0,0.8594036986083669,0.9528872068322788,1.0258704210586898,0.9528872068322788,1.0258704210586898,0,0.0,0,0.0,0.0,0,wg_raw,42
0,3,6,576,0.7,0.7,0.0,0,0,0,0,0,0,0.881648504516267,0.950826860243528,1.0278924111217718,0.950826860243528,1.0278924111217718,0,0.0,0,0.0,0.0,0,wg_raw,42
0,4,7,672,0.7,0.7,0.0,0,0,0,0,0,0,0.8814116975185944,0.9510277365881676,1.0309319928571163,0.9510277365881676,1.0309319928571163,0,0.0,0,0.0,0.0,0,wg_raw,42
0,5,10,960,0.7,0.7,0.0,0,0,0,0,0,0,0.8571349359020494,0.9516164489542952,1.023734535108363,0.9516164489542952,1.023734535108363,0,0.0,0,0.0,0.0,0,wg_raw,42
0,6,13,1248,0.7,0.7,0.0,1,1,0,1,0,0,0.8821073015864636,0.9489536815060514,1.0334379091330097,0.9489536815060514,1.0334379091330097,0,0.0,0,0.0,0.0,0,wg_raw,42
0,7,16,1536,0.7,0.7,0.0,1,1,0,3,0,0,0.8817096174536797,0.9489875327407388,1.0338711543772867,0.9489875327407388,1.0338711543772867,0,0.0,0,0.0,0.0,0,wg_raw,42
0,8,17,1632,0.7,0.7,0.0,0,0,0,0,0,0,0.8639411285154849,0.9546591675734992,1.0329108451534623,0.9546591675734992,1.0329108451534623,0,0.0,0,0.0,0.0,0,wg_raw,42
0,9,20,1920,0.7,0.7,0.0,0,0,0,0,0,0,0.8502513242743988,0.9520431756238112,1.0292397360034689,0.9520431756238112,1.0292397360034689,0,0.0,0,0.0,0.0,0,wg_raw,42
0,10,22,2112,0.7,0.7,0.0,0,0,0,0,0,0,0.8748358717805389,0.9534716971398102,1.0359482571499024,0.9534716971398102,1.0359482571499024,0,0.0,0,0.0,0.0,0,wg_raw,42
0,11,23,2208,0.7,0.7,0.0,0,0,0,0,0,0,0.8572412589813666,0.9527868767927788,1.0303271774610652,0.9527868767927788,1.0303271774610652,0,0.0,0,0.0,0.0,0,wg_raw,42
0,12,25,2400,0.7,0.7,0.0,0,0,0,0,0,0,0.8502257803061365,0.9526984477905248,1.026051078645491,0.9526984477905248,1.026051078645491,0,0.0,0,0.0,0.0,0,wg_raw,42
0,13,26,2496,0.7,0.7,0.0,0,0,0,0,0,0,0.8740598652595619,0.953071715563704,1.0305359524128652,0.953071715563704,1.0305359524128652,0,0.0,0,0.0,0.0,0,wg_raw,42
0,14,29,2784,0.7,0.7,0.0,0,0,0,0,0,0,0.8672633648052641,0.9511370173157332,1.0243682795928422,0.9511370173157332,1.0243682795928422,0,0.0,0,0.0,0.0,0,wg_raw,42
0,15,30,2880,0.7,0.7,0.0,0,0,0,0,0,0,0.8637939717202286,0.950838975270213,1.027782721004165,0.950838975270213,1.027782721004165,0,0.0,0,0.0,0.0,0,wg_raw,42
0,16,31,2976,0.7,0.7,0.0,0,0,0,0,0,0,0.8486945920742728,0.9502348649561916,1.0279180177515523,0.9502348649561916,1.0279180177515523,0,0.0,0,0.0,0.0,0,wg_raw,42
0,17,34,3264,0.7,0.7,0.0,1,1,0,1,0,0,0.8700338686311123,0.9492156317268822,1.030767726493891,0.9492156317268822,1.030767726493891,0,0.0,0,0.0,0.0,0,wg_raw,42
0,18,37,3552,0.7,0.7,0.0,0,0,0,0,0,0,0.8526548833450187,0.9560999586804716,1.024960180667347,0.9560999586804716,1.024960180667347,0,0.0,0,0.0,0.0,0,wg_raw,42
0,19,38,3648,0.7,0.7,0.0,0,0,0,0,0,0,0.880488632965022,0.9531150943331084,1.028558539762111,0.9531150943331084,1.028558539762111,0,0.0,0,0.0,0.0,0,wg_raw,42
0,20,39,3744,0.7,0.7,0.0,0,0,0,0,0,0,0.8802246424841275,0.9513193127004586,1.0305935825560446,0.9513193127004586,1.0305935825560446,0,0.0,0,0.0,0.0,0,wg_raw,42
0,21,43,4128,0.7,0.7,0.0,0,0,0,0,0,0,0.8602405742287118,0.9506611284769652,1.0255175213421956,0.9506611284769652,1.0255175213421956,0,0.0,0,0.0,0.0,0,wg_raw,42
0,22,44,4224,0.7,0.7,0.0,0,0,0,0,0,0,0.8547414399917308,0.9547023794931137,1.0223513028413354,0.9547023794931137,1.0223513028413354,0,0.0,0,0.0,0.0,0,wg_raw,42
0,23,46,4416,0.7,0.7,0.0,1,1,0,2,0,0,0.8766939270271522,0.949473913332965,1.029228971294592,0.949473913332965,1.029228971294592,0,0.0,0,0.0,0.0,0,wg_raw,42
0,24,49,4704,0.7,0.7,0.0,0,0,0,0,0,0,0.8768672298554439,0.9517254505628864,1.0274075393594044,0.9517254505628864,1.0274075393594044,0,0.0,0,0.0,0.0,0,wg_raw,42
0,25,50,4800,0.7,0.7,0.0,0,0,0,0,0,0,0.8467754922036862,0.954308023629708,1.028979452823808,0.954308023629708,1.028979452823808,0,0.0,0,0.0,0.0,0,wg_raw,42
0,26,51,4896,0.7,0.7,0.0,0,0,0,0,0,0,0.8778731924320009,0.9512647961111266,1.0267898411139322,0.9512647961111266,1.0267898411139322,0,0.0,0,0.0,0.0,0,wg_raw,42
0,27,53,5088,0.7,0.7,0.0,0,0,0,0,0,0,0.8548021650196348,0.9527587505802309,1.0248692613032675,0.9527587505802309,1.0248692613032675,0,0.0,0,0.0,0.0,0,wg_raw,42
0,28,54,5184,0.7,0.7,0.0,0,0,0,0,0,0,0.8688139238093028,0.9500630019197558,1.0274895993637283,0.9500630019197558,1.0274895993637283,0,0.0,0,0.0,0.0,0,wg_raw,42
0,29,55,5280,0.7,0.7,0.0,0,0,0,0,0,0,0.8698114828723759,0.950162453101191,1.02593439966212,0.950162453101191,1.02593439966212,0,0.0,0,0.0,0.0,0,wg_raw,42
0,30,56,5376,0.7,0.7,0.0,0,0,0,0,0,0,0.8644984800669666,0.9540968123467536,1.0262956852473384,0.9540968123467536,1.0262956852473384,0,0.0,0,0.0,0.0,0,wg_raw,42
0,31,57,5472,0.7,0.7,0.0,0,0,0,0,0,0,0.8489608397583861,0.9547338345215284,1.0294178015267463,0.9547338345215284,1.0294178015267463,0,0.0,0,0.0,0.0,0,wg_raw,42
0,32,59,5664,0.7,0.7,0.0,0,0,0,0,0,0,0.8434753066518632,0.9523317098983516,1.023284714318446,0.9523317098983516,1.023284714318446,0,0.0,0,0.0,0.0,0,wg_raw,42
0,33,60,5760,0.7,0.7,0.0,1,1,0,1,0,0,0.8721925866319199,0.9487267375858508,1.0302360690042875,0.9487267375858508,1.0302360690042875,0,0.0,0,0.0,0.0,0,wg_raw,42
0,34,62,5952,0.7,0.7,0.0,1,1,0,1,0,0,0.8592014183790226,0.9495479397752548,1.0250865721455118,0.9495479397752548,1.0250865721455118,0,0.0,0,0.0,0.0,0,wg_raw,42
0,35,65,6240,0.7,0.7,0.0,0,0,0,0,0,0,0.86073025941387,0.9540177528477942,1.0294073395485386,0.9540177528477942,1.0294073395485386,0,0.0,0,0.0,0.0,0,wg_raw,42
0,36,66,6336,0.7,0.7,0.0,1,1,0,1,0,0,0.8709465116900245,0.947050255927352,1.026643143574708,0.947050255927352,1.026643143574708,0,0.0,0,0.0,0.0,0,wg_raw,42
0,37,67,6432,0.7,0.7,0.0,0,0,0,0,0,0,0.8609734718130471,0.9527063826701448,1.0348045819108436,0.9527063826701448,1.0348045819108436,0,0.0,0,0.0,0.0,0,wg_raw,42
0,38,68,6528,0.7,0.7,0.0,0,0,0,0,0,0,0.8643401827281557,0.95238318897688,1.0324418078865,0.95238318897688,1.0324418078865,0,0.0,0,0.0,0.0,0,wg_raw,42
0,39,69,6624,0.7,0.7,0.0,0,0,0,0,0,0,0.8677457317956699,0.9517220231348648,1.0343406565215152,0.9517220231348648,1.0343406565215152,0,0.0,0,0.0,0.0,0,wg_raw,42
0,40,70,6720,0.7,0.7,0.0,0,0,0,0,0,0,0.8757103821790494,0.95169172045536,1.0259742214259755,0.95169172045536,1.0259742214259755,0,0.0,0,0.0,0.0,0,wg_raw,42
0,41,71,6816,0.7,0.7,0.0,0,0,0,0,0,0,0.880975864201082,0.9538543453130934,1.025230177925306,0.9538543453130934,1.025230177925306,0,0.0,0,0.0,0.0,0,wg_raw,42
0,42,74,7104,0.7,0.7,0.0,0,0,0,0,0,0,0.8810872649339735,0.9551498741160546,1.027347811064081,0.9551498741160546,1.027347811064081,0,0.0,0,0.0,0.0,0,wg_raw,42
0,43,80,7680,0.7,0.7,0.0,1,1,0,1,0,0,0.8391897911096341,0.9493848893815916,1.0242376436835718,0.9493848893815916,1.0242376436835718,0,0.0,0,0.0,0.0,0,wg_raw,42
0,44,81,7776,0.7,0.7,0.0,0,0,0,0,0,0,0.8543835243379857,0.9508552478199052,1.026465634486569,0.9508552478199052,1.026465634486569,0,0.0,0,0.0,0.0,0,wg_raw,42
0,45,82,7872,0.7,0.7,0.0,1,1,0,1,0,0,0.8763840784881123,0.9488456024447351,1.0290537908444266,0.9488456024447351,1.0290537908444266,0,0.0,0,0.0,0.0,0,wg_raw,42
0,46,84,8064,0.7,0.7,0.0,1,1,0,1,0,0,0.8649143422313952,0.9491357155420111,1.031036038186436,0.9491357155420111,1.031036038186436,0,0.0,0,0.0,0.0,0,wg_raw,42
0,47,85,8160,0.7,0.7,0.0,0,0,0,0,0,0,0.8570364358241566,0.956613003056372,1.0313141277999185,0.956613003056372,1.0313141277999185,0,0.0,0,0.0,0.0,0,wg_raw,42
0,47,86,8256,0.7,0.7,0.0,0,0,0,0,0,0,0.8677722925887486,0.9533319692030076,1.0270396503400894,0.9533319692030076,1.0270396503400894,0,0.0,0,0.0,0.0,0,wg_raw,42
0,48,87,8352,0.7,0.7,0.0,0,0,0,0,0,0,0.8780433699514164,0.951766848055976,1.030641793404418,0.951766848055976,1.030641793404418,0,0.0,0,0.0,0.0,0,wg_raw,42
0,49,93,8928,0.7,0.7,0.0,0,0,0,0,0,0,0.8588183099794121,0.9518295842067684,1.0240488367170684,0.9518295842067684,1.0240488367170684,0,0.0,0,0.0,0.0,0,wg_raw,42
0,50,94,9024,0.7,0.7,0.0,0,0,0,0,0,0,0.8550391339800059,0.9549880605288223,1.027847936668666,0.9549880605288223,1.027847936668666,0,0.0,0,0.0,0.0,0,wg_raw,42
0,51,95,9120,0.7,0.7,0.0,0,0,0,0,0,0,0.8713632392354553,0.953152555111921,1.0258333677581033,0.953152555111921,1.0258333677581033,0,0.0,0,0.0,0.0,0,wg_raw,42
0,52,97,9312,0.7,0.7,0.0,0,0,0,0,0,0,0.8630391008191209,0.9533353013779328,1.0248122501516903,0.9533353013779328,1.0248122501516903,0,0.0,0,0.0,0.0,0,wg_raw,42
0,53,98,9408,0.7,0.7,0.0,1,1,0,1,0,0,0.84928484032757,0.9499560543585324,1.0229401223304513,0.9499560543585324,1.0229401223304513,0,0.0,0,0.0,0.0,0,wg_raw,42
0,54,101,9696,0.7,0.7,0.0,0,0,0,0,0,0,0.8612080672093295,0.9517217055436308,1.028389845511474,0.9517217055436308,1.028389845511474,0,0.0,0,0.0,0.0,0,wg_raw,42
0,55,102,9792,0.7,0.7,0.0,0,0,0,0,0,0,0.8732369514023157,0.9529855586845328,1.0338531940487574,0.9529855586845328,1.0338531940487574,0,0.0,0,0.0,0.0,0,wg_raw,42
0,56,107,10272,0.7,0.7,0.0,1,1,0,1,0,0,0.8503187680283862,0.9476818027143388,1.0242575765655544,0.9476818027143388,1.0242575765655544,0,0.0,0,0.0,0.0,0,wg_raw,42
0,57,109,10464,0.7,0.7,0.0,1,1,0,2,0,0,0.8625393883394562,0.9488578452110128,1.0244605240221676,0.9488578452110128,1.0244605240221676,0,0.0,0,0.0,0.0,0,wg_raw,42
0,58,111,10656,0.7,0.7,0.0,1,1,0,1,0,0,0.8730321194057925,0.94885630736723,1.0252777086193727,0.94885630736723,1.0252777086193727,0,0.0,0,0.0,0.0,0,wg_raw,42
0,59,114,10944,0.7,0.7,0.0,0,0,0,0,0,0,0.850522272091411,0.9525872988736254,1.0257806996846237,0.9525872988736254,1.0257806996846237,0,0.0,0,0.0,0.0,0,wg_raw,42
0,60,116,11136,0.7,0.7,0.0,1,1,0,1,0,0,0.8770683226769086,0.9472761473850516,1.0262933115412265,0.9472761473850516,1.0262933115412265,0,0.0,0,0.0,0.0,0,wg_raw,42
0,61,117,11232,0.7,0.7,0.0,0,0,0,0,0,0,0.8699408852745739,0.9532003818097452,1.0266216798923795,0.9532003818097452,1.0266216798923795,0,0.0,0,0.0,0.0,0,wg_raw,42
0,62,119,11424,0.7,0.7,0.0,0,0,0,0,0,0,0.8714204671297943,0.9519236166180156,1.0303844664925728,0.9519236166180156,1.0303844664925728,0,0.0,0,0.0,0.0,0,wg_raw,42
0,63,120,11520,0.7,0.7,0.0,0,0,0,0,0,0,0.8712682477564554,0.9500350455173124,1.0324451879200314,0.9500350455173124,1.0324451879200314,0,0.0,0,0.0,0.0,0,wg_raw,42
0,63,122,11712,0.7,0.7,0.0,0,0,0,0,0,0,0.8706245394393538,0.9539619296372228,1.0260700471530355,0.9539619296372228,1.0260700471530355,0,0.0,0,0.0,0.0,0,wg_raw,42
0,64,123,11808,0.7,0.7,0.0,1,1,0,1,0,0,0.8641694870875102,0.9499093937716894,1.0254803063541895,0.9499093937716894,1.0254803063541895,0,0.0,0,0.0,0.0,0,wg_raw,42
0,65,125,12000,0.7,0.7,0.0,0,0,0,0,0,0,0.8705318598398716,0.9502484181601988,1.033495455528985,0.9502484181601988,1.033495455528985,0,0.0,0,0.0,0.0,0,wg_raw,42
0,66,126,12096,0.7,0.7,0.0,0,0,0,0,0,0,0.8749264930505843,0.9500806503314196,1.0275278263747,0.9500806503314196,1.0275278263747,0,0.0,0,0.0,0.0,0,wg_raw,42
0,67,128,12288,0.7,0.7,0.0,0,0,0,0,0,0,0.8741462746040062,0.9518104116157188,1.0293503425022097,0.9518104116157188,1.0293503425022097,0,0.0,0,0.0,0.0,0,wg_raw,42
0,68,129,12384,0.7,0.7,0.0,1,1,0,1,0,0,0.8877030980541794,0.9485358466837932,1.0279938773008102,0.9485358466837932,1.0279938773008102,0,0.0,0,0.0,0.0,0,wg_raw,42
0,69,131,12576,0.7,0.7,0.0,0,0,0,0,0,0,0.8529177130989336,0.9513146814303636,1.032636352765045,0.9513146814303636,1.032636352765045,0,0.0,0,0.0,0.0,0,wg_raw,42
0,70,133,12768,0.7,0.7,0.0,1,1,0,1,0,0,0.8740244639176782,0.9499024138631208,1.0292701305517142,0.9499024138631208,1.0292701305517142,0,0.0,0,0.0,0.0,0,wg_raw,42
0,71,134,12864,0.7,0.7,0.0,1,1,0,1,0,0,0.8542590164199899,0.9498396652199108,1.0272792963629431,0.9498396652199108,1.0272792963629431,0,0.0,0,0.0,0.0,0,wg_raw,42
0,72,136,13056,0.7,0.7,0.0,0,0,0,0,0,0,0.890238984434908,0.9530974308815988,1.0336417106493807,0.9530974308815988,1.0336417106493807,0,0.0,0,0.0,0.0,0,wg_raw,42
0,73,140,13440,0.7,0.7,0.0,0,0,0,0,0,0,0.8538966115519262,0.9511483482327232,1.0279968276036169,0.9511483482327232,1.0279968276036169,0,0.0,0,0.0,0.0,0,wg_raw,42
0,74,141,13536,0.7,0.7,0.0,0,0,0,0,0,0,0.8650552441976788,0.9501308342500604,1.0229959963786468,0.9501308342500604,1.0229959963786468,0,0.0,0,0.0,0.0,0,wg_raw,42
0,75,142,13632,0.7,0.7,0.0,0,0,0,0,0,0,0.8754600447524501,0.9520909505554688,1.030562944970821,0.9520909505554688,1.030562944970821,0,0.0,0,0.0,0.0,0,wg_raw,42
0,76,143,13728,0.7,0.7,0.0,0,0,0,0,0,0,0.8647940306965368,0.950262736488812,1.0227086466857045,0.950262736488812,1.0227086466857045,0,0.0,0,0.0,0.0,0,wg_raw,42
0,77,145,13920,0.7,0.7,0.0,0,0,0,0,0,0,0.861679806099598,0.9556949943317404,1.0287643765351808,0.9556949943317404,1.0287643765351808,0,0.0,0,0.0,0.0,0,wg_raw,42
0,78,148,14208,0.7,0.7,0.0,1,1,0,1,0,0,0.8686742377413659,0.9489134178231732,1.0217604639324425,0.9489134178231732,1.0217604639324425,0,0.0,0,0.0,0.0,0,wg_raw,42
0,79,149,14304,0.7,0.7,0.0,1,1,0,2,0,0,0.8788887403366474,0.9481761134547698,1.0274804930410684,0.9481761134547698,1.0274804930410684,0,0.0,0,0.0,0.0,0,wg_raw,42
0,80,151,14496,0.7,0.7,0.0,0,0,0,0,0,0,0.8795521790258651,0.9520341976171748,1.0237169876876586,0.9520341976171748,1.0237169876876586,0,0.0,0,0.0,0.0,0,wg_raw,42
0,81,152,14592,0.7,0.7,0.0,0,0,0,0,0,0,0.8616392654872443,0.9529936440180856,1.0272823270296068,0.9529936440180856,1.0272823270296068,0,0.0,0,0.0,0.0,0,wg_raw,42
0,82,154,14784,0.7,0.7,0.0,0,0,0,0,0,0,0.8565963770795243,0.9516715738952756,1.0282379577802103,0.9516715738952756,1.0282379577802103,0,0.0,0,0.0,0.0,0,wg_raw,42
0,83,156,14976,0.7,0.7,0.0,1,1,0,1,0,0,0.8869906086235477,0.9491235146498936,1.0340757252400534,0.9491235146498936,1.0340757252400534,0,0.0,0,0.0,0.0,0,wg_raw,42
0,84,157,15072,0.7,0.7,0.0,0,0,0,0,0,0,0.8666664708525842,0.9519084812512562,1.0305006824159493,0.9519084812512562,1.0305006824159493,0,0.0,0,0.0,0.0,0,wg_raw,42
0,85,166,15936,0.7,0.7,0.0,0,0,0,0,0,0,0.8605672638663235,0.951416150140194,1.0248444326647783,0.951416150140194,1.0248444326647783,0,0.0,0,0.0,0.0,0,wg_raw,42
0,87,168,16128,0.7,0.7,0.0,0,0,0,0,0,0,0.872290967541304,0.9513916221405208,1.026068205503282,0.9513916221405208,1.026068205503282,0,0.0,0,0.0,0.0,0,wg_raw,42
0,86,169,16224,0.7,0.7,0.0,0,0,0,0,0,0,0.8712693745899106,0.9528984691393888,1.0262598762266255,0.9528984691393888,1.0262598762266255,0,0.0,0,0.0,0.0,0,wg_raw,42
0,87,171,16416,0.7,0.7,0.0,0,0,0,0,0,0,0.8636044514787048,0.9511803597266806,1.0276848382039725,0.9511803597266806,1.0276848382039725,0,0.0,0,0.0,0.0,0,wg_raw,42
0,88,172,16512,0.7,0.7,0.0,1,1,0,1,0,0,0.8635388578190023,0.947615710028163,1.0250102682554785,0.947615710028163,1.0250102682554785,0,0.0,0,0.0,0.0,0,wg_raw,42
0,89,173,16608,0.7,0.7,0.0,0,0,0,0,0,0,0.8741549301585404,0.9506244788963664,1.02830369973956,0.9506244788963664,1.02830369973956,0,0.0,0,0.0,0.0,0,wg_raw,42
0,90,175,16800,0.7,0.7,0.0,0,0,0,0,0,0,0.866259960575896,0.9512182166655594,1.02853340126934,0.9512182166655594,1.02853340126934,0,0.0,0,0.0,0.0,0,wg_raw,42
0,91,176,16896,0.7,0.7,0.0,0,0,0,0,0,0,0.8820308667661199,0.9521471473242634,1.023215873181861,0.9521471473242634,1.023215873181861,0,0.0,0,0.0,0.0,0,wg_raw,42
0,92,178,17088,0.7,0.7,0.0,0,0,0,0,0,0,0.8727098747002752,0.9514575733171444,1.026835461185846,0.9514575733171444,1.026835461185846,0,0.0,0,0.0,0.0,0,wg_raw,42
0,93,179,17184,0.7,0.7,0.0,1,1,0,1,0,0,0.8841969343006393,0.9489270736027146,1.026558375685549,0.9489270736027146,1.026558375685549,0,0.0,0,0.0,0.0,0,wg_raw,42
0,94,181,17376,0.7,0.7,0.0,0,0,0,0,0,0,0.8716659011045306,0.951511551678921,1.0287459706381878,0.951511551678921,1.0287459706381878,0,0.0,0,0.0,0.0,0,wg_raw,42
0,95,183,17568,0.7,0.7,0.0,0,0,0,0,0,0,0.8730519711497098,0.9507233892023688,1.0303916664913748,0.9507233892023688,1.0303916664913748,0,0.0,0,0.0,0.0,0,wg_raw,42
0,96,184,17664,0.7,0.7,0.0,0,0,0,0,0,0,0.8717251953329991,0.9526343401727346,1.025383737158001,0.9526343401727346,1.025383737158001,0,0.0,0,0.0,0.0,0,wg_raw,42
0,97,187,17952,0.7,0.7,0.0,1,1,0,1,0,0,0.8726167141886164,0.9480800307028736,1.0286106077395811,0.9480800307028736,1.0286106077395811,0,0.0,0,0.0,0.0,0,wg_raw,42
0,100,190,18240,0.7,0.7,0.0,0,0,0,0,0,0,0.8588605051095627,0.9534733084300516,1.0217653577968184,0.9534733084300516,1.0217653577968184,0,0.0,0,0.0,0.0,0,wg_raw,42
0,98,192,18432,0.7,0.7,0.0,0,0,0,0,0,0,0.8814548088289487,0.9502296600008536,1.0259387188157805,0.9502296600008536,1.0259387188157805,0,0.0,0,0.0,0.0,0,wg_raw,42
0,99,193,18528,0.7,0.7,0.0,0,0,0,0,0,0,0.8718913448457435,0.9501662968637472,1.0272413882796705,0.9501662968637472,1.0272413882796705,0,0.0,0,0.0,0.0,0,wg_raw,42
0,100,197,18912,0.7,0.7,0.0,0,0,0,0,0,0,0.8636966267954316,0.951064078868433,1.0272037585071951,0.951064078868433,1.0272037585071951,0,0.0,0,0.0,0.0,0,wg_raw,42
0,101,201,19296,0.7,0.7,0.0,0,0,0,0,0,0,0.8643974534171055,0.9505151946372612,1.0340170585665307,0.9505151946372612,1.0340170585665307,0,0.0,0,0.0,0.0,0,wg_raw,42
0,102,205,19680,0.7,0.7,0.0,0,0,0,0,0,0,0.85708100442248,0.9520320746880276,1.0269832735956006,0.9520320746880276,1.0269832735956006,0,0.0,0,0.0,0.0,0,wg_raw,42
0,103,207,19872,0.7,0.7,0.0,1,1,0,1,0,0,0.8754722386627458,0.9436560662827344,1.0265547898977332,0.9436560662827344,1.0265547898977332,0,0.0,0,0.0,0.0,0,wg_raw,42
0,104,210,20160,0.7,0.7,0.0,1,1,0,1,0,0,0.8552784764800204,0.9457455691270288,1.022737499180493,0.9457455691270288,1.022737499180493,0,0.0,0,0.0,0.0,0,wg_raw,42
0,105,212,20352,0.7,0.7,0.0,1,1,0,1,0,0,0.8779170980804043,0.9483016450495574,1.0317728860197577,0.9483016450495574,1.0317728860197577,0,0.0,0,0.0,0.0,0,wg_raw,42
0,106,213,20448,0.7,0.7,0.0,0,0,0,0,0,0,0.8693677969837436,0.9511501921316908,1.0333061831360009,0.9511501921316908,1.0333061831360009,0,0.0,0,0.0,0.0,0,wg_raw,42
0,107,216,20736,0.7,0.7,0.0,0,0,0,0,0,0,0.850633235940827,0.951755284242926,1.0272469691999402,0.951755284242926,1.0272469691999402,0,0.0,0,0.0,0.0,0,wg_raw,42
0,108,219,21024,0.7,0.7,0.0,1,1,0,1,0,0,0.8871480420195578,0.9493859650968652,1.0303713772897134,0.9493859650968652,1.0303713772897134,0,0.0,0,0.0,0.0,0,wg_raw,42
0,109,220,21120,0.7,0.7,0.0,0,0,0,0,0,0,0.877909162556082,0.9532690261103062,1.0251913321406108,0.9532690261103062,1.0251913321406108,0,0.0,0,0.0,0.0,0,wg_raw,42
0,110,226,21696,0.7,0.7,0.0,1,1,0,1,0,0,0.867129955974335,0.9499230993546112,1.027715887911881,0.9499230993546112,1.027715887911881,0,0.0,0,0.0,0.0,0,wg_raw,42
0,114,228,21888,0.7,0.7,0.0,0,0,0,0,0,0,0.8843518573111585,0.9549585465770624,1.0314554026780285,0.9549585465770624,1.0314554026780285,0,0.0,0,0.0,0.0,0,wg_raw,42
0,111,230,22080,0.7,0.7,0.0,0,0,0,0,0,0,0.8683008424925246,0.9516548331309774,1.02858439764822,0.9516548331309774,1.02858439764822,0,0.0,0,0.0,0.0,0,wg_raw,42
0,112,231,22176,0.7,0.7,0.0,0,0,0,0,0,0,0.8624148817406259,0.9533323417542308,1.0312975403140834,0.9533323417542308,1.0312975403140834,0,0.0,0,0.0,0.0,0,wg_raw,42
0,113,232,22272,0.7,0.7,0.0,0,0,0,0,0,0,0.8590253738332577,0.9533315338838432,1.0247923446850582,0.9533315338838432,1.0247923446850582,0,0.0,0,0.0,0.0,0,wg_raw,42
0,114,234,22464,0.7,0.7,0.0,0,0,0,0,0,0,0.8709975482112616,0.9518664910203076,1.0323120837999176,0.9518664910203076,1.0323120837999176,0,0.0,0,0.0,0.0,0,wg_raw,42
0,115,235,22560,0.7,0.7,0.0,1,1,0,1,0,0,0.880536538040269,0.949982866849684,1.028419725971235,0.949982866849684,1.028419725971235,0,0.0,0,0.0,0.0,0,wg_raw,42
0,116,236,22656,0.7,0.7,0.0,0,0,0,0,0,0,0.8738012319453483,0.953184336717725,1.0254585132919023,0.953184336717725,1.0254585132919023,0,0.0,0,0.0,0.0,0,wg_raw,42
0,117,239,22944,0.7,0.7,0.0,0,0,0,0,0,0,0.863191829099246,0.9512987001186,1.0276391098723885,0.9512987001186,1.0276391098723885,0,0.0,0,0.0,0.0,0,wg_raw,42
0,118,240,23040,0.7,0.7,0.0,0,0,0,0,0,0,0.864734431222879,0.9519211438899744,1.0275738761467093,0.9519211438899744,1.0275738761467093,0,0.0,0,0.0,0.0,0,wg_raw,42
0,123,241,23136,0.7,0.7,0.0,0,0,0,0,0,0,0.863009502386541,0.9505848590722126,1.0241548993356029,0.9505848590722126,1.0241548993356029,0,0.0,0,0.0,0.0,0,wg_raw,42
0,119,244,23424,0.7,0.7,0.0,0,0,0,0,0,0,0.8733763784409458,0.951978789884304,1.02622400667886,0.951978789884304,1.02622400667886,0,0.0,0,0.0,0.0,0,wg_raw,42
0,120,245,23520,0.7,0.7,0.0,0,0,0,0,0,0,0.8605048808244941,0.9516704614410404,1.0262570366071648,0.9516704614410404,1.0262570366071648,0,0.0,0,0.0,0.0,0,wg_raw,42
0,121,248,23808,0.7,0.7,0.0,0,0,0,0,0,0,0.8718939838072275,0.9527502338664936,1.0282404783354588,0.9527502338664936,1.0282404783354588,0,0.0,0,0.0,0.0,0,wg_raw,42
0,122,251,24096,0.7,0.7,0.0,0,0,0,0,0,0,0.8557392745369227,0.9510010301386512,1.0292159254600504,0.9510010301386512,1.0292159254600504,0,0.0,0,0.0,0.0,0,wg_raw,42
0,123,253,24288,0.7,0.7,0.0,0,0,0,0,0,0,0.8611677120682417,0.9515719440311834,1.0305142864291084,0.9515719440311834,1.0305142864291084,0,0.0,0,0.0,0.0,0,wg_raw,42
0,124,254,24384,0.7,0.7,0.0,0,0,0,0,0,0,0.8665573611206258,0.953808845391466,1.025719702035827,0.953808845391466,1.025719702035827,0,0.0,0,0.0,0.0,0,wg_raw,42
0,125,257,24672,0.7,0.7,0.0,0,0,0,0,0,0,0.8487668457968145,0.9546362230718,1.031627447781105,0.9546362230718,1.031627447781105,0,0.0,0,0.0,0.0,0,wg_raw,42
0,126,259,24864,0.7,0.7,0.0,0,0,0,0,0,0,0.8583392561547512,0.9555685706562402,1.0291475942280195,0.9555685706562402,1.0291475942280195,0,0.0,0,0.0,0.0,0,wg_raw,42
0,127,261,25056,0.7,0.7,0.0,0,0,0,0,0,0,0.8785103427451652,0.950245821993388,1.0280902010047972,0.950245821993388,1.0280902010047972,0,0.0,0,0.0,0.0,0,wg_raw,42
0,128,266,25536,0.7,0.7,0.0,1,1,0,1,0,0,0.8644217978424353,0.9493768925911824,1.026634807612398,0.9493768925911824,1.026634807612398,0,0.0,0,0.0,0.0,0,wg_raw,42
0,129,267,25632,0.7,0.7,0.0,0,0,0,0,0,0,0.8644762451236273,0.952207563528867,1.0269874163073405,0.952207563528867,1.0269874163073405,0,0.0,0,0.0,0.0,0,wg_raw,42
0,130,268,25728,0.7,0.7,0.0,0,0,0,0,0,0,0.8602995270717823,0.9528397597728022,1.0234851185848255,0.9528397597728022,1.0234851185848255,0,0.0,0,0.0,0.0,0,wg_raw,42
0,131,269,25824,0.7,0.7,0.0,0,0,0,0,0,0,0.8793921783270627,0.9522217605183072,1.0341037571213862,0.9522217605183072,1.0341037571213862,0,0.0,0,0.0,0.0,0,wg_raw,42
0,132,271,26016,0.7,0.7,0.0,1,1,0,1,0,0,0.8714286721028723,0.9477078097309938,1.0235768707968191,0.9477078097309938,1.0235768707968191,0,0.0,0,0.0,0.0,0,wg_raw,42
0,133,272,26112,0.7,0.7,0.0,0,0,0,0,0,0,0.8752301740604668,0.9542599710581176,1.0268988752564134,0.9542599710581176,1.0268988752564134,0,0.0,0,0.0,0.0,0,wg_raw,42
0,134,273,26208,0.7,0.7,0.0,1,1,0,1,0,0,0.8723024266663935,0.9433702870249968,1.027143325469836,0.9433702870249968,1.027143325469836,0,0.0,0,0.0,0.0,0,wg_raw,42
0,135,275,26400,0.7,0.7,0.0,0,0,0,0,0,0,0.8427733884774303,0.9533811021829166,1.0302381324969263,0.9533811021829166,1.0302381324969263,0,0.0,0,0.0,0.0,0,wg_raw,42
0,136,276,26496,0.7,0.7,0.0,1,1,0,1,0,0,0.8739611924128448,0.9494183301112488,1.0287115534728375,0.9494183301112488,1.0287115534728375,0,0.0,0,0.0,0.0,0,wg_raw,42
0,142,278,26688,0.7,0.7,0.0,0,0,0,0,0,0,0.8579664247947734,0.9525012375971328,1.028034084009268,0.9525012375971328,1.028034084009268,0,0.0,0,0.0,0.0,0,wg_raw,42
0,143,280,26880,0.7,0.7,0.0,1,1,0,1,0,0,0.8596563636753904,0.949825811848678,1.0264792983802005,0.949825811848678,1.0264792983802005,0,0.0,0,0.0,0.0,0,wg_raw,42
0,144,281,26976,0.7,0.7,0.0,0,0,0,0,0,0,0.8400123046800104,0.954151249738613,1.024388001730207,0.954151249738613,1.024388001730207,0,0.0,0,0.0,0.0,0,wg_raw,42
0,137,282,27072,0.7,0.7,0.0,0,0,0,0,0,0,0.8625055817991211,0.9548356364581164,1.0303757925704435,0.9548356364581164,1.0303757925704435,0,0.0,0,0.0,0.0,0,wg_raw,42
0,138,283,27168,0.7,0.7,0.0,0,0,0,0,0,0,0.8530760285787632,0.9541384634755802,1.0347435058345944,0.9541384634755802,1.0347435058345944,0,0.0,0,0.0,0.0,0,wg_raw,42
0,139,284,27264,0.7,0.7,0.0,0,0,0,0,0,0,0.8808340753746282,0.9509570186654708,1.0270642685440718,0.9509570186654708,1.0270642685440718,0,0.0,0,0.0,0.0,0,wg_raw,42
0,140,285,27360,0.7,0.7,0.0,0,0,0,0,0,0,0.8824821510527584,0.9533314004314352,1.0292762023135211,0.9533314004314352,1.0292762023135211,0,0.0,0,0.0,0.0,0,wg_raw,42
0,141,287,27552,0.7,0.7,0.0,0,0,0,0,0,0,0.8762455616107037,0.951752044969102,1.0273545500535664,0.951752044969102,1.0273545500535664,0,0.0,0,0.0,0.0,0,wg_raw,42
0,142,288,27648,0.7,0.7,0.0,0,0,0,0,0,0,0.8633581069362054,0.9531014789917068,1.028208816856605,0.9531014789917068,1.028208816856605,0,0.0,0,0.0,0.0,0,wg_raw,42
0,143,289,27744,0.7,0.7,0.0,0,0,0,0,0,0,0.8548506441372853,0.9501596557066952,1.0229223716789106,0.9501596557066952,1.0229223716789106,0,0.0,0,0.0,0.0,0,wg_raw,42
0,144,290,27840,0.7,0.7,0.0,1,1,0,1,0,0,0.8722398443519799,0.9496377431180836,1.0313920953585514,0.9496377431180836,1.0313920953585514,0,0.0,0,0.0,0.0,0,wg_raw,42
0,153,291,27936,0.7,0.7,0.0,1,1,0,1,0,0,0.8831843236962093,0.9498983625618908,1.0264715962253317,0.9498983625618908,1.0264715962253317,0,0.0,0,0.0,0.0,0,wg_raw,42
0,145,292,28032,0.7,0.7,0.0,0,0,0,0,0,0,0.8501148066448238,0.9524623982700092,1.0259401884120605,0.9524623982700092,1.0259401884120605,0,0.0,0,0.0,0.0,0,wg_raw,42
0,146,293,28128,0.7,0.7,0.0,0,0,0,0,0,0,0.8848055060199314,0.9524325454129337,1.0288550583651883,0.9524325454129337,1.0288550583651883,0,0.0,0,0.0,0.0,0,wg_raw,42
0,147,294,28224,0.7,0.7,0.0,0,0,0,0,0,0,0.8643980407428705,0.951989385894898,1.02730346065919,0.951989385894898,1.02730346065919,0,0.0,0,0.0,0.0,0,wg_raw,42
0,148,295,28320,0.7,0.7,0.0,0,0,0,0,0,0,0.8534178017546162,0.9524176789384832,1.0231461704040163,0.9524176789384832,1.0231461704040163,0,0.0,0,0.0,0.0,0,wg_raw,42
0,149,296,28416,0.7,0.7,0.0,0,0,0,0,0,0,0.8614069874881031,0.9519032506271108,1.0226084753886382,0.9519032506271108,1.0226084753886382,0,0.0,0,0.0,0.0,0,wg_raw,42
0,150,297,28512,0.7,0.7,0.0,1,1,0,1,0,0,0.8781962741065962,0.9499189908735184,1.0245001923957215,0.9499189908735184,1.0245001923957215,0,0.0,0,0.0,0.0,0,wg_raw,42
0,160,298,28608,0.7,0.7,0.0,0,0,0,0,0,0,0.8726145213022066,0.9565162372707716,1.0316553504873336,0.9565162372707716,1.0316553504873336,0,0.0,0,0.0,0.0,0,wg_raw,42
0,151,299,28704,0.7,0.7,0.0,1,1,0,1,0,0,0.8730696893834248,0.9478751150307374,1.031803939013395,0.9478751150307374,1.031803939013395,0,0.0,0,0.0,0.0,0,wg_raw,42
0,152,300,28800,0.7,0.7,0.0,0,0,0,0,0,0,0.8621731154795587,0.9557320215686418,1.0334375793293418,0.9557320215686418,1.0334375793293418,0,0.0,0,0.0,0.0,0,wg_raw,42
0,153,302,28992,0.7,0.7,0.0,0,0,0,0,0,0,0.872470223678359,0.955374317227103,1.0313159388327735,0.955374317227103,1.0313159388327735,0,0.0,0,0.0,0.0,0,wg_raw,42
0,154,305,29280,0.7,0.7,0.0,0,0,0,0,0,0,0.866397946678629,0.951044352780199,1.030784529979924,0.951044352780199,1.030784529979924,0,0.0,0,0.0,0.0,0,wg_raw,42
0,155,306,29376,0.7,0.7,0.0,0,0,0,0,0,0,0.8447430857472391,0.9506841749094288,1.0225122999309622,0.9506841749094288,1.0225122999309622,0,0.0,0,0.0,0.0,0,wg_raw,42
0,156,307,29472,0.7,0.7,0.0,0,0,0,0,0,0,0.8663600018802758,0.952420231760982,1.0232991120800738,0.952420231760982,1.0232991120800738,0,0.0,0,0.0,0.0,0,wg_raw,42
0,157,308,29568,0.7,0.7,0.0,1,1,0,1,0,0,0.8656211137519249,0.9479001577989692,1.0258716207210272,0.9479001577989692,1.0258716207210272,0,0.0,0,0.0,0.0,0,wg_raw,42
0,158,312,29952,0.7,0.7,0.0,1,1,0,1,0,0,0.8642751384793418,0.9480083413275734,1.0253374175799028,0.9480083413275734,1.0253374175799028,0,0.0,0,0.0,0.0,0,wg_raw,42
0,159,315,30240,0.7,0.7,0.0,0,0,0,0,0,0,0.8849918494138174,0.95280069658355,1.0302710287699088,0.95280069658355,1.0302710287699088,0,0.0,0,0.0,0.0,0,wg_raw,42
0,160,317,30432,0.7,0.7,0.0,1,1,0,2,0,0,0.8771850235877015,0.9491041180065474,1.024158986773638,0.9491041180065474,1.024158986773638,0,0.0,0,0.0,0.0,0,wg_raw,42
0,161,319,30624,0.7,0.7,0.0,1,1,0,1,0,0,0.8731388152742956,0.9466795588558956,1.032974426822706,0.9466795588558956,1.032974426822706,0,0.0,0,0.0,0.0,0,wg_raw,42
0,162,321,30816,0.7,0.7,0.0,0,0,0,0,0,0,0.8717493551110413,0.9512381943492404,1.0307799059188376,0.9512381943492404,1.0307799059188376,0,0.0,0,0.0,0.0,0,wg_raw,42
0,173,322,30912,0.7,0.7,0.0,0,0,0,0,0,0,0.860007926565131,0.9501807136872444,1.0236883891248725,0.9501807136872444,1.0236883891248725,0,0.0,0,0.0,0.0,0,wg_raw,42
0,163,326,31296,0.7,0.7,0.0,1,1,0,2,0,0,0.8728707998098147,0.9443460997339318,1.023586382698064,0.9443460997339318,1.023586382698064,0,0.0,0,0.0,0.0,0,wg_raw,42
0,164,329,31584,0.7,0.7,0.0,0,0,0,0,0,0,0.8782202786918407,0.9518751980402048,1.0263444846436214,0.9518751980402048,1.0263444846436214,0,0.0,0,0.0,0.0,0,wg_raw,42
0,165,331,31776,0.7,0.7,0.0,0,0,0,0,0,0,0.896250180839251,0.9537335690822742,1.0276004628033542,0.9537335690822742,1.0276004628033542,0,0.0,0,0.0,0.0,0,wg_raw,42
0,166,332,31872,0.7,0.7,0.0,1,1,0,1,0,0,0.8617171864801954,0.9481860194348524,1.030842845945514,0.9481860194348524,1.030842845945514,0,0.0,0,0.0,0.0,0,wg_raw,42
0,167,333,31968,0.7,0.7,0.0,0,0,0,0,0,0,0.8472167506855012,0.9545990030084848,1.0266593791930572,0.9545990030084848,1.0266593791930572,0,0.0,0,0.0,0.0,0,wg_raw,42
0,168,335,32160,0.7,0.7,0.0,0,0,0,0,0,0,0.8618151957237243,0.9516017701610312,1.023027270048089,0.9516017701610312,1.023027270048089,0,0.0,0,0.0,0.0,0,wg_raw,42
0,169,336,32256,0.7,0.7,0.0,1,1,0,1,0,0,0.881097425274879,0.9475426309731614,1.0255432962589377,0.9475426309731614,1.0255432962589377,0,0.0,0,0.0,0.0,0,wg_raw,42
0,170,337,32352,0.7,0.7,0.0,0,0,0,0,0,0,0.8724822048945512,0.9552224997891706,1.0298825044971147,0.9552224997891706,1.0298825044971147,0,0.0,0,0.0,0.0,0,wg_raw,42
0,171,338,32448,0.7,0.7,0.0,0,0,0,0,0,0,0.8766568725450707,0.9511724011531788,1.02520620851384,0.9511724011531788,1.02520620851384,0,0.0,0,0.0,0.0,0,wg_raw,42
0,172,339,32544,0.7,0.7,0.0,0,0,0,0,0,0,0.8821146960232498,0.952233124211064,1.0338617932065026,0.952233124211064,1.0338617932065026,0,0.0,0,0.0,0.0,0,wg_raw,42
0,173,341,32736,0.7,0.7,0.0,0,0,0,0,0,0,0.8495045479023531,0.9518105351884264,1.026904409645657,0.9518105351884264,1.026904409645657,0,0.0,0,0.0,0.0,0,wg_raw,42
0,174,342,32832,0.7,0.7,0.0,1,1,0,2,0,0,0.86911665570867,0.9464088038305764,1.029778521363129,0.9464088038305764,1.029778521363129,0,0.0,0,0.0,0.0,0,wg_raw,42
0,175,345,33120,0.7,0.7,0.0,1,1,0,1,0,0,0.8491000311753902,0.9463538498146872,1.0322453923932997,0.9463538498146872,1.0322453923932997,0,0.0,0,0.0,0.0,0,wg_raw,42
0,176,347,33312,0.7,0.7,0.0,1,1,0,1,0,0,0.8717671740915842,0.948435816812382,1.0329499664060455,0.948435816812382,1.0329499664060455,0,0.0,0,0.0,0.0,0,wg_raw,42
0,177,348,33408,0.7,0.7,0.0,1,1,0,1,0,0,0.8572895740605522,0.94976397239894,1.0256994854227155,0.94976397239894,1.0256994854227155,0,0.0,0,0.0,0.0,0,wg_raw,42
0,178,349,33504,0.7,0.7,0.0,1,1,0,1,0,0,0.8773699891555378,0.9459453152787948,1.028251101230612,0.9459453152787948,1.028251101230612,0,0.0,0,0.0,0.0,0,wg_raw,42
0,179,351,33696,0.7,0.7,0.0,0,0,0,0,0,0,0.8622387499052179,0.9534649882512736,1.026432756998237,0.9534649882512736,1.026432756998237,0,0.0,0,0.0,0.0,0,wg_raw,42
0,191,352,33792,0.7,0.7,0.0,0,0,0,0,0,0,0.8805134981505346,0.9545339706685008,1.030792880284122,0.9545339706685008,1.030792880284122,0,0.0,0,0.0,0.0,0,wg_raw,42
0,180,354,33984,0.7,0.7,0.0,0,0,0,0,0,0,0.8715832612076522,0.9514824403639034,1.025128355632142,0.9514824403639034,1.025128355632142,0,0.0,0,0.0,0.0,0,wg_raw,42
0,181,355,34080,0.7,0.7,0.0,0,0,0,0,0,0,0.903644468481174,0.9510098126345976,1.0347239224469205,0.9510098126345976,1.0347239224469205,0,0.0,0,0.0,0.0,0,wg_raw,42
0,182,356,34176,0.7,0.7,0.0,0,0,0,0,0,0,0.8684661244796902,0.9551629284864726,1.0326925119315418,0.9551629284864726,1.0326925119315418,0,0.0,0,0.0,0.0,0,wg_raw,42
0,183,361,34656,0.7,0.7,0.0,0,0,0,0,0,0,0.8685166444280501,0.954335752242406,1.0266584737140012,0.954335752242406,1.0266584737140012,0,0.0,0,0.0,0.0,0,wg_raw,42
0,196,362,34752,0.7,0.7,0.0,0,0,0,0,0,0,0.866616401081067,0.9533198295774814,1.0301444603047938,0.9533198295774814,1.0301444603047938,0,0.0,0,0.0,0.0,0,wg_raw,42
0,184,364,34944,0.7,0.7,0.0,1,1,0,1,0,0,0.8633683166694155,0.947752647810322,1.024065411041346,0.947752647810322,1.024065411041346,0,0.0,0,0.0,0.0,0,wg_raw,42
0,198,366,35136,0.7,0.7,0.0,1,1,0,1,0,0,0.8677046381136619,0.9484544593175156,1.030732277104539,0.9484544593175156,1.030732277104539,0,0.0,0,0.0,0.0,0,wg_raw,42
0,185,367,35232,0.7,0.7,0.0,0,0,0,0,0,0,0.8700866512185504,0.9500632328016948,1.0230605733223914,0.9500632328016948,1.0230605733223914,0,0.0,0,0.0,0.0,0,wg_raw,42
0,1,2,192,0.7,0.7,0.0,0,0,0,0,0,0,0.8984878971207664,0.950323916742162,1.0235397953818104,0.950323916742162,1.0235397953818104,0,0.0,0,0.0,0.0,0,wg_raw,43
0,2,4,384,0.7,0.7,0.0,0,0,0,0,0,0,0.8915853549721189,0.9559770164230816,1.0190463329069774,0.9559770164230816,1.0190463329069774,0,0.0,0,0.0,0.0,0,wg_raw,43
0,3,6,576,0.7,0.7,0.0,0,0,0,0,0,0,0.9126422527457664,0.954116587771608,1.01961189193791,0.954116587771608,1.01961189193791,0,0.0,0,0.0,0.0,0,wg_raw,43
0,4,7,672,0.7,0.7,0.0,0,0,0,0,0,0,0.9158539991385122,0.9542379158456628,1.0222968494432032,0.9542379158456628,1.0222968494432032,0,0.0,0,0.0,0.0,0,wg_raw,43
0,5,10,960,0.7,0.7,0.0,0,0,0,0,0,0,0.8911712863326275,0.955112382186216,1.0179792738704774,0.955112382186216,1.0179792738704774,0,0.0,0,0.0,0.0,0,wg_raw,43
0,6,13,1248,0.7,0.7,0.0,0,0,0,0,0,0,0.9142849299531172,0.9520922221085448,1.0250467247217945,0.9520922221085448,1.0250467247217945,0,0.0,0,0.0,0.0,0,wg_raw,43
0,7,16,1536,0.7,0.7,0.0,0,0,0,0,0,0,0.9140142501741594,0.9523802748512008,1.0259157778491537,0.9523802748512008,1.0259157778491537,0,0.0,0,0.0,0.0,0,wg_raw,43
0,8,17,1632,0.7,0.7,0.0,0,0,0,0,0,0,0.896041477669072,0.957766074111542,1.024590671033188,0.957766074111542,1.024590671033188,0,0.0,0,0.0,0.0,0,wg_raw,43
0,9,20,1920,0.7,0.7,0.0,0,0,0,0,0,0,0.8830720302032046,0.9549533965486772,1.022076984020869,0.9549533965486772,1.022076984020869,0,0.0,0,0.0,0.0,0,wg_raw,43
0,10,22,2112,0.7,0.7,0.0,0,0,0,0,0,0,0.9067172358680072,0.9564031206207244,1.0282869479998693,0.9564031206207244,1.0282869479998693,0,0.0,0,0.0,0.0,0,wg_raw,43
0,11,23,2208,0.7,0.7,0.0,0,0,0,0,0,0,0.8912970166663655,0.9558862247901876,1.0234655413089198,0.9558862247901876,1.0234655413089198,0,0.0,0,0.0,0.0,0,wg_raw,43
0,12,25,2400,0.7,0.7,0.0,0,0,0,0,0,0,0.8826035366938801,0.9559457477030924,1.0192815042266286,0.9559457477030924,1.0192815042266286,0,0.0,0,0.0,0.0,0,wg_raw,43
0,13,26,2496,0.7,0.7,0.0,0,0,0,0,0,0,0.9073983853503162,0.9559888802219624,1.0226254928874745,0.9559888802219624,1.0226254928874745,0,0.0,0,0.0,0.0,0,wg_raw,43
0,14,29,2784,0.7,0.7,0.0,0,0,0,0,0,0,0.9019059225791634,0.9547596424754315,1.0173181440757382,0.9547596424754315,1.0173181440757382,0,0.0,0,0.0,0.0,0,wg_raw,43
0,15,30,2880,0.7,0.7,0.0,0,0,0,0,0,0,0.8973645323937476,0.9541755824204592,1.020484487097203,0.9541755824204592,1.020484487097203,0,0.0,0,0.0,0.0,0,wg_raw,43
0,16,31,2976,0.7,0.7,0.0,0,0,0,0,0,0,0.8818566254292926,0.9538285728250852,1.018710534038637,0.9538285728250852,1.018710534038637,0,0.0,0,0.0,0.0,0,wg_raw,43
0,17,34,3264,0.7,0.7,0.0,0,0,0,0,0,0,0.9029913783462608,0.9522699829412744,1.0229251747502328,0.9522699829412744,1.0229251747502328,0,0.0,0,0.0,0.0,0,wg_raw,43
0,18,37,3552,0.7,0.7,0.0,0,0,0,0,0,0,0.8858345988082126,0.9588285526953602,1.0182958453419222,0.9588285526953602,1.0182958453419222,0,0.0,0,0.0,0.0,0,wg_raw,43
0,19,38,3648,0.7,0.7,0.0,0,0,0,0,0,0,0.9137829572758568,0.9561662734478552,1.0199399294831288,0.9561662734478552,1.0199399294831288,0,0.0,0,0.0,0.0,0,wg_raw,43
0,20,39,3744,0.7,0.7,0.0,0,0,0,0,0,0,0.916638836235017,0.9547457754548984,1.021850828236272,0.9547457754548984,1.021850828236272,0,0.0,0,0.0,0.0,0,wg_raw,43
0,21,43,4128,0.7,0.7,0.0,0,0,0,0,0,0,0.895181497758007,0.9536915930338046,1.0175537228275533,0.9536915930338046,1.0175537228275533,0,0.0,0,0.0,0.0,0,wg_raw,43
0,22,44,4224,0.7,0.7,0.0,0,0,0,0,0,0,0.8885046204880395,0.9575544057597314,1.017089262698997,0.9575544057597314,1.017089262698997,0,0.0,0,0.0,0.0,0,wg_raw,43
0,23,46,4416,0.7,0.7,0.0,0,0,0,0,0,0,0.910554972138054,0.9528283891495049,1.0219046714118274,0.9528283891495049,1.0219046714118274,0,0.0,0,0.0,0.0,0,wg_raw,43
0,24,49,4704,0.7,0.7,0.0,0,0,0,0,0,0,0.9099951019606692,0.9548725377924822,1.018118799225476,0.9548725377924822,1.018118799225476,0,0.0,0,0.0,0.0,0,wg_raw,43
0,25,50,4800,0.7,0.7,0.0,0,0,0,0,0,0,0.8755144640989987,0.957315662643557,1.0218744387495495,0.957315662643557,1.0218744387495495,0,0.0,0,0.0,0.0,0,wg_raw,43
0,26,51,4896,0.7,0.7,0.0,0,0,0,0,0,0,0.9127164678816,0.9544089792588056,1.0183667670755752,0.9544089792588056,1.0183667670755752,0,0.0,0,0.0,0.0,0,wg_raw,43
0,27,53,5088,0.7,0.7,0.0,0,0,0,0,0,0,0.8879805944497008,0.9557989187273156,1.0171263058658389,0.9557989187273156,1.0171263058658389,0,0.0,0,0.0,0.0,0,wg_raw,43
0,28,54,5184,0.7,0.7,0.0,0,0,0,0,0,0,0.8993454086197354,0.953433777399231,1.0179251427833824,0.953433777399231,1.0179251427833824,0,0.0,0,0.0,0.0,0,wg_raw,43
0,29,55,5280,0.7,0.7,0.0,0,0,0,0,0,0,0.9038195289015956,0.9531344713990776,1.0185077469886177,0.9531344713990776,1.0185077469886177,0,0.0,0,0.0,0.0,0,wg_raw,43
0,30,56,5376,0.7,0.7,0.0,0,0,0,0,0,0,0.900513077733579,0.957233280879143,1.0192031583771384,0.957233280879143,1.0192031583771384,0,0.0,0,0.0,0.0,0,wg_raw,43
0,31,57,5472,0.7,0.7,0.0,0,0,0,0,0,0,0.8825597936381913,0.9576845171504952,1.021000921384687,0.9576845171504952,1.021000921384687,0,0.0,0,0.0,0.0,0,wg_raw,43
0,32,59,5664,0.7,0.7,0.0,0,0,0,0,0,0,0.8739573442817924,0.9553281951510594,1.0180883856275478,0.9553281951510594,1.0180883856275478,0,0.0,0,0.0,0.0,0,wg_raw,43
0,33,60,5760,0.7,0.7,0.0,0,0,0,0,0,0,0.9059894183348972,0.9521629419566272,1.0231089043552628,0.9521629419566272,1.0231089043552628,0,0.0,0,0.0,0.0,0,wg_raw,43
0,34,62,5952,0.7,0.7,0.0,0,0,0,0,0,0,0.8933081955731842,0.9525798908346176,1.0171143532729974,0.9525798908346176,1.0171143532729974,0,0.0,0,0.0,0.0,0,wg_raw,43
0,35,65,6240,0.7,0.7,0.0,0,0,0,0,0,0,0.8957217526519288,0.9568987953631092,1.0209581958451353,0.9568987953631092,1.0209581958451353,0,0.0,0,0.0,0.0,0,wg_raw,43
0,36,66,6336,0.7,0.7,0.0,0,0,0,0,0,0,0.9048066027535924,0.9504943215361544,1.0187650625620404,0.9504943215361544,1.0187650625620404,0,0.0,0,0.0,0.0,0,wg_raw,43
0,37,67,6432,0.7,0.7,0.0,0,0,0,0,0,0,0.8932631422778419,0.9559778890711452,1.0267169263750895,0.9559778890711452,1.0267169263750895,0,0.0,0,0.0,0.0,0,wg_raw,43
0,38,68,6528,0.7,0.7,0.0,0,0,0,0,0,0,0.8984577129369363,0.9558631357725732,1.0240856316069535,0.9558631357725732,1.0240856316069535,0,0.0,0,0.0,0.0,0,wg_raw,43
0,39,69,6624,0.7,0.7,0.0,0,0,0,0,0,0,0.900938361847128,0.9553023064629752,1.025754147303771,0.9553023064629752,1.025754147303771,0,0.0,0,0.0,0.0,0,wg_raw,43
0,40,70,6720,0.7,0.7,0.0,0,0,0,0,0,0,0.9112584365705082,0.9552650375516926,1.0177535550352903,0.9552650375516926,1.0177535550352903,0,0.0,0,0.0,0.0,0,wg_raw,43
0,41,71,6816,0.7,0.7,0.0,0,0,0,0,0,0,0.9158404687951008,0.9568740502646358,1.0176544972765569,0.9568740502646358,1.0176544972765569,0,0.0,0,0.0,0.0,0,wg_raw,43
0,42,74,7104,0.7,0.7,0.0,0,0,0,0,0,0,0.9157901068866336,0.9580304266701808,1.0184727111351377,0.9580304266701808,1.0184727111351377,0,0.0,0,0.0,0.0,0,wg_raw,43
0,43,80,7680,0.7,0.7,0.0,0,0,0,0,0,0,0.8693082522242634,0.9529556557398076,1.016505917920033,0.9529556557398076,1.016505917920033,0,0.0,0,0.0,0.0,0,wg_raw,43
0,44,81,7776,0.7,0.7,0.0,0,0,0,0,0,0,0.887375269481409,0.9544146976438438,1.0187651275105742,0.9544146976438438,1.0187651275105742,0,0.0,0,0.0,0.0,0,wg_raw,43
0,45,82,7872,0.7,0.7,0.0,0,0,0,0,0,0,0.909375351619597,0.9527335478047092,1.0204477725468142,0.9527335478047092,1.0204477725468142,0,0.0,0,0.0,0.0,0,wg_raw,43
0,46,84,8064,0.7,0.7,0.0,0,0,0,0,0,0,0.8998589934185904,0.952792950917666,1.023028701410764,0.952792950917666,1.023028701410764,0,0.0,0,0.0,0.0,0,wg_raw,43
0,47,85,8160,0.7,0.7,0.0,0,0,0,0,0,0,0.8906285120505435,0.9595406485180756,1.0238798498144497,0.9595406485180756,1.0238798498144497,0,0.0,0,0.0,0.0,0,wg_raw,43
0,47,86,8256,0.7,0.7,0.0,0,0,0,0,0,0,0.9008091829045528,0.9563625877562894,1.0189410218028996,0.9563625877562894,1.0189410218028996,0,0.0,0,0.0,0.0,0,wg_raw,43
0,48,87,8352,0.7,0.7,0.0,0,0,0,0,0,0,0.9162466449404492,0.9548861848097115,1.0213684161993124,0.9548861848097115,1.0213684161993124,0,0.0,0,0.0,0.0,0,wg_raw,43
0,49,93,8928,0.7,0.7,0.0,0,0,0,0,0,0,0.8908550623463749,0.9550502561534971,1.0175112062944525,0.9550502561534971,1.0175112062944525,0,0.0,0,0.0,0.0,0,wg_raw,43
0,50,94,9024,0.7,0.7,0.0,0,0,0,0,0,0,0.8871629071112113,0.9581583834165588,1.020401019027954,0.9581583834165588,1.020401019027954,0,0.0,0,0.0,0.0,0,wg_raw,43
0,51,95,9120,0.7,0.7,0.0,0,0,0,0,0,0,0.9055002735700524,0.9562096411211656,1.0181920976134051,0.9562096411211656,1.0181920976134051,0,0.0,0,0.0,0.0,0,wg_raw,43
0,52,97,9312,0.7,0.7,0.0,0,0,0,0,0,0,0.8961924591996682,0.9564857063764256,1.0166149792778376,0.9564857063764256,1.0166149792778376,0,0.0,0,0.0,0.0,0,wg_raw,43
0,53,98,9408,0.7,0.7,0.0,0,0,0,0,0,0,0.8831055858485957,0.9533764989871932,1.0167682817502657,0.9533764989871932,1.0167682817502657,0,0.0,0,0.0,0.0,0,wg_raw,43
0,54,101,9696,0.7,0.7,0.0,0,0,0,0,0,0,0.8929152318439959,0.9549710669324708,1.0190613364451064,0.9549710669324708,1.0190613364451064,0,0.0,0,0.0,0.0,0,wg_raw,43
0,55,102,9792,0.7,0.7,0.0,0,0,0,0,0,0,0.9060418771322184,0.9559152675365422,1.026028536981188,0.9559152675365422,1.026028536981188,0,0.0,0,0.0,0.0,0,wg_raw,43
0,56,107,10272,0.7,0.7,0.0,0,0,0,0,0,0,0.8812660563848778,0.9512277798971251,1.017578510225755,0.9512277798971251,1.017578510225755,0,0.0,0,0.0,0.0,0,wg_raw,43
0,57,109,10464,0.7,0.7,0.0,0,0,0,0,0,0,0.8913472217588597,0.9524555060440992,1.0167624978787568,0.9524555060440992,1.0167624978787568,0,0.0,0,0.0,0.0,0,wg_raw,43
0,58,111,10656,0.7,0.7,0.0,0,0,0,0,0,0,0.9055126883599536,0.9522738976802332,1.0179338351247833,0.9522738976802332,1.0179338351247833,0,0.0,0,0.0,0.0,0,wg_raw,43
0,59,114,10944,0.7,0.7,0.0,0,0,0,0,0,0,0.8830129679755953,0.9555952699360238,1.0177357099318227,0.9555952699360238,1.0177357099318227,0,0.0,0,0.0,0.0,0,wg_raw,43
0,60,116,11136,0.7,0.7,0.0,0,0,0,0,0,0,0.9129437771840794,0.9509258787509948,1.018364960069284,0.9509258787509948,1.018364960069284,0,0.0,0,0.0,0.0,0,wg_raw,43
0,61,117,11232,0.7,0.7,0.0,0,0,0,0,0,0,0.9046158914826092,0.9564800512958376,1.0181509226569394,0.9564800512958376,1.0181509226569394,0,0.0,0,0.0,0.0,0,wg_raw,43
0,62,119,11424,0.7,0.7,0.0,0,0,0,0,0,0,0.9058956761153836,0.954858584438254,1.0228735329437282,0.954858584438254,1.0228735329437282,0,0.0,0,0.0,0.0,0,wg_raw,43
0,63,120,11520,0.7,0.7,0.0,0,0,0,0,0,0,0.9056439888001294,0.9535055067140452,1.0235260980889185,0.9535055067140452,1.0235260980889185,0,0.0,0,0.0,0.0,0,wg_raw,43
0,63,122,11712,0.7,0.7,0.0,0,0,0,0,0,0,0.9040932371155342,0.9568863763322468,1.0195304187378418,0.9568863763322468,1.0195304187378418,0,0.0,0,0.0,0.0,0,wg_raw,43
0,64,123,11808,0.7,0.7,0.0,0,0,0,0,0,0,0.8948381873884277,0.9532197764169434,1.016806169054578,0.9532197764169434,1.016806169054578,0,0.0,0,0.0,0.0,0,wg_raw,43
0,65,125,12000,0.7,0.7,0.0,0,0,0,0,0,0,0.9021719676543424,0.9536968860797724,1.0250897186076262,0.9536968860797724,1.0250897186076262,0,0.0,0,0.0,0.0,0,wg_raw,43
0,66,126,12096,0.7,0.7,0.0,0,0,0,0,0,0,0.9086520584552168,0.9532658276101538,1.0183014051379733,0.9532658276101538,1.0183014051379733,0,0.0,0,0.0,0.0,0,wg_raw,43
0,67,128,12288,0.7,0.7,0.0,0,0,0,0,0,0,0.908430578978339,0.9554772588914228,1.0207953907664955,0.9554772588914228,1.0207953907664955,0,0.0,0,0.0,0.0,0,wg_raw,43
0,68,129,12384,0.7,0.7,0.0,0,0,0,0,0,0,0.9222315254178326,0.9517994342226884,1.0202406469965657,0.9517994342226884,1.0202406469965657,0,0.0,0,0.0,0.0,0,wg_raw,43
0,69,131,12576,0.7,0.7,0.0,0,0,0,0,0,0,0.88640372019837,0.9547111875885248,1.0255484913861603,0.9547111875885248,1.0255484913861603,0,0.0,0,0.0,0.0,0,wg_raw,43
0,70,133,12768,0.7,0.7,0.0,0,0,0,0,0,0,0.904551296793683,0.9531248847323276,1.021148406762616,0.9531248847323276,1.021148406762616,0,0.0,0,0.0,0.0,0,wg_raw,43
0,71,134,12864,0.7,0.7,0.0,0,0,0,0,0,0,0.8850905580469899,0.9530446675808558,1.0191111351059656,0.9530446675808558,1.0191111351059656,0,0.0,0,0.0,0.0,0,wg_raw,43
0,72,136,13056,0.7,0.7,0.0,0,0,0,0,0,0,0.9244004133377016,0.956609479752653,1.0245308232034744,0.956609479752653,1.0245308232034744,0,0.0,0,0.0,0.0,0,wg_raw,43
0,73,140,13440,0.7,0.7,0.0,0,0,0,0,0,0,0.884239705158224,0.9543044014954968,1.02062344363485,0.9543044014954968,1.02062344363485,0,0.0,0,0.0,0.0,0,wg_raw,43
0,74,141,13536,0.7,0.7,0.0,0,0,0,0,0,0,0.9019052337522204,0.9531882424168396,1.0176329386805023,0.9531882424168396,1.0176329386805023,0,0.0,0,0.0,0.0,0,wg_raw,43
0,75,142,13632,0.7,0.7,0.0,0,0,0,0,0,0,0.90700304798313,0.9550432236989548,1.0223725097050036,0.9550432236989548,1.0223725097050036,0,0.0,0,0.0,0.0,0,wg_raw,43
0,76,143,13728,0.7,0.7,0.0,0,0,0,0,0,0,0.8978928423836408,0.953077922647557,1.01738043880198,0.953077922647557,1.01738043880198,0,0.0,0,0.0,0.0,0,wg_raw,43
0,77,145,13920,0.7,0.7,0.0,0,0,0,0,0,0,0.8944958296738015,0.9587340495934176,1.0222884382316757,0.9587340495934176,1.0222884382316757,0,0.0,0,0.0,0.0,0,wg_raw,43
0,78,148,14208,0.7,0.7,0.0,0,0,0,0,0,0,0.9005007327820871,0.9523298226071027,1.0158124046272754,0.9523298226071027,1.0158124046272754,0,0.0,0,0.0,0.0,0,wg_raw,43
0,79,149,14304,0.7,0.7,0.0,0,0,0,0,0,0,0.9100878233625628,0.9515404958221204,1.0206390659379694,0.9515404958221204,1.0206390659379694,0,0.0,0,0.0,0.0,0,wg_raw,43
0,80,151,14496,0.7,0.7,0.0,0,0,0,0,0,0,0.9137657398078488,0.9552915375951264,1.0168711108711783,0.9552915375951264,1.0168711108711783,0,0.0,0,0.0,0.0,0,wg_raw,43
0,81,152,14592,0.7,0.7,0.0,0,0,0,0,0,0,0.8939616535830965,0.9558524432323726,1.0198659615851935,0.9558524432323726,1.0198659615851935,0,0.0,0,0.0,0.0,0,wg_raw,43
0,82,154,14784,0.7,0.7,0.0,0,0,0,0,0,0,0.8884947215489487,0.9550289947348604,1.0203078571434383,0.9550289947348604,1.0203078571434383,0,0.0,0,0.0,0.0,0,wg_raw,43
0,83,156,14976,0.7,0.7,0.0,0,0,0,0,0,0,0.9221854239289936,0.9522514300093378,1.0254612789190891,0.9522514300093378,1.0254612789190891,0,0.0,0,0.0,0.0,0,wg_raw,43
0,84,157,15072,0.7,0.7,0.0,0,0,0,0,0,0,0.8997502758272856,0.9550211876493684,1.0227787688738184,0.9550211876493684,1.0227787688738184,0,0.0,0,0.0,0.0,0,wg_raw,43
0,85,166,15936,0.7,0.7,0.0,0,0,0,0,0,0,0.893319478449216,0.9547809111373512,1.01633156252733,0.9547809111373512,1.01633156252733,0,0.0,0,0.0,0.0,0,wg_raw,43
0,87,168,16128,0.7,0.7,0.0,0,0,0,0,0,0,0.9052110158127964,0.9546123670480704,1.0174023596819963,0.9546123670480704,1.0174023596819963,0,0.0,0,0.0,0.0,0,wg_raw,43
0,86,169,16224,0.7,0.7,0.0,0,0,0,0,0,0,0.9011177229719352,0.9558685617496796,1.0192611725534584,0.9558685617496796,1.0192611725534584,0,0.0,0,0.0,0.0,0,wg_raw,43
0,87,171,16416,0.7,0.7,0.0,0,0,0,0,0,0,0.8951761703957698,0.9541526693242258,1.0185702284879756,0.9541526693242258,1.0185702284879756,0,0.0,0,0.0,0.0,0,wg_raw,43
0,88,172,16512,0.7,0.7,0.0,0,0,0,0,0,0,0.8965105682536431,0.9510975615261068,1.0182297887783427,0.9510975615261068,1.0182297887783427,0,0.0,0,0.0,0.0,0,wg_raw,43
0,89,173,16608,0.7,0.7,0.0,0,0,0,0,0,0,0.9071928915918864,0.9535820862628502,1.0195994239579442,0.9535820862628502,1.0195994239579442,0,0.0,0,0.0,0.0,0,wg_raw,43
0,90,175,16800,0.7,0.7,0.0,0,0,0,0,0,0,0.8993214882584964,0.9543294767427176,1.020207068910511,0.9543294767427176,1.020207068910511,0,0.0,0,0.0,0.0,0,wg_raw,43
0,91,176,16896,0.7,0.7,0.0,0,0,0,0,0,0,0.9150090967993952,0.9555118197566712,1.0174898744836105,0.9555118197566712,1.0174898744836105,0,0.0,0,0.0,0.0,0,wg_raw,43
0,92,178,17088,0.7,0.7,0.0,0,0,0,0,0,0,0.9058946784487776,0.9545532460804776,1.0182574006699825,0.9545532460804776,1.0182574006699825,0,0.0,0,0.0,0.0,0,wg_raw,43
0,93,179,17184,0.7,0.7,0.0,0,0,0,0,0,0,0.9201227237047114,0.9528922360551092,1.0187708951226675,0.9528922360551092,1.0187708951226675,0,0.0,0,0.0,0.0,0,wg_raw,43
0,94,181,17376,0.7,0.7,0.0,0,0,0,0,0,0,0.9053556301994669,0.9544997513168556,1.0199555299781224,0.9544997513168556,1.0199555299781224,0,0.0,0,0.0,0.0,0,wg_raw,43
0,95,183,17568,0.7,0.7,0.0,0,0,0,0,0,0,0.9061550730409564,0.9536036528785105,1.0219290312742495,0.9536036528785105,1.0219290312742495,0,0.0,0,0.0,0.0,0,wg_raw,43
0,96,184,17664,0.7,0.7,0.0,0,0,0,0,0,0,0.9091415520203344,0.9560117341153924,1.0168165850205628,0.9560117341153924,1.0168165850205628,0,0.0,0,0.0,0.0,0,wg_raw,43
0,97,187,17952,0.7,0.7,0.0,0,0,0,0,0,0,0.9051514318369092,0.951302672643907,1.0222129756000016,0.951302672643907,1.0222129756000016,0,0.0,0,0.0,0.0,0,wg_raw,43
0,100,190,18240,0.7,0.7,0.0,0,0,0,0,0,0,0.8938042871686379,0.9564083037452156,1.0159918113143154,0.9564083037452156,1.0159918113143154,0,0.0,0,0.0,0.0,0,wg_raw,43
0,98,192,18432,0.7,0.7,0.0,0,0,0,0,0,0,0.9180801025664108,0.9530395469376636,1.0181130447827098,0.9530395469376636,1.0181130447827098,0,0.0,0,0.0,0.0,0,wg_raw,43
0,99,193,18528,0.7,0.7,0.0,0,0,0,0,0,0,0.9059831158298756,0.953213504576791,1.0193229326695037,0.953213504576791,1.0193229326695037,0,0.0,0,0.0,0.0,0,wg_raw,43
0,100,197,18912,0.7,0.7,0.0,0,0,0,0,0,0,0.8957432580057185,0.954107740689082,1.01984535168531,0.954107740689082,1.01984535168531,0,0.0,0,0.0,0.0,0,wg_raw,43
0,101,201,19296,0.7,0.7,0.0,0,0,0,0,0,0,0.8963636510675382,0.9537451510693036,1.0254194351156642,0.9537451510693036,1.0254194351156642,0,0.0,0,0.0,0.0,0,wg_raw,43
0,102,205,19680,0.7,0.7,0.0,0,0,0,0,0,0,0.8895848114243169,0.9557005191421932,1.0191403436995503,0.9557005191421932,1.0191403436995503,0,0.0,0,0.0,0.0,0,wg_raw,43
0,103,207,19872,0.7,0.7,0.0,1,1,0,1,0,0,0.9085653700579484,0.9472902591305108,1.01799050365513,0.9472902591305108,1.01799050365513,0,0.0,0,0.0,0.0,0,wg_raw,43
0,104,210,20160,0.7,0.7,0.0,1,1,0,1,0,0,0.8860224866968724,0.9493126203327426,1.0160547940912548,0.9493126203327426,1.0160547940912548,0,0.0,0,0.0,0.0,0,wg_raw,43
0,105,212,20352,0.7,0.7,0.0,0,0,0,0,0,0,0.9086971714265648,0.9517206624907212,1.023164790606436,0.9517206624907212,1.023164790606436,0,0.0,0,0.0,0.0,0,wg_raw,43
0,106,213,20448,0.7,0.7,0.0,0,0,0,0,0,0,0.9018078585090418,0.9545452589023012,1.0256129317942049,0.9545452589023012,1.0256129317942049,0,0.0,0,0.0,0.0,0,wg_raw,43
0,107,216,20736,0.7,0.7,0.0,0,0,0,0,0,0,0.8816860013311554,0.9549867212540196,1.0205242743783145,0.9549867212540196,1.0205242743783145,0,0.0,0,0.0,0.0,0,wg_raw,43
0,108,219,21024,0.7,0.7,0.0,0,0,0,0,0,0,0.92124317937535,0.9527126759066676,1.0212729036283292,0.9527126759066676,1.0212729036283292,0,0.0,0,0.0,0.0,0,wg_raw,43
0,109,220,21120,0.7,0.7,0.0,0,0,0,0,0,0,0.9140725042101716,0.9561526684127928,1.0167725577656763,0.9561526684127928,1.0167725577656763,0,0.0,0,0.0,0.0,0,wg_raw,43
0,110,226,21696,0.7,0.7,0.0,0,0,0,0,0,0,0.8977458429997126,0.9534579217080704,1.0194574754771324,0.9534579217080704,1.0194574754771324,0,0.0,0,0.0,0.0,0,wg_raw,43
0,114,228,21888,0.7,0.7,0.0,0,0,0,0,0,0,0.9192374514850564,0.9577793041108276,1.0221694983140084,0.9577793041108276,1.0221694983140084,0,0.0,0,0.0,0.0,0,wg_raw,43
0,111,230,22080,0.7,0.7,0.0,0,0,0,0,0,0,0.900950512426946,0.9555085370849512,1.020388895052729,0.9555085370849512,1.020388895052729,0,0.0,0,0.0,0.0,0,wg_raw,43
0,112,231,22176,0.7,0.7,0.0,0,0,0,0,0,0,0.8949323837179411,0.9565759656064772,1.021871403323276,0.9565759656064772,1.021871403323276,0,0.0,0,0.0,0.0,0,wg_raw,43
0,113,232,22272,0.7,0.7,0.0,0,0,0,0,0,0,0.894322498902329,0.956716345701366,1.0173790417325357,0.956716345701366,1.0173790417325357,0,0.0,0,0.0,0.0,0,wg_raw,43
0,114,234,22464,0.7,0.7,0.0,0,0,0,0,0,0,0.9026605650545904,0.955161398840722,1.0239665628392798,0.955161398840722,1.0239665628392798,0,0.0,0,0.0,0.0,0,wg_raw,43
0,115,235,22560,0.7,0.7,0.0,0,0,0,0,0,0,0.9150472867233372,0.953081721112646,1.0202731567653964,0.953081721112646,1.0202731567653964,0,0.0,0,0.0,0.0,0,wg_raw,43
0,116,236,22656,0.7,0.7,0.0,0,0,0,0,0,0,0.9088557575538224,0.9564120538036388,1.0178235243103753,0.9564120538036388,1.0178235243103753,0,0.0,0,0.0,0.0,0,wg_raw,43
0,117,239,22944,0.7,0.7,0.0,0,0,0,0,0,0,0.894891862777229,0.9544377364047356,1.020575868944661,0.9544377364047356,1.020575868944661,0,0.0,0,0.0,0.0,0,wg_raw,43
0,118,240,23040,0.7,0.7,0.0,0,0,0,0,0,0,0.8994885739949546,0.954865855332548,1.019207333024957,0.954865855332548,1.019207333024957,0,0.0,0,0.0,0.0,0,wg_raw,43
0,123,241,23136,0.7,0.7,0.0,0,0,0,0,0,0,0.8958588112507773,0.9539189065010248,1.018076463324504,0.9539189065010248,1.018076463324504,0,0.0,0,0.0,0.0,0,wg_raw,43
0,119,244,23424,0.7,0.7,0.0,0,0,0,0,0,0,0.9076376864213132,0.955253252992738,1.0193186409993504,0.955253252992738,1.0193186409993504,0,0.0,0,0.0,0.0,0,wg_raw,43
0,120,245,23520,0.7,0.7,0.0,0,0,0,0,0,0,0.8929096127159454,0.9548872619482024,1.019066753064565,0.9548872619482024,1.019066753064565,0,0.0,0,0.0,0.0,0,wg_raw,43
0,121,248,23808,0.7,0.7,0.0,0,0,0,0,0,0,0.9081550396965152,0.9559339096854096,1.0206334196297298,0.9559339096854096,1.0206334196297298,0,0.0,0,0.0,0.0,0,wg_raw,43
0,122,251,24096,0.7,0.7,0.0,0,0,0,0,0,0,0.8903987601213573,0.954299344616492,1.0210183553027958,0.954299344616492,1.0210183553027958,0,0.0,0,0.0,0.0,0,wg_raw,43
0,123,253,24288,0.7,0.7,0.0,0,0,0,0,0,0,0.8931370678664176,0.9547597010885416,1.0227783433313062,0.9547597010885416,1.0227783433313062,0,0.0,0,0.0,0.0,0,wg_raw,43
0,124,254,24384,0.7,0.7,0.0,0,0,0,0,0,0,0.8970297839238097,0.9566734051945144,1.0182075699277915,0.9566734051945144,1.0182075699277915,0,0.0,0,0.0,0.0,0,wg_raw,43
0,125,257,24672,0.7,0.7,0.0,0,0,0,0,0,0,0.8802898913427563,0.9577448203152265,1.0239258841117185,0.9577448203152265,1.0239258841117185,0,0.0,0,0.0,0.0,0,wg_raw,43
0,126,259,24864,0.7,0.7,0.0,0,0,0,0,0,0,0.8903833253994896,0.9584730203042638,1.0206004614501518,0.9584730203042638,1.0206004614501518,0,0.0,0,0.0,0.0,0,wg_raw,43
0,127,261,25056,0.7,0.7,0.0,0,0,0,0,0,0,0.9138324159725508,0.9534877878333078,1.021033619016858,0.9534877878333078,1.021033619016858,0,0.0,0,0.0,0.0,0,wg_raw,43
0,128,266,25536,0.7,0.7,0.0,0,0,0,0,0,0,0.899002168018574,0.952901325573698,1.017944893716259,0.952901325573698,1.017944893716259,0,0.0,0,0.0,0.0,0,wg_raw,43
0,129,267,25632,0.7,0.7,0.0,0,0,0,0,0,0,0.9004186636325224,0.9553730397351712,1.020427939546099,0.9553730397351712,1.020427939546099,0,0.0,0,0.0,0.0,0,wg_raw,43
0,130,268,25728,0.7,0.7,0.0,0,0,0,0,0,0,0.8955528605973002,0.955905209983652,1.0164099623432616,0.955905209983652,1.0164099623432616,0,0.0,0,0.0,0.0,0,wg_raw,43
0,131,269,25824,0.7,0.7,0.0,0,0,0,0,0,0,0.9141319095865784,0.9550879670178049,1.0252149153014052,0.9550879670178049,1.0252149153014052,0,0.0,0,0.0,0.0,0,wg_raw,43
0,132,271,26016,0.7,0.7,0.0,0,0,0,0,0,0,0.9048371936322168,0.9514093999036448,1.0177397346424473,0.9514093999036448,1.0177397346424473,0,0.0,0,0.0,0.0,0,wg_raw,43
0,133,272,26112,0.7,0.7,0.0,0,0,0,0,0,0,0.9086326931337256,0.9572406432931064,1.018459894445239,0.9572406432931064,1.018459894445239,0,0.0,0,0.0,0.0,0,wg_raw,43
0,134,273,26208,0.7,0.7,0.0,1,1,0,1,0,0,0.905593516770728,0.947331993452454,1.0179637290371588,0.947331993452454,1.0179637290371588,0,0.0,0,0.0,0.0,0,wg_raw,43
0,135,275,26400,0.7,0.7,0.0,0,0,0,0,0,0,0.8753034604004019,0.9568370856154226,1.0233253580994213,0.9568370856154226,1.0233253580994213,0,0.0,0,0.0,0.0,0,wg_raw,43
0,136,276,26496,0.7,0.7,0.0,0,0,0,0,0,0,0.9080684395193864,0.9524691253885288,1.0212089749767306,0.9524691253885288,1.0212089749767306,0,0.0,0,0.0,0.0,0,wg_raw,43
0,142,278,26688,0.7,0.7,0.0,0,0,0,0,0,0,0.8911065811760382,0.955332408823356,1.0187992298406292,0.955332408823356,1.0187992298406292,0,0.0,0,0.0,0.0,0,wg_raw,43
0,143,280,26880,0.7,0.7,0.0,0,0,0,0,0,0,0.8921968412749449,0.9532493982804112,1.0174284333829808,0.9532493982804112,1.0174284333829808,0,0.0,0,0.0,0.0,0,wg_raw,43
0,144,281,26976,0.7,0.7,0.0,0,0,0,0,0,0,0.868395254894287,0.9569266284754464,1.017843107218941,0.9569266284754464,1.017843107218941,0,0.0,0,0.0,0.0,0,wg_raw,43
0,137,282,27072,0.7,0.7,0.0,0,0,0,0,0,0,0.8941962670328018,0.9577181940530278,1.0217486705450438,0.9577181940530278,1.0217486705450438,0,0.0,0,0.0,0.0,0,wg_raw,43
0,138,283,27168,0.7,0.7,0.0,0,0,0,0,0,0,0.8865100381830305,0.9573852986223144,1.0271157175590933,0.9573852986223144,1.0271157175590933,0,0.0,0,0.0,0.0,0,wg_raw,43
0,139,284,27264,0.7,0.7,0.0,0,0,0,0,0,0,0.9148033662493048,0.9545261709291488,1.0192932153359469,0.9545261709291488,1.0192932153359469,0,0.0,0,0.0,0.0,0,wg_raw,43
0,140,285,27360,0.7,0.7,0.0,0,0,0,0,0,0,0.9156133603765748,0.9565177605749196,1.0211951426524168,0.9565177605749196,1.0211951426524168,0,0.0,0,0.0,0.0,0,wg_raw,43
0,141,287,27552,0.7,0.7,0.0,0,0,0,0,0,0,0.913857578755512,0.9548790830086232,1.0195954405955856,0.9548790830086232,1.0195954405955856,0,0.0,0,0.0,0.0,0,wg_raw,43
0,142,288,27648,0.7,0.7,0.0,0,0,0,0,0,0,0.8956127936902717,0.95604201598887,1.0206402421002991,0.95604201598887,1.0206402421002991,0,0.0,0,0.0,0.0,0,wg_raw,43
0,143,289,27744,0.7,0.7,0.0,0,0,0,0,0,0,0.8881653446820581,0.9532949884765644,1.015976676983832,0.9532949884765644,1.015976676983832,0,0.0,0,0.0,0.0,0,wg_raw,43
0,144,290,27840,0.7,0.7,0.0,0,0,0,0,0,0,0.9030681739084546,0.9528094232959728,1.024249448530494,0.9528094232959728,1.024249448530494,0,0.0,0,0.0,0.0,0,wg_raw,43
0,153,291,27936,0.7,0.7,0.0,0,0,0,0,0,0,0.9182364988571484,0.953784762105056,1.0177207596205486,0.953784762105056,1.0177207596205486,0,0.0,0,0.0,0.0,0,wg_raw,43
0,145,292,28032,0.7,0.7,0.0,0,0,0,0,0,0,0.8790082830449054,0.955570812060546,1.0177340456339503,0.955570812060546,1.0177340456339503,0,0.0,0,0.0,0.0,0,wg_raw,43
0,146,293,28128,0.7,0.7,0.0,0,0,0,0,0,0,0.9190101312078076,0.9558369809076596,1.020092945885572,0.9558369809076596,1.020092945885572,0,0.0,0,0.0,0.0,0,wg_raw,43
0,147,294,28224,0.7,0.7,0.0,0,0,0,0,0,0,0.8976370368924812,0.954980360144269,1.0192345340549769,0.954980360144269,1.0192345340549769,0,0.0,0,0.0,0.0,0,wg_raw,43
0,148,295,28320,0.7,0.7,0.0,0,0,0,0,0,0,0.8872048805828064,0.9554854357003127,1.018760587800832,0.9554854357003127,1.018760587800832,0,0.0,0,0.0,0.0,0,wg_raw,43
0,149,296,28416,0.7,0.7,0.0,0,0,0,0,0,0,0.8941743752502449,0.9550976110928768,1.0173711944224582,0.9550976110928768,1.0173711944224582,0,0.0,0,0.0,0.0,0,wg_raw,43
0,150,297,28512,0.7,0.7,0.0,0,0,0,0,0,0,0.9114015134114828,0.953258546494511,1.0172298685424612,0.953258546494511,1.0172298685424612,0,0.0,0,0.0,0.0,0,wg_raw,43
0,160,298,28608,0.7,0.7,0.0,0,0,0,0,0,0,0.9047763982945398,0.9593751792717364,1.0232307194178831,0.9593751792717364,1.0232307194178831,0,0.0,0,0.0,0.0,0,wg_raw,43
0,151,299,28704,0.7,0.7,0.0,0,0,0,0,0,0,0.9052235039200344,0.9513861915015864,1.022679508756136,0.9513861915015864,1.022679508756136,0,0.0,0,0.0,0.0,0,wg_raw,43
0,152,300,28800,0.7,0.7,0.0,0,0,0,0,0,0,0.89483067275555,0.9584499287613324,1.0250258747839691,0.9584499287613324,1.0250258747839691,0,0.0,0,0.0,0.0,0,wg_raw,43
0,153,302,28992,0.7,0.7,0.0,0,0,0,0,0,0,0.9072377074467184,0.9581965459232058,1.022629648364221,0.9581965459232058,1.022629648364221,0,0.0,0,0.0,0.0,0,wg_raw,43
0,154,305,29280,0.7,0.7,0.0,0,0,0,0,0,0,0.8989132578786544,0.9543100414436908,1.023206368475973,0.9543100414436908,1.023206368475973,0,0.0,0,0.0,0.0,0,wg_raw,43
0,155,306,29376,0.7,0.7,0.0,0,0,0,0,0,0,0.875264399342391,0.9537406885953856,1.017960913437418,0.9537406885953856,1.017960913437418,0,0.0,0,0.0,0.0,0,wg_raw,43
0,156,307,29472,0.7,0.7,0.0,0,0,0,0,0,0,0.899835959775119,0.9556164425126992,1.017529088918489,0.9556164425126992,1.017529088918489,0,0.0,0,0.0,0.0,0,wg_raw,43
0,157,308,29568,0.7,0.7,0.0,0,0,0,0,0,0,0.8972361161938788,0.951231085031183,1.017982680436243,0.951231085031183,1.017982680436243,0,0.0,0,0.0,0.0,0,wg_raw,43
0,158,312,29952,0.7,0.7,0.0,0,0,0,0,0,0,0.895806183048059,0.9511984635081384,1.0182585681183591,0.9511984635081384,1.0182585681183591,0,0.0,0,0.0,0.0,0,wg_raw,43
0,159,315,30240,0.7,0.7,0.0,0,0,0,0,0,0,0.9167456318616072,0.9557448696654296,1.0231831360486523,0.9557448696654296,1.0231831360486523,0,0.0,0,0.0,0.0,0,wg_raw,43
0,160,317,30432,0.7,0.7,0.0,0,0,0,0,0,0,0.913770092758817,0.95208265254309,1.0171112795699362,0.95208265254309,1.0171112795699362,0,0.0,0,0.0,0.0,0,wg_raw,43
0,161,319,30624,0.7,0.7,0.0,1,1,0,1,0,0,0.9045167914405602,0.9499625734346786,1.024543954055435,0.9499625734346786,1.024543954055435,0,0.0,0,0.0,0.0,0,wg_raw,43
0,162,321,30816,0.7,0.7,0.0,0,0,0,0,0,0,0.9017513558777436,0.954615549524894,1.0231837726201252,0.954615549524894,1.0231837726201252,0,0.0,0,0.0,0.0,0,wg_raw,43
0,173,322,30912,0.7,0.7,0.0,0,0,0,0,0,0,0.8908771569532355,0.953686010724032,1.016635733745946,0.953686010724032,1.016635733745946,0,0.0,0,0.0,0.0,0,wg_raw,43
0,163,326,31296,0.7,0.7,0.0,1,1,0,1,0,0,0.9040238464393562,0.9481870247611308,1.0162634515505795,0.9481870247611308,1.0162634515505795,0,0.0,0,0.0,0.0,0,wg_raw,43
0,164,329,31584,0.7,0.7,0.0,0,0,0,0,0,0,0.9105322178185212,0.95512090905559,1.0189456959076113,0.95512090905559,1.0189456959076113,0,0.0,0,0.0,0.0,0,wg_raw,43
0,165,331,31776,0.7,0.7,0.0,0,0,0,0,0,0,0.9313324649910666,0.9571215814316552,1.0193293693649204,0.9571215814316552,1.0193293693649204,0,0.0,0,0.0,0.0,0,wg_raw,43
0,166,332,31872,0.7,0.7,0.0,0,0,0,0,0,0,0.8959805577833229,0.9513123208251804,1.0227268587219127,0.9513123208251804,1.0227268587219127,0,0.0,0,0.0,0.0,0,wg_raw,43
0,167,333,31968,0.7,0.7,0.0,0,0,0,0,0,0,0.8814897336144067,0.9574718996984344,1.0178248469200837,0.9574718996984344,1.0178248469200837,0,0.0,0,0.0,0.0,0,wg_raw,43
0,168,335,32160,0.7,0.7,0.0,0,0,0,0,0,0,0.8946510726062507,0.9545470239813716,1.0192192157705398,0.9545470239813716,1.0192192157705398,0,0.0,0,0.0,0.0,0,wg_raw,43
0,169,336,32256,0.7,0.7,0.0,0,0,0,0,0,0,0.9158257566065326,0.950749371377113,1.0169671507990856,0.950749371377113,1.0169671507990856,0,0.0,0,0.0,0.0,0,wg_raw,43
0,170,337,32352,0.7,0.7,0.0,0,0,0,0,0,0,0.9070960101710664,0.9582110565156448,1.021257612090928,0.9582110565156448,1.021257612090928,0,0.0,0,0.0,0.0,0,wg_raw,43
0,171,338,32448,0.7,0.7,0.0,0,0,0,0,0,0,0.909390871187024,0.9542595942183452,1.0178917488234995,0.9542595942183452,1.0178917488234995,0,0.0,0,0.0,0.0,0,wg_raw,43
0,172,339,32544,0.7,0.7,0.0,0,0,0,0,0,0,0.9177891378280818,0.95562041575195,1.0254666630769969,0.95562041575195,1.0254666630769969,0,0.0,0,0.0,0.0,0,wg_raw,43
0,173,341,32736,0.7,0.7,0.0,0,0,0,0,0,0,0.8818266414475883,0.9546833851223132,1.0194033722169735,0.9546833851223132,1.0194033722169735,0,0.0,0,0.0,0.0,0,wg_raw,43
0,174,342,32832,0.7,0.7,0.0,0,0,0,0,0,0,0.9003224262461282,0.9501969407102492,1.020206810187536,0.9501969407102492,1.020206810187536,0,0.0,0,0.0,0.0,0,wg_raw,43
0,175,345,33120,0.7,0.7,0.0,1,1,0,1,0,0,0.8818752280265981,0.9496304846995776,1.023626951371053,0.9496304846995776,1.023626951371053,0,0.0,0,0.0,0.0,0,wg_raw,43
0,176,347,33312,0.7,0.7,0.0,0,0,0,0,0,0,0.9080428079454704,0.9520849184537544,1.02454898291803,0.9520849184537544,1.02454898291803,0,0.0,0,0.0,0.0,0,wg_raw,43
0,177,348,33408,0.7,0.7,0.0,0,0,0,0,0,0,0.8873063825324736,0.953373249360474,1.0186798109538102,0.953373249360474,1.0186798109538102,0,0.0,0,0.0,0.0,0,wg_raw,43
0,178,349,33504,0.7,0.7,0.0,1,1,0,1,0,0,0.9114919126963328,0.9493524854966534,1.0201289236754758,0.9493524854966534,1.0201289236754758,0,0.0,0,0.0,0.0,0,wg_raw,43
0,179,351,33696,0.7,0.7,0.0,0,0,0,0,0,0,0.8945636203167495,0.9564256080089976,1.019271605717451,0.9564256080089976,1.019271605717451,0,0.0,0,0.0,0.0,0,wg_raw,43
0,191,352,33792,0.7,0.7,0.0,0,0,0,0,0,0,0.9165778056200806,0.9573680528412928,1.021821673529086,0.9573680528412928,1.021821673529086,0,0.0,0,0.0,0.0,0,wg_raw,43
0,180,354,33984,0.7,0.7,0.0,0,0,0,0,0,0,0.9073312656085124,0.9548146840843554,1.0186108099477378,0.9548146840843554,1.0186108099477378,0,0.0,0,0.0,0.0,0,wg_raw,43
0,181,355,34080,0.7,0.7,0.0,0,0,0,0,0,0,0.938049559588826,0.9543733098017324,1.0267146325351395,0.9543733098017324,1.0267146325351395,0,0.0,0,0.0,0.0,0,wg_raw,43
0,182,356,34176,0.7,0.7,0.0,0,0,0,0,0,0,0.9024858601510504,0.9580012316579396,1.024264722927434,0.9580012316579396,1.024264722927434,0,0.0,0,0.0,0.0,0,wg_raw,43
0,183,361,34656,0.7,0.7,0.0,0,0,0,0,0,0,0.9009278699494772,0.9574105251742688,1.0198170908738493,0.9574105251742688,1.0198170908738493,0,0.0,0,0.0,0.0,0,wg_raw,43
0,196,362,34752,0.7,0.7,0.0,0,0,0,0,0,0,0.9005614366059883,0.9562095790234612,1.0221866486732187,0.9562095790234612,1.0221866486732187,0,0.0,0,0.0,0.0,0,wg_raw,43
0,184,364,34944,0.7,0.7,0.0,0,0,0,0,0,0,0.8962637506633605,0.9513700338322614,1.0171479171298357,0.9513700338322614,1.0171479171298357,0,0.0,0,0.0,0.0,0,wg_raw,43
0,198,366,35136,0.7,0.7,0.0,0,0,0,0,0,0,0.9012942530029642,0.9518839384857544,1.021624135197446,0.9518839384857544,1.021624135197446,0,0.0,0,0.0,0.0,0,wg_raw,43
0,185,367,35232,0.7,0.7,0.0,0,0,0,0,0,0,0.8995706656364698,0.953308192284768,1.017325733033146,0.953308192284768,1.017325733033146,0,0.0,0,0.0,0.0,0,wg_raw,43
0,1,2,192,0.7,0.7,0.0,1,1,0,2,0,0,0.8401033617717364,0.9480273399123486,1.0321205823335091,0.9480273399123486,1.0321205823335091,0,0.0,0,0.0,0.0,0,wg_raw,44
0,2,4,384,0.7,0.7,0.0,0,0,0,0,0,0,0.8311654935920104,0.9536703579375568,1.0260201373937097,0.9536703579375568,1.0260201373937097,0,0.0,0,0.0,0.0,0,wg_raw,44
0,3,6,576,0.7,0.7,0.0,0,0,0,0,0,0,0.8527008987222081,0.952012638994968,1.0279785538666724,0.952012638994968,1.0279785538666724,0,0.0,0,0.0,0.0,0,wg_raw,44
0,4,7,672,0.7,0.7,0.0,0,0,0,0,0,0,0.8530976292232471,0.9517563115985084,1.0313971683113288,0.9517563115985084,1.0313971683113288,0,0.0,0,0.0,0.0,0,wg_raw,44
0,5,10,960,0.7,0.7,0.0,0,0,0,0,0,0,0.8296865840984778,0.9527304833027094,1.0233590614990915,0.9527304833027094,1.0233590614990915,0,0.0,0,0.0,0.0,0,wg_raw,44
0,6,13,1248,0.7,0.7,0.0,1,1,0,1,0,0,0.8531348294298464,0.949815795924112,1.0334879519704658,0.949815795924112,1.0334879519704658,0,0.0,0,0.0,0.0,0,wg_raw,44
0,7,16,1536,0.7,0.7,0.0,0,0,0,0,0,0,0.853177135695641,0.9500741241814308,1.0340125172804226,0.9500741241814308,1.0340125172804226,0,0.0,0,0.0,0.0,0,wg_raw,44
0,8,17,1632,0.7,0.7,0.0,0,0,0,0,0,0,0.8355497622731495,0.9553001388898962,1.0329290108492322,0.9553001388898962,1.0329290108492322,0,0.0,0,0.0,0.0,0,wg_raw,44
0,9,20,1920,0.7,0.7,0.0,0,0,0,0,0,0,0.8224099885482464,0.952720041664579,1.0300137805063134,0.952720041664579,1.0300137805063134,0,0.0,0,0.0,0.0,0,wg_raw,44
0,10,22,2112,0.7,0.7,0.0,0,0,0,0,0,0,0.8467039519889373,0.9542496264194288,1.036468500720416,0.9542496264194288,1.036468500720416,0,0.0,0,0.0,0.0,0,wg_raw,44
0,11,23,2208,0.7,0.7,0.0,0,0,0,0,0,0,0.8293615555928928,0.9535357049588824,1.03098229577185,0.9535357049588824,1.03098229577185,0,0.0,0,0.0,0.0,0,wg_raw,44
0,12,25,2400,0.7,0.7,0.0,0,0,0,0,0,0,0.8221166845780593,0.953552777444074,1.0263415734715675,0.953552777444074,1.0263415734715675,0,0.0,0,0.0,0.0,0,wg_raw,44
0,13,26,2496,0.7,0.7,0.0,0,0,0,0,0,0,0.8455904049131111,0.9537936820304476,1.03117413334625,0.9537936820304476,1.03117413334625,0,0.0,0,0.0,0.0,0,wg_raw,44
0,14,29,2784,0.7,0.7,0.0,0,0,0,0,0,0,0.8396651307529545,0.9523941606341048,1.024212729627432,0.9523941606341048,1.024212729627432,0,0.0,0,0.0,0.0,0,wg_raw,44
0,15,30,2880,0.7,0.7,0.0,0,0,0,0,0,0,0.8360391653691032,0.9520729566721816,1.028195244834212,0.9520729566721816,1.028195244834212,0,0.0,0,0.0,0.0,0,wg_raw,44
0,16,31,2976,0.7,0.7,0.0,0,0,0,0,0,0,0.8213022608221473,0.9512326413130118,1.0277109951447514,0.9512326413130118,1.0277109951447514,0,0.0,0,0.0,0.0,0,wg_raw,44
0,17,34,3264,0.7,0.7,0.0,0,0,0,0,0,0,0.8419644626154712,0.9500926409674628,1.0313090728286896,0.9500926409674628,1.0313090728286896,0,0.0,0,0.0,0.0,0,wg_raw,44
0,18,37,3552,0.7,0.7,0.0,0,0,0,0,0,0,0.8254261869228425,0.9567886627188544,1.0258513172295614,0.9567886627188544,1.0258513172295614,0,0.0,0,0.0,0.0,0,wg_raw,44
0,19,38,3648,0.7,0.7,0.0,0,0,0,0,0,0,0.8521957808439143,0.9536965364299278,1.028276310299605,0.9536965364299278,1.028276310299605,0,0.0,0,0.0,0.0,0,wg_raw,44
0,20,39,3744,0.7,0.7,0.0,0,0,0,0,0,0,0.852683421098771,0.9524504957176988,1.031070277647762,0.9524504957176988,1.031070277647762,0,0.0,0,0.0,0.0,0,wg_raw,44
0,21,43,4128,0.7,0.7,0.0,0,0,0,0,0,0,0.832882608975439,0.9516035661414176,1.0258419053746128,0.9516035661414176,1.0258419053746128,0,0.0,0,0.0,0.0,0,wg_raw,44
0,22,44,4224,0.7,0.7,0.0,0,0,0,0,0,0,0.8272065314958096,0.9553989678503082,1.0225815729979375,0.9553989678503082,1.0225815729979375,0,0.0,0,0.0,0.0,0,wg_raw,44
0,23,46,4416,0.7,0.7,0.0,0,0,0,0,0,0,0.8487319178633439,0.9505071075618317,1.0296715048651863,0.9505071075618317,1.0296715048651863,0,0.0,0,0.0,0.0,0,wg_raw,44
0,24,49,4704,0.7,0.7,0.0,0,0,0,0,0,0,0.8485089000549777,0.9525216591023524,1.0273957150135535,0.9525216591023524,1.0273957150135535,0,0.0,0,0.0,0.0,0,wg_raw,44
0,25,50,4800,0.7,0.7,0.0,0,0,0,0,0,0,0.8185225265550508,0.9552773351206976,1.0298211233821517,0.9552773351206976,1.0298211233821517,0,0.0,0,0.0,0.0,0,wg_raw,44
0,26,51,4896,0.7,0.7,0.0,0,0,0,0,0,0,0.8503763163229235,0.9520140380781752,1.0265390701794774,0.9520140380781752,1.0265390701794774,0,0.0,0,0.0,0.0,0,wg_raw,44
0,27,53,5088,0.7,0.7,0.0,0,0,0,0,0,0,0.8269118275769817,0.9538929064157556,1.0252852904037102,0.9538929064157556,1.0252852904037102,0,0.0,0,0.0,0.0,0,wg_raw,44
0,28,54,5184,0.7,0.7,0.0,0,0,0,0,0,0,0.8410503683688306,0.950886510615626,1.0274889753197616,0.950886510615626,1.0274889753197616,0,0.0,0,0.0,0.0,0,wg_raw,44
0,29,55,5280,0.7,0.7,0.0,0,0,0,0,0,0,0.8425323755113323,0.9508022613373605,1.0264236799302913,0.9508022613373605,1.0264236799302913,0,0.0,0,0.0,0.0,0,wg_raw,44
0,30,56,5376,0.7,0.7,0.0,0,0,0,0,0,0,0.8372664564322814,0.9550463586734136,1.0260788602379654,0.9550463586734136,1.0260788602379654,0,0.0,0,0.0,0.0,0,wg_raw,44
0,31,57,5472,0.7,0.7,0.0,0,0,0,0,0,0,0.8215615037196973,0.9555748376281212,1.0296716123383605,0.9555748376281212,1.0296716123383605,0,0.0,0,0.0,0.0,0,wg_raw,44
0,32,59,5664,0.7,0.7,0.0,0,0,0,0,0,0,0.8157457482585123,0.9530957092948144,1.0228158545468742,0.9530957092948144,1.0228158545468742,0,0.0,0,0.0,0.0,0,wg_raw,44
0,33,60,5760,0.7,0.7,0.0,1,1,0,1,0,0,0.8433109016347361,0.9497348854142958,1.0311630775321337,0.9497348854142958,1.0311630775321337,0,0.0,0,0.0,0.0,0,wg_raw,44
0,34,62,5952,0.7,0.7,0.0,0,0,0,0,0,0,0.8312788740313157,0.9503933805776736,1.0250201536110437,0.9503933805776736,1.0250201536110437,0,0.0,0,0.0,0.0,0,wg_raw,44
0,35,65,6240,0.7,0.7,0.0,0,0,0,0,0,0,0.8327699681249716,0.9547921188708728,1.0299665331689616,0.9547921188708728,1.0299665331689616,0,0.0,0,0.0,0.0,0,wg_raw,44
0,36,66,6336,0.7,0.7,0.0,1,1,0,1,0,0,0.8426541537998852,0.9480206646417708,1.0271659832648463,0.9480206646417708,1.0271659832648463,0,0.0,0,0.0,0.0,0,wg_raw,44
0,37,67,6432,0.7,0.7,0.0,0,0,0,0,0,0,0.832477090123572,0.9537891592657728,1.0353329993107605,0.9537891592657728,1.0353329993107605,0,0.0,0,0.0,0.0,0,wg_raw,44
0,38,68,6528,0.7,0.7,0.0,0,0,0,0,0,0,0.8368126068584949,0.953644935694956,1.0325157963476768,0.953644935694956,1.0325157963476768,0,0.0,0,0.0,0.0,0,wg_raw,44
0,39,69,6624,0.7,0.7,0.0,0,0,0,0,0,0,0.839905611313949,0.9528260922809498,1.0349963538928852,0.9528260922809498,1.0349963538928852,0,0.0,0,0.0,0.0,0,wg_raw,44
0,40,70,6720,0.7,0.7,0.0,0,0,0,0,0,0,0.8473688976531197,0.9528475860894944,1.025832754919226,0.9528475860894944,1.025832754919226,0,0.0,0,0.0,0.0,0,wg_raw,44
0,41,71,6816,0.7,0.7,0.0,0,0,0,0,0,0,0.852457612060518,0.9546117510820022,1.0256826089602415,0.9546117510820022,1.0256826089602415,0,0.0,0,0.0,0.0,0,wg_raw,44
0,42,74,7104,0.7,0.7,0.0,0,0,0,0,0,0,0.8535810105402687,0.9560128441748318,1.0274823561524151,0.9560128441748318,1.0274823561524151,0,0.0,0,0.0,0.0,0,wg_raw,44
0,43,80,7680,0.7,0.7,0.0,0,0,0,0,0,0,0.8114442214803991,0.9502694237009874,1.0241654753581404,0.9502694237009874,1.0241654753581404,0,0.0,0,0.0,0.0,0,wg_raw,44
0,44,81,7776,0.7,0.7,0.0,0,0,0,0,0,0,0.8265392043084482,0.95162693876645,1.0267718474037368,0.95162693876645,1.0267718474037368,0,0.0,0,0.0,0.0,0,wg_raw,44
0,45,82,7872,0.7,0.7,0.0,1,1,0,1,0,0,0.8477827014942646,0.9499407525864848,1.0299259754623735,0.9499407525864848,1.0299259754623735,0,0.0,0,0.0,0.0,0,wg_raw,44
0,46,84,8064,0.7,0.7,0.0,1,1,0,1,0,0,0.8380523830498131,0.9498211967782354,1.0313862766393234,0.9498211967782354,1.0313862766393234,0,0.0,0,0.0,0.0,0,wg_raw,44
0,47,85,8160,0.7,0.7,0.0,0,0,0,0,0,0,0.8286445419048736,0.9576546024915856,1.031710108574118,0.9576546024915856,1.031710108574118,0,0.0,0,0.0,0.0,0,wg_raw,44
0,47,86,8256,0.7,0.7,0.0,0,0,0,0,0,0,0.8400874403095464,0.954507577044374,1.0275076242463768,0.954507577044374,1.0275076242463768,0,0.0,0,0.0,0.0,0,wg_raw,44
0,48,87,8352,0.7,0.7,0.0,0,0,0,0,0,0,0.8503760851600347,0.9528257968401432,1.0308518361538326,0.9528257968401432,1.0308518361538326,0,0.0,0,0.0,0.0,0,wg_raw,44
0,49,93,8928,0.7,0.7,0.0,0,0,0,0,0,0,0.8310293047507596,0.9527879026629243,1.0239116018622356,0.9527879026629243,1.0239116018622356,0,0.0,0,0.0,0.0,0,wg_raw,44
0,50,94,9024,0.7,0.7,0.0,0,0,0,0,0,0,0.8271198656442786,0.9560439990545704,1.028701675461723,0.9560439990545704,1.028701675461723,0,0.0,0,0.0,0.0,0,wg_raw,44
0,51,95,9120,0.7,0.7,0.0,0,0,0,0,0,0,0.8436514906915842,0.9538797397140006,1.025938274062781,0.9538797397140006,1.025938274062781,0,0.0,0,0.0,0.0,0,wg_raw,44
0,52,97,9312,0.7,0.7,0.0,0,0,0,0,0,0,0.8353044624744131,0.9540292341347494,1.024257982527668,0.9540292341347494,1.024257982527668,0,0.0,0,0.0,0.0,0,wg_raw,44
0,53,98,9408,0.7,0.7,0.0,0,0,0,0,0,0,0.8221765324585004,0.9507260762344972,1.022081835066534,0.9507260762344972,1.022081835066534,0,0.0,0,0.0,0.0,0,wg_raw,44
0,54,101,9696,0.7,0.7,0.0,0,0,0,0,0,0,0.832963593425313,0.9527135005446846,1.02862076385899,0.9527135005446846,1.02862076385899,0,0.0,0,0.0,0.0,0,wg_raw,44
0,55,102,9792,0.7,0.7,0.0,0,0,0,0,0,0,0.8446344422213335,0.954088724052732,1.0341577248882243,0.954088724052732,1.0341577248882243,0,0.0,0,0.0,0.0,0,wg_raw,44
0,56,107,10272,0.7,0.7,0.0,1,1,0,1,0,0,0.8225832942874451,0.9486191786266284,1.024256852895432,0.9486191786266284,1.024256852895432,0,0.0,0,0.0,0.0,0,wg_raw,44
0,57,109,10464,0.7,0.7,0.0,1,1,0,1,0,0,0.8339469104363982,0.949822916347914,1.0243929230734,0.949822916347914,1.0243929230734,0,0.0,0,0.0,0.0,0,wg_raw,44
0,58,111,10656,0.7,0.7,0.0,1,1,0,1,0,0,0.84504823207114,0.9496559735919304,1.0250049272094215,0.9496559735919304,1.0250049272094215,0,0.0,0,0.0,0.0,0,wg_raw,44
0,59,114,10944,0.7,0.7,0.0,0,0,0,0,0,0,0.8231544738289465,0.953471508454737,1.0260524837649228,0.953471508454737,1.0260524837649228,0,0.0,0,0.0,0.0,0,wg_raw,44
0,60,116,11136,0.7,0.7,0.0,1,1,0,1,0,0,0.8496938153853285,0.948197236425205,1.0256947591404597,0.948197236425205,1.0256947591404597,0,0.0,0,0.0,0.0,0,wg_raw,44
0,61,117,11232,0.7,0.7,0.0,0,0,0,0,0,0,0.84241916253462,0.9541687073965232,1.0272783355233133,0.9541687073965232,1.0272783355233133,0,0.0,0,0.0,0.0,0,wg_raw,44
0,62,119,11424,0.7,0.7,0.0,0,0,0,0,0,0,0.8434738229033595,0.9528388883562376,1.0307965754365909,0.9528388883562376,1.0307965754365909,0,0.0,0,0.0,0.0,0,wg_raw,44
0,63,120,11520,0.7,0.7,0.0,0,0,0,0,0,0,0.8432541710434277,0.9512214887382044,1.0327955971940026,0.9512214887382044,1.0327955971940026,0,0.0,0,0.0,0.0,0,wg_raw,44
0,63,122,11712,0.7,0.7,0.0,0,0,0,0,0,0,0.8429570146458795,0.9548348034066708,1.0258795322647556,0.9548348034066708,1.0258795322647556,0,0.0,0,0.0,0.0,0,wg_raw,44
0,64,123,11808,0.7,0.7,0.0,0,0,0,0,0,0,0.8359537507272669,0.9506259196029064,1.025883524642374,0.9506259196029064,1.025883524642374,0,0.0,0,0.0,0.0,0,wg_raw,44
0,65,125,12000,0.7,0.7,0.0,0,0,0,0,0,0,0.8414731189802214,0.9510305477441712,1.033704433086778,0.9510305477441712,1.033704433086778,0,0.0,0,0.0,0.0,0,wg_raw,44
0,66,126,12096,0.7,0.7,0.0,0,0,0,0,0,0,0.8471519566725423,0.9509979507262954,1.0273408305408964,0.9509979507262954,1.0273408305408964,0,0.0,0,0.0,0.0,0,wg_raw,44
0,67,128,12288,0.7,0.7,0.0,0,0,0,0,0,0,0.8458984056452563,0.95301475828163,1.0296462598789584,0.95301475828163,1.0296462598789584,0,0.0,0,0.0,0.0,0,wg_raw,44
0,68,129,12384,0.7,0.7,0.0,1,1,0,1,0,0,0.8599646275514945,0.9495111766127524,1.0281578170520334,0.9495111766127524,1.0281578170520334,0,0.0,0,0.0,0.0,0,wg_raw,44
0,69,131,12576,0.7,0.7,0.0,0,0,0,0,0,0,0.8249998368379541,0.9523571671799104,1.0335813991248648,0.9523571671799104,1.0335813991248648,0,0.0,0,0.0,0.0,0,wg_raw,44
0,70,133,12768,0.7,0.7,0.0,0,0,0,0,0,0,0.8455524342915914,0.9510856859844102,1.0298448965883835,0.9510856859844102,1.0298448965883835,0,0.0,0,0.0,0.0,0,wg_raw,44
0,71,134,12864,0.7,0.7,0.0,0,0,0,0,0,0,0.8259573032841442,0.9508640443449736,1.027973719527944,0.9508640443449736,1.027973719527944,0,0.0,0,0.0,0.0,0,wg_raw,44
0,72,136,13056,0.7,0.7,0.0,0,0,0,0,0,0,0.8622867091508536,0.9540061213685382,1.0332194091851123,0.9540061213685382,1.0332194091851123,0,0.0,0,0.0,0.0,0,wg_raw,44
0,73,140,13440,0.7,0.7,0.0,0,0,0,0,0,0,0.8248467434811274,0.9522327870636236,1.0290354364904255,0.9522327870636236,1.0290354364904255,0,0.0,0,0.0,0.0,0,wg_raw,44
0,74,141,13536,0.7,0.7,0.0,0,0,0,0,0,0,0.8376891530297149,0.951046710865698,1.0234853726014448,0.951046710865698,1.0234853726014448,0,0.0,0,0.0,0.0,0,wg_raw,44
0,75,142,13632,0.7,0.7,0.0,0,0,0,0,0,0,0.846768910216175,0.9528747760407534,1.031342517957598,0.9528747760407534,1.031342517957598,0,0.0,0,0.0,0.0,0,wg_raw,44
0,76,143,13728,0.7,0.7,0.0,0,0,0,0,0,0,0.837522570673958,0.9508175460036566,1.0225047484131569,0.9508175460036566,1.0225047484131569,0,0.0,0,0.0,0.0,0,wg_raw,44
0,77,145,13920,0.7,0.7,0.0,0,0,0,0,0,0,0.8336397350118943,0.9567147093809636,1.029541464212566,0.9567147093809636,1.029541464212566,0,0.0,0,0.0,0.0,0,wg_raw,44
0,78,148,14208,0.7,0.7,0.0,1,1,0,1,0,0,0.8398827819209022,0.9497206365058936,1.0219804687769576,0.9497206365058936,1.0219804687769576,0,0.0,0,0.0,0.0,0,wg_raw,44
0,79,149,14304,0.7,0.7,0.0,1,1,0,1,0,0,0.8505777634820755,0.949185610747477,1.0275113659093782,0.949185610747477,1.0275113659093782,0,0.0,0,0.0,0.0,0,wg_raw,44
0,80,151,14496,0.7,0.7,0.0,0,0,0,0,0,0,0.8515552417573715,0.9531674887518718,1.0239451653790457,0.9531674887518718,1.0239451653790457,0,0.0,0,0.0,0.0,0,wg_raw,44
0,81,152,14592,0.7,0.7,0.0,0,0,0,0,0,0,0.8333479611305574,0.9540448133840392,1.026495559324473,0.9540448133840392,1.026495559324473,0,0.0,0,0.0,0.0,0,wg_raw,44
0,82,154,14784,0.7,0.7,0.0,0,0,0,0,0,0,0.8284408286889937,0.9528123949425492,1.0285729132706232,0.9528123949425492,1.0285729132706232,0,0.0,0,0.0,0.0,0,wg_raw,44
0,83,156,14976,0.7,0.7,0.0,0,0,0,0,0,0,0.8586383283295002,0.9502057874776244,1.0342775266326223,0.9502057874776244,1.0342775266326223,0,0.0,0,0.0,0.0,0,wg_raw,44
0,84,157,15072,0.7,0.7,0.0,0,0,0,0,0,0,0.8383787866687619,0.9529211097932327,1.0307932170493208,0.9529211097932327,1.0307932170493208,0,0.0,0,0.0,0.0,0,wg_raw,44
0,85,166,15936,0.7,0.7,0.0,0,0,0,0,0,0,0.8320706890021602,0.9522410375717968,1.0246444226240945,0.9522410375717968,1.0246444226240945,0,0.0,0,0.0,0.0,0,wg_raw,44
0,87,168,16128,0.7,0.7,0.0,0,0,0,0,0,0,0.8445791176930673,0.9523138231439278,1.0258462705533504,0.9523138231439278,1.0258462705533504,0,0.0,0,0.0,0.0,0,wg_raw,44
0,86,169,16224,0.7,0.7,0.0,0,0,0,0,0,0,0.8424635266331653,0.9536571109512532,1.026606338046101,0.9536571109512532,1.026606338046101,0,0.0,0,0.0,0.0,0,wg_raw,44
0,87,171,16416,0.7,0.7,0.0,0,0,0,0,0,0,0.835337657287559,0.9518678599053184,1.0282356876531895,0.9518678599053184,1.0282356876531895,0,0.0,0,0.0,0.0,0,wg_raw,44
0,88,172,16512,0.7,0.7,0.0,1,1,0,1,0,0,0.8357905839799744,0.9482763314075248,1.025351194407012,0.9482763314075248,1.025351194407012,0,0.0,0,0.0,0.0,0,wg_raw,44
0,89,173,16608,0.7,0.7,0.0,0,0,0,0,0,0,0.8461384376697213,0.951352080166678,1.028290221714856,0.951352080166678,1.028290221714856,0,0.0,0,0.0,0.0,0,wg_raw,44
0,90,175,16800,0.7,0.7,0.0,0,0,0,0,0,0,0.838116675760891,0.9523603274160608,1.0284206287668327,0.9523603274160608,1.0284206287668327,0,0.0,0,0.0,0.0,0,wg_raw,44
0,91,176,16896,0.7,0.7,0.0,0,0,0,0,0,0,0.8544298056017956,0.95328151866448,1.0235741758915458,0.95328151866448,1.0235741758915458,0,0.0,0,0.0,0.0,0,wg_raw,44
0,92,178,17088,0.7,0.7,0.0,0,0,0,0,0,0,0.845448999563888,0.9525846634158668,1.0266245847276834,0.9525846634158668,1.0266245847276834,0,0.0,0,0.0,0.0,0,wg_raw,44
0,93,179,17184,0.7,0.7,0.0,0,0,0,0,0,0,0.8567057910054362,0.950227522143674,1.0256384058508503,0.950227522143674,1.0256384058508503,0,0.0,0,0.0,0.0,0,wg_raw,44
0,94,181,17376,0.7,0.7,0.0,0,0,0,0,0,0,0.8447406104110311,0.9522915305476825,1.028927558130141,0.9522915305476825,1.028927558130141,0,0.0,0,0.0,0.0,0,wg_raw,44
0,95,183,17568,0.7,0.7,0.0,0,0,0,0,0,0,0.8446035528217071,0.9513846983092124,1.0307313519181245,0.9513846983092124,1.0307313519181245,0,0.0,0,0.0,0.0,0,wg_raw,44
0,96,184,17664,0.7,0.7,0.0,0,0,0,0,0,0,0.8445071846073864,0.9534627251174072,1.0255940999586484,0.9534627251174072,1.0255940999586484,0,0.0,0,0.0,0.0,0,wg_raw,44
0,97,187,17952,0.7,0.7,0.0,1,1,0,1,0,0,0.8447565581001033,0.9487683747287088,1.028555221447656,0.9487683747287088,1.028555221447656,0,0.0,0,0.0,0.0,0,wg_raw,44
0,100,190,18240,0.7,0.7,0.0,0,0,0,0,0,0,0.8315120399784897,0.9544081094961938,1.0212781772602126,0.9544081094961938,1.0212781772602126,0,0.0,0,0.0,0.0,0,wg_raw,44
0,98,192,18432,0.7,0.7,0.0,0,0,0,0,0,0,0.8540706411554451,0.950803478046781,1.0256089425844797,0.950803478046781,1.0256089425844797,0,0.0,0,0.0,0.0,0,wg_raw,44
0,99,193,18528,0.7,0.7,0.0,0,0,0,0,0,0,0.8447531870599215,0.9509816468006766,1.0277430215289778,0.9509816468006766,1.0277430215289778,0,0.0,0,0.0,0.0,0,wg_raw,44
0,100,197,18912,0.7,0.7,0.0,0,0,0,0,0,0,0.8349197785691349,0.9521591803524015,1.027670000095197,0.9521591803524015,1.027670000095197,0,0.0,0,0.0,0.0,0,wg_raw,44
0,101,201,19296,0.7,0.7,0.0,0,0,0,0,0,0,0.8358165639312859,0.9517408514712146,1.0345462942527053,0.9517408514712146,1.0345462942527053,0,0.0,0,0.0,0.0,0,wg_raw,44
0,102,205,19680,0.7,0.7,0.0,0,0,0,0,0,0,0.8285012479661737,0.9531652046158904,1.0281178296335634,0.9531652046158904,1.0281178296335634,0,0.0,0,0.0,0.0,0,wg_raw,44
0,103,207,19872,0.7,0.7,0.0,1,1,0,1,0,0,0.8468916606023497,0.9445541487104852,1.0260359245826864,0.9445541487104852,1.0260359245826864,0,0.0,0,0.0,0.0,0,wg_raw,44
0,104,210,20160,0.7,0.7,0.0,1,1,0,1,0,0,0.8270420122857518,0.9464468597457912,1.0220017295327388,0.9464468597457912,1.0220017295327388,0,0.0,0,0.0,0.0,0,wg_raw,44
0,105,212,20352,0.7,0.7,0.0,1,1,0,1,0,0,0.8490034495355805,0.9490516791886824,1.0321234719040626,0.9490516791886824,1.0321234719040626,0,0.0,0,0.0,0.0,0,wg_raw,44
0,106,213,20448,0.7,0.7,0.0,0,0,0,0,0,0,0.8410301240642571,0.9520335487561986,1.033678432256167,0.9520335487561986,1.033678432256167,0,0.0,0,0.0,0.0,0,wg_raw,44
0,107,216,20736,0.7,0.7,0.0,0,0,0,0,0,0,0.8222325142005404,0.9526314289629596,1.0280490592062377,0.9526314289629596,1.0280490592062377,0,0.0,0,0.0,0.0,0,wg_raw,44
0,108,219,21024,0.7,0.7,0.0,0,0,0,0,0,0,0.8598084022334541,0.9501353372788128,1.0304217141406002,0.9501353372788128,1.0304217141406002,0,0.0,0,0.0,0.0,0,wg_raw,44
0,109,220,21120,0.7,0.7,0.0,0,0,0,0,0,0,0.8506822015760779,0.9539684066847788,1.02520777009092,0.9539684066847788,1.02520777009092,0,0.0,0,0.0,0.0,0,wg_raw,44
0,110,226,21696,0.7,0.7,0.0,0,0,0,0,0,0,0.8390778249081356,0.9510588042981576,1.0272892684623165,0.9510588042981576,1.0272892684623165,0,0.0,0,0.0,0.0,0,wg_raw,44
0,114,228,21888,0.7,0.7,0.0,0,0,0,0,0,0,0.8566651071046766,0.9556887186530704,1.0312879034757627,0.9556887186530704,1.0312879034757627,0,0.0,0,0.0,0.0,0,wg_raw,44
0,111,230,22080,0.7,0.7,0.0,0,0,0,0,0,0,0.8402635685260148,0.9528491568115264,1.0287528035038584,0.9528491568115264,1.0287528035038584,0,0.0,0,0.0,0.0,0,wg_raw,44
0,112,231,22176,0.7,0.7,0.0,0,0,0,0,0,0,0.8341301432351361,0.9545243921152154,1.031190505927218,0.9545243921152154,1.031190505927218,0,0.0,0,0.0,0.0,0,wg_raw,44
0,113,232,22272,0.7,0.7,0.0,0,0,0,0,0,0,0.8307843484149993,0.9542275245960457,1.0241820676508608,0.9542275245960457,1.0241820676508608,0,0.0,0,0.0,0.0,0,wg_raw,44
0,114,234,22464,0.7,0.7,0.0,0,0,0,0,0,0,0.8424279039415853,0.9530545146560097,1.0322856764665156,0.9530545146560097,1.0322856764665156,0,0.0,0,0.0,0.0,0,wg_raw,44
0,115,235,22560,0.7,0.7,0.0,0,0,0,0,0,0,0.8524031612386818,0.9510950041124964,1.0281504071909688,0.9510950041124964,1.0281504071909688,0,0.0,0,0.0,0.0,0,wg_raw,44
0,116,236,22656,0.7,0.7,0.0,0,0,0,0,0,0,0.8459027649092365,0.9542222041071072,1.025827284143758,0.9542222041071072,1.025827284143758,0,0.0,0,0.0,0.0,0,wg_raw,44
0,117,239,22944,0.7,0.7,0.0,0,0,0,0,0,0,0.835177716415571,0.9521215823359808,1.0274564397602173,0.9521215823359808,1.0274564397602173,0,0.0,0,0.0,0.0,0,wg_raw,44
0,118,240,23040,0.7,0.7,0.0,0,0,0,0,0,0,0.8371099147760798,0.9527452720815678,1.0279678454043717,0.9527452720815678,1.0279678454043717,0,0.0,0,0.0,0.0,0,wg_raw,44
0,123,241,23136,0.7,0.7,0.0,0,0,0,0,0,0,0.8349213339303133,0.9514659352458948,1.0247282814262124,0.9514659352458948,1.0247282814262124,0,0.0,0,0.0,0.0,0,wg_raw,44
0,119,244,23424,0.7,0.7,0.0,0,0,0,0,0,0,0.8450384426530849,0.9526219493353164,1.0265031853491464,0.9526219493353164,1.0265031853491464,0,0.0,0,0.0,0.0,0,wg_raw,44
0,120,245,23520,0.7,0.7,0.0,0,0,0,0,0,0,0.8329010452050949,0.952726355192278,1.0266606160136396,0.952726355192278,1.0266606160136396,0,0.0,0,0.0,0.0,0,wg_raw,44
0,121,248,23808,0.7,0.7,0.0,0,0,0,0,0,0,0.8443428820945299,0.9535771042593604,1.0286604436301707,0.9535771042593604,1.0286604436301707,0,0.0,0,0.0,0.0,0,wg_raw,44
0,122,251,24096,0.7,0.7,0.0,0,0,0,0,0,0,0.8284784073982785,0.951627647721008,1.029842597944815,0.951627647721008,1.029842597944815,0,0.0,0,0.0,0.0,0,wg_raw,44
0,123,253,24288,0.7,0.7,0.0,0,0,0,0,0,0,0.8328471386474434,0.9523398370111376,1.0309523486508507,0.9523398370111376,1.0309523486508507,0,0.0,0,0.0,0.0,0,wg_raw,44
0,124,254,24384,0.7,0.7,0.0,0,0,0,0,0,0,0.8379993946808365,0.954456105063154,1.0260349004869065,0.954456105063154,1.0260349004869065,0,0.0,0,0.0,0.0,0,wg_raw,44
0,125,257,24672,0.7,0.7,0.0,0,0,0,0,0,0,0.8202248080571146,0.955689348187058,1.0316757341898002,0.955689348187058,1.0316757341898002,0,0.0,0,0.0,0.0,0,wg_raw,44
0,126,259,24864,0.7,0.7,0.0,0,0,0,0,0,0,0.830461941504204,0.9565177200881018,1.0294919415859325,0.9565177200881018,1.0294919415859325,0,0.0,0,0.0,0.0,0,wg_raw,44
0,127,261,25056,0.7,0.7,0.0,0,0,0,0,0,0,0.8510077332392435,0.9510118157150752,1.0288382163484713,0.9510118157150752,1.0288382163484713,0,0.0,0,0.0,0.0,0,wg_raw,44
0,128,266,25536,0.7,0.7,0.0,0,0,0,0,0,0,0.8367725427883131,0.950194865730636,1.0271191652561684,0.950194865730636,1.0271191652561684,0,0.0,0,0.0,0.0,0,wg_raw,44
0,129,267,25632,0.7,0.7,0.0,0,0,0,0,0,0,0.8375112213479315,0.9529914895177092,1.0274698658734271,0.9529914895177092,1.0274698658734271,0,0.0,0,0.0,0.0,0,wg_raw,44
0,130,268,25728,0.7,0.7,0.0,0,0,0,0,0,0,0.8334336958536727,0.9534280584933844,1.0230395449586882,0.9534280584933844,1.0230395449586882,0,0.0,0,0.0,0.0,0,wg_raw,44
0,131,269,25824,0.7,0.7,0.0,0,0,0,0,0,0,0.8520045556336282,0.9529970104390182,1.0345879296655265,0.9529970104390182,1.0345879296655265,0,0.0,0,0.0,0.0,0,wg_raw,44
0,132,271,26016,0.7,0.7,0.0,1,1,0,1,0,0,0.8438342968210145,0.9484895989848596,1.0236081671903845,0.9484895989848596,1.0236081671903845,0,0.0,0,0.0,0.0,0,wg_raw,44
0,133,272,26112,0.7,0.7,0.0,0,0,0,0,0,0,0.847376886175609,0.9549916638435216,1.0271107990123465,0.9549916638435216,1.0271107990123465,0,0.0,0,0.0,0.0,0,wg_raw,44
0,134,273,26208,0.7,0.7,0.0,1,1,0,1,0,0,0.8442678183709297,0.9442009794590368,1.0267441465056384,0.9442009794590368,1.0267441465056384,0,0.0,0,0.0,0.0,0,wg_raw,44
0,135,275,26400,0.7,0.7,0.0,0,0,0,0,0,0,0.8149552666103419,0.9541898886102024,1.0312101672738054,0.9541898886102024,1.0312101672738054,0,0.0,0,0.0,0.0,0,wg_raw,44
0,136,276,26496,0.7,0.7,0.0,0,0,0,0,0,0,0.846633697593904,0.9501994348893812,1.028991438557172,0.9501994348893812,1.028991438557172,0,0.0,0,0.0,0.0,0,wg_raw,44
0,142,278,26688,0.7,0.7,0.0,0,0,0,0,0,0,0.829940873085253,0.9531006973573743,1.0282996652053056,0.9531006973573743,1.0282996652053056,0,0.0,0,0.0,0.0,0,wg_raw,44
0,143,280,26880,0.7,0.7,0.0,0,0,0,0,0,0,0.8315361970159597,0.9511468056660232,1.0264220146149652,0.9511468056660232,1.0264220146149652,0,0.0,0,0.0,0.0,0,wg_raw,44
0,144,281,26976,0.7,0.7,0.0,0,0,0,0,0,0,0.811398947083773,0.9550872614066264,1.0242590778222904,0.9550872614066264,1.0242590778222904,0,0.0,0,0.0,0.0,0,wg_raw,44
0,137,282,27072,0.7,0.7,0.0,0,0,0,0,0,0,0.8339635310776543,0.95548388503076,1.0309144135375106,0.95548388503076,1.0309144135375106,0,0.0,0,0.0,0.0,0,wg_raw,44
0,138,283,27168,0.7,0.7,0.0,0,0,0,0,0,0,0.8248811689075479,0.9551749093720217,1.0355561898357222,0.9551749093720217,1.0355561898357222,0,0.0,0,0.0,0.0,0,wg_raw,44
0,139,284,27264,0.7,0.7,0.0,0,0,0,0,0,0,0.852510008623077,0.9517591207940168,1.02694359850668,0.9517591207940168,1.02694359850668,0,0.0,0,0.0,0.0,0,wg_raw,44
0,140,285,27360,0.7,0.7,0.0,0,0,0,0,0,0,0.8545609706855646,0.9544603690567532,1.0293632863013789,0.9544603690567532,1.0293632863013789,0,0.0,0,0.0,0.0,0,wg_raw,44
0,141,287,27552,0.7,0.7,0.0,0,0,0,0,0,0,0.8491391995805434,0.952841933690022,1.0273321576549763,0.952841933690022,1.0273321576549763,0,0.0,0,0.0,0.0,0,wg_raw,44
0,142,288,27648,0.7,0.7,0.0,0,0,0,0,0,0,0.8349052983133076,0.9540101954339478,1.0289138702513307,0.9540101954339478,1.0289138702513307,0,0.0,0,0.0,0.0,0,wg_raw,44
0,143,289,27744,0.7,0.7,0.0,0,0,0,0,0,0,0.8269098725334197,0.9510455958936556,1.0234703861599272,0.9510455958936556,1.0234703861599272,0,0.0,0,0.0,0.0,0,wg_raw,44
0,144,290,27840,0.7,0.7,0.0,0,0,0,0,0,0,0.8437430615975482,0.9504458526609276,1.032165771688187,0.9504458526609276,1.032165771688187,0,0.0,0,0.0,0.0,0,wg_raw,44
0,153,291,27936,0.7,0.7,0.0,0,0,0,0,0,0,0.8553056268990802,0.9508345964142736,1.0264473637452731,0.9508345964142736,1.0264473637452731,0,0.0,0,0.0,0.0,0,wg_raw,44
0,145,292,28032,0.7,0.7,0.0,0,0,0,0,0,0,0.8217062507306332,0.9535020140321276,1.0263180872199766,0.9535020140321276,1.0263180872199766,0,0.0,0,0.0,0.0,0,wg_raw,44
0,146,293,28128,0.7,0.7,0.0,0,0,0,0,0,0,0.8560569747701384,0.9536139307025762,1.0293023215325607,0.9536139307025762,1.0293023215325607,0,0.0,0,0.0,0.0,0,wg_raw,44
0,147,294,28224,0.7,0.7,0.0,0,0,0,0,0,0,0.8362257854491459,0.9526998462383928,1.0272162468176422,0.9526998462383928,1.0272162468176422,0,0.0,0,0.0,0.0,0,wg_raw,44
0,148,295,28320,0.7,0.7,0.0,0,0,0,0,0,0,0.8261643968094345,0.9532382585461874,1.023169185415066,0.9532382585461874,1.023169185415066,0,0.0,0,0.0,0.0,0,wg_raw,44
0,149,296,28416,0.7,0.7,0.0,0,0,0,0,0,0,0.8341187291812749,0.9526578040340272,1.0216467829602858,0.9526578040340272,1.0216467829602858,0,0.0,0,0.0,0.0,0,wg_raw,44
0,150,297,28512,0.7,0.7,0.0,0,0,0,0,0,0,0.8504665657142751,0.9508034197100004,1.0240363106048174,0.9508034197100004,1.0240363106048174,0,0.0,0,0.0,0.0,0,wg_raw,44
0,160,298,28608,0.7,0.7,0.0,0,0,0,0,0,0,0.8439036478187943,0.9574643729730292,1.0315778113818954,0.9574643729730292,1.0315778113818954,0,0.0,0,0.0,0.0,0,wg_raw,44
0,151,299,28704,0.7,0.7,0.0,1,1,0,1,0,0,0.844896995021068,0.948675420072875,1.0318380465542034,0.948675420072875,1.0318380465542034,0,0.0,0,0.0,0.0,0,wg_raw,44
0,152,300,28800,0.7,0.7,0.0,0,0,0,0,0,0,0.8336692171549992,0.9564933426837298,1.0335786221478824,0.9564933426837298,1.0335786221478824,0,0.0,0,0.0,0.0,0,wg_raw,44
0,153,302,28992,0.7,0.7,0.0,0,0,0,0,0,0,0.8451586057206517,0.9561184476857388,1.031463791413768,0.9561184476857388,1.031463791413768,0,0.0,0,0.0,0.0,0,wg_raw,44
0,154,305,29280,0.7,0.7,0.0,0,0,0,0,0,0,0.838377377409572,0.9516667016881708,1.0318200354698517,0.9516667016881708,1.0318200354698517,0,0.0,0,0.0,0.0,0,wg_raw,44
0,155,306,29376,0.7,0.7,0.0,0,0,0,0,0,0,0.8166424303332083,0.9516732730363326,1.0227688846471772,0.9516732730363326,1.0227688846471772,0,0.0,0,0.0,0.0,0,wg_raw,44
0,156,307,29472,0.7,0.7,0.0,0,0,0,0,0,0,0.8389634746777118,0.953463795139348,1.023275588572546,0.953463795139348,1.023275588572546,0,0.0,0,0.0,0.0,0,wg_raw,44
0,157,308,29568,0.7,0.7,0.0,1,1,0,1,0,0,0.837718175160986,0.9489896239973462,1.0256655824707197,0.9489896239973462,1.0256655824707197,0,0.0,0,0.0,0.0,0,wg_raw,44
0,158,312,29952,0.7,0.7,0.0,1,1,0,1,0,0,0.8363774779293992,0.9490506220592166,1.0260307098317998,0.9490506220592166,1.0260307098317998,0,0.0,0,0.0,0.0,0,wg_raw,44
0,159,315,30240,0.7,0.7,0.0,0,0,0,0,0,0,0.856480801837552,0.9539481611481242,1.0307376405841289,0.9539481611481242,1.0307376405841289,0,0.0,0,0.0,0.0,0,wg_raw,44
0,160,317,30432,0.7,0.7,0.0,0,0,0,0,0,0,0.8499110468143969,0.950010461833095,1.0241471620627525,0.950010461833095,1.0241471620627525,0,0.0,0,0.0,0.0,0,wg_raw,44
0,161,319,30624,0.7,0.7,0.0,1,1,0,1,0,0,0.8445983627136945,0.9473960284350912,1.033272623185764,0.9473960284350912,1.033272623185764,0,0.0,0,0.0,0.0,0,wg_raw,44
0,162,321,30816,0.7,0.7,0.0,0,0,0,0,0,0,0.8427226202775676,0.9523022531736948,1.0312500712483927,0.9523022531736948,1.0312500712483927,0,0.0,0,0.0,0.0,0,wg_raw,44
0,173,322,30912,0.7,0.7,0.0,0,0,0,0,0,0,0.8312106007566101,0.9510352845650965,1.0236959615792145,0.9510352845650965,1.0236959615792145,0,0.0,0,0.0,0.0,0,wg_raw,44
0,163,326,31296,0.7,0.7,0.0,1,1,0,1,0,0,0.8445907144299778,0.945217892078132,1.023537244503527,0.945217892078132,1.023537244503527,0,0.0,0,0.0,0.0,0,wg_raw,44
0,164,329,31584,0.7,0.7,0.0,0,0,0,0,0,0,0.8495761907066766,0.9527386408974492,1.0258347137743096,0.9527386408974492,1.0258347137743096,0,0.0,0,0.0,0.0,0,wg_raw,44
0,165,331,31776,0.7,0.7,0.0,0,0,0,0,0,0,0.8677361765311585,0.9547791534531987,1.0269896396654767,0.9547791534531987,1.0269896396654767,0,0.0,0,0.0,0.0,0,wg_raw,44
0,166,332,31872,0.7,0.7,0.0,1,1,0,1,0,0,0.8340130159126996,0.9491150635386048,1.0316748571015013,0.9491150635386048,1.0316748571015013,0,0.0,0,0.0,0.0,0,wg_raw,44
0,167,333,31968,0.7,0.7,0.0,0,0,0,0,0,0,0.8198255131717619,0.955472437059362,1.0264611836058823,0.955472437059362,1.0264611836058823,0,0.0,0,0.0,0.0,0,wg_raw,44
0,168,335,32160,0.7,0.7,0.0,0,0,0,0,0,0,0.8346845653784878,0.9524105638606436,1.023605675537289,0.9524105638606436,1.023605675537289,0,0.0,0,0.0,0.0,0,wg_raw,44
0,169,336,32256,0.7,0.7,0.0,1,1,0,1,0,0,0.8522386151446486,0.9484318128695688,1.0249379210016325,0.9484318128695688,1.0249379210016325,0,0.0,0,0.0,0.0,0,wg_raw,44
0,170,337,32352,0.7,0.7,0.0,0,0,0,0,0,0,0.8442670972018089,0.9562236981726387,1.0299727126196452,0.9562236981726387,1.0299727126196452,0,0.0,0,0.0,0.0,0,wg_raw,44
0,171,338,32448,0.7,0.7,0.0,0,0,0,0,0,0,0.8482334154746188,0.952281286196322,1.025107673580863,0.952281286196322,1.025107673580863,0,0.0,0,0.0,0.0,0,wg_raw,44
0,172,339,32544,0.7,0.7,0.0,0,0,0,0,0,0,0.8542720599567949,0.953063422706192,1.0342944462729258,0.953063422706192,1.0342944462729258,0,0.0,0,0.0,0.0,0,wg_raw,44
0,173,341,32736,0.7,0.7,0.0,0,0,0,0,0,0,0.8219228415201774,0.952629666011148,1.027267947203855,0.952629666011148,1.027267947203855,0,0.0,0,0.0,0.0,0,wg_raw,44
0,174,342,32832,0.7,0.7,0.0,1,1,0,1,0,0,0.8403266623236639,0.9476897217056288,1.0291721179946118,0.9476897217056288,1.0291721179946118,0,0.0,0,0.0,0.0,0,wg_raw,44
0,175,345,33120,0.7,0.7,0.0,1,1,0,1,0,0,0.8209753357840063,0.9472909202689408,1.0327347418869888,0.9472909202689408,1.0327347418869888,0,0.0,0,0.0,0.0,0,wg_raw,44
0,176,347,33312,0.7,0.7,0.0,1,1,0,1,0,0,0.8442873771062639,0.9494267012047388,1.0331210335464178,0.9494267012047388,1.0331210335464178,0,0.0,0,0.0,0.0,0,wg_raw,44
0,177,348,33408,0.7,0.7,0.0,0,0,0,0,0,0,0.828495455440234,0.9508564426477144,1.0263601593969731,0.9508564426477144,1.0263601593969731,0,0.0,0,0.0,0.0,0,wg_raw,44
0,178,349,33504,0.7,0.7,0.0,1,1,0,1,0,0,0.8498075159163321,0.9468316680280936,1.0283390608496714,0.9468316680280936,1.0283390608496714,0,0.0,0,0.0,0.0,0,wg_raw,44
0,179,351,33696,0.7,0.7,0.0,0,0,0,0,0,0,0.8339258518893423,0.95414327258018,1.027622665124477,0.95414327258018,1.027622665124477,0,0.0,0,0.0,0.0,0,wg_raw,44
0,191,352,33792,0.7,0.7,0.0,0,0,0,0,0,0,0.8533075577400905,0.9553650253901244,1.0305417820376337,0.9553650253901244,1.0305417820376337,0,0.0,0,0.0,0.0,0,wg_raw,44
0,180,354,33984,0.7,0.7,0.0,0,0,0,0,0,0,0.8442151821124886,0.952389624584631,1.0254325788811034,0.952389624584631,1.0254325788811034,0,0.0,0,0.0,0.0,0,wg_raw,44
0,181,355,34080,0.7,0.7,0.0,0,0,0,0,0,0,0.8750738018230508,0.9518811901025164,1.0352382703940342,0.9518811901025164,1.0352382703940342,0,0.0,0,0.0,0.0,0,wg_raw,44
0,182,356,34176,0.7,0.7,0.0,0,0,0,0,0,0,0.840662034971481,0.9559197872662284,1.032769981095326,0.9559197872662284,1.032769981095326,0,0.0,0,0.0,0.0,0,wg_raw,44
0,183,361,34656,0.7,0.7,0.0,0,0,0,0,0,0,0.8401298150162091,0.9552181758077422,1.0266825081125466,0.9552181758077422,1.0266825081125466,0,0.0,0,0.0,0.0,0,wg_raw,44
0,196,362,34752,0.7,0.7,0.0,0,0,0,0,0,0,0.8390565308173039,0.954036055865956,1.030000039174745,0.954036055865956,1.030000039174745,0,0.0,0,0.0,0.0,0,wg_raw,44
0,184,364,34944,0.7,0.7,0.0,1,1,0,1,0,0,0.8350684364846236,0.9485219607903048,1.024132017862185,0.9485219607903048,1.024132017862185,0,0.0,0,0.0,0.0,0,wg_raw,44
0,198,366,35136,0.7,0.7,0.0,1,1,0,1,0,0,0.8397548447830376,0.94943652153943,1.0306041311457486,0.94943652153943,1.0306041311457486,0,0.0,0,0.0,0.0,0,wg_raw,44
0,185,367,35232,0.7,0.7,0.0,0,0,0,0,0,0,0.8417935132583281,0.950956216766538,1.0231177998180558,0.950956216766538,1.0231177998180558,0,0.0,0,0.0,0.0,0,wg_raw,44
0,1,2,192,0.7,0.7,0.0,0,0,0,0,0,0,0.8671293603112386,0.95050000095222,1.0315547594757486,0.9470037488976266,1.0315547594757486,3,0.03125,0,0.0016012686221919,0.1006744315591995,126,wg_projected,42
0,2,4,384,0.7,0.7,0.0,0,0,0,0,0,0,0.8594036986083669,0.9528872068322788,1.0258704210586898,0.9528872068322788,1.0258704210586898,0,0.0,0,0.0,0.0,96,wg_projected,42
0,3,6,576,0.7,0.7,0.0,0,0,0,0,0,0,0.881648504516267,0.950826860243528,1.0278924111217718,0.950826860243528,1.0278924111217718,0,0.0,0,0.0,0.0,96,wg_projected,42
0,4,7,672,0.7,0.7,0.0,0,0,0,0,0,0,0.8814116975185944,0.9510277365881676,1.0309319928571163,0.9510277365881676,1.0309319928571163,0,0.0,0,0.0,0.0,96,wg_projected,42
0,5,10,960,0.7,0.7,0.0,0,0,0,0,0,0,0.8571349359020494,0.9516164489542952,1.023734535108363,0.9516164489542952,1.023734535108363,0,0.0,0,0.0,0.0,96,wg_projected,42
0,6,13,1248,0.7,0.7,0.0,0,0,0,0,0,0,0.8813799892543552,0.9505000011040522,1.0334379091330097,0.9489536815060514,1.0334379091330097,1,0.0104166666666666,0,0.0004574092555423,0.0439112885320691,111,wg_projected,42
0,7,16,1536,0.7,0.7,0.0,0,0,0,0,0,0,0.8798306664561378,0.9505000006698942,1.0338711543772867,0.9489913837590784,1.0338711543772867,3,0.03125,0,0.001118847680117,0.0424453912032264,141,wg_projected,42
0,8,17,1632,0.7,0.7,0.0,0,0,0,0,0,0,0.8639411285154849,0.9546591675734992,1.0329108451534623,0.9546591675734992,1.0329108451534623,0,0.0,0,0.0,0.0,96,wg_projected,42
0,9,20,1920,0.7,0.7,0.0,0,0,0,0,0,0,0.8502513242743988,0.9520431756238112,1.0292397360034689,0.9520431756238112,1.0292397360034689,0,0.0,0,0.0,0.0,96,wg_projected,42
0,10,22,2112,0.7,0.7,0.0,0,0,0,0,0,0,0.8748358717805389,0.9534716971398102,1.0359482571499024,0.9534716971398102,1.0359482571499024,0,0.0,0,0.0,0.0,96,wg_projected,42
0,11,23,2208,0.7,0.7,0.0,0,0,0,0,0,0,0.8572412589813666,0.9527868767927788,1.0303271774610652,0.9527868767927788,1.0303271774610652,0,0.0,0,0.0,0.0,96,wg_projected,42
0,12,25,2400,0.7,0.7,0.0,0,0,0,0,0,0,0.8502257803061365,0.9526984477905248,1.026051078645491,0.9526984477905248,1.026051078645491,0,0.0,0,0.0,0.0,96,wg_projected,42
0,13,26,2496,0.7,0.7,0.0,0,0,0,0,0,0,0.8740598652595619,0.953071715563704,1.0305359524128652,0.953071715563704,1.0305359524128652,0,0.0,0,0.0,0.0,96,wg_projected,42
0,14,29,2784,0.7,0.7,0.0,0,0,0,0,0,0,0.8672633648052641,0.9511370173157332,1.0243682795928422,0.9511370173157332,1.0243682795928422,0,0.0,0,0.0,0.0,96,wg_projected,42
0,15,30,2880,0.7,0.7,0.0,0,0,0,0,0,0,0.8637939717202286,0.950838975270213,1.027782721004165,0.950838975270213,1.027782721004165,0,0.0,0,0.0,0.0,96,wg_projected,42
0,16,31,2976,0.7,0.7,0.0,0,0,0,0,0,0,0.8485697825315268,0.9505012438644516,1.02791801775653,0.9502348649561916,1.02791801775653,1,0.0104166666666666,0,7.829441647744531e-05,0.0075162639818347,101,wg_projected,42
0,17,34,3264,0.7,0.7,0.0,0,0,0,0,0,0,0.8693662720981796,0.9505000002619868,1.0307677265276416,0.9492156317268822,1.0307677265276416,1,0.0104166666666666,0,0.0004062967783024,0.0390044907170331,111,wg_projected,42
0,18,37,3552,0.7,0.7,0.0,0,0,0,0,0,0,0.8526548833450187,0.9560999586804716,1.024960180667347,0.9560999586804716,1.024960180667347,0,0.0,0,0.0,0.0,96,wg_projected,42
0,19,38,3648,0.7,0.7,0.0,0,0,0,0,0,0,0.880488632965022,0.9531150943331084,1.028558539762111,0.9531150943331084,1.028558539762111,0,0.0,0,0.0,0.0,96,wg_projected,42
0,20,39,3744,0.7,0.7,0.0,0,0,0,0,0,0,0.8802246424841275,0.9513193127004586,1.0305935825560446,0.9513193127004586,1.0305935825560446,0,0.0,0,0.0,0.0,96,wg_projected,42
0,21,43,4128,0.7,0.7,0.0,0,0,0,0,0,0,0.8602405742287118,0.9506611284769652,1.0255175213421956,0.9506611284769652,1.0255175213421956,0,0.0,0,0.0,0.0,96,wg_projected,42
0,22,44,4224,0.7,0.7,0.0,0,0,0,0,0,0,0.8547414399917308,0.9547023794931137,1.0223513028413354,0.9547023794931137,1.0223513028413354,0,0.0,0,0.0,0.0,96,wg_projected,42
0,23,46,4416,0.7,0.7,0.0,0,0,0,0,0,0,0.8755754301382515,0.9505000005322958,1.0292289700196602,0.94948146799519,1.0292289700196602,3,0.03125,0,0.0005295187926904,0.0287274726951661,121,wg_projected,42
0,24,49,4704,0.7,0.7,0.0,0,0,0,0,0,0,0.8768672298554439,0.9517254505628864,1.0274075393594044,0.9517254505628864,1.0274075393594044,0,0.0,0,0.0,0.0,96,wg_projected,42
0,25,50,4800,0.7,0.7,0.0,0,0,0,0,0,0,0.8467754922036862,0.954308023629708,1.028979452823808,0.954308023629708,1.028979452823808,0,0.0,0,0.0,0.0,96,wg_projected,42
0,26,51,4896,0.7,0.7,0.0,0,0,0,0,0,0,0.8778731924320009,0.9512647961111266,1.0267898411139322,0.9512647961111266,1.0267898411139322,0,0.0,0,0.0,0.0,96,wg_projected,42
0,27,53,5088,0.7,0.7,0.0,0,0,0,0,0,0,0.8548021650196348,0.9527587505802309,1.0248692613032675,0.9527587505802309,1.0248692613032675,0,0.0,0,0.0,0.0,96,wg_projected,42
0,28,54,5184,0.7,0.7,0.0,0,0,0,0,0,0,0.8685549798425326,0.950501390506369,1.027489599416554,0.9500630019197558,1.027489599416554,1,0.0104166666666666,0,0.0001290500636723,0.0123888061125496,101,wg_projected,42
0,29,55,5280,0.7,0.7,0.0,0,0,0,0,0,0,0.8696642420753232,0.950501371158276,1.02593439966212,0.950162453101191,1.02593439966212,1,0.0104166666666666,0,0.0001000283693054,0.0096027234533216,101,wg_projected,42
0,30,56,5376,0.7,0.7,0.0,0,0,0,0,0,0,0.8644984800669666,0.9540968123467536,1.0262956852473384,0.9540968123467536,1.0262956852473384,0,0.0,0,0.0,0.0,96,wg_projected,42
0,31,57,5472,0.7,0.7,0.0,0,0,0,0,0,0,0.8489608397583861,0.9547338345215284,1.0294178015267463,0.9547338345215284,1.0294178015267463,0,0.0,0,0.0,0.0,96,wg_projected,42
0,32,59,5664,0.7,0.7,0.0,0,0,0,0,0,0,0.8434753066518632,0.9523317098983516,1.023284714318446,0.9523317098983516,1.023284714318446,0,0.0,0,0.0,0.0,96,wg_projected,42
0,33,60,5760,0.7,0.7,0.0,0,0,0,0,0,0,0.8713465428636645,0.9505000013206324,1.0302360702609177,0.9487267375858508,1.0302360702609177,1,0.0104166666666666,0,0.0005242739414056,0.0503302983749418,111,wg_projected,42
0,34,62,5952,0.7,0.7,0.0,0,0,0,0,0,0,0.8588053117938348,0.9505000005568804,1.0250865697453662,0.9495479397752548,1.0250865697453662,1,0.0104166666666666,0,0.0002807342585065,0.0269504888166322,111,wg_projected,42
0,35,65,6240,0.7,0.7,0.0,0,0,0,0,0,0,0.86073025941387,0.9540177528477942,1.0294073395485386,0.9540177528477942,1.0294073395485386,0,0.0,0,0.0,0.0,96,wg_projected,42
0,36,66,6336,0.7,0.7,0.0,0,0,0,0,0,0,0.8697931141366209,0.950500004890919,1.0266431434111625,0.947050255927352,1.0266431434111625,1,0.0104166666666666,0,0.0010306207463626,0.0989395916508149,111,wg_projected,42
0,37,67,6432,0.7,0.7,0.0,0,0,0,0,0,0,0.8609734718130471,0.9527063826701448,1.0348045819108436,0.9527063826701448,1.0348045819108436,0,0.0,0,0.0,0.0,96,wg_projected,42
0,38,68,6528,0.7,0.7,0.0,0,0,0,0,0,0,0.8643401827281557,0.95238318897688,1.0324418078865,0.95238318897688,1.0324418078865,0,0.0,0,0.0,0.0,96,wg_projected,42
0,39,69,6624,0.7,0.7,0.0,0,0,0,0,0,0,0.8677457317956699,0.9517220231348648,1.0343406565215152,0.9517220231348648,1.0343406565215152,0,0.0,0,0.0,0.0,96,wg_projected,42
0,40,70,6720,0.7,0.7,0.0,0,0,0,0,0,0,0.8757103821790494,0.95169172045536,1.0259742214259755,0.95169172045536,1.0259742214259755,0,0.0,0,0.0,0.0,96,wg_projected,42
0,41,71,6816,0.7,0.7,0.0,0,0,0,0,0,0,0.880975864201082,0.9538543453130934,1.025230177925306,0.9538543453130934,1.025230177925306,0,0.0,0,0.0,0.0,96,wg_projected,42
0,42,74,7104,0.7,0.7,0.0,0,0,0,0,0,0,0.8810872649339735,0.9551498741160546,1.027347811064081,0.9551498741160546,1.027347811064081,0,0.0,0,0.0,0.0,96,wg_projected,42
0,43,80,7680,0.7,0.7,0.0,0,0,0,0,0,0,0.8387715584788135,0.9505000007062092,1.0242376436835718,0.9493848893815916,1.0242376436835718,1,0.0104166666666666,0,0.0003298582890134,0.0316663957452921,111,wg_projected,42
0,44,81,7776,0.7,0.7,0.0,0,0,0,0,0,0,0.8543835243379857,0.9508552478199052,1.026465634486569,0.9508552478199052,1.026465634486569,0,0.0,0,0.0,0.0,96,wg_projected,42
0,45,82,7872,0.7,0.7,0.0,0,0,0,0,0,0,0.87558778815726,0.9505000011466056,1.0290537922385716,0.9488456024447351,1.0290537922385716,1,0.0104166666666666,0,0.0004892362601476,0.0469666809741737,111,wg_projected,42
0,46,84,8064,0.7,0.7,0.0,0,0,0,0,0,0,0.8643426552881033,0.9505000008362224,1.0310360380608152,0.9491357155420111,1.0310360380608152,1,0.0104166666666666,0,0.0004057333665334,0.0389504031872094,111,wg_projected,42
0,47,85,8160,0.7,0.7,0.0,0,0,0,0,0,0,0.8570364358241566,0.956613003056372,1.0313141277999185,0.956613003056372,1.0313141277999185,0,0.0,0,0.0,0.0,96,wg_projected,42
0,47,86,8256,0.7,0.7,0.0,0,0,0,0,0,0,0.8677722925887486,0.9533319692030076,1.0270396503400894,0.9533319692030076,1.0270396503400894,0,0.0,0,0.0,0.0,96,wg_projected,42
0,48,87,8352,0.7,0.7,0.0,0,0,0,0,0,0,0.8780433699514164,0.951766848055976,1.030641793404418,0.951766848055976,1.030641793404418,0,0.0,0,0.0,0.0,96,wg_projected,42
0,49,93,8928,0.7,0.7,0.0,0,0,0,0,0,0,0.8588183099794121,0.9518295842067684,1.0240488367170684,0.9518295842067684,1.0240488367170684,0,0.0,0,0.0,0.0,96,wg_projected,42
0,50,94,9024,0.7,0.7,0.0,0,0,0,0,0,0,0.8550391339800059,0.9549880605288223,1.027847936668666,0.9549880605288223,1.027847936668666,0,0.0,0,0.0,0.0,96,wg_projected,42
0,51,95,9120,0.7,0.7,0.0,0,0,0,0,0,0,0.8713632392354553,0.953152555111921,1.0258333677581033,0.953152555111921,1.0258333677581033,0,0.0,0,0.0,0.0,96,wg_projected,42
0,52,97,9312,0.7,0.7,0.0,0,0,0,0,0,0,0.8630391008191209,0.9533353013779328,1.0248122501516903,0.9533353013779328,1.0248122501516903,0,0.0,0,0.0,0.0,96,wg_projected,42
0,53,98,9408,0.7,0.7,0.0,0,0,0,0,0,0,0.8490554290598957,0.950501315533448,1.0229401197927277,0.9499560543585324,1.0229401197927277,1,0.0104166666666666,0,0.0001609441249897,0.0154506359990179,101,wg_projected,42
0,54,101,9696,0.7,0.7,0.0,0,0,0,0,0,0,0.8612080672093295,0.9517217055436308,1.028389845511474,0.9517217055436308,1.028389845511474,0,0.0,0,0.0,0.0,96,wg_projected,42
0,55,102,9792,0.7,0.7,0.0,0,0,0,0,0,0,0.8732369514023157,0.9529855586845328,1.0338531940487574,0.9529855586845328,1.0338531940487574,0,0.0,0,0.0,0.0,96,wg_projected,42
0,56,107,10272,0.7,0.7,0.0,0,0,0,0,0,0,0.8494091234444759,0.9505000034015956,1.0242575765655544,0.9476818027143388,1.0242575765655544,1,0.0104166666666666,0,0.0008384225754883,0.0804885672468804,111,wg_projected,42
0,57,109,10464,0.7,0.7,0.0,0,0,0,0,0,0,0.8616815698502008,0.950500001305528,1.0244605240221676,0.9488578452110128,1.0244605240221676,2,0.0208333333333333,0,0.0006255114771874,0.0465854902590381,116,wg_projected,42
0,58,111,10656,0.7,0.7,0.0,0,0,0,0,0,0,0.87239516908608,0.950500001192083,1.025277708485583,0.94885630736723,1.025277708485583,1,0.0104166666666666,0,0.0004875232214875,0.0468022292628016,111,wg_projected,42
0,59,114,10944,0.7,0.7,0.0,0,0,0,0,0,0,0.850522272091411,0.9525872988736254,1.0257806996846237,0.9525872988736254,1.0257806996846237,0,0.0,0,0.0,0.0,96,wg_projected,42
0,60,116,11136,0.7,0.7,0.0,0,0,0,0,0,0,0.8763509553993595,0.9505000045002628,1.0262933115412265,0.9472761473850516,1.0262933115412265,1,0.0104166666666666,0,0.0009633311330262,0.0924797887705231,111,wg_projected,42
0,61,117,11232,0.7,0.7,0.0,0,0,0,0,0,0,0.8699408852745739,0.9532003818097452,1.0266216798923795,0.9532003818097452,1.0266216798923795,0,0.0,0,0.0,0.0,96,wg_projected,42
0,62,119,11424,0.7,0.7,0.0,0,0,0,0,0,0,0.8714204671297943,0.9519236166180156,1.0303844664925728,0.9519236166180156,1.0303844664925728,0,0.0,0,0.0,0.0,96,wg_projected,42
0,63,120,11520,0.7,0.7,0.0,0,0,0,0,0,0,0.8709481377346812,0.9505013982925096,1.0324451877876273,0.9500350455173124,1.0324451877876273,1,0.0104166666666666,0,0.0001358767944711,0.0130441722692304,101,wg_projected,42
0,63,122,11712,0.7,0.7,0.0,0,0,0,0,0,0,0.8706245394393538,0.9539619296372228,1.0260700471530355,0.9539619296372228,1.0260700471530355,0,0.0,0,0.0,0.0,96,wg_projected,42
0,64,123,11808,0.7,0.7,0.0,0,0,0,0,0,0,0.8638651051902481,0.950500504813074,1.0254803075348748,0.9499093937716894,1.0254803075348748,2,0.0208333333333333,0,0.000199691966472,0.0168360348460033,106,wg_projected,42
0,65,125,12000,0.7,0.7,0.0,0,0,0,0,0,0,0.870426365766333,0.9505011802446284,1.033495455535476,0.9502484181601988,1.033495455535476,1,0.0104166666666666,0,7.452576049132731e-05,0.0071544730071674,101,wg_projected,42
0,66,126,12096,0.7,0.7,0.0,0,0,0,0,0,0,0.8747227467460487,0.9505014312130003,1.0275278263747,0.9500806503314196,1.0275278263747,1,0.0104166666666666,0,0.0001238401219952,0.0118886517115414,101,wg_projected,42
0,67,128,12288,0.7,0.7,0.0,0,0,0,0,0,0,0.8741462746040062,0.9518104116157188,1.0293503425022097,0.9518104116157188,1.0293503425022097,0,0.0,0,0.0,0.0,96,wg_projected,42
0,68,129,12384,0.7,0.7,0.0,0,0,0,0,0,0,0.8869101358096838,0.9505000015191356,1.0279938773008102,0.9485358466837932,1.0279938773008102,1,0.0104166666666666,0,0.0005815093029757,0.0558248930856744,111,wg_projected,42
0,69,131,12576,0.7,0.7,0.0,0,0,0,0,0,0,0.8529177130989336,0.9513146814303636,1.032636352765045,0.9513146814303636,1.032636352765045,0,0.0,0,0.0,0.0,96,wg_projected,42
0,70,133,12768,0.7,0.7,0.0,0,0,0,0,0,0,0.8736252718160213,0.9505012025428948,1.0292701305517142,0.9499024138631208,1.0292701305517142,1,0.0104166666666666,0,0.0001745750224701,0.0167592021571305,101,wg_projected,42
0,71,134,12864,0.7,0.7,0.0,0,0,0,0,0,0,0.8539170907667012,0.9505010136108948,1.0272792963562312,0.9498396652199108,1.0272792963562312,1,0.0104166666666666,0,0.0001940408216909,0.0186279188823273,101,wg_projected,42
0,72,136,13056,0.7,0.7,0.0,0,0,0,0,0,0,0.890238984434908,0.9530974308815988,1.0336417106493807,0.9530974308815988,1.0336417106493807,0,0.0,0,0.0,0.0,96,wg_projected,42
0,73,140,13440,0.7,0.7,0.0,0,0,0,0,0,0,0.8538966115519262,0.9511483482327232,1.0279968276036169,0.9511483482327232,1.0279968276036169,0,0.0,0,0.0,0.0,96,wg_projected,42
0,74,141,13536,0.7,0.7,0.0,0,0,0,0,0,0,0.8648284852559688,0.9505001142368554,1.0229959964664486,0.9501312441695698,1.0229959964664486,2,0.0208333333333333,0,0.0001135369469798,0.0104027915096891,106,wg_projected,42
0,75,142,13632,0.7,0.7,0.0,0,0,0,0,0,0,0.8754600447524501,0.9520909505554688,1.030562944970821,0.9520909505554688,1.030562944970821,0,0.0,0,0.0,0.0,96,wg_projected,42
0,76,143,13728,0.7,0.7,0.0,0,0,0,0,0,0,0.8646977009714595,0.9505012367915304,1.0227086478493557,0.950262736488812,1.0227086478493557,1,0.0104166666666666,0,7.550392729532847e-05,0.0072483770203515,101,wg_projected,42
0,77,145,13920,0.7,0.7,0.0,0,0,0,0,0,0,0.861679806099598,0.9556949943317404,1.0287643765351808,0.9556949943317404,1.0287643765351808,0,0.0,0,0.0,0.0,96,wg_projected,42
0,78,148,14208,0.7,0.7,0.0,0,0,0,0,0,0,0.8678933907796076,0.9505000011247172,1.0217604676689598,0.9489134178231732,1.0217604676689598,1,0.0104166666666666,0,0.0004687410008038,0.0449991360771728,111,wg_projected,42
0,79,149,14304,0.7,0.7,0.0,0,0,0,0,0,0,0.8775204964176935,0.9505000022638568,1.0274804943844853,0.9481761134547698,1.0274804943844853,2,0.0208333333333333,0,0.0008204015852861,0.0660658411861107,116,wg_projected,42
0,80,151,14496,0.7,0.7,0.0,0,0,0,0,0,0,0.8795521790258651,0.9520341976171748,1.0237169876876586,0.9520341976171748,1.0237169876876586,0,0.0,0,0.0,0.0,96,wg_projected,42
0,81,152,14592,0.7,0.7,0.0,0,0,0,0,0,0,0.8616392654872443,0.9529936440180856,1.0272823270296068,0.9529936440180856,1.0272823270296068,0,0.0,0,0.0,0.0,96,wg_projected,42
0,82,154,14784,0.7,0.7,0.0,0,0,0,0,0,0,0.8565963770795243,0.9516715738952756,1.0282379577802103,0.9516715738952756,1.0282379577802103,0,0.0,0,0.0,0.0,96,wg_projected,42
0,83,156,14976,0.7,0.7,0.0,0,0,0,0,0,0,0.8862194421043084,0.950500000415857,1.0340757238154674,0.9491235146498936,1.0340757238154674,1,0.0104166666666666,0,0.0004236513860834,0.0406705330640101,111,wg_projected,42
0,84,157,15072,0.7,0.7,0.0,0,0,0,0,0,0,0.8666664708525842,0.9519084812512562,1.0305006824159493,0.9519084812512562,1.0305006824159493,0,0.0,0,0.0,0.0,96,wg_projected,42
0,85,166,15936,0.7,0.7,0.0,0,0,0,0,0,0,0.8605672638663235,0.951416150140194,1.0248444326647783,0.951416150140194,1.0248444326647783,0,0.0,0,0.0,0.0,96,wg_projected,42
0,87,168,16128,0.7,0.7,0.0,0,0,0,0,0,0,0.872290967541304,0.9513916221405208,1.026068205503282,0.9513916221405208,1.026068205503282,0,0.0,0,0.0,0.0,96,wg_projected,42
0,86,169,16224,0.7,0.7,0.0,0,0,0,0,0,0,0.8712693745899106,0.9528984691393888,1.0262598762266255,0.9528984691393888,1.0262598762266255,0,0.0,0,0.0,0.0,96,wg_projected,42
0,87,171,16416,0.7,0.7,0.0,0,0,0,0,0,0,0.8636044514787048,0.9511803597266806,1.0276848382039725,0.9511803597266806,1.0276848382039725,0,0.0,0,0.0,0.0,96,wg_projected,42
0,88,172,16512,0.7,0.7,0.0,0,0,0,0,0,0,0.862908432433821,0.9505000040529984,1.025010266979828,0.947615710028163,1.025010266979828,1,0.0104166666666666,0,0.0008649100922536,0.0830313688563471,111,wg_projected,42
0,89,173,16608,0.7,0.7,0.0,0,0,0,0,0,0,0.8741549301585404,0.9506244788963664,1.02830369973956,0.9506244788963664,1.02830369973956,0,0.0,0,0.0,0.0,96,wg_projected,42
0,90,175,16800,0.7,0.7,0.0,0,0,0,0,0,0,0.866259960575896,0.9512182166655594,1.02853340126934,0.9512182166655594,1.02853340126934,0,0.0,0,0.0,0.0,96,wg_projected,42
0,91,176,16896,0.7,0.7,0.0,0,0,0,0,0,0,0.8820308667661199,0.9521471473242634,1.023215873181861,0.9521471473242634,1.023215873181861,0,0.0,0,0.0,0.0,96,wg_projected,42
0,92,178,17088,0.7,0.7,0.0,0,0,0,0,0,0,0.8727098747002752,0.9514575733171444,1.026835461185846,0.9514575733171444,1.026835461185846,0,0.0,0,0.0,0.0,96,wg_projected,42
0,93,179,17184,0.7,0.7,0.0,0,0,0,0,0,0,0.8831915295796999,0.9505000010553708,1.0265583769849858,0.948927923535541,1.0265583769849858,2,0.0208333333333333,0,0.0005606482943908,0.0443876880996784,116,wg_projected,42
0,94,181,17376,0.7,0.7,0.0,0,0,0,0,0,0,0.8716659011045306,0.951511551678921,1.0287459706381878,0.951511551678921,1.0287459706381878,0,0.0,0,0.0,0.0,96,wg_projected,42
0,95,183,17568,0.7,0.7,0.0,0,0,0,0,0,0,0.8730519711497098,0.9507233892023688,1.0303916664913748,0.9507233892023688,1.0303916664913748,0,0.0,0,0.0,0.0,96,wg_projected,42
0,96,184,17664,0.7,0.7,0.0,0,0,0,0,0,0,0.8717251953329991,0.9526343401727346,1.025383737158001,0.9526343401727346,1.025383737158001,0,0.0,0,0.0,0.0,96,wg_projected,42
0,97,187,17952,0.7,0.7,0.0,0,0,0,0,0,0,0.8717480307834334,0.9505000022872162,1.028610609513743,0.9480800307028736,1.028610609513743,1,0.0104166666666666,0,0.0007209634054146,0.06921248691981,111,wg_projected,42
0,100,190,18240,0.7,0.7,0.0,0,0,0,0,0,0,0.8588605051095627,0.9534733084300516,1.0217653577968184,0.9534733084300516,1.0217653577968184,0,0.0,0,0.0,0.0,96,wg_projected,42
0,98,192,18432,0.7,0.7,0.0,0,0,0,0,0,0,0.8813329888455069,0.950501338933866,1.0259387188157805,0.9502296600008536,1.0259387188157805,1,0.0104166666666666,0,8.561735183210878e-05,0.0082192657758824,101,wg_projected,42
0,99,193,18528,0.7,0.7,0.0,0,0,0,0,0,0,0.8717420979342327,0.9505013791771116,1.0272413882796705,0.9501662968637472,1.0272413882796705,1,0.0104166666666666,0,9.878394736726833e-05,0.0094832589472577,101,wg_projected,42
0,100,197,18912,0.7,0.7,0.0,0,0,0,0,0,0,0.8636966267954316,0.951064078868433,1.0272037585071951,0.951064078868433,1.0272037585071951,0,0.0,0,0.0,0.0,96,wg_projected,42
0,101,201,19296,0.7,0.7,0.0,0,0,0,0,0,0,0.8643974534171055,0.9505151946372612,1.0340170585665307,0.9505151946372612,1.0340170585665307,0,0.0,0,0.0,0.0,96,wg_projected,42
0,102,205,19680,0.7,0.7,0.0,0,0,0,0,0,0,0.85708100442248,0.9520320746880276,1.0269832735956006,0.9520320746880276,1.0269832735956006,0,0.0,0,0.0,0.0,96,wg_projected,42
0,103,207,19872,0.7,0.7,0.0,0,0,0,0,0,0,0.8758260930486175,0.950500958849082,1.0265547898977332,0.9436560662827344,1.0265547898977332,1,0.0104166666666666,0,0.0020921836202627,0.2008496275452268,106,wg_projected,42
0,104,210,20160,0.7,0.7,0.0,0,0,0,0,0,0,0.8546709739160654,0.9505000117087502,1.0227374992604612,0.9457455691270288,1.0227374992604612,1,0.0104166666666666,0,0.0014389455650998,0.1381387742495861,111,wg_projected,42
0,105,212,20352,0.7,0.7,0.0,0,0,0,0,0,0,0.8773075221048847,0.950500002216026,1.0317728872373484,0.9483016450495574,1.0317728872373484,1,0.0104166666666666,0,0.0006544018476202,0.062822577371542,111,wg_projected,42
0,106,213,20448,0.7,0.7,0.0,0,0,0,0,0,0,0.8693677969837436,0.9511501921316908,1.0333061831360009,0.9511501921316908,1.0333061831360009,0,0.0,0,0.0,0.0,96,wg_projected,42
0,107,216,20736,0.7,0.7,0.0,0,0,0,0,0,0,0.850633235940827,0.951755284242926,1.0272469691999402,0.951755284242926,1.0272469691999402,0,0.0,0,0.0,0.0,96,wg_projected,42
0,108,219,21024,0.7,0.7,0.0,0,0,0,0,0,0,0.8866423415974414,0.9505000005454786,1.0303713772897134,0.9493859650968652,1.0303713772897134,1,0.0104166666666666,0,0.0003297343568447,0.0316544982570983,111,wg_projected,42
0,109,220,21120,0.7,0.7,0.0,0,0,0,0,0,0,0.877909162556082,0.9532690261103062,1.0251913321406108,0.9532690261103062,1.0251913321406108,0,0.0,0,0.0,0.0,96,wg_projected,42
0,110,226,21696,0.7,0.7,0.0,0,0,0,0,0,0,0.8667433746509795,0.9505012286933606,1.0277158879644743,0.9499230993546112,1.0277158879644743,1,0.0104166666666666,0,0.0001688648567741,0.016211026250316,101,wg_projected,42
0,114,228,21888,0.7,0.7,0.0,0,0,0,0,0,0,0.8843518573111585,0.9549585465770624,1.0314554026780285,0.9549585465770624,1.0314554026780285,0,0.0,0,0.0,0.0,96,wg_projected,42
0,111,230,22080,0.7,0.7,0.0,0,0,0,0,0,0,0.8683008424925246,0.9516548331309774,1.02858439764822,0.9516548331309774,1.02858439764822,0,0.0,0,0.0,0.0,96,wg_projected,42
0,112,231,22176,0.7,0.7,0.0,0,0,0,0,0,0,0.8624148817406259,0.9533323417542308,1.0312975403140834,0.9533323417542308,1.0312975403140834,0,0.0,0,0.0,0.0,96,wg_projected,42
0,113,232,22272,0.7,0.7,0.0,0,0,0,0,0,0,0.8590253738332577,0.9533315338838432,1.0247923446850582,0.9533315338838432,1.0247923446850582,0,0.0,0,0.0,0.0,96,wg_projected,42
0,114,234,22464,0.7,0.7,0.0,0,0,0,0,0,0,0.8709975482112616,0.9518664910203076,1.0323120837999176,0.9518664910203076,1.0323120837999176,0,0.0,0,0.0,0.0,96,wg_projected,42
0,115,235,22560,0.7,0.7,0.0,0,0,0,0,0,0,0.8801509915350636,0.9505012353299696,1.028419725971235,0.949982866849684,1.028419725971235,1,0.0104166666666666,0,0.0001619355700323,0.0155458147231029,101,wg_projected,42
0,116,236,22656,0.7,0.7,0.0,0,0,0,0,0,0,0.8738012319453483,0.953184336717725,1.0254585132919023,0.953184336717725,1.0254585132919023,0,0.0,0,0.0,0.0,96,wg_projected,42
0,117,239,22944,0.7,0.7,0.0,0,0,0,0,0,0,0.863191829099246,0.9512987001186,1.0276391098723885,0.9512987001186,1.0276391098723885,0,0.0,0,0.0,0.0,96,wg_projected,42
0,118,240,23040,0.7,0.7,0.0,0,0,0,0,0,0,0.864734431222879,0.9519211438899744,1.0275738761467093,0.9519211438899744,1.0275738761467093,0,0.0,0,0.0,0.0,96,wg_projected,42
0,123,241,23136,0.7,0.7,0.0,0,0,0,0,0,0,0.863009502386541,0.9505848590722126,1.0241548993356029,0.9505848590722126,1.0241548993356029,0,0.0,0,0.0,0.0,96,wg_projected,42
0,119,244,23424,0.7,0.7,0.0,0,0,0,0,0,0,0.8733763784409458,0.951978789884304,1.02622400667886,0.951978789884304,1.02622400667886,0,0.0,0,0.0,0.0,96,wg_projected,42
0,120,245,23520,0.7,0.7,0.0,0,0,0,0,0,0,0.8605048808244941,0.9516704614410404,1.0262570366071648,0.9516704614410404,1.0262570366071648,0,0.0,0,0.0,0.0,96,wg_projected,42
0,121,248,23808,0.7,0.7,0.0,0,0,0,0,0,0,0.8718939838072275,0.9527502338664936,1.0282404783354588,0.9527502338664936,1.0282404783354588,0,0.0,0,0.0,0.0,96,wg_projected,42
0,122,251,24096,0.7,0.7,0.0,0,0,0,0,0,0,0.8557392745369227,0.9510010301386512,1.0292159254600504,0.9510010301386512,1.0292159254600504,0,0.0,0,0.0,0.0,96,wg_projected,42
0,123,253,24288,0.7,0.7,0.0,0,0,0,0,0,0,0.8611677120682417,0.9515719440311834,1.0305142864291084,0.9515719440311834,1.0305142864291084,0,0.0,0,0.0,0.0,96,wg_projected,42
0,124,254,24384,0.7,0.7,0.0,0,0,0,0,0,0,0.8665573611206258,0.953808845391466,1.025719702035827,0.953808845391466,1.025719702035827,0,0.0,0,0.0,0.0,96,wg_projected,42
0,125,257,24672,0.7,0.7,0.0,0,0,0,0,0,0,0.8487668457968145,0.9546362230718,1.031627447781105,0.9546362230718,1.031627447781105,0,0.0,0,0.0,0.0,96,wg_projected,42
0,126,259,24864,0.7,0.7,0.0,0,0,0,0,0,0,0.8583392561547512,0.9555685706562402,1.0291475942280195,0.9555685706562402,1.0291475942280195,0,0.0,0,0.0,0.0,96,wg_projected,42
0,127,261,25056,0.7,0.7,0.0,0,0,0,0,0,0,0.8783926099634964,0.9505012017980808,1.028090198440209,0.950245821993388,1.028090198440209,1,0.0104166666666666,0,7.516795601608923e-05,0.0072161237775445,101,wg_projected,42
0,128,266,25536,0.7,0.7,0.0,0,0,0,0,0,0,0.8640761506582934,0.9505000006676708,1.026634807612398,0.9493768925911824,1.026634807612398,1,0.0104166666666666,0,0.0003337844421012,0.0320433064417214,111,wg_projected,42
0,129,267,25632,0.7,0.7,0.0,0,0,0,0,0,0,0.8644762451236273,0.952207563528867,1.0269874163073405,0.952207563528867,1.0269874163073405,0,0.0,0,0.0,0.0,96,wg_projected,42
0,130,268,25728,0.7,0.7,0.0,0,0,0,0,0,0,0.8602995270717823,0.9528397597728022,1.0234851185848255,0.9528397597728022,1.0234851185848255,0,0.0,0,0.0,0.0,96,wg_projected,42
0,131,269,25824,0.7,0.7,0.0,0,0,0,0,0,0,0.8793921783270627,0.9522217605183072,1.0341037571213862,0.9522217605183072,1.0341037571213862,0,0.0,0,0.0,0.0,96,wg_projected,42
0,132,271,26016,0.7,0.7,0.0,0,0,0,0,0,0,0.8707482282786758,0.9505000034884497,1.0235768695489542,0.9477078097309938,1.0235768695489542,1,0.0104166666666666,0,0.0008358087288254,0.0802376379672476,111,wg_projected,42
0,133,272,26112,0.7,0.7,0.0,0,0,0,0,0,0,0.8752301740604668,0.9542599710581176,1.0268988752564134,0.9542599710581176,1.0268988752564134,0,0.0,0,0.0,0.0,96,wg_projected,42
0,134,273,26208,0.7,0.7,0.0,0,0,0,0,0,0,0.8729788196615129,0.9505000394283584,1.027143325469836,0.9433702870249968,1.027143325469836,1,0.0104166666666666,0,0.0021819442638618,0.209466649330733,111,wg_projected,42
0,135,275,26400,0.7,0.7,0.0,0,0,0,0,0,0,0.8427733884774303,0.9533811021829166,1.0302381324969263,0.9533811021829166,1.0302381324969263,0,0.0,0,0.0,0.0,96,wg_projected,42
0,136,276,26496,0.7,0.7,0.0,0,0,0,0,0,0,0.8735385145603333,0.9505000005973816,1.0287115534728375,0.9494183301112488,1.0287115534728375,1,0.0104166666666666,0,0.0003203767710662,0.030756170022361,111,wg_projected,42
0,142,278,26688,0.7,0.7,0.0,0,0,0,0,0,0,0.8579664247947734,0.9525012375971328,1.028034084009268,0.9525012375971328,1.028034084009268,0,0.0,0,0.0,0.0,96,wg_projected,42
0,143,280,26880,0.7,0.7,0.0,0,0,0,0,0,0,0.8591993038738055,0.9505009736272306,1.0264792997353147,0.949825811848678,1.0264792997353147,1,0.0104166666666666,0,0.0001961875408397,0.0188340039206167,101,wg_projected,42
0,144,281,26976,0.7,0.7,0.0,0,0,0,0,0,0,0.8400123046800104,0.954151249738613,1.024388001730207,0.954151249738613,1.024388001730207,0,0.0,0,0.0,0.0,96,wg_projected,42
0,137,282,27072,0.7,0.7,0.0,0,0,0,0,0,0,0.8625055817991211,0.9548356364581164,1.0303757925704435,0.9548356364581164,1.0303757925704435,0,0.0,0,0.0,0.0,96,wg_projected,42
0,138,283,27168,0.7,0.7,0.0,0,0,0,0,0,0,0.8530760285787632,0.9541384634755802,1.0347435058345944,0.9541384634755802,1.0347435058345944,0,0.0,0,0.0,0.0,96,wg_projected,42
0,139,284,27264,0.7,0.7,0.0,0,0,0,0,0,0,0.8808340753746282,0.9509570186654708,1.0270642685440718,0.9509570186654708,1.0270642685440718,0,0.0,0,0.0,0.0,96,wg_projected,42
0,140,285,27360,0.7,0.7,0.0,0,0,0,0,0,0,0.8824821510527584,0.9533314004314352,1.0292762023135211,0.9533314004314352,1.0292762023135211,0,0.0,0,0.0,0.0,96,wg_projected,42
0,141,287,27552,0.7,0.7,0.0,0,0,0,0,0,0,0.8762455616107037,0.951752044969102,1.0273545500535664,0.951752044969102,1.0273545500535664,0,0.0,0,0.0,0.0,96,wg_projected,42
0,142,288,27648,0.7,0.7,0.0,0,0,0,0,0,0,0.8633581069362054,0.9531014789917068,1.028208816856605,0.9531014789917068,1.028208816856605,0,0.0,0,0.0,0.0,96,wg_projected,42
0,143,289,27744,0.7,0.7,0.0,0,0,0,0,0,0,0.8546707021163846,0.950501369241498,1.0229223715524176,0.9501596557066952,1.0229223715524176,1,0.0104166666666666,0,0.0001003878419134,0.0096372328236948,101,wg_projected,42
0,144,290,27840,0.7,0.7,0.0,0,0,0,0,0,0,0.8718338725182765,0.9505000005079364,1.0313920966499086,0.9496377431180836,1.0313920966499086,1,0.0104166666666666,0,0.0002541206547124,0.0243955828523927,111,wg_projected,42
0,153,291,27936,0.7,0.7,0.0,0,0,0,0,0,0,0.8829097050893437,0.9505011766295026,1.0264715962253317,0.9498983625618908,1.0264715962253317,1,0.0104166666666666,0,0.0001776288116707,0.017052365920395,101,wg_projected,42
0,145,292,28032,0.7,0.7,0.0,0,0,0,0,0,0,0.8501148066448238,0.9524623982700092,1.0259401884120605,0.9524623982700092,1.0259401884120605,0,0.0,0,0.0,0.0,96,wg_projected,42
0,146,293,28128,0.7,0.7,0.0,0,0,0,0,0,0,0.8848055060199314,0.9524325454129337,1.0288550583651883,0.9524325454129337,1.0288550583651883,0,0.0,0,0.0,0.0,96,wg_projected,42
0,147,294,28224,0.7,0.7,0.0,0,0,0,0,0,0,0.8643980407428705,0.951989385894898,1.02730346065919,0.951989385894898,1.02730346065919,0,0.0,0,0.0,0.0,96,wg_projected,42
0,148,295,28320,0.7,0.7,0.0,0,0,0,0,0,0,0.8534178017546162,0.9524176789384832,1.0231461704040163,0.9524176789384832,1.0231461704040163,0,0.0,0,0.0,0.0,96,wg_projected,42
0,149,296,28416,0.7,0.7,0.0,0,0,0,0,0,0,0.8614069874881031,0.9519032506271108,1.0226084753886382,0.9519032506271108,1.0226084753886382,0,0.0,0,0.0,0.0,96,wg_projected,42
0,150,297,28512,0.7,0.7,0.0,0,0,0,0,0,0,0.8778688929051562,0.950501219705002,1.024500191110986,0.9499189908735184,1.024500191110986,1,0.0104166666666666,0,0.0001712631498739,0.0164412623878968,101,wg_projected,42
0,160,298,28608,0.7,0.7,0.0,0,0,0,0,0,0,0.8726145213022066,0.9565162372707716,1.0316553504873336,0.9565162372707716,1.0316553504873336,0,0.0,0,0.0,0.0,96,wg_projected,42
0,151,299,28704,0.7,0.7,0.0,0,0,0,0,0,0,0.8723688347726979,0.95050000295923,1.031803939019864,0.9478751150307374,1.031803939019864,1,0.0104166666666666,0,0.0007840186289028,0.0752657883746768,111,wg_projected,42
0,152,300,28800,0.7,0.7,0.0,0,0,0,0,0,0,0.8621731154795587,0.9557320215686418,1.0334375793293418,0.9557320215686418,1.0334375793293418,0,0.0,0,0.0,0.0,96,wg_projected,42
0,153,302,28992,0.7,0.7,0.0,0,0,0,0,0,0,0.872470223678359,0.955374317227103,1.0313159388327735,0.955374317227103,1.0313159388327735,0,0.0,0,0.0,0.0,96,wg_projected,42
0,154,305,29280,0.7,0.7,0.0,0,0,0,0,0,0,0.866397946678629,0.951044352780199,1.030784529979924,0.951044352780199,1.030784529979924,0,0.0,0,0.0,0.0,96,wg_projected,42
0,155,306,29376,0.7,0.7,0.0,0,0,0,0,0,0,0.8447430857472391,0.9506841749094288,1.0225122999309622,0.9506841749094288,1.0225122999309622,0,0.0,0,0.0,0.0,96,wg_projected,42
0,156,307,29472,0.7,0.7,0.0,0,0,0,0,0,0,0.8663600018802758,0.952420231760982,1.0232991120800738,0.952420231760982,1.0232991120800738,0,0.0,0,0.0,0.0,96,wg_projected,42
0,157,308,29568,0.7,0.7,0.0,0,0,0,0,0,0,0.8645927303023656,0.9505000026021454,1.0258716194899833,0.9479001577989692,1.0258716194899833,1,0.0104166666666666,0,0.0007705610213782,0.0739738580523162,111,wg_projected,42
0,158,312,29952,0.7,0.7,0.0,0,0,0,0,0,0,0.8631625434536586,0.950500029918806,1.025337417627343,0.9480083413275734,1.025337417627343,1,0.0104166666666666,0,0.0007354633243202,0.0706044791347405,106,wg_projected,42
0,159,315,30240,0.7,0.7,0.0,0,0,0,0,0,0,0.8849918494138174,0.95280069658355,1.0302710287699088,0.95280069658355,1.0302710287699088,0,0.0,0,0.0,0.0,96,wg_projected,42
0,160,317,30432,0.7,0.7,0.0,0,0,0,0,0,0,0.8761977237956535,0.9505000004997552,1.0241589867671186,0.9491041180065474,1.0241589867671186,2,0.0208333333333333,0,0.0006388916149113,0.0423419537312249,116,wg_projected,42
0,161,319,30624,0.7,0.7,0.0,0,0,0,0,0,0,0.8725150081280184,0.9505006475816562,1.032974426822706,0.9466795588558956,1.032974426822706,1,0.0104166666666666,0,0.0011496843509158,0.1103696976879233,106,wg_projected,42
0,162,321,30816,0.7,0.7,0.0,0,0,0,0,0,0,0.8717493551110413,0.9512381943492404,1.0307799059188376,0.9512381943492404,1.0307799059188376,0,0.0,0,0.0,0.0,96,wg_projected,42
0,173,322,30912,0.7,0.7,0.0,0,0,0,0,0,0,0.859862154168433,0.9505013192696264,1.0236883892204829,0.9501807136872444,1.0236883892204829,1,0.0104166666666666,0,9.44493260449896e-05,0.009067135300319,101,wg_projected,42
0,163,326,31296,0.7,0.7,0.0,0,0,0,0,0,0,0.8719049249493988,0.9505000009023896,1.0235863827741258,0.9443460997339318,1.0235863827741258,2,0.0208333333333333,0,0.0023403749260465,0.1795177883332676,126,wg_projected,42
0,164,329,31584,0.7,0.7,0.0,0,0,0,0,0,0,0.8782202786918407,0.9518751980402048,1.0263444846436214,0.9518751980402048,1.0263444846436214,0,0.0,0,0.0,0.0,96,wg_projected,42
0,165,331,31776,0.7,0.7,0.0,0,0,0,0,0,0,0.896250180839251,0.9537335690822742,1.0276004628033542,0.9537335690822742,1.0276004628033542,0,0.0,0,0.0,0.0,96,wg_projected,42
0,166,332,31872,0.7,0.7,0.0,0,0,0,0,0,0,0.8608433083794345,0.950500038498817,1.0308428472837583,0.9481860194348524,1.0308428472837583,1,0.0104166666666666,0,0.0007114792936897,0.0683020121942186,106,wg_projected,42
0,167,333,31968,0.7,0.7,0.0,0,0,0,0,0,0,0.8472167506855012,0.9545990030084848,1.0266593791930572,0.9545990030084848,1.0266593791930572,0,0.0,0,0.0,0.0,96,wg_projected,42
0,168,335,32160,0.7,0.7,0.0,0,0,0,0,0,0,0.8618151957237243,0.9516017701610312,1.023027270048089,0.9516017701610312,1.023027270048089,0,0.0,0,0.0,0.0,96,wg_projected,42
0,169,336,32256,0.7,0.7,0.0,0,0,0,0,0,0,0.8801346370539073,0.9505001005253754,1.0255432962589377,0.9475426309731614,1.0255432962589377,1,0.0104166666666666,0,0.0009186601467862,0.0881913740914796,106,wg_projected,42
0,170,337,32352,0.7,0.7,0.0,0,0,0,0,0,0,0.8724822048945512,0.9552224997891706,1.0298825044971147,0.9552224997891706,1.0298825044971147,0,0.0,0,0.0,0.0,96,wg_projected,42
0,171,338,32448,0.7,0.7,0.0,0,0,0,0,0,0,0.8766568725450707,0.9511724011531788,1.02520620851384,0.9511724011531788,1.02520620851384,0,0.0,0,0.0,0.0,96,wg_projected,42
0,172,339,32544,0.7,0.7,0.0,0,0,0,0,0,0,0.8821146960232498,0.952233124211064,1.0338617932065026,0.952233124211064,1.0338617932065026,0,0.0,0,0.0,0.0,96,wg_projected,42
0,173,341,32736,0.7,0.7,0.0,0,0,0,0,0,0,0.8495045479023531,0.9518105351884264,1.026904409645657,0.9518105351884264,1.026904409645657,0,0.0,0,0.0,0.0,96,wg_projected,42
0,174,342,32832,0.7,0.7,0.0,0,0,0,0,0,0,0.8670358972518444,0.9505000004886368,1.0297785213438182,0.9464108646515448,1.0297785213438182,2,0.0208333333333333,0,0.00146920698768,0.1166173434830665,126,wg_projected,42
0,175,345,33120,0.7,0.7,0.0,0,0,0,0,0,0,0.8485574943946934,0.9505002224188576,1.0322453936802582,0.9463538498146872,1.0322453936802582,1,0.0104166666666666,0,0.0012674899078791,0.121679031156396,106,wg_projected,42
0,176,347,33312,0.7,0.7,0.0,0,0,0,0,0,0,0.8709129124019565,0.950500001723628,1.0329499652404803,0.948435816812382,1.0329499652404803,1,0.0104166666666666,0,0.000612325033206,0.0587832031877837,111,wg_projected,42
0,177,348,33408,0.7,0.7,0.0,0,0,0,0,0,0,0.8568701742916893,0.95050066746884,1.025699484059735,0.94976397239894,1.025699484059735,1,0.0104166666666666,0,0.0002165990912604,0.0207935127610054,101,wg_projected,42
0,178,349,33504,0.7,0.7,0.0,0,0,0,0,0,0,0.8765867522179114,0.9505000107345752,1.0282510999498002,0.9459453152787948,1.0282510999498002,1,0.0104166666666666,0,0.001370846336705,0.131601248323686,111,wg_projected,42
0,179,351,33696,0.7,0.7,0.0,0,0,0,0,0,0,0.8622387499052179,0.9534649882512736,1.026432756998237,0.9534649882512736,1.026432756998237,0,0.0,0,0.0,0.0,96,wg_projected,42
0,191,352,33792,0.7,0.7,0.0,0,0,0,0,0,0,0.8805134981505346,0.9545339706685008,1.030792880284122,0.9545339706685008,1.030792880284122,0,0.0,0,0.0,0.0,96,wg_projected,42
0,180,354,33984,0.7,0.7,0.0,0,0,0,0,0,0,0.8715832612076522,0.9514824403639034,1.025128355632142,0.9514824403639034,1.025128355632142,0,0.0,0,0.0,0.0,96,wg_projected,42
0,181,355,34080,0.7,0.7,0.0,0,0,0,0,0,0,0.903644468481174,0.9510098126345976,1.0347239224469205,0.9510098126345976,1.0347239224469205,0,0.0,0,0.0,0.0,96,wg_projected,42
0,182,356,34176,0.7,0.7,0.0,0,0,0,0,0,0,0.8684661244796902,0.9551629284864726,1.0326925119315418,0.9551629284864726,1.0326925119315418,0,0.0,0,0.0,0.0,96,wg_projected,42
0,183,361,34656,0.7,0.7,0.0,0,0,0,0,0,0,0.8685166444280501,0.954335752242406,1.0266584737140012,0.954335752242406,1.0266584737140012,0,0.0,0,0.0,0.0,96,wg_projected,42
0,196,362,34752,0.7,0.7,0.0,0,0,0,0,0,0,0.866616401081067,0.9533198295774814,1.0301444603047938,0.9533198295774814,1.0301444603047938,0,0.0,0,0.0,0.0,96,wg_projected,42
0,184,364,34944,0.7,0.7,0.0,0,0,0,0,0,0,0.8626721478239814,0.9505000033402572,1.0240654111601857,0.947752647810322,1.0240654111601857,1,0.0104166666666666,0,0.0008232619160189,0.0790331439378203,111,wg_projected,42
0,198,366,35136,0.7,0.7,0.0,0,0,0,0,0,0,0.8668771306945697,0.9505000014765652,1.030732277104539,0.9484544593175156,1.030732277104539,1,0.0104166666666666,0,0.0006064300456253,0.058217284380037,111,wg_projected,42
0,185,367,35232,0.7,0.7,0.0,0,0,0,0,0,0,0.8698749316050235,0.9505014518658964,1.0230605732341465,0.9500632328016948,1.0230605732341465,1,0.0104166666666666,0,0.0001287438109549,0.0123594058516792,101,wg_projected,42
0,1,2,192,0.7,0.7,0.0,0,0,0,0,0,0,0.8984007631616182,0.9505010405881704,1.0235397952560714,0.950323916742162,1.0235397952560714,1,0.0104166666666666,0,5.569813323610959e-05,0.0053470207906665,101,wg_projected,43
0,2,4,384,0.7,0.7,0.0,0,0,0,0,0,0,0.8915853549721189,0.9559770164230816,1.0190463329069774,0.9559770164230816,1.0190463329069774,0,0.0,0,0.0,0.0,96,wg_projected,43
0,3,6,576,0.7,0.7,0.0,0,0,0,0,0,0,0.9126422527457664,0.954116587771608,1.01961189193791,0.954116587771608,1.01961189193791,0,0.0,0,0.0,0.0,96,wg_projected,43
0,4,7,672,0.7,0.7,0.0,0,0,0,0,0,0,0.9158539991385122,0.9542379158456628,1.0222968494432032,0.9542379158456628,1.0222968494432032,0,0.0,0,0.0,0.0,96,wg_projected,43
0,5,10,960,0.7,0.7,0.0,0,0,0,0,0,0,0.8911712863326275,0.955112382186216,1.0179792738704774,0.955112382186216,1.0179792738704774,0,0.0,0,0.0,0.0,96,wg_projected,43
0,6,13,1248,0.7,0.7,0.0,0,0,0,0,0,0,0.9142849299531172,0.9520922221085448,1.0250467247217945,0.9520922221085448,1.0250467247217945,0,0.0,0,0.0,0.0,96,wg_projected,43
0,7,16,1536,0.7,0.7,0.0,0,0,0,0,0,0,0.9140142501741594,0.9523802748512008,1.0259157778491537,0.9523802748512008,1.0259157778491537,0,0.0,0,0.0,0.0,96,wg_projected,43
0,8,17,1632,0.7,0.7,0.0,0,0,0,0,0,0,0.896041477669072,0.957766074111542,1.024590671033188,0.957766074111542,1.024590671033188,0,0.0,0,0.0,0.0,96,wg_projected,43
0,9,20,1920,0.7,0.7,0.0,0,0,0,0,0,0,0.8830720302032046,0.9549533965486772,1.022076984020869,0.9549533965486772,1.022076984020869,0,0.0,0,0.0,0.0,96,wg_projected,43
0,10,22,2112,0.7,0.7,0.0,0,0,0,0,0,0,0.9067172358680072,0.9564031206207244,1.0282869479998693,0.9564031206207244,1.0282869479998693,0,0.0,0,0.0,0.0,96,wg_projected,43
0,11,23,2208,0.7,0.7,0.0,0,0,0,0,0,0,0.8912970166663655,0.9558862247901876,1.0234655413089198,0.9558862247901876,1.0234655413089198,0,0.0,0,0.0,0.0,96,wg_projected,43
0,12,25,2400,0.7,0.7,0.0,0,0,0,0,0,0,0.8826035366938801,0.9559457477030924,1.0192815042266286,0.9559457477030924,1.0192815042266286,0,0.0,0,0.0,0.0,96,wg_projected,43
0,13,26,2496,0.7,0.7,0.0,0,0,0,0,0,0,0.9073983853503162,0.9559888802219624,1.0226254928874745,0.9559888802219624,1.0226254928874745,0,0.0,0,0.0,0.0,96,wg_projected,43
0,14,29,2784,0.7,0.7,0.0,0,0,0,0,0,0,0.9019059225791634,0.9547596424754315,1.0173181440757382,0.9547596424754315,1.0173181440757382,0,0.0,0,0.0,0.0,96,wg_projected,43
0,15,30,2880,0.7,0.7,0.0,0,0,0,0,0,0,0.8973645323937476,0.9541755824204592,1.020484487097203,0.9541755824204592,1.020484487097203,0,0.0,0,0.0,0.0,96,wg_projected,43
0,16,31,2976,0.7,0.7,0.0,0,0,0,0,0,0,0.8818566254292926,0.9538285728250852,1.018710534038637,0.9538285728250852,1.018710534038637,0,0.0,0,0.0,0.0,96,wg_projected,43
0,17,34,3264,0.7,0.7,0.0,0,0,0,0,0,0,0.9029913783462608,0.9522699829412744,1.0229251747502328,0.9522699829412744,1.0229251747502328,0,0.0,0,0.0,0.0,96,wg_projected,43
0,18,37,3552,0.7,0.7,0.0,0,0,0,0,0,0,0.8858345988082126,0.9588285526953602,1.0182958453419222,0.9588285526953602,1.0182958453419222,0,0.0,0,0.0,0.0,96,wg_projected,43
0,19,38,3648,0.7,0.7,0.0,0,0,0,0,0,0,0.9137829572758568,0.9561662734478552,1.0199399294831288,0.9561662734478552,1.0199399294831288,0,0.0,0,0.0,0.0,96,wg_projected,43
0,20,39,3744,0.7,0.7,0.0,0,0,0,0,0,0,0.916638836235017,0.9547457754548984,1.021850828236272,0.9547457754548984,1.021850828236272,0,0.0,0,0.0,0.0,96,wg_projected,43
0,21,43,4128,0.7,0.7,0.0,0,0,0,0,0,0,0.895181497758007,0.9536915930338046,1.0175537228275533,0.9536915930338046,1.0175537228275533,0,0.0,0,0.0,0.0,96,wg_projected,43
0,22,44,4224,0.7,0.7,0.0,0,0,0,0,0,0,0.8885046204880395,0.9575544057597314,1.017089262698997,0.9575544057597314,1.017089262698997,0,0.0,0,0.0,0.0,96,wg_projected,43
0,23,46,4416,0.7,0.7,0.0,0,0,0,0,0,0,0.910554972138054,0.9528283891495049,1.0219046714118274,0.9528283891495049,1.0219046714118274,0,0.0,0,0.0,0.0,96,wg_projected,43
0,24,49,4704,0.7,0.7,0.0,0,0,0,0,0,0,0.9099951019606692,0.9548725377924822,1.018118799225476,0.9548725377924822,1.018118799225476,0,0.0,0,0.0,0.0,96,wg_projected,43
0,25,50,4800,0.7,0.7,0.0,0,0,0,0,0,0,0.8755144640989987,0.957315662643557,1.0218744387495495,0.957315662643557,1.0218744387495495,0,0.0,0,0.0,0.0,96,wg_projected,43
0,26,51,4896,0.7,0.7,0.0,0,0,0,0,0,0,0.9127164678816,0.9544089792588056,1.0183667670755752,0.9544089792588056,1.0183667670755752,0,0.0,0,0.0,0.0,96,wg_projected,43
0,27,53,5088,0.7,0.7,0.0,0,0,0,0,0,0,0.8879805944497008,0.9557989187273156,1.0171263058658389,0.9557989187273156,1.0171263058658389,0,0.0,0,0.0,0.0,96,wg_projected,43
0,28,54,5184,0.7,0.7,0.0,0,0,0,0,0,0,0.8993454086197354,0.953433777399231,1.0179251427833824,0.953433777399231,1.0179251427833824,0,0.0,0,0.0,0.0,96,wg_projected,43
0,29,55,5280,0.7,0.7,0.0,0,0,0,0,0,0,0.9038195289015956,0.9531344713990776,1.0185077469886177,0.9531344713990776,1.0185077469886177,0,0.0,0,0.0,0.0,96,wg_projected,43
0,30,56,5376,0.7,0.7,0.0,0,0,0,0,0,0,0.900513077733579,0.957233280879143,1.0192031583771384,0.957233280879143,1.0192031583771384,0,0.0,0,0.0,0.0,96,wg_projected,43
0,31,57,5472,0.7,0.7,0.0,0,0,0,0,0,0,0.8825597936381913,0.9576845171504952,1.021000921384687,0.9576845171504952,1.021000921384687,0,0.0,0,0.0,0.0,96,wg_projected,43
0,32,59,5664,0.7,0.7,0.0,0,0,0,0,0,0,0.8739573442817924,0.9553281951510594,1.0180883856275478,0.9553281951510594,1.0180883856275478,0,0.0,0,0.0,0.0,96,wg_projected,43
0,33,60,5760,0.7,0.7,0.0,0,0,0,0,0,0,0.9059894183348972,0.9521629419566272,1.0231089043552628,0.9521629419566272,1.0231089043552628,0,0.0,0,0.0,0.0,96,wg_projected,43
0,34,62,5952,0.7,0.7,0.0,0,0,0,0,0,0,0.8933081955731842,0.9525798908346176,1.0171143532729974,0.9525798908346176,1.0171143532729974,0,0.0,0,0.0,0.0,96,wg_projected,43
0,35,65,6240,0.7,0.7,0.0,0,0,0,0,0,0,0.8957217526519288,0.9568987953631092,1.0209581958451353,0.9568987953631092,1.0209581958451353,0,0.0,0,0.0,0.0,96,wg_projected,43
0,36,66,6336,0.7,0.7,0.0,0,0,0,0,0,0,0.9048035080417748,0.9505000423733002,1.0187650625693565,0.9504943215361544,1.0187650625693565,1,0.0104166666666666,0,1.8030458775041392e-06,0.0001730924042403,101,wg_projected,43
0,37,67,6432,0.7,0.7,0.0,0,0,0,0,0,0,0.8932631422778419,0.9559778890711452,1.0267169263750895,0.9559778890711452,1.0267169263750895,0,0.0,0,0.0,0.0,96,wg_projected,43
0,38,68,6528,0.7,0.7,0.0,0,0,0,0,0,0,0.8984577129369363,0.9558631357725732,1.0240856316069535,0.9558631357725732,1.0240856316069535,0,0.0,0,0.0,0.0,96,wg_projected,43
0,39,69,6624,0.7,0.7,0.0,0,0,0,0,0,0,0.900938361847128,0.9553023064629752,1.025754147303771,0.9553023064629752,1.025754147303771,0,0.0,0,0.0,0.0,96,wg_projected,43
0,40,70,6720,0.7,0.7,0.0,0,0,0,0,0,0,0.9112584365705082,0.9552650375516926,1.0177535550352903,0.9552650375516926,1.0177535550352903,0,0.0,0,0.0,0.0,96,wg_projected,43
0,41,71,6816,0.7,0.7,0.0,0,0,0,0,0,0,0.9158404687951008,0.9568740502646358,1.0176544972765569,0.9568740502646358,1.0176544972765569,0,0.0,0,0.0,0.0,96,wg_projected,43
0,42,74,7104,0.7,0.7,0.0,0,0,0,0,0,0,0.9157901068866336,0.9580304266701808,1.0184727111351377,0.9580304266701808,1.0184727111351377,0,0.0,0,0.0,0.0,96,wg_projected,43
0,43,80,7680,0.7,0.7,0.0,0,0,0,0,0,0,0.8693082522242634,0.9529556557398076,1.016505917920033,0.9529556557398076,1.016505917920033,0,0.0,0,0.0,0.0,96,wg_projected,43
0,44,81,7776,0.7,0.7,0.0,0,0,0,0,0,0,0.887375269481409,0.9544146976438438,1.0187651275105742,0.9544146976438438,1.0187651275105742,0,0.0,0,0.0,0.0,96,wg_projected,43
0,45,82,7872,0.7,0.7,0.0,0,0,0,0,0,0,0.909375351619597,0.9527335478047092,1.0204477725468142,0.9527335478047092,1.0204477725468142,0,0.0,0,0.0,0.0,96,wg_projected,43
0,46,84,8064,0.7,0.7,0.0,0,0,0,0,0,0,0.8998589934185904,0.952792950917666,1.023028701410764,0.952792950917666,1.023028701410764,0,0.0,0,0.0,0.0,96,wg_projected,43
0,47,85,8160,0.7,0.7,0.0,0,0,0,0,0,0,0.8906285120505435,0.9595406485180756,1.0238798498144497,0.9595406485180756,1.0238798498144497,0,0.0,0,0.0,0.0,96,wg_projected,43
0,47,86,8256,0.7,0.7,0.0,0,0,0,0,0,0,0.9008091829045528,0.9563625877562894,1.0189410218028996,0.9563625877562894,1.0189410218028996,0,0.0,0,0.0,0.0,96,wg_projected,43
0,48,87,8352,0.7,0.7,0.0,0,0,0,0,0,0,0.9162466449404492,0.9548861848097115,1.0213684161993124,0.9548861848097115,1.0213684161993124,0,0.0,0,0.0,0.0,96,wg_projected,43
0,49,93,8928,0.7,0.7,0.0,0,0,0,0,0,0,0.8908550623463749,0.9550502561534971,1.0175112062944525,0.9550502561534971,1.0175112062944525,0,0.0,0,0.0,0.0,96,wg_projected,43
0,50,94,9024,0.7,0.7,0.0,0,0,0,0,0,0,0.8871629071112113,0.9581583834165588,1.020401019027954,0.9581583834165588,1.020401019027954,0,0.0,0,0.0,0.0,96,wg_projected,43
0,51,95,9120,0.7,0.7,0.0,0,0,0,0,0,0,0.9055002735700524,0.9562096411211656,1.0181920976134051,0.9562096411211656,1.0181920976134051,0,0.0,0,0.0,0.0,96,wg_projected,43
0,52,97,9312,0.7,0.7,0.0,0,0,0,0,0,0,0.8961924591996682,0.9564857063764256,1.0166149792778376,0.9564857063764256,1.0166149792778376,0,0.0,0,0.0,0.0,96,wg_projected,43
0,53,98,9408,0.7,0.7,0.0,0,0,0,0,0,0,0.8831055858485957,0.9533764989871932,1.0167682817502657,0.9533764989871932,1.0167682817502657,0,0.0,0,0.0,0.0,96,wg_projected,43
0,54,101,9696,0.7,0.7,0.0,0,0,0,0,0,0,0.8929152318439959,0.9549710669324708,1.0190613364451064,0.9549710669324708,1.0190613364451064,0,0.0,0,0.0,0.0,96,wg_projected,43
0,55,102,9792,0.7,0.7,0.0,0,0,0,0,0,0,0.9060418771322184,0.9559152675365422,1.026028536981188,0.9559152675365422,1.026028536981188,0,0.0,0,0.0,0.0,96,wg_projected,43
0,56,107,10272,0.7,0.7,0.0,0,0,0,0,0,0,0.8812660563848778,0.9512277798971251,1.017578510225755,0.9512277798971251,1.017578510225755,0,0.0,0,0.0,0.0,96,wg_projected,43
0,57,109,10464,0.7,0.7,0.0,0,0,0,0,0,0,0.8913472217588597,0.9524555060440992,1.0167624978787568,0.9524555060440992,1.0167624978787568,0,0.0,0,0.0,0.0,96,wg_projected,43
0,58,111,10656,0.7,0.7,0.0,0,0,0,0,0,0,0.9055126883599536,0.9522738976802332,1.0179338351247833,0.9522738976802332,1.0179338351247833,0,0.0,0,0.0,0.0,96,wg_projected,43
0,59,114,10944,0.7,0.7,0.0,0,0,0,0,0,0,0.8830129679755953,0.9555952699360238,1.0177357099318227,0.9555952699360238,1.0177357099318227,0,0.0,0,0.0,0.0,96,wg_projected,43
0,60,116,11136,0.7,0.7,0.0,0,0,0,0,0,0,0.9129437771840794,0.9509258787509948,1.018364960069284,0.9509258787509948,1.018364960069284,0,0.0,0,0.0,0.0,96,wg_projected,43
0,61,117,11232,0.7,0.7,0.0,0,0,0,0,0,0,0.9046158914826092,0.9564800512958376,1.0181509226569394,0.9564800512958376,1.0181509226569394,0,0.0,0,0.0,0.0,96,wg_projected,43
0,62,119,11424,0.7,0.7,0.0,0,0,0,0,0,0,0.9058956761153836,0.954858584438254,1.0228735329437282,0.954858584438254,1.0228735329437282,0,0.0,0,0.0,0.0,96,wg_projected,43
0,63,120,11520,0.7,0.7,0.0,0,0,0,0,0,0,0.9056439888001294,0.9535055067140452,1.0235260980889185,0.9535055067140452,1.0235260980889185,0,0.0,0,0.0,0.0,96,wg_projected,43
0,63,122,11712,0.7,0.7,0.0,0,0,0,0,0,0,0.9040932371155342,0.9568863763322468,1.0195304187378418,0.9568863763322468,1.0195304187378418,0,0.0,0,0.0,0.0,96,wg_projected,43
0,64,123,11808,0.7,0.7,0.0,0,0,0,0,0,0,0.8948381873884277,0.9532197764169434,1.016806169054578,0.9532197764169434,1.016806169054578,0,0.0,0,0.0,0.0,96,wg_projected,43
0,65,125,12000,0.7,0.7,0.0,0,0,0,0,0,0,0.9021719676543424,0.9536968860797724,1.0250897186076262,0.9536968860797724,1.0250897186076262,0,0.0,0,0.0,0.0,96,wg_projected,43
0,66,126,12096,0.7,0.7,0.0,0,0,0,0,0,0,0.9086520584552168,0.9532658276101538,1.0183014051379733,0.9532658276101538,1.0183014051379733,0,0.0,0,0.0,0.0,96,wg_projected,43
0,67,128,12288,0.7,0.7,0.0,0,0,0,0,0,0,0.908430578978339,0.9554772588914228,1.0207953907664955,0.9554772588914228,1.0207953907664955,0,0.0,0,0.0,0.0,96,wg_projected,43
0,68,129,12384,0.7,0.7,0.0,0,0,0,0,0,0,0.9222315254178326,0.9517994342226884,1.0202406469965657,0.9517994342226884,1.0202406469965657,0,0.0,0,0.0,0.0,96,wg_projected,43
0,69,131,12576,0.7,0.7,0.0,0,0,0,0,0,0,0.88640372019837,0.9547111875885248,1.0255484913861603,0.9547111875885248,1.0255484913861603,0,0.0,0,0.0,0.0,96,wg_projected,43
0,70,133,12768,0.7,0.7,0.0,0,0,0,0,0,0,0.904551296793683,0.9531248847323276,1.021148406762616,0.9531248847323276,1.021148406762616,0,0.0,0,0.0,0.0,96,wg_projected,43
0,71,134,12864,0.7,0.7,0.0,0,0,0,0,0,0,0.8850905580469899,0.9530446675808558,1.0191111351059656,0.9530446675808558,1.0191111351059656,0,0.0,0,0.0,0.0,96,wg_projected,43
0,72,136,13056,0.7,0.7,0.0,0,0,0,0,0,0,0.9244004133377016,0.956609479752653,1.0245308232034744,0.956609479752653,1.0245308232034744,0,0.0,0,0.0,0.0,96,wg_projected,43
0,73,140,13440,0.7,0.7,0.0,0,0,0,0,0,0,0.884239705158224,0.9543044014954968,1.02062344363485,0.9543044014954968,1.02062344363485,0,0.0,0,0.0,0.0,96,wg_projected,43
0,74,141,13536,0.7,0.7,0.0,0,0,0,0,0,0,0.9019052337522204,0.9531882424168396,1.0176329386805023,0.9531882424168396,1.0176329386805023,0,0.0,0,0.0,0.0,96,wg_projected,43
0,75,142,13632,0.7,0.7,0.0,0,0,0,0,0,0,0.90700304798313,0.9550432236989548,1.0223725097050036,0.9550432236989548,1.0223725097050036,0,0.0,0,0.0,0.0,96,wg_projected,43
0,76,143,13728,0.7,0.7,0.0,0,0,0,0,0,0,0.8978928423836408,0.953077922647557,1.01738043880198,0.953077922647557,1.01738043880198,0,0.0,0,0.0,0.0,96,wg_projected,43
0,77,145,13920,0.7,0.7,0.0,0,0,0,0,0,0,0.8944958296738015,0.9587340495934176,1.0222884382316757,0.9587340495934176,1.0222884382316757,0,0.0,0,0.0,0.0,96,wg_projected,43
0,78,148,14208,0.7,0.7,0.0,0,0,0,0,0,0,0.9005007327820871,0.9523298226071027,1.0158124046272754,0.9523298226071027,1.0158124046272754,0,0.0,0,0.0,0.0,96,wg_projected,43
0,79,149,14304,0.7,0.7,0.0,0,0,0,0,0,0,0.9100878233625628,0.9515404958221204,1.0206390659379694,0.9515404958221204,1.0206390659379694,0,0.0,0,0.0,0.0,96,wg_projected,43
0,80,151,14496,0.7,0.7,0.0,0,0,0,0,0,0,0.9137657398078488,0.9552915375951264,1.0168711108711783,0.9552915375951264,1.0168711108711783,0,0.0,0,0.0,0.0,96,wg_projected,43
0,81,152,14592,0.7,0.7,0.0,0,0,0,0,0,0,0.8939616535830965,0.9558524432323726,1.0198659615851935,0.9558524432323726,1.0198659615851935,0,0.0,0,0.0,0.0,96,wg_projected,43
0,82,154,14784,0.7,0.7,0.0,0,0,0,0,0,0,0.8884947215489487,0.9550289947348604,1.0203078571434383,0.9550289947348604,1.0203078571434383,0,0.0,0,0.0,0.0,96,wg_projected,43
0,83,156,14976,0.7,0.7,0.0,0,0,0,0,0,0,0.9221854239289936,0.9522514300093378,1.0254612789190891,0.9522514300093378,1.0254612789190891,0,0.0,0,0.0,0.0,96,wg_projected,43
0,84,157,15072,0.7,0.7,0.0,0,0,0,0,0,0,0.8997502758272856,0.9550211876493684,1.0227787688738184,0.9550211876493684,1.0227787688738184,0,0.0,0,0.0,0.0,96,wg_projected,43
0,85,166,15936,0.7,0.7,0.0,0,0,0,0,0,0,0.893319478449216,0.9547809111373512,1.01633156252733,0.9547809111373512,1.01633156252733,0,0.0,0,0.0,0.0,96,wg_projected,43
0,87,168,16128,0.7,0.7,0.0,0,0,0,0,0,0,0.9052110158127964,0.9546123670480704,1.0174023596819963,0.9546123670480704,1.0174023596819963,0,0.0,0,0.0,0.0,96,wg_projected,43
0,86,169,16224,0.7,0.7,0.0,0,0,0,0,0,0,0.9011177229719352,0.9558685617496796,1.0192611725534584,0.9558685617496796,1.0192611725534584,0,0.0,0,0.0,0.0,96,wg_projected,43
0,87,171,16416,0.7,0.7,0.0,0,0,0,0,0,0,0.8951761703957698,0.9541526693242258,1.0185702284879756,0.9541526693242258,1.0185702284879756,0,0.0,0,0.0,0.0,96,wg_projected,43
0,88,172,16512,0.7,0.7,0.0,0,0,0,0,0,0,0.8965105682536431,0.9510975615261068,1.0182297887783427,0.9510975615261068,1.0182297887783427,0,0.0,0,0.0,0.0,96,wg_projected,43
0,89,173,16608,0.7,0.7,0.0,0,0,0,0,0,0,0.9071928915918864,0.9535820862628502,1.0195994239579442,0.9535820862628502,1.0195994239579442,0,0.0,0,0.0,0.0,96,wg_projected,43
0,90,175,16800,0.7,0.7,0.0,0,0,0,0,0,0,0.8993214882584964,0.9543294767427176,1.020207068910511,0.9543294767427176,1.020207068910511,0,0.0,0,0.0,0.0,96,wg_projected,43
0,91,176,16896,0.7,0.7,0.0,0,0,0,0,0,0,0.9150090967993952,0.9555118197566712,1.0174898744836105,0.9555118197566712,1.0174898744836105,0,0.0,0,0.0,0.0,96,wg_projected,43
0,92,178,17088,0.7,0.7,0.0,0,0,0,0,0,0,0.9058946784487776,0.9545532460804776,1.0182574006699825,0.9545532460804776,1.0182574006699825,0,0.0,0,0.0,0.0,96,wg_projected,43
0,93,179,17184,0.7,0.7,0.0,0,0,0,0,0,0,0.9201227237047114,0.9528922360551092,1.0187708951226675,0.9528922360551092,1.0187708951226675,0,0.0,0,0.0,0.0,96,wg_projected,43
0,94,181,17376,0.7,0.7,0.0,0,0,0,0,0,0,0.9053556301994669,0.9544997513168556,1.0199555299781224,0.9544997513168556,1.0199555299781224,0,0.0,0,0.0,0.0,96,wg_projected,43
0,95,183,17568,0.7,0.7,0.0,0,0,0,0,0,0,0.9061550730409564,0.9536036528785105,1.0219290312742495,0.9536036528785105,1.0219290312742495,0,0.0,0,0.0,0.0,96,wg_projected,43
0,96,184,17664,0.7,0.7,0.0,0,0,0,0,0,0,0.9091415520203344,0.9560117341153924,1.0168165850205628,0.9560117341153924,1.0168165850205628,0,0.0,0,0.0,0.0,96,wg_projected,43
0,97,187,17952,0.7,0.7,0.0,0,0,0,0,0,0,0.9051514318369092,0.951302672643907,1.0222129756000016,0.951302672643907,1.0222129756000016,0,0.0,0,0.0,0.0,96,wg_projected,43
0,100,190,18240,0.7,0.7,0.0,0,0,0,0,0,0,0.8938042871686379,0.9564083037452156,1.0159918113143154,0.9564083037452156,1.0159918113143154,0,0.0,0,0.0,0.0,96,wg_projected,43
0,98,192,18432,0.7,0.7,0.0,0,0,0,0,0,0,0.9180801025664108,0.9530395469376636,1.0181130447827098,0.9530395469376636,1.0181130447827098,0,0.0,0,0.0,0.0,96,wg_projected,43
0,99,193,18528,0.7,0.7,0.0,0,0,0,0,0,0,0.9059831158298756,0.953213504576791,1.0193229326695037,0.953213504576791,1.0193229326695037,0,0.0,0,0.0,0.0,96,wg_projected,43
0,100,197,18912,0.7,0.7,0.0,0,0,0,0,0,0,0.8957432580057185,0.954107740689082,1.01984535168531,0.954107740689082,1.01984535168531,0,0.0,0,0.0,0.0,96,wg_projected,43
0,101,201,19296,0.7,0.7,0.0,0,0,0,0,0,0,0.8963636510675382,0.9537451510693036,1.0254194351156642,0.9537451510693036,1.0254194351156642,0,0.0,0,0.0,0.0,96,wg_projected,43
0,102,205,19680,0.7,0.7,0.0,0,0,0,0,0,0,0.8895848114243169,0.9557005191421932,1.0191403436995503,0.9557005191421932,1.0191403436995503,0,0.0,0,0.0,0.0,96,wg_projected,43
0,103,207,19872,0.7,0.7,0.0,0,0,0,0,0,0,0.9082614625917522,0.9505001408987296,1.01799050359982,0.9472902591305108,1.01799050359982,1,0.0104166666666666,0,0.0010413338041345,0.0999680451969206,106,wg_projected,43
0,104,210,20160,0.7,0.7,0.0,0,0,0,0,0,0,0.8856618493580262,0.95050000031423,1.0160547942674163,0.9493126203327426,1.0160547942674163,1,0.0104166666666666,0,0.0003801442839072,0.0364938512551007,111,wg_projected,43
0,105,212,20352,0.7,0.7,0.0,0,0,0,0,0,0,0.9086971714265648,0.9517206624907212,1.023164790606436,0.9517206624907212,1.023164790606436,0,0.0,0,0.0,0.0,96,wg_projected,43
0,106,213,20448,0.7,0.7,0.0,0,0,0,0,0,0,0.9018078585090418,0.9545452589023012,1.0256129317942049,0.9545452589023012,1.0256129317942049,0,0.0,0,0.0,0.0,96,wg_projected,43
0,107,216,20736,0.7,0.7,0.0,0,0,0,0,0,0,0.8816860013311554,0.9549867212540196,1.0205242743783145,0.9549867212540196,1.0205242743783145,0,0.0,0,0.0,0.0,96,wg_projected,43
0,108,219,21024,0.7,0.7,0.0,0,0,0,0,0,0,0.92124317937535,0.9527126759066676,1.0212729036283292,0.9527126759066676,1.0212729036283292,0,0.0,0,0.0,0.0,96,wg_projected,43
0,109,220,21120,0.7,0.7,0.0,0,0,0,0,0,0,0.9140725042101716,0.9561526684127928,1.0167725577656763,0.9561526684127928,1.0167725577656763,0,0.0,0,0.0,0.0,96,wg_projected,43
0,110,226,21696,0.7,0.7,0.0,0,0,0,0,0,0,0.8977458429997126,0.9534579217080704,1.0194574754771324,0.9534579217080704,1.0194574754771324,0,0.0,0,0.0,0.0,96,wg_projected,43
0,114,228,21888,0.7,0.7,0.0,0,0,0,0,0,0,0.9192374514850564,0.9577793041108276,1.0221694983140084,0.9577793041108276,1.0221694983140084,0,0.0,0,0.0,0.0,96,wg_projected,43
0,111,230,22080,0.7,0.7,0.0,0,0,0,0,0,0,0.900950512426946,0.9555085370849512,1.020388895052729,0.9555085370849512,1.020388895052729,0,0.0,0,0.0,0.0,96,wg_projected,43
0,112,231,22176,0.7,0.7,0.0,0,0,0,0,0,0,0.8949323837179411,0.9565759656064772,1.021871403323276,0.9565759656064772,1.021871403323276,0,0.0,0,0.0,0.0,96,wg_projected,43
0,113,232,22272,0.7,0.7,0.0,0,0,0,0,0,0,0.894322498902329,0.956716345701366,1.0173790417325357,0.956716345701366,1.0173790417325357,0,0.0,0,0.0,0.0,96,wg_projected,43
0,114,234,22464,0.7,0.7,0.0,0,0,0,0,0,0,0.9026605650545904,0.955161398840722,1.0239665628392798,0.955161398840722,1.0239665628392798,0,0.0,0,0.0,0.0,96,wg_projected,43
0,115,235,22560,0.7,0.7,0.0,0,0,0,0,0,0,0.9150472867233372,0.953081721112646,1.0202731567653964,0.953081721112646,1.0202731567653964,0,0.0,0,0.0,0.0,96,wg_projected,43
0,116,236,22656,0.7,0.7,0.0,0,0,0,0,0,0,0.9088557575538224,0.9564120538036388,1.0178235243103753,0.9564120538036388,1.0178235243103753,0,0.0,0,0.0,0.0,96,wg_projected,43
0,117,239,22944,0.7,0.7,0.0,0,0,0,0,0,0,0.894891862777229,0.9544377364047356,1.020575868944661,0.9544377364047356,1.020575868944661,0,0.0,0,0.0,0.0,96,wg_projected,43
0,118,240,23040,0.7,0.7,0.0,0,0,0,0,0,0,0.8994885739949546,0.954865855332548,1.019207333024957,0.954865855332548,1.019207333024957,0,0.0,0,0.0,0.0,96,wg_projected,43
0,123,241,23136,0.7,0.7,0.0,0,0,0,0,0,0,0.8958588112507773,0.9539189065010248,1.018076463324504,0.9539189065010248,1.018076463324504,0,0.0,0,0.0,0.0,96,wg_projected,43
0,119,244,23424,0.7,0.7,0.0,0,0,0,0,0,0,0.9076376864213132,0.955253252992738,1.0193186409993504,0.955253252992738,1.0193186409993504,0,0.0,0,0.0,0.0,96,wg_projected,43
0,120,245,23520,0.7,0.7,0.0,0,0,0,0,0,0,0.8929096127159454,0.9548872619482024,1.019066753064565,0.9548872619482024,1.019066753064565,0,0.0,0,0.0,0.0,96,wg_projected,43
0,121,248,23808,0.7,0.7,0.0,0,0,0,0,0,0,0.9081550396965152,0.9559339096854096,1.0206334196297298,0.9559339096854096,1.0206334196297298,0,0.0,0,0.0,0.0,96,wg_projected,43
0,122,251,24096,0.7,0.7,0.0,0,0,0,0,0,0,0.8903987601213573,0.954299344616492,1.0210183553027958,0.954299344616492,1.0210183553027958,0,0.0,0,0.0,0.0,96,wg_projected,43
0,123,253,24288,0.7,0.7,0.0,0,0,0,0,0,0,0.8931370678664176,0.9547597010885416,1.0227783433313062,0.9547597010885416,1.0227783433313062,0,0.0,0,0.0,0.0,96,wg_projected,43
0,124,254,24384,0.7,0.7,0.0,0,0,0,0,0,0,0.8970297839238097,0.9566734051945144,1.0182075699277915,0.9566734051945144,1.0182075699277915,0,0.0,0,0.0,0.0,96,wg_projected,43
0,125,257,24672,0.7,0.7,0.0,0,0,0,0,0,0,0.8802898913427563,0.9577448203152265,1.0239258841117185,0.9577448203152265,1.0239258841117185,0,0.0,0,0.0,0.0,96,wg_projected,43
0,126,259,24864,0.7,0.7,0.0,0,0,0,0,0,0,0.8903833253994896,0.9584730203042638,1.0206004614501518,0.9584730203042638,1.0206004614501518,0,0.0,0,0.0,0.0,96,wg_projected,43
0,127,261,25056,0.7,0.7,0.0,0,0,0,0,0,0,0.9138324159725508,0.9534877878333078,1.021033619016858,0.9534877878333078,1.021033619016858,0,0.0,0,0.0,0.0,96,wg_projected,43
0,128,266,25536,0.7,0.7,0.0,0,0,0,0,0,0,0.899002168018574,0.952901325573698,1.017944893716259,0.952901325573698,1.017944893716259,0,0.0,0,0.0,0.0,96,wg_projected,43
0,129,267,25632,0.7,0.7,0.0,0,0,0,0,0,0,0.9004186636325224,0.9553730397351712,1.020427939546099,0.9553730397351712,1.020427939546099,0,0.0,0,0.0,0.0,96,wg_projected,43
0,130,268,25728,0.7,0.7,0.0,0,0,0,0,0,0,0.8955528605973002,0.955905209983652,1.0164099623432616,0.955905209983652,1.0164099623432616,0,0.0,0,0.0,0.0,96,wg_projected,43
0,131,269,25824,0.7,0.7,0.0,0,0,0,0,0,0,0.9141319095865784,0.9550879670178049,1.0252149153014052,0.9550879670178049,1.0252149153014052,0,0.0,0,0.0,0.0,96,wg_projected,43
0,132,271,26016,0.7,0.7,0.0,0,0,0,0,0,0,0.9048371936322168,0.9514093999036448,1.0177397346424473,0.9514093999036448,1.0177397346424473,0,0.0,0,0.0,0.0,96,wg_projected,43
0,133,272,26112,0.7,0.7,0.0,0,0,0,0,0,0,0.9086326931337256,0.9572406432931064,1.018459894445239,0.9572406432931064,1.018459894445239,0,0.0,0,0.0,0.0,96,wg_projected,43
0,134,273,26208,0.7,0.7,0.0,0,0,0,0,0,0,0.9054635498765244,0.9505001298011594,1.017963729079912,0.947331993452454,1.017963729079912,1,0.0104166666666666,0,0.0010039066333544,0.0963750368020297,106,wg_projected,43
0,135,275,26400,0.7,0.7,0.0,0,0,0,0,0,0,0.8753034604004019,0.9568370856154226,1.0233253580994213,0.9568370856154226,1.0233253580994213,0,0.0,0,0.0,0.0,96,wg_projected,43
0,136,276,26496,0.7,0.7,0.0,0,0,0,0,0,0,0.9080684395193864,0.9524691253885288,1.0212089749767306,0.9524691253885288,1.0212089749767306,0,0.0,0,0.0,0.0,96,wg_projected,43
0,142,278,26688,0.7,0.7,0.0,0,0,0,0,0,0,0.8911065811760382,0.955332408823356,1.0187992298406292,0.955332408823356,1.0187992298406292,0,0.0,0,0.0,0.0,96,wg_projected,43
0,143,280,26880,0.7,0.7,0.0,0,0,0,0,0,0,0.8921968412749449,0.9532493982804112,1.0174284333829808,0.9532493982804112,1.0174284333829808,0,0.0,0,0.0,0.0,96,wg_projected,43
0,144,281,26976,0.7,0.7,0.0,0,0,0,0,0,0,0.868395254894287,0.9569266284754464,1.017843107218941,0.9569266284754464,1.017843107218941,0,0.0,0,0.0,0.0,96,wg_projected,43
0,137,282,27072,0.7,0.7,0.0,0,0,0,0,0,0,0.8941962670328018,0.9577181940530278,1.0217486705450438,0.9577181940530278,1.0217486705450438,0,0.0,0,0.0,0.0,96,wg_projected,43
0,138,283,27168,0.7,0.7,0.0,0,0,0,0,0,0,0.8865100381830305,0.9573852986223144,1.0271157175590933,0.9573852986223144,1.0271157175590933,0,0.0,0,0.0,0.0,96,wg_projected,43
0,139,284,27264,0.7,0.7,0.0,0,0,0,0,0,0,0.9148033662493048,0.9545261709291488,1.0192932153359469,0.9545261709291488,1.0192932153359469,0,0.0,0,0.0,0.0,96,wg_projected,43
0,140,285,27360,0.7,0.7,0.0,0,0,0,0,0,0,0.9156133603765748,0.9565177605749196,1.0211951426524168,0.9565177605749196,1.0211951426524168,0,0.0,0,0.0,0.0,96,wg_projected,43
0,141,287,27552,0.7,0.7,0.0,0,0,0,0,0,0,0.913857578755512,0.9548790830086232,1.0195954405955856,0.9548790830086232,1.0195954405955856,0,0.0,0,0.0,0.0,96,wg_projected,43
0,142,288,27648,0.7,0.7,0.0,0,0,0,0,0,0,0.8956127936902717,0.95604201598887,1.0206402421002991,0.95604201598887,1.0206402421002991,0,0.0,0,0.0,0.0,96,wg_projected,43
0,143,289,27744,0.7,0.7,0.0,0,0,0,0,0,0,0.8881653446820581,0.9532949884765644,1.015976676983832,0.9532949884765644,1.015976676983832,0,0.0,0,0.0,0.0,96,wg_projected,43
0,144,290,27840,0.7,0.7,0.0,0,0,0,0,0,0,0.9030681739084546,0.9528094232959728,1.024249448530494,0.9528094232959728,1.024249448530494,0,0.0,0,0.0,0.0,96,wg_projected,43
0,153,291,27936,0.7,0.7,0.0,0,0,0,0,0,0,0.9182364988571484,0.953784762105056,1.0177207596205486,0.953784762105056,1.0177207596205486,0,0.0,0,0.0,0.0,96,wg_projected,43
0,145,292,28032,0.7,0.7,0.0,0,0,0,0,0,0,0.8790082830449054,0.955570812060546,1.0177340456339503,0.955570812060546,1.0177340456339503,0,0.0,0,0.0,0.0,96,wg_projected,43
0,146,293,28128,0.7,0.7,0.0,0,0,0,0,0,0,0.9190101312078076,0.9558369809076596,1.020092945885572,0.9558369809076596,1.020092945885572,0,0.0,0,0.0,0.0,96,wg_projected,43
0,147,294,28224,0.7,0.7,0.0,0,0,0,0,0,0,0.8976370368924812,0.954980360144269,1.0192345340549769,0.954980360144269,1.0192345340549769,0,0.0,0,0.0,0.0,96,wg_projected,43
0,148,295,28320,0.7,0.7,0.0,0,0,0,0,0,0,0.8872048805828064,0.9554854357003127,1.018760587800832,0.9554854357003127,1.018760587800832,0,0.0,0,0.0,0.0,96,wg_projected,43
0,149,296,28416,0.7,0.7,0.0,0,0,0,0,0,0,0.8941743752502449,0.9550976110928768,1.0173711944224582,0.9550976110928768,1.0173711944224582,0,0.0,0,0.0,0.0,96,wg_projected,43
0,150,297,28512,0.7,0.7,0.0,0,0,0,0,0,0,0.9114015134114828,0.953258546494511,1.0172298685424612,0.953258546494511,1.0172298685424612,0,0.0,0,0.0,0.0,96,wg_projected,43
0,160,298,28608,0.7,0.7,0.0,0,0,0,0,0,0,0.9047763982945398,0.9593751792717364,1.0232307194178831,0.9593751792717364,1.0232307194178831,0,0.0,0,0.0,0.0,96,wg_projected,43
0,151,299,28704,0.7,0.7,0.0,0,0,0,0,0,0,0.9052235039200344,0.9513861915015864,1.022679508756136,0.9513861915015864,1.022679508756136,0,0.0,0,0.0,0.0,96,wg_projected,43
0,152,300,28800,0.7,0.7,0.0,0,0,0,0,0,0,0.89483067275555,0.9584499287613324,1.0250258747839691,0.9584499287613324,1.0250258747839691,0,0.0,0,0.0,0.0,96,wg_projected,43
0,153,302,28992,0.7,0.7,0.0,0,0,0,0,0,0,0.9072377074467184,0.9581965459232058,1.022629648364221,0.9581965459232058,1.022629648364221,0,0.0,0,0.0,0.0,96,wg_projected,43
0,154,305,29280,0.7,0.7,0.0,0,0,0,0,0,0,0.8989132578786544,0.9543100414436908,1.023206368475973,0.9543100414436908,1.023206368475973,0,0.0,0,0.0,0.0,96,wg_projected,43
0,155,306,29376,0.7,0.7,0.0,0,0,0,0,0,0,0.875264399342391,0.9537406885953856,1.017960913437418,0.9537406885953856,1.017960913437418,0,0.0,0,0.0,0.0,96,wg_projected,43
0,156,307,29472,0.7,0.7,0.0,0,0,0,0,0,0,0.899835959775119,0.9556164425126992,1.017529088918489,0.9556164425126992,1.017529088918489,0,0.0,0,0.0,0.0,96,wg_projected,43
0,157,308,29568,0.7,0.7,0.0,0,0,0,0,0,0,0.8972361161938788,0.951231085031183,1.017982680436243,0.951231085031183,1.017982680436243,0,0.0,0,0.0,0.0,96,wg_projected,43
0,158,312,29952,0.7,0.7,0.0,0,0,0,0,0,0,0.895806183048059,0.9511984635081384,1.0182585681183591,0.9511984635081384,1.0182585681183591,0,0.0,0,0.0,0.0,96,wg_projected,43
0,159,315,30240,0.7,0.7,0.0,0,0,0,0,0,0,0.9167456318616072,0.9557448696654296,1.0231831360486523,0.9557448696654296,1.0231831360486523,0,0.0,0,0.0,0.0,96,wg_projected,43
0,160,317,30432,0.7,0.7,0.0,0,0,0,0,0,0,0.913770092758817,0.95208265254309,1.0171112795699362,0.95208265254309,1.0171112795699362,0,0.0,0,0.0,0.0,96,wg_projected,43
0,161,319,30624,0.7,0.7,0.0,0,0,0,0,0,0,0.904324549781318,0.9505011794434376,1.0245439541001455,0.9499625734346786,1.0245439541001455,1,0.0104166666666666,0,0.0001709316436758,0.0164094377928843,101,wg_projected,43
0,162,321,30816,0.7,0.7,0.0,0,0,0,0,0,0,0.9017513558777436,0.954615549524894,1.0231837726201252,0.954615549524894,1.0231837726201252,0,0.0,0,0.0,0.0,96,wg_projected,43
0,173,322,30912,0.7,0.7,0.0,0,0,0,0,0,0,0.8908771569532355,0.953686010724032,1.016635733745946,0.953686010724032,1.016635733745946,0,0.0,0,0.0,0.0,96,wg_projected,43
0,163,326,31296,0.7,0.7,0.0,0,0,0,0,0,0,0.9036330928945292,0.9505000482474204,1.0162634515563953,0.9481870247611308,1.0162634515563953,1,0.0104166666666666,0,0.000743835713804,0.0714082285251882,106,wg_projected,43
0,164,329,31584,0.7,0.7,0.0,0,0,0,0,0,0,0.9105322178185212,0.95512090905559,1.0189456959076113,0.95512090905559,1.0189456959076113,0,0.0,0,0.0,0.0,96,wg_projected,43
0,165,331,31776,0.7,0.7,0.0,0,0,0,0,0,0,0.9313324649910666,0.9571215814316552,1.0193293693649204,0.9571215814316552,1.0193293693649204,0,0.0,0,0.0,0.0,96,wg_projected,43
0,166,332,31872,0.7,0.7,0.0,0,0,0,0,0,0,0.8959805577833229,0.9513123208251804,1.0227268587219127,0.9513123208251804,1.0227268587219127,0,0.0,0,0.0,0.0,96,wg_projected,43
0,167,333,31968,0.7,0.7,0.0,0,0,0,0,0,0,0.8814897336144067,0.9574718996984344,1.0178248469200837,0.9574718996984344,1.0178248469200837,0,0.0,0,0.0,0.0,96,wg_projected,43
0,168,335,32160,0.7,0.7,0.0,0,0,0,0,0,0,0.8946510726062507,0.9545470239813716,1.0192192157705398,0.9545470239813716,1.0192192157705398,0,0.0,0,0.0,0.0,96,wg_projected,43
0,169,336,32256,0.7,0.7,0.0,0,0,0,0,0,0,0.9158257566065326,0.950749371377113,1.0169671507990856,0.950749371377113,1.0169671507990856,0,0.0,0,0.0,0.0,96,wg_projected,43
0,170,337,32352,0.7,0.7,0.0,0,0,0,0,0,0,0.9070960101710664,0.9582110565156448,1.021257612090928,0.9582110565156448,1.021257612090928,0,0.0,0,0.0,0.0,96,wg_projected,43
0,171,338,32448,0.7,0.7,0.0,0,0,0,0,0,0,0.909390871187024,0.9542595942183452,1.0178917488234995,0.9542595942183452,1.0178917488234995,0,0.0,0,0.0,0.0,96,wg_projected,43
0,172,339,32544,0.7,0.7,0.0,0,0,0,0,0,0,0.9177891378280818,0.95562041575195,1.0254666630769969,0.95562041575195,1.0254666630769969,0,0.0,0,0.0,0.0,96,wg_projected,43
0,173,341,32736,0.7,0.7,0.0,0,0,0,0,0,0,0.8818266414475883,0.9546833851223132,1.0194033722169735,0.9546833851223132,1.0194033722169735,0,0.0,0,0.0,0.0,96,wg_projected,43
0,174,342,32832,0.7,0.7,0.0,0,0,0,0,0,0,0.9001080504131029,0.9505013684328864,1.020206810187536,0.9501969407102492,1.020206810187536,1,0.0104166666666666,0,9.508248941657092e-05,0.0091279189839908,101,wg_projected,43
0,175,345,33120,0.7,0.7,0.0,0,0,0,0,0,0,0.8815729433078778,0.9505000003192352,1.0236269514607423,0.9496304846995776,1.0236269514607423,1,0.0104166666666666,0,0.000275794578956,0.0264762795797799,111,wg_projected,43
0,176,347,33312,0.7,0.7,0.0,0,0,0,0,0,0,0.9080428079454704,0.9520849184537544,1.02454898291803,0.9520849184537544,1.02454898291803,0,0.0,0,0.0,0.0,96,wg_projected,43
0,177,348,33408,0.7,0.7,0.0,0,0,0,0,0,0,0.8873063825324736,0.953373249360474,1.0186798109538102,0.953373249360474,1.0186798109538102,0,0.0,0,0.0,0.0,96,wg_projected,43
0,178,349,33504,0.7,0.7,0.0,0,0,0,0,0,0,0.9111077393887208,0.950500000394214,1.0201289210971285,0.9493524854966534,1.0201289210971285,1,0.0104166666666666,0,0.0003649143101891,0.0350317737781597,111,wg_projected,43
0,179,351,33696,0.7,0.7,0.0,0,0,0,0,0,0,0.8945636203167495,0.9564256080089976,1.019271605717451,0.9564256080089976,1.019271605717451,0,0.0,0,0.0,0.0,96,wg_projected,43
0,191,352,33792,0.7,0.7,0.0,0,0,0,0,0,0,0.9165778056200806,0.9573680528412928,1.021821673529086,0.9573680528412928,1.021821673529086,0,0.0,0,0.0,0.0,96,wg_projected,43
0,180,354,33984,0.7,0.7,0.0,0,0,0,0,0,0,0.9073312656085124,0.9548146840843554,1.0186108099477378,0.9548146840843554,1.0186108099477378,0,0.0,0,0.0,0.0,96,wg_projected,43
0,181,355,34080,0.7,0.7,0.0,0,0,0,0,0,0,0.938049559588826,0.9543733098017324,1.0267146325351395,0.9543733098017324,1.0267146325351395,0,0.0,0,0.0,0.0,96,wg_projected,43
0,182,356,34176,0.7,0.7,0.0,0,0,0,0,0,0,0.9024858601510504,0.9580012316579396,1.024264722927434,0.9580012316579396,1.024264722927434,0,0.0,0,0.0,0.0,96,wg_projected,43
0,183,361,34656,0.7,0.7,0.0,0,0,0,0,0,0,0.9009278699494772,0.9574105251742688,1.0198170908738493,0.9574105251742688,1.0198170908738493,0,0.0,0,0.0,0.0,96,wg_projected,43
0,196,362,34752,0.7,0.7,0.0,0,0,0,0,0,0,0.9005614366059883,0.9562095790234612,1.0221866486732187,0.9562095790234612,1.0221866486732187,0,0.0,0,0.0,0.0,96,wg_projected,43
0,184,364,34944,0.7,0.7,0.0,0,0,0,0,0,0,0.8962637506633605,0.9513700338322614,1.0171479171298357,0.9513700338322614,1.0171479171298357,0,0.0,0,0.0,0.0,96,wg_projected,43
0,198,366,35136,0.7,0.7,0.0,0,0,0,0,0,0,0.9012942530029642,0.9518839384857544,1.021624135197446,0.9518839384857544,1.021624135197446,0,0.0,0,0.0,0.0,96,wg_projected,43
0,185,367,35232,0.7,0.7,0.0,0,0,0,0,0,0,0.8995706656364698,0.953308192284768,1.017325733033146,0.953308192284768,1.017325733033146,0,0.0,0,0.0,0.0,96,wg_projected,43
0,1,2,192,0.7,0.7,0.0,0,0,0,0,0,0,0.8395277800783487,0.9505000434359252,1.0321205823758322,0.94803760067668,1.0321205823758322,2,0.0208333333333333,0,0.0009151887283401,0.0715141687620768,111,wg_projected,44
0,2,4,384,0.7,0.7,0.0,0,0,0,0,0,0,0.8311654935920104,0.9536703579375568,1.0260201373937097,0.9536703579375568,1.0260201373937097,0,0.0,0,0.0,0.0,96,wg_projected,44
0,3,6,576,0.7,0.7,0.0,0,0,0,0,0,0,0.8527008987222081,0.952012638994968,1.0279785538666724,0.952012638994968,1.0279785538666724,0,0.0,0,0.0,0.0,96,wg_projected,44
0,4,7,672,0.7,0.7,0.0,0,0,0,0,0,0,0.8530976292232471,0.9517563115985084,1.0313971683113288,0.9517563115985084,1.0313971683113288,0,0.0,0,0.0,0.0,96,wg_projected,44
0,5,10,960,0.7,0.7,0.0,0,0,0,0,0,0,0.8296865840984778,0.9527304833027094,1.0233590614990915,0.9527304833027094,1.0233590614990915,0,0.0,0,0.0,0.0,96,wg_projected,44
0,6,13,1248,0.7,0.7,0.0,0,0,0,0,0,0,0.8528681086676819,0.9505008850044332,1.0334879519704658,0.949815795924112,1.0334879519704658,1,0.0104166666666666,0,0.0002027641971924,0.0194653629304748,101,wg_projected,44
0,7,16,1536,0.7,0.7,0.0,0,0,0,0,0,0,0.8528828170832459,0.9505010017202024,1.0340125147252888,0.9500741241814308,1.0340125147252888,3,0.03125,0,0.0002566013790765,0.0121725721196675,111,wg_projected,44
0,8,17,1632,0.7,0.7,0.0,0,0,0,0,0,0,0.8355497622731495,0.9553001388898962,1.0329290108492322,0.9553001388898962,1.0329290108492322,0,0.0,0,0.0,0.0,96,wg_projected,44
0,9,20,1920,0.7,0.7,0.0,0,0,0,0,0,0,0.8224099885482464,0.952720041664579,1.0300137805063134,0.952720041664579,1.0300137805063134,0,0.0,0,0.0,0.0,96,wg_projected,44
0,10,22,2112,0.7,0.7,0.0,0,0,0,0,0,0,0.8467039519889373,0.9542496264194288,1.036468500720416,0.9542496264194288,1.036468500720416,0,0.0,0,0.0,0.0,96,wg_projected,44
0,11,23,2208,0.7,0.7,0.0,0,0,0,0,0,0,0.8293615555928928,0.9535357049588824,1.03098229577185,0.9535357049588824,1.03098229577185,0,0.0,0,0.0,0.0,96,wg_projected,44
0,12,25,2400,0.7,0.7,0.0,0,0,0,0,0,0,0.8221166845780593,0.953552777444074,1.0263415734715675,0.953552777444074,1.0263415734715675,0,0.0,0,0.0,0.0,96,wg_projected,44
0,13,26,2496,0.7,0.7,0.0,0,0,0,0,0,0,0.8455904049131111,0.9537936820304476,1.03117413334625,0.9537936820304476,1.03117413334625,0,0.0,0,0.0,0.0,96,wg_projected,44
0,14,29,2784,0.7,0.7,0.0,0,0,0,0,0,0,0.8396651307529545,0.9523941606341048,1.024212729627432,0.9523941606341048,1.024212729627432,0,0.0,0,0.0,0.0,96,wg_projected,44
0,15,30,2880,0.7,0.7,0.0,0,0,0,0,0,0,0.8360391653691032,0.9520729566721816,1.028195244834212,0.9520729566721816,1.028195244834212,0,0.0,0,0.0,0.0,96,wg_projected,44
0,16,31,2976,0.7,0.7,0.0,0,0,0,0,0,0,0.8213022608221473,0.9512326413130118,1.0277109951447514,0.9512326413130118,1.0277109951447514,0,0.0,0,0.0,0.0,96,wg_projected,44
0,17,34,3264,0.7,0.7,0.0,0,0,0,0,0,0,0.8417846295600542,0.95050140674121,1.0313090727926306,0.9500926409674628,1.0313090727926306,1,0.0104166666666666,0,0.0001293497227371,0.0124175733827622,101,wg_projected,44
0,18,37,3552,0.7,0.7,0.0,0,0,0,0,0,0,0.8254261869228425,0.9567886627188544,1.0258513172295614,0.9567886627188544,1.0258513172295614,0,0.0,0,0.0,0.0,96,wg_projected,44
0,19,38,3648,0.7,0.7,0.0,0,0,0,0,0,0,0.8521957808439143,0.9536965364299278,1.028276310299605,0.9536965364299278,1.028276310299605,0,0.0,0,0.0,0.0,96,wg_projected,44
0,20,39,3744,0.7,0.7,0.0,0,0,0,0,0,0,0.852683421098771,0.9524504957176988,1.031070277647762,0.9524504957176988,1.031070277647762,0,0.0,0,0.0,0.0,96,wg_projected,44
0,21,43,4128,0.7,0.7,0.0,0,0,0,0,0,0,0.832882608975439,0.9516035661414176,1.0258419053746128,0.9516035661414176,1.0258419053746128,0,0.0,0,0.0,0.0,96,wg_projected,44
0,22,44,4224,0.7,0.7,0.0,0,0,0,0,0,0,0.8272065314958096,0.9553989678503082,1.0225815729979375,0.9553989678503082,1.0225815729979375,0,0.0,0,0.0,0.0,96,wg_projected,44
0,23,46,4416,0.7,0.7,0.0,0,0,0,0,0,0,0.8487319178633439,0.9505071075618317,1.0296715048651863,0.9505071075618317,1.0296715048651863,0,0.0,0,0.0,0.0,96,wg_projected,44
0,24,49,4704,0.7,0.7,0.0,0,0,0,0,0,0,0.8485089000549777,0.9525216591023524,1.0273957150135535,0.9525216591023524,1.0273957150135535,0,0.0,0,0.0,0.0,96,wg_projected,44
0,25,50,4800,0.7,0.7,0.0,0,0,0,0,0,0,0.8185225265550508,0.9552773351206976,1.0298211233821517,0.9552773351206976,1.0298211233821517,0,0.0,0,0.0,0.0,96,wg_projected,44
0,26,51,4896,0.7,0.7,0.0,0,0,0,0,0,0,0.8503763163229235,0.9520140380781752,1.0265390701794774,0.9520140380781752,1.0265390701794774,0,0.0,0,0.0,0.0,96,wg_projected,44
0,27,53,5088,0.7,0.7,0.0,0,0,0,0,0,0,0.8269118275769817,0.9538929064157556,1.0252852904037102,0.9538929064157556,1.0252852904037102,0,0.0,0,0.0,0.0,96,wg_projected,44
0,28,54,5184,0.7,0.7,0.0,0,0,0,0,0,0,0.8410503683688306,0.950886510615626,1.0274889753197616,0.950886510615626,1.0274889753197616,0,0.0,0,0.0,0.0,96,wg_projected,44
0,29,55,5280,0.7,0.7,0.0,0,0,0,0,0,0,0.8425323755113323,0.9508022613373605,1.0264236799302913,0.9508022613373605,1.0264236799302913,0,0.0,0,0.0,0.0,96,wg_projected,44
0,30,56,5376,0.7,0.7,0.0,0,0,0,0,0,0,0.8372664564322814,0.9550463586734136,1.0260788602379654,0.9550463586734136,1.0260788602379654,0,0.0,0,0.0,0.0,96,wg_projected,44
0,31,57,5472,0.7,0.7,0.0,0,0,0,0,0,0,0.8215615037196973,0.9555748376281212,1.0296716123383605,0.9555748376281212,1.0296716123383605,0,0.0,0,0.0,0.0,96,wg_projected,44
0,32,59,5664,0.7,0.7,0.0,0,0,0,0,0,0,0.8157457482585123,0.9530957092948144,1.0228158545468742,0.9530957092948144,1.0228158545468742,0,0.0,0,0.0,0.0,96,wg_projected,44
0,33,60,5760,0.7,0.7,0.0,0,0,0,0,0,0,0.8430211543112486,0.950500507171418,1.03116307883356,0.9497348854142958,1.03116307883356,1,0.0104166666666666,0,0.000226489678361,0.0217430091226561,101,wg_projected,44
0,34,62,5952,0.7,0.7,0.0,0,0,0,0,0,0,0.8312431508402084,0.9505006280263903,1.0250201510416554,0.9503933805776736,1.0250201510416554,1,0.0104166666666666,0,3.163103794329818e-05,0.0030365796425566,101,wg_projected,44
0,35,65,6240,0.7,0.7,0.0,0,0,0,0,0,0,0.8327699681249716,0.9547921188708728,1.0299665331689616,0.9547921188708728,1.0299665331689616,0,0.0,0,0.0,0.0,96,wg_projected,44
0,36,66,6336,0.7,0.7,0.0,0,0,0,0,0,0,0.8420403764281713,0.9505000023131902,1.0271659819702588,0.9480206646417708,1.0271659819702588,1,0.0104166666666666,0,0.000741636899413,0.0711971423436553,111,wg_projected,44
0,37,67,6432,0.7,0.7,0.0,0,0,0,0,0,0,0.832477090123572,0.9537891592657728,1.0353329993107605,0.9537891592657728,1.0353329993107605,0,0.0,0,0.0,0.0,96,wg_projected,44
0,38,68,6528,0.7,0.7,0.0,0,0,0,0,0,0,0.8368126068584949,0.953644935694956,1.0325157963476768,0.953644935694956,1.0325157963476768,0,0.0,0,0.0,0.0,96,wg_projected,44
0,39,69,6624,0.7,0.7,0.0,0,0,0,0,0,0,0.839905611313949,0.9528260922809498,1.0349963538928852,0.9528260922809498,1.0349963538928852,0,0.0,0,0.0,0.0,96,wg_projected,44
0,40,70,6720,0.7,0.7,0.0,0,0,0,0,0,0,0.8473688976531197,0.9528475860894944,1.025832754919226,0.9528475860894944,1.025832754919226,0,0.0,0,0.0,0.0,96,wg_projected,44
0,41,71,6816,0.7,0.7,0.0,0,0,0,0,0,0,0.852457612060518,0.9546117510820022,1.0256826089602415,0.9546117510820022,1.0256826089602415,0,0.0,0,0.0,0.0,96,wg_projected,44
0,42,74,7104,0.7,0.7,0.0,0,0,0,0,0,0,0.8535810105402687,0.9560128441748318,1.0274823561524151,0.9560128441748318,1.0274823561524151,0,0.0,0,0.0,0.0,96,wg_projected,44
0,43,80,7680,0.7,0.7,0.0,0,0,0,0,0,0,0.8113735690114895,0.95050110544376,1.0241654740992776,0.9502694237009874,1.0241654740992776,1,0.0104166666666666,0,6.856094825743157e-05,0.0065818510327134,101,wg_projected,44
0,44,81,7776,0.7,0.7,0.0,0,0,0,0,0,0,0.8265392043084482,0.95162693876645,1.0267718474037368,0.95162693876645,1.0267718474037368,0,0.0,0,0.0,0.0,96,wg_projected,44
0,45,82,7872,0.7,0.7,0.0,0,0,0,0,0,0,0.8475609440978741,0.9505012464431768,1.0299259779900285,0.9499407525864848,1.0299259779900285,1,0.0104166666666666,0,0.0001659636348345,0.0159325089441183,101,wg_projected,44
0,46,84,8064,0.7,0.7,0.0,0,0,0,0,0,0,0.8378263555222136,0.9505008843459224,1.0313862767238862,0.9498211967782354,1.0313862767238862,1,0.0104166666666666,0,0.0002022966768261,0.0194204809753075,101,wg_projected,44
0,47,85,8160,0.7,0.7,0.0,0,0,0,0,0,0,0.8286445419048736,0.9576546024915856,1.031710108574118,0.9576546024915856,1.031710108574118,0,0.0,0,0.0,0.0,96,wg_projected,44
0,47,86,8256,0.7,0.7,0.0,0,0,0,0,0,0,0.8400874403095464,0.954507577044374,1.0275076242463768,0.954507577044374,1.0275076242463768,0,0.0,0,0.0,0.0,96,wg_projected,44
0,48,87,8352,0.7,0.7,0.0,0,0,0,0,0,0,0.8503760851600347,0.9528257968401432,1.0308518361538326,0.9528257968401432,1.0308518361538326,0,0.0,0,0.0,0.0,96,wg_projected,44
0,49,93,8928,0.7,0.7,0.0,0,0,0,0,0,0,0.8310293047507596,0.9527879026629243,1.0239116018622356,0.9527879026629243,1.0239116018622356,0,0.0,0,0.0,0.0,96,wg_projected,44
0,50,94,9024,0.7,0.7,0.0,0,0,0,0,0,0,0.8271198656442786,0.9560439990545704,1.028701675461723,0.9560439990545704,1.028701675461723,0,0.0,0,0.0,0.0,96,wg_projected,44
0,51,95,9120,0.7,0.7,0.0,0,0,0,0,0,0,0.8436514906915842,0.9538797397140006,1.025938274062781,0.9538797397140006,1.025938274062781,0,0.0,0,0.0,0.0,96,wg_projected,44
0,52,97,9312,0.7,0.7,0.0,0,0,0,0,0,0,0.8353044624744131,0.9540292341347494,1.024257982527668,0.9540292341347494,1.024257982527668,0,0.0,0,0.0,0.0,96,wg_projected,44
0,53,98,9408,0.7,0.7,0.0,0,0,0,0,0,0,0.8221765324585004,0.9507260762344972,1.022081835066534,0.9507260762344972,1.022081835066534,0,0.0,0,0.0,0.0,96,wg_projected,44
0,54,101,9696,0.7,0.7,0.0,0,0,0,0,0,0,0.832963593425313,0.9527135005446846,1.02862076385899,0.9527135005446846,1.02862076385899,0,0.0,0,0.0,0.0,96,wg_projected,44
0,55,102,9792,0.7,0.7,0.0,0,0,0,0,0,0,0.8446344422213335,0.954088724052732,1.0341577248882243,0.954088724052732,1.0341577248882243,0,0.0,0,0.0,0.0,96,wg_projected,44
0,56,107,10272,0.7,0.7,0.0,0,0,0,0,0,0,0.8221797626942546,0.950500001556816,1.0242568541171844,0.9486191786266284,1.0242568541171844,1,0.0104166666666666,0,0.0005600748128075,0.0537671820295213,111,wg_projected,44
0,57,109,10464,0.7,0.7,0.0,0,0,0,0,0,0,0.8337724562465934,0.9505009299878664,1.0243929244028946,0.949822916347914,1.0243929244028946,1,0.0104166666666666,0,0.000200630223405,0.0192605014468889,101,wg_projected,44
0,58,111,10656,0.7,0.7,0.0,0,0,0,0,0,0,0.8448029458882854,0.9505000357554002,1.0250049278438391,0.9496559735919304,1.0250049278438391,1,0.0104166666666666,0,0.0002505283421733,0.024050720848641,101,wg_projected,44
0,59,114,10944,0.7,0.7,0.0,0,0,0,0,0,0,0.8231544738289465,0.953471508454737,1.0260524837649228,0.953471508454737,1.0260524837649228,0,0.0,0,0.0,0.0,96,wg_projected,44
0,60,116,11136,0.7,0.7,0.0,0,0,0,0,0,0,0.8494615151634206,0.9505000022834262,1.0256947604577402,0.948197236425205,1.0256947604577402,1,0.0104166666666666,0,0.0006894074265954,0.0661831129531611,111,wg_projected,44
0,61,117,11232,0.7,0.7,0.0,0,0,0,0,0,0,0.84241916253462,0.9541687073965232,1.0272783355233133,0.9541687073965232,1.0272783355233133,0,0.0,0,0.0,0.0,96,wg_projected,44
0,62,119,11424,0.7,0.7,0.0,0,0,0,0,0,0,0.8434738229033595,0.9528388883562376,1.0307965754365909,0.9528388883562376,1.0307965754365909,0,0.0,0,0.0,0.0,96,wg_projected,44
0,63,120,11520,0.7,0.7,0.0,0,0,0,0,0,0,0.8432541710434277,0.9512214887382044,1.0327955971940026,0.9512214887382044,1.0327955971940026,0,0.0,0,0.0,0.0,96,wg_projected,44
0,63,122,11712,0.7,0.7,0.0,0,0,0,0,0,0,0.8429570146458795,0.9548348034066708,1.0258795322647556,0.9548348034066708,1.0258795322647556,0,0.0,0,0.0,0.0,96,wg_projected,44
0,64,123,11808,0.7,0.7,0.0,0,0,0,0,0,0,0.8359537507272669,0.9506259196029064,1.025883524642374,0.9506259196029064,1.025883524642374,0,0.0,0,0.0,0.0,96,wg_projected,44
0,65,125,12000,0.7,0.7,0.0,0,0,0,0,0,0,0.8414731189802214,0.9510305477441712,1.033704433086778,0.9510305477441712,1.033704433086778,0,0.0,0,0.0,0.0,96,wg_projected,44
0,66,126,12096,0.7,0.7,0.0,0,0,0,0,0,0,0.8471519566725423,0.9509979507262954,1.0273408305408964,0.9509979507262954,1.0273408305408964,0,0.0,0,0.0,0.0,96,wg_projected,44
0,67,128,12288,0.7,0.7,0.0,0,0,0,0,0,0,0.8458984056452563,0.95301475828163,1.0296462598789584,0.95301475828163,1.0296462598789584,0,0.0,0,0.0,0.0,96,wg_projected,44
0,68,129,12384,0.7,0.7,0.0,0,0,0,0,0,0,0.8596399116064343,0.9505000005690076,1.0281578182808804,0.9495111766127524,1.0281578182808804,1,0.0104166666666666,0,0.0002927061959698,0.0280997948131034,111,wg_projected,44
0,69,131,12576,0.7,0.7,0.0,0,0,0,0,0,0,0.8249998368379541,0.9523571671799104,1.0335813991248648,0.9523571671799104,1.0335813991248648,0,0.0,0,0.0,0.0,96,wg_projected,44
0,70,133,12768,0.7,0.7,0.0,0,0,0,0,0,0,0.8455524342915914,0.9510856859844102,1.0298448965883835,0.9510856859844102,1.0298448965883835,0,0.0,0,0.0,0.0,96,wg_projected,44
0,71,134,12864,0.7,0.7,0.0,0,0,0,0,0,0,0.8259573032841442,0.9508640443449736,1.027973719527944,0.9508640443449736,1.027973719527944,0,0.0,0,0.0,0.0,96,wg_projected,44
0,72,136,13056,0.7,0.7,0.0,0,0,0,0,0,0,0.8622867091508536,0.9540061213685382,1.0332194091851123,0.9540061213685382,1.0332194091851123,0,0.0,0,0.0,0.0,96,wg_projected,44
0,73,140,13440,0.7,0.7,0.0,0,0,0,0,0,0,0.8248467434811274,0.9522327870636236,1.0290354364904255,0.9522327870636236,1.0290354364904255,0,0.0,0,0.0,0.0,96,wg_projected,44
0,74,141,13536,0.7,0.7,0.0,0,0,0,0,0,0,0.8376891530297149,0.951046710865698,1.0234853726014448,0.951046710865698,1.0234853726014448,0,0.0,0,0.0,0.0,96,wg_projected,44
0,75,142,13632,0.7,0.7,0.0,0,0,0,0,0,0,0.846768910216175,0.9528747760407534,1.031342517957598,0.9528747760407534,1.031342517957598,0,0.0,0,0.0,0.0,96,wg_projected,44
0,76,143,13728,0.7,0.7,0.0,0,0,0,0,0,0,0.837522570673958,0.9508175460036566,1.0225047484131569,0.9508175460036566,1.0225047484131569,0,0.0,0,0.0,0.0,96,wg_projected,44
0,77,145,13920,0.7,0.7,0.0,0,0,0,0,0,0,0.8336397350118943,0.9567147093809636,1.029541464212566,0.9567147093809636,1.029541464212566,0,0.0,0,0.0,0.0,96,wg_projected,44
0,78,148,14208,0.7,0.7,0.0,0,0,0,0,0,0,0.8395601779369825,0.9505004401390136,1.0219804687769576,0.9497206365058936,1.0219804687769576,1,0.0104166666666666,0,0.0002304217672129,0.0221204896524427,101,wg_projected,44
0,79,149,14304,0.7,0.7,0.0,0,0,0,0,0,0,0.8500741377268735,0.9505000009200584,1.027511365243939,0.949185610747477,1.027511365243939,1,0.0104166666666666,0,0.0003893700282648,0.0373795227134244,111,wg_projected,44
0,80,151,14496,0.7,0.7,0.0,0,0,0,0,0,0,0.8515552417573715,0.9531674887518718,1.0239451653790457,0.9531674887518718,1.0239451653790457,0,0.0,0,0.0,0.0,96,wg_projected,44
0,81,152,14592,0.7,0.7,0.0,0,0,0,0,0,0,0.8333479611305574,0.9540448133840392,1.026495559324473,0.9540448133840392,1.026495559324473,0,0.0,0,0.0,0.0,96,wg_projected,44
0,82,154,14784,0.7,0.7,0.0,0,0,0,0,0,0,0.8284408286889937,0.9528123949425492,1.0285729132706232,0.9528123949425492,1.0285729132706232,0,0.0,0,0.0,0.0,96,wg_projected,44
0,83,156,14976,0.7,0.7,0.0,0,0,0,0,0,0,0.858502714382784,0.950501361251643,1.0342775279325107,0.9502057874776244,1.0342775279325107,1,0.0104166666666666,0,9.32167094693672e-05,0.0089488041090592,101,wg_projected,44
0,84,157,15072,0.7,0.7,0.0,0,0,0,0,0,0,0.8383787866687619,0.9529211097932327,1.0307932170493208,0.9529211097932327,1.0307932170493208,0,0.0,0,0.0,0.0,96,wg_projected,44
0,85,166,15936,0.7,0.7,0.0,0,0,0,0,0,0,0.8320706890021602,0.9522410375717968,1.0246444226240945,0.9522410375717968,1.0246444226240945,0,0.0,0,0.0,0.0,96,wg_projected,44
0,87,168,16128,0.7,0.7,0.0,0,0,0,0,0,0,0.8445791176930673,0.9523138231439278,1.0258462705533504,0.9523138231439278,1.0258462705533504,0,0.0,0,0.0,0.0,96,wg_projected,44
0,86,169,16224,0.7,0.7,0.0,0,0,0,0,0,0,0.8424635266331653,0.9536571109512532,1.026606338046101,0.9536571109512532,1.026606338046101,0,0.0,0,0.0,0.0,96,wg_projected,44
0,87,171,16416,0.7,0.7,0.0,0,0,0,0,0,0,0.835337657287559,0.9518678599053184,1.0282356876531895,0.9518678599053184,1.0282356876531895,0,0.0,0,0.0,0.0,96,wg_projected,44
0,88,172,16512,0.7,0.7,0.0,0,0,0,0,0,0,0.8355351412672571,0.9505000021162427,1.02535119313198,0.9482763314075248,1.02535119313198,1,0.0104166666666666,0,0.0006672482866269,0.0640558355161911,111,wg_projected,44
0,89,173,16608,0.7,0.7,0.0,0,0,0,0,0,0,0.8461384376697213,0.951352080166678,1.028290221714856,0.951352080166678,1.028290221714856,0,0.0,0,0.0,0.0,96,wg_projected,44
0,90,175,16800,0.7,0.7,0.0,0,0,0,0,0,0,0.838116675760891,0.9523603274160608,1.0284206287668327,0.9523603274160608,1.0284206287668327,0,0.0,0,0.0,0.0,96,wg_projected,44
0,91,176,16896,0.7,0.7,0.0,0,0,0,0,0,0,0.8544298056017956,0.95328151866448,1.0235741758915458,0.95328151866448,1.0235741758915458,0,0.0,0,0.0,0.0,96,wg_projected,44
0,92,178,17088,0.7,0.7,0.0,0,0,0,0,0,0,0.845448999563888,0.9525846634158668,1.0266245847276834,0.9525846634158668,1.0266245847276834,0,0.0,0,0.0,0.0,96,wg_projected,44
0,93,179,17184,0.7,0.7,0.0,0,0,0,0,0,0,0.8565708723901458,0.9505012268471053,1.0256384059385564,0.950227522143674,1.0256384059385564,1,0.0104166666666666,0,8.04135218094255e-05,0.0077196980937048,101,wg_projected,44
0,94,181,17376,0.7,0.7,0.0,0,0,0,0,0,0,0.8447406104110311,0.9522915305476825,1.028927558130141,0.9522915305476825,1.028927558130141,0,0.0,0,0.0,0.0,96,wg_projected,44
0,95,183,17568,0.7,0.7,0.0,0,0,0,0,0,0,0.8446035528217071,0.9513846983092124,1.0307313519181245,0.9513846983092124,1.0307313519181245,0,0.0,0,0.0,0.0,96,wg_projected,44
0,96,184,17664,0.7,0.7,0.0,0,0,0,0,0,0,0.8445071846073864,0.9534627251174072,1.0255940999586484,0.9534627251174072,1.0255940999586484,0,0.0,0,0.0,0.0,96,wg_projected,44
0,97,187,17952,0.7,0.7,0.0,0,0,0,0,0,0,0.844307580746287,0.9505000014323935,1.028555222689727,0.9487683747287088,1.028555222689727,1,0.0104166666666666,0,0.0005164241763899,0.0495767209334343,111,wg_projected,44
0,100,190,18240,0.7,0.7,0.0,0,0,0,0,0,0,0.8315120399784897,0.9544081094961938,1.0212781772602126,0.9544081094961938,1.0212781772602126,0,0.0,0,0.0,0.0,96,wg_projected,44
0,98,192,18432,0.7,0.7,0.0,0,0,0,0,0,0,0.8540706411554451,0.950803478046781,1.0256089425844797,0.950803478046781,1.0256089425844797,0,0.0,0,0.0,0.0,96,wg_projected,44
0,99,193,18528,0.7,0.7,0.0,0,0,0,0,0,0,0.8447531870599215,0.9509816468006766,1.0277430215289778,0.9509816468006766,1.0277430215289778,0,0.0,0,0.0,0.0,96,wg_projected,44
0,100,197,18912,0.7,0.7,0.0,0,0,0,0,0,0,0.8349197785691349,0.9521591803524015,1.027670000095197,0.9521591803524015,1.027670000095197,0,0.0,0,0.0,0.0,96,wg_projected,44
0,101,201,19296,0.7,0.7,0.0,0,0,0,0,0,0,0.8358165639312859,0.9517408514712146,1.0345462942527053,0.9517408514712146,1.0345462942527053,0,0.0,0,0.0,0.0,96,wg_projected,44
0,102,205,19680,0.7,0.7,0.0,0,0,0,0,0,0,0.8285012479661737,0.9531652046158904,1.0281178296335634,0.9531652046158904,1.0281178296335634,0,0.0,0,0.0,0.0,96,wg_projected,44
0,103,207,19872,0.7,0.7,0.0,0,0,0,0,0,0,0.8477250646804136,0.950500752600578,1.0260359245826864,0.9445541487104852,1.0260359245826864,1,0.0104166666666666,0,0.001818292091303,0.1745560407650918,106,wg_projected,44
0,104,210,20160,0.7,0.7,0.0,0,0,0,0,0,0,0.8269132570748148,0.9505000081516056,1.022001729492099,0.9464468597457912,1.022001729492099,1,0.0104166666666666,0,0.0012272238046717,0.1178134852484884,111,wg_projected,44
0,105,212,20352,0.7,0.7,0.0,0,0,0,0,0,0,0.8487671162672128,0.9505000008786916,1.0321234719040626,0.9490516791886824,1.0321234719040626,1,0.0104166666666666,0,0.0004318143835765,0.0414541808233504,111,wg_projected,44
0,106,213,20448,0.7,0.7,0.0,0,0,0,0,0,0,0.8410301240642571,0.9520335487561986,1.033678432256167,0.9520335487561986,1.033678432256167,0,0.0,0,0.0,0.0,96,wg_projected,44
0,107,216,20736,0.7,0.7,0.0,0,0,0,0,0,0,0.8222325142005404,0.9526314289629596,1.0280490592062377,0.9526314289629596,1.0280490592062377,0,0.0,0,0.0,0.0,96,wg_projected,44
0,108,219,21024,0.7,0.7,0.0,0,0,0,0,0,0,0.8596695025321346,0.9505013627589975,1.0304217141742091,0.9501353372788128,1.0304217141742091,1,0.0104166666666666,0,0.0001084144266638,0.010407784959725,101,wg_projected,44
0,109,220,21120,0.7,0.7,0.0,0,0,0,0,0,0,0.8506822015760779,0.9539684066847788,1.02520777009092,0.9539684066847788,1.02520777009092,0,0.0,0,0.0,0.0,96,wg_projected,44
0,110,226,21696,0.7,0.7,0.0,0,0,0,0,0,0,0.8390778249081356,0.9510588042981576,1.0272892684623165,0.9510588042981576,1.0272892684623165,0,0.0,0,0.0,0.0,96,wg_projected,44
0,114,228,21888,0.7,0.7,0.0,0,0,0,0,0,0,0.8566651071046766,0.9556887186530704,1.0312879034757627,0.9556887186530704,1.0312879034757627,0,0.0,0,0.0,0.0,96,wg_projected,44
0,111,230,22080,0.7,0.7,0.0,0,0,0,0,0,0,0.8402635685260148,0.9528491568115264,1.0287528035038584,0.9528491568115264,1.0287528035038584,0,0.0,0,0.0,0.0,96,wg_projected,44
0,112,231,22176,0.7,0.7,0.0,0,0,0,0,0,0,0.8341301432351361,0.9545243921152154,1.031190505927218,0.9545243921152154,1.031190505927218,0,0.0,0,0.0,0.0,96,wg_projected,44
0,113,232,22272,0.7,0.7,0.0,0,0,0,0,0,0,0.8307843484149993,0.9542275245960457,1.0241820676508608,0.9542275245960457,1.0241820676508608,0,0.0,0,0.0,0.0,96,wg_projected,44
0,114,234,22464,0.7,0.7,0.0,0,0,0,0,0,0,0.8424279039415853,0.9530545146560097,1.0322856764665156,0.9530545146560097,1.0322856764665156,0,0.0,0,0.0,0.0,96,wg_projected,44
0,115,235,22560,0.7,0.7,0.0,0,0,0,0,0,0,0.8524031612386818,0.9510950041124964,1.0281504071909688,0.9510950041124964,1.0281504071909688,0,0.0,0,0.0,0.0,96,wg_projected,44
0,116,236,22656,0.7,0.7,0.0,0,0,0,0,0,0,0.8459027649092365,0.9542222041071072,1.025827284143758,0.9542222041071072,1.025827284143758,0,0.0,0,0.0,0.0,96,wg_projected,44
0,117,239,22944,0.7,0.7,0.0,0,0,0,0,0,0,0.835177716415571,0.9521215823359808,1.0274564397602173,0.9521215823359808,1.0274564397602173,0,0.0,0,0.0,0.0,96,wg_projected,44
0,118,240,23040,0.7,0.7,0.0,0,0,0,0,0,0,0.8371099147760798,0.9527452720815678,1.0279678454043717,0.9527452720815678,1.0279678454043717,0,0.0,0,0.0,0.0,96,wg_projected,44
0,123,241,23136,0.7,0.7,0.0,0,0,0,0,0,0,0.8349213339303133,0.9514659352458948,1.0247282814262124,0.9514659352458948,1.0247282814262124,0,0.0,0,0.0,0.0,96,wg_projected,44
0,119,244,23424,0.7,0.7,0.0,0,0,0,0,0,0,0.8450384426530849,0.9526219493353164,1.0265031853491464,0.9526219493353164,1.0265031853491464,0,0.0,0,0.0,0.0,96,wg_projected,44
0,120,245,23520,0.7,0.7,0.0,0,0,0,0,0,0,0.8329010452050949,0.952726355192278,1.0266606160136396,0.952726355192278,1.0266606160136396,0,0.0,0,0.0,0.0,96,wg_projected,44
0,121,248,23808,0.7,0.7,0.0,0,0,0,0,0,0,0.8443428820945299,0.9535771042593604,1.0286604436301707,0.9535771042593604,1.0286604436301707,0,0.0,0,0.0,0.0,96,wg_projected,44
0,122,251,24096,0.7,0.7,0.0,0,0,0,0,0,0,0.8284784073982785,0.951627647721008,1.029842597944815,0.951627647721008,1.029842597944815,0,0.0,0,0.0,0.0,96,wg_projected,44
0,123,253,24288,0.7,0.7,0.0,0,0,0,0,0,0,0.8328471386474434,0.9523398370111376,1.0309523486508507,0.9523398370111376,1.0309523486508507,0,0.0,0,0.0,0.0,96,wg_projected,44
0,124,254,24384,0.7,0.7,0.0,0,0,0,0,0,0,0.8379993946808365,0.954456105063154,1.0260349004869065,0.954456105063154,1.0260349004869065,0,0.0,0,0.0,0.0,96,wg_projected,44
0,125,257,24672,0.7,0.7,0.0,0,0,0,0,0,0,0.8202248080571146,0.955689348187058,1.0316757341898002,0.955689348187058,1.0316757341898002,0,0.0,0,0.0,0.0,96,wg_projected,44
0,126,259,24864,0.7,0.7,0.0,0,0,0,0,0,0,0.830461941504204,0.9565177200881018,1.0294919415859325,0.9565177200881018,1.0294919415859325,0,0.0,0,0.0,0.0,96,wg_projected,44
0,127,261,25056,0.7,0.7,0.0,0,0,0,0,0,0,0.8510077332392435,0.9510118157150752,1.0288382163484713,0.9510118157150752,1.0288382163484713,0,0.0,0,0.0,0.0,96,wg_projected,44
0,128,266,25536,0.7,0.7,0.0,0,0,0,0,0,0,0.8367058511841843,0.9505013143694888,1.0271191652625289,0.950194865730636,1.0271191652625289,1,0.0104166666666666,0,9.114760420977804e-05,0.0087501700041386,101,wg_projected,44
0,129,267,25632,0.7,0.7,0.0,0,0,0,0,0,0,0.8375112213479315,0.9529914895177092,1.0274698658734271,0.9529914895177092,1.0274698658734271,0,0.0,0,0.0,0.0,96,wg_projected,44
0,130,268,25728,0.7,0.7,0.0,0,0,0,0,0,0,0.8334336958536727,0.9534280584933844,1.0230395449586882,0.9534280584933844,1.0230395449586882,0,0.0,0,0.0,0.0,96,wg_projected,44
0,131,269,25824,0.7,0.7,0.0,0,0,0,0,0,0,0.8520045556336282,0.9529970104390182,1.0345879296655265,0.9529970104390182,1.0345879296655265,0,0.0,0,0.0,0.0,96,wg_projected,44
0,132,271,26016,0.7,0.7,0.0,0,0,0,0,0,0,0.8435697214336785,0.950500001897192,1.0236081671903845,0.9484895989848596,1.0236081671903845,1,0.0104166666666666,0,0.000602605190163,0.057850098255653,111,wg_projected,44
0,133,272,26112,0.7,0.7,0.0,0,0,0,0,0,0,0.847376886175609,0.9549916638435216,1.0271107990123465,0.9549916638435216,1.0271107990123465,0,0.0,0,0.0,0.0,96,wg_projected,44
0,134,273,26208,0.7,0.7,0.0,0,0,0,0,0,0,0.8456185910460956,0.950500029347601,1.0267441465148894,0.9442009794590368,1.0267441465148894,1,0.0104166666666666,0,0.0019319217544095,0.1854644884233132,111,wg_projected,44
0,135,275,26400,0.7,0.7,0.0,0,0,0,0,0,0,0.8149552666103419,0.9541898886102024,1.0312101672738054,0.9541898886102024,1.0312101672738054,0,0.0,0,0.0,0.0,96,wg_projected,44
0,136,276,26496,0.7,0.7,0.0,0,0,0,0,0,0,0.8465424957657386,0.9505012996686736,1.0289914372979403,0.9501994348893812,1.0289914372979403,1,0.0104166666666666,0,8.945696741289494e-05,0.0085878688716379,101,wg_projected,44
0,142,278,26688,0.7,0.7,0.0,0,0,0,0,0,0,0.829940873085253,0.9531006973573743,1.0282996652053056,0.9531006973573743,1.0282996652053056,0,0.0,0,0.0,0.0,96,wg_projected,44
0,143,280,26880,0.7,0.7,0.0,0,0,0,0,0,0,0.8315361970159597,0.9511468056660232,1.0264220146149652,0.9511468056660232,1.0264220146149652,0,0.0,0,0.0,0.0,96,wg_projected,44
0,144,281,26976,0.7,0.7,0.0,0,0,0,0,0,0,0.811398947083773,0.9550872614066264,1.0242590778222904,0.9550872614066264,1.0242590778222904,0,0.0,0,0.0,0.0,96,wg_projected,44
0,137,282,27072,0.7,0.7,0.0,0,0,0,0,0,0,0.8339635310776543,0.95548388503076,1.0309144135375106,0.95548388503076,1.0309144135375106,0,0.0,0,0.0,0.0,96,wg_projected,44
0,138,283,27168,0.7,0.7,0.0,0,0,0,0,0,0,0.8248811689075479,0.9551749093720217,1.0355561898357222,0.9551749093720217,1.0355561898357222,0,0.0,0,0.0,0.0,96,wg_projected,44
0,139,284,27264,0.7,0.7,0.0,0,0,0,0,0,0,0.852510008623077,0.9517591207940168,1.02694359850668,0.9517591207940168,1.02694359850668,0,0.0,0,0.0,0.0,96,wg_projected,44
0,140,285,27360,0.7,0.7,0.0,0,0,0,0,0,0,0.8545609706855646,0.9544603690567532,1.0293632863013789,0.9544603690567532,1.0293632863013789,0,0.0,0,0.0,0.0,96,wg_projected,44
0,141,287,27552,0.7,0.7,0.0,0,0,0,0,0,0,0.8491391995805434,0.952841933690022,1.0273321576549763,0.952841933690022,1.0273321576549763,0,0.0,0,0.0,0.0,96,wg_projected,44
0,142,288,27648,0.7,0.7,0.0,0,0,0,0,0,0,0.8349052983133076,0.9540101954339478,1.0289138702513307,0.9540101954339478,1.0289138702513307,0,0.0,0,0.0,0.0,96,wg_projected,44
0,143,289,27744,0.7,0.7,0.0,0,0,0,0,0,0,0.8269098725334197,0.9510455958936556,1.0234703861599272,0.9510455958936556,1.0234703861599272,0,0.0,0,0.0,0.0,96,wg_projected,44
0,144,290,27840,0.7,0.7,0.0,0,0,0,0,0,0,0.8437210310959323,0.9505003384977524,1.0321657717722834,0.9504458526609276,1.0321657717722834,1,0.0104166666666666,0,1.605335418591584e-05,0.0015411220018479,101,wg_projected,44
0,153,291,27936,0.7,0.7,0.0,0,0,0,0,0,0,0.8553056268990802,0.9508345964142736,1.0264473637452731,0.9508345964142736,1.0264473637452731,0,0.0,0,0.0,0.0,96,wg_projected,44
0,145,292,28032,0.7,0.7,0.0,0,0,0,0,0,0,0.8217062507306332,0.9535020140321276,1.0263180872199766,0.9535020140321276,1.0263180872199766,0,0.0,0,0.0,0.0,96,wg_projected,44
0,146,293,28128,0.7,0.7,0.0,0,0,0,0,0,0,0.8560569747701384,0.9536139307025762,1.0293023215325607,0.9536139307025762,1.0293023215325607,0,0.0,0,0.0,0.0,96,wg_projected,44
0,147,294,28224,0.7,0.7,0.0,0,0,0,0,0,0,0.8362257854491459,0.9526998462383928,1.0272162468176422,0.9526998462383928,1.0272162468176422,0,0.0,0,0.0,0.0,96,wg_projected,44
0,148,295,28320,0.7,0.7,0.0,0,0,0,0,0,0,0.8261643968094345,0.9532382585461874,1.023169185415066,0.9532382585461874,1.023169185415066,0,0.0,0,0.0,0.0,96,wg_projected,44
0,149,296,28416,0.7,0.7,0.0,0,0,0,0,0,0,0.8341187291812749,0.9526578040340272,1.0216467829602858,0.9526578040340272,1.0216467829602858,0,0.0,0,0.0,0.0,96,wg_projected,44
0,150,297,28512,0.7,0.7,0.0,0,0,0,0,0,0,0.8504665657142751,0.9508034197100004,1.0240363106048174,0.9508034197100004,1.0240363106048174,0,0.0,0,0.0,0.0,96,wg_projected,44
0,160,298,28608,0.7,0.7,0.0,0,0,0,0,0,0,0.8439036478187943,0.9574643729730292,1.0315778113818954,0.9574643729730292,1.0315778113818954,0,0.0,0,0.0,0.0,96,wg_projected,44
0,151,299,28704,0.7,0.7,0.0,0,0,0,0,0,0,0.844562210963731,0.9505000015025066,1.0318380465542034,0.948675420072875,1.0318380465542034,1,0.0104166666666666,0,0.0005454063899979,0.0523590134397988,111,wg_projected,44
0,152,300,28800,0.7,0.7,0.0,0,0,0,0,0,0,0.8336692171549992,0.9564933426837298,1.0335786221478824,0.9564933426837298,1.0335786221478824,0,0.0,0,0.0,0.0,96,wg_projected,44
0,153,302,28992,0.7,0.7,0.0,0,0,0,0,0,0,0.8451586057206517,0.9561184476857388,1.031463791413768,0.9561184476857388,1.031463791413768,0,0.0,0,0.0,0.0,96,wg_projected,44
0,154,305,29280,0.7,0.7,0.0,0,0,0,0,0,0,0.838377377409572,0.9516667016881708,1.0318200354698517,0.9516667016881708,1.0318200354698517,0,0.0,0,0.0,0.0,96,wg_projected,44
0,155,306,29376,0.7,0.7,0.0,0,0,0,0,0,0,0.8166424303332083,0.9516732730363326,1.0227688846471772,0.9516732730363326,1.0227688846471772,0,0.0,0,0.0,0.0,96,wg_projected,44
0,156,307,29472,0.7,0.7,0.0,0,0,0,0,0,0,0.8389634746777118,0.953463795139348,1.023275588572546,0.953463795139348,1.023275588572546,0,0.0,0,0.0,0.0,96,wg_projected,44
0,157,308,29568,0.7,0.7,0.0,0,0,0,0,0,0,0.8372644534379469,0.9505000009433447,1.0256655837999848,0.9489896239973462,1.0256655837999848,1,0.0104166666666666,0,0.000448182702225,0.0430255394136032,111,wg_projected,44
0,158,312,29952,0.7,0.7,0.0,0,0,0,0,0,0,0.8358780211008777,0.950500054198365,1.026030710450757,0.9490506220592166,1.026030710450757,1,0.0104166666666666,0,0.0004284813999834,0.0411342143984144,106,wg_projected,44
0,159,315,30240,0.7,0.7,0.0,0,0,0,0,0,0,0.856480801837552,0.9539481611481242,1.0307376405841289,0.9539481611481242,1.0307376405841289,0,0.0,0,0.0,0.0,96,wg_projected,44
0,160,317,30432,0.7,0.7,0.0,0,0,0,0,0,0,0.8497261603272119,0.950501313028832,1.0241471634018242,0.950010461833095,1.0241471634018242,1,0.0104166666666666,0,0.0001552312596629,0.0149022009276455,101,wg_projected,44
0,161,319,30624,0.7,0.7,0.0,0,0,0,0,0,0,0.844350542061994,0.9505000045273658,1.033272623185764,0.9473960284350912,1.033272623185764,1,0.0104166666666666,0,0.0009330929347915,0.0895769217399851,111,wg_projected,44
0,162,321,30816,0.7,0.7,0.0,0,0,0,0,0,0,0.8427226202775676,0.9523022531736948,1.0312500712483927,0.9523022531736948,1.0312500712483927,0,0.0,0,0.0,0.0,96,wg_projected,44
0,173,322,30912,0.7,0.7,0.0,0,0,0,0,0,0,0.8312106007566101,0.9510352845650965,1.0236959615792145,0.9510352845650965,1.0236959615792145,0,0.0,0,0.0,0.0,96,wg_projected,44
0,163,326,31296,0.7,0.7,0.0,0,0,0,0,0,0,0.8448720579887042,0.9505000172369136,1.023537244503527,0.945217892078132,1.023537244503527,2,0.0208333333333333,0,0.0017166507976298,0.1543237965858812,116,wg_projected,44
0,164,329,31584,0.7,0.7,0.0,0,0,0,0,0,0,0.8495761907066766,0.9527386408974492,1.0258347137743096,0.9527386408974492,1.0258347137743096,0,0.0,0,0.0,0.0,96,wg_projected,44
0,165,331,31776,0.7,0.7,0.0,0,0,0,0,0,0,0.8677361765311585,0.9547791534531987,1.0269896396654767,0.9547791534531987,1.0269896396654767,0,0.0,0,0.0,0.0,96,wg_projected,44
0,166,332,31872,0.7,0.7,0.0,0,0,0,0,0,0,0.8335848158881863,0.9505000004288752,1.0316748571015013,0.9491150635386048,1.0316748571015013,1,0.0104166666666666,0,0.0004376191151026,0.0420114350498557,111,wg_projected,44
0,167,333,31968,0.7,0.7,0.0,0,0,0,0,0,0,0.8198255131717619,0.955472437059362,1.0264611836058823,0.955472437059362,1.0264611836058823,0,0.0,0,0.0,0.0,96,wg_projected,44
0,168,335,32160,0.7,0.7,0.0,0,0,0,0,0,0,0.8346845653784878,0.9524105638606436,1.023605675537289,0.9524105638606436,1.023605675537289,0,0.0,0,0.0,0.0,96,wg_projected,44
0,169,336,32256,0.7,0.7,0.0,0,0,0,0,0,0,0.8518036925968775,0.9505000215826008,1.024937923631819,0.9484318128695688,1.024937923631819,1,0.0104166666666666,0,0.0006523775868666,0.0626282483391992,106,wg_projected,44
0,170,337,32352,0.7,0.7,0.0,0,0,0,0,0,0,0.8442670972018089,0.9562236981726387,1.0299727126196452,0.9562236981726387,1.0299727126196452,0,0.0,0,0.0,0.0,96,wg_projected,44
0,171,338,32448,0.7,0.7,0.0,0,0,0,0,0,0,0.8482334154746188,0.952281286196322,1.025107673580863,0.952281286196322,1.025107673580863,0,0.0,0,0.0,0.0,96,wg_projected,44
0,172,339,32544,0.7,0.7,0.0,0,0,0,0,0,0,0.8542720599567949,0.953063422706192,1.0342944462729258,0.953063422706192,1.0342944462729258,0,0.0,0,0.0,0.0,96,wg_projected,44
0,173,341,32736,0.7,0.7,0.0,0,0,0,0,0,0,0.8219228415201774,0.952629666011148,1.027267947203855,0.952629666011148,1.027267947203855,0,0.0,0,0.0,0.0,96,wg_projected,44
0,174,342,32832,0.7,0.7,0.0,0,0,0,0,0,0,0.839284749590371,0.9505000028338828,1.0291721192293874,0.947689732059972,1.0291721192293874,2,0.0208333333333333,0,0.0008372416007859,0.0801801761041583,116,wg_projected,44
0,175,345,33120,0.7,0.7,0.0,0,0,0,0,0,0,0.8208141854137152,0.950500111323976,1.0327347418869888,0.9472909202689408,1.0327347418869888,1,0.0104166666666666,0,0.0009857321986814,0.0946302910734158,106,wg_projected,44
0,176,347,33312,0.7,0.7,0.0,0,0,0,0,0,0,0.8439182821898132,0.9505000005792626,1.033121033474116,0.9494267012047388,1.033121033474116,1,0.0104166666666666,0,0.0003183382812935,0.0305604750041819,111,wg_projected,44
0,177,348,33408,0.7,0.7,0.0,0,0,0,0,0,0,0.828495455440234,0.9508564426477144,1.0263601593969731,0.9508564426477144,1.0263601593969731,0,0.0,0,0.0,0.0,96,wg_projected,44
0,178,349,33504,0.7,0.7,0.0,0,0,0,0,0,0,0.849575069296886,0.9505000065027316,1.0283390608496714,0.9468316680280936,1.0283390608496714,1,0.0104166666666666,0,0.0011052983995373,0.1061086463555861,111,wg_projected,44
0,179,351,33696,0.7,0.7,0.0,0,0,0,0,0,0,0.8339258518893423,0.95414327258018,1.027622665124477,0.95414327258018,1.027622665124477,0,0.0,0,0.0,0.0,96,wg_projected,44
0,191,352,33792,0.7,0.7,0.0,0,0,0,0,0,0,0.8533075577400905,0.9553650253901244,1.0305417820376337,0.9553650253901244,1.0305417820376337,0,0.0,0,0.0,0.0,96,wg_projected,44
0,180,354,33984,0.7,0.7,0.0,0,0,0,0,0,0,0.8442151821124886,0.952389624584631,1.0254325788811034,0.952389624584631,1.0254325788811034,0,0.0,0,0.0,0.0,96,wg_projected,44
0,181,355,34080,0.7,0.7,0.0,0,0,0,0,0,0,0.8750738018230508,0.9518811901025164,1.0352382703940342,0.9518811901025164,1.0352382703940342,0,0.0,0,0.0,0.0,96,wg_projected,44
0,182,356,34176,0.7,0.7,0.0,0,0,0,0,0,0,0.840662034971481,0.9559197872662284,1.032769981095326,0.9559197872662284,1.032769981095326,0,0.0,0,0.0,0.0,96,wg_projected,44
0,183,361,34656,0.7,0.7,0.0,0,0,0,0,0,0,0.8401298150162091,0.9552181758077422,1.0266825081125466,0.9552181758077422,1.0266825081125466,0,0.0,0,0.0,0.0,96,wg_projected,44
0,196,362,34752,0.7,0.7,0.0,0,0,0,0,0,0,0.8390565308173039,0.954036055865956,1.030000039174745,0.954036055865956,1.030000039174745,0,0.0,0,0.0,0.0,96,wg_projected,44
0,184,364,34944,0.7,0.7,0.0,0,0,0,0,0,0,0.8347372414611981,0.9505000017146732,1.0241320192012855,0.9485219607903048,1.0241320192012855,1,0.0104166666666666,0,0.0005927672627404,0.056905657223082,111,wg_projected,44
0,198,366,35136,0.7,0.7,0.0,0,0,0,0,0,0,0.8394232987891066,0.9505000006324554,1.0306041311457486,0.94943652153943,1.0306041311457486,1,0.0104166666666666,0,0.0003155628617238,0.0302940347254922,111,wg_projected,44
0,185,367,35232,0.7,0.7,0.0,0,0,0,0,0,0,0.8417935132583281,0.950956216766538,1.0231177998180558,0.950956216766538,1.0231177998180558,0,0.0,0,0.0,0.0,96,wg_projected,44
0,1,2,192,0.7,0.7,0.0,1,1,0,1,0,0,0.8658119562848668,0.9492381984118974,1.0393796787678546,0.9492381984118974,1.0393796787678546,0,0.0,0,0.0,0.0,0,concat_raw,42
0,2,4,384,0.7,0.7,0.0,0,0,0,0,0,0,0.8564147645323603,0.9550064280554236,1.032947958481565,0.9550064280554236,1.032947958481565,0,0.0,0,0.0,0.0,0,concat_raw,42
0,3,6,576,0.7,0.7,0.0,0,0,0,0,0,0,0.8778378488482662,0.9532552474159426,1.0355699169681791,0.9532552474159426,1.0355699169681791,0,0.0,0,0.0,0.0,0,concat_raw,42
0,4,7,672,0.7,0.7,0.0,0,0,0,0,0,0,0.8773419957138912,0.9531846343663176,1.0390393555520197,0.9531846343663176,1.0390393555520197,0,0.0,0,0.0,0.0,0,concat_raw,42
0,5,10,960,0.7,0.7,0.0,0,0,0,0,0,0,0.8548623850220872,0.9540310397100132,1.0319813408804694,0.9540310397100132,1.0319813408804694,0,0.0,0,0.0,0.0,0,concat_raw,42
0,6,13,1248,0.7,0.7,0.0,0,0,0,0,0,0,0.878351825501624,0.9509633424495711,1.0410183583393458,0.9509633424495711,1.0410183583393458,0,0.0,0,0.0,0.0,0,concat_raw,42
0,7,16,1536,0.7,0.7,0.0,0,0,0,0,0,0,0.8785466992271624,0.951370482190132,1.0415854156371158,0.951370482190132,1.0415854156371158,0,0.0,0,0.0,0.0,0,concat_raw,42
0,8,17,1632,0.7,0.7,0.0,0,0,0,0,0,0,0.8619112579189737,0.9567329045312256,1.0405696066972585,0.9567329045312256,1.0405696066972585,0,0.0,0,0.0,0.0,0,concat_raw,42
0,9,20,1920,0.7,0.7,0.0,0,0,0,0,0,0,0.849368863004443,0.953895885973758,1.0367829975892435,0.953895885973758,1.0367829975892435,0,0.0,0,0.0,0.0,0,concat_raw,42
0,10,22,2112,0.7,0.7,0.0,0,0,0,0,0,0,0.8720068285597865,0.9553219043714092,1.0437907401800162,0.9553219043714092,1.0437907401800162,0,0.0,0,0.0,0.0,0,concat_raw,42
0,11,23,2208,0.7,0.7,0.0,0,0,0,0,0,0,0.855773358032923,0.9547989847951144,1.037990711801567,0.9547989847951144,1.037990711801567,0,0.0,0,0.0,0.0,0,concat_raw,42
0,12,25,2400,0.7,0.7,0.0,0,0,0,0,0,0,0.8477266879836811,0.9549660184530548,1.0337473011020115,0.9549660184530548,1.0337473011020115,0,0.0,0,0.0,0.0,0,concat_raw,42
0,13,26,2496,0.7,0.7,0.0,0,0,0,0,0,0,0.8707598080881338,0.9549043920343706,1.038274782140315,0.9549043920343706,1.038274782140315,0,0.0,0,0.0,0.0,0,concat_raw,42
0,14,29,2784,0.7,0.7,0.0,0,0,0,0,0,0,0.8652325774025655,0.9536751978095376,1.0323007451037765,0.9536751978095376,1.0323007451037765,0,0.0,0,0.0,0.0,0,concat_raw,42
0,15,30,2880,0.7,0.7,0.0,0,0,0,0,0,0,0.8611220400923958,0.9533312754452956,1.035510187341718,0.9533312754452956,1.035510187341718,0,0.0,0,0.0,0.0,0,concat_raw,42
0,16,31,2976,0.7,0.7,0.0,0,0,0,0,0,0,0.8476673102975985,0.9524492516039492,1.0359536148759176,0.9524492516039492,1.0359536148759176,0,0.0,0,0.0,0.0,0,concat_raw,42
0,17,34,3264,0.7,0.7,0.0,0,0,0,0,0,0,0.8665040544008312,0.9511980533240356,1.0389632969059734,0.9511980533240356,1.0389632969059734,0,0.0,0,0.0,0.0,0,concat_raw,42
0,18,37,3552,0.7,0.7,0.0,0,0,0,0,0,0,0.8509179578795749,0.9579505634502686,1.0326561328142172,0.9579505634502686,1.0326561328142172,0,0.0,0,0.0,0.0,0,concat_raw,42
0,19,38,3648,0.7,0.7,0.0,0,0,0,0,0,0,0.8769878906457224,0.9551877274289916,1.0364635143719785,0.9551877274289916,1.0364635143719785,0,0.0,0,0.0,0.0,0,concat_raw,42
0,20,39,3744,0.7,0.7,0.0,0,0,0,0,0,0,0.8747458767223473,0.9538350978481338,1.0387317758163404,0.9538350978481338,1.0387317758163404,0,0.0,0,0.0,0.0,0,concat_raw,42
0,21,43,4128,0.7,0.7,0.0,0,0,0,0,0,0,0.8582026640482787,0.952692059472493,1.0333250267838257,0.952692059472493,1.0333250267838257,0,0.0,0,0.0,0.0,0,concat_raw,42
0,22,44,4224,0.7,0.7,0.0,0,0,0,0,0,0,0.8531299616771636,0.956612407548479,1.0300192017349965,0.956612407548479,1.0300192017349965,0,0.0,0,0.0,0.0,0,concat_raw,42
0,23,46,4416,0.7,0.7,0.0,0,0,0,0,0,0,0.8726624096423861,0.9518759372782076,1.0369218735270302,0.9518759372782076,1.0369218735270302,0,0.0,0,0.0,0.0,0,concat_raw,42
0,24,49,4704,0.7,0.7,0.0,0,0,0,0,0,0,0.8734912112447609,0.9538981625569176,1.0353268555331665,0.9538981625569176,1.0353268555331665,0,0.0,0,0.0,0.0,0,concat_raw,42
0,25,50,4800,0.7,0.7,0.0,0,0,0,0,0,0,0.8459193685952964,0.956654338237949,1.0366321446581712,0.956654338237949,1.0366321446581712,0,0.0,0,0.0,0.0,0,concat_raw,42
0,26,51,4896,0.7,0.7,0.0,0,0,0,0,0,0,0.8743729152829431,0.9533179289591284,1.0345585149078362,0.9533179289591284,1.0345585149078362,0,0.0,0,0.0,0.0,0,concat_raw,42
0,27,53,5088,0.7,0.7,0.0,0,0,0,0,0,0,0.8518713791918217,0.9549550076437128,1.0326220924433291,0.9549550076437128,1.0326220924433291,0,0.0,0,0.0,0.0,0,concat_raw,42
0,28,54,5184,0.7,0.7,0.0,0,0,0,0,0,0,0.8670639824297875,0.952296324697464,1.035661385082498,0.952296324697464,1.035661385082498,0,0.0,0,0.0,0.0,0,concat_raw,42
0,29,55,5280,0.7,0.7,0.0,0,0,0,0,0,0,0.8676308969249698,0.9520429772334198,1.034101289720992,0.9520429772334198,1.034101289720992,0,0.0,0,0.0,0.0,0,concat_raw,42
0,30,56,5376,0.7,0.7,0.0,0,0,0,0,0,0,0.8624733896908392,0.95630751206764,1.0334148043935387,0.95630751206764,1.0334148043935387,0,0.0,0,0.0,0.0,0,concat_raw,42
0,31,57,5472,0.7,0.7,0.0,0,0,0,0,0,0,0.8468691020993577,0.9566469630419924,1.0373316426978347,0.9566469630419924,1.0373316426978347,0,0.0,0,0.0,0.0,0,concat_raw,42
0,32,59,5664,0.7,0.7,0.0,0,0,0,0,0,0,0.842957619274439,0.9543141939841436,1.0309196205754565,0.9543141939841436,1.0309196205754565,0,0.0,0,0.0,0.0,0,concat_raw,42
0,33,60,5760,0.7,0.7,0.0,0,0,0,0,0,0,0.8676872864214017,0.9510936598419076,1.0378256454394856,0.9510936598419076,1.0378256454394856,0,0.0,0,0.0,0.0,0,concat_raw,42
0,34,62,5952,0.7,0.7,0.0,0,0,0,0,0,0,0.8573446597768996,0.9515345972724149,1.0332546739877106,0.9515345972724149,1.0332546739877106,0,0.0,0,0.0,0.0,0,concat_raw,42
0,35,65,6240,0.7,0.7,0.0,0,0,0,0,0,0,0.8581526497346431,0.955891922534794,1.03736060875494,0.955891922534794,1.03736060875494,0,0.0,0,0.0,0.0,0,concat_raw,42
0,36,66,6336,0.7,0.7,0.0,1,1,0,1,0,0,0.8665094915143884,0.9493492383461252,1.0343736084471262,0.9493492383461252,1.0343736084471262,0,0.0,0,0.0,0.0,0,concat_raw,42
0,37,67,6432,0.7,0.7,0.0,0,0,0,0,0,0,0.8588379927672196,0.95513636622001,1.0427531412731776,0.95513636622001,1.0427531412731776,0,0.0,0,0.0,0.0,0,concat_raw,42
0,38,68,6528,0.7,0.7,0.0,0,0,0,0,0,0,0.8618577797934561,0.9548131480033404,1.0402391591495186,0.9548131480033404,1.0402391591495186,0,0.0,0,0.0,0.0,0,concat_raw,42
0,39,69,6624,0.7,0.7,0.0,0,0,0,0,0,0,0.8658523807784942,0.9541378981756872,1.042477997817444,0.9541378981756872,1.042477997817444,0,0.0,0,0.0,0.0,0,concat_raw,42
0,40,70,6720,0.7,0.7,0.0,0,0,0,0,0,0,0.8709438127318101,0.9542559806150324,1.0335269590866838,0.9542559806150324,1.0335269590866838,0,0.0,0,0.0,0.0,0,concat_raw,42
0,41,71,6816,0.7,0.7,0.0,0,0,0,0,0,0,0.8761442283754052,0.9558799358273192,1.0330180694824755,0.9558799358273192,1.0330180694824755,0,0.0,0,0.0,0.0,0,concat_raw,42
0,42,74,7104,0.7,0.7,0.0,0,0,0,0,0,0,0.8784894301239539,0.9570932369370118,1.0354110320215122,0.9570932369370118,1.0354110320215122,0,0.0,0,0.0,0.0,0,concat_raw,42
0,43,80,7680,0.7,0.7,0.0,0,0,0,0,0,0,0.8388138912123804,0.9516571129393068,1.0317200604477328,0.9516571129393068,1.0317200604477328,0,0.0,0,0.0,0.0,0,concat_raw,42
0,44,81,7776,0.7,0.7,0.0,0,0,0,0,0,0,0.8524487333744938,0.9531167945553126,1.0345377485737508,0.9531167945553126,1.0345377485737508,0,0.0,0,0.0,0.0,0,concat_raw,42
0,45,82,7872,0.7,0.7,0.0,0,0,0,0,0,0,0.8715100202847386,0.951135001389339,1.0370541575338172,0.951135001389339,1.0370541575338172,0,0.0,0,0.0,0.0,0,concat_raw,42
0,46,84,8064,0.7,0.7,0.0,0,0,0,0,0,0,0.8615455154676505,0.9512851295754126,1.038950109087526,0.9512851295754126,1.038950109087526,0,0.0,0,0.0,0.0,0,concat_raw,42
0,47,85,8160,0.7,0.7,0.0,0,0,0,0,0,0,0.8530295559112873,0.9591385270955246,1.039206519385214,0.9591385270955246,1.039206519385214,0,0.0,0,0.0,0.0,0,concat_raw,42
0,47,86,8256,0.7,0.7,0.0,0,0,0,0,0,0,0.8653985059023939,0.9556487268314092,1.0348432660696032,0.9556487268314092,1.0348432660696032,0,0.0,0,0.0,0.0,0,concat_raw,42
0,48,87,8352,0.7,0.7,0.0,0,0,0,0,0,0,0.8740477383314781,0.9539800367345151,1.0390951040165644,0.9539800367345151,1.0390951040165644,0,0.0,0,0.0,0.0,0,concat_raw,42
0,49,93,8928,0.7,0.7,0.0,0,0,0,0,0,0,0.8569909493189041,0.954016432645072,1.0312138649299645,0.954016432645072,1.0312138649299645,0,0.0,0,0.0,0.0,0,concat_raw,42
0,50,94,9024,0.7,0.7,0.0,0,0,0,0,0,0,0.853671573078434,0.9572641638965568,1.0355311195521129,0.9572641638965568,1.0355311195521129,0,0.0,0,0.0,0.0,0,concat_raw,42
0,51,95,9120,0.7,0.7,0.0,0,0,0,0,0,0,0.8681856333561265,0.9552331995412124,1.0339872867081252,0.9552331995412124,1.0339872867081252,0,0.0,0,0.0,0.0,0,concat_raw,42
0,52,97,9312,0.7,0.7,0.0,0,0,0,0,0,0,0.8607297209271005,0.9553768294005957,1.0326532111339342,0.9553768294005957,1.0326532111339342,0,0.0,0,0.0,0.0,0,concat_raw,42
0,53,98,9408,0.7,0.7,0.0,0,0,0,0,0,0,0.8480006153417776,0.9521613595777826,1.030400438722318,0.9521613595777826,1.030400438722318,0,0.0,0,0.0,0.0,0,concat_raw,42
0,54,101,9696,0.7,0.7,0.0,0,0,0,0,0,0,0.8604473330958565,0.9540439652781746,1.0366773220817915,0.9540439652781746,1.0366773220817915,0,0.0,0,0.0,0.0,0,concat_raw,42
0,55,102,9792,0.7,0.7,0.0,0,0,0,0,0,0,0.8695119708685947,0.9552322141406482,1.0415807100763848,0.9552322141406482,1.0415807100763848,0,0.0,0,0.0,0.0,0,concat_raw,42
0,56,107,10272,0.7,0.7,0.0,1,1,0,1,0,0,0.8484820363918573,0.9499759087189396,1.031483285954289,0.9499759087189396,1.031483285954289,0,0.0,0,0.0,0.0,0,concat_raw,42
0,57,109,10464,0.7,0.7,0.0,0,0,0,0,0,0,0.8605549909114065,0.9512220090796382,1.0325551955098593,0.9512220090796382,1.0325551955098593,0,0.0,0,0.0,0.0,0,concat_raw,42
0,58,111,10656,0.7,0.7,0.0,0,0,0,0,0,0,0.8708236084564834,0.951022960588217,1.0329223555994038,0.951022960588217,1.0329223555994038,0,0.0,0,0.0,0.0,0,concat_raw,42
0,59,114,10944,0.7,0.7,0.0,0,0,0,0,0,0,0.8496126179026547,0.9546712603801972,1.0337643875568812,0.9546712603801972,1.0337643875568812,0,0.0,0,0.0,0.0,0,concat_raw,42
0,60,116,11136,0.7,0.7,0.0,1,1,0,1,0,0,0.8738635267580384,0.9495682159806996,1.0342113915183138,0.9495682159806996,1.0342113915183138,0,0.0,0,0.0,0.0,0,concat_raw,42
0,61,117,11232,0.7,0.7,0.0,0,0,0,0,0,0,0.865644012475523,0.9554622059545638,1.0345996632504133,0.9554622059545638,1.0345996632504133,0,0.0,0,0.0,0.0,0,concat_raw,42
0,62,119,11424,0.7,0.7,0.0,0,0,0,0,0,0,0.8674168306339012,0.9538979208086,1.0381732820014131,0.9538979208086,1.0381732820014131,0,0.0,0,0.0,0.0,0,concat_raw,42
0,63,120,11520,0.7,0.7,0.0,0,0,0,0,0,0,0.8676716841463048,0.9525764160553256,1.0404903389220117,0.9525764160553256,1.0404903389220117,0,0.0,0,0.0,0.0,0,concat_raw,42
0,63,122,11712,0.7,0.7,0.0,0,0,0,0,0,0,0.8674296355155562,0.9560010456501054,1.0331361321847532,0.9560010456501054,1.0331361321847532,0,0.0,0,0.0,0.0,0,concat_raw,42
0,64,123,11808,0.7,0.7,0.0,0,0,0,0,0,0,0.8622643911157407,0.9519987843578576,1.0334250490553218,0.9519987843578576,1.0334250490553218,0,0.0,0,0.0,0.0,0,concat_raw,42
0,65,125,12000,0.7,0.7,0.0,0,0,0,0,0,0,0.8675687748934364,0.9524469572815568,1.0413494513901618,0.9524469572815568,1.0413494513901618,0,0.0,0,0.0,0.0,0,concat_raw,42
0,66,126,12096,0.7,0.7,0.0,0,0,0,0,0,0,0.8726130103284331,0.9522334377348136,1.0357545534845969,0.9522334377348136,1.0357545534845969,0,0.0,0,0.0,0.0,0,concat_raw,42
0,67,128,12288,0.7,0.7,0.0,0,0,0,0,0,0,0.8705191731675893,0.954327830469041,1.0371897608542455,0.954327830469041,1.0371897608542455,0,0.0,0,0.0,0.0,0,concat_raw,42
0,68,129,12384,0.7,0.7,0.0,0,0,0,0,0,0,0.8834372290027892,0.9507577157222844,1.0357179051850285,0.9507577157222844,1.0357179051850285,0,0.0,0,0.0,0.0,0,concat_raw,42
0,69,131,12576,0.7,0.7,0.0,0,0,0,0,0,0,0.8505154959284252,0.9535883333166124,1.0403267341580649,0.9535883333166124,1.0403267341580649,0,0.0,0,0.0,0.0,0,concat_raw,42
0,70,133,12768,0.7,0.7,0.0,0,0,0,0,0,0,0.8712730444988821,0.952316341567126,1.0373499229493872,0.952316341567126,1.0373499229493872,0,0.0,0,0.0,0.0,0,concat_raw,42
0,71,134,12864,0.7,0.7,0.0,0,0,0,0,0,0,0.8518719417385525,0.9520172258970128,1.0353929558539166,0.9520172258970128,1.0353929558539166,0,0.0,0,0.0,0.0,0,concat_raw,42
0,72,136,13056,0.7,0.7,0.0,0,0,0,0,0,0,0.8858742055927499,0.9553659150654504,1.0418780643566885,0.9553659150654504,1.0418780643566885,0,0.0,0,0.0,0.0,0,concat_raw,42
0,73,140,13440,0.7,0.7,0.0,0,0,0,0,0,0,0.8522147388470789,0.9532538132460808,1.0359080491509944,0.9532538132460808,1.0359080491509944,0,0.0,0,0.0,0.0,0,concat_raw,42
0,74,141,13536,0.7,0.7,0.0,0,0,0,0,0,0,0.8604659542004696,0.95217681859325,1.0310799382021727,0.95217681859325,1.0310799382021727,0,0.0,0,0.0,0.0,0,concat_raw,42
0,75,142,13632,0.7,0.7,0.0,0,0,0,0,0,0,0.8722403139897924,0.9539849112036342,1.03865512524932,0.9539849112036342,1.03865512524932,0,0.0,0,0.0,0.0,0,concat_raw,42
0,76,143,13728,0.7,0.7,0.0,0,0,0,0,0,0,0.8639366632231077,0.952090176673337,1.0305808787978283,0.952090176673337,1.0305808787978283,0,0.0,0,0.0,0.0,0,concat_raw,42
0,77,145,13920,0.7,0.7,0.0,0,0,0,0,0,0,0.8593020012629169,0.9577416683190728,1.035959700601525,0.9577416683190728,1.035959700601525,0,0.0,0,0.0,0.0,0,concat_raw,42
0,78,148,14208,0.7,0.7,0.0,0,0,0,0,0,0,0.8641324134531138,0.9511862661887774,1.0300748053958102,0.9511862661887774,1.0300748053958102,0,0.0,0,0.0,0.0,0,concat_raw,42
0,79,149,14304,0.7,0.7,0.0,0,0,0,0,0,0,0.875711586660306,0.9504398679253236,1.0346219434779065,0.9504398679253236,1.0346219434779065,0,0.0,0,0.0,0.0,0,concat_raw,42
0,80,151,14496,0.7,0.7,0.0,0,0,0,0,0,0,0.8754282230492281,0.9542886599826542,1.0312820090595336,0.9542886599826542,1.0312820090595336,0,0.0,0,0.0,0.0,0,concat_raw,42
0,81,152,14592,0.7,0.7,0.0,0,0,0,0,0,0,0.8598453387132148,0.955134025222666,1.0343395288233097,0.955134025222666,1.0343395288233097,0,0.0,0,0.0,0.0,0,concat_raw,42
0,82,154,14784,0.7,0.7,0.0,0,0,0,0,0,0,0.8548797919323347,0.9541413532063452,1.0359976430610784,0.9541413532063452,1.0359976430610784,0,0.0,0,0.0,0.0,0,concat_raw,42
0,83,156,14976,0.7,0.7,0.0,0,0,0,0,0,0,0.8817582047651161,0.9511957741243264,1.0422043525674585,0.9511957741243264,1.0422043525674585,0,0.0,0,0.0,0.0,0,concat_raw,42
0,84,157,15072,0.7,0.7,0.0,0,0,0,0,0,0,0.8639099783610664,0.9540116368709842,1.0381004007718224,0.9540116368709842,1.0381004007718224,0,0.0,0,0.0,0.0,0,concat_raw,42
0,85,166,15936,0.7,0.7,0.0,0,0,0,0,0,0,0.8577223732536456,0.9536332956770754,1.0326416138870165,0.9536332956770754,1.0326416138870165,0,0.0,0,0.0,0.0,0,concat_raw,42
0,87,168,16128,0.7,0.7,0.0,0,0,0,0,0,0,0.8704465779114128,0.9536241437391644,1.0339210908738037,0.9536241437391644,1.0339210908738037,0,0.0,0,0.0,0.0,0,concat_raw,42
0,86,169,16224,0.7,0.7,0.0,0,0,0,0,0,0,0.869029553682551,0.954717703232584,1.033905982737238,0.954717703232584,1.033905982737238,0,0.0,0,0.0,0.0,0,concat_raw,42
0,87,171,16416,0.7,0.7,0.0,0,0,0,0,0,0,0.8605294091029264,0.9530905856060125,1.0358312048827507,0.9530905856060125,1.0358312048827507,0,0.0,0,0.0,0.0,0,concat_raw,42
0,88,172,16512,0.7,0.7,0.0,1,1,0,1,0,0,0.8614107945902056,0.949783536422036,1.032573820168314,0.949783536422036,1.032573820168314,0,0.0,0,0.0,0.0,0,concat_raw,42
0,89,173,16608,0.7,0.7,0.0,0,0,0,0,0,0,0.8691742369321189,0.9524809999681288,1.0363567511518348,0.9524809999681288,1.0363567511518348,0,0.0,0,0.0,0.0,0,concat_raw,42
0,90,175,16800,0.7,0.7,0.0,0,0,0,0,0,0,0.8639866083595349,0.9536572221265928,1.0365387477116756,0.9536572221265928,1.0365387477116756,0,0.0,0,0.0,0.0,0,concat_raw,42
0,91,176,16896,0.7,0.7,0.0,0,0,0,0,0,0,0.8783100152908936,0.9546951000201916,1.0312129043693503,0.9546951000201916,1.0312129043693503,0,0.0,0,0.0,0.0,0,concat_raw,42
0,92,178,17088,0.7,0.7,0.0,0,0,0,0,0,0,0.8704536946880738,0.9535262323300028,1.0345192317948286,0.9535262323300028,1.0345192317948286,0,0.0,0,0.0,0.0,0,concat_raw,42
0,93,179,17184,0.7,0.7,0.0,0,0,0,0,0,0,0.8799708050225116,0.9513855270533054,1.033957251754028,0.9513855270533054,1.033957251754028,0,0.0,0,0.0,0.0,0,concat_raw,42
0,94,181,17376,0.7,0.7,0.0,0,0,0,0,0,0,0.8687191840338759,0.9534553552584438,1.036675116981118,0.9534553552584438,1.036675116981118,0,0.0,0,0.0,0.0,0,concat_raw,42
0,95,183,17568,0.7,0.7,0.0,0,0,0,0,0,0,0.8697996676732785,0.952551018927168,1.0382886977290708,0.952551018927168,1.0382886977290708,0,0.0,0,0.0,0.0,0,concat_raw,42
0,96,184,17664,0.7,0.7,0.0,0,0,0,0,0,0,0.8672043343294064,0.9548226728857138,1.033599540559358,0.9548226728857138,1.033599540559358,0,0.0,0,0.0,0.0,0,concat_raw,42
0,97,187,17952,0.7,0.7,0.0,0,0,0,0,0,0,0.8687157636639747,0.9501486067735598,1.0358775460713965,0.9501486067735598,1.0358775460713965,0,0.0,0,0.0,0.0,0,concat_raw,42
0,100,190,18240,0.7,0.7,0.0,0,0,0,0,0,0,0.8560904633361411,0.9554575517225992,1.0294066586145456,0.9554575517225992,1.0294066586145456,0,0.0,0,0.0,0.0,0,concat_raw,42
0,98,192,18432,0.7,0.7,0.0,0,0,0,0,0,0,0.8774019271115546,0.9520256465308594,1.0333611941583667,0.9520256465308594,1.0333611941583667,0,0.0,0,0.0,0.0,0,concat_raw,42
0,99,193,18528,0.7,0.7,0.0,0,0,0,0,0,0,0.8680793152051121,0.9521248356812614,1.0352006542383596,0.9521248356812614,1.0352006542383596,0,0.0,0,0.0,0.0,0,concat_raw,42
0,100,197,18912,0.7,0.7,0.0,0,0,0,0,0,0,0.8631296980354437,0.9532054205905404,1.0347577200954396,0.9532054205905404,1.0347577200954396,0,0.0,0,0.0,0.0,0,concat_raw,42
0,101,201,19296,0.7,0.7,0.0,0,0,0,0,0,0,0.8619295896913277,0.9527907381140546,1.0420909368374027,0.9527907381140546,1.0420909368374027,0,0.0,0,0.0,0.0,0,concat_raw,42
0,102,205,19680,0.7,0.7,0.0,0,0,0,0,0,0,0.855406007110668,0.9544806618194204,1.035051300939774,0.9544806618194204,1.035051300939774,0,0.0,0,0.0,0.0,0,concat_raw,42
0,103,207,19872,0.7,0.7,0.0,1,1,0,1,0,0,0.872070616435377,0.945876901909618,1.0338521137420689,0.945876901909618,1.0338521137420689,0,0.0,0,0.0,0.0,0,concat_raw,42
0,104,210,20160,0.7,0.7,0.0,1,1,0,1,0,0,0.8546280965142138,0.9479089174778788,1.030323798650001,0.9479089174778788,1.030323798650001,0,0.0,0,0.0,0.0,0,concat_raw,42
0,105,212,20352,0.7,0.7,0.0,0,0,0,0,0,0,0.8732009793208952,0.9505316400375232,1.0398247572129755,0.9505316400375232,1.0398247572129755,0,0.0,0,0.0,0.0,0,concat_raw,42
0,106,213,20448,0.7,0.7,0.0,0,0,0,0,0,0,0.8671745226923432,0.9534939309976538,1.041114467599576,0.9534939309976538,1.041114467599576,0,0.0,0,0.0,0.0,0,concat_raw,42
0,107,216,20736,0.7,0.7,0.0,0,0,0,0,0,0,0.8501199639489591,0.9540266227107936,1.0346277396716226,0.9540266227107936,1.0346277396716226,0,0.0,0,0.0,0.0,0,concat_raw,42
0,108,219,21024,0.7,0.7,0.0,0,0,0,0,0,0,0.8825496543006859,0.9515422995383896,1.0384738057915242,0.9515422995383896,1.0384738057915242,0,0.0,0,0.0,0.0,0,concat_raw,42
0,109,220,21120,0.7,0.7,0.0,0,0,0,0,0,0,0.8739296978978806,0.9551491657671852,1.0333117943483792,0.9551491657671852,1.0333117943483792,0,0.0,0,0.0,0.0,0,concat_raw,42
0,110,226,21696,0.7,0.7,0.0,0,0,0,0,0,0,0.8639339263105742,0.952486399934003,1.0350735358921097,0.952486399934003,1.0350735358921097,0,0.0,0,0.0,0.0,0,concat_raw,42
0,114,228,21888,0.7,0.7,0.0,0,0,0,0,0,0,0.8807157777486312,0.956829905661281,1.0396823964781066,0.956829905661281,1.0396823964781066,0,0.0,0,0.0,0.0,0,concat_raw,42
0,111,230,22080,0.7,0.7,0.0,0,0,0,0,0,0,0.8653789466222434,0.9540931444502596,1.036226812874097,0.9540931444502596,1.036226812874097,0,0.0,0,0.0,0.0,0,concat_raw,42
0,112,231,22176,0.7,0.7,0.0,0,0,0,0,0,0,0.8606641894812151,0.9557519319340424,1.0397867534666618,0.9557519319340424,1.0397867534666618,0,0.0,0,0.0,0.0,0,concat_raw,42
0,113,232,22272,0.7,0.7,0.0,0,0,0,0,0,0,0.8564012437914622,0.9555928935128484,1.03231220738707,0.9555928935128484,1.03231220738707,0,0.0,0,0.0,0.0,0,concat_raw,42
0,114,234,22464,0.7,0.7,0.0,0,0,0,0,0,0,0.8689785020280255,0.9542945068537448,1.0400473168083395,0.9542945068537448,1.0400473168083395,0,0.0,0,0.0,0.0,0,concat_raw,42
0,115,235,22560,0.7,0.7,0.0,0,0,0,0,0,0,0.8758004626474725,0.9520721406269838,1.0364300318549398,0.9520721406269838,1.0364300318549398,0,0.0,0,0.0,0.0,0,concat_raw,42
0,116,236,22656,0.7,0.7,0.0,0,0,0,0,0,0,0.8701786041865228,0.9554043267247752,1.0330470122016506,0.9554043267247752,1.0330470122016506,0,0.0,0,0.0,0.0,0,concat_raw,42
0,117,239,22944,0.7,0.7,0.0,0,0,0,0,0,0,0.8604982941214145,0.9533777711339836,1.035223994765866,0.9533777711339836,1.035223994765866,0,0.0,0,0.0,0.0,0,concat_raw,42
0,118,240,23040,0.7,0.7,0.0,0,0,0,0,0,0,0.8630461810468391,0.9538345508356488,1.0353183338412075,0.9538345508356488,1.0353183338412075,0,0.0,0,0.0,0.0,0,concat_raw,42
0,123,241,23136,0.7,0.7,0.0,0,0,0,0,0,0,0.8597484212088027,0.9528645966881312,1.031702140949299,0.9528645966881312,1.031702140949299,0,0.0,0,0.0,0.0,0,concat_raw,42
0,119,244,23424,0.7,0.7,0.0,0,0,0,0,0,0,0.8697781519046878,0.9540294055030132,1.0336037530241486,0.9540294055030132,1.0336037530241486,0,0.0,0,0.0,0.0,0,concat_raw,42
0,120,245,23520,0.7,0.7,0.0,0,0,0,0,0,0,0.8576882038493154,0.953927543052039,1.03388113171374,0.953927543052039,1.03388113171374,0,0.0,0,0.0,0.0,0,concat_raw,42
0,121,248,23808,0.7,0.7,0.0,0,0,0,0,0,0,0.8689559121561627,0.954861083343736,1.03600025953068,0.954861083343736,1.03600025953068,0,0.0,0,0.0,0.0,0,concat_raw,42
0,122,251,24096,0.7,0.7,0.0,0,0,0,0,0,0,0.8535118386229,0.9530500415364526,1.037022857983144,0.9530500415364526,1.037022857983144,0,0.0,0,0.0,0.0,0,concat_raw,42
0,123,253,24288,0.7,0.7,0.0,0,0,0,0,0,0,0.859117438192641,0.9537525485402176,1.0382111334538986,0.9537525485402176,1.0382111334538986,0,0.0,0,0.0,0.0,0,concat_raw,42
0,124,254,24384,0.7,0.7,0.0,0,0,0,0,0,0,0.8639917078680124,0.955685018574804,1.0339764285531234,0.955685018574804,1.0339764285531234,0,0.0,0,0.0,0.0,0,concat_raw,42
0,125,257,24672,0.7,0.7,0.0,0,0,0,0,0,0,0.8475690954189438,0.9570978602820456,1.0393237945805165,0.9570978602820456,1.0393237945805165,0,0.0,0,0.0,0.0,0,concat_raw,42
0,126,259,24864,0.7,0.7,0.0,0,0,0,0,0,0,0.8571977255415354,0.957622828053214,1.037059749779784,0.957622828053214,1.037059749779784,0,0.0,0,0.0,0.0,0,concat_raw,42
0,127,261,25056,0.7,0.7,0.0,0,0,0,0,0,0,0.8749031495731234,0.9523981113500412,1.035807610075287,0.9523981113500412,1.035807610075287,0,0.0,0,0.0,0.0,0,concat_raw,42
0,128,266,25536,0.7,0.7,0.0,0,0,0,0,0,0,0.8627737021653802,0.9514939394035612,1.034604222044831,0.9514939394035612,1.034604222044831,0,0.0,0,0.0,0.0,0,concat_raw,42
0,129,267,25632,0.7,0.7,0.0,0,0,0,0,0,0,0.861557328355314,0.954318809746338,1.034243454163946,0.954318809746338,1.034243454163946,0,0.0,0,0.0,0.0,0,concat_raw,42
0,130,268,25728,0.7,0.7,0.0,0,0,0,0,0,0,0.8582612755464633,0.9549364592234478,1.0310733241812693,0.9549364592234478,1.0310733241812693,0,0.0,0,0.0,0.0,0,concat_raw,42
0,131,269,25824,0.7,0.7,0.0,0,0,0,0,0,0,0.8749345769108091,0.9540522418787724,1.0424917500681004,0.9540522418787724,1.0424917500681004,0,0.0,0,0.0,0.0,0,concat_raw,42
0,132,271,26016,0.7,0.7,0.0,1,1,0,1,0,0,0.8685686455125835,0.9499285242724508,1.0317935232025286,0.9499285242724508,1.0317935232025286,0,0.0,0,0.0,0.0,0,concat_raw,42
0,133,272,26112,0.7,0.7,0.0,0,0,0,0,0,0,0.870779209568501,0.9563138003050264,1.034579090897401,0.9563138003050264,1.034579090897401,0,0.0,0,0.0,0.0,0,concat_raw,42
0,134,273,26208,0.7,0.7,0.0,1,1,0,1,0,0,0.8699863732861893,0.945538846978501,1.035410618069558,0.945538846978501,1.035410618069558,0,0.0,0,0.0,0.0,0,concat_raw,42
0,135,275,26400,0.7,0.7,0.0,0,0,0,0,0,0,0.8421196493072484,0.9555182424512484,1.0379335122477371,0.9555182424512484,1.0379335122477371,0,0.0,0,0.0,0.0,0,concat_raw,42
0,136,276,26496,0.7,0.7,0.0,0,0,0,0,0,0,0.8715679193175967,0.9513533441587816,1.036371535283889,0.9513533441587816,1.036371535283889,0,0.0,0,0.0,0.0,0,concat_raw,42
0,142,278,26688,0.7,0.7,0.0,0,0,0,0,0,0,0.8568797883079035,0.9543125143484352,1.0361760824163664,0.9543125143484352,1.0361760824163664,0,0.0,0,0.0,0.0,0,concat_raw,42
0,143,280,26880,0.7,0.7,0.0,0,0,0,0,0,0,0.8577678458280058,0.9523012877521712,1.0343111597300416,0.9523012877521712,1.0343111597300416,0,0.0,0,0.0,0.0,0,concat_raw,42
0,144,281,26976,0.7,0.7,0.0,0,0,0,0,0,0,0.8397264695344255,0.9562867209045394,1.0314227092861492,0.9562867209045394,1.0314227092861492,0,0.0,0,0.0,0.0,0,concat_raw,42
0,137,282,27072,0.7,0.7,0.0,0,0,0,0,0,0,0.8600863583282325,0.9567817407067803,1.038472004414237,0.9567817407067803,1.038472004414237,0,0.0,0,0.0,0.0,0,concat_raw,42
0,138,283,27168,0.7,0.7,0.0,0,0,0,0,0,0,0.8509619643528585,0.9563436558591956,1.0425613764849733,0.9563436558591956,1.0425613764849733,0,0.0,0,0.0,0.0,0,concat_raw,42
0,139,284,27264,0.7,0.7,0.0,0,0,0,0,0,0,0.8760597135913956,0.9531617415026766,1.0344312890150342,0.9531617415026766,1.0344312890150342,0,0.0,0,0.0,0.0,0,concat_raw,42
0,140,285,27360,0.7,0.7,0.0,0,0,0,0,0,0,0.8795221692579788,0.9558848981595728,1.0371676331874204,0.9558848981595728,1.0371676331874204,0,0.0,0,0.0,0.0,0,concat_raw,42
0,141,287,27552,0.7,0.7,0.0,0,0,0,0,0,0,0.8726380128022475,0.9541547040878338,1.0347670599502474,0.9541547040878338,1.0347670599502474,0,0.0,0,0.0,0.0,0,concat_raw,42
0,142,288,27648,0.7,0.7,0.0,0,0,0,0,0,0,0.8597067692057823,0.9550906022904788,1.0359326125164083,0.9550906022904788,1.0359326125164083,0,0.0,0,0.0,0.0,0,concat_raw,42
0,143,289,27744,0.7,0.7,0.0,0,0,0,0,0,0,0.8514585491568113,0.9522553436773552,1.030468055625125,0.9522553436773552,1.030468055625125,0,0.0,0,0.0,0.0,0,concat_raw,42
0,144,290,27840,0.7,0.7,0.0,0,0,0,0,0,0,0.8701888824754326,0.9516793957163996,1.039147834652007,0.9516793957163996,1.039147834652007,0,0.0,0,0.0,0.0,0,concat_raw,42
0,153,291,27936,0.7,0.7,0.0,0,0,0,0,0,0,0.8790465921367407,0.9522094538935852,1.0348283128636886,0.9522094538935852,1.0348283128636886,0,0.0,0,0.0,0.0,0,concat_raw,42
0,145,292,28032,0.7,0.7,0.0,0,0,0,0,0,0,0.8482908591590521,0.9548889137835318,1.033994943790758,0.9548889137835318,1.033994943790758,0,0.0,0,0.0,0.0,0,concat_raw,42
0,146,293,28128,0.7,0.7,0.0,0,0,0,0,0,0,0.8793549826588168,0.9550163084689768,1.0368470680605897,0.9550163084689768,1.0368470680605897,0,0.0,0,0.0,0.0,0,concat_raw,42
0,147,294,28224,0.7,0.7,0.0,0,0,0,0,0,0,0.8612604930215777,0.9538788773400232,1.0347979092420512,0.9538788773400232,1.0347979092420512,0,0.0,0,0.0,0.0,0,concat_raw,42
0,148,295,28320,0.7,0.7,0.0,0,0,0,0,0,0,0.8527919363004626,0.9544645557729972,1.030923076378247,0.9544645557729972,1.030923076378247,0,0.0,0,0.0,0.0,0,concat_raw,42
0,149,296,28416,0.7,0.7,0.0,0,0,0,0,0,0,0.8596414493979786,0.954063096621768,1.029672894474844,0.954063096621768,1.029672894474844,0,0.0,0,0.0,0.0,0,concat_raw,42
0,150,297,28512,0.7,0.7,0.0,0,0,0,0,0,0,0.8754689239521285,0.9521708631168436,1.032292395476328,0.9521708631168436,1.032292395476328,0,0.0,0,0.0,0.0,0,concat_raw,42
0,160,298,28608,0.7,0.7,0.0,0,0,0,0,0,0,0.8688546706247016,0.9586303433726416,1.0394346821365092,0.9586303433726416,1.0394346821365092,0,0.0,0,0.0,0.0,0,concat_raw,42
0,151,299,28704,0.7,0.7,0.0,0,0,0,0,0,0,0.8703917988087397,0.9501029385880384,1.0400043065625642,0.9501029385880384,1.0400043065625642,0,0.0,0,0.0,0.0,0,concat_raw,42
0,152,300,28800,0.7,0.7,0.0,0,0,0,0,0,0,0.8602275294274789,0.9576923050162542,1.0413491744862309,0.9576923050162542,1.0413491744862309,0,0.0,0,0.0,0.0,0,concat_raw,42
0,153,302,28992,0.7,0.7,0.0,0,0,0,0,0,0,0.8703415781209822,0.9573053425329529,1.039265539965771,0.9573053425329529,1.039265539965771,0,0.0,0,0.0,0.0,0,concat_raw,42
0,154,305,29280,0.7,0.7,0.0,0,0,0,0,0,0,0.8643198544726451,0.9531761780769248,1.0386127175176822,0.9531761780769248,1.0386127175176822,0,0.0,0,0.0,0.0,0,concat_raw,42
0,155,306,29376,0.7,0.7,0.0,0,0,0,0,0,0,0.8446103697674736,0.9526527788106414,1.030419315025802,0.9526527788106414,1.030419315025802,0,0.0,0,0.0,0.0,0,concat_raw,42
0,156,307,29472,0.7,0.7,0.0,0,0,0,0,0,0,0.863780753222168,0.9546417038962216,1.0313714631798212,0.9546417038962216,1.0313714631798212,0,0.0,0,0.0,0.0,0,concat_raw,42
0,157,308,29568,0.7,0.7,0.0,0,0,0,0,0,0,0.8635077977273822,0.950158592902733,1.0336463888640988,0.950158592902733,1.0336463888640988,0,0.0,0,0.0,0.0,0,concat_raw,42
0,158,312,29952,0.7,0.7,0.0,0,0,0,0,0,0,0.8619336813451325,0.9502543131060068,1.032830495199563,0.9502543131060068,1.032830495199563,0,0.0,0,0.0,0.0,0,concat_raw,42
0,159,315,30240,0.7,0.7,0.0,0,0,0,0,0,0,0.8812671565781062,0.9553043791914329,1.037875553900576,0.9553043791914329,1.037875553900576,0,0.0,0,0.0,0.0,0,concat_raw,42
0,160,317,30432,0.7,0.7,0.0,0,0,0,0,0,0,0.8740074486981005,0.951080797739204,1.0321927887225064,0.951080797739204,1.0321927887225064,0,0.0,0,0.0,0.0,0,concat_raw,42
0,161,319,30624,0.7,0.7,0.0,1,1,0,1,0,0,0.8698162202387394,0.948774891512411,1.0409849650423542,0.948774891512411,1.0409849650423542,0,0.0,0,0.0,0.0,0,concat_raw,42
0,162,321,30816,0.7,0.7,0.0,0,0,0,0,0,0,0.8674332930945426,0.95368935507128,1.0389311999373236,0.95368935507128,1.0389311999373236,0,0.0,0,0.0,0.0,0,concat_raw,42
0,173,322,30912,0.7,0.7,0.0,0,0,0,0,0,0,0.8577554939592585,0.9523517952198572,1.0312959149635497,0.9523517952198572,1.0312959149635497,0,0.0,0,0.0,0.0,0,concat_raw,42
0,163,326,31296,0.7,0.7,0.0,1,1,0,1,0,0,0.8698947155332692,0.9465427992782482,1.031105245531692,0.9465427992782482,1.031105245531692,0,0.0,0,0.0,0.0,0,concat_raw,42
0,164,329,31584,0.7,0.7,0.0,0,0,0,0,0,0,0.8749775272531574,0.9540795965960625,1.034150655631383,0.9540795965960625,1.034150655631383,0,0.0,0,0.0,0.0,0,concat_raw,42
0,165,331,31776,0.7,0.7,0.0,0,0,0,0,0,0,0.8897295137378717,0.956122444918618,1.0352920878890297,0.956122444918618,1.0352920878890297,0,0.0,0,0.0,0.0,0,concat_raw,42
0,166,332,31872,0.7,0.7,0.0,0,0,0,0,0,0,0.8601106597486294,0.9502122592734122,1.0387573254091838,0.9502122592734122,1.0387573254091838,0,0.0,0,0.0,0.0,0,concat_raw,42
0,167,333,31968,0.7,0.7,0.0,0,0,0,0,0,0,0.8464910691890195,0.9564673589293152,1.034483378807611,0.9564673589293152,1.034483378807611,0,0.0,0,0.0,0.0,0,concat_raw,42
0,168,335,32160,0.7,0.7,0.0,0,0,0,0,0,0,0.8599161402887315,0.9535418517145712,1.0305828600488405,0.9535418517145712,1.0305828600488405,0,0.0,0,0.0,0.0,0,concat_raw,42
0,169,336,32256,0.7,0.7,0.0,1,1,0,1,0,0,0.8769941750676382,0.9495547258744194,1.0332555946456528,0.9495547258744194,1.0332555946456528,0,0.0,0,0.0,0.0,0,concat_raw,42
0,170,337,32352,0.7,0.7,0.0,0,0,0,0,0,0,0.8681228587080804,0.957273216057714,1.0379102734335823,0.957273216057714,1.0379102734335823,0,0.0,0,0.0,0.0,0,concat_raw,42
0,171,338,32448,0.7,0.7,0.0,0,0,0,0,0,0,0.8734017031753801,0.9533347387391145,1.0324252691220133,0.9533347387391145,1.0324252691220133,0,0.0,0,0.0,0.0,0,concat_raw,42
0,172,339,32544,0.7,0.7,0.0,0,0,0,0,0,0,0.8782190091707129,0.9543745165911446,1.0418887867048467,0.9543745165911446,1.0418887867048467,0,0.0,0,0.0,0.0,0,concat_raw,42
0,173,341,32736,0.7,0.7,0.0,0,0,0,0,0,0,0.8478813515391275,0.9537044933688196,1.0345527507945105,0.9537044933688196,1.0345527507945105,0,0.0,0,0.0,0.0,0,concat_raw,42
0,174,342,32832,0.7,0.7,0.0,1,1,0,1,0,0,0.8651746526420291,0.9488596762902698,1.037968835118383,0.9488596762902698,1.037968835118383,0,0.0,0,0.0,0.0,0,concat_raw,42
0,175,345,33120,0.7,0.7,0.0,1,1,0,1,0,0,0.8473210310110803,0.9484963449405468,1.0403266860263851,0.9484963449405468,1.0403266860263851,0,0.0,0,0.0,0.0,0,concat_raw,42
0,176,347,33312,0.7,0.7,0.0,0,0,0,0,0,0,0.8677947485333171,0.9507706419577936,1.040724564266207,0.9507706419577936,1.040724564266207,0,0.0,0,0.0,0.0,0,concat_raw,42
0,177,348,33408,0.7,0.7,0.0,0,0,0,0,0,0,0.8563671826679297,0.952100221831166,1.0331694942791054,0.952100221831166,1.0331694942791054,0,0.0,0,0.0,0.0,0,concat_raw,42
0,178,349,33504,0.7,0.7,0.0,1,1,0,1,0,0,0.8726640386801938,0.9481768662797062,1.0361975113059891,0.9481768662797062,1.0361975113059891,0,0.0,0,0.0,0.0,0,concat_raw,42
0,179,351,33696,0.7,0.7,0.0,0,0,0,0,0,0,0.8592892299580799,0.955451400602036,1.0343203785100452,0.955451400602036,1.0343203785100452,0,0.0,0,0.0,0.0,0,concat_raw,42
0,191,352,33792,0.7,0.7,0.0,0,0,0,0,0,0,0.8773122706329511,0.95644884619562,1.0391366610916717,0.95644884619562,1.0391366610916717,0,0.0,0,0.0,0.0,0,concat_raw,42
0,180,354,33984,0.7,0.7,0.0,0,0,0,0,0,0,0.8675578112865671,0.9537434772405808,1.0323027814829415,0.9537434772405808,1.0323027814829415,0,0.0,0,0.0,0.0,0,concat_raw,42
0,181,355,34080,0.7,0.7,0.0,0,0,0,0,0,0,0.8980739462963352,0.9532488734489764,1.042734103987032,0.9532488734489764,1.042734103987032,0,0.0,0,0.0,0.0,0,concat_raw,42
0,182,356,34176,0.7,0.7,0.0,0,0,0,0,0,0,0.8649245348976236,0.9570701709890972,1.040506241447024,0.9570701709890972,1.040506241447024,0,0.0,0,0.0,0.0,0,concat_raw,42
0,183,361,34656,0.7,0.7,0.0,0,0,0,0,0,0,0.8653325566578323,0.9566795686504868,1.034617920253708,0.9566795686504868,1.034617920253708,0,0.0,0,0.0,0.0,0,concat_raw,42
0,196,362,34752,0.7,0.7,0.0,0,0,0,0,0,0,0.8636924516076685,0.955160832818261,1.037819042825887,0.955160832818261,1.037819042825887,0,0.0,0,0.0,0.0,0,concat_raw,42
0,184,364,34944,0.7,0.7,0.0,1,1,0,1,0,0,0.860327650052578,0.9498666346816224,1.032373643565106,0.9498666346816224,1.032373643565106,0,0.0,0,0.0,0.0,0,concat_raw,42
0,198,366,35136,0.7,0.7,0.0,0,0,0,0,0,0,0.8644923731556912,0.9507017057535284,1.0389989920053184,0.9507017057535284,1.0389989920053184,0,0.0,0,0.0,0.0,0,concat_raw,42
0,185,367,35232,0.7,0.7,0.0,0,0,0,0,0,0,0.8682402283914684,0.9521771631692816,1.030156139893792,0.9521771631692816,1.030156139893792,0,0.0,0,0.0,0.0,0,concat_raw,42
0,1,2,192,0.7,0.7,0.0,1,1,0,1,0,0,0.9618168521327872,0.9484244941385148,1.021532006592244,0.9484244941385148,1.021532006592244,0,0.0,0,0.0,0.0,0,concat_raw,43
0,2,4,384,0.7,0.7,0.0,0,0,0,0,0,0,0.9546852242728322,0.9541296084408616,1.01807821351261,0.9541296084408616,1.01807821351261,0,0.0,0,0.0,0.0,0,concat_raw,43
0,3,6,576,0.7,0.7,0.0,0,0,0,0,0,0,0.9761137054039676,0.9523415827659676,1.0181016110911865,0.9523415827659676,1.0181016110911865,0,0.0,0,0.0,0.0,0,concat_raw,43
0,4,7,672,0.7,0.7,0.0,0,0,0,0,0,0,0.9784250319558452,0.952329206003306,1.020598759369725,0.952329206003306,1.020598759369725,0,0.0,0,0.0,0.0,0,concat_raw,43
0,5,10,960,0.7,0.7,0.0,0,0,0,0,0,0,0.9527818532003804,0.95318527850064,1.0184941687547866,0.95318527850064,1.0184941687547866,0,0.0,0,0.0,0.0,0,concat_raw,43
0,6,13,1248,0.7,0.7,0.0,0,0,0,0,0,0,0.9774312017868388,0.9501828637965778,1.0236629696557948,0.9501828637965778,1.0236629696557948,0,0.0,0,0.0,0.0,0,concat_raw,43
0,7,16,1536,0.7,0.7,0.0,0,0,0,0,0,0,0.9767296586748272,0.9504953014152976,1.0244721551262883,0.9504953014152976,1.0244721551262883,0,0.0,0,0.0,0.0,0,concat_raw,43
0,8,17,1632,0.7,0.7,0.0,0,0,0,0,0,0,0.9587732328662468,0.9560541090043548,1.0229510321981463,0.9560541090043548,1.0229510321981463,0,0.0,0,0.0,0.0,0,concat_raw,43
0,9,20,1920,0.7,0.7,0.0,0,0,0,0,0,0,0.9436932741950428,0.9530842961639238,1.0198041337973924,0.9530842961639238,1.0198041337973924,0,0.0,0,0.0,0.0,0,concat_raw,43
0,10,22,2112,0.7,0.7,0.0,0,0,0,0,0,0,0.970008042735982,0.9545347996036706,1.0264320519688193,0.9545347996036706,1.0264320519688193,0,0.0,0,0.0,0.0,0,concat_raw,43
0,11,23,2208,0.7,0.7,0.0,0,0,0,0,0,0,0.9518389418745516,0.9540502321005428,1.0213981839699613,0.9540502321005428,1.0213981839699613,0,0.0,0,0.0,0.0,0,concat_raw,43
0,12,25,2400,0.7,0.7,0.0,0,0,0,0,0,0,0.9436476207609346,0.9541368443482832,1.018417606902119,0.9541368443482832,1.018417606902119,0,0.0,0,0.0,0.0,0,concat_raw,43
0,13,26,2496,0.7,0.7,0.0,0,0,0,0,0,0,0.9716032055792868,0.9541359813226642,1.0206148702690745,0.9541359813226642,1.0206148702690745,0,0.0,0,0.0,0.0,0,concat_raw,43
0,14,29,2784,0.7,0.7,0.0,0,0,0,0,0,0,0.963898613628222,0.9529468786938196,1.0180365097133697,0.9529468786938196,1.0180365097133697,0,0.0,0,0.0,0.0,0,concat_raw,43
0,15,30,2880,0.7,0.7,0.0,0,0,0,0,0,0,0.9601896538348956,0.9524725856899756,1.0185911291115577,0.9524725856899756,1.0185911291115577,0,0.0,0,0.0,0.0,0,concat_raw,43
0,16,31,2976,0.7,0.7,0.0,0,0,0,0,0,0,0.9435964178786472,0.9519990581678384,1.0192351055969395,0.9519990581678384,1.0192351055969395,0,0.0,0,0.0,0.0,0,concat_raw,43
0,17,34,3264,0.7,0.7,0.0,0,0,0,0,0,0,0.9671634650615846,0.9503564432975268,1.020865251602604,0.9503564432975268,1.020865251602604,0,0.0,0,0.0,0.0,0,concat_raw,43
0,18,37,3552,0.7,0.7,0.0,0,0,0,0,0,0,0.9477484944728592,0.9569776114372004,1.0188785782966832,0.9569776114372004,1.0188785782966832,0,0.0,0,0.0,0.0,0,concat_raw,43
0,19,38,3648,0.7,0.7,0.0,0,0,0,0,0,0,0.9761960567262072,0.9543346851233384,1.0188913521039056,0.9543346851233384,1.0188913521039056,0,0.0,0,0.0,0.0,0,concat_raw,43
0,20,39,3744,0.7,0.7,0.0,0,0,0,0,0,0,0.9784476280647748,0.9530053144402044,1.0199891141211097,0.9530053144402044,1.0199891141211097,0,0.0,0,0.0,0.0,0,concat_raw,43
0,21,43,4128,0.7,0.7,0.0,0,0,0,0,0,0,0.9559017177849068,0.951866076910626,1.0172036604596784,0.951866076910626,1.0172036604596784,0,0.0,0,0.0,0.0,0,concat_raw,43
0,22,44,4224,0.7,0.7,0.0,0,0,0,0,0,0,0.9499862774264084,0.955708442589888,1.017778121807356,0.955708442589888,1.017778121807356,0,0.0,0,0.0,0.0,0,concat_raw,43
0,23,46,4416,0.7,0.7,0.0,0,0,0,0,0,0,0.9721493290140032,0.9508974971127602,1.020159318631502,0.9508974971127602,1.020159318631502,0,0.0,0,0.0,0.0,0,concat_raw,43
0,24,49,4704,0.7,0.7,0.0,0,0,0,0,0,0,0.9726419473907648,0.9529994266696108,1.0175083234169495,0.9529994266696108,1.0175083234169495,0,0.0,0,0.0,0.0,0,concat_raw,43
0,25,50,4800,0.7,0.7,0.0,0,0,0,0,0,0,0.9381738482491284,0.955519633463473,1.020102485652091,0.955519633463473,1.020102485652091,0,0.0,0,0.0,0.0,0,concat_raw,43
0,26,51,4896,0.7,0.7,0.0,0,0,0,0,0,0,0.9748617479919258,0.9525422530076996,1.017857415236593,0.9525422530076996,1.017857415236593,0,0.0,0,0.0,0.0,0,concat_raw,43
0,27,53,5088,0.7,0.7,0.0,0,0,0,0,0,0,0.9502631269965004,0.9539237189586286,1.0167820415859887,0.9539237189586286,1.0167820415859887,0,0.0,0,0.0,0.0,0,concat_raw,43
0,28,54,5184,0.7,0.7,0.0,0,0,0,0,0,0,0.961873152700633,0.9515224808001912,1.018315777386165,0.9515224808001912,1.018315777386165,0,0.0,0,0.0,0.0,0,concat_raw,43
0,29,55,5280,0.7,0.7,0.0,0,0,0,0,0,0,0.9642831739819566,0.9512988729654503,1.019070600003002,0.9512988729654503,1.019070600003002,0,0.0,0,0.0,0.0,0,concat_raw,43
0,30,56,5376,0.7,0.7,0.0,0,0,0,0,0,0,0.961742754894722,0.9553679196961858,1.0184089497324982,0.9553679196961858,1.0184089497324982,0,0.0,0,0.0,0.0,0,concat_raw,43
0,31,57,5472,0.7,0.7,0.0,0,0,0,0,0,0,0.9433947490560306,0.9558494257569464,1.019445767980207,0.9558494257569464,1.019445767980207,0,0.0,0,0.0,0.0,0,concat_raw,43
0,32,59,5664,0.7,0.7,0.0,0,0,0,0,0,0,0.9355004854909056,0.9534456748497816,1.01889271375104,0.9534456748497816,1.01889271375104,0,0.0,0,0.0,0.0,0,concat_raw,43
0,33,60,5760,0.7,0.7,0.0,0,0,0,0,0,0,0.9689780962285276,0.9502274269835468,1.0213521511285837,0.9502274269835468,1.0213521511285837,0,0.0,0,0.0,0.0,0,concat_raw,43
0,34,62,5952,0.7,0.7,0.0,0,0,0,0,0,0,0.9546641986542924,0.9506973458697762,1.0175510579729783,0.9506973458697762,1.0175510579729783,0,0.0,0,0.0,0.0,0,concat_raw,43
0,35,65,6240,0.7,0.7,0.0,0,0,0,0,0,0,0.9580498011310736,0.9549719129499104,1.0189130479775914,0.9549719129499104,1.0189130479775914,0,0.0,0,0.0,0.0,0,concat_raw,43
0,36,66,6336,0.7,0.7,0.0,1,1,0,1,0,0,0.9677241952659305,0.9485932934915224,1.017086590377961,0.9485932934915224,1.017086590377961,0,0.0,0,0.0,0.0,0,concat_raw,43
0,37,67,6432,0.7,0.7,0.0,0,0,0,0,0,0,0.956144704486243,0.9541423773612464,1.0253211147696224,0.9541423773612464,1.0253211147696224,0,0.0,0,0.0,0.0,0,concat_raw,43
0,38,68,6528,0.7,0.7,0.0,0,0,0,0,0,0,0.9606359952884296,0.9540497984480006,1.0222561338279963,0.9540497984480006,1.0222561338279963,0,0.0,0,0.0,0.0,0,concat_raw,43
0,39,69,6624,0.7,0.7,0.0,0,0,0,0,0,0,0.9616299799084892,0.9535140770804564,1.0242027907221989,0.9535140770804564,1.0242027907221989,0,0.0,0,0.0,0.0,0,concat_raw,43
0,40,70,6720,0.7,0.7,0.0,0,0,0,0,0,0,0.9740657401191476,0.9534955069065572,1.0180223501326031,0.9534955069065572,1.0180223501326031,0,0.0,0,0.0,0.0,0,concat_raw,43
0,41,71,6816,0.7,0.7,0.0,0,0,0,0,0,0,0.9796086969763004,0.954973975825138,1.0178320382481298,0.954973975825138,1.0178320382481298,0,0.0,0,0.0,0.0,0,concat_raw,43
0,42,74,7104,0.7,0.7,0.0,0,0,0,0,0,0,0.9764372766292364,0.9561961990428004,1.0189365103050498,0.9561961990428004,1.0189365103050498,0,0.0,0,0.0,0.0,0,concat_raw,43
0,43,80,7680,0.7,0.7,0.0,0,0,0,0,0,0,0.931048481375204,0.9510444224658404,1.0162923029752344,0.9510444224658404,1.0162923029752344,0,0.0,0,0.0,0.0,0,concat_raw,43
0,44,81,7776,0.7,0.7,0.0,0,0,0,0,0,0,0.9498386607367182,0.9525397850784982,1.0161972241896315,0.9525397850784982,1.0161972241896315,0,0.0,0,0.0,0.0,0,concat_raw,43
0,45,82,7872,0.7,0.7,0.0,0,0,0,0,0,0,0.9732348422789302,0.9508081119705624,1.018970033083462,0.9508081119705624,1.018970033083462,0,0.0,0,0.0,0.0,0,concat_raw,43
0,46,84,8064,0.7,0.7,0.0,0,0,0,0,0,0,0.9608046253461504,0.9509309591369912,1.0212726368055849,0.9509309591369912,1.0212726368055849,0,0.0,0,0.0,0.0,0,concat_raw,43
0,47,85,8160,0.7,0.7,0.0,0,0,0,0,0,0,0.9528684988829006,0.9579365235340184,1.021955047233993,0.9579365235340184,1.021955047233993,0,0.0,0,0.0,0.0,0,concat_raw,43
0,47,86,8256,0.7,0.7,0.0,0,0,0,0,0,0,0.9628538398500108,0.9546242863268364,1.0172440088427133,0.9546242863268364,1.0172440088427133,0,0.0,0,0.0,0.0,0,concat_raw,43
0,48,87,8352,0.7,0.7,0.0,0,0,0,0,0,0,0.9773590148495696,0.9529577091854646,1.0200684268021494,0.9529577091854646,1.0200684268021494,0,0.0,0,0.0,0.0,0,concat_raw,43
0,49,93,8928,0.7,0.7,0.0,0,0,0,0,0,0,0.9530578890632792,0.9531540727145562,1.018028409535346,0.9531540727145562,1.018028409535346,0,0.0,0,0.0,0.0,0,concat_raw,43
0,50,94,9024,0.7,0.7,0.0,0,0,0,0,0,0,0.9481772416294396,0.9562902613222268,1.018483709469554,0.9562902613222268,1.018483709469554,0,0.0,0,0.0,0.0,0,concat_raw,43
0,51,95,9120,0.7,0.7,0.0,0,0,0,0,0,0,0.9675296218628088,0.954355386650861,1.0173804940378175,0.954355386650861,1.0173804940378175,0,0.0,0,0.0,0.0,0,concat_raw,43
0,52,97,9312,0.7,0.7,0.0,0,0,0,0,0,0,0.9587530707960932,0.9546016838877204,1.0175030667030611,0.9546016838877204,1.0175030667030611,0,0.0,0,0.0,0.0,0,concat_raw,43
0,53,98,9408,0.7,0.7,0.0,0,0,0,0,0,0,0.9438307770371004,0.9515087213115724,1.0174933661040857,0.9515087213115724,1.0174933661040857,0,0.0,0,0.0,0.0,0,concat_raw,43
0,54,101,9696,0.7,0.7,0.0,0,0,0,0,0,0,0.9531266091152756,0.9530731266353089,1.0175238301526297,0.9530731266353089,1.0175238301526297,0,0.0,0,0.0,0.0,0,concat_raw,43
0,55,102,9792,0.7,0.7,0.0,0,0,0,0,0,0,0.9683110471011934,0.9541895972104592,1.0241849545065964,0.9541895972104592,1.0241849545065964,0,0.0,0,0.0,0.0,0,concat_raw,43
0,56,107,10272,0.7,0.7,0.0,1,1,0,1,0,0,0.9419268278071876,0.9493185770584928,1.0173917779447306,0.9493185770584928,1.0173917779447306,0,0.0,0,0.0,0.0,0,concat_raw,43
0,57,109,10464,0.7,0.7,0.0,0,0,0,0,0,0,0.953323047194548,0.9506238081634616,1.0177276216888018,0.9506238081634616,1.0177276216888018,0,0.0,0,0.0,0.0,0,concat_raw,43
0,58,111,10656,0.7,0.7,0.0,0,0,0,0,0,0,0.9675662972171454,0.9503972720026144,1.0184912314729486,0.9503972720026144,1.0184912314729486,0,0.0,0,0.0,0.0,0,concat_raw,43
0,59,114,10944,0.7,0.7,0.0,0,0,0,0,0,0,0.9439676921170346,0.9536657408396704,1.0179910129067054,0.9536657408396704,1.0179910129067054,0,0.0,0,0.0,0.0,0,concat_raw,43
0,60,116,11136,0.7,0.7,0.0,1,1,0,1,0,0,0.9740909322598732,0.9490649241540482,1.0189496625425989,0.9490649241540482,1.0189496625425989,0,0.0,0,0.0,0.0,0,concat_raw,43
0,61,117,11232,0.7,0.7,0.0,0,0,0,0,0,0,0.9656730173131391,0.9546166210016926,1.0178240416416928,0.9546166210016926,1.0178240416416928,0,0.0,0,0.0,0.0,0,concat_raw,43
0,62,119,11424,0.7,0.7,0.0,0,0,0,0,0,0,0.9673591425325586,0.9529989733881196,1.021170891509768,0.9529989733881196,1.021170891509768,0,0.0,0,0.0,0.0,0,concat_raw,43
0,63,120,11520,0.7,0.7,0.0,0,0,0,0,0,0,0.9682412991018484,0.9516907078815986,1.021535210246463,0.9516907078815986,1.021535210246463,0,0.0,0,0.0,0.0,0,concat_raw,43
0,63,122,11712,0.7,0.7,0.0,0,0,0,0,0,0,0.9659325763615056,0.9550509202508648,1.0192307858585965,0.9550509202508648,1.0192307858585965,0,0.0,0,0.0,0.0,0,concat_raw,43
0,64,123,11808,0.7,0.7,0.0,0,0,0,0,0,0,0.9574895727740652,0.951409159841213,1.0165668826380223,0.951409159841213,1.0165668826380223,0,0.0,0,0.0,0.0,0,concat_raw,43
0,65,125,12000,0.7,0.7,0.0,0,0,0,0,0,0,0.9653970900435336,0.9518202314434976,1.0234934267869835,0.9518202314434976,1.0234934267869835,0,0.0,0,0.0,0.0,0,concat_raw,43
0,66,126,12096,0.7,0.7,0.0,0,0,0,0,0,0,0.97094813338675,0.9514082630787992,1.0181720772950609,0.9514082630787992,1.0181720772950609,0,0.0,0,0.0,0.0,0,concat_raw,43
0,67,128,12288,0.7,0.7,0.0,0,0,0,0,0,0,0.970488677577964,0.9537119880136902,1.0187978928938155,0.9537119880136902,1.0187978928938155,0,0.0,0,0.0,0.0,0,concat_raw,43
0,68,129,12384,0.7,0.7,0.0,1,1,0,1,0,0,0.9849309685819032,0.9498990772367146,1.0184171981026755,0.9498990772367146,1.0184171981026755,0,0.0,0,0.0,0.0,0,concat_raw,43
0,69,131,12576,0.7,0.7,0.0,0,0,0,0,0,0,0.9483249398470314,0.9528027539375372,1.0235875533531409,0.9528027539375372,1.0235875533531409,0,0.0,0,0.0,0.0,0,concat_raw,43
0,70,133,12768,0.7,0.7,0.0,0,0,0,0,0,0,0.9669587079438312,0.95128987584377,1.0194543535740863,0.95128987584377,1.0194543535740863,0,0.0,0,0.0,0.0,0,concat_raw,43
0,71,134,12864,0.7,0.7,0.0,0,0,0,0,0,0,0.9482655461095958,0.9511702382313696,1.0168669845373794,0.9511702382313696,1.0168669845373794,0,0.0,0,0.0,0.0,0,concat_raw,43
0,72,136,13056,0.7,0.7,0.0,0,0,0,0,0,0,0.9866474566596296,0.95469991679901,1.0235234074391035,0.95469991679901,1.0235234074391035,0,0.0,0,0.0,0.0,0,concat_raw,43
0,73,140,13440,0.7,0.7,0.0,0,0,0,0,0,0,0.9482177445371992,0.952348516884,1.018561696922895,0.952348516884,1.018561696922895,0,0.0,0,0.0,0.0,0,concat_raw,43
0,74,141,13536,0.7,0.7,0.0,0,0,0,0,0,0,0.9640381382974677,0.9512673550993112,1.0181622673889763,0.9512673550993112,1.0181622673889763,0,0.0,0,0.0,0.0,0,concat_raw,43
0,75,142,13632,0.7,0.7,0.0,0,0,0,0,0,0,0.9703456668230134,0.95316120669277,1.0205440210182184,0.95316120669277,1.0205440210182184,0,0.0,0,0.0,0.0,0,concat_raw,43
0,76,143,13728,0.7,0.7,0.0,0,0,0,0,0,0,0.9583459614092796,0.9512843847617148,1.0180584891040538,0.9512843847617148,1.0180584891040538,0,0.0,0,0.0,0.0,0,concat_raw,43
0,77,145,13920,0.7,0.7,0.0,0,0,0,0,0,0,0.955830022780976,0.956875307126998,1.0198312709062032,0.956875307126998,1.0198312709062032,0,0.0,0,0.0,0.0,0,concat_raw,43
0,78,148,14208,0.7,0.7,0.0,0,0,0,0,0,0,0.9641934800240596,0.9504059000962474,1.0166719003954734,0.9504059000962474,1.0166719003954734,0,0.0,0,0.0,0.0,0,concat_raw,43
0,79,149,14304,0.7,0.7,0.0,1,1,0,1,0,0,0.9732080527032084,0.9496103336112836,1.018467003211907,0.9496103336112836,1.018467003211907,0,0.0,0,0.0,0.0,0,concat_raw,43
0,80,151,14496,0.7,0.7,0.0,0,0,0,0,0,0,0.9772298275675534,0.9533521284063352,1.017538172692812,0.9533521284063352,1.017538172692812,0,0.0,0,0.0,0.0,0,concat_raw,43
0,81,152,14592,0.7,0.7,0.0,0,0,0,0,0,0,0.9570923564695448,0.9541057956209688,1.0171917288883146,0.9541057956209688,1.0171917288883146,0,0.0,0,0.0,0.0,0,concat_raw,43
0,82,154,14784,0.7,0.7,0.0,0,0,0,0,0,0,0.9512130163166204,0.9531298851849954,1.0186297137526903,0.9531298851849954,1.0186297137526903,0,0.0,0,0.0,0.0,0,concat_raw,43
0,83,156,14976,0.7,0.7,0.0,0,0,0,0,0,0,0.983009325479188,0.9503194991535387,1.0238751423824792,0.9503194991535387,1.0238751423824792,0,0.0,0,0.0,0.0,0,concat_raw,43
0,84,157,15072,0.7,0.7,0.0,0,0,0,0,0,0,0.9617849772841008,0.9530515603095896,1.0205974590812223,0.9530515603095896,1.0205974590812223,0,0.0,0,0.0,0.0,0,concat_raw,43
0,85,166,15936,0.7,0.7,0.0,0,0,0,0,0,0,0.9557847563535992,0.9528834048184568,1.017307799862064,0.9528834048184568,1.017307799862064,0,0.0,0,0.0,0.0,0,concat_raw,43
0,87,168,16128,0.7,0.7,0.0,0,0,0,0,0,0,0.9669296935139337,0.952684583522631,1.0167590929767805,0.952684583522631,1.0167590929767805,0,0.0,0,0.0,0.0,0,concat_raw,43
0,86,169,16224,0.7,0.7,0.0,0,0,0,0,0,0,0.9648788181734852,0.9539864520940672,1.0180081570941808,0.9539864520940672,1.0180081570941808,0,0.0,0,0.0,0.0,0,concat_raw,43
0,87,171,16416,0.7,0.7,0.0,0,0,0,0,0,0,0.958469955519186,0.9522541493446858,1.016956743787869,0.9522541493446858,1.016956743787869,0,0.0,0,0.0,0.0,0,concat_raw,43
0,88,172,16512,0.7,0.7,0.0,1,1,0,1,0,0,0.9584967227174594,0.9492709298117302,1.0190700054696311,0.9492709298117302,1.0190700054696311,0,0.0,0,0.0,0.0,0,concat_raw,43
0,89,173,16608,0.7,0.7,0.0,0,0,0,0,0,0,0.9711418455638174,0.9517377931382982,1.018340309303731,0.9517377931382982,1.018340309303731,0,0.0,0,0.0,0.0,0,concat_raw,43
0,90,175,16800,0.7,0.7,0.0,0,0,0,0,0,0,0.9608573823196968,0.9526180364577632,1.0184886511841629,0.9526180364577632,1.0184886511841629,0,0.0,0,0.0,0.0,0,concat_raw,43
0,91,176,16896,0.7,0.7,0.0,0,0,0,0,0,0,0.9791409777653132,0.9537175881799632,1.0181385545582813,0.9537175881799632,1.0181385545582813,0,0.0,0,0.0,0.0,0,concat_raw,43
0,92,178,17088,0.7,0.7,0.0,0,0,0,0,0,0,0.9680926049123748,0.9526546500741891,1.0179276557525596,0.9526546500741891,1.0179276557525596,0,0.0,0,0.0,0.0,0,concat_raw,43
0,93,179,17184,0.7,0.7,0.0,0,0,0,0,0,0,0.9823547970746428,0.951131462751269,1.0190892809074357,0.951131462751269,1.0190892809074357,0,0.0,0,0.0,0.0,0,concat_raw,43
0,94,181,17376,0.7,0.7,0.0,0,0,0,0,0,0,0.9658162016736784,0.9526279613207804,1.0187483629828629,0.9526279613207804,1.0187483629828629,0,0.0,0,0.0,0.0,0,concat_raw,43
0,95,183,17568,0.7,0.7,0.0,0,0,0,0,0,0,0.9691883865316884,0.9517397987823496,1.0200155548127274,0.9517397987823496,1.0200155548127274,0,0.0,0,0.0,0.0,0,concat_raw,43
0,96,184,17664,0.7,0.7,0.0,0,0,0,0,0,0,0.970685348776584,0.9541400842405308,1.0173694133994282,0.9541400842405308,1.0173694133994282,0,0.0,0,0.0,0.0,0,concat_raw,43
0,97,187,17952,0.7,0.7,0.0,1,1,0,1,0,0,0.968814951593162,0.9493974252191576,1.0194602171163494,0.9493974252191576,1.0194602171163494,0,0.0,0,0.0,0.0,0,concat_raw,43
0,100,190,18240,0.7,0.7,0.0,0,0,0,0,0,0,0.9558214904105894,0.9544838089709902,1.0170209770678933,0.9544838089709902,1.0170209770678933,0,0.0,0,0.0,0.0,0,concat_raw,43
0,98,192,18432,0.7,0.7,0.0,0,0,0,0,0,0,0.9805307193679572,0.9511768434876616,1.0179708208142313,0.9511768434876616,1.0179708208142313,0,0.0,0,0.0,0.0,0,concat_raw,43
0,99,193,18528,0.7,0.7,0.0,0,0,0,0,0,0,0.9674670065740676,0.9514150405122458,1.0193086001727911,0.9514150405122458,1.0193086001727911,0,0.0,0,0.0,0.0,0,concat_raw,43
0,100,197,18912,0.7,0.7,0.0,0,0,0,0,0,0,0.956770187098564,0.952314210062572,1.019449442067396,0.952314210062572,1.019449442067396,0,0.0,0,0.0,0.0,0,concat_raw,43
0,101,201,19296,0.7,0.7,0.0,0,0,0,0,0,0,0.958225084916208,0.9519671028110048,1.0234169059601623,0.9519671028110048,1.0234169059601623,0,0.0,0,0.0,0.0,0,concat_raw,43
0,102,205,19680,0.7,0.7,0.0,0,0,0,0,0,0,0.951162573527864,0.9538223055391226,1.0174664811939562,0.9538223055391226,1.0174664811939562,0,0.0,0,0.0,0.0,0,concat_raw,43
0,103,207,19872,0.7,0.7,0.0,1,1,0,1,0,0,0.9711522777403638,0.9454225298769978,1.0176036306065666,0.9454225298769978,1.0176036306065666,0,0.0,0,0.0,0.0,0,concat_raw,43
0,104,210,20160,0.7,0.7,0.0,1,1,0,1,0,0,0.949032659344566,0.9474058167246356,1.01689177979967,0.9474058167246356,1.01689177979967,0,0.0,0,0.0,0.0,0,concat_raw,43
0,105,212,20352,0.7,0.7,0.0,1,1,0,1,0,0,0.9727419946522587,0.9498840822422008,1.021352118038941,0.9498840822422008,1.021352118038941,0,0.0,0,0.0,0.0,0,concat_raw,43
0,106,213,20448,0.7,0.7,0.0,0,0,0,0,0,0,0.96422196673631,0.952567282978424,1.0237300957625322,0.952567282978424,1.0237300957625322,0,0.0,0,0.0,0.0,0,concat_raw,43
0,107,216,20736,0.7,0.7,0.0,0,0,0,0,0,0,0.9429097316480792,0.9530342878213808,1.0195206396238177,0.9530342878213808,1.0195206396238177,0,0.0,0,0.0,0.0,0,concat_raw,43
0,108,219,21024,0.7,0.7,0.0,0,0,0,0,0,0,0.982985805662766,0.9507927076637974,1.0198424265381896,0.9507927076637974,1.0198424265381896,0,0.0,0,0.0,0.0,0,concat_raw,43
0,109,220,21120,0.7,0.7,0.0,0,0,0,0,0,0,0.9758069922921776,0.9543008774196916,1.017572305978962,0.9543008774196916,1.017572305978962,0,0.0,0,0.0,0.0,0,concat_raw,43
0,110,226,21696,0.7,0.7,0.0,0,0,0,0,0,0,0.9602214569595726,0.9516885792538344,1.016530671235381,0.9516885792538344,1.016530671235381,0,0.0,0,0.0,0.0,0,concat_raw,43
0,114,228,21888,0.7,0.7,0.0,0,0,0,0,0,0,0.9809862709811406,0.9559338019722922,1.020673154305658,0.9559338019722922,1.020673154305658,0,0.0,0,0.0,0.0,0,concat_raw,43
0,111,230,22080,0.7,0.7,0.0,0,0,0,0,0,0,0.9629208252048258,0.953597336598348,1.0187790284335845,0.953597336598348,1.0187790284335845,0,0.0,0,0.0,0.0,0,concat_raw,43
0,112,231,22176,0.7,0.7,0.0,0,0,0,0,0,0,0.9563107870694062,0.9547666135873304,1.020555234650264,0.9547666135873304,1.020555234650264,0,0.0,0,0.0,0.0,0,concat_raw,43
0,113,232,22272,0.7,0.7,0.0,0,0,0,0,0,0,0.9553394224611926,0.9547949413693082,1.0181856025291298,0.9547949413693082,1.0181856025291298,0,0.0,0,0.0,0.0,0,concat_raw,43
0,114,234,22464,0.7,0.7,0.0,0,0,0,0,0,0,0.9649607812379252,0.953408305173698,1.02237466766224,0.953408305173698,1.02237466766224,0,0.0,0,0.0,0.0,0,concat_raw,43
0,115,235,22560,0.7,0.7,0.0,0,0,0,0,0,0,0.9787344737679782,0.9511709777803168,1.0183161086445032,0.9511709777803168,1.0183161086445032,0,0.0,0,0.0,0.0,0,concat_raw,43
0,116,236,22656,0.7,0.7,0.0,0,0,0,0,0,0,0.9715560086421796,0.9546466240990638,1.018325349197052,0.9546466240990638,1.018325349197052,0,0.0,0,0.0,0.0,0,concat_raw,43
0,117,239,22944,0.7,0.7,0.0,0,0,0,0,0,0,0.9569555802105472,0.9525178383385398,1.0185916184568793,0.9525178383385398,1.0185916184568793,0,0.0,0,0.0,0.0,0,concat_raw,43
0,118,240,23040,0.7,0.7,0.0,0,0,0,0,0,0,0.9613903907893236,0.9529810075872952,1.018090958915357,0.9529810075872952,1.018090958915357,0,0.0,0,0.0,0.0,0,concat_raw,43
0,123,241,23136,0.7,0.7,0.0,0,0,0,0,0,0,0.958399140200944,0.9520097554915696,1.0186265669850658,0.9520097554915696,1.0186265669850658,0,0.0,0,0.0,0.0,0,concat_raw,43
0,119,244,23424,0.7,0.7,0.0,0,0,0,0,0,0,0.9702688330765408,0.9534503249286808,1.0177933214167425,0.9534503249286808,1.0177933214167425,0,0.0,0,0.0,0.0,0,concat_raw,43
0,120,245,23520,0.7,0.7,0.0,0,0,0,0,0,0,0.955555957459343,0.9529364538763876,1.0178924650127323,0.9529364538763876,1.0178924650127323,0,0.0,0,0.0,0.0,0,concat_raw,43
0,121,248,23808,0.7,0.7,0.0,0,0,0,0,0,0,0.9686937657250771,0.9541357980412296,1.0186217470550964,0.9541357980412296,1.0186217470550964,0,0.0,0,0.0,0.0,0,concat_raw,43
0,122,251,24096,0.7,0.7,0.0,0,0,0,0,0,0,0.9515734736437248,0.9524810277249344,1.0194596739059898,0.9524810277249344,1.0194596739059898,0,0.0,0,0.0,0.0,0,concat_raw,43
0,123,253,24288,0.7,0.7,0.0,0,0,0,0,0,0,0.955663225259836,0.9529539365569268,1.0210650223482192,0.9529539365569268,1.0210650223482192,0,0.0,0,0.0,0.0,0,concat_raw,43
0,124,254,24384,0.7,0.7,0.0,0,0,0,0,0,0,0.9602636090881032,0.9548562896181718,1.0169736880958933,0.9548562896181718,1.0169736880958933,0,0.0,0,0.0,0.0,0,concat_raw,43
0,125,257,24672,0.7,0.7,0.0,0,0,0,0,0,0,0.9411375580661052,0.9559945422669476,1.0219431087548525,0.9559945422669476,1.0219431087548525,0,0.0,0,0.0,0.0,0,concat_raw,43
0,126,259,24864,0.7,0.7,0.0,0,0,0,0,0,0,0.952896404201615,0.9566230312006628,1.0186364565896144,0.9566230312006628,1.0186364565896144,0,0.0,0,0.0,0.0,0,concat_raw,43
0,127,261,25056,0.7,0.7,0.0,0,0,0,0,0,0,0.9749250529742656,0.9515833709635456,1.0187910391804742,0.9515833709635456,1.0187910391804742,0,0.0,0,0.0,0.0,0,concat_raw,43
0,128,266,25536,0.7,0.7,0.0,0,0,0,0,0,0,0.9601234620920488,0.9510957448678828,1.0177260458128254,0.9510957448678828,1.0177260458128254,0,0.0,0,0.0,0.0,0,concat_raw,43
0,129,267,25632,0.7,0.7,0.0,0,0,0,0,0,0,0.9609986837278184,0.9535076802221628,1.018096538208571,0.9535076802221628,1.018096538208571,0,0.0,0,0.0,0.0,0,concat_raw,43
0,130,268,25728,0.7,0.7,0.0,0,0,0,0,0,0,0.9583522910342211,0.9540448601026272,1.017532293891214,0.9540448601026272,1.017532293891214,0,0.0,0,0.0,0.0,0,concat_raw,43
0,131,269,25824,0.7,0.7,0.0,0,0,0,0,0,0,0.976693048910564,0.9532123140325752,1.023725651336645,0.9532123140325752,1.023725651336645,0,0.0,0,0.0,0.0,0,concat_raw,43
0,132,271,26016,0.7,0.7,0.0,1,1,0,1,0,0,0.9666465066146168,0.9495762713509472,1.0183037598737996,0.9495762713509472,1.0183037598737996,0,0.0,0,0.0,0.0,0,concat_raw,43
0,133,272,26112,0.7,0.7,0.0,0,0,0,0,0,0,0.9706273673034792,0.955346444667898,1.0184412970787204,0.955346444667898,1.0184412970787204,0,0.0,0,0.0,0.0,0,concat_raw,43
0,134,273,26208,0.7,0.7,0.0,1,1,0,1,0,0,0.9679579644763128,0.9453898845843106,1.0173526025441333,0.9453898845843106,1.0173526025441333,0,0.0,0,0.0,0.0,0,concat_raw,43
0,135,275,26400,0.7,0.7,0.0,0,0,0,0,0,0,0.9363637419392656,0.9549634245149335,1.0212479534156538,0.9549634245149335,1.0212479534156538,0,0.0,0,0.0,0.0,0,concat_raw,43
0,136,276,26496,0.7,0.7,0.0,0,0,0,0,0,0,0.969814728241806,0.9506238184244712,1.0190049007984086,0.9506238184244712,1.0190049007984086,0,0.0,0,0.0,0.0,0,concat_raw,43
0,142,278,26688,0.7,0.7,0.0,0,0,0,0,0,0,0.9516981967276318,0.9535092146447268,1.017450164368286,0.9535092146447268,1.017450164368286,0,0.0,0,0.0,0.0,0,concat_raw,43
0,143,280,26880,0.7,0.7,0.0,0,0,0,0,0,0,0.955334888217206,0.9514878538970346,1.017187053538777,0.9514878538970346,1.017187053538777,0,0.0,0,0.0,0.0,0,concat_raw,43
0,144,281,26976,0.7,0.7,0.0,0,0,0,0,0,0,0.931787089623125,0.955180121765748,1.01622235507825,0.955180121765748,1.01622235507825,0,0.0,0,0.0,0.0,0,concat_raw,43
0,137,282,27072,0.7,0.7,0.0,0,0,0,0,0,0,0.956377324030072,0.9559165376731236,1.019701322433797,0.9559165376731236,1.019701322433797,0,0.0,0,0.0,0.0,0,concat_raw,43
0,138,283,27168,0.7,0.7,0.0,0,0,0,0,0,0,0.9493929890092182,0.955532859454119,1.025354864584566,0.955532859454119,1.025354864584566,0,0.0,0,0.0,0.0,0,concat_raw,43
0,139,284,27264,0.7,0.7,0.0,0,0,0,0,0,0,0.9784187102278568,0.9526647564981512,1.018032289962863,0.9526647564981512,1.018032289962863,0,0.0,0,0.0,0.0,0,concat_raw,43
0,140,285,27360,0.7,0.7,0.0,0,0,0,0,0,0,0.9781040239116404,0.9548385149703836,1.0193363334647956,0.9548385149703836,1.0193363334647956,0,0.0,0,0.0,0.0,0,concat_raw,43
0,141,287,27552,0.7,0.7,0.0,0,0,0,0,0,0,0.9749422921258925,0.9530473731876304,1.0186996788939475,0.9530473731876304,1.0186996788939475,0,0.0,0,0.0,0.0,0,concat_raw,43
0,142,288,27648,0.7,0.7,0.0,0,0,0,0,0,0,0.957828693622783,0.9540903335523768,1.0195455213181757,0.9540903335523768,1.0195455213181757,0,0.0,0,0.0,0.0,0,concat_raw,43
0,143,289,27744,0.7,0.7,0.0,0,0,0,0,0,0,0.950476542374376,0.9513789469925074,1.0168477120671564,0.9513789469925074,1.0168477120671564,0,0.0,0,0.0,0.0,0,concat_raw,43
0,144,290,27840,0.7,0.7,0.0,0,0,0,0,0,0,0.9661799018334104,0.950910764097696,1.022352176054285,0.950910764097696,1.022352176054285,0,0.0,0,0.0,0.0,0,concat_raw,43
0,153,291,27936,0.7,0.7,0.0,0,0,0,0,0,0,0.980719665309986,0.951775367065614,1.018252860506239,0.951775367065614,1.018252860506239,0,0.0,0,0.0,0.0,0,concat_raw,43
0,145,292,28032,0.7,0.7,0.0,0,0,0,0,0,0,0.942766465060354,0.9538101782182212,1.017240846561063,0.9538101782182212,1.017240846561063,0,0.0,0,0.0,0.0,0,concat_raw,43
0,146,293,28128,0.7,0.7,0.0,0,0,0,0,0,0,0.982152738670527,0.954158033190846,1.0188213321921404,0.954158033190846,1.0188213321921404,0,0.0,0,0.0,0.0,0,concat_raw,43
0,147,294,28224,0.7,0.7,0.0,0,0,0,0,0,0,0.9615806015950036,0.953050577898754,1.0182738347338685,0.953050577898754,1.0182738347338685,0,0.0,0,0.0,0.0,0,concat_raw,43
0,148,295,28320,0.7,0.7,0.0,0,0,0,0,0,0,0.9490872819597578,0.9536667255015095,1.019351871329842,0.9536667255015095,1.019351871329842,0,0.0,0,0.0,0.0,0,concat_raw,43
0,149,296,28416,0.7,0.7,0.0,0,0,0,0,0,0,0.955691515441182,0.9532174310782152,1.018130214483956,0.9532174310782152,1.018130214483956,0,0.0,0,0.0,0.0,0,concat_raw,43
0,150,297,28512,0.7,0.7,0.0,0,0,0,0,0,0,0.9738789202346938,0.9512913856778012,1.0178520006997538,0.9512913856778012,1.0178520006997538,0,0.0,0,0.0,0.0,0,concat_raw,43
0,160,298,28608,0.7,0.7,0.0,0,0,0,0,0,0,0.968251593017301,0.957545459327936,1.021780227782069,0.957545459327936,1.021780227782069,0,0.0,0,0.0,0.0,0,concat_raw,43
0,151,299,28704,0.7,0.7,0.0,1,1,0,1,0,0,0.9671668485169476,0.9495013751940732,1.0212528078774008,0.9495013751940732,1.0212528078774008,0,0.0,0,0.0,0.0,0,concat_raw,43
0,152,300,28800,0.7,0.7,0.0,0,0,0,0,0,0,0.9573112626454382,0.956619888473683,1.0234247183396392,0.956619888473683,1.0234247183396392,0,0.0,0,0.0,0.0,0,concat_raw,43
0,153,302,28992,0.7,0.7,0.0,0,0,0,0,0,0,0.968833181776475,0.9563206536300792,1.0213362532456758,0.9563206536300792,1.0213362532456758,0,0.0,0,0.0,0.0,0,concat_raw,43
0,154,305,29280,0.7,0.7,0.0,0,0,0,0,0,0,0.960116272724208,0.952468115363924,1.0212369594312274,0.952468115363924,1.0212369594312274,0,0.0,0,0.0,0.0,0,concat_raw,43
0,155,306,29376,0.7,0.7,0.0,0,0,0,0,0,0,0.9369600978352672,0.9517973943707646,1.0187371471939974,0.9517973943707646,1.0187371471939974,0,0.0,0,0.0,0.0,0,concat_raw,43
0,156,307,29472,0.7,0.7,0.0,0,0,0,0,0,0,0.9618745264261288,0.9536582094943106,1.0181219049982295,0.9536582094943106,1.0181219049982295,0,0.0,0,0.0,0.0,0,concat_raw,43
0,157,308,29568,0.7,0.7,0.0,1,1,0,1,0,0,0.960237531169299,0.9493005148721384,1.0186761852424122,0.9493005148721384,1.0186761852424122,0,0.0,0,0.0,0.0,0,concat_raw,43
0,158,312,29952,0.7,0.7,0.0,1,1,0,1,0,0,0.959565932603954,0.9492922731098132,1.0179083693371715,0.9492922731098132,1.0179083693371715,0,0.0,0,0.0,0.0,0,concat_raw,43
0,159,315,30240,0.7,0.7,0.0,0,0,0,0,0,0,0.9808377395683088,0.9540717402281552,1.020952239646007,0.9540717402281552,1.020952239646007,0,0.0,0,0.0,0.0,0,concat_raw,43
0,160,317,30432,0.7,0.7,0.0,0,0,0,0,0,0,0.975825271504696,0.950168347732764,1.017891590023822,0.950168347732764,1.017891590023822,0,0.0,0,0.0,0.0,0,concat_raw,43
0,161,319,30624,0.7,0.7,0.0,1,1,0,1,0,0,0.9682914228095232,0.9480654872604852,1.022784096999822,0.9480654872604852,1.022784096999822,0,0.0,0,0.0,0.0,0,concat_raw,43
0,162,321,30816,0.7,0.7,0.0,0,0,0,0,0,0,0.9646986538170816,0.9527892862745247,1.0215348235335644,0.9527892862745247,1.0215348235335644,0,0.0,0,0.0,0.0,0,concat_raw,43
0,173,322,30912,0.7,0.7,0.0,0,0,0,0,0,0,0.9543218614267174,0.951825218588946,1.0174844049807503,0.951825218588946,1.0174844049807503,0,0.0,0,0.0,0.0,0,concat_raw,43
0,163,326,31296,0.7,0.7,0.0,1,1,0,1,0,0,0.9667031263481944,0.9463042147067172,1.0170462830102147,0.9463042147067172,1.0170462830102147,0,0.0,0,0.0,0.0,0,concat_raw,43
0,164,329,31584,0.7,0.7,0.0,0,0,0,0,0,0,0.9733224889556992,0.95321769065885,1.0181851715800152,0.95321769065885,1.0181851715800152,0,0.0,0,0.0,0.0,0,concat_raw,43
0,165,331,31776,0.7,0.7,0.0,0,0,0,0,0,0,0.9941741981352032,0.955342542930298,1.0178817821048975,0.955342542930298,1.0178817821048975,0,0.0,0,0.0,0.0,0,concat_raw,43
0,166,332,31872,0.7,0.7,0.0,1,1,0,1,0,0,0.956900784017697,0.9493783538469832,1.0205212162627704,0.9493783538469832,1.0205212162627704,0,0.0,0,0.0,0.0,0,concat_raw,43
0,167,333,31968,0.7,0.7,0.0,0,0,0,0,0,0,0.9431146814664098,0.955595334534756,1.0181188639943168,0.955595334534756,1.0181188639943168,0,0.0,0,0.0,0.0,0,concat_raw,43
0,168,335,32160,0.7,0.7,0.0,0,0,0,0,0,0,0.9565848276154516,0.9526736748362388,1.019744310643666,0.9526736748362388,1.019744310643666,0,0.0,0,0.0,0.0,0,concat_raw,43
0,169,336,32256,0.7,0.7,0.0,1,1,0,1,0,0,0.979211678639099,0.948869307169348,1.0175782639749198,0.948869307169348,1.0175782639749198,0,0.0,0,0.0,0.0,0,concat_raw,43
0,170,337,32352,0.7,0.7,0.0,0,0,0,0,0,0,0.9688273070467908,0.9563956377205848,1.0196231501865138,0.9563956377205848,1.0196231501865138,0,0.0,0,0.0,0.0,0,concat_raw,43
0,171,338,32448,0.7,0.7,0.0,0,0,0,0,0,0,0.9728872326065257,0.9523457846422037,1.0181219309409946,0.9523457846422037,1.0181219309409946,0,0.0,0,0.0,0.0,0,concat_raw,43
0,172,339,32544,0.7,0.7,0.0,0,0,0,0,0,0,0.9796324941190956,0.9537731332633744,1.02363797025165,0.9537731332633744,1.02363797025165,0,0.0,0,0.0,0.0,0,concat_raw,43
0,173,341,32736,0.7,0.7,0.0,0,0,0,0,0,0,0.9436759906974772,0.9527818928802216,1.0176347860234554,0.9527818928802216,1.0176347860234554,0,0.0,0,0.0,0.0,0,concat_raw,43
0,174,342,32832,0.7,0.7,0.0,1,1,0,1,0,0,0.9634336773154558,0.9483504554935068,1.0189162559004996,0.9483504554935068,1.0189162559004996,0,0.0,0,0.0,0.0,0,concat_raw,43
0,175,345,33120,0.7,0.7,0.0,1,1,0,1,0,0,0.9438717074400228,0.9477466851209668,1.02177260360213,0.9477466851209668,1.02177260360213,0,0.0,0,0.0,0.0,0,concat_raw,43
0,176,347,33312,0.7,0.7,0.0,0,0,0,0,0,0,0.9686475452029396,0.9501349728933872,1.0227645263579015,0.9501349728933872,1.0227645263579015,0,0.0,0,0.0,0.0,0,concat_raw,43
0,177,348,33408,0.7,0.7,0.0,0,0,0,0,0,0,0.9497215915097604,0.951470905438817,1.0187359005732195,0.951470905438817,1.0187359005732195,0,0.0,0,0.0,0.0,0,concat_raw,43
0,178,349,33504,0.7,0.7,0.0,1,1,0,1,0,0,0.973317444910908,0.9474863125523576,1.018306244975432,0.9474863125523576,1.018306244975432,0,0.0,0,0.0,0.0,0,concat_raw,43
0,179,351,33696,0.7,0.7,0.0,0,0,0,0,0,0,0.958497630375752,0.9545683610569708,1.0172295800997375,0.9545683610569708,1.0172295800997375,0,0.0,0,0.0,0.0,0,concat_raw,43
0,191,352,33792,0.7,0.7,0.0,0,0,0,0,0,0,0.9788207496240036,0.9554849657997136,1.0203152808035176,0.9554849657997136,1.0203152808035176,0,0.0,0,0.0,0.0,0,concat_raw,43
0,180,354,33984,0.7,0.7,0.0,0,0,0,0,0,0,0.9695785009978084,0.9528945174783444,1.0193097407395255,0.9528945174783444,1.0193097407395255,0,0.0,0,0.0,0.0,0,concat_raw,43
0,181,355,34080,0.7,0.7,0.0,0,0,0,0,0,0,1.0021802186916482,0.9524236551102936,1.0248485566972578,0.9524236551102936,1.0248485566972578,0,0.0,0,0.0,0.0,0,concat_raw,43
0,182,356,34176,0.7,0.7,0.0,0,0,0,0,0,0,0.9644821305178186,0.9560795012979364,1.022877535754094,0.9560795012979364,1.022877535754094,0,0.0,0,0.0,0.0,0,concat_raw,43
0,183,361,34656,0.7,0.7,0.0,0,0,0,0,0,0,0.9629292373308622,0.9556545139680102,1.0173869306989098,0.9556545139680102,1.0173869306989098,0,0.0,0,0.0,0.0,0,concat_raw,43
0,196,362,34752,0.7,0.7,0.0,0,0,0,0,0,0,0.9614815428439216,0.9543443797395106,1.0198253762279197,0.9543443797395106,1.0198253762279197,0,0.0,0,0.0,0.0,0,concat_raw,43
0,184,364,34944,0.7,0.7,0.0,1,1,0,1,0,0,0.958596662975414,0.9495009826049984,1.0179381779829215,0.9495009826049984,1.0179381779829215,0,0.0,0,0.0,0.0,0,concat_raw,43
0,198,366,35136,0.7,0.7,0.0,0,0,0,0,0,0,0.9625883756509088,0.9500114663698794,1.0201949335028957,0.9500114663698794,1.0201949335028957,0,0.0,0,0.0,0.0,0,concat_raw,43
0,185,367,35232,0.7,0.7,0.0,0,0,0,0,0,0,0.963049672754438,0.9514518784557124,1.017982753702312,0.9514518784557124,1.017982753702312,0,0.0,0,0.0,0.0,0,concat_raw,43
0,1,2,192,0.7,0.7,0.0,1,1,0,1,0,0,0.9216349558776832,0.948812812620766,1.0241203910590335,0.948812812620766,1.0241203910590335,0,0.0,0,0.0,0.0,0,concat_raw,44
0,2,4,384,0.7,0.7,0.0,0,0,0,0,0,0,0.9139434342334992,0.9544199474233578,1.0213379903473674,0.9544199474233578,1.0213379903473674,0,0.0,0,0.0,0.0,0,concat_raw,44
0,3,6,576,0.7,0.7,0.0,0,0,0,0,0,0,0.9361561712791324,0.9521445391136686,1.0210687229019098,0.9521445391136686,1.0210687229019098,0,0.0,0,0.0,0.0,0,concat_raw,44
0,4,7,672,0.7,0.7,0.0,0,0,0,0,0,0,0.937604164059392,0.9526978061415108,1.0234979516567198,0.9526978061415108,1.0234979516567198,0,0.0,0,0.0,0.0,0,concat_raw,44
0,5,10,960,0.7,0.7,0.0,0,0,0,0,0,0,0.9127870243366144,0.9534905699864148,1.0218517923815165,0.9534905699864148,1.0218517923815165,0,0.0,0,0.0,0.0,0,concat_raw,44
0,6,13,1248,0.7,0.7,0.0,0,0,0,0,0,0,0.9364814382619876,0.9507077534497704,1.0258677391222255,0.9507077534497704,1.0258677391222255,0,0.0,0,0.0,0.0,0,concat_raw,44
0,7,16,1536,0.7,0.7,0.0,0,0,0,0,0,0,0.9353284702955048,0.9506838203574112,1.0264218927367688,0.9506838203574112,1.0264218927367688,0,0.0,0,0.0,0.0,0,concat_raw,44
0,8,17,1632,0.7,0.7,0.0,0,0,0,0,0,0,0.9184304073058264,0.955852110803694,1.0252738410268245,0.955852110803694,1.0252738410268245,0,0.0,0,0.0,0.0,0,concat_raw,44
0,9,20,1920,0.7,0.7,0.0,0,0,0,0,0,0,0.9040199048068684,0.9537026748370104,1.021858963573756,0.9537026748370104,1.021858963573756,0,0.0,0,0.0,0.0,0,concat_raw,44
0,10,22,2112,0.7,0.7,0.0,0,0,0,0,0,0,0.929501079249332,0.955059506194777,1.0288212595106594,0.955059506194777,1.0288212595106594,0,0.0,0,0.0,0.0,0,concat_raw,44
0,11,23,2208,0.7,0.7,0.0,0,0,0,0,0,0,0.913051351633674,0.9543356989803166,1.0229184123936612,0.9543356989803166,1.0229184123936612,0,0.0,0,0.0,0.0,0,concat_raw,44
0,12,25,2400,0.7,0.7,0.0,0,0,0,0,0,0,0.904976102115894,0.9543891805676028,1.0212431353444484,0.9543891805676028,1.0212431353444484,0,0.0,0,0.0,0.0,0,concat_raw,44
0,13,26,2496,0.7,0.7,0.0,0,0,0,0,0,0,0.9290240826557008,0.9546649448555166,1.0230564934120128,0.9546649448555166,1.0230564934120128,0,0.0,0,0.0,0.0,0,concat_raw,44
0,14,29,2784,0.7,0.7,0.0,0,0,0,0,0,0,0.9225573667764974,0.9529273166194828,1.020996649182664,0.9529273166194828,1.020996649182664,0,0.0,0,0.0,0.0,0,concat_raw,44
0,15,30,2880,0.7,0.7,0.0,0,0,0,0,0,0,0.9198016343011336,0.9523601902922594,1.0200116012454392,0.9523601902922594,1.0200116012454392,0,0.0,0,0.0,0.0,0,concat_raw,44
0,16,31,2976,0.7,0.7,0.0,0,0,0,0,0,0,0.9037833939411122,0.9523136273865308,1.0225176144865251,0.9523136273865308,1.0225176144865251,0,0.0,0,0.0,0.0,0,concat_raw,44
0,17,34,3264,0.7,0.7,0.0,0,0,0,0,0,0,0.925383686996908,0.950833471560942,1.0233218487732498,0.950833471560942,1.0233218487732498,0,0.0,0,0.0,0.0,0,concat_raw,44
0,18,37,3552,0.7,0.7,0.0,0,0,0,0,0,0,0.9081665964824136,0.9573599689132476,1.0219999972353444,0.9573599689132476,1.0219999972353444,0,0.0,0,0.0,0.0,0,concat_raw,44
0,19,38,3648,0.7,0.7,0.0,0,0,0,0,0,0,0.9359252613236512,0.9547969259575132,1.0219683052416952,0.9547969259575132,1.0219683052416952,0,0.0,0,0.0,0.0,0,concat_raw,44
0,20,39,3744,0.7,0.7,0.0,0,0,0,0,0,0,0.9388716451822186,0.9530086013799194,1.0231674587848056,0.9530086013799194,1.0231674587848056,0,0.0,0,0.0,0.0,0,concat_raw,44
0,21,43,4128,0.7,0.7,0.0,0,0,0,0,0,0,0.915582641241352,0.9521881565464584,1.0204706155358874,0.9521881565464584,1.0204706155358874,0,0.0,0,0.0,0.0,0,concat_raw,44
0,22,44,4224,0.7,0.7,0.0,0,0,0,0,0,0,0.9095529784672876,0.9561491026555308,1.0206978065789571,0.9561491026555308,1.0206978065789571,0,0.0,0,0.0,0.0,0,concat_raw,44
0,23,46,4416,0.7,0.7,0.0,0,0,0,0,0,0,0.9323728446298708,0.9512544408335366,1.0215071635913602,0.9512544408335366,1.0215071635913602,0,0.0,0,0.0,0.0,0,concat_raw,44
0,24,49,4704,0.7,0.7,0.0,0,0,0,0,0,0,0.9304514274248652,0.9533825007485304,1.020815782983325,0.9533825007485304,1.020815782983325,0,0.0,0,0.0,0.0,0,concat_raw,44
0,25,50,4800,0.7,0.7,0.0,0,0,0,0,0,0,0.8984093764262644,0.9556059136798628,1.0215534406931908,0.9556059136798628,1.0215534406931908,0,0.0,0,0.0,0.0,0,concat_raw,44
0,26,51,4896,0.7,0.7,0.0,0,0,0,0,0,0,0.9338471396338832,0.953082782803981,1.0209459811357329,0.953082782803981,1.0209459811357329,0,0.0,0,0.0,0.0,0,concat_raw,44
0,27,53,5088,0.7,0.7,0.0,0,0,0,0,0,0,0.9105574531134532,0.954127330084464,1.0196360761934216,0.954127330084464,1.0196360761934216,0,0.0,0,0.0,0.0,0,concat_raw,44
0,28,54,5184,0.7,0.7,0.0,0,0,0,0,0,0,0.9217006180030138,0.9520530715389922,1.0218245696941843,0.9520530715389922,1.0218245696941843,0,0.0,0,0.0,0.0,0,concat_raw,44
0,29,55,5280,0.7,0.7,0.0,0,0,0,0,0,0,0.9241863911142396,0.9518741184875424,1.022271342768423,0.9518741184875424,1.022271342768423,0,0.0,0,0.0,0.0,0,concat_raw,44
0,30,56,5376,0.7,0.7,0.0,0,0,0,0,0,0,0.9218125361508572,0.9557296579255282,1.0213732936455304,0.9557296579255282,1.0213732936455304,0,0.0,0,0.0,0.0,0,concat_raw,44
0,31,57,5472,0.7,0.7,0.0,0,0,0,0,0,0,0.9045096650689732,0.9561618525943002,1.021679320682076,0.9561618525943002,1.021679320682076,0,0.0,0,0.0,0.0,0,concat_raw,44
0,32,59,5664,0.7,0.7,0.0,0,0,0,0,0,0,0.8966168968686499,0.9538445479699932,1.0215586483094634,0.9538445479699932,1.0215586483094634,0,0.0,0,0.0,0.0,0,concat_raw,44
0,33,60,5760,0.7,0.7,0.0,0,0,0,0,0,0,0.928781818560717,0.9505307210205728,1.0228803659000385,0.9505307210205728,1.0228803659000385,0,0.0,0,0.0,0.0,0,concat_raw,44
0,34,62,5952,0.7,0.7,0.0,0,0,0,0,0,0,0.9135506292009546,0.9511164314275388,1.0206717695453422,0.9511164314275388,1.0206717695453422,0,0.0,0,0.0,0.0,0,concat_raw,44
0,35,65,6240,0.7,0.7,0.0,0,0,0,0,0,0,0.917087744352449,0.9554360966473888,1.021823916953292,0.9554360966473888,1.021823916953292,0,0.0,0,0.0,0.0,0,concat_raw,44
0,36,66,6336,0.7,0.7,0.0,1,1,0,1,0,0,0.9277910458292036,0.9489683248530468,1.019226666234169,0.9489683248530468,1.019226666234169,0,0.0,0,0.0,0.0,0,concat_raw,44
0,37,67,6432,0.7,0.7,0.0,0,0,0,0,0,0,0.9155187869795364,0.9542738437480024,1.0277096998038435,0.9542738437480024,1.0277096998038435,0,0.0,0,0.0,0.0,0,concat_raw,44
0,38,68,6528,0.7,0.7,0.0,0,0,0,0,0,0,0.9204881188141456,0.9539577343861276,1.0247762239626752,0.9539577343861276,1.0247762239626752,0,0.0,0,0.0,0.0,0,concat_raw,44
0,39,69,6624,0.7,0.7,0.0,0,0,0,0,0,0,0.921896732855717,0.9535204143580382,1.0273106094904467,0.9535204143580382,1.0273106094904467,0,0.0,0,0.0,0.0,0,concat_raw,44
0,40,70,6720,0.7,0.7,0.0,0,0,0,0,0,0,0.9336391459460638,0.9535054887369548,1.0213255544850102,0.9535054887369548,1.0213255544850102,0,0.0,0,0.0,0.0,0,concat_raw,44
0,41,71,6816,0.7,0.7,0.0,0,0,0,0,0,0,0.9380461138584602,0.9553748813976832,1.0209674005339762,0.9553748813976832,1.0209674005339762,0,0.0,0,0.0,0.0,0,concat_raw,44
0,42,74,7104,0.7,0.7,0.0,0,0,0,0,0,0,0.9365151925137692,0.956444025728995,1.0222912983089132,0.956444025728995,1.0222912983089132,0,0.0,0,0.0,0.0,0,concat_raw,44
0,43,80,7680,0.7,0.7,0.0,0,0,0,0,0,0,0.8921046065875945,0.95141738233758,1.0187860362408658,0.95141738233758,1.0187860362408658,0,0.0,0,0.0,0.0,0,concat_raw,44
0,44,81,7776,0.7,0.7,0.0,0,0,0,0,0,0,0.9086382831919866,0.953002981494974,1.0186536689140042,0.953002981494974,1.0186536689140042,0,0.0,0,0.0,0.0,0,concat_raw,44
0,45,82,7872,0.7,0.7,0.0,0,0,0,0,0,0,0.9323553695621656,0.9510029744024666,1.0217670983782523,0.9510029744024666,1.0217670983782523,0,0.0,0,0.0,0.0,0,concat_raw,44
0,46,84,8064,0.7,0.7,0.0,0,0,0,0,0,0,0.9217004718896992,0.9513925910398476,1.023427984359096,0.9513925910398476,1.023427984359096,0,0.0,0,0.0,0.0,0,concat_raw,44
0,47,85,8160,0.7,0.7,0.0,0,0,0,0,0,0,0.914328869931348,0.9576947496577076,1.0236895055806174,0.9576947496577076,1.0236895055806174,0,0.0,0,0.0,0.0,0,concat_raw,44
0,47,86,8256,0.7,0.7,0.0,0,0,0,0,0,0,0.923086297960146,0.9545314799592184,1.0201864736826431,0.9545314799592184,1.0201864736826431,0,0.0,0,0.0,0.0,0,concat_raw,44
0,48,87,8352,0.7,0.7,0.0,0,0,0,0,0,0,0.9360439530173332,0.9532453255404756,1.0233310129226154,0.9532453255404756,1.0233310129226154,0,0.0,0,0.0,0.0,0,concat_raw,44
0,49,93,8928,0.7,0.7,0.0,0,0,0,0,0,0,0.9132227452333238,0.9535290752440084,1.0214233770919754,0.9535290752440084,1.0214233770919754,0,0.0,0,0.0,0.0,0,concat_raw,44
0,50,94,9024,0.7,0.7,0.0,0,0,0,0,0,0,0.9080958444290832,0.9564561756499688,1.0202299520124387,0.9564561756499688,1.0202299520124387,0,0.0,0,0.0,0.0,0,concat_raw,44
0,51,95,9120,0.7,0.7,0.0,0,0,0,0,0,0,0.9270675012441532,0.9548217832991768,1.0203638120739116,0.9548217832991768,1.0203638120739116,0,0.0,0,0.0,0.0,0,concat_raw,44
0,52,97,9312,0.7,0.7,0.0,0,0,0,0,0,0,0.9183938832898568,0.9548472485482714,1.01998796418963,0.9548472485482714,1.01998796418963,0,0.0,0,0.0,0.0,0,concat_raw,44
0,53,98,9408,0.7,0.7,0.0,0,0,0,0,0,0,0.9036393503804304,0.9519907947031664,1.0205227228590994,0.9519907947031664,1.0205227228590994,0,0.0,0,0.0,0.0,0,concat_raw,44
0,54,101,9696,0.7,0.7,0.0,0,0,0,0,0,0,0.9120875202864904,0.9533794024632338,1.020672602837962,0.9533794024632338,1.020672602837962,0,0.0,0,0.0,0.0,0,concat_raw,44
0,55,102,9792,0.7,0.7,0.0,0,0,0,0,0,0,0.9285397420668674,0.9540705567754416,1.0264413043156455,0.9540705567754416,1.0264413043156455,0,0.0,0,0.0,0.0,0,concat_raw,44
0,56,107,10272,0.7,0.7,0.0,1,1,0,1,0,0,0.9035641975983226,0.9497748901441524,1.020144209589157,0.9497748901441524,1.020144209589157,0,0.0,0,0.0,0.0,0,concat_raw,44
0,57,109,10464,0.7,0.7,0.0,0,0,0,0,0,0,0.9133800416321464,0.9508639342683384,1.0205254503484658,0.9508639342683384,1.0205254503484658,0,0.0,0,0.0,0.0,0,concat_raw,44
0,58,111,10656,0.7,0.7,0.0,0,0,0,0,0,0,0.92616105019066,0.9508754240880996,1.0215724209109116,0.9508754240880996,1.0215724209109116,0,0.0,0,0.0,0.0,0,concat_raw,44
0,59,114,10944,0.7,0.7,0.0,0,0,0,0,0,0,0.9051752997732988,0.954122798514498,1.0205568950572963,0.954122798514498,1.0205568950572963,0,0.0,0,0.0,0.0,0,concat_raw,44
0,60,116,11136,0.7,0.7,0.0,1,1,0,1,0,0,0.9336521404806104,0.9494647129357552,1.022057190265815,0.9494647129357552,1.022057190265815,0,0.0,0,0.0,0.0,0,concat_raw,44
0,61,117,11232,0.7,0.7,0.0,0,0,0,0,0,0,0.9277804475395786,0.9549139829641216,1.0205044016666374,0.9549139829641216,1.0205044016666374,0,0.0,0,0.0,0.0,0,concat_raw,44
0,62,119,11424,0.7,0.7,0.0,0,0,0,0,0,0,0.9286562753398012,0.9533121679477128,1.022694730274233,0.9533121679477128,1.022694730274233,0,0.0,0,0.0,0.0,0,concat_raw,44
0,63,120,11520,0.7,0.7,0.0,0,0,0,0,0,0,0.927061719360192,0.9517251357318272,1.0250450327409562,0.9517251357318272,1.0250450327409562,0,0.0,0,0.0,0.0,0,concat_raw,44
0,63,122,11712,0.7,0.7,0.0,0,0,0,0,0,0,0.9261114706232828,0.955308480104566,1.0223724209919385,0.955308480104566,1.0223724209919385,0,0.0,0,0.0,0.0,0,concat_raw,44
0,64,123,11808,0.7,0.7,0.0,0,0,0,0,0,0,0.916116741939652,0.9517894027418008,1.0197477190541726,0.9517894027418008,1.0197477190541726,0,0.0,0,0.0,0.0,0,concat_raw,44
0,65,125,12000,0.7,0.7,0.0,0,0,0,0,0,0,0.924793975282214,0.952305999457876,1.0261803403274865,0.952305999457876,1.0261803403274865,0,0.0,0,0.0,0.0,0,concat_raw,44
0,66,126,12096,0.7,0.7,0.0,0,0,0,0,0,0,0.9298331545870084,0.9518854673266024,1.021040239721077,0.9518854673266024,1.021040239721077,0,0.0,0,0.0,0.0,0,concat_raw,44
0,67,128,12288,0.7,0.7,0.0,0,0,0,0,0,0,0.931010434151748,0.95374058482831,1.0215997705145896,0.95374058482831,1.0215997705145896,0,0.0,0,0.0,0.0,0,concat_raw,44
0,68,129,12384,0.7,0.7,0.0,0,0,0,0,0,0,0.945655823155478,0.9501962790524656,1.020778749645351,0.9501962790524656,1.020778749645351,0,0.0,0,0.0,0.0,0,concat_raw,44
0,69,131,12576,0.7,0.7,0.0,0,0,0,0,0,0,0.9082638561909928,0.9531875853030624,1.025468481788895,0.9531875853030624,1.025468481788895,0,0.0,0,0.0,0.0,0,concat_raw,44
0,70,133,12768,0.7,0.7,0.0,0,0,0,0,0,0,0.927078501897149,0.9513575758945304,1.0217143468977783,0.9513575758945304,1.0217143468977783,0,0.0,0,0.0,0.0,0,concat_raw,44
0,71,134,12864,0.7,0.7,0.0,0,0,0,0,0,0,0.9078575483335736,0.9514406677187244,1.0197898748174372,0.9514406677187244,1.0197898748174372,0,0.0,0,0.0,0.0,0,concat_raw,44
0,72,136,13056,0.7,0.7,0.0,0,0,0,0,0,0,0.9470692268799576,0.9550473519855271,1.026186003429575,0.9550473519855271,1.026186003429575,0,0.0,0,0.0,0.0,0,concat_raw,44
0,73,140,13440,0.7,0.7,0.0,0,0,0,0,0,0,0.905414052381899,0.9526734176950996,1.020611874512609,0.9526734176950996,1.020611874512609,0,0.0,0,0.0,0.0,0,concat_raw,44
0,74,141,13536,0.7,0.7,0.0,0,0,0,0,0,0,0.923982158179985,0.9515878993552578,1.0213506836337938,0.9515878993552578,1.0213506836337938,0,0.0,0,0.0,0.0,0,concat_raw,44
0,75,142,13632,0.7,0.7,0.0,0,0,0,0,0,0,0.9297723981007416,0.9536645271026564,1.0233231761822053,0.9536645271026564,1.0233231761822053,0,0.0,0,0.0,0.0,0,concat_raw,44
0,76,143,13728,0.7,0.7,0.0,0,0,0,0,0,0,0.9181397039637296,0.9518353557837944,1.0211759939226703,0.9518353557837944,1.0211759939226703,0,0.0,0,0.0,0.0,0,concat_raw,44
0,77,145,13920,0.7,0.7,0.0,0,0,0,0,0,0,0.9162485978199646,0.9570409521679124,1.021441933572338,0.9570409521679124,1.021441933572338,0,0.0,0,0.0,0.0,0,concat_raw,44
0,78,148,14208,0.7,0.7,0.0,0,0,0,0,0,0,0.9240799545531544,0.9509103694630164,1.01947992473976,0.9509103694630164,1.01947992473976,0,0.0,0,0.0,0.0,0,concat_raw,44
0,79,149,14304,0.7,0.7,0.0,0,0,0,0,0,0,0.9331551965350772,0.9500159788382494,1.0214049283058493,0.9500159788382494,1.0214049283058493,0,0.0,0,0.0,0.0,0,concat_raw,44
0,80,151,14496,0.7,0.7,0.0,0,0,0,0,0,0,0.9369739253377876,0.95358303694469,1.0205237630470874,0.95358303694469,1.0205237630470874,0,0.0,0,0.0,0.0,0,concat_raw,44
0,81,152,14592,0.7,0.7,0.0,0,0,0,0,0,0,0.9169221519829868,0.9539778135929194,1.0196633477807848,0.9539778135929194,1.0196633477807848,0,0.0,0,0.0,0.0,0,concat_raw,44
0,82,154,14784,0.7,0.7,0.0,0,0,0,0,0,0,0.9103715228674132,0.9533693443712354,1.0203323890045148,0.9533693443712354,1.0203323890045148,0,0.0,0,0.0,0.0,0,concat_raw,44
0,83,156,14976,0.7,0.7,0.0,0,0,0,0,0,0,0.9423662804626304,0.9506881567899726,1.0266516341981609,0.9506881567899726,1.0266516341981609,0,0.0,0,0.0,0.0,0,concat_raw,44
0,84,157,15072,0.7,0.7,0.0,0,0,0,0,0,0,0.9216148543297196,0.953470416169526,1.0227945806041114,0.953470416169526,1.0227945806041114,0,0.0,0,0.0,0.0,0,concat_raw,44
0,85,166,15936,0.7,0.7,0.0,0,0,0,0,0,0,0.915967747713784,0.9533646604277742,1.0197675647148228,0.9533646604277742,1.0197675647148228,0,0.0,0,0.0,0.0,0,concat_raw,44
0,87,168,16128,0.7,0.7,0.0,0,0,0,0,0,0,0.9266309821795174,0.9530582528540584,1.0193601082105823,0.9530582528540584,1.0193601082105823,0,0.0,0,0.0,0.0,0,concat_raw,44
0,86,169,16224,0.7,0.7,0.0,0,0,0,0,0,0,0.9241115336444502,0.9545059569737078,1.020541297013982,0.9545059569737078,1.020541297013982,0,0.0,0,0.0,0.0,0,concat_raw,44
0,87,171,16416,0.7,0.7,0.0,0,0,0,0,0,0,0.9175448507570396,0.9526820494382018,1.0201848107643976,0.9526820494382018,1.0201848107643976,0,0.0,0,0.0,0.0,0,concat_raw,44
0,88,172,16512,0.7,0.7,0.0,1,1,0,1,0,0,0.9191122667367304,0.9497399588785228,1.0216274954794622,0.9497399588785228,1.0216274954794622,0,0.0,0,0.0,0.0,0,concat_raw,44
0,89,173,16608,0.7,0.7,0.0,0,0,0,0,0,0,0.931243621998236,0.9522174997440092,1.0208591968134788,0.9522174997440092,1.0208591968134788,0,0.0,0,0.0,0.0,0,concat_raw,44
0,90,175,16800,0.7,0.7,0.0,0,0,0,0,0,0,0.9206526256062396,0.95243585831592,1.020681566790614,0.95243585831592,1.020681566790614,0,0.0,0,0.0,0.0,0,concat_raw,44
0,91,176,16896,0.7,0.7,0.0,0,0,0,0,0,0,0.9378245001473486,0.9537939534231934,1.021117092733103,0.9537939534231934,1.021117092733103,0,0.0,0,0.0,0.0,0,concat_raw,44
0,92,178,17088,0.7,0.7,0.0,0,0,0,0,0,0,0.927877846919563,0.9527807865820884,1.0208962480203472,0.9527807865820884,1.0208962480203472,0,0.0,0,0.0,0.0,0,concat_raw,44
0,93,179,17184,0.7,0.7,0.0,0,0,0,0,0,0,0.9426465645247214,0.9509475891208444,1.0224155558890635,0.9509475891208444,1.0224155558890635,0,0.0,0,0.0,0.0,0,concat_raw,44
0,94,181,17376,0.7,0.7,0.0,0,0,0,0,0,0,0.9281278476515152,0.9530894743823256,1.0211995151884627,0.9530894743823256,1.0211995151884627,0,0.0,0,0.0,0.0,0,concat_raw,44
0,95,183,17568,0.7,0.7,0.0,0,0,0,0,0,0,0.927775415390795,0.952374751813813,1.0228571323917826,0.952374751813813,1.0228571323917826,0,0.0,0,0.0,0.0,0,concat_raw,44
0,96,184,17664,0.7,0.7,0.0,0,0,0,0,0,0,0.930496467607995,0.9545394278378746,1.0205210310905484,0.9545394278378746,1.0205210310905484,0,0.0,0,0.0,0.0,0,concat_raw,44
0,97,187,17952,0.7,0.7,0.0,0,0,0,0,0,0,0.9285891369367292,0.9500274897002788,1.021599619104877,0.9500274897002788,1.021599619104877,0,0.0,0,0.0,0.0,0,concat_raw,44
0,100,190,18240,0.7,0.7,0.0,0,0,0,0,0,0,0.9156523066643728,0.95481057274168,1.01970034707832,0.95481057274168,1.01970034707832,0,0.0,0,0.0,0.0,0,concat_raw,44
0,98,192,18432,0.7,0.7,0.0,0,0,0,0,0,0,0.9399668792552924,0.9517797574157766,1.0203778560323007,0.9517797574157766,1.0203778560323007,0,0.0,0,0.0,0.0,0,concat_raw,44
0,99,193,18528,0.7,0.7,0.0,0,0,0,0,0,0,0.927900502033214,0.9519193175919528,1.0221860295937322,0.9519193175919528,1.0221860295937322,0,0.0,0,0.0,0.0,0,concat_raw,44
0,100,197,18912,0.7,0.7,0.0,0,0,0,0,0,0,0.9167242823194844,0.9522362155245072,1.0222880462524848,0.9522362155245072,1.0222880462524848,0,0.0,0,0.0,0.0,0,concat_raw,44
0,101,201,19296,0.7,0.7,0.0,0,0,0,0,0,0,0.9180327276041276,0.9518379742442064,1.026785367602608,0.9518379742442064,1.026785367602608,0,0.0,0,0.0,0.0,0,concat_raw,44
0,102,205,19680,0.7,0.7,0.0,0,0,0,0,0,0,0.9112855524878414,0.9540022061779142,1.02016039795383,0.9540022061779142,1.02016039795383,0,0.0,0,0.0,0.0,0,concat_raw,44
0,103,207,19872,0.7,0.7,0.0,1,1,0,1,0,0,0.9302645821311578,0.9458933212982964,1.0208413530553508,0.9458933212982964,1.0208413530553508,0,0.0,0,0.0,0.0,0,concat_raw,44
0,104,210,20160,0.7,0.7,0.0,1,1,0,1,0,0,0.9073803730745454,0.9479828125332168,1.019570759391775,0.9479828125332168,1.019570759391775,0,0.0,0,0.0,0.0,0,concat_raw,44
0,105,212,20352,0.7,0.7,0.0,0,0,0,0,0,0,0.931421858143054,0.9503645241828764,1.0242287554449532,0.9503645241828764,1.0242287554449532,0,0.0,0,0.0,0.0,0,concat_raw,44
0,106,213,20448,0.7,0.7,0.0,0,0,0,0,0,0,0.9233146520990128,0.9530057329820548,1.025854935265382,0.9530057329820548,1.025854935265382,0,0.0,0,0.0,0.0,0,concat_raw,44
0,107,216,20736,0.7,0.7,0.0,0,0,0,0,0,0,0.9037445702108372,0.9534177073572894,1.0225221948658887,0.9534177073572894,1.0225221948658887,0,0.0,0,0.0,0.0,0,concat_raw,44
0,108,219,21024,0.7,0.7,0.0,0,0,0,0,0,0,0.9437858069936178,0.9513742941534994,1.0228913965758055,0.9513742941534994,1.0228913965758055,0,0.0,0,0.0,0.0,0,concat_raw,44
0,109,220,21120,0.7,0.7,0.0,0,0,0,0,0,0,0.934808348570897,0.9546979035778737,1.0204534452878886,0.9546979035778737,1.0204534452878886,0,0.0,0,0.0,0.0,0,concat_raw,44
0,110,226,21696,0.7,0.7,0.0,0,0,0,0,0,0,0.9198357630503028,0.9516807353248704,1.019630235385988,0.9516807353248704,1.019630235385988,0,0.0,0,0.0,0.0,0,concat_raw,44
0,114,228,21888,0.7,0.7,0.0,0,0,0,0,0,0,0.9404306084824016,0.9563867188386588,1.0240405300879691,0.9563867188386588,1.0240405300879691,0,0.0,0,0.0,0.0,0,concat_raw,44
0,111,230,22080,0.7,0.7,0.0,0,0,0,0,0,0,0.9225910838174876,0.9537660914470544,1.0212873534589857,0.9537660914470544,1.0212873534589857,0,0.0,0,0.0,0.0,0,concat_raw,44
0,112,231,22176,0.7,0.7,0.0,0,0,0,0,0,0,0.914778554342898,0.954875771660918,1.0239949623625777,0.954875771660918,1.0239949623625777,0,0.0,0,0.0,0.0,0,concat_raw,44
0,113,232,22272,0.7,0.7,0.0,0,0,0,0,0,0,0.9145312375990672,0.9551964175886206,1.020881840715169,0.9551964175886206,1.020881840715169,0,0.0,0,0.0,0.0,0,concat_raw,44
0,114,234,22464,0.7,0.7,0.0,0,0,0,0,0,0,0.9247333425738408,0.9533634209227164,1.0246629472574118,0.9533634209227164,1.0246629472574118,0,0.0,0,0.0,0.0,0,concat_raw,44
0,115,235,22560,0.7,0.7,0.0,0,0,0,0,0,0,0.9362193877159976,0.951329376929546,1.0220493871627716,0.951329376929546,1.0220493871627716,0,0.0,0,0.0,0.0,0,concat_raw,44
0,116,236,22656,0.7,0.7,0.0,0,0,0,0,0,0,0.9298501108799762,0.9548758396830124,1.0214972361345624,0.9548758396830124,1.0214972361345624,0,0.0,0,0.0,0.0,0,concat_raw,44
0,117,239,22944,0.7,0.7,0.0,0,0,0,0,0,0,0.9164725753434996,0.9530173348673244,1.0218316514653862,0.9530173348673244,1.0218316514653862,0,0.0,0,0.0,0.0,0,concat_raw,44
0,118,240,23040,0.7,0.7,0.0,0,0,0,0,0,0,0.9198723259680638,0.953461471292112,1.0207375098765934,0.953461471292112,1.0207375098765934,0,0.0,0,0.0,0.0,0,concat_raw,44
0,123,241,23136,0.7,0.7,0.0,0,0,0,0,0,0,0.9194663335553638,0.9524228378403296,1.021907961437433,0.9524228378403296,1.021907961437433,0,0.0,0,0.0,0.0,0,concat_raw,44
0,119,244,23424,0.7,0.7,0.0,0,0,0,0,0,0,0.929664860636929,0.9539313367842372,1.0206185569619377,0.9539313367842372,1.0206185569619377,0,0.0,0,0.0,0.0,0,concat_raw,44
0,120,245,23520,0.7,0.7,0.0,0,0,0,0,0,0,0.9155492399433168,0.953244177331741,1.0208751502811422,0.953244177331741,1.0208751502811422,0,0.0,0,0.0,0.0,0,concat_raw,44
0,121,248,23808,0.7,0.7,0.0,0,0,0,0,0,0,0.9280049996056288,0.9545437093241684,1.0203990268513574,0.9545437093241684,1.0203990268513574,0,0.0,0,0.0,0.0,0,concat_raw,44
0,122,251,24096,0.7,0.7,0.0,0,0,0,0,0,0,0.9121744830058546,0.9530158411718856,1.0217499799226408,0.9530158411718856,1.0217499799226408,0,0.0,0,0.0,0.0,0,concat_raw,44
0,123,253,24288,0.7,0.7,0.0,0,0,0,0,0,0,0.9148458143902702,0.9533189157594048,1.0228525988058512,0.9533189157594048,1.0228525988058512,0,0.0,0,0.0,0.0,0,concat_raw,44
0,124,254,24384,0.7,0.7,0.0,0,0,0,0,0,0,0.9205010063124826,0.955298819946683,1.0203657680776346,0.955298819946683,1.0203657680776346,0,0.0,0,0.0,0.0,0,concat_raw,44
0,125,257,24672,0.7,0.7,0.0,0,0,0,0,0,0,0.9024484941237744,0.9559822130423016,1.0239289805119454,0.9559822130423016,1.0239289805119454,0,0.0,0,0.0,0.0,0,concat_raw,44
0,126,259,24864,0.7,0.7,0.0,0,0,0,0,0,0,0.9122238904369838,0.9567509151910129,1.0215020651485014,0.9567509151910129,1.0215020651485014,0,0.0,0,0.0,0.0,0,concat_raw,44
0,127,261,25056,0.7,0.7,0.0,0,0,0,0,0,0,0.934305088422586,0.952041227795465,1.0212142154200876,0.952041227795465,1.0212142154200876,0,0.0,0,0.0,0.0,0,concat_raw,44
0,128,266,25536,0.7,0.7,0.0,0,0,0,0,0,0,0.9210170522406864,0.9515648333101884,1.020819524898691,0.9515648333101884,1.020819524898691,0,0.0,0,0.0,0.0,0,concat_raw,44
0,129,267,25632,0.7,0.7,0.0,0,0,0,0,0,0,0.9227964785132572,0.9539869235041384,1.0204241464189825,0.9539869235041384,1.0204241464189825,0,0.0,0,0.0,0.0,0,concat_raw,44
0,130,268,25728,0.7,0.7,0.0,0,0,0,0,0,0,0.9181050024870262,0.9545901677904984,1.0202295140495372,0.9545901677904984,1.0202295140495372,0,0.0,0,0.0,0.0,0,concat_raw,44
0,131,269,25824,0.7,0.7,0.0,0,0,0,0,0,0,0.9371306433221596,0.953707771055101,1.0271605156360009,0.953707771055101,1.0271605156360009,0,0.0,0,0.0,0.0,0,concat_raw,44
0,132,271,26016,0.7,0.7,0.0,0,0,0,0,0,0,0.9261167822656596,0.9500185658676686,1.0214413798073665,0.9500185658676686,1.0214413798073665,0,0.0,0,0.0,0.0,0,concat_raw,44
0,133,272,26112,0.7,0.7,0.0,0,0,0,0,0,0,0.931868123056626,0.9557934210595284,1.0211618909353288,0.9557934210595284,1.0211618909353288,0,0.0,0,0.0,0.0,0,concat_raw,44
0,134,273,26208,0.7,0.7,0.0,1,1,0,1,0,0,0.9274031665559928,0.9458294770490622,1.020305597680175,0.9458294770490622,1.020305597680175,0,0.0,0,0.0,0.0,0,concat_raw,44
0,135,275,26400,0.7,0.7,0.0,0,0,0,0,0,0,0.8963313020829385,0.9553856104434916,1.022927719313376,0.9553856104434916,1.022927719313376,0,0.0,0,0.0,0.0,0,concat_raw,44
0,136,276,26496,0.7,0.7,0.0,0,0,0,0,0,0,0.929232211472565,0.951017648182682,1.0208031728688438,0.951017648182682,1.0208031728688438,0,0.0,0,0.0,0.0,0,concat_raw,44
0,142,278,26688,0.7,0.7,0.0,0,0,0,0,0,0,0.9109975852724528,0.9540590930454368,1.0203259173642956,0.9540590930454368,1.0203259173642956,0,0.0,0,0.0,0.0,0,concat_raw,44
0,143,280,26880,0.7,0.7,0.0,0,0,0,0,0,0,0.9145455964348168,0.9512931606958558,1.0203068292457416,0.9512931606958558,1.0203068292457416,0,0.0,0,0.0,0.0,0,concat_raw,44
0,144,281,26976,0.7,0.7,0.0,0,0,0,0,0,0,0.8917392492128076,0.9551680402098304,1.0186082299546533,0.9551680402098304,1.0186082299546533,0,0.0,0,0.0,0.0,0,concat_raw,44
0,137,282,27072,0.7,0.7,0.0,0,0,0,0,0,0,0.9157435202372438,0.9564194427464958,1.023053610685602,0.9564194427464958,1.023053610685602,0,0.0,0,0.0,0.0,0,concat_raw,44
0,138,283,27168,0.7,0.7,0.0,0,0,0,0,0,0,0.908009877199046,0.9555122832834276,1.0277140967339142,0.9555122832834276,1.0277140967339142,0,0.0,0,0.0,0.0,0,concat_raw,44
0,139,284,27264,0.7,0.7,0.0,0,0,0,0,0,0,0.9372296652175708,0.9531558227525094,1.021433843137636,0.9531558227525094,1.021433843137636,0,0.0,0,0.0,0.0,0,concat_raw,44
0,140,285,27360,0.7,0.7,0.0,0,0,0,0,0,0,0.9373087809859127,0.9547539990214642,1.0213964774108513,0.9547539990214642,1.0213964774108513,0,0.0,0,0.0,0.0,0,concat_raw,44
0,141,287,27552,0.7,0.7,0.0,0,0,0,0,0,0,0.9348991663437688,0.9531710917027224,1.0215593399920109,0.9531710917027224,1.0215593399920109,0,0.0,0,0.0,0.0,0,concat_raw,44
0,142,288,27648,0.7,0.7,0.0,0,0,0,0,0,0,0.9185165068392582,0.9545770895357372,1.0225367031427752,0.9545770895357372,1.0225367031427752,0,0.0,0,0.0,0.0,0,concat_raw,44
0,143,289,27744,0.7,0.7,0.0,0,0,0,0,0,0,0.9105627329705186,0.9517261580840902,1.0195227777519489,0.9517261580840902,1.0195227777519489,0,0.0,0,0.0,0.0,0,concat_raw,44
0,144,290,27840,0.7,0.7,0.0,0,0,0,0,0,0,0.9262831919011488,0.9514287881344484,1.0239790454678803,0.9514287881344484,1.0239790454678803,0,0.0,0,0.0,0.0,0,concat_raw,44
0,153,291,27936,0.7,0.7,0.0,0,0,0,0,0,0,0.9406082208338732,0.9519690396448128,1.021255033301148,0.9519690396448128,1.021255033301148,0,0.0,0,0.0,0.0,0,concat_raw,44
0,145,292,28032,0.7,0.7,0.0,0,0,0,0,0,0,0.9030468069200486,0.95375811684781,1.019957500873413,0.95375811684781,1.019957500873413,0,0.0,0,0.0,0.0,0,concat_raw,44
0,146,293,28128,0.7,0.7,0.0,0,0,0,0,0,0,0.9428764977725588,0.9538406906465288,1.0215991584736606,0.9538406906465288,1.0215991584736606,0,0.0,0,0.0,0.0,0,concat_raw,44
0,147,294,28224,0.7,0.7,0.0,0,0,0,0,0,0,0.919609141383481,0.9536046909087672,1.021354921399741,0.9536046909087672,1.021354921399741,0,0.0,0,0.0,0.0,0,concat_raw,44
0,148,295,28320,0.7,0.7,0.0,0,0,0,0,0,0,0.9083707012475676,0.9539357647814566,1.0223958662487933,0.9539357647814566,1.0223958662487933,0,0.0,0,0.0,0.0,0,concat_raw,44
0,149,296,28416,0.7,0.7,0.0,0,0,0,0,0,0,0.9169309604585232,0.9535571677087732,1.021007660294579,0.9535571677087732,1.021007660294579,0,0.0,0,0.0,0.0,0,concat_raw,44
0,150,297,28512,0.7,0.7,0.0,0,0,0,0,0,0,0.9326731238238236,0.9517752107633476,1.0209206585214872,0.9517752107633476,1.0209206585214872,0,0.0,0,0.0,0.0,0,concat_raw,44
0,160,298,28608,0.7,0.7,0.0,0,0,0,0,0,0,0.9274806331360176,0.9576935270795792,1.0239153533385656,0.9576935270795792,1.0239153533385656,0,0.0,0,0.0,0.0,0,concat_raw,44
0,151,299,28704,0.7,0.7,0.0,0,0,0,0,0,0,0.9257035922003324,0.9500014073336172,1.024552771783609,0.9500014073336172,1.024552771783609,0,0.0,0,0.0,0.0,0,concat_raw,44
0,152,300,28800,0.7,0.7,0.0,0,0,0,0,0,0,0.9161997422846708,0.9568542359561232,1.026031877379086,0.9568542359561232,1.026031877379086,0,0.0,0,0.0,0.0,0,concat_raw,44
0,153,302,28992,0.7,0.7,0.0,0,0,0,0,0,0,0.9285640344756628,0.9567468813358412,1.0239600976591143,0.9567468813358412,1.0239600976591143,0,0.0,0,0.0,0.0,0,concat_raw,44
0,154,305,29280,0.7,0.7,0.0,0,0,0,0,0,0,0.9202353050424382,0.9529717756176684,1.0235635204080853,0.9529717756176684,1.0235635204080853,0,0.0,0,0.0,0.0,0,concat_raw,44
0,155,306,29376,0.7,0.7,0.0,0,0,0,0,0,0,0.8977658979235124,0.9521722778324518,1.0214950576574766,0.9521722778324518,1.0214950576574766,0,0.0,0,0.0,0.0,0,concat_raw,44
0,156,307,29472,0.7,0.7,0.0,0,0,0,0,0,0,0.9214327612438852,0.95399276013651,1.0210378332464216,0.95399276013651,1.0210378332464216,0,0.0,0,0.0,0.0,0,concat_raw,44
0,157,308,29568,0.7,0.7,0.0,1,1,0,1,0,0,0.920034364903064,0.94967813960115,1.0216044919583884,0.94967813960115,1.0216044919583884,0,0.0,0,0.0,0.0,0,concat_raw,44
0,158,312,29952,0.7,0.7,0.0,1,1,0,1,0,0,0.9190276296583988,0.9495574710033844,1.0201643842776418,0.9495574710033844,1.0201643842776418,0,0.0,0,0.0,0.0,0,concat_raw,44
0,159,315,30240,0.7,0.7,0.0,0,0,0,0,0,0,0.9398417786072768,0.9539233313909024,1.022735612204951,0.9539233313909024,1.022735612204951,0,0.0,0,0.0,0.0,0,concat_raw,44
0,160,317,30432,0.7,0.7,0.0,0,0,0,0,0,0,0.9351735442461026,0.9505824270162851,1.020847835506448,0.9505824270162851,1.020847835506448,0,0.0,0,0.0,0.0,0,concat_raw,44
0,161,319,30624,0.7,0.7,0.0,1,1,0,1,0,0,0.9270151771469513,0.948640439512923,1.0255283087911886,0.948640439512923,1.0255283087911886,0,0.0,0,0.0,0.0,0,concat_raw,44
0,162,321,30816,0.7,0.7,0.0,0,0,0,0,0,0,0.924922333158502,0.9529040830089291,1.0233838699561035,0.9529040830089291,1.0233838699561035,0,0.0,0,0.0,0.0,0,concat_raw,44
0,173,322,30912,0.7,0.7,0.0,0,0,0,0,0,0,0.912358226031235,0.9522307129094132,1.0201209650903758,0.9522307129094132,1.0201209650903758,0,0.0,0,0.0,0.0,0,concat_raw,44
0,163,326,31296,0.7,0.7,0.0,1,1,0,1,0,0,0.9274542281164708,0.946780156170151,1.0198479373213276,0.946780156170151,1.0198479373213276,0,0.0,0,0.0,0.0,0,concat_raw,44
0,164,329,31584,0.7,0.7,0.0,0,0,0,0,0,0,0.93169899124581,0.9535883771599516,1.0214805760021373,0.9535883771599516,1.0214805760021373,0,0.0,0,0.0,0.0,0,concat_raw,44
0,165,331,31776,0.7,0.7,0.0,0,0,0,0,0,0,0.9545549601268136,0.9554000995940256,1.0206907817786095,0.9554000995940256,1.0206907817786095,0,0.0,0,0.0,0.0,0,concat_raw,44
0,166,332,31872,0.7,0.7,0.0,1,1,0,1,0,0,0.9167996231930152,0.9498118184728708,1.023550298795529,0.9498118184728708,1.023550298795529,0,0.0,0,0.0,0.0,0,concat_raw,44
0,167,333,31968,0.7,0.7,0.0,0,0,0,0,0,0,0.9028442425555716,0.9559106670332428,1.0207032685912438,0.9559106670332428,1.0207032685912438,0,0.0,0,0.0,0.0,0,concat_raw,44
0,168,335,32160,0.7,0.7,0.0,0,0,0,0,0,0,0.9163481048019908,0.953180069006792,1.0230762926900874,0.953180069006792,1.0230762926900874,0,0.0,0,0.0,0.0,0,concat_raw,44
0,169,336,32256,0.7,0.7,0.0,1,1,0,1,0,0,0.9374525512745858,0.94942831419989,1.0206932158054511,0.94942831419989,1.0206932158054511,0,0.0,0,0.0,0.0,0,concat_raw,44
0,170,337,32352,0.7,0.7,0.0,0,0,0,0,0,0,0.9280793097351756,0.9564376199743518,1.0222246880596024,0.9564376199743518,1.0222246880596024,0,0.0,0,0.0,0.0,0,concat_raw,44
0,171,338,32448,0.7,0.7,0.0,0,0,0,0,0,0,0.9306598069814837,0.9525927303485462,1.021442941141717,0.9525927303485462,1.021442941141717,0,0.0,0,0.0,0.0,0,concat_raw,44
0,172,339,32544,0.7,0.7,0.0,0,0,0,0,0,0,0.9403039135566488,0.9542231896197636,1.0266280935120664,0.9542231896197636,1.0266280935120664,0,0.0,0,0.0,0.0,0,concat_raw,44
0,173,341,32736,0.7,0.7,0.0,0,0,0,0,0,0,0.904979905929572,0.9532070618072278,1.020198150699266,0.9532070618072278,1.020198150699266,0,0.0,0,0.0,0.0,0,concat_raw,44
0,174,342,32832,0.7,0.7,0.0,1,1,0,1,0,0,0.9230370241250426,0.9482958608679218,1.0223710737176646,0.9482958608679218,1.0223710737176646,0,0.0,0,0.0,0.0,0,concat_raw,44
0,175,345,33120,0.7,0.7,0.0,1,1,0,1,0,0,0.9041974892134076,0.94814910138469,1.0249777183456077,0.94814910138469,1.0249777183456077,0,0.0,0,0.0,0.0,0,concat_raw,44
0,176,347,33312,0.7,0.7,0.0,0,0,0,0,0,0,0.9299807596930886,0.9504769443132308,1.0254610064717138,0.9504769443132308,1.0254610064717138,0,0.0,0,0.0,0.0,0,concat_raw,44
0,177,348,33408,0.7,0.7,0.0,0,0,0,0,0,0,0.910607186287253,0.9517352245960534,1.02119087844999,0.9517352245960534,1.02119087844999,0,0.0,0,0.0,0.0,0,concat_raw,44
0,178,349,33504,0.7,0.7,0.0,1,1,0,1,0,0,0.9340322365464953,0.9478969657238406,1.020279074621792,0.9478969657238406,1.020279074621792,0,0.0,0,0.0,0.0,0,concat_raw,44
0,179,351,33696,0.7,0.7,0.0,0,0,0,0,0,0,0.9175525033421588,0.955029755590451,1.0190605774699908,0.955029755590451,1.0190605774699908,0,0.0,0,0.0,0.0,0,concat_raw,44
0,191,352,33792,0.7,0.7,0.0,0,0,0,0,0,0,0.937147033471567,0.955898962036648,1.023162767543413,0.955898962036648,1.023162767543413,0,0.0,0,0.0,0.0,0,concat_raw,44
0,180,354,33984,0.7,0.7,0.0,0,0,0,0,0,0,0.929702237718762,0.9532482076259596,1.0222009074809435,0.9532482076259596,1.0222009074809435,0,0.0,0,0.0,0.0,0,concat_raw,44
0,181,355,34080,0.7,0.7,0.0,0,0,0,0,0,0,0.9589650419165016,0.9528819663861132,1.0275750629222264,0.9528819663861132,1.0275750629222264,0,0.0,0,0.0,0.0,0,concat_raw,44
0,182,356,34176,0.7,0.7,0.0,0,0,0,0,0,0,0.9247248163473972,0.9565062460673548,1.0252735600318594,0.9565062460673548,1.0252735600318594,0,0.0,0,0.0,0.0,0,concat_raw,44
0,183,361,34656,0.7,0.7,0.0,0,0,0,0,0,0,0.9231222758373748,0.9557184536694108,1.0195886599535036,0.9557184536694108,1.0195886599535036,0,0.0,0,0.0,0.0,0,concat_raw,44
0,196,362,34752,0.7,0.7,0.0,0,0,0,0,0,0,0.9226904491892608,0.954773141187811,1.022432378829394,0.954773141187811,1.022432378829394,0,0.0,0,0.0,0.0,0,concat_raw,44
0,184,364,34944,0.7,0.7,0.0,1,1,0,1,0,0,0.9192238300716306,0.9499279067242332,1.0207763341917628,0.9499279067242332,1.0207763341917628,0,0.0,0,0.0,0.0,0,concat_raw,44
0,198,366,35136,0.7,0.7,0.0,0,0,0,0,0,0,0.9230663897090868,0.9504058386458354,1.0231233608719326,0.9504058386458354,1.0231233608719326,0,0.0,0,0.0,0.0,0,concat_raw,44
0,185,367,35232,0.7,0.7,0.0,0,0,0,0,0,0,0.9224110841816848,0.951885478512558,1.0209774261126978,0.951885478512558,1.0209774261126978,0,0.0,0,0.0,0.0,0,concat_raw,44
0,1,2,192,0.7,0.7,0.0,0,0,0,0,0,0,0.8656135381649693,0.950500000297652,1.0393796793972605,0.9492381984118974,1.0393796793972605,1,0.0104166666666666,0,0.0004081075306283,0.0391783229403192,111,concat_projected,42
0,2,4,384,0.7,0.7,0.0,0,0,0,0,0,0,0.8564147645323603,0.9550064280554236,1.032947958481565,0.9550064280554236,1.032947958481565,0,0.0,0,0.0,0.0,96,concat_projected,42
0,3,6,576,0.7,0.7,0.0,0,0,0,0,0,0,0.8778378488482662,0.9532552474159426,1.0355699169681791,0.9532552474159426,1.0355699169681791,0,0.0,0,0.0,0.0,96,concat_projected,42
0,4,7,672,0.7,0.7,0.0,0,0,0,0,0,0,0.8773419957138912,0.9531846343663176,1.0390393555520197,0.9531846343663176,1.0390393555520197,0,0.0,0,0.0,0.0,96,concat_projected,42
0,5,10,960,0.7,0.7,0.0,0,0,0,0,0,0,0.8548623850220872,0.9540310397100132,1.0319813408804694,0.9540310397100132,1.0319813408804694,0,0.0,0,0.0,0.0,96,concat_projected,42
0,6,13,1248,0.7,0.7,0.0,0,0,0,0,0,0,0.878351825501624,0.9509633424495711,1.0410183583393458,0.9509633424495711,1.0410183583393458,0,0.0,0,0.0,0.0,96,concat_projected,42
0,7,16,1536,0.7,0.7,0.0,0,0,0,0,0,0,0.8785466992271624,0.951370482190132,1.0415854156371158,0.951370482190132,1.0415854156371158,0,0.0,0,0.0,0.0,96,concat_projected,42
0,8,17,1632,0.7,0.7,0.0,0,0,0,0,0,0,0.8619112579189737,0.9567329045312256,1.0405696066972585,0.9567329045312256,1.0405696066972585,0,0.0,0,0.0,0.0,96,concat_projected,42
0,9,20,1920,0.7,0.7,0.0,0,0,0,0,0,0,0.849368863004443,0.953895885973758,1.0367829975892435,0.953895885973758,1.0367829975892435,0,0.0,0,0.0,0.0,96,concat_projected,42
0,10,22,2112,0.7,0.7,0.0,0,0,0,0,0,0,0.8720068285597865,0.9553219043714092,1.0437907401800162,0.9553219043714092,1.0437907401800162,0,0.0,0,0.0,0.0,96,concat_projected,42
0,11,23,2208,0.7,0.7,0.0,0,0,0,0,0,0,0.855773358032923,0.9547989847951144,1.037990711801567,0.9547989847951144,1.037990711801567,0,0.0,0,0.0,0.0,96,concat_projected,42
0,12,25,2400,0.7,0.7,0.0,0,0,0,0,0,0,0.8477266879836811,0.9549660184530548,1.0337473011020115,0.9549660184530548,1.0337473011020115,0,0.0,0,0.0,0.0,96,concat_projected,42
0,13,26,2496,0.7,0.7,0.0,0,0,0,0,0,0,0.8707598080881338,0.9549043920343706,1.038274782140315,0.9549043920343706,1.038274782140315,0,0.0,0,0.0,0.0,96,concat_projected,42
0,14,29,2784,0.7,0.7,0.0,0,0,0,0,0,0,0.8652325774025655,0.9536751978095376,1.0323007451037765,0.9536751978095376,1.0323007451037765,0,0.0,0,0.0,0.0,96,concat_projected,42
0,15,30,2880,0.7,0.7,0.0,0,0,0,0,0,0,0.8611220400923958,0.9533312754452956,1.035510187341718,0.9533312754452956,1.035510187341718,0,0.0,0,0.0,0.0,96,concat_projected,42
0,16,31,2976,0.7,0.7,0.0,0,0,0,0,0,0,0.8476673102975985,0.9524492516039492,1.0359536148759176,0.9524492516039492,1.0359536148759176,0,0.0,0,0.0,0.0,96,concat_projected,42
0,17,34,3264,0.7,0.7,0.0,0,0,0,0,0,0,0.8665040544008312,0.9511980533240356,1.0389632969059734,0.9511980533240356,1.0389632969059734,0,0.0,0,0.0,0.0,96,concat_projected,42
0,18,37,3552,0.7,0.7,0.0,0,0,0,0,0,0,0.8509179578795749,0.9579505634502686,1.0326561328142172,0.9579505634502686,1.0326561328142172,0,0.0,0,0.0,0.0,96,concat_projected,42
0,19,38,3648,0.7,0.7,0.0,0,0,0,0,0,0,0.8769878906457224,0.9551877274289916,1.0364635143719785,0.9551877274289916,1.0364635143719785,0,0.0,0,0.0,0.0,96,concat_projected,42
0,20,39,3744,0.7,0.7,0.0,0,0,0,0,0,0,0.8747458767223473,0.9538350978481338,1.0387317758163404,0.9538350978481338,1.0387317758163404,0,0.0,0,0.0,0.0,96,concat_projected,42
0,21,43,4128,0.7,0.7,0.0,0,0,0,0,0,0,0.8582026640482787,0.952692059472493,1.0333250267838257,0.952692059472493,1.0333250267838257,0,0.0,0,0.0,0.0,96,concat_projected,42
0,22,44,4224,0.7,0.7,0.0,0,0,0,0,0,0,0.8531299616771636,0.956612407548479,1.0300192017349965,0.956612407548479,1.0300192017349965,0,0.0,0,0.0,0.0,96,concat_projected,42
0,23,46,4416,0.7,0.7,0.0,0,0,0,0,0,0,0.8726624096423861,0.9518759372782076,1.0369218735270302,0.9518759372782076,1.0369218735270302,0,0.0,0,0.0,0.0,96,concat_projected,42
0,24,49,4704,0.7,0.7,0.0,0,0,0,0,0,0,0.8734912112447609,0.9538981625569176,1.0353268555331665,0.9538981625569176,1.0353268555331665,0,0.0,0,0.0,0.0,96,concat_projected,42
0,25,50,4800,0.7,0.7,0.0,0,0,0,0,0,0,0.8459193685952964,0.956654338237949,1.0366321446581712,0.956654338237949,1.0366321446581712,0,0.0,0,0.0,0.0,96,concat_projected,42
0,26,51,4896,0.7,0.7,0.0,0,0,0,0,0,0,0.8743729152829431,0.9533179289591284,1.0345585149078362,0.9533179289591284,1.0345585149078362,0,0.0,0,0.0,0.0,96,concat_projected,42
0,27,53,5088,0.7,0.7,0.0,0,0,0,0,0,0,0.8518713791918217,0.9549550076437128,1.0326220924433291,0.9549550076437128,1.0326220924433291,0,0.0,0,0.0,0.0,96,concat_projected,42
0,28,54,5184,0.7,0.7,0.0,0,0,0,0,0,0,0.8670639824297875,0.952296324697464,1.035661385082498,0.952296324697464,1.035661385082498,0,0.0,0,0.0,0.0,96,concat_projected,42
0,29,55,5280,0.7,0.7,0.0,0,0,0,0,0,0,0.8676308969249698,0.9520429772334198,1.034101289720992,0.9520429772334198,1.034101289720992,0,0.0,0,0.0,0.0,96,concat_projected,42
0,30,56,5376,0.7,0.7,0.0,0,0,0,0,0,0,0.8624733896908392,0.95630751206764,1.0334148043935387,0.95630751206764,1.0334148043935387,0,0.0,0,0.0,0.0,96,concat_projected,42
0,31,57,5472,0.7,0.7,0.0,0,0,0,0,0,0,0.8468691020993577,0.9566469630419924,1.0373316426978347,0.9566469630419924,1.0373316426978347,0,0.0,0,0.0,0.0,96,concat_projected,42
0,32,59,5664,0.7,0.7,0.0,0,0,0,0,0,0,0.842957619274439,0.9543141939841436,1.0309196205754565,0.9543141939841436,1.0309196205754565,0,0.0,0,0.0,0.0,96,concat_projected,42
0,33,60,5760,0.7,0.7,0.0,0,0,0,0,0,0,0.8676872864214017,0.9510936598419076,1.0378256454394856,0.9510936598419076,1.0378256454394856,0,0.0,0,0.0,0.0,96,concat_projected,42
0,34,62,5952,0.7,0.7,0.0,0,0,0,0,0,0,0.8573446597768996,0.9515345972724149,1.0332546739877106,0.9515345972724149,1.0332546739877106,0,0.0,0,0.0,0.0,96,concat_projected,42
0,35,65,6240,0.7,0.7,0.0,0,0,0,0,0,0,0.8581526497346431,0.955891922534794,1.03736060875494,0.955891922534794,1.03736060875494,0,0.0,0,0.0,0.0,96,concat_projected,42
0,36,66,6336,0.7,0.7,0.0,0,0,0,0,0,0,0.8662628339358566,0.950500000457014,1.0343736060037132,0.9493492383461252,1.0343736060037132,1,0.0104166666666666,0,0.0003618763717749,0.0347401316903957,111,concat_projected,42
0,37,67,6432,0.7,0.7,0.0,0,0,0,0,0,0,0.8588379927672196,0.95513636622001,1.0427531412731776,0.95513636622001,1.0427531412731776,0,0.0,0,0.0,0.0,96,concat_projected,42
0,38,68,6528,0.7,0.7,0.0,0,0,0,0,0,0,0.8618577797934561,0.9548131480033404,1.0402391591495186,0.9548131480033404,1.0402391591495186,0,0.0,0,0.0,0.0,96,concat_projected,42
0,39,69,6624,0.7,0.7,0.0,0,0,0,0,0,0,0.8658523807784942,0.9541378981756872,1.042477997817444,0.9541378981756872,1.042477997817444,0,0.0,0,0.0,0.0,96,concat_projected,42
0,40,70,6720,0.7,0.7,0.0,0,0,0,0,0,0,0.8709438127318101,0.9542559806150324,1.0335269590866838,0.9542559806150324,1.0335269590866838,0,0.0,0,0.0,0.0,96,concat_projected,42
0,41,71,6816,0.7,0.7,0.0,0,0,0,0,0,0,0.8761442283754052,0.9558799358273192,1.0330180694824755,0.9558799358273192,1.0330180694824755,0,0.0,0,0.0,0.0,96,concat_projected,42
0,42,74,7104,0.7,0.7,0.0,0,0,0,0,0,0,0.8784894301239539,0.9570932369370118,1.0354110320215122,0.9570932369370118,1.0354110320215122,0,0.0,0,0.0,0.0,96,concat_projected,42
0,43,80,7680,0.7,0.7,0.0,0,0,0,0,0,0,0.8388138912123804,0.9516571129393068,1.0317200604477328,0.9516571129393068,1.0317200604477328,0,0.0,0,0.0,0.0,96,concat_projected,42
0,44,81,7776,0.7,0.7,0.0,0,0,0,0,0,0,0.8524487333744938,0.9531167945553126,1.0345377485737508,0.9531167945553126,1.0345377485737508,0,0.0,0,0.0,0.0,96,concat_projected,42
0,45,82,7872,0.7,0.7,0.0,0,0,0,0,0,0,0.8715100202847386,0.951135001389339,1.0370541575338172,0.951135001389339,1.0370541575338172,0,0.0,0,0.0,0.0,96,concat_projected,42
0,46,84,8064,0.7,0.7,0.0,0,0,0,0,0,0,0.8615455154676505,0.9512851295754126,1.038950109087526,0.9512851295754126,1.038950109087526,0,0.0,0,0.0,0.0,96,concat_projected,42
0,47,85,8160,0.7,0.7,0.0,0,0,0,0,0,0,0.8530295559112873,0.9591385270955246,1.039206519385214,0.9591385270955246,1.039206519385214,0,0.0,0,0.0,0.0,96,concat_projected,42
0,47,86,8256,0.7,0.7,0.0,0,0,0,0,0,0,0.8653985059023939,0.9556487268314092,1.0348432660696032,0.9556487268314092,1.0348432660696032,0,0.0,0,0.0,0.0,96,concat_projected,42
0,48,87,8352,0.7,0.7,0.0,0,0,0,0,0,0,0.8740477383314781,0.9539800367345151,1.0390951040165644,0.9539800367345151,1.0390951040165644,0,0.0,0,0.0,0.0,96,concat_projected,42
0,49,93,8928,0.7,0.7,0.0,0,0,0,0,0,0,0.8569909493189041,0.954016432645072,1.0312138649299645,0.954016432645072,1.0312138649299645,0,0.0,0,0.0,0.0,96,concat_projected,42
0,50,94,9024,0.7,0.7,0.0,0,0,0,0,0,0,0.853671573078434,0.9572641638965568,1.0355311195521129,0.9572641638965568,1.0355311195521129,0,0.0,0,0.0,0.0,96,concat_projected,42
0,51,95,9120,0.7,0.7,0.0,0,0,0,0,0,0,0.8681856333561265,0.9552331995412124,1.0339872867081252,0.9552331995412124,1.0339872867081252,0,0.0,0,0.0,0.0,96,concat_projected,42
0,52,97,9312,0.7,0.7,0.0,0,0,0,0,0,0,0.8607297209271005,0.9553768294005957,1.0326532111339342,0.9553768294005957,1.0326532111339342,0,0.0,0,0.0,0.0,96,concat_projected,42
0,53,98,9408,0.7,0.7,0.0,0,0,0,0,0,0,0.8480006153417776,0.9521613595777826,1.030400438722318,0.9521613595777826,1.030400438722318,0,0.0,0,0.0,0.0,96,concat_projected,42
0,54,101,9696,0.7,0.7,0.0,0,0,0,0,0,0,0.8604473330958565,0.9540439652781746,1.0366773220817915,0.9540439652781746,1.0366773220817915,0,0.0,0,0.0,0.0,96,concat_projected,42
0,55,102,9792,0.7,0.7,0.0,0,0,0,0,0,0,0.8695119708685947,0.9552322141406482,1.0415807100763848,0.9552322141406482,1.0415807100763848,0,0.0,0,0.0,0.0,96,concat_projected,42
0,56,107,10272,0.7,0.7,0.0,0,0,0,0,0,0,0.8483758857733037,0.9505013212624436,1.031483285954289,0.9499759087189396,1.031483285954289,1,0.0104166666666666,0,0.0001573597076245,0.015106531931952,101,concat_projected,42
0,57,109,10464,0.7,0.7,0.0,0,0,0,0,0,0,0.8605549909114065,0.9512220090796382,1.0325551955098593,0.9512220090796382,1.0325551955098593,0,0.0,0,0.0,0.0,96,concat_projected,42
0,58,111,10656,0.7,0.7,0.0,0,0,0,0,0,0,0.8708236084564834,0.951022960588217,1.0329223555994038,0.951022960588217,1.0329223555994038,0,0.0,0,0.0,0.0,96,concat_projected,42
0,59,114,10944,0.7,0.7,0.0,0,0,0,0,0,0,0.8496126179026547,0.9546712603801972,1.0337643875568812,0.9546712603801972,1.0337643875568812,0,0.0,0,0.0,0.0,96,concat_projected,42
0,60,116,11136,0.7,0.7,0.0,0,0,0,0,0,0,0.8737594289809111,0.9505000003484656,1.0342113913162398,0.9495682159806996,1.0342113913162398,1,0.0104166666666666,0,0.000280250393118,0.0269040377393282,111,concat_projected,42
0,61,117,11232,0.7,0.7,0.0,0,0,0,0,0,0,0.865644012475523,0.9554622059545638,1.0345996632504133,0.9554622059545638,1.0345996632504133,0,0.0,0,0.0,0.0,96,concat_projected,42
0,62,119,11424,0.7,0.7,0.0,0,0,0,0,0,0,0.8674168306339012,0.9538979208086,1.0381732820014131,0.9538979208086,1.0381732820014131,0,0.0,0,0.0,0.0,96,concat_projected,42
0,63,120,11520,0.7,0.7,0.0,0,0,0,0,0,0,0.8676716841463048,0.9525764160553256,1.0404903389220117,0.9525764160553256,1.0404903389220117,0,0.0,0,0.0,0.0,96,concat_projected,42
0,63,122,11712,0.7,0.7,0.0,0,0,0,0,0,0,0.8674296355155562,0.9560010456501054,1.0331361321847532,0.9560010456501054,1.0331361321847532,0,0.0,0,0.0,0.0,96,concat_projected,42
0,64,123,11808,0.7,0.7,0.0,0,0,0,0,0,0,0.8622643911157407,0.9519987843578576,1.0334250490553218,0.9519987843578576,1.0334250490553218,0,0.0,0,0.0,0.0,96,concat_projected,42
0,65,125,12000,0.7,0.7,0.0,0,0,0,0,0,0,0.8675687748934364,0.9524469572815568,1.0413494513901618,0.9524469572815568,1.0413494513901618,0,0.0,0,0.0,0.0,96,concat_projected,42
0,66,126,12096,0.7,0.7,0.0,0,0,0,0,0,0,0.8726130103284331,0.9522334377348136,1.0357545534845969,0.9522334377348136,1.0357545534845969,0,0.0,0,0.0,0.0,96,concat_projected,42
0,67,128,12288,0.7,0.7,0.0,0,0,0,0,0,0,0.8705191731675893,0.954327830469041,1.0371897608542455,0.954327830469041,1.0371897608542455,0,0.0,0,0.0,0.0,96,concat_projected,42
0,68,129,12384,0.7,0.7,0.0,0,0,0,0,0,0,0.8834372290027892,0.9507577157222844,1.0357179051850285,0.9507577157222844,1.0357179051850285,0,0.0,0,0.0,0.0,96,concat_projected,42
0,69,131,12576,0.7,0.7,0.0,0,0,0,0,0,0,0.8505154959284252,0.9535883333166124,1.0403267341580649,0.9535883333166124,1.0403267341580649,0,0.0,0,0.0,0.0,96,concat_projected,42
0,70,133,12768,0.7,0.7,0.0,0,0,0,0,0,0,0.8712730444988821,0.952316341567126,1.0373499229493872,0.952316341567126,1.0373499229493872,0,0.0,0,0.0,0.0,96,concat_projected,42
0,71,134,12864,0.7,0.7,0.0,0,0,0,0,0,0,0.8518719417385525,0.9520172258970128,1.0353929558539166,0.9520172258970128,1.0353929558539166,0,0.0,0,0.0,0.0,96,concat_projected,42
0,72,136,13056,0.7,0.7,0.0,0,0,0,0,0,0,0.8858742055927499,0.9553659150654504,1.0418780643566885,0.9553659150654504,1.0418780643566885,0,0.0,0,0.0,0.0,96,concat_projected,42
0,73,140,13440,0.7,0.7,0.0,0,0,0,0,0,0,0.8522147388470789,0.9532538132460808,1.0359080491509944,0.9532538132460808,1.0359080491509944,0,0.0,0,0.0,0.0,96,concat_projected,42
0,74,141,13536,0.7,0.7,0.0,0,0,0,0,0,0,0.8604659542004696,0.95217681859325,1.0310799382021727,0.95217681859325,1.0310799382021727,0,0.0,0,0.0,0.0,96,concat_projected,42
0,75,142,13632,0.7,0.7,0.0,0,0,0,0,0,0,0.8722403139897924,0.9539849112036342,1.03865512524932,0.9539849112036342,1.03865512524932,0,0.0,0,0.0,0.0,96,concat_projected,42
0,76,143,13728,0.7,0.7,0.0,0,0,0,0,0,0,0.8639366632231077,0.952090176673337,1.0305808787978283,0.952090176673337,1.0305808787978283,0,0.0,0,0.0,0.0,96,concat_projected,42
0,77,145,13920,0.7,0.7,0.0,0,0,0,0,0,0,0.8593020012629169,0.9577416683190728,1.035959700601525,0.9577416683190728,1.035959700601525,0,0.0,0,0.0,0.0,96,concat_projected,42
0,78,148,14208,0.7,0.7,0.0,0,0,0,0,0,0,0.8641324134531138,0.9511862661887774,1.0300748053958102,0.9511862661887774,1.0300748053958102,0,0.0,0,0.0,0.0,96,concat_projected,42
0,79,149,14304,0.7,0.7,0.0,0,0,0,0,0,0,0.875688480935231,0.9505004109674084,1.0346219419408071,0.9504398679253236,1.0346219419408071,1,0.0104166666666666,0,1.9370583472077e-05,0.0018595760133193,101,concat_projected,42
0,80,151,14496,0.7,0.7,0.0,0,0,0,0,0,0,0.8754282230492281,0.9542886599826542,1.0312820090595336,0.9542886599826542,1.0312820090595336,0,0.0,0,0.0,0.0,96,concat_projected,42
0,81,152,14592,0.7,0.7,0.0,0,0,0,0,0,0,0.8598453387132148,0.955134025222666,1.0343395288233097,0.955134025222666,1.0343395288233097,0,0.0,0,0.0,0.0,96,concat_projected,42
0,82,154,14784,0.7,0.7,0.0,0,0,0,0,0,0,0.8548797919323347,0.9541413532063452,1.0359976430610784,0.9541413532063452,1.0359976430610784,0,0.0,0,0.0,0.0,96,concat_projected,42
0,83,156,14976,0.7,0.7,0.0,0,0,0,0,0,0,0.8817582047651161,0.9511957741243264,1.0422043525674585,0.9511957741243264,1.0422043525674585,0,0.0,0,0.0,0.0,96,concat_projected,42
0,84,157,15072,0.7,0.7,0.0,0,0,0,0,0,0,0.8639099783610664,0.9540116368709842,1.0381004007718224,0.9540116368709842,1.0381004007718224,0,0.0,0,0.0,0.0,96,concat_projected,42
0,85,166,15936,0.7,0.7,0.0,0,0,0,0,0,0,0.8577223732536456,0.9536332956770754,1.0326416138870165,0.9536332956770754,1.0326416138870165,0,0.0,0,0.0,0.0,96,concat_projected,42
0,87,168,16128,0.7,0.7,0.0,0,0,0,0,0,0,0.8704465779114128,0.9536241437391644,1.0339210908738037,0.9536241437391644,1.0339210908738037,0,0.0,0,0.0,0.0,96,concat_projected,42
0,86,169,16224,0.7,0.7,0.0,0,0,0,0,0,0,0.869029553682551,0.954717703232584,1.033905982737238,0.954717703232584,1.033905982737238,0,0.0,0,0.0,0.0,96,concat_projected,42
0,87,171,16416,0.7,0.7,0.0,0,0,0,0,0,0,0.8605294091029264,0.9530905856060125,1.0358312048827507,0.9530905856060125,1.0358312048827507,0,0.0,0,0.0,0.0,96,concat_projected,42
0,88,172,16512,0.7,0.7,0.0,0,0,0,0,0,0,0.8613337513271886,0.9505007098362264,1.0325738207628812,0.949783536422036,1.0325738207628812,1,0.0104166666666666,0,0.0002162939637804,0.0207642205229245,101,concat_projected,42
0,89,173,16608,0.7,0.7,0.0,0,0,0,0,0,0,0.8691742369321189,0.9524809999681288,1.0363567511518348,0.9524809999681288,1.0363567511518348,0,0.0,0,0.0,0.0,96,concat_projected,42
0,90,175,16800,0.7,0.7,0.0,0,0,0,0,0,0,0.8639866083595349,0.9536572221265928,1.0365387477116756,0.9536572221265928,1.0365387477116756,0,0.0,0,0.0,0.0,96,concat_projected,42
0,91,176,16896,0.7,0.7,0.0,0,0,0,0,0,0,0.8783100152908936,0.9546951000201916,1.0312129043693503,0.9546951000201916,1.0312129043693503,0,0.0,0,0.0,0.0,96,concat_projected,42
0,92,178,17088,0.7,0.7,0.0,0,0,0,0,0,0,0.8704536946880738,0.9535262323300028,1.0345192317948286,0.9535262323300028,1.0345192317948286,0,0.0,0,0.0,0.0,96,concat_projected,42
0,93,179,17184,0.7,0.7,0.0,0,0,0,0,0,0,0.8799708050225116,0.9513855270533054,1.033957251754028,0.9513855270533054,1.033957251754028,0,0.0,0,0.0,0.0,96,concat_projected,42
0,94,181,17376,0.7,0.7,0.0,0,0,0,0,0,0,0.8687191840338759,0.9534553552584438,1.036675116981118,0.9534553552584438,1.036675116981118,0,0.0,0,0.0,0.0,96,concat_projected,42
0,95,183,17568,0.7,0.7,0.0,0,0,0,0,0,0,0.8697996676732785,0.952551018927168,1.0382886977290708,0.952551018927168,1.0382886977290708,0,0.0,0,0.0,0.0,96,concat_projected,42
0,96,184,17664,0.7,0.7,0.0,0,0,0,0,0,0,0.8672043343294064,0.9548226728857138,1.033599540559358,0.9548226728857138,1.033599540559358,0,0.0,0,0.0,0.0,96,concat_projected,42
0,97,187,17952,0.7,0.7,0.0,0,0,0,0,0,0,0.8686233970929081,0.9505013765875152,1.0358775460713965,0.9501486067735598,1.0358775460713965,1,0.0104166666666666,0,0.00011357704302,0.0109033961299235,101,concat_projected,42
0,100,190,18240,0.7,0.7,0.0,0,0,0,0,0,0,0.8560904633361411,0.9554575517225992,1.0294066586145456,0.9554575517225992,1.0294066586145456,0,0.0,0,0.0,0.0,96,concat_projected,42
0,98,192,18432,0.7,0.7,0.0,0,0,0,0,0,0,0.8774019271115546,0.9520256465308594,1.0333611941583667,0.9520256465308594,1.0333611941583667,0,0.0,0,0.0,0.0,96,concat_projected,42
0,99,193,18528,0.7,0.7,0.0,0,0,0,0,0,0,0.8680793152051121,0.9521248356812614,1.0352006542383596,0.9521248356812614,1.0352006542383596,0,0.0,0,0.0,0.0,96,concat_projected,42
0,100,197,18912,0.7,0.7,0.0,0,0,0,0,0,0,0.8631296980354437,0.9532054205905404,1.0347577200954396,0.9532054205905404,1.0347577200954396,0,0.0,0,0.0,0.0,96,concat_projected,42
0,101,201,19296,0.7,0.7,0.0,0,0,0,0,0,0,0.8619295896913277,0.9527907381140546,1.0420909368374027,0.9527907381140546,1.0420909368374027,0,0.0,0,0.0,0.0,96,concat_projected,42
0,102,205,19680,0.7,0.7,0.0,0,0,0,0,0,0,0.855406007110668,0.9544806618194204,1.035051300939774,0.9544806618194204,1.035051300939774,0,0.0,0,0.0,0.0,96,concat_projected,42
0,103,207,19872,0.7,0.7,0.0,0,0,0,0,0,0,0.8729910882936635,0.9505002466633876,1.0338521137990553,0.945876901909618,1.0338521137990553,1,0.0104166666666666,0,0.0014680702314697,0.1409347422210993,106,concat_projected,42
0,104,210,20160,0.7,0.7,0.0,0,0,0,0,0,0,0.8545492903968687,0.9505000032360392,1.030323798650001,0.9479089174778788,1.030323798650001,1,0.0104166666666666,0,0.0007886974241933,0.075714952722558,111,concat_projected,42
0,105,212,20352,0.7,0.7,0.0,0,0,0,0,0,0,0.8732009793208952,0.9505316400375232,1.0398247572129755,0.9505316400375232,1.0398247572129755,0,0.0,0,0.0,0.0,96,concat_projected,42
0,106,213,20448,0.7,0.7,0.0,0,0,0,0,0,0,0.8671745226923432,0.9534939309976538,1.041114467599576,0.9534939309976538,1.041114467599576,0,0.0,0,0.0,0.0,96,concat_projected,42
0,107,216,20736,0.7,0.7,0.0,0,0,0,0,0,0,0.8501199639489591,0.9540266227107936,1.0346277396716226,0.9540266227107936,1.0346277396716226,0,0.0,0,0.0,0.0,96,concat_projected,42
0,108,219,21024,0.7,0.7,0.0,0,0,0,0,0,0,0.8825496543006859,0.9515422995383896,1.0384738057915242,0.9515422995383896,1.0384738057915242,0,0.0,0,0.0,0.0,96,concat_projected,42
0,109,220,21120,0.7,0.7,0.0,0,0,0,0,0,0,0.8739296978978806,0.9551491657671852,1.0333117943483792,0.9551491657671852,1.0333117943483792,0,0.0,0,0.0,0.0,96,concat_projected,42
0,110,226,21696,0.7,0.7,0.0,0,0,0,0,0,0,0.8639339263105742,0.952486399934003,1.0350735358921097,0.952486399934003,1.0350735358921097,0,0.0,0,0.0,0.0,96,concat_projected,42
0,114,228,21888,0.7,0.7,0.0,0,0,0,0,0,0,0.8807157777486312,0.956829905661281,1.0396823964781066,0.956829905661281,1.0396823964781066,0,0.0,0,0.0,0.0,96,concat_projected,42
0,111,230,22080,0.7,0.7,0.0,0,0,0,0,0,0,0.8653789466222434,0.9540931444502596,1.036226812874097,0.9540931444502596,1.036226812874097,0,0.0,0,0.0,0.0,96,concat_projected,42
0,112,231,22176,0.7,0.7,0.0,0,0,0,0,0,0,0.8606641894812151,0.9557519319340424,1.0397867534666618,0.9557519319340424,1.0397867534666618,0,0.0,0,0.0,0.0,96,concat_projected,42
0,113,232,22272,0.7,0.7,0.0,0,0,0,0,0,0,0.8564012437914622,0.9555928935128484,1.03231220738707,0.9555928935128484,1.03231220738707,0,0.0,0,0.0,0.0,96,concat_projected,42
0,114,234,22464,0.7,0.7,0.0,0,0,0,0,0,0,0.8689785020280255,0.9542945068537448,1.0400473168083395,0.9542945068537448,1.0400473168083395,0,0.0,0,0.0,0.0,96,concat_projected,42
0,115,235,22560,0.7,0.7,0.0,0,0,0,0,0,0,0.8758004626474725,0.9520721406269838,1.0364300318549398,0.9520721406269838,1.0364300318549398,0,0.0,0,0.0,0.0,96,concat_projected,42
0,116,236,22656,0.7,0.7,0.0,0,0,0,0,0,0,0.8701786041865228,0.9554043267247752,1.0330470122016506,0.9554043267247752,1.0330470122016506,0,0.0,0,0.0,0.0,96,concat_projected,42
0,117,239,22944,0.7,0.7,0.0,0,0,0,0,0,0,0.8604982941214145,0.9533777711339836,1.035223994765866,0.9533777711339836,1.035223994765866,0,0.0,0,0.0,0.0,96,concat_projected,42
0,118,240,23040,0.7,0.7,0.0,0,0,0,0,0,0,0.8630461810468391,0.9538345508356488,1.0353183338412075,0.9538345508356488,1.0353183338412075,0,0.0,0,0.0,0.0,96,concat_projected,42
0,123,241,23136,0.7,0.7,0.0,0,0,0,0,0,0,0.8597484212088027,0.9528645966881312,1.031702140949299,0.9528645966881312,1.031702140949299,0,0.0,0,0.0,0.0,96,concat_projected,42
0,119,244,23424,0.7,0.7,0.0,0,0,0,0,0,0,0.8697781519046878,0.9540294055030132,1.0336037530241486,0.9540294055030132,1.0336037530241486,0,0.0,0,0.0,0.0,96,concat_projected,42
0,120,245,23520,0.7,0.7,0.0,0,0,0,0,0,0,0.8576882038493154,0.953927543052039,1.03388113171374,0.953927543052039,1.03388113171374,0,0.0,0,0.0,0.0,96,concat_projected,42
0,121,248,23808,0.7,0.7,0.0,0,0,0,0,0,0,0.8689559121561627,0.954861083343736,1.03600025953068,0.954861083343736,1.03600025953068,0,0.0,0,0.0,0.0,96,concat_projected,42
0,122,251,24096,0.7,0.7,0.0,0,0,0,0,0,0,0.8535118386229,0.9530500415364526,1.037022857983144,0.9530500415364526,1.037022857983144,0,0.0,0,0.0,0.0,96,concat_projected,42
0,123,253,24288,0.7,0.7,0.0,0,0,0,0,0,0,0.859117438192641,0.9537525485402176,1.0382111334538986,0.9537525485402176,1.0382111334538986,0,0.0,0,0.0,0.0,96,concat_projected,42
0,124,254,24384,0.7,0.7,0.0,0,0,0,0,0,0,0.8639917078680124,0.955685018574804,1.0339764285531234,0.955685018574804,1.0339764285531234,0,0.0,0,0.0,0.0,96,concat_projected,42
0,125,257,24672,0.7,0.7,0.0,0,0,0,0,0,0,0.8475690954189438,0.9570978602820456,1.0393237945805165,0.9570978602820456,1.0393237945805165,0,0.0,0,0.0,0.0,96,concat_projected,42
0,126,259,24864,0.7,0.7,0.0,0,0,0,0,0,0,0.8571977255415354,0.957622828053214,1.037059749779784,0.957622828053214,1.037059749779784,0,0.0,0,0.0,0.0,96,concat_projected,42
0,127,261,25056,0.7,0.7,0.0,0,0,0,0,0,0,0.8749031495731234,0.9523981113500412,1.035807610075287,0.9523981113500412,1.035807610075287,0,0.0,0,0.0,0.0,96,concat_projected,42
0,128,266,25536,0.7,0.7,0.0,0,0,0,0,0,0,0.8627737021653802,0.9514939394035612,1.034604222044831,0.9514939394035612,1.034604222044831,0,0.0,0,0.0,0.0,96,concat_projected,42
0,129,267,25632,0.7,0.7,0.0,0,0,0,0,0,0,0.861557328355314,0.954318809746338,1.034243454163946,0.954318809746338,1.034243454163946,0,0.0,0,0.0,0.0,96,concat_projected,42
0,130,268,25728,0.7,0.7,0.0,0,0,0,0,0,0,0.8582612755464633,0.9549364592234478,1.0310733241812693,0.9549364592234478,1.0310733241812693,0,0.0,0,0.0,0.0,96,concat_projected,42
0,131,269,25824,0.7,0.7,0.0,0,0,0,0,0,0,0.8749345769108091,0.9540522418787724,1.0424917500681004,0.9540522418787724,1.0424917500681004,0,0.0,0,0.0,0.0,96,concat_projected,42
0,132,271,26016,0.7,0.7,0.0,0,0,0,0,0,0,0.8684934920919347,0.9505012077912488,1.0317935227227593,0.9499285242724508,1.0317935227227593,1,0.0104166666666666,0,0.0001725100118975,0.0165609611421616,101,concat_projected,42
0,133,272,26112,0.7,0.7,0.0,0,0,0,0,0,0,0.870779209568501,0.9563138003050264,1.034579090897401,0.9563138003050264,1.034579090897401,0,0.0,0,0.0,0.0,96,concat_projected,42
0,134,273,26208,0.7,0.7,0.0,0,0,0,0,0,0,0.8709139432484673,0.9505000165284094,1.035410617921027,0.945538846978501,1.035410617921027,1,0.0104166666666666,0,0.0015267157335498,0.1465647104207886,111,concat_projected,42
0,135,275,26400,0.7,0.7,0.0,0,0,0,0,0,0,0.8421196493072484,0.9555182424512484,1.0379335122477371,0.9555182424512484,1.0379335122477371,0,0.0,0,0.0,0.0,96,concat_projected,42
0,136,276,26496,0.7,0.7,0.0,0,0,0,0,0,0,0.8715679193175967,0.9513533441587816,1.036371535283889,0.9513533441587816,1.036371535283889,0,0.0,0,0.0,0.0,96,concat_projected,42
0,142,278,26688,0.7,0.7,0.0,0,0,0,0,0,0,0.8568797883079035,0.9543125143484352,1.0361760824163664,0.9543125143484352,1.0361760824163664,0,0.0,0,0.0,0.0,96,concat_projected,42
0,143,280,26880,0.7,0.7,0.0,0,0,0,0,0,0,0.8577678458280058,0.9523012877521712,1.0343111597300416,0.9523012877521712,1.0343111597300416,0,0.0,0,0.0,0.0,96,concat_projected,42
0,144,281,26976,0.7,0.7,0.0,0,0,0,0,0,0,0.8397264695344255,0.9562867209045394,1.0314227092861492,0.9562867209045394,1.0314227092861492,0,0.0,0,0.0,0.0,96,concat_projected,42
0,137,282,27072,0.7,0.7,0.0,0,0,0,0,0,0,0.8600863583282325,0.9567817407067803,1.038472004414237,0.9567817407067803,1.038472004414237,0,0.0,0,0.0,0.0,96,concat_projected,42
0,138,283,27168,0.7,0.7,0.0,0,0,0,0,0,0,0.8509619643528585,0.9563436558591956,1.0425613764849733,0.9563436558591956,1.0425613764849733,0,0.0,0,0.0,0.0,96,concat_projected,42
0,139,284,27264,0.7,0.7,0.0,0,0,0,0,0,0,0.8760597135913956,0.9531617415026766,1.0344312890150342,0.9531617415026766,1.0344312890150342,0,0.0,0,0.0,0.0,96,concat_projected,42
0,140,285,27360,0.7,0.7,0.0,0,0,0,0,0,0,0.8795221692579788,0.9558848981595728,1.0371676331874204,0.9558848981595728,1.0371676331874204,0,0.0,0,0.0,0.0,96,concat_projected,42
0,141,287,27552,0.7,0.7,0.0,0,0,0,0,0,0,0.8726380128022475,0.9541547040878338,1.0347670599502474,0.9541547040878338,1.0347670599502474,0,0.0,0,0.0,0.0,96,concat_projected,42
0,142,288,27648,0.7,0.7,0.0,0,0,0,0,0,0,0.8597067692057823,0.9550906022904788,1.0359326125164083,0.9550906022904788,1.0359326125164083,0,0.0,0,0.0,0.0,96,concat_projected,42
0,143,289,27744,0.7,0.7,0.0,0,0,0,0,0,0,0.8514585491568113,0.9522553436773552,1.030468055625125,0.9522553436773552,1.030468055625125,0,0.0,0,0.0,0.0,96,concat_projected,42
0,144,290,27840,0.7,0.7,0.0,0,0,0,0,0,0,0.8701888824754326,0.9516793957163996,1.039147834652007,0.9516793957163996,1.039147834652007,0,0.0,0,0.0,0.0,96,concat_projected,42
0,153,291,27936,0.7,0.7,0.0,0,0,0,0,0,0,0.8790465921367407,0.9522094538935852,1.0348283128636886,0.9522094538935852,1.0348283128636886,0,0.0,0,0.0,0.0,96,concat_projected,42
0,145,292,28032,0.7,0.7,0.0,0,0,0,0,0,0,0.8482908591590521,0.9548889137835318,1.033994943790758,0.9548889137835318,1.033994943790758,0,0.0,0,0.0,0.0,96,concat_projected,42
0,146,293,28128,0.7,0.7,0.0,0,0,0,0,0,0,0.8793549826588168,0.9550163084689768,1.0368470680605897,0.9550163084689768,1.0368470680605897,0,0.0,0,0.0,0.0,96,concat_projected,42
0,147,294,28224,0.7,0.7,0.0,0,0,0,0,0,0,0.8612604930215777,0.9538788773400232,1.0347979092420512,0.9538788773400232,1.0347979092420512,0,0.0,0,0.0,0.0,96,concat_projected,42
0,148,295,28320,0.7,0.7,0.0,0,0,0,0,0,0,0.8527919363004626,0.9544645557729972,1.030923076378247,0.9544645557729972,1.030923076378247,0,0.0,0,0.0,0.0,96,concat_projected,42
0,149,296,28416,0.7,0.7,0.0,0,0,0,0,0,0,0.8596414493979786,0.954063096621768,1.029672894474844,0.954063096621768,1.029672894474844,0,0.0,0,0.0,0.0,96,concat_projected,42
0,150,297,28512,0.7,0.7,0.0,0,0,0,0,0,0,0.8754689239521285,0.9521708631168436,1.032292395476328,0.9521708631168436,1.032292395476328,0,0.0,0,0.0,0.0,96,concat_projected,42
0,160,298,28608,0.7,0.7,0.0,0,0,0,0,0,0,0.8688546706247016,0.9586303433726416,1.0394346821365092,0.9586303433726416,1.0394346821365092,0,0.0,0,0.0,0.0,96,concat_projected,42
0,151,299,28704,0.7,0.7,0.0,0,0,0,0,0,0,0.8703205404825896,0.950501371301206,1.0400043072391418,0.9501029385880384,1.0400043072391418,1,0.0104166666666666,0,0.0001197613586835,0.0114970904336204,101,concat_projected,42
0,152,300,28800,0.7,0.7,0.0,0,0,0,0,0,0,0.8602275294274789,0.9576923050162542,1.0413491744862309,0.9576923050162542,1.0413491744862309,0,0.0,0,0.0,0.0,96,concat_projected,42
0,153,302,28992,0.7,0.7,0.0,0,0,0,0,0,0,0.8703415781209822,0.9573053425329529,1.039265539965771,0.9573053425329529,1.039265539965771,0,0.0,0,0.0,0.0,96,concat_projected,42
0,154,305,29280,0.7,0.7,0.0,0,0,0,0,0,0,0.8643198544726451,0.9531761780769248,1.0386127175176822,0.9531761780769248,1.0386127175176822,0,0.0,0,0.0,0.0,96,concat_projected,42
0,155,306,29376,0.7,0.7,0.0,0,0,0,0,0,0,0.8446103697674736,0.9526527788106414,1.030419315025802,0.9526527788106414,1.030419315025802,0,0.0,0,0.0,0.0,96,concat_projected,42
0,156,307,29472,0.7,0.7,0.0,0,0,0,0,0,0,0.863780753222168,0.9546417038962216,1.0313714631798212,0.9546417038962216,1.0313714631798212,0,0.0,0,0.0,0.0,96,concat_projected,42
0,157,308,29568,0.7,0.7,0.0,0,0,0,0,0,0,0.8634047015122563,0.9505013881722412,1.0336463888640988,0.950158592902733,1.0336463888640988,1,0.0104166666666666,0,0.0001098196539087,0.0105426867752365,101,concat_projected,42
0,158,312,29952,0.7,0.7,0.0,0,0,0,0,0,0,0.8618509801933004,0.9505012439497584,1.0328304948273477,0.9502543131060068,1.0328304948273477,1,0.0104166666666666,0,7.882054779211555e-05,0.007566772588043,101,concat_projected,42
0,159,315,30240,0.7,0.7,0.0,0,0,0,0,0,0,0.8812671565781062,0.9553043791914329,1.037875553900576,0.9553043791914329,1.037875553900576,0,0.0,0,0.0,0.0,96,concat_projected,42
0,160,317,30432,0.7,0.7,0.0,0,0,0,0,0,0,0.8740074486981005,0.951080797739204,1.0321927887225064,0.951080797739204,1.0321927887225064,0,0.0,0,0.0,0.0,96,concat_projected,42
0,161,319,30624,0.7,0.7,0.0,0,0,0,0,0,0,0.8697365977123515,0.9505000004161605,1.0409849650423542,0.948774891512411,1.0409849650423542,1,0.0104166666666666,0,0.0005613273278059,0.0538874234693684,111,concat_projected,42
0,162,321,30816,0.7,0.7,0.0,0,0,0,0,0,0,0.8674332930945426,0.95368935507128,1.0389311999373236,0.95368935507128,1.0389311999373236,0,0.0,0,0.0,0.0,96,concat_projected,42
0,173,322,30912,0.7,0.7,0.0,0,0,0,0,0,0,0.8577554939592585,0.9523517952198572,1.0312959149635497,0.9523517952198572,1.0312959149635497,0,0.0,0,0.0,0.0,96,concat_projected,42
0,163,326,31296,0.7,0.7,0.0,0,0,0,0,0,0,0.8702877294871252,0.9505000089123122,1.0311052430198386,0.9465427992782482,1.0311052430198386,1,0.0104166666666666,0,0.0012092627560765,0.1160892245833441,111,concat_projected,42
0,164,329,31584,0.7,0.7,0.0,0,0,0,0,0,0,0.8749775272531574,0.9540795965960625,1.034150655631383,0.9540795965960625,1.034150655631383,0,0.0,0,0.0,0.0,96,concat_projected,42
0,165,331,31776,0.7,0.7,0.0,0,0,0,0,0,0,0.8897295137378717,0.956122444918618,1.0352920878890297,0.956122444918618,1.0352920878890297,0,0.0,0,0.0,0.0,96,concat_projected,42
0,166,332,31872,0.7,0.7,0.0,0,0,0,0,0,0,0.8600318780184241,0.95050133767899,1.038757326695127,0.9502122592734122,1.038757326695127,1,0.0104166666666666,0,9.263830896165323e-05,0.0088932776603187,101,concat_projected,42
0,167,333,31968,0.7,0.7,0.0,0,0,0,0,0,0,0.8464910691890195,0.9564673589293152,1.034483378807611,0.9564673589293152,1.034483378807611,0,0.0,0,0.0,0.0,96,concat_projected,42
0,168,335,32160,0.7,0.7,0.0,0,0,0,0,0,0,0.8599161402887315,0.9535418517145712,1.0305828600488405,0.9535418517145712,1.0305828600488405,0,0.0,0,0.0,0.0,96,concat_projected,42
0,169,336,32256,0.7,0.7,0.0,0,0,0,0,0,0,0.8767924629501476,0.9505000004595456,1.0332555946456528,0.9495547258744194,1.0332555946456528,1,0.0104166666666666,0,0.0003048269720463,0.0292633893164513,111,concat_projected,42
0,170,337,32352,0.7,0.7,0.0,0,0,0,0,0,0,0.8681228587080804,0.957273216057714,1.0379102734335823,0.957273216057714,1.0379102734335823,0,0.0,0,0.0,0.0,96,concat_projected,42
0,171,338,32448,0.7,0.7,0.0,0,0,0,0,0,0,0.8734017031753801,0.9533347387391145,1.0324252691220133,0.9533347387391145,1.0324252691220133,0,0.0,0,0.0,0.0,96,concat_projected,42
0,172,339,32544,0.7,0.7,0.0,0,0,0,0,0,0,0.8782190091707129,0.9543745165911446,1.0418887867048467,0.9543745165911446,1.0418887867048467,0,0.0,0,0.0,0.0,96,concat_projected,42
0,173,341,32736,0.7,0.7,0.0,0,0,0,0,0,0,0.8478813515391275,0.9537044933688196,1.0345527507945105,0.9537044933688196,1.0345527507945105,0,0.0,0,0.0,0.0,96,concat_projected,42
0,174,342,32832,0.7,0.7,0.0,0,0,0,0,0,0,0.864686581787498,0.9505000010077296,1.037968834438125,0.9488596762902698,1.037968834438125,1,0.0104166666666666,0,0.0004911176145359,0.0471472909954554,111,concat_projected,42
0,175,345,33120,0.7,0.7,0.0,0,0,0,0,0,0,0.847287639628526,0.9505000139445198,1.0403266872403338,0.9484963449405468,1.0403266872403338,1,0.0104166666666666,0,0.0006521768433729,0.0626089769638059,106,concat_projected,42
0,176,347,33312,0.7,0.7,0.0,0,0,0,0,0,0,0.8677947485333171,0.9507706419577936,1.040724564266207,0.9507706419577936,1.040724564266207,0,0.0,0,0.0,0.0,96,concat_projected,42
0,177,348,33408,0.7,0.7,0.0,0,0,0,0,0,0,0.8563671826679297,0.952100221831166,1.0331694942791054,0.952100221831166,1.0331694942791054,0,0.0,0,0.0,0.0,96,concat_projected,42
0,178,349,33504,0.7,0.7,0.0,0,0,0,0,0,0,0.8725945445701184,0.9505000338575984,1.0361975099973373,0.9481768662797062,1.0361975099973373,1,0.0104166666666666,0,0.000744742357167,0.0714952662880385,106,concat_projected,42
0,179,351,33696,0.7,0.7,0.0,0,0,0,0,0,0,0.8592892299580799,0.955451400602036,1.0343203785100452,0.955451400602036,1.0343203785100452,0,0.0,0,0.0,0.0,96,concat_projected,42
0,191,352,33792,0.7,0.7,0.0,0,0,0,0,0,0,0.8773122706329511,0.95644884619562,1.0391366610916717,0.95644884619562,1.0391366610916717,0,0.0,0,0.0,0.0,96,concat_projected,42
0,180,354,33984,0.7,0.7,0.0,0,0,0,0,0,0,0.8675578112865671,0.9537434772405808,1.0323027814829415,0.9537434772405808,1.0323027814829415,0,0.0,0,0.0,0.0,96,concat_projected,42
0,181,355,34080,0.7,0.7,0.0,0,0,0,0,0,0,0.8980739462963352,0.9532488734489764,1.042734103987032,0.9532488734489764,1.042734103987032,0,0.0,0,0.0,0.0,96,concat_projected,42
0,182,356,34176,0.7,0.7,0.0,0,0,0,0,0,0,0.8649245348976236,0.9570701709890972,1.040506241447024,0.9570701709890972,1.040506241447024,0,0.0,0,0.0,0.0,96,concat_projected,42
0,183,361,34656,0.7,0.7,0.0,0,0,0,0,0,0,0.8653325566578323,0.9566795686504868,1.034617920253708,0.9566795686504868,1.034617920253708,0,0.0,0,0.0,0.0,96,concat_projected,42
0,196,362,34752,0.7,0.7,0.0,0,0,0,0,0,0,0.8636924516076685,0.955160832818261,1.037819042825887,0.955160832818261,1.037819042825887,0,0.0,0,0.0,0.0,96,concat_projected,42
0,184,364,34944,0.7,0.7,0.0,0,0,0,0,0,0,0.8602288175748332,0.9505010287378386,1.0323736455095804,0.9498666346816224,1.0323736455095804,1,0.0104166666666666,0,0.0001910704317271,0.0183427614458046,101,concat_projected,42
0,198,366,35136,0.7,0.7,0.0,0,0,0,0,0,0,0.8644923731556912,0.9507017057535284,1.0389989920053184,0.9507017057535284,1.0389989920053184,0,0.0,0,0.0,0.0,96,concat_projected,42
0,185,367,35232,0.7,0.7,0.0,0,0,0,0,0,0,0.8682402283914684,0.9521771631692816,1.030156139893792,0.9521771631692816,1.030156139893792,0,0.0,0,0.0,0.0,96,concat_projected,42
0,1,2,192,0.7,0.7,0.0,0,0,0,0,0,0,0.9602270835050264,0.950500039041638,1.021532003899008,0.9484244941385148,1.021532003899008,1,0.0104166666666666,0,0.0006438140625006,0.0618061500000628,106,concat_projected,43
0,2,4,384,0.7,0.7,0.0,0,0,0,0,0,0,0.9546852242728322,0.9541296084408616,1.01807821351261,0.9541296084408616,1.01807821351261,0,0.0,0,0.0,0.0,96,concat_projected,43
0,3,6,576,0.7,0.7,0.0,0,0,0,0,0,0,0.9761137054039676,0.9523415827659676,1.0181016110911865,0.9523415827659676,1.0181016110911865,0,0.0,0,0.0,0.0,96,concat_projected,43
0,4,7,672,0.7,0.7,0.0,0,0,0,0,0,0,0.9784250319558452,0.952329206003306,1.020598759369725,0.952329206003306,1.020598759369725,0,0.0,0,0.0,0.0,96,concat_projected,43
0,5,10,960,0.7,0.7,0.0,0,0,0,0,0,0,0.9527818532003804,0.95318527850064,1.0184941687547866,0.95318527850064,1.0184941687547866,0,0.0,0,0.0,0.0,96,concat_projected,43
0,6,13,1248,0.7,0.7,0.0,0,0,0,0,0,0,0.9771112040135332,0.950501440983908,1.0236629697295028,0.9501828637965778,1.0236629697295028,1,0.0104166666666666,0,9.779070845552764e-05,0.0093879080117306,101,concat_projected,43
0,7,16,1536,0.7,0.7,0.0,0,0,0,0,0,0,0.9767237709501112,0.9505000358060204,1.024472155151473,0.9504953014152976,1.024472155151473,1,0.0104166666666666,0,1.4355929929941355e-06,0.0001378169273274,101,concat_projected,43
0,8,17,1632,0.7,0.7,0.0,0,0,0,0,0,0,0.9587732328662468,0.9560541090043548,1.0229510321981463,0.9560541090043548,1.0229510321981463,0,0.0,0,0.0,0.0,96,concat_projected,43
0,9,20,1920,0.7,0.7,0.0,0,0,0,0,0,0,0.9436932741950428,0.9530842961639238,1.0198041337973924,0.9530842961639238,1.0198041337973924,0,0.0,0,0.0,0.0,96,concat_projected,43
0,10,22,2112,0.7,0.7,0.0,0,0,0,0,0,0,0.970008042735982,0.9545347996036706,1.0264320519688193,0.9545347996036706,1.0264320519688193,0,0.0,0,0.0,0.0,96,concat_projected,43
0,11,23,2208,0.7,0.7,0.0,0,0,0,0,0,0,0.9518389418745516,0.9540502321005428,1.0213981839699613,0.9540502321005428,1.0213981839699613,0,0.0,0,0.0,0.0,96,concat_projected,43
0,12,25,2400,0.7,0.7,0.0,0,0,0,0,0,0,0.9436476207609346,0.9541368443482832,1.018417606902119,0.9541368443482832,1.018417606902119,0,0.0,0,0.0,0.0,96,concat_projected,43
0,13,26,2496,0.7,0.7,0.0,0,0,0,0,0,0,0.9716032055792868,0.9541359813226642,1.0206148702690745,0.9541359813226642,1.0206148702690745,0,0.0,0,0.0,0.0,96,concat_projected,43
0,14,29,2784,0.7,0.7,0.0,0,0,0,0,0,0,0.963898613628222,0.9529468786938196,1.0180365097133697,0.9529468786938196,1.0180365097133697,0,0.0,0,0.0,0.0,96,concat_projected,43
0,15,30,2880,0.7,0.7,0.0,0,0,0,0,0,0,0.9601896538348956,0.9524725856899756,1.0185911291115577,0.9524725856899756,1.0185911291115577,0,0.0,0,0.0,0.0,96,concat_projected,43
0,16,31,2976,0.7,0.7,0.0,0,0,0,0,0,0,0.9435964178786472,0.9519990581678384,1.0192351055969395,0.9519990581678384,1.0192351055969395,0,0.0,0,0.0,0.0,96,concat_projected,43
0,17,34,3264,0.7,0.7,0.0,0,0,0,0,0,0,0.967017333993873,0.9505009076309422,1.020865251602604,0.9503564432975268,1.020865251602604,1,0.0104166666666666,0,4.4193016940149175e-05,0.0042425296262543,101,concat_projected,43
0,18,37,3552,0.7,0.7,0.0,0,0,0,0,0,0,0.9477484944728592,0.9569776114372004,1.0188785782966832,0.9569776114372004,1.0188785782966832,0,0.0,0,0.0,0.0,96,concat_projected,43
0,19,38,3648,0.7,0.7,0.0,0,0,0,0,0,0,0.9761960567262072,0.9543346851233384,1.0188913521039056,0.9543346851233384,1.0188913521039056,0,0.0,0,0.0,0.0,96,concat_projected,43
0,20,39,3744,0.7,0.7,0.0,0,0,0,0,0,0,0.9784476280647748,0.9530053144402044,1.0199891141211097,0.9530053144402044,1.0199891141211097,0,0.0,0,0.0,0.0,96,concat_projected,43
0,21,43,4128,0.7,0.7,0.0,0,0,0,0,0,0,0.9559017177849068,0.951866076910626,1.0172036604596784,0.951866076910626,1.0172036604596784,0,0.0,0,0.0,0.0,96,concat_projected,43
0,22,44,4224,0.7,0.7,0.0,0,0,0,0,0,0,0.9499862774264084,0.955708442589888,1.017778121807356,0.955708442589888,1.017778121807356,0,0.0,0,0.0,0.0,96,concat_projected,43
0,23,46,4416,0.7,0.7,0.0,0,0,0,0,0,0,0.9721493290140032,0.9508974971127602,1.020159318631502,0.9508974971127602,1.020159318631502,0,0.0,0,0.0,0.0,96,concat_projected,43
0,24,49,4704,0.7,0.7,0.0,0,0,0,0,0,0,0.9726419473907648,0.9529994266696108,1.0175083234169495,0.9529994266696108,1.0175083234169495,0,0.0,0,0.0,0.0,96,concat_projected,43
0,25,50,4800,0.7,0.7,0.0,0,0,0,0,0,0,0.9381738482491284,0.955519633463473,1.020102485652091,0.955519633463473,1.020102485652091,0,0.0,0,0.0,0.0,96,concat_projected,43
0,26,51,4896,0.7,0.7,0.0,0,0,0,0,0,0,0.9748617479919258,0.9525422530076996,1.017857415236593,0.9525422530076996,1.017857415236593,0,0.0,0,0.0,0.0,96,concat_projected,43
0,27,53,5088,0.7,0.7,0.0,0,0,0,0,0,0,0.9502631269965004,0.9539237189586286,1.0167820415859887,0.9539237189586286,1.0167820415859887,0,0.0,0,0.0,0.0,96,concat_projected,43
0,28,54,5184,0.7,0.7,0.0,0,0,0,0,0,0,0.961873152700633,0.9515224808001912,1.018315777386165,0.9515224808001912,1.018315777386165,0,0.0,0,0.0,0.0,96,concat_projected,43
0,29,55,5280,0.7,0.7,0.0,0,0,0,0,0,0,0.9642831739819566,0.9512988729654503,1.019070600003002,0.9512988729654503,1.019070600003002,0,0.0,0,0.0,0.0,96,concat_projected,43
0,30,56,5376,0.7,0.7,0.0,0,0,0,0,0,0,0.961742754894722,0.9553679196961858,1.0184089497324982,0.9553679196961858,1.0184089497324982,0,0.0,0,0.0,0.0,96,concat_projected,43
0,31,57,5472,0.7,0.7,0.0,0,0,0,0,0,0,0.9433947490560306,0.9558494257569464,1.019445767980207,0.9558494257569464,1.019445767980207,0,0.0,0,0.0,0.0,96,concat_projected,43
0,32,59,5664,0.7,0.7,0.0,0,0,0,0,0,0,0.9355004854909056,0.9534456748497816,1.01889271375104,0.9534456748497816,1.01889271375104,0,0.0,0,0.0,0.0,96,concat_projected,43
0,33,60,5760,0.7,0.7,0.0,0,0,0,0,0,0,0.9686961946548318,0.9505013581563552,1.0213521510717802,0.9502274269835468,1.0213521510717802,1,0.0104166666666666,0,8.38340573021354e-05,0.008048069501005,101,concat_projected,43
0,34,62,5952,0.7,0.7,0.0,0,0,0,0,0,0,0.9546641986542924,0.9506973458697762,1.0175510579729783,0.9506973458697762,1.0175510579729783,0,0.0,0,0.0,0.0,96,concat_projected,43
0,35,65,6240,0.7,0.7,0.0,0,0,0,0,0,0,0.9580498011310736,0.9549719129499104,1.0189130479775914,0.9549719129499104,1.0189130479775914,0,0.0,0,0.0,0.0,96,concat_projected,43
0,36,66,6336,0.7,0.7,0.0,0,0,0,0,0,0,0.9661360463685686,0.9505000232953332,1.0170865877097133,0.9485932934915224,1.0170865877097133,1,0.0104166666666666,0,0.00059273100562,0.0569021765395247,106,concat_projected,43
0,37,67,6432,0.7,0.7,0.0,0,0,0,0,0,0,0.956144704486243,0.9541423773612464,1.0253211147696224,0.9541423773612464,1.0253211147696224,0,0.0,0,0.0,0.0,96,concat_projected,43
0,38,68,6528,0.7,0.7,0.0,0,0,0,0,0,0,0.9606359952884296,0.9540497984480006,1.0222561338279963,0.9540497984480006,1.0222561338279963,0,0.0,0,0.0,0.0,96,concat_projected,43
0,39,69,6624,0.7,0.7,0.0,0,0,0,0,0,0,0.9616299799084892,0.9535140770804564,1.0242027907221989,0.9535140770804564,1.0242027907221989,0,0.0,0,0.0,0.0,96,concat_projected,43
0,40,70,6720,0.7,0.7,0.0,0,0,0,0,0,0,0.9740657401191476,0.9534955069065572,1.0180223501326031,0.9534955069065572,1.0180223501326031,0,0.0,0,0.0,0.0,96,concat_projected,43
0,41,71,6816,0.7,0.7,0.0,0,0,0,0,0,0,0.9796086969763004,0.954973975825138,1.0178320382481298,0.954973975825138,1.0178320382481298,0,0.0,0,0.0,0.0,96,concat_projected,43
0,42,74,7104,0.7,0.7,0.0,0,0,0,0,0,0,0.9764372766292364,0.9561961990428004,1.0189365103050498,0.9561961990428004,1.0189365103050498,0,0.0,0,0.0,0.0,96,concat_projected,43
0,43,80,7680,0.7,0.7,0.0,0,0,0,0,0,0,0.931048481375204,0.9510444224658404,1.0162923029752344,0.9510444224658404,1.0162923029752344,0,0.0,0,0.0,0.0,96,concat_projected,43
0,44,81,7776,0.7,0.7,0.0,0,0,0,0,0,0,0.9498386607367182,0.9525397850784982,1.0161972241896315,0.9525397850784982,1.0161972241896315,0,0.0,0,0.0,0.0,96,concat_projected,43
0,45,82,7872,0.7,0.7,0.0,0,0,0,0,0,0,0.9732348422789302,0.9508081119705624,1.018970033083462,0.9508081119705624,1.018970033083462,0,0.0,0,0.0,0.0,96,concat_projected,43
0,46,84,8064,0.7,0.7,0.0,0,0,0,0,0,0,0.9608046253461504,0.9509309591369912,1.0212726368055849,0.9509309591369912,1.0212726368055849,0,0.0,0,0.0,0.0,96,concat_projected,43
0,47,85,8160,0.7,0.7,0.0,0,0,0,0,0,0,0.9528684988829006,0.9579365235340184,1.021955047233993,0.9579365235340184,1.021955047233993,0,0.0,0,0.0,0.0,96,concat_projected,43
0,47,86,8256,0.7,0.7,0.0,0,0,0,0,0,0,0.9628538398500108,0.9546242863268364,1.0172440088427133,0.9546242863268364,1.0172440088427133,0,0.0,0,0.0,0.0,96,concat_projected,43
0,48,87,8352,0.7,0.7,0.0,0,0,0,0,0,0,0.9773590148495696,0.9529577091854646,1.0200684268021494,0.9529577091854646,1.0200684268021494,0,0.0,0,0.0,0.0,96,concat_projected,43
0,49,93,8928,0.7,0.7,0.0,0,0,0,0,0,0,0.9530578890632792,0.9531540727145562,1.018028409535346,0.9531540727145562,1.018028409535346,0,0.0,0,0.0,0.0,96,concat_projected,43
0,50,94,9024,0.7,0.7,0.0,0,0,0,0,0,0,0.9481772416294396,0.9562902613222268,1.018483709469554,0.9562902613222268,1.018483709469554,0,0.0,0,0.0,0.0,96,concat_projected,43
0,51,95,9120,0.7,0.7,0.0,0,0,0,0,0,0,0.9675296218628088,0.954355386650861,1.0173804940378175,0.954355386650861,1.0173804940378175,0,0.0,0,0.0,0.0,96,concat_projected,43
0,52,97,9312,0.7,0.7,0.0,0,0,0,0,0,0,0.9587530707960932,0.9546016838877204,1.0175030667030611,0.9546016838877204,1.0175030667030611,0,0.0,0,0.0,0.0,96,concat_projected,43
0,53,98,9408,0.7,0.7,0.0,0,0,0,0,0,0,0.9438307770371004,0.9515087213115724,1.0174933661040857,0.9515087213115724,1.0174933661040857,0,0.0,0,0.0,0.0,96,concat_projected,43
0,54,101,9696,0.7,0.7,0.0,0,0,0,0,0,0,0.9531266091152756,0.9530731266353089,1.0175238301526297,0.9530731266353089,1.0175238301526297,0,0.0,0,0.0,0.0,96,concat_projected,43
0,55,102,9792,0.7,0.7,0.0,0,0,0,0,0,0,0.9683110471011934,0.9541895972104592,1.0241849545065964,0.9541895972104592,1.0241849545065964,0,0.0,0,0.0,0.0,96,concat_projected,43
0,56,107,10272,0.7,0.7,0.0,0,0,0,0,0,0,0.940927011228882,0.950500000370424,1.0173917779447306,0.9493185770584928,1.0173917779447306,1,0.0104166666666666,0,0.0003648059464647,0.0350213708606128,111,concat_projected,43
0,57,109,10464,0.7,0.7,0.0,0,0,0,0,0,0,0.953323047194548,0.9506238081634616,1.0177276216888018,0.9506238081634616,1.0177276216888018,0,0.0,0,0.0,0.0,96,concat_projected,43
0,58,111,10656,0.7,0.7,0.0,0,0,0,0,0,0,0.967469730980968,0.9505006973117208,1.0184912314729486,0.9503972720026144,1.0184912314729486,1,0.0104166666666666,0,3.174367495601372e-05,0.0030473927957773,101,concat_projected,43
0,59,114,10944,0.7,0.7,0.0,0,0,0,0,0,0,0.9439676921170346,0.9536657408396704,1.0179910129067054,0.9536657408396704,1.0179910129067054,0,0.0,0,0.0,0.0,96,concat_projected,43
0,60,116,11136,0.7,0.7,0.0,0,0,0,0,0,0,0.9729746206966774,0.9505000002495276,1.0189496625425989,0.9490649241540482,1.0189496625425989,1,0.0104166666666666,0,0.0004445077233523,0.0426727414418269,111,concat_projected,43
0,61,117,11232,0.7,0.7,0.0,0,0,0,0,0,0,0.9656730173131391,0.9546166210016926,1.0178240416416928,0.9546166210016926,1.0178240416416928,0,0.0,0,0.0,0.0,96,concat_projected,43
0,62,119,11424,0.7,0.7,0.0,0,0,0,0,0,0,0.9673591425325586,0.9529989733881196,1.021170891509768,0.9529989733881196,1.021170891509768,0,0.0,0,0.0,0.0,96,concat_projected,43
0,63,120,11520,0.7,0.7,0.0,0,0,0,0,0,0,0.9682412991018484,0.9516907078815986,1.021535210246463,0.9516907078815986,1.021535210246463,0,0.0,0,0.0,0.0,96,concat_projected,43
0,63,122,11712,0.7,0.7,0.0,0,0,0,0,0,0,0.9659325763615056,0.9550509202508648,1.0192307858585965,0.9550509202508648,1.0192307858585965,0,0.0,0,0.0,0.0,96,concat_projected,43
0,64,123,11808,0.7,0.7,0.0,0,0,0,0,0,0,0.9574895727740652,0.951409159841213,1.0165668826380223,0.951409159841213,1.0165668826380223,0,0.0,0,0.0,0.0,96,concat_projected,43
0,65,125,12000,0.7,0.7,0.0,0,0,0,0,0,0,0.9653970900435336,0.9518202314434976,1.0234934267869835,0.9518202314434976,1.0234934267869835,0,0.0,0,0.0,0.0,96,concat_projected,43
0,66,126,12096,0.7,0.7,0.0,0,0,0,0,0,0,0.97094813338675,0.9514082630787992,1.0181720772950609,0.9514082630787992,1.0181720772950609,0,0.0,0,0.0,0.0,96,concat_projected,43
0,67,128,12288,0.7,0.7,0.0,0,0,0,0,0,0,0.970488677577964,0.9537119880136902,1.0187978928938155,0.9537119880136902,1.0187978928938155,0,0.0,0,0.0,0.0,96,concat_projected,43
0,68,129,12384,0.7,0.7,0.0,0,0,0,0,0,0,0.9843641120649668,0.9505010285191392,1.0184172006783083,0.9498990772367146,1.0184172006783083,1,0.0104166666666666,0,0.00018454006714,0.0177158464454449,101,concat_projected,43
0,69,131,12576,0.7,0.7,0.0,0,0,0,0,0,0,0.9483249398470314,0.9528027539375372,1.0235875533531409,0.9528027539375372,1.0235875533531409,0,0.0,0,0.0,0.0,96,concat_projected,43
0,70,133,12768,0.7,0.7,0.0,0,0,0,0,0,0,0.9669587079438312,0.95128987584377,1.0194543535740863,0.95128987584377,1.0194543535740863,0,0.0,0,0.0,0.0,96,concat_projected,43
0,71,134,12864,0.7,0.7,0.0,0,0,0,0,0,0,0.9482655461095958,0.9511702382313696,1.0168669845373794,0.9511702382313696,1.0168669845373794,0,0.0,0,0.0,0.0,96,concat_projected,43
0,72,136,13056,0.7,0.7,0.0,0,0,0,0,0,0,0.9866474566596296,0.95469991679901,1.0235234074391035,0.95469991679901,1.0235234074391035,0,0.0,0,0.0,0.0,96,concat_projected,43
0,73,140,13440,0.7,0.7,0.0,0,0,0,0,0,0,0.9482177445371992,0.952348516884,1.018561696922895,0.952348516884,1.018561696922895,0,0.0,0,0.0,0.0,96,concat_projected,43
0,74,141,13536,0.7,0.7,0.0,0,0,0,0,0,0,0.9640381382974677,0.9512673550993112,1.0181622673889763,0.9512673550993112,1.0181622673889763,0,0.0,0,0.0,0.0,96,concat_projected,43
0,75,142,13632,0.7,0.7,0.0,0,0,0,0,0,0,0.9703456668230134,0.95316120669277,1.0205440210182184,0.95316120669277,1.0205440210182184,0,0.0,0,0.0,0.0,96,concat_projected,43
0,76,143,13728,0.7,0.7,0.0,0,0,0,0,0,0,0.9583459614092796,0.9512843847617148,1.0180584891040538,0.9512843847617148,1.0180584891040538,0,0.0,0,0.0,0.0,96,concat_projected,43
0,77,145,13920,0.7,0.7,0.0,0,0,0,0,0,0,0.955830022780976,0.956875307126998,1.0198312709062032,0.956875307126998,1.0198312709062032,0,0.0,0,0.0,0.0,96,concat_projected,43
0,78,148,14208,0.7,0.7,0.0,0,0,0,0,0,0,0.9640956212403204,0.9505006388303108,1.0166719003967446,0.9504059000962474,1.0166719003967446,1,0.0104166666666666,0,2.898609567475684e-05,0.0027826651847766,101,concat_projected,43
0,79,149,14304,0.7,0.7,0.0,0,0,0,0,0,0,0.9723106957006707,0.950500000302152,1.0184670032053984,0.9496103336112836,1.0184670032053984,1,0.0104166666666666,0,0.0002731700484933,0.026224324655359,111,concat_projected,43
0,80,151,14496,0.7,0.7,0.0,0,0,0,0,0,0,0.9772298275675534,0.9533521284063352,1.017538172692812,0.9533521284063352,1.017538172692812,0,0.0,0,0.0,0.0,96,concat_projected,43
0,81,152,14592,0.7,0.7,0.0,0,0,0,0,0,0,0.9570923564695448,0.9541057956209688,1.0171917288883146,0.9541057956209688,1.0171917288883146,0,0.0,0,0.0,0.0,96,concat_projected,43
0,82,154,14784,0.7,0.7,0.0,0,0,0,0,0,0,0.9512130163166204,0.9531298851849954,1.0186297137526903,0.9531298851849954,1.0186297137526903,0,0.0,0,0.0,0.0,96,concat_projected,43
0,83,156,14976,0.7,0.7,0.0,0,0,0,0,0,0,0.9828171658910404,0.9505010862508588,1.0238751423824792,0.9503194991535387,1.0238751423824792,1,0.0104166666666666,0,5.522776148126198e-05,0.0053018651022011,101,concat_projected,43
0,84,157,15072,0.7,0.7,0.0,0,0,0,0,0,0,0.9617849772841008,0.9530515603095896,1.0205974590812223,0.9530515603095896,1.0205974590812223,0,0.0,0,0.0,0.0,96,concat_projected,43
0,85,166,15936,0.7,0.7,0.0,0,0,0,0,0,0,0.9557847563535992,0.9528834048184568,1.017307799862064,0.9528834048184568,1.017307799862064,0,0.0,0,0.0,0.0,96,concat_projected,43
0,87,168,16128,0.7,0.7,0.0,0,0,0,0,0,0,0.9669296935139337,0.952684583522631,1.0167590929767805,0.952684583522631,1.0167590929767805,0,0.0,0,0.0,0.0,96,concat_projected,43
0,86,169,16224,0.7,0.7,0.0,0,0,0,0,0,0,0.9648788181734852,0.9539864520940672,1.0180081570941808,0.9539864520940672,1.0180081570941808,0,0.0,0,0.0,0.0,96,concat_projected,43
0,87,171,16416,0.7,0.7,0.0,0,0,0,0,0,0,0.958469955519186,0.9522541493446858,1.016956743787869,0.9522541493446858,1.016956743787869,0,0.0,0,0.0,0.0,96,concat_projected,43
0,88,172,16512,0.7,0.7,0.0,0,0,0,0,0,0,0.957605599012701,0.9505000003713862,1.0190700054696311,0.9492709298117302,1.0190700054696311,1,0.0104166666666666,0,0.0003833317689816,0.0367998498222397,111,concat_projected,43
0,89,173,16608,0.7,0.7,0.0,0,0,0,0,0,0,0.9711418455638174,0.9517377931382982,1.018340309303731,0.9517377931382982,1.018340309303731,0,0.0,0,0.0,0.0,96,concat_projected,43
0,90,175,16800,0.7,0.7,0.0,0,0,0,0,0,0,0.9608573823196968,0.9526180364577632,1.0184886511841629,0.9526180364577632,1.0184886511841629,0,0.0,0,0.0,0.0,96,concat_projected,43
0,91,176,16896,0.7,0.7,0.0,0,0,0,0,0,0,0.9791409777653132,0.9537175881799632,1.0181385545582813,0.9537175881799632,1.0181385545582813,0,0.0,0,0.0,0.0,96,concat_projected,43
0,92,178,17088,0.7,0.7,0.0,0,0,0,0,0,0,0.9680926049123748,0.9526546500741891,1.0179276557525596,0.9526546500741891,1.0179276557525596,0,0.0,0,0.0,0.0,96,concat_projected,43
0,93,179,17184,0.7,0.7,0.0,0,0,0,0,0,0,0.9823547970746428,0.951131462751269,1.0190892809074357,0.951131462751269,1.0190892809074357,0,0.0,0,0.0,0.0,96,concat_projected,43
0,94,181,17376,0.7,0.7,0.0,0,0,0,0,0,0,0.9658162016736784,0.9526279613207804,1.0187483629828629,0.9526279613207804,1.0187483629828629,0,0.0,0,0.0,0.0,96,concat_projected,43
0,95,183,17568,0.7,0.7,0.0,0,0,0,0,0,0,0.9691883865316884,0.9517397987823496,1.0200155548127274,0.9517397987823496,1.0200155548127274,0,0.0,0,0.0,0.0,96,concat_projected,43
0,96,184,17664,0.7,0.7,0.0,0,0,0,0,0,0,0.970685348776584,0.9541400842405308,1.0173694133994282,0.9541400842405308,1.0173694133994282,0,0.0,0,0.0,0.0,96,concat_projected,43
0,97,187,17952,0.7,0.7,0.0,0,0,0,0,0,0,0.9678339323996304,0.9505000003960123,1.019460215804901,0.9493974252191576,1.019460215804901,1,0.0104166666666666,0,0.0003420067108795,0.0328326442444398,111,concat_projected,43
0,100,190,18240,0.7,0.7,0.0,0,0,0,0,0,0,0.9558214904105894,0.9544838089709902,1.0170209770678933,0.9544838089709902,1.0170209770678933,0,0.0,0,0.0,0.0,96,concat_projected,43
0,98,192,18432,0.7,0.7,0.0,0,0,0,0,0,0,0.9805307193679572,0.9511768434876616,1.0179708208142313,0.9511768434876616,1.0179708208142313,0,0.0,0,0.0,0.0,96,concat_projected,43
0,99,193,18528,0.7,0.7,0.0,0,0,0,0,0,0,0.9674670065740676,0.9514150405122458,1.0193086001727911,0.9514150405122458,1.0193086001727911,0,0.0,0,0.0,0.0,96,concat_projected,43
0,100,197,18912,0.7,0.7,0.0,0,0,0,0,0,0,0.956770187098564,0.952314210062572,1.019449442067396,0.952314210062572,1.019449442067396,0,0.0,0,0.0,0.0,96,concat_projected,43
0,101,201,19296,0.7,0.7,0.0,0,0,0,0,0,0,0.958225084916208,0.9519671028110048,1.0234169059601623,0.9519671028110048,1.0234169059601623,0,0.0,0,0.0,0.0,96,concat_projected,43
0,102,205,19680,0.7,0.7,0.0,0,0,0,0,0,0,0.951162573527864,0.9538223055391226,1.0174664811939562,0.9538223055391226,1.0174664811939562,0,0.0,0,0.0,0.0,96,concat_projected,43
0,103,207,19872,0.7,0.7,0.0,0,0,0,0,0,0,0.969270667686936,0.9505004376926672,1.017603630616055,0.9454225298769978,1.017603630616055,1,0.0104166666666666,0,0.0016268567488838,0.1561782478928458,106,concat_projected,43
0,104,210,20160,0.7,0.7,0.0,0,0,0,0,0,0,0.947164650761298,0.9505001417743952,1.0168917798027517,0.9474058167246356,1.0168917798027517,1,0.0104166666666666,0,0.0009781158622418,0.0938991227752164,106,concat_projected,43
0,105,212,20352,0.7,0.7,0.0,0,0,0,0,0,0,0.9722342753327168,0.95050096157008,1.0213521207031937,0.9498840822422008,1.0213521207031937,1,0.0104166666666666,0,0.0001903159369468,0.0182703299468976,101,concat_projected,43
0,106,213,20448,0.7,0.7,0.0,0,0,0,0,0,0,0.96422196673631,0.952567282978424,1.0237300957625322,0.952567282978424,1.0237300957625322,0,0.0,0,0.0,0.0,96,concat_projected,43
0,107,216,20736,0.7,0.7,0.0,0,0,0,0,0,0,0.9429097316480792,0.9530342878213808,1.0195206396238177,0.9530342878213808,1.0195206396238177,0,0.0,0,0.0,0.0,96,concat_projected,43
0,108,219,21024,0.7,0.7,0.0,0,0,0,0,0,0,0.982985805662766,0.9507927076637974,1.0198424265381896,0.9507927076637974,1.0198424265381896,0,0.0,0,0.0,0.0,96,concat_projected,43
0,109,220,21120,0.7,0.7,0.0,0,0,0,0,0,0,0.9758069922921776,0.9543008774196916,1.017572305978962,0.9543008774196916,1.017572305978962,0,0.0,0,0.0,0.0,96,concat_projected,43
0,110,226,21696,0.7,0.7,0.0,0,0,0,0,0,0,0.9602214569595726,0.9516885792538344,1.016530671235381,0.9516885792538344,1.016530671235381,0,0.0,0,0.0,0.0,96,concat_projected,43
0,114,228,21888,0.7,0.7,0.0,0,0,0,0,0,0,0.9809862709811406,0.9559338019722922,1.020673154305658,0.9559338019722922,1.020673154305658,0,0.0,0,0.0,0.0,96,concat_projected,43
0,111,230,22080,0.7,0.7,0.0,0,0,0,0,0,0,0.9629208252048258,0.953597336598348,1.0187790284335845,0.953597336598348,1.0187790284335845,0,0.0,0,0.0,0.0,96,concat_projected,43
0,112,231,22176,0.7,0.7,0.0,0,0,0,0,0,0,0.9563107870694062,0.9547666135873304,1.020555234650264,0.9547666135873304,1.020555234650264,0,0.0,0,0.0,0.0,96,concat_projected,43
0,113,232,22272,0.7,0.7,0.0,0,0,0,0,0,0,0.9553394224611926,0.9547949413693082,1.0181856025291298,0.9547949413693082,1.0181856025291298,0,0.0,0,0.0,0.0,96,concat_projected,43
0,114,234,22464,0.7,0.7,0.0,0,0,0,0,0,0,0.9649607812379252,0.953408305173698,1.02237466766224,0.953408305173698,1.02237466766224,0,0.0,0,0.0,0.0,96,concat_projected,43
0,115,235,22560,0.7,0.7,0.0,0,0,0,0,0,0,0.9787344737679782,0.9511709777803168,1.0183161086445032,0.9511709777803168,1.0183161086445032,0,0.0,0,0.0,0.0,96,concat_projected,43
0,116,236,22656,0.7,0.7,0.0,0,0,0,0,0,0,0.9715560086421796,0.9546466240990638,1.018325349197052,0.9546466240990638,1.018325349197052,0,0.0,0,0.0,0.0,96,concat_projected,43
0,117,239,22944,0.7,0.7,0.0,0,0,0,0,0,0,0.9569555802105472,0.9525178383385398,1.0185916184568793,0.9525178383385398,1.0185916184568793,0,0.0,0,0.0,0.0,96,concat_projected,43
0,118,240,23040,0.7,0.7,0.0,0,0,0,0,0,0,0.9613903907893236,0.9529810075872952,1.018090958915357,0.9529810075872952,1.018090958915357,0,0.0,0,0.0,0.0,96,concat_projected,43
0,123,241,23136,0.7,0.7,0.0,0,0,0,0,0,0,0.958399140200944,0.9520097554915696,1.0186265669850658,0.9520097554915696,1.0186265669850658,0,0.0,0,0.0,0.0,96,concat_projected,43
0,119,244,23424,0.7,0.7,0.0,0,0,0,0,0,0,0.9702688330765408,0.9534503249286808,1.0177933214167425,0.9534503249286808,1.0177933214167425,0,0.0,0,0.0,0.0,96,concat_projected,43
0,120,245,23520,0.7,0.7,0.0,0,0,0,0,0,0,0.955555957459343,0.9529364538763876,1.0178924650127323,0.9529364538763876,1.0178924650127323,0,0.0,0,0.0,0.0,96,concat_projected,43
0,121,248,23808,0.7,0.7,0.0,0,0,0,0,0,0,0.9686937657250771,0.9541357980412296,1.0186217470550964,0.9541357980412296,1.0186217470550964,0,0.0,0,0.0,0.0,96,concat_projected,43
0,122,251,24096,0.7,0.7,0.0,0,0,0,0,0,0,0.9515734736437248,0.9524810277249344,1.0194596739059898,0.9524810277249344,1.0194596739059898,0,0.0,0,0.0,0.0,96,concat_projected,43
0,123,253,24288,0.7,0.7,0.0,0,0,0,0,0,0,0.955663225259836,0.9529539365569268,1.0210650223482192,0.9529539365569268,1.0210650223482192,0,0.0,0,0.0,0.0,96,concat_projected,43
0,124,254,24384,0.7,0.7,0.0,0,0,0,0,0,0,0.9602636090881032,0.9548562896181718,1.0169736880958933,0.9548562896181718,1.0169736880958933,0,0.0,0,0.0,0.0,96,concat_projected,43
0,125,257,24672,0.7,0.7,0.0,0,0,0,0,0,0,0.9411375580661052,0.9559945422669476,1.0219431087548525,0.9559945422669476,1.0219431087548525,0,0.0,0,0.0,0.0,96,concat_projected,43
0,126,259,24864,0.7,0.7,0.0,0,0,0,0,0,0,0.952896404201615,0.9566230312006628,1.0186364565896144,0.9566230312006628,1.0186364565896144,0,0.0,0,0.0,0.0,96,concat_projected,43
0,127,261,25056,0.7,0.7,0.0,0,0,0,0,0,0,0.9749250529742656,0.9515833709635456,1.0187910391804742,0.9515833709635456,1.0187910391804742,0,0.0,0,0.0,0.0,96,concat_projected,43
0,128,266,25536,0.7,0.7,0.0,0,0,0,0,0,0,0.9601234620920488,0.9510957448678828,1.0177260458128254,0.9510957448678828,1.0177260458128254,0,0.0,0,0.0,0.0,96,concat_projected,43
0,129,267,25632,0.7,0.7,0.0,0,0,0,0,0,0,0.9609986837278184,0.9535076802221628,1.018096538208571,0.9535076802221628,1.018096538208571,0,0.0,0,0.0,0.0,96,concat_projected,43
0,130,268,25728,0.7,0.7,0.0,0,0,0,0,0,0,0.9583522910342211,0.9540448601026272,1.017532293891214,0.9540448601026272,1.017532293891214,0,0.0,0,0.0,0.0,96,concat_projected,43
0,131,269,25824,0.7,0.7,0.0,0,0,0,0,0,0,0.976693048910564,0.9532123140325752,1.023725651336645,0.9532123140325752,1.023725651336645,0,0.0,0,0.0,0.0,96,concat_projected,43
0,132,271,26016,0.7,0.7,0.0,0,0,0,0,0,0,0.9658974289557972,0.9505000002933908,1.0183037598755709,0.9495762713509472,1.0183037598755709,1,0.0104166666666666,0,0.0002869924159775,0.0275512719338464,111,concat_projected,43
0,133,272,26112,0.7,0.7,0.0,0,0,0,0,0,0,0.9706273673034792,0.955346444667898,1.0184412970787204,0.955346444667898,1.0184412970787204,0,0.0,0,0.0,0.0,96,concat_projected,43
0,134,273,26208,0.7,0.7,0.0,0,0,0,0,0,0,0.9664075763641016,0.9505004316203892,1.017352602523787,0.9453898845843106,1.017352602523787,1,0.0104166666666666,0,0.0015947640596843,0.1530973497296947,106,concat_projected,43
0,135,275,26400,0.7,0.7,0.0,0,0,0,0,0,0,0.9363637419392656,0.9549634245149335,1.0212479534156538,0.9549634245149335,1.0212479534156538,0,0.0,0,0.0,0.0,96,concat_projected,43
0,136,276,26496,0.7,0.7,0.0,0,0,0,0,0,0,0.969814728241806,0.9506238184244712,1.0190049007984086,0.9506238184244712,1.0190049007984086,0,0.0,0,0.0,0.0,96,concat_projected,43
0,142,278,26688,0.7,0.7,0.0,0,0,0,0,0,0,0.9516981967276318,0.9535092146447268,1.017450164368286,0.9535092146447268,1.017450164368286,0,0.0,0,0.0,0.0,96,concat_projected,43
0,143,280,26880,0.7,0.7,0.0,0,0,0,0,0,0,0.955334888217206,0.9514878538970346,1.017187053538777,0.9514878538970346,1.017187053538777,0,0.0,0,0.0,0.0,96,concat_projected,43
0,144,281,26976,0.7,0.7,0.0,0,0,0,0,0,0,0.931787089623125,0.955180121765748,1.01622235507825,0.955180121765748,1.01622235507825,0,0.0,0,0.0,0.0,96,concat_projected,43
0,137,282,27072,0.7,0.7,0.0,0,0,0,0,0,0,0.956377324030072,0.9559165376731236,1.019701322433797,0.9559165376731236,1.019701322433797,0,0.0,0,0.0,0.0,96,concat_projected,43
0,138,283,27168,0.7,0.7,0.0,0,0,0,0,0,0,0.9493929890092182,0.955532859454119,1.025354864584566,0.955532859454119,1.025354864584566,0,0.0,0,0.0,0.0,96,concat_projected,43
0,139,284,27264,0.7,0.7,0.0,0,0,0,0,0,0,0.9784187102278568,0.9526647564981512,1.018032289962863,0.9526647564981512,1.018032289962863,0,0.0,0,0.0,0.0,96,concat_projected,43
0,140,285,27360,0.7,0.7,0.0,0,0,0,0,0,0,0.9781040239116404,0.9548385149703836,1.0193363334647956,0.9548385149703836,1.0193363334647956,0,0.0,0,0.0,0.0,96,concat_projected,43
0,141,287,27552,0.7,0.7,0.0,0,0,0,0,0,0,0.9749422921258925,0.9530473731876304,1.0186996788939475,0.9530473731876304,1.0186996788939475,0,0.0,0,0.0,0.0,96,concat_projected,43
0,142,288,27648,0.7,0.7,0.0,0,0,0,0,0,0,0.957828693622783,0.9540903335523768,1.0195455213181757,0.9540903335523768,1.0195455213181757,0,0.0,0,0.0,0.0,96,concat_projected,43
0,143,289,27744,0.7,0.7,0.0,0,0,0,0,0,0,0.950476542374376,0.9513789469925074,1.0168477120671564,0.9513789469925074,1.0168477120671564,0,0.0,0,0.0,0.0,96,concat_projected,43
0,144,290,27840,0.7,0.7,0.0,0,0,0,0,0,0,0.9661799018334104,0.950910764097696,1.022352176054285,0.950910764097696,1.022352176054285,0,0.0,0,0.0,0.0,96,concat_projected,43
0,153,291,27936,0.7,0.7,0.0,0,0,0,0,0,0,0.980719665309986,0.951775367065614,1.018252860506239,0.951775367065614,1.018252860506239,0,0.0,0,0.0,0.0,96,concat_projected,43
0,145,292,28032,0.7,0.7,0.0,0,0,0,0,0,0,0.942766465060354,0.9538101782182212,1.017240846561063,0.9538101782182212,1.017240846561063,0,0.0,0,0.0,0.0,96,concat_projected,43
0,146,293,28128,0.7,0.7,0.0,0,0,0,0,0,0,0.982152738670527,0.954158033190846,1.0188213321921404,0.954158033190846,1.0188213321921404,0,0.0,0,0.0,0.0,96,concat_projected,43
0,147,294,28224,0.7,0.7,0.0,0,0,0,0,0,0,0.9615806015950036,0.953050577898754,1.0182738347338685,0.953050577898754,1.0182738347338685,0,0.0,0,0.0,0.0,96,concat_projected,43
0,148,295,28320,0.7,0.7,0.0,0,0,0,0,0,0,0.9490872819597578,0.9536667255015095,1.019351871329842,0.9536667255015095,1.019351871329842,0,0.0,0,0.0,0.0,96,concat_projected,43
0,149,296,28416,0.7,0.7,0.0,0,0,0,0,0,0,0.955691515441182,0.9532174310782152,1.018130214483956,0.9532174310782152,1.018130214483956,0,0.0,0,0.0,0.0,96,concat_projected,43
0,150,297,28512,0.7,0.7,0.0,0,0,0,0,0,0,0.9738789202346938,0.9512913856778012,1.0178520006997538,0.9512913856778012,1.0178520006997538,0,0.0,0,0.0,0.0,96,concat_projected,43
0,160,298,28608,0.7,0.7,0.0,0,0,0,0,0,0,0.968251593017301,0.957545459327936,1.021780227782069,0.957545459327936,1.021780227782069,0,0.0,0,0.0,0.0,96,concat_projected,43
0,151,299,28704,0.7,0.7,0.0,0,0,0,0,0,0,0.9663491008301056,0.9505000004890588,1.0212528078774008,0.9495013751940732,1.0212528078774008,1,0.0104166666666666,0,0.000309800741461,0.0297408711802563,111,concat_projected,43
0,152,300,28800,0.7,0.7,0.0,0,0,0,0,0,0,0.9573112626454382,0.956619888473683,1.0234247183396392,0.956619888473683,1.0234247183396392,0,0.0,0,0.0,0.0,96,concat_projected,43
0,153,302,28992,0.7,0.7,0.0,0,0,0,0,0,0,0.968833181776475,0.9563206536300792,1.0213362532456758,0.9563206536300792,1.0213362532456758,0,0.0,0,0.0,0.0,96,concat_projected,43
0,154,305,29280,0.7,0.7,0.0,0,0,0,0,0,0,0.960116272724208,0.952468115363924,1.0212369594312274,0.952468115363924,1.0212369594312274,0,0.0,0,0.0,0.0,96,concat_projected,43
0,155,306,29376,0.7,0.7,0.0,0,0,0,0,0,0,0.9369600978352672,0.9517973943707646,1.0187371471939974,0.9517973943707646,1.0187371471939974,0,0.0,0,0.0,0.0,96,concat_projected,43
0,156,307,29472,0.7,0.7,0.0,0,0,0,0,0,0,0.9618745264261288,0.9536582094943106,1.0181219049982295,0.9536582094943106,1.0181219049982295,0,0.0,0,0.0,0.0,96,concat_projected,43
0,157,308,29568,0.7,0.7,0.0,0,0,0,0,0,0,0.9590908592702097,0.9505000002954987,1.0186761852424122,0.9493005148721384,1.0186761852424122,1,0.0104166666666666,0,0.0003686151657096,0.0353870559081266,111,concat_projected,43
0,158,312,29952,0.7,0.7,0.0,0,0,0,0,0,0,0.9583833706178152,0.9505000003250732,1.0179083693371715,0.9492922731098132,1.0179083693371715,1,0.0104166666666666,0,0.0003692873640155,0.0354515869454967,111,concat_projected,43
0,159,315,30240,0.7,0.7,0.0,0,0,0,0,0,0,0.9808377395683088,0.9540717402281552,1.020952239646007,0.9540717402281552,1.020952239646007,0,0.0,0,0.0,0.0,96,concat_projected,43
0,160,317,30432,0.7,0.7,0.0,0,0,0,0,0,0,0.9754969019953352,0.9505014954834752,1.0178915896262537,0.950168347732764,1.0178915896262537,1,0.0104166666666666,0,0.000101620111915,0.0097555307438427,101,concat_projected,43
0,161,319,30624,0.7,0.7,0.0,0,0,0,0,0,0,0.966720492262466,0.9505000714370782,1.0227840995939266,0.9480654872604852,1.0227840995939266,1,0.0104166666666666,0,0.0007628789563303,0.0732363798077122,106,concat_projected,43
0,162,321,30816,0.7,0.7,0.0,0,0,0,0,0,0,0.9646986538170816,0.9527892862745247,1.0215348235335644,0.9527892862745247,1.0215348235335644,0,0.0,0,0.0,0.0,96,concat_projected,43
0,173,322,30912,0.7,0.7,0.0,0,0,0,0,0,0,0.9543218614267174,0.951825218588946,1.0174844049807503,0.951825218588946,1.0174844049807503,0,0.0,0,0.0,0.0,96,concat_projected,43
0,163,326,31296,0.7,0.7,0.0,0,0,0,0,0,0,0.964829424333764,0.950500316199592,1.0170462830151474,0.9463042147067172,1.0170462830151474,1,0.0104166666666666,0,0.0013322589140853,0.1278968557521941,106,concat_projected,43
0,164,329,31584,0.7,0.7,0.0,0,0,0,0,0,0,0.9733224889556992,0.95321769065885,1.0181851715800152,0.95321769065885,1.0181851715800152,0,0.0,0,0.0,0.0,96,concat_projected,43
0,165,331,31776,0.7,0.7,0.0,0,0,0,0,0,0,0.9941741981352032,0.955342542930298,1.0178817821048975,0.955342542930298,1.0178817821048975,0,0.0,0,0.0,0.0,96,concat_projected,43
0,166,332,31872,0.7,0.7,0.0,0,0,0,0,0,0,0.9559066208221736,0.9505000002657128,1.0205212162627704,0.9493783538469832,1.0205212162627704,1,0.0104166666666666,0,0.0003449808866184,0.033118165115373,111,concat_projected,43
0,167,333,31968,0.7,0.7,0.0,0,0,0,0,0,0,0.9431146814664098,0.955595334534756,1.0181188639943168,0.955595334534756,1.0181188639943168,0,0.0,0,0.0,0.0,96,concat_projected,43
0,168,335,32160,0.7,0.7,0.0,0,0,0,0,0,0,0.9565848276154516,0.9526736748362388,1.019744310643666,0.9526736748362388,1.019744310643666,0,0.0,0,0.0,0.0,96,concat_projected,43
0,169,336,32256,0.7,0.7,0.0,0,0,0,0,0,0,0.977880473127086,0.9505000043865928,1.0175782639749198,0.948869307169348,1.0175782639749198,1,0.0104166666666666,0,0.0005062200937228,0.0485971289973917,106,concat_projected,43
0,170,337,32352,0.7,0.7,0.0,0,0,0,0,0,0,0.9688273070467908,0.9563956377205848,1.0196231501865138,0.9563956377205848,1.0196231501865138,0,0.0,0,0.0,0.0,96,concat_projected,43
0,171,338,32448,0.7,0.7,0.0,0,0,0,0,0,0,0.9728872326065257,0.9523457846422037,1.0181219309409946,0.9523457846422037,1.0181219309409946,0,0.0,0,0.0,0.0,96,concat_projected,43
0,172,339,32544,0.7,0.7,0.0,0,0,0,0,0,0,0.9796324941190956,0.9537731332633744,1.02363797025165,0.9537731332633744,1.02363797025165,0,0.0,0,0.0,0.0,96,concat_projected,43
0,173,341,32736,0.7,0.7,0.0,0,0,0,0,0,0,0.9436759906974772,0.9527818928802216,1.0176347860234554,0.9527818928802216,1.0176347860234554,0,0.0,0,0.0,0.0,96,concat_projected,43
0,174,342,32832,0.7,0.7,0.0,0,0,0,0,0,0,0.9613055232303528,0.950500047198244,1.0189162557185332,0.9483504554935068,1.0189162557185332,1,0.0104166666666666,0,0.0006621735978031,0.0635686653891055,106,concat_projected,43
0,175,345,33120,0.7,0.7,0.0,0,0,0,0,0,0,0.9420861218821042,0.9505001097870316,1.02177260360213,0.9477466851209668,1.02177260360213,1,0.0104166666666666,0,0.0008619281487292,0.0827451022780088,106,concat_projected,43
0,176,347,33312,0.7,0.7,0.0,0,0,0,0,0,0,0.96827728630269,0.9505014747625412,1.0227645263579015,0.9501349728933872,1.0227645263579015,1,0.0104166666666666,0,0.0001122180256488,0.0107729304622852,101,concat_projected,43
0,177,348,33408,0.7,0.7,0.0,0,0,0,0,0,0,0.9497215915097604,0.951470905438817,1.0187359005732195,0.951470905438817,1.0187359005732195,0,0.0,0,0.0,0.0,96,concat_projected,43
0,178,349,33504,0.7,0.7,0.0,0,0,0,0,0,0,0.9714416105120882,0.9505001445554896,1.018306244975432,0.9474863125523576,1.018306244975432,1,0.0104166666666666,0,0.000946112304352,0.090826781217797,106,concat_projected,43
0,179,351,33696,0.7,0.7,0.0,0,0,0,0,0,0,0.958497630375752,0.9545683610569708,1.0172295800997375,0.9545683610569708,1.0172295800997375,0,0.0,0,0.0,0.0,96,concat_projected,43
0,191,352,33792,0.7,0.7,0.0,0,0,0,0,0,0,0.9788207496240036,0.9554849657997136,1.0203152808035176,0.9554849657997136,1.0203152808035176,0,0.0,0,0.0,0.0,96,concat_projected,43
0,180,354,33984,0.7,0.7,0.0,0,0,0,0,0,0,0.9695785009978084,0.9528945174783444,1.0193097407395255,0.9528945174783444,1.0193097407395255,0,0.0,0,0.0,0.0,96,concat_projected,43
0,181,355,34080,0.7,0.7,0.0,0,0,0,0,0,0,1.0021802186916482,0.9524236551102936,1.0248485566972578,0.9524236551102936,1.0248485566972578,0,0.0,0,0.0,0.0,96,concat_projected,43
0,182,356,34176,0.7,0.7,0.0,0,0,0,0,0,0,0.9644821305178186,0.9560795012979364,1.022877535754094,0.9560795012979364,1.022877535754094,0,0.0,0,0.0,0.0,96,concat_projected,43
0,183,361,34656,0.7,0.7,0.0,0,0,0,0,0,0,0.9629292373308622,0.9556545139680102,1.0173869306989098,0.9556545139680102,1.0173869306989098,0,0.0,0,0.0,0.0,96,concat_projected,43
0,196,362,34752,0.7,0.7,0.0,0,0,0,0,0,0,0.9614815428439216,0.9543443797395106,1.0198253762279197,0.9543443797395106,1.0198253762279197,0,0.0,0,0.0,0.0,96,concat_projected,43
0,184,364,34944,0.7,0.7,0.0,0,0,0,0,0,0,0.9578130533791236,0.9505000004017032,1.017938177985633,0.9495009826049984,1.017938177985633,1,0.0104166666666666,0,0.000310502184622,0.0298082097237156,111,concat_projected,43
0,198,366,35136,0.7,0.7,0.0,0,0,0,0,0,0,0.9621277545512228,0.9505013787458756,1.0201949334623182,0.9500114663698794,1.0201949334623182,1,0.0104166666666666,0,0.0001504185609863,0.0144401818546864,101,concat_projected,43
0,185,367,35232,0.7,0.7,0.0,0,0,0,0,0,0,0.963049672754438,0.9514518784557124,1.017982753702312,0.9514518784557124,1.017982753702312,0,0.0,0,0.0,0.0,96,concat_projected,43
0,1,2,192,0.7,0.7,0.0,0,0,0,0,0,0,0.9205294547181924,0.9505000058456748,1.0241203910590335,0.948812812620766,1.0241203910590335,1,0.0104166666666666,0,0.0005280386039607,0.0506917059802281,106,concat_projected,44
0,2,4,384,0.7,0.7,0.0,0,0,0,0,0,0,0.9139434342334992,0.9544199474233578,1.0213379903473674,0.9544199474233578,1.0213379903473674,0,0.0,0,0.0,0.0,96,concat_projected,44
0,3,6,576,0.7,0.7,0.0,0,0,0,0,0,0,0.9361561712791324,0.9521445391136686,1.0210687229019098,0.9521445391136686,1.0210687229019098,0,0.0,0,0.0,0.0,96,concat_projected,44
0,4,7,672,0.7,0.7,0.0,0,0,0,0,0,0,0.937604164059392,0.9526978061415108,1.0234979516567198,0.9526978061415108,1.0234979516567198,0,0.0,0,0.0,0.0,96,concat_projected,44
0,5,10,960,0.7,0.7,0.0,0,0,0,0,0,0,0.9127870243366144,0.9534905699864148,1.0218517923815165,0.9534905699864148,1.0218517923815165,0,0.0,0,0.0,0.0,96,concat_projected,44
0,6,13,1248,0.7,0.7,0.0,0,0,0,0,0,0,0.9364814382619876,0.9507077534497704,1.0258677391222255,0.9507077534497704,1.0258677391222255,0,0.0,0,0.0,0.0,96,concat_projected,44
0,7,16,1536,0.7,0.7,0.0,0,0,0,0,0,0,0.9353284702955048,0.9506838203574112,1.0264218927367688,0.9506838203574112,1.0264218927367688,0,0.0,0,0.0,0.0,96,concat_projected,44
0,8,17,1632,0.7,0.7,0.0,0,0,0,0,0,0,0.9184304073058264,0.955852110803694,1.0252738410268245,0.955852110803694,1.0252738410268245,0,0.0,0,0.0,0.0,96,concat_projected,44
0,9,20,1920,0.7,0.7,0.0,0,0,0,0,0,0,0.9040199048068684,0.9537026748370104,1.021858963573756,0.9537026748370104,1.021858963573756,0,0.0,0,0.0,0.0,96,concat_projected,44
0,10,22,2112,0.7,0.7,0.0,0,0,0,0,0,0,0.929501079249332,0.955059506194777,1.0288212595106594,0.955059506194777,1.0288212595106594,0,0.0,0,0.0,0.0,96,concat_projected,44
0,11,23,2208,0.7,0.7,0.0,0,0,0,0,0,0,0.913051351633674,0.9543356989803166,1.0229184123936612,0.9543356989803166,1.0229184123936612,0,0.0,0,0.0,0.0,96,concat_projected,44
0,12,25,2400,0.7,0.7,0.0,0,0,0,0,0,0,0.904976102115894,0.9543891805676028,1.0212431353444484,0.9543891805676028,1.0212431353444484,0,0.0,0,0.0,0.0,96,concat_projected,44
0,13,26,2496,0.7,0.7,0.0,0,0,0,0,0,0,0.9290240826557008,0.9546649448555166,1.0230564934120128,0.9546649448555166,1.0230564934120128,0,0.0,0,0.0,0.0,96,concat_projected,44
0,14,29,2784,0.7,0.7,0.0,0,0,0,0,0,0,0.9225573667764974,0.9529273166194828,1.020996649182664,0.9529273166194828,1.020996649182664,0,0.0,0,0.0,0.0,96,concat_projected,44
0,15,30,2880,0.7,0.7,0.0,0,0,0,0,0,0,0.9198016343011336,0.9523601902922594,1.0200116012454392,0.9523601902922594,1.0200116012454392,0,0.0,0,0.0,0.0,96,concat_projected,44
0,16,31,2976,0.7,0.7,0.0,0,0,0,0,0,0,0.9037833939411122,0.9523136273865308,1.0225176144865251,0.9523136273865308,1.0225176144865251,0,0.0,0,0.0,0.0,96,concat_projected,44
0,17,34,3264,0.7,0.7,0.0,0,0,0,0,0,0,0.925383686996908,0.950833471560942,1.0233218487732498,0.950833471560942,1.0233218487732498,0,0.0,0,0.0,0.0,96,concat_projected,44
0,18,37,3552,0.7,0.7,0.0,0,0,0,0,0,0,0.9081665964824136,0.9573599689132476,1.0219999972353444,0.9573599689132476,1.0219999972353444,0,0.0,0,0.0,0.0,96,concat_projected,44
0,19,38,3648,0.7,0.7,0.0,0,0,0,0,0,0,0.9359252613236512,0.9547969259575132,1.0219683052416952,0.9547969259575132,1.0219683052416952,0,0.0,0,0.0,0.0,96,concat_projected,44
0,20,39,3744,0.7,0.7,0.0,0,0,0,0,0,0,0.9388716451822186,0.9530086013799194,1.0231674587848056,0.9530086013799194,1.0231674587848056,0,0.0,0,0.0,0.0,96,concat_projected,44
0,21,43,4128,0.7,0.7,0.0,0,0,0,0,0,0,0.915582641241352,0.9521881565464584,1.0204706155358874,0.9521881565464584,1.0204706155358874,0,0.0,0,0.0,0.0,96,concat_projected,44
0,22,44,4224,0.7,0.7,0.0,0,0,0,0,0,0,0.9095529784672876,0.9561491026555308,1.0206978065789571,0.9561491026555308,1.0206978065789571,0,0.0,0,0.0,0.0,96,concat_projected,44
0,23,46,4416,0.7,0.7,0.0,0,0,0,0,0,0,0.9323728446298708,0.9512544408335366,1.0215071635913602,0.9512544408335366,1.0215071635913602,0,0.0,0,0.0,0.0,96,concat_projected,44
0,24,49,4704,0.7,0.7,0.0,0,0,0,0,0,0,0.9304514274248652,0.9533825007485304,1.020815782983325,0.9533825007485304,1.020815782983325,0,0.0,0,0.0,0.0,96,concat_projected,44
0,25,50,4800,0.7,0.7,0.0,0,0,0,0,0,0,0.8984093764262644,0.9556059136798628,1.0215534406931908,0.9556059136798628,1.0215534406931908,0,0.0,0,0.0,0.0,96,concat_projected,44
0,26,51,4896,0.7,0.7,0.0,0,0,0,0,0,0,0.9338471396338832,0.953082782803981,1.0209459811357329,0.953082782803981,1.0209459811357329,0,0.0,0,0.0,0.0,96,concat_projected,44
0,27,53,5088,0.7,0.7,0.0,0,0,0,0,0,0,0.9105574531134532,0.954127330084464,1.0196360761934216,0.954127330084464,1.0196360761934216,0,0.0,0,0.0,0.0,96,concat_projected,44
0,28,54,5184,0.7,0.7,0.0,0,0,0,0,0,0,0.9217006180030138,0.9520530715389922,1.0218245696941843,0.9520530715389922,1.0218245696941843,0,0.0,0,0.0,0.0,96,concat_projected,44
0,29,55,5280,0.7,0.7,0.0,0,0,0,0,0,0,0.9241863911142396,0.9518741184875424,1.022271342768423,0.9518741184875424,1.022271342768423,0,0.0,0,0.0,0.0,96,concat_projected,44
0,30,56,5376,0.7,0.7,0.0,0,0,0,0,0,0,0.9218125361508572,0.9557296579255282,1.0213732936455304,0.9557296579255282,1.0213732936455304,0,0.0,0,0.0,0.0,96,concat_projected,44
0,31,57,5472,0.7,0.7,0.0,0,0,0,0,0,0,0.9045096650689732,0.9561618525943002,1.021679320682076,0.9561618525943002,1.021679320682076,0,0.0,0,0.0,0.0,96,concat_projected,44
0,32,59,5664,0.7,0.7,0.0,0,0,0,0,0,0,0.8966168968686499,0.9538445479699932,1.0215586483094634,0.9538445479699932,1.0215586483094634,0,0.0,0,0.0,0.0,96,concat_projected,44
0,33,60,5760,0.7,0.7,0.0,0,0,0,0,0,0,0.928781818560717,0.9505307210205728,1.0228803659000385,0.9505307210205728,1.0228803659000385,0,0.0,0,0.0,0.0,96,concat_projected,44
0,34,62,5952,0.7,0.7,0.0,0,0,0,0,0,0,0.9135506292009546,0.9511164314275388,1.0206717695453422,0.9511164314275388,1.0206717695453422,0,0.0,0,0.0,0.0,96,concat_projected,44
0,35,65,6240,0.7,0.7,0.0,0,0,0,0,0,0,0.917087744352449,0.9554360966473888,1.021823916953292,0.9554360966473888,1.021823916953292,0,0.0,0,0.0,0.0,96,concat_projected,44
0,36,66,6336,0.7,0.7,0.0,0,0,0,0,0,0,0.926702517930834,0.9505000004131082,1.019226666234169,0.9489683248530468,1.019226666234169,1,0.0104166666666666,0,0.000480048749497,0.0460846799517186,111,concat_projected,44
0,37,67,6432,0.7,0.7,0.0,0,0,0,0,0,0,0.9155187869795364,0.9542738437480024,1.0277096998038435,0.9542738437480024,1.0277096998038435,0,0.0,0,0.0,0.0,96,concat_projected,44
0,38,68,6528,0.7,0.7,0.0,0,0,0,0,0,0,0.9204881188141456,0.9539577343861276,1.0247762239626752,0.9539577343861276,1.0247762239626752,0,0.0,0,0.0,0.0,96,concat_projected,44
0,39,69,6624,0.7,0.7,0.0,0,0,0,0,0,0,0.921896732855717,0.9535204143580382,1.0273106094904467,0.9535204143580382,1.0273106094904467,0,0.0,0,0.0,0.0,96,concat_projected,44
0,40,70,6720,0.7,0.7,0.0,0,0,0,0,0,0,0.9336391459460638,0.9535054887369548,1.0213255544850102,0.9535054887369548,1.0213255544850102,0,0.0,0,0.0,0.0,96,concat_projected,44
0,41,71,6816,0.7,0.7,0.0,0,0,0,0,0,0,0.9380461138584602,0.9553748813976832,1.0209674005339762,0.9553748813976832,1.0209674005339762,0,0.0,0,0.0,0.0,96,concat_projected,44
0,42,74,7104,0.7,0.7,0.0,0,0,0,0,0,0,0.9365151925137692,0.956444025728995,1.0222912983089132,0.956444025728995,1.0222912983089132,0,0.0,0,0.0,0.0,96,concat_projected,44
0,43,80,7680,0.7,0.7,0.0,0,0,0,0,0,0,0.8921046065875945,0.95141738233758,1.0187860362408658,0.95141738233758,1.0187860362408658,0,0.0,0,0.0,0.0,96,concat_projected,44
0,44,81,7776,0.7,0.7,0.0,0,0,0,0,0,0,0.9086382831919866,0.953002981494974,1.0186536689140042,0.953002981494974,1.0186536689140042,0,0.0,0,0.0,0.0,96,concat_projected,44
0,45,82,7872,0.7,0.7,0.0,0,0,0,0,0,0,0.9323553695621656,0.9510029744024666,1.0217670983782523,0.9510029744024666,1.0217670983782523,0,0.0,0,0.0,0.0,96,concat_projected,44
0,46,84,8064,0.7,0.7,0.0,0,0,0,0,0,0,0.9217004718896992,0.9513925910398476,1.023427984359096,0.9513925910398476,1.023427984359096,0,0.0,0,0.0,0.0,96,concat_projected,44
0,47,85,8160,0.7,0.7,0.0,0,0,0,0,0,0,0.914328869931348,0.9576947496577076,1.0236895055806174,0.9576947496577076,1.0236895055806174,0,0.0,0,0.0,0.0,96,concat_projected,44
0,47,86,8256,0.7,0.7,0.0,0,0,0,0,0,0,0.923086297960146,0.9545314799592184,1.0201864736826431,0.9545314799592184,1.0201864736826431,0,0.0,0,0.0,0.0,96,concat_projected,44
0,48,87,8352,0.7,0.7,0.0,0,0,0,0,0,0,0.9360439530173332,0.9532453255404756,1.0233310129226154,0.9532453255404756,1.0233310129226154,0,0.0,0,0.0,0.0,96,concat_projected,44
0,49,93,8928,0.7,0.7,0.0,0,0,0,0,0,0,0.9132227452333238,0.9535290752440084,1.0214233770919754,0.9535290752440084,1.0214233770919754,0,0.0,0,0.0,0.0,96,concat_projected,44
0,50,94,9024,0.7,0.7,0.0,0,0,0,0,0,0,0.9080958444290832,0.9564561756499688,1.0202299520124387,0.9564561756499688,1.0202299520124387,0,0.0,0,0.0,0.0,96,concat_projected,44
0,51,95,9120,0.7,0.7,0.0,0,0,0,0,0,0,0.9270675012441532,0.9548217832991768,1.0203638120739116,0.9548217832991768,1.0203638120739116,0,0.0,0,0.0,0.0,96,concat_projected,44
0,52,97,9312,0.7,0.7,0.0,0,0,0,0,0,0,0.9183938832898568,0.9548472485482714,1.01998796418963,0.9548472485482714,1.01998796418963,0,0.0,0,0.0,0.0,96,concat_projected,44
0,53,98,9408,0.7,0.7,0.0,0,0,0,0,0,0,0.9036393503804304,0.9519907947031664,1.0205227228590994,0.9519907947031664,1.0205227228590994,0,0.0,0,0.0,0.0,96,concat_projected,44
0,54,101,9696,0.7,0.7,0.0,0,0,0,0,0,0,0.9120875202864904,0.9533794024632338,1.020672602837962,0.9533794024632338,1.020672602837962,0,0.0,0,0.0,0.0,96,concat_projected,44
0,55,102,9792,0.7,0.7,0.0,0,0,0,0,0,0,0.9285397420668674,0.9540705567754416,1.0264413043156455,0.9540705567754416,1.0264413043156455,0,0.0,0,0.0,0.0,96,concat_projected,44
0,56,107,10272,0.7,0.7,0.0,0,0,0,0,0,0,0.9030684551094076,0.9505002751955136,1.020144209589157,0.9497748901441524,1.020144209589157,1,0.0104166666666666,0,0.0002261144031446,0.0217069827018864,101,concat_projected,44
0,57,109,10464,0.7,0.7,0.0,0,0,0,0,0,0,0.9133800416321464,0.9508639342683384,1.0205254503484658,0.9508639342683384,1.0205254503484658,0,0.0,0,0.0,0.0,96,concat_projected,44
0,58,111,10656,0.7,0.7,0.0,0,0,0,0,0,0,0.92616105019066,0.9508754240880996,1.0215724209109116,0.9508754240880996,1.0215724209109116,0,0.0,0,0.0,0.0,96,concat_projected,44
0,59,114,10944,0.7,0.7,0.0,0,0,0,0,0,0,0.9051752997732988,0.954122798514498,1.0205568950572963,0.954122798514498,1.0205568950572963,0,0.0,0,0.0,0.0,96,concat_projected,44
0,60,116,11136,0.7,0.7,0.0,0,0,0,0,0,0,0.9330183438391464,0.9505000003436496,1.022057190265815,0.9494647129357552,1.022057190265815,1,0.0104166666666666,0,0.0003233367458574,0.031040327602317,111,concat_projected,44
0,61,117,11232,0.7,0.7,0.0,0,0,0,0,0,0,0.9277804475395786,0.9549139829641216,1.0205044016666374,0.9549139829641216,1.0205044016666374,0,0.0,0,0.0,0.0,96,concat_projected,44
0,62,119,11424,0.7,0.7,0.0,0,0,0,0,0,0,0.9286562753398012,0.9533121679477128,1.022694730274233,0.9533121679477128,1.022694730274233,0,0.0,0,0.0,0.0,96,concat_projected,44
0,63,120,11520,0.7,0.7,0.0,0,0,0,0,0,0,0.927061719360192,0.9517251357318272,1.0250450327409562,0.9517251357318272,1.0250450327409562,0,0.0,0,0.0,0.0,96,concat_projected,44
0,63,122,11712,0.7,0.7,0.0,0,0,0,0,0,0,0.9261114706232828,0.955308480104566,1.0223724209919385,0.955308480104566,1.0223724209919385,0,0.0,0,0.0,0.0,96,concat_projected,44
0,64,123,11808,0.7,0.7,0.0,0,0,0,0,0,0,0.916116741939652,0.9517894027418008,1.0197477190541726,0.9517894027418008,1.0197477190541726,0,0.0,0,0.0,0.0,96,concat_projected,44
0,65,125,12000,0.7,0.7,0.0,0,0,0,0,0,0,0.924793975282214,0.952305999457876,1.0261803403274865,0.952305999457876,1.0261803403274865,0,0.0,0,0.0,0.0,96,concat_projected,44
0,66,126,12096,0.7,0.7,0.0,0,0,0,0,0,0,0.9298331545870084,0.9518854673266024,1.021040239721077,0.9518854673266024,1.021040239721077,0,0.0,0,0.0,0.0,96,concat_projected,44
0,67,128,12288,0.7,0.7,0.0,0,0,0,0,0,0,0.931010434151748,0.95374058482831,1.0215997705145896,0.95374058482831,1.0215997705145896,0,0.0,0,0.0,0.0,96,concat_projected,44
0,68,129,12384,0.7,0.7,0.0,0,0,0,0,0,0,0.945399659129448,0.9505014123475268,1.020778749645351,0.9501962790524656,1.020778749645351,1,0.0104166666666666,0,9.424447385951243e-05,0.0090474694905131,101,concat_projected,44
0,69,131,12576,0.7,0.7,0.0,0,0,0,0,0,0,0.9082638561909928,0.9531875853030624,1.025468481788895,0.9531875853030624,1.025468481788895,0,0.0,0,0.0,0.0,96,concat_projected,44
0,70,133,12768,0.7,0.7,0.0,0,0,0,0,0,0,0.927078501897149,0.9513575758945304,1.0217143468977783,0.9513575758945304,1.0217143468977783,0,0.0,0,0.0,0.0,96,concat_projected,44
0,71,134,12864,0.7,0.7,0.0,0,0,0,0,0,0,0.9078575483335736,0.9514406677187244,1.0197898748174372,0.9514406677187244,1.0197898748174372,0,0.0,0,0.0,0.0,96,concat_projected,44
0,72,136,13056,0.7,0.7,0.0,0,0,0,0,0,0,0.9470692268799576,0.9550473519855271,1.026186003429575,0.9550473519855271,1.026186003429575,0,0.0,0,0.0,0.0,96,concat_projected,44
0,73,140,13440,0.7,0.7,0.0,0,0,0,0,0,0,0.905414052381899,0.9526734176950996,1.020611874512609,0.9526734176950996,1.020611874512609,0,0.0,0,0.0,0.0,96,concat_projected,44
0,74,141,13536,0.7,0.7,0.0,0,0,0,0,0,0,0.923982158179985,0.9515878993552578,1.0213506836337938,0.9515878993552578,1.0213506836337938,0,0.0,0,0.0,0.0,96,concat_projected,44
0,75,142,13632,0.7,0.7,0.0,0,0,0,0,0,0,0.9297723981007416,0.9536645271026564,1.0233231761822053,0.9536645271026564,1.0233231761822053,0,0.0,0,0.0,0.0,96,concat_projected,44
0,76,143,13728,0.7,0.7,0.0,0,0,0,0,0,0,0.9181397039637296,0.9518353557837944,1.0211759939226703,0.9518353557837944,1.0211759939226703,0,0.0,0,0.0,0.0,96,concat_projected,44
0,77,145,13920,0.7,0.7,0.0,0,0,0,0,0,0,0.9162485978199646,0.9570409521679124,1.021441933572338,0.9570409521679124,1.021441933572338,0,0.0,0,0.0,0.0,96,concat_projected,44
0,78,148,14208,0.7,0.7,0.0,0,0,0,0,0,0,0.9240799545531544,0.9509103694630164,1.01947992473976,0.9509103694630164,1.01947992473976,0,0.0,0,0.0,0.0,96,concat_projected,44
0,79,149,14304,0.7,0.7,0.0,0,0,0,0,0,0,0.93273935099004,0.9505013566300884,1.0214049279118187,0.9500159788382494,1.0214049279118187,1,0.0104166666666666,0,0.0001503709016905,0.0144356065622975,101,concat_projected,44
0,80,151,14496,0.7,0.7,0.0,0,0,0,0,0,0,0.9369739253377876,0.95358303694469,1.0205237630470874,0.95358303694469,1.0205237630470874,0,0.0,0,0.0,0.0,96,concat_projected,44
0,81,152,14592,0.7,0.7,0.0,0,0,0,0,0,0,0.9169221519829868,0.9539778135929194,1.0196633477807848,0.9539778135929194,1.0196633477807848,0,0.0,0,0.0,0.0,96,concat_projected,44
0,82,154,14784,0.7,0.7,0.0,0,0,0,0,0,0,0.9103715228674132,0.9533693443712354,1.0203323890045148,0.9533693443712354,1.0203323890045148,0,0.0,0,0.0,0.0,96,concat_projected,44
0,83,156,14976,0.7,0.7,0.0,0,0,0,0,0,0,0.9423662804626304,0.9506881567899726,1.0266516341981609,0.9506881567899726,1.0266516341981609,0,0.0,0,0.0,0.0,96,concat_projected,44
0,84,157,15072,0.7,0.7,0.0,0,0,0,0,0,0,0.9216148543297196,0.953470416169526,1.0227945806041114,0.953470416169526,1.0227945806041114,0,0.0,0,0.0,0.0,96,concat_projected,44
0,85,166,15936,0.7,0.7,0.0,0,0,0,0,0,0,0.915967747713784,0.9533646604277742,1.0197675647148228,0.9533646604277742,1.0197675647148228,0,0.0,0,0.0,0.0,96,concat_projected,44
0,87,168,16128,0.7,0.7,0.0,0,0,0,0,0,0,0.9266309821795174,0.9530582528540584,1.0193601082105823,0.9530582528540584,1.0193601082105823,0,0.0,0,0.0,0.0,96,concat_projected,44
0,86,169,16224,0.7,0.7,0.0,0,0,0,0,0,0,0.9241115336444502,0.9545059569737078,1.020541297013982,0.9545059569737078,1.020541297013982,0,0.0,0,0.0,0.0,96,concat_projected,44
0,87,171,16416,0.7,0.7,0.0,0,0,0,0,0,0,0.9175448507570396,0.9526820494382018,1.0201848107643976,0.9526820494382018,1.0201848107643976,0,0.0,0,0.0,0.0,96,concat_projected,44
0,88,172,16512,0.7,0.7,0.0,0,0,0,0,0,0,0.9186546753493314,0.9505000003692764,1.0216274950937558,0.9497399588785228,1.0216274950937558,1,0.0104166666666666,0,0.0002387510475979,0.0229201005694032,111,concat_projected,44
0,89,173,16608,0.7,0.7,0.0,0,0,0,0,0,0,0.931243621998236,0.9522174997440092,1.0208591968134788,0.9522174997440092,1.0208591968134788,0,0.0,0,0.0,0.0,96,concat_projected,44
0,90,175,16800,0.7,0.7,0.0,0,0,0,0,0,0,0.9206526256062396,0.95243585831592,1.020681566790614,0.95243585831592,1.020681566790614,0,0.0,0,0.0,0.0,96,concat_projected,44
0,91,176,16896,0.7,0.7,0.0,0,0,0,0,0,0,0.9378245001473486,0.9537939534231934,1.021117092733103,0.9537939534231934,1.021117092733103,0,0.0,0,0.0,0.0,96,concat_projected,44
0,92,178,17088,0.7,0.7,0.0,0,0,0,0,0,0,0.927877846919563,0.9527807865820884,1.0208962480203472,0.9527807865820884,1.0208962480203472,0,0.0,0,0.0,0.0,96,concat_projected,44
0,93,179,17184,0.7,0.7,0.0,0,0,0,0,0,0,0.9426465645247214,0.9509475891208444,1.0224155558890635,0.9509475891208444,1.0224155558890635,0,0.0,0,0.0,0.0,96,concat_projected,44
0,94,181,17376,0.7,0.7,0.0,0,0,0,0,0,0,0.9281278476515152,0.9530894743823256,1.0211995151884627,0.9530894743823256,1.0211995151884627,0,0.0,0,0.0,0.0,96,concat_projected,44
0,95,183,17568,0.7,0.7,0.0,0,0,0,0,0,0,0.927775415390795,0.952374751813813,1.0228571323917826,0.952374751813813,1.0228571323917826,0,0.0,0,0.0,0.0,96,concat_projected,44
0,96,184,17664,0.7,0.7,0.0,0,0,0,0,0,0,0.930496467607995,0.9545394278378746,1.0205210310905484,0.9545394278378746,1.0205210310905484,0,0.0,0,0.0,0.0,96,concat_projected,44
0,97,187,17952,0.7,0.7,0.0,0,0,0,0,0,0,0.9282549581139272,0.950501355930198,1.0215996199087465,0.9500274897002788,1.0215996199087465,1,0.0104166666666666,0,0.000148345205973,0.0142411397734101,101,concat_projected,44
0,100,190,18240,0.7,0.7,0.0,0,0,0,0,0,0,0.9156523066643728,0.95481057274168,1.01970034707832,0.95481057274168,1.01970034707832,0,0.0,0,0.0,0.0,96,concat_projected,44
0,98,192,18432,0.7,0.7,0.0,0,0,0,0,0,0,0.9399668792552924,0.9517797574157766,1.0203778560323007,0.9517797574157766,1.0203778560323007,0,0.0,0,0.0,0.0,96,concat_projected,44
0,99,193,18528,0.7,0.7,0.0,0,0,0,0,0,0,0.927900502033214,0.9519193175919528,1.0221860295937322,0.9519193175919528,1.0221860295937322,0,0.0,0,0.0,0.0,96,concat_projected,44
0,100,197,18912,0.7,0.7,0.0,0,0,0,0,0,0,0.9167242823194844,0.9522362155245072,1.0222880462524848,0.9522362155245072,1.0222880462524848,0,0.0,0,0.0,0.0,96,concat_projected,44
0,101,201,19296,0.7,0.7,0.0,0,0,0,0,0,0,0.9180327276041276,0.9518379742442064,1.026785367602608,0.9518379742442064,1.026785367602608,0,0.0,0,0.0,0.0,96,concat_projected,44
0,102,205,19680,0.7,0.7,0.0,0,0,0,0,0,0,0.9112855524878414,0.9540022061779142,1.02016039795383,0.9540022061779142,1.02016039795383,0,0.0,0,0.0,0.0,96,concat_projected,44
0,103,207,19872,0.7,0.7,0.0,0,0,0,0,0,0,0.929139124804507,0.9505003458818622,1.0208413530531204,0.9458933212982964,1.0208413530531204,1,0.0104166666666666,0,0.0014868554184103,0.1427381201673891,106,concat_projected,44
0,104,210,20160,0.7,0.7,0.0,0,0,0,0,0,0,0.906266204727228,0.9505000681057983,1.0195707593789174,0.9479828125332168,1.0195707593789174,1,0.0104166666666666,0,0.0008024530995051,0.0770354975524961,106,concat_projected,44
0,105,212,20352,0.7,0.7,0.0,0,0,0,0,0,0,0.931330130760054,0.950500877731008,1.0242287554449532,0.9503645241828764,1.0242287554449532,1,0.0104166666666666,0,4.241836723916909e-05,0.0040721632549602,101,concat_projected,44
0,106,213,20448,0.7,0.7,0.0,0,0,0,0,0,0,0.9233146520990128,0.9530057329820548,1.025854935265382,0.9530057329820548,1.025854935265382,0,0.0,0,0.0,0.0,96,concat_projected,44
0,107,216,20736,0.7,0.7,0.0,0,0,0,0,0,0,0.9037445702108372,0.9534177073572894,1.0225221948658887,0.9534177073572894,1.0225221948658887,0,0.0,0,0.0,0.0,96,concat_projected,44
0,108,219,21024,0.7,0.7,0.0,0,0,0,0,0,0,0.9437858069936178,0.9513742941534994,1.0228913965758055,0.9513742941534994,1.0228913965758055,0,0.0,0,0.0,0.0,96,concat_projected,44
0,109,220,21120,0.7,0.7,0.0,0,0,0,0,0,0,0.934808348570897,0.9546979035778737,1.0204534452878886,0.9546979035778737,1.0204534452878886,0,0.0,0,0.0,0.0,96,concat_projected,44
0,110,226,21696,0.7,0.7,0.0,0,0,0,0,0,0,0.9198357630503028,0.9516807353248704,1.019630235385988,0.9516807353248704,1.019630235385988,0,0.0,0,0.0,0.0,96,concat_projected,44
0,114,228,21888,0.7,0.7,0.0,0,0,0,0,0,0,0.9404306084824016,0.9563867188386588,1.0240405300879691,0.9563867188386588,1.0240405300879691,0,0.0,0,0.0,0.0,96,concat_projected,44
0,111,230,22080,0.7,0.7,0.0,0,0,0,0,0,0,0.9225910838174876,0.9537660914470544,1.0212873534589857,0.9537660914470544,1.0212873534589857,0,0.0,0,0.0,0.0,96,concat_projected,44
0,112,231,22176,0.7,0.7,0.0,0,0,0,0,0,0,0.914778554342898,0.954875771660918,1.0239949623625777,0.954875771660918,1.0239949623625777,0,0.0,0,0.0,0.0,96,concat_projected,44
0,113,232,22272,0.7,0.7,0.0,0,0,0,0,0,0,0.9145312375990672,0.9551964175886206,1.020881840715169,0.9551964175886206,1.020881840715169,0,0.0,0,0.0,0.0,96,concat_projected,44
0,114,234,22464,0.7,0.7,0.0,0,0,0,0,0,0,0.9247333425738408,0.9533634209227164,1.0246629472574118,0.9533634209227164,1.0246629472574118,0,0.0,0,0.0,0.0,96,concat_projected,44
0,115,235,22560,0.7,0.7,0.0,0,0,0,0,0,0,0.9362193877159976,0.951329376929546,1.0220493871627716,0.951329376929546,1.0220493871627716,0,0.0,0,0.0,0.0,96,concat_projected,44
0,116,236,22656,0.7,0.7,0.0,0,0,0,0,0,0,0.9298501108799762,0.9548758396830124,1.0214972361345624,0.9548758396830124,1.0214972361345624,0,0.0,0,0.0,0.0,96,concat_projected,44
0,117,239,22944,0.7,0.7,0.0,0,0,0,0,0,0,0.9164725753434996,0.9530173348673244,1.0218316514653862,0.9530173348673244,1.0218316514653862,0,0.0,0,0.0,0.0,96,concat_projected,44
0,118,240,23040,0.7,0.7,0.0,0,0,0,0,0,0,0.9198723259680638,0.953461471292112,1.0207375098765934,0.953461471292112,1.0207375098765934,0,0.0,0,0.0,0.0,96,concat_projected,44
0,123,241,23136,0.7,0.7,0.0,0,0,0,0,0,0,0.9194663335553638,0.9524228378403296,1.021907961437433,0.9524228378403296,1.021907961437433,0,0.0,0,0.0,0.0,96,concat_projected,44
0,119,244,23424,0.7,0.7,0.0,0,0,0,0,0,0,0.929664860636929,0.9539313367842372,1.0206185569619377,0.9539313367842372,1.0206185569619377,0,0.0,0,0.0,0.0,96,concat_projected,44
0,120,245,23520,0.7,0.7,0.0,0,0,0,0,0,0,0.9155492399433168,0.953244177331741,1.0208751502811422,0.953244177331741,1.0208751502811422,0,0.0,0,0.0,0.0,96,concat_projected,44
0,121,248,23808,0.7,0.7,0.0,0,0,0,0,0,0,0.9280049996056288,0.9545437093241684,1.0203990268513574,0.9545437093241684,1.0203990268513574,0,0.0,0,0.0,0.0,96,concat_projected,44
0,122,251,24096,0.7,0.7,0.0,0,0,0,0,0,0,0.9121744830058546,0.9530158411718856,1.0217499799226408,0.9530158411718856,1.0217499799226408,0,0.0,0,0.0,0.0,96,concat_projected,44
0,123,253,24288,0.7,0.7,0.0,0,0,0,0,0,0,0.9148458143902702,0.9533189157594048,1.0228525988058512,0.9533189157594048,1.0228525988058512,0,0.0,0,0.0,0.0,96,concat_projected,44
0,124,254,24384,0.7,0.7,0.0,0,0,0,0,0,0,0.9205010063124826,0.955298819946683,1.0203657680776346,0.955298819946683,1.0203657680776346,0,0.0,0,0.0,0.0,96,concat_projected,44
0,125,257,24672,0.7,0.7,0.0,0,0,0,0,0,0,0.9024484941237744,0.9559822130423016,1.0239289805119454,0.9559822130423016,1.0239289805119454,0,0.0,0,0.0,0.0,96,concat_projected,44
0,126,259,24864,0.7,0.7,0.0,0,0,0,0,0,0,0.9122238904369838,0.9567509151910129,1.0215020651485014,0.9567509151910129,1.0215020651485014,0,0.0,0,0.0,0.0,96,concat_projected,44
0,127,261,25056,0.7,0.7,0.0,0,0,0,0,0,0,0.934305088422586,0.952041227795465,1.0212142154200876,0.952041227795465,1.0212142154200876,0,0.0,0,0.0,0.0,96,concat_projected,44
0,128,266,25536,0.7,0.7,0.0,0,0,0,0,0,0,0.9210170522406864,0.9515648333101884,1.020819524898691,0.9515648333101884,1.020819524898691,0,0.0,0,0.0,0.0,96,concat_projected,44
0,129,267,25632,0.7,0.7,0.0,0,0,0,0,0,0,0.9227964785132572,0.9539869235041384,1.0204241464189825,0.9539869235041384,1.0204241464189825,0,0.0,0,0.0,0.0,96,concat_projected,44
0,130,268,25728,0.7,0.7,0.0,0,0,0,0,0,0,0.9181050024870262,0.9545901677904984,1.0202295140495372,0.9545901677904984,1.0202295140495372,0,0.0,0,0.0,0.0,96,concat_projected,44
0,131,269,25824,0.7,0.7,0.0,0,0,0,0,0,0,0.9371306433221596,0.953707771055101,1.0271605156360009,0.953707771055101,1.0271605156360009,0,0.0,0,0.0,0.0,96,concat_projected,44
0,132,271,26016,0.7,0.7,0.0,0,0,0,0,0,0,0.9258074191252588,0.9505013510397012,1.0214413798073665,0.9500185658676686,1.0214413798073665,1,0.0104166666666666,0,0.0001512164432692,0.0145167785538512,101,concat_projected,44
0,133,272,26112,0.7,0.7,0.0,0,0,0,0,0,0,0.931868123056626,0.9557934210595284,1.0211618909353288,0.9557934210595284,1.0211618909353288,0,0.0,0,0.0,0.0,96,concat_projected,44
0,134,273,26208,0.7,0.7,0.0,0,0,0,0,0,0,0.92665169430147,0.95050032345672,1.020305597680175,0.9458294770490622,1.020305597680175,1,0.0104166666666666,0,0.0014265172891177,0.1369456597553029,106,concat_projected,44
0,135,275,26400,0.7,0.7,0.0,0,0,0,0,0,0,0.8963313020829385,0.9553856104434916,1.022927719313376,0.9553856104434916,1.022927719313376,0,0.0,0,0.0,0.0,96,concat_projected,44
0,136,276,26496,0.7,0.7,0.0,0,0,0,0,0,0,0.929232211472565,0.951017648182682,1.0208031728688438,0.951017648182682,1.0208031728688438,0,0.0,0,0.0,0.0,96,concat_projected,44
0,142,278,26688,0.7,0.7,0.0,0,0,0,0,0,0,0.9109975852724528,0.9540590930454368,1.0203259173642956,0.9540590930454368,1.0203259173642956,0,0.0,0,0.0,0.0,96,concat_projected,44
0,143,280,26880,0.7,0.7,0.0,0,0,0,0,0,0,0.9145455964348168,0.9512931606958558,1.0203068292457416,0.9512931606958558,1.0203068292457416,0,0.0,0,0.0,0.0,96,concat_projected,44
0,144,281,26976,0.7,0.7,0.0,0,0,0,0,0,0,0.8917392492128076,0.9551680402098304,1.0186082299546533,0.9551680402098304,1.0186082299546533,0,0.0,0,0.0,0.0,96,concat_projected,44
0,137,282,27072,0.7,0.7,0.0,0,0,0,0,0,0,0.9157435202372438,0.9564194427464958,1.023053610685602,0.9564194427464958,1.023053610685602,0,0.0,0,0.0,0.0,96,concat_projected,44
0,138,283,27168,0.7,0.7,0.0,0,0,0,0,0,0,0.908009877199046,0.9555122832834276,1.0277140967339142,0.9555122832834276,1.0277140967339142,0,0.0,0,0.0,0.0,96,concat_projected,44
0,139,284,27264,0.7,0.7,0.0,0,0,0,0,0,0,0.9372296652175708,0.9531558227525094,1.021433843137636,0.9531558227525094,1.021433843137636,0,0.0,0,0.0,0.0,96,concat_projected,44
0,140,285,27360,0.7,0.7,0.0,0,0,0,0,0,0,0.9373087809859127,0.9547539990214642,1.0213964774108513,0.9547539990214642,1.0213964774108513,0,0.0,0,0.0,0.0,96,concat_projected,44
0,141,287,27552,0.7,0.7,0.0,0,0,0,0,0,0,0.9348991663437688,0.9531710917027224,1.0215593399920109,0.9531710917027224,1.0215593399920109,0,0.0,0,0.0,0.0,96,concat_projected,44
0,142,288,27648,0.7,0.7,0.0,0,0,0,0,0,0,0.9185165068392582,0.9545770895357372,1.0225367031427752,0.9545770895357372,1.0225367031427752,0,0.0,0,0.0,0.0,96,concat_projected,44
0,143,289,27744,0.7,0.7,0.0,0,0,0,0,0,0,0.9105627329705186,0.9517261580840902,1.0195227777519489,0.9517261580840902,1.0195227777519489,0,0.0,0,0.0,0.0,96,concat_projected,44
0,144,290,27840,0.7,0.7,0.0,0,0,0,0,0,0,0.9262831919011488,0.9514287881344484,1.0239790454678803,0.9514287881344484,1.0239790454678803,0,0.0,0,0.0,0.0,96,concat_projected,44
0,153,291,27936,0.7,0.7,0.0,0,0,0,0,0,0,0.9406082208338732,0.9519690396448128,1.021255033301148,0.9519690396448128,1.021255033301148,0,0.0,0,0.0,0.0,96,concat_projected,44
0,145,292,28032,0.7,0.7,0.0,0,0,0,0,0,0,0.9030468069200486,0.95375811684781,1.019957500873413,0.95375811684781,1.019957500873413,0,0.0,0,0.0,0.0,96,concat_projected,44
0,146,293,28128,0.7,0.7,0.0,0,0,0,0,0,0,0.9428764977725588,0.9538406906465288,1.0215991584736606,0.9538406906465288,1.0215991584736606,0,0.0,0,0.0,0.0,96,concat_projected,44
0,147,294,28224,0.7,0.7,0.0,0,0,0,0,0,0,0.919609141383481,0.9536046909087672,1.021354921399741,0.9536046909087672,1.021354921399741,0,0.0,0,0.0,0.0,96,concat_projected,44
0,148,295,28320,0.7,0.7,0.0,0,0,0,0,0,0,0.9083707012475676,0.9539357647814566,1.0223958662487933,0.9539357647814566,1.0223958662487933,0,0.0,0,0.0,0.0,96,concat_projected,44
0,149,296,28416,0.7,0.7,0.0,0,0,0,0,0,0,0.9169309604585232,0.9535571677087732,1.021007660294579,0.9535571677087732,1.021007660294579,0,0.0,0,0.0,0.0,96,concat_projected,44
0,150,297,28512,0.7,0.7,0.0,0,0,0,0,0,0,0.9326731238238236,0.9517752107633476,1.0209206585214872,0.9517752107633476,1.0209206585214872,0,0.0,0,0.0,0.0,96,concat_projected,44
0,160,298,28608,0.7,0.7,0.0,0,0,0,0,0,0,0.9274806331360176,0.9576935270795792,1.0239153533385656,0.9576935270795792,1.0239153533385656,0,0.0,0,0.0,0.0,96,concat_projected,44
0,151,299,28704,0.7,0.7,0.0,0,0,0,0,0,0,0.9253833876251676,0.950501304680577,1.024552771783609,0.9500014073336172,1.024552771783609,1,0.0104166666666666,0,0.0001564325825453,0.0150175279243526,101,concat_projected,44
0,152,300,28800,0.7,0.7,0.0,0,0,0,0,0,0,0.9161997422846708,0.9568542359561232,1.026031877379086,0.9568542359561232,1.026031877379086,0,0.0,0,0.0,0.0,96,concat_projected,44
0,153,302,28992,0.7,0.7,0.0,0,0,0,0,0,0,0.9285640344756628,0.9567468813358412,1.0239600976591143,0.9567468813358412,1.0239600976591143,0,0.0,0,0.0,0.0,96,concat_projected,44
0,154,305,29280,0.7,0.7,0.0,0,0,0,0,0,0,0.9202353050424382,0.9529717756176684,1.0235635204080853,0.9529717756176684,1.0235635204080853,0,0.0,0,0.0,0.0,96,concat_projected,44
0,155,306,29376,0.7,0.7,0.0,0,0,0,0,0,0,0.8977658979235124,0.9521722778324518,1.0214950576574766,0.9521722778324518,1.0214950576574766,0,0.0,0,0.0,0.0,96,concat_projected,44
0,156,307,29472,0.7,0.7,0.0,0,0,0,0,0,0,0.9214327612438852,0.95399276013651,1.0210378332464216,0.95399276013651,1.0210378332464216,0,0.0,0,0.0,0.0,96,concat_projected,44
0,157,308,29568,0.7,0.7,0.0,0,0,0,0,0,0,0.9193756010323622,0.95050000029019,1.0216044919583884,0.94967813960115,1.0216044919583884,1,0.0104166666666666,0,0.0002548263175996,0.0244633264895677,111,concat_projected,44
0,158,312,29952,0.7,0.7,0.0,0,0,0,0,0,0,0.9182430643324184,0.9505000003378676,1.0201643842768118,0.9495574710033844,1.0201643842768118,1,0.0104166666666666,0,0.0002907454332014,0.0279115615873395,111,concat_projected,44
0,159,315,30240,0.7,0.7,0.0,0,0,0,0,0,0,0.9398417786072768,0.9539233313909024,1.022735612204951,0.9539233313909024,1.022735612204951,0,0.0,0,0.0,0.0,96,concat_projected,44
0,160,317,30432,0.7,0.7,0.0,0,0,0,0,0,0,0.9351735442461026,0.9505824270162851,1.020847835506448,0.9505824270162851,1.020847835506448,0,0.0,0,0.0,0.0,96,concat_projected,44
0,161,319,30624,0.7,0.7,0.0,0,0,0,0,0,0,0.926096210636755,0.950500015139546,1.0255283087911886,0.948640439512923,1.0255283087911886,1,0.0104166666666666,0,0.0005876826183269,0.0564175313593853,106,concat_projected,44
0,162,321,30816,0.7,0.7,0.0,0,0,0,0,0,0,0.924922333158502,0.9529040830089291,1.0233838699561035,0.9529040830089291,1.0233838699561035,0,0.0,0,0.0,0.0,96,concat_projected,44
0,173,322,30912,0.7,0.7,0.0,0,0,0,0,0,0,0.912358226031235,0.9522307129094132,1.0201209650903758,0.9522307129094132,1.0201209650903758,0,0.0,0,0.0,0.0,96,concat_projected,44
0,163,326,31296,0.7,0.7,0.0,0,0,0,0,0,0,0.9262767625340524,0.9505002178058938,1.019847936531226,0.946780156170151,1.019847936531226,1,0.0104166666666666,0,0.0011717639884871,0.1124893428947667,106,concat_projected,44
0,164,329,31584,0.7,0.7,0.0,0,0,0,0,0,0,0.93169899124581,0.9535883771599516,1.0214805760021373,0.9535883771599516,1.0214805760021373,0,0.0,0,0.0,0.0,96,concat_projected,44
0,165,331,31776,0.7,0.7,0.0,0,0,0,0,0,0,0.9545549601268136,0.9554000995940256,1.0206907817786095,0.9554000995940256,1.0206907817786095,0,0.0,0,0.0,0.0,96,concat_projected,44
0,166,332,31872,0.7,0.7,0.0,0,0,0,0,0,0,0.9162594816720816,0.9505005351503,1.0235503013973692,0.9498118184728708,1.0235503013973692,1,0.0104166666666666,0,0.0002137109060967,0.0205162469852845,101,concat_projected,44
0,167,333,31968,0.7,0.7,0.0,0,0,0,0,0,0,0.9028442425555716,0.9559106670332428,1.0207032685912438,0.9559106670332428,1.0207032685912438,0,0.0,0,0.0,0.0,96,concat_projected,44
0,168,335,32160,0.7,0.7,0.0,0,0,0,0,0,0,0.9163481048019908,0.953180069006792,1.0230762926900874,0.953180069006792,1.0230762926900874,0,0.0,0,0.0,0.0,96,concat_projected,44
0,169,336,32256,0.7,0.7,0.0,0,0,0,0,0,0,0.9367381480217128,0.9505000002906504,1.0206932154387016,0.94942831419989,1.0206932154387016,1,0.0104166666666666,0,0.0003357389580307,0.0322309399709545,111,concat_projected,44
0,170,337,32352,0.7,0.7,0.0,0,0,0,0,0,0,0.9280793097351756,0.9564376199743518,1.0222246880596024,0.9564376199743518,1.0222246880596024,0,0.0,0,0.0,0.0,96,concat_projected,44
0,171,338,32448,0.7,0.7,0.0,0,0,0,0,0,0,0.9306598069814837,0.9525927303485462,1.021442941141717,0.9525927303485462,1.021442941141717,0,0.0,0,0.0,0.0,96,concat_projected,44
0,172,339,32544,0.7,0.7,0.0,0,0,0,0,0,0,0.9403039135566488,0.9542231896197636,1.0266280935120664,0.9542231896197636,1.0266280935120664,0,0.0,0,0.0,0.0,96,concat_projected,44
0,173,341,32736,0.7,0.7,0.0,0,0,0,0,0,0,0.904979905929572,0.9532070618072278,1.020198150699266,0.9532070618072278,1.020198150699266,0,0.0,0,0.0,0.0,96,concat_projected,44
0,174,342,32832,0.7,0.7,0.0,0,0,0,0,0,0,0.9211548781299048,0.9505000496231008,1.0223710737169198,0.9482958608679218,1.0223710737169198,1,0.0104166666666666,0,0.0006834200483352,0.0656083246401852,106,concat_projected,44
0,175,345,33120,0.7,0.7,0.0,0,0,0,0,0,0,0.902983278423874,0.9505000585003722,1.0249777183456077,0.94814910138469,1.0249777183456077,1,0.0104166666666666,0,0.0007419274786699,0.0712250379523153,106,concat_projected,44
0,176,347,33312,0.7,0.7,0.0,0,0,0,0,0,0,0.9299607254579044,0.9505001705758824,1.0254610064717138,0.9504769443132308,1.0254610064717138,1,0.0104166666666666,0,7.173562907348579e-06,0.0006886620391054,101,concat_projected,44
0,177,348,33408,0.7,0.7,0.0,0,0,0,0,0,0,0.910607186287253,0.9517352245960534,1.02119087844999,0.9517352245960534,1.02119087844999,0,0.0,0,0.0,0.0,96,concat_projected,44
0,178,349,33504,0.7,0.7,0.0,0,0,0,0,0,0,0.9327380888070824,0.950500085566414,1.0202790759482705,0.9478969657238406,1.0202790759482705,1,0.0104166666666666,0,0.0008237719087718,0.0790821032420967,106,concat_projected,44
0,179,351,33696,0.7,0.7,0.0,0,0,0,0,0,0,0.9175525033421588,0.955029755590451,1.0190605774699908,0.955029755590451,1.0190605774699908,0,0.0,0,0.0,0.0,96,concat_projected,44
0,191,352,33792,0.7,0.7,0.0,0,0,0,0,0,0,0.937147033471567,0.955898962036648,1.023162767543413,0.955898962036648,1.023162767543413,0,0.0,0,0.0,0.0,96,concat_projected,44
0,180,354,33984,0.7,0.7,0.0,0,0,0,0,0,0,0.929702237718762,0.9532482076259596,1.0222009074809435,0.9532482076259596,1.0222009074809435,0,0.0,0,0.0,0.0,96,concat_projected,44
0,181,355,34080,0.7,0.7,0.0,0,0,0,0,0,0,0.9589650419165016,0.9528819663861132,1.0275750629222264,0.9528819663861132,1.0275750629222264,0,0.0,0,0.0,0.0,96,concat_projected,44
0,182,356,34176,0.7,0.7,0.0,0,0,0,0,0,0,0.9247248163473972,0.9565062460673548,1.0252735600318594,0.9565062460673548,1.0252735600318594,0,0.0,0,0.0,0.0,96,concat_projected,44
0,183,361,34656,0.7,0.7,0.0,0,0,0,0,0,0,0.9231222758373748,0.9557184536694108,1.0195886599535036,0.9557184536694108,1.0195886599535036,0,0.0,0,0.0,0.0,96,concat_projected,44
0,196,362,34752,0.7,0.7,0.0,0,0,0,0,0,0,0.9226904491892608,0.954773141187811,1.022432378829394,0.954773141187811,1.022432378829394,0,0.0,0,0.0,0.0,96,concat_projected,44
0,184,364,34944,0.7,0.7,0.0,0,0,0,0,0,0,0.9188188977050384,0.950501079892059,1.0207763341917628,0.9499279067242332,1.0207763341917628,1,0.0104166666666666,0,0.0001793865811862,0.0172211117938818,101,concat_projected,44
0,198,366,35136,0.7,0.7,0.0,0,0,0,0,0,0,0.922988368907128,0.9505006331265908,1.0231233635929804,0.9504058386458354,1.0231233635929804,1,0.0104166666666666,0,2.9353201036591032e-05,0.0028179072995127,101,concat_projected,44
0,185,367,35232,0.7,0.7,0.0,0,0,0,0,0,0,0.9224110841816848,0.951885478512558,1.0209774261126978,0.951885478512558,1.0209774261126978,0,0.0,0,0.0,0.0,96,concat_projected,44
